index,continent,subcontinent,country,Location,Aiport,IATA Code,ICAO Code,State/Union Territory,Airport,Passenger Role,Provinces/Territories,State
0,Africa,Northern Africa,Algeria,Algiers,,ALG,,,Houari Boumediene Airport,,,
1,Africa,Northern Africa,Algeria,Annaba,,AAE,,,Rabah Bitat Airport,,,
2,Africa,Northern Africa,Algeria,Batna,,BLJ,,,Batna Airport,,,
3,Africa,Northern Africa,Algeria,Béjaïa,,BJA,,,Soummam Airport,,,
4,Africa,Northern Africa,Algeria,Chlef,,CFK,,,Chlef International Airport,,,
5,Africa,Northern Africa,Algeria,Constantine,,CZL,,,Mohamed Boudiaf International Airport,,,
6,Africa,Northern Africa,Algeria,Jijel,,GJL,,,Jijel Ferhat Abbas Airport,,,
7,Africa,Northern Africa,Algeria,Oran,,ORN,,,Oran Es Senia Airport,,,
8,Africa,Northern Africa,Algeria,Oumache,,BSK,,,Biskra Airport,,,
9,Africa,Northern Africa,Algeria,Sétif,,QSF,,,Ain Arnat Airport,,,
10,Africa,Northern Africa,Algeria,Tlemcen,,TLM,,,Zenata – Messali El Hadj Airport,,,
11,Africa,Northern Africa,Egypt,Alexandria,,HBE,,,Borg El Arab International Airport,,,
12,Africa,Northern Africa,Egypt,Alexandria,,ALY,,,El Nouzha Airport (OPEN),,,
13,Africa,Northern Africa,Egypt,Asyut,,ATZ,,,Assiut Airport,,,
14,Africa,Northern Africa,Egypt,Aswan,,ASW,,,Aswan International Airport,,,
15,Africa,Northern Africa,Egypt,Cairo,,CAI,,,Cairo International Airport,,,
16,Africa,Northern Africa,Egypt,Cairo,,SPX,,,Sphinx International Airport,,,
17,Africa,Northern Africa,Egypt,El Arish,,AAC,,,El Arish International Airport,,,
18,Africa,Northern Africa,Egypt,El Dabaa,,DBB,,,El Alamein International Airport,,,
19,Africa,Northern Africa,Egypt,Hurghada,,HRG,,,Hurghada International Airport,,,
20,Africa,Northern Africa,Egypt,Luxor,,LXR,,,Luxor International Airport,,,
21,Africa,Northern Africa,Egypt,Marsa Alam,,RMF,,,Marsa Alam International Airport,,,
22,Africa,Northern Africa,Egypt,Mersa Matruh,,MUH,,,Mersa Matruh International Airport,,,
23,Africa,Northern Africa,Egypt,Saint Catherine,,SKV,,,St. Catherine International Airport,,,
24,Africa,Northern Africa,Egypt,Sharm El Sheikh,,SSH,,,Sharm El Sheikh International Airport,,,
25,Africa,Northern Africa,Egypt,Sohag,,HMB,,,Sohag International Airport,,,
26,Africa,Northern Africa,Egypt,Taba,,TCP,,,Taba International Airport,,,
27,Africa,Northern Africa,Libya,Benghazi,,BEN,,,Benina International Airport,,,
28,Africa,Northern Africa,Libya,Sabha,,SEB,,,Sabha Airport,,,
29,Africa,Northern Africa,Libya,Tripoli,,TIP,,,Tripoli International Airport,,,
30,Africa,Northern Africa,Libya,Tajoura,,MJI,,,Mitiga International Airport,,,
31,Africa,Northern Africa,Morocco,Agadir,,AGA,,,Agadir–Al Massira Airport,,,
32,Africa,Northern Africa,Morocco,Beni Mellal,,BEM,,,Beni Mellal Airport,,,
33,Africa,Northern Africa,Morocco,Casablanca,,CMN,,,Mohammed V International Airport,,,
34,Africa,Northern Africa,Morocco,Fes,,FEZ,,,Fès–Saïs Airport,,,
35,Africa,Northern Africa,Morocco,Marrakesh,,RAK,,,Marrakesh Menara Airport,,,
36,Africa,Northern Africa,Morocco,Nador,,NDR,,,Nador International Airport,,,
37,Africa,Northern Africa,Morocco,Ouarzazate,,OZZ,,,Ouarzazate Airport,,,
38,Africa,Northern Africa,Morocco,Oujda,,OUD,,,Angads Airport,,,
39,Africa,Northern Africa,Morocco,Rabat,,RBA,,,Rabat–Salé Airport,,,
40,Africa,Northern Africa,Morocco,Tangier,,TNG,,,Tangier Ibn Battouta Airport,,,
41,Africa,Northern Africa,Morocco,Tetouan,,TTU,,,Sania Ramel Airport,,,
42,Africa,Northern Africa,Morocco,Dakhla,,VIL,,,Dakhla Airport,,,
43,Africa,Northern Africa,Morocco,Laayoune,,EUN,,,Hassan I Airport,,,
44,Africa,Northern Africa,Sudan,Khartoum,,KRT,,,Khartoum International Airport,,,
45,Africa,Northern Africa,Sudan,Port Sudan,,PZU,,,Port Sudan New International Airport,,,
46,Africa,Northern Africa,Tunisia,Djerba,,DJE,,,Djerba–Zarzis International Airport,,,
47,Africa,Northern Africa,Tunisia,Enfidha,,NBE,,,Enfidha–Hammamet International Airport,,,
48,Africa,Northern Africa,Tunisia,Monastir,,MIR,,,Monastir Habib Bourguiba International Airport,,,
49,Africa,Northern Africa,Tunisia,Sfax,,SFA,,,Sfax–Thyna International Airport,,,
50,Africa,Northern Africa,Tunisia,Tabarka,,TBJ,,,Tabarka–Aïn Draham International Airport,,,
51,Africa,Northern Africa,Tunisia,Tozeur,,TOE,,,Tozeur–Nefta International Airport,,,
52,Africa,Northern Africa,Tunisia,Tunis,,TUN,,,Tunis–Carthage International Airport,,,
53,Africa,Western Africa,Benin,Cotonou,,COO,,,Cadjehoun Airport,,,
54,Africa,Western Africa,Burkina Faso,Bobo-Dioulasso,,BOY,,,Bobo Dioulasso Airport,,,
55,Africa,Western Africa,Burkina Faso,Ouagadougou,,OUA,,,Thomas Sankara International Airport Ouagadougou,,,
56,Africa,Western Africa,Cape Verde,Boa Vista,,BVC,,,Aristides Pereira International Airport,,,
57,Africa,Western Africa,Cape Verde,Sal Island,,SID,,,Amílcar Cabral International Airport,,,
58,Africa,Western Africa,Cape Verde,"Praia, Santiago Island",,RAI,,,Nelson Mandela International Airport,,,
59,Africa,Western Africa,Cape Verde,São Vicente,,VXE,,,Cesária Évora Airport,,,
60,Africa,Western Africa,The Gambia,Banjul,,BJL,,,Banjul International Airport,,,
61,Africa,Western Africa,Ghana,Accra,,ACC,,,Kotoka International Airport,,,
62,Africa,Western Africa,Ghana,Kumasi,,KMS,,,Kumasi International Airport,,,
63,Africa,Western Africa,Ghana,Takoradi,,TKD,,,Takoradi Airport,,,
64,Africa,Western Africa,Ghana,Sunyani,,NYI,,,Sunyani Airport,,,
65,Africa,Western Africa,Ghana,Ho,,HZO,,,Ho Airport,,,
66,Africa,Western Africa,Ghana,Wa,,WZA,,,Wa Airport,,,
67,Africa,Western Africa,Ghana,Tamale,,TML,,,Tamale Airport,,,
68,Africa,Western Africa,Guinea,Conakry,,CKY,,,Conakry International Airport,,,
69,Africa,Western Africa,Guinea-Bissau,Bissau,,OXB,,,Osvaldo Vieira International Airport,,,
70,Africa,Western Africa,Ivory Coast,Abidjan,,ABJ,,,Félix-Houphouët-Boigny International Airport,,,
71,Africa,Western Africa,Liberia,Monrovia,,ROB,,,Roberts International Airport,,,
72,Africa,Western Africa,Mali,Bamako,,BKO,,,Modibo Keita International Airport,,,
73,Africa,Western Africa,Mauritania,Nouakchott,,NKC,,,Nouakchott–Oumtounsy International Airport,,,
74,Africa,Western Africa,Mauritania,Nouadhibou,,NDB,,,Nouadhibou International Airport,,,
75,Africa,Western Africa,Mauritania,Atar,,ATR,,,Atar International Airport,,,
76,Africa,Western Africa,Niger,Niamey,,NIM,,,Diori Hamani International Airport,,,
77,Africa,Western Africa,Nigeria,Abuja,,ABV,,,Nnamdi Azikiwe International Airport,,,
78,Africa,Western Africa,Nigeria,Calabar,,CBQ,,,Margaret Ekpo International Airport,,,
79,Africa,Western Africa,Nigeria,"Asaba, Delta",,ABB,,,Asaba International Airport,,,
80,Africa,Western Africa,Nigeria,Kano,,KAN,,,Mallam Aminu Kano International Airport,,,
81,Africa,Western Africa,Nigeria,Lagos,,LOS,,,Murtala Muhammed International Airport,,,
82,Africa,Western Africa,Nigeria,Port Harcourt,,PHC,,,Port Harcourt International Airport,,,
83,Africa,Western Africa,Nigeria,Enugu,,ENU,,,Akanu Ibiam International Airport,,,
84,Africa,Western Africa,Nigeria,Sokoto,,SKO,,,Sadiq Abubakar III International Airport,,,
85,Africa,Western Africa,Senegal,Dakar,,DSS,,,Blaise Diagne International Airport,,,
86,Africa,Western Africa,Sierra Leone,Freetown,,FNA,,,Lungi International Airport,,,
87,Africa,Western Africa,Togo,Lomé,,LFW,,,Lomé–Tokoin International Airport,,,
88,Africa,Central Africa,Angola,Luanda,,LAD,,,Quatro de Fevereiro Airport,,,
89,Africa,Central Africa,Angola,Lubango,,SDD,,,Lubango Airport,,,
90,Africa,Central Africa,Cameroon,Douala,,DLA,,,Douala International Airport,,,
91,Africa,Central Africa,Cameroon,Yaoundé,,NSI,,,Yaoundé Nsimalen International Airport,,,
92,Africa,Central Africa,Central African Republic,Bangui,,BGF,,,Bangui M'Poko International Airport,,,
93,Africa,Central Africa,Chad,N'Djamena,,NDJ,,,N'Djamena International Airport,,,
94,Africa,Central Africa,Democratic Republic of the Congo,Goma,,GOM,,,Goma International Airport,,,
95,Africa,Central Africa,Democratic Republic of the Congo,Kinshasa,,FIH,,,N'djili Airport,,,
96,Africa,Central Africa,Democratic Republic of the Congo,Kisangani,,FKI,,,Kisangani Bangoka International Airport,,,
97,Africa,Central Africa,Democratic Republic of the Congo,Lubumbashi,,FBM,,,Lubumbashi International Airport,,,
98,Africa,Central Africa,Equatorial Guinea,Malabo,,SSG,,,Malabo International Airport,,,
99,Africa,Central Africa,Gabon,Franceville,,MVB,,,M'Vengue El Hadj Omar Bongo Ondimba International Airport,,,
100,Africa,Central Africa,Gabon,Libreville,,LBV,,,Léon-Mba International Airport,,,
101,Africa,Central Africa,Gabon,Port-Gentil,,POG,,,Port-Gentil International Airport,,,
102,Africa,Central Africa,Republic of the Congo,Brazzaville,,BZV,,,Maya-Maya Airport,,,
103,Africa,Central Africa,Republic of the Congo,Pointe-Noire,,PNR,,,Agostinho-Neto International Airport,,,
104,Africa,Southern Africa,Botswana,Gaborone,,GBE,,,Sir Seretse Khama International Airport,,,
105,Africa,Southern Africa,Botswana,Maun,,MUB,,,Maun Airport,,,
106,Africa,Southern Africa,Botswana,Francistown,,FRW,,,Francistown International Airport,,,
107,Africa,Southern Africa,Botswana,Kasane,,BBK,,,Kasane Airport,,,
108,Africa,Southern Africa,Eswatini,Manzini,,SHO,,,King Mswati III International Airport,,,
109,Africa,Southern Africa,Lesotho,Maseru,,MSU,,,Moshoeshoe I International Airport,,,
110,Africa,Southern Africa,Namibia,Windhoek,,WDH,,,Hosea Kutako International Airport,,,
111,Africa,Southern Africa,Namibia,Walvis Bay,,WVB,,,Walvis Bay Airport,,,
112,Africa,Southern Africa,South Africa,Bloemfontein,,BFN,,,Bram Fischer International Airport,,,
113,Africa,Southern Africa,South Africa,Cape Town,,CPT,,,Cape Town International Airport,,,
114,Africa,Southern Africa,South Africa,Durban,,DUR,,,King Shaka International Airport,,,
115,Africa,Southern Africa,South Africa,East London,,ELS,,,East London Airport,,,
116,Africa,Southern Africa,South Africa,Johannesburg,,JNB,,,O. R. Tambo International Airport,,,
117,Africa,Southern Africa,South Africa,Johannesburg,,HLA,,,Lanseria International Airport,,,
118,Africa,Southern Africa,South Africa,Nelspruit,,MQP,,,Kruger Mpumalanga International Airport,,,
119,Africa,Southern Africa,South Africa,Polokwane,,PTG,,,Polokwane International Airport,,,
120,Africa,Eastern Africa,Burundi,Bujumbura,,BJM,,,Bujumbura International Airport,,,
121,Africa,Eastern Africa,Comoros,Moroni,,HAH,,,Prince Said Ibrahim International Airport,,,
122,Africa,Eastern Africa,Djibouti,Djibouti,,JIB,,,Djibouti–Ambouli International Airport,,,
123,Africa,Eastern Africa,Eritrea,Asmara,,ASM,,,Asmara International Airport,,,
124,Africa,Eastern Africa,Ethiopia,Addis Ababa,,ADD,,,Addis Ababa Bole International Airport,,,
125,Africa,Eastern Africa,Ethiopia,Dire Dawa,,DIR,,,Dire Dawa Airport,,,
126,Africa,Eastern Africa,Kenya,Eldoret,,EDL,,,Eldoret International Airport,,,
127,Africa,Eastern Africa,Kenya,Mombasa,,MBA,,,Moi International Airport,,,
128,Africa,Eastern Africa,Kenya,Kisumu,,KIS,,,Kisumu International Airport,,,
129,Africa,Eastern Africa,Kenya,Nairobi,,NBO,,,Jomo Kenyatta International Airport,,,
130,Africa,Eastern Africa,Madagascar,Antananarivo,,TNR,,,Ivato International Airport,,,
131,Africa,Eastern Africa,Madagascar,Antsiranana,,DIE,,,Arrachart Airport,,,
132,Africa,Eastern Africa,Madagascar,Mahajanga,,MJN,,,Amborovy Airport,,,
133,Africa,Eastern Africa,Madagascar,Nosy Be,,NOS,,,Fascene Airport,,,
134,Africa,Eastern Africa,Madagascar,Toamasina,,TMM,,,Toamasina Airport,,,
135,Africa,Eastern Africa,Madagascar,Tôlanaro,,FTU,,,Tôlanaro Airport,,,
136,Africa,Eastern Africa,Madagascar,Toliara,,TLE,,,Toliara Airport,,,
137,Africa,Eastern Africa,Malawi,Blantyre,,BLZ,,,Chileka International Airport,,,
138,Africa,Eastern Africa,Malawi,Lilongwe,,LLW,,,Lilongwe International Airport,,,
139,Africa,Eastern Africa,Mauritius,Plaine Magnien,,MRU,,,Sir Seewoosagur Ramgoolam International Airport,,,
140,Africa,Eastern Africa,Mayotte,Dzaoudzi,,DZA,,,Dzaoudzi–Pamandzi International Airport,,,
141,Africa,Eastern Africa,Mozambique,Maputo,,MPM,,,Maputo International Airport,,,
142,Africa,Eastern Africa,Mozambique,Beira,,BEW,,,Beira Airport,,,
143,Africa,Eastern Africa,Mozambique,Inhambane,,INH,,,Inhambane Airport,,,
144,Africa,Eastern Africa,Mozambique,Nampula,,APL,,,Nampula Airport,,,
145,Africa,Eastern Africa,Mozambique,Pemba,,POL,,,Pemba Airport,,,
146,Africa,Eastern Africa,Mozambique,Tete,,TET,,,Chingozi Airport,,,
147,Africa,Eastern Africa,Mozambique,Vilankulo,,VNX,,,Vilankulo Airport,,,
148,Africa,Eastern Africa,Rwanda,Kigali,,KGL,,,Kigali International Airport,,,
149,Africa,Eastern Africa,Seychelles,Victoria,,SEZ,,,Seychelles International Airport,,,
150,Africa,Eastern Africa,Somalia,Bosaso,,BSA,,,Bosaso Airport,,,
151,Africa,Eastern Africa,Somalia,Galkayo,,GLK,,,Abdullahi Yusuf Airport,,,
152,Africa,Eastern Africa,Somalia,Garowe,,GGR,,,Garowe Airport,,,
153,Africa,Eastern Africa,Somalia,Hargeisa,,HGA,,,Hargeisa Airport,,,
154,Africa,Eastern Africa,Somalia,Kismayo,,KMU,,,Kismayo Airport,,,
155,Africa,Eastern Africa,Somalia,Mogadishu,,MGQ,,,Aden Adde International Airport,,,
156,Africa,Eastern Africa,South Sudan,Juba,,JUB,,,Juba International Airport,,,
157,Africa,Eastern Africa,South Sudan,Malakal,,MAK,,,Malakal Airport,,,
158,Africa,Eastern Africa,Tanzania,Arusha,,ARK,,,Arusha Airport,,,
159,Africa,Eastern Africa,Tanzania,Dar es Salaam,,DAR,,,Julius Nyerere International Airport,,,
160,Africa,Eastern Africa,Tanzania,Hai District,,JRO,,,Kilimanjaro International Airport,,,
161,Africa,Eastern Africa,Tanzania,Mwanza,,MWZ,,,Mwanza Airport,,,
162,Africa,Eastern Africa,Tanzania,Tanga,,TGT,,,Tanga Airport,,,
163,Africa,Eastern Africa,Tanzania,"Unguja, Zanzibar",,ZNZ,,,Abeid Amani Karume International Airport,,,
164,Africa,Eastern Africa,Uganda,Arua,,RUA,,,Arua Airport,,,
165,Africa,Eastern Africa,Uganda,Entebbe,,EBB,,,Entebbe International Airport,,,
166,Africa,Eastern Africa,Uganda,Gulu,,ULU,,,Gulu Airport,,,
167,Africa,Eastern Africa,Zambia,Livingstone,,LVI,,,Harry Mwanga Nkumbula International Airport,,,
168,Africa,Eastern Africa,Zambia,Lusaka,,LUN,,,Kenneth Kaunda International Airport,,,
169,Africa,Eastern Africa,Zambia,Mfuwe,,MFU,,,Mfuwe Airport,,,
170,Africa,Eastern Africa,Zambia,Ndola,,NLA,,,Simon Mwansa Kapwepwe International Airport,,,
171,Africa,Eastern Africa,Zimbabwe,Harare,,HRE,,,Robert Gabriel Mugabe International Airport,,,
172,Africa,Eastern Africa,Zimbabwe,Victoria Falls,,VFA,,,Victoria Falls Airport,,,
173,Africa,Eastern Africa,Zimbabwe,Bulawayo,,BUQ,,,Joshua Mqabuko Nkomo International Airport,,,
174,Americas,Caribbean,Anguilla,The Valley,,AXA,,,Clayton J. Lloyd International Airport,,,
175,Americas,Caribbean,Antigua and Barbuda,St. John’s,,ANU,,,V. C. Bird International Airport,,,
176,Americas,Caribbean,Aruba,Oranjestad,,AUA,,,Queen Beatrix International Airport,,,
177,Americas,Caribbean,The Bahamas,Nassau,,NAS,,,Lynden Pindling International Airport,,,
178,Americas,Caribbean,The Bahamas,Chub Cay,,CCZ,,,Chub Cay International Airport,,,
179,Americas,Caribbean,The Bahamas,Exuma,,GGT,,,Exuma International Airport,,,
180,Americas,Caribbean,The Bahamas,Freeport,,FPO,,,Grand Bahama International Airport,,,
181,Americas,Caribbean,The Bahamas,North Eleuthera,,ELH,,,North Eleuthera Airport,,,
182,Americas,Caribbean,The Bahamas,South Eleuthera,,RSD,,,Rock Sound International Airport,,,
183,Americas,Caribbean,The Bahamas,Marsh Harbour,,MHH[1],,,Marsh Harbour International Airport,,,
184,Americas,Caribbean,Barbados,Bridgetown,,BGI,,,Grantley Adams International Airport,,,
185,Americas,Caribbean,British Virgin Islands,Road Town,,EIS,,,Terrance B. Lettsome International Airport,,,
186,Americas,Caribbean,Caribbean Netherlands,"Kralendijk, Bonaire",,BON,,,Flamingo International Airport,,,
187,Americas,Caribbean,Caribbean Netherlands,"Oranjestad, Sint Eustatius",,EUX,,,F. D. Roosevelt Airport,,,
188,Americas,Caribbean,Caribbean Netherlands,"Flat Point, Saba",,SAB,,,Juancho E. Yrausquin Airport,,,
189,Americas,Caribbean,Cayman Islands,Cayman Brac,,CYB,,,Charles Kirkconnell International Airport,,,
190,Americas,Caribbean,Cayman Islands,Georgetown,,GCM,,,Owen Roberts International Airport,,,
191,Americas,Caribbean,Cuba,Camagüey,,CMW,,,Ignacio Agramonte International Airport,,,
192,Americas,Caribbean,Cuba,Cayo Coco,,CCC,,,Jardines del Rey Airport,,,
193,Americas,Caribbean,Cuba,Cayo Largo del Sur,,CYO,,,Vilo Acuña Airport,,,
194,Americas,Caribbean,Cuba,Cienfuegos,,CFG,,,Jaime González Airport,,,
195,Americas,Caribbean,Cuba,Havana,,HAV,,,José Martí International Airport,,,
196,Americas,Caribbean,Cuba,Holguín,,HOG,,,Frank País Airport,,,
197,Americas,Caribbean,Cuba,Santa Clara,,SNU,,,Abel Santamaría Airport,,,
198,Americas,Caribbean,Cuba,Santiago de Cuba,,SCU,,,Antonio Maceo Airport,,,
199,Americas,Caribbean,Cuba,Varadero,,VRA,,,Juan Gualberto Gómez Airport,,,
200,Americas,Caribbean,Dominica,Marigot,,DOM,,,Douglas–Charles Airport,,,
201,Americas,Caribbean,Dominican Republic,Barahona,,BRX,,,María Montez International Airport,,,
202,Americas,Caribbean,Dominican Republic,La Romana,,LRM,,,La Romana International Airport,,,
203,Americas,Caribbean,Dominican Republic,Punta Cana,,PUJ,,,Punta Cana International Airport,,,
204,Americas,Caribbean,Dominican Republic,Samana,,AZS,,,Samaná El Catey International Airport,,,
205,Americas,Caribbean,Dominican Republic,San Felipe de Puerto Plata,,POP,,,Gregorio Luperón International Airport,,,
206,Americas,Caribbean,Dominican Republic,Santiago de los Caballeros,,STI,,,Cibao International Airport,,,
207,Americas,Caribbean,Dominican Republic,Santo Domingo,,SDQ,,,Las Américas International Airport,,,
208,Americas,Caribbean,Grenada,St George’s,,GND,,,Maurice Bishop International Airport,,,
209,Americas,Caribbean,Guadeloupe,Pointe-à-Pitre,,PTP,,,Pointe-à-Pitre International Airport,,,
210,Americas,Caribbean,Haiti,Cap-Haïtien,,CAP,,,Cap-Haïtien International Airport,,,
211,Americas,Caribbean,Haiti,Port-au-Prince,,PAP,,,Toussaint Louverture International Airport,,,
212,Americas,Caribbean,Jamaica,Kingston,,KIN,,,Norman Manley International Airport,,,
213,Americas,Caribbean,Jamaica,Montego Bay,,MBJ,,,Sangster International Airport,,,
214,Americas,Caribbean,Martinique,Fort-de-France,,FDF,,,Martinique Aimé Césaire International Airport,,,
215,Americas,Caribbean,Montserrat,Brades,,MNI,,,John A. Osborne Airport,,,
216,Americas,Caribbean,Puerto Rico,Aguadilla,,BQN,,,Rafael Hernández International Airport,,,
217,Americas,Caribbean,Puerto Rico,Ponce,,PSE,,,Mercedita International Airport,,,
218,Americas,Caribbean,Puerto Rico,San Juan,,SIG,,,Fernando Luis Ribas Dominicci Airport,,,
219,Americas,Caribbean,Puerto Rico,San Juan,,SJU,,,Luis Muñoz Marín International Airport,,,
220,Americas,Caribbean,Saint Kitts and Nevis,Basseterre,,SKB,,,Robert L. Bradshaw International Airport,,,
221,Americas,Caribbean,Saint Lucia,Vieux Fort Quarter,,UVF,,,Hewanorra International Airport,,,
222,Americas,Caribbean,Saint Vincent and the Grenadines,Kingstown,,SVD,,,Argyle International Airport,,,
223,Americas,Caribbean,Saint Vincent and the Grenadines,Canouan,,CIW,,,Canouan Airport,,,
224,Americas,Caribbean,Sint Maarten,Philipsburg,,SXM,,,Princess Juliana International Airport,,,
225,Americas,Caribbean,Trinidad and Tobago,Port of Spain,,POS,,,Piarco International Airport,,,
226,Americas,Caribbean,Trinidad and Tobago,Tobago,,TAB,,,A.N.R. Robinson International Airport,,,
227,Americas,Caribbean,Turks and Caicos Islands,Blue Hills,,PLS,,,Providenciales Airport,,,
228,Americas,Caribbean,U.S. Virgin Islands,Charlotte Amalie,,STT,,,Cyril E. King Airport,,,
229,Americas,Caribbean,U.S. Virgin Islands,Christiansted,,STX,,,Henry E. Rohlsen Airport,,,
230,Americas,Central America,Belize,Belize City,,BZE,,,Philip S. W. Goldson International Airport,,,
231,Americas,Central America,Costa Rica,Liberia,,LIR,,,Daniel Oduber Quirós International Airport,,,
232,Americas,Central America,Costa Rica,San José,,SJO,,,Juan Santamaría International Airport,,,
233,Americas,Central America,El Salvador,San Salvador,,SAL,,,El Salvador International Airport,,,
234,Americas,Central America,Guatemala,Flores,,FRS,,,Mundo Maya International Airport,,,
235,Americas,Central America,Guatemala,Guatemala City,,GUA,,,La Aurora International Airport,,,
236,Americas,Central America,Honduras,La Ceiba,,LCE,,,Golosón International Airport,,,
237,Americas,Central America,Honduras,Roatán,,RTB,,,Juan Manuel Gálvez International Airport,,,
238,Americas,Central America,Honduras,San Pedro Sula,,SAP,,,Ramón Villeda Morales International Airport,,,
239,Americas,Central America,Honduras,Tegucigalpa,,TGU,,,Toncontín International Airport,,,
240,Americas,Central America,Honduras,Comayagua,,XPL,,,Comayagua International Airport,,,
241,Americas,Central America,Nicaragua,Managua,,MGA,,,Augusto C. Sandino International Airport,,,
242,Americas,Central America,Nicaragua,Bluefields,,BEF,,,Bluefields Airport,,,
243,Americas,Central America,Nicaragua,Corn Island,,RNI,,,Corn Island Airport,,,
244,Americas,Central America,Panama,Bocas del Toro,,BOC,,,"Bocas del Toro ""Isla Colón"" International Airport",,,
245,Americas,Central America,Panama,"David, Chiriquí",,DAV,,,Enrique Malek International Airport,,,
246,Americas,Central America,Panama,Panama City,,PAC,,,"Albrook ""Marcos A. Gelabert"" International Airport",,,
247,Americas,Central America,Panama,Panama City,,BLB,,,Panama Pacifico International Airport,,,
248,Americas,Central America,Panama,Panama City,,PTY,,,Tocumen International Airport,,,
249,Americas,Central America,Panama,Rio Hato,,RIH,,,Scarlett Martínez International Airport,,,
250,Americas,North America,Bermuda,Hamilton,,BDA,,,L.F. Wade International Airport,Small,,
251,Americas,North America,Canada,Abbotsford,,YXX,,,Abbotsford International Airport,,British Columbia,
252,Americas,North America,Canada,Barrie (Oro-Medonte),,YLK,,,Lake Simcoe Regional Airport,,Ontario,
253,Americas,North America,Canada,Calgary,,YYC,,,Calgary International Airport,,Alberta,
254,Americas,North America,Canada,Charlottetown,,YYG,,,Charlottetown Airport,,Prince Edward Island,
255,Americas,North America,Canada,Deer Lake,,YDA,,,Deer Lake Regional Airport,,Newfoundland and Labrador,
256,Americas,North America,Canada,Edmonton,,YEG,,,Edmonton International Airport,,Alberta,
257,Americas,North America,Canada,Fredericton,,YFC,,,Fredericton International Airport,,New Brunswick,
258,Americas,North America,Canada,Gander,,YQX,,,Gander International Airport,,Newfoundland and Labrador,
259,Americas,North America,Canada,Halifax (Goffs),,YHZ,,,Halifax Stanfield International Airport,,Nova Scotia,
260,Americas,North America,Canada,Hamilton,,YHM,,,John C. Munro Hamilton International Airport,,Ontario,
261,Americas,North America,Canada,Kamloops,,YKA,,,Kamloops Airport,,British Columbia,
262,Americas,North America,Canada,Kelowna,,YLW,,,Kelowna International Airport,,British Columbia,
263,Americas,North America,Canada,Kingston,,YGK,,,Kingston Norman Rogers Airport,,Ontario,
264,Americas,North America,Canada,Kitchener,,YKF,,,Region of Waterloo International Airport,,Ontario,
265,Americas,North America,Canada,London,,YXU,,,London International Airport,,Ontario,
266,Americas,North America,Canada,Moncton (Dieppe),,YQM,,,Greater Moncton Roméo LeBlanc International Airport,,New Brunswick,
267,Americas,North America,Canada,Montréal (Dorval),,YUL,,,Montréal–Trudeau International Airport,,Québec,
268,Americas,North America,Canada,Ottawa,,YOW,,,Ottawa Macdonald–Cartier International Airport,,Ontario,
269,Americas,North America,Canada,Québec City,,YQB,,,Québec City Jean Lesage International Airport,,Québec,
270,Americas,North America,Canada,Regina,,YQR,,,Regina International Airport,,Saskatchewan,
271,Americas,North America,Canada,Saint John,,YSJ,,,Saint John Airport,,New Brunswick,
272,Americas,North America,Canada,St. John's,,YYT,,,St. John's International Airport,,Newfoundland and Labrador,
273,Americas,North America,Canada,Sydney,,YQY,,,JA Douglas McCurdy Sydney Airport,,Nova Scotia,
274,Americas,North America,Canada,Thunder Bay,,YQT,,,Thunder Bay International Airport,,Ontario,
275,Americas,North America,Canada,Toronto (Mississauga),,YYZ,,,Toronto Pearson International Airport,,Ontario,
276,Americas,North America,Canada,Toronto,,YTZ,,,Billy Bishop Toronto City Airport,,Ontario,
277,Americas,North America,Canada,Vancouver (Richmond),,YVR,,,Vancouver International Airport,,British Columbia,
278,Americas,North America,Canada,Victoria (Sidney),,YYJ,,,Victoria International Airport,,British Columbia,
279,Americas,North America,Canada,Whitehorse,,YXY,,,Erik Nielsen Whitehorse International Airport,,Yukon,
280,Americas,North America,Canada,Windsor,,YQG,,,Windsor International Airport,,Ontario,
281,Americas,North America,Canada,Winnipeg,,YWG,,,Winnipeg James Armstrong Richardson International Airport,,Manitoba,
282,Americas,North America,Greenland,Kangerlussuaq,,SFJ,,,Kangerlussuaq Airport,,,
283,Americas,North America,Greenland,Nuuk,,GOH,,,Nuuk Airport,,,
284,Americas,North America,Greenland,Ilulissat,,JAV,,,Ilulissat Airport,,,
285,Americas,North America,Greenland,Narsarsuaq,,UAK,,,Narsarsuaq Airport,,,
286,Americas,North America,Mexico,Acapulco,,ACA,,,Acapulco International Airport,,,Guerrero
287,Americas,North America,Mexico,Aguascalientes,,AGU,,,Aguascalientes International Airport,,,Aguascalientes
288,Americas,North America,Mexico,Cancún,,CUN,,,Cancún International Airport,,,Quintana Roo
289,Americas,North America,Mexico,Chihuahua,,CUU,,,Chihuahua International Airport,,,Chihuahua
290,Americas,North America,Mexico,Ciudad del Carmen,,CME,,,Ciudad del Carmen International Airport,,,Campeche
291,Americas,North America,Mexico,Cozumel,,CZM,,,Cozumel International Airport,,,Quintana Roo
292,Americas,North America,Mexico,Culiacán,,CUL,,,Culiacán International Airport,,,Sinaloa
293,Americas,North America,Mexico,Durango,,DGO,,,Durango International Airport,,,Durango
294,Americas,North America,Mexico,Guadalajara,,GDL,,,Guadalajara International Airport,,,Jalisco
295,Americas,North America,Mexico,Hermosillo,,HMO,,,Hermosillo International Airport,,,Sonora
296,Americas,North America,Mexico,Huatulco,,HUX,,,Bahías de Huatulco International Airport,,,Oaxaca
297,Americas,North America,Mexico,Ixtapa,,ZIH,,,Ixtapa-Zihuatanejo International Airport,,,Guerrero
298,Americas,North America,Mexico,León,,BJX,,,León/Bajío International Airport,,,Guanajuato
299,Americas,North America,Mexico,Loreto,,LTO,,,Loreto International Airport,,,Baja California Sur
300,Americas,North America,Mexico,Los Cabos,,CSL,,,Cabo San Lucas International Airport,,,Baja California Sur
301,Americas,North America,Mexico,Los Cabos,,SJD,,,Los Cabos International Airport,,,Baja California Sur
302,Americas,North America,Mexico,Manzanillo,,ZLO,,,Playa de Oro International Airport,,,Colima
303,Americas,North America,Mexico,Mazatlán,,MZT,,,Mazatlán International Airport,,,Sinaloa
304,Americas,North America,Mexico,Mérida,,MID,,,Mérida International Airport,,,Yucatán
305,Americas,North America,Mexico,Mexicali,,MXL,,,Mexicali International Airport,,,Baja California
306,Americas,North America,Mexico,Mexico City,,MEX,,,Mexico City International Airport,,,Mexico City
307,Americas,North America,Mexico,Mexico City,,NLU,,,Felipe Ángeles International Airport,,,State of Mexico
308,Americas,North America,Mexico,Monterrey,,MTY,,,Monterrey International Airport,,,Nuevo León
309,Americas,North America,Mexico,Morelia,,MLM,,,Morelia International Airport,,,Michoacán
310,Americas,North America,Mexico,Oaxaca,,OAX,,,Oaxaca International Airport,,,Oaxaca
311,Americas,North America,Mexico,Puebla,,PBC,,,Puebla International Airport,,,Puebla
312,Americas,North America,Mexico,Puerto Escondido,,PXM,,,Puerto Escondido International Airport,,,Oaxaca
313,Americas,North America,Mexico,Puerto Vallarta,,PVR,,,Puerto Vallarta International Airport,,,Jalisco
314,Americas,North America,Mexico,Querétaro,,QRO,,,Querétaro Intercontinental Airport,,,Querétaro
315,Americas,North America,Mexico,Reynosa,,REX,,,Reynosa International Airport,,,Tamaulipas
316,Americas,North America,Mexico,Saltillo,,SLW,,,Saltillo International Airport,,,Coahuila
317,Americas,North America,Mexico,San Luis Potosí,,SLP,,,San Luis Potosí International Airport,,,San Luis Potosí
318,Americas,North America,Mexico,Tampico,,TAM,,,Tampico International Airport,,,Tamaulipas
319,Americas,North America,Mexico,Tepic,,TPQ,,,Tepic International Airport,,,Nayarit
320,Americas,North America,Mexico,Tijuana,,TIJ,,,Tijuana International Airport,,,Baja California
321,Americas,North America,Mexico,Toluca,,TLC,,,Toluca International Airport,,,State of Mexico
322,Americas,North America,Mexico,Torreón,,TRC,,,Torreón International Airport,,,Coahuila
323,Americas,North America,Mexico,Tulum,,TQO,,,Tulum International Airport,,,Coahuila
324,Americas,North America,Mexico,Uruapan,,UPN,,,Uruapan International Airport,,,Michoacán
325,Americas,North America,Mexico,Tuxtla Gutiérrez,,TGZ,,,Tuxtla Gutiérrez International Airport,,,Chiapas
326,Americas,North America,Mexico,Uruapan,,UPN,,,Uruapan International Airport,,,Michoacán
327,Americas,North America,Mexico,Veracruz,,VER,,,Veracruz International Airport,,,Veracruz
328,Americas,North America,Mexico,Villahermosa,,VSA,,,Villahermosa International Airport,,,Tabasco
329,Americas,North America,Mexico,Zacatecas,,ZCL,,,Zacatecas International Airport,,,Zacatecas
330,Americas,North America,Saint Pierre and Miquelon,Saint-Pierre,,FSP,,,Saint-Pierre Airport,,,
331,Americas,North America,United States,Akron,,AKC,,,Akron Executive Airport,,,Ohio
332,Americas,North America,United States,Albany,,ALB,,,Albany International Airport,,,New York
333,Americas,North America,United States,Albuquerque,,ABQ,,,Albuquerque International Sunport,,,New Mexico
334,Americas,North America,United States,Amarillo,,AMA,,,Rick Husband Amarillo International Airport,,,Texas
335,Americas,North America,United States,Anchorage,,ANC,,,Anchorage International Airport,,,Alaska
336,Americas,North America,United States,Appleton,,ATW,,,Appleton International Airport,,,Wisconsin
337,Americas,North America,United States,Atlanta,,ATL,,,Hartsfield–Jackson Atlanta International Airport,,,Georgia
338,Americas,North America,United States,Atlantic City,,ACY,,,Atlantic City International Airport,,,New Jersey
339,Americas,North America,United States,Austin (TX),,AUS,,,Austin–Bergstrom International Airport,,,Texas
340,Americas,North America,United States,Baltimore,,BWI,,,Baltimore/Washington International Airport,,,Maryland
341,Americas,North America,United States,Bangor,,BGR,,,Bangor International Airport,,,Maine
342,Americas,North America,United States,Baudette,,BDE,,,Baudette International Airport,,,Minnesota
343,Americas,North America,United States,Bellingham,,BLI,,,Bellingham International Airport,,,Washington
344,Americas,North America,United States,Birmingham,,BHM,,,Birmingham–Shuttlesworth International Airport,,,Alabama
345,Americas,North America,United States,Boise,,BOI,,,Boise Airport,,,Idaho
346,Americas,North America,United States,Boston,,BOS,,,Logan International Airport,,,Massachusetts
347,Americas,North America,United States,Brownsville,,BRO,,,Brownsville/South Padre Island International Airport,,,Texas
348,Americas,North America,United States,Buffalo,,BUF,,,Buffalo Niagara International Airport,,,New York
349,Americas,North America,United States,Calexico,,CXL,,,Calexico International Airport,,,California
350,Americas,North America,United States,Charlotte,,CLT,,,Charlotte Douglas International Airport,,,North Carolina
351,Americas,North America,United States,Charleston (SC),,CHS,,,Charleston International Airport,,,South Carolina
352,Americas,North America,United States,Chicago,,MDW,,,Midway International Airport,,,Illinois
353,Americas,North America,United States,Chicago,,ORD,,,O'Hare International Airport,,,Illinois
354,Americas,North America,United States,Cincinnati (OH) (Hebron),,CVG,,,Cincinnati/Northern Kentucky International Airport,,,Kentucky
355,Americas,North America,United States,Cleveland,,CLE,,,Cleveland Hopkins International Airport,,,Ohio
356,Americas,North America,United States,Columbia (SC),,CAE,,,Columbia Metropolitan Airport,,,South Carolina
357,Americas,North America,United States,Columbus (OH),,CMH,,,John Glenn Columbus International Airport,,,Ohio
358,Americas,North America,United States,Columbus (OH),,LCK,,,Rickenbacker International Airport,,,Ohio
359,Americas,North America,United States,Corpus Christi,,CRP,,,Corpus Christi International Airport,,,Texas
360,Americas,North America,United States,Dallas,,DAL,,,Dallas Love Field,,,Texas
361,Americas,North America,United States,Dallas/Fort Worth,,DFW,,,Dallas/Fort Worth International Airport,,,Texas
362,Americas,North America,United States,Dayton (OH),,DAY,,,Dayton International Airport,,,Ohio
363,Americas,North America,United States,Denver,,DEN,,,Denver International Airport,,,Colorado
364,Americas,North America,United States,Des Moines (IA),,DSM,,,Des Moines International Airport,,,Iowa
365,Americas,North America,United States,Detroit,,DTW,,,Detroit Metropolitan Airport,,,Michigan
366,Americas,North America,United States,Duluth,,DLH,,,Duluth International Airport,,,Minnesota
367,Americas,North America,United States,El Paso,,ELP,,,El Paso International Airport,,,Texas
368,Americas,North America,United States,Erie,,ERI,,,Erie International Airport,,,Pennsylvania
369,Americas,North America,United States,Fairbanks,,FAI,,,Fairbanks International Airport,,,Alaska
370,Americas,North America,United States,Fort Lauderdale,,FLL,,,Fort Lauderdale–Hollywood International Airport,,,Florida
371,Americas,North America,United States,Fort Myers,,RSW,,,Southwest Florida International Airport,,,Florida
372,Americas,North America,United States,Fresno,,FAT,,,Fresno Yosemite International Airport,,,California
373,Americas,North America,United States,Gary,,GYY,,,Gary/Chicago International Airport,,,Indiana
374,Americas,North America,United States,Grand Rapids,,GRR,,,Gerald R. Ford International Airport,,,Michigan
375,Americas,North America,United States,Green Bay,,GRB,,,Green Bay–Austin Straubel International Airport,,,Wisconsin
376,Americas,North America,United States,Greensboro,,GSO,,,Piedmont Triad International Airport,,,North Carolina
377,Americas,North America,United States,Greenville,,GSP,,,Greenville-Spartanburg International Airport,,,South Carolina
378,Americas,North America,United States,Gulfport,,GPT,,,Gulfport-Biloxi International Airport,,,Mississippi
379,Americas,North America,United States,Harlingen,,HRL,,,Valley International Airport,,,Texas
380,Americas,North America,United States,Harrisburg,,MDT,,,Harrisburg International Airport,,,Pennsylvania
381,Americas,North America,United States,Hartford (CT),,BDL,,,Bradley International Airport,,,Connecticut
382,Americas,North America,United States,Hilo,,ITO,,,Hilo International Airport,,,Hawaii
383,Americas,North America,United States,Honolulu,,HNL,,,Daniel K. Inouye International Airport,,,Hawaii
384,Americas,North America,United States,Houston,,IAH,,,George Bush Intercontinental Airport,,,Texas
385,Americas,North America,United States,Houston,,HOU,,,William P. Hobby Airport,,,Texas
386,Americas,North America,United States,Huntsville (AL),,HSV,,,Huntsville International Airport,,,Alabama
387,Americas,North America,United States,Indianapolis,,IND,,,Indianapolis International Airport,,,Indiana
388,Americas,North America,United States,International Falls,,INL,,,Falls International Airport,,,Minnesota
389,Americas,North America,United States,Jackson (MS),,JAN,,,Jackson–Medgar Wiley Evers International Airport,,,Mississippi
390,Americas,North America,United States,Jacksonville,,JAX,,,Jacksonville International Airport,,,Florida
391,Americas,North America,United States,Juneau,,JNU,,,Juneau International Airport,,,Alaska
392,Americas,North America,United States,Kailua-Kona,,KOA,,,Kona International Airport,,,Hawaii
393,Americas,North America,United States,Kansas City (MO),,MCI,,,Kansas City International Airport,,,Missouri
394,Americas,North America,United States,Ketchikan,,KTN,,,Ketchikan International Airport,,,Alaska
395,Americas,North America,United States,Key West,,EYW,,,Key West International Airport,,,Florida
396,Americas,North America,United States,Kissimmee,,ISM,,,Kissimmee Gateway Airport,,,Florida
397,Americas,North America,United States,Knoxville,,TYS,,,McGhee Tyson Airport,,,Tennessee
398,Americas,North America,United States,Lakeland,,LAL,,,Lakeland Linder International Airport,,,Florida
399,Americas,North America,United States,Lansing,,LAN,,,Capital Region International Airport,,,Michigan
400,Americas,North America,United States,Las Vegas,,LAS,,,Harry Reid International Airport,,,Nevada
401,Americas,North America,United States,Little Rock,,LIT,,,Bill and Hillary Clinton National Airport,,,Arkansas
402,Americas,North America,United States,Los Angeles,,LAX,,,Los Angeles International Airport,,,California
403,Americas,North America,United States,Louisville,,SDF,,,Louisville International Airport,,,Kentucky
404,Americas,North America,United States,Lubbock,,LBB,,,Lubbock Preston Smith International Airport,,,Texas
405,Americas,North America,United States,Madison (WI),,MSN,,,Dane County Regional Airport,,,Wisconsin
406,Americas,North America,United States,McAllen,,MFE,,,McAllen Miller International Airport,,,Texas
407,Americas,North America,United States,Melbourne (FL),,MLB,,,Melbourne Orlando International Airport,,,Florida
408,Americas,North America,United States,Memphis,,MEM,,,Memphis International Airport,,,Tennessee
409,Americas,North America,United States,Miami,,MIA,,,Miami International Airport,,,Florida
410,Americas,North America,United States,Midland/Odessa,,MAF,,,Midland International Air and Space Port,,,Texas
411,Americas,North America,United States,Milwaukee,,MKE,,,General Mitchell International Airport,,,Wisconsin
412,Americas,North America,United States,Minneapolis/St. Paul,,MSP,,,Minneapolis/St. Paul International Airport,,,Minnesota
413,Americas,North America,United States,Myrtle Beach,,MYR,,,Myrtle Beach International Airport,,,South Carolina
414,Americas,North America,United States,Nashville,,BNA,,,Nashville International Airport,,,Tennessee
415,Americas,North America,United States,New Orleans,,MSY,,,Louis Armstrong New Orleans International Airport,,,Louisiana
416,Americas,North America,United States,New York City (Queens),,JFK,,,John F. Kennedy International Airport,,,New York
417,Americas,North America,United States,New York City (Queens),,LGA,,,LaGuardia Airport,,,New York
418,Americas,North America,United States,Newark,,EWR,,,Newark Liberty International Airport,,,New Jersey
419,Americas,North America,United States,Newburgh,,SWF,,,Stewart International Airport,,,New York
420,Americas,North America,United States,Newport News,,PHF,,,Newport News/Williamsburg International Airport,,,Virginia
421,Americas,North America,United States,Niagara Falls,,IAG,,,Niagara Falls International Airport,,,New York
422,Americas,North America,United States,Norfolk (VA),,ORF,,,Norfolk International Airport,,,Virginia
423,Americas,North America,United States,Oakland,,OAK,,,Oakland International Airport,,,California
424,Americas,North America,United States,Oklahoma City,,OKC,,,Will Rogers World Airport,,,Oklahoma
425,Americas,North America,United States,Omaha,,OMA,,,Eppley Airfield,,,Nebraska
426,Americas,North America,United States,Ontario,,ONT,,,Ontario International Airport,,,California
427,Americas,North America,United States,Orange County (CA),,SNA,,,John Wayne Airport,,,California
428,Americas,North America,United States,Orlando,,MCO,,,Orlando International Airport,,,Florida
429,Americas,North America,United States,Palm Springs,,PSP,,,Palm Springs International Airport,,,California
430,Americas,North America,United States,Panama City (FL),,ECP,,,Northwest Florida Beaches International Airport,,,Florida
431,Americas,North America,United States,Pensacola,,PNS,,,Pensacola International Airport,,,Florida
432,Americas,North America,United States,Philadelphia,,PHL,,,Philadelphia International Airport,,,Pennsylvania
433,Americas,North America,United States,Phoenix,,PHX,,,Phoenix Sky Harbor International Airport,,,Arizona
434,Americas,North America,United States,Phoenix/Mesa,,AZA,,,Phoenix–Mesa Gateway Airport,,,Arizona
435,Americas,North America,United States,Pittsburgh,,PIT,,,Pittsburgh International Airport,,,Pennsylvania
436,Americas,North America,United States,Portland (ME),,PWM,,,Portland International Jetport,,,Maine
437,Americas,North America,United States,Portland (OR),,PDX,,,Portland International Airport,,,Oregon
438,Americas,North America,United States,Providence (Warwick),,PVD,,,Rhode Island T. F. Green International Airport,,,Rhode Island
439,Americas,North America,United States,Racine,,RAC,,,Batten International Airport,,,Wisconsin
440,Americas,North America,United States,Raleigh/Durham,,RDU,,,Raleigh–Durham International Airport,,,North Carolina
441,Americas,North America,United States,Reno,,RNO,,,Reno–Tahoe International Airport,,,Nevada
442,Americas,North America,United States,Richmond (VA) (Sandston),,RIC,,,Richmond International Airport,,,Virginia
443,Americas,North America,United States,Rochester (MN),,RST,,,Rochester International Airport,,,Minnesota
444,Americas,North America,United States,Rochester (NY),,ROC,,,Greater Rochester International Airport,,,New York
445,Americas,North America,United States,Rockford (IL),,RFD,,,Chicago Rockford International Airport,,,Illinois
446,Americas,North America,United States,Sacramento,,SMF,,,Sacramento International Airport,,,California
447,Americas,North America,United States,Salt Lake City,,SLC,,,Salt Lake City International Airport,,,Utah
448,Americas,North America,United States,San Antonio,,SAT,,,San Antonio International Airport,,,Texas
449,Americas,North America,United States,San Bernardino,,SBD,,,San Bernardino International Airport,,,California
450,Americas,North America,United States,San Diego,,SAN,,,San Diego International Airport,,,California
451,Americas,North America,United States,San Francisco,,SFO,,,San Francisco International Airport,,,California
452,Americas,North America,United States,San Jose (CA),,SJC,,,San Jose International Airport,,,California
453,Americas,North America,United States,Sanford (FL),,SFB,,,Orlando Sanford International Airport,,,Florida
454,Americas,North America,United States,Sarasota/Bradenton,,SRQ,,,Sarasota–Bradenton International Airport,,,Florida
455,Americas,North America,United States,Savannah (GA),,SAV,,,Savannah/Hilton Head International Airport,,,Georgia
456,Americas,North America,United States,Seattle,,LKE,,,Kenmore Air Harbor Seaplane Base,,,Washington
457,Americas,North America,United States,Seattle,,BFI,,,King County International Airport,,,Washington
458,Americas,North America,United States,Seattle,,SEA,,,Seattle–Tacoma International Airport,,,Washington
459,Americas,North America,United States,Sheboygan,,SBM,,,Sheboygan County Memorial Airport,,,Wisconsin
460,Americas,North America,United States,Everett (WA),,PAE,,,Paine Field,,,Washington
461,Americas,North America,United States,Spokane,,GEG,,,Spokane International Airport,,,Washington
462,Americas,North America,United States,St. Louis,,STL,,,St. Louis Lambert International Airport,,,Missouri
463,Americas,North America,United States,St. Petersburg (FL),,PIE,,,St. Pete–Clearwater International Airport,,,Florida
464,Americas,North America,United States,Syracuse,,SYR,,,Syracuse Hancock International Airport,,,New York
465,Americas,North America,United States,Tallahassee,,TLH,,,Tallahassee International Airport,,,Florida
466,Americas,North America,United States,Tampa,,TPA,,,Tampa International Airport,,,Florida
467,Americas,North America,United States,Tucson,,TUS,,,Tucson International Airport,,,Arizona
468,Americas,North America,United States,Tulsa,,TUL,,,Tulsa International Airport,,,Oklahoma
469,Americas,North America,United States,"Washington, D.C.",,DCA,,,Ronald Reagan Washington National Airport**,,,Virginia
470,Americas,North America,United States,"Washington, D.C.",,IAD,,,Dulles International Airport,,,Virginia
471,Americas,North America,United States,West Palm Beach,,PBI,,,Palm Beach International Airport,,,Florida
472,Americas,North America,United States,Wilkes-Barre/Scranton,,AVP,,,Wilkes-Barre/Scranton International Airport,,,Pennsylvania
473,Americas,North America,United States,Wilmington (NC),,ILM,,,Wilmington International Airport,,,North Carolina
474,Americas,South America,Argentina,Buenos Aires,,EZE,,,Ministro Pistarini International Airport,,,
475,Americas,South America,Argentina,Buenos Aires,,AEP,,,Aeroparque Jorge Newbery,,,
476,Americas,South America,Argentina,Bariloche,,BRC,,,San Carlos de Bariloche Airport,,,
477,Americas,South America,Argentina,Comodoro Rivadavia,,CRD,,,General Enrique Mosconi International Airport,,,
478,Americas,South America,Argentina,Córdoba,,COR,,,Ingeniero Aeronáutico Ambrosio L.V. Taravella International Airport,,,
479,Americas,South America,Argentina,Corrientes,,CNQ,,,Doctor Fernando Piragine Niveyro International Airport,,,
480,Americas,South America,Argentina,El Calafate,,FTE,,,Comandante Armando Tola International Airport,,,
481,Americas,South America,Argentina,El Palomar,,EPA,,,El Palomar Airport,,,
482,Americas,South America,Argentina,Esquel,,EQS,,,Brigadier General Antonio Parodi International Airport,,,
483,Americas,South America,Argentina,Formosa,,FMA,,,Formosa International Airport,,,
484,Americas,South America,Argentina,Mar del Plata,,MDQ,,,Ástor Piazzolla International Airport,,,
485,Americas,South America,Argentina,Mendoza,,MDZ,,,Governor Francisco Gabrielli International Airport,,,
486,Americas,South America,Argentina,Neuquén,,NQN,,,Presidente Perón International Airport,,,
487,Americas,South America,Argentina,Posadas,,PSS,,,Libertador General José de San Martín Airport,,,
488,Americas,South America,Argentina,Puerto Iguazú,,IGR,,,Cataratas del Iguazú International Airport,,,
489,Americas,South America,Argentina,Resistencia,,RES,,,Resistencia International Airport,,,
490,Americas,South America,Argentina,Río Gallegos,,RGL,,,Piloto Civil Norberto Fernández International Airport,,,
491,Americas,South America,Argentina,Río Grande,,RGA,,,Hermes Quijada International Airport,,,
492,Americas,South America,Argentina,Rosario,,ROS,,,Rosario – Islas Malvinas International Airport,,,
493,Americas,South America,Argentina,Salta,,SLA,,,Martín Miguel de Güemes International Airport,,,
494,Americas,South America,Argentina,San Miguel de Tucumán,,TUC,,,Teniente Benjamín Matienzo International Airport,,,
495,Americas,South America,Argentina,San Salvador de Jujuy,,JUJ,,,Gobernador Horacio Guzmán International Airport,,,
496,Americas,South America,Argentina,Santa Rosa del Conlara,,RLO,,,Valle del Conlara Airport,,,
497,Americas,South America,Argentina,Termas de Río Hondo,,RHD,,,Termas de Río Hondo International Airport,,,
498,Americas,South America,Argentina,Trelew,,REL,,,Almirante Marcos A. Zar Airport,,,
499,Americas,South America,Argentina,Ushuaia,,USH,,,Ushuaia – Malvinas Argentinas International Airport,,,
500,Americas,South America,Bolivia,La Paz,,LPB,,,El Alto International Airport,,,
501,Americas,South America,Bolivia,Santa Cruz de la Sierra,,VVI,,,Viru Viru International Airport,,,
502,Americas,South America,Bolivia,Cochabamba,,CBB,,,Jorge Wilstermann International Airport,,,
503,Americas,South America,Brazil,Aracaju,,AJU,,,Santa Maria Airport,,,
504,Americas,South America,Brazil,Belém,,BEL,,,Val de Cães International Airport,,,
505,Americas,South America,Brazil,Belo Horizonte,,CNF,,,Tancredo Neves International Airport,,,
506,Americas,South America,Brazil,Boa Vista,,BVB,,,Boa Vista International Airport,,,
507,Americas,South America,Brazil,Brasília,,BSB,,,Brasília International Airport,,,
508,Americas,South America,Brazil,Campinas,,VCP,,,Viracopos International Airport,,,
509,Americas,South America,Brazil,Campo Grande,,CGR,,,Campo Grande International Airport,,,
510,Americas,South America,Brazil,Cuiabá,,CGB,,,Marechal Rondon International Airport,,,
511,Americas,South America,Brazil,Curitiba,,CWB,,,Afonso Pena International Airport,,,
512,Americas,South America,Brazil,Florianópolis,,FLN,,,Hercílio Luz International Airport,,,
513,Americas,South America,Brazil,Fortaleza,,FOR,,,Pinto Martins International Airport,,,
514,Americas,South America,Brazil,Foz do Iguaçu,,IGU,,,Foz do Iguaçu International Airport,,,
515,Americas,South America,Brazil,Goiânia,,GYN,,,Santa Genoveva Airport,,,
516,Americas,South America,Brazil,João Pessoa,,JPA,,,Presidente Castro Pinto International Airport,,,
517,Americas,South America,Brazil,Maceió,,MCZ,,,Zumbi dos Palmares International Airport,,,
518,Americas,South America,Brazil,Manaus,,MAO,,,Eduardo Gomes International Airport,,,
519,Americas,South America,Brazil,Natal,,NAT,,,Greater Natal International Airport,,,
520,Americas,South America,Brazil,Petrolina,,PNZ,,,Petrolina Airport,,,
521,Americas,South America,Brazil,Porto Alegre,,POA,,,Salgado Filho Porto Alegre International Airport,,,
522,Americas,South America,Brazil,Porto Velho,,PVH,,,Governador Jorge Teixeira de Oliveira International Airport,,,
523,Americas,South America,Brazil,Recife,,REC,,,Guararapes International Airport,,,
524,Americas,South America,Brazil,Rio Branco,,RBR,,,Rio Branco International Airport,,,
525,Americas,South America,Brazil,Rio de Janeiro,,GIG,,,Rio de Janeiro/Galeão International Airport,,,
526,Americas,South America,Brazil,Rio de Janeiro,,SDU,,,Santos Dumont Airport,,,
527,Americas,South America,Brazil,Salvador,,SSA,,,Deputado Luís Eduardo Magalhães International Airport,,,
528,Americas,South America,Brazil,São Luís,,SLZ,,,Marechal Cunha Machado International Airport,,,
529,Americas,South America,Brazil,São Paulo,,CGH,,,São Paulo–Congonhas Airport,,,
530,Americas,South America,Brazil,São Paulo,,GRU,,,São Paulo/Guarulhos International Airport,,,
531,Americas,South America,Brazil,Teresina,,THE,,,Teresina Airport,,,
532,Americas,South America,Brazil,Uberlândia,,UDI,,,Uberlândia Airport,,,
533,Americas,South America,Brazil,Vitória,,VIX,,,Eurico de Aguiar Salles Airport,,,
534,Americas,South America,Chile,Antofagasta,,ANF,,,Andrés Sabella Gálvez International Airport,,,
535,Americas,South America,Chile,Concepción,,CCP,,,Carriel Sur International Airport,,,
536,Americas,South America,Chile,Puerto Montt,,PMC,,,El Tepual International Airport,,,
537,Americas,South America,Chile,Punta Arenas,,PUQ,,,Presidente Carlos Ibáñez del Campo International Airport,,,
538,Americas,South America,Chile,Santiago,,SCL,,,Arturo Merino Benítez International Airport,,,
539,Americas,South America,Colombia,Armenia,,AXM,,,El Edén International Airport,,,
540,Americas,South America,Colombia,Barranquilla,,BAQ,,,Ernesto Cortissoz International Airport,,,
541,Americas,South America,Colombia,Bogotá,,BOG,,,El Dorado International Airport,,,
542,Americas,South America,Colombia,Bucaramanga,,BGA,,,Palonegro International Airport,,,
543,Americas,South America,Colombia,Buenaventura,,BUN,,,Gerardo Tobar López Airport,,,
544,Americas,South America,Colombia,Cali,,CLO,,,Alfonso Bonilla Aragón International Airport,,,
545,Americas,South America,Colombia,Cartagena,,CTG,,,Rafael Núñez International Airport,,,
546,Americas,South America,Colombia,Cúcuta,,CUC,,,Camilo Daza International Airport,,,
547,Americas,South America,Colombia,Ibagué,,IBE,,,Perales Airport,,,
548,Americas,South America,Colombia,Ipiales,,IPI,,,San Luis Airport,,,
549,Americas,South America,Colombia,Florencia,,FLA,,,Gustavo Artunduaga Paredes Airport,,,
550,Americas,South America,Colombia,Leticia,,LET,,,Alfredo Vásquez Cobo International Airport,,,
551,Americas,South America,Colombia,Maicao,,MCJ,,,Jorge Isaacs Airport,,,
552,Americas,South America,Colombia,Manizales,,MZL,,,La Nubia Airport,,,
553,Americas,South America,Colombia,Medellín,,MDE,,,José María Córdova International Airport,,,
554,Americas,South America,Colombia,Mitú,,MVP,,,Fabio Alberto León Bentley Airport,,,
555,Americas,South America,Colombia,Montería,,MTR,,,Los Garzones Airport,,,
556,Americas,South America,Colombia,Neiva,,NVA,,,Benito Salas Airport,,,
557,Americas,South America,Colombia,Pasto,,PSO,,,Antonio Nariño Airport,,,
558,Americas,South America,Colombia,Pereira,,PEI,,,Matecaña International Airport,,,
559,Americas,South America,Colombia,Popayán,,PPN,,,Guillermo León Valencia Airport,,,
560,Americas,South America,Colombia,Providence Island,,PVA,,,El Embrujo Airport,,,
561,Americas,South America,Colombia,Quibdó,,UIB,,,El Caraño Airport,,,
562,Americas,South America,Colombia,Riohacha,,RCH,,,Almirante Padilla Airport,,,
563,Americas,South America,Colombia,San Andrés,,ADZ,,,Gustavo Rojas Pinilla International Airport,,,
564,Americas,South America,Colombia,Tolú,,TLU,,,Golfo de Morrosquillo Airport,,,
565,Americas,South America,Colombia,Tumaco,,TCO,,,La Florida Airport,,,
566,Americas,South America,Colombia,Santa Marta,,SMR,,,Simón Bolívar International Airport,,,
567,Americas,South America,Colombia,Sincelejo,,CZU,,,Las Brujas Airport,,,
568,Americas,South America,Colombia,Valledupar,,VUP,,,Alfonso López Pumarejo Airport,,,
569,Americas,South America,Colombia,Villavicencio,,VVC,,,La Vanguardia Airport,,,
570,Americas,South America,Colombia,Yopal,,EYP,,,El Alcaraván Airport,,,
571,Americas,South America,Ecuador,Cuenca,,CUE,,,Mariscal Lamar International Airport,,,
572,Americas,South America,Ecuador,Esmeraldas,,ESM,,,Carlos Concha Torres International Airport,,,
573,Americas,South America,Ecuador,Guayaquil,,GYE,,,José Joaquín de Olmedo International Airport,,,
574,Americas,South America,Ecuador,Machala,,ETR,,,Santa Rosa International Airport,,,
575,Americas,South America,Ecuador,Manta,,MEC,,,Eloy Alfaro International Airport,,,
576,Americas,South America,Ecuador,Quito,,UIO,,,Mariscal Sucre International Airport,,,
577,Americas,South America,Ecuador,Tulcán,,TUA,,,Teniente Coronel Luis a Mantilla International Airport,,,
578,Americas,South America,Falkland Islands,Mount Pleasant,,MPN,,,RAF Mount Pleasant,,,
579,Americas,South America,French Guiana,Cayenne,,CAY,,,Cayenne – Félix Eboué Airport,,,
580,Americas,South America,Guyana,Georgetown,,GEO,,,Cheddi Jagan International Airport,,,
581,Americas,South America,Paraguay,Asunción,,ASU,,,Silvio Pettirossi International Airport,,,
582,Americas,South America,Paraguay,Ciudad del Este,,AGT,,,Guaraní International Airport,,,
583,Americas,South America,Peru,Arequipa,,AQP,,,Rodríguez Ballón International Airport,,,
584,Americas,South America,Peru,Chiclayo,,CIX,,,José Quiñones González International Airport,,,
585,Americas,South America,Peru,Cusco,,CUZ,,,Alejandro Velasco Astete International Airport,,,
586,Americas,South America,Peru,Lima,,LIM,,,Jorge Chávez International Airport,,,
587,Americas,South America,Peru,Trujillo,,TRU,,,Carlos Martínez de Pinillos International Airport,,,
588,Americas,South America,Suriname,Paramaribo,,PBM,,,Johan Adolf Pengel International Airport,,,
589,Americas,South America,Uruguay,Montevideo,,MVD,,,Carrasco International Airport,,,
590,Americas,South America,Uruguay,Punta del Este,,PDP,,,Capitán de Corbeta Carlos A. Curbelo International Airport,,,
591,Americas,South America,Uruguay,Rivera,,RVY,,,Rivera International Airport,,,
592,Americas,South America,Venezuela,Caracas,,CCS,,,Simón Bolívar International Airport,,,
593,Americas,South America,Venezuela,Maracaibo,,MAR,,,La Chinita International Airport,,,
594,Americas,South America,Venezuela,Valencia,,VLN,,,Arturo Michelena International Airport,,,
595,Asia,Central Asia,Kazakhstan,Aktau,,SCO,,,Aktau Airport,,,
596,Asia,Central Asia,Kazakhstan,Aktobe,,AKX,,,Aktobe International Airport,,,
597,Asia,Central Asia,Kazakhstan,Almaty,,ALA,,,Almaty International Airport,,,
598,Asia,Central Asia,Kazakhstan,Astana,,NQZ,,,Nursultan Nazarbayev International Airport,,,
599,Asia,Central Asia,Kazakhstan,Atyrau,,GUW,,,Atyrau Airport,,,
600,Asia,Central Asia,Kazakhstan,Karaganda,,KGF,,,Karaganda Airport,,,
601,Asia,Central Asia,Kazakhstan,Kokshetau,,KOV,,,Kokshetau Airport,,,
602,Asia,Central Asia,Kazakhstan,Kostanay,,KSN,,,Kostanay Airport,,,
603,Asia,Central Asia,Kazakhstan,Kyzylorda,,KZO,,,Kyzylorda Airport,,,
604,Asia,Central Asia,Kazakhstan,Oral,,URA,,,Oral Ak Zhol Airport,,,
605,Asia,Central Asia,Kazakhstan,Oskemen,,UKK,,,Oskemen Airport,,,
606,Asia,Central Asia,Kazakhstan,Pavlodar,,PWQ,,,Pavlodar Airport,,,
607,Asia,Central Asia,Kazakhstan,Petropavl,,PPK,,,Petropavl Airport,,,
608,Asia,Central Asia,Kazakhstan,Semey,,PLX,,,Semey Airport,,,
609,Asia,Central Asia,Kazakhstan,Şymkent,,CIT,,,Şymkent International Airport,,,
610,Asia,Central Asia,Kazakhstan,Taraz,,DMB,,,Taraz Airport,,,
611,Asia,Central Asia,Kyrgyzstan,Bishkek,,FRU,UCFM,,Manas International Airport,,,
612,Asia,Central Asia,Kyrgyzstan,Issyk-Kul,,IKU,UCFL,,Issyk-Kul International Airport,,,
613,Asia,Central Asia,Kyrgyzstan,Karakol,,,UCFP,,Karakol International Airport,,,
614,Asia,Central Asia,Kyrgyzstan,Osh,,OSS,UCFO,,Osh Airport,,,
615,Asia,Central Asia,Tajikistan,Bokhtar,,KQT,,,Bokhtar International Airport,,,
616,Asia,Central Asia,Tajikistan,Dushanbe,,DYU,,,Dushanbe Airport,,,
617,Asia,Central Asia,Tajikistan,Khujand,,LBD,,,Khujand Airport,,,
618,Asia,Central Asia,Tajikistan,Kulob,,TJU,,,Kulob Airport,,,
619,Asia,Central Asia,Turkmenistan,Ashgabat,,ASB,,,Ashgabat Airport,,,
620,Asia,Central Asia,Turkmenistan,Daşoguz,,TAZ,,,Daşoguz Airport,,,
621,Asia,Central Asia,Turkmenistan,Mary,,MYP,,,Mary International Airport,,,
622,Asia,Central Asia,Turkmenistan,Türkmenabat,,CRZ,,,Turkmenabat International Airport,,,
623,Asia,Central Asia,Turkmenistan,Turkmenbashi,,KRW,,,Turkmenbashi International Airport,,,
624,Asia,Central Asia,Uzbekistan,Andijan,,AZN,,,Andizhan Airport,,,
625,Asia,Central Asia,Uzbekistan,Bukhara,,BHK,,,Bukhara International Airport,,,
626,Asia,Central Asia,Uzbekistan,Fergana,,FEG,,,Fergana International Airport,,,
627,Asia,Central Asia,Uzbekistan,Qarshi,,KSQ,,,Karshi Airport,,,
628,Asia,Central Asia,Uzbekistan,Namangan,,NMA,,,Namangan Airport,,,
629,Asia,Central Asia,Uzbekistan,Navoiy,,NVI,,,Navoiy International Airport,,,
630,Asia,Central Asia,Uzbekistan,Nukus,,NCU,,,Nukus Airport,,,
631,Asia,Central Asia,Uzbekistan,Samarkand,,SKD,,,Samarkand International Airport,,,
632,Asia,Central Asia,Uzbekistan,Tashkent,,TAS,,,Islam Karimov Tashkent International Airport,,,
633,Asia,Central Asia,Uzbekistan,Termez,,TMJ,,,Termez Airport,,,
634,Asia,Central Asia,Uzbekistan,Urgench,,UGC,,,Urgench International Airport,,,
635,Asia,Eastern Asia,China,Baotou,,BAV,,,Baotou Donghe international Airport,,,
636,Asia,Eastern Asia,China,Beihai,,BHY,,,Beihai Fucheng Airport,,,
637,Asia,Eastern Asia,China,Beijing,,PEK,,,Beijing Capital International Airport,,,
638,Asia,Eastern Asia,China,Beijing,,PKX,,,Beijing Daxing International Airport,,,
639,Asia,Eastern Asia,China,Changchun,,CGQ,,,Changchun Longjia International Airport,,,
640,Asia,Eastern Asia,China,Changsha,,CSX,,,Changsha Huanghua International Airport,,,
641,Asia,Eastern Asia,China,Changzhou,,CZX,,,Changzhou Benniu International Airport,,,
642,Asia,Eastern Asia,China,Chengdu,,CTU,,,Chengdu Shuangliu International Airport,,,
643,Asia,Eastern Asia,China,Chengdu,,TFU,,,Chengdu Tianfu International Airport,,,
644,Asia,Eastern Asia,China,Chongqing,,CKG,,,Chongqing Jiangbei International Airport,,,
645,Asia,Eastern Asia,China,Dalian,,DLC,,,Dalian Zhoushuizi International Airport,,,
646,Asia,Eastern Asia,China,Dandong,,DDG,,,Dandong Langtou Airport,,,
647,Asia,Eastern Asia,China,Datong,,DAT,,,Datong Yungang Airport,,,
648,Asia,Eastern Asia,China,Dunhuang,,DNH,,,Dunhuang Mogao International Airport,,,
649,Asia,Eastern Asia,China,Enshi City,,ENH,,,Enshi Xujiaping Airport,,,
650,Asia,Eastern Asia,China,Fuzhou,,FOC,,,Fuzhou Changle International Airport,,,
651,Asia,Eastern Asia,China,Ganzhou,,KOW,,,Ganzhou Huangjin Airport,,,
652,Asia,Eastern Asia,China,Guangzhou,,CAN,,,Guangzhou Baiyun International Airport,,,
653,Asia,Eastern Asia,China,Guilin,,KWL,,,Guilin Liangjiang International Airport,,,
654,Asia,Eastern Asia,China,Guiyang,,KWE,,,Guiyang Longdongbao International Airport,,,
655,Asia,Eastern Asia,China,Haikou,,HAK,,,Haikou Meilan International Airport,,,
656,Asia,Eastern Asia,China,Hangzhou,,HGH,,,Hangzhou Xiaoshan International Airport,,,
657,Asia,Eastern Asia,China,Harbin,,HRB,,,Harbin Taiping International Airport,,,
658,Asia,Eastern Asia,China,Hefei,,HFE,,,Hefei Xinqiao International Airport,,,
659,Asia,Eastern Asia,China,Heihe,,HEK,,,Heihe Aihui Airport,,,
660,Asia,Eastern Asia,China,Hohhot,,HET,,,Hohhot Baita International Airport,,,
661,Asia,Eastern Asia,China,Huai'an,,HIA,,,Huai'an Lianshui International Airport,,,
662,Asia,Eastern Asia,China,Huangshan City,,TXN,,,Huangshan Tunxi International Airport,,,
663,Asia,Eastern Asia,China,Hulunbuir,,HLD,,,Hulunbuir Hailar Airport,,,
664,Asia,Eastern Asia,China,Jiamusi,,JMU,,,Jiamusi Dongjiao Airport,,,
665,Asia,Eastern Asia,China,Jieyang,,SWA,,,Jieyang Chaoshan International Airport,,,
666,Asia,Eastern Asia,China,Jinan,,TNA,,,Jinan Yaoqiang International Airport,,,
667,Asia,Eastern Asia,China,Kunming,,KMG,,,Kunming Changshui International Airport,,,
668,Asia,Eastern Asia,China,Lanzhou,,LHW,,,Lanzhou Zhongchuan International Airport,,,
669,Asia,Eastern Asia,China,Lhasa,,LXA,,,Lhasa Gonggar Airport,,,
670,Asia,Eastern Asia,China,Lianyungang,,LYG,,,Lianyungang Baitabu Airport,,,
671,Asia,Eastern Asia,China,Lijiang,,LJG,,,Lijiang Sanyi International Airport,,,
672,Asia,Eastern Asia,China,Linyi,,LYI,,,Linyi Qiyang Airport,,,
673,Asia,Eastern Asia,China,Luoyang,,LYA,,,Luoyang Beijiao Airport,,,
674,Asia,Eastern Asia,China,Mangshi,,LUM,,,Dehong Mangshi Airport,,,
675,Asia,Eastern Asia,China,Manzhouli,,NZH,,,Manzhouli Xijiao Airport,,,
676,Asia,Eastern Asia,China,Mudanjiang,,MDG,,,Mudanjiang Hailang International Airport,,,
677,Asia,Eastern Asia,China,Nanchang,,KHN,,,Nanchang Changbei International Airport,,,
678,Asia,Eastern Asia,China,Nanjing,,NKG,,,Nanjing Lukou International Airport,,,
679,Asia,Eastern Asia,China,Nanning,,NNG,,,Nanning Wuxu International Airport,,,
680,Asia,Eastern Asia,China,Nantong,,NTG,,,Nantong Xingdong International Airport,,,
681,Asia,Eastern Asia,China,Ningbo,,NGB,,,Ningbo Lishe International Airport,,,
682,Asia,Eastern Asia,China,Ordos City,,DSN,,,Ordos Ejin Horo International Airport,,,
683,Asia,Eastern Asia,China,Qingdao,,TAO,,,Qingdao Jiaodong International Airport,,,
684,Asia,Eastern Asia,China,Qinhuangdao,,BPE,,,Qinhuangdao Beidaihe Airport,,,
685,Asia,Eastern Asia,China,Qionghai,,BAR,,,Qionghai Bo'ao International Airport,,,
686,Asia,Eastern Asia,China,Qiqihar,,NDG,,,Qiqihar Sanjiazi Airport,,,
687,Asia,Eastern Asia,China,Quanzhou,,JJN,,,Quanzhou Jinjiang International Airport,,,
688,Asia,Eastern Asia,China,Sanya,,SYX,,,Sanya Phoenix International Airport,,,
689,Asia,Eastern Asia,China,Shanghai,,SHA,,,Shanghai Hongqiao International Airport,,,
690,Asia,Eastern Asia,China,Shanghai,,PVG,,,Shanghai Pudong International Airport,,,
691,Asia,Eastern Asia,China,Shenyang,,SHE,,,Shenyang Taoxian International Airport,,,
692,Asia,Eastern Asia,China,Shenzhen,,SZX,,,Shenzhen Bao'an International Airport,,,
693,Asia,Eastern Asia,China,Shijiazhuang,,SJW,,,Shijiazhuang Zhengding International Airport,,,
694,Asia,Eastern Asia,China,Taiyuan,,TYN,,,Taiyuan Wusu International Airport,,,
695,Asia,Eastern Asia,China,Tianjin,,TSN,,,Tianjin Binhai International Airport,,,
696,Asia,Eastern Asia,China,Ulanqab,,UCB,,,Ulanqab Jining Airport,,,
697,Asia,Eastern Asia,China,Ürümqi,,URC,,,Ürümqi Diwopu International Airport,,,
698,Asia,Eastern Asia,China,Wanzhou,,WXN,,,Wanzhou Wuqiao Airport,,,
699,Asia,Eastern Asia,China,Weihai,,WEH,,,Weihai Dashuibo Airport,,,
700,Asia,Eastern Asia,China,Wenzhou,,WNZ,,,Wenzhou Yongqiang Airport,,,
701,Asia,Eastern Asia,China,Wuhan,,WUH,,,Wuhan Tianhe International Airport,,,
702,Asia,Eastern Asia,China,Wuxi,,WUX,,,Sunan Shuofang International Airport,,,
703,Asia,Eastern Asia,China,Wuyishan,,WUS,,,Wuyishan Airport,,,
704,Asia,Eastern Asia,China,Xiamen,,XMN,,,Xiamen Gaoqi International Airport,,,
705,Asia,Eastern Asia,China,Xi'an,,XIY,,,Xi'an Xianyang International Airport,,,
706,Asia,Eastern Asia,China,Xining,,XNN,,,Xining Caojiabao International Airport,,,
707,Asia,Eastern Asia,China,Xinzhou,,WUT,,,Xinzhou Wutaishan Airport,,,
708,Asia,Eastern Asia,China,Xishuangbanna,,JHG,,,Xishuangbanna Gasa International Airport,,,
709,Asia,Eastern Asia,China,Xuzhou,,XUZ,,,Xuzhou Guanyin Airport,,,
710,Asia,Eastern Asia,China,Yancheng,,YNZ,,,Yancheng Nanyang Airport,,,
711,Asia,Eastern Asia,China,Yangzhou,,YTY,,,Yangzhou Taizhou International Airport,,,
712,Asia,Eastern Asia,China,Yanji,,YNJ,,,Yanji Airport,,,
713,Asia,Eastern Asia,China,Yantai,,YNT,,,Yantai Penglai International Airport,,,
714,Asia,Eastern Asia,China,Yichang,,YIH,,,Yichang Sanxia Airport,,,
715,Asia,Eastern Asia,China,Yinchuan,,INC,,,Yinchuan Hedong International Airport,,,
716,Asia,Eastern Asia,China,Yiwu,,YIW,,,Yiwu Airport,,,
717,Asia,Eastern Asia,China,Yuncheng,,YCU,,,Yuncheng Guangong Airport,,,
718,Asia,Eastern Asia,China,Zhangjiajie,,DYG,,,Zhangjiajie Hehua Airport,,,
719,Asia,Eastern Asia,China,Zhanjiang,,ZHA,,,Zhanjiang Wuchuan Airport,,,
720,Asia,Eastern Asia,China,Zhengzhou,,CGO,,,Zhengzhou Xinzheng International Airport,,,
721,Asia,Eastern Asia,China,Zhuhai,,ZUH,,,Zhuhai Jinwan Airport,,,
722,Asia,Eastern Asia,China,Zunyi,,ZYI,,,Zunyi Xinzhou Airport,,,
723,Asia,Eastern Asia,Hong Kong,Chek Lap Kok,,HKG,,,Hong Kong International Airport,,,
724,Asia,Eastern Asia,Japan,Akita,,AXT,,,Akita Airport,,,
725,Asia,Eastern Asia,Japan,Aomori,,AOJ,,,Aomori Airport,,,
726,Asia,Eastern Asia,Japan,Fukuoka,,FUK,,,Fukuoka Airport,,,
727,Asia,Eastern Asia,Japan,Hakodate,,HKD,,,Hakodate Airport,,,
728,Asia,Eastern Asia,Japan,Hiroshima,,HIJ,,,Hiroshima Airport,,,
729,Asia,Eastern Asia,Japan,Kagoshima,,KOJ,,,Kagoshima Airport,,,
730,Asia,Eastern Asia,Japan,Kitakyushu,,KKJ,,,Kitakyushu Airport,,,
731,Asia,Eastern Asia,Japan,Komatsu,,KMQ,,,Komatsu Airport,,,
732,Asia,Eastern Asia,Japan,Nagasaki,,NGS,,,Nagasaki Airport,,,
733,Asia,Eastern Asia,Japan,Nagoya,,NGO,,,Chubu Centrair International Airport,,,
734,Asia,Eastern Asia,Japan,Naha,,OKA,,,Naha Airport,,,
735,Asia,Eastern Asia,Japan,Niigata,,KIJ,,,Niigata Airport,,,
736,Asia,Eastern Asia,Japan,Ōita,,OIT,,,Oita Airport,,,
737,Asia,Eastern Asia,Japan,Okayama,,OKJ,,,Okayama Airport,,,
738,Asia,Eastern Asia,Japan,Osaka,,KIX,,,Kansai International Airport,,,
739,Asia,Eastern Asia,Japan,Sapporo,,CTS,,,New Chitose Airport,,,
740,Asia,Eastern Asia,Japan,Sendai,,SDJ,,,Sendai Airport,,,
741,Asia,Eastern Asia,Japan,Shizuoka,,FSZ,,,Shizuoka Airport,,,
742,Asia,Eastern Asia,Japan,Tokyo,,HND,,,Haneda Airport,,,
743,Asia,Eastern Asia,Japan,Tokyo,,NRT,,,Narita International Airport,,,
744,Asia,Eastern Asia,Macau,Taipa,,MFM,,,Macau International Airport,,,
745,Asia,Eastern Asia,Mongolia,Ulaanbaatar,,UBN,,,Chinggis Khaan International Airport,,,
746,Asia,Eastern Asia,North Korea,Pyongyang,,FNJ,,,Pyongyang International Airport,,,
747,Asia,Eastern Asia,South Korea,Busan,,PUS,,,Gimhae International Airport,,,
748,Asia,Eastern Asia,South Korea,Cheongju,,CJJ,,,Cheongju International Airport,,,
749,Asia,Eastern Asia,South Korea,Daegu,,TAE,,,Daegu International Airport,,,
750,Asia,Eastern Asia,South Korea,Jeju,,CJU,,,Jeju International Airport,,,
751,Asia,Eastern Asia,South Korea,Muan,,MWX,,,Muan International Airport,,,
752,Asia,Eastern Asia,South Korea,Seoul,,GMP,,,Gimpo International Airport,,,
753,Asia,Eastern Asia,South Korea,Seoul,,ICN,,,Incheon International Airport,,,
754,Asia,Eastern Asia,South Korea,Yangyang,,YNY,,,Yangyang International Airport,,,
755,Asia,Eastern Asia,Taiwan,Hualien City,,HUN,,,Hualien Airport,,,
756,Asia,Eastern Asia,Taiwan,Kaohsiung,,KHH,,,Kaohsiung International Airport,,,
757,Asia,Eastern Asia,Taiwan,Taichung,,RMQ,,,Taichung International Airport,,,
758,Asia,Eastern Asia,Taiwan,Tainan,,TNN,,,Tainan Airport,,,
759,Asia,Eastern Asia,Taiwan,Taipei,,TSA,,,Taipei Songshan Airport,,,
760,Asia,Eastern Asia,Taiwan,Taipei,,TPE,,,Taoyuan International Airport,,,
761,Asia,Southern Asia,Bangladesh,Barishal,,BZL,,,Barisal Airport,,,
762,Asia,Southern Asia,Bangladesh,Chittagong,,CGP,,,Shah Amanat International Airport,,,
763,Asia,Southern Asia,Bangladesh,Cox's Bazar,,CXB,,,Cox's Bazar International Airport,,,
764,Asia,Southern Asia,Bangladesh,Dhaka,,DAC,,,Hazrat Shahjalal International Airport,,,
765,Asia,Southern Asia,Bangladesh,Khulna,,KLN,,,Khan Jahan Ali Airport,,,
766,Asia,Southern Asia,Bangladesh,Rajshahi,,RJH,,,Shah Makhdum Airport,,,
767,Asia,Southern Asia,Bangladesh,Rangpur,,SPD,,,Saidpur Airport,,,
768,Asia,Southern Asia,Bangladesh,Sylhet,,ZYL,,,Osmani International Airport,,,
769,Asia,Southern Asia,Bhutan,Paro,,PBH,,,Paro International Airport,,,
770,Asia,Southern Asia,India,Agartala,,IXA,,Tripura,Maharaja Bir Bikram Airport,,,
771,Asia,Southern Asia,India,Ahmedabad,,AMD,,Gujarat,Sardar Vallabhbhai Patel International Airport,,,
772,Asia,Southern Asia,India,Amritsar,,ATQ,,Punjab,Sri Guru Ram Das Ji International Airport,,,
773,Asia,Southern Asia,India,Ayodhya,,AYJ,,Uttar Pradesh,"Maharishi Valmiki International Airport, Ayodhya Dham",,,
774,Asia,Southern Asia,India,Bengaluru,,BLR,,Karnataka,Kempegowda International Airport,,,
775,Asia,Southern Asia,India,Bhopal,,BHO,,Madhya Pradesh,Raja Bhoj Airport,,,
776,Asia,Southern Asia,India,Bhubaneswar,,BBI,,Odisha,Biju Patnaik International Airport,,,
777,Asia,Southern Asia,India,Chennai,,MAA,,Tamil Nadu,Chennai International Airport,,,
778,Asia,Southern Asia,India,Coimbatore,,CJB,,Tamil Nadu,Coimbatore International Airport,,,
779,Asia,Southern Asia,India,Delhi NCR,,DEL,,Delhi,Indira Gandhi International Airport,,,
780,Asia,Southern Asia,India,Gaya,,GAY,,Bihar,Gaya Airport,,,
781,Asia,Southern Asia,India,Guwahati,,GAU,,Assam,Lokpriya Gopinath Bordoloi International Airport,,,
782,Asia,Southern Asia,India,Hyderabad,,HYD,,Telangana,Rajiv Gandhi International Airport,,,
783,Asia,Southern Asia,India,Imphal,,IMF,,Manipur,Imphal Airport,,,
784,Asia,Southern Asia,India,Indore,,IDR,,Madhya Pradesh,Devi Ahilya Bai Holkar Airport,,,
785,Asia,Southern Asia,India,Jaipur,,JAI,,Rajasthan,Jaipur International Airport,,,
786,Asia,Southern Asia,India,Jammu,,IXJ,,Jammu and Kashmir,Jammu Airport,,,
787,Asia,Southern Asia,India,Kannur,,CNN,,Kerala,Kannur International Airport,,,
788,Asia,Southern Asia,India,Kochi,,COK,,Kerala,Cochin International Airport,,,
789,Asia,Southern Asia,India,Kolkata,,CCU,,West Bengal,Netaji Subhas Chandra Bose International Airport,,,
790,Asia,Southern Asia,India,Kozhikode,,CCJ,,Kerala,Calicut International Airport,,,
791,Asia,Southern Asia,India,Lucknow,,LKO,,Uttar Pradesh,Chaudhary Charan Singh Airport,,,
792,Asia,Southern Asia,India,Madurai,,IXM,,Tamil Nadu,Madurai Airport,,,
793,Asia,Southern Asia,India,Mangaluru,,IXE,,Karnataka,Mangaluru International Airport,,,
794,Asia,Southern Asia,India,Mumbai,,BOM,,Maharashtra,Chhatrapati Shivaji Maharaj International Airport,,,
795,Asia,Southern Asia,India,Nagpur,,NAG,,Maharashtra,Dr. Babasaheb Ambedkar International Airport,,,
796,Asia,Southern Asia,India,Nashik,,ISK,,Maharashtra,Nashik Airport,,,
797,Asia,Southern Asia,India,Navi Mumbai,,NMI,,Maharashtra,Navi Mumbai International Airport,,,
798,Asia,Southern Asia,India,Noida (Delhi NCR),,JWR,,Uttar Pradesh,Noida International Airport,,,
799,Asia,Southern Asia,India,North Goa,,GOX,,Goa,Manohar International Airport,,,
800,Asia,Southern Asia,India,Pune,,PNQ,,Maharashtra,Pune Airport,,,
801,Asia,Southern Asia,India,Ranchi,,IXR,,Jharkhand,Birsa Munda Airport,,,
802,Asia,Southern Asia,India,Siliguri,,IXB,,West Bengal,Bagdogra International Airport,,,
803,Asia,Southern Asia,India,South Goa,,GOI,,Goa,Dabolim Airport,,,
804,Asia,Southern Asia,India,Srinagar,,SXR,,Jammu and Kashmir,Srinagar Airport,,,
805,Asia,Southern Asia,India,Surat,,STV,,Gujarat,Surat Airport,,,
806,Asia,Southern Asia,India,Thiruvananthapuram,,TRV,,Kerala,Trivandrum International Airport,,,
807,Asia,Southern Asia,India,Tiruchirappalli,,TRZ,,Tamil Nadu,Tiruchirappalli International Airport,,,
808,Asia,Southern Asia,India,Tirupati,,TIR,,Andhra Pradesh,Tirupati International Airport,,,
809,Asia,Southern Asia,India,Vadodara,,BDQ,,Gujarat,Vadodara Airport,,,
810,Asia,Southern Asia,India,Varanasi,,VNS,,Uttar Pradesh,Lal Bahadur Shastri Airport,,,
811,Asia,Southern Asia,India,Vijayawada,,VGA,,Andhra Pradesh,Vijayawada International Airport,,,
812,Asia,Southern Asia,India,Visakhapatnam,,VTZ,,Andhra Pradesh,Visakhapatnam International Airport,,,
813,Asia,Southern Asia,Maldives,Addu City,,GAN,,,Gan International Airport,,,
814,Asia,Southern Asia,Maldives,Hanimaadhoo,,HAQ,,,Hanimaadhoo International Airport,,,
815,Asia,Southern Asia,Maldives,Malé,,MLE,,,Velana International Airport,,,
816,Asia,Southern Asia,Maldives,Maafaru,,NMF,,,Maafaru International Airport,,,
817,Asia,Southern Asia,Maldives,Maamigili,,VAM,,,Villa International Airport Maamigili,,,
818,Asia,Southern Asia,Nepal,Kathmandu,,KTM,,,Tribhuvan International Airport,,,
819,Asia,Southern Asia,Nepal,Pokhara,,PKR,,,Pokhara Regional International Airport,,,
820,Asia,Southern Asia,Nepal,Siddharthanagar,,BWA,,,Gautam Buddha International Airport,,,
821,Asia,Southern Asia,Pakistan,Bahawalpur,,BHV,,,Bahawalpur Airport,,,
822,Asia,Southern Asia,Pakistan,Faisalabad,,LYP,,,Faisalabad International Airport,,,
823,Asia,Southern Asia,Pakistan,Gwadar,,GWD,,,Gwadar International Airport,,,
824,Asia,Southern Asia,Pakistan,Islamabad,,ISB,,,Islamabad International Airport,,,
825,Asia,Southern Asia,Pakistan,Karachi,,KHI,,,Jinnah International Airport,,,
826,Asia,Southern Asia,Pakistan,Lahore,,LHE,,,Allama Iqbal International Airport,,,
827,Asia,Southern Asia,Pakistan,Multan,,MUX,,,Multan International Airport,,,
828,Asia,Southern Asia,Pakistan,Peshawar,,PEW,,,Bacha Khan International Airport,,,
829,Asia,Southern Asia,Pakistan,Quetta,,UET,,,Quetta International Airport,,,
830,Asia,Southern Asia,Pakistan,Rahim Yar Khan,,RYK,,,Shaikh Zayed International Airport,,,
831,Asia,Southern Asia,Pakistan,Sialkot,,SKT,,,Sialkot International Airport,,,
832,Asia,Southern Asia,Pakistan,Turbat,,TUK,,,Turbat International Airport,,,
833,Asia,Southern Asia,Sri Lanka,Batticaloa,,BTC,,,Batticaloa International Airport,,,
834,Asia,Southern Asia,Sri Lanka,Colombo,,CMB,,,Bandaranaike International Airport,,,
835,Asia,Southern Asia,Sri Lanka,Colombo,,RML,,,Ratmalana Airport,,,
836,Asia,Southern Asia,Sri Lanka,Hambantota,,HRI,,,Mattala Rajapaksa International Airport,,,
837,Asia,Southern Asia,Sri Lanka,Jaffna,,JAF,,,Jaffna International Airport,,,
838,Asia,Southeast Asia,Brunei,Bandar Seri Begawan,,BWN,,,Brunei International Airport,,,
839,Asia,Southeast Asia,Cambodia,Phnom Penh,,PNH,,,Phnom Penh International Airport,,,
840,Asia,Southeast Asia,Cambodia,Siem Reap,,REP,,,Siem Reap International Airport,,,
841,Asia,Southeast Asia,Cambodia,Sihanoukville,,KOS,,,Sihanouk International Airport,,,
842,Asia,Southeast Asia,Indonesia,Balikpapan,,BPN,,,Sultan Aji Muhammad Sulaiman Sepinggan International Airport,,,
843,Asia,Southeast Asia,Indonesia,Banda Aceh,,BTJ,,,Sultan Iskandar Muda International Airport,,,
844,Asia,Southeast Asia,Indonesia,Bandung,,KJT,,,Kertajati International Airport,,,
845,Asia,Southeast Asia,Indonesia,Banjarmasin,,BDJ,,,Syamsudin Noor International Airport,,,
846,Asia,Southeast Asia,Indonesia,Batam,,BTH,,,Hang Nadim International Airport,,,
847,Asia,Southeast Asia,Indonesia,Denpasar,,DPS,,,I Gusti Ngurah Rai International Airport,,,
848,Asia,Southeast Asia,Indonesia,Jakarta,,HLP,,,Halim Perdanakusuma International Airport,,,
849,Asia,Southeast Asia,Indonesia,Jakarta,,CGK,,,Soekarno–Hatta International Airport,,,
850,Asia,Southeast Asia,Indonesia,Jayapura,,DJJ,,,Sentani International Airport,,,
851,Asia,Southeast Asia,Indonesia,Labuan Bajo,,LBJ,,,Komodo International Airport,,,
852,Asia,Southeast Asia,Indonesia,Makassar,,UPG,,,Sultan Hasanuddin International Airport,,,
853,Asia,Southeast Asia,Indonesia,Manado,,MDC,,,Sam Ratulangi International Airport,,,
854,Asia,Southeast Asia,Indonesia,Mataram,,LOP,,,Lombok International Airport,,,
855,Asia,Southeast Asia,Indonesia,Medan,,KNO,,,Kualanamu International Airport,,,
856,Asia,Southeast Asia,Indonesia,Padang,,PDG,,,Minangkabau International Airport,,,
857,Asia,Southeast Asia,Indonesia,Palembang,,PLM,,,Sultan Mahmud Badaruddin II International Airport,,,
858,Asia,Southeast Asia,Indonesia,Pekanbaru,,PKU,,,Sultan Syarif Kasim II International Airport,,,
859,Asia,Southeast Asia,Indonesia,Pontianak,,PNK,,,Supadio International Airport,,,
860,Asia,Southeast Asia,Indonesia,Semarang,,SRG,,,Jenderal Ahmad Yani International Airport,,,
861,Asia,Southeast Asia,Indonesia,Surabaya,,SUB,,,Juanda International Airport,,,
862,Asia,Southeast Asia,Indonesia,Tanjungpandan,,TJQ,,,H.A.S. Hanandjoeddin International Airport,,,
863,Asia,Southeast Asia,Indonesia,Yogyakarta,,YIA,,,Yogyakarta International Airport,,,
864,Asia,Southeast Asia,Laos,Bokeo (Tonpheung district),,BOR,,,Bokeo International Airport,,,
865,Asia,Southeast Asia,Laos,Luang Prabang,,LPQ,,,Luang Prabang International Airport,,,
866,Asia,Southeast Asia,Laos,Pakse,,PKZ,,,Pakse International Airport,,,
867,Asia,Southeast Asia,Laos,Savannakhet,,ZVK,,,Savannakhet Airport,,,
868,Asia,Southeast Asia,Laos,Vientiane,,VTE,,,Wattay International Airport,,,
869,Asia,Southeast Asia,Malaysia,Alor Setar,,AOR,,,Sultan Abdul Halim Airport,,,
870,Asia,Southeast Asia,Malaysia,Ipoh,,IPH,,,Sultan Azlan Shah Airport,,,
871,Asia,Southeast Asia,Malaysia,Johor Bahru,,JHB,,,Senai International Airport,,,
872,Asia,Southeast Asia,Malaysia,Kota Bharu,,KBR,,,Sultan Ismail Petra Airport,,,
873,Asia,Southeast Asia,Malaysia,Kota Kinabalu,,BKI,,,Kota Kinabalu International Airport,,,
874,Asia,Southeast Asia,Malaysia,Kuala Lumpur,,KUL,,,Kuala Lumpur International Airport,,,
875,Asia,Southeast Asia,Malaysia,Kuala Lumpur,,SZB,,,Sultan Abdul Aziz Shah Airport,,,
876,Asia,Southeast Asia,Malaysia,Kuala Terengganu,,TGG,,,Sultan Mahmud Airport,,,
877,Asia,Southeast Asia,Malaysia,Kuantan,,KUA,,,Sultan Haji Ahmad Shah Airport,,,
878,Asia,Southeast Asia,Malaysia,Kuching,,KCH,,,Kuching International Airport,,,
879,Asia,Southeast Asia,Malaysia,Labuan,,LBU,,,Labuan International Airport,,,
880,Asia,Southeast Asia,Malaysia,Langkawi,,LGK,,,Langkawi International Airport,,,
881,Asia,Southeast Asia,Malaysia,Penang,,PEN,,,Penang International Airport,,,
882,Asia,Southeast Asia,Myanmar,Mandalay,,MDL,,,Mandalay International Airport,,,
883,Asia,Southeast Asia,Myanmar,Nay Pyi Taw,,NYT,,,Naypyidaw International Airport,,,
884,Asia,Southeast Asia,Myanmar,Yangon,,RGN,,,Yangon International Airport,,,
885,Asia,Southeast Asia,Philippines,Daraga,,DRP,,,Bicol International Airport,,,
886,Asia,Southeast Asia,Philippines,Cagayan,,LLC,,,Cagayan North International Airport,,,
887,Asia,Southeast Asia,Philippines,Lapu-Lapu City,,CEB,,,Mactan–Cebu International Airport,,,
888,Asia,Southeast Asia,Philippines,Angeles City,,CRK,,,Clark International Airport,,,
889,Asia,Southeast Asia,Philippines,Davao City,,DVO,,,Francisco Bangoy International Airport,,,
890,Asia,Southeast Asia,Philippines,General Santos,,GES,,,General Santos International Airport,,,
891,Asia,Southeast Asia,Philippines,Iloilo City,,ILO,,,Iloilo International Airport,,,
892,Asia,Southeast Asia,Philippines,Kalibo,,KLO,,,Kalibo International Airport,,,
893,Asia,Southeast Asia,Philippines,Laguindingan,,CGY,,,Laguindingan International Airport,,,
894,Asia,Southeast Asia,Philippines,Laoag,,LAO,,,Laoag International Airport,,,
895,Asia,Southeast Asia,Philippines,Manila,,MNL,,,Ninoy Aquino International Airport,,,
896,Asia,Southeast Asia,Philippines,Panglao Island,,TAG,,,Bohol–Panglao International Airport,,,
897,Asia,Southeast Asia,Philippines,Puerto Princesa,,PPS,,,Puerto Princesa International Airport,,,
898,Asia,Southeast Asia,Philippines,Olongapo,,SFS,,,Subic Bay International Airport,,,
899,Asia,Southeast Asia,Philippines,Zamboanga City,,ZAM,,,Zamboanga International Airport,,,
900,Asia,Southeast Asia,Singapore,Singapore,,SIN,,,Changi Airport,,,
901,Asia,Southeast Asia,Singapore,Singapore,,XSP,,,Seletar Airport,,,
902,Asia,Southeast Asia,Thailand,Bangkok,,BKK,,,Suvarnabhumi Airport,,,
903,Asia,Southeast Asia,Thailand,Bangkok,,DMK,,,Don Mueang International Airport,,,
904,Asia,Southeast Asia,Thailand,Chiang Mai,,CNX,,,Chiang Mai International Airport,,,
905,Asia,Southeast Asia,Thailand,Chiang Rai,,CEI,,,Chiang Rai International Airport,,,
906,Asia,Southeast Asia,Thailand,Hat Yai,,HDY,,,Hat Yai International Airport,,,
907,Asia,Southeast Asia,Thailand,Ko Samui,,USM,,,Samui Airport,,,
908,Asia,Southeast Asia,Thailand,Krabi,,KBV,,,Krabi International Airport,,,
909,Asia,Southeast Asia,Thailand,Phuket,,HKT,,,Phuket International Airport,,,
910,Asia,Southeast Asia,Thailand,Rayong/Pattaya,,UTP,,,U-Tapao International Airport,,,
911,Asia,Southeast Asia,Thailand,Surat Thani,,URT,,,Surat Thani International Airport,,,
912,Asia,Southeast Asia,Thailand,Udon Thani,,UTH,,,Udon Thani International Airport,,,
913,Asia,Southeast Asia,Timor-Leste,Dili,,DIL,,,Presidente Nicolau Lobato International Airport,,,
914,Asia,Southeast Asia,Vietnam,Cần Thơ,,VCA,,,Can Tho International Airport,,,
915,Asia,Southeast Asia,Vietnam,Đà Nẵng,,DAD,,,Da Nang International Airport,,,
916,Asia,Southeast Asia,Vietnam,Hải Phòng,,HPH,,,Cat Bi International Airport,,,
917,Asia,Southeast Asia,Vietnam,Hà Nội,,HAN,,,Noi Bai International Airport,,,
918,Asia,Southeast Asia,Vietnam,Hồ Chí Minh City,,SGN,,,Tan Son Nhat International Airport,,,
919,Asia,Southeast Asia,Vietnam,Huế,,HUI,,,Phu Bai International Airport,,,
920,Asia,Southeast Asia,Vietnam,Nha Trang,,CXR,,,Cam Ranh International Airport,,,
921,Asia,Southeast Asia,Vietnam,Phú Quốc,,PQC,,,Phu Quoc International Airport,,,
922,Asia,Southeast Asia,Vietnam,Quảng Nam,,VCL,,,Chu Lai Airport,,,
923,Asia,Southeast Asia,Vietnam,Vân Đồn,,VDO,,,Van Don International Airport,,,
924,Asia,Southeast Asia,Vietnam,,,,,,,,,
925,Asia,Southwest Asia and the Middle East,Afghanistan,Herat,,HEA,,,Herat International Airport,,,
926,Asia,Southwest Asia and the Middle East,Afghanistan,Kabul,,KBL,,,Kabul International Airport,,,
927,Asia,Southwest Asia and the Middle East,Afghanistan,Kandahar,,KDH,,,Kandahar International Airport,,,
928,Asia,Southwest Asia and the Middle East,Afghanistan,Mazar-i-Sharif,,MZR,,,Mazar-i-Sharif International Airport,,,
929,Asia,Southwest Asia and the Middle East,Armenia,Gyumri,,LWN,,,Gyumri Shirak International Airport,,,
930,Asia,Southwest Asia and the Middle East,Armenia,Kapan,,YUK,,,Syunik Airport,,,
931,Asia,Southwest Asia and the Middle East,Armenia,Yerevan,,EVN,,,Zvartnots International Airport,,,
932,Asia,Southwest Asia and the Middle East,Azerbaijan,Baku,,GYD,,,Heydar Aliyev International Airport,,,
933,Asia,Southwest Asia and the Middle East,Azerbaijan,Fuzuli,,FZL,,,Fuzuli International Airport,,,
934,Asia,Southwest Asia and the Middle East,Azerbaijan,Ganja,,KVD,,,Ganja International Airport,,,
935,Asia,Southwest Asia and the Middle East,Azerbaijan,Lachin,,LHL,,,Lachin International Airport,,,
936,Asia,Southwest Asia and the Middle East,Azerbaijan,Lankaran,,LLK,,,Lankaran International Airport,,,
937,Asia,Southwest Asia and the Middle East,Azerbaijan,Nakhchivan,,NAJ,,,Nakhchivan Airport,,,
938,Asia,Southwest Asia and the Middle East,Azerbaijan,Qabala,,GBB,,,Qabala International Airport,,,
939,Asia,Southwest Asia and the Middle East,Azerbaijan,Zangilan,,ZZE,,,Zangilan International Airport,,,
940,Asia,Southwest Asia and the Middle East,Azerbaijan,Zaqatala,,ZTU,,,Zaqatala International Airport,,,
941,Asia,Southwest Asia and the Middle East,Bahrain,Manama,,BAH,,,Bahrain International Airport,,,
942,Asia,Southwest Asia and the Middle East,Cyprus,Larnaca,,LCA,,,Larnaca International Airport,,,
943,Asia,Southwest Asia and the Middle East,Cyprus,North Nicosia,,ECN,,,Ercan International Airport,,,
944,Asia,Southwest Asia and the Middle East,Cyprus,Paphos,,PFO,,,Paphos International Airport,,,
945,Asia,Southwest Asia and the Middle East,Georgia,Batumi,,BUS,,,Batumi International Airport,,,
946,Asia,Southwest Asia and the Middle East,Georgia,Kutaisi,,KUT,,,Kutaisi International Airport,,,
947,Asia,Southwest Asia and the Middle East,Georgia,Sokhumi,,SUI,,,Sukhumi Babushara Airport,,,
948,Asia,Southwest Asia and the Middle East,Georgia,Tbilisi,,TBS,,,Tbilisi International Airport,,,
949,Asia,Southwest Asia and the Middle East,Iran,Abadan,,ABD,,,Abadan International Airport,,,
950,Asia,Southwest Asia and the Middle East,Iran,Ahvaz,,AWZ,,,Ahvaz International Airport,,,
951,Asia,Southwest Asia and the Middle East,Iran,Arak,,AJK,,,Arak International Airport,,,
952,Asia,Southwest Asia and the Middle East,Iran,Ardabil,,ADU,,,Ardabil Airport,,,
953,Asia,Southwest Asia and the Middle East,Iran,Asaluyeh,,PGU,,,Persian Gulf Airport,,,
954,Asia,Southwest Asia and the Middle East,Iran,Bandar Abbas,,BND,,,Bandar Abbas International Airport,,,
955,Asia,Southwest Asia and the Middle East,Iran,Birjand,,XBJ,,,Birjand International Airport,,,
956,Asia,Southwest Asia and the Middle East,Iran,Bushehr,,BUZ,,,Bushehr Airport,,,
957,Asia,Southwest Asia and the Middle East,Iran,Gorgan,,GBT,,,Gorgan International Airport,,,
958,Asia,Southwest Asia and the Middle East,Iran,Hamadan,,HDM,,,Hamadan International Airport,,,
959,Asia,Southwest Asia and the Middle East,Iran,Ilam,,IIL,,,Ilam Airport,,,
960,Asia,Southwest Asia and the Middle East,Iran,Isfahan,,IFN,,,Isfahan International Airport,,,
961,Asia,Southwest Asia and the Middle East,Iran,Kerman,,KER,,,Ayatollah Hashemi Rafsanjani Airport,,,
962,Asia,Southwest Asia and the Middle East,Iran,Kermanshah,,KSH,,,Shahid Ashrafi Esfahani Airport,,,
963,Asia,Southwest Asia and the Middle East,Iran,Kish Island,,KIH,,,Kish Airport,,,
964,Asia,Southwest Asia and the Middle East,Iran,Konarak,,ZBR,,,Chabahar Konarak Airport,,,
965,Asia,Southwest Asia and the Middle East,Iran,Lamerd,,LFM,,,Lamerd Airport,,,
966,Asia,Southwest Asia and the Middle East,Iran,Lar,,LRR,,,Larestan International Airport,,,
967,Asia,Southwest Asia and the Middle East,Iran,Mashhad,,MHD,,,Mashhad International Airport,,,
968,Asia,Southwest Asia and the Middle East,Iran,Qeshm Island,,GSM,,,Qeshm International Airport,,,
969,Asia,Southwest Asia and the Middle East,Iran,Rasht,,RAS,,,Rasht Airport,,,
970,Asia,Southwest Asia and the Middle East,Iran,Sari,,SRY,,,Dasht-e Naz Airport,,,
971,Asia,Southwest Asia and the Middle East,Iran,Shiraz,,SYZ,,,Shiraz International Airport,,,
972,Asia,Southwest Asia and the Middle East,Iran,Tabriz,,TBZ,,,Tabriz International Airport,,,
973,Asia,Southwest Asia and the Middle East,Iran,Tehran,,IKA,,,Imam Khomeini International Airport,,,
974,Asia,Southwest Asia and the Middle East,Iran,Tehran,,THR,,,Mehrabad International Airport,,,
975,Asia,Southwest Asia and the Middle East,Iran,Urmia,,OMH,,,Urmia Airport,,,
976,Asia,Southwest Asia and the Middle East,Iran,Yazd,,AZD,,,Shahid Sadooghi Airport,,,
977,Asia,Southwest Asia and the Middle East,Iran,Zahedan,,ZAH,,,Zahedan Airport,,,
978,Asia,Southwest Asia and the Middle East,Iraq,Al Najaf,,NJF,,,Al Najaf International Airport,,,
979,Asia,Southwest Asia and the Middle East,Iraq,Baghdad,,BGW,,,Baghdad International Airport,,,
980,Asia,Southwest Asia and the Middle East,Iraq,Basra,,BSR,,,Basra International Airport,,,
981,Asia,Southwest Asia and the Middle East,Iraq,Erbil,,EBL,,,Erbil International Airport,,,
982,Asia,Southwest Asia and the Middle East,Iraq,Mosul,,OSM,,,Mosul International Airport,,,
983,Asia,Southwest Asia and the Middle East,Iraq,Nasiriyah,,XNH,,,Nasiriyah Airport,,,
984,Asia,Southwest Asia and the Middle East,Iraq,Sulaymaniyah,,ISU,,,Sulaimaniyah International Airport,,,
985,Asia,Southwest Asia and the Middle East,Israel,Eilat,,ETM,,,Ramon Airport,,,
986,Asia,Southwest Asia and the Middle East,Israel,Haifa,,HFA,,,Haifa Airport,,,
987,Asia,Southwest Asia and the Middle East,Israel,Tel Aviv,,TLV,,,Ben Gurion Airport,,,
988,Asia,Southwest Asia and the Middle East,Jordan,Aqaba,,AQJ,,,King Hussein International Airport,,,
989,Asia,Southwest Asia and the Middle East,Jordan,Amman,,AMM,,,Queen Alia International Airport,,,
990,Asia,Southwest Asia and the Middle East,Kuwait,Kuwait City,,KWI,,,Kuwait International Airport,,,
991,Asia,Southwest Asia and the Middle East,Lebanon,Beirut,,BEY,,,Beirut–Rafic Hariri International Airport,,,
992,Asia,Southwest Asia and the Middle East,Oman,Muscat,,MCT,,,Muscat International Airport,,,
993,Asia,Southwest Asia and the Middle East,Oman,Salalah,,SLL,,,Salalah International Airport,,,
994,Asia,Southwest Asia and the Middle East,Oman,Sohar,,OHS,,,Sohar International Airport,,,
995,Asia,Southwest Asia and the Middle East,Qatar,Doha,,DOH,,,Hamad International Airport,,,
996,Asia,Southwest Asia and the Middle East,Saudi Arabia,Abha,,AHB,,,Abha International Airport,,,
997,Asia,Southwest Asia and the Middle East,Saudi Arabia,Al-Ahsa,,HOF,,,Al-Ahsa International Airport,,,
998,Asia,Southwest Asia and the Middle East,Saudi Arabia,Al-Jawf,,AJF,,,Al Jawf International Airport,,,
999,Asia,Southwest Asia and the Middle East,Saudi Arabia,Al-Ula,,ULH,,,Al-Ula International Airport,,,
1000,Asia,Southwest Asia and the Middle East,Saudi Arabia,Buraydah,,ELQ,,,Prince Naif bin Abdulaziz International Airport,,,
1001,Asia,Southwest Asia and the Middle East,Saudi Arabia,Dammam,,DMM,,,King Fahd International Airport,,,
1002,Asia,Southwest Asia and the Middle East,Saudi Arabia,Hafar al-Batin,,AQI,,,Al Qaisumah International Airport,,,
1003,Asia,Southwest Asia and the Middle East,Saudi Arabia,Ha'il,,HAS,,,Ha'il International Airport,,,
1004,Asia,Southwest Asia and the Middle East,Saudi Arabia,Hanak,,RSI,,,Red Sea International Airport,,,
1005,Asia,Southwest Asia and the Middle East,Saudi Arabia,Jeddah,,JED,,,King Abdulaziz International Airport,,,
1006,Asia,Southwest Asia and the Middle East,Saudi Arabia,Jizan,,GIZ,,,King Abdullah bin Abdulaziz International Airport,,,
1007,Asia,Southwest Asia and the Middle East,Saudi Arabia,Medina,,MED,,,Prince Mohammad bin Abdulaziz International Airport,,,
1008,Asia,Southwest Asia and the Middle East,Saudi Arabia,Najran,,EAM,,,Najran Domestic Airport,,,
1009,Asia,Southwest Asia and the Middle East,Saudi Arabia,Neom,,NUM,,,Neom Bay Airport,,,
1010,Asia,Southwest Asia and the Middle East,Saudi Arabia,Riyadh,,RUH,,,King Khalid International Airport,,,
1011,Asia,Southwest Asia and the Middle East,Saudi Arabia,Tabuk,,TUU,,,Prince Sultan bin Abdulaziz Airport,,,
1012,Asia,Southwest Asia and the Middle East,Saudi Arabia,Ta'if,,TIF,,,Taif International Airport,,,
1013,Asia,Southwest Asia and the Middle East,Saudi Arabia,Yanbu,,YNB,,,Yanbu Airport,,,
1014,Asia,Southwest Asia and the Middle East,Syria,Aleppo,,ALP,,,Aleppo International Airport,,,
1015,Asia,Southwest Asia and the Middle East,Syria,Damascus,,DAM,,,Damascus International Airport,,,
1016,Asia,Southwest Asia and the Middle East,Syria,Latakia,,LTK,,,Bassel Al-Assad International Airport,,,
1017,Asia,Southwest Asia and the Middle East,Syria,Qamishli,,KAC,,,Qamishli Airport,,,
1018,Asia,Southwest Asia and the Middle East,Turkey,Adana,,ADA,,,Şakirpaşa Airport,,,
1019,Asia,Southwest Asia and the Middle East,Turkey,Alanya,,GZP,,,Gazipaşa Airport,,,
1020,Asia,Southwest Asia and the Middle East,Turkey,Ankara,,ESB,,,Esenboğa International Airport,,,
1021,Asia,Southwest Asia and the Middle East,Turkey,Antalya,,AYT,,,Antalya Airport,,,
1022,Asia,Southwest Asia and the Middle East,Turkey,Bodrum,,BJV,,,Milas–Bodrum Airport,,,
1023,Asia,Southwest Asia and the Middle East,Turkey,Bursa,,YEI,,,Yenişehir Airport,,,
1024,Asia,Southwest Asia and the Middle East,Turkey,Dalaman,,DLM,,,Dalaman Airport,,,
1025,Asia,Southwest Asia and the Middle East,Turkey,Denizli,,DNZ,,,Denizli Çardak Airport,,,
1026,Asia,Southwest Asia and the Middle East,Turkey,Diyarbakır,,DIY,,,Diyarbakır Airport,,,
1027,Asia,Southwest Asia and the Middle East,Turkey,Elazığ,,EZS,,,Elazığ Airport,,,
1028,Asia,Southwest Asia and the Middle East,Turkey,Gaziantep,,GZT,,,Oğuzeli Airport,,,
1029,Asia,Southwest Asia and the Middle East,Turkey,Istanbul,,IST,,,Istanbul Airport,,,
1030,Asia,Southwest Asia and the Middle East,Turkey,Istanbul,,SAW,,,Sabiha Gökçen International Airport,,,
1031,Asia,Southwest Asia and the Middle East,Turkey,İzmir,,ADB,,,Adnan Menderes Airport,,,
1032,Asia,Southwest Asia and the Middle East,Turkey,Kayseri,,ASR,,,Erkilet Airport,,,
1033,Asia,Southwest Asia and the Middle East,Turkey,Konya,,KYA,,,Konya Airport,,,
1034,Asia,Southwest Asia and the Middle East,Turkey,Kütahya,,KZR,,,Zafer Airport,,,
1035,Asia,Southwest Asia and the Middle East,Turkey,Malatya,,MLX,,,Erhaç Airport,,,
1036,Asia,Southwest Asia and the Middle East,Turkey,Nevşehir,,NAV,,,Kapadokya Airport,,,
1037,Asia,Southwest Asia and the Middle East,Turkey,Samsun,,SZF,,,Samsun-Çarşamba Airport,,,
1038,Asia,Southwest Asia and the Middle East,Turkey,Trabzon,,TZX,,,Trabzon Airport,,,
1039,Asia,Southwest Asia and the Middle East,Turkey,Zonguldak,,ONQ,,,Zonguldak Airport,,,
1040,Asia,Southwest Asia and the Middle East,United Arab Emirates,Abu Dhabi,,AUH,,,Abu Dhabi International Airport,,,
1041,Asia,Southwest Asia and the Middle East,United Arab Emirates,Al Ain,,AAN,,,Al Ain International Airport,,,
1042,Asia,Southwest Asia and the Middle East,United Arab Emirates,Dubai,,DWC,,,Al Maktoum International Airport,,,
1043,Asia,Southwest Asia and the Middle East,United Arab Emirates,Dubai,,DXB,,,Dubai International Airport,,,
1044,Asia,Southwest Asia and the Middle East,United Arab Emirates,Ras Al Khaimah,,RKT,,,Ras Al Khaimah International Airport,,,
1045,Asia,Southwest Asia and the Middle East,United Arab Emirates,Sharjah,,SHJ,,,Sharjah International Airport,,,
1046,Asia,Southwest Asia and the Middle East,Yemen,Aden,,ADE,,,Aden International Airport,,,
1047,Asia,Southwest Asia and the Middle East,Yemen,Mukalla,,RIY,,,Riyan International Airport,,,
1048,Asia,Southwest Asia and the Middle East,Yemen,Sanaa,,SAH,,,Sanaa International Airport,,,
1049,Asia,Southwest Asia and the Middle East,Yemen,Seiyun,,GXF,,,Seiyun Airport,,,
1050,Asia,Southwest Asia and the Middle East,Yemen,Socotra,,SCT,,,Socotra Airport,,,
1051,Europe,United Kingdom,England,Birmingham,,BHX,,,Birmingham Airport,,,
1052,Europe,United Kingdom,England,Bournemouth,,BOH,,,Bournemouth Airport,,,
1053,Europe,United Kingdom,England,Bristol,,BRS,,,Bristol Airport,,,
1054,Europe,United Kingdom,England,Exeter,,EXT,,,Exeter Airport,,,
1055,Europe,United Kingdom,England,Hull,,HUY,,,Humberside Airport,,,
1056,Europe,United Kingdom,England,Leeds/Bradford,,LBA,,,Leeds Bradford Airport,,,
1057,Europe,United Kingdom,England,Liverpool,,LPL,,,Liverpool John Lennon Airport,,,
1058,Europe,United Kingdom,England,London,,LGW,,,Gatwick Airport,,,
1059,Europe,United Kingdom,England,London,,LHR,,,Heathrow Airport,,,
1060,Europe,United Kingdom,England,London,,LCY,,,London City Airport,,,
1061,Europe,United Kingdom,England,London,,SEN,,,London Southend Airport,,,
1062,Europe,United Kingdom,England,London,,STN,,,London Stansted Airport,,,
1063,Europe,United Kingdom,England,London,,LTN,,,Luton Airport,,,
1064,Europe,United Kingdom,England,Manchester,,MAN,,,Manchester Airport,,,
1065,Europe,United Kingdom,England,Middlesbrough,,MME,,,Teesside International Airport,,,
1066,Europe,United Kingdom,England,Newcastle upon Tyne,,NCL,,,Newcastle International Airport,,,
1067,Europe,United Kingdom,England,Newquay,,NQY,,,Newquay Airport,,,
1068,Europe,United Kingdom,England,Norwich,,NWI,,,Norwich Airport,,,
1069,Europe,United Kingdom,England,Nottingham,,EMA,,,East Midlands Airport,,,
1070,Europe,United Kingdom,England,Southampton,,SOU,,,Southampton Airport,,,
1071,Europe,United Kingdom,Northern Ireland,Belfast,,BFS,,,Belfast International Airport,,,
1072,Europe,United Kingdom,Northern Ireland,Belfast,,BHD,,,George Best Belfast City Airport,,,
1073,Europe,United Kingdom,Northern Ireland,Derry,,LDY,,,City of Derry Airport,,,
1074,Europe,United Kingdom,Scotland,Aberdeen,,ABZ,,,Aberdeen Airport,,,
1075,Europe,United Kingdom,Scotland,Edinburgh,,EDI,,,Edinburgh Airport,,,
1076,Europe,United Kingdom,Scotland,Glasgow,,GLA,,,Glasgow Airport,,,
1077,Europe,United Kingdom,Scotland,Glasgow,,PIK,,,Glasgow Prestwick Airport,,,
1078,Europe,United Kingdom,Scotland,Inverness,,INV,,,Inverness Airport,,,
1079,Europe,United Kingdom,Wales,Cardiff,,CWL,,,Cardiff Airport,,,
1080,Europe,Western Europe,Belgium,Antwerp,,ANR,,,Antwerp International Airport,,,
1081,Europe,Western Europe,Belgium,Brussels,,BRU,,,Brussels Airport,,,
1082,Europe,Western Europe,Belgium,Charleroi,,CRL,,,Brussels South Charleroi Airport,,,
1083,Europe,Western Europe,Belgium,Liège,,LGG,,,Liège Airport,,,
1084,Europe,Western Europe,Belgium,Ostend/Bruges,,OST,,,Ostend–Bruges International Airport,,,
1085,Europe,Western Europe,France,Ajaccio,,AJA,,,Ajaccio Napoleon Bonaparte Airport,,,
1086,Europe,Western Europe,France,Bastia,,BIA,,,Poretta Airport,,,
1087,Europe,Western Europe,France,Beauvais,,BVA,,,Beauvais–Tillé Airport,,,
1088,Europe,Western Europe,France,Bergerac,,EGC,,,Bergerac Dordogne Périgord Airport,,,
1089,Europe,Western Europe,France,Béziers,,BZR,,,Béziers Cap d'Agde Airport,,,
1090,Europe,Western Europe,France,Biarritz,,BIQ,,,Biarritz Pays Basque Airport,,,
1091,Europe,Western Europe,France,Bordeaux,,BOD,,,Bordeaux–Mérignac Airport,,,
1092,Europe,Western Europe,France,Brest,,BES,,,Brest Bretagne Airport,,,
1093,Europe,Western Europe,France,Carcassonne,,CCF,,,Carcassonne Airport,,,
1094,Europe,Western Europe,France,Châlons-en-Champagne,,XCR,,,Châlons Vatry Airport,,,
1095,Europe,Western Europe,France,Chambéry,,CMF,,,Chambéry Airport,,,
1096,Europe,Western Europe,France,Dinard,,DNR,,,Dinard–Pleurtuit–Saint-Malo Airport,,,
1097,Europe,Western Europe,France,Figari,,FSC,,,Figari–Sud Corse Airport,,,
1098,Europe,Western Europe,France,Grenoble,,GNB,,,Alpes–Isère Airport,,,
1099,Europe,Western Europe,France,La Rochelle,,LRH,,,La Rochelle – Île de Ré Airport,,,
1100,Europe,Western Europe,France,Lille,,LIL,,,Lille Airport,,,
1101,Europe,Western Europe,France,Limoges,,LIG,,,Limoges – Bellegarde Airport,,,
1102,Europe,Western Europe,France,Lyon,,LYS,,,Lyon–Saint-Exupéry Airport,,,
1103,Europe,Western Europe,France,Marseille,,MRS,,,Marseille Provence Airport,,,
1104,Europe,Western Europe,France,Mulhouse,,BSL,,,EuroAirport Basel Mulhouse Freiburg,,,
1105,Europe,Western Europe,France,Nantes,,NTE,,,Nantes Atlantique Airport,,,
1106,Europe,Western Europe,France,Nice,,NCE,,,Nice Côte d'Azur Airport,,,
1107,Europe,Western Europe,France,Nîmes,,FNI,,,Nîmes–Alès–Camargue–Cévennes Airport,,,
1108,Europe,Western Europe,France,Paris,,CDG,,,Charles de Gaulle Airport,,,
1109,Europe,Western Europe,France,Paris,,ORY,,,Orly Airport,,,
1110,Europe,Western Europe,France,Pau,,PUF,,,Pau Pyrénées Airport,,,
1111,Europe,Western Europe,France,Perpignan,,PGF,,,Perpignan–Rivesaltes Airport,,,
1112,Europe,Western Europe,France,Poitiers,,PIS,,,Poitiers–Biard Airport,,,
1113,Europe,Western Europe,France,Rodez,,RDZ,,,Rodez–Aveyron Airport,,,
1114,Europe,Western Europe,France,Saint-Étienne,,EBU,,,Saint-Étienne–Bouthéon Airport,,,
1115,Europe,Western Europe,France,Strasbourg,,SXB,,,Strasbourg Airport,,,
1116,Europe,Western Europe,France,Toulon,,TLN,,,Toulon–Hyères Airport,,,
1117,Europe,Western Europe,France,Toulouse,,TLS,,,Toulouse–Blagnac Airport,,,
1118,Europe,Western Europe,France,Tours,,TUF,,,Tours Val de Loire Airport,,,
1119,Europe,Western Europe,Gibraltar,Gibraltar,,GIB,,,Gibraltar International Airport,,,
1120,Europe,Western Europe,Ireland,Cork,,ORK,,,Cork Airport,,,
1121,Europe,Western Europe,Ireland,Dublin,,DUB,,,Dublin Airport,,,
1122,Europe,Western Europe,Ireland,Kerry,,KIR,,,Kerry Airport,,,
1123,Europe,Western Europe,Ireland,Knock,,NOC,,,Ireland West Airport,,,
1124,Europe,Western Europe,Ireland,Shannon,,SNN,,,Shannon Airport,,,
1125,Europe,Western Europe,Isle of Man,Douglas,,IOM,,,Isle of Man Airport,,,
1126,Europe,Western Europe,Jersey,Saint Helier,,JER,,,Jersey Airport,,,
1127,Europe,Western Europe,Luxembourg,Luxembourg City,,LUX,,,Luxembourg Airport,,,
1128,Europe,Western Europe,Netherlands,Amsterdam,,AMS,,,Amsterdam Airport,,,
1129,Europe,Western Europe,Netherlands,Eindhoven,,EIN,,,Eindhoven Airport,,,
1130,Europe,Western Europe,Netherlands,Groningen,,GRQ,,,Groningen Airport Eelde,,,
1131,Europe,Western Europe,Netherlands,Maastricht,,MST,,,Maastricht Aachen Airport,,,
1132,Europe,Western Europe,Netherlands,Rotterdam,,RTM,,,Rotterdam The Hague Airport,,,
1133,Europe,Central Europe,Austria,Graz,,GRZ,,,Graz Airport,,,
1134,Europe,Central Europe,Austria,Klagenfurt,,KLU,,,Klagenfurt Airport,,,
1135,Europe,Central Europe,Austria,Innsbruck,,INN,,,Innsbruck Airport,,,
1136,Europe,Central Europe,Austria,Linz,,LNZ,,,Linz Airport,,,
1137,Europe,Central Europe,Austria,Salzburg,,SZG,,,Salzburg Airport,,,
1138,Europe,Central Europe,Austria,Vienna,,VIE,,,Vienna International Airport,,,
1139,Europe,Central Europe,Czech Republic,Brno,,BRQ,,,Brno–Tuřany Airport,,,
1140,Europe,Central Europe,Czech Republic,České Budějovice,,JCL,,,České Budějovice Airport,,,
1141,Europe,Central Europe,Czech Republic,Karlovy Vary,,KLV,,,Karlovy Vary Airport,,,
1142,Europe,Central Europe,Czech Republic,Ostrava,,OSR,,,Leoš Janáček Airport,,,
1143,Europe,Central Europe,Czech Republic,Pardubice,,PED,,,Pardubice Airport,,,
1144,Europe,Central Europe,Czech Republic,Prague,,PRG,,,Václav Havel Airport,,,
1145,Europe,Central Europe,Germany,Baden-Baden/Karlsruhe,,FKB,,,Karlsruhe/Baden-Baden Airport,,,
1146,Europe,Central Europe,Germany,Berlin,,BER,,,Berlin Brandenburg Airport,,,
1147,Europe,Central Europe,Germany,Bremen,,BRE,,,Bremen Airport,,,
1148,Europe,Central Europe,Germany,Cologne/Bonn,,CGN,,,Cologne/Bonn Airport,,,
1149,Europe,Central Europe,Germany,Dortmund,,DTM,,,Dortmund Airport,,,
1150,Europe,Central Europe,Germany,Düsseldorf,,DUS,,,Düsseldorf Airport,,,
1151,Europe,Central Europe,Germany,Frankfurt,,FRA,,,Frankfurt Airport,,,
1152,Europe,Central Europe,Germany,Frankfurt,,HHN,,,Frankfurt-Hahn Airport,,,
1153,Europe,Central Europe,Germany,Freiburg im Breisgau,,MLH/BSL/EAP,,,EuroAirport Basel–Mulhouse–Freiburg,,,
1154,Europe,Central Europe,Germany,Friedrichshafen,,FDH,,,Friedrichshafen Airport,,,
1155,Europe,Central Europe,Germany,Hamburg,,HAM,,,Hamburg Airport,,,
1156,Europe,Central Europe,Germany,Hanover,,HAJ,,,Hannover Airport,,,
1157,Europe,Central Europe,Germany,Leipzig,,LEJ,,,Leipzig/Halle Airport,,,
1158,Europe,Central Europe,Germany,Lübeck,,LBC,,,Lübeck Airport,,,
1159,Europe,Central Europe,Germany,Memmingen,,FMM,,,Memmingen Airport,,,
1160,Europe,Central Europe,Germany,Munich,,MUC,,,Munich Airport,,,
1161,Europe,Central Europe,Germany,Nuremberg,,NUE,,,Nuremberg Airport,,,
1162,Europe,Central Europe,Germany,Stuttgart,,STR,,,Stuttgart Airport,,,
1163,Europe,Central Europe,Germany,Weeze,,NRN,,,Weeze Airport,,,
1164,Europe,Central Europe,Hungary,Budapest,,BUD,,,Budapest Ferenc Liszt International Airport,,,
1165,Europe,Central Europe,Hungary,Debrecen,,DEB,,,Debrecen International Airport,,,
1166,Europe,Central Europe,Hungary,Győr,,QGY,,,Győr-Pér International Airport,,,
1167,Europe,Central Europe,Hungary,Hévíz,,SOB,,,Hévíz-Balaton Airport,,,
1168,Europe,Central Europe,Hungary,Pécs,,QPJ,,,Pécs-Pogány International Airport,,,
1169,Europe,Central Europe,Poland,Bydgoszcz,,BZG,,,Bydgoszcz Ignacy Jan Paderewski Airport,,,
1170,Europe,Central Europe,Poland,Gdańsk,,GDN,,,Gdańsk Lech Wałęsa Airport,,,
1171,Europe,Central Europe,Poland,Katowice,,KTW,,,Katowice Airport,,,
1172,Europe,Central Europe,Poland,Kraków,,KRK,,,Kraków John Paul II International Airport,,,
1173,Europe,Central Europe,Poland,Lublin,,LUZ,,,Lublin Airport,,,
1174,Europe,Central Europe,Poland,Łódź,,LCJ,,,Łódź Władysław Reymont Airport,,,
1175,Europe,Central Europe,Poland,Olsztyn,,SZY,,,Olsztyn-Mazury Airport,,,
1176,Europe,Central Europe,Poland,Poznań,,POZ,,,Poznań–Ławica Airport,,,
1177,Europe,Central Europe,Poland,Rzeszów,,RZE,,,Rzeszów–Jasionka Airport,,,
1178,Europe,Central Europe,Poland,Szczecin,,SZZ,,,Solidarity Szczecin–Goleniów Airport,,,
1179,Europe,Central Europe,Poland,Warsaw,,WAW,,,Warsaw Chopin Airport,,,
1180,Europe,Central Europe,Poland,Warsaw,,WMI,,,Warsaw Modlin Airport,,,
1181,Europe,Central Europe,Poland,Warsaw,,RDO,,,Warsaw Radom Airport,,,
1182,Europe,Central Europe,Poland,Wrocław,,WRO,,,Wrocław Airport,,,
1183,Europe,Central Europe,Slovakia,Bratislava,,BTS,,,Bratislava Airport,,,
1184,Europe,Central Europe,Slovakia,Košice,,KSC,,,Košice International Airport,,,
1185,Europe,Central Europe,Slovakia,Piešťany,,PZY,,,Piešťany Airport,,,
1186,Europe,Central Europe,Slovakia,Poprad,,TAT,,,Poprad-Tatry Airport,,,
1187,Europe,Central Europe,Slovakia,Žilina,,ILZ,,,Žilina Airport,,,
1188,Europe,Central Europe,Switzerland,Basel,,BSL,,,EuroAirport Basel Mulhouse Freiburg,,,
1189,Europe,Central Europe,Switzerland,Bern,,BRN,,,Bern Airport,,,
1190,Europe,Central Europe,Switzerland,Geneva,,GVA,,,Geneva Airport,,,
1191,Europe,Central Europe,Switzerland,Lugano,,LUG,,,Lugano Airport,,,
1192,Europe,Central Europe,Switzerland,St. Gallen,,ACH,,,St. Gallen–Altenrhein Airport,,,
1193,Europe,Central Europe,Switzerland,Zürich,,ZRH,,,Zurich Airport,,,
1194,Europe,Southern Europe,Croatia,Brač,,BWK,,,Brač Airport,,,
1195,Europe,Southern Europe,Croatia,Dubrovnik,,DBV,,,Dubrovnik Airport,,,
1196,Europe,Southern Europe,Croatia,Mali Lošinj,,LSZ,,,Lošinj Airport,,,
1197,Europe,Southern Europe,Croatia,Osijek,,OSI,,,Osijek Airport,,,
1198,Europe,Southern Europe,Croatia,Pula,,PUY,,,Pula Airport,,,
1199,Europe,Southern Europe,Croatia,Rijeka,,RJK,,,Rijeka Airport,,,
1200,Europe,Southern Europe,Croatia,Split,,SPU,,,Split Airport,,,
1201,Europe,Southern Europe,Croatia,Zadar,,ZAD,,,Zadar Airport,,,
1202,Europe,Southern Europe,Croatia,Zagreb,,ZAG,,,Zagreb Airport,,,
1203,Europe,Southern Europe,Greece,Athens,,ATH,,,Athens International Airport,,,
1204,Europe,Southern Europe,Greece,Cephalonia,,EFL,,,Kefalonia Island International Airport,,,
1205,Europe,Southern Europe,Greece,Chania,,CHQ,,,Chania International Airport,,,
1206,Europe,Southern Europe,Greece,Chios,,JKH,,,Chios Island National Airport,,,
1207,Europe,Southern Europe,Greece,Corfu,,CFU,,,Corfu International Airport,,,
1208,Europe,Southern Europe,Greece,Heraklion,,HER,,,Heraklion International Airport,,,
1209,Europe,Southern Europe,Greece,Kalamata,,KLX,,,Kalamata International Airport,,,
1210,Europe,Southern Europe,Greece,Karpathos,,AOK,,,Karpathos Island National Airport,,,
1211,Europe,Southern Europe,Greece,Kavala,,KVA,,,Kavala International Airport,,,
1212,Europe,Southern Europe,Greece,Kos,,KGS,,,Kos International Airport,,,
1213,Europe,Southern Europe,Greece,Mykonos,,JMK,,,Mykonos Airport,,,
1214,Europe,Southern Europe,Greece,Mytilene,,MJT,,,Mytilene International Airport,,,
1215,Europe,Southern Europe,Greece,Preveza,,PVK,,,Aktion National Airport,,,
1216,Europe,Southern Europe,Greece,Rhodes,,RHO,,,Rhodes International Airport,,,
1217,Europe,Southern Europe,Greece,Samos,,SMI,,,Samos International Airport,,,
1218,Europe,Southern Europe,Greece,Santorini,,JTR,,,Santorini (Thira) International Airport,,,
1219,Europe,Southern Europe,Greece,Skiathos,,JSI,,,Skiathos International Airport,,,
1220,Europe,Southern Europe,Greece,Skyros,,SKU,,,Skyros Island National Airport,,,
1221,Europe,Southern Europe,Greece,Thessaloniki,,SKG,,,Thessaloniki Airport,,,
1222,Europe,Southern Europe,Greece,Volos,,VOL,,,Nea Anchialos National Airport,,,
1223,Europe,Southern Europe,Greece,Zakynthos,,ZTH,,,Zakynthos International Airport,,,
1224,Europe,Southern Europe,Italy,Alghero,,AHO,,,Fertilia Airport,,,
1225,Europe,Southern Europe,Italy,Ancona,,AOI,,,Ancona Airport,,,
1226,Europe,Southern Europe,Italy,Bari,,BRI,,,Palese Airport,,,
1227,Europe,Southern Europe,Italy,Bergamo,,BGY,,,Orio al Serio Airport,,,
1228,Europe,Southern Europe,Italy,Bologna,,BLQ,,,Bologna Airport,,,
1229,Europe,Southern Europe,Italy,Brescia,,VBS,,,Brescia Airport,,,
1230,Europe,Southern Europe,Italy,Brindisi,,BDS,,,Brindisi Airport,,,
1231,Europe,Southern Europe,Italy,Cagliari,,CAG,,,Cagliari Airport,,,
1232,Europe,Southern Europe,Italy,Catania,,CTA,,,Fontanarossa Airport,,,
1233,Europe,Southern Europe,Italy,Cuneo,,CUF,,,Cuneo Levaldigi Airport,,,
1234,Europe,Southern Europe,Italy,Florence,,FLR,,,Peretola Airport,,,
1235,Europe,Southern Europe,Italy,Genoa,,GOA,,,Cristoforo Colombo Airport,,,
1236,Europe,Southern Europe,Italy,Lamezia,,SUF,,,Lamezia Terme Airport,,,
1237,Europe,Southern Europe,Italy,Milan,,LIN,,,Linate Airport,,,
1238,Europe,Southern Europe,Italy,Milan,,MXP,,,Milan Malpensa Airport,,,
1239,Europe,Southern Europe,Italy,Naples,,NAP,,,Naples International Airport,,,
1240,Europe,Southern Europe,Italy,Olbia,,OLB,,,Costa Smeralda Airport,,,
1241,Europe,Southern Europe,Italy,Palermo,,PMO,,,Palermo Airport,,,
1242,Europe,Southern Europe,Italy,Parma,,PMF,,,Giuseppe Verdi Airport,,,
1243,Europe,Southern Europe,Italy,Perugia,,PEG,,,San Egidio Airport,,,
1244,Europe,Southern Europe,Italy,Pescara,,PSR,,,Abruzzo Airport,,,
1245,Europe,Southern Europe,Italy,Pisa,,PSA,,,Galileo Galilei Airport,,,
1246,Europe,Southern Europe,Italy,Rimini,,RMI,,,Federico Fellini Airport,,,
1247,Europe,Southern Europe,Italy,Rome,,FCO,,,Leonardo da Vinci–Fiumicino Airport,,,
1248,Europe,Southern Europe,Italy,Rome,,CIA,,,Rome Ciampino Airport,,,
1249,Europe,Southern Europe,Italy,Salerno,,QSR,,,Salerno Costa d'Amalfi Airport,,,
1250,Europe,Southern Europe,Italy,Trapani,,TPS,,,Vincenzo Florio Airport,,,
1251,Europe,Southern Europe,Italy,Trieste,,TRS,,,Friuli Venezia Giulia Airport,,,
1252,Europe,Southern Europe,Italy,Turin,,TRN,,,Caselle Airport,,,
1253,Europe,Southern Europe,Italy,Venice,,VCE,,,Venice Marco Polo Airport,,,
1254,Europe,Southern Europe,Italy,Verona,,VRN,,,Verona Villafranca Airport,,,
1255,Europe,Southern Europe,Malta,Ħal Luqa,,MLA,,,Malta International Airport,,,
1256,Europe,Southern Europe,Portugal,Beja,,BYJ,,,Beja Airport,,,
1257,Europe,Southern Europe,Portugal,Faro,,FAO,,,Faro Airport,,,
1258,Europe,Southern Europe,Portugal,Funchal,,FNC,,,Madeira Airport,,,
1259,Europe,Southern Europe,Portugal,Lisbon,,LIS,,,Lisbon Airport,,,
1260,Europe,Southern Europe,Portugal,Ponta Delgada,,PDL,,,João Paulo II Airport,,,
1261,Europe,Southern Europe,Portugal,Porto,,OPO,,,Porto Airport,,,
1262,Europe,Southern Europe,Portugal,Porto Santo Island,,PXO,,,Porto Santo Airport,,,
1263,Europe,Southern Europe,Portugal,Terceira Island,,TER,,,Lajes Airport,,,
1264,Europe,Southern Europe,Slovenia,Ljubljana,,LJU,,,Ljubljana Jože Pučnik Airport,,,
1265,Europe,Southern Europe,Slovenia,Maribor,,MBX,,,Maribor Edvard Rusjan Airport,,,
1266,Europe,Southern Europe,Slovenia,Portorož,,POW,,,Portorož Airport,,,
1267,Europe,Southern Europe,Spain,A Coruña,,LCG,,,A Coruña Airport,,,
1268,Europe,Southern Europe,Spain,Alicante,,ALC,,,Alicante–Elche Miguel Hernández Airport,,,
1269,Europe,Southern Europe,Spain,Almería,,LEI,,,Almería Airport,,,
1270,Europe,Southern Europe,Spain,Asturias,,OVD,,,Asturias Airport,,,
1271,Europe,Southern Europe,Spain,Barcelona,,BCN,,,Josep Tarradellas Barcelona–El Prat Airport,,,
1272,Europe,Southern Europe,Spain,Bilbao,,BIO,,,Bilbao Airport,,,
1273,Europe,Southern Europe,Spain,Castellón de la Plana,,CDT,,,Castellón–Costa Azahar Airport,,,
1274,Europe,Southern Europe,Spain,Fuerteventura,,FUE,,,Fuerteventura Airport,,,
1275,Europe,Southern Europe,Spain,Girona,,GRO,,,Girona-Costa Brava Airport,,,
1276,Europe,Southern Europe,Spain,Gran Canaria,,LPA,,,Gran Canaria Airport,,,
1277,Europe,Southern Europe,Spain,Granada,,GRX,,,Federico García Lorca Granada Airport,,,
1278,Europe,Southern Europe,Spain,Huesca,,HSK,,,Huesca-Pirineos Airport,,,
1279,Europe,Southern Europe,Spain,Ibiza,,IBZ,,,Ibiza Airport,,,
1280,Europe,Southern Europe,Spain,Jerez de la Frontera,,XRY,,,Jerez Airport,,,
1281,Europe,Southern Europe,Spain,La Palma,,SPC,,,La Palma Airport,,,
1282,Europe,Southern Europe,Spain,Lanzarote,,ACE,,,Lanzarote Airport,,,
1283,Europe,Southern Europe,Spain,Lleida,,ILD,,,Alguaire Airport,,,
1284,Europe,Southern Europe,Spain,Madrid,,MAD,,,Madrid-Barajas Airport,,,
1285,Europe,Southern Europe,Spain,Málaga,,AGP,,,Málaga Airport,,,
1286,Europe,Southern Europe,Spain,Menorca,,MAH,,,Menorca Airport,,,
1287,Europe,Southern Europe,Spain,Murcia,,RMU,,,Región de Murcia International Airport,,,
1288,Europe,Southern Europe,Spain,Palma de Mallorca,,PMI,,,Palma de Mallorca Airport,,,
1289,Europe,Southern Europe,Spain,Pamplona,,PNA,,,Pamplona Airport,,,
1290,Europe,Southern Europe,Spain,Reus,,REU,,,Reus Airport,,,
1291,Europe,Southern Europe,Spain,Santander,,SDR,,,Santander Airport,,,
1292,Europe,Southern Europe,Spain,Santiago de Compostela,,SCQ,,,Santiago de Compostela Airport,,,
1293,Europe,Southern Europe,Spain,Seville,,SVQ,,,Seville Airport,,,
1294,Europe,Southern Europe,Spain,Tenerife,,TFN,,,Tenerife North–Ciudad de La Laguna Airport,,,
1295,Europe,Southern Europe,Spain,Tenerife,,TFS,,,Tenerife South Airport,,,
1296,Europe,Southern Europe,Spain,Valencia,,VLC,,,Valencia Airport,,,
1297,Europe,Southern Europe,Spain,Valladolid,,VLL,,,Valladolid Airport,,,
1298,Europe,Southern Europe,Spain,Vigo,,VGO,,,Vigo–Peinador Airport,,,
1299,Europe,Southern Europe,Spain,Vitoria-Gasteiz,,VIT,,,Vitoria Airport,,,
1300,Europe,Southern Europe,Spain,Zaragoza,,ZAZ,,,Zaragoza Airport,,,
1301,Europe,Eastern Europe,Albania,Kukes,,KFZ,,,Kukës International Airport Zayed,,,
1302,Europe,Eastern Europe,Albania,Tirana,,TIA,,,Tirana International Airport Nënë Tereza,,,
1303,Europe,Eastern Europe,Belarus,Grodno,,GNA,,,Hrodna Airport,,,
1304,Europe,Eastern Europe,Belarus,Gomel,,GME,,,Gomel Airport,,,
1305,Europe,Eastern Europe,Belarus,Minsk,,MSQ,,,Minsk International Airport,,,
1306,Europe,Eastern Europe,Bosnia and Herzegovina,Banja Luka,,BNX,,,Banja Luka International Airport,,,
1307,Europe,Eastern Europe,Bosnia and Herzegovina,Mostar,,OMO,,,Mostar International Airport,,,
1308,Europe,Eastern Europe,Bosnia and Herzegovina,Sarajevo,,SJJ,,,Sarajevo International Airport,,,
1309,Europe,Eastern Europe,Bosnia and Herzegovina,Tuzla,,TZL,,,Tuzla International Airport,,,
1310,Europe,Eastern Europe,Bulgaria,Burgas,,BOJ,,,Burgas Airport,,,
1311,Europe,Eastern Europe,Bulgaria,Plovdiv,,PDV,,,Plovdiv Airport,,,
1312,Europe,Eastern Europe,Bulgaria,Sofia,,SOF,,,Sofia Airport,,,
1313,Europe,Eastern Europe,Bulgaria,Varna,,VAR,,,Varna Airport,,,
1314,Europe,Eastern Europe,Kosovo,Pristina,,PRN,,,Pristina International Airport,,,
1315,Europe,Eastern Europe,Moldova,Chişinău,,RMO,,,Chișinău International Airport,,,
1316,Europe,Eastern Europe,Romania,Arad,,ARW,,,Arad International Airport,,,
1317,Europe,Eastern Europe,Romania,Bacau,,BCM,,,George Enescu International Airport,,,
1318,Europe,Eastern Europe,Romania,Baia Mare,,BAY,,,Maramureș Airport,,,
1319,Europe,Eastern Europe,Romania,Brașov,,GHV,,,Brașov-Ghimbav International Airport,,,
1320,Europe,Eastern Europe,Romania,Bucharest,,OTP,,,Henri Coandă International Airport,,,
1321,Europe,Eastern Europe,Romania,Bucharest,,BBU,,,Aurel Vlaicu International Airport,,,
1322,Europe,Eastern Europe,Romania,Cluj-Napoca,,CLJ,,,Cluj-Napoca International Airport,,,
1323,Europe,Eastern Europe,Romania,Constanța,,CND,,,Mihail Kogălniceanu International Airport,,,
1324,Europe,Eastern Europe,Romania,Craiova,,CRA,,,Craiova International Airport,,,
1325,Europe,Eastern Europe,Romania,Iași,,IAS,,,Iași International Airport,,,
1326,Europe,Eastern Europe,Romania,Oradea,,OMR,,,Oradea International Airport,,,
1327,Europe,Eastern Europe,Romania,Satu Mare,,SUJ,,,Satu Mare International Airport,,,
1328,Europe,Eastern Europe,Romania,Sibiu,,SBZ,,,Sibiu International Airport,,,
1329,Europe,Eastern Europe,Romania,Suceava,,SCV,,,Suceava International Airport,,,
1330,Europe,Eastern Europe,Romania,Târgu Mureș,,TGM,,,Târgu Mureș International Airport,,,
1331,Europe,Eastern Europe,Romania,Timișoara,,TSR,,,Timișoara Traian Vuia International Airport,,,
1332,Europe,Eastern Europe,Montenegro,Podgorica,,TGD,,,Podgorica Airport,,,
1333,Europe,Eastern Europe,Montenegro,Tivat,,TIV,,,Tivat Airport,,,
1334,Europe,Eastern Europe,North Macedonia,Ohrid,,OHD,,,Ohrid St. Paul the Apostle Airport,,,
1335,Europe,Eastern Europe,North Macedonia,Skopje,,SKP,,,Skopje International Airport,,,
1336,Europe,Eastern Europe,Russia,Abakan,,ABA,,,Abakan International Airport,,,
1337,Europe,Eastern Europe,Russia,Anadyr,,DYR,,,Ugolny Airport,,,
1338,Europe,Eastern Europe,Russia,Anapa,,AAQ,,,Anapa Airport,,,
1339,Europe,Eastern Europe,Russia,Arkhangelsk,,ARH,,,Talagi Airport,,,
1340,Europe,Eastern Europe,Russia,Astrakhan,,ASF,,,Narimanovo Airport,,,
1341,Europe,Eastern Europe,Russia,Barnaul,,BAX,,,Barnaul Airport,,,
1342,Europe,Eastern Europe,Russia,Belgorod,,EGO,,,Belgorod International Airport,,,
1343,Europe,Eastern Europe,Russia,Blagoveshchensk,,BQS,,,Ignatyevo Airport,,,
1344,Europe,Eastern Europe,Russia,Bratsk,,BTK,,,Bratsk Airport,,,
1345,Europe,Eastern Europe,Russia,Bryansk,,BZK,,,Bryansk International Airport,,,
1346,Europe,Eastern Europe,Russia,Cheboksary,,CSY,,,Cheboksary International Airport,,,
1347,Europe,Eastern Europe,Russia,Chelyabinsk,,CEK,,,Chelyabinsk Airport,,,
1348,Europe,Eastern Europe,Russia,Cherepovets,,CEE,,,Cherepovets Airport,,,
1349,Europe,Eastern Europe,Russia,Chita,,HTA,,,Chita-Kadala International Airport,,,
1350,Europe,Eastern Europe,Russia,Elista,,ESL,,,Elista Airport,,,
1351,Europe,Eastern Europe,Russia,Grozny,,GRV,,,Grozny Airport,,,
1352,Europe,Eastern Europe,Russia,Irkutsk,,IKT,,,Irkutsk Airport,,,
1353,Europe,Eastern Europe,Russia,Kaliningrad,,KGD,,,Khrabrovo Airport,,,
1354,Europe,Eastern Europe,Russia,Kazan,,KZN,,,Kazan Airport,,,
1355,Europe,Eastern Europe,Russia,Khabarovsk,,KHV,,,Khabarovsk Novy Airport,,,
1356,Europe,Eastern Europe,Russia,Komsomolsk-on-Amur,,KXK,,,Komsomolsk-on-Amur Airport,,,
1357,Europe,Eastern Europe,Russia,Krasnodar,,KRR,,,Pashkovsky Airport,,,
1358,Europe,Eastern Europe,Russia,Krasnoyarsk,,KJA,,,Yemelyanovo International Airport,,,
1359,Europe,Eastern Europe,Russia,Kursk,,URS,,,Kursk Vostochny Airport,,,
1360,Europe,Eastern Europe,Russia,Magadan,,GDX,,,Sokol Airport,,,
1361,Europe,Eastern Europe,Russia,Magnitogorsk,,MQF,,,Magnitogorsk International Airport,,,
1362,Europe,Eastern Europe,Russia,Makhachkala,,MCX,,,Uytash Airport,,,
1363,Europe,Eastern Europe,Russia,Mineralnye Vody,,MRV,,,Mineralnye Vody Airport,,,
1364,Europe,Eastern Europe,Russia,Moscow,,DME,,,Domodedovo International Airport,,,
1365,Europe,Eastern Europe,Russia,Moscow,,ZIA,,,Zhukovsky International Airport,,,
1366,Europe,Eastern Europe,Russia,Moscow,,SVO,,,Sheremetyevo International Airport,,,
1367,Europe,Eastern Europe,Russia,Moscow,,VKO,,,Vnukovo Airport,,,
1368,Europe,Eastern Europe,Russia,Murmansk,,MMK,,,Murmansk Airport,,,
1369,Europe,Eastern Europe,Russia,Nalchik,,NAL,,,Nalchik Airport,,,
1370,Europe,Eastern Europe,Russia,Nizhnekamsk,,NBC,,,Begishevo Airport,,,
1371,Europe,Eastern Europe,Russia,Nizhnevartovsk,,NJC,,,Nizhnevartovsk Airport,,,
1372,Europe,Eastern Europe,Russia,Nizhny Novgorod,,GOJ,,,Strigino Airport,,,
1373,Europe,Eastern Europe,Russia,Novokuznetsk,,NOZ,,,Spichenkovo Airport,,,
1374,Europe,Eastern Europe,Russia,Novosibirsk,,OVB,,,Tolmachevo Airport,,,
1375,Europe,Eastern Europe,Russia,Omsk,,OMS,,,Omsk Tsentralny Airport,,,
1376,Europe,Eastern Europe,Russia,Orenburg,,REN,,,Orenburg Tsentralny Airport,,,
1377,Europe,Eastern Europe,Russia,Orsk,,OSW,,,Orsk Airport,,,
1378,Europe,Eastern Europe,Russia,Perm,,PEE,,,Perm International Airport,,,
1379,Europe,Eastern Europe,Russia,Petrozavodsk,,PES,,,Petrozavodsk Airport,,,
1380,Europe,Eastern Europe,Russia,Provideniya,,PVS,,,Provideniya Bay Airport,,,
1381,Europe,Eastern Europe,Russia,Petropavlovsk-Kamchatsky,,PKC,,,Yelizovo Airport,,,
1382,Europe,Eastern Europe,Russia,Pskov,,PKV,,,Pskov Airport,,,
1383,Europe,Eastern Europe,Russia,Rostov-on-Don,,ROV,,,Platov International Airport,,,
1384,Europe,Eastern Europe,Russia,St. Petersburg,,LED,,,Pulkovo Airport,,,
1385,Europe,Eastern Europe,Russia,Samara,,KUF,,,Samara Kurumoch Airport,,,
1386,Europe,Eastern Europe,Russia,Saratov,,GSV,,,Saratov Gagarin Airport,,,
1387,Europe,Eastern Europe,Russia,Sochi,,AER,,,Sochi International Airport,,,
1388,Europe,Eastern Europe,Russia,Stavropol,,STW,,,Stavropol Shpakovskoye Airport,,,
1389,Europe,Eastern Europe,Russia,Surgut,,SGC,,,Farman Salmanov Surgut Airport,,,
1390,Europe,Eastern Europe,Russia,Syktyvkar,,SCW,,,Syktyvkar Airport,,,
1391,Europe,Eastern Europe,Russia,Tomsk,,TOF,,,Bogashevo Airport,,,
1392,Europe,Eastern Europe,Russia,Tyumen,,TJM,,,Roshchino International Airport,,,
1393,Europe,Eastern Europe,Russia,Ulan-Ude,,UUD,,,Baikal International Airport,,,
1394,Europe,Eastern Europe,Russia,Ulyanovsk,,ULV,,,Ulyanovsk Baratayevka Airport,,,
1395,Europe,Eastern Europe,Russia,Ufa,,UFA,,,Ufa International Airport,,,
1396,Europe,Eastern Europe,Russia,Vladivostok,,VVO,,,Vladivostok International Airport,,,
1397,Europe,Eastern Europe,Russia,Vladikavkaz,,OGZ,,,Beslan Airport,,,
1398,Europe,Eastern Europe,Russia,Volgograd,,VOG,,,Volgograd International Airport,,,
1399,Europe,Eastern Europe,Russia,Voronezh,,VOZ,,,Voronezh International Airport,,,
1400,Europe,Eastern Europe,Russia,Yakutsk,,YKS,,,Yakutsk Airport,,,
1401,Europe,Eastern Europe,Russia,Yaroslavl,,IAR,,,Tunoshna Airport,,,
1402,Europe,Eastern Europe,Russia,Yekaterinburg,,SVX,,,Koltsovo International Airport,,,
1403,Europe,Eastern Europe,Russia,Yuzhno-Sakhalinsk,,UUS,,,Yuzhno-Sakhalinsk Airport,,,
1404,Europe,Eastern Europe,Serbia,Belgrade,,BEG,,,Belgrade Nikola Tesla Airport,,,
1405,Europe,Eastern Europe,Serbia,Kraljevo,,KVO,,,Morava Airport,,,
1406,Europe,Eastern Europe,Serbia,Niš,,INI,,,Niš Constantine the Great Airport,,,
1407,Europe,Eastern Europe,Ukraine,Chernivtsi,,CWC,,,Chernivtsi International Airport,,,
1408,Europe,Eastern Europe,Ukraine,Ivano-Frankivsk,,IFO,,,Ivano-Frankivsk International Airport,,,
1409,Europe,Eastern Europe,Ukraine,Kharkiv,,HRK,,,Kharkiv International Airport,,,
1410,Europe,Eastern Europe,Ukraine,Kryvyi Rih,,KWG,,,Kryvyi Rih International Airport,,,
1411,Europe,Eastern Europe,Ukraine,Kyiv,,KBP,,,Boryspil International Airport,,,
1412,Europe,Eastern Europe,Ukraine,Kyiv,,IEV,,,Kyiv International Airport,,,
1413,Europe,Eastern Europe,Ukraine,Lviv,,LWO,,,Lviv Danylo Halytskyi International Airport,,,
1414,Europe,Eastern Europe,Ukraine,Mykolaiv,,NLV,,,Mykolaiv International Airport,,,
1415,Europe,Eastern Europe,Ukraine,Odesa,,ODS,,,Odesa International Airport,,,
1416,Europe,Eastern Europe,Ukraine,Poltava,,PLV,,,Poltava Airport,,,
1417,Europe,Eastern Europe,Ukraine,Simferopol,,SIP,,,Simferopol International Airport,,,
1418,Europe,Eastern Europe,Ukraine,Uzhhorod,,UDJ,,,Uzhhorod International Airport,,,
1419,Europe,Eastern Europe,Ukraine,Zaporizhzhia,,OZH,,,Zaporizhzhia International Airport,,,
1420,Europe,Nordic Region,Denmark,Aalborg,,AAL,,,Aalborg Airport,,,
1421,Europe,Nordic Region,Denmark,Aarhus,,AAR,,,Aarhus Airport,,,
1422,Europe,Nordic Region,Denmark,Billund,,BLL,,,Billund Airport,,,
1423,Europe,Nordic Region,Denmark,Copenhagen,,CPH,,,Copenhagen Airport,,,
1424,Europe,Nordic Region,Estonia,Pärnu,,EPU,,,Pärnu Airport,,,
1425,Europe,Nordic Region,Estonia,Tallinn,,TLL,,,Lennart Meri Tallinn Airport,,,
1426,Europe,Nordic Region,Estonia,Tartu,,TAY,,,Tartu Airport,,,
1427,Europe,Nordic Region,Faroe Islands,Vágar,,FAE,,,Vágar Airport,,,
1428,Europe,Nordic Region,Finland,Åland,,MHQ,,,Mariehamn Airport,,,
1429,Europe,Nordic Region,Finland,Helsinki,,HEL,,,Helsinki-Vantaa Airport,,,
1430,Europe,Nordic Region,Finland,Kittilä,,KTT,,,Kittilä Airport,,,
1431,Europe,Nordic Region,Finland,Kuopio,,KUO,,,Kuopio Airport,,,
1432,Europe,Nordic Region,Finland,Kuusamo,,KAO,,,Kuusamo Airport,,,
1433,Europe,Nordic Region,Finland,Lappeenranta,,LPP,,,Lappeenranta Airport,,,
1434,Europe,Nordic Region,Finland,Oulu,,OUL,,,Oulu Airport,,,
1435,Europe,Nordic Region,Finland,Rovaniemi,,RVN,,,Rovaniemi Airport,,,
1436,Europe,Nordic Region,Finland,Savonlinna,,SVL,,,Savonlinna Airport,,,
1437,Europe,Nordic Region,Finland,Tampere,,TMP,,,Tampere–Pirkkala Airport,,,
1438,Europe,Nordic Region,Finland,Turku,,TKU,,,Turku Airport,,,
1439,Europe,Nordic Region,Finland,Vaasa,,VAA,,,Vaasa Airport,,,
1440,Europe,Nordic Region,Iceland,Akureyri,,AEY,,,Akureyri Airport,,,
1441,Europe,Nordic Region,Iceland,Egilsstaðir,,EGS,,,Egilsstaðir Airport,,,
1442,Europe,Nordic Region,Iceland,Reykjavík,,KEF,,,Keflavik International Airport,,,
1443,Europe,Nordic Region,Iceland,Reykjavík,,RKV,,,Reykjavík Airport,,,
1444,Europe,Nordic Region,Latvia,Riga,,RIX,,,Riga International Airport,,,
1445,Europe,Nordic Region,Latvia,Ventspils,,VNT,,,Ventspils International Airport,,,
1446,Europe,Nordic Region,Lithuania,Kaunas,,KUN,,,Kaunas Airport,,,
1447,Europe,Nordic Region,Lithuania,Palanga,,PLQ,,,Palanga International Airport,,,
1448,Europe,Nordic Region,Lithuania,Šiauliai,,SQQ,,,Šiauliai International Airport,,,
1449,Europe,Nordic Region,Lithuania,Vilnius,,VNO,,,Vilnius Airport,,,
1450,Europe,Nordic Region,Norway,Ålesund,,AES,,,Ålesund Airport,,,
1451,Europe,Nordic Region,Norway,Bergen,,BGO,,,Bergen Airport,,,
1452,Europe,Nordic Region,Norway,Bodø,,BOO,,,Bodø Airport,,,
1453,Europe,Nordic Region,Norway,Haugesund,,HAU,,,Haugesund Airport,,,
1454,Europe,Nordic Region,Norway,Kristiansand,,KRS,,,"Kristiansand Airport, Kjevik",,,
1455,Europe,Nordic Region,Norway,Kristiansund,,KSU,,,"Kristiansund Airport, Kvernberget",,,
1456,Europe,Nordic Region,Norway,Oslo,,OSL,,,"Oslo Airport, Gardermoen",,,
1457,Europe,Nordic Region,Norway,Oslo,,TRF,,,"Sandefjord Airport, Torp",,,
1458,Europe,Nordic Region,Norway,Stavanger,,SVG,,,Stavanger Airport,,,
1459,Europe,Nordic Region,Norway,Tromsø,,TOS,,,Tromsø Airport,,,
1460,Europe,Nordic Region,Norway,Trondheim,,TRD,,,Trondheim Airport,,,
1461,Europe,Nordic Region,Sweden,Gothenburg,,GOT,,,Göteborg Landvetter Airport,,,
1462,Europe,Nordic Region,Sweden,Luleå,,LLA,,,Luleå Airport,,,
1463,Europe,Nordic Region,Sweden,Malmö,,MMX,,,Malmö Airport,,,
1464,Europe,Nordic Region,Sweden,Norrköping,,NRK,,,Norrköping Airport,,,
1465,Europe,Nordic Region,Sweden,Östersund,,OSD,,,Åre Östersund Airport,,,
1466,Europe,Nordic Region,Sweden,Stockholm,,ARN,,,Stockholm Arlanda Airport,,,
1467,Europe,Nordic Region,Sweden,Stockholm,,BMA,,,Stockholm Bromma Airport,,,
1468,Europe,Nordic Region,Sweden,Stockholm,,NYO,,,Stockholm Skavsta Airport,,,
1469,Europe,Nordic Region,Sweden,Stockholm,,VST,,,Stockholm Västerås Airport,,,
1470,Europe,Nordic Region,Sweden,Sundsvall,,SDL,,,Sundsvall–Timrå Airport,,,
1471,Europe,Nordic Region,Sweden,Umeå,,UME,,,Umeå Airport,,,
1472,Europe,Nordic Region,Sweden,Växjö,,VXO,,,Växjö Airport,,,
1473,Europe,Nordic Region,Sweden,Visby,,VBY,,,Visby Airport,,,
