2025-11-09 11:12:06,800 - __main__ - INFO - Starting ML script
2025-11-09 12:35:04,333 - __main__ - INFO - Starting ML script
2025-11-09 12:44:30,030 - __main__ - INFO - starting pipeline pipeline_DecisionTreeClassifier_3
2025-11-09 12:44:36,662 - __main__ - INFO - pipeline duration: 6 seconds
2025-11-09 12:44:37,946 - __main__ - INFO - pipeline score: 0.8172442872964103
2025-11-09 12:44:37,947 - __main__ - INFO - Exporting model pipeline_DecisionTreeClassifier_3
2025-11-09 12:44:37,987 - __main__ - INFO - Export of model pipeline_DecisionTreeClassifier_3 over
2025-11-09 12:44:37,987 - __main__ - INFO - starting pipeline pipeline_OneVsOneClassifier_LogisticRegression
2025-11-09 12:45:23,026 - __main__ - INFO - pipeline duration: 45 seconds
2025-11-09 12:45:24,232 - __main__ - INFO - pipeline score: 0.8602940429379908
2025-11-09 12:45:24,232 - __main__ - INFO - Exporting model pipeline_OneVsOneClassifier_LogisticRegression
2025-11-09 12:45:24,272 - __main__ - INFO - Export of model pipeline_OneVsOneClassifier_LogisticRegression over
2025-11-09 12:45:24,273 - __main__ - INFO - starting pipeline pipeline_DecisionTreeClassifier_4
2025-11-09 12:45:31,504 - __main__ - INFO - pipeline duration: 7 seconds
2025-11-09 12:45:32,700 - __main__ - INFO - pipeline score: 0.829863545381575
2025-11-09 12:45:32,700 - __main__ - INFO - Exporting model pipeline_DecisionTreeClassifier_4
2025-11-09 12:45:32,738 - __main__ - INFO - Export of model pipeline_DecisionTreeClassifier_4 over
2025-11-09 12:45:32,739 - __main__ - INFO - starting pipeline pipeline_OneVsRestClassifier_LogisticRegression
2025-11-09 12:46:39,925 - __main__ - INFO - pipeline duration: 67 seconds
2025-11-09 12:46:41,117 - __main__ - INFO - pipeline score: 0.8600197112404873
2025-11-09 12:46:41,118 - __main__ - INFO - Exporting model pipeline_OneVsRestClassifier_LogisticRegression
2025-11-09 12:46:41,157 - __main__ - INFO - Export of model pipeline_OneVsRestClassifier_LogisticRegression over
2025-11-09 12:53:29,418 - __main__ - INFO - starting pipeline pipeline_DecisionTreeClassifier_3_simple
2025-11-09 12:53:36,150 - __main__ - INFO - pipeline duration: 6 seconds
2025-11-09 12:53:37,391 - __main__ - INFO - pipeline score: 0.8172442872964103
2025-11-09 12:53:37,391 - __main__ - INFO - Exporting model pipeline_DecisionTreeClassifier_3
2025-11-09 12:53:37,430 - __main__ - INFO - Export of model pipeline_DecisionTreeClassifier_3 over
2025-11-09 12:53:37,430 - __main__ - INFO - starting pipeline pipeline_DecisionTreeClassifier_4_simple
2025-11-09 12:53:44,789 - __main__ - INFO - pipeline duration: 7 seconds
2025-11-09 12:53:45,980 - __main__ - INFO - pipeline score: 0.829863545381575
2025-11-09 12:53:45,980 - __main__ - INFO - Exporting model pipeline_DecisionTreeClassifier_4
2025-11-09 12:53:46,018 - __main__ - INFO - Export of model pipeline_DecisionTreeClassifier_4 over
2025-11-09 12:59:16,401 - __main__ - INFO - Saving confusion matrix of pipeline_DecisionTreeClassifier_3_grid
2025-11-09 12:59:18,163 - __main__ - INFO - Saving confusion matrix of pipeline_DecisionTreeClassifier_4_grid
2025-11-09 13:04:03,978 - __main__ - INFO - Saving confusion matrix of pipeline_DecisionTreeClassifier_3_grid
2025-11-09 13:04:06,461 - __main__ - INFO - Saving confusion matrix of pipeline_DecisionTreeClassifier_4_grid
2025-11-09 13:04:27,581 - __main__ - INFO - Saving confusion matrix of pipeline_DecisionTreeClassifier_3_grid
2025-11-09 13:04:30,140 - __main__ - INFO - Saving confusion matrix of pipeline_DecisionTreeClassifier_4_grid
2025-11-09 13:37:08,642 - __main__ - INFO - Outputing classification metrics for pipeline_DecisionTreeClassifier_4
2025-11-09 13:37:36,761 - __main__ - INFO - Outputing classification metrics for pipeline_DecisionTreeClassifier_3
2025-11-09 13:53:17,993 - __main__ - INFO - Saving confusion matrix of pipeline_DecisionTreeClassifier_3_grid
2025-11-09 13:56:20,087 - __main__ - INFO - Saving confusion matrix of pipeline_DecisionTreeClassifier_3_grid
2025-11-09 13:56:39,906 - __main__ - INFO - Saving confusion matrix of pipeline_DecisionTreeClassifier_3_grid
2025-11-09 13:57:21,874 - __main__ - INFO - Saving confusion matrix of pipeline_DecisionTreeClassifier_3_grid
2025-11-09 14:35:44,386 - __main__ - INFO - Saving confusion matrix of pipeline_DecisionTreeClassifier_3_grid
2025-11-09 14:39:37,277 - __main__ - INFO - Saving confusion matrix of pipeline_DecisionTreeClassifier_3_grid
2025-11-09 14:42:45,950 - __main__ - INFO - Saving confusion matrix of pipeline_DecisionTreeClassifier_3_grid
2025-11-09 14:43:15,033 - __main__ - INFO - Saving confusion matrix of pipeline_DecisionTreeClassifier_3_grid
2025-11-09 14:48:23,509 - __main__ - INFO - starting pipeline pipeline_DecisionTreeClassifier_3 simple
2025-11-09 14:48:30,261 - __main__ - INFO - pipeline duration: 6 seconds
2025-11-09 14:48:31,639 - __main__ - INFO - pipeline score: 0.8172442872964103
2025-11-09 14:48:31,639 - __main__ - INFO - Exporting model pipeline_DecisionTreeClassifier_3
2025-11-09 14:48:31,696 - __main__ - INFO - Export of model pipeline_DecisionTreeClassifier_3 over
2025-11-09 14:48:31,696 - __main__ - INFO - starting pipeline pipeline_DecisionTreeClassifier_4 simple
2025-11-09 14:48:39,129 - __main__ - INFO - pipeline duration: 7 seconds
2025-11-09 14:48:40,326 - __main__ - INFO - pipeline score: 0.829863545381575
2025-11-09 14:48:40,326 - __main__ - INFO - Exporting model pipeline_DecisionTreeClassifier_4
2025-11-09 14:48:40,363 - __main__ - INFO - Export of model pipeline_DecisionTreeClassifier_4 over
2025-11-09 14:48:40,363 - __main__ - INFO - starting pipeline pipeline_OneVsOneClassifier_LogisticRegression simple
2025-11-09 14:49:35,835 - __main__ - INFO - pipeline duration: 55 seconds
2025-11-09 14:49:37,326 - __main__ - INFO - pipeline score: 0.8602940429379908
2025-11-09 14:49:37,326 - __main__ - INFO - Exporting model pipeline_OneVsOneClassifier_LogisticRegression
2025-11-09 14:49:37,390 - __main__ - INFO - Export of model pipeline_OneVsOneClassifier_LogisticRegression over
2025-11-09 14:49:37,390 - __main__ - INFO - starting pipeline pipeline_OneVsRestClassifier_LogisticRegression simple
2025-11-09 14:50:47,871 - __main__ - INFO - pipeline duration: 70 seconds
2025-11-09 14:50:49,096 - __main__ - INFO - pipeline score: 0.8600197112404873
2025-11-09 14:50:49,096 - __main__ - INFO - Exporting model pipeline_OneVsRestClassifier_LogisticRegression
2025-11-09 14:50:49,138 - __main__ - INFO - Export of model pipeline_OneVsRestClassifier_LogisticRegression over
2025-11-09 14:50:49,140 - __main__ - INFO - Outputing classification metrics for pipeline_DecisionTreeClassifier_3
2025-11-09 14:53:53,261 - __main__ - INFO - starting pipeline pipeline_DecisionTreeClassifier_3 simple
2025-11-09 14:53:59,592 - __main__ - INFO - pipeline duration: 6 seconds
2025-11-09 14:54:00,840 - __main__ - INFO - pipeline score: 0.8172442872964103
2025-11-09 14:54:00,840 - __main__ - INFO - Exporting model pipeline_DecisionTreeClassifier_3
2025-11-09 14:54:00,880 - __main__ - INFO - Export of model pipeline_DecisionTreeClassifier_3 over
2025-11-09 14:54:00,880 - __main__ - INFO - starting pipeline pipeline_DecisionTreeClassifier_4 simple
2025-11-09 14:54:08,560 - __main__ - INFO - pipeline duration: 7 seconds
2025-11-09 14:54:09,806 - __main__ - INFO - pipeline score: 0.829863545381575
2025-11-09 14:54:09,806 - __main__ - INFO - Exporting model pipeline_DecisionTreeClassifier_4
2025-11-09 14:54:09,846 - __main__ - INFO - Export of model pipeline_DecisionTreeClassifier_4 over
2025-11-09 14:54:09,846 - __main__ - INFO - starting pipeline pipeline_OneVsOneClassifier_LogisticRegression simple
2025-11-09 14:54:31,882 - __main__ - INFO - starting pipeline pipeline_DecisionTreeClassifier_3 simple
2025-11-09 14:54:37,018 - __main__ - INFO - starting pipeline pipeline_DecisionTreeClassifier_3 simple
2025-11-09 14:54:40,803 - __main__ - INFO - starting pipeline pipeline_DecisionTreeClassifier_3 simple
2025-11-09 14:54:47,004 - __main__ - INFO - pipeline duration: 6 seconds
2025-11-09 14:54:48,176 - __main__ - INFO - pipeline score: 0.8172442872964103
2025-11-09 14:54:48,176 - __main__ - INFO - Exporting model pipeline_DecisionTreeClassifier_3
2025-11-09 14:54:48,213 - __main__ - INFO - Export of model pipeline_DecisionTreeClassifier_3 over
2025-11-09 14:54:48,214 - __main__ - INFO - starting pipeline pipeline_DecisionTreeClassifier_4 simple
2025-11-09 14:54:55,490 - __main__ - INFO - pipeline duration: 7 seconds
2025-11-09 14:54:56,671 - __main__ - INFO - pipeline score: 0.829863545381575
2025-11-09 14:54:56,671 - __main__ - INFO - Exporting model pipeline_DecisionTreeClassifier_4
2025-11-09 14:54:56,712 - __main__ - INFO - Export of model pipeline_DecisionTreeClassifier_4 over
2025-11-09 14:54:56,712 - __main__ - INFO - starting pipeline pipeline_OneVsOneClassifier_LogisticRegression simple
2025-11-09 14:55:41,415 - __main__ - INFO - pipeline duration: 44 seconds
2025-11-09 14:55:42,655 - __main__ - INFO - pipeline score: 0.8602940429379908
2025-11-09 14:55:42,655 - __main__ - INFO - Exporting model pipeline_OneVsOneClassifier_LogisticRegression
2025-11-09 14:55:42,698 - __main__ - INFO - Export of model pipeline_OneVsOneClassifier_LogisticRegression over
2025-11-09 14:55:42,698 - __main__ - INFO - starting pipeline pipeline_OneVsRestClassifier_LogisticRegression simple
2025-11-09 14:56:46,702 - __main__ - INFO - pipeline duration: 64 seconds
2025-11-09 14:56:47,940 - __main__ - INFO - pipeline score: 0.8600197112404873
2025-11-09 14:56:47,940 - __main__ - INFO - Exporting model pipeline_OneVsRestClassifier_LogisticRegression
2025-11-09 14:56:47,985 - __main__ - INFO - Export of model pipeline_OneVsRestClassifier_LogisticRegression over
2025-11-09 14:56:47,987 - __main__ - INFO - Outputing classification metrics for pipeline_DecisionTreeClassifier_3
2025-11-09 14:56:49,230 - __main__ - INFO - Saving confusion matrix of pipeline_DecisionTreeClassifier_3_grid
2025-11-09 14:56:53,730 - __main__ - INFO - Outputing classification metrics for pipeline_DecisionTreeClassifier_4
2025-11-09 14:56:54,956 - __main__ - INFO - Saving confusion matrix of pipeline_DecisionTreeClassifier_4_grid
2025-11-09 14:56:59,726 - __main__ - INFO - Outputing classification metrics for pipeline_OneVsOneClassifier_LogisticRegression
2025-11-09 15:02:45,739 - __main__ - INFO - Outputing classification metrics for pipeline_DecisionTreeClassifier_3
2025-11-09 15:02:46,997 - __main__ - INFO - Saving confusion matrix of pipeline_DecisionTreeClassifier_3_grid
2025-11-09 15:02:51,154 - __main__ - INFO - Outputing classification metrics for pipeline_DecisionTreeClassifier_4
2025-11-09 15:02:52,392 - __main__ - INFO - Saving confusion matrix of pipeline_DecisionTreeClassifier_4_grid
2025-11-09 15:02:57,485 - __main__ - INFO - Outputing classification metrics for pipeline_OneVsOneClassifier_LogisticRegression
2025-11-09 15:03:14,625 - __main__ - INFO - Outputing classification metrics for pipeline_DecisionTreeClassifier_3
2025-11-09 15:03:15,841 - __main__ - INFO - Saving confusion matrix of pipeline_DecisionTreeClassifier_3_grid
2025-11-09 15:03:21,345 - __main__ - INFO - Outputing classification metrics for pipeline_DecisionTreeClassifier_4
2025-11-09 15:03:22,544 - __main__ - INFO - Saving confusion matrix of pipeline_DecisionTreeClassifier_4_grid
2025-11-09 15:03:29,011 - __main__ - INFO - Outputing classification metrics for pipeline_OneVsOneClassifier_LogisticRegression
2025-11-09 15:03:30,507 - __main__ - INFO - Saving confusion matrix of pipeline_OneVsOneClassifier_LogisticRegression_grid
2025-11-09 15:03:35,818 - __main__ - INFO - Outputing classification metrics for pipeline_OneVsRestClassifier_LogisticRegression
2025-11-09 15:03:37,483 - __main__ - INFO - Saving confusion matrix of pipeline_OneVsRestClassifier_LogisticRegression_grid
2025-11-09 15:11:47,539 - __main__ - INFO - Outputing classification metrics for pipeline_DecisionTreeClassifier_3
2025-11-09 15:11:48,759 - __main__ - INFO - Saving confusion matrix of pipeline_DecisionTreeClassifier_3_grid
2025-11-09 15:11:55,101 - __main__ - INFO - Outputing classification metrics for pipeline_DecisionTreeClassifier_4
2025-11-09 15:11:56,415 - __main__ - INFO - Saving confusion matrix of pipeline_DecisionTreeClassifier_4_grid
2025-11-09 15:12:02,684 - __main__ - INFO - Outputing classification metrics for pipeline_OneVsOneClassifier_LogisticRegression
2025-11-09 15:12:29,304 - __main__ - INFO - Outputing classification metrics for pipeline_DecisionTreeClassifier_3
2025-11-09 15:12:30,661 - __main__ - INFO - Saving confusion matrix of pipeline_DecisionTreeClassifier_3_grid
2025-11-09 15:18:10,964 - __main__ - INFO - Outputing classification metrics for pipeline_DecisionTreeClassifier_3
2025-11-09 15:18:12,895 - __main__ - INFO - Saving confusion matrix of pipeline_DecisionTreeClassifier_3_grid
2025-11-09 15:18:18,577 - __main__ - INFO - Outputing classification metrics for pipeline_DecisionTreeClassifier_4
2025-11-09 15:18:20,589 - __main__ - INFO - Saving confusion matrix of pipeline_DecisionTreeClassifier_4_grid
2025-11-09 15:18:27,191 - __main__ - INFO - Outputing classification metrics for pipeline_OneVsOneClassifier_LogisticRegression
2025-11-09 15:18:28,743 - __main__ - INFO - Saving confusion matrix of pipeline_OneVsOneClassifier_LogisticRegression_grid
2025-11-09 15:18:33,590 - __main__ - INFO - Outputing classification metrics for pipeline_OneVsRestClassifier_LogisticRegression
2025-11-09 15:18:35,126 - __main__ - INFO - Saving confusion matrix of pipeline_OneVsRestClassifier_LogisticRegression_grid
2025-11-09 15:21:39,011 - __main__ - INFO - starting pipeline pipeline_DecisionTreeClassifier_3 GridSearchCV
2025-11-09 15:22:10,489 - __main__ - INFO - starting pipeline pipeline_DecisionTreeClassifier GridSearchCV
2025-11-09 15:23:04,845 - __main__ - INFO - starting pipeline pipeline_DecisionTreeClassifier GridSearchCV
2025-11-09 15:50:33,779 - __main__ - INFO - starting pipeline pipeline_DecisionTreeClassifier simple
2025-11-09 15:52:24,417 - __main__ - INFO - Starting ML script
2025-11-09 15:53:36,715 - __main__ - INFO - Starting ML script
2025-11-09 15:53:43,521 - __main__ - INFO - End of ML script
2025-11-09 15:56:33,480 - __main__ - INFO - starting pipeline pipeline_DecisionTreeClassifier_grid_test simple
2025-11-09 15:57:07,119 - __main__ - INFO - starting pipeline pipeline_DecisionTreeClassifier_grid_test simple
2025-11-09 15:57:40,373 - __main__ - INFO - starting pipeline pipeline_DecisionTreeClassifier_grid_test GridSearchCV
2025-11-09 15:58:17,395 - __main__ - ERROR - 
Traceback (most recent call last):
  File "<stdin>", line 12, in test_pipeline_classification
    def __init__(self):
        ^^^^^^^^^^^^^^^
  File "C:\Users\nicol\OneDrive\GitHub_nicolascalo\DST_DE_Airlines\.venv\Lib\site-packages\sklearn\base.py", line 1365, in wrapper
    return fit_method(estimator, *args, **kwargs)
  File "C:\Users\nicol\OneDrive\GitHub_nicolascalo\DST_DE_Airlines\.venv\Lib\site-packages\sklearn\model_selection\_search.py", line 1051, in fit
    self._run_search(evaluate_candidates)
    ~~~~~~~~~~~~~~~~^^^^^^^^^^^^^^^^^^^^^
  File "C:\Users\nicol\OneDrive\GitHub_nicolascalo\DST_DE_Airlines\.venv\Lib\site-packages\sklearn\model_selection\_search.py", line 1605, in _run_search
    evaluate_candidates(ParameterGrid(self.param_grid))
    ~~~~~~~~~~~~~~~~~~~^^^^^^^^^^^^^^^^^^^^^^^^^^^^^^^^
  File "C:\Users\nicol\OneDrive\GitHub_nicolascalo\DST_DE_Airlines\.venv\Lib\site-packages\sklearn\model_selection\_search.py", line 1028, in evaluate_candidates
    _warn_or_raise_about_fit_failures(out, self.error_score)
    ~~~~~~~~~~~~~~~~~~~~~~~~~~~~~~~~~^^^^^^^^^^^^^^^^^^^^^^^
  File "C:\Users\nicol\OneDrive\GitHub_nicolascalo\DST_DE_Airlines\.venv\Lib\site-packages\sklearn\model_selection\_validation.py", line 505, in _warn_or_raise_about_fit_failures
    raise ValueError(all_fits_failed_message)
ValueError: 
All the 10 fits failed.
It is very likely that your model is misconfigured.
You can try to debug the error by setting error_score='raise'.

Below are more details about the failures:
--------------------------------------------------------------------------------
2 fits failed with the following error:
Traceback (most recent call last):
  File "C:\Users\nicol\OneDrive\GitHub_nicolascalo\DST_DE_Airlines\.venv\Lib\site-packages\sklearn\model_selection\_validation.py", line 859, in _fit_and_score
    estimator.fit(X_train, y_train, **fit_params)
    ~~~~~~~~~~~~~^^^^^^^^^^^^^^^^^^^^^^^^^^^^^^^^
  File "C:\Users\nicol\OneDrive\GitHub_nicolascalo\DST_DE_Airlines\.venv\Lib\site-packages\sklearn\base.py", line 1365, in wrapper
    return fit_method(estimator, *args, **kwargs)
  File "C:\Users\nicol\OneDrive\GitHub_nicolascalo\DST_DE_Airlines\.venv\Lib\site-packages\sklearn\pipeline.py", line 655, in fit
    Xt = self._fit(X, y, routed_params, raw_params=params)
  File "C:\Users\nicol\OneDrive\GitHub_nicolascalo\DST_DE_Airlines\.venv\Lib\site-packages\sklearn\pipeline.py", line 589, in _fit
    X, fitted_transformer = fit_transform_one_cached(
                            ~~~~~~~~~~~~~~~~~~~~~~~~^
        cloned_transformer,
        ^^^^^^^^^^^^^^^^^^^
    ...<5 lines>...
        params=step_params,
        ^^^^^^^^^^^^^^^^^^^
    )
    ^
  File "C:\Users\nicol\OneDrive\GitHub_nicolascalo\DST_DE_Airlines\.venv\Lib\site-packages\joblib\memory.py", line 326, in __call__
    return self.func(*args, **kwargs)
           ~~~~~~~~~^^^^^^^^^^^^^^^^^
  File "C:\Users\nicol\OneDrive\GitHub_nicolascalo\DST_DE_Airlines\.venv\Lib\site-packages\sklearn\pipeline.py", line 1540, in _fit_transform_one
    res = transformer.fit_transform(X, y, **params.get("fit_transform", {}))
  File "C:\Users\nicol\OneDrive\GitHub_nicolascalo\DST_DE_Airlines\.venv\Lib\site-packages\sklearn\utils\_set_output.py", line 316, in wrapped
    data_to_wrap = f(self, X, *args, **kwargs)
  File "C:\Users\nicol\OneDrive\GitHub_nicolascalo\DST_DE_Airlines\.venv\Lib\site-packages\sklearn\base.py", line 1365, in wrapper
    return fit_method(estimator, *args, **kwargs)
  File "C:\Users\nicol\OneDrive\GitHub_nicolascalo\DST_DE_Airlines\.venv\Lib\site-packages\sklearn\compose\_column_transformer.py", line 996, in fit_transform
    result = self._call_func_on_transformers(
        X,
    ...<3 lines>...
        routed_params=routed_params,
    )
  File "C:\Users\nicol\OneDrive\GitHub_nicolascalo\DST_DE_Airlines\.venv\Lib\site-packages\sklearn\compose\_column_transformer.py", line 897, in _call_func_on_transformers
    return Parallel(n_jobs=self.n_jobs)(jobs)
           ~~~~~~~~~~~~~~~~~~~~~~~~~~~~^^^^^^
  File "C:\Users\nicol\OneDrive\GitHub_nicolascalo\DST_DE_Airlines\.venv\Lib\site-packages\sklearn\utils\parallel.py", line 82, in __call__
    return super().__call__(iterable_with_config_and_warning_filters)
           ~~~~~~~~~~~~~~~~^^^^^^^^^^^^^^^^^^^^^^^^^^^^^^^^^^^^^^^^^^
  File "C:\Users\nicol\OneDrive\GitHub_nicolascalo\DST_DE_Airlines\.venv\Lib\site-packages\joblib\parallel.py", line 1986, in __call__
    return output if self.return_generator else list(output)
                                                ~~~~^^^^^^^^
  File "C:\Users\nicol\OneDrive\GitHub_nicolascalo\DST_DE_Airlines\.venv\Lib\site-packages\joblib\parallel.py", line 1914, in _get_sequential_output
    res = func(*args, **kwargs)
  File "C:\Users\nicol\OneDrive\GitHub_nicolascalo\DST_DE_Airlines\.venv\Lib\site-packages\sklearn\utils\parallel.py", line 147, in __call__
    return self.function(*args, **kwargs)
           ~~~~~~~~~~~~~^^^^^^^^^^^^^^^^^
  File "C:\Users\nicol\OneDrive\GitHub_nicolascalo\DST_DE_Airlines\.venv\Lib\site-packages\sklearn\pipeline.py", line 1540, in _fit_transform_one
    res = transformer.fit_transform(X, y, **params.get("fit_transform", {}))
  File "C:\Users\nicol\OneDrive\GitHub_nicolascalo\DST_DE_Airlines\.venv\Lib\site-packages\sklearn\base.py", line 1365, in wrapper
    return fit_method(estimator, *args, **kwargs)
  File "C:\Users\nicol\OneDrive\GitHub_nicolascalo\DST_DE_Airlines\.venv\Lib\site-packages\sklearn\pipeline.py", line 731, in fit_transform
    return last_step.fit_transform(
           ~~~~~~~~~~~~~~~~~~~~~~~^
        Xt, y, **last_step_params["fit_transform"]
        ^^^^^^^^^^^^^^^^^^^^^^^^^^^^^^^^^^^^^^^^^^
    )
    ^
  File "C:\Users\nicol\OneDrive\GitHub_nicolascalo\DST_DE_Airlines\.venv\Lib\site-packages\sklearn\utils\_set_output.py", line 316, in wrapped
    data_to_wrap = f(self, X, *args, **kwargs)
  File "C:\Users\nicol\OneDrive\GitHub_nicolascalo\DST_DE_Airlines\.venv\Lib\site-packages\sklearn\base.py", line 897, in fit_transform
    return self.fit(X, y, **fit_params).transform(X)
           ~~~~~~~~~~~~~~~~~~~~~~~~~~~~~~~~~~~~~~^^^
  File "C:\Users\nicol\OneDrive\GitHub_nicolascalo\DST_DE_Airlines\.venv\Lib\site-packages\sklearn\utils\_set_output.py", line 316, in wrapped
    data_to_wrap = f(self, X, *args, **kwargs)
  File "C:\Users\nicol\OneDrive\GitHub_nicolascalo\DST_DE_Airlines\.venv\Lib\site-packages\sklearn\preprocessing\_encoders.py", line 1083, in transform
    return out.toarray()
           ~~~~~~~~~~~^^
  File "C:\Users\nicol\OneDrive\GitHub_nicolascalo\DST_DE_Airlines\.venv\Lib\site-packages\scipy\sparse\_compressed.py", line 996, in toarray
    out = self._process_toarray_args(order, out)
  File "C:\Users\nicol\OneDrive\GitHub_nicolascalo\DST_DE_Airlines\.venv\Lib\site-packages\scipy\sparse\_base.py", line 1530, in _process_toarray_args
    return np.zeros(self.shape, dtype=self.dtype, order=order)
           ~~~~~~~~^^^^^^^^^^^^^^^^^^^^^^^^^^^^^^^^^^^^^^^^^^^
numpy._core._exceptions._ArrayMemoryError: Unable to allocate 362. GiB for an array with shape (314946, 154423) and data type float64

--------------------------------------------------------------------------------
2 fits failed with the following error:
Traceback (most recent call last):
  File "C:\Users\nicol\OneDrive\GitHub_nicolascalo\DST_DE_Airlines\.venv\Lib\site-packages\sklearn\model_selection\_validation.py", line 859, in _fit_and_score
    estimator.fit(X_train, y_train, **fit_params)
    ~~~~~~~~~~~~~^^^^^^^^^^^^^^^^^^^^^^^^^^^^^^^^
  File "C:\Users\nicol\OneDrive\GitHub_nicolascalo\DST_DE_Airlines\.venv\Lib\site-packages\sklearn\base.py", line 1365, in wrapper
    return fit_method(estimator, *args, **kwargs)
  File "C:\Users\nicol\OneDrive\GitHub_nicolascalo\DST_DE_Airlines\.venv\Lib\site-packages\sklearn\pipeline.py", line 655, in fit
    Xt = self._fit(X, y, routed_params, raw_params=params)
  File "C:\Users\nicol\OneDrive\GitHub_nicolascalo\DST_DE_Airlines\.venv\Lib\site-packages\sklearn\pipeline.py", line 589, in _fit
    X, fitted_transformer = fit_transform_one_cached(
                            ~~~~~~~~~~~~~~~~~~~~~~~~^
        cloned_transformer,
        ^^^^^^^^^^^^^^^^^^^
    ...<5 lines>...
        params=step_params,
        ^^^^^^^^^^^^^^^^^^^
    )
    ^
  File "C:\Users\nicol\OneDrive\GitHub_nicolascalo\DST_DE_Airlines\.venv\Lib\site-packages\joblib\memory.py", line 326, in __call__
    return self.func(*args, **kwargs)
           ~~~~~~~~~^^^^^^^^^^^^^^^^^
  File "C:\Users\nicol\OneDrive\GitHub_nicolascalo\DST_DE_Airlines\.venv\Lib\site-packages\sklearn\pipeline.py", line 1540, in _fit_transform_one
    res = transformer.fit_transform(X, y, **params.get("fit_transform", {}))
  File "C:\Users\nicol\OneDrive\GitHub_nicolascalo\DST_DE_Airlines\.venv\Lib\site-packages\sklearn\utils\_set_output.py", line 316, in wrapped
    data_to_wrap = f(self, X, *args, **kwargs)
  File "C:\Users\nicol\OneDrive\GitHub_nicolascalo\DST_DE_Airlines\.venv\Lib\site-packages\sklearn\base.py", line 1365, in wrapper
    return fit_method(estimator, *args, **kwargs)
  File "C:\Users\nicol\OneDrive\GitHub_nicolascalo\DST_DE_Airlines\.venv\Lib\site-packages\sklearn\compose\_column_transformer.py", line 996, in fit_transform
    result = self._call_func_on_transformers(
        X,
    ...<3 lines>...
        routed_params=routed_params,
    )
  File "C:\Users\nicol\OneDrive\GitHub_nicolascalo\DST_DE_Airlines\.venv\Lib\site-packages\sklearn\compose\_column_transformer.py", line 897, in _call_func_on_transformers
    return Parallel(n_jobs=self.n_jobs)(jobs)
           ~~~~~~~~~~~~~~~~~~~~~~~~~~~~^^^^^^
  File "C:\Users\nicol\OneDrive\GitHub_nicolascalo\DST_DE_Airlines\.venv\Lib\site-packages\sklearn\utils\parallel.py", line 82, in __call__
    return super().__call__(iterable_with_config_and_warning_filters)
           ~~~~~~~~~~~~~~~~^^^^^^^^^^^^^^^^^^^^^^^^^^^^^^^^^^^^^^^^^^
  File "C:\Users\nicol\OneDrive\GitHub_nicolascalo\DST_DE_Airlines\.venv\Lib\site-packages\joblib\parallel.py", line 1986, in __call__
    return output if self.return_generator else list(output)
                                                ~~~~^^^^^^^^
  File "C:\Users\nicol\OneDrive\GitHub_nicolascalo\DST_DE_Airlines\.venv\Lib\site-packages\joblib\parallel.py", line 1914, in _get_sequential_output
    res = func(*args, **kwargs)
  File "C:\Users\nicol\OneDrive\GitHub_nicolascalo\DST_DE_Airlines\.venv\Lib\site-packages\sklearn\utils\parallel.py", line 147, in __call__
    return self.function(*args, **kwargs)
           ~~~~~~~~~~~~~^^^^^^^^^^^^^^^^^
  File "C:\Users\nicol\OneDrive\GitHub_nicolascalo\DST_DE_Airlines\.venv\Lib\site-packages\sklearn\pipeline.py", line 1540, in _fit_transform_one
    res = transformer.fit_transform(X, y, **params.get("fit_transform", {}))
  File "C:\Users\nicol\OneDrive\GitHub_nicolascalo\DST_DE_Airlines\.venv\Lib\site-packages\sklearn\base.py", line 1365, in wrapper
    return fit_method(estimator, *args, **kwargs)
  File "C:\Users\nicol\OneDrive\GitHub_nicolascalo\DST_DE_Airlines\.venv\Lib\site-packages\sklearn\pipeline.py", line 731, in fit_transform
    return last_step.fit_transform(
           ~~~~~~~~~~~~~~~~~~~~~~~^
        Xt, y, **last_step_params["fit_transform"]
        ^^^^^^^^^^^^^^^^^^^^^^^^^^^^^^^^^^^^^^^^^^
    )
    ^
  File "C:\Users\nicol\OneDrive\GitHub_nicolascalo\DST_DE_Airlines\.venv\Lib\site-packages\sklearn\utils\_set_output.py", line 316, in wrapped
    data_to_wrap = f(self, X, *args, **kwargs)
  File "C:\Users\nicol\OneDrive\GitHub_nicolascalo\DST_DE_Airlines\.venv\Lib\site-packages\sklearn\base.py", line 897, in fit_transform
    return self.fit(X, y, **fit_params).transform(X)
           ~~~~~~~~~~~~~~~~~~~~~~~~~~~~~~~~~~~~~~^^^
  File "C:\Users\nicol\OneDrive\GitHub_nicolascalo\DST_DE_Airlines\.venv\Lib\site-packages\sklearn\utils\_set_output.py", line 316, in wrapped
    data_to_wrap = f(self, X, *args, **kwargs)
  File "C:\Users\nicol\OneDrive\GitHub_nicolascalo\DST_DE_Airlines\.venv\Lib\site-packages\sklearn\preprocessing\_encoders.py", line 1083, in transform
    return out.toarray()
           ~~~~~~~~~~~^^
  File "C:\Users\nicol\OneDrive\GitHub_nicolascalo\DST_DE_Airlines\.venv\Lib\site-packages\scipy\sparse\_compressed.py", line 996, in toarray
    out = self._process_toarray_args(order, out)
  File "C:\Users\nicol\OneDrive\GitHub_nicolascalo\DST_DE_Airlines\.venv\Lib\site-packages\scipy\sparse\_base.py", line 1530, in _process_toarray_args
    return np.zeros(self.shape, dtype=self.dtype, order=order)
           ~~~~~~~~^^^^^^^^^^^^^^^^^^^^^^^^^^^^^^^^^^^^^^^^^^^
numpy._core._exceptions._ArrayMemoryError: Unable to allocate 363. GiB for an array with shape (314946, 154566) and data type float64

--------------------------------------------------------------------------------
2 fits failed with the following error:
Traceback (most recent call last):
  File "C:\Users\nicol\OneDrive\GitHub_nicolascalo\DST_DE_Airlines\.venv\Lib\site-packages\sklearn\model_selection\_validation.py", line 859, in _fit_and_score
    estimator.fit(X_train, y_train, **fit_params)
    ~~~~~~~~~~~~~^^^^^^^^^^^^^^^^^^^^^^^^^^^^^^^^
  File "C:\Users\nicol\OneDrive\GitHub_nicolascalo\DST_DE_Airlines\.venv\Lib\site-packages\sklearn\base.py", line 1365, in wrapper
    return fit_method(estimator, *args, **kwargs)
  File "C:\Users\nicol\OneDrive\GitHub_nicolascalo\DST_DE_Airlines\.venv\Lib\site-packages\sklearn\pipeline.py", line 655, in fit
    Xt = self._fit(X, y, routed_params, raw_params=params)
  File "C:\Users\nicol\OneDrive\GitHub_nicolascalo\DST_DE_Airlines\.venv\Lib\site-packages\sklearn\pipeline.py", line 589, in _fit
    X, fitted_transformer = fit_transform_one_cached(
                            ~~~~~~~~~~~~~~~~~~~~~~~~^
        cloned_transformer,
        ^^^^^^^^^^^^^^^^^^^
    ...<5 lines>...
        params=step_params,
        ^^^^^^^^^^^^^^^^^^^
    )
    ^
  File "C:\Users\nicol\OneDrive\GitHub_nicolascalo\DST_DE_Airlines\.venv\Lib\site-packages\joblib\memory.py", line 326, in __call__
    return self.func(*args, **kwargs)
           ~~~~~~~~~^^^^^^^^^^^^^^^^^
  File "C:\Users\nicol\OneDrive\GitHub_nicolascalo\DST_DE_Airlines\.venv\Lib\site-packages\sklearn\pipeline.py", line 1540, in _fit_transform_one
    res = transformer.fit_transform(X, y, **params.get("fit_transform", {}))
  File "C:\Users\nicol\OneDrive\GitHub_nicolascalo\DST_DE_Airlines\.venv\Lib\site-packages\sklearn\utils\_set_output.py", line 316, in wrapped
    data_to_wrap = f(self, X, *args, **kwargs)
  File "C:\Users\nicol\OneDrive\GitHub_nicolascalo\DST_DE_Airlines\.venv\Lib\site-packages\sklearn\base.py", line 1365, in wrapper
    return fit_method(estimator, *args, **kwargs)
  File "C:\Users\nicol\OneDrive\GitHub_nicolascalo\DST_DE_Airlines\.venv\Lib\site-packages\sklearn\compose\_column_transformer.py", line 996, in fit_transform
    result = self._call_func_on_transformers(
        X,
    ...<3 lines>...
        routed_params=routed_params,
    )
  File "C:\Users\nicol\OneDrive\GitHub_nicolascalo\DST_DE_Airlines\.venv\Lib\site-packages\sklearn\compose\_column_transformer.py", line 897, in _call_func_on_transformers
    return Parallel(n_jobs=self.n_jobs)(jobs)
           ~~~~~~~~~~~~~~~~~~~~~~~~~~~~^^^^^^
  File "C:\Users\nicol\OneDrive\GitHub_nicolascalo\DST_DE_Airlines\.venv\Lib\site-packages\sklearn\utils\parallel.py", line 82, in __call__
    return super().__call__(iterable_with_config_and_warning_filters)
           ~~~~~~~~~~~~~~~~^^^^^^^^^^^^^^^^^^^^^^^^^^^^^^^^^^^^^^^^^^
  File "C:\Users\nicol\OneDrive\GitHub_nicolascalo\DST_DE_Airlines\.venv\Lib\site-packages\joblib\parallel.py", line 1986, in __call__
    return output if self.return_generator else list(output)
                                                ~~~~^^^^^^^^
  File "C:\Users\nicol\OneDrive\GitHub_nicolascalo\DST_DE_Airlines\.venv\Lib\site-packages\joblib\parallel.py", line 1914, in _get_sequential_output
    res = func(*args, **kwargs)
  File "C:\Users\nicol\OneDrive\GitHub_nicolascalo\DST_DE_Airlines\.venv\Lib\site-packages\sklearn\utils\parallel.py", line 147, in __call__
    return self.function(*args, **kwargs)
           ~~~~~~~~~~~~~^^^^^^^^^^^^^^^^^
  File "C:\Users\nicol\OneDrive\GitHub_nicolascalo\DST_DE_Airlines\.venv\Lib\site-packages\sklearn\pipeline.py", line 1540, in _fit_transform_one
    res = transformer.fit_transform(X, y, **params.get("fit_transform", {}))
  File "C:\Users\nicol\OneDrive\GitHub_nicolascalo\DST_DE_Airlines\.venv\Lib\site-packages\sklearn\base.py", line 1365, in wrapper
    return fit_method(estimator, *args, **kwargs)
  File "C:\Users\nicol\OneDrive\GitHub_nicolascalo\DST_DE_Airlines\.venv\Lib\site-packages\sklearn\pipeline.py", line 731, in fit_transform
    return last_step.fit_transform(
           ~~~~~~~~~~~~~~~~~~~~~~~^
        Xt, y, **last_step_params["fit_transform"]
        ^^^^^^^^^^^^^^^^^^^^^^^^^^^^^^^^^^^^^^^^^^
    )
    ^
  File "C:\Users\nicol\OneDrive\GitHub_nicolascalo\DST_DE_Airlines\.venv\Lib\site-packages\sklearn\utils\_set_output.py", line 316, in wrapped
    data_to_wrap = f(self, X, *args, **kwargs)
  File "C:\Users\nicol\OneDrive\GitHub_nicolascalo\DST_DE_Airlines\.venv\Lib\site-packages\sklearn\base.py", line 897, in fit_transform
    return self.fit(X, y, **fit_params).transform(X)
           ~~~~~~~~~~~~~~~~~~~~~~~~~~~~~~~~~~~~~~^^^
  File "C:\Users\nicol\OneDrive\GitHub_nicolascalo\DST_DE_Airlines\.venv\Lib\site-packages\sklearn\utils\_set_output.py", line 316, in wrapped
    data_to_wrap = f(self, X, *args, **kwargs)
  File "C:\Users\nicol\OneDrive\GitHub_nicolascalo\DST_DE_Airlines\.venv\Lib\site-packages\sklearn\preprocessing\_encoders.py", line 1083, in transform
    return out.toarray()
           ~~~~~~~~~~~^^
  File "C:\Users\nicol\OneDrive\GitHub_nicolascalo\DST_DE_Airlines\.venv\Lib\site-packages\scipy\sparse\_compressed.py", line 996, in toarray
    out = self._process_toarray_args(order, out)
  File "C:\Users\nicol\OneDrive\GitHub_nicolascalo\DST_DE_Airlines\.venv\Lib\site-packages\scipy\sparse\_base.py", line 1530, in _process_toarray_args
    return np.zeros(self.shape, dtype=self.dtype, order=order)
           ~~~~~~~~^^^^^^^^^^^^^^^^^^^^^^^^^^^^^^^^^^^^^^^^^^^
numpy._core._exceptions._ArrayMemoryError: Unable to allocate 362. GiB for an array with shape (314946, 154446) and data type float64

--------------------------------------------------------------------------------
2 fits failed with the following error:
Traceback (most recent call last):
  File "C:\Users\nicol\OneDrive\GitHub_nicolascalo\DST_DE_Airlines\.venv\Lib\site-packages\sklearn\model_selection\_validation.py", line 859, in _fit_and_score
    estimator.fit(X_train, y_train, **fit_params)
    ~~~~~~~~~~~~~^^^^^^^^^^^^^^^^^^^^^^^^^^^^^^^^
  File "C:\Users\nicol\OneDrive\GitHub_nicolascalo\DST_DE_Airlines\.venv\Lib\site-packages\sklearn\base.py", line 1365, in wrapper
    return fit_method(estimator, *args, **kwargs)
  File "C:\Users\nicol\OneDrive\GitHub_nicolascalo\DST_DE_Airlines\.venv\Lib\site-packages\sklearn\pipeline.py", line 655, in fit
    Xt = self._fit(X, y, routed_params, raw_params=params)
  File "C:\Users\nicol\OneDrive\GitHub_nicolascalo\DST_DE_Airlines\.venv\Lib\site-packages\sklearn\pipeline.py", line 589, in _fit
    X, fitted_transformer = fit_transform_one_cached(
                            ~~~~~~~~~~~~~~~~~~~~~~~~^
        cloned_transformer,
        ^^^^^^^^^^^^^^^^^^^
    ...<5 lines>...
        params=step_params,
        ^^^^^^^^^^^^^^^^^^^
    )
    ^
  File "C:\Users\nicol\OneDrive\GitHub_nicolascalo\DST_DE_Airlines\.venv\Lib\site-packages\joblib\memory.py", line 326, in __call__
    return self.func(*args, **kwargs)
           ~~~~~~~~~^^^^^^^^^^^^^^^^^
  File "C:\Users\nicol\OneDrive\GitHub_nicolascalo\DST_DE_Airlines\.venv\Lib\site-packages\sklearn\pipeline.py", line 1540, in _fit_transform_one
    res = transformer.fit_transform(X, y, **params.get("fit_transform", {}))
  File "C:\Users\nicol\OneDrive\GitHub_nicolascalo\DST_DE_Airlines\.venv\Lib\site-packages\sklearn\utils\_set_output.py", line 316, in wrapped
    data_to_wrap = f(self, X, *args, **kwargs)
  File "C:\Users\nicol\OneDrive\GitHub_nicolascalo\DST_DE_Airlines\.venv\Lib\site-packages\sklearn\base.py", line 1365, in wrapper
    return fit_method(estimator, *args, **kwargs)
  File "C:\Users\nicol\OneDrive\GitHub_nicolascalo\DST_DE_Airlines\.venv\Lib\site-packages\sklearn\compose\_column_transformer.py", line 996, in fit_transform
    result = self._call_func_on_transformers(
        X,
    ...<3 lines>...
        routed_params=routed_params,
    )
  File "C:\Users\nicol\OneDrive\GitHub_nicolascalo\DST_DE_Airlines\.venv\Lib\site-packages\sklearn\compose\_column_transformer.py", line 897, in _call_func_on_transformers
    return Parallel(n_jobs=self.n_jobs)(jobs)
           ~~~~~~~~~~~~~~~~~~~~~~~~~~~~^^^^^^
  File "C:\Users\nicol\OneDrive\GitHub_nicolascalo\DST_DE_Airlines\.venv\Lib\site-packages\sklearn\utils\parallel.py", line 82, in __call__
    return super().__call__(iterable_with_config_and_warning_filters)
           ~~~~~~~~~~~~~~~~^^^^^^^^^^^^^^^^^^^^^^^^^^^^^^^^^^^^^^^^^^
  File "C:\Users\nicol\OneDrive\GitHub_nicolascalo\DST_DE_Airlines\.venv\Lib\site-packages\joblib\parallel.py", line 1986, in __call__
    return output if self.return_generator else list(output)
                                                ~~~~^^^^^^^^
  File "C:\Users\nicol\OneDrive\GitHub_nicolascalo\DST_DE_Airlines\.venv\Lib\site-packages\joblib\parallel.py", line 1914, in _get_sequential_output
    res = func(*args, **kwargs)
  File "C:\Users\nicol\OneDrive\GitHub_nicolascalo\DST_DE_Airlines\.venv\Lib\site-packages\sklearn\utils\parallel.py", line 147, in __call__
    return self.function(*args, **kwargs)
           ~~~~~~~~~~~~~^^^^^^^^^^^^^^^^^
  File "C:\Users\nicol\OneDrive\GitHub_nicolascalo\DST_DE_Airlines\.venv\Lib\site-packages\sklearn\pipeline.py", line 1540, in _fit_transform_one
    res = transformer.fit_transform(X, y, **params.get("fit_transform", {}))
  File "C:\Users\nicol\OneDrive\GitHub_nicolascalo\DST_DE_Airlines\.venv\Lib\site-packages\sklearn\base.py", line 1365, in wrapper
    return fit_method(estimator, *args, **kwargs)
  File "C:\Users\nicol\OneDrive\GitHub_nicolascalo\DST_DE_Airlines\.venv\Lib\site-packages\sklearn\pipeline.py", line 731, in fit_transform
    return last_step.fit_transform(
           ~~~~~~~~~~~~~~~~~~~~~~~^
        Xt, y, **last_step_params["fit_transform"]
        ^^^^^^^^^^^^^^^^^^^^^^^^^^^^^^^^^^^^^^^^^^
    )
    ^
  File "C:\Users\nicol\OneDrive\GitHub_nicolascalo\DST_DE_Airlines\.venv\Lib\site-packages\sklearn\utils\_set_output.py", line 316, in wrapped
    data_to_wrap = f(self, X, *args, **kwargs)
  File "C:\Users\nicol\OneDrive\GitHub_nicolascalo\DST_DE_Airlines\.venv\Lib\site-packages\sklearn\base.py", line 897, in fit_transform
    return self.fit(X, y, **fit_params).transform(X)
           ~~~~~~~~~~~~~~~~~~~~~~~~~~~~~~~~~~~~~~^^^
  File "C:\Users\nicol\OneDrive\GitHub_nicolascalo\DST_DE_Airlines\.venv\Lib\site-packages\sklearn\utils\_set_output.py", line 316, in wrapped
    data_to_wrap = f(self, X, *args, **kwargs)
  File "C:\Users\nicol\OneDrive\GitHub_nicolascalo\DST_DE_Airlines\.venv\Lib\site-packages\sklearn\preprocessing\_encoders.py", line 1083, in transform
    return out.toarray()
           ~~~~~~~~~~~^^
  File "C:\Users\nicol\OneDrive\GitHub_nicolascalo\DST_DE_Airlines\.venv\Lib\site-packages\scipy\sparse\_compressed.py", line 996, in toarray
    out = self._process_toarray_args(order, out)
  File "C:\Users\nicol\OneDrive\GitHub_nicolascalo\DST_DE_Airlines\.venv\Lib\site-packages\scipy\sparse\_base.py", line 1530, in _process_toarray_args
    return np.zeros(self.shape, dtype=self.dtype, order=order)
           ~~~~~~~~^^^^^^^^^^^^^^^^^^^^^^^^^^^^^^^^^^^^^^^^^^^
numpy._core._exceptions._ArrayMemoryError: Unable to allocate 362. GiB for an array with shape (314947, 154288) and data type float64

--------------------------------------------------------------------------------
2 fits failed with the following error:
Traceback (most recent call last):
  File "C:\Users\nicol\OneDrive\GitHub_nicolascalo\DST_DE_Airlines\.venv\Lib\site-packages\sklearn\model_selection\_validation.py", line 859, in _fit_and_score
    estimator.fit(X_train, y_train, **fit_params)
    ~~~~~~~~~~~~~^^^^^^^^^^^^^^^^^^^^^^^^^^^^^^^^
  File "C:\Users\nicol\OneDrive\GitHub_nicolascalo\DST_DE_Airlines\.venv\Lib\site-packages\sklearn\base.py", line 1365, in wrapper
    return fit_method(estimator, *args, **kwargs)
  File "C:\Users\nicol\OneDrive\GitHub_nicolascalo\DST_DE_Airlines\.venv\Lib\site-packages\sklearn\pipeline.py", line 655, in fit
    Xt = self._fit(X, y, routed_params, raw_params=params)
  File "C:\Users\nicol\OneDrive\GitHub_nicolascalo\DST_DE_Airlines\.venv\Lib\site-packages\sklearn\pipeline.py", line 589, in _fit
    X, fitted_transformer = fit_transform_one_cached(
                            ~~~~~~~~~~~~~~~~~~~~~~~~^
        cloned_transformer,
        ^^^^^^^^^^^^^^^^^^^
    ...<5 lines>...
        params=step_params,
        ^^^^^^^^^^^^^^^^^^^
    )
    ^
  File "C:\Users\nicol\OneDrive\GitHub_nicolascalo\DST_DE_Airlines\.venv\Lib\site-packages\joblib\memory.py", line 326, in __call__
    return self.func(*args, **kwargs)
           ~~~~~~~~~^^^^^^^^^^^^^^^^^
  File "C:\Users\nicol\OneDrive\GitHub_nicolascalo\DST_DE_Airlines\.venv\Lib\site-packages\sklearn\pipeline.py", line 1540, in _fit_transform_one
    res = transformer.fit_transform(X, y, **params.get("fit_transform", {}))
  File "C:\Users\nicol\OneDrive\GitHub_nicolascalo\DST_DE_Airlines\.venv\Lib\site-packages\sklearn\utils\_set_output.py", line 316, in wrapped
    data_to_wrap = f(self, X, *args, **kwargs)
  File "C:\Users\nicol\OneDrive\GitHub_nicolascalo\DST_DE_Airlines\.venv\Lib\site-packages\sklearn\base.py", line 1365, in wrapper
    return fit_method(estimator, *args, **kwargs)
  File "C:\Users\nicol\OneDrive\GitHub_nicolascalo\DST_DE_Airlines\.venv\Lib\site-packages\sklearn\compose\_column_transformer.py", line 996, in fit_transform
    result = self._call_func_on_transformers(
        X,
    ...<3 lines>...
        routed_params=routed_params,
    )
  File "C:\Users\nicol\OneDrive\GitHub_nicolascalo\DST_DE_Airlines\.venv\Lib\site-packages\sklearn\compose\_column_transformer.py", line 897, in _call_func_on_transformers
    return Parallel(n_jobs=self.n_jobs)(jobs)
           ~~~~~~~~~~~~~~~~~~~~~~~~~~~~^^^^^^
  File "C:\Users\nicol\OneDrive\GitHub_nicolascalo\DST_DE_Airlines\.venv\Lib\site-packages\sklearn\utils\parallel.py", line 82, in __call__
    return super().__call__(iterable_with_config_and_warning_filters)
           ~~~~~~~~~~~~~~~~^^^^^^^^^^^^^^^^^^^^^^^^^^^^^^^^^^^^^^^^^^
  File "C:\Users\nicol\OneDrive\GitHub_nicolascalo\DST_DE_Airlines\.venv\Lib\site-packages\joblib\parallel.py", line 1986, in __call__
    return output if self.return_generator else list(output)
                                                ~~~~^^^^^^^^
  File "C:\Users\nicol\OneDrive\GitHub_nicolascalo\DST_DE_Airlines\.venv\Lib\site-packages\joblib\parallel.py", line 1914, in _get_sequential_output
    res = func(*args, **kwargs)
  File "C:\Users\nicol\OneDrive\GitHub_nicolascalo\DST_DE_Airlines\.venv\Lib\site-packages\sklearn\utils\parallel.py", line 147, in __call__
    return self.function(*args, **kwargs)
           ~~~~~~~~~~~~~^^^^^^^^^^^^^^^^^
  File "C:\Users\nicol\OneDrive\GitHub_nicolascalo\DST_DE_Airlines\.venv\Lib\site-packages\sklearn\pipeline.py", line 1540, in _fit_transform_one
    res = transformer.fit_transform(X, y, **params.get("fit_transform", {}))
  File "C:\Users\nicol\OneDrive\GitHub_nicolascalo\DST_DE_Airlines\.venv\Lib\site-packages\sklearn\base.py", line 1365, in wrapper
    return fit_method(estimator, *args, **kwargs)
  File "C:\Users\nicol\OneDrive\GitHub_nicolascalo\DST_DE_Airlines\.venv\Lib\site-packages\sklearn\pipeline.py", line 731, in fit_transform
    return last_step.fit_transform(
           ~~~~~~~~~~~~~~~~~~~~~~~^
        Xt, y, **last_step_params["fit_transform"]
        ^^^^^^^^^^^^^^^^^^^^^^^^^^^^^^^^^^^^^^^^^^
    )
    ^
  File "C:\Users\nicol\OneDrive\GitHub_nicolascalo\DST_DE_Airlines\.venv\Lib\site-packages\sklearn\utils\_set_output.py", line 316, in wrapped
    data_to_wrap = f(self, X, *args, **kwargs)
  File "C:\Users\nicol\OneDrive\GitHub_nicolascalo\DST_DE_Airlines\.venv\Lib\site-packages\sklearn\base.py", line 897, in fit_transform
    return self.fit(X, y, **fit_params).transform(X)
           ~~~~~~~~~~~~~~~~~~~~~~~~~~~~~~~~~~~~~~^^^
  File "C:\Users\nicol\OneDrive\GitHub_nicolascalo\DST_DE_Airlines\.venv\Lib\site-packages\sklearn\utils\_set_output.py", line 316, in wrapped
    data_to_wrap = f(self, X, *args, **kwargs)
  File "C:\Users\nicol\OneDrive\GitHub_nicolascalo\DST_DE_Airlines\.venv\Lib\site-packages\sklearn\preprocessing\_encoders.py", line 1083, in transform
    return out.toarray()
           ~~~~~~~~~~~^^
  File "C:\Users\nicol\OneDrive\GitHub_nicolascalo\DST_DE_Airlines\.venv\Lib\site-packages\scipy\sparse\_compressed.py", line 996, in toarray
    out = self._process_toarray_args(order, out)
  File "C:\Users\nicol\OneDrive\GitHub_nicolascalo\DST_DE_Airlines\.venv\Lib\site-packages\scipy\sparse\_base.py", line 1530, in _process_toarray_args
    return np.zeros(self.shape, dtype=self.dtype, order=order)
           ~~~~~~~~^^^^^^^^^^^^^^^^^^^^^^^^^^^^^^^^^^^^^^^^^^^
numpy._core._exceptions._ArrayMemoryError: Unable to allocate 363. GiB for an array with shape (314947, 154711) and data type float64

2025-11-09 15:59:22,864 - __main__ - INFO - starting pipeline pipeline_DecisionTreeClassifier_grid_test GridSearchCV
2025-11-09 16:00:00,797 - __main__ - ERROR - 
Traceback (most recent call last):
  File "<stdin>", line 12, in test_pipeline_classification
    def __init__(self):
        ^^^^^^^^^^^^^^^
  File "C:\Users\nicol\OneDrive\GitHub_nicolascalo\DST_DE_Airlines\.venv\Lib\site-packages\sklearn\base.py", line 1365, in wrapper
    return fit_method(estimator, *args, **kwargs)
  File "C:\Users\nicol\OneDrive\GitHub_nicolascalo\DST_DE_Airlines\.venv\Lib\site-packages\sklearn\model_selection\_search.py", line 1051, in fit
    self._run_search(evaluate_candidates)
    ~~~~~~~~~~~~~~~~^^^^^^^^^^^^^^^^^^^^^
  File "C:\Users\nicol\OneDrive\GitHub_nicolascalo\DST_DE_Airlines\.venv\Lib\site-packages\sklearn\model_selection\_search.py", line 1605, in _run_search
    evaluate_candidates(ParameterGrid(self.param_grid))
    ~~~~~~~~~~~~~~~~~~~^^^^^^^^^^^^^^^^^^^^^^^^^^^^^^^^
  File "C:\Users\nicol\OneDrive\GitHub_nicolascalo\DST_DE_Airlines\.venv\Lib\site-packages\sklearn\model_selection\_search.py", line 1028, in evaluate_candidates
    _warn_or_raise_about_fit_failures(out, self.error_score)
    ~~~~~~~~~~~~~~~~~~~~~~~~~~~~~~~~~^^^^^^^^^^^^^^^^^^^^^^^
  File "C:\Users\nicol\OneDrive\GitHub_nicolascalo\DST_DE_Airlines\.venv\Lib\site-packages\sklearn\model_selection\_validation.py", line 505, in _warn_or_raise_about_fit_failures
    raise ValueError(all_fits_failed_message)
ValueError: 
All the 10 fits failed.
It is very likely that your model is misconfigured.
You can try to debug the error by setting error_score='raise'.

Below are more details about the failures:
--------------------------------------------------------------------------------
2 fits failed with the following error:
Traceback (most recent call last):
  File "C:\Users\nicol\OneDrive\GitHub_nicolascalo\DST_DE_Airlines\.venv\Lib\site-packages\sklearn\model_selection\_validation.py", line 859, in _fit_and_score
    estimator.fit(X_train, y_train, **fit_params)
    ~~~~~~~~~~~~~^^^^^^^^^^^^^^^^^^^^^^^^^^^^^^^^
  File "C:\Users\nicol\OneDrive\GitHub_nicolascalo\DST_DE_Airlines\.venv\Lib\site-packages\sklearn\base.py", line 1365, in wrapper
    return fit_method(estimator, *args, **kwargs)
  File "C:\Users\nicol\OneDrive\GitHub_nicolascalo\DST_DE_Airlines\.venv\Lib\site-packages\sklearn\pipeline.py", line 655, in fit
    Xt = self._fit(X, y, routed_params, raw_params=params)
  File "C:\Users\nicol\OneDrive\GitHub_nicolascalo\DST_DE_Airlines\.venv\Lib\site-packages\sklearn\pipeline.py", line 589, in _fit
    X, fitted_transformer = fit_transform_one_cached(
                            ~~~~~~~~~~~~~~~~~~~~~~~~^
        cloned_transformer,
        ^^^^^^^^^^^^^^^^^^^
    ...<5 lines>...
        params=step_params,
        ^^^^^^^^^^^^^^^^^^^
    )
    ^
  File "C:\Users\nicol\OneDrive\GitHub_nicolascalo\DST_DE_Airlines\.venv\Lib\site-packages\joblib\memory.py", line 326, in __call__
    return self.func(*args, **kwargs)
           ~~~~~~~~~^^^^^^^^^^^^^^^^^
  File "C:\Users\nicol\OneDrive\GitHub_nicolascalo\DST_DE_Airlines\.venv\Lib\site-packages\sklearn\pipeline.py", line 1540, in _fit_transform_one
    res = transformer.fit_transform(X, y, **params.get("fit_transform", {}))
  File "C:\Users\nicol\OneDrive\GitHub_nicolascalo\DST_DE_Airlines\.venv\Lib\site-packages\sklearn\utils\_set_output.py", line 316, in wrapped
    data_to_wrap = f(self, X, *args, **kwargs)
  File "C:\Users\nicol\OneDrive\GitHub_nicolascalo\DST_DE_Airlines\.venv\Lib\site-packages\sklearn\base.py", line 1365, in wrapper
    return fit_method(estimator, *args, **kwargs)
  File "C:\Users\nicol\OneDrive\GitHub_nicolascalo\DST_DE_Airlines\.venv\Lib\site-packages\sklearn\compose\_column_transformer.py", line 996, in fit_transform
    result = self._call_func_on_transformers(
        X,
    ...<3 lines>...
        routed_params=routed_params,
    )
  File "C:\Users\nicol\OneDrive\GitHub_nicolascalo\DST_DE_Airlines\.venv\Lib\site-packages\sklearn\compose\_column_transformer.py", line 897, in _call_func_on_transformers
    return Parallel(n_jobs=self.n_jobs)(jobs)
           ~~~~~~~~~~~~~~~~~~~~~~~~~~~~^^^^^^
  File "C:\Users\nicol\OneDrive\GitHub_nicolascalo\DST_DE_Airlines\.venv\Lib\site-packages\sklearn\utils\parallel.py", line 82, in __call__
    return super().__call__(iterable_with_config_and_warning_filters)
           ~~~~~~~~~~~~~~~~^^^^^^^^^^^^^^^^^^^^^^^^^^^^^^^^^^^^^^^^^^
  File "C:\Users\nicol\OneDrive\GitHub_nicolascalo\DST_DE_Airlines\.venv\Lib\site-packages\joblib\parallel.py", line 1986, in __call__
    return output if self.return_generator else list(output)
                                                ~~~~^^^^^^^^
  File "C:\Users\nicol\OneDrive\GitHub_nicolascalo\DST_DE_Airlines\.venv\Lib\site-packages\joblib\parallel.py", line 1914, in _get_sequential_output
    res = func(*args, **kwargs)
  File "C:\Users\nicol\OneDrive\GitHub_nicolascalo\DST_DE_Airlines\.venv\Lib\site-packages\sklearn\utils\parallel.py", line 147, in __call__
    return self.function(*args, **kwargs)
           ~~~~~~~~~~~~~^^^^^^^^^^^^^^^^^
  File "C:\Users\nicol\OneDrive\GitHub_nicolascalo\DST_DE_Airlines\.venv\Lib\site-packages\sklearn\pipeline.py", line 1540, in _fit_transform_one
    res = transformer.fit_transform(X, y, **params.get("fit_transform", {}))
  File "C:\Users\nicol\OneDrive\GitHub_nicolascalo\DST_DE_Airlines\.venv\Lib\site-packages\sklearn\base.py", line 1365, in wrapper
    return fit_method(estimator, *args, **kwargs)
  File "C:\Users\nicol\OneDrive\GitHub_nicolascalo\DST_DE_Airlines\.venv\Lib\site-packages\sklearn\pipeline.py", line 731, in fit_transform
    return last_step.fit_transform(
           ~~~~~~~~~~~~~~~~~~~~~~~^
        Xt, y, **last_step_params["fit_transform"]
        ^^^^^^^^^^^^^^^^^^^^^^^^^^^^^^^^^^^^^^^^^^
    )
    ^
  File "C:\Users\nicol\OneDrive\GitHub_nicolascalo\DST_DE_Airlines\.venv\Lib\site-packages\sklearn\utils\_set_output.py", line 316, in wrapped
    data_to_wrap = f(self, X, *args, **kwargs)
  File "C:\Users\nicol\OneDrive\GitHub_nicolascalo\DST_DE_Airlines\.venv\Lib\site-packages\sklearn\base.py", line 897, in fit_transform
    return self.fit(X, y, **fit_params).transform(X)
           ~~~~~~~~~~~~~~~~~~~~~~~~~~~~~~~~~~~~~~^^^
  File "C:\Users\nicol\OneDrive\GitHub_nicolascalo\DST_DE_Airlines\.venv\Lib\site-packages\sklearn\utils\_set_output.py", line 316, in wrapped
    data_to_wrap = f(self, X, *args, **kwargs)
  File "C:\Users\nicol\OneDrive\GitHub_nicolascalo\DST_DE_Airlines\.venv\Lib\site-packages\sklearn\preprocessing\_encoders.py", line 1083, in transform
    return out.toarray()
           ~~~~~~~~~~~^^
  File "C:\Users\nicol\OneDrive\GitHub_nicolascalo\DST_DE_Airlines\.venv\Lib\site-packages\scipy\sparse\_compressed.py", line 996, in toarray
    out = self._process_toarray_args(order, out)
  File "C:\Users\nicol\OneDrive\GitHub_nicolascalo\DST_DE_Airlines\.venv\Lib\site-packages\scipy\sparse\_base.py", line 1530, in _process_toarray_args
    return np.zeros(self.shape, dtype=self.dtype, order=order)
           ~~~~~~~~^^^^^^^^^^^^^^^^^^^^^^^^^^^^^^^^^^^^^^^^^^^
numpy._core._exceptions._ArrayMemoryError: Unable to allocate 363. GiB for an array with shape (314946, 154591) and data type float64

--------------------------------------------------------------------------------
2 fits failed with the following error:
Traceback (most recent call last):
  File "C:\Users\nicol\OneDrive\GitHub_nicolascalo\DST_DE_Airlines\.venv\Lib\site-packages\sklearn\model_selection\_validation.py", line 859, in _fit_and_score
    estimator.fit(X_train, y_train, **fit_params)
    ~~~~~~~~~~~~~^^^^^^^^^^^^^^^^^^^^^^^^^^^^^^^^
  File "C:\Users\nicol\OneDrive\GitHub_nicolascalo\DST_DE_Airlines\.venv\Lib\site-packages\sklearn\base.py", line 1365, in wrapper
    return fit_method(estimator, *args, **kwargs)
  File "C:\Users\nicol\OneDrive\GitHub_nicolascalo\DST_DE_Airlines\.venv\Lib\site-packages\sklearn\pipeline.py", line 655, in fit
    Xt = self._fit(X, y, routed_params, raw_params=params)
  File "C:\Users\nicol\OneDrive\GitHub_nicolascalo\DST_DE_Airlines\.venv\Lib\site-packages\sklearn\pipeline.py", line 589, in _fit
    X, fitted_transformer = fit_transform_one_cached(
                            ~~~~~~~~~~~~~~~~~~~~~~~~^
        cloned_transformer,
        ^^^^^^^^^^^^^^^^^^^
    ...<5 lines>...
        params=step_params,
        ^^^^^^^^^^^^^^^^^^^
    )
    ^
  File "C:\Users\nicol\OneDrive\GitHub_nicolascalo\DST_DE_Airlines\.venv\Lib\site-packages\joblib\memory.py", line 326, in __call__
    return self.func(*args, **kwargs)
           ~~~~~~~~~^^^^^^^^^^^^^^^^^
  File "C:\Users\nicol\OneDrive\GitHub_nicolascalo\DST_DE_Airlines\.venv\Lib\site-packages\sklearn\pipeline.py", line 1540, in _fit_transform_one
    res = transformer.fit_transform(X, y, **params.get("fit_transform", {}))
  File "C:\Users\nicol\OneDrive\GitHub_nicolascalo\DST_DE_Airlines\.venv\Lib\site-packages\sklearn\utils\_set_output.py", line 316, in wrapped
    data_to_wrap = f(self, X, *args, **kwargs)
  File "C:\Users\nicol\OneDrive\GitHub_nicolascalo\DST_DE_Airlines\.venv\Lib\site-packages\sklearn\base.py", line 1365, in wrapper
    return fit_method(estimator, *args, **kwargs)
  File "C:\Users\nicol\OneDrive\GitHub_nicolascalo\DST_DE_Airlines\.venv\Lib\site-packages\sklearn\compose\_column_transformer.py", line 996, in fit_transform
    result = self._call_func_on_transformers(
        X,
    ...<3 lines>...
        routed_params=routed_params,
    )
  File "C:\Users\nicol\OneDrive\GitHub_nicolascalo\DST_DE_Airlines\.venv\Lib\site-packages\sklearn\compose\_column_transformer.py", line 897, in _call_func_on_transformers
    return Parallel(n_jobs=self.n_jobs)(jobs)
           ~~~~~~~~~~~~~~~~~~~~~~~~~~~~^^^^^^
  File "C:\Users\nicol\OneDrive\GitHub_nicolascalo\DST_DE_Airlines\.venv\Lib\site-packages\sklearn\utils\parallel.py", line 82, in __call__
    return super().__call__(iterable_with_config_and_warning_filters)
           ~~~~~~~~~~~~~~~~^^^^^^^^^^^^^^^^^^^^^^^^^^^^^^^^^^^^^^^^^^
  File "C:\Users\nicol\OneDrive\GitHub_nicolascalo\DST_DE_Airlines\.venv\Lib\site-packages\joblib\parallel.py", line 1986, in __call__
    return output if self.return_generator else list(output)
                                                ~~~~^^^^^^^^
  File "C:\Users\nicol\OneDrive\GitHub_nicolascalo\DST_DE_Airlines\.venv\Lib\site-packages\joblib\parallel.py", line 1914, in _get_sequential_output
    res = func(*args, **kwargs)
  File "C:\Users\nicol\OneDrive\GitHub_nicolascalo\DST_DE_Airlines\.venv\Lib\site-packages\sklearn\utils\parallel.py", line 147, in __call__
    return self.function(*args, **kwargs)
           ~~~~~~~~~~~~~^^^^^^^^^^^^^^^^^
  File "C:\Users\nicol\OneDrive\GitHub_nicolascalo\DST_DE_Airlines\.venv\Lib\site-packages\sklearn\pipeline.py", line 1540, in _fit_transform_one
    res = transformer.fit_transform(X, y, **params.get("fit_transform", {}))
  File "C:\Users\nicol\OneDrive\GitHub_nicolascalo\DST_DE_Airlines\.venv\Lib\site-packages\sklearn\base.py", line 1365, in wrapper
    return fit_method(estimator, *args, **kwargs)
  File "C:\Users\nicol\OneDrive\GitHub_nicolascalo\DST_DE_Airlines\.venv\Lib\site-packages\sklearn\pipeline.py", line 731, in fit_transform
    return last_step.fit_transform(
           ~~~~~~~~~~~~~~~~~~~~~~~^
        Xt, y, **last_step_params["fit_transform"]
        ^^^^^^^^^^^^^^^^^^^^^^^^^^^^^^^^^^^^^^^^^^
    )
    ^
  File "C:\Users\nicol\OneDrive\GitHub_nicolascalo\DST_DE_Airlines\.venv\Lib\site-packages\sklearn\utils\_set_output.py", line 316, in wrapped
    data_to_wrap = f(self, X, *args, **kwargs)
  File "C:\Users\nicol\OneDrive\GitHub_nicolascalo\DST_DE_Airlines\.venv\Lib\site-packages\sklearn\base.py", line 897, in fit_transform
    return self.fit(X, y, **fit_params).transform(X)
           ~~~~~~~~~~~~~~~~~~~~~~~~~~~~~~~~~~~~~~^^^
  File "C:\Users\nicol\OneDrive\GitHub_nicolascalo\DST_DE_Airlines\.venv\Lib\site-packages\sklearn\utils\_set_output.py", line 316, in wrapped
    data_to_wrap = f(self, X, *args, **kwargs)
  File "C:\Users\nicol\OneDrive\GitHub_nicolascalo\DST_DE_Airlines\.venv\Lib\site-packages\sklearn\preprocessing\_encoders.py", line 1083, in transform
    return out.toarray()
           ~~~~~~~~~~~^^
  File "C:\Users\nicol\OneDrive\GitHub_nicolascalo\DST_DE_Airlines\.venv\Lib\site-packages\scipy\sparse\_compressed.py", line 996, in toarray
    out = self._process_toarray_args(order, out)
  File "C:\Users\nicol\OneDrive\GitHub_nicolascalo\DST_DE_Airlines\.venv\Lib\site-packages\scipy\sparse\_base.py", line 1530, in _process_toarray_args
    return np.zeros(self.shape, dtype=self.dtype, order=order)
           ~~~~~~~~^^^^^^^^^^^^^^^^^^^^^^^^^^^^^^^^^^^^^^^^^^^
numpy._core._exceptions._ArrayMemoryError: Unable to allocate 363. GiB for an array with shape (314946, 154484) and data type float64

--------------------------------------------------------------------------------
2 fits failed with the following error:
Traceback (most recent call last):
  File "C:\Users\nicol\OneDrive\GitHub_nicolascalo\DST_DE_Airlines\.venv\Lib\site-packages\sklearn\model_selection\_validation.py", line 859, in _fit_and_score
    estimator.fit(X_train, y_train, **fit_params)
    ~~~~~~~~~~~~~^^^^^^^^^^^^^^^^^^^^^^^^^^^^^^^^
  File "C:\Users\nicol\OneDrive\GitHub_nicolascalo\DST_DE_Airlines\.venv\Lib\site-packages\sklearn\base.py", line 1365, in wrapper
    return fit_method(estimator, *args, **kwargs)
  File "C:\Users\nicol\OneDrive\GitHub_nicolascalo\DST_DE_Airlines\.venv\Lib\site-packages\sklearn\pipeline.py", line 655, in fit
    Xt = self._fit(X, y, routed_params, raw_params=params)
  File "C:\Users\nicol\OneDrive\GitHub_nicolascalo\DST_DE_Airlines\.venv\Lib\site-packages\sklearn\pipeline.py", line 589, in _fit
    X, fitted_transformer = fit_transform_one_cached(
                            ~~~~~~~~~~~~~~~~~~~~~~~~^
        cloned_transformer,
        ^^^^^^^^^^^^^^^^^^^
    ...<5 lines>...
        params=step_params,
        ^^^^^^^^^^^^^^^^^^^
    )
    ^
  File "C:\Users\nicol\OneDrive\GitHub_nicolascalo\DST_DE_Airlines\.venv\Lib\site-packages\joblib\memory.py", line 326, in __call__
    return self.func(*args, **kwargs)
           ~~~~~~~~~^^^^^^^^^^^^^^^^^
  File "C:\Users\nicol\OneDrive\GitHub_nicolascalo\DST_DE_Airlines\.venv\Lib\site-packages\sklearn\pipeline.py", line 1540, in _fit_transform_one
    res = transformer.fit_transform(X, y, **params.get("fit_transform", {}))
  File "C:\Users\nicol\OneDrive\GitHub_nicolascalo\DST_DE_Airlines\.venv\Lib\site-packages\sklearn\utils\_set_output.py", line 316, in wrapped
    data_to_wrap = f(self, X, *args, **kwargs)
  File "C:\Users\nicol\OneDrive\GitHub_nicolascalo\DST_DE_Airlines\.venv\Lib\site-packages\sklearn\base.py", line 1365, in wrapper
    return fit_method(estimator, *args, **kwargs)
  File "C:\Users\nicol\OneDrive\GitHub_nicolascalo\DST_DE_Airlines\.venv\Lib\site-packages\sklearn\compose\_column_transformer.py", line 996, in fit_transform
    result = self._call_func_on_transformers(
        X,
    ...<3 lines>...
        routed_params=routed_params,
    )
  File "C:\Users\nicol\OneDrive\GitHub_nicolascalo\DST_DE_Airlines\.venv\Lib\site-packages\sklearn\compose\_column_transformer.py", line 897, in _call_func_on_transformers
    return Parallel(n_jobs=self.n_jobs)(jobs)
           ~~~~~~~~~~~~~~~~~~~~~~~~~~~~^^^^^^
  File "C:\Users\nicol\OneDrive\GitHub_nicolascalo\DST_DE_Airlines\.venv\Lib\site-packages\sklearn\utils\parallel.py", line 82, in __call__
    return super().__call__(iterable_with_config_and_warning_filters)
           ~~~~~~~~~~~~~~~~^^^^^^^^^^^^^^^^^^^^^^^^^^^^^^^^^^^^^^^^^^
  File "C:\Users\nicol\OneDrive\GitHub_nicolascalo\DST_DE_Airlines\.venv\Lib\site-packages\joblib\parallel.py", line 1986, in __call__
    return output if self.return_generator else list(output)
                                                ~~~~^^^^^^^^
  File "C:\Users\nicol\OneDrive\GitHub_nicolascalo\DST_DE_Airlines\.venv\Lib\site-packages\joblib\parallel.py", line 1914, in _get_sequential_output
    res = func(*args, **kwargs)
  File "C:\Users\nicol\OneDrive\GitHub_nicolascalo\DST_DE_Airlines\.venv\Lib\site-packages\sklearn\utils\parallel.py", line 147, in __call__
    return self.function(*args, **kwargs)
           ~~~~~~~~~~~~~^^^^^^^^^^^^^^^^^
  File "C:\Users\nicol\OneDrive\GitHub_nicolascalo\DST_DE_Airlines\.venv\Lib\site-packages\sklearn\pipeline.py", line 1540, in _fit_transform_one
    res = transformer.fit_transform(X, y, **params.get("fit_transform", {}))
  File "C:\Users\nicol\OneDrive\GitHub_nicolascalo\DST_DE_Airlines\.venv\Lib\site-packages\sklearn\base.py", line 1365, in wrapper
    return fit_method(estimator, *args, **kwargs)
  File "C:\Users\nicol\OneDrive\GitHub_nicolascalo\DST_DE_Airlines\.venv\Lib\site-packages\sklearn\pipeline.py", line 731, in fit_transform
    return last_step.fit_transform(
           ~~~~~~~~~~~~~~~~~~~~~~~^
        Xt, y, **last_step_params["fit_transform"]
        ^^^^^^^^^^^^^^^^^^^^^^^^^^^^^^^^^^^^^^^^^^
    )
    ^
  File "C:\Users\nicol\OneDrive\GitHub_nicolascalo\DST_DE_Airlines\.venv\Lib\site-packages\sklearn\utils\_set_output.py", line 316, in wrapped
    data_to_wrap = f(self, X, *args, **kwargs)
  File "C:\Users\nicol\OneDrive\GitHub_nicolascalo\DST_DE_Airlines\.venv\Lib\site-packages\sklearn\base.py", line 897, in fit_transform
    return self.fit(X, y, **fit_params).transform(X)
           ~~~~~~~~~~~~~~~~~~~~~~~~~~~~~~~~~~~~~~^^^
  File "C:\Users\nicol\OneDrive\GitHub_nicolascalo\DST_DE_Airlines\.venv\Lib\site-packages\sklearn\utils\_set_output.py", line 316, in wrapped
    data_to_wrap = f(self, X, *args, **kwargs)
  File "C:\Users\nicol\OneDrive\GitHub_nicolascalo\DST_DE_Airlines\.venv\Lib\site-packages\sklearn\preprocessing\_encoders.py", line 1083, in transform
    return out.toarray()
           ~~~~~~~~~~~^^
  File "C:\Users\nicol\OneDrive\GitHub_nicolascalo\DST_DE_Airlines\.venv\Lib\site-packages\scipy\sparse\_compressed.py", line 996, in toarray
    out = self._process_toarray_args(order, out)
  File "C:\Users\nicol\OneDrive\GitHub_nicolascalo\DST_DE_Airlines\.venv\Lib\site-packages\scipy\sparse\_base.py", line 1530, in _process_toarray_args
    return np.zeros(self.shape, dtype=self.dtype, order=order)
           ~~~~~~~~^^^^^^^^^^^^^^^^^^^^^^^^^^^^^^^^^^^^^^^^^^^
numpy._core._exceptions._ArrayMemoryError: Unable to allocate 362. GiB for an array with shape (314946, 154352) and data type float64

--------------------------------------------------------------------------------
2 fits failed with the following error:
Traceback (most recent call last):
  File "C:\Users\nicol\OneDrive\GitHub_nicolascalo\DST_DE_Airlines\.venv\Lib\site-packages\sklearn\model_selection\_validation.py", line 859, in _fit_and_score
    estimator.fit(X_train, y_train, **fit_params)
    ~~~~~~~~~~~~~^^^^^^^^^^^^^^^^^^^^^^^^^^^^^^^^
  File "C:\Users\nicol\OneDrive\GitHub_nicolascalo\DST_DE_Airlines\.venv\Lib\site-packages\sklearn\base.py", line 1365, in wrapper
    return fit_method(estimator, *args, **kwargs)
  File "C:\Users\nicol\OneDrive\GitHub_nicolascalo\DST_DE_Airlines\.venv\Lib\site-packages\sklearn\pipeline.py", line 655, in fit
    Xt = self._fit(X, y, routed_params, raw_params=params)
  File "C:\Users\nicol\OneDrive\GitHub_nicolascalo\DST_DE_Airlines\.venv\Lib\site-packages\sklearn\pipeline.py", line 589, in _fit
    X, fitted_transformer = fit_transform_one_cached(
                            ~~~~~~~~~~~~~~~~~~~~~~~~^
        cloned_transformer,
        ^^^^^^^^^^^^^^^^^^^
    ...<5 lines>...
        params=step_params,
        ^^^^^^^^^^^^^^^^^^^
    )
    ^
  File "C:\Users\nicol\OneDrive\GitHub_nicolascalo\DST_DE_Airlines\.venv\Lib\site-packages\joblib\memory.py", line 326, in __call__
    return self.func(*args, **kwargs)
           ~~~~~~~~~^^^^^^^^^^^^^^^^^
  File "C:\Users\nicol\OneDrive\GitHub_nicolascalo\DST_DE_Airlines\.venv\Lib\site-packages\sklearn\pipeline.py", line 1540, in _fit_transform_one
    res = transformer.fit_transform(X, y, **params.get("fit_transform", {}))
  File "C:\Users\nicol\OneDrive\GitHub_nicolascalo\DST_DE_Airlines\.venv\Lib\site-packages\sklearn\utils\_set_output.py", line 316, in wrapped
    data_to_wrap = f(self, X, *args, **kwargs)
  File "C:\Users\nicol\OneDrive\GitHub_nicolascalo\DST_DE_Airlines\.venv\Lib\site-packages\sklearn\base.py", line 1365, in wrapper
    return fit_method(estimator, *args, **kwargs)
  File "C:\Users\nicol\OneDrive\GitHub_nicolascalo\DST_DE_Airlines\.venv\Lib\site-packages\sklearn\compose\_column_transformer.py", line 996, in fit_transform
    result = self._call_func_on_transformers(
        X,
    ...<3 lines>...
        routed_params=routed_params,
    )
  File "C:\Users\nicol\OneDrive\GitHub_nicolascalo\DST_DE_Airlines\.venv\Lib\site-packages\sklearn\compose\_column_transformer.py", line 897, in _call_func_on_transformers
    return Parallel(n_jobs=self.n_jobs)(jobs)
           ~~~~~~~~~~~~~~~~~~~~~~~~~~~~^^^^^^
  File "C:\Users\nicol\OneDrive\GitHub_nicolascalo\DST_DE_Airlines\.venv\Lib\site-packages\sklearn\utils\parallel.py", line 82, in __call__
    return super().__call__(iterable_with_config_and_warning_filters)
           ~~~~~~~~~~~~~~~~^^^^^^^^^^^^^^^^^^^^^^^^^^^^^^^^^^^^^^^^^^
  File "C:\Users\nicol\OneDrive\GitHub_nicolascalo\DST_DE_Airlines\.venv\Lib\site-packages\joblib\parallel.py", line 1986, in __call__
    return output if self.return_generator else list(output)
                                                ~~~~^^^^^^^^
  File "C:\Users\nicol\OneDrive\GitHub_nicolascalo\DST_DE_Airlines\.venv\Lib\site-packages\joblib\parallel.py", line 1914, in _get_sequential_output
    res = func(*args, **kwargs)
  File "C:\Users\nicol\OneDrive\GitHub_nicolascalo\DST_DE_Airlines\.venv\Lib\site-packages\sklearn\utils\parallel.py", line 147, in __call__
    return self.function(*args, **kwargs)
           ~~~~~~~~~~~~~^^^^^^^^^^^^^^^^^
  File "C:\Users\nicol\OneDrive\GitHub_nicolascalo\DST_DE_Airlines\.venv\Lib\site-packages\sklearn\pipeline.py", line 1540, in _fit_transform_one
    res = transformer.fit_transform(X, y, **params.get("fit_transform", {}))
  File "C:\Users\nicol\OneDrive\GitHub_nicolascalo\DST_DE_Airlines\.venv\Lib\site-packages\sklearn\base.py", line 1365, in wrapper
    return fit_method(estimator, *args, **kwargs)
  File "C:\Users\nicol\OneDrive\GitHub_nicolascalo\DST_DE_Airlines\.venv\Lib\site-packages\sklearn\pipeline.py", line 731, in fit_transform
    return last_step.fit_transform(
           ~~~~~~~~~~~~~~~~~~~~~~~^
        Xt, y, **last_step_params["fit_transform"]
        ^^^^^^^^^^^^^^^^^^^^^^^^^^^^^^^^^^^^^^^^^^
    )
    ^
  File "C:\Users\nicol\OneDrive\GitHub_nicolascalo\DST_DE_Airlines\.venv\Lib\site-packages\sklearn\utils\_set_output.py", line 316, in wrapped
    data_to_wrap = f(self, X, *args, **kwargs)
  File "C:\Users\nicol\OneDrive\GitHub_nicolascalo\DST_DE_Airlines\.venv\Lib\site-packages\sklearn\base.py", line 897, in fit_transform
    return self.fit(X, y, **fit_params).transform(X)
           ~~~~~~~~~~~~~~~~~~~~~~~~~~~~~~~~~~~~~~^^^
  File "C:\Users\nicol\OneDrive\GitHub_nicolascalo\DST_DE_Airlines\.venv\Lib\site-packages\sklearn\utils\_set_output.py", line 316, in wrapped
    data_to_wrap = f(self, X, *args, **kwargs)
  File "C:\Users\nicol\OneDrive\GitHub_nicolascalo\DST_DE_Airlines\.venv\Lib\site-packages\sklearn\preprocessing\_encoders.py", line 1083, in transform
    return out.toarray()
           ~~~~~~~~~~~^^
  File "C:\Users\nicol\OneDrive\GitHub_nicolascalo\DST_DE_Airlines\.venv\Lib\site-packages\scipy\sparse\_compressed.py", line 996, in toarray
    out = self._process_toarray_args(order, out)
  File "C:\Users\nicol\OneDrive\GitHub_nicolascalo\DST_DE_Airlines\.venv\Lib\site-packages\scipy\sparse\_base.py", line 1530, in _process_toarray_args
    return np.zeros(self.shape, dtype=self.dtype, order=order)
           ~~~~~~~~^^^^^^^^^^^^^^^^^^^^^^^^^^^^^^^^^^^^^^^^^^^
numpy._core._exceptions._ArrayMemoryError: Unable to allocate 362. GiB for an array with shape (314947, 154421) and data type float64

--------------------------------------------------------------------------------
2 fits failed with the following error:
Traceback (most recent call last):
  File "C:\Users\nicol\OneDrive\GitHub_nicolascalo\DST_DE_Airlines\.venv\Lib\site-packages\sklearn\model_selection\_validation.py", line 859, in _fit_and_score
    estimator.fit(X_train, y_train, **fit_params)
    ~~~~~~~~~~~~~^^^^^^^^^^^^^^^^^^^^^^^^^^^^^^^^
  File "C:\Users\nicol\OneDrive\GitHub_nicolascalo\DST_DE_Airlines\.venv\Lib\site-packages\sklearn\base.py", line 1365, in wrapper
    return fit_method(estimator, *args, **kwargs)
  File "C:\Users\nicol\OneDrive\GitHub_nicolascalo\DST_DE_Airlines\.venv\Lib\site-packages\sklearn\pipeline.py", line 655, in fit
    Xt = self._fit(X, y, routed_params, raw_params=params)
  File "C:\Users\nicol\OneDrive\GitHub_nicolascalo\DST_DE_Airlines\.venv\Lib\site-packages\sklearn\pipeline.py", line 589, in _fit
    X, fitted_transformer = fit_transform_one_cached(
                            ~~~~~~~~~~~~~~~~~~~~~~~~^
        cloned_transformer,
        ^^^^^^^^^^^^^^^^^^^
    ...<5 lines>...
        params=step_params,
        ^^^^^^^^^^^^^^^^^^^
    )
    ^
  File "C:\Users\nicol\OneDrive\GitHub_nicolascalo\DST_DE_Airlines\.venv\Lib\site-packages\joblib\memory.py", line 326, in __call__
    return self.func(*args, **kwargs)
           ~~~~~~~~~^^^^^^^^^^^^^^^^^
  File "C:\Users\nicol\OneDrive\GitHub_nicolascalo\DST_DE_Airlines\.venv\Lib\site-packages\sklearn\pipeline.py", line 1540, in _fit_transform_one
    res = transformer.fit_transform(X, y, **params.get("fit_transform", {}))
  File "C:\Users\nicol\OneDrive\GitHub_nicolascalo\DST_DE_Airlines\.venv\Lib\site-packages\sklearn\utils\_set_output.py", line 316, in wrapped
    data_to_wrap = f(self, X, *args, **kwargs)
  File "C:\Users\nicol\OneDrive\GitHub_nicolascalo\DST_DE_Airlines\.venv\Lib\site-packages\sklearn\base.py", line 1365, in wrapper
    return fit_method(estimator, *args, **kwargs)
  File "C:\Users\nicol\OneDrive\GitHub_nicolascalo\DST_DE_Airlines\.venv\Lib\site-packages\sklearn\compose\_column_transformer.py", line 996, in fit_transform
    result = self._call_func_on_transformers(
        X,
    ...<3 lines>...
        routed_params=routed_params,
    )
  File "C:\Users\nicol\OneDrive\GitHub_nicolascalo\DST_DE_Airlines\.venv\Lib\site-packages\sklearn\compose\_column_transformer.py", line 897, in _call_func_on_transformers
    return Parallel(n_jobs=self.n_jobs)(jobs)
           ~~~~~~~~~~~~~~~~~~~~~~~~~~~~^^^^^^
  File "C:\Users\nicol\OneDrive\GitHub_nicolascalo\DST_DE_Airlines\.venv\Lib\site-packages\sklearn\utils\parallel.py", line 82, in __call__
    return super().__call__(iterable_with_config_and_warning_filters)
           ~~~~~~~~~~~~~~~~^^^^^^^^^^^^^^^^^^^^^^^^^^^^^^^^^^^^^^^^^^
  File "C:\Users\nicol\OneDrive\GitHub_nicolascalo\DST_DE_Airlines\.venv\Lib\site-packages\joblib\parallel.py", line 1986, in __call__
    return output if self.return_generator else list(output)
                                                ~~~~^^^^^^^^
  File "C:\Users\nicol\OneDrive\GitHub_nicolascalo\DST_DE_Airlines\.venv\Lib\site-packages\joblib\parallel.py", line 1914, in _get_sequential_output
    res = func(*args, **kwargs)
  File "C:\Users\nicol\OneDrive\GitHub_nicolascalo\DST_DE_Airlines\.venv\Lib\site-packages\sklearn\utils\parallel.py", line 147, in __call__
    return self.function(*args, **kwargs)
           ~~~~~~~~~~~~~^^^^^^^^^^^^^^^^^
  File "C:\Users\nicol\OneDrive\GitHub_nicolascalo\DST_DE_Airlines\.venv\Lib\site-packages\sklearn\pipeline.py", line 1540, in _fit_transform_one
    res = transformer.fit_transform(X, y, **params.get("fit_transform", {}))
  File "C:\Users\nicol\OneDrive\GitHub_nicolascalo\DST_DE_Airlines\.venv\Lib\site-packages\sklearn\base.py", line 1365, in wrapper
    return fit_method(estimator, *args, **kwargs)
  File "C:\Users\nicol\OneDrive\GitHub_nicolascalo\DST_DE_Airlines\.venv\Lib\site-packages\sklearn\pipeline.py", line 731, in fit_transform
    return last_step.fit_transform(
           ~~~~~~~~~~~~~~~~~~~~~~~^
        Xt, y, **last_step_params["fit_transform"]
        ^^^^^^^^^^^^^^^^^^^^^^^^^^^^^^^^^^^^^^^^^^
    )
    ^
  File "C:\Users\nicol\OneDrive\GitHub_nicolascalo\DST_DE_Airlines\.venv\Lib\site-packages\sklearn\utils\_set_output.py", line 316, in wrapped
    data_to_wrap = f(self, X, *args, **kwargs)
  File "C:\Users\nicol\OneDrive\GitHub_nicolascalo\DST_DE_Airlines\.venv\Lib\site-packages\sklearn\base.py", line 897, in fit_transform
    return self.fit(X, y, **fit_params).transform(X)
           ~~~~~~~~~~~~~~~~~~~~~~~~~~~~~~~~~~~~~~^^^
  File "C:\Users\nicol\OneDrive\GitHub_nicolascalo\DST_DE_Airlines\.venv\Lib\site-packages\sklearn\utils\_set_output.py", line 316, in wrapped
    data_to_wrap = f(self, X, *args, **kwargs)
  File "C:\Users\nicol\OneDrive\GitHub_nicolascalo\DST_DE_Airlines\.venv\Lib\site-packages\sklearn\preprocessing\_encoders.py", line 1083, in transform
    return out.toarray()
           ~~~~~~~~~~~^^
  File "C:\Users\nicol\OneDrive\GitHub_nicolascalo\DST_DE_Airlines\.venv\Lib\site-packages\scipy\sparse\_compressed.py", line 996, in toarray
    out = self._process_toarray_args(order, out)
  File "C:\Users\nicol\OneDrive\GitHub_nicolascalo\DST_DE_Airlines\.venv\Lib\site-packages\scipy\sparse\_base.py", line 1530, in _process_toarray_args
    return np.zeros(self.shape, dtype=self.dtype, order=order)
           ~~~~~~~~^^^^^^^^^^^^^^^^^^^^^^^^^^^^^^^^^^^^^^^^^^^
numpy._core._exceptions._ArrayMemoryError: Unable to allocate 363. GiB for an array with shape (314947, 154557) and data type float64

2025-11-09 16:00:00,799 - __main__ - INFO - starting pipeline pipeline_OneVsOneClassifier_LogisticRegression GridSearchCV
2025-11-09 16:00:01,185 - __main__ - ERROR - 
Traceback (most recent call last):
  File "<stdin>", line 12, in test_pipeline_classification
    def __init__(self):
        ^^^^^^^^^^^^^^^
  File "C:\Users\nicol\OneDrive\GitHub_nicolascalo\DST_DE_Airlines\.venv\Lib\site-packages\sklearn\base.py", line 1365, in wrapper
    return fit_method(estimator, *args, **kwargs)
  File "C:\Users\nicol\OneDrive\GitHub_nicolascalo\DST_DE_Airlines\.venv\Lib\site-packages\sklearn\model_selection\_search.py", line 1051, in fit
    self._run_search(evaluate_candidates)
    ~~~~~~~~~~~~~~~~^^^^^^^^^^^^^^^^^^^^^
  File "C:\Users\nicol\OneDrive\GitHub_nicolascalo\DST_DE_Airlines\.venv\Lib\site-packages\sklearn\model_selection\_search.py", line 1605, in _run_search
    evaluate_candidates(ParameterGrid(self.param_grid))
    ~~~~~~~~~~~~~~~~~~~^^^^^^^^^^^^^^^^^^^^^^^^^^^^^^^^
  File "C:\Users\nicol\OneDrive\GitHub_nicolascalo\DST_DE_Airlines\.venv\Lib\site-packages\sklearn\model_selection\_search.py", line 997, in evaluate_candidates
    out = parallel(
        delayed(_fit_and_score)(
    ...<13 lines>...
        )
    )
  File "C:\Users\nicol\OneDrive\GitHub_nicolascalo\DST_DE_Airlines\.venv\Lib\site-packages\sklearn\utils\parallel.py", line 82, in __call__
    return super().__call__(iterable_with_config_and_warning_filters)
           ~~~~~~~~~~~~~~~~^^^^^^^^^^^^^^^^^^^^^^^^^^^^^^^^^^^^^^^^^^
  File "C:\Users\nicol\OneDrive\GitHub_nicolascalo\DST_DE_Airlines\.venv\Lib\site-packages\joblib\parallel.py", line 1986, in __call__
    return output if self.return_generator else list(output)
                                                ~~~~^^^^^^^^
  File "C:\Users\nicol\OneDrive\GitHub_nicolascalo\DST_DE_Airlines\.venv\Lib\site-packages\joblib\parallel.py", line 1914, in _get_sequential_output
    res = func(*args, **kwargs)
  File "C:\Users\nicol\OneDrive\GitHub_nicolascalo\DST_DE_Airlines\.venv\Lib\site-packages\sklearn\utils\parallel.py", line 147, in __call__
    return self.function(*args, **kwargs)
           ~~~~~~~~~~~~~^^^^^^^^^^^^^^^^^
  File "C:\Users\nicol\OneDrive\GitHub_nicolascalo\DST_DE_Airlines\.venv\Lib\site-packages\sklearn\model_selection\_validation.py", line 847, in _fit_and_score
    estimator = estimator.set_params(**clone(parameters, safe=False))
  File "C:\Users\nicol\OneDrive\GitHub_nicolascalo\DST_DE_Airlines\.venv\Lib\site-packages\sklearn\pipeline.py", line 319, in set_params
    self._set_params("steps", **kwargs)
    ~~~~~~~~~~~~~~~~^^^^^^^^^^^^^^^^^^^
  File "C:\Users\nicol\OneDrive\GitHub_nicolascalo\DST_DE_Airlines\.venv\Lib\site-packages\sklearn\utils\metaestimators.py", line 69, in _set_params
    super().set_params(**params)
    ~~~~~~~~~~~~~~~~~~^^^^^^^^^^
  File "C:\Users\nicol\OneDrive\GitHub_nicolascalo\DST_DE_Airlines\.venv\Lib\site-packages\sklearn\base.py", line 357, in set_params
    valid_params[key].set_params(**sub_params)
    ~~~~~~~~~~~~~~~~~~~~~~~~~~~~^^^^^^^^^^^^^^
  File "C:\Users\nicol\OneDrive\GitHub_nicolascalo\DST_DE_Airlines\.venv\Lib\site-packages\sklearn\base.py", line 345, in set_params
    raise ValueError(
    ...<2 lines>...
    )
ValueError: Invalid parameter 'C' for estimator OneVsOneClassifier(estimator=LogisticRegression(max_iter=1000, n_jobs=10)). Valid parameters are: ['estimator', 'n_jobs'].
2025-11-09 16:00:01,192 - __main__ - INFO - starting pipeline pipeline_OneVsRestClassifier_LogisticRegression GridSearchCV
2025-11-09 16:00:01,570 - __main__ - ERROR - 
Traceback (most recent call last):
  File "<stdin>", line 12, in test_pipeline_classification
    def __init__(self):
        ^^^^^^^^^^^^^^^
  File "C:\Users\nicol\OneDrive\GitHub_nicolascalo\DST_DE_Airlines\.venv\Lib\site-packages\sklearn\base.py", line 1365, in wrapper
    return fit_method(estimator, *args, **kwargs)
  File "C:\Users\nicol\OneDrive\GitHub_nicolascalo\DST_DE_Airlines\.venv\Lib\site-packages\sklearn\model_selection\_search.py", line 1051, in fit
    self._run_search(evaluate_candidates)
    ~~~~~~~~~~~~~~~~^^^^^^^^^^^^^^^^^^^^^
  File "C:\Users\nicol\OneDrive\GitHub_nicolascalo\DST_DE_Airlines\.venv\Lib\site-packages\sklearn\model_selection\_search.py", line 1605, in _run_search
    evaluate_candidates(ParameterGrid(self.param_grid))
    ~~~~~~~~~~~~~~~~~~~^^^^^^^^^^^^^^^^^^^^^^^^^^^^^^^^
  File "C:\Users\nicol\OneDrive\GitHub_nicolascalo\DST_DE_Airlines\.venv\Lib\site-packages\sklearn\model_selection\_search.py", line 997, in evaluate_candidates
    out = parallel(
        delayed(_fit_and_score)(
    ...<13 lines>...
        )
    )
  File "C:\Users\nicol\OneDrive\GitHub_nicolascalo\DST_DE_Airlines\.venv\Lib\site-packages\sklearn\utils\parallel.py", line 82, in __call__
    return super().__call__(iterable_with_config_and_warning_filters)
           ~~~~~~~~~~~~~~~~^^^^^^^^^^^^^^^^^^^^^^^^^^^^^^^^^^^^^^^^^^
  File "C:\Users\nicol\OneDrive\GitHub_nicolascalo\DST_DE_Airlines\.venv\Lib\site-packages\joblib\parallel.py", line 1986, in __call__
    return output if self.return_generator else list(output)
                                                ~~~~^^^^^^^^
  File "C:\Users\nicol\OneDrive\GitHub_nicolascalo\DST_DE_Airlines\.venv\Lib\site-packages\joblib\parallel.py", line 1914, in _get_sequential_output
    res = func(*args, **kwargs)
  File "C:\Users\nicol\OneDrive\GitHub_nicolascalo\DST_DE_Airlines\.venv\Lib\site-packages\sklearn\utils\parallel.py", line 147, in __call__
    return self.function(*args, **kwargs)
           ~~~~~~~~~~~~~^^^^^^^^^^^^^^^^^
  File "C:\Users\nicol\OneDrive\GitHub_nicolascalo\DST_DE_Airlines\.venv\Lib\site-packages\sklearn\model_selection\_validation.py", line 847, in _fit_and_score
    estimator = estimator.set_params(**clone(parameters, safe=False))
  File "C:\Users\nicol\OneDrive\GitHub_nicolascalo\DST_DE_Airlines\.venv\Lib\site-packages\sklearn\pipeline.py", line 319, in set_params
    self._set_params("steps", **kwargs)
    ~~~~~~~~~~~~~~~~^^^^^^^^^^^^^^^^^^^
  File "C:\Users\nicol\OneDrive\GitHub_nicolascalo\DST_DE_Airlines\.venv\Lib\site-packages\sklearn\utils\metaestimators.py", line 69, in _set_params
    super().set_params(**params)
    ~~~~~~~~~~~~~~~~~~^^^^^^^^^^
  File "C:\Users\nicol\OneDrive\GitHub_nicolascalo\DST_DE_Airlines\.venv\Lib\site-packages\sklearn\base.py", line 357, in set_params
    valid_params[key].set_params(**sub_params)
    ~~~~~~~~~~~~~~~~~~~~~~~~~~~~^^^^^^^^^^^^^^
  File "C:\Users\nicol\OneDrive\GitHub_nicolascalo\DST_DE_Airlines\.venv\Lib\site-packages\sklearn\base.py", line 345, in set_params
    raise ValueError(
    ...<2 lines>...
    )
ValueError: Invalid parameter 'C' for estimator OneVsRestClassifier(estimator=LogisticRegression(max_iter=1000, n_jobs=10)). Valid parameters are: ['estimator', 'n_jobs', 'verbose'].
2025-11-09 16:00:38,105 - __main__ - INFO - Outputing classification metrics for pipeline_DecisionTreeClassifier_grid_test
2025-11-09 16:02:23,202 - __main__ - INFO - starting pipeline pipeline_DecisionTreeClassifier_grid_test GridSearchCV
2025-11-09 16:02:51,312 - __main__ - INFO - starting pipeline pipeline_OneVsOneClassifier_LogisticRegression GridSearchCV
2025-11-09 16:02:51,700 - __main__ - ERROR - 
Traceback (most recent call last):
  File "<stdin>", line 12, in test_pipeline_classification
    def __init__(self):
        ^^^^^^^^^^^^^^^
  File "C:\Users\nicol\OneDrive\GitHub_nicolascalo\DST_DE_Airlines\.venv\Lib\site-packages\sklearn\base.py", line 1365, in wrapper
    return fit_method(estimator, *args, **kwargs)
  File "C:\Users\nicol\OneDrive\GitHub_nicolascalo\DST_DE_Airlines\.venv\Lib\site-packages\sklearn\model_selection\_search.py", line 1051, in fit
    self._run_search(evaluate_candidates)
    ~~~~~~~~~~~~~~~~^^^^^^^^^^^^^^^^^^^^^
  File "C:\Users\nicol\OneDrive\GitHub_nicolascalo\DST_DE_Airlines\.venv\Lib\site-packages\sklearn\model_selection\_search.py", line 1605, in _run_search
    evaluate_candidates(ParameterGrid(self.param_grid))
    ~~~~~~~~~~~~~~~~~~~^^^^^^^^^^^^^^^^^^^^^^^^^^^^^^^^
  File "C:\Users\nicol\OneDrive\GitHub_nicolascalo\DST_DE_Airlines\.venv\Lib\site-packages\sklearn\model_selection\_search.py", line 997, in evaluate_candidates
    out = parallel(
        delayed(_fit_and_score)(
    ...<13 lines>...
        )
    )
  File "C:\Users\nicol\OneDrive\GitHub_nicolascalo\DST_DE_Airlines\.venv\Lib\site-packages\sklearn\utils\parallel.py", line 82, in __call__
    return super().__call__(iterable_with_config_and_warning_filters)
           ~~~~~~~~~~~~~~~~^^^^^^^^^^^^^^^^^^^^^^^^^^^^^^^^^^^^^^^^^^
  File "C:\Users\nicol\OneDrive\GitHub_nicolascalo\DST_DE_Airlines\.venv\Lib\site-packages\joblib\parallel.py", line 1986, in __call__
    return output if self.return_generator else list(output)
                                                ~~~~^^^^^^^^
  File "C:\Users\nicol\OneDrive\GitHub_nicolascalo\DST_DE_Airlines\.venv\Lib\site-packages\joblib\parallel.py", line 1914, in _get_sequential_output
    res = func(*args, **kwargs)
  File "C:\Users\nicol\OneDrive\GitHub_nicolascalo\DST_DE_Airlines\.venv\Lib\site-packages\sklearn\utils\parallel.py", line 147, in __call__
    return self.function(*args, **kwargs)
           ~~~~~~~~~~~~~^^^^^^^^^^^^^^^^^
  File "C:\Users\nicol\OneDrive\GitHub_nicolascalo\DST_DE_Airlines\.venv\Lib\site-packages\sklearn\model_selection\_validation.py", line 847, in _fit_and_score
    estimator = estimator.set_params(**clone(parameters, safe=False))
  File "C:\Users\nicol\OneDrive\GitHub_nicolascalo\DST_DE_Airlines\.venv\Lib\site-packages\sklearn\pipeline.py", line 319, in set_params
    self._set_params("steps", **kwargs)
    ~~~~~~~~~~~~~~~~^^^^^^^^^^^^^^^^^^^
  File "C:\Users\nicol\OneDrive\GitHub_nicolascalo\DST_DE_Airlines\.venv\Lib\site-packages\sklearn\utils\metaestimators.py", line 69, in _set_params
    super().set_params(**params)
    ~~~~~~~~~~~~~~~~~~^^^^^^^^^^
  File "C:\Users\nicol\OneDrive\GitHub_nicolascalo\DST_DE_Airlines\.venv\Lib\site-packages\sklearn\base.py", line 357, in set_params
    valid_params[key].set_params(**sub_params)
    ~~~~~~~~~~~~~~~~~~~~~~~~~~~~^^^^^^^^^^^^^^
  File "C:\Users\nicol\OneDrive\GitHub_nicolascalo\DST_DE_Airlines\.venv\Lib\site-packages\sklearn\base.py", line 345, in set_params
    raise ValueError(
    ...<2 lines>...
    )
ValueError: Invalid parameter 'C' for estimator OneVsOneClassifier(estimator=LogisticRegression(max_iter=1000, n_jobs=10)). Valid parameters are: ['estimator', 'n_jobs'].
2025-11-09 16:02:51,704 - __main__ - INFO - starting pipeline pipeline_DecisionTreeClassifier_grid_test GridSearchCV
2025-11-09 16:05:57,369 - __main__ - INFO - starting pipeline pipeline_OneVsOneClassifier_LogisticRegression GridSearchCV
2025-11-09 16:05:57,713 - __main__ - ERROR - 
Traceback (most recent call last):
  File "<stdin>", line 12, in test_pipeline_classification
    def __init__(self):
        ^^^^^^^^^^^^^^^
  File "C:\Users\nicol\OneDrive\GitHub_nicolascalo\DST_DE_Airlines\.venv\Lib\site-packages\sklearn\base.py", line 1365, in wrapper
    return fit_method(estimator, *args, **kwargs)
  File "C:\Users\nicol\OneDrive\GitHub_nicolascalo\DST_DE_Airlines\.venv\Lib\site-packages\sklearn\model_selection\_search.py", line 1051, in fit
    self._run_search(evaluate_candidates)
    ~~~~~~~~~~~~~~~~^^^^^^^^^^^^^^^^^^^^^
  File "C:\Users\nicol\OneDrive\GitHub_nicolascalo\DST_DE_Airlines\.venv\Lib\site-packages\sklearn\model_selection\_search.py", line 1605, in _run_search
    evaluate_candidates(ParameterGrid(self.param_grid))
    ~~~~~~~~~~~~~~~~~~~^^^^^^^^^^^^^^^^^^^^^^^^^^^^^^^^
  File "C:\Users\nicol\OneDrive\GitHub_nicolascalo\DST_DE_Airlines\.venv\Lib\site-packages\sklearn\model_selection\_search.py", line 997, in evaluate_candidates
    out = parallel(
        delayed(_fit_and_score)(
    ...<13 lines>...
        )
    )
  File "C:\Users\nicol\OneDrive\GitHub_nicolascalo\DST_DE_Airlines\.venv\Lib\site-packages\sklearn\utils\parallel.py", line 82, in __call__
    return super().__call__(iterable_with_config_and_warning_filters)
           ~~~~~~~~~~~~~~~~^^^^^^^^^^^^^^^^^^^^^^^^^^^^^^^^^^^^^^^^^^
  File "C:\Users\nicol\OneDrive\GitHub_nicolascalo\DST_DE_Airlines\.venv\Lib\site-packages\joblib\parallel.py", line 1986, in __call__
    return output if self.return_generator else list(output)
                                                ~~~~^^^^^^^^
  File "C:\Users\nicol\OneDrive\GitHub_nicolascalo\DST_DE_Airlines\.venv\Lib\site-packages\joblib\parallel.py", line 1914, in _get_sequential_output
    res = func(*args, **kwargs)
  File "C:\Users\nicol\OneDrive\GitHub_nicolascalo\DST_DE_Airlines\.venv\Lib\site-packages\sklearn\utils\parallel.py", line 147, in __call__
    return self.function(*args, **kwargs)
           ~~~~~~~~~~~~~^^^^^^^^^^^^^^^^^
  File "C:\Users\nicol\OneDrive\GitHub_nicolascalo\DST_DE_Airlines\.venv\Lib\site-packages\sklearn\model_selection\_validation.py", line 847, in _fit_and_score
    estimator = estimator.set_params(**clone(parameters, safe=False))
  File "C:\Users\nicol\OneDrive\GitHub_nicolascalo\DST_DE_Airlines\.venv\Lib\site-packages\sklearn\pipeline.py", line 319, in set_params
    self._set_params("steps", **kwargs)
    ~~~~~~~~~~~~~~~~^^^^^^^^^^^^^^^^^^^
  File "C:\Users\nicol\OneDrive\GitHub_nicolascalo\DST_DE_Airlines\.venv\Lib\site-packages\sklearn\utils\metaestimators.py", line 69, in _set_params
    super().set_params(**params)
    ~~~~~~~~~~~~~~~~~~^^^^^^^^^^
  File "C:\Users\nicol\OneDrive\GitHub_nicolascalo\DST_DE_Airlines\.venv\Lib\site-packages\sklearn\base.py", line 357, in set_params
    valid_params[key].set_params(**sub_params)
    ~~~~~~~~~~~~~~~~~~~~~~~~~~~~^^^^^^^^^^^^^^
  File "C:\Users\nicol\OneDrive\GitHub_nicolascalo\DST_DE_Airlines\.venv\Lib\site-packages\sklearn\base.py", line 345, in set_params
    raise ValueError(
    ...<2 lines>...
    )
ValueError: Invalid parameter 'C' for estimator OneVsOneClassifier(estimator=LogisticRegression(max_iter=1000, n_jobs=10)). Valid parameters are: ['estimator', 'n_jobs'].
2025-11-09 16:05:57,716 - __main__ - INFO - starting pipeline pipeline_DecisionTreeClassifier_grid_test GridSearchCV
2025-11-09 16:07:25,927 - __main__ - INFO - starting pipeline pipeline_OneVsOneClassifier_LogisticRegression GridSearchCV
2025-11-09 16:07:26,271 - __main__ - ERROR - 
Traceback (most recent call last):
  File "<stdin>", line 12, in test_pipeline_classification
    def __init__(self):
        ^^^^^^^^^^^^^^^
  File "C:\Users\nicol\OneDrive\GitHub_nicolascalo\DST_DE_Airlines\.venv\Lib\site-packages\sklearn\base.py", line 1365, in wrapper
    return fit_method(estimator, *args, **kwargs)
  File "C:\Users\nicol\OneDrive\GitHub_nicolascalo\DST_DE_Airlines\.venv\Lib\site-packages\sklearn\model_selection\_search.py", line 1051, in fit
    self._run_search(evaluate_candidates)
    ~~~~~~~~~~~~~~~~^^^^^^^^^^^^^^^^^^^^^
  File "C:\Users\nicol\OneDrive\GitHub_nicolascalo\DST_DE_Airlines\.venv\Lib\site-packages\sklearn\model_selection\_search.py", line 1605, in _run_search
    evaluate_candidates(ParameterGrid(self.param_grid))
    ~~~~~~~~~~~~~~~~~~~^^^^^^^^^^^^^^^^^^^^^^^^^^^^^^^^
  File "C:\Users\nicol\OneDrive\GitHub_nicolascalo\DST_DE_Airlines\.venv\Lib\site-packages\sklearn\model_selection\_search.py", line 997, in evaluate_candidates
    out = parallel(
        delayed(_fit_and_score)(
    ...<13 lines>...
        )
    )
  File "C:\Users\nicol\OneDrive\GitHub_nicolascalo\DST_DE_Airlines\.venv\Lib\site-packages\sklearn\utils\parallel.py", line 82, in __call__
    return super().__call__(iterable_with_config_and_warning_filters)
           ~~~~~~~~~~~~~~~~^^^^^^^^^^^^^^^^^^^^^^^^^^^^^^^^^^^^^^^^^^
  File "C:\Users\nicol\OneDrive\GitHub_nicolascalo\DST_DE_Airlines\.venv\Lib\site-packages\joblib\parallel.py", line 1986, in __call__
    return output if self.return_generator else list(output)
                                                ~~~~^^^^^^^^
  File "C:\Users\nicol\OneDrive\GitHub_nicolascalo\DST_DE_Airlines\.venv\Lib\site-packages\joblib\parallel.py", line 1914, in _get_sequential_output
    res = func(*args, **kwargs)
  File "C:\Users\nicol\OneDrive\GitHub_nicolascalo\DST_DE_Airlines\.venv\Lib\site-packages\sklearn\utils\parallel.py", line 147, in __call__
    return self.function(*args, **kwargs)
           ~~~~~~~~~~~~~^^^^^^^^^^^^^^^^^
  File "C:\Users\nicol\OneDrive\GitHub_nicolascalo\DST_DE_Airlines\.venv\Lib\site-packages\sklearn\model_selection\_validation.py", line 847, in _fit_and_score
    estimator = estimator.set_params(**clone(parameters, safe=False))
  File "C:\Users\nicol\OneDrive\GitHub_nicolascalo\DST_DE_Airlines\.venv\Lib\site-packages\sklearn\pipeline.py", line 319, in set_params
    self._set_params("steps", **kwargs)
    ~~~~~~~~~~~~~~~~^^^^^^^^^^^^^^^^^^^
  File "C:\Users\nicol\OneDrive\GitHub_nicolascalo\DST_DE_Airlines\.venv\Lib\site-packages\sklearn\utils\metaestimators.py", line 69, in _set_params
    super().set_params(**params)
    ~~~~~~~~~~~~~~~~~~^^^^^^^^^^
  File "C:\Users\nicol\OneDrive\GitHub_nicolascalo\DST_DE_Airlines\.venv\Lib\site-packages\sklearn\base.py", line 357, in set_params
    valid_params[key].set_params(**sub_params)
    ~~~~~~~~~~~~~~~~~~~~~~~~~~~~^^^^^^^^^^^^^^
  File "C:\Users\nicol\OneDrive\GitHub_nicolascalo\DST_DE_Airlines\.venv\Lib\site-packages\sklearn\base.py", line 345, in set_params
    raise ValueError(
    ...<2 lines>...
    )
ValueError: Invalid parameter 'C' for estimator OneVsOneClassifier(estimator=LogisticRegression(max_iter=1000, n_jobs=10)). Valid parameters are: ['estimator', 'n_jobs'].
2025-11-09 16:07:26,275 - __main__ - INFO - starting pipeline pipeline_DecisionTreeClassifier_grid_test GridSearchCV
2025-11-09 16:08:05,134 - __main__ - ERROR - 
Traceback (most recent call last):
  File "<stdin>", line 12, in test_pipeline_classification
    def __init__(self):
        ^^^^^^^^^^^^^^^
  File "C:\Users\nicol\OneDrive\GitHub_nicolascalo\DST_DE_Airlines\.venv\Lib\site-packages\sklearn\base.py", line 1365, in wrapper
    return fit_method(estimator, *args, **kwargs)
  File "C:\Users\nicol\OneDrive\GitHub_nicolascalo\DST_DE_Airlines\.venv\Lib\site-packages\sklearn\model_selection\_search.py", line 1051, in fit
    self._run_search(evaluate_candidates)
    ~~~~~~~~~~~~~~~~^^^^^^^^^^^^^^^^^^^^^
  File "C:\Users\nicol\OneDrive\GitHub_nicolascalo\DST_DE_Airlines\.venv\Lib\site-packages\sklearn\model_selection\_search.py", line 1605, in _run_search
    evaluate_candidates(ParameterGrid(self.param_grid))
    ~~~~~~~~~~~~~~~~~~~^^^^^^^^^^^^^^^^^^^^^^^^^^^^^^^^
  File "C:\Users\nicol\OneDrive\GitHub_nicolascalo\DST_DE_Airlines\.venv\Lib\site-packages\sklearn\model_selection\_search.py", line 1028, in evaluate_candidates
    _warn_or_raise_about_fit_failures(out, self.error_score)
    ~~~~~~~~~~~~~~~~~~~~~~~~~~~~~~~~~^^^^^^^^^^^^^^^^^^^^^^^
  File "C:\Users\nicol\OneDrive\GitHub_nicolascalo\DST_DE_Airlines\.venv\Lib\site-packages\sklearn\model_selection\_validation.py", line 505, in _warn_or_raise_about_fit_failures
    raise ValueError(all_fits_failed_message)
ValueError: 
All the 10 fits failed.
It is very likely that your model is misconfigured.
You can try to debug the error by setting error_score='raise'.

Below are more details about the failures:
--------------------------------------------------------------------------------
2 fits failed with the following error:
Traceback (most recent call last):
  File "C:\Users\nicol\OneDrive\GitHub_nicolascalo\DST_DE_Airlines\.venv\Lib\site-packages\sklearn\model_selection\_validation.py", line 859, in _fit_and_score
    estimator.fit(X_train, y_train, **fit_params)
    ~~~~~~~~~~~~~^^^^^^^^^^^^^^^^^^^^^^^^^^^^^^^^
  File "C:\Users\nicol\OneDrive\GitHub_nicolascalo\DST_DE_Airlines\.venv\Lib\site-packages\sklearn\base.py", line 1365, in wrapper
    return fit_method(estimator, *args, **kwargs)
  File "C:\Users\nicol\OneDrive\GitHub_nicolascalo\DST_DE_Airlines\.venv\Lib\site-packages\sklearn\pipeline.py", line 655, in fit
    Xt = self._fit(X, y, routed_params, raw_params=params)
  File "C:\Users\nicol\OneDrive\GitHub_nicolascalo\DST_DE_Airlines\.venv\Lib\site-packages\sklearn\pipeline.py", line 589, in _fit
    X, fitted_transformer = fit_transform_one_cached(
                            ~~~~~~~~~~~~~~~~~~~~~~~~^
        cloned_transformer,
        ^^^^^^^^^^^^^^^^^^^
    ...<5 lines>...
        params=step_params,
        ^^^^^^^^^^^^^^^^^^^
    )
    ^
  File "C:\Users\nicol\OneDrive\GitHub_nicolascalo\DST_DE_Airlines\.venv\Lib\site-packages\joblib\memory.py", line 326, in __call__
    return self.func(*args, **kwargs)
           ~~~~~~~~~^^^^^^^^^^^^^^^^^
  File "C:\Users\nicol\OneDrive\GitHub_nicolascalo\DST_DE_Airlines\.venv\Lib\site-packages\sklearn\pipeline.py", line 1540, in _fit_transform_one
    res = transformer.fit_transform(X, y, **params.get("fit_transform", {}))
  File "C:\Users\nicol\OneDrive\GitHub_nicolascalo\DST_DE_Airlines\.venv\Lib\site-packages\sklearn\utils\_set_output.py", line 316, in wrapped
    data_to_wrap = f(self, X, *args, **kwargs)
  File "C:\Users\nicol\OneDrive\GitHub_nicolascalo\DST_DE_Airlines\.venv\Lib\site-packages\sklearn\base.py", line 1365, in wrapper
    return fit_method(estimator, *args, **kwargs)
  File "C:\Users\nicol\OneDrive\GitHub_nicolascalo\DST_DE_Airlines\.venv\Lib\site-packages\sklearn\compose\_column_transformer.py", line 996, in fit_transform
    result = self._call_func_on_transformers(
        X,
    ...<3 lines>...
        routed_params=routed_params,
    )
  File "C:\Users\nicol\OneDrive\GitHub_nicolascalo\DST_DE_Airlines\.venv\Lib\site-packages\sklearn\compose\_column_transformer.py", line 897, in _call_func_on_transformers
    return Parallel(n_jobs=self.n_jobs)(jobs)
           ~~~~~~~~~~~~~~~~~~~~~~~~~~~~^^^^^^
  File "C:\Users\nicol\OneDrive\GitHub_nicolascalo\DST_DE_Airlines\.venv\Lib\site-packages\sklearn\utils\parallel.py", line 82, in __call__
    return super().__call__(iterable_with_config_and_warning_filters)
           ~~~~~~~~~~~~~~~~^^^^^^^^^^^^^^^^^^^^^^^^^^^^^^^^^^^^^^^^^^
  File "C:\Users\nicol\OneDrive\GitHub_nicolascalo\DST_DE_Airlines\.venv\Lib\site-packages\joblib\parallel.py", line 1986, in __call__
    return output if self.return_generator else list(output)
                                                ~~~~^^^^^^^^
  File "C:\Users\nicol\OneDrive\GitHub_nicolascalo\DST_DE_Airlines\.venv\Lib\site-packages\joblib\parallel.py", line 1914, in _get_sequential_output
    res = func(*args, **kwargs)
  File "C:\Users\nicol\OneDrive\GitHub_nicolascalo\DST_DE_Airlines\.venv\Lib\site-packages\sklearn\utils\parallel.py", line 147, in __call__
    return self.function(*args, **kwargs)
           ~~~~~~~~~~~~~^^^^^^^^^^^^^^^^^
  File "C:\Users\nicol\OneDrive\GitHub_nicolascalo\DST_DE_Airlines\.venv\Lib\site-packages\sklearn\pipeline.py", line 1540, in _fit_transform_one
    res = transformer.fit_transform(X, y, **params.get("fit_transform", {}))
  File "C:\Users\nicol\OneDrive\GitHub_nicolascalo\DST_DE_Airlines\.venv\Lib\site-packages\sklearn\base.py", line 1365, in wrapper
    return fit_method(estimator, *args, **kwargs)
  File "C:\Users\nicol\OneDrive\GitHub_nicolascalo\DST_DE_Airlines\.venv\Lib\site-packages\sklearn\pipeline.py", line 731, in fit_transform
    return last_step.fit_transform(
           ~~~~~~~~~~~~~~~~~~~~~~~^
        Xt, y, **last_step_params["fit_transform"]
        ^^^^^^^^^^^^^^^^^^^^^^^^^^^^^^^^^^^^^^^^^^
    )
    ^
  File "C:\Users\nicol\OneDrive\GitHub_nicolascalo\DST_DE_Airlines\.venv\Lib\site-packages\sklearn\utils\_set_output.py", line 316, in wrapped
    data_to_wrap = f(self, X, *args, **kwargs)
  File "C:\Users\nicol\OneDrive\GitHub_nicolascalo\DST_DE_Airlines\.venv\Lib\site-packages\sklearn\base.py", line 897, in fit_transform
    return self.fit(X, y, **fit_params).transform(X)
           ~~~~~~~~~~~~~~~~~~~~~~~~~~~~~~~~~~~~~~^^^
  File "C:\Users\nicol\OneDrive\GitHub_nicolascalo\DST_DE_Airlines\.venv\Lib\site-packages\sklearn\utils\_set_output.py", line 316, in wrapped
    data_to_wrap = f(self, X, *args, **kwargs)
  File "C:\Users\nicol\OneDrive\GitHub_nicolascalo\DST_DE_Airlines\.venv\Lib\site-packages\sklearn\preprocessing\_encoders.py", line 1083, in transform
    return out.toarray()
           ~~~~~~~~~~~^^
  File "C:\Users\nicol\OneDrive\GitHub_nicolascalo\DST_DE_Airlines\.venv\Lib\site-packages\scipy\sparse\_compressed.py", line 996, in toarray
    out = self._process_toarray_args(order, out)
  File "C:\Users\nicol\OneDrive\GitHub_nicolascalo\DST_DE_Airlines\.venv\Lib\site-packages\scipy\sparse\_base.py", line 1530, in _process_toarray_args
    return np.zeros(self.shape, dtype=self.dtype, order=order)
           ~~~~~~~~^^^^^^^^^^^^^^^^^^^^^^^^^^^^^^^^^^^^^^^^^^^
numpy._core._exceptions._ArrayMemoryError: Unable to allocate 362. GiB for an array with shape (314946, 154424) and data type float64

--------------------------------------------------------------------------------
2 fits failed with the following error:
Traceback (most recent call last):
  File "C:\Users\nicol\OneDrive\GitHub_nicolascalo\DST_DE_Airlines\.venv\Lib\site-packages\sklearn\model_selection\_validation.py", line 859, in _fit_and_score
    estimator.fit(X_train, y_train, **fit_params)
    ~~~~~~~~~~~~~^^^^^^^^^^^^^^^^^^^^^^^^^^^^^^^^
  File "C:\Users\nicol\OneDrive\GitHub_nicolascalo\DST_DE_Airlines\.venv\Lib\site-packages\sklearn\base.py", line 1365, in wrapper
    return fit_method(estimator, *args, **kwargs)
  File "C:\Users\nicol\OneDrive\GitHub_nicolascalo\DST_DE_Airlines\.venv\Lib\site-packages\sklearn\pipeline.py", line 655, in fit
    Xt = self._fit(X, y, routed_params, raw_params=params)
  File "C:\Users\nicol\OneDrive\GitHub_nicolascalo\DST_DE_Airlines\.venv\Lib\site-packages\sklearn\pipeline.py", line 589, in _fit
    X, fitted_transformer = fit_transform_one_cached(
                            ~~~~~~~~~~~~~~~~~~~~~~~~^
        cloned_transformer,
        ^^^^^^^^^^^^^^^^^^^
    ...<5 lines>...
        params=step_params,
        ^^^^^^^^^^^^^^^^^^^
    )
    ^
  File "C:\Users\nicol\OneDrive\GitHub_nicolascalo\DST_DE_Airlines\.venv\Lib\site-packages\joblib\memory.py", line 326, in __call__
    return self.func(*args, **kwargs)
           ~~~~~~~~~^^^^^^^^^^^^^^^^^
  File "C:\Users\nicol\OneDrive\GitHub_nicolascalo\DST_DE_Airlines\.venv\Lib\site-packages\sklearn\pipeline.py", line 1540, in _fit_transform_one
    res = transformer.fit_transform(X, y, **params.get("fit_transform", {}))
  File "C:\Users\nicol\OneDrive\GitHub_nicolascalo\DST_DE_Airlines\.venv\Lib\site-packages\sklearn\utils\_set_output.py", line 316, in wrapped
    data_to_wrap = f(self, X, *args, **kwargs)
  File "C:\Users\nicol\OneDrive\GitHub_nicolascalo\DST_DE_Airlines\.venv\Lib\site-packages\sklearn\base.py", line 1365, in wrapper
    return fit_method(estimator, *args, **kwargs)
  File "C:\Users\nicol\OneDrive\GitHub_nicolascalo\DST_DE_Airlines\.venv\Lib\site-packages\sklearn\compose\_column_transformer.py", line 996, in fit_transform
    result = self._call_func_on_transformers(
        X,
    ...<3 lines>...
        routed_params=routed_params,
    )
  File "C:\Users\nicol\OneDrive\GitHub_nicolascalo\DST_DE_Airlines\.venv\Lib\site-packages\sklearn\compose\_column_transformer.py", line 897, in _call_func_on_transformers
    return Parallel(n_jobs=self.n_jobs)(jobs)
           ~~~~~~~~~~~~~~~~~~~~~~~~~~~~^^^^^^
  File "C:\Users\nicol\OneDrive\GitHub_nicolascalo\DST_DE_Airlines\.venv\Lib\site-packages\sklearn\utils\parallel.py", line 82, in __call__
    return super().__call__(iterable_with_config_and_warning_filters)
           ~~~~~~~~~~~~~~~~^^^^^^^^^^^^^^^^^^^^^^^^^^^^^^^^^^^^^^^^^^
  File "C:\Users\nicol\OneDrive\GitHub_nicolascalo\DST_DE_Airlines\.venv\Lib\site-packages\joblib\parallel.py", line 1986, in __call__
    return output if self.return_generator else list(output)
                                                ~~~~^^^^^^^^
  File "C:\Users\nicol\OneDrive\GitHub_nicolascalo\DST_DE_Airlines\.venv\Lib\site-packages\joblib\parallel.py", line 1914, in _get_sequential_output
    res = func(*args, **kwargs)
  File "C:\Users\nicol\OneDrive\GitHub_nicolascalo\DST_DE_Airlines\.venv\Lib\site-packages\sklearn\utils\parallel.py", line 147, in __call__
    return self.function(*args, **kwargs)
           ~~~~~~~~~~~~~^^^^^^^^^^^^^^^^^
  File "C:\Users\nicol\OneDrive\GitHub_nicolascalo\DST_DE_Airlines\.venv\Lib\site-packages\sklearn\pipeline.py", line 1540, in _fit_transform_one
    res = transformer.fit_transform(X, y, **params.get("fit_transform", {}))
  File "C:\Users\nicol\OneDrive\GitHub_nicolascalo\DST_DE_Airlines\.venv\Lib\site-packages\sklearn\base.py", line 1365, in wrapper
    return fit_method(estimator, *args, **kwargs)
  File "C:\Users\nicol\OneDrive\GitHub_nicolascalo\DST_DE_Airlines\.venv\Lib\site-packages\sklearn\pipeline.py", line 731, in fit_transform
    return last_step.fit_transform(
           ~~~~~~~~~~~~~~~~~~~~~~~^
        Xt, y, **last_step_params["fit_transform"]
        ^^^^^^^^^^^^^^^^^^^^^^^^^^^^^^^^^^^^^^^^^^
    )
    ^
  File "C:\Users\nicol\OneDrive\GitHub_nicolascalo\DST_DE_Airlines\.venv\Lib\site-packages\sklearn\utils\_set_output.py", line 316, in wrapped
    data_to_wrap = f(self, X, *args, **kwargs)
  File "C:\Users\nicol\OneDrive\GitHub_nicolascalo\DST_DE_Airlines\.venv\Lib\site-packages\sklearn\base.py", line 897, in fit_transform
    return self.fit(X, y, **fit_params).transform(X)
           ~~~~~~~~~~~~~~~~~~~~~~~~~~~~~~~~~~~~~~^^^
  File "C:\Users\nicol\OneDrive\GitHub_nicolascalo\DST_DE_Airlines\.venv\Lib\site-packages\sklearn\utils\_set_output.py", line 316, in wrapped
    data_to_wrap = f(self, X, *args, **kwargs)
  File "C:\Users\nicol\OneDrive\GitHub_nicolascalo\DST_DE_Airlines\.venv\Lib\site-packages\sklearn\preprocessing\_encoders.py", line 1083, in transform
    return out.toarray()
           ~~~~~~~~~~~^^
  File "C:\Users\nicol\OneDrive\GitHub_nicolascalo\DST_DE_Airlines\.venv\Lib\site-packages\scipy\sparse\_compressed.py", line 996, in toarray
    out = self._process_toarray_args(order, out)
  File "C:\Users\nicol\OneDrive\GitHub_nicolascalo\DST_DE_Airlines\.venv\Lib\site-packages\scipy\sparse\_base.py", line 1530, in _process_toarray_args
    return np.zeros(self.shape, dtype=self.dtype, order=order)
           ~~~~~~~~^^^^^^^^^^^^^^^^^^^^^^^^^^^^^^^^^^^^^^^^^^^
numpy._core._exceptions._ArrayMemoryError: Unable to allocate 362. GiB for an array with shape (314946, 154398) and data type float64

--------------------------------------------------------------------------------
2 fits failed with the following error:
Traceback (most recent call last):
  File "C:\Users\nicol\OneDrive\GitHub_nicolascalo\DST_DE_Airlines\.venv\Lib\site-packages\sklearn\model_selection\_validation.py", line 859, in _fit_and_score
    estimator.fit(X_train, y_train, **fit_params)
    ~~~~~~~~~~~~~^^^^^^^^^^^^^^^^^^^^^^^^^^^^^^^^
  File "C:\Users\nicol\OneDrive\GitHub_nicolascalo\DST_DE_Airlines\.venv\Lib\site-packages\sklearn\base.py", line 1365, in wrapper
    return fit_method(estimator, *args, **kwargs)
  File "C:\Users\nicol\OneDrive\GitHub_nicolascalo\DST_DE_Airlines\.venv\Lib\site-packages\sklearn\pipeline.py", line 655, in fit
    Xt = self._fit(X, y, routed_params, raw_params=params)
  File "C:\Users\nicol\OneDrive\GitHub_nicolascalo\DST_DE_Airlines\.venv\Lib\site-packages\sklearn\pipeline.py", line 589, in _fit
    X, fitted_transformer = fit_transform_one_cached(
                            ~~~~~~~~~~~~~~~~~~~~~~~~^
        cloned_transformer,
        ^^^^^^^^^^^^^^^^^^^
    ...<5 lines>...
        params=step_params,
        ^^^^^^^^^^^^^^^^^^^
    )
    ^
  File "C:\Users\nicol\OneDrive\GitHub_nicolascalo\DST_DE_Airlines\.venv\Lib\site-packages\joblib\memory.py", line 326, in __call__
    return self.func(*args, **kwargs)
           ~~~~~~~~~^^^^^^^^^^^^^^^^^
  File "C:\Users\nicol\OneDrive\GitHub_nicolascalo\DST_DE_Airlines\.venv\Lib\site-packages\sklearn\pipeline.py", line 1540, in _fit_transform_one
    res = transformer.fit_transform(X, y, **params.get("fit_transform", {}))
  File "C:\Users\nicol\OneDrive\GitHub_nicolascalo\DST_DE_Airlines\.venv\Lib\site-packages\sklearn\utils\_set_output.py", line 316, in wrapped
    data_to_wrap = f(self, X, *args, **kwargs)
  File "C:\Users\nicol\OneDrive\GitHub_nicolascalo\DST_DE_Airlines\.venv\Lib\site-packages\sklearn\base.py", line 1365, in wrapper
    return fit_method(estimator, *args, **kwargs)
  File "C:\Users\nicol\OneDrive\GitHub_nicolascalo\DST_DE_Airlines\.venv\Lib\site-packages\sklearn\compose\_column_transformer.py", line 996, in fit_transform
    result = self._call_func_on_transformers(
        X,
    ...<3 lines>...
        routed_params=routed_params,
    )
  File "C:\Users\nicol\OneDrive\GitHub_nicolascalo\DST_DE_Airlines\.venv\Lib\site-packages\sklearn\compose\_column_transformer.py", line 897, in _call_func_on_transformers
    return Parallel(n_jobs=self.n_jobs)(jobs)
           ~~~~~~~~~~~~~~~~~~~~~~~~~~~~^^^^^^
  File "C:\Users\nicol\OneDrive\GitHub_nicolascalo\DST_DE_Airlines\.venv\Lib\site-packages\sklearn\utils\parallel.py", line 82, in __call__
    return super().__call__(iterable_with_config_and_warning_filters)
           ~~~~~~~~~~~~~~~~^^^^^^^^^^^^^^^^^^^^^^^^^^^^^^^^^^^^^^^^^^
  File "C:\Users\nicol\OneDrive\GitHub_nicolascalo\DST_DE_Airlines\.venv\Lib\site-packages\joblib\parallel.py", line 1986, in __call__
    return output if self.return_generator else list(output)
                                                ~~~~^^^^^^^^
  File "C:\Users\nicol\OneDrive\GitHub_nicolascalo\DST_DE_Airlines\.venv\Lib\site-packages\joblib\parallel.py", line 1914, in _get_sequential_output
    res = func(*args, **kwargs)
  File "C:\Users\nicol\OneDrive\GitHub_nicolascalo\DST_DE_Airlines\.venv\Lib\site-packages\sklearn\utils\parallel.py", line 147, in __call__
    return self.function(*args, **kwargs)
           ~~~~~~~~~~~~~^^^^^^^^^^^^^^^^^
  File "C:\Users\nicol\OneDrive\GitHub_nicolascalo\DST_DE_Airlines\.venv\Lib\site-packages\sklearn\pipeline.py", line 1540, in _fit_transform_one
    res = transformer.fit_transform(X, y, **params.get("fit_transform", {}))
  File "C:\Users\nicol\OneDrive\GitHub_nicolascalo\DST_DE_Airlines\.venv\Lib\site-packages\sklearn\base.py", line 1365, in wrapper
    return fit_method(estimator, *args, **kwargs)
  File "C:\Users\nicol\OneDrive\GitHub_nicolascalo\DST_DE_Airlines\.venv\Lib\site-packages\sklearn\pipeline.py", line 731, in fit_transform
    return last_step.fit_transform(
           ~~~~~~~~~~~~~~~~~~~~~~~^
        Xt, y, **last_step_params["fit_transform"]
        ^^^^^^^^^^^^^^^^^^^^^^^^^^^^^^^^^^^^^^^^^^
    )
    ^
  File "C:\Users\nicol\OneDrive\GitHub_nicolascalo\DST_DE_Airlines\.venv\Lib\site-packages\sklearn\utils\_set_output.py", line 316, in wrapped
    data_to_wrap = f(self, X, *args, **kwargs)
  File "C:\Users\nicol\OneDrive\GitHub_nicolascalo\DST_DE_Airlines\.venv\Lib\site-packages\sklearn\base.py", line 897, in fit_transform
    return self.fit(X, y, **fit_params).transform(X)
           ~~~~~~~~~~~~~~~~~~~~~~~~~~~~~~~~~~~~~~^^^
  File "C:\Users\nicol\OneDrive\GitHub_nicolascalo\DST_DE_Airlines\.venv\Lib\site-packages\sklearn\utils\_set_output.py", line 316, in wrapped
    data_to_wrap = f(self, X, *args, **kwargs)
  File "C:\Users\nicol\OneDrive\GitHub_nicolascalo\DST_DE_Airlines\.venv\Lib\site-packages\sklearn\preprocessing\_encoders.py", line 1083, in transform
    return out.toarray()
           ~~~~~~~~~~~^^
  File "C:\Users\nicol\OneDrive\GitHub_nicolascalo\DST_DE_Airlines\.venv\Lib\site-packages\scipy\sparse\_compressed.py", line 996, in toarray
    out = self._process_toarray_args(order, out)
  File "C:\Users\nicol\OneDrive\GitHub_nicolascalo\DST_DE_Airlines\.venv\Lib\site-packages\scipy\sparse\_base.py", line 1530, in _process_toarray_args
    return np.zeros(self.shape, dtype=self.dtype, order=order)
           ~~~~~~~~^^^^^^^^^^^^^^^^^^^^^^^^^^^^^^^^^^^^^^^^^^^
numpy._core._exceptions._ArrayMemoryError: Unable to allocate 363. GiB for an array with shape (314946, 154500) and data type float64

--------------------------------------------------------------------------------
2 fits failed with the following error:
Traceback (most recent call last):
  File "C:\Users\nicol\OneDrive\GitHub_nicolascalo\DST_DE_Airlines\.venv\Lib\site-packages\sklearn\model_selection\_validation.py", line 859, in _fit_and_score
    estimator.fit(X_train, y_train, **fit_params)
    ~~~~~~~~~~~~~^^^^^^^^^^^^^^^^^^^^^^^^^^^^^^^^
  File "C:\Users\nicol\OneDrive\GitHub_nicolascalo\DST_DE_Airlines\.venv\Lib\site-packages\sklearn\base.py", line 1365, in wrapper
    return fit_method(estimator, *args, **kwargs)
  File "C:\Users\nicol\OneDrive\GitHub_nicolascalo\DST_DE_Airlines\.venv\Lib\site-packages\sklearn\pipeline.py", line 655, in fit
    Xt = self._fit(X, y, routed_params, raw_params=params)
  File "C:\Users\nicol\OneDrive\GitHub_nicolascalo\DST_DE_Airlines\.venv\Lib\site-packages\sklearn\pipeline.py", line 589, in _fit
    X, fitted_transformer = fit_transform_one_cached(
                            ~~~~~~~~~~~~~~~~~~~~~~~~^
        cloned_transformer,
        ^^^^^^^^^^^^^^^^^^^
    ...<5 lines>...
        params=step_params,
        ^^^^^^^^^^^^^^^^^^^
    )
    ^
  File "C:\Users\nicol\OneDrive\GitHub_nicolascalo\DST_DE_Airlines\.venv\Lib\site-packages\joblib\memory.py", line 326, in __call__
    return self.func(*args, **kwargs)
           ~~~~~~~~~^^^^^^^^^^^^^^^^^
  File "C:\Users\nicol\OneDrive\GitHub_nicolascalo\DST_DE_Airlines\.venv\Lib\site-packages\sklearn\pipeline.py", line 1540, in _fit_transform_one
    res = transformer.fit_transform(X, y, **params.get("fit_transform", {}))
  File "C:\Users\nicol\OneDrive\GitHub_nicolascalo\DST_DE_Airlines\.venv\Lib\site-packages\sklearn\utils\_set_output.py", line 316, in wrapped
    data_to_wrap = f(self, X, *args, **kwargs)
  File "C:\Users\nicol\OneDrive\GitHub_nicolascalo\DST_DE_Airlines\.venv\Lib\site-packages\sklearn\base.py", line 1365, in wrapper
    return fit_method(estimator, *args, **kwargs)
  File "C:\Users\nicol\OneDrive\GitHub_nicolascalo\DST_DE_Airlines\.venv\Lib\site-packages\sklearn\compose\_column_transformer.py", line 996, in fit_transform
    result = self._call_func_on_transformers(
        X,
    ...<3 lines>...
        routed_params=routed_params,
    )
  File "C:\Users\nicol\OneDrive\GitHub_nicolascalo\DST_DE_Airlines\.venv\Lib\site-packages\sklearn\compose\_column_transformer.py", line 897, in _call_func_on_transformers
    return Parallel(n_jobs=self.n_jobs)(jobs)
           ~~~~~~~~~~~~~~~~~~~~~~~~~~~~^^^^^^
  File "C:\Users\nicol\OneDrive\GitHub_nicolascalo\DST_DE_Airlines\.venv\Lib\site-packages\sklearn\utils\parallel.py", line 82, in __call__
    return super().__call__(iterable_with_config_and_warning_filters)
           ~~~~~~~~~~~~~~~~^^^^^^^^^^^^^^^^^^^^^^^^^^^^^^^^^^^^^^^^^^
  File "C:\Users\nicol\OneDrive\GitHub_nicolascalo\DST_DE_Airlines\.venv\Lib\site-packages\joblib\parallel.py", line 1986, in __call__
    return output if self.return_generator else list(output)
                                                ~~~~^^^^^^^^
  File "C:\Users\nicol\OneDrive\GitHub_nicolascalo\DST_DE_Airlines\.venv\Lib\site-packages\joblib\parallel.py", line 1914, in _get_sequential_output
    res = func(*args, **kwargs)
  File "C:\Users\nicol\OneDrive\GitHub_nicolascalo\DST_DE_Airlines\.venv\Lib\site-packages\sklearn\utils\parallel.py", line 147, in __call__
    return self.function(*args, **kwargs)
           ~~~~~~~~~~~~~^^^^^^^^^^^^^^^^^
  File "C:\Users\nicol\OneDrive\GitHub_nicolascalo\DST_DE_Airlines\.venv\Lib\site-packages\sklearn\pipeline.py", line 1540, in _fit_transform_one
    res = transformer.fit_transform(X, y, **params.get("fit_transform", {}))
  File "C:\Users\nicol\OneDrive\GitHub_nicolascalo\DST_DE_Airlines\.venv\Lib\site-packages\sklearn\base.py", line 1365, in wrapper
    return fit_method(estimator, *args, **kwargs)
  File "C:\Users\nicol\OneDrive\GitHub_nicolascalo\DST_DE_Airlines\.venv\Lib\site-packages\sklearn\pipeline.py", line 731, in fit_transform
    return last_step.fit_transform(
           ~~~~~~~~~~~~~~~~~~~~~~~^
        Xt, y, **last_step_params["fit_transform"]
        ^^^^^^^^^^^^^^^^^^^^^^^^^^^^^^^^^^^^^^^^^^
    )
    ^
  File "C:\Users\nicol\OneDrive\GitHub_nicolascalo\DST_DE_Airlines\.venv\Lib\site-packages\sklearn\utils\_set_output.py", line 316, in wrapped
    data_to_wrap = f(self, X, *args, **kwargs)
  File "C:\Users\nicol\OneDrive\GitHub_nicolascalo\DST_DE_Airlines\.venv\Lib\site-packages\sklearn\base.py", line 897, in fit_transform
    return self.fit(X, y, **fit_params).transform(X)
           ~~~~~~~~~~~~~~~~~~~~~~~~~~~~~~~~~~~~~~^^^
  File "C:\Users\nicol\OneDrive\GitHub_nicolascalo\DST_DE_Airlines\.venv\Lib\site-packages\sklearn\utils\_set_output.py", line 316, in wrapped
    data_to_wrap = f(self, X, *args, **kwargs)
  File "C:\Users\nicol\OneDrive\GitHub_nicolascalo\DST_DE_Airlines\.venv\Lib\site-packages\sklearn\preprocessing\_encoders.py", line 1083, in transform
    return out.toarray()
           ~~~~~~~~~~~^^
  File "C:\Users\nicol\OneDrive\GitHub_nicolascalo\DST_DE_Airlines\.venv\Lib\site-packages\scipy\sparse\_compressed.py", line 996, in toarray
    out = self._process_toarray_args(order, out)
  File "C:\Users\nicol\OneDrive\GitHub_nicolascalo\DST_DE_Airlines\.venv\Lib\site-packages\scipy\sparse\_base.py", line 1530, in _process_toarray_args
    return np.zeros(self.shape, dtype=self.dtype, order=order)
           ~~~~~~~~^^^^^^^^^^^^^^^^^^^^^^^^^^^^^^^^^^^^^^^^^^^
numpy._core._exceptions._ArrayMemoryError: Unable to allocate 362. GiB for an array with shape (314947, 154339) and data type float64

--------------------------------------------------------------------------------
2 fits failed with the following error:
Traceback (most recent call last):
  File "C:\Users\nicol\OneDrive\GitHub_nicolascalo\DST_DE_Airlines\.venv\Lib\site-packages\sklearn\model_selection\_validation.py", line 859, in _fit_and_score
    estimator.fit(X_train, y_train, **fit_params)
    ~~~~~~~~~~~~~^^^^^^^^^^^^^^^^^^^^^^^^^^^^^^^^
  File "C:\Users\nicol\OneDrive\GitHub_nicolascalo\DST_DE_Airlines\.venv\Lib\site-packages\sklearn\base.py", line 1365, in wrapper
    return fit_method(estimator, *args, **kwargs)
  File "C:\Users\nicol\OneDrive\GitHub_nicolascalo\DST_DE_Airlines\.venv\Lib\site-packages\sklearn\pipeline.py", line 655, in fit
    Xt = self._fit(X, y, routed_params, raw_params=params)
  File "C:\Users\nicol\OneDrive\GitHub_nicolascalo\DST_DE_Airlines\.venv\Lib\site-packages\sklearn\pipeline.py", line 589, in _fit
    X, fitted_transformer = fit_transform_one_cached(
                            ~~~~~~~~~~~~~~~~~~~~~~~~^
        cloned_transformer,
        ^^^^^^^^^^^^^^^^^^^
    ...<5 lines>...
        params=step_params,
        ^^^^^^^^^^^^^^^^^^^
    )
    ^
  File "C:\Users\nicol\OneDrive\GitHub_nicolascalo\DST_DE_Airlines\.venv\Lib\site-packages\joblib\memory.py", line 326, in __call__
    return self.func(*args, **kwargs)
           ~~~~~~~~~^^^^^^^^^^^^^^^^^
  File "C:\Users\nicol\OneDrive\GitHub_nicolascalo\DST_DE_Airlines\.venv\Lib\site-packages\sklearn\pipeline.py", line 1540, in _fit_transform_one
    res = transformer.fit_transform(X, y, **params.get("fit_transform", {}))
  File "C:\Users\nicol\OneDrive\GitHub_nicolascalo\DST_DE_Airlines\.venv\Lib\site-packages\sklearn\utils\_set_output.py", line 316, in wrapped
    data_to_wrap = f(self, X, *args, **kwargs)
  File "C:\Users\nicol\OneDrive\GitHub_nicolascalo\DST_DE_Airlines\.venv\Lib\site-packages\sklearn\base.py", line 1365, in wrapper
    return fit_method(estimator, *args, **kwargs)
  File "C:\Users\nicol\OneDrive\GitHub_nicolascalo\DST_DE_Airlines\.venv\Lib\site-packages\sklearn\compose\_column_transformer.py", line 996, in fit_transform
    result = self._call_func_on_transformers(
        X,
    ...<3 lines>...
        routed_params=routed_params,
    )
  File "C:\Users\nicol\OneDrive\GitHub_nicolascalo\DST_DE_Airlines\.venv\Lib\site-packages\sklearn\compose\_column_transformer.py", line 897, in _call_func_on_transformers
    return Parallel(n_jobs=self.n_jobs)(jobs)
           ~~~~~~~~~~~~~~~~~~~~~~~~~~~~^^^^^^
  File "C:\Users\nicol\OneDrive\GitHub_nicolascalo\DST_DE_Airlines\.venv\Lib\site-packages\sklearn\utils\parallel.py", line 82, in __call__
    return super().__call__(iterable_with_config_and_warning_filters)
           ~~~~~~~~~~~~~~~~^^^^^^^^^^^^^^^^^^^^^^^^^^^^^^^^^^^^^^^^^^
  File "C:\Users\nicol\OneDrive\GitHub_nicolascalo\DST_DE_Airlines\.venv\Lib\site-packages\joblib\parallel.py", line 1986, in __call__
    return output if self.return_generator else list(output)
                                                ~~~~^^^^^^^^
  File "C:\Users\nicol\OneDrive\GitHub_nicolascalo\DST_DE_Airlines\.venv\Lib\site-packages\joblib\parallel.py", line 1914, in _get_sequential_output
    res = func(*args, **kwargs)
  File "C:\Users\nicol\OneDrive\GitHub_nicolascalo\DST_DE_Airlines\.venv\Lib\site-packages\sklearn\utils\parallel.py", line 147, in __call__
    return self.function(*args, **kwargs)
           ~~~~~~~~~~~~~^^^^^^^^^^^^^^^^^
  File "C:\Users\nicol\OneDrive\GitHub_nicolascalo\DST_DE_Airlines\.venv\Lib\site-packages\sklearn\pipeline.py", line 1540, in _fit_transform_one
    res = transformer.fit_transform(X, y, **params.get("fit_transform", {}))
  File "C:\Users\nicol\OneDrive\GitHub_nicolascalo\DST_DE_Airlines\.venv\Lib\site-packages\sklearn\base.py", line 1365, in wrapper
    return fit_method(estimator, *args, **kwargs)
  File "C:\Users\nicol\OneDrive\GitHub_nicolascalo\DST_DE_Airlines\.venv\Lib\site-packages\sklearn\pipeline.py", line 731, in fit_transform
    return last_step.fit_transform(
           ~~~~~~~~~~~~~~~~~~~~~~~^
        Xt, y, **last_step_params["fit_transform"]
        ^^^^^^^^^^^^^^^^^^^^^^^^^^^^^^^^^^^^^^^^^^
    )
    ^
  File "C:\Users\nicol\OneDrive\GitHub_nicolascalo\DST_DE_Airlines\.venv\Lib\site-packages\sklearn\utils\_set_output.py", line 316, in wrapped
    data_to_wrap = f(self, X, *args, **kwargs)
  File "C:\Users\nicol\OneDrive\GitHub_nicolascalo\DST_DE_Airlines\.venv\Lib\site-packages\sklearn\base.py", line 897, in fit_transform
    return self.fit(X, y, **fit_params).transform(X)
           ~~~~~~~~~~~~~~~~~~~~~~~~~~~~~~~~~~~~~~^^^
  File "C:\Users\nicol\OneDrive\GitHub_nicolascalo\DST_DE_Airlines\.venv\Lib\site-packages\sklearn\utils\_set_output.py", line 316, in wrapped
    data_to_wrap = f(self, X, *args, **kwargs)
  File "C:\Users\nicol\OneDrive\GitHub_nicolascalo\DST_DE_Airlines\.venv\Lib\site-packages\sklearn\preprocessing\_encoders.py", line 1083, in transform
    return out.toarray()
           ~~~~~~~~~~~^^
  File "C:\Users\nicol\OneDrive\GitHub_nicolascalo\DST_DE_Airlines\.venv\Lib\site-packages\scipy\sparse\_compressed.py", line 996, in toarray
    out = self._process_toarray_args(order, out)
  File "C:\Users\nicol\OneDrive\GitHub_nicolascalo\DST_DE_Airlines\.venv\Lib\site-packages\scipy\sparse\_base.py", line 1530, in _process_toarray_args
    return np.zeros(self.shape, dtype=self.dtype, order=order)
           ~~~~~~~~^^^^^^^^^^^^^^^^^^^^^^^^^^^^^^^^^^^^^^^^^^^
numpy._core._exceptions._ArrayMemoryError: Unable to allocate 363. GiB for an array with shape (314947, 154613) and data type float64

2025-11-09 16:08:05,136 - __main__ - INFO - starting pipeline pipeline_OneVsRestClassifier_LogisticRegression GridSearchCV
2025-11-09 16:08:05,508 - __main__ - ERROR - 
Traceback (most recent call last):
  File "<stdin>", line 12, in test_pipeline_classification
    def __init__(self):
        ^^^^^^^^^^^^^^^
  File "C:\Users\nicol\OneDrive\GitHub_nicolascalo\DST_DE_Airlines\.venv\Lib\site-packages\sklearn\base.py", line 1365, in wrapper
    return fit_method(estimator, *args, **kwargs)
  File "C:\Users\nicol\OneDrive\GitHub_nicolascalo\DST_DE_Airlines\.venv\Lib\site-packages\sklearn\model_selection\_search.py", line 1051, in fit
    self._run_search(evaluate_candidates)
    ~~~~~~~~~~~~~~~~^^^^^^^^^^^^^^^^^^^^^
  File "C:\Users\nicol\OneDrive\GitHub_nicolascalo\DST_DE_Airlines\.venv\Lib\site-packages\sklearn\model_selection\_search.py", line 1605, in _run_search
    evaluate_candidates(ParameterGrid(self.param_grid))
    ~~~~~~~~~~~~~~~~~~~^^^^^^^^^^^^^^^^^^^^^^^^^^^^^^^^
  File "C:\Users\nicol\OneDrive\GitHub_nicolascalo\DST_DE_Airlines\.venv\Lib\site-packages\sklearn\model_selection\_search.py", line 997, in evaluate_candidates
    out = parallel(
        delayed(_fit_and_score)(
    ...<13 lines>...
        )
    )
  File "C:\Users\nicol\OneDrive\GitHub_nicolascalo\DST_DE_Airlines\.venv\Lib\site-packages\sklearn\utils\parallel.py", line 82, in __call__
    return super().__call__(iterable_with_config_and_warning_filters)
           ~~~~~~~~~~~~~~~~^^^^^^^^^^^^^^^^^^^^^^^^^^^^^^^^^^^^^^^^^^
  File "C:\Users\nicol\OneDrive\GitHub_nicolascalo\DST_DE_Airlines\.venv\Lib\site-packages\joblib\parallel.py", line 1986, in __call__
    return output if self.return_generator else list(output)
                                                ~~~~^^^^^^^^
  File "C:\Users\nicol\OneDrive\GitHub_nicolascalo\DST_DE_Airlines\.venv\Lib\site-packages\joblib\parallel.py", line 1914, in _get_sequential_output
    res = func(*args, **kwargs)
  File "C:\Users\nicol\OneDrive\GitHub_nicolascalo\DST_DE_Airlines\.venv\Lib\site-packages\sklearn\utils\parallel.py", line 147, in __call__
    return self.function(*args, **kwargs)
           ~~~~~~~~~~~~~^^^^^^^^^^^^^^^^^
  File "C:\Users\nicol\OneDrive\GitHub_nicolascalo\DST_DE_Airlines\.venv\Lib\site-packages\sklearn\model_selection\_validation.py", line 847, in _fit_and_score
    estimator = estimator.set_params(**clone(parameters, safe=False))
  File "C:\Users\nicol\OneDrive\GitHub_nicolascalo\DST_DE_Airlines\.venv\Lib\site-packages\sklearn\pipeline.py", line 319, in set_params
    self._set_params("steps", **kwargs)
    ~~~~~~~~~~~~~~~~^^^^^^^^^^^^^^^^^^^
  File "C:\Users\nicol\OneDrive\GitHub_nicolascalo\DST_DE_Airlines\.venv\Lib\site-packages\sklearn\utils\metaestimators.py", line 69, in _set_params
    super().set_params(**params)
    ~~~~~~~~~~~~~~~~~~^^^^^^^^^^
  File "C:\Users\nicol\OneDrive\GitHub_nicolascalo\DST_DE_Airlines\.venv\Lib\site-packages\sklearn\base.py", line 357, in set_params
    valid_params[key].set_params(**sub_params)
    ~~~~~~~~~~~~~~~~~~~~~~~~~~~~^^^^^^^^^^^^^^
  File "C:\Users\nicol\OneDrive\GitHub_nicolascalo\DST_DE_Airlines\.venv\Lib\site-packages\sklearn\base.py", line 345, in set_params
    raise ValueError(
    ...<2 lines>...
    )
ValueError: Invalid parameter 'C' for estimator OneVsRestClassifier(estimator=LogisticRegression(max_iter=1000, n_jobs=10)). Valid parameters are: ['estimator', 'n_jobs', 'verbose'].
2025-11-09 16:08:21,223 - __main__ - INFO - Outputing classification metrics for pipeline_OneVsOneClassifier_LogisticRegression
2025-11-09 16:09:11,992 - __main__ - INFO - starting pipeline pipeline_OneVsOneClassifier_LogisticRegression GridSearchCV
2025-11-09 16:17:27,531 - __main__ - INFO - starting pipeline pipeline_OneVsOneClassifier_LogisticRegression GridSearchCV
2025-11-09 16:17:32,798 - __main__ - INFO - starting pipeline pipeline_OneVsOneClassifier_LogisticRegression GridSearchCV
2025-11-09 16:19:46,679 - __main__ - INFO - starting pipeline pipeline_DecisionTreeClassifier_grid_test GridSearchCV
2025-11-09 16:20:31,880 - __main__ - INFO - starting pipeline pipeline_DecisionTreeClassifier_grid_test GridSearchCV
2025-11-09 16:21:07,689 - __main__ - ERROR - 
Traceback (most recent call last):
  File "<stdin>", line 12, in test_pipeline_classification
    def __init__(self):
        ^^^^^^^^^^^^^^^
  File "C:\Users\nicol\OneDrive\GitHub_nicolascalo\DST_DE_Airlines\.venv\Lib\site-packages\sklearn\base.py", line 1365, in wrapper
    return fit_method(estimator, *args, **kwargs)
  File "C:\Users\nicol\OneDrive\GitHub_nicolascalo\DST_DE_Airlines\.venv\Lib\site-packages\sklearn\model_selection\_search.py", line 1051, in fit
    self._run_search(evaluate_candidates)
    ~~~~~~~~~~~~~~~~^^^^^^^^^^^^^^^^^^^^^
  File "C:\Users\nicol\OneDrive\GitHub_nicolascalo\DST_DE_Airlines\.venv\Lib\site-packages\sklearn\model_selection\_search.py", line 1605, in _run_search
    evaluate_candidates(ParameterGrid(self.param_grid))
    ~~~~~~~~~~~~~~~~~~~^^^^^^^^^^^^^^^^^^^^^^^^^^^^^^^^
  File "C:\Users\nicol\OneDrive\GitHub_nicolascalo\DST_DE_Airlines\.venv\Lib\site-packages\sklearn\model_selection\_search.py", line 1028, in evaluate_candidates
    _warn_or_raise_about_fit_failures(out, self.error_score)
    ~~~~~~~~~~~~~~~~~~~~~~~~~~~~~~~~~^^^^^^^^^^^^^^^^^^^^^^^
  File "C:\Users\nicol\OneDrive\GitHub_nicolascalo\DST_DE_Airlines\.venv\Lib\site-packages\sklearn\model_selection\_validation.py", line 505, in _warn_or_raise_about_fit_failures
    raise ValueError(all_fits_failed_message)
ValueError: 
All the 10 fits failed.
It is very likely that your model is misconfigured.
You can try to debug the error by setting error_score='raise'.

Below are more details about the failures:
--------------------------------------------------------------------------------
2 fits failed with the following error:
Traceback (most recent call last):
  File "C:\Users\nicol\OneDrive\GitHub_nicolascalo\DST_DE_Airlines\.venv\Lib\site-packages\sklearn\model_selection\_validation.py", line 859, in _fit_and_score
    estimator.fit(X_train, y_train, **fit_params)
    ~~~~~~~~~~~~~^^^^^^^^^^^^^^^^^^^^^^^^^^^^^^^^
  File "C:\Users\nicol\OneDrive\GitHub_nicolascalo\DST_DE_Airlines\.venv\Lib\site-packages\sklearn\base.py", line 1365, in wrapper
    return fit_method(estimator, *args, **kwargs)
  File "C:\Users\nicol\OneDrive\GitHub_nicolascalo\DST_DE_Airlines\.venv\Lib\site-packages\sklearn\pipeline.py", line 655, in fit
    Xt = self._fit(X, y, routed_params, raw_params=params)
  File "C:\Users\nicol\OneDrive\GitHub_nicolascalo\DST_DE_Airlines\.venv\Lib\site-packages\sklearn\pipeline.py", line 589, in _fit
    X, fitted_transformer = fit_transform_one_cached(
                            ~~~~~~~~~~~~~~~~~~~~~~~~^
        cloned_transformer,
        ^^^^^^^^^^^^^^^^^^^
    ...<5 lines>...
        params=step_params,
        ^^^^^^^^^^^^^^^^^^^
    )
    ^
  File "C:\Users\nicol\OneDrive\GitHub_nicolascalo\DST_DE_Airlines\.venv\Lib\site-packages\joblib\memory.py", line 326, in __call__
    return self.func(*args, **kwargs)
           ~~~~~~~~~^^^^^^^^^^^^^^^^^
  File "C:\Users\nicol\OneDrive\GitHub_nicolascalo\DST_DE_Airlines\.venv\Lib\site-packages\sklearn\pipeline.py", line 1540, in _fit_transform_one
    res = transformer.fit_transform(X, y, **params.get("fit_transform", {}))
  File "C:\Users\nicol\OneDrive\GitHub_nicolascalo\DST_DE_Airlines\.venv\Lib\site-packages\sklearn\utils\_set_output.py", line 316, in wrapped
    data_to_wrap = f(self, X, *args, **kwargs)
  File "C:\Users\nicol\OneDrive\GitHub_nicolascalo\DST_DE_Airlines\.venv\Lib\site-packages\sklearn\base.py", line 1365, in wrapper
    return fit_method(estimator, *args, **kwargs)
  File "C:\Users\nicol\OneDrive\GitHub_nicolascalo\DST_DE_Airlines\.venv\Lib\site-packages\sklearn\compose\_column_transformer.py", line 996, in fit_transform
    result = self._call_func_on_transformers(
        X,
    ...<3 lines>...
        routed_params=routed_params,
    )
  File "C:\Users\nicol\OneDrive\GitHub_nicolascalo\DST_DE_Airlines\.venv\Lib\site-packages\sklearn\compose\_column_transformer.py", line 897, in _call_func_on_transformers
    return Parallel(n_jobs=self.n_jobs)(jobs)
           ~~~~~~~~~~~~~~~~~~~~~~~~~~~~^^^^^^
  File "C:\Users\nicol\OneDrive\GitHub_nicolascalo\DST_DE_Airlines\.venv\Lib\site-packages\sklearn\utils\parallel.py", line 82, in __call__
    return super().__call__(iterable_with_config_and_warning_filters)
           ~~~~~~~~~~~~~~~~^^^^^^^^^^^^^^^^^^^^^^^^^^^^^^^^^^^^^^^^^^
  File "C:\Users\nicol\OneDrive\GitHub_nicolascalo\DST_DE_Airlines\.venv\Lib\site-packages\joblib\parallel.py", line 1986, in __call__
    return output if self.return_generator else list(output)
                                                ~~~~^^^^^^^^
  File "C:\Users\nicol\OneDrive\GitHub_nicolascalo\DST_DE_Airlines\.venv\Lib\site-packages\joblib\parallel.py", line 1914, in _get_sequential_output
    res = func(*args, **kwargs)
  File "C:\Users\nicol\OneDrive\GitHub_nicolascalo\DST_DE_Airlines\.venv\Lib\site-packages\sklearn\utils\parallel.py", line 147, in __call__
    return self.function(*args, **kwargs)
           ~~~~~~~~~~~~~^^^^^^^^^^^^^^^^^
  File "C:\Users\nicol\OneDrive\GitHub_nicolascalo\DST_DE_Airlines\.venv\Lib\site-packages\sklearn\pipeline.py", line 1540, in _fit_transform_one
    res = transformer.fit_transform(X, y, **params.get("fit_transform", {}))
  File "C:\Users\nicol\OneDrive\GitHub_nicolascalo\DST_DE_Airlines\.venv\Lib\site-packages\sklearn\base.py", line 1365, in wrapper
    return fit_method(estimator, *args, **kwargs)
  File "C:\Users\nicol\OneDrive\GitHub_nicolascalo\DST_DE_Airlines\.venv\Lib\site-packages\sklearn\pipeline.py", line 731, in fit_transform
    return last_step.fit_transform(
           ~~~~~~~~~~~~~~~~~~~~~~~^
        Xt, y, **last_step_params["fit_transform"]
        ^^^^^^^^^^^^^^^^^^^^^^^^^^^^^^^^^^^^^^^^^^
    )
    ^
  File "C:\Users\nicol\OneDrive\GitHub_nicolascalo\DST_DE_Airlines\.venv\Lib\site-packages\sklearn\utils\_set_output.py", line 316, in wrapped
    data_to_wrap = f(self, X, *args, **kwargs)
  File "C:\Users\nicol\OneDrive\GitHub_nicolascalo\DST_DE_Airlines\.venv\Lib\site-packages\sklearn\base.py", line 897, in fit_transform
    return self.fit(X, y, **fit_params).transform(X)
           ~~~~~~~~~~~~~~~~~~~~~~~~~~~~~~~~~~~~~~^^^
  File "C:\Users\nicol\OneDrive\GitHub_nicolascalo\DST_DE_Airlines\.venv\Lib\site-packages\sklearn\utils\_set_output.py", line 316, in wrapped
    data_to_wrap = f(self, X, *args, **kwargs)
  File "C:\Users\nicol\OneDrive\GitHub_nicolascalo\DST_DE_Airlines\.venv\Lib\site-packages\sklearn\preprocessing\_encoders.py", line 1083, in transform
    return out.toarray()
           ~~~~~~~~~~~^^
  File "C:\Users\nicol\OneDrive\GitHub_nicolascalo\DST_DE_Airlines\.venv\Lib\site-packages\scipy\sparse\_compressed.py", line 996, in toarray
    out = self._process_toarray_args(order, out)
  File "C:\Users\nicol\OneDrive\GitHub_nicolascalo\DST_DE_Airlines\.venv\Lib\site-packages\scipy\sparse\_base.py", line 1530, in _process_toarray_args
    return np.zeros(self.shape, dtype=self.dtype, order=order)
           ~~~~~~~~^^^^^^^^^^^^^^^^^^^^^^^^^^^^^^^^^^^^^^^^^^^
numpy._core._exceptions._ArrayMemoryError: Unable to allocate 363. GiB for an array with shape (314946, 154608) and data type float64

--------------------------------------------------------------------------------
2 fits failed with the following error:
Traceback (most recent call last):
  File "C:\Users\nicol\OneDrive\GitHub_nicolascalo\DST_DE_Airlines\.venv\Lib\site-packages\sklearn\model_selection\_validation.py", line 859, in _fit_and_score
    estimator.fit(X_train, y_train, **fit_params)
    ~~~~~~~~~~~~~^^^^^^^^^^^^^^^^^^^^^^^^^^^^^^^^
  File "C:\Users\nicol\OneDrive\GitHub_nicolascalo\DST_DE_Airlines\.venv\Lib\site-packages\sklearn\base.py", line 1365, in wrapper
    return fit_method(estimator, *args, **kwargs)
  File "C:\Users\nicol\OneDrive\GitHub_nicolascalo\DST_DE_Airlines\.venv\Lib\site-packages\sklearn\pipeline.py", line 655, in fit
    Xt = self._fit(X, y, routed_params, raw_params=params)
  File "C:\Users\nicol\OneDrive\GitHub_nicolascalo\DST_DE_Airlines\.venv\Lib\site-packages\sklearn\pipeline.py", line 589, in _fit
    X, fitted_transformer = fit_transform_one_cached(
                            ~~~~~~~~~~~~~~~~~~~~~~~~^
        cloned_transformer,
        ^^^^^^^^^^^^^^^^^^^
    ...<5 lines>...
        params=step_params,
        ^^^^^^^^^^^^^^^^^^^
    )
    ^
  File "C:\Users\nicol\OneDrive\GitHub_nicolascalo\DST_DE_Airlines\.venv\Lib\site-packages\joblib\memory.py", line 326, in __call__
    return self.func(*args, **kwargs)
           ~~~~~~~~~^^^^^^^^^^^^^^^^^
  File "C:\Users\nicol\OneDrive\GitHub_nicolascalo\DST_DE_Airlines\.venv\Lib\site-packages\sklearn\pipeline.py", line 1540, in _fit_transform_one
    res = transformer.fit_transform(X, y, **params.get("fit_transform", {}))
  File "C:\Users\nicol\OneDrive\GitHub_nicolascalo\DST_DE_Airlines\.venv\Lib\site-packages\sklearn\utils\_set_output.py", line 316, in wrapped
    data_to_wrap = f(self, X, *args, **kwargs)
  File "C:\Users\nicol\OneDrive\GitHub_nicolascalo\DST_DE_Airlines\.venv\Lib\site-packages\sklearn\base.py", line 1365, in wrapper
    return fit_method(estimator, *args, **kwargs)
  File "C:\Users\nicol\OneDrive\GitHub_nicolascalo\DST_DE_Airlines\.venv\Lib\site-packages\sklearn\compose\_column_transformer.py", line 996, in fit_transform
    result = self._call_func_on_transformers(
        X,
    ...<3 lines>...
        routed_params=routed_params,
    )
  File "C:\Users\nicol\OneDrive\GitHub_nicolascalo\DST_DE_Airlines\.venv\Lib\site-packages\sklearn\compose\_column_transformer.py", line 897, in _call_func_on_transformers
    return Parallel(n_jobs=self.n_jobs)(jobs)
           ~~~~~~~~~~~~~~~~~~~~~~~~~~~~^^^^^^
  File "C:\Users\nicol\OneDrive\GitHub_nicolascalo\DST_DE_Airlines\.venv\Lib\site-packages\sklearn\utils\parallel.py", line 82, in __call__
    return super().__call__(iterable_with_config_and_warning_filters)
           ~~~~~~~~~~~~~~~~^^^^^^^^^^^^^^^^^^^^^^^^^^^^^^^^^^^^^^^^^^
  File "C:\Users\nicol\OneDrive\GitHub_nicolascalo\DST_DE_Airlines\.venv\Lib\site-packages\joblib\parallel.py", line 1986, in __call__
    return output if self.return_generator else list(output)
                                                ~~~~^^^^^^^^
  File "C:\Users\nicol\OneDrive\GitHub_nicolascalo\DST_DE_Airlines\.venv\Lib\site-packages\joblib\parallel.py", line 1914, in _get_sequential_output
    res = func(*args, **kwargs)
  File "C:\Users\nicol\OneDrive\GitHub_nicolascalo\DST_DE_Airlines\.venv\Lib\site-packages\sklearn\utils\parallel.py", line 147, in __call__
    return self.function(*args, **kwargs)
           ~~~~~~~~~~~~~^^^^^^^^^^^^^^^^^
  File "C:\Users\nicol\OneDrive\GitHub_nicolascalo\DST_DE_Airlines\.venv\Lib\site-packages\sklearn\pipeline.py", line 1540, in _fit_transform_one
    res = transformer.fit_transform(X, y, **params.get("fit_transform", {}))
  File "C:\Users\nicol\OneDrive\GitHub_nicolascalo\DST_DE_Airlines\.venv\Lib\site-packages\sklearn\base.py", line 1365, in wrapper
    return fit_method(estimator, *args, **kwargs)
  File "C:\Users\nicol\OneDrive\GitHub_nicolascalo\DST_DE_Airlines\.venv\Lib\site-packages\sklearn\pipeline.py", line 731, in fit_transform
    return last_step.fit_transform(
           ~~~~~~~~~~~~~~~~~~~~~~~^
        Xt, y, **last_step_params["fit_transform"]
        ^^^^^^^^^^^^^^^^^^^^^^^^^^^^^^^^^^^^^^^^^^
    )
    ^
  File "C:\Users\nicol\OneDrive\GitHub_nicolascalo\DST_DE_Airlines\.venv\Lib\site-packages\sklearn\utils\_set_output.py", line 316, in wrapped
    data_to_wrap = f(self, X, *args, **kwargs)
  File "C:\Users\nicol\OneDrive\GitHub_nicolascalo\DST_DE_Airlines\.venv\Lib\site-packages\sklearn\base.py", line 897, in fit_transform
    return self.fit(X, y, **fit_params).transform(X)
           ~~~~~~~~~~~~~~~~~~~~~~~~~~~~~~~~~~~~~~^^^
  File "C:\Users\nicol\OneDrive\GitHub_nicolascalo\DST_DE_Airlines\.venv\Lib\site-packages\sklearn\utils\_set_output.py", line 316, in wrapped
    data_to_wrap = f(self, X, *args, **kwargs)
  File "C:\Users\nicol\OneDrive\GitHub_nicolascalo\DST_DE_Airlines\.venv\Lib\site-packages\sklearn\preprocessing\_encoders.py", line 1083, in transform
    return out.toarray()
           ~~~~~~~~~~~^^
  File "C:\Users\nicol\OneDrive\GitHub_nicolascalo\DST_DE_Airlines\.venv\Lib\site-packages\scipy\sparse\_compressed.py", line 996, in toarray
    out = self._process_toarray_args(order, out)
  File "C:\Users\nicol\OneDrive\GitHub_nicolascalo\DST_DE_Airlines\.venv\Lib\site-packages\scipy\sparse\_base.py", line 1530, in _process_toarray_args
    return np.zeros(self.shape, dtype=self.dtype, order=order)
           ~~~~~~~~^^^^^^^^^^^^^^^^^^^^^^^^^^^^^^^^^^^^^^^^^^^
numpy._core._exceptions._ArrayMemoryError: Unable to allocate 362. GiB for an array with shape (314946, 154447) and data type float64

--------------------------------------------------------------------------------
2 fits failed with the following error:
Traceback (most recent call last):
  File "C:\Users\nicol\OneDrive\GitHub_nicolascalo\DST_DE_Airlines\.venv\Lib\site-packages\sklearn\model_selection\_validation.py", line 859, in _fit_and_score
    estimator.fit(X_train, y_train, **fit_params)
    ~~~~~~~~~~~~~^^^^^^^^^^^^^^^^^^^^^^^^^^^^^^^^
  File "C:\Users\nicol\OneDrive\GitHub_nicolascalo\DST_DE_Airlines\.venv\Lib\site-packages\sklearn\base.py", line 1365, in wrapper
    return fit_method(estimator, *args, **kwargs)
  File "C:\Users\nicol\OneDrive\GitHub_nicolascalo\DST_DE_Airlines\.venv\Lib\site-packages\sklearn\pipeline.py", line 655, in fit
    Xt = self._fit(X, y, routed_params, raw_params=params)
  File "C:\Users\nicol\OneDrive\GitHub_nicolascalo\DST_DE_Airlines\.venv\Lib\site-packages\sklearn\pipeline.py", line 589, in _fit
    X, fitted_transformer = fit_transform_one_cached(
                            ~~~~~~~~~~~~~~~~~~~~~~~~^
        cloned_transformer,
        ^^^^^^^^^^^^^^^^^^^
    ...<5 lines>...
        params=step_params,
        ^^^^^^^^^^^^^^^^^^^
    )
    ^
  File "C:\Users\nicol\OneDrive\GitHub_nicolascalo\DST_DE_Airlines\.venv\Lib\site-packages\joblib\memory.py", line 326, in __call__
    return self.func(*args, **kwargs)
           ~~~~~~~~~^^^^^^^^^^^^^^^^^
  File "C:\Users\nicol\OneDrive\GitHub_nicolascalo\DST_DE_Airlines\.venv\Lib\site-packages\sklearn\pipeline.py", line 1540, in _fit_transform_one
    res = transformer.fit_transform(X, y, **params.get("fit_transform", {}))
  File "C:\Users\nicol\OneDrive\GitHub_nicolascalo\DST_DE_Airlines\.venv\Lib\site-packages\sklearn\utils\_set_output.py", line 316, in wrapped
    data_to_wrap = f(self, X, *args, **kwargs)
  File "C:\Users\nicol\OneDrive\GitHub_nicolascalo\DST_DE_Airlines\.venv\Lib\site-packages\sklearn\base.py", line 1365, in wrapper
    return fit_method(estimator, *args, **kwargs)
  File "C:\Users\nicol\OneDrive\GitHub_nicolascalo\DST_DE_Airlines\.venv\Lib\site-packages\sklearn\compose\_column_transformer.py", line 996, in fit_transform
    result = self._call_func_on_transformers(
        X,
    ...<3 lines>...
        routed_params=routed_params,
    )
  File "C:\Users\nicol\OneDrive\GitHub_nicolascalo\DST_DE_Airlines\.venv\Lib\site-packages\sklearn\compose\_column_transformer.py", line 897, in _call_func_on_transformers
    return Parallel(n_jobs=self.n_jobs)(jobs)
           ~~~~~~~~~~~~~~~~~~~~~~~~~~~~^^^^^^
  File "C:\Users\nicol\OneDrive\GitHub_nicolascalo\DST_DE_Airlines\.venv\Lib\site-packages\sklearn\utils\parallel.py", line 82, in __call__
    return super().__call__(iterable_with_config_and_warning_filters)
           ~~~~~~~~~~~~~~~~^^^^^^^^^^^^^^^^^^^^^^^^^^^^^^^^^^^^^^^^^^
  File "C:\Users\nicol\OneDrive\GitHub_nicolascalo\DST_DE_Airlines\.venv\Lib\site-packages\joblib\parallel.py", line 1986, in __call__
    return output if self.return_generator else list(output)
                                                ~~~~^^^^^^^^
  File "C:\Users\nicol\OneDrive\GitHub_nicolascalo\DST_DE_Airlines\.venv\Lib\site-packages\joblib\parallel.py", line 1914, in _get_sequential_output
    res = func(*args, **kwargs)
  File "C:\Users\nicol\OneDrive\GitHub_nicolascalo\DST_DE_Airlines\.venv\Lib\site-packages\sklearn\utils\parallel.py", line 147, in __call__
    return self.function(*args, **kwargs)
           ~~~~~~~~~~~~~^^^^^^^^^^^^^^^^^
  File "C:\Users\nicol\OneDrive\GitHub_nicolascalo\DST_DE_Airlines\.venv\Lib\site-packages\sklearn\pipeline.py", line 1540, in _fit_transform_one
    res = transformer.fit_transform(X, y, **params.get("fit_transform", {}))
  File "C:\Users\nicol\OneDrive\GitHub_nicolascalo\DST_DE_Airlines\.venv\Lib\site-packages\sklearn\base.py", line 1365, in wrapper
    return fit_method(estimator, *args, **kwargs)
  File "C:\Users\nicol\OneDrive\GitHub_nicolascalo\DST_DE_Airlines\.venv\Lib\site-packages\sklearn\pipeline.py", line 731, in fit_transform
    return last_step.fit_transform(
           ~~~~~~~~~~~~~~~~~~~~~~~^
        Xt, y, **last_step_params["fit_transform"]
        ^^^^^^^^^^^^^^^^^^^^^^^^^^^^^^^^^^^^^^^^^^
    )
    ^
  File "C:\Users\nicol\OneDrive\GitHub_nicolascalo\DST_DE_Airlines\.venv\Lib\site-packages\sklearn\utils\_set_output.py", line 316, in wrapped
    data_to_wrap = f(self, X, *args, **kwargs)
  File "C:\Users\nicol\OneDrive\GitHub_nicolascalo\DST_DE_Airlines\.venv\Lib\site-packages\sklearn\base.py", line 897, in fit_transform
    return self.fit(X, y, **fit_params).transform(X)
           ~~~~~~~~~~~~~~~~~~~~~~~~~~~~~~~~~~~~~~^^^
  File "C:\Users\nicol\OneDrive\GitHub_nicolascalo\DST_DE_Airlines\.venv\Lib\site-packages\sklearn\utils\_set_output.py", line 316, in wrapped
    data_to_wrap = f(self, X, *args, **kwargs)
  File "C:\Users\nicol\OneDrive\GitHub_nicolascalo\DST_DE_Airlines\.venv\Lib\site-packages\sklearn\preprocessing\_encoders.py", line 1083, in transform
    return out.toarray()
           ~~~~~~~~~~~^^
  File "C:\Users\nicol\OneDrive\GitHub_nicolascalo\DST_DE_Airlines\.venv\Lib\site-packages\scipy\sparse\_compressed.py", line 996, in toarray
    out = self._process_toarray_args(order, out)
  File "C:\Users\nicol\OneDrive\GitHub_nicolascalo\DST_DE_Airlines\.venv\Lib\site-packages\scipy\sparse\_base.py", line 1530, in _process_toarray_args
    return np.zeros(self.shape, dtype=self.dtype, order=order)
           ~~~~~~~~^^^^^^^^^^^^^^^^^^^^^^^^^^^^^^^^^^^^^^^^^^^
numpy._core._exceptions._ArrayMemoryError: Unable to allocate 363. GiB for an array with shape (314946, 154568) and data type float64

--------------------------------------------------------------------------------
2 fits failed with the following error:
Traceback (most recent call last):
  File "C:\Users\nicol\OneDrive\GitHub_nicolascalo\DST_DE_Airlines\.venv\Lib\site-packages\sklearn\model_selection\_validation.py", line 859, in _fit_and_score
    estimator.fit(X_train, y_train, **fit_params)
    ~~~~~~~~~~~~~^^^^^^^^^^^^^^^^^^^^^^^^^^^^^^^^
  File "C:\Users\nicol\OneDrive\GitHub_nicolascalo\DST_DE_Airlines\.venv\Lib\site-packages\sklearn\base.py", line 1365, in wrapper
    return fit_method(estimator, *args, **kwargs)
  File "C:\Users\nicol\OneDrive\GitHub_nicolascalo\DST_DE_Airlines\.venv\Lib\site-packages\sklearn\pipeline.py", line 655, in fit
    Xt = self._fit(X, y, routed_params, raw_params=params)
  File "C:\Users\nicol\OneDrive\GitHub_nicolascalo\DST_DE_Airlines\.venv\Lib\site-packages\sklearn\pipeline.py", line 589, in _fit
    X, fitted_transformer = fit_transform_one_cached(
                            ~~~~~~~~~~~~~~~~~~~~~~~~^
        cloned_transformer,
        ^^^^^^^^^^^^^^^^^^^
    ...<5 lines>...
        params=step_params,
        ^^^^^^^^^^^^^^^^^^^
    )
    ^
  File "C:\Users\nicol\OneDrive\GitHub_nicolascalo\DST_DE_Airlines\.venv\Lib\site-packages\joblib\memory.py", line 326, in __call__
    return self.func(*args, **kwargs)
           ~~~~~~~~~^^^^^^^^^^^^^^^^^
  File "C:\Users\nicol\OneDrive\GitHub_nicolascalo\DST_DE_Airlines\.venv\Lib\site-packages\sklearn\pipeline.py", line 1540, in _fit_transform_one
    res = transformer.fit_transform(X, y, **params.get("fit_transform", {}))
  File "C:\Users\nicol\OneDrive\GitHub_nicolascalo\DST_DE_Airlines\.venv\Lib\site-packages\sklearn\utils\_set_output.py", line 316, in wrapped
    data_to_wrap = f(self, X, *args, **kwargs)
  File "C:\Users\nicol\OneDrive\GitHub_nicolascalo\DST_DE_Airlines\.venv\Lib\site-packages\sklearn\base.py", line 1365, in wrapper
    return fit_method(estimator, *args, **kwargs)
  File "C:\Users\nicol\OneDrive\GitHub_nicolascalo\DST_DE_Airlines\.venv\Lib\site-packages\sklearn\compose\_column_transformer.py", line 996, in fit_transform
    result = self._call_func_on_transformers(
        X,
    ...<3 lines>...
        routed_params=routed_params,
    )
  File "C:\Users\nicol\OneDrive\GitHub_nicolascalo\DST_DE_Airlines\.venv\Lib\site-packages\sklearn\compose\_column_transformer.py", line 897, in _call_func_on_transformers
    return Parallel(n_jobs=self.n_jobs)(jobs)
           ~~~~~~~~~~~~~~~~~~~~~~~~~~~~^^^^^^
  File "C:\Users\nicol\OneDrive\GitHub_nicolascalo\DST_DE_Airlines\.venv\Lib\site-packages\sklearn\utils\parallel.py", line 82, in __call__
    return super().__call__(iterable_with_config_and_warning_filters)
           ~~~~~~~~~~~~~~~~^^^^^^^^^^^^^^^^^^^^^^^^^^^^^^^^^^^^^^^^^^
  File "C:\Users\nicol\OneDrive\GitHub_nicolascalo\DST_DE_Airlines\.venv\Lib\site-packages\joblib\parallel.py", line 1986, in __call__
    return output if self.return_generator else list(output)
                                                ~~~~^^^^^^^^
  File "C:\Users\nicol\OneDrive\GitHub_nicolascalo\DST_DE_Airlines\.venv\Lib\site-packages\joblib\parallel.py", line 1914, in _get_sequential_output
    res = func(*args, **kwargs)
  File "C:\Users\nicol\OneDrive\GitHub_nicolascalo\DST_DE_Airlines\.venv\Lib\site-packages\sklearn\utils\parallel.py", line 147, in __call__
    return self.function(*args, **kwargs)
           ~~~~~~~~~~~~~^^^^^^^^^^^^^^^^^
  File "C:\Users\nicol\OneDrive\GitHub_nicolascalo\DST_DE_Airlines\.venv\Lib\site-packages\sklearn\pipeline.py", line 1540, in _fit_transform_one
    res = transformer.fit_transform(X, y, **params.get("fit_transform", {}))
  File "C:\Users\nicol\OneDrive\GitHub_nicolascalo\DST_DE_Airlines\.venv\Lib\site-packages\sklearn\base.py", line 1365, in wrapper
    return fit_method(estimator, *args, **kwargs)
  File "C:\Users\nicol\OneDrive\GitHub_nicolascalo\DST_DE_Airlines\.venv\Lib\site-packages\sklearn\pipeline.py", line 731, in fit_transform
    return last_step.fit_transform(
           ~~~~~~~~~~~~~~~~~~~~~~~^
        Xt, y, **last_step_params["fit_transform"]
        ^^^^^^^^^^^^^^^^^^^^^^^^^^^^^^^^^^^^^^^^^^
    )
    ^
  File "C:\Users\nicol\OneDrive\GitHub_nicolascalo\DST_DE_Airlines\.venv\Lib\site-packages\sklearn\utils\_set_output.py", line 316, in wrapped
    data_to_wrap = f(self, X, *args, **kwargs)
  File "C:\Users\nicol\OneDrive\GitHub_nicolascalo\DST_DE_Airlines\.venv\Lib\site-packages\sklearn\base.py", line 897, in fit_transform
    return self.fit(X, y, **fit_params).transform(X)
           ~~~~~~~~~~~~~~~~~~~~~~~~~~~~~~~~~~~~~~^^^
  File "C:\Users\nicol\OneDrive\GitHub_nicolascalo\DST_DE_Airlines\.venv\Lib\site-packages\sklearn\utils\_set_output.py", line 316, in wrapped
    data_to_wrap = f(self, X, *args, **kwargs)
  File "C:\Users\nicol\OneDrive\GitHub_nicolascalo\DST_DE_Airlines\.venv\Lib\site-packages\sklearn\preprocessing\_encoders.py", line 1083, in transform
    return out.toarray()
           ~~~~~~~~~~~^^
  File "C:\Users\nicol\OneDrive\GitHub_nicolascalo\DST_DE_Airlines\.venv\Lib\site-packages\scipy\sparse\_compressed.py", line 996, in toarray
    out = self._process_toarray_args(order, out)
  File "C:\Users\nicol\OneDrive\GitHub_nicolascalo\DST_DE_Airlines\.venv\Lib\site-packages\scipy\sparse\_base.py", line 1530, in _process_toarray_args
    return np.zeros(self.shape, dtype=self.dtype, order=order)
           ~~~~~~~~^^^^^^^^^^^^^^^^^^^^^^^^^^^^^^^^^^^^^^^^^^^
numpy._core._exceptions._ArrayMemoryError: Unable to allocate 362. GiB for an array with shape (314947, 154386) and data type float64

--------------------------------------------------------------------------------
2 fits failed with the following error:
Traceback (most recent call last):
  File "C:\Users\nicol\OneDrive\GitHub_nicolascalo\DST_DE_Airlines\.venv\Lib\site-packages\sklearn\model_selection\_validation.py", line 859, in _fit_and_score
    estimator.fit(X_train, y_train, **fit_params)
    ~~~~~~~~~~~~~^^^^^^^^^^^^^^^^^^^^^^^^^^^^^^^^
  File "C:\Users\nicol\OneDrive\GitHub_nicolascalo\DST_DE_Airlines\.venv\Lib\site-packages\sklearn\base.py", line 1365, in wrapper
    return fit_method(estimator, *args, **kwargs)
  File "C:\Users\nicol\OneDrive\GitHub_nicolascalo\DST_DE_Airlines\.venv\Lib\site-packages\sklearn\pipeline.py", line 655, in fit
    Xt = self._fit(X, y, routed_params, raw_params=params)
  File "C:\Users\nicol\OneDrive\GitHub_nicolascalo\DST_DE_Airlines\.venv\Lib\site-packages\sklearn\pipeline.py", line 589, in _fit
    X, fitted_transformer = fit_transform_one_cached(
                            ~~~~~~~~~~~~~~~~~~~~~~~~^
        cloned_transformer,
        ^^^^^^^^^^^^^^^^^^^
    ...<5 lines>...
        params=step_params,
        ^^^^^^^^^^^^^^^^^^^
    )
    ^
  File "C:\Users\nicol\OneDrive\GitHub_nicolascalo\DST_DE_Airlines\.venv\Lib\site-packages\joblib\memory.py", line 326, in __call__
    return self.func(*args, **kwargs)
           ~~~~~~~~~^^^^^^^^^^^^^^^^^
  File "C:\Users\nicol\OneDrive\GitHub_nicolascalo\DST_DE_Airlines\.venv\Lib\site-packages\sklearn\pipeline.py", line 1540, in _fit_transform_one
    res = transformer.fit_transform(X, y, **params.get("fit_transform", {}))
  File "C:\Users\nicol\OneDrive\GitHub_nicolascalo\DST_DE_Airlines\.venv\Lib\site-packages\sklearn\utils\_set_output.py", line 316, in wrapped
    data_to_wrap = f(self, X, *args, **kwargs)
  File "C:\Users\nicol\OneDrive\GitHub_nicolascalo\DST_DE_Airlines\.venv\Lib\site-packages\sklearn\base.py", line 1365, in wrapper
    return fit_method(estimator, *args, **kwargs)
  File "C:\Users\nicol\OneDrive\GitHub_nicolascalo\DST_DE_Airlines\.venv\Lib\site-packages\sklearn\compose\_column_transformer.py", line 996, in fit_transform
    result = self._call_func_on_transformers(
        X,
    ...<3 lines>...
        routed_params=routed_params,
    )
  File "C:\Users\nicol\OneDrive\GitHub_nicolascalo\DST_DE_Airlines\.venv\Lib\site-packages\sklearn\compose\_column_transformer.py", line 897, in _call_func_on_transformers
    return Parallel(n_jobs=self.n_jobs)(jobs)
           ~~~~~~~~~~~~~~~~~~~~~~~~~~~~^^^^^^
  File "C:\Users\nicol\OneDrive\GitHub_nicolascalo\DST_DE_Airlines\.venv\Lib\site-packages\sklearn\utils\parallel.py", line 82, in __call__
    return super().__call__(iterable_with_config_and_warning_filters)
           ~~~~~~~~~~~~~~~~^^^^^^^^^^^^^^^^^^^^^^^^^^^^^^^^^^^^^^^^^^
  File "C:\Users\nicol\OneDrive\GitHub_nicolascalo\DST_DE_Airlines\.venv\Lib\site-packages\joblib\parallel.py", line 1986, in __call__
    return output if self.return_generator else list(output)
                                                ~~~~^^^^^^^^
  File "C:\Users\nicol\OneDrive\GitHub_nicolascalo\DST_DE_Airlines\.venv\Lib\site-packages\joblib\parallel.py", line 1914, in _get_sequential_output
    res = func(*args, **kwargs)
  File "C:\Users\nicol\OneDrive\GitHub_nicolascalo\DST_DE_Airlines\.venv\Lib\site-packages\sklearn\utils\parallel.py", line 147, in __call__
    return self.function(*args, **kwargs)
           ~~~~~~~~~~~~~^^^^^^^^^^^^^^^^^
  File "C:\Users\nicol\OneDrive\GitHub_nicolascalo\DST_DE_Airlines\.venv\Lib\site-packages\sklearn\pipeline.py", line 1540, in _fit_transform_one
    res = transformer.fit_transform(X, y, **params.get("fit_transform", {}))
  File "C:\Users\nicol\OneDrive\GitHub_nicolascalo\DST_DE_Airlines\.venv\Lib\site-packages\sklearn\base.py", line 1365, in wrapper
    return fit_method(estimator, *args, **kwargs)
  File "C:\Users\nicol\OneDrive\GitHub_nicolascalo\DST_DE_Airlines\.venv\Lib\site-packages\sklearn\pipeline.py", line 731, in fit_transform
    return last_step.fit_transform(
           ~~~~~~~~~~~~~~~~~~~~~~~^
        Xt, y, **last_step_params["fit_transform"]
        ^^^^^^^^^^^^^^^^^^^^^^^^^^^^^^^^^^^^^^^^^^
    )
    ^
  File "C:\Users\nicol\OneDrive\GitHub_nicolascalo\DST_DE_Airlines\.venv\Lib\site-packages\sklearn\utils\_set_output.py", line 316, in wrapped
    data_to_wrap = f(self, X, *args, **kwargs)
  File "C:\Users\nicol\OneDrive\GitHub_nicolascalo\DST_DE_Airlines\.venv\Lib\site-packages\sklearn\base.py", line 897, in fit_transform
    return self.fit(X, y, **fit_params).transform(X)
           ~~~~~~~~~~~~~~~~~~~~~~~~~~~~~~~~~~~~~~^^^
  File "C:\Users\nicol\OneDrive\GitHub_nicolascalo\DST_DE_Airlines\.venv\Lib\site-packages\sklearn\utils\_set_output.py", line 316, in wrapped
    data_to_wrap = f(self, X, *args, **kwargs)
  File "C:\Users\nicol\OneDrive\GitHub_nicolascalo\DST_DE_Airlines\.venv\Lib\site-packages\sklearn\preprocessing\_encoders.py", line 1083, in transform
    return out.toarray()
           ~~~~~~~~~~~^^
  File "C:\Users\nicol\OneDrive\GitHub_nicolascalo\DST_DE_Airlines\.venv\Lib\site-packages\scipy\sparse\_compressed.py", line 996, in toarray
    out = self._process_toarray_args(order, out)
  File "C:\Users\nicol\OneDrive\GitHub_nicolascalo\DST_DE_Airlines\.venv\Lib\site-packages\scipy\sparse\_base.py", line 1530, in _process_toarray_args
    return np.zeros(self.shape, dtype=self.dtype, order=order)
           ~~~~~~~~^^^^^^^^^^^^^^^^^^^^^^^^^^^^^^^^^^^^^^^^^^^
numpy._core._exceptions._ArrayMemoryError: Unable to allocate 362. GiB for an array with shape (314947, 154396) and data type float64

2025-11-09 16:21:07,692 - __main__ - INFO - starting pipeline pipeline_OneVsOneClassifier_LogisticRegression GridSearchCV
2025-11-09 16:21:08,066 - __main__ - ERROR - 
Traceback (most recent call last):
  File "<stdin>", line 12, in test_pipeline_classification
    def __init__(self):
        ^^^^^^^^^^^^^^^
  File "C:\Users\nicol\OneDrive\GitHub_nicolascalo\DST_DE_Airlines\.venv\Lib\site-packages\sklearn\base.py", line 1365, in wrapper
    return fit_method(estimator, *args, **kwargs)
  File "C:\Users\nicol\OneDrive\GitHub_nicolascalo\DST_DE_Airlines\.venv\Lib\site-packages\sklearn\model_selection\_search.py", line 1051, in fit
    self._run_search(evaluate_candidates)
    ~~~~~~~~~~~~~~~~^^^^^^^^^^^^^^^^^^^^^
  File "C:\Users\nicol\OneDrive\GitHub_nicolascalo\DST_DE_Airlines\.venv\Lib\site-packages\sklearn\model_selection\_search.py", line 1605, in _run_search
    evaluate_candidates(ParameterGrid(self.param_grid))
    ~~~~~~~~~~~~~~~~~~~^^^^^^^^^^^^^^^^^^^^^^^^^^^^^^^^
  File "C:\Users\nicol\OneDrive\GitHub_nicolascalo\DST_DE_Airlines\.venv\Lib\site-packages\sklearn\model_selection\_search.py", line 997, in evaluate_candidates
    out = parallel(
        delayed(_fit_and_score)(
    ...<13 lines>...
        )
    )
  File "C:\Users\nicol\OneDrive\GitHub_nicolascalo\DST_DE_Airlines\.venv\Lib\site-packages\sklearn\utils\parallel.py", line 82, in __call__
    return super().__call__(iterable_with_config_and_warning_filters)
           ~~~~~~~~~~~~~~~~^^^^^^^^^^^^^^^^^^^^^^^^^^^^^^^^^^^^^^^^^^
  File "C:\Users\nicol\OneDrive\GitHub_nicolascalo\DST_DE_Airlines\.venv\Lib\site-packages\joblib\parallel.py", line 1986, in __call__
    return output if self.return_generator else list(output)
                                                ~~~~^^^^^^^^
  File "C:\Users\nicol\OneDrive\GitHub_nicolascalo\DST_DE_Airlines\.venv\Lib\site-packages\joblib\parallel.py", line 1914, in _get_sequential_output
    res = func(*args, **kwargs)
  File "C:\Users\nicol\OneDrive\GitHub_nicolascalo\DST_DE_Airlines\.venv\Lib\site-packages\sklearn\utils\parallel.py", line 147, in __call__
    return self.function(*args, **kwargs)
           ~~~~~~~~~~~~~^^^^^^^^^^^^^^^^^
  File "C:\Users\nicol\OneDrive\GitHub_nicolascalo\DST_DE_Airlines\.venv\Lib\site-packages\sklearn\model_selection\_validation.py", line 847, in _fit_and_score
    estimator = estimator.set_params(**clone(parameters, safe=False))
  File "C:\Users\nicol\OneDrive\GitHub_nicolascalo\DST_DE_Airlines\.venv\Lib\site-packages\sklearn\pipeline.py", line 319, in set_params
    self._set_params("steps", **kwargs)
    ~~~~~~~~~~~~~~~~^^^^^^^^^^^^^^^^^^^
  File "C:\Users\nicol\OneDrive\GitHub_nicolascalo\DST_DE_Airlines\.venv\Lib\site-packages\sklearn\utils\metaestimators.py", line 69, in _set_params
    super().set_params(**params)
    ~~~~~~~~~~~~~~~~~~^^^^^^^^^^
  File "C:\Users\nicol\OneDrive\GitHub_nicolascalo\DST_DE_Airlines\.venv\Lib\site-packages\sklearn\base.py", line 357, in set_params
    valid_params[key].set_params(**sub_params)
    ~~~~~~~~~~~~~~~~~~~~~~~~~~~~^^^^^^^^^^^^^^
  File "C:\Users\nicol\OneDrive\GitHub_nicolascalo\DST_DE_Airlines\.venv\Lib\site-packages\sklearn\base.py", line 345, in set_params
    raise ValueError(
    ...<2 lines>...
    )
ValueError: Invalid parameter 'C' for estimator OneVsOneClassifier(estimator=LogisticRegression(max_iter=1000, n_jobs=10)). Valid parameters are: ['estimator', 'n_jobs'].
2025-11-09 16:21:08,070 - __main__ - INFO - starting pipeline pipeline_OneVsRestClassifier_LogisticRegression GridSearchCV
2025-11-09 16:21:08,403 - __main__ - ERROR - 
Traceback (most recent call last):
  File "<stdin>", line 12, in test_pipeline_classification
    def __init__(self):
        ^^^^^^^^^^^^^^^
  File "C:\Users\nicol\OneDrive\GitHub_nicolascalo\DST_DE_Airlines\.venv\Lib\site-packages\sklearn\base.py", line 1365, in wrapper
    return fit_method(estimator, *args, **kwargs)
  File "C:\Users\nicol\OneDrive\GitHub_nicolascalo\DST_DE_Airlines\.venv\Lib\site-packages\sklearn\model_selection\_search.py", line 1051, in fit
    self._run_search(evaluate_candidates)
    ~~~~~~~~~~~~~~~~^^^^^^^^^^^^^^^^^^^^^
  File "C:\Users\nicol\OneDrive\GitHub_nicolascalo\DST_DE_Airlines\.venv\Lib\site-packages\sklearn\model_selection\_search.py", line 1605, in _run_search
    evaluate_candidates(ParameterGrid(self.param_grid))
    ~~~~~~~~~~~~~~~~~~~^^^^^^^^^^^^^^^^^^^^^^^^^^^^^^^^
  File "C:\Users\nicol\OneDrive\GitHub_nicolascalo\DST_DE_Airlines\.venv\Lib\site-packages\sklearn\model_selection\_search.py", line 997, in evaluate_candidates
    out = parallel(
        delayed(_fit_and_score)(
    ...<13 lines>...
        )
    )
  File "C:\Users\nicol\OneDrive\GitHub_nicolascalo\DST_DE_Airlines\.venv\Lib\site-packages\sklearn\utils\parallel.py", line 82, in __call__
    return super().__call__(iterable_with_config_and_warning_filters)
           ~~~~~~~~~~~~~~~~^^^^^^^^^^^^^^^^^^^^^^^^^^^^^^^^^^^^^^^^^^
  File "C:\Users\nicol\OneDrive\GitHub_nicolascalo\DST_DE_Airlines\.venv\Lib\site-packages\joblib\parallel.py", line 1986, in __call__
    return output if self.return_generator else list(output)
                                                ~~~~^^^^^^^^
  File "C:\Users\nicol\OneDrive\GitHub_nicolascalo\DST_DE_Airlines\.venv\Lib\site-packages\joblib\parallel.py", line 1914, in _get_sequential_output
    res = func(*args, **kwargs)
  File "C:\Users\nicol\OneDrive\GitHub_nicolascalo\DST_DE_Airlines\.venv\Lib\site-packages\sklearn\utils\parallel.py", line 147, in __call__
    return self.function(*args, **kwargs)
           ~~~~~~~~~~~~~^^^^^^^^^^^^^^^^^
  File "C:\Users\nicol\OneDrive\GitHub_nicolascalo\DST_DE_Airlines\.venv\Lib\site-packages\sklearn\model_selection\_validation.py", line 847, in _fit_and_score
    estimator = estimator.set_params(**clone(parameters, safe=False))
  File "C:\Users\nicol\OneDrive\GitHub_nicolascalo\DST_DE_Airlines\.venv\Lib\site-packages\sklearn\pipeline.py", line 319, in set_params
    self._set_params("steps", **kwargs)
    ~~~~~~~~~~~~~~~~^^^^^^^^^^^^^^^^^^^
  File "C:\Users\nicol\OneDrive\GitHub_nicolascalo\DST_DE_Airlines\.venv\Lib\site-packages\sklearn\utils\metaestimators.py", line 69, in _set_params
    super().set_params(**params)
    ~~~~~~~~~~~~~~~~~~^^^^^^^^^^
  File "C:\Users\nicol\OneDrive\GitHub_nicolascalo\DST_DE_Airlines\.venv\Lib\site-packages\sklearn\base.py", line 357, in set_params
    valid_params[key].set_params(**sub_params)
    ~~~~~~~~~~~~~~~~~~~~~~~~~~~~^^^^^^^^^^^^^^
  File "C:\Users\nicol\OneDrive\GitHub_nicolascalo\DST_DE_Airlines\.venv\Lib\site-packages\sklearn\base.py", line 345, in set_params
    raise ValueError(
    ...<2 lines>...
    )
ValueError: Invalid parameter 'C' for estimator OneVsRestClassifier(estimator=LogisticRegression(max_iter=1000, n_jobs=10)). Valid parameters are: ['estimator', 'n_jobs', 'verbose'].
2025-11-09 16:22:04,178 - __main__ - INFO - starting pipeline pipeline_DecisionTreeClassifier_grid_test GridSearchCV
2025-11-09 16:22:07,869 - __main__ - INFO - starting pipeline pipeline_DecisionTreeClassifier_grid_test GridSearchCV
2025-11-09 16:39:49,160 - __main__ - INFO - starting pipeline pipeline_DecisionTreeClassifier_3 simple
2025-11-09 16:39:53,652 - __main__ - ERROR - Unable to allocate 491. GiB for an array with shape (393683, 167470) and data type float64
Traceback (most recent call last):
  File "<stdin>", line 12, in test_pipeline_classification
    def __init__(self):
        ^^^^^^^^^^^^^^^
  File "C:\Users\nicol\OneDrive\GitHub_nicolascalo\DST_DE_Airlines\.venv\Lib\site-packages\sklearn\base.py", line 1365, in wrapper
    return fit_method(estimator, *args, **kwargs)
  File "C:\Users\nicol\OneDrive\GitHub_nicolascalo\DST_DE_Airlines\.venv\Lib\site-packages\sklearn\pipeline.py", line 655, in fit
    Xt = self._fit(X, y, routed_params, raw_params=params)
  File "C:\Users\nicol\OneDrive\GitHub_nicolascalo\DST_DE_Airlines\.venv\Lib\site-packages\sklearn\pipeline.py", line 589, in _fit
    X, fitted_transformer = fit_transform_one_cached(
                            ~~~~~~~~~~~~~~~~~~~~~~~~^
        cloned_transformer,
        ^^^^^^^^^^^^^^^^^^^
    ...<5 lines>...
        params=step_params,
        ^^^^^^^^^^^^^^^^^^^
    )
    ^
  File "C:\Users\nicol\OneDrive\GitHub_nicolascalo\DST_DE_Airlines\.venv\Lib\site-packages\joblib\memory.py", line 326, in __call__
    return self.func(*args, **kwargs)
           ~~~~~~~~~^^^^^^^^^^^^^^^^^
  File "C:\Users\nicol\OneDrive\GitHub_nicolascalo\DST_DE_Airlines\.venv\Lib\site-packages\sklearn\pipeline.py", line 1540, in _fit_transform_one
    res = transformer.fit_transform(X, y, **params.get("fit_transform", {}))
  File "C:\Users\nicol\OneDrive\GitHub_nicolascalo\DST_DE_Airlines\.venv\Lib\site-packages\sklearn\utils\_set_output.py", line 316, in wrapped
    data_to_wrap = f(self, X, *args, **kwargs)
  File "C:\Users\nicol\OneDrive\GitHub_nicolascalo\DST_DE_Airlines\.venv\Lib\site-packages\sklearn\base.py", line 1365, in wrapper
    return fit_method(estimator, *args, **kwargs)
  File "C:\Users\nicol\OneDrive\GitHub_nicolascalo\DST_DE_Airlines\.venv\Lib\site-packages\sklearn\compose\_column_transformer.py", line 996, in fit_transform
    result = self._call_func_on_transformers(
        X,
    ...<3 lines>...
        routed_params=routed_params,
    )
  File "C:\Users\nicol\OneDrive\GitHub_nicolascalo\DST_DE_Airlines\.venv\Lib\site-packages\sklearn\compose\_column_transformer.py", line 897, in _call_func_on_transformers
    return Parallel(n_jobs=self.n_jobs)(jobs)
           ~~~~~~~~~~~~~~~~~~~~~~~~~~~~^^^^^^
  File "C:\Users\nicol\OneDrive\GitHub_nicolascalo\DST_DE_Airlines\.venv\Lib\site-packages\sklearn\utils\parallel.py", line 82, in __call__
    return super().__call__(iterable_with_config_and_warning_filters)
           ~~~~~~~~~~~~~~~~^^^^^^^^^^^^^^^^^^^^^^^^^^^^^^^^^^^^^^^^^^
  File "C:\Users\nicol\OneDrive\GitHub_nicolascalo\DST_DE_Airlines\.venv\Lib\site-packages\joblib\parallel.py", line 1986, in __call__
    return output if self.return_generator else list(output)
                                                ~~~~^^^^^^^^
  File "C:\Users\nicol\OneDrive\GitHub_nicolascalo\DST_DE_Airlines\.venv\Lib\site-packages\joblib\parallel.py", line 1914, in _get_sequential_output
    res = func(*args, **kwargs)
  File "C:\Users\nicol\OneDrive\GitHub_nicolascalo\DST_DE_Airlines\.venv\Lib\site-packages\sklearn\utils\parallel.py", line 147, in __call__
    return self.function(*args, **kwargs)
           ~~~~~~~~~~~~~^^^^^^^^^^^^^^^^^
  File "C:\Users\nicol\OneDrive\GitHub_nicolascalo\DST_DE_Airlines\.venv\Lib\site-packages\sklearn\pipeline.py", line 1540, in _fit_transform_one
    res = transformer.fit_transform(X, y, **params.get("fit_transform", {}))
  File "C:\Users\nicol\OneDrive\GitHub_nicolascalo\DST_DE_Airlines\.venv\Lib\site-packages\sklearn\base.py", line 1365, in wrapper
    return fit_method(estimator, *args, **kwargs)
  File "C:\Users\nicol\OneDrive\GitHub_nicolascalo\DST_DE_Airlines\.venv\Lib\site-packages\sklearn\pipeline.py", line 731, in fit_transform
    return last_step.fit_transform(
           ~~~~~~~~~~~~~~~~~~~~~~~^
        Xt, y, **last_step_params["fit_transform"]
        ^^^^^^^^^^^^^^^^^^^^^^^^^^^^^^^^^^^^^^^^^^
    )
    ^
  File "C:\Users\nicol\OneDrive\GitHub_nicolascalo\DST_DE_Airlines\.venv\Lib\site-packages\sklearn\utils\_set_output.py", line 316, in wrapped
    data_to_wrap = f(self, X, *args, **kwargs)
  File "C:\Users\nicol\OneDrive\GitHub_nicolascalo\DST_DE_Airlines\.venv\Lib\site-packages\sklearn\base.py", line 897, in fit_transform
    return self.fit(X, y, **fit_params).transform(X)
           ~~~~~~~~~~~~~~~~~~~~~~~~~~~~~~~~~~~~~~^^^
  File "C:\Users\nicol\OneDrive\GitHub_nicolascalo\DST_DE_Airlines\.venv\Lib\site-packages\sklearn\utils\_set_output.py", line 316, in wrapped
    data_to_wrap = f(self, X, *args, **kwargs)
  File "C:\Users\nicol\OneDrive\GitHub_nicolascalo\DST_DE_Airlines\.venv\Lib\site-packages\sklearn\preprocessing\_encoders.py", line 1083, in transform
    return out.toarray()
           ~~~~~~~~~~~^^
  File "C:\Users\nicol\OneDrive\GitHub_nicolascalo\DST_DE_Airlines\.venv\Lib\site-packages\scipy\sparse\_compressed.py", line 996, in toarray
    out = self._process_toarray_args(order, out)
  File "C:\Users\nicol\OneDrive\GitHub_nicolascalo\DST_DE_Airlines\.venv\Lib\site-packages\scipy\sparse\_base.py", line 1530, in _process_toarray_args
    return np.zeros(self.shape, dtype=self.dtype, order=order)
           ~~~~~~~~^^^^^^^^^^^^^^^^^^^^^^^^^^^^^^^^^^^^^^^^^^^
numpy._core._exceptions._ArrayMemoryError: Unable to allocate 491. GiB for an array with shape (393683, 167470) and data type float64
2025-11-09 16:39:53,732 - __main__ - INFO - starting pipeline pipeline_DecisionTreeClassifier_4 simple
2025-11-09 16:39:57,797 - __main__ - ERROR - Unable to allocate 491. GiB for an array with shape (393683, 167470) and data type float64
Traceback (most recent call last):
  File "<stdin>", line 12, in test_pipeline_classification
    def __init__(self):
        ^^^^^^^^^^^^^^^
  File "C:\Users\nicol\OneDrive\GitHub_nicolascalo\DST_DE_Airlines\.venv\Lib\site-packages\sklearn\base.py", line 1365, in wrapper
    return fit_method(estimator, *args, **kwargs)
  File "C:\Users\nicol\OneDrive\GitHub_nicolascalo\DST_DE_Airlines\.venv\Lib\site-packages\sklearn\pipeline.py", line 655, in fit
    Xt = self._fit(X, y, routed_params, raw_params=params)
  File "C:\Users\nicol\OneDrive\GitHub_nicolascalo\DST_DE_Airlines\.venv\Lib\site-packages\sklearn\pipeline.py", line 589, in _fit
    X, fitted_transformer = fit_transform_one_cached(
                            ~~~~~~~~~~~~~~~~~~~~~~~~^
        cloned_transformer,
        ^^^^^^^^^^^^^^^^^^^
    ...<5 lines>...
        params=step_params,
        ^^^^^^^^^^^^^^^^^^^
    )
    ^
  File "C:\Users\nicol\OneDrive\GitHub_nicolascalo\DST_DE_Airlines\.venv\Lib\site-packages\joblib\memory.py", line 326, in __call__
    return self.func(*args, **kwargs)
           ~~~~~~~~~^^^^^^^^^^^^^^^^^
  File "C:\Users\nicol\OneDrive\GitHub_nicolascalo\DST_DE_Airlines\.venv\Lib\site-packages\sklearn\pipeline.py", line 1540, in _fit_transform_one
    res = transformer.fit_transform(X, y, **params.get("fit_transform", {}))
  File "C:\Users\nicol\OneDrive\GitHub_nicolascalo\DST_DE_Airlines\.venv\Lib\site-packages\sklearn\utils\_set_output.py", line 316, in wrapped
    data_to_wrap = f(self, X, *args, **kwargs)
  File "C:\Users\nicol\OneDrive\GitHub_nicolascalo\DST_DE_Airlines\.venv\Lib\site-packages\sklearn\base.py", line 1365, in wrapper
    return fit_method(estimator, *args, **kwargs)
  File "C:\Users\nicol\OneDrive\GitHub_nicolascalo\DST_DE_Airlines\.venv\Lib\site-packages\sklearn\compose\_column_transformer.py", line 996, in fit_transform
    result = self._call_func_on_transformers(
        X,
    ...<3 lines>...
        routed_params=routed_params,
    )
  File "C:\Users\nicol\OneDrive\GitHub_nicolascalo\DST_DE_Airlines\.venv\Lib\site-packages\sklearn\compose\_column_transformer.py", line 897, in _call_func_on_transformers
    return Parallel(n_jobs=self.n_jobs)(jobs)
           ~~~~~~~~~~~~~~~~~~~~~~~~~~~~^^^^^^
  File "C:\Users\nicol\OneDrive\GitHub_nicolascalo\DST_DE_Airlines\.venv\Lib\site-packages\sklearn\utils\parallel.py", line 82, in __call__
    return super().__call__(iterable_with_config_and_warning_filters)
           ~~~~~~~~~~~~~~~~^^^^^^^^^^^^^^^^^^^^^^^^^^^^^^^^^^^^^^^^^^
  File "C:\Users\nicol\OneDrive\GitHub_nicolascalo\DST_DE_Airlines\.venv\Lib\site-packages\joblib\parallel.py", line 1986, in __call__
    return output if self.return_generator else list(output)
                                                ~~~~^^^^^^^^
  File "C:\Users\nicol\OneDrive\GitHub_nicolascalo\DST_DE_Airlines\.venv\Lib\site-packages\joblib\parallel.py", line 1914, in _get_sequential_output
    res = func(*args, **kwargs)
  File "C:\Users\nicol\OneDrive\GitHub_nicolascalo\DST_DE_Airlines\.venv\Lib\site-packages\sklearn\utils\parallel.py", line 147, in __call__
    return self.function(*args, **kwargs)
           ~~~~~~~~~~~~~^^^^^^^^^^^^^^^^^
  File "C:\Users\nicol\OneDrive\GitHub_nicolascalo\DST_DE_Airlines\.venv\Lib\site-packages\sklearn\pipeline.py", line 1540, in _fit_transform_one
    res = transformer.fit_transform(X, y, **params.get("fit_transform", {}))
  File "C:\Users\nicol\OneDrive\GitHub_nicolascalo\DST_DE_Airlines\.venv\Lib\site-packages\sklearn\base.py", line 1365, in wrapper
    return fit_method(estimator, *args, **kwargs)
  File "C:\Users\nicol\OneDrive\GitHub_nicolascalo\DST_DE_Airlines\.venv\Lib\site-packages\sklearn\pipeline.py", line 731, in fit_transform
    return last_step.fit_transform(
           ~~~~~~~~~~~~~~~~~~~~~~~^
        Xt, y, **last_step_params["fit_transform"]
        ^^^^^^^^^^^^^^^^^^^^^^^^^^^^^^^^^^^^^^^^^^
    )
    ^
  File "C:\Users\nicol\OneDrive\GitHub_nicolascalo\DST_DE_Airlines\.venv\Lib\site-packages\sklearn\utils\_set_output.py", line 316, in wrapped
    data_to_wrap = f(self, X, *args, **kwargs)
  File "C:\Users\nicol\OneDrive\GitHub_nicolascalo\DST_DE_Airlines\.venv\Lib\site-packages\sklearn\base.py", line 897, in fit_transform
    return self.fit(X, y, **fit_params).transform(X)
           ~~~~~~~~~~~~~~~~~~~~~~~~~~~~~~~~~~~~~~^^^
  File "C:\Users\nicol\OneDrive\GitHub_nicolascalo\DST_DE_Airlines\.venv\Lib\site-packages\sklearn\utils\_set_output.py", line 316, in wrapped
    data_to_wrap = f(self, X, *args, **kwargs)
  File "C:\Users\nicol\OneDrive\GitHub_nicolascalo\DST_DE_Airlines\.venv\Lib\site-packages\sklearn\preprocessing\_encoders.py", line 1083, in transform
    return out.toarray()
           ~~~~~~~~~~~^^
  File "C:\Users\nicol\OneDrive\GitHub_nicolascalo\DST_DE_Airlines\.venv\Lib\site-packages\scipy\sparse\_compressed.py", line 996, in toarray
    out = self._process_toarray_args(order, out)
  File "C:\Users\nicol\OneDrive\GitHub_nicolascalo\DST_DE_Airlines\.venv\Lib\site-packages\scipy\sparse\_base.py", line 1530, in _process_toarray_args
    return np.zeros(self.shape, dtype=self.dtype, order=order)
           ~~~~~~~~^^^^^^^^^^^^^^^^^^^^^^^^^^^^^^^^^^^^^^^^^^^
numpy._core._exceptions._ArrayMemoryError: Unable to allocate 491. GiB for an array with shape (393683, 167470) and data type float64
2025-11-09 16:39:57,874 - __main__ - INFO - starting pipeline pipeline_OneVsOneClassifier_LogisticRegression simple
2025-11-09 16:40:01,895 - __main__ - ERROR - Unable to allocate 491. GiB for an array with shape (393683, 167470) and data type float64
Traceback (most recent call last):
  File "<stdin>", line 12, in test_pipeline_classification
    def __init__(self):
        ^^^^^^^^^^^^^^^
  File "C:\Users\nicol\OneDrive\GitHub_nicolascalo\DST_DE_Airlines\.venv\Lib\site-packages\sklearn\base.py", line 1365, in wrapper
    return fit_method(estimator, *args, **kwargs)
  File "C:\Users\nicol\OneDrive\GitHub_nicolascalo\DST_DE_Airlines\.venv\Lib\site-packages\sklearn\pipeline.py", line 655, in fit
    Xt = self._fit(X, y, routed_params, raw_params=params)
  File "C:\Users\nicol\OneDrive\GitHub_nicolascalo\DST_DE_Airlines\.venv\Lib\site-packages\sklearn\pipeline.py", line 589, in _fit
    X, fitted_transformer = fit_transform_one_cached(
                            ~~~~~~~~~~~~~~~~~~~~~~~~^
        cloned_transformer,
        ^^^^^^^^^^^^^^^^^^^
    ...<5 lines>...
        params=step_params,
        ^^^^^^^^^^^^^^^^^^^
    )
    ^
  File "C:\Users\nicol\OneDrive\GitHub_nicolascalo\DST_DE_Airlines\.venv\Lib\site-packages\joblib\memory.py", line 326, in __call__
    return self.func(*args, **kwargs)
           ~~~~~~~~~^^^^^^^^^^^^^^^^^
  File "C:\Users\nicol\OneDrive\GitHub_nicolascalo\DST_DE_Airlines\.venv\Lib\site-packages\sklearn\pipeline.py", line 1540, in _fit_transform_one
    res = transformer.fit_transform(X, y, **params.get("fit_transform", {}))
  File "C:\Users\nicol\OneDrive\GitHub_nicolascalo\DST_DE_Airlines\.venv\Lib\site-packages\sklearn\utils\_set_output.py", line 316, in wrapped
    data_to_wrap = f(self, X, *args, **kwargs)
  File "C:\Users\nicol\OneDrive\GitHub_nicolascalo\DST_DE_Airlines\.venv\Lib\site-packages\sklearn\base.py", line 1365, in wrapper
    return fit_method(estimator, *args, **kwargs)
  File "C:\Users\nicol\OneDrive\GitHub_nicolascalo\DST_DE_Airlines\.venv\Lib\site-packages\sklearn\compose\_column_transformer.py", line 996, in fit_transform
    result = self._call_func_on_transformers(
        X,
    ...<3 lines>...
        routed_params=routed_params,
    )
  File "C:\Users\nicol\OneDrive\GitHub_nicolascalo\DST_DE_Airlines\.venv\Lib\site-packages\sklearn\compose\_column_transformer.py", line 897, in _call_func_on_transformers
    return Parallel(n_jobs=self.n_jobs)(jobs)
           ~~~~~~~~~~~~~~~~~~~~~~~~~~~~^^^^^^
  File "C:\Users\nicol\OneDrive\GitHub_nicolascalo\DST_DE_Airlines\.venv\Lib\site-packages\sklearn\utils\parallel.py", line 82, in __call__
    return super().__call__(iterable_with_config_and_warning_filters)
           ~~~~~~~~~~~~~~~~^^^^^^^^^^^^^^^^^^^^^^^^^^^^^^^^^^^^^^^^^^
  File "C:\Users\nicol\OneDrive\GitHub_nicolascalo\DST_DE_Airlines\.venv\Lib\site-packages\joblib\parallel.py", line 1986, in __call__
    return output if self.return_generator else list(output)
                                                ~~~~^^^^^^^^
  File "C:\Users\nicol\OneDrive\GitHub_nicolascalo\DST_DE_Airlines\.venv\Lib\site-packages\joblib\parallel.py", line 1914, in _get_sequential_output
    res = func(*args, **kwargs)
  File "C:\Users\nicol\OneDrive\GitHub_nicolascalo\DST_DE_Airlines\.venv\Lib\site-packages\sklearn\utils\parallel.py", line 147, in __call__
    return self.function(*args, **kwargs)
           ~~~~~~~~~~~~~^^^^^^^^^^^^^^^^^
  File "C:\Users\nicol\OneDrive\GitHub_nicolascalo\DST_DE_Airlines\.venv\Lib\site-packages\sklearn\pipeline.py", line 1540, in _fit_transform_one
    res = transformer.fit_transform(X, y, **params.get("fit_transform", {}))
  File "C:\Users\nicol\OneDrive\GitHub_nicolascalo\DST_DE_Airlines\.venv\Lib\site-packages\sklearn\base.py", line 1365, in wrapper
    return fit_method(estimator, *args, **kwargs)
  File "C:\Users\nicol\OneDrive\GitHub_nicolascalo\DST_DE_Airlines\.venv\Lib\site-packages\sklearn\pipeline.py", line 731, in fit_transform
    return last_step.fit_transform(
           ~~~~~~~~~~~~~~~~~~~~~~~^
        Xt, y, **last_step_params["fit_transform"]
        ^^^^^^^^^^^^^^^^^^^^^^^^^^^^^^^^^^^^^^^^^^
    )
    ^
  File "C:\Users\nicol\OneDrive\GitHub_nicolascalo\DST_DE_Airlines\.venv\Lib\site-packages\sklearn\utils\_set_output.py", line 316, in wrapped
    data_to_wrap = f(self, X, *args, **kwargs)
  File "C:\Users\nicol\OneDrive\GitHub_nicolascalo\DST_DE_Airlines\.venv\Lib\site-packages\sklearn\base.py", line 897, in fit_transform
    return self.fit(X, y, **fit_params).transform(X)
           ~~~~~~~~~~~~~~~~~~~~~~~~~~~~~~~~~~~~~~^^^
  File "C:\Users\nicol\OneDrive\GitHub_nicolascalo\DST_DE_Airlines\.venv\Lib\site-packages\sklearn\utils\_set_output.py", line 316, in wrapped
    data_to_wrap = f(self, X, *args, **kwargs)
  File "C:\Users\nicol\OneDrive\GitHub_nicolascalo\DST_DE_Airlines\.venv\Lib\site-packages\sklearn\preprocessing\_encoders.py", line 1083, in transform
    return out.toarray()
           ~~~~~~~~~~~^^
  File "C:\Users\nicol\OneDrive\GitHub_nicolascalo\DST_DE_Airlines\.venv\Lib\site-packages\scipy\sparse\_compressed.py", line 996, in toarray
    out = self._process_toarray_args(order, out)
  File "C:\Users\nicol\OneDrive\GitHub_nicolascalo\DST_DE_Airlines\.venv\Lib\site-packages\scipy\sparse\_base.py", line 1530, in _process_toarray_args
    return np.zeros(self.shape, dtype=self.dtype, order=order)
           ~~~~~~~~^^^^^^^^^^^^^^^^^^^^^^^^^^^^^^^^^^^^^^^^^^^
numpy._core._exceptions._ArrayMemoryError: Unable to allocate 491. GiB for an array with shape (393683, 167470) and data type float64
2025-11-09 16:40:01,974 - __main__ - INFO - starting pipeline pipeline_OneVsRestClassifier_LogisticRegression simple
2025-11-09 16:40:06,380 - __main__ - ERROR - Unable to allocate 491. GiB for an array with shape (393683, 167470) and data type float64
Traceback (most recent call last):
  File "<stdin>", line 12, in test_pipeline_classification
    def __init__(self):
        ^^^^^^^^^^^^^^^
  File "C:\Users\nicol\OneDrive\GitHub_nicolascalo\DST_DE_Airlines\.venv\Lib\site-packages\sklearn\base.py", line 1365, in wrapper
    return fit_method(estimator, *args, **kwargs)
  File "C:\Users\nicol\OneDrive\GitHub_nicolascalo\DST_DE_Airlines\.venv\Lib\site-packages\sklearn\pipeline.py", line 655, in fit
    Xt = self._fit(X, y, routed_params, raw_params=params)
  File "C:\Users\nicol\OneDrive\GitHub_nicolascalo\DST_DE_Airlines\.venv\Lib\site-packages\sklearn\pipeline.py", line 589, in _fit
    X, fitted_transformer = fit_transform_one_cached(
                            ~~~~~~~~~~~~~~~~~~~~~~~~^
        cloned_transformer,
        ^^^^^^^^^^^^^^^^^^^
    ...<5 lines>...
        params=step_params,
        ^^^^^^^^^^^^^^^^^^^
    )
    ^
  File "C:\Users\nicol\OneDrive\GitHub_nicolascalo\DST_DE_Airlines\.venv\Lib\site-packages\joblib\memory.py", line 326, in __call__
    return self.func(*args, **kwargs)
           ~~~~~~~~~^^^^^^^^^^^^^^^^^
  File "C:\Users\nicol\OneDrive\GitHub_nicolascalo\DST_DE_Airlines\.venv\Lib\site-packages\sklearn\pipeline.py", line 1540, in _fit_transform_one
    res = transformer.fit_transform(X, y, **params.get("fit_transform", {}))
  File "C:\Users\nicol\OneDrive\GitHub_nicolascalo\DST_DE_Airlines\.venv\Lib\site-packages\sklearn\utils\_set_output.py", line 316, in wrapped
    data_to_wrap = f(self, X, *args, **kwargs)
  File "C:\Users\nicol\OneDrive\GitHub_nicolascalo\DST_DE_Airlines\.venv\Lib\site-packages\sklearn\base.py", line 1365, in wrapper
    return fit_method(estimator, *args, **kwargs)
  File "C:\Users\nicol\OneDrive\GitHub_nicolascalo\DST_DE_Airlines\.venv\Lib\site-packages\sklearn\compose\_column_transformer.py", line 996, in fit_transform
    result = self._call_func_on_transformers(
        X,
    ...<3 lines>...
        routed_params=routed_params,
    )
  File "C:\Users\nicol\OneDrive\GitHub_nicolascalo\DST_DE_Airlines\.venv\Lib\site-packages\sklearn\compose\_column_transformer.py", line 897, in _call_func_on_transformers
    return Parallel(n_jobs=self.n_jobs)(jobs)
           ~~~~~~~~~~~~~~~~~~~~~~~~~~~~^^^^^^
  File "C:\Users\nicol\OneDrive\GitHub_nicolascalo\DST_DE_Airlines\.venv\Lib\site-packages\sklearn\utils\parallel.py", line 82, in __call__
    return super().__call__(iterable_with_config_and_warning_filters)
           ~~~~~~~~~~~~~~~~^^^^^^^^^^^^^^^^^^^^^^^^^^^^^^^^^^^^^^^^^^
  File "C:\Users\nicol\OneDrive\GitHub_nicolascalo\DST_DE_Airlines\.venv\Lib\site-packages\joblib\parallel.py", line 1986, in __call__
    return output if self.return_generator else list(output)
                                                ~~~~^^^^^^^^
  File "C:\Users\nicol\OneDrive\GitHub_nicolascalo\DST_DE_Airlines\.venv\Lib\site-packages\joblib\parallel.py", line 1914, in _get_sequential_output
    res = func(*args, **kwargs)
  File "C:\Users\nicol\OneDrive\GitHub_nicolascalo\DST_DE_Airlines\.venv\Lib\site-packages\sklearn\utils\parallel.py", line 147, in __call__
    return self.function(*args, **kwargs)
           ~~~~~~~~~~~~~^^^^^^^^^^^^^^^^^
  File "C:\Users\nicol\OneDrive\GitHub_nicolascalo\DST_DE_Airlines\.venv\Lib\site-packages\sklearn\pipeline.py", line 1540, in _fit_transform_one
    res = transformer.fit_transform(X, y, **params.get("fit_transform", {}))
  File "C:\Users\nicol\OneDrive\GitHub_nicolascalo\DST_DE_Airlines\.venv\Lib\site-packages\sklearn\base.py", line 1365, in wrapper
    return fit_method(estimator, *args, **kwargs)
  File "C:\Users\nicol\OneDrive\GitHub_nicolascalo\DST_DE_Airlines\.venv\Lib\site-packages\sklearn\pipeline.py", line 731, in fit_transform
    return last_step.fit_transform(
           ~~~~~~~~~~~~~~~~~~~~~~~^
        Xt, y, **last_step_params["fit_transform"]
        ^^^^^^^^^^^^^^^^^^^^^^^^^^^^^^^^^^^^^^^^^^
    )
    ^
  File "C:\Users\nicol\OneDrive\GitHub_nicolascalo\DST_DE_Airlines\.venv\Lib\site-packages\sklearn\utils\_set_output.py", line 316, in wrapped
    data_to_wrap = f(self, X, *args, **kwargs)
  File "C:\Users\nicol\OneDrive\GitHub_nicolascalo\DST_DE_Airlines\.venv\Lib\site-packages\sklearn\base.py", line 897, in fit_transform
    return self.fit(X, y, **fit_params).transform(X)
           ~~~~~~~~~~~~~~~~~~~~~~~~~~~~~~~~~~~~~~^^^
  File "C:\Users\nicol\OneDrive\GitHub_nicolascalo\DST_DE_Airlines\.venv\Lib\site-packages\sklearn\utils\_set_output.py", line 316, in wrapped
    data_to_wrap = f(self, X, *args, **kwargs)
  File "C:\Users\nicol\OneDrive\GitHub_nicolascalo\DST_DE_Airlines\.venv\Lib\site-packages\sklearn\preprocessing\_encoders.py", line 1083, in transform
    return out.toarray()
           ~~~~~~~~~~~^^
  File "C:\Users\nicol\OneDrive\GitHub_nicolascalo\DST_DE_Airlines\.venv\Lib\site-packages\scipy\sparse\_compressed.py", line 996, in toarray
    out = self._process_toarray_args(order, out)
  File "C:\Users\nicol\OneDrive\GitHub_nicolascalo\DST_DE_Airlines\.venv\Lib\site-packages\scipy\sparse\_base.py", line 1530, in _process_toarray_args
    return np.zeros(self.shape, dtype=self.dtype, order=order)
           ~~~~~~~~^^^^^^^^^^^^^^^^^^^^^^^^^^^^^^^^^^^^^^^^^^^
numpy._core._exceptions._ArrayMemoryError: Unable to allocate 491. GiB for an array with shape (393683, 167470) and data type float64
2025-11-09 16:41:58,880 - __main__ - INFO - starting pipeline pipeline_DecisionTreeClassifier_grid_test simple
2025-11-09 16:42:02,740 - __main__ - ERROR - Unable to allocate 491. GiB for an array with shape (393683, 167470) and data type float64
Traceback (most recent call last):
  File "<stdin>", line 12, in test_pipeline_classification
    def __init__(self):
        ^^^^^^^^^^^^^^^
  File "C:\Users\nicol\OneDrive\GitHub_nicolascalo\DST_DE_Airlines\.venv\Lib\site-packages\sklearn\base.py", line 1365, in wrapper
    return fit_method(estimator, *args, **kwargs)
  File "C:\Users\nicol\OneDrive\GitHub_nicolascalo\DST_DE_Airlines\.venv\Lib\site-packages\sklearn\pipeline.py", line 655, in fit
    Xt = self._fit(X, y, routed_params, raw_params=params)
  File "C:\Users\nicol\OneDrive\GitHub_nicolascalo\DST_DE_Airlines\.venv\Lib\site-packages\sklearn\pipeline.py", line 589, in _fit
    X, fitted_transformer = fit_transform_one_cached(
                            ~~~~~~~~~~~~~~~~~~~~~~~~^
        cloned_transformer,
        ^^^^^^^^^^^^^^^^^^^
    ...<5 lines>...
        params=step_params,
        ^^^^^^^^^^^^^^^^^^^
    )
    ^
  File "C:\Users\nicol\OneDrive\GitHub_nicolascalo\DST_DE_Airlines\.venv\Lib\site-packages\joblib\memory.py", line 326, in __call__
    return self.func(*args, **kwargs)
           ~~~~~~~~~^^^^^^^^^^^^^^^^^
  File "C:\Users\nicol\OneDrive\GitHub_nicolascalo\DST_DE_Airlines\.venv\Lib\site-packages\sklearn\pipeline.py", line 1540, in _fit_transform_one
    res = transformer.fit_transform(X, y, **params.get("fit_transform", {}))
  File "C:\Users\nicol\OneDrive\GitHub_nicolascalo\DST_DE_Airlines\.venv\Lib\site-packages\sklearn\utils\_set_output.py", line 316, in wrapped
    data_to_wrap = f(self, X, *args, **kwargs)
  File "C:\Users\nicol\OneDrive\GitHub_nicolascalo\DST_DE_Airlines\.venv\Lib\site-packages\sklearn\base.py", line 1365, in wrapper
    return fit_method(estimator, *args, **kwargs)
  File "C:\Users\nicol\OneDrive\GitHub_nicolascalo\DST_DE_Airlines\.venv\Lib\site-packages\sklearn\compose\_column_transformer.py", line 996, in fit_transform
    result = self._call_func_on_transformers(
        X,
    ...<3 lines>...
        routed_params=routed_params,
    )
  File "C:\Users\nicol\OneDrive\GitHub_nicolascalo\DST_DE_Airlines\.venv\Lib\site-packages\sklearn\compose\_column_transformer.py", line 897, in _call_func_on_transformers
    return Parallel(n_jobs=self.n_jobs)(jobs)
           ~~~~~~~~~~~~~~~~~~~~~~~~~~~~^^^^^^
  File "C:\Users\nicol\OneDrive\GitHub_nicolascalo\DST_DE_Airlines\.venv\Lib\site-packages\sklearn\utils\parallel.py", line 82, in __call__
    return super().__call__(iterable_with_config_and_warning_filters)
           ~~~~~~~~~~~~~~~~^^^^^^^^^^^^^^^^^^^^^^^^^^^^^^^^^^^^^^^^^^
  File "C:\Users\nicol\OneDrive\GitHub_nicolascalo\DST_DE_Airlines\.venv\Lib\site-packages\joblib\parallel.py", line 1986, in __call__
    return output if self.return_generator else list(output)
                                                ~~~~^^^^^^^^
  File "C:\Users\nicol\OneDrive\GitHub_nicolascalo\DST_DE_Airlines\.venv\Lib\site-packages\joblib\parallel.py", line 1914, in _get_sequential_output
    res = func(*args, **kwargs)
  File "C:\Users\nicol\OneDrive\GitHub_nicolascalo\DST_DE_Airlines\.venv\Lib\site-packages\sklearn\utils\parallel.py", line 147, in __call__
    return self.function(*args, **kwargs)
           ~~~~~~~~~~~~~^^^^^^^^^^^^^^^^^
  File "C:\Users\nicol\OneDrive\GitHub_nicolascalo\DST_DE_Airlines\.venv\Lib\site-packages\sklearn\pipeline.py", line 1540, in _fit_transform_one
    res = transformer.fit_transform(X, y, **params.get("fit_transform", {}))
  File "C:\Users\nicol\OneDrive\GitHub_nicolascalo\DST_DE_Airlines\.venv\Lib\site-packages\sklearn\base.py", line 1365, in wrapper
    return fit_method(estimator, *args, **kwargs)
  File "C:\Users\nicol\OneDrive\GitHub_nicolascalo\DST_DE_Airlines\.venv\Lib\site-packages\sklearn\pipeline.py", line 731, in fit_transform
    return last_step.fit_transform(
           ~~~~~~~~~~~~~~~~~~~~~~~^
        Xt, y, **last_step_params["fit_transform"]
        ^^^^^^^^^^^^^^^^^^^^^^^^^^^^^^^^^^^^^^^^^^
    )
    ^
  File "C:\Users\nicol\OneDrive\GitHub_nicolascalo\DST_DE_Airlines\.venv\Lib\site-packages\sklearn\utils\_set_output.py", line 316, in wrapped
    data_to_wrap = f(self, X, *args, **kwargs)
  File "C:\Users\nicol\OneDrive\GitHub_nicolascalo\DST_DE_Airlines\.venv\Lib\site-packages\sklearn\base.py", line 897, in fit_transform
    return self.fit(X, y, **fit_params).transform(X)
           ~~~~~~~~~~~~~~~~~~~~~~~~~~~~~~~~~~~~~~^^^
  File "C:\Users\nicol\OneDrive\GitHub_nicolascalo\DST_DE_Airlines\.venv\Lib\site-packages\sklearn\utils\_set_output.py", line 316, in wrapped
    data_to_wrap = f(self, X, *args, **kwargs)
  File "C:\Users\nicol\OneDrive\GitHub_nicolascalo\DST_DE_Airlines\.venv\Lib\site-packages\sklearn\preprocessing\_encoders.py", line 1083, in transform
    return out.toarray()
           ~~~~~~~~~~~^^
  File "C:\Users\nicol\OneDrive\GitHub_nicolascalo\DST_DE_Airlines\.venv\Lib\site-packages\scipy\sparse\_compressed.py", line 996, in toarray
    out = self._process_toarray_args(order, out)
  File "C:\Users\nicol\OneDrive\GitHub_nicolascalo\DST_DE_Airlines\.venv\Lib\site-packages\scipy\sparse\_base.py", line 1530, in _process_toarray_args
    return np.zeros(self.shape, dtype=self.dtype, order=order)
           ~~~~~~~~^^^^^^^^^^^^^^^^^^^^^^^^^^^^^^^^^^^^^^^^^^^
numpy._core._exceptions._ArrayMemoryError: Unable to allocate 491. GiB for an array with shape (393683, 167470) and data type float64
2025-11-09 16:42:02,817 - __main__ - INFO - starting pipeline pipeline_OneVsOneClassifier_LogisticRegression simple
2025-11-09 16:42:06,739 - __main__ - ERROR - Unable to allocate 491. GiB for an array with shape (393683, 167470) and data type float64
Traceback (most recent call last):
  File "<stdin>", line 12, in test_pipeline_classification
    def __init__(self):
        ^^^^^^^^^^^^^^^
  File "C:\Users\nicol\OneDrive\GitHub_nicolascalo\DST_DE_Airlines\.venv\Lib\site-packages\sklearn\base.py", line 1365, in wrapper
    return fit_method(estimator, *args, **kwargs)
  File "C:\Users\nicol\OneDrive\GitHub_nicolascalo\DST_DE_Airlines\.venv\Lib\site-packages\sklearn\pipeline.py", line 655, in fit
    Xt = self._fit(X, y, routed_params, raw_params=params)
  File "C:\Users\nicol\OneDrive\GitHub_nicolascalo\DST_DE_Airlines\.venv\Lib\site-packages\sklearn\pipeline.py", line 589, in _fit
    X, fitted_transformer = fit_transform_one_cached(
                            ~~~~~~~~~~~~~~~~~~~~~~~~^
        cloned_transformer,
        ^^^^^^^^^^^^^^^^^^^
    ...<5 lines>...
        params=step_params,
        ^^^^^^^^^^^^^^^^^^^
    )
    ^
  File "C:\Users\nicol\OneDrive\GitHub_nicolascalo\DST_DE_Airlines\.venv\Lib\site-packages\joblib\memory.py", line 326, in __call__
    return self.func(*args, **kwargs)
           ~~~~~~~~~^^^^^^^^^^^^^^^^^
  File "C:\Users\nicol\OneDrive\GitHub_nicolascalo\DST_DE_Airlines\.venv\Lib\site-packages\sklearn\pipeline.py", line 1540, in _fit_transform_one
    res = transformer.fit_transform(X, y, **params.get("fit_transform", {}))
  File "C:\Users\nicol\OneDrive\GitHub_nicolascalo\DST_DE_Airlines\.venv\Lib\site-packages\sklearn\utils\_set_output.py", line 316, in wrapped
    data_to_wrap = f(self, X, *args, **kwargs)
  File "C:\Users\nicol\OneDrive\GitHub_nicolascalo\DST_DE_Airlines\.venv\Lib\site-packages\sklearn\base.py", line 1365, in wrapper
    return fit_method(estimator, *args, **kwargs)
  File "C:\Users\nicol\OneDrive\GitHub_nicolascalo\DST_DE_Airlines\.venv\Lib\site-packages\sklearn\compose\_column_transformer.py", line 996, in fit_transform
    result = self._call_func_on_transformers(
        X,
    ...<3 lines>...
        routed_params=routed_params,
    )
  File "C:\Users\nicol\OneDrive\GitHub_nicolascalo\DST_DE_Airlines\.venv\Lib\site-packages\sklearn\compose\_column_transformer.py", line 897, in _call_func_on_transformers
    return Parallel(n_jobs=self.n_jobs)(jobs)
           ~~~~~~~~~~~~~~~~~~~~~~~~~~~~^^^^^^
  File "C:\Users\nicol\OneDrive\GitHub_nicolascalo\DST_DE_Airlines\.venv\Lib\site-packages\sklearn\utils\parallel.py", line 82, in __call__
    return super().__call__(iterable_with_config_and_warning_filters)
           ~~~~~~~~~~~~~~~~^^^^^^^^^^^^^^^^^^^^^^^^^^^^^^^^^^^^^^^^^^
  File "C:\Users\nicol\OneDrive\GitHub_nicolascalo\DST_DE_Airlines\.venv\Lib\site-packages\joblib\parallel.py", line 1986, in __call__
    return output if self.return_generator else list(output)
                                                ~~~~^^^^^^^^
  File "C:\Users\nicol\OneDrive\GitHub_nicolascalo\DST_DE_Airlines\.venv\Lib\site-packages\joblib\parallel.py", line 1914, in _get_sequential_output
    res = func(*args, **kwargs)
  File "C:\Users\nicol\OneDrive\GitHub_nicolascalo\DST_DE_Airlines\.venv\Lib\site-packages\sklearn\utils\parallel.py", line 147, in __call__
    return self.function(*args, **kwargs)
           ~~~~~~~~~~~~~^^^^^^^^^^^^^^^^^
  File "C:\Users\nicol\OneDrive\GitHub_nicolascalo\DST_DE_Airlines\.venv\Lib\site-packages\sklearn\pipeline.py", line 1540, in _fit_transform_one
    res = transformer.fit_transform(X, y, **params.get("fit_transform", {}))
  File "C:\Users\nicol\OneDrive\GitHub_nicolascalo\DST_DE_Airlines\.venv\Lib\site-packages\sklearn\base.py", line 1365, in wrapper
    return fit_method(estimator, *args, **kwargs)
  File "C:\Users\nicol\OneDrive\GitHub_nicolascalo\DST_DE_Airlines\.venv\Lib\site-packages\sklearn\pipeline.py", line 731, in fit_transform
    return last_step.fit_transform(
           ~~~~~~~~~~~~~~~~~~~~~~~^
        Xt, y, **last_step_params["fit_transform"]
        ^^^^^^^^^^^^^^^^^^^^^^^^^^^^^^^^^^^^^^^^^^
    )
    ^
  File "C:\Users\nicol\OneDrive\GitHub_nicolascalo\DST_DE_Airlines\.venv\Lib\site-packages\sklearn\utils\_set_output.py", line 316, in wrapped
    data_to_wrap = f(self, X, *args, **kwargs)
  File "C:\Users\nicol\OneDrive\GitHub_nicolascalo\DST_DE_Airlines\.venv\Lib\site-packages\sklearn\base.py", line 897, in fit_transform
    return self.fit(X, y, **fit_params).transform(X)
           ~~~~~~~~~~~~~~~~~~~~~~~~~~~~~~~~~~~~~~^^^
  File "C:\Users\nicol\OneDrive\GitHub_nicolascalo\DST_DE_Airlines\.venv\Lib\site-packages\sklearn\utils\_set_output.py", line 316, in wrapped
    data_to_wrap = f(self, X, *args, **kwargs)
  File "C:\Users\nicol\OneDrive\GitHub_nicolascalo\DST_DE_Airlines\.venv\Lib\site-packages\sklearn\preprocessing\_encoders.py", line 1083, in transform
    return out.toarray()
           ~~~~~~~~~~~^^
  File "C:\Users\nicol\OneDrive\GitHub_nicolascalo\DST_DE_Airlines\.venv\Lib\site-packages\scipy\sparse\_compressed.py", line 996, in toarray
    out = self._process_toarray_args(order, out)
  File "C:\Users\nicol\OneDrive\GitHub_nicolascalo\DST_DE_Airlines\.venv\Lib\site-packages\scipy\sparse\_base.py", line 1530, in _process_toarray_args
    return np.zeros(self.shape, dtype=self.dtype, order=order)
           ~~~~~~~~^^^^^^^^^^^^^^^^^^^^^^^^^^^^^^^^^^^^^^^^^^^
numpy._core._exceptions._ArrayMemoryError: Unable to allocate 491. GiB for an array with shape (393683, 167470) and data type float64
2025-11-09 16:42:06,821 - __main__ - INFO - starting pipeline pipeline_OneVsRestClassifier_LogisticRegression simple
2025-11-09 16:43:03,442 - __main__ - INFO - starting pipeline pipeline_DecisionTreeClassifier_3 simple
2025-11-09 16:43:07,747 - __main__ - ERROR - Unable to allocate 491. GiB for an array with shape (393683, 167470) and data type float64
Traceback (most recent call last):
  File "<stdin>", line 12, in test_pipeline_classification
    def __init__(self):
        ^^^^^^^^^^^^^^^
  File "C:\Users\nicol\OneDrive\GitHub_nicolascalo\DST_DE_Airlines\.venv\Lib\site-packages\sklearn\base.py", line 1365, in wrapper
    return fit_method(estimator, *args, **kwargs)
  File "C:\Users\nicol\OneDrive\GitHub_nicolascalo\DST_DE_Airlines\.venv\Lib\site-packages\sklearn\pipeline.py", line 655, in fit
    Xt = self._fit(X, y, routed_params, raw_params=params)
  File "C:\Users\nicol\OneDrive\GitHub_nicolascalo\DST_DE_Airlines\.venv\Lib\site-packages\sklearn\pipeline.py", line 589, in _fit
    X, fitted_transformer = fit_transform_one_cached(
                            ~~~~~~~~~~~~~~~~~~~~~~~~^
        cloned_transformer,
        ^^^^^^^^^^^^^^^^^^^
    ...<5 lines>...
        params=step_params,
        ^^^^^^^^^^^^^^^^^^^
    )
    ^
  File "C:\Users\nicol\OneDrive\GitHub_nicolascalo\DST_DE_Airlines\.venv\Lib\site-packages\joblib\memory.py", line 326, in __call__
    return self.func(*args, **kwargs)
           ~~~~~~~~~^^^^^^^^^^^^^^^^^
  File "C:\Users\nicol\OneDrive\GitHub_nicolascalo\DST_DE_Airlines\.venv\Lib\site-packages\sklearn\pipeline.py", line 1540, in _fit_transform_one
    res = transformer.fit_transform(X, y, **params.get("fit_transform", {}))
  File "C:\Users\nicol\OneDrive\GitHub_nicolascalo\DST_DE_Airlines\.venv\Lib\site-packages\sklearn\utils\_set_output.py", line 316, in wrapped
    data_to_wrap = f(self, X, *args, **kwargs)
  File "C:\Users\nicol\OneDrive\GitHub_nicolascalo\DST_DE_Airlines\.venv\Lib\site-packages\sklearn\base.py", line 1365, in wrapper
    return fit_method(estimator, *args, **kwargs)
  File "C:\Users\nicol\OneDrive\GitHub_nicolascalo\DST_DE_Airlines\.venv\Lib\site-packages\sklearn\compose\_column_transformer.py", line 996, in fit_transform
    result = self._call_func_on_transformers(
        X,
    ...<3 lines>...
        routed_params=routed_params,
    )
  File "C:\Users\nicol\OneDrive\GitHub_nicolascalo\DST_DE_Airlines\.venv\Lib\site-packages\sklearn\compose\_column_transformer.py", line 897, in _call_func_on_transformers
    return Parallel(n_jobs=self.n_jobs)(jobs)
           ~~~~~~~~~~~~~~~~~~~~~~~~~~~~^^^^^^
  File "C:\Users\nicol\OneDrive\GitHub_nicolascalo\DST_DE_Airlines\.venv\Lib\site-packages\sklearn\utils\parallel.py", line 82, in __call__
    return super().__call__(iterable_with_config_and_warning_filters)
           ~~~~~~~~~~~~~~~~^^^^^^^^^^^^^^^^^^^^^^^^^^^^^^^^^^^^^^^^^^
  File "C:\Users\nicol\OneDrive\GitHub_nicolascalo\DST_DE_Airlines\.venv\Lib\site-packages\joblib\parallel.py", line 1986, in __call__
    return output if self.return_generator else list(output)
                                                ~~~~^^^^^^^^
  File "C:\Users\nicol\OneDrive\GitHub_nicolascalo\DST_DE_Airlines\.venv\Lib\site-packages\joblib\parallel.py", line 1914, in _get_sequential_output
    res = func(*args, **kwargs)
  File "C:\Users\nicol\OneDrive\GitHub_nicolascalo\DST_DE_Airlines\.venv\Lib\site-packages\sklearn\utils\parallel.py", line 147, in __call__
    return self.function(*args, **kwargs)
           ~~~~~~~~~~~~~^^^^^^^^^^^^^^^^^
  File "C:\Users\nicol\OneDrive\GitHub_nicolascalo\DST_DE_Airlines\.venv\Lib\site-packages\sklearn\pipeline.py", line 1540, in _fit_transform_one
    res = transformer.fit_transform(X, y, **params.get("fit_transform", {}))
  File "C:\Users\nicol\OneDrive\GitHub_nicolascalo\DST_DE_Airlines\.venv\Lib\site-packages\sklearn\base.py", line 1365, in wrapper
    return fit_method(estimator, *args, **kwargs)
  File "C:\Users\nicol\OneDrive\GitHub_nicolascalo\DST_DE_Airlines\.venv\Lib\site-packages\sklearn\pipeline.py", line 731, in fit_transform
    return last_step.fit_transform(
           ~~~~~~~~~~~~~~~~~~~~~~~^
        Xt, y, **last_step_params["fit_transform"]
        ^^^^^^^^^^^^^^^^^^^^^^^^^^^^^^^^^^^^^^^^^^
    )
    ^
  File "C:\Users\nicol\OneDrive\GitHub_nicolascalo\DST_DE_Airlines\.venv\Lib\site-packages\sklearn\utils\_set_output.py", line 316, in wrapped
    data_to_wrap = f(self, X, *args, **kwargs)
  File "C:\Users\nicol\OneDrive\GitHub_nicolascalo\DST_DE_Airlines\.venv\Lib\site-packages\sklearn\base.py", line 897, in fit_transform
    return self.fit(X, y, **fit_params).transform(X)
           ~~~~~~~~~~~~~~~~~~~~~~~~~~~~~~~~~~~~~~^^^
  File "C:\Users\nicol\OneDrive\GitHub_nicolascalo\DST_DE_Airlines\.venv\Lib\site-packages\sklearn\utils\_set_output.py", line 316, in wrapped
    data_to_wrap = f(self, X, *args, **kwargs)
  File "C:\Users\nicol\OneDrive\GitHub_nicolascalo\DST_DE_Airlines\.venv\Lib\site-packages\sklearn\preprocessing\_encoders.py", line 1083, in transform
    return out.toarray()
           ~~~~~~~~~~~^^
  File "C:\Users\nicol\OneDrive\GitHub_nicolascalo\DST_DE_Airlines\.venv\Lib\site-packages\scipy\sparse\_compressed.py", line 996, in toarray
    out = self._process_toarray_args(order, out)
  File "C:\Users\nicol\OneDrive\GitHub_nicolascalo\DST_DE_Airlines\.venv\Lib\site-packages\scipy\sparse\_base.py", line 1530, in _process_toarray_args
    return np.zeros(self.shape, dtype=self.dtype, order=order)
           ~~~~~~~~^^^^^^^^^^^^^^^^^^^^^^^^^^^^^^^^^^^^^^^^^^^
numpy._core._exceptions._ArrayMemoryError: Unable to allocate 491. GiB for an array with shape (393683, 167470) and data type float64
2025-11-09 16:43:07,823 - __main__ - INFO - starting pipeline pipeline_DecisionTreeClassifier_4 simple
2025-11-09 16:43:11,921 - __main__ - ERROR - Unable to allocate 491. GiB for an array with shape (393683, 167470) and data type float64
Traceback (most recent call last):
  File "<stdin>", line 12, in test_pipeline_classification
    def __init__(self):
        ^^^^^^^^^^^^^^^
  File "C:\Users\nicol\OneDrive\GitHub_nicolascalo\DST_DE_Airlines\.venv\Lib\site-packages\sklearn\base.py", line 1365, in wrapper
    return fit_method(estimator, *args, **kwargs)
  File "C:\Users\nicol\OneDrive\GitHub_nicolascalo\DST_DE_Airlines\.venv\Lib\site-packages\sklearn\pipeline.py", line 655, in fit
    Xt = self._fit(X, y, routed_params, raw_params=params)
  File "C:\Users\nicol\OneDrive\GitHub_nicolascalo\DST_DE_Airlines\.venv\Lib\site-packages\sklearn\pipeline.py", line 589, in _fit
    X, fitted_transformer = fit_transform_one_cached(
                            ~~~~~~~~~~~~~~~~~~~~~~~~^
        cloned_transformer,
        ^^^^^^^^^^^^^^^^^^^
    ...<5 lines>...
        params=step_params,
        ^^^^^^^^^^^^^^^^^^^
    )
    ^
  File "C:\Users\nicol\OneDrive\GitHub_nicolascalo\DST_DE_Airlines\.venv\Lib\site-packages\joblib\memory.py", line 326, in __call__
    return self.func(*args, **kwargs)
           ~~~~~~~~~^^^^^^^^^^^^^^^^^
  File "C:\Users\nicol\OneDrive\GitHub_nicolascalo\DST_DE_Airlines\.venv\Lib\site-packages\sklearn\pipeline.py", line 1540, in _fit_transform_one
    res = transformer.fit_transform(X, y, **params.get("fit_transform", {}))
  File "C:\Users\nicol\OneDrive\GitHub_nicolascalo\DST_DE_Airlines\.venv\Lib\site-packages\sklearn\utils\_set_output.py", line 316, in wrapped
    data_to_wrap = f(self, X, *args, **kwargs)
  File "C:\Users\nicol\OneDrive\GitHub_nicolascalo\DST_DE_Airlines\.venv\Lib\site-packages\sklearn\base.py", line 1365, in wrapper
    return fit_method(estimator, *args, **kwargs)
  File "C:\Users\nicol\OneDrive\GitHub_nicolascalo\DST_DE_Airlines\.venv\Lib\site-packages\sklearn\compose\_column_transformer.py", line 996, in fit_transform
    result = self._call_func_on_transformers(
        X,
    ...<3 lines>...
        routed_params=routed_params,
    )
  File "C:\Users\nicol\OneDrive\GitHub_nicolascalo\DST_DE_Airlines\.venv\Lib\site-packages\sklearn\compose\_column_transformer.py", line 897, in _call_func_on_transformers
    return Parallel(n_jobs=self.n_jobs)(jobs)
           ~~~~~~~~~~~~~~~~~~~~~~~~~~~~^^^^^^
  File "C:\Users\nicol\OneDrive\GitHub_nicolascalo\DST_DE_Airlines\.venv\Lib\site-packages\sklearn\utils\parallel.py", line 82, in __call__
    return super().__call__(iterable_with_config_and_warning_filters)
           ~~~~~~~~~~~~~~~~^^^^^^^^^^^^^^^^^^^^^^^^^^^^^^^^^^^^^^^^^^
  File "C:\Users\nicol\OneDrive\GitHub_nicolascalo\DST_DE_Airlines\.venv\Lib\site-packages\joblib\parallel.py", line 1986, in __call__
    return output if self.return_generator else list(output)
                                                ~~~~^^^^^^^^
  File "C:\Users\nicol\OneDrive\GitHub_nicolascalo\DST_DE_Airlines\.venv\Lib\site-packages\joblib\parallel.py", line 1914, in _get_sequential_output
    res = func(*args, **kwargs)
  File "C:\Users\nicol\OneDrive\GitHub_nicolascalo\DST_DE_Airlines\.venv\Lib\site-packages\sklearn\utils\parallel.py", line 147, in __call__
    return self.function(*args, **kwargs)
           ~~~~~~~~~~~~~^^^^^^^^^^^^^^^^^
  File "C:\Users\nicol\OneDrive\GitHub_nicolascalo\DST_DE_Airlines\.venv\Lib\site-packages\sklearn\pipeline.py", line 1540, in _fit_transform_one
    res = transformer.fit_transform(X, y, **params.get("fit_transform", {}))
  File "C:\Users\nicol\OneDrive\GitHub_nicolascalo\DST_DE_Airlines\.venv\Lib\site-packages\sklearn\base.py", line 1365, in wrapper
    return fit_method(estimator, *args, **kwargs)
  File "C:\Users\nicol\OneDrive\GitHub_nicolascalo\DST_DE_Airlines\.venv\Lib\site-packages\sklearn\pipeline.py", line 731, in fit_transform
    return last_step.fit_transform(
           ~~~~~~~~~~~~~~~~~~~~~~~^
        Xt, y, **last_step_params["fit_transform"]
        ^^^^^^^^^^^^^^^^^^^^^^^^^^^^^^^^^^^^^^^^^^
    )
    ^
  File "C:\Users\nicol\OneDrive\GitHub_nicolascalo\DST_DE_Airlines\.venv\Lib\site-packages\sklearn\utils\_set_output.py", line 316, in wrapped
    data_to_wrap = f(self, X, *args, **kwargs)
  File "C:\Users\nicol\OneDrive\GitHub_nicolascalo\DST_DE_Airlines\.venv\Lib\site-packages\sklearn\base.py", line 897, in fit_transform
    return self.fit(X, y, **fit_params).transform(X)
           ~~~~~~~~~~~~~~~~~~~~~~~~~~~~~~~~~~~~~~^^^
  File "C:\Users\nicol\OneDrive\GitHub_nicolascalo\DST_DE_Airlines\.venv\Lib\site-packages\sklearn\utils\_set_output.py", line 316, in wrapped
    data_to_wrap = f(self, X, *args, **kwargs)
  File "C:\Users\nicol\OneDrive\GitHub_nicolascalo\DST_DE_Airlines\.venv\Lib\site-packages\sklearn\preprocessing\_encoders.py", line 1083, in transform
    return out.toarray()
           ~~~~~~~~~~~^^
  File "C:\Users\nicol\OneDrive\GitHub_nicolascalo\DST_DE_Airlines\.venv\Lib\site-packages\scipy\sparse\_compressed.py", line 996, in toarray
    out = self._process_toarray_args(order, out)
  File "C:\Users\nicol\OneDrive\GitHub_nicolascalo\DST_DE_Airlines\.venv\Lib\site-packages\scipy\sparse\_base.py", line 1530, in _process_toarray_args
    return np.zeros(self.shape, dtype=self.dtype, order=order)
           ~~~~~~~~^^^^^^^^^^^^^^^^^^^^^^^^^^^^^^^^^^^^^^^^^^^
numpy._core._exceptions._ArrayMemoryError: Unable to allocate 491. GiB for an array with shape (393683, 167470) and data type float64
2025-11-09 16:43:11,998 - __main__ - INFO - starting pipeline pipeline_OneVsOneClassifier_LogisticRegression simple
2025-11-09 16:45:16,700 - __main__ - INFO - Starting ML script
2025-11-09 16:46:06,311 - __main__ - INFO - starting pipeline pipeline_DecisionTreeClassifier_3 simple
2025-11-09 16:46:13,484 - __main__ - INFO - pipeline duration: 7 seconds
2025-11-09 16:46:14,714 - __main__ - INFO - pipeline score: 0.8172442872964103
2025-11-09 16:46:14,714 - __main__ - INFO - Exporting model pipeline_DecisionTreeClassifier_3
2025-11-09 16:46:14,753 - __main__ - INFO - Export of model pipeline_DecisionTreeClassifier_3 over
2025-11-09 16:46:14,753 - __main__ - INFO - starting pipeline pipeline_DecisionTreeClassifier_4 simple
2025-11-09 16:46:22,873 - __main__ - INFO - pipeline duration: 8 seconds
2025-11-09 16:46:24,143 - __main__ - INFO - pipeline score: 0.829863545381575
2025-11-09 16:46:24,143 - __main__ - INFO - Exporting model pipeline_DecisionTreeClassifier_4
2025-11-09 16:46:24,188 - __main__ - INFO - Export of model pipeline_DecisionTreeClassifier_4 over
2025-11-09 16:46:24,188 - __main__ - INFO - starting pipeline pipeline_OneVsOneClassifier_LogisticRegression simple
2025-11-09 16:46:46,592 - __main__ - INFO - Outputing classification metrics for pipeline_DecisionTreeClassifier_3
2025-11-09 16:46:46,720 - __main__ - INFO - Starting ML script
2025-11-09 16:46:54,194 - __main__ - INFO - Starting ML script
2025-11-09 16:48:27,515 - __main__ - INFO - Starting ML script
2025-11-09 16:49:54,687 - __main__ - INFO - starting pipeline pipeline_DecisionTreeClassifier_3 simple
2025-11-09 16:50:02,063 - __main__ - INFO - pipeline duration: 7 seconds
2025-11-09 16:50:03,348 - __main__ - INFO - pipeline score: 0.8172442872964103
2025-11-09 16:50:03,348 - __main__ - INFO - Exporting model pipeline_DecisionTreeClassifier_3
2025-11-09 16:50:03,389 - __main__ - INFO - Export of model pipeline_DecisionTreeClassifier_3 over
2025-11-09 16:50:03,390 - __main__ - INFO - starting pipeline pipeline_DecisionTreeClassifier_4 simple
2025-11-09 16:50:11,304 - __main__ - INFO - pipeline duration: 7 seconds
2025-11-09 16:50:12,682 - __main__ - INFO - pipeline score: 0.829863545381575
2025-11-09 16:50:12,682 - __main__ - INFO - Exporting model pipeline_DecisionTreeClassifier_4
2025-11-09 16:50:12,732 - __main__ - INFO - Export of model pipeline_DecisionTreeClassifier_4 over
2025-11-09 16:50:12,732 - __main__ - INFO - starting pipeline pipeline_OneVsOneClassifier_LogisticRegression simple
2025-11-09 16:51:09,648 - __main__ - INFO - pipeline duration: 56 seconds
2025-11-09 16:51:12,175 - __main__ - INFO - pipeline score: 0.8602940429379908
2025-11-09 16:51:12,176 - __main__ - INFO - Exporting model pipeline_OneVsOneClassifier_LogisticRegression
2025-11-09 16:51:12,258 - __main__ - INFO - Export of model pipeline_OneVsOneClassifier_LogisticRegression over
2025-11-09 16:51:12,258 - __main__ - INFO - starting pipeline pipeline_OneVsRestClassifier_LogisticRegression simple
2025-11-09 16:52:44,490 - __main__ - INFO - pipeline duration: 92 seconds
2025-11-09 16:52:45,731 - __main__ - INFO - pipeline score: 0.8600197112404873
2025-11-09 16:52:45,731 - __main__ - INFO - Exporting model pipeline_OneVsRestClassifier_LogisticRegression
2025-11-09 16:52:45,773 - __main__ - INFO - Export of model pipeline_OneVsRestClassifier_LogisticRegression over
2025-11-09 16:53:07,173 - __main__ - INFO - Outputing classification metrics for pipeline_DecisionTreeClassifier_3
2025-11-09 16:53:09,213 - __main__ - INFO - Saving confusion matrix of pipeline_DecisionTreeClassifier_3_grid
2025-11-09 16:53:15,370 - __main__ - INFO - Outputing classification metrics for pipeline_DecisionTreeClassifier_4
2025-11-09 16:53:17,516 - __main__ - INFO - Saving confusion matrix of pipeline_DecisionTreeClassifier_4_grid
2025-11-09 16:53:23,526 - __main__ - INFO - Outputing classification metrics for pipeline_OneVsOneClassifier_LogisticRegression
2025-11-09 16:53:25,281 - __main__ - ERROR - 'OneVsOneClassifier' object has no attribute 'feature_importances_'
Traceback (most recent call last):
  File "<stdin>", line 16, in output_metrics_classification
    self.original_displayhook = sys.displayhook
                                ^^^^^^^^^^^^^^^
AttributeError: 'OneVsOneClassifier' object has no attribute 'feature_importances_'
2025-11-09 16:53:25,291 - __main__ - INFO - Outputing classification metrics for pipeline_OneVsRestClassifier_LogisticRegression
2025-11-09 16:53:27,035 - __main__ - ERROR - 'OneVsRestClassifier' object has no attribute 'feature_importances_'
Traceback (most recent call last):
  File "<stdin>", line 16, in output_metrics_classification
    self.original_displayhook = sys.displayhook
                                ^^^^^^^^^^^^^^^
AttributeError: 'OneVsRestClassifier' object has no attribute 'feature_importances_'
2025-11-09 16:54:39,110 - __main__ - INFO - Outputing classification metrics for pipeline_DecisionTreeClassifier_3
2025-11-09 16:54:41,183 - __main__ - INFO - Saving confusion matrix of pipeline_DecisionTreeClassifier_3_grid
2025-11-09 16:54:45,873 - __main__ - INFO - Outputing classification metrics for pipeline_DecisionTreeClassifier_4
2025-11-09 16:54:47,987 - __main__ - INFO - Saving confusion matrix of pipeline_DecisionTreeClassifier_4_grid
2025-11-09 16:54:52,854 - __main__ - INFO - Outputing classification metrics for pipeline_OneVsOneClassifier_LogisticRegression
2025-11-09 16:54:54,550 - __main__ - ERROR - 'OneVsOneClassifier' object has no attribute 'feature_importances_'
Traceback (most recent call last):
  File "<stdin>", line 16, in output_metrics_classification
    self.original_displayhook = sys.displayhook
                                ^^^^^^^^^^^^^^^
AttributeError: 'OneVsOneClassifier' object has no attribute 'feature_importances_'
2025-11-09 16:54:54,556 - __main__ - INFO - Outputing classification metrics for pipeline_OneVsRestClassifier_LogisticRegression
2025-11-09 16:54:56,044 - __main__ - ERROR - 'OneVsRestClassifier' object has no attribute 'feature_importances_'
Traceback (most recent call last):
  File "<stdin>", line 16, in output_metrics_classification
    self.original_displayhook = sys.displayhook
                                ^^^^^^^^^^^^^^^
AttributeError: 'OneVsRestClassifier' object has no attribute 'feature_importances_'
2025-11-09 16:55:43,370 - __main__ - INFO - Outputing classification metrics for pipeline_DecisionTreeClassifier_3
2025-11-09 16:55:45,370 - __main__ - INFO - Saving confusion matrix of pipeline_DecisionTreeClassifier_3_grid
2025-11-09 16:55:50,838 - __main__ - INFO - Outputing classification metrics for pipeline_DecisionTreeClassifier_4
2025-11-09 16:55:53,683 - __main__ - INFO - Saving confusion matrix of pipeline_DecisionTreeClassifier_4_grid
2025-11-09 16:55:59,555 - __main__ - INFO - Outputing classification metrics for pipeline_OneVsOneClassifier_LogisticRegression
2025-11-09 16:56:01,211 - __main__ - ERROR - 'OneVsOneClassifier' object has no attribute 'feature_importances_'
Traceback (most recent call last):
  File "<stdin>", line 16, in output_metrics_classification
    self.original_displayhook = sys.displayhook
                                ^^^^^^^^^^^^^^^
AttributeError: 'OneVsOneClassifier' object has no attribute 'feature_importances_'
2025-11-09 16:56:01,222 - __main__ - INFO - Outputing classification metrics for pipeline_OneVsRestClassifier_LogisticRegression
2025-11-09 16:56:03,100 - __main__ - ERROR - 'OneVsRestClassifier' object has no attribute 'feature_importances_'
Traceback (most recent call last):
  File "<stdin>", line 16, in output_metrics_classification
    self.original_displayhook = sys.displayhook
                                ^^^^^^^^^^^^^^^
AttributeError: 'OneVsRestClassifier' object has no attribute 'feature_importances_'
2025-11-09 16:56:41,820 - __main__ - INFO - starting pipeline pipeline_DecisionTreeClassifier_3 GridSearchCV
2025-11-09 16:57:22,797 - __main__ - INFO - pipeline duration: 40 seconds
2025-11-09 16:57:22,797 - __main__ - INFO - Best parameters found: {}
2025-11-09 16:57:22,797 - __main__ - INFO - Best cross-validation score: 0.8161134684250279
2025-11-09 16:57:22,797 - __main__ - INFO - Exporting model pipeline_DecisionTreeClassifier_3
2025-11-09 16:57:22,864 - __main__ - INFO - Export of model pipeline_DecisionTreeClassifier_3_grid over
2025-11-09 16:57:22,865 - __main__ - INFO - starting pipeline pipeline_DecisionTreeClassifier_4 GridSearchCV
2025-11-09 16:58:07,367 - __main__ - INFO - pipeline duration: 44 seconds
2025-11-09 16:58:07,367 - __main__ - INFO - Best parameters found: {}
2025-11-09 16:58:07,367 - __main__ - INFO - Best cross-validation score: 0.8286971992940664
2025-11-09 16:58:07,367 - __main__ - INFO - Exporting model pipeline_DecisionTreeClassifier_4
2025-11-09 16:58:07,434 - __main__ - INFO - Export of model pipeline_DecisionTreeClassifier_4_grid over
2025-11-09 16:58:07,435 - __main__ - INFO - starting pipeline pipeline_OneVsOneClassifier_LogisticRegression GridSearchCV
2025-11-09 16:58:32,109 - __main__ - INFO - starting pipeline pipeline_OneVsOneClassifier_LogisticRegression GridSearchCV
2025-11-09 16:58:45,869 - __main__ - INFO - starting pipeline pipeline_OneVsOneClassifier_LogisticRegression GridSearchCV
2025-11-09 17:01:58,072 - __main__ - INFO - starting pipeline pipeline_DecisionTreeClassifier_3 simple
2025-11-09 17:02:02,069 - __main__ - ERROR - Unable to allocate 491. GiB for an array with shape (393683, 167470) and data type float64
Traceback (most recent call last):
  File "<stdin>", line 12, in test_pipeline_classification
    def __init__(self):
        ^^^^^^^^^^^^^^^
  File "C:\Users\nicol\OneDrive\GitHub_nicolascalo\DST_DE_Airlines\.venv\Lib\site-packages\sklearn\base.py", line 1365, in wrapper
    return fit_method(estimator, *args, **kwargs)
  File "C:\Users\nicol\OneDrive\GitHub_nicolascalo\DST_DE_Airlines\.venv\Lib\site-packages\sklearn\pipeline.py", line 655, in fit
    Xt = self._fit(X, y, routed_params, raw_params=params)
  File "C:\Users\nicol\OneDrive\GitHub_nicolascalo\DST_DE_Airlines\.venv\Lib\site-packages\sklearn\pipeline.py", line 589, in _fit
    X, fitted_transformer = fit_transform_one_cached(
                            ~~~~~~~~~~~~~~~~~~~~~~~~^
        cloned_transformer,
        ^^^^^^^^^^^^^^^^^^^
    ...<5 lines>...
        params=step_params,
        ^^^^^^^^^^^^^^^^^^^
    )
    ^
  File "C:\Users\nicol\OneDrive\GitHub_nicolascalo\DST_DE_Airlines\.venv\Lib\site-packages\joblib\memory.py", line 326, in __call__
    return self.func(*args, **kwargs)
           ~~~~~~~~~^^^^^^^^^^^^^^^^^
  File "C:\Users\nicol\OneDrive\GitHub_nicolascalo\DST_DE_Airlines\.venv\Lib\site-packages\sklearn\pipeline.py", line 1540, in _fit_transform_one
    res = transformer.fit_transform(X, y, **params.get("fit_transform", {}))
  File "C:\Users\nicol\OneDrive\GitHub_nicolascalo\DST_DE_Airlines\.venv\Lib\site-packages\sklearn\utils\_set_output.py", line 316, in wrapped
    data_to_wrap = f(self, X, *args, **kwargs)
  File "C:\Users\nicol\OneDrive\GitHub_nicolascalo\DST_DE_Airlines\.venv\Lib\site-packages\sklearn\base.py", line 1365, in wrapper
    return fit_method(estimator, *args, **kwargs)
  File "C:\Users\nicol\OneDrive\GitHub_nicolascalo\DST_DE_Airlines\.venv\Lib\site-packages\sklearn\compose\_column_transformer.py", line 996, in fit_transform
    result = self._call_func_on_transformers(
        X,
    ...<3 lines>...
        routed_params=routed_params,
    )
  File "C:\Users\nicol\OneDrive\GitHub_nicolascalo\DST_DE_Airlines\.venv\Lib\site-packages\sklearn\compose\_column_transformer.py", line 897, in _call_func_on_transformers
    return Parallel(n_jobs=self.n_jobs)(jobs)
           ~~~~~~~~~~~~~~~~~~~~~~~~~~~~^^^^^^
  File "C:\Users\nicol\OneDrive\GitHub_nicolascalo\DST_DE_Airlines\.venv\Lib\site-packages\sklearn\utils\parallel.py", line 82, in __call__
    return super().__call__(iterable_with_config_and_warning_filters)
           ~~~~~~~~~~~~~~~~^^^^^^^^^^^^^^^^^^^^^^^^^^^^^^^^^^^^^^^^^^
  File "C:\Users\nicol\OneDrive\GitHub_nicolascalo\DST_DE_Airlines\.venv\Lib\site-packages\joblib\parallel.py", line 1986, in __call__
    return output if self.return_generator else list(output)
                                                ~~~~^^^^^^^^
  File "C:\Users\nicol\OneDrive\GitHub_nicolascalo\DST_DE_Airlines\.venv\Lib\site-packages\joblib\parallel.py", line 1914, in _get_sequential_output
    res = func(*args, **kwargs)
  File "C:\Users\nicol\OneDrive\GitHub_nicolascalo\DST_DE_Airlines\.venv\Lib\site-packages\sklearn\utils\parallel.py", line 147, in __call__
    return self.function(*args, **kwargs)
           ~~~~~~~~~~~~~^^^^^^^^^^^^^^^^^
  File "C:\Users\nicol\OneDrive\GitHub_nicolascalo\DST_DE_Airlines\.venv\Lib\site-packages\sklearn\pipeline.py", line 1540, in _fit_transform_one
    res = transformer.fit_transform(X, y, **params.get("fit_transform", {}))
  File "C:\Users\nicol\OneDrive\GitHub_nicolascalo\DST_DE_Airlines\.venv\Lib\site-packages\sklearn\base.py", line 1365, in wrapper
    return fit_method(estimator, *args, **kwargs)
  File "C:\Users\nicol\OneDrive\GitHub_nicolascalo\DST_DE_Airlines\.venv\Lib\site-packages\sklearn\pipeline.py", line 731, in fit_transform
    return last_step.fit_transform(
           ~~~~~~~~~~~~~~~~~~~~~~~^
        Xt, y, **last_step_params["fit_transform"]
        ^^^^^^^^^^^^^^^^^^^^^^^^^^^^^^^^^^^^^^^^^^
    )
    ^
  File "C:\Users\nicol\OneDrive\GitHub_nicolascalo\DST_DE_Airlines\.venv\Lib\site-packages\sklearn\utils\_set_output.py", line 316, in wrapped
    data_to_wrap = f(self, X, *args, **kwargs)
  File "C:\Users\nicol\OneDrive\GitHub_nicolascalo\DST_DE_Airlines\.venv\Lib\site-packages\sklearn\base.py", line 897, in fit_transform
    return self.fit(X, y, **fit_params).transform(X)
           ~~~~~~~~~~~~~~~~~~~~~~~~~~~~~~~~~~~~~~^^^
  File "C:\Users\nicol\OneDrive\GitHub_nicolascalo\DST_DE_Airlines\.venv\Lib\site-packages\sklearn\utils\_set_output.py", line 316, in wrapped
    data_to_wrap = f(self, X, *args, **kwargs)
  File "C:\Users\nicol\OneDrive\GitHub_nicolascalo\DST_DE_Airlines\.venv\Lib\site-packages\sklearn\preprocessing\_encoders.py", line 1083, in transform
    return out.toarray()
           ~~~~~~~~~~~^^
  File "C:\Users\nicol\OneDrive\GitHub_nicolascalo\DST_DE_Airlines\.venv\Lib\site-packages\scipy\sparse\_compressed.py", line 996, in toarray
    out = self._process_toarray_args(order, out)
  File "C:\Users\nicol\OneDrive\GitHub_nicolascalo\DST_DE_Airlines\.venv\Lib\site-packages\scipy\sparse\_base.py", line 1530, in _process_toarray_args
    return np.zeros(self.shape, dtype=self.dtype, order=order)
           ~~~~~~~~^^^^^^^^^^^^^^^^^^^^^^^^^^^^^^^^^^^^^^^^^^^
numpy._core._exceptions._ArrayMemoryError: Unable to allocate 491. GiB for an array with shape (393683, 167470) and data type float64
2025-11-09 17:02:02,145 - __main__ - INFO - starting pipeline pipeline_DecisionTreeClassifier_4 simple
2025-11-09 17:02:06,099 - __main__ - ERROR - Unable to allocate 491. GiB for an array with shape (393683, 167470) and data type float64
Traceback (most recent call last):
  File "<stdin>", line 12, in test_pipeline_classification
    def __init__(self):
        ^^^^^^^^^^^^^^^
  File "C:\Users\nicol\OneDrive\GitHub_nicolascalo\DST_DE_Airlines\.venv\Lib\site-packages\sklearn\base.py", line 1365, in wrapper
    return fit_method(estimator, *args, **kwargs)
  File "C:\Users\nicol\OneDrive\GitHub_nicolascalo\DST_DE_Airlines\.venv\Lib\site-packages\sklearn\pipeline.py", line 655, in fit
    Xt = self._fit(X, y, routed_params, raw_params=params)
  File "C:\Users\nicol\OneDrive\GitHub_nicolascalo\DST_DE_Airlines\.venv\Lib\site-packages\sklearn\pipeline.py", line 589, in _fit
    X, fitted_transformer = fit_transform_one_cached(
                            ~~~~~~~~~~~~~~~~~~~~~~~~^
        cloned_transformer,
        ^^^^^^^^^^^^^^^^^^^
    ...<5 lines>...
        params=step_params,
        ^^^^^^^^^^^^^^^^^^^
    )
    ^
  File "C:\Users\nicol\OneDrive\GitHub_nicolascalo\DST_DE_Airlines\.venv\Lib\site-packages\joblib\memory.py", line 326, in __call__
    return self.func(*args, **kwargs)
           ~~~~~~~~~^^^^^^^^^^^^^^^^^
  File "C:\Users\nicol\OneDrive\GitHub_nicolascalo\DST_DE_Airlines\.venv\Lib\site-packages\sklearn\pipeline.py", line 1540, in _fit_transform_one
    res = transformer.fit_transform(X, y, **params.get("fit_transform", {}))
  File "C:\Users\nicol\OneDrive\GitHub_nicolascalo\DST_DE_Airlines\.venv\Lib\site-packages\sklearn\utils\_set_output.py", line 316, in wrapped
    data_to_wrap = f(self, X, *args, **kwargs)
  File "C:\Users\nicol\OneDrive\GitHub_nicolascalo\DST_DE_Airlines\.venv\Lib\site-packages\sklearn\base.py", line 1365, in wrapper
    return fit_method(estimator, *args, **kwargs)
  File "C:\Users\nicol\OneDrive\GitHub_nicolascalo\DST_DE_Airlines\.venv\Lib\site-packages\sklearn\compose\_column_transformer.py", line 996, in fit_transform
    result = self._call_func_on_transformers(
        X,
    ...<3 lines>...
        routed_params=routed_params,
    )
  File "C:\Users\nicol\OneDrive\GitHub_nicolascalo\DST_DE_Airlines\.venv\Lib\site-packages\sklearn\compose\_column_transformer.py", line 897, in _call_func_on_transformers
    return Parallel(n_jobs=self.n_jobs)(jobs)
           ~~~~~~~~~~~~~~~~~~~~~~~~~~~~^^^^^^
  File "C:\Users\nicol\OneDrive\GitHub_nicolascalo\DST_DE_Airlines\.venv\Lib\site-packages\sklearn\utils\parallel.py", line 82, in __call__
    return super().__call__(iterable_with_config_and_warning_filters)
           ~~~~~~~~~~~~~~~~^^^^^^^^^^^^^^^^^^^^^^^^^^^^^^^^^^^^^^^^^^
  File "C:\Users\nicol\OneDrive\GitHub_nicolascalo\DST_DE_Airlines\.venv\Lib\site-packages\joblib\parallel.py", line 1986, in __call__
    return output if self.return_generator else list(output)
                                                ~~~~^^^^^^^^
  File "C:\Users\nicol\OneDrive\GitHub_nicolascalo\DST_DE_Airlines\.venv\Lib\site-packages\joblib\parallel.py", line 1914, in _get_sequential_output
    res = func(*args, **kwargs)
  File "C:\Users\nicol\OneDrive\GitHub_nicolascalo\DST_DE_Airlines\.venv\Lib\site-packages\sklearn\utils\parallel.py", line 147, in __call__
    return self.function(*args, **kwargs)
           ~~~~~~~~~~~~~^^^^^^^^^^^^^^^^^
  File "C:\Users\nicol\OneDrive\GitHub_nicolascalo\DST_DE_Airlines\.venv\Lib\site-packages\sklearn\pipeline.py", line 1540, in _fit_transform_one
    res = transformer.fit_transform(X, y, **params.get("fit_transform", {}))
  File "C:\Users\nicol\OneDrive\GitHub_nicolascalo\DST_DE_Airlines\.venv\Lib\site-packages\sklearn\base.py", line 1365, in wrapper
    return fit_method(estimator, *args, **kwargs)
  File "C:\Users\nicol\OneDrive\GitHub_nicolascalo\DST_DE_Airlines\.venv\Lib\site-packages\sklearn\pipeline.py", line 731, in fit_transform
    return last_step.fit_transform(
           ~~~~~~~~~~~~~~~~~~~~~~~^
        Xt, y, **last_step_params["fit_transform"]
        ^^^^^^^^^^^^^^^^^^^^^^^^^^^^^^^^^^^^^^^^^^
    )
    ^
  File "C:\Users\nicol\OneDrive\GitHub_nicolascalo\DST_DE_Airlines\.venv\Lib\site-packages\sklearn\utils\_set_output.py", line 316, in wrapped
    data_to_wrap = f(self, X, *args, **kwargs)
  File "C:\Users\nicol\OneDrive\GitHub_nicolascalo\DST_DE_Airlines\.venv\Lib\site-packages\sklearn\base.py", line 897, in fit_transform
    return self.fit(X, y, **fit_params).transform(X)
           ~~~~~~~~~~~~~~~~~~~~~~~~~~~~~~~~~~~~~~^^^
  File "C:\Users\nicol\OneDrive\GitHub_nicolascalo\DST_DE_Airlines\.venv\Lib\site-packages\sklearn\utils\_set_output.py", line 316, in wrapped
    data_to_wrap = f(self, X, *args, **kwargs)
  File "C:\Users\nicol\OneDrive\GitHub_nicolascalo\DST_DE_Airlines\.venv\Lib\site-packages\sklearn\preprocessing\_encoders.py", line 1083, in transform
    return out.toarray()
           ~~~~~~~~~~~^^
  File "C:\Users\nicol\OneDrive\GitHub_nicolascalo\DST_DE_Airlines\.venv\Lib\site-packages\scipy\sparse\_compressed.py", line 996, in toarray
    out = self._process_toarray_args(order, out)
  File "C:\Users\nicol\OneDrive\GitHub_nicolascalo\DST_DE_Airlines\.venv\Lib\site-packages\scipy\sparse\_base.py", line 1530, in _process_toarray_args
    return np.zeros(self.shape, dtype=self.dtype, order=order)
           ~~~~~~~~^^^^^^^^^^^^^^^^^^^^^^^^^^^^^^^^^^^^^^^^^^^
numpy._core._exceptions._ArrayMemoryError: Unable to allocate 491. GiB for an array with shape (393683, 167470) and data type float64
2025-11-09 17:02:06,183 - __main__ - INFO - starting pipeline pipeline_OneVsOneClassifier_LogisticRegression simple
2025-11-09 17:03:53,846 - __main__ - INFO - starting pipeline pipeline_DecisionTreeClassifier_3 simple
2025-11-09 17:04:00,561 - __main__ - INFO - pipeline duration: 6 seconds
2025-11-09 17:04:01,837 - __main__ - INFO - pipeline score: 0.8172442872964103
2025-11-09 17:04:01,838 - __main__ - INFO - Exporting model pipeline_DecisionTreeClassifier_3
2025-11-09 17:04:01,878 - __main__ - INFO - Export of model pipeline_DecisionTreeClassifier_3 over
2025-11-09 17:04:01,879 - __main__ - INFO - starting pipeline pipeline_DecisionTreeClassifier_4 simple
2025-11-09 17:04:11,011 - __main__ - INFO - pipeline duration: 9 seconds
2025-11-09 17:04:12,409 - __main__ - INFO - pipeline score: 0.829863545381575
2025-11-09 17:04:12,409 - __main__ - INFO - Exporting model pipeline_DecisionTreeClassifier_4
2025-11-09 17:04:12,451 - __main__ - INFO - Export of model pipeline_DecisionTreeClassifier_4 over
2025-11-09 17:04:12,452 - __main__ - INFO - starting pipeline pipeline_OneVsOneClassifier_LogisticRegression simple
2025-11-09 17:04:17,095 - __main__ - INFO - starting pipeline pipeline_OneVsOneClassifier_LogisticRegression GridSearchCV
2025-11-09 17:04:17,455 - __main__ - ERROR - Invalid parameter 'C' for estimator OneVsOneClassifier(estimator=LogisticRegression(max_iter=1000, n_jobs=10)). Valid parameters are: ['estimator', 'n_jobs'].
Traceback (most recent call last):
  File "<stdin>", line 12, in test_pipeline_classification
    def __init__(self):
        ^^^^^^^^^^^^^^^
  File "C:\Users\nicol\OneDrive\GitHub_nicolascalo\DST_DE_Airlines\.venv\Lib\site-packages\sklearn\base.py", line 1365, in wrapper
    return fit_method(estimator, *args, **kwargs)
  File "C:\Users\nicol\OneDrive\GitHub_nicolascalo\DST_DE_Airlines\.venv\Lib\site-packages\sklearn\model_selection\_search.py", line 1051, in fit
    self._run_search(evaluate_candidates)
    ~~~~~~~~~~~~~~~~^^^^^^^^^^^^^^^^^^^^^
  File "C:\Users\nicol\OneDrive\GitHub_nicolascalo\DST_DE_Airlines\.venv\Lib\site-packages\sklearn\model_selection\_search.py", line 1605, in _run_search
    evaluate_candidates(ParameterGrid(self.param_grid))
    ~~~~~~~~~~~~~~~~~~~^^^^^^^^^^^^^^^^^^^^^^^^^^^^^^^^
  File "C:\Users\nicol\OneDrive\GitHub_nicolascalo\DST_DE_Airlines\.venv\Lib\site-packages\sklearn\model_selection\_search.py", line 997, in evaluate_candidates
    out = parallel(
        delayed(_fit_and_score)(
    ...<13 lines>...
        )
    )
  File "C:\Users\nicol\OneDrive\GitHub_nicolascalo\DST_DE_Airlines\.venv\Lib\site-packages\sklearn\utils\parallel.py", line 82, in __call__
    return super().__call__(iterable_with_config_and_warning_filters)
           ~~~~~~~~~~~~~~~~^^^^^^^^^^^^^^^^^^^^^^^^^^^^^^^^^^^^^^^^^^
  File "C:\Users\nicol\OneDrive\GitHub_nicolascalo\DST_DE_Airlines\.venv\Lib\site-packages\joblib\parallel.py", line 1986, in __call__
    return output if self.return_generator else list(output)
                                                ~~~~^^^^^^^^
  File "C:\Users\nicol\OneDrive\GitHub_nicolascalo\DST_DE_Airlines\.venv\Lib\site-packages\joblib\parallel.py", line 1914, in _get_sequential_output
    res = func(*args, **kwargs)
  File "C:\Users\nicol\OneDrive\GitHub_nicolascalo\DST_DE_Airlines\.venv\Lib\site-packages\sklearn\utils\parallel.py", line 147, in __call__
    return self.function(*args, **kwargs)
           ~~~~~~~~~~~~~^^^^^^^^^^^^^^^^^
  File "C:\Users\nicol\OneDrive\GitHub_nicolascalo\DST_DE_Airlines\.venv\Lib\site-packages\sklearn\model_selection\_validation.py", line 847, in _fit_and_score
    estimator = estimator.set_params(**clone(parameters, safe=False))
  File "C:\Users\nicol\OneDrive\GitHub_nicolascalo\DST_DE_Airlines\.venv\Lib\site-packages\sklearn\pipeline.py", line 319, in set_params
    self._set_params("steps", **kwargs)
    ~~~~~~~~~~~~~~~~^^^^^^^^^^^^^^^^^^^
  File "C:\Users\nicol\OneDrive\GitHub_nicolascalo\DST_DE_Airlines\.venv\Lib\site-packages\sklearn\utils\metaestimators.py", line 69, in _set_params
    super().set_params(**params)
    ~~~~~~~~~~~~~~~~~~^^^^^^^^^^
  File "C:\Users\nicol\OneDrive\GitHub_nicolascalo\DST_DE_Airlines\.venv\Lib\site-packages\sklearn\base.py", line 357, in set_params
    valid_params[key].set_params(**sub_params)
    ~~~~~~~~~~~~~~~~~~~~~~~~~~~~^^^^^^^^^^^^^^
  File "C:\Users\nicol\OneDrive\GitHub_nicolascalo\DST_DE_Airlines\.venv\Lib\site-packages\sklearn\base.py", line 345, in set_params
    raise ValueError(
    ...<2 lines>...
    )
ValueError: Invalid parameter 'C' for estimator OneVsOneClassifier(estimator=LogisticRegression(max_iter=1000, n_jobs=10)). Valid parameters are: ['estimator', 'n_jobs'].
2025-11-09 17:06:04,766 - __main__ - INFO - starting pipeline pipeline_DecisionTreeClassifier_3 simple
2025-11-09 17:06:11,574 - __main__ - INFO - pipeline duration: 6 seconds
2025-11-09 17:06:12,806 - __main__ - INFO - pipeline score: 0.8172442872964103
2025-11-09 17:06:12,806 - __main__ - INFO - Exporting model pipeline_DecisionTreeClassifier_3
2025-11-09 17:06:12,843 - __main__ - INFO - Export of model pipeline_DecisionTreeClassifier_3 over
2025-11-09 17:06:12,843 - __main__ - INFO - starting pipeline pipeline_DecisionTreeClassifier_4 simple
2025-11-09 17:06:31,266 - __main__ - INFO - starting pipeline pipeline_OneVsOneClassifier_LogisticRegression GridSearchCV
2025-11-09 17:06:31,686 - __main__ - ERROR - Invalid parameter 'C' for estimator OneVsOneClassifier(estimator=LogisticRegression(max_iter=1000, n_jobs=10)). Valid parameters are: ['estimator', 'n_jobs'].
Traceback (most recent call last):
  File "<stdin>", line 12, in test_pipeline_classification
    def __init__(self):
        ^^^^^^^^^^^^^^^
  File "C:\Users\nicol\OneDrive\GitHub_nicolascalo\DST_DE_Airlines\.venv\Lib\site-packages\sklearn\base.py", line 1365, in wrapper
    return fit_method(estimator, *args, **kwargs)
  File "C:\Users\nicol\OneDrive\GitHub_nicolascalo\DST_DE_Airlines\.venv\Lib\site-packages\sklearn\model_selection\_search.py", line 1051, in fit
    self._run_search(evaluate_candidates)
    ~~~~~~~~~~~~~~~~^^^^^^^^^^^^^^^^^^^^^
  File "C:\Users\nicol\OneDrive\GitHub_nicolascalo\DST_DE_Airlines\.venv\Lib\site-packages\sklearn\model_selection\_search.py", line 1605, in _run_search
    evaluate_candidates(ParameterGrid(self.param_grid))
    ~~~~~~~~~~~~~~~~~~~^^^^^^^^^^^^^^^^^^^^^^^^^^^^^^^^
  File "C:\Users\nicol\OneDrive\GitHub_nicolascalo\DST_DE_Airlines\.venv\Lib\site-packages\sklearn\model_selection\_search.py", line 997, in evaluate_candidates
    out = parallel(
        delayed(_fit_and_score)(
    ...<13 lines>...
        )
    )
  File "C:\Users\nicol\OneDrive\GitHub_nicolascalo\DST_DE_Airlines\.venv\Lib\site-packages\sklearn\utils\parallel.py", line 82, in __call__
    return super().__call__(iterable_with_config_and_warning_filters)
           ~~~~~~~~~~~~~~~~^^^^^^^^^^^^^^^^^^^^^^^^^^^^^^^^^^^^^^^^^^
  File "C:\Users\nicol\OneDrive\GitHub_nicolascalo\DST_DE_Airlines\.venv\Lib\site-packages\joblib\parallel.py", line 1986, in __call__
    return output if self.return_generator else list(output)
                                                ~~~~^^^^^^^^
  File "C:\Users\nicol\OneDrive\GitHub_nicolascalo\DST_DE_Airlines\.venv\Lib\site-packages\joblib\parallel.py", line 1914, in _get_sequential_output
    res = func(*args, **kwargs)
  File "C:\Users\nicol\OneDrive\GitHub_nicolascalo\DST_DE_Airlines\.venv\Lib\site-packages\sklearn\utils\parallel.py", line 147, in __call__
    return self.function(*args, **kwargs)
           ~~~~~~~~~~~~~^^^^^^^^^^^^^^^^^
  File "C:\Users\nicol\OneDrive\GitHub_nicolascalo\DST_DE_Airlines\.venv\Lib\site-packages\sklearn\model_selection\_validation.py", line 847, in _fit_and_score
    estimator = estimator.set_params(**clone(parameters, safe=False))
  File "C:\Users\nicol\OneDrive\GitHub_nicolascalo\DST_DE_Airlines\.venv\Lib\site-packages\sklearn\pipeline.py", line 319, in set_params
    self._set_params("steps", **kwargs)
    ~~~~~~~~~~~~~~~~^^^^^^^^^^^^^^^^^^^
  File "C:\Users\nicol\OneDrive\GitHub_nicolascalo\DST_DE_Airlines\.venv\Lib\site-packages\sklearn\utils\metaestimators.py", line 69, in _set_params
    super().set_params(**params)
    ~~~~~~~~~~~~~~~~~~^^^^^^^^^^
  File "C:\Users\nicol\OneDrive\GitHub_nicolascalo\DST_DE_Airlines\.venv\Lib\site-packages\sklearn\base.py", line 357, in set_params
    valid_params[key].set_params(**sub_params)
    ~~~~~~~~~~~~~~~~~~~~~~~~~~~~^^^^^^^^^^^^^^
  File "C:\Users\nicol\OneDrive\GitHub_nicolascalo\DST_DE_Airlines\.venv\Lib\site-packages\sklearn\base.py", line 345, in set_params
    raise ValueError(
    ...<2 lines>...
    )
ValueError: Invalid parameter 'C' for estimator OneVsOneClassifier(estimator=LogisticRegression(max_iter=1000, n_jobs=10)). Valid parameters are: ['estimator', 'n_jobs'].
2025-11-09 17:08:55,764 - __main__ - INFO - starting pipeline pipeline_OneVsOneClassifier_LogisticRegression GridSearchCV
2025-11-09 17:08:56,120 - __main__ - ERROR - Invalid parameter 'C' for estimator OneVsOneClassifier(estimator=LogisticRegression(max_iter=1000, n_jobs=10)). Valid parameters are: ['estimator', 'n_jobs'].
Traceback (most recent call last):
  File "<stdin>", line 12, in test_pipeline_classification
    def __init__(self):
        ^^^^^^^^^^^^^^^
  File "C:\Users\nicol\OneDrive\GitHub_nicolascalo\DST_DE_Airlines\.venv\Lib\site-packages\sklearn\base.py", line 1365, in wrapper
    return fit_method(estimator, *args, **kwargs)
  File "C:\Users\nicol\OneDrive\GitHub_nicolascalo\DST_DE_Airlines\.venv\Lib\site-packages\sklearn\model_selection\_search.py", line 1051, in fit
    self._run_search(evaluate_candidates)
    ~~~~~~~~~~~~~~~~^^^^^^^^^^^^^^^^^^^^^
  File "C:\Users\nicol\OneDrive\GitHub_nicolascalo\DST_DE_Airlines\.venv\Lib\site-packages\sklearn\model_selection\_search.py", line 1605, in _run_search
    evaluate_candidates(ParameterGrid(self.param_grid))
    ~~~~~~~~~~~~~~~~~~~^^^^^^^^^^^^^^^^^^^^^^^^^^^^^^^^
  File "C:\Users\nicol\OneDrive\GitHub_nicolascalo\DST_DE_Airlines\.venv\Lib\site-packages\sklearn\model_selection\_search.py", line 997, in evaluate_candidates
    out = parallel(
        delayed(_fit_and_score)(
    ...<13 lines>...
        )
    )
  File "C:\Users\nicol\OneDrive\GitHub_nicolascalo\DST_DE_Airlines\.venv\Lib\site-packages\sklearn\utils\parallel.py", line 82, in __call__
    return super().__call__(iterable_with_config_and_warning_filters)
           ~~~~~~~~~~~~~~~~^^^^^^^^^^^^^^^^^^^^^^^^^^^^^^^^^^^^^^^^^^
  File "C:\Users\nicol\OneDrive\GitHub_nicolascalo\DST_DE_Airlines\.venv\Lib\site-packages\joblib\parallel.py", line 1986, in __call__
    return output if self.return_generator else list(output)
                                                ~~~~^^^^^^^^
  File "C:\Users\nicol\OneDrive\GitHub_nicolascalo\DST_DE_Airlines\.venv\Lib\site-packages\joblib\parallel.py", line 1914, in _get_sequential_output
    res = func(*args, **kwargs)
  File "C:\Users\nicol\OneDrive\GitHub_nicolascalo\DST_DE_Airlines\.venv\Lib\site-packages\sklearn\utils\parallel.py", line 147, in __call__
    return self.function(*args, **kwargs)
           ~~~~~~~~~~~~~^^^^^^^^^^^^^^^^^
  File "C:\Users\nicol\OneDrive\GitHub_nicolascalo\DST_DE_Airlines\.venv\Lib\site-packages\sklearn\model_selection\_validation.py", line 847, in _fit_and_score
    estimator = estimator.set_params(**clone(parameters, safe=False))
  File "C:\Users\nicol\OneDrive\GitHub_nicolascalo\DST_DE_Airlines\.venv\Lib\site-packages\sklearn\pipeline.py", line 319, in set_params
    self._set_params("steps", **kwargs)
    ~~~~~~~~~~~~~~~~^^^^^^^^^^^^^^^^^^^
  File "C:\Users\nicol\OneDrive\GitHub_nicolascalo\DST_DE_Airlines\.venv\Lib\site-packages\sklearn\utils\metaestimators.py", line 69, in _set_params
    super().set_params(**params)
    ~~~~~~~~~~~~~~~~~~^^^^^^^^^^
  File "C:\Users\nicol\OneDrive\GitHub_nicolascalo\DST_DE_Airlines\.venv\Lib\site-packages\sklearn\base.py", line 357, in set_params
    valid_params[key].set_params(**sub_params)
    ~~~~~~~~~~~~~~~~~~~~~~~~~~~~^^^^^^^^^^^^^^
  File "C:\Users\nicol\OneDrive\GitHub_nicolascalo\DST_DE_Airlines\.venv\Lib\site-packages\sklearn\base.py", line 345, in set_params
    raise ValueError(
    ...<2 lines>...
    )
ValueError: Invalid parameter 'C' for estimator OneVsOneClassifier(estimator=LogisticRegression(max_iter=1000, n_jobs=10)). Valid parameters are: ['estimator', 'n_jobs'].
2025-11-09 17:09:44,303 - __main__ - INFO - starting pipeline pipeline_OneVsOneClassifier_LogisticRegression simple
2025-11-09 17:09:59,466 - __main__ - INFO - starting pipeline pipeline_OneVsOneClassifier_LogisticRegression GridSearchCV
2025-11-09 17:09:59,832 - __main__ - ERROR - Invalid parameter 'C' for estimator OneVsOneClassifier(estimator=LogisticRegression(max_iter=1000, n_jobs=10)). Valid parameters are: ['estimator', 'n_jobs'].
Traceback (most recent call last):
  File "<stdin>", line 12, in test_pipeline_classification
    def __init__(self):
        ^^^^^^^^^^^^^^^
  File "C:\Users\nicol\OneDrive\GitHub_nicolascalo\DST_DE_Airlines\.venv\Lib\site-packages\sklearn\base.py", line 1365, in wrapper
    return fit_method(estimator, *args, **kwargs)
  File "C:\Users\nicol\OneDrive\GitHub_nicolascalo\DST_DE_Airlines\.venv\Lib\site-packages\sklearn\model_selection\_search.py", line 1051, in fit
    self._run_search(evaluate_candidates)
    ~~~~~~~~~~~~~~~~^^^^^^^^^^^^^^^^^^^^^
  File "C:\Users\nicol\OneDrive\GitHub_nicolascalo\DST_DE_Airlines\.venv\Lib\site-packages\sklearn\model_selection\_search.py", line 1605, in _run_search
    evaluate_candidates(ParameterGrid(self.param_grid))
    ~~~~~~~~~~~~~~~~~~~^^^^^^^^^^^^^^^^^^^^^^^^^^^^^^^^
  File "C:\Users\nicol\OneDrive\GitHub_nicolascalo\DST_DE_Airlines\.venv\Lib\site-packages\sklearn\model_selection\_search.py", line 997, in evaluate_candidates
    out = parallel(
        delayed(_fit_and_score)(
    ...<13 lines>...
        )
    )
  File "C:\Users\nicol\OneDrive\GitHub_nicolascalo\DST_DE_Airlines\.venv\Lib\site-packages\sklearn\utils\parallel.py", line 82, in __call__
    return super().__call__(iterable_with_config_and_warning_filters)
           ~~~~~~~~~~~~~~~~^^^^^^^^^^^^^^^^^^^^^^^^^^^^^^^^^^^^^^^^^^
  File "C:\Users\nicol\OneDrive\GitHub_nicolascalo\DST_DE_Airlines\.venv\Lib\site-packages\joblib\parallel.py", line 1986, in __call__
    return output if self.return_generator else list(output)
                                                ~~~~^^^^^^^^
  File "C:\Users\nicol\OneDrive\GitHub_nicolascalo\DST_DE_Airlines\.venv\Lib\site-packages\joblib\parallel.py", line 1914, in _get_sequential_output
    res = func(*args, **kwargs)
  File "C:\Users\nicol\OneDrive\GitHub_nicolascalo\DST_DE_Airlines\.venv\Lib\site-packages\sklearn\utils\parallel.py", line 147, in __call__
    return self.function(*args, **kwargs)
           ~~~~~~~~~~~~~^^^^^^^^^^^^^^^^^
  File "C:\Users\nicol\OneDrive\GitHub_nicolascalo\DST_DE_Airlines\.venv\Lib\site-packages\sklearn\model_selection\_validation.py", line 847, in _fit_and_score
    estimator = estimator.set_params(**clone(parameters, safe=False))
  File "C:\Users\nicol\OneDrive\GitHub_nicolascalo\DST_DE_Airlines\.venv\Lib\site-packages\sklearn\pipeline.py", line 319, in set_params
    self._set_params("steps", **kwargs)
    ~~~~~~~~~~~~~~~~^^^^^^^^^^^^^^^^^^^
  File "C:\Users\nicol\OneDrive\GitHub_nicolascalo\DST_DE_Airlines\.venv\Lib\site-packages\sklearn\utils\metaestimators.py", line 69, in _set_params
    super().set_params(**params)
    ~~~~~~~~~~~~~~~~~~^^^^^^^^^^
  File "C:\Users\nicol\OneDrive\GitHub_nicolascalo\DST_DE_Airlines\.venv\Lib\site-packages\sklearn\base.py", line 357, in set_params
    valid_params[key].set_params(**sub_params)
    ~~~~~~~~~~~~~~~~~~~~~~~~~~~~^^^^^^^^^^^^^^
  File "C:\Users\nicol\OneDrive\GitHub_nicolascalo\DST_DE_Airlines\.venv\Lib\site-packages\sklearn\base.py", line 345, in set_params
    raise ValueError(
    ...<2 lines>...
    )
ValueError: Invalid parameter 'C' for estimator OneVsOneClassifier(estimator=LogisticRegression(max_iter=1000, n_jobs=10)). Valid parameters are: ['estimator', 'n_jobs'].
2025-11-09 17:10:24,642 - __main__ - INFO - starting pipeline pipeline_OneVsOneClassifier_LogisticRegression GridSearchCV
2025-11-09 17:10:25,027 - __main__ - ERROR - Invalid parameter 'C' for estimator OneVsOneClassifier(estimator=LogisticRegression(max_iter=1000, n_jobs=10)). Valid parameters are: ['estimator', 'n_jobs'].
Traceback (most recent call last):
  File "<stdin>", line 12, in test_pipeline_classification
    def __init__(self):
        ^^^^^^^^^^^^^^^
  File "C:\Users\nicol\OneDrive\GitHub_nicolascalo\DST_DE_Airlines\.venv\Lib\site-packages\sklearn\base.py", line 1365, in wrapper
    return fit_method(estimator, *args, **kwargs)
  File "C:\Users\nicol\OneDrive\GitHub_nicolascalo\DST_DE_Airlines\.venv\Lib\site-packages\sklearn\model_selection\_search.py", line 1051, in fit
    self._run_search(evaluate_candidates)
    ~~~~~~~~~~~~~~~~^^^^^^^^^^^^^^^^^^^^^
  File "C:\Users\nicol\OneDrive\GitHub_nicolascalo\DST_DE_Airlines\.venv\Lib\site-packages\sklearn\model_selection\_search.py", line 1605, in _run_search
    evaluate_candidates(ParameterGrid(self.param_grid))
    ~~~~~~~~~~~~~~~~~~~^^^^^^^^^^^^^^^^^^^^^^^^^^^^^^^^
  File "C:\Users\nicol\OneDrive\GitHub_nicolascalo\DST_DE_Airlines\.venv\Lib\site-packages\sklearn\model_selection\_search.py", line 997, in evaluate_candidates
    out = parallel(
        delayed(_fit_and_score)(
    ...<13 lines>...
        )
    )
  File "C:\Users\nicol\OneDrive\GitHub_nicolascalo\DST_DE_Airlines\.venv\Lib\site-packages\sklearn\utils\parallel.py", line 82, in __call__
    return super().__call__(iterable_with_config_and_warning_filters)
           ~~~~~~~~~~~~~~~~^^^^^^^^^^^^^^^^^^^^^^^^^^^^^^^^^^^^^^^^^^
  File "C:\Users\nicol\OneDrive\GitHub_nicolascalo\DST_DE_Airlines\.venv\Lib\site-packages\joblib\parallel.py", line 1986, in __call__
    return output if self.return_generator else list(output)
                                                ~~~~^^^^^^^^
  File "C:\Users\nicol\OneDrive\GitHub_nicolascalo\DST_DE_Airlines\.venv\Lib\site-packages\joblib\parallel.py", line 1914, in _get_sequential_output
    res = func(*args, **kwargs)
  File "C:\Users\nicol\OneDrive\GitHub_nicolascalo\DST_DE_Airlines\.venv\Lib\site-packages\sklearn\utils\parallel.py", line 147, in __call__
    return self.function(*args, **kwargs)
           ~~~~~~~~~~~~~^^^^^^^^^^^^^^^^^
  File "C:\Users\nicol\OneDrive\GitHub_nicolascalo\DST_DE_Airlines\.venv\Lib\site-packages\sklearn\model_selection\_validation.py", line 847, in _fit_and_score
    estimator = estimator.set_params(**clone(parameters, safe=False))
  File "C:\Users\nicol\OneDrive\GitHub_nicolascalo\DST_DE_Airlines\.venv\Lib\site-packages\sklearn\pipeline.py", line 319, in set_params
    self._set_params("steps", **kwargs)
    ~~~~~~~~~~~~~~~~^^^^^^^^^^^^^^^^^^^
  File "C:\Users\nicol\OneDrive\GitHub_nicolascalo\DST_DE_Airlines\.venv\Lib\site-packages\sklearn\utils\metaestimators.py", line 69, in _set_params
    super().set_params(**params)
    ~~~~~~~~~~~~~~~~~~^^^^^^^^^^
  File "C:\Users\nicol\OneDrive\GitHub_nicolascalo\DST_DE_Airlines\.venv\Lib\site-packages\sklearn\base.py", line 357, in set_params
    valid_params[key].set_params(**sub_params)
    ~~~~~~~~~~~~~~~~~~~~~~~~~~~~^^^^^^^^^^^^^^
  File "C:\Users\nicol\OneDrive\GitHub_nicolascalo\DST_DE_Airlines\.venv\Lib\site-packages\sklearn\base.py", line 345, in set_params
    raise ValueError(
    ...<2 lines>...
    )
ValueError: Invalid parameter 'C' for estimator OneVsOneClassifier(estimator=LogisticRegression(max_iter=1000, n_jobs=10)). Valid parameters are: ['estimator', 'n_jobs'].
2025-11-09 17:11:15,854 - __main__ - INFO - starting pipeline pipeline_OneVsOneClassifier_LogisticRegression GridSearchCV
2025-11-09 17:11:16,254 - __main__ - ERROR - Invalid parameter 'C' for estimator OneVsOneClassifier(estimator=LogisticRegression(max_iter=1000, n_jobs=10)). Valid parameters are: ['estimator', 'n_jobs'].
Traceback (most recent call last):
  File "<stdin>", line 12, in test_pipeline_classification
    def __init__(self):
        ^^^^^^^^^^^^^^^
  File "C:\Users\nicol\OneDrive\GitHub_nicolascalo\DST_DE_Airlines\.venv\Lib\site-packages\sklearn\base.py", line 1365, in wrapper
    return fit_method(estimator, *args, **kwargs)
  File "C:\Users\nicol\OneDrive\GitHub_nicolascalo\DST_DE_Airlines\.venv\Lib\site-packages\sklearn\model_selection\_search.py", line 1051, in fit
    self._run_search(evaluate_candidates)
    ~~~~~~~~~~~~~~~~^^^^^^^^^^^^^^^^^^^^^
  File "C:\Users\nicol\OneDrive\GitHub_nicolascalo\DST_DE_Airlines\.venv\Lib\site-packages\sklearn\model_selection\_search.py", line 1605, in _run_search
    evaluate_candidates(ParameterGrid(self.param_grid))
    ~~~~~~~~~~~~~~~~~~~^^^^^^^^^^^^^^^^^^^^^^^^^^^^^^^^
  File "C:\Users\nicol\OneDrive\GitHub_nicolascalo\DST_DE_Airlines\.venv\Lib\site-packages\sklearn\model_selection\_search.py", line 997, in evaluate_candidates
    out = parallel(
        delayed(_fit_and_score)(
    ...<13 lines>...
        )
    )
  File "C:\Users\nicol\OneDrive\GitHub_nicolascalo\DST_DE_Airlines\.venv\Lib\site-packages\sklearn\utils\parallel.py", line 82, in __call__
    return super().__call__(iterable_with_config_and_warning_filters)
           ~~~~~~~~~~~~~~~~^^^^^^^^^^^^^^^^^^^^^^^^^^^^^^^^^^^^^^^^^^
  File "C:\Users\nicol\OneDrive\GitHub_nicolascalo\DST_DE_Airlines\.venv\Lib\site-packages\joblib\parallel.py", line 1986, in __call__
    return output if self.return_generator else list(output)
                                                ~~~~^^^^^^^^
  File "C:\Users\nicol\OneDrive\GitHub_nicolascalo\DST_DE_Airlines\.venv\Lib\site-packages\joblib\parallel.py", line 1914, in _get_sequential_output
    res = func(*args, **kwargs)
  File "C:\Users\nicol\OneDrive\GitHub_nicolascalo\DST_DE_Airlines\.venv\Lib\site-packages\sklearn\utils\parallel.py", line 147, in __call__
    return self.function(*args, **kwargs)
           ~~~~~~~~~~~~~^^^^^^^^^^^^^^^^^
  File "C:\Users\nicol\OneDrive\GitHub_nicolascalo\DST_DE_Airlines\.venv\Lib\site-packages\sklearn\model_selection\_validation.py", line 847, in _fit_and_score
    estimator = estimator.set_params(**clone(parameters, safe=False))
  File "C:\Users\nicol\OneDrive\GitHub_nicolascalo\DST_DE_Airlines\.venv\Lib\site-packages\sklearn\pipeline.py", line 319, in set_params
    self._set_params("steps", **kwargs)
    ~~~~~~~~~~~~~~~~^^^^^^^^^^^^^^^^^^^
  File "C:\Users\nicol\OneDrive\GitHub_nicolascalo\DST_DE_Airlines\.venv\Lib\site-packages\sklearn\utils\metaestimators.py", line 69, in _set_params
    super().set_params(**params)
    ~~~~~~~~~~~~~~~~~~^^^^^^^^^^
  File "C:\Users\nicol\OneDrive\GitHub_nicolascalo\DST_DE_Airlines\.venv\Lib\site-packages\sklearn\base.py", line 357, in set_params
    valid_params[key].set_params(**sub_params)
    ~~~~~~~~~~~~~~~~~~~~~~~~~~~~^^^^^^^^^^^^^^
  File "C:\Users\nicol\OneDrive\GitHub_nicolascalo\DST_DE_Airlines\.venv\Lib\site-packages\sklearn\base.py", line 345, in set_params
    raise ValueError(
    ...<2 lines>...
    )
ValueError: Invalid parameter 'C' for estimator OneVsOneClassifier(estimator=LogisticRegression(max_iter=1000, n_jobs=10)). Valid parameters are: ['estimator', 'n_jobs'].
2025-11-09 17:11:44,334 - __main__ - INFO - starting pipeline pipeline_OneVsOneClassifier_LogisticRegression GridSearchCV
2025-11-09 17:11:44,717 - __main__ - ERROR - Invalid parameter 'C' for estimator OneVsOneClassifier(estimator=LogisticRegression(max_iter=1000, n_jobs=10)). Valid parameters are: ['estimator', 'n_jobs'].
Traceback (most recent call last):
  File "<stdin>", line 12, in test_pipeline_classification
    def __init__(self):
        ^^^^^^^^^^^^^^^
  File "C:\Users\nicol\OneDrive\GitHub_nicolascalo\DST_DE_Airlines\.venv\Lib\site-packages\sklearn\base.py", line 1365, in wrapper
    return fit_method(estimator, *args, **kwargs)
  File "C:\Users\nicol\OneDrive\GitHub_nicolascalo\DST_DE_Airlines\.venv\Lib\site-packages\sklearn\model_selection\_search.py", line 1051, in fit
    self._run_search(evaluate_candidates)
    ~~~~~~~~~~~~~~~~^^^^^^^^^^^^^^^^^^^^^
  File "C:\Users\nicol\OneDrive\GitHub_nicolascalo\DST_DE_Airlines\.venv\Lib\site-packages\sklearn\model_selection\_search.py", line 1605, in _run_search
    evaluate_candidates(ParameterGrid(self.param_grid))
    ~~~~~~~~~~~~~~~~~~~^^^^^^^^^^^^^^^^^^^^^^^^^^^^^^^^
  File "C:\Users\nicol\OneDrive\GitHub_nicolascalo\DST_DE_Airlines\.venv\Lib\site-packages\sklearn\model_selection\_search.py", line 997, in evaluate_candidates
    out = parallel(
        delayed(_fit_and_score)(
    ...<13 lines>...
        )
    )
  File "C:\Users\nicol\OneDrive\GitHub_nicolascalo\DST_DE_Airlines\.venv\Lib\site-packages\sklearn\utils\parallel.py", line 82, in __call__
    return super().__call__(iterable_with_config_and_warning_filters)
           ~~~~~~~~~~~~~~~~^^^^^^^^^^^^^^^^^^^^^^^^^^^^^^^^^^^^^^^^^^
  File "C:\Users\nicol\OneDrive\GitHub_nicolascalo\DST_DE_Airlines\.venv\Lib\site-packages\joblib\parallel.py", line 1986, in __call__
    return output if self.return_generator else list(output)
                                                ~~~~^^^^^^^^
  File "C:\Users\nicol\OneDrive\GitHub_nicolascalo\DST_DE_Airlines\.venv\Lib\site-packages\joblib\parallel.py", line 1914, in _get_sequential_output
    res = func(*args, **kwargs)
  File "C:\Users\nicol\OneDrive\GitHub_nicolascalo\DST_DE_Airlines\.venv\Lib\site-packages\sklearn\utils\parallel.py", line 147, in __call__
    return self.function(*args, **kwargs)
           ~~~~~~~~~~~~~^^^^^^^^^^^^^^^^^
  File "C:\Users\nicol\OneDrive\GitHub_nicolascalo\DST_DE_Airlines\.venv\Lib\site-packages\sklearn\model_selection\_validation.py", line 847, in _fit_and_score
    estimator = estimator.set_params(**clone(parameters, safe=False))
  File "C:\Users\nicol\OneDrive\GitHub_nicolascalo\DST_DE_Airlines\.venv\Lib\site-packages\sklearn\pipeline.py", line 319, in set_params
    self._set_params("steps", **kwargs)
    ~~~~~~~~~~~~~~~~^^^^^^^^^^^^^^^^^^^
  File "C:\Users\nicol\OneDrive\GitHub_nicolascalo\DST_DE_Airlines\.venv\Lib\site-packages\sklearn\utils\metaestimators.py", line 69, in _set_params
    super().set_params(**params)
    ~~~~~~~~~~~~~~~~~~^^^^^^^^^^
  File "C:\Users\nicol\OneDrive\GitHub_nicolascalo\DST_DE_Airlines\.venv\Lib\site-packages\sklearn\base.py", line 357, in set_params
    valid_params[key].set_params(**sub_params)
    ~~~~~~~~~~~~~~~~~~~~~~~~~~~~^^^^^^^^^^^^^^
  File "C:\Users\nicol\OneDrive\GitHub_nicolascalo\DST_DE_Airlines\.venv\Lib\site-packages\sklearn\base.py", line 345, in set_params
    raise ValueError(
    ...<2 lines>...
    )
ValueError: Invalid parameter 'C' for estimator OneVsOneClassifier(estimator=LogisticRegression(max_iter=1000, n_jobs=10)). Valid parameters are: ['estimator', 'n_jobs'].
2025-11-09 17:17:42,559 - __main__ - INFO - starting pipeline pipeline_DecisionTreeClassifier GridSearchCV
2025-11-09 17:18:34,818 - __main__ - INFO - starting pipeline pipeline_DecisionTreeClassifier GridSearchCV
2025-11-09 17:19:04,265 - __main__ - INFO - pipeline duration: 29 seconds
2025-11-09 17:19:04,266 - __main__ - INFO - Best parameters found: {'classifier__criterion': 'gini', 'classifier__max_depth': 2, 'classifier__max_features': 'log2', 'classifier__min_samples_leaf': 1, 'classifier__min_samples_split': 2, 'classifier__splitter': 'best'}
2025-11-09 17:19:04,266 - __main__ - INFO - Best cross-validation score: 0.6084235281340167
2025-11-09 17:19:04,266 - __main__ - INFO - Exporting model pipeline_DecisionTreeClassifier
2025-11-09 17:19:04,330 - __main__ - INFO - Export of model pipeline_DecisionTreeClassifier_grid over
2025-11-09 17:19:18,651 - __main__ - INFO - Outputing classification metrics for pipeline_DecisionTreeClassifier
2025-11-09 17:25:37,488 - __main__ - INFO - Outputing classification metrics for pipeline_DecisionTreeClassifier
2025-11-09 17:25:39,545 - __main__ - INFO - Saving confusion matrix of pipeline_DecisionTreeClassifier_grid
2025-11-09 17:27:09,832 - __main__ - INFO - Outputing classification metrics for pipeline_DecisionTreeClassifier
2025-11-09 17:27:11,813 - __main__ - INFO - Saving confusion matrix of pipeline_DecisionTreeClassifier_bestEstimator_grid
2025-11-09 17:28:02,699 - __main__ - INFO - starting pipeline pipeline_OneVsOneClassifier_LogisticRegression GridSearchCV
2025-11-09 17:28:03,062 - __main__ - ERROR - Invalid parameter 'C' for estimator OneVsOneClassifier(estimator=LogisticRegression(max_iter=1000, n_jobs=10)). Valid parameters are: ['estimator', 'n_jobs'].
Traceback (most recent call last):
  File "<stdin>", line 12, in test_pipeline_classification
    def __init__(self):
        ^^^^^^^^^^^^^^^
  File "C:\Users\nicol\OneDrive\GitHub_nicolascalo\DST_DE_Airlines\.venv\Lib\site-packages\sklearn\base.py", line 1365, in wrapper
    return fit_method(estimator, *args, **kwargs)
  File "C:\Users\nicol\OneDrive\GitHub_nicolascalo\DST_DE_Airlines\.venv\Lib\site-packages\sklearn\model_selection\_search.py", line 1051, in fit
    self._run_search(evaluate_candidates)
    ~~~~~~~~~~~~~~~~^^^^^^^^^^^^^^^^^^^^^
  File "C:\Users\nicol\OneDrive\GitHub_nicolascalo\DST_DE_Airlines\.venv\Lib\site-packages\sklearn\model_selection\_search.py", line 1605, in _run_search
    evaluate_candidates(ParameterGrid(self.param_grid))
    ~~~~~~~~~~~~~~~~~~~^^^^^^^^^^^^^^^^^^^^^^^^^^^^^^^^
  File "C:\Users\nicol\OneDrive\GitHub_nicolascalo\DST_DE_Airlines\.venv\Lib\site-packages\sklearn\model_selection\_search.py", line 997, in evaluate_candidates
    out = parallel(
        delayed(_fit_and_score)(
    ...<13 lines>...
        )
    )
  File "C:\Users\nicol\OneDrive\GitHub_nicolascalo\DST_DE_Airlines\.venv\Lib\site-packages\sklearn\utils\parallel.py", line 82, in __call__
    return super().__call__(iterable_with_config_and_warning_filters)
           ~~~~~~~~~~~~~~~~^^^^^^^^^^^^^^^^^^^^^^^^^^^^^^^^^^^^^^^^^^
  File "C:\Users\nicol\OneDrive\GitHub_nicolascalo\DST_DE_Airlines\.venv\Lib\site-packages\joblib\parallel.py", line 1986, in __call__
    return output if self.return_generator else list(output)
                                                ~~~~^^^^^^^^
  File "C:\Users\nicol\OneDrive\GitHub_nicolascalo\DST_DE_Airlines\.venv\Lib\site-packages\joblib\parallel.py", line 1914, in _get_sequential_output
    res = func(*args, **kwargs)
  File "C:\Users\nicol\OneDrive\GitHub_nicolascalo\DST_DE_Airlines\.venv\Lib\site-packages\sklearn\utils\parallel.py", line 147, in __call__
    return self.function(*args, **kwargs)
           ~~~~~~~~~~~~~^^^^^^^^^^^^^^^^^
  File "C:\Users\nicol\OneDrive\GitHub_nicolascalo\DST_DE_Airlines\.venv\Lib\site-packages\sklearn\model_selection\_validation.py", line 847, in _fit_and_score
    estimator = estimator.set_params(**clone(parameters, safe=False))
  File "C:\Users\nicol\OneDrive\GitHub_nicolascalo\DST_DE_Airlines\.venv\Lib\site-packages\sklearn\pipeline.py", line 319, in set_params
    self._set_params("steps", **kwargs)
    ~~~~~~~~~~~~~~~~^^^^^^^^^^^^^^^^^^^
  File "C:\Users\nicol\OneDrive\GitHub_nicolascalo\DST_DE_Airlines\.venv\Lib\site-packages\sklearn\utils\metaestimators.py", line 69, in _set_params
    super().set_params(**params)
    ~~~~~~~~~~~~~~~~~~^^^^^^^^^^
  File "C:\Users\nicol\OneDrive\GitHub_nicolascalo\DST_DE_Airlines\.venv\Lib\site-packages\sklearn\base.py", line 357, in set_params
    valid_params[key].set_params(**sub_params)
    ~~~~~~~~~~~~~~~~~~~~~~~~~~~~^^^^^^^^^^^^^^
  File "C:\Users\nicol\OneDrive\GitHub_nicolascalo\DST_DE_Airlines\.venv\Lib\site-packages\sklearn\base.py", line 345, in set_params
    raise ValueError(
    ...<2 lines>...
    )
ValueError: Invalid parameter 'C' for estimator OneVsOneClassifier(estimator=LogisticRegression(max_iter=1000, n_jobs=10)). Valid parameters are: ['estimator', 'n_jobs'].
2025-11-09 17:32:49,620 - __main__ - INFO - starting pipeline pipeline_OneVsOneClassifier_LogisticRegression GridSearchCV
2025-11-09 17:32:49,969 - __main__ - ERROR - Invalid parameter 'C' for estimator OneVsOneClassifier(estimator=LogisticRegression(max_iter=1000, n_jobs=10)). Valid parameters are: ['estimator', 'n_jobs'].
Traceback (most recent call last):
  File "<stdin>", line 12, in test_pipeline_classification
    def __init__(self):
        ^^^^^^^^^^^^^^^
  File "C:\Users\nicol\OneDrive\GitHub_nicolascalo\DST_DE_Airlines\.venv\Lib\site-packages\sklearn\base.py", line 1365, in wrapper
    return fit_method(estimator, *args, **kwargs)
  File "C:\Users\nicol\OneDrive\GitHub_nicolascalo\DST_DE_Airlines\.venv\Lib\site-packages\sklearn\model_selection\_search.py", line 1051, in fit
    self._run_search(evaluate_candidates)
    ~~~~~~~~~~~~~~~~^^^^^^^^^^^^^^^^^^^^^
  File "C:\Users\nicol\OneDrive\GitHub_nicolascalo\DST_DE_Airlines\.venv\Lib\site-packages\sklearn\model_selection\_search.py", line 1605, in _run_search
    evaluate_candidates(ParameterGrid(self.param_grid))
    ~~~~~~~~~~~~~~~~~~~^^^^^^^^^^^^^^^^^^^^^^^^^^^^^^^^
  File "C:\Users\nicol\OneDrive\GitHub_nicolascalo\DST_DE_Airlines\.venv\Lib\site-packages\sklearn\model_selection\_search.py", line 997, in evaluate_candidates
    out = parallel(
        delayed(_fit_and_score)(
    ...<13 lines>...
        )
    )
  File "C:\Users\nicol\OneDrive\GitHub_nicolascalo\DST_DE_Airlines\.venv\Lib\site-packages\sklearn\utils\parallel.py", line 82, in __call__
    return super().__call__(iterable_with_config_and_warning_filters)
           ~~~~~~~~~~~~~~~~^^^^^^^^^^^^^^^^^^^^^^^^^^^^^^^^^^^^^^^^^^
  File "C:\Users\nicol\OneDrive\GitHub_nicolascalo\DST_DE_Airlines\.venv\Lib\site-packages\joblib\parallel.py", line 1986, in __call__
    return output if self.return_generator else list(output)
                                                ~~~~^^^^^^^^
  File "C:\Users\nicol\OneDrive\GitHub_nicolascalo\DST_DE_Airlines\.venv\Lib\site-packages\joblib\parallel.py", line 1914, in _get_sequential_output
    res = func(*args, **kwargs)
  File "C:\Users\nicol\OneDrive\GitHub_nicolascalo\DST_DE_Airlines\.venv\Lib\site-packages\sklearn\utils\parallel.py", line 147, in __call__
    return self.function(*args, **kwargs)
           ~~~~~~~~~~~~~^^^^^^^^^^^^^^^^^
  File "C:\Users\nicol\OneDrive\GitHub_nicolascalo\DST_DE_Airlines\.venv\Lib\site-packages\sklearn\model_selection\_validation.py", line 847, in _fit_and_score
    estimator = estimator.set_params(**clone(parameters, safe=False))
  File "C:\Users\nicol\OneDrive\GitHub_nicolascalo\DST_DE_Airlines\.venv\Lib\site-packages\sklearn\pipeline.py", line 319, in set_params
    self._set_params("steps", **kwargs)
    ~~~~~~~~~~~~~~~~^^^^^^^^^^^^^^^^^^^
  File "C:\Users\nicol\OneDrive\GitHub_nicolascalo\DST_DE_Airlines\.venv\Lib\site-packages\sklearn\utils\metaestimators.py", line 69, in _set_params
    super().set_params(**params)
    ~~~~~~~~~~~~~~~~~~^^^^^^^^^^
  File "C:\Users\nicol\OneDrive\GitHub_nicolascalo\DST_DE_Airlines\.venv\Lib\site-packages\sklearn\base.py", line 357, in set_params
    valid_params[key].set_params(**sub_params)
    ~~~~~~~~~~~~~~~~~~~~~~~~~~~~^^^^^^^^^^^^^^
  File "C:\Users\nicol\OneDrive\GitHub_nicolascalo\DST_DE_Airlines\.venv\Lib\site-packages\sklearn\base.py", line 345, in set_params
    raise ValueError(
    ...<2 lines>...
    )
ValueError: Invalid parameter 'C' for estimator OneVsOneClassifier(estimator=LogisticRegression(max_iter=1000, n_jobs=10)). Valid parameters are: ['estimator', 'n_jobs'].
2025-11-09 17:36:12,375 - __main__ - INFO - starting pipeline pipeline_OneVsOneClassifier_LogisticRegression GridSearchCV
2025-11-09 17:36:12,762 - __main__ - ERROR - Invalid parameter 'estimator' for estimator Pipeline(steps=[('preprocessor',
                 ColumnTransformer(transformers=[('num',
                                                  Pipeline(steps=[('imputer',
                                                                   SimpleImputer(strategy='median')),
                                                                  ('scaler',
                                                                   StandardScaler())]),
                                                  ['flightLegs_arrivalInformation_airport_location_latitude',
                                                   'flightLegs_arrivalInformation_airport_location_longitude',
                                                   'flightLegs_departureInformation_airport_location_latitude',
                                                   'flightLeg...
                                                   'flightLegs_arrivalInformation_times_scheduled',
                                                   'flightLegs_departureInformation_airport_city_country_areaCode',
                                                   'flightLegs_departureInformation_airport_city_country_name',
                                                   'flightLegs_departureInformation_airport_code',
                                                   'flightLegs_departureInformation_times_scheduled',
                                                   'company_flight'])])),
                ('classifier',
                 OneVsOneClassifier(estimator=LogisticRegression(max_iter=1000,
                                                                 n_jobs=10)))]). Valid parameters are: ['memory', 'steps', 'transform_input', 'verbose'].
Traceback (most recent call last):
  File "<stdin>", line 12, in test_pipeline_classification
    def __init__(self):
        ^^^^^^^^^^^^^^^
  File "C:\Users\nicol\OneDrive\GitHub_nicolascalo\DST_DE_Airlines\.venv\Lib\site-packages\sklearn\base.py", line 1365, in wrapper
    return fit_method(estimator, *args, **kwargs)
  File "C:\Users\nicol\OneDrive\GitHub_nicolascalo\DST_DE_Airlines\.venv\Lib\site-packages\sklearn\model_selection\_search.py", line 1051, in fit
    self._run_search(evaluate_candidates)
    ~~~~~~~~~~~~~~~~^^^^^^^^^^^^^^^^^^^^^
  File "C:\Users\nicol\OneDrive\GitHub_nicolascalo\DST_DE_Airlines\.venv\Lib\site-packages\sklearn\model_selection\_search.py", line 1605, in _run_search
    evaluate_candidates(ParameterGrid(self.param_grid))
    ~~~~~~~~~~~~~~~~~~~^^^^^^^^^^^^^^^^^^^^^^^^^^^^^^^^
  File "C:\Users\nicol\OneDrive\GitHub_nicolascalo\DST_DE_Airlines\.venv\Lib\site-packages\sklearn\model_selection\_search.py", line 997, in evaluate_candidates
    out = parallel(
        delayed(_fit_and_score)(
    ...<13 lines>...
        )
    )
  File "C:\Users\nicol\OneDrive\GitHub_nicolascalo\DST_DE_Airlines\.venv\Lib\site-packages\sklearn\utils\parallel.py", line 82, in __call__
    return super().__call__(iterable_with_config_and_warning_filters)
           ~~~~~~~~~~~~~~~~^^^^^^^^^^^^^^^^^^^^^^^^^^^^^^^^^^^^^^^^^^
  File "C:\Users\nicol\OneDrive\GitHub_nicolascalo\DST_DE_Airlines\.venv\Lib\site-packages\joblib\parallel.py", line 1986, in __call__
    return output if self.return_generator else list(output)
                                                ~~~~^^^^^^^^
  File "C:\Users\nicol\OneDrive\GitHub_nicolascalo\DST_DE_Airlines\.venv\Lib\site-packages\joblib\parallel.py", line 1914, in _get_sequential_output
    res = func(*args, **kwargs)
  File "C:\Users\nicol\OneDrive\GitHub_nicolascalo\DST_DE_Airlines\.venv\Lib\site-packages\sklearn\utils\parallel.py", line 147, in __call__
    return self.function(*args, **kwargs)
           ~~~~~~~~~~~~~^^^^^^^^^^^^^^^^^
  File "C:\Users\nicol\OneDrive\GitHub_nicolascalo\DST_DE_Airlines\.venv\Lib\site-packages\sklearn\model_selection\_validation.py", line 847, in _fit_and_score
    estimator = estimator.set_params(**clone(parameters, safe=False))
  File "C:\Users\nicol\OneDrive\GitHub_nicolascalo\DST_DE_Airlines\.venv\Lib\site-packages\sklearn\pipeline.py", line 319, in set_params
    self._set_params("steps", **kwargs)
    ~~~~~~~~~~~~~~~~^^^^^^^^^^^^^^^^^^^
  File "C:\Users\nicol\OneDrive\GitHub_nicolascalo\DST_DE_Airlines\.venv\Lib\site-packages\sklearn\utils\metaestimators.py", line 69, in _set_params
    super().set_params(**params)
    ~~~~~~~~~~~~~~~~~~^^^^^^^^^^
  File "C:\Users\nicol\OneDrive\GitHub_nicolascalo\DST_DE_Airlines\.venv\Lib\site-packages\sklearn\base.py", line 345, in set_params
    raise ValueError(
    ...<2 lines>...
    )
ValueError: Invalid parameter 'estimator' for estimator Pipeline(steps=[('preprocessor',
                 ColumnTransformer(transformers=[('num',
                                                  Pipeline(steps=[('imputer',
                                                                   SimpleImputer(strategy='median')),
                                                                  ('scaler',
                                                                   StandardScaler())]),
                                                  ['flightLegs_arrivalInformation_airport_location_latitude',
                                                   'flightLegs_arrivalInformation_airport_location_longitude',
                                                   'flightLegs_departureInformation_airport_location_latitude',
                                                   'flightLeg...
                                                   'flightLegs_arrivalInformation_times_scheduled',
                                                   'flightLegs_departureInformation_airport_city_country_areaCode',
                                                   'flightLegs_departureInformation_airport_city_country_name',
                                                   'flightLegs_departureInformation_airport_code',
                                                   'flightLegs_departureInformation_times_scheduled',
                                                   'company_flight'])])),
                ('classifier',
                 OneVsOneClassifier(estimator=LogisticRegression(max_iter=1000,
                                                                 n_jobs=10)))]). Valid parameters are: ['memory', 'steps', 'transform_input', 'verbose'].
2025-11-09 17:37:48,954 - __main__ - INFO - starting pipeline pipeline_DecisionTreeClassifier GridSearchCV
2025-11-09 17:38:17,770 - __main__ - INFO - starting pipeline pipeline_DecisionTreeClassifier GridSearchCV
2025-11-09 17:39:37,644 - __main__ - INFO - starting pipeline pipeline_OneVsOneClassifier_LogisticRegression GridSearchCV
2025-11-09 17:41:42,886 - __main__ - INFO - starting pipeline pipeline_OneVsOneClassifier_LogisticRegression GridSearchCV
2025-11-09 17:43:13,440 - __main__ - INFO - starting pipeline pipeline_DecisionTreeClassifier GridSearchCV
2025-11-09 17:48:05,802 - __main__ - INFO - starting pipeline [Pipeline(steps=[('preprocessor',
                 ColumnTransformer(transformers=[('num',
                                                  Pipeline(steps=[('imputer',
                                                                   SimpleImputer(strategy='median')),
                                                                  ('scaler',
                                                                   StandardScaler())]),
                                                  ['flightLegs_arrivalInformation_airport_location_latitude',
                                                   'flightLegs_arrivalInformation_airport_location_longitude',
                                                   'flightLegs_departureInformation_airport_location_latitude',
                                                   'flightLeg...
                                                   'flightLegs_arrivalInformation_times_scheduled',
                                                   'flightLegs_departureInformation_airport_city_country_areaCode',
                                                   'flightLegs_departureInformation_airport_city_country_name',
                                                   'flightLegs_departureInformation_airport_code',
                                                   'flightLegs_departureInformation_times_scheduled',
                                                   'flightLegs_irregularity_delayDuration',
                                                   'company_flight'])])),
                ('classifier', LinearRegression())]), {'copy_X': [True, False], 'fit_intercept': [True, False], 'n_jobs': [1, 5, 10, 15, None], 'positive': [True, False]}] simple
2025-11-09 17:48:05,803 - __main__ - ERROR - 'str' object has no attribute 'fit'
Traceback (most recent call last):
  File "<stdin>", line 12, in test_pipeline_classification
    def __init__(self):
        ^^^^^^^^^^^^
AttributeError: 'str' object has no attribute 'fit'
2025-11-09 17:49:05,468 - __main__ - INFO - starting pipeline pipeline_LinearRegression simple
2025-11-09 17:49:25,644 - __main__ - INFO - pipeline duration: 20 seconds
2025-11-09 17:49:26,322 - __main__ - INFO - pipeline score: 0.6362067342217477
2025-11-09 17:49:26,323 - __main__ - INFO - Exporting model pipeline_LinearRegression
2025-11-09 17:49:26,367 - __main__ - INFO - Export of model pipeline_LinearRegression over
2025-11-09 17:49:26,367 - __main__ - INFO - starting pipeline pipeline_DecisionTreeRegressor simple
2025-11-09 17:49:30,496 - __main__ - INFO - pipeline duration: 4 seconds
2025-11-09 17:49:31,037 - __main__ - INFO - pipeline score: 0.04896108319394599
2025-11-09 17:49:31,037 - __main__ - INFO - Exporting model pipeline_DecisionTreeRegressor
2025-11-09 17:49:31,064 - __main__ - INFO - Export of model pipeline_DecisionTreeRegressor over
2025-11-09 17:49:31,064 - __main__ - INFO - starting pipeline pipeline_XGBRegressor simple
2025-11-09 17:49:40,577 - __main__ - INFO - pipeline duration: 9 seconds
2025-11-09 17:49:41,896 - __main__ - INFO - pipeline score: 0.4352525796514254
2025-11-09 17:49:41,897 - __main__ - INFO - Exporting model pipeline_XGBRegressor
2025-11-09 17:49:41,958 - __main__ - INFO - Export of model pipeline_XGBRegressor over
2025-11-09 17:50:07,322 - __main__ - INFO - Outputing classification metrics for pipeline_LinearRegression
2025-11-09 17:50:08,259 - __main__ - ERROR - 'LinearRegression' object has no attribute 'feature_importances_'
Traceback (most recent call last):
  File "<stdin>", line 21, in output_metrics_classification
    if value is None:
    
AttributeError: 'LinearRegression' object has no attribute 'feature_importances_'
2025-11-09 17:50:08,263 - __main__ - INFO - Outputing classification metrics for pipeline_DecisionTreeRegressor
2025-11-09 17:50:09,368 - __main__ - INFO - Saving confusion matrix of pipeline_DecisionTreeRegressor_grid
2025-11-09 17:51:21,956 - __main__ - INFO - Outputing regression metrics for pipeline_LinearRegression
2025-11-09 17:51:47,857 - __main__ - INFO - Outputing regression metrics for pipeline_LinearRegression
2025-11-09 17:52:36,357 - __main__ - INFO - Outputing regression metrics for pipeline_LinearRegression
2025-11-09 17:52:37,004 - __main__ - INFO - Mean absolute error (MAE): 3.8775511950574924
2025-11-09 17:52:37,004 - __main__ - INFO - Mean squared error (MSE): 663.6298768259192
2025-11-09 17:52:37,004 - __main__ - INFO - Root mean squared error (rMSE): 25.76101466996048
2025-11-09 17:52:37,004 - __main__ - INFO - R2-score: 0.6362067342217477
2025-11-09 17:52:37,620 - __main__ - INFO - Outputing regression metrics for pipeline_DecisionTreeRegressor
2025-11-09 17:52:38,254 - __main__ - INFO - Mean absolute error (MAE): 22.028033396592516
2025-11-09 17:52:38,254 - __main__ - INFO - Mean squared error (MSE): 1734.8804900675732
2025-11-09 17:52:38,254 - __main__ - INFO - Root mean squared error (rMSE): 41.65189659628446
2025-11-09 17:52:38,254 - __main__ - INFO - R2-score: 0.04896108319394599
2025-11-09 17:52:38,667 - __main__ - INFO - Outputing regression metrics for pipeline_XGBRegressor
2025-11-09 17:52:40,084 - __main__ - INFO - Mean absolute error (MAE): 15.319722453101068
2025-11-09 17:52:40,085 - __main__ - INFO - Mean squared error (MSE): 1030.2094520686558
2025-11-09 17:52:40,085 - __main__ - INFO - Root mean squared error (rMSE): 32.09687604843586
2025-11-09 17:52:40,086 - __main__ - INFO - R2-score: 0.4352525796514254
2025-11-09 17:54:15,514 - __main__ - INFO - Outputing regression metrics for pipeline_LinearRegression
2025-11-09 17:54:16,040 - __main__ - INFO - Mean absolute error (MAE): 3.8775511950574924
2025-11-09 17:54:16,041 - __main__ - INFO - Mean squared error (MSE): 663.6298768259192
2025-11-09 17:54:16,041 - __main__ - INFO - Root mean squared error (rMSE): 25.76101466996048
2025-11-09 17:54:16,041 - __main__ - INFO - R2-score: 0.6362067342217477
2025-11-09 17:54:18,449 - __main__ - INFO - Outputing regression metrics for pipeline_DecisionTreeRegressor
2025-11-09 17:54:18,968 - __main__ - INFO - Mean absolute error (MAE): 22.028033396592516
2025-11-09 17:54:18,968 - __main__ - INFO - Mean squared error (MSE): 1734.8804900675732
2025-11-09 17:54:18,968 - __main__ - INFO - Root mean squared error (rMSE): 41.65189659628446
2025-11-09 17:54:18,969 - __main__ - INFO - R2-score: 0.04896108319394599
2025-11-09 17:54:21,220 - __main__ - INFO - Outputing regression metrics for pipeline_XGBRegressor
2025-11-09 17:54:22,472 - __main__ - INFO - Mean absolute error (MAE): 15.319722453101068
2025-11-09 17:54:22,473 - __main__ - INFO - Mean squared error (MSE): 1030.2094520686558
2025-11-09 17:54:22,473 - __main__ - INFO - Root mean squared error (rMSE): 32.09687604843586
2025-11-09 17:54:22,473 - __main__ - INFO - R2-score: 0.4352525796514254
2025-11-09 17:54:50,254 - __main__ - INFO - Outputing regression metrics for pipeline_LinearRegression
2025-11-09 17:54:50,920 - __main__ - INFO - Mean absolute error (MAE): 3.8775511950574924
2025-11-09 17:54:50,921 - __main__ - INFO - Mean squared error (MSE): 663.6298768259192
2025-11-09 17:54:50,921 - __main__ - INFO - Root mean squared error (rMSE): 25.76101466996048
2025-11-09 17:54:50,921 - __main__ - INFO - R2-score: 0.6362067342217477
2025-11-09 17:54:53,303 - __main__ - INFO - Outputing regression metrics for pipeline_DecisionTreeRegressor
2025-11-09 17:54:53,902 - __main__ - INFO - Mean absolute error (MAE): 22.028033396592516
2025-11-09 17:54:53,902 - __main__ - INFO - Mean squared error (MSE): 1734.8804900675732
2025-11-09 17:54:53,902 - __main__ - INFO - Root mean squared error (rMSE): 41.65189659628446
2025-11-09 17:54:53,902 - __main__ - INFO - R2-score: 0.04896108319394599
2025-11-09 17:54:56,336 - __main__ - INFO - Outputing regression metrics for pipeline_XGBRegressor
2025-11-09 17:54:57,505 - __main__ - INFO - Mean absolute error (MAE): 15.319722453101068
2025-11-09 17:54:57,505 - __main__ - INFO - Mean squared error (MSE): 1030.2094520686558
2025-11-09 17:54:57,506 - __main__ - INFO - Root mean squared error (rMSE): 32.09687604843586
2025-11-09 17:54:57,506 - __main__ - INFO - R2-score: 0.4352525796514254
2025-11-09 17:58:02,829 - __main__ - INFO - starting pipeline pipeline_LinearRegression GridSearchCV
2025-11-09 17:58:03,009 - __main__ - ERROR - Invalid parameter 'copy_X' for estimator Pipeline(steps=[('preprocessor',
                 ColumnTransformer(transformers=[('num',
                                                  Pipeline(steps=[('imputer',
                                                                   SimpleImputer(strategy='median')),
                                                                  ('scaler',
                                                                   StandardScaler())]),
                                                  ['flightLegs_arrivalInformation_airport_location_latitude',
                                                   'flightLegs_arrivalInformation_airport_location_longitude',
                                                   'flightLegs_departureInformation_airport_location_latitude',
                                                   'flightLeg...
                                                   'flightLegs_arrivalInformation_times_scheduled',
                                                   'flightLegs_departureInformation_airport_city_country_areaCode',
                                                   'flightLegs_departureInformation_airport_city_country_name',
                                                   'flightLegs_departureInformation_airport_code',
                                                   'flightLegs_departureInformation_times_scheduled',
                                                   'flightLegs_irregularity_delayDuration',
                                                   'company_flight'])])),
                ('classifier', LinearRegression())]). Valid parameters are: ['memory', 'steps', 'transform_input', 'verbose'].
Traceback (most recent call last):
  File "<stdin>", line 12, in test_pipeline_classification
    def __init__(self):
        ^^^^^^^^^^^^^^^
  File "C:\Users\nicol\OneDrive\GitHub_nicolascalo\DST_DE_Airlines\.venv\Lib\site-packages\sklearn\base.py", line 1365, in wrapper
    return fit_method(estimator, *args, **kwargs)
  File "C:\Users\nicol\OneDrive\GitHub_nicolascalo\DST_DE_Airlines\.venv\Lib\site-packages\sklearn\model_selection\_search.py", line 1051, in fit
    self._run_search(evaluate_candidates)
    ~~~~~~~~~~~~~~~~^^^^^^^^^^^^^^^^^^^^^
  File "C:\Users\nicol\OneDrive\GitHub_nicolascalo\DST_DE_Airlines\.venv\Lib\site-packages\sklearn\model_selection\_search.py", line 1605, in _run_search
    evaluate_candidates(ParameterGrid(self.param_grid))
    ~~~~~~~~~~~~~~~~~~~^^^^^^^^^^^^^^^^^^^^^^^^^^^^^^^^
  File "C:\Users\nicol\OneDrive\GitHub_nicolascalo\DST_DE_Airlines\.venv\Lib\site-packages\sklearn\model_selection\_search.py", line 997, in evaluate_candidates
    out = parallel(
        delayed(_fit_and_score)(
    ...<13 lines>...
        )
    )
  File "C:\Users\nicol\OneDrive\GitHub_nicolascalo\DST_DE_Airlines\.venv\Lib\site-packages\sklearn\utils\parallel.py", line 82, in __call__
    return super().__call__(iterable_with_config_and_warning_filters)
           ~~~~~~~~~~~~~~~~^^^^^^^^^^^^^^^^^^^^^^^^^^^^^^^^^^^^^^^^^^
  File "C:\Users\nicol\OneDrive\GitHub_nicolascalo\DST_DE_Airlines\.venv\Lib\site-packages\joblib\parallel.py", line 1986, in __call__
    return output if self.return_generator else list(output)
                                                ~~~~^^^^^^^^
  File "C:\Users\nicol\OneDrive\GitHub_nicolascalo\DST_DE_Airlines\.venv\Lib\site-packages\joblib\parallel.py", line 1914, in _get_sequential_output
    res = func(*args, **kwargs)
  File "C:\Users\nicol\OneDrive\GitHub_nicolascalo\DST_DE_Airlines\.venv\Lib\site-packages\sklearn\utils\parallel.py", line 147, in __call__
    return self.function(*args, **kwargs)
           ~~~~~~~~~~~~~^^^^^^^^^^^^^^^^^
  File "C:\Users\nicol\OneDrive\GitHub_nicolascalo\DST_DE_Airlines\.venv\Lib\site-packages\sklearn\model_selection\_validation.py", line 847, in _fit_and_score
    estimator = estimator.set_params(**clone(parameters, safe=False))
  File "C:\Users\nicol\OneDrive\GitHub_nicolascalo\DST_DE_Airlines\.venv\Lib\site-packages\sklearn\pipeline.py", line 319, in set_params
    self._set_params("steps", **kwargs)
    ~~~~~~~~~~~~~~~~^^^^^^^^^^^^^^^^^^^
  File "C:\Users\nicol\OneDrive\GitHub_nicolascalo\DST_DE_Airlines\.venv\Lib\site-packages\sklearn\utils\metaestimators.py", line 69, in _set_params
    super().set_params(**params)
    ~~~~~~~~~~~~~~~~~~^^^^^^^^^^
  File "C:\Users\nicol\OneDrive\GitHub_nicolascalo\DST_DE_Airlines\.venv\Lib\site-packages\sklearn\base.py", line 345, in set_params
    raise ValueError(
    ...<2 lines>...
    )
ValueError: Invalid parameter 'copy_X' for estimator Pipeline(steps=[('preprocessor',
                 ColumnTransformer(transformers=[('num',
                                                  Pipeline(steps=[('imputer',
                                                                   SimpleImputer(strategy='median')),
                                                                  ('scaler',
                                                                   StandardScaler())]),
                                                  ['flightLegs_arrivalInformation_airport_location_latitude',
                                                   'flightLegs_arrivalInformation_airport_location_longitude',
                                                   'flightLegs_departureInformation_airport_location_latitude',
                                                   'flightLeg...
                                                   'flightLegs_arrivalInformation_times_scheduled',
                                                   'flightLegs_departureInformation_airport_city_country_areaCode',
                                                   'flightLegs_departureInformation_airport_city_country_name',
                                                   'flightLegs_departureInformation_airport_code',
                                                   'flightLegs_departureInformation_times_scheduled',
                                                   'flightLegs_irregularity_delayDuration',
                                                   'company_flight'])])),
                ('classifier', LinearRegression())]). Valid parameters are: ['memory', 'steps', 'transform_input', 'verbose'].
2025-11-09 17:58:03,014 - __main__ - INFO - starting pipeline pipeline_DecisionTreeRegressor GridSearchCV
2025-11-09 22:40:53,673 - __main__ - INFO - Starting ML script
2025-11-09 22:41:57,222 - __main__ - INFO - starting pipeline pipeline_DecisionTreeClassifier_3 simple
2025-11-09 22:42:02,728 - __main__ - INFO - pipeline duration: 5 seconds
2025-11-09 22:42:02,903 - __main__ - INFO - starting pipeline pipeline_DecisionTreeClassifier GridSearchCV
2025-11-09 22:44:59,255 - __main__ - INFO - starting pipeline pipeline_LinearRegression simple
2025-11-09 22:45:18,752 - __main__ - INFO - pipeline duration: 19 seconds
2025-11-09 22:45:18,901 - __main__ - INFO - starting pipeline pipeline_LinearRegression GridSearchCV
2025-11-09 22:45:19,104 - __main__ - INFO - End of ML script
2025-11-10 01:03:51,350 - __main__ - INFO - Starting ML script
2025-11-10 09:58:12,734 - __main__ - INFO - Index(['airline_code', 'flightLegs_aircraft_typeCode',
       'flightLegs_arrivalInformation_airport_city_country_areaCode',
       'flightLegs_arrivalInformation_airport_city_country_code',
       'flightLegs_arrivalInformation_airport_city_country_name',
       'flightLegs_arrivalInformation_airport_code',
       'flightLegs_arrivalInformation_airport_location_latitude',
       'flightLegs_arrivalInformation_airport_location_longitude',
       'flightLegs_arrivalInformation_times_scheduled',
       'flightLegs_departureInformation_airport_city_country_areaCode',
       'flightLegs_departureInformation_airport_city_country_code',
       'flightLegs_departureInformation_airport_city_country_name',
       'flightLegs_departureInformation_airport_code',
       'flightLegs_departureInformation_airport_location_latitude',
       'flightLegs_departureInformation_airport_location_longitude',
       'flightLegs_departureInformation_times_scheduled',
       'flightLegs_irregularity_delayDuration',
       'flightLegs_irregularity_delayInformation_delayReasonPublicLong',
       'flightLegs_irregularity_delayInformation_delayCode',
       'flightLegs_irregularity_delayInformation_delayReasonPublicShort',
       'flightLegs_irregularity_delayReason',
       'flightLegs_scheduledFlightDuration', 'flightLegs_serviceType',
       'flightLegs_serviceTypeName', 'flightLegs_status',
       'flightLegs_publishedStatus', 'flightLegs_legStatusPublic',
       'flightLegs_statusName', 'flightNumber', 'flightStatusPublic',
       'flightLegs_arrivalInformation_times_estimated_value',
       'flightLegs_irregularity_delayDuration_total', 'company_flight',
       'flightLegs_Category'],
      dtype='object')
2025-11-10 09:58:26,241 - __main__ - INFO - Index(['airline_code', 'flightLegs_aircraft_typeCode',
       'flightLegs_arrivalInformation_airport_city_country_areaCode',
       'flightLegs_arrivalInformation_airport_city_country_code',
       'flightLegs_arrivalInformation_airport_city_country_name',
       'flightLegs_arrivalInformation_airport_code',
       'flightLegs_arrivalInformation_airport_location_latitude',
       'flightLegs_arrivalInformation_airport_location_longitude',
       'flightLegs_arrivalInformation_times_scheduled',
       'flightLegs_departureInformation_airport_city_country_areaCode',
       'flightLegs_departureInformation_airport_city_country_code',
       'flightLegs_departureInformation_airport_city_country_name',
       'flightLegs_departureInformation_airport_code',
       'flightLegs_departureInformation_airport_location_latitude',
       'flightLegs_departureInformation_airport_location_longitude',
       'flightLegs_departureInformation_times_scheduled',
       'flightLegs_irregularity_delayDuration',
       'flightLegs_irregularity_delayInformation_delayReasonPublicLong',
       'flightLegs_irregularity_delayInformation_delayCode',
       'flightLegs_irregularity_delayInformation_delayReasonPublicShort',
       'flightLegs_irregularity_delayReason',
       'flightLegs_scheduledFlightDuration', 'flightLegs_serviceType',
       'flightLegs_serviceTypeName', 'flightLegs_status',
       'flightLegs_publishedStatus', 'flightLegs_legStatusPublic',
       'flightLegs_statusName', 'flightNumber', 'flightStatusPublic',
       'flightLegs_arrivalInformation_times_estimated_value',
       'flightLegs_irregularity_delayDuration_total', 'company_flight',
       'flightLegs_Category'],
      dtype='object')
2025-11-10 09:58:34,526 - __main__ - INFO - Starting ML script
2025-11-10 10:00:06,534 - __main__ - INFO - Index(['airline_code', 'flightLegs_aircraft_typeCode',
       'flightLegs_arrivalInformation_airport_city_country_areaCode',
       'flightLegs_arrivalInformation_airport_city_country_code',
       'flightLegs_arrivalInformation_airport_city_country_name',
       'flightLegs_arrivalInformation_airport_code',
       'flightLegs_arrivalInformation_airport_location_latitude',
       'flightLegs_arrivalInformation_airport_location_longitude',
       'flightLegs_arrivalInformation_times_scheduled',
       'flightLegs_departureInformation_airport_city_country_areaCode',
       'flightLegs_departureInformation_airport_city_country_code',
       'flightLegs_departureInformation_airport_city_country_name',
       'flightLegs_departureInformation_airport_code',
       'flightLegs_departureInformation_airport_location_latitude',
       'flightLegs_departureInformation_airport_location_longitude',
       'flightLegs_departureInformation_times_scheduled',
       'flightLegs_irregularity_delayDuration',
       'flightLegs_irregularity_delayInformation_delayReasonPublicLong',
       'flightLegs_irregularity_delayInformation_delayCode',
       'flightLegs_irregularity_delayInformation_delayReasonPublicShort',
       'flightLegs_irregularity_delayReason',
       'flightLegs_scheduledFlightDuration', 'flightLegs_serviceType',
       'flightLegs_serviceTypeName', 'flightLegs_status',
       'flightLegs_publishedStatus', 'flightLegs_legStatusPublic',
       'flightLegs_statusName', 'flightNumber', 'flightStatusPublic',
       'flightLegs_arrivalInformation_times_estimated_value',
       'flightLegs_irregularity_delayDuration_total', 'company_flight',
       'flightLegs_Category'],
      dtype='object')
2025-11-10 10:00:52,088 - __main__ - INFO - None
2025-11-10 10:01:08,232 - __main__ - INFO - None
2025-11-10 12:42:35,439 - __main__ - INFO - Starting ML script with RUN_MODE=both, FILTER_EU=True, TOP30_EU=True, GRID_LEVEL=quick
2025-11-10 12:42:48,134 - __main__ - INFO - Loaded dataset: afklm_flight_from_mongo_filtered_20251106-13-52-40_983317.csv, shape=(983317, 45)
