aircraftRegistration,aircraftType,arrivalCity,carrierCode,consumerHost,departureCity,destination,flightNumber,movementType,operatingAirlineCode,operationalSuffix,origin,serviceType,timeOriginType,timeType,endRange,startRange,call_parameters,nb_of_pages_already_retrieved,totalPages,completion,totalFlights,response,message,timestamp
,,,,,,CDG,,,,,CMN,,,,2025-10-14T23:59:59Z,2025-05-15T09:00:00Z,destination=CDG&origin=CMN&endRange=2025-10-14T23:59:59Z&startRange=2025-05-15T09:00:00Z,10.0,10.0,100.0,981.0,<Response [200]>,,2025-11-09T18:31:46.895417
,,,,,,CDG,,,,,LAX,,,,2025-10-14T23:59:59Z,2025-05-15T09:00:00Z,destination=CDG&origin=LAX&endRange=2025-10-14T23:59:59Z&startRange=2025-05-15T09:00:00Z,10.0,10.0,100.0,992.0,<Response [200]>,,2025-11-09T18:31:47.308303
,,,,,,CMN,,,,,CDG,,,,2025-10-14T23:59:59Z,2025-05-15T09:00:00Z,destination=CMN&origin=CDG&endRange=2025-10-14T23:59:59Z&startRange=2025-05-15T09:00:00Z,10.0,10.0,100.0,979.0,<Response [200]>,,2025-11-09T18:31:47.715691
,,,,,,LAX,,,,,CDG,,,,2025-10-14T23:59:59Z,2025-05-15T09:00:00Z,destination=LAX&origin=CDG&endRange=2025-10-14T23:59:59Z&startRange=2025-05-15T09:00:00Z,10.0,10.0,100.0,997.0,<Response [200]>,,2025-11-09T18:31:48.120398
,,,,,,IST,,,,,AMS,,,,2025-10-14T23:59:59Z,2025-05-15T09:00:00Z,destination=IST&origin=AMS&endRange=2025-10-14T23:59:59Z&startRange=2025-05-15T09:00:00Z,10.0,10.0,100.0,922.0,<Response [200]>,,2025-11-09T18:31:48.524210
,,,,,,AMS,,,,,IST,,,,2025-10-14T23:59:59Z,2025-05-15T09:00:00Z,destination=AMS&origin=IST&endRange=2025-10-14T23:59:59Z&startRange=2025-05-15T09:00:00Z,10.0,10.0,100.0,922.0,<Response [200]>,,2025-11-09T18:31:48.907725
,,,,,,AMS,,,,,JFK,,,,2025-10-14T23:59:59Z,2025-05-15T09:00:00Z,destination=AMS&origin=JFK&endRange=2025-10-14T23:59:59Z&startRange=2025-05-15T09:00:00Z,10.0,10.0,100.0,917.0,<Response [200]>,,2025-11-09T18:31:49.293221
,,,,,,TLM,,,,,LYS,,,,2025-10-14T23:59:59Z,2025-05-15T09:00:00Z,destination=TLM&origin=LYS&endRange=2025-10-14T23:59:59Z&startRange=2025-05-15T09:00:00Z,1.0,1.0,100.0,,,,2025-11-09T18:31:49.680035
,,,,,,TLV,,,,,MAD,,,,2025-10-14T23:59:59Z,2025-05-15T09:00:00Z,destination=TLV&origin=MAD&endRange=2025-10-14T23:59:59Z&startRange=2025-05-15T09:00:00Z,1.0,1.0,100.0,,,,2025-11-09T18:31:50.065784
,,,,,,ATL,,,,,CPH,,,,2025-10-14T23:59:59Z,2025-05-15T09:00:00Z,destination=ATL&origin=CPH&endRange=2025-10-14T23:59:59Z&startRange=2025-05-15T09:00:00Z,1.0,1.0,100.0,,,,2025-11-09T18:31:50.465168
,,,,,,CPH,,,,,ORD,,,,2025-10-14T23:59:59Z,2025-05-15T09:00:00Z,destination=CPH&origin=ORD&endRange=2025-10-14T23:59:59Z&startRange=2025-05-15T09:00:00Z,1.0,1.0,100.0,,,,2025-11-09T18:31:50.855472
,,,,,,CPH,,,,,SEA,,,,2025-10-14T23:59:59Z,2025-05-15T09:00:00Z,destination=CPH&origin=SEA&endRange=2025-10-14T23:59:59Z&startRange=2025-05-15T09:00:00Z,1.0,1.0,100.0,,,,2025-11-09T18:31:51.254933
,,,,,,CPH,,,,,SFO,,,,2025-10-14T23:59:59Z,2025-05-15T09:00:00Z,destination=CPH&origin=SFO&endRange=2025-10-14T23:59:59Z&startRange=2025-05-15T09:00:00Z,1.0,1.0,100.0,,,,2025-11-09T18:31:51.648479
,,,,,,CAY,,,,,LIS,,,,2025-10-14T23:59:59Z,2025-05-15T09:00:00Z,destination=CAY&origin=LIS&endRange=2025-10-14T23:59:59Z&startRange=2025-05-15T09:00:00Z,1.0,1.0,100.0,,,,2025-11-09T18:31:52.046297
,,,,,,CUN,,,,,AMS,,,,2025-10-14T23:59:59Z,2025-05-15T09:00:00Z,destination=CUN&origin=AMS&endRange=2025-10-14T23:59:59Z&startRange=2025-05-15T09:00:00Z,1.0,1.0,100.0,,,,2025-11-09T18:31:52.483488
,,,,,,ASU,,,,,MAD,,,,2025-10-14T23:59:59Z,2025-05-15T09:00:00Z,destination=ASU&origin=MAD&endRange=2025-10-14T23:59:59Z&startRange=2025-05-15T09:00:00Z,1.0,1.0,100.0,,,,2025-11-09T18:31:52.862415
,,,,,,MSP,,,,,CPH,,,,2025-10-14T23:59:59Z,2025-05-15T09:00:00Z,destination=MSP&origin=CPH&endRange=2025-10-14T23:59:59Z&startRange=2025-05-15T09:00:00Z,1.0,1.0,100.0,,,,2025-11-09T18:31:53.254454
,,,,,,GIG,,,,,FCO,,,,2025-10-14T23:59:59Z,2025-05-15T09:00:00Z,destination=GIG&origin=FCO&endRange=2025-10-14T23:59:59Z&startRange=2025-05-15T09:00:00Z,1.0,1.0,100.0,,,,2025-11-09T18:31:53.645018
,,,,,,MRU,,,,,ORY,,,,2025-10-14T23:59:59Z,2025-05-15T09:00:00Z,destination=MRU&origin=ORY&endRange=2025-10-14T23:59:59Z&startRange=2025-05-15T09:00:00Z,1.0,1.0,100.0,,,,2025-11-09T18:31:54.027973
,,,,,,BRU,,,,,HEL,,,,2025-10-14T23:59:59Z,2025-05-15T09:00:00Z,destination=BRU&origin=HEL&endRange=2025-10-14T23:59:59Z&startRange=2025-05-15T09:00:00Z,1.0,1.0,100.0,,,,2025-11-09T18:31:54.445775
,,,,,,JIB,,,,,CDG,,,,2025-10-14T23:59:59Z,2025-05-15T09:00:00Z,destination=JIB&origin=CDG&endRange=2025-10-14T23:59:59Z&startRange=2025-05-15T09:00:00Z,1.0,1.0,100.0,,,,2025-11-09T18:31:54.880689
,,,,,,BOS,,,,,BCN,,,,2025-10-14T23:59:59Z,2025-05-15T09:00:00Z,destination=BOS&origin=BCN&endRange=2025-10-14T23:59:59Z&startRange=2025-05-15T09:00:00Z,1.0,1.0,100.0,,,,2025-11-09T18:31:55.308989
,,,,,,SEA,,,,,CPH,,,,2025-10-14T23:59:59Z,2025-05-15T09:00:00Z,destination=SEA&origin=CPH&endRange=2025-10-14T23:59:59Z&startRange=2025-05-15T09:00:00Z,1.0,1.0,100.0,,,,2025-11-09T18:31:55.735721
,,,,,,DUB,,,,,KIX,,,,2025-10-14T23:59:59Z,2025-05-15T09:00:00Z,destination=DUB&origin=KIX&endRange=2025-10-14T23:59:59Z&startRange=2025-05-15T09:00:00Z,1.0,1.0,100.0,,,,2025-11-09T18:31:56.168260
,,,,,,DUB,,,,,CLT,,,,2025-10-14T23:59:59Z,2025-05-15T09:00:00Z,destination=DUB&origin=CLT&endRange=2025-10-14T23:59:59Z&startRange=2025-05-15T09:00:00Z,1.0,1.0,100.0,,,,2025-11-09T18:31:56.591158
,,,,,,BLJ,,,,,ORY,,,,2025-10-14T23:59:59Z,2025-05-15T09:00:00Z,destination=BLJ&origin=ORY&endRange=2025-10-14T23:59:59Z&startRange=2025-05-15T09:00:00Z,1.0,1.0,100.0,,,,2025-11-09T18:31:56.981345
,,,,,,EIN,,,,,AMS,,,,2025-10-14T23:59:59Z,2025-05-15T09:00:00Z,destination=EIN&origin=AMS&endRange=2025-10-14T23:59:59Z&startRange=2025-05-15T09:00:00Z,1.0,1.0,100.0,,,,2025-11-09T18:31:57.405761
,,,,,,GYE,,,,,MAD,,,,2025-10-14T23:59:59Z,2025-05-15T09:00:00Z,destination=GYE&origin=MAD&endRange=2025-10-14T23:59:59Z&startRange=2025-05-15T09:00:00Z,1.0,1.0,100.0,,,,2025-11-09T18:31:57.822732
,,,,,,MAD,,,,,ASU,,,,2025-10-14T23:59:59Z,2025-05-15T09:00:00Z,destination=MAD&origin=ASU&endRange=2025-10-14T23:59:59Z&startRange=2025-05-15T09:00:00Z,1.0,1.0,100.0,,,,2025-11-09T18:31:58.231969
,,,,,,MAD,,,,,COR,,,,2025-10-14T23:59:59Z,2025-05-15T09:00:00Z,destination=MAD&origin=COR&endRange=2025-10-14T23:59:59Z&startRange=2025-05-15T09:00:00Z,1.0,1.0,100.0,,,,2025-11-09T18:31:58.638092
,,,,,,MAD,,,,,EZE,,,,2025-10-14T23:59:59Z,2025-05-15T09:00:00Z,destination=MAD&origin=EZE&endRange=2025-10-14T23:59:59Z&startRange=2025-05-15T09:00:00Z,1.0,1.0,100.0,,,,2025-11-09T18:31:59.028048
,,,,,,MAD,,,,,LIM,,,,2025-10-14T23:59:59Z,2025-05-15T09:00:00Z,destination=MAD&origin=LIM&endRange=2025-10-14T23:59:59Z&startRange=2025-05-15T09:00:00Z,1.0,1.0,100.0,,,,2025-11-09T18:31:59.427399
,,,,,,MAD,,,,,PUJ,,,,2025-10-14T23:59:59Z,2025-05-15T09:00:00Z,destination=MAD&origin=PUJ&endRange=2025-10-14T23:59:59Z&startRange=2025-05-15T09:00:00Z,1.0,1.0,100.0,,,,2025-11-09T18:31:59.839749
,,,,,,MAD,,,,,SSA,,,,2025-10-14T23:59:59Z,2025-05-15T09:00:00Z,destination=MAD&origin=SSA&endRange=2025-10-14T23:59:59Z&startRange=2025-05-15T09:00:00Z,1.0,1.0,100.0,,,,2025-11-09T18:32:00.225873
,,,,,,MAD,,,,,TLV,,,,2025-10-14T23:59:59Z,2025-05-15T09:00:00Z,destination=MAD&origin=TLV&endRange=2025-10-14T23:59:59Z&startRange=2025-05-15T09:00:00Z,1.0,1.0,100.0,,,,2025-11-09T18:32:00.657409
,,,,,,LYS,,,,,EVN,,,,2025-10-14T23:59:59Z,2025-05-15T09:00:00Z,destination=LYS&origin=EVN&endRange=2025-10-14T23:59:59Z&startRange=2025-05-15T09:00:00Z,1.0,1.0,100.0,,,,2025-11-09T18:32:01.057658
,,,,,,LYS,,,,,FEZ,,,,2025-10-14T23:59:59Z,2025-05-15T09:00:00Z,destination=LYS&origin=FEZ&endRange=2025-10-14T23:59:59Z&startRange=2025-05-15T09:00:00Z,1.0,1.0,100.0,,,,2025-11-09T18:32:01.479940
,,,,,,LYS,,,,,FLR,,,,2025-10-14T23:59:59Z,2025-05-15T09:00:00Z,destination=LYS&origin=FLR&endRange=2025-10-14T23:59:59Z&startRange=2025-05-15T09:00:00Z,1.0,1.0,100.0,,,,2025-11-09T18:32:01.872650
,,,,,,JED,,,,,MAD,,,,2025-10-14T23:59:59Z,2025-05-15T09:00:00Z,destination=JED&origin=MAD&endRange=2025-10-14T23:59:59Z&startRange=2025-05-15T09:00:00Z,1.0,1.0,100.0,,,,2025-11-09T18:32:02.260432
,,,,,,LYS,,,,,IST,,,,2025-10-14T23:59:59Z,2025-05-15T09:00:00Z,destination=LYS&origin=IST&endRange=2025-10-14T23:59:59Z&startRange=2025-05-15T09:00:00Z,1.0,1.0,100.0,,,,2025-11-09T18:32:02.655878
,,,,,,LYS,,,,,MIR,,,,2025-10-14T23:59:59Z,2025-05-15T09:00:00Z,destination=LYS&origin=MIR&endRange=2025-10-14T23:59:59Z&startRange=2025-05-15T09:00:00Z,1.0,1.0,100.0,,,,2025-11-09T18:32:03.038244
,,,,,,LYS,,,,,MRS,,,,2025-10-14T23:59:59Z,2025-05-15T09:00:00Z,destination=LYS&origin=MRS&endRange=2025-10-14T23:59:59Z&startRange=2025-05-15T09:00:00Z,3.0,3.0,100.0,,,,2025-11-09T18:32:03.428079
,,,,,,BGR,,,,,CDG,,,,2025-10-14T23:59:59Z,2025-05-15T09:00:00Z,destination=BGR&origin=CDG&endRange=2025-10-14T23:59:59Z&startRange=2025-05-15T09:00:00Z,1.0,1.0,100.0,,,,2025-11-09T18:32:03.808092
,,,,,,AMS,,,,,FEZ,,,,2025-10-14T23:59:59Z,2025-05-15T09:00:00Z,destination=AMS&origin=FEZ&endRange=2025-10-14T23:59:59Z&startRange=2025-05-15T09:00:00Z,1.0,1.0,100.0,,,,2025-11-09T18:32:04.194609
,,,,,,IST,,,,,LYS,,,,2025-10-14T23:59:59Z,2025-05-15T09:00:00Z,destination=IST&origin=LYS&endRange=2025-10-14T23:59:59Z&startRange=2025-05-15T09:00:00Z,1.0,1.0,100.0,,,,2025-11-09T18:32:04.595558
,,,,,,EWR,,,,,ARN,,,,2025-10-14T23:59:59Z,2025-05-15T09:00:00Z,destination=EWR&origin=ARN&endRange=2025-10-14T23:59:59Z&startRange=2025-05-15T09:00:00Z,1.0,1.0,100.0,,,,2025-11-09T18:32:04.996275
,,,,,,EWR,,,,,OSL,,,,2025-10-14T23:59:59Z,2025-05-15T09:00:00Z,destination=EWR&origin=OSL&endRange=2025-10-14T23:59:59Z&startRange=2025-05-15T09:00:00Z,1.0,1.0,100.0,,,,2025-11-09T18:32:05.411752
,,,,,,EZE,,,,,MAD,,,,2025-10-14T23:59:59Z,2025-05-15T09:00:00Z,destination=EZE&origin=MAD&endRange=2025-10-14T23:59:59Z&startRange=2025-05-15T09:00:00Z,1.0,1.0,100.0,,,,2025-11-09T18:32:05.835026
,,,,,,ORY,,,,,PXO,,,,2025-10-14T23:59:59Z,2025-05-15T09:00:00Z,destination=ORY&origin=PXO&endRange=2025-10-14T23:59:59Z&startRange=2025-05-15T09:00:00Z,1.0,1.0,100.0,,,,2025-11-09T18:32:06.242850
,,,,,,AGA,,,,,LYS,,,,2025-10-14T23:59:59Z,2025-05-15T09:00:00Z,destination=AGA&origin=LYS&endRange=2025-10-14T23:59:59Z&startRange=2025-05-15T09:00:00Z,1.0,1.0,100.0,,,,2025-11-09T18:32:06.671548
,,,,,,LGW,,,,,MAN,,,,2025-10-14T23:59:59Z,2025-05-15T09:00:00Z,destination=LGW&origin=MAN&endRange=2025-10-14T23:59:59Z&startRange=2025-05-15T09:00:00Z,1.0,1.0,100.0,,,,2025-11-09T18:32:07.075922
,,,,,,LHE,,,,,CDG,,,,2025-10-14T23:59:59Z,2025-05-15T09:00:00Z,destination=LHE&origin=CDG&endRange=2025-10-14T23:59:59Z&startRange=2025-05-15T09:00:00Z,1.0,1.0,100.0,,,,2025-11-09T18:32:07.492074
,,,,,,CDG,,,,,YYT,,,,2025-10-14T23:59:59Z,2025-05-15T09:00:00Z,destination=CDG&origin=YYT&endRange=2025-10-14T23:59:59Z&startRange=2025-05-15T09:00:00Z,1.0,1.0,100.0,,,,2025-11-09T18:32:07.898529
,,,,,,SSA,,,,,MAD,,,,2025-10-14T23:59:59Z,2025-05-15T09:00:00Z,destination=SSA&origin=MAD&endRange=2025-10-14T23:59:59Z&startRange=2025-05-15T09:00:00Z,1.0,1.0,100.0,,,,2025-11-09T18:32:08.346588
,,,,,,PFO,,,,,LYS,,,,2025-10-14T23:59:59Z,2025-05-15T09:00:00Z,destination=PFO&origin=LYS&endRange=2025-10-14T23:59:59Z&startRange=2025-05-15T09:00:00Z,1.0,1.0,100.0,,,,2025-11-09T18:32:08.759335
,,,,,,CDG,,,,,TFU,,,,2025-10-14T23:59:59Z,2025-05-15T09:00:00Z,destination=CDG&origin=TFU&endRange=2025-10-14T23:59:59Z&startRange=2025-05-15T09:00:00Z,1.0,1.0,100.0,,,,2025-11-09T18:32:09.208201
,,,,,,FEZ,,,,,AMS,,,,2025-10-14T23:59:59Z,2025-05-15T09:00:00Z,destination=FEZ&origin=AMS&endRange=2025-10-14T23:59:59Z&startRange=2025-05-15T09:00:00Z,1.0,1.0,100.0,,,,2025-11-09T18:32:09.621506
,,,,,,CDG,,,,,VXE,,,,2025-10-14T23:59:59Z,2025-05-15T09:00:00Z,destination=CDG&origin=VXE&endRange=2025-10-14T23:59:59Z&startRange=2025-05-15T09:00:00Z,1.0,1.0,100.0,,,,2025-11-09T18:32:10.009933
,,,,,,CDG,,,,,XIY,,,,2025-10-14T23:59:59Z,2025-05-15T09:00:00Z,destination=CDG&origin=XIY&endRange=2025-10-14T23:59:59Z&startRange=2025-05-15T09:00:00Z,1.0,1.0,100.0,,,,2025-11-09T18:32:10.425044
,,,,,,CDG,,,,,SDR,,,,2025-10-14T23:59:59Z,2025-05-15T09:00:00Z,destination=CDG&origin=SDR&endRange=2025-10-14T23:59:59Z&startRange=2025-05-15T09:00:00Z,1.0,1.0,100.0,,,,2025-11-09T18:32:10.826354
,,,,,,YYT,,,,,CDG,,,,2025-10-14T23:59:59Z,2025-05-15T09:00:00Z,destination=YYT&origin=CDG&endRange=2025-10-14T23:59:59Z&startRange=2025-05-15T09:00:00Z,1.0,1.0,100.0,,,,2025-11-09T18:32:11.235213
,,,,,,OSL,,,,,EWR,,,,2025-10-14T23:59:59Z,2025-05-15T09:00:00Z,destination=OSL&origin=EWR&endRange=2025-10-14T23:59:59Z&startRange=2025-05-15T09:00:00Z,1.0,1.0,100.0,,,,2025-11-09T18:32:11.669693
,,,,,,CDG,,,,,CHQ,,,,2025-10-14T23:59:59Z,2025-05-15T09:00:00Z,destination=CDG&origin=CHQ&endRange=2025-10-14T23:59:59Z&startRange=2025-05-15T09:00:00Z,1.0,1.0,100.0,,,,2025-11-09T18:32:12.078922
,,,,,,NCE,,,,,ALG,,,,2025-10-14T23:59:59Z,2025-05-15T09:00:00Z,destination=NCE&origin=ALG&endRange=2025-10-14T23:59:59Z&startRange=2025-05-15T09:00:00Z,1.0,1.0,100.0,,,,2025-11-09T18:32:12.503459
,,,,,,NCE,,,,,RUH,,,,2025-10-14T23:59:59Z,2025-05-15T09:00:00Z,destination=NCE&origin=RUH&endRange=2025-10-14T23:59:59Z&startRange=2025-05-15T09:00:00Z,1.0,1.0,100.0,,,,2025-11-09T18:32:12.906525
,,,,,,PUJ,,,,,MAD,,,,2025-10-14T23:59:59Z,2025-05-15T09:00:00Z,destination=PUJ&origin=MAD&endRange=2025-10-14T23:59:59Z&startRange=2025-05-15T09:00:00Z,1.0,1.0,100.0,,,,2025-11-09T18:32:13.333683
,,,,,,NKG,,,,,CDG,,,,2025-10-14T23:59:59Z,2025-05-15T09:00:00Z,destination=NKG&origin=CDG&endRange=2025-10-14T23:59:59Z&startRange=2025-05-15T09:00:00Z,1.0,1.0,100.0,,,,2025-11-09T18:32:13.719642
,,,,,,PTY,,,,,MAD,,,,2025-10-14T23:59:59Z,2025-05-15T09:00:00Z,destination=PTY&origin=MAD&endRange=2025-10-14T23:59:59Z&startRange=2025-05-15T09:00:00Z,1.0,1.0,100.0,,,,2025-11-09T18:32:14.109648
,,,,,,CDG,,,,,LHE,,,,2025-10-14T23:59:59Z,2025-05-15T09:00:00Z,destination=CDG&origin=LHE&endRange=2025-10-14T23:59:59Z&startRange=2025-05-15T09:00:00Z,1.0,1.0,100.0,,,,2025-11-09T18:32:14.532116
,,,,,,CPH,,,,,LAX,,,,2025-10-14T23:59:59Z,2025-05-15T09:00:00Z,destination=CPH&origin=LAX&endRange=2025-10-14T23:59:59Z&startRange=2025-05-15T09:00:00Z,1.0,1.0,100.0,,,,2025-11-09T18:32:14.929513
,,,,,,CPH,,,,,IAD,,,,2025-10-14T23:59:59Z,2025-05-15T09:00:00Z,destination=CPH&origin=IAD&endRange=2025-10-14T23:59:59Z&startRange=2025-05-15T09:00:00Z,1.0,1.0,100.0,,,,2025-11-09T18:32:15.348703
,,,,,,CPH,,,,,ATL,,,,2025-10-14T23:59:59Z,2025-05-15T09:00:00Z,destination=CPH&origin=ATL&endRange=2025-10-14T23:59:59Z&startRange=2025-05-15T09:00:00Z,1.0,1.0,100.0,,,,2025-11-09T18:32:15.763152
,,,,,,COR,,,,,MAD,,,,2025-10-14T23:59:59Z,2025-05-15T09:00:00Z,destination=COR&origin=MAD&endRange=2025-10-14T23:59:59Z&startRange=2025-05-15T09:00:00Z,1.0,1.0,100.0,,,,2025-11-09T18:32:16.182507
,,,,,,CDG,,,,,MED,,,,2025-10-14T23:59:59Z,2025-05-15T09:00:00Z,destination=CDG&origin=MED&endRange=2025-10-14T23:59:59Z&startRange=2025-05-15T09:00:00Z,1.0,1.0,100.0,,,,2025-11-09T18:32:16.611897
,,,,,,ORY,,,,,VIL,,,,2025-10-14T23:59:59Z,2025-05-15T09:00:00Z,destination=ORY&origin=VIL&endRange=2025-10-14T23:59:59Z&startRange=2025-05-15T09:00:00Z,1.0,1.0,100.0,,,,2025-11-09T18:32:17.018464
,,,,,,FRA,,,,,JFK,,,,2025-10-14T23:59:59Z,2025-05-15T09:00:00Z,destination=FRA&origin=JFK&endRange=2025-10-14T23:59:59Z&startRange=2025-05-15T09:00:00Z,2.0,2.0,100.0,,,,2025-11-09T18:32:17.473476
,,,,,,FRA,,,,,DTW,,,,2025-10-14T23:59:59Z,2025-05-15T09:00:00Z,destination=FRA&origin=DTW&endRange=2025-10-14T23:59:59Z&startRange=2025-05-15T09:00:00Z,2.0,2.0,100.0,,,,2025-11-09T18:32:17.902367
,,,,,,FRA,,,,,ATL,,,,2025-10-14T23:59:59Z,2025-05-15T09:00:00Z,destination=FRA&origin=ATL&endRange=2025-10-14T23:59:59Z&startRange=2025-05-15T09:00:00Z,2.0,2.0,100.0,,,,2025-11-09T18:32:18.326189
,,,,,,MUC,,,,,ATL,,,,2025-10-14T23:59:59Z,2025-05-15T09:00:00Z,destination=MUC&origin=ATL&endRange=2025-10-14T23:59:59Z&startRange=2025-05-15T09:00:00Z,2.0,2.0,100.0,,,,2025-11-09T18:32:18.727421
,,,,,,CDG,,,,,CUN,,,,2025-10-14T23:59:59Z,2025-05-15T09:00:00Z,destination=CDG&origin=CUN&endRange=2025-10-14T23:59:59Z&startRange=2025-05-15T09:00:00Z,1.0,1.0,100.0,,,,2025-11-09T18:32:19.140463
,,,,,,TLV,,,,,NCE,,,,2025-10-14T23:59:59Z,2025-05-15T09:00:00Z,destination=TLV&origin=NCE&endRange=2025-10-14T23:59:59Z&startRange=2025-05-15T09:00:00Z,2.0,2.0,100.0,,,,2025-11-09T18:32:19.576309
,,,,,,TPA,,,,,AMS,,,,2025-10-14T23:59:59Z,2025-05-15T09:00:00Z,destination=TPA&origin=AMS&endRange=2025-10-14T23:59:59Z&startRange=2025-05-15T09:00:00Z,1.0,1.0,100.0,,,,2025-11-09T18:32:19.989601
,,,,,,CZL,,,,,LYS,,,,2025-10-14T23:59:59Z,2025-05-15T09:00:00Z,destination=CZL&origin=LYS&endRange=2025-10-14T23:59:59Z&startRange=2025-05-15T09:00:00Z,2.0,2.0,100.0,,,,2025-11-09T18:32:20.427407
,,,,,,NCE,,,,,JFK,,,,2025-10-14T23:59:59Z,2025-05-15T09:00:00Z,destination=NCE&origin=JFK&endRange=2025-10-14T23:59:59Z&startRange=2025-05-15T09:00:00Z,2.0,2.0,100.0,158.0,<Response [200]>,,2025-11-09T18:32:20.856167
,,,,,,DEN,,,,,CDG,,,,2025-10-14T23:59:59Z,2025-05-15T09:00:00Z,destination=DEN&origin=CDG&endRange=2025-10-14T23:59:59Z&startRange=2025-05-15T09:00:00Z,1.0,1.0,100.0,77.0,<Response [200]>,,2025-11-09T18:32:21.296644
,,,,,,KGL,,,,,CDG,,,,2025-10-14T23:59:59Z,2025-05-15T09:00:00Z,destination=KGL&origin=CDG&endRange=2025-10-14T23:59:59Z&startRange=2025-05-15T09:00:00Z,1.0,1.0,100.0,69.0,<Response [200]>,,2025-11-09T18:32:21.763013
,,,,,,AMS,,,,,SID,,,,2025-10-14T23:59:59Z,2025-05-15T09:00:00Z,destination=AMS&origin=SID&endRange=2025-10-14T23:59:59Z&startRange=2025-05-15T09:00:00Z,1.0,1.0,100.0,87.0,<Response [200]>,,2025-11-09T18:32:22.180073
,,,,,,ZNZ,,,,,AMS,,,,2025-10-14T23:59:59Z,2025-05-15T09:00:00Z,destination=ZNZ&origin=AMS&endRange=2025-10-14T23:59:59Z&startRange=2025-05-15T09:00:00Z,1.0,1.0,100.0,81.0,<Response [200]>,,2025-11-09T18:32:22.600676
,,,,,,CDG,,,,,AAE,,,,2025-10-14T23:59:59Z,2025-05-15T09:00:00Z,destination=CDG&origin=AAE&endRange=2025-10-14T23:59:59Z&startRange=2025-05-15T09:00:00Z,1.0,1.0,100.0,95.0,<Response [200]>,,2025-11-09T18:32:23.000120
,,,,,,AMS,,,,,MST,,,,2025-10-14T23:59:59Z,2025-05-15T09:00:00Z,destination=AMS&origin=MST&endRange=2025-10-14T23:59:59Z&startRange=2025-05-15T09:00:00Z,1.0,1.0,100.0,21.0,<Response [200]>,,2025-11-09T18:32:23.420183
,,,,,,ZNZ,,,,,CDG,,,,2025-10-14T23:59:59Z,2025-05-15T09:00:00Z,destination=ZNZ&origin=CDG&endRange=2025-10-14T23:59:59Z&startRange=2025-05-15T09:00:00Z,1.0,1.0,100.0,57.0,<Response [200]>,,2025-11-09T18:32:23.833555
,,,,,,CDG,,,,,JRO,,,,2025-10-14T23:59:59Z,2025-05-15T09:00:00Z,destination=CDG&origin=JRO&endRange=2025-10-14T23:59:59Z&startRange=2025-05-15T09:00:00Z,1.0,1.0,100.0,57.0,<Response [200]>,,2025-11-09T18:32:24.260626
,,,,,,NDJ,,,,,CDG,,,,2025-10-14T23:59:59Z,2025-05-15T09:00:00Z,destination=NDJ&origin=CDG&endRange=2025-10-14T23:59:59Z&startRange=2025-05-15T09:00:00Z,1.0,1.0,100.0,61.0,<Response [200]>,,2025-11-09T18:32:24.726470
,,,,,,MAD,,,,,HAV,,,,2025-10-14T23:59:59Z,2025-05-15T09:00:00Z,destination=MAD&origin=HAV&endRange=2025-10-14T23:59:59Z&startRange=2025-05-15T09:00:00Z,1.0,1.0,100.0,55.0,<Response [200]>,,2025-11-09T18:32:25.157775
,,,,,,HAV,,,,,MAD,,,,2025-10-14T23:59:59Z,2025-05-15T09:00:00Z,destination=HAV&origin=MAD&endRange=2025-10-14T23:59:59Z&startRange=2025-05-15T09:00:00Z,1.0,1.0,100.0,55.0,<Response [200]>,,2025-11-09T18:32:25.600801
,,,,,,JSI,,,,,AMS,,,,2025-10-14T23:59:59Z,2025-05-15T09:00:00Z,destination=JSI&origin=AMS&endRange=2025-10-14T23:59:59Z&startRange=2025-05-15T09:00:00Z,1.0,1.0,100.0,20.0,<Response [200]>,,2025-11-09T18:32:26.049598
,,,,,,CDG,,,,,CLT,,,,2025-10-14T23:59:59Z,2025-05-15T09:00:00Z,destination=CDG&origin=CLT&endRange=2025-10-14T23:59:59Z&startRange=2025-05-15T09:00:00Z,1.0,1.0,100.0,91.0,<Response [200]>,,2025-11-09T18:32:26.480704
,,,,,,BVC,,,,,AMS,,,,2025-10-14T23:59:59Z,2025-05-15T09:00:00Z,destination=BVC&origin=AMS&endRange=2025-10-14T23:59:59Z&startRange=2025-05-15T09:00:00Z,1.0,1.0,100.0,44.0,<Response [200]>,,2025-11-09T18:32:26.900883
,,,,,,AAE,,,,,CDG,,,,2025-10-14T23:59:59Z,2025-05-15T09:00:00Z,destination=AAE&origin=CDG&endRange=2025-10-14T23:59:59Z&startRange=2025-05-15T09:00:00Z,1.0,1.0,100.0,89.0,<Response [200]>,,2025-11-09T18:32:27.325813
,,,,,,CLT,,,,,CDG,,,,2025-10-14T23:59:59Z,2025-05-15T09:00:00Z,destination=CLT&origin=CDG&endRange=2025-10-14T23:59:59Z&startRange=2025-05-15T09:00:00Z,1.0,1.0,100.0,95.0,<Response [200]>,,2025-11-09T18:32:27.758260
,,,,,,ORY,,,,,LAX,,,,2025-10-14T23:59:59Z,2025-05-15T09:00:00Z,destination=ORY&origin=LAX&endRange=2025-10-14T23:59:59Z&startRange=2025-05-15T09:00:00Z,1.0,1.0,100.0,87.0,<Response [200]>,,2025-11-09T18:32:28.192307
,,,,,,CDG,,,,,HRG,,,,2025-10-14T23:59:59Z,2025-05-15T09:00:00Z,destination=CDG&origin=HRG&endRange=2025-10-14T23:59:59Z&startRange=2025-05-15T09:00:00Z,1.0,1.0,100.0,80.0,<Response [200]>,,2025-11-09T18:32:28.650548
,,,,,,YHZ,,,,,CDG,,,,2025-10-14T23:59:59Z,2025-05-15T09:00:00Z,destination=YHZ&origin=CDG&endRange=2025-10-14T23:59:59Z&startRange=2025-05-15T09:00:00Z,1.0,1.0,100.0,93.0,<Response [200]>,,2025-11-09T18:32:29.091792
,,,,,,ABV,,,,,CDG,,,,2025-10-14T23:59:59Z,2025-05-15T09:00:00Z,destination=ABV&origin=CDG&endRange=2025-10-14T23:59:59Z&startRange=2025-05-15T09:00:00Z,1.0,1.0,100.0,60.0,<Response [200]>,,2025-11-09T18:32:29.535257
,,,,,,NKC,,,,,CDG,,,,2025-10-14T23:59:59Z,2025-05-15T09:00:00Z,destination=NKC&origin=CDG&endRange=2025-10-14T23:59:59Z&startRange=2025-05-15T09:00:00Z,1.0,1.0,100.0,86.0,<Response [200]>,,2025-11-09T18:32:29.960518
,,,,,,SSG,,,,,CDG,,,,2025-10-14T23:59:59Z,2025-05-15T09:00:00Z,destination=SSG&origin=CDG&endRange=2025-10-14T23:59:59Z&startRange=2025-05-15T09:00:00Z,1.0,1.0,100.0,60.0,<Response [200]>,,2025-11-09T18:32:30.389087
,,,,,,PFO,,,,,AMS,,,,2025-10-14T23:59:59Z,2025-05-15T09:00:00Z,destination=PFO&origin=AMS&endRange=2025-10-14T23:59:59Z&startRange=2025-05-15T09:00:00Z,1.0,1.0,100.0,90.0,<Response [200]>,,2025-11-09T18:32:30.801382
,,,,,,CUN,,,,,CDG,,,,2025-10-14T23:59:59Z,2025-05-15T09:00:00Z,destination=CUN&origin=CDG&endRange=2025-10-14T23:59:59Z&startRange=2025-05-15T09:00:00Z,1.0,1.0,100.0,60.0,<Response [200]>,,2025-11-09T18:32:31.228619
,,,,,,CDG,,,,,CZL,,,,2025-10-14T23:59:59Z,2025-05-15T09:00:00Z,destination=CDG&origin=CZL&endRange=2025-10-14T23:59:59Z&startRange=2025-05-15T09:00:00Z,1.0,1.0,100.0,90.0,<Response [200]>,,2025-11-09T18:32:31.677009
,,,,,,CDG,,,,,YHZ,,,,2025-10-14T23:59:59Z,2025-05-15T09:00:00Z,destination=CDG&origin=YHZ&endRange=2025-10-14T23:59:59Z&startRange=2025-05-15T09:00:00Z,1.0,1.0,100.0,90.0,<Response [200]>,,2025-11-09T18:32:32.099666
,,,,,,CDG,,,,,MCT,,,,2025-10-14T23:59:59Z,2025-05-15T09:00:00Z,destination=CDG&origin=MCT&endRange=2025-10-14T23:59:59Z&startRange=2025-05-15T09:00:00Z,1.0,1.0,100.0,86.0,<Response [200]>,,2025-11-09T18:32:32.532007
,,,,,,OUD,,,,,CDG,,,,2025-10-14T23:59:59Z,2025-05-15T09:00:00Z,destination=OUD&origin=CDG&endRange=2025-10-14T23:59:59Z&startRange=2025-05-15T09:00:00Z,1.0,1.0,100.0,94.0,<Response [200]>,,2025-11-09T18:32:32.941319
,,,,,,CDG,,,,,OUD,,,,2025-10-14T23:59:59Z,2025-05-15T09:00:00Z,destination=CDG&origin=OUD&endRange=2025-10-14T23:59:59Z&startRange=2025-05-15T09:00:00Z,1.0,1.0,100.0,98.0,<Response [200]>,,2025-11-09T18:32:33.374953
,,,,,,CZL,,,,,CDG,,,,2025-10-14T23:59:59Z,2025-05-15T09:00:00Z,destination=CZL&origin=CDG&endRange=2025-10-14T23:59:59Z&startRange=2025-05-15T09:00:00Z,1.0,1.0,100.0,87.0,<Response [200]>,,2025-11-09T18:32:33.807761
,,,,,,MAD,,,,,IST,,,,2025-10-14T23:59:59Z,2025-05-15T09:00:00Z,destination=MAD&origin=IST&endRange=2025-10-14T23:59:59Z&startRange=2025-05-15T09:00:00Z,1.0,1.0,100.0,44.0,<Response [200]>,,2025-11-09T18:32:34.240792
,,,,,,MCT,,,,,AMS,,,,2025-10-14T23:59:59Z,2025-05-15T09:00:00Z,destination=MCT&origin=AMS&endRange=2025-10-14T23:59:59Z&startRange=2025-05-15T09:00:00Z,1.0,1.0,100.0,65.0,<Response [200]>,,2025-11-09T18:32:34.677896
,,,,,,AUS,,,,,AMS,,,,2025-10-14T23:59:59Z,2025-05-15T09:00:00Z,destination=AUS&origin=AMS&endRange=2025-10-14T23:59:59Z&startRange=2025-05-15T09:00:00Z,1.0,1.0,100.0,76.0,<Response [200]>,,2025-11-09T18:32:35.091043
,,,,,,HRG,,,,,CDG,,,,2025-10-14T23:59:59Z,2025-05-15T09:00:00Z,destination=HRG&origin=CDG&endRange=2025-10-14T23:59:59Z&startRange=2025-05-15T09:00:00Z,1.0,1.0,100.0,67.0,<Response [200]>,,2025-11-09T18:32:35.557082
,,,,,,AMS,,,,,TPA,,,,2025-10-14T23:59:59Z,2025-05-15T09:00:00Z,destination=AMS&origin=TPA&endRange=2025-10-14T23:59:59Z&startRange=2025-05-15T09:00:00Z,1.0,1.0,100.0,88.0,<Response [200]>,,2025-11-09T18:32:35.979296
,,,,,,ORY,,,,,EVN,,,,2025-10-14T23:59:59Z,2025-05-15T09:00:00Z,destination=ORY&origin=EVN&endRange=2025-10-14T23:59:59Z&startRange=2025-05-15T09:00:00Z,1.0,1.0,100.0,97.0,<Response [200]>,,2025-11-09T18:32:36.443845
,,,,,,XMN,,,,,CDG,,,,2025-10-14T23:59:59Z,2025-05-15T09:00:00Z,destination=XMN&origin=CDG&endRange=2025-10-14T23:59:59Z&startRange=2025-05-15T09:00:00Z,1.0,1.0,100.0,66.0,<Response [200]>,,2025-11-09T18:32:36.891397
,,,,,,AMS,,,,,MCT,,,,2025-10-14T23:59:59Z,2025-05-15T09:00:00Z,destination=AMS&origin=MCT&endRange=2025-10-14T23:59:59Z&startRange=2025-05-15T09:00:00Z,1.0,1.0,100.0,63.0,<Response [200]>,,2025-11-09T18:32:37.322417
,,,,,,AMS,,,,,PFO,,,,2025-10-14T23:59:59Z,2025-05-15T09:00:00Z,destination=AMS&origin=PFO&endRange=2025-10-14T23:59:59Z&startRange=2025-05-15T09:00:00Z,1.0,1.0,100.0,89.0,<Response [200]>,,2025-11-09T18:32:37.746210
,,,,,,IST,,,,,MAD,,,,2025-10-14T23:59:59Z,2025-05-15T09:00:00Z,destination=IST&origin=MAD&endRange=2025-10-14T23:59:59Z&startRange=2025-05-15T09:00:00Z,1.0,1.0,100.0,43.0,<Response [200]>,,2025-11-09T18:32:38.185831
,,,,,,ADB,,,,,ORY,,,,2025-10-14T23:59:59Z,2025-05-15T09:00:00Z,destination=ADB&origin=ORY&endRange=2025-10-14T23:59:59Z&startRange=2025-05-15T09:00:00Z,1.0,1.0,100.0,75.0,<Response [200]>,,2025-11-09T18:32:38.656547
,,,,,,AGA,,,,,AMS,,,,2025-10-14T23:59:59Z,2025-05-15T09:00:00Z,destination=AGA&origin=AMS&endRange=2025-10-14T23:59:59Z&startRange=2025-05-15T09:00:00Z,1.0,1.0,100.0,70.0,<Response [200]>,,2025-11-09T18:32:39.075561
,,,,,,AGA,,,,,CDG,,,,2025-10-14T23:59:59Z,2025-05-15T09:00:00Z,destination=AGA&origin=CDG&endRange=2025-10-14T23:59:59Z&startRange=2025-05-15T09:00:00Z,1.0,1.0,100.0,50.0,<Response [200]>,,2025-11-09T18:32:39.538809
,,,,,,HAV,,,,,CDG,,,,2025-10-14T23:59:59Z,2025-05-15T09:00:00Z,destination=HAV&origin=CDG&endRange=2025-10-14T23:59:59Z&startRange=2025-05-15T09:00:00Z,1.0,1.0,100.0,66.0,<Response [200]>,,2025-11-09T18:32:39.979075
,,,,,,LAX,,,,,ORY,,,,2025-10-14T23:59:59Z,2025-05-15T09:00:00Z,destination=LAX&origin=ORY&endRange=2025-10-14T23:59:59Z&startRange=2025-05-15T09:00:00Z,1.0,1.0,100.0,84.0,<Response [200]>,,2025-11-09T18:32:40.438208
,,,,,,KWI,,,,,AMS,,,,2025-10-14T23:59:59Z,2025-05-15T09:00:00Z,destination=KWI&origin=AMS&endRange=2025-10-14T23:59:59Z&startRange=2025-05-15T09:00:00Z,1.0,1.0,100.0,65.0,<Response [200]>,,2025-11-09T18:32:40.887394
,,,,,,CDG,,,,,PER,,,,2025-10-14T23:59:59Z,2025-05-15T09:00:00Z,destination=CDG&origin=PER&endRange=2025-10-14T23:59:59Z&startRange=2025-05-15T09:00:00Z,1.0,1.0,100.0,67.0,<Response [200]>,,2025-11-09T18:32:41.330723
,,,,,,CDG,,,,,CMB,,,,2025-10-14T23:59:59Z,2025-05-15T09:00:00Z,destination=CDG&origin=CMB&endRange=2025-10-14T23:59:59Z&startRange=2025-05-15T09:00:00Z,1.0,1.0,100.0,66.0,<Response [200]>,,2025-11-09T18:32:41.762766
,,,,,,CDG,,,,,DEN,,,,2025-10-14T23:59:59Z,2025-05-15T09:00:00Z,destination=CDG&origin=DEN&endRange=2025-10-14T23:59:59Z&startRange=2025-05-15T09:00:00Z,1.0,1.0,100.0,77.0,<Response [200]>,,2025-11-09T18:32:42.170335
,,,,,,ORY,,,,,LCA,,,,2025-10-14T23:59:59Z,2025-05-15T09:00:00Z,destination=ORY&origin=LCA&endRange=2025-10-14T23:59:59Z&startRange=2025-05-15T09:00:00Z,1.0,1.0,100.0,54.0,<Response [200]>,,2025-11-09T18:32:42.584018
,,,,,,ORY,,,,,NDR,,,,2025-10-14T23:59:59Z,2025-05-15T09:00:00Z,destination=ORY&origin=NDR&endRange=2025-10-14T23:59:59Z&startRange=2025-05-15T09:00:00Z,1.0,1.0,100.0,57.0,<Response [200]>,,2025-11-09T18:32:42.980930
,,,,,,RMF,,,,,AMS,,,,2025-10-14T23:59:59Z,2025-05-15T09:00:00Z,destination=RMF&origin=AMS&endRange=2025-10-14T23:59:59Z&startRange=2025-05-15T09:00:00Z,1.0,1.0,100.0,80.0,<Response [200]>,,2025-11-09T18:32:43.404245
,,,,,,PER,,,,,CDG,,,,2025-10-14T23:59:59Z,2025-05-15T09:00:00Z,destination=PER&origin=CDG&endRange=2025-10-14T23:59:59Z&startRange=2025-05-15T09:00:00Z,1.0,1.0,100.0,67.0,<Response [200]>,,2025-11-09T18:32:43.826365
,,,,,,NDR,,,,,ORY,,,,2025-10-14T23:59:59Z,2025-05-15T09:00:00Z,destination=NDR&origin=ORY&endRange=2025-10-14T23:59:59Z&startRange=2025-05-15T09:00:00Z,1.0,1.0,100.0,58.0,<Response [200]>,,2025-11-09T18:32:44.228045
,,,,,,BSK,,,,,ORY,,,,2025-10-14T23:59:59Z,2025-05-15T09:00:00Z,destination=BSK&origin=ORY&endRange=2025-10-14T23:59:59Z&startRange=2025-05-15T09:00:00Z,1.0,1.0,100.0,70.0,<Response [200]>,,2025-11-09T18:32:44.644409
,,,,,,BVC,,,,,ORY,,,,2025-10-14T23:59:59Z,2025-05-15T09:00:00Z,destination=BVC&origin=ORY&endRange=2025-10-14T23:59:59Z&startRange=2025-05-15T09:00:00Z,1.0,1.0,100.0,43.0,<Response [200]>,,2025-11-09T18:32:45.044632
,,,,,,AMS,,,,,GEO,,,,2025-10-14T23:59:59Z,2025-05-15T09:00:00Z,destination=AMS&origin=GEO&endRange=2025-10-14T23:59:59Z&startRange=2025-05-15T09:00:00Z,1.0,1.0,100.0,38.0,<Response [200]>,,2025-11-09T18:32:45.485444
,,,,,,AMS,,,,,AUS,,,,2025-10-14T23:59:59Z,2025-05-15T09:00:00Z,destination=AMS&origin=AUS&endRange=2025-10-14T23:59:59Z&startRange=2025-05-15T09:00:00Z,1.0,1.0,100.0,76.0,<Response [200]>,,2025-11-09T18:32:45.898965
,,,,,,AMS,,,,,KWI,,,,2025-10-14T23:59:59Z,2025-05-15T09:00:00Z,destination=AMS&origin=KWI&endRange=2025-10-14T23:59:59Z&startRange=2025-05-15T09:00:00Z,1.0,1.0,100.0,64.0,<Response [200]>,,2025-11-09T18:32:46.313306
,,,,,,ORY,,,,,ADB,,,,2025-10-14T23:59:59Z,2025-05-15T09:00:00Z,destination=ORY&origin=ADB&endRange=2025-10-14T23:59:59Z&startRange=2025-05-15T09:00:00Z,1.0,1.0,100.0,75.0,<Response [200]>,,2025-11-09T18:32:46.752254
,,,,,,MIA,,,,,ORY,,,,2025-10-14T23:59:59Z,2025-05-15T09:00:00Z,destination=MIA&origin=ORY&endRange=2025-10-14T23:59:59Z&startRange=2025-05-15T09:00:00Z,1.0,1.0,100.0,66.0,<Response [200]>,,2025-11-09T18:32:47.185234
,,,,,,GUW,,,,,AMS,,,,2025-10-14T23:59:59Z,2025-05-15T09:00:00Z,destination=GUW&origin=AMS&endRange=2025-10-14T23:59:59Z&startRange=2025-05-15T09:00:00Z,1.0,1.0,100.0,60.0,<Response [200]>,,2025-11-09T18:32:47.605597
,,,,,,EVN,,,,,ORY,,,,2025-10-14T23:59:59Z,2025-05-15T09:00:00Z,destination=EVN&origin=ORY&endRange=2025-10-14T23:59:59Z&startRange=2025-05-15T09:00:00Z,1.0,1.0,100.0,96.0,<Response [200]>,,2025-11-09T18:32:48.016540
,,,,,,MCT,,,,,CDG,,,,2025-10-14T23:59:59Z,2025-05-15T09:00:00Z,destination=MCT&origin=CDG&endRange=2025-10-14T23:59:59Z&startRange=2025-05-15T09:00:00Z,1.0,1.0,100.0,87.0,<Response [200]>,,2025-11-09T18:32:48.458732
,,,,,,CDG,,,,,MCO,,,,2025-10-14T23:59:59Z,2025-05-15T09:00:00Z,destination=CDG&origin=MCO&endRange=2025-10-14T23:59:59Z&startRange=2025-05-15T09:00:00Z,1.0,1.0,100.0,82.0,<Response [200]>,,2025-11-09T18:32:48.868788
,,,,,,ORY,,,,,BSK,,,,2025-10-14T23:59:59Z,2025-05-15T09:00:00Z,destination=ORY&origin=BSK&endRange=2025-10-14T23:59:59Z&startRange=2025-05-15T09:00:00Z,1.0,1.0,100.0,71.0,<Response [200]>,,2025-11-09T18:32:49.281600
,,,,,,CDG,,,,,KGL,,,,2025-10-14T23:59:59Z,2025-05-15T09:00:00Z,destination=CDG&origin=KGL&endRange=2025-10-14T23:59:59Z&startRange=2025-05-15T09:00:00Z,1.0,1.0,100.0,65.0,<Response [200]>,,2025-11-09T18:32:49.696255
,,,,,,VXE,,,,,AMS,,,,2025-10-14T23:59:59Z,2025-05-15T09:00:00Z,destination=VXE&origin=AMS&endRange=2025-10-14T23:59:59Z&startRange=2025-05-15T09:00:00Z,1.0,1.0,100.0,22.0,<Response [200]>,,2025-11-09T18:32:50.106258
,,,,,,MAD,,,,,MTY,,,,2025-10-14T23:59:59Z,2025-05-15T09:00:00Z,destination=MAD&origin=MTY&endRange=2025-10-14T23:59:59Z&startRange=2025-05-15T09:00:00Z,1.0,1.0,100.0,65.0,<Response [200]>,,2025-11-09T18:32:50.549020
,,,,,,SID,,,,,ORY,,,,2025-10-14T23:59:59Z,2025-05-15T09:00:00Z,destination=SID&origin=ORY&endRange=2025-10-14T23:59:59Z&startRange=2025-05-15T09:00:00Z,1.0,1.0,100.0,98.0,<Response [200]>,,2025-11-09T18:32:50.988553
,,,,,,CDG,,,,,MNL,,,,2025-10-14T23:59:59Z,2025-05-15T09:00:00Z,destination=CDG&origin=MNL&endRange=2025-10-14T23:59:59Z&startRange=2025-05-15T09:00:00Z,1.0,1.0,100.0,65.0,<Response [200]>,,2025-11-09T18:32:51.410853
,,,,,,ESB,,,,,ORY,,,,2025-10-14T23:59:59Z,2025-05-15T09:00:00Z,destination=ESB&origin=ORY&endRange=2025-10-14T23:59:59Z&startRange=2025-05-15T09:00:00Z,1.0,1.0,100.0,62.0,<Response [200]>,,2025-11-09T18:32:51.822641
,,,,,,MCO,,,,,CDG,,,,2025-10-14T23:59:59Z,2025-05-15T09:00:00Z,destination=MCO&origin=CDG&endRange=2025-10-14T23:59:59Z&startRange=2025-05-15T09:00:00Z,1.0,1.0,100.0,82.0,<Response [200]>,,2025-11-09T18:32:52.229724
,,,,,,ASR,,,,,AMS,,,,2025-10-14T23:59:59Z,2025-05-15T09:00:00Z,destination=ASR&origin=AMS&endRange=2025-10-14T23:59:59Z&startRange=2025-05-15T09:00:00Z,1.0,1.0,100.0,75.0,<Response [200]>,,2025-11-09T18:32:52.625467
,,,,,,AMS,,,,,RMF,,,,2025-10-14T23:59:59Z,2025-05-15T09:00:00Z,destination=AMS&origin=RMF&endRange=2025-10-14T23:59:59Z&startRange=2025-05-15T09:00:00Z,1.0,1.0,100.0,81.0,<Response [200]>,,2025-11-09T18:32:53.041682
,,,,,,AMS,,,,,SAN,,,,2025-10-14T23:59:59Z,2025-05-15T09:00:00Z,destination=AMS&origin=SAN&endRange=2025-10-14T23:59:59Z&startRange=2025-05-15T09:00:00Z,1.0,1.0,100.0,66.0,<Response [200]>,,2025-11-09T18:32:53.457217
,,,,,,DTW,,,,,DUB,,,,2025-10-14T23:59:59Z,2025-05-15T09:00:00Z,destination=DTW&origin=DUB&endRange=2025-10-14T23:59:59Z&startRange=2025-05-15T09:00:00Z,1.0,1.0,100.0,82.0,<Response [200]>,,2025-11-09T18:32:53.902438
,,,,,,CDG,,,,,SSA,,,,2025-10-14T23:59:59Z,2025-05-15T09:00:00Z,destination=CDG&origin=SSA&endRange=2025-10-14T23:59:59Z&startRange=2025-05-15T09:00:00Z,1.0,1.0,100.0,65.0,<Response [200]>,,2025-11-09T18:32:54.371424
,,,,,,SSA,,,,,CDG,,,,2025-10-14T23:59:59Z,2025-05-15T09:00:00Z,destination=SSA&origin=CDG&endRange=2025-10-14T23:59:59Z&startRange=2025-05-15T09:00:00Z,1.0,1.0,100.0,65.0,<Response [200]>,,2025-11-09T18:32:54.892085
,,,,,,TTU,,,,,AMS,,,,2025-10-14T23:59:59Z,2025-05-15T09:00:00Z,destination=TTU&origin=AMS&endRange=2025-10-14T23:59:59Z&startRange=2025-05-15T09:00:00Z,1.0,1.0,100.0,41.0,<Response [200]>,,2025-11-09T18:32:55.351303
,,,,,,AMS,,,,,AGA,,,,2025-10-14T23:59:59Z,2025-05-15T09:00:00Z,destination=AMS&origin=AGA&endRange=2025-10-14T23:59:59Z&startRange=2025-05-15T09:00:00Z,1.0,1.0,100.0,70.0,<Response [200]>,,2025-11-09T18:32:55.803348
,,,,,,AMS,,,,,AMM,,,,2025-10-14T23:59:59Z,2025-05-15T09:00:00Z,destination=AMS&origin=AMM&endRange=2025-10-14T23:59:59Z&startRange=2025-05-15T09:00:00Z,1.0,1.0,100.0,78.0,<Response [200]>,,2025-11-09T18:32:56.256085
,,,,,,AMS,,,,,ASR,,,,2025-10-14T23:59:59Z,2025-05-15T09:00:00Z,destination=AMS&origin=ASR&endRange=2025-10-14T23:59:59Z&startRange=2025-05-15T09:00:00Z,1.0,1.0,100.0,75.0,<Response [200]>,,2025-11-09T18:32:56.721734
,,,,,,ORY,,,,,ESB,,,,2025-10-14T23:59:59Z,2025-05-15T09:00:00Z,destination=ORY&origin=ESB&endRange=2025-10-14T23:59:59Z&startRange=2025-05-15T09:00:00Z,1.0,1.0,100.0,64.0,<Response [200]>,,2025-11-09T18:32:57.180792
,,,,,,AMM,,,,,AMS,,,,2025-10-14T23:59:59Z,2025-05-15T09:00:00Z,destination=AMM&origin=AMS&endRange=2025-10-14T23:59:59Z&startRange=2025-05-15T09:00:00Z,1.0,1.0,100.0,78.0,<Response [200]>,,2025-11-09T18:32:57.645533
,,,,,,LCA,,,,,ORY,,,,2025-10-14T23:59:59Z,2025-05-15T09:00:00Z,destination=LCA&origin=ORY&endRange=2025-10-14T23:59:59Z&startRange=2025-05-15T09:00:00Z,1.0,1.0,100.0,53.0,<Response [200]>,,2025-11-09T18:32:58.084165
,,,,,,CDG,,,,,AGA,,,,2025-10-14T23:59:59Z,2025-05-15T09:00:00Z,destination=CDG&origin=AGA&endRange=2025-10-14T23:59:59Z&startRange=2025-05-15T09:00:00Z,1.0,1.0,100.0,54.0,<Response [200]>,,2025-11-09T18:32:58.529809
,,,,,,AAE,,,,,LYS,,,,2025-10-14T23:59:59Z,2025-05-15T09:00:00Z,destination=AAE&origin=LYS&endRange=2025-10-14T23:59:59Z&startRange=2025-05-15T09:00:00Z,1.0,1.0,100.0,92.0,<Response [200]>,,2025-11-09T18:32:58.960699
,,,,,,QSF,,,,,CDG,,,,2025-10-14T23:59:59Z,2025-05-15T09:00:00Z,destination=QSF&origin=CDG&endRange=2025-10-14T23:59:59Z&startRange=2025-05-15T09:00:00Z,1.0,1.0,100.0,22.0,<Response [200]>,,2025-11-09T18:32:59.386107
,,,,,,NBE,,,,,AMS,,,,2025-10-14T23:59:59Z,2025-05-15T09:00:00Z,destination=NBE&origin=AMS&endRange=2025-10-14T23:59:59Z&startRange=2025-05-15T09:00:00Z,1.0,1.0,100.0,49.0,<Response [200]>,,2025-11-09T18:32:59.811348
,,,,,,CDG,,,,,CFK,,,,2025-10-14T23:59:59Z,2025-05-15T09:00:00Z,destination=CDG&origin=CFK&endRange=2025-10-14T23:59:59Z&startRange=2025-05-15T09:00:00Z,1.0,1.0,100.0,43.0,<Response [200]>,,2025-11-09T18:33:00.261355
,,,,,,RAI,,,,,ORY,,,,2025-10-14T23:59:59Z,2025-05-15T09:00:00Z,destination=RAI&origin=ORY&endRange=2025-10-14T23:59:59Z&startRange=2025-05-15T09:00:00Z,1.0,1.0,100.0,24.0,<Response [200]>,,2025-11-09T18:33:00.676175
,,,,,,MSP,,,,,FCO,,,,2025-10-14T23:59:59Z,2025-05-15T09:00:00Z,destination=MSP&origin=FCO&endRange=2025-10-14T23:59:59Z&startRange=2025-05-15T09:00:00Z,1.0,1.0,100.0,83.0,<Response [200]>,,2025-11-09T18:33:01.089795
,,,,,,CUN,,,,,ORY,,,,2025-10-14T23:59:59Z,2025-05-15T09:00:00Z,destination=CUN&origin=ORY&endRange=2025-10-14T23:59:59Z&startRange=2025-05-15T09:00:00Z,1.0,1.0,100.0,37.0,<Response [200]>,,2025-11-09T18:33:01.505831
,,,,,,NCE,,,,,KWI,,,,2025-10-14T23:59:59Z,2025-05-15T09:00:00Z,destination=NCE&origin=KWI&endRange=2025-10-14T23:59:59Z&startRange=2025-05-15T09:00:00Z,1.0,1.0,100.0,25.0,<Response [200]>,,2025-11-09T18:33:01.933416
,,,,,,PUJ,,,,,ORY,,,,2025-10-14T23:59:59Z,2025-05-15T09:00:00Z,destination=PUJ&origin=ORY&endRange=2025-10-14T23:59:59Z&startRange=2025-05-15T09:00:00Z,1.0,1.0,100.0,51.0,<Response [200]>,,2025-11-09T18:33:02.370280
,,,,,,CDG,,,,,ESB,,,,2025-10-14T23:59:59Z,2025-05-15T09:00:00Z,destination=CDG&origin=ESB&endRange=2025-10-14T23:59:59Z&startRange=2025-05-15T09:00:00Z,1.0,1.0,100.0,44.0,<Response [200]>,,2025-11-09T18:33:02.829489
,,,,,,MNL,,,,,CDG,,,,2025-10-14T23:59:59Z,2025-05-15T09:00:00Z,destination=MNL&origin=CDG&endRange=2025-10-14T23:59:59Z&startRange=2025-05-15T09:00:00Z,1.0,1.0,100.0,66.0,<Response [200]>,,2025-11-09T18:33:03.245583
,,,,,,SAN,,,,,AMS,,,,2025-10-14T23:59:59Z,2025-05-15T09:00:00Z,destination=SAN&origin=AMS&endRange=2025-10-14T23:59:59Z&startRange=2025-05-15T09:00:00Z,1.0,1.0,100.0,65.0,<Response [200]>,,2025-11-09T18:33:03.666512
,,,,,,CDG,,,,,GYD,,,,2025-10-14T23:59:59Z,2025-05-15T09:00:00Z,destination=CDG&origin=GYD&endRange=2025-10-14T23:59:59Z&startRange=2025-05-15T09:00:00Z,1.0,1.0,100.0,66.0,<Response [200]>,,2025-11-09T18:33:04.105277
,,,,,,ESB,,,,,CDG,,,,2025-10-14T23:59:59Z,2025-05-15T09:00:00Z,destination=ESB&origin=CDG&endRange=2025-10-14T23:59:59Z&startRange=2025-05-15T09:00:00Z,1.0,1.0,100.0,44.0,<Response [200]>,,2025-11-09T18:33:04.550551
,,,,,,LYS,,,,,RAK,,,,2025-10-14T23:59:59Z,2025-05-15T09:00:00Z,destination=LYS&origin=RAK&endRange=2025-10-14T23:59:59Z&startRange=2025-05-15T09:00:00Z,1.0,1.0,100.0,84.0,<Response [200]>,,2025-11-09T18:33:04.963777
,,,,,,BJL,,,,,AMS,,,,2025-10-14T23:59:59Z,2025-05-15T09:00:00Z,destination=BJL&origin=AMS&endRange=2025-10-14T23:59:59Z&startRange=2025-05-15T09:00:00Z,1.0,1.0,100.0,21.0,<Response [200]>,,2025-11-09T18:33:05.382172
,,,,,,BGF,,,,,CDG,,,,2025-10-14T23:59:59Z,2025-05-15T09:00:00Z,destination=BGF&origin=CDG&endRange=2025-10-14T23:59:59Z&startRange=2025-05-15T09:00:00Z,1.0,1.0,100.0,21.0,<Response [200]>,,2025-11-09T18:33:05.785694
,,,,,,BEY,,,,,NCE,,,,2025-10-14T23:59:59Z,2025-05-15T09:00:00Z,destination=BEY&origin=NCE&endRange=2025-10-14T23:59:59Z&startRange=2025-05-15T09:00:00Z,1.0,1.0,100.0,66.0,<Response [200]>,,2025-11-09T18:33:06.172258
,,,,,,LYS,,,,,ALG,,,,2025-10-14T23:59:59Z,2025-05-15T09:00:00Z,destination=LYS&origin=ALG&endRange=2025-10-14T23:59:59Z&startRange=2025-05-15T09:00:00Z,1.0,1.0,100.0,93.0,<Response [200]>,,2025-11-09T18:33:06.587196
,,,,,,CDG,,,,,NKC,,,,2025-10-14T23:59:59Z,2025-05-15T09:00:00Z,destination=CDG&origin=NKC&endRange=2025-10-14T23:59:59Z&startRange=2025-05-15T09:00:00Z,1.0,1.0,100.0,83.0,<Response [200]>,,2025-11-09T18:33:06.992861
,,,,,,KYA,,,,,AMS,,,,2025-10-14T23:59:59Z,2025-05-15T09:00:00Z,destination=KYA&origin=AMS&endRange=2025-10-14T23:59:59Z&startRange=2025-05-15T09:00:00Z,1.0,1.0,100.0,58.0,<Response [200]>,,2025-11-09T18:33:07.404793
,,,,,,FOR,,,,,CDG,,,,2025-10-14T23:59:59Z,2025-05-15T09:00:00Z,destination=FOR&origin=CDG&endRange=2025-10-14T23:59:59Z&startRange=2025-05-15T09:00:00Z,1.0,1.0,100.0,68.0,<Response [200]>,,2025-11-09T18:33:07.831683
,,,,,,TBS,,,,,ORY,,,,2025-10-14T23:59:59Z,2025-05-15T09:00:00Z,destination=TBS&origin=ORY&endRange=2025-10-14T23:59:59Z&startRange=2025-05-15T09:00:00Z,1.0,1.0,100.0,44.0,<Response [200]>,,2025-11-09T18:33:08.252184
,,,,,,VIL,,,,,ORY,,,,2025-10-14T23:59:59Z,2025-05-15T09:00:00Z,destination=VIL&origin=ORY&endRange=2025-10-14T23:59:59Z&startRange=2025-05-15T09:00:00Z,1.0,1.0,100.0,66.0,<Response [200]>,,2025-11-09T18:33:08.688719
,,,,,,CMB,,,,,FRA,,,,2025-10-14T23:59:59Z,2025-05-15T09:00:00Z,destination=CMB&origin=FRA&endRange=2025-10-14T23:59:59Z&startRange=2025-05-15T09:00:00Z,1.0,1.0,100.0,34.0,<Response [200]>,,2025-11-09T18:33:09.115256
,,,,,,AMS,,,,,NBE,,,,2025-10-14T23:59:59Z,2025-05-15T09:00:00Z,destination=AMS&origin=NBE&endRange=2025-10-14T23:59:59Z&startRange=2025-05-15T09:00:00Z,1.0,1.0,100.0,49.0,<Response [200]>,,2025-11-09T18:33:09.545872
,,,,,,PFO,,,,,ORY,,,,2025-10-14T23:59:59Z,2025-05-15T09:00:00Z,destination=PFO&origin=ORY&endRange=2025-10-14T23:59:59Z&startRange=2025-05-15T09:00:00Z,1.0,1.0,100.0,31.0,<Response [200]>,,2025-11-09T18:33:09.962987
,,,,,,AMS,,,,,KYA,,,,2025-10-14T23:59:59Z,2025-05-15T09:00:00Z,destination=AMS&origin=KYA&endRange=2025-10-14T23:59:59Z&startRange=2025-05-15T09:00:00Z,1.0,1.0,100.0,58.0,<Response [200]>,,2025-11-09T18:33:10.391129
,,,,,,GYD,,,,,CDG,,,,2025-10-14T23:59:59Z,2025-05-15T09:00:00Z,destination=GYD&origin=CDG&endRange=2025-10-14T23:59:59Z&startRange=2025-05-15T09:00:00Z,1.0,1.0,100.0,66.0,<Response [200]>,,2025-11-09T18:33:10.876560
,,,,,,ORY,,,,,CUN,,,,2025-10-14T23:59:59Z,2025-05-15T09:00:00Z,destination=ORY&origin=CUN&endRange=2025-10-14T23:59:59Z&startRange=2025-05-15T09:00:00Z,1.0,1.0,100.0,37.0,<Response [200]>,,2025-11-09T18:33:11.346948
,,,,,,ORY,,,,,OZZ,,,,2025-10-14T23:59:59Z,2025-05-15T09:00:00Z,destination=ORY&origin=OZZ&endRange=2025-10-14T23:59:59Z&startRange=2025-05-15T09:00:00Z,1.0,1.0,100.0,44.0,<Response [200]>,,2025-11-09T18:33:11.839534
,,,,,,CKG,,,,,CDG,,,,2025-10-14T23:59:59Z,2025-05-15T09:00:00Z,destination=CKG&origin=CDG&endRange=2025-10-14T23:59:59Z&startRange=2025-05-15T09:00:00Z,1.0,1.0,100.0,45.0,<Response [200]>,,2025-11-09T18:33:12.266643
,,,,,,ORY,,,,,SDQ,,,,2025-10-14T23:59:59Z,2025-05-15T09:00:00Z,destination=ORY&origin=SDQ&endRange=2025-10-14T23:59:59Z&startRange=2025-05-15T09:00:00Z,1.0,1.0,100.0,24.0,<Response [200]>,,2025-11-09T18:33:12.724625
,,,,,,ORY,,,,,PUJ,,,,2025-10-14T23:59:59Z,2025-05-15T09:00:00Z,destination=ORY&origin=PUJ&endRange=2025-10-14T23:59:59Z&startRange=2025-05-15T09:00:00Z,1.0,1.0,100.0,51.0,<Response [200]>,,2025-11-09T18:33:13.183421
,,,,,,ORY,,,,,PFO,,,,2025-10-14T23:59:59Z,2025-05-15T09:00:00Z,destination=ORY&origin=PFO&endRange=2025-10-14T23:59:59Z&startRange=2025-05-15T09:00:00Z,1.0,1.0,100.0,31.0,<Response [200]>,,2025-11-09T18:33:13.678174
,,,,,,ORY,,,,,TBS,,,,2025-10-14T23:59:59Z,2025-05-15T09:00:00Z,destination=ORY&origin=TBS&endRange=2025-10-14T23:59:59Z&startRange=2025-05-15T09:00:00Z,1.0,1.0,100.0,44.0,<Response [200]>,,2025-11-09T18:33:14.174158
,,,,,,DJE,,,,,LYS,,,,2025-10-14T23:59:59Z,2025-05-15T09:00:00Z,destination=DJE&origin=LYS&endRange=2025-10-14T23:59:59Z&startRange=2025-05-15T09:00:00Z,1.0,1.0,100.0,73.0,<Response [200]>,,2025-11-09T18:33:14.634179
,,,,,,FEZ,,,,,CDG,,,,2025-10-14T23:59:59Z,2025-05-15T09:00:00Z,destination=FEZ&origin=CDG&endRange=2025-10-14T23:59:59Z&startRange=2025-05-15T09:00:00Z,1.0,1.0,100.0,44.0,<Response [200]>,,2025-11-09T18:33:15.093453
,,,,,,MRS,,,,,TLV,,,,2025-10-14T23:59:59Z,2025-05-15T09:00:00Z,destination=MRS&origin=TLV&endRange=2025-10-14T23:59:59Z&startRange=2025-05-15T09:00:00Z,1.0,1.0,100.0,92.0,<Response [200]>,,2025-11-09T18:33:15.551114
,,,,,,SZX,,,,,CDG,,,,2025-10-14T23:59:59Z,2025-05-15T09:00:00Z,destination=SZX&origin=CDG&endRange=2025-10-14T23:59:59Z&startRange=2025-05-15T09:00:00Z,1.0,1.0,100.0,44.0,<Response [200]>,,2025-11-09T18:33:15.988089
,,,,,,ORY,,,,,MIA,,,,2025-10-14T23:59:59Z,2025-05-15T09:00:00Z,destination=ORY&origin=MIA&endRange=2025-10-14T23:59:59Z&startRange=2025-05-15T09:00:00Z,1.0,1.0,100.0,65.0,<Response [200]>,,2025-11-09T18:33:16.446633
,,,,,,TAS,,,,,CDG,,,,2025-10-14T23:59:59Z,2025-05-15T09:00:00Z,destination=TAS&origin=CDG&endRange=2025-10-14T23:59:59Z&startRange=2025-05-15T09:00:00Z,1.0,1.0,100.0,46.0,<Response [200]>,,2025-11-09T18:33:16.883651
,,,,,,CFK,,,,,CDG,,,,2025-10-14T23:59:59Z,2025-05-15T09:00:00Z,destination=CFK&origin=CDG&endRange=2025-10-14T23:59:59Z&startRange=2025-05-15T09:00:00Z,1.0,1.0,100.0,43.0,<Response [200]>,,2025-11-09T18:33:17.375521
,,,,,,TFU,,,,,CDG,,,,2025-10-14T23:59:59Z,2025-05-15T09:00:00Z,destination=TFU&origin=CDG&endRange=2025-10-14T23:59:59Z&startRange=2025-05-15T09:00:00Z,1.0,1.0,100.0,22.0,<Response [200]>,,2025-11-09T18:33:17.892725
,,,,,,CDG,,,,,XMN,,,,2025-10-14T23:59:59Z,2025-05-15T09:00:00Z,destination=CDG&origin=XMN&endRange=2025-10-14T23:59:59Z&startRange=2025-05-15T09:00:00Z,1.0,1.0,100.0,65.0,<Response [200]>,,2025-11-09T18:33:18.450669
,,,,,,CDG,,,,,SFJ,,,,2025-10-14T23:59:59Z,2025-05-15T09:00:00Z,destination=CDG&origin=SFJ&endRange=2025-10-14T23:59:59Z&startRange=2025-05-15T09:00:00Z,1.0,1.0,100.0,9.0,<Response [200]>,,2025-11-09T18:33:18.974883
,,,,,,ORY,,,,,AAE,,,,2025-10-14T23:59:59Z,2025-05-15T09:00:00Z,destination=ORY&origin=AAE&endRange=2025-10-14T23:59:59Z&startRange=2025-05-15T09:00:00Z,1.0,1.0,100.0,66.0,<Response [200]>,,2025-11-09T18:33:19.470479
,,,,,,ORY,,,,,BJV,,,,2025-10-14T23:59:59Z,2025-05-15T09:00:00Z,destination=ORY&origin=BJV&endRange=2025-10-14T23:59:59Z&startRange=2025-05-15T09:00:00Z,1.0,1.0,100.0,44.0,<Response [200]>,,2025-11-09T18:33:19.963163
,,,,,,CDG,,,,,SZX,,,,2025-10-14T23:59:59Z,2025-05-15T09:00:00Z,destination=CDG&origin=SZX&endRange=2025-10-14T23:59:59Z&startRange=2025-05-15T09:00:00Z,1.0,1.0,100.0,44.0,<Response [200]>,,2025-11-09T18:33:20.566338
,,,,,,CDG,,,,,TAS,,,,2025-10-14T23:59:59Z,2025-05-15T09:00:00Z,destination=CDG&origin=TAS&endRange=2025-10-14T23:59:59Z&startRange=2025-05-15T09:00:00Z,1.0,1.0,100.0,44.0,<Response [200]>,,2025-11-09T18:33:21.068240
,,,,,,CMB,,,,,CDG,,,,2025-10-14T23:59:59Z,2025-05-15T09:00:00Z,destination=CMB&origin=CDG&endRange=2025-10-14T23:59:59Z&startRange=2025-05-15T09:00:00Z,1.0,1.0,100.0,65.0,<Response [200]>,,2025-11-09T18:33:21.571030
,,,,,,LXR,,,,,CDG,,,,2025-10-14T23:59:59Z,2025-05-15T09:00:00Z,destination=LXR&origin=CDG&endRange=2025-10-14T23:59:59Z&startRange=2025-05-15T09:00:00Z,1.0,1.0,100.0,39.0,<Response [200]>,,2025-11-09T18:33:22.020192
,,,,,,VXE,,,,,CDG,,,,2025-10-14T23:59:59Z,2025-05-15T09:00:00Z,destination=VXE&origin=CDG&endRange=2025-10-14T23:59:59Z&startRange=2025-05-15T09:00:00Z,1.0,1.0,100.0,21.0,<Response [200]>,,2025-11-09T18:33:22.493939
,,,,,,CDG,,,,,HAV,,,,2025-10-14T23:59:59Z,2025-05-15T09:00:00Z,destination=CDG&origin=HAV&endRange=2025-10-14T23:59:59Z&startRange=2025-05-15T09:00:00Z,1.0,1.0,100.0,65.0,<Response [200]>,,2025-11-09T18:33:22.927775
,,,,,,CDG,,,,,ISB,,,,2025-10-14T23:59:59Z,2025-05-15T09:00:00Z,destination=CDG&origin=ISB&endRange=2025-10-14T23:59:59Z&startRange=2025-05-15T09:00:00Z,1.0,1.0,100.0,45.0,<Response [200]>,,2025-11-09T18:33:23.368549
,,,,,,CDG,,,,,FEZ,,,,2025-10-14T23:59:59Z,2025-05-15T09:00:00Z,destination=CDG&origin=FEZ&endRange=2025-10-14T23:59:59Z&startRange=2025-05-15T09:00:00Z,1.0,1.0,100.0,44.0,<Response [200]>,,2025-11-09T18:33:23.843886
,,,,,,CDG,,,,,FOR,,,,2025-10-14T23:59:59Z,2025-05-15T09:00:00Z,destination=CDG&origin=FOR&endRange=2025-10-14T23:59:59Z&startRange=2025-05-15T09:00:00Z,1.0,1.0,100.0,68.0,<Response [200]>,,2025-11-09T18:33:24.366237
,,,,,,AMS,,,,,TTU,,,,2025-10-14T23:59:59Z,2025-05-15T09:00:00Z,destination=AMS&origin=TTU&endRange=2025-10-14T23:59:59Z&startRange=2025-05-15T09:00:00Z,1.0,1.0,100.0,41.0,<Response [200]>,,2025-11-09T18:33:24.930362
,,,,,,AMS,,,,,MBA,,,,2025-10-14T23:59:59Z,2025-05-15T09:00:00Z,destination=AMS&origin=MBA&endRange=2025-10-14T23:59:59Z&startRange=2025-05-15T09:00:00Z,1.0,1.0,100.0,41.0,<Response [200]>,,2025-11-09T18:33:25.455532
,,,,,,NCE,,,,,BEY,,,,2025-10-14T23:59:59Z,2025-05-15T09:00:00Z,destination=NCE&origin=BEY&endRange=2025-10-14T23:59:59Z&startRange=2025-05-15T09:00:00Z,1.0,1.0,100.0,66.0,<Response [200]>,,2025-11-09T18:33:26.014160
,,,,,,LYS,,,,,DJE,,,,2025-10-14T23:59:59Z,2025-05-15T09:00:00Z,destination=LYS&origin=DJE&endRange=2025-10-14T23:59:59Z&startRange=2025-05-15T09:00:00Z,1.0,1.0,100.0,43.0,<Response [200]>,,2025-11-09T18:33:26.665456
,,,,,,BCN,,,,,BOS,,,,2025-10-14T23:59:59Z,2025-05-15T09:00:00Z,destination=BCN&origin=BOS&endRange=2025-10-14T23:59:59Z&startRange=2025-05-15T09:00:00Z,1.0,1.0,100.0,63.0,<Response [200]>,,2025-11-09T18:33:27.190341
,,,,,,CDG,,,,,BLJ,,,,2025-10-14T23:59:59Z,2025-05-15T09:00:00Z,destination=CDG&origin=BLJ&endRange=2025-10-14T23:59:59Z&startRange=2025-05-15T09:00:00Z,1.0,1.0,100.0,13.0,<Response [200]>,,2025-11-09T18:33:27.747204
,,,,,,CDG,,,,,CKG,,,,2025-10-14T23:59:59Z,2025-05-15T09:00:00Z,destination=CDG&origin=CKG&endRange=2025-10-14T23:59:59Z&startRange=2025-05-15T09:00:00Z,1.0,1.0,100.0,45.0,<Response [200]>,,2025-11-09T18:33:28.243008
,,,,,,JED,,,,,LHR,,,,2025-10-14T23:59:59Z,2025-05-15T09:00:00Z,destination=JED&origin=LHR&endRange=2025-10-14T23:59:59Z&startRange=2025-05-15T09:00:00Z,1.0,1.0,100.0,27.0,<Response [200]>,,2025-11-09T18:33:28.789902
,,,,,,AMS,,,,,EBL,,,,2025-10-14T23:59:59Z,2025-05-15T09:00:00Z,destination=AMS&origin=EBL&endRange=2025-10-14T23:59:59Z&startRange=2025-05-15T09:00:00Z,1.0,1.0,100.0,42.0,<Response [200]>,,2025-11-09T18:33:29.330765
,,,,,,AMS,,,,,GUW,,,,2025-10-14T23:59:59Z,2025-05-15T09:00:00Z,destination=AMS&origin=GUW&endRange=2025-10-14T23:59:59Z&startRange=2025-05-15T09:00:00Z,1.0,1.0,100.0,59.0,<Response [200]>,,2025-11-09T18:33:29.941510
,,,,,,AMS,,,,,CUN,,,,2025-10-14T23:59:59Z,2025-05-15T09:00:00Z,destination=AMS&origin=CUN&endRange=2025-10-14T23:59:59Z&startRange=2025-05-15T09:00:00Z,1.0,1.0,100.0,43.0,<Response [200]>,,2025-11-09T18:33:30.547761
,,,,,,IST,,,,,OTP,,,,2025-10-14T23:59:59Z,2025-05-15T09:00:00Z,destination=IST&origin=OTP&endRange=2025-10-14T23:59:59Z&startRange=2025-05-15T09:00:00Z,1.0,1.0,100.0,74.0,<Response [200]>,,2025-11-09T18:33:31.121401
,,,,,,JED,,,,,BCN,,,,2025-10-14T23:59:59Z,2025-05-15T09:00:00Z,destination=JED&origin=BCN&endRange=2025-10-14T23:59:59Z&startRange=2025-05-15T09:00:00Z,1.0,1.0,100.0,14.0,<Response [200]>,,2025-11-09T18:33:31.724209
,,,,,,OTP,,,,,IST,,,,2025-10-14T23:59:59Z,2025-05-15T09:00:00Z,destination=OTP&origin=IST&endRange=2025-10-14T23:59:59Z&startRange=2025-05-15T09:00:00Z,1.0,1.0,100.0,75.0,<Response [200]>,,2025-11-09T18:33:32.339355
,,,,,,CPH,,,,,MSP,,,,2025-10-14T23:59:59Z,2025-05-15T09:00:00Z,destination=CPH&origin=MSP&endRange=2025-10-14T23:59:59Z&startRange=2025-05-15T09:00:00Z,1.0,1.0,100.0,62.0,<Response [200]>,,2025-11-09T18:33:33.009387
,,,,,,EBL,,,,,AMS,,,,2025-10-14T23:59:59Z,2025-05-15T09:00:00Z,destination=EBL&origin=AMS&endRange=2025-10-14T23:59:59Z&startRange=2025-05-15T09:00:00Z,1.0,1.0,100.0,43.0,<Response [200]>,,2025-11-09T18:33:33.564301
,,,,,,BJV,,,,,ORY,,,,2025-10-14T23:59:59Z,2025-05-15T09:00:00Z,destination=BJV&origin=ORY&endRange=2025-10-14T23:59:59Z&startRange=2025-05-15T09:00:00Z,1.0,1.0,100.0,44.0,<Response [200]>,,2025-11-09T18:33:34.124800
,,,,,,AAE,,,,,ORY,,,,2025-10-14T23:59:59Z,2025-05-15T09:00:00Z,destination=AAE&origin=ORY&endRange=2025-10-14T23:59:59Z&startRange=2025-05-15T09:00:00Z,1.0,1.0,100.0,65.0,<Response [200]>,,2025-11-09T18:33:34.730486
,,,,,,LHR,,,,,JED,,,,2025-10-14T23:59:59Z,2025-05-15T09:00:00Z,destination=LHR&origin=JED&endRange=2025-10-14T23:59:59Z&startRange=2025-05-15T09:00:00Z,1.0,1.0,100.0,27.0,<Response [200]>,,2025-11-09T18:33:35.238991
,,,,,,OZZ,,,,,ORY,,,,2025-10-14T23:59:59Z,2025-05-15T09:00:00Z,destination=OZZ&origin=ORY&endRange=2025-10-14T23:59:59Z&startRange=2025-05-15T09:00:00Z,1.0,1.0,100.0,44.0,<Response [200]>,,2025-11-09T18:33:35.734871
,,,,,,MBJ,,,,,AMS,,,,2025-10-14T23:59:59Z,2025-05-15T09:00:00Z,destination=MBJ&origin=AMS&endRange=2025-10-14T23:59:59Z&startRange=2025-05-15T09:00:00Z,1.0,1.0,100.0,22.0,<Response [200]>,,2025-11-09T18:33:36.203773
,,,,,,MRS,,,,,CMN,,,,2025-10-14T23:59:59Z,2025-05-15T09:00:00Z,destination=MRS&origin=CMN&endRange=2025-10-14T23:59:59Z&startRange=2025-05-15T09:00:00Z,1.0,1.0,100.0,65.0,<Response [200]>,,2025-11-09T18:33:36.703341
,,,,,,ORY,,,,,MRU,,,,2025-10-14T23:59:59Z,2025-05-15T09:00:00Z,destination=ORY&origin=MRU&endRange=2025-10-14T23:59:59Z&startRange=2025-05-15T09:00:00Z,1.0,1.0,100.0,73.0,<Response [200]>,,2025-11-09T18:33:37.156647
,,,,,,MAN,,,,,LAS,,,,2025-10-14T23:59:59Z,2025-05-15T09:00:00Z,destination=MAN&origin=LAS&endRange=2025-10-14T23:59:59Z&startRange=2025-05-15T09:00:00Z,1.0,1.0,100.0,66.0,<Response [200]>,,2025-11-09T18:33:37.618778
,,,,,,ORY,,,,,BLJ,,,,2025-10-14T23:59:59Z,2025-05-15T09:00:00Z,destination=ORY&origin=BLJ&endRange=2025-10-14T23:59:59Z&startRange=2025-05-15T09:00:00Z,1.0,1.0,100.0,21.0,<Response [200]>,,2025-11-09T18:33:38.069392
,,,,,,ORD,,,,,CPH,,,,2025-10-14T23:59:59Z,2025-05-15T09:00:00Z,destination=ORD&origin=CPH&endRange=2025-10-14T23:59:59Z&startRange=2025-05-15T09:00:00Z,1.0,1.0,100.0,38.0,<Response [200]>,,2025-11-09T18:33:38.496904
,,,,,,CDG,,,,,QSF,,,,2025-10-14T23:59:59Z,2025-05-15T09:00:00Z,destination=CDG&origin=QSF&endRange=2025-10-14T23:59:59Z&startRange=2025-05-15T09:00:00Z,1.0,1.0,100.0,22.0,<Response [200]>,,2025-11-09T18:33:38.909693
,,,,,,EVN,,,,,LYS,,,,2025-10-14T23:59:59Z,2025-05-15T09:00:00Z,destination=EVN&origin=LYS&endRange=2025-10-14T23:59:59Z&startRange=2025-05-15T09:00:00Z,1.0,1.0,100.0,45.0,<Response [200]>,,2025-11-09T18:33:39.312328
,,,,,,BOS,,,,,CPH,,,,2025-10-14T23:59:59Z,2025-05-15T09:00:00Z,destination=BOS&origin=CPH&endRange=2025-10-14T23:59:59Z&startRange=2025-05-15T09:00:00Z,1.0,1.0,100.0,46.0,<Response [200]>,,2025-11-09T18:33:39.747803
,,,,,,CDG,,,,,NKG,,,,2025-10-14T23:59:59Z,2025-05-15T09:00:00Z,destination=CDG&origin=NKG&endRange=2025-10-14T23:59:59Z&startRange=2025-05-15T09:00:00Z,1.0,1.0,100.0,12.0,<Response [200]>,,2025-11-09T18:33:40.132500
,,,,,,DSS,,,,,LYS,,,,2025-10-14T23:59:59Z,2025-05-15T09:00:00Z,destination=DSS&origin=LYS&endRange=2025-10-14T23:59:59Z&startRange=2025-05-15T09:00:00Z,1.0,1.0,100.0,53.0,<Response [200]>,,2025-11-09T18:33:40.568631
,,,,,,CPH,,,,,BOS,,,,2025-10-14T23:59:59Z,2025-05-15T09:00:00Z,destination=CPH&origin=BOS&endRange=2025-10-14T23:59:59Z&startRange=2025-05-15T09:00:00Z,1.0,1.0,100.0,46.0,<Response [200]>,,2025-11-09T18:33:40.956264
,,,,,,CPH,,,,,EWR,,,,2025-10-14T23:59:59Z,2025-05-15T09:00:00Z,destination=CPH&origin=EWR&endRange=2025-10-14T23:59:59Z&startRange=2025-05-15T09:00:00Z,1.0,1.0,100.0,51.0,<Response [200]>,,2025-11-09T18:33:41.351399
,,,,,,MAD,,,,,PTY,,,,2025-10-14T23:59:59Z,2025-05-15T09:00:00Z,destination=MAD&origin=PTY&endRange=2025-10-14T23:59:59Z&startRange=2025-05-15T09:00:00Z,1.0,1.0,100.0,10.0,<Response [200]>,,2025-11-09T18:33:41.744416
,,,,,,MIR,,,,,LYS,,,,2025-10-14T23:59:59Z,2025-05-15T09:00:00Z,destination=MIR&origin=LYS&endRange=2025-10-14T23:59:59Z&startRange=2025-05-15T09:00:00Z,1.0,1.0,100.0,90.0,<Response [200]>,,2025-11-09T18:33:42.131442
,,,,,,CDG,,,,,LXR,,,,2025-10-14T23:59:59Z,2025-05-15T09:00:00Z,destination=CDG&origin=LXR&endRange=2025-10-14T23:59:59Z&startRange=2025-05-15T09:00:00Z,1.0,1.0,100.0,25.0,<Response [200]>,,2025-11-09T18:33:42.528926
,,,,,,CDG,,,,,JIB,,,,2025-10-14T23:59:59Z,2025-05-15T09:00:00Z,destination=CDG&origin=JIB&endRange=2025-10-14T23:59:59Z&startRange=2025-05-15T09:00:00Z,1.0,1.0,100.0,22.0,<Response [200]>,,2025-11-09T18:33:42.914395
,,,,,,PUJ,,,,,AMS,,,,2025-10-14T23:59:59Z,2025-05-15T09:00:00Z,destination=PUJ&origin=AMS&endRange=2025-10-14T23:59:59Z&startRange=2025-05-15T09:00:00Z,1.0,1.0,100.0,44.0,<Response [200]>,,2025-11-09T18:33:43.287377
,,,,,,CDG,,,,,FSP,,,,2025-10-14T23:59:59Z,2025-05-15T09:00:00Z,destination=CDG&origin=FSP&endRange=2025-10-14T23:59:59Z&startRange=2025-05-15T09:00:00Z,1.0,1.0,100.0,13.0,<Response [200]>,,2025-11-09T18:33:43.677422
,,,,,,PVG,,,,,MRS,,,,2025-10-14T23:59:59Z,2025-05-15T09:00:00Z,destination=PVG&origin=MRS&endRange=2025-10-14T23:59:59Z&startRange=2025-05-15T09:00:00Z,1.0,1.0,100.0,64.0,<Response [200]>,,2025-11-09T18:33:44.055394
,,,,,,LYS,,,,,AGA,,,,2025-10-14T23:59:59Z,2025-05-15T09:00:00Z,destination=LYS&origin=AGA&endRange=2025-10-14T23:59:59Z&startRange=2025-05-15T09:00:00Z,1.0,1.0,100.0,23.0,<Response [200]>,,2025-11-09T18:33:44.464653
,,,,,,LYS,,,,,BJA,,,,2025-10-14T23:59:59Z,2025-05-15T09:00:00Z,destination=LYS&origin=BJA&endRange=2025-10-14T23:59:59Z&startRange=2025-05-15T09:00:00Z,1.0,1.0,100.0,26.0,<Response [200]>,,2025-11-09T18:33:44.853433
,,,,,,LYS,,,,,CZL,,,,2025-10-14T23:59:59Z,2025-05-15T09:00:00Z,destination=LYS&origin=CZL&endRange=2025-10-14T23:59:59Z&startRange=2025-05-15T09:00:00Z,1.0,1.0,100.0,32.0,<Response [200]>,,2025-11-09T18:33:45.237066
,,,,,,DUB,,,,,DTW,,,,2025-10-14T23:59:59Z,2025-05-15T09:00:00Z,destination=DUB&origin=DTW&endRange=2025-10-14T23:59:59Z&startRange=2025-05-15T09:00:00Z,1.0,1.0,100.0,82.0,<Response [200]>,,2025-11-09T18:33:45.642746
,,,,,,EWR,,,,,CPH,,,,2025-10-14T23:59:59Z,2025-05-15T09:00:00Z,destination=EWR&origin=CPH&endRange=2025-10-14T23:59:59Z&startRange=2025-05-15T09:00:00Z,1.0,1.0,100.0,51.0,<Response [200]>,,2025-11-09T18:33:46.033168
,,,,,,SFJ,,,,,CDG,,,,2025-10-14T23:59:59Z,2025-05-15T09:00:00Z,destination=SFJ&origin=CDG&endRange=2025-10-14T23:59:59Z&startRange=2025-05-15T09:00:00Z,1.0,1.0,100.0,9.0,<Response [200]>,,2025-11-09T18:33:46.417973
,,,,,,SFO,,,,,CPH,,,,2025-10-14T23:59:59Z,2025-05-15T09:00:00Z,destination=SFO&origin=CPH&endRange=2025-10-14T23:59:59Z&startRange=2025-05-15T09:00:00Z,1.0,1.0,100.0,51.0,<Response [200]>,,2025-11-09T18:33:46.796467
,,,,,,LYS,,,,,ORN,,,,2025-10-14T23:59:59Z,2025-05-15T09:00:00Z,destination=LYS&origin=ORN&endRange=2025-10-14T23:59:59Z&startRange=2025-05-15T09:00:00Z,1.0,1.0,100.0,73.0,<Response [200]>,,2025-11-09T18:33:47.177398
,,,,,,MTY,,,,,MAD,,,,2025-10-14T23:59:59Z,2025-05-15T09:00:00Z,destination=MTY&origin=MAD&endRange=2025-10-14T23:59:59Z&startRange=2025-05-15T09:00:00Z,1.0,1.0,100.0,7.0,<Response [200]>,,2025-11-09T18:33:47.581250
,,,,,,MUC,,,,,SGN,,,,2025-10-14T23:59:59Z,2025-05-15T09:00:00Z,destination=MUC&origin=SGN&endRange=2025-10-14T23:59:59Z&startRange=2025-05-15T09:00:00Z,1.0,1.0,100.0,9.0,<Response [200]>,,2025-11-09T18:33:47.948666
,,,,,,BLJ,,,,,CDG,,,,2025-10-14T23:59:59Z,2025-05-15T09:00:00Z,destination=BLJ&origin=CDG&endRange=2025-10-14T23:59:59Z&startRange=2025-05-15T09:00:00Z,1.0,1.0,100.0,13.0,<Response [200]>,,2025-11-09T18:33:48.329225
,,,,,,BLJ,,,,,LYS,,,,2025-10-14T23:59:59Z,2025-05-15T09:00:00Z,destination=BLJ&origin=LYS&endRange=2025-10-14T23:59:59Z&startRange=2025-05-15T09:00:00Z,1.0,1.0,100.0,35.0,<Response [200]>,,2025-11-09T18:33:48.717959
,,,,,,CUN,,,,,MAD,,,,2025-10-14T23:59:59Z,2025-05-15T09:00:00Z,destination=CUN&origin=MAD&endRange=2025-10-14T23:59:59Z&startRange=2025-05-15T09:00:00Z,1.0,1.0,100.0,13.0,<Response [200]>,,2025-11-09T18:33:49.131632
,,,,,,EMA,,,,,CDG,,,,2025-10-14T23:59:59Z,2025-05-15T09:00:00Z,destination=EMA&origin=CDG&endRange=2025-10-14T23:59:59Z&startRange=2025-05-15T09:00:00Z,1.0,1.0,100.0,1.0,<Response [200]>,,2025-11-09T18:33:49.553424
,,,,,,RUH,,,,,NCE,,,,2025-10-14T23:59:59Z,2025-05-15T09:00:00Z,destination=RUH&origin=NCE&endRange=2025-10-14T23:59:59Z&startRange=2025-05-15T09:00:00Z,1.0,1.0,100.0,36.0,<Response [200]>,,2025-11-09T18:33:49.983104
,,,,,,JFK,,,,,OSL,,,,2025-10-14T23:59:59Z,2025-05-15T09:00:00Z,destination=JFK&origin=OSL&endRange=2025-10-14T23:59:59Z&startRange=2025-05-15T09:00:00Z,1.0,1.0,100.0,44.0,<Response [200]>,,2025-11-09T18:33:50.380832
,,,,,,LAX,,,,,CPH,,,,2025-10-14T23:59:59Z,2025-05-15T09:00:00Z,destination=LAX&origin=CPH&endRange=2025-10-14T23:59:59Z&startRange=2025-05-15T09:00:00Z,1.0,1.0,100.0,50.0,<Response [200]>,,2025-11-09T18:33:50.759983
,,,,,,TRS,,,,,AMS,,,,2025-10-14T23:59:59Z,2025-05-15T09:00:00Z,destination=TRS&origin=AMS&endRange=2025-10-14T23:59:59Z&startRange=2025-05-15T09:00:00Z,1.0,1.0,100.0,2.0,<Response [200]>,,2025-11-09T18:33:51.144991
,,,,,,LAS,,,,,MAN,,,,2025-10-14T23:59:59Z,2025-05-15T09:00:00Z,destination=LAS&origin=MAN&endRange=2025-10-14T23:59:59Z&startRange=2025-05-15T09:00:00Z,1.0,1.0,100.0,66.0,<Response [200]>,,2025-11-09T18:33:51.517456
,,,,,,AMS,,,,,LIL,,,,2025-10-14T23:59:59Z,2025-05-15T09:00:00Z,destination=AMS&origin=LIL&endRange=2025-10-14T23:59:59Z&startRange=2025-05-15T09:00:00Z,1.0,1.0,100.0,1.0,<Response [200]>,,2025-11-09T18:33:51.899293
,,,,,,JED,,,,,MAN,,,,2025-10-14T23:59:59Z,2025-05-15T09:00:00Z,destination=JED&origin=MAN&endRange=2025-10-14T23:59:59Z&startRange=2025-05-15T09:00:00Z,1.0,1.0,100.0,16.0,<Response [200]>,,2025-11-09T18:33:52.277618
,,,,,,HAM,,,,,HEL,,,,2025-10-14T23:59:59Z,2025-05-15T09:00:00Z,destination=HAM&origin=HEL&endRange=2025-10-14T23:59:59Z&startRange=2025-05-15T09:00:00Z,1.0,1.0,100.0,1.0,<Response [200]>,,2025-11-09T18:33:52.653470
,,,,,,ISB,,,,,CDG,,,,2025-10-14T23:59:59Z,2025-05-15T09:00:00Z,destination=ISB&origin=CDG&endRange=2025-10-14T23:59:59Z&startRange=2025-05-15T09:00:00Z,1.0,1.0,100.0,46.0,<Response [200]>,,2025-11-09T18:33:53.025527
,,,,,,FSP,,,,,CDG,,,,2025-10-14T23:59:59Z,2025-05-15T09:00:00Z,destination=FSP&origin=CDG&endRange=2025-10-14T23:59:59Z&startRange=2025-05-15T09:00:00Z,1.0,1.0,100.0,13.0,<Response [200]>,,2025-11-09T18:33:53.408609
,,,,,,FCO,,,,,MSP,,,,2025-10-14T23:59:59Z,2025-05-15T09:00:00Z,destination=FCO&origin=MSP&endRange=2025-10-14T23:59:59Z&startRange=2025-05-15T09:00:00Z,1.0,1.0,100.0,83.0,<Response [200]>,,2025-11-09T18:33:53.838320
,,,,,,TLM,,,,,CDG,,,,2025-10-14T23:59:59Z,2025-05-15T09:00:00Z,destination=TLM&origin=CDG&endRange=2025-10-14T23:59:59Z&startRange=2025-05-15T09:00:00Z,1.0,1.0,100.0,22.0,<Response [200]>,,2025-11-09T18:33:54.263128
,,,,,,TLV,,,,,MRS,,,,2025-10-14T23:59:59Z,2025-05-15T09:00:00Z,destination=TLV&origin=MRS&endRange=2025-10-14T23:59:59Z&startRange=2025-05-15T09:00:00Z,1.0,1.0,100.0,92.0,<Response [200]>,,2025-11-09T18:33:54.669093
,,,,,,IAD,,,,,CPH,,,,2025-10-14T23:59:59Z,2025-05-15T09:00:00Z,destination=IAD&origin=CPH&endRange=2025-10-14T23:59:59Z&startRange=2025-05-15T09:00:00Z,1.0,1.0,100.0,51.0,<Response [200]>,,2025-11-09T18:33:55.054418
,,,,,,KWI,,,,,NCE,,,,2025-10-14T23:59:59Z,2025-05-15T09:00:00Z,destination=KWI&origin=NCE&endRange=2025-10-14T23:59:59Z&startRange=2025-05-15T09:00:00Z,1.0,1.0,100.0,25.0,<Response [200]>,,2025-11-09T18:33:55.440026
,,,,,,ARN,,,,,EWR,,,,2025-10-14T23:59:59Z,2025-05-15T09:00:00Z,destination=ARN&origin=EWR&endRange=2025-10-14T23:59:59Z&startRange=2025-05-15T09:00:00Z,1.0,1.0,100.0,46.0,<Response [200]>,,2025-11-09T18:33:55.824294
,,,,,,YYT,,,,,AMS,,,,2025-10-14T23:59:59Z,2025-05-15T09:00:00Z,destination=YYT&origin=AMS&endRange=2025-10-14T23:59:59Z&startRange=2025-05-15T09:00:00Z,1.0,1.0,100.0,1.0,<Response [200]>,,2025-11-09T18:33:56.220561
,,,,,,XIY,,,,,CDG,,,,2025-10-14T23:59:59Z,2025-05-15T09:00:00Z,destination=XIY&origin=CDG&endRange=2025-10-14T23:59:59Z&startRange=2025-05-15T09:00:00Z,1.0,1.0,100.0,22.0,<Response [200]>,,2025-11-09T18:33:56.646509
,,,,,,OSL,,,,,JFK,,,,2025-10-14T23:59:59Z,2025-05-15T09:00:00Z,destination=OSL&origin=JFK&endRange=2025-10-14T23:59:59Z&startRange=2025-05-15T09:00:00Z,1.0,1.0,100.0,44.0,<Response [200]>,,2025-11-09T18:33:57.023281
,,,,,,FEZ,,,,,LYS,,,,2025-10-14T23:59:59Z,2025-05-15T09:00:00Z,destination=FEZ&origin=LYS&endRange=2025-10-14T23:59:59Z&startRange=2025-05-15T09:00:00Z,1.0,1.0,100.0,31.0,<Response [200]>,,2025-11-09T18:33:57.405918
,,,,,,NTE,,,,,AGP,,,,2025-10-14T23:59:59Z,2025-05-15T09:00:00Z,destination=NTE&origin=AGP&endRange=2025-10-14T23:59:59Z&startRange=2025-05-15T09:00:00Z,1.0,1.0,100.0,1.0,<Response [200]>,,2025-11-09T18:33:57.816083
,,,,,,TLV,,,,,CDG,,,,2025-10-14T23:59:59Z,2025-05-15T09:00:00Z,destination=TLV&origin=CDG&endRange=2025-10-14T23:59:59Z&startRange=2025-05-15T09:00:00Z,9.0,9.0,100.0,852.0,<Response [200]>,,2025-11-09T18:33:58.203546
,,,,,,ORY,,,,,DJE,,,,2025-10-14T23:59:59Z,2025-05-15T09:00:00Z,destination=ORY&origin=DJE&endRange=2025-10-14T23:59:59Z&startRange=2025-05-15T09:00:00Z,9.0,9.0,100.0,883.0,<Response [200]>,,2025-11-09T18:33:58.597303
,,,,,,CDG,,,,,TLV,,,,2025-10-14T23:59:59Z,2025-05-15T09:00:00Z,destination=CDG&origin=TLV&endRange=2025-10-14T23:59:59Z&startRange=2025-05-15T09:00:00Z,9.0,9.0,100.0,838.0,<Response [200]>,,2025-11-09T18:33:58.991733
,,,,,,DJE,,,,,ORY,,,,2025-10-14T23:59:59Z,2025-05-15T09:00:00Z,destination=DJE&origin=ORY&endRange=2025-10-14T23:59:59Z&startRange=2025-05-15T09:00:00Z,9.0,9.0,100.0,861.0,<Response [200]>,,2025-11-09T18:33:59.369222
,,,,,,JFK,,,,,AMS,,,,2025-10-14T23:59:59Z,2025-05-15T09:00:00Z,destination=JFK&origin=AMS&endRange=2025-10-14T23:59:59Z&startRange=2025-05-15T09:00:00Z,9.0,9.0,100.0,853.0,<Response [200]>,,2025-11-09T18:33:59.788622
,,,,,,SAW,,,,,AMS,,,,2025-10-14T23:59:59Z,2025-05-15T09:00:00Z,destination=SAW&origin=AMS&endRange=2025-10-14T23:59:59Z&startRange=2025-05-15T09:00:00Z,8.0,8.0,100.0,798.0,<Response [200]>,,2025-11-09T18:34:00.166250
,,,,,,AMS,,,,,SAW,,,,2025-10-14T23:59:59Z,2025-05-15T09:00:00Z,destination=AMS&origin=SAW&endRange=2025-10-14T23:59:59Z&startRange=2025-05-15T09:00:00Z,8.0,8.0,100.0,796.0,<Response [200]>,,2025-11-09T18:34:00.574328
,,,,,,ATL,,,,,CDG,,,,2025-10-14T23:59:59Z,2025-05-15T09:00:00Z,destination=ATL&origin=CDG&endRange=2025-10-14T23:59:59Z&startRange=2025-05-15T09:00:00Z,8.0,8.0,100.0,779.0,<Response [200]>,,2025-11-09T18:34:00.962671
,,,,,,CDG,,,,,ATL,,,,2025-10-14T23:59:59Z,2025-05-15T09:00:00Z,destination=CDG&origin=ATL&endRange=2025-10-14T23:59:59Z&startRange=2025-05-15T09:00:00Z,8.0,8.0,100.0,771.0,<Response [200]>,,2025-11-09T18:34:01.417380
,,,,,,ORY,,,,,AGA,,,,2025-10-14T23:59:59Z,2025-05-15T09:00:00Z,destination=ORY&origin=AGA&endRange=2025-10-14T23:59:59Z&startRange=2025-05-15T09:00:00Z,7.0,7.0,100.0,690.0,<Response [200]>,,2025-11-09T18:34:01.863128
,,,,,,YYZ,,,,,CDG,,,,2025-10-14T23:59:59Z,2025-05-15T09:00:00Z,destination=YYZ&origin=CDG&endRange=2025-10-14T23:59:59Z&startRange=2025-05-15T09:00:00Z,7.0,7.0,100.0,612.0,<Response [200]>,,2025-11-09T18:34:02.293157
,,,,,,AGA,,,,,ORY,,,,2025-10-14T23:59:59Z,2025-05-15T09:00:00Z,destination=AGA&origin=ORY&endRange=2025-10-14T23:59:59Z&startRange=2025-05-15T09:00:00Z,7.0,7.0,100.0,686.0,<Response [200]>,,2025-11-09T18:34:02.746973
,,,,,,BOS,,,,,CDG,,,,2025-10-14T23:59:59Z,2025-05-15T09:00:00Z,destination=BOS&origin=CDG&endRange=2025-10-14T23:59:59Z&startRange=2025-05-15T09:00:00Z,7.0,7.0,100.0,618.0,<Response [200]>,,2025-11-09T18:34:03.199849
,,,,,,CDG,,,,,YYZ,,,,2025-10-14T23:59:59Z,2025-05-15T09:00:00Z,destination=CDG&origin=YYZ&endRange=2025-10-14T23:59:59Z&startRange=2025-05-15T09:00:00Z,7.0,7.0,100.0,604.0,<Response [200]>,,2025-11-09T18:34:03.646297
,,,,,,LHR,,,,,ATL,,,,2025-10-14T23:59:59Z,2025-05-15T09:00:00Z,destination=LHR&origin=ATL&endRange=2025-10-14T23:59:59Z&startRange=2025-05-15T09:00:00Z,7.0,7.0,100.0,610.0,<Response [200]>,,2025-11-09T18:34:04.078810
,,,,,,DXB,,,,,CDG,,,,2025-10-14T23:59:59Z,2025-05-15T09:00:00Z,destination=DXB&origin=CDG&endRange=2025-10-14T23:59:59Z&startRange=2025-05-15T09:00:00Z,7.0,7.0,100.0,613.0,<Response [200]>,,2025-11-09T18:34:04.486022
,,,,,,ATL,,,,,LHR,,,,2025-10-14T23:59:59Z,2025-05-15T09:00:00Z,destination=ATL&origin=LHR&endRange=2025-10-14T23:59:59Z&startRange=2025-05-15T09:00:00Z,7.0,7.0,100.0,611.0,<Response [200]>,,2025-11-09T18:34:04.894545
,,,,,,IAD,,,,,CDG,,,,2025-10-14T23:59:59Z,2025-05-15T09:00:00Z,destination=IAD&origin=CDG&endRange=2025-10-14T23:59:59Z&startRange=2025-05-15T09:00:00Z,7.0,7.0,100.0,615.0,<Response [200]>,,2025-11-09T18:34:05.323895
,,,,,,CDG,,,,,HND,,,,2025-10-14T23:59:59Z,2025-05-15T09:00:00Z,destination=CDG&origin=HND&endRange=2025-10-14T23:59:59Z&startRange=2025-05-15T09:00:00Z,7.0,7.0,100.0,631.0,<Response [200]>,,2025-11-09T18:34:05.719828
,,,,,,AMS,,,,,ATL,,,,2025-10-14T23:59:59Z,2025-05-15T09:00:00Z,destination=AMS&origin=ATL&endRange=2025-10-14T23:59:59Z&startRange=2025-05-15T09:00:00Z,7.0,7.0,100.0,613.0,<Response [200]>,,2025-11-09T18:34:06.114695
,,,,,,HND,,,,,CDG,,,,2025-10-14T23:59:59Z,2025-05-15T09:00:00Z,destination=HND&origin=CDG&endRange=2025-10-14T23:59:59Z&startRange=2025-05-15T09:00:00Z,7.0,7.0,100.0,638.0,<Response [200]>,,2025-11-09T18:34:06.519197
,,,,,,ATL,,,,,AMS,,,,2025-10-14T23:59:59Z,2025-05-15T09:00:00Z,destination=ATL&origin=AMS&endRange=2025-10-14T23:59:59Z&startRange=2025-05-15T09:00:00Z,7.0,7.0,100.0,615.0,<Response [200]>,,2025-11-09T18:34:06.913302
,,,,,,CDG,,,,,IAD,,,,2025-10-14T23:59:59Z,2025-05-15T09:00:00Z,destination=CDG&origin=IAD&endRange=2025-10-14T23:59:59Z&startRange=2025-05-15T09:00:00Z,7.0,7.0,100.0,612.0,<Response [200]>,,2025-11-09T18:34:07.310422
,,,,,,CDG,,,,,BOS,,,,2025-10-14T23:59:59Z,2025-05-15T09:00:00Z,destination=CDG&origin=BOS&endRange=2025-10-14T23:59:59Z&startRange=2025-05-15T09:00:00Z,7.0,7.0,100.0,612.0,<Response [200]>,,2025-11-09T18:34:07.703824
,,,,,,CDG,,,,,RBA,,,,2025-10-14T23:59:59Z,2025-05-15T09:00:00Z,destination=CDG&origin=RBA&endRange=2025-10-14T23:59:59Z&startRange=2025-05-15T09:00:00Z,7.0,7.0,100.0,629.0,<Response [200]>,,2025-11-09T18:34:08.102131
,,,,,,RBA,,,,,CDG,,,,2025-10-14T23:59:59Z,2025-05-15T09:00:00Z,destination=RBA&origin=CDG&endRange=2025-10-14T23:59:59Z&startRange=2025-05-15T09:00:00Z,7.0,7.0,100.0,623.0,<Response [200]>,,2025-11-09T18:34:08.496317
,,,,,,CDG,,,,,DXB,,,,2025-10-14T23:59:59Z,2025-05-15T09:00:00Z,destination=CDG&origin=DXB&endRange=2025-10-14T23:59:59Z&startRange=2025-05-15T09:00:00Z,7.0,7.0,100.0,611.0,<Response [200]>,,2025-11-09T18:34:08.882863
,,,,,,RAK,,,,,CDG,,,,2025-10-14T23:59:59Z,2025-05-15T09:00:00Z,destination=RAK&origin=CDG&endRange=2025-10-14T23:59:59Z&startRange=2025-05-15T09:00:00Z,7.0,7.0,100.0,639.0,<Response [200]>,,2025-11-09T18:34:09.273079
,,,,,,CDG,,,,,RAK,,,,2025-10-14T23:59:59Z,2025-05-15T09:00:00Z,destination=CDG&origin=RAK&endRange=2025-10-14T23:59:59Z&startRange=2025-05-15T09:00:00Z,7.0,7.0,100.0,645.0,<Response [200]>,,2025-11-09T18:34:09.678148
,,,,,,PTP,,,,,ORY,,,,2025-10-14T23:59:59Z,2025-05-15T09:00:00Z,destination=PTP&origin=ORY&endRange=2025-10-14T23:59:59Z&startRange=2025-05-15T09:00:00Z,6.0,6.0,100.0,573.0,<Response [200]>,,2025-11-09T18:34:10.062148
,,,,,,ORY,,,,,PTP,,,,2025-10-14T23:59:59Z,2025-05-15T09:00:00Z,destination=ORY&origin=PTP&endRange=2025-10-14T23:59:59Z&startRange=2025-05-15T09:00:00Z,6.0,6.0,100.0,578.0,<Response [200]>,,2025-11-09T18:34:10.456863
,,,,,,YYZ,,,,,AMS,,,,2025-10-14T23:59:59Z,2025-05-15T09:00:00Z,destination=YYZ&origin=AMS&endRange=2025-10-14T23:59:59Z&startRange=2025-05-15T09:00:00Z,6.0,6.0,100.0,595.0,<Response [200]>,,2025-11-09T18:34:10.851835
,,,,,,FDF,,,,,ORY,,,,2025-10-14T23:59:59Z,2025-05-15T09:00:00Z,destination=FDF&origin=ORY&endRange=2025-10-14T23:59:59Z&startRange=2025-05-15T09:00:00Z,6.0,6.0,100.0,513.0,<Response [200]>,,2025-11-09T18:34:11.244183
,,,,,,ORY,,,,,FDF,,,,2025-10-14T23:59:59Z,2025-05-15T09:00:00Z,destination=ORY&origin=FDF&endRange=2025-10-14T23:59:59Z&startRange=2025-05-15T09:00:00Z,6.0,6.0,100.0,515.0,<Response [200]>,,2025-11-09T18:34:11.635696
,,,,,,AMS,,,,,YYZ,,,,2025-10-14T23:59:59Z,2025-05-15T09:00:00Z,destination=AMS&origin=YYZ&endRange=2025-10-14T23:59:59Z&startRange=2025-05-15T09:00:00Z,6.0,6.0,100.0,589.0,<Response [200]>,,2025-11-09T18:34:12.032161
,,,,,,DXB,,,,,AMS,,,,2025-10-14T23:59:59Z,2025-05-15T09:00:00Z,destination=DXB&origin=AMS&endRange=2025-10-14T23:59:59Z&startRange=2025-05-15T09:00:00Z,6.0,6.0,100.0,568.0,<Response [200]>,,2025-11-09T18:34:12.494852
,,,,,,CDG,,,,,ORN,,,,2025-10-14T23:59:59Z,2025-05-15T09:00:00Z,destination=CDG&origin=ORN&endRange=2025-10-14T23:59:59Z&startRange=2025-05-15T09:00:00Z,6.0,6.0,100.0,512.0,<Response [200]>,,2025-11-09T18:34:12.906197
,,,,,,ORY,,,,,OUD,,,,2025-10-14T23:59:59Z,2025-05-15T09:00:00Z,destination=ORY&origin=OUD&endRange=2025-10-14T23:59:59Z&startRange=2025-05-15T09:00:00Z,6.0,6.0,100.0,522.0,<Response [200]>,,2025-11-09T18:34:13.320762
,,,,,,BOS,,,,,AMS,,,,2025-10-14T23:59:59Z,2025-05-15T09:00:00Z,destination=BOS&origin=AMS&endRange=2025-10-14T23:59:59Z&startRange=2025-05-15T09:00:00Z,6.0,6.0,100.0,553.0,<Response [200]>,,2025-11-09T18:34:13.754624
,,,,,,OUD,,,,,ORY,,,,2025-10-14T23:59:59Z,2025-05-15T09:00:00Z,destination=OUD&origin=ORY&endRange=2025-10-14T23:59:59Z&startRange=2025-05-15T09:00:00Z,6.0,6.0,100.0,510.0,<Response [200]>,,2025-11-09T18:34:14.218667
,,,,,,DOH,,,,,CDG,,,,2025-10-14T23:59:59Z,2025-05-15T09:00:00Z,destination=DOH&origin=CDG&endRange=2025-10-14T23:59:59Z&startRange=2025-05-15T09:00:00Z,6.0,6.0,100.0,578.0,<Response [200]>,,2025-11-09T18:34:14.656226
,,,,,,AMS,,,,,BOS,,,,2025-10-14T23:59:59Z,2025-05-15T09:00:00Z,destination=AMS&origin=BOS&endRange=2025-10-14T23:59:59Z&startRange=2025-05-15T09:00:00Z,6.0,6.0,100.0,551.0,<Response [200]>,,2025-11-09T18:34:15.114705
,,,,,,SIN,,,,,CDG,,,,2025-10-14T23:59:59Z,2025-05-15T09:00:00Z,destination=SIN&origin=CDG&endRange=2025-10-14T23:59:59Z&startRange=2025-05-15T09:00:00Z,6.0,6.0,100.0,526.0,<Response [200]>,,2025-11-09T18:34:15.575994
,,,,,,MSP,,,,,AMS,,,,2025-10-14T23:59:59Z,2025-05-15T09:00:00Z,destination=MSP&origin=AMS&endRange=2025-10-14T23:59:59Z&startRange=2025-05-15T09:00:00Z,6.0,6.0,100.0,554.0,<Response [200]>,,2025-11-09T18:34:16.022037
,,,,,,CDG,,,,,DOH,,,,2025-10-14T23:59:59Z,2025-05-15T09:00:00Z,destination=CDG&origin=DOH&endRange=2025-10-14T23:59:59Z&startRange=2025-05-15T09:00:00Z,6.0,6.0,100.0,575.0,<Response [200]>,,2025-11-09T18:34:16.479382
,,,,,,AMS,,,,,DXB,,,,2025-10-14T23:59:59Z,2025-05-15T09:00:00Z,destination=AMS&origin=DXB&endRange=2025-10-14T23:59:59Z&startRange=2025-05-15T09:00:00Z,6.0,6.0,100.0,568.0,<Response [200]>,,2025-11-09T18:34:16.896400
,,,,,,LAX,,,,,LHR,,,,2025-10-14T23:59:59Z,2025-05-15T09:00:00Z,destination=LAX&origin=LHR&endRange=2025-10-14T23:59:59Z&startRange=2025-05-15T09:00:00Z,6.0,6.0,100.0,528.0,<Response [200]>,,2025-11-09T18:34:17.292884
,,,,,,ICN,,,,,CDG,,,,2025-10-14T23:59:59Z,2025-05-15T09:00:00Z,destination=ICN&origin=CDG&endRange=2025-10-14T23:59:59Z&startRange=2025-05-15T09:00:00Z,6.0,6.0,100.0,528.0,<Response [200]>,,2025-11-09T18:34:17.698741
,,,,,,LHR,,,,,LAX,,,,2025-10-14T23:59:59Z,2025-05-15T09:00:00Z,destination=LHR&origin=LAX&endRange=2025-10-14T23:59:59Z&startRange=2025-05-15T09:00:00Z,6.0,6.0,100.0,526.0,<Response [200]>,,2025-11-09T18:34:18.121558
,,,,,,AMS,,,,,MSP,,,,2025-10-14T23:59:59Z,2025-05-15T09:00:00Z,destination=AMS&origin=MSP&endRange=2025-10-14T23:59:59Z&startRange=2025-05-15T09:00:00Z,6.0,6.0,100.0,550.0,<Response [200]>,,2025-11-09T18:34:18.522429
,,,,,,CDG,,,,,SIN,,,,2025-10-14T23:59:59Z,2025-05-15T09:00:00Z,destination=CDG&origin=SIN&endRange=2025-10-14T23:59:59Z&startRange=2025-05-15T09:00:00Z,6.0,6.0,100.0,526.0,<Response [200]>,,2025-11-09T18:34:18.904651
,,,,,,CDG,,,,,ICN,,,,2025-10-14T23:59:59Z,2025-05-15T09:00:00Z,destination=CDG&origin=ICN&endRange=2025-10-14T23:59:59Z&startRange=2025-05-15T09:00:00Z,6.0,6.0,100.0,527.0,<Response [200]>,,2025-11-09T18:34:19.318140
,,,,,,CDG,,,,,ALG,,,,2025-10-14T23:59:59Z,2025-05-15T09:00:00Z,destination=CDG&origin=ALG&endRange=2025-10-14T23:59:59Z&startRange=2025-05-15T09:00:00Z,21.0,21.0,100.0,2039.0,<Response [200]>,,2025-11-09T18:34:19.707353
,,,,,,AYT,,,,,AMS,,,,2025-10-14T23:59:59Z,2025-05-15T09:00:00Z,destination=AYT&origin=AMS&endRange=2025-10-14T23:59:59Z&startRange=2025-05-15T09:00:00Z,5.0,5.0,100.0,462.0,<Response [200]>,,2025-11-09T18:34:20.083959
,,,,,,AMS,,,,,AYT,,,,2025-10-14T23:59:59Z,2025-05-15T09:00:00Z,destination=AMS&origin=AYT&endRange=2025-10-14T23:59:59Z&startRange=2025-05-15T09:00:00Z,5.0,5.0,100.0,456.0,<Response [200]>,,2025-11-09T18:34:20.464971
,,,,,,TLV,,,,,AMS,,,,2025-10-14T23:59:59Z,2025-05-15T09:00:00Z,destination=TLV&origin=AMS&endRange=2025-10-14T23:59:59Z&startRange=2025-05-15T09:00:00Z,5.0,5.0,100.0,481.0,<Response [200]>,,2025-11-09T18:34:20.853854
,,,,,,ORN,,,,,CDG,,,,2025-10-14T23:59:59Z,2025-05-15T09:00:00Z,destination=ORN&origin=CDG&endRange=2025-10-14T23:59:59Z&startRange=2025-05-15T09:00:00Z,5.0,5.0,100.0,478.0,<Response [200]>,,2025-11-09T18:34:21.243568
,,,,,,CDG,,,,,DJE,,,,2025-10-14T23:59:59Z,2025-05-15T09:00:00Z,destination=CDG&origin=DJE&endRange=2025-10-14T23:59:59Z&startRange=2025-05-15T09:00:00Z,5.0,5.0,100.0,411.0,<Response [200]>,,2025-11-09T18:34:21.675496
,,,,,,ORN,,,,,ORY,,,,2025-10-14T23:59:59Z,2025-05-15T09:00:00Z,destination=ORN&origin=ORY&endRange=2025-10-14T23:59:59Z&startRange=2025-05-15T09:00:00Z,5.0,5.0,100.0,438.0,<Response [200]>,,2025-11-09T18:34:22.071665
,,,,,,CDG,,,,,NBO,,,,2025-10-14T23:59:59Z,2025-05-15T09:00:00Z,destination=CDG&origin=NBO&endRange=2025-10-14T23:59:59Z&startRange=2025-05-15T09:00:00Z,5.0,5.0,100.0,440.0,<Response [200]>,,2025-11-09T18:34:22.441643
,,,,,,MEX,,,,,CDG,,,,2025-10-14T23:59:59Z,2025-05-15T09:00:00Z,destination=MEX&origin=CDG&endRange=2025-10-14T23:59:59Z&startRange=2025-05-15T09:00:00Z,5.0,5.0,100.0,493.0,<Response [200]>,,2025-11-09T18:34:22.818530
,,,,,,ORY,,,,,ORN,,,,2025-10-14T23:59:59Z,2025-05-15T09:00:00Z,destination=ORY&origin=ORN&endRange=2025-10-14T23:59:59Z&startRange=2025-05-15T09:00:00Z,5.0,5.0,100.0,440.0,<Response [200]>,,2025-11-09T18:34:23.204342
,,,,,,ORD,,,,,CDG,,,,2025-10-14T23:59:59Z,2025-05-15T09:00:00Z,destination=ORD&origin=CDG&endRange=2025-10-14T23:59:59Z&startRange=2025-05-15T09:00:00Z,5.0,5.0,100.0,420.0,<Response [200]>,,2025-11-09T18:34:23.588514
,,,,,,ORY,,,,,RBA,,,,2025-10-14T23:59:59Z,2025-05-15T09:00:00Z,destination=ORY&origin=RBA&endRange=2025-10-14T23:59:59Z&startRange=2025-05-15T09:00:00Z,5.0,5.0,100.0,438.0,<Response [200]>,,2025-11-09T18:34:23.966805
,,,,,,IST,,,,,ORY,,,,2025-10-14T23:59:59Z,2025-05-15T09:00:00Z,destination=IST&origin=ORY&endRange=2025-10-14T23:59:59Z&startRange=2025-05-15T09:00:00Z,5.0,5.0,100.0,463.0,<Response [200]>,,2025-11-09T18:34:24.337521
,,,,,,ORY,,,,,IST,,,,2025-10-14T23:59:59Z,2025-05-15T09:00:00Z,destination=ORY&origin=IST&endRange=2025-10-14T23:59:59Z&startRange=2025-05-15T09:00:00Z,5.0,5.0,100.0,463.0,<Response [200]>,,2025-11-09T18:34:24.717832
,,,,,,CDG,,,,,CAI,,,,2025-10-14T23:59:59Z,2025-05-15T09:00:00Z,destination=CDG&origin=CAI&endRange=2025-10-14T23:59:59Z&startRange=2025-05-15T09:00:00Z,5.0,5.0,100.0,434.0,<Response [200]>,,2025-11-09T18:34:25.087783
,,,,,,BOS,,,,,LHR,,,,2025-10-14T23:59:59Z,2025-05-15T09:00:00Z,destination=BOS&origin=LHR&endRange=2025-10-14T23:59:59Z&startRange=2025-05-15T09:00:00Z,5.0,5.0,100.0,460.0,<Response [200]>,,2025-11-09T18:34:25.469435
,,,,,,CAI,,,,,CDG,,,,2025-10-14T23:59:59Z,2025-05-15T09:00:00Z,destination=CAI&origin=CDG&endRange=2025-10-14T23:59:59Z&startRange=2025-05-15T09:00:00Z,5.0,5.0,100.0,435.0,<Response [200]>,,2025-11-09T18:34:25.842071
,,,,,,CDG,,,,,BEY,,,,2025-10-14T23:59:59Z,2025-05-15T09:00:00Z,destination=CDG&origin=BEY&endRange=2025-10-14T23:59:59Z&startRange=2025-05-15T09:00:00Z,5.0,5.0,100.0,467.0,<Response [200]>,,2025-11-09T18:34:26.210652
,,,,,,CDG,,,,,GRU,,,,2025-10-14T23:59:59Z,2025-05-15T09:00:00Z,destination=CDG&origin=GRU&endRange=2025-10-14T23:59:59Z&startRange=2025-05-15T09:00:00Z,5.0,5.0,100.0,459.0,<Response [200]>,,2025-11-09T18:34:26.587820
,,,,,,RBA,,,,,ORY,,,,2025-10-14T23:59:59Z,2025-05-15T09:00:00Z,destination=RBA&origin=ORY&endRange=2025-10-14T23:59:59Z&startRange=2025-05-15T09:00:00Z,5.0,5.0,100.0,435.0,<Response [200]>,,2025-11-09T18:34:26.963969
,,,,,,EWR,,,,,CDG,,,,2025-10-14T23:59:59Z,2025-05-15T09:00:00Z,destination=EWR&origin=CDG&endRange=2025-10-14T23:59:59Z&startRange=2025-05-15T09:00:00Z,5.0,5.0,100.0,467.0,<Response [200]>,,2025-11-09T18:34:27.342433
,,,,,,MIR,,,,,ORY,,,,2025-10-14T23:59:59Z,2025-05-15T09:00:00Z,destination=MIR&origin=ORY&endRange=2025-10-14T23:59:59Z&startRange=2025-05-15T09:00:00Z,5.0,5.0,100.0,436.0,<Response [200]>,,2025-11-09T18:34:27.720211
,,,,,,LHR,,,,,BOS,,,,2025-10-14T23:59:59Z,2025-05-15T09:00:00Z,destination=LHR&origin=BOS&endRange=2025-10-14T23:59:59Z&startRange=2025-05-15T09:00:00Z,5.0,5.0,100.0,458.0,<Response [200]>,,2025-11-09T18:34:28.088644
,,,,,,ORY,,,,,MIR,,,,2025-10-14T23:59:59Z,2025-05-15T09:00:00Z,destination=ORY&origin=MIR&endRange=2025-10-14T23:59:59Z&startRange=2025-05-15T09:00:00Z,5.0,5.0,100.0,437.0,<Response [200]>,,2025-11-09T18:34:28.472979
,,,,,,BEY,,,,,CDG,,,,2025-10-14T23:59:59Z,2025-05-15T09:00:00Z,destination=BEY&origin=CDG&endRange=2025-10-14T23:59:59Z&startRange=2025-05-15T09:00:00Z,5.0,5.0,100.0,464.0,<Response [200]>,,2025-11-09T18:34:29.960171
,,,,,,CDG,,,,,MEX,,,,2025-10-14T23:59:59Z,2025-05-15T09:00:00Z,destination=CDG&origin=MEX&endRange=2025-10-14T23:59:59Z&startRange=2025-05-15T09:00:00Z,5.0,5.0,100.0,490.0,<Response [200]>,,2025-11-09T18:34:29.988465
,,,,,,PVG,,,,,CDG,,,,2025-10-14T23:59:59Z,2025-05-15T09:00:00Z,destination=PVG&origin=CDG&endRange=2025-10-14T23:59:59Z&startRange=2025-05-15T09:00:00Z,5.0,5.0,100.0,416.0,<Response [200]>,,2025-11-09T18:34:30.022076
,,,,,,AMS,,,,,DTW,,,,2025-10-14T23:59:59Z,2025-05-15T09:00:00Z,destination=AMS&origin=DTW&endRange=2025-10-14T23:59:59Z&startRange=2025-05-15T09:00:00Z,5.0,5.0,100.0,463.0,<Response [200]>,,2025-11-09T18:34:30.051116
,,,,,,CDG,,,,,EWR,,,,2025-10-14T23:59:59Z,2025-05-15T09:00:00Z,destination=CDG&origin=EWR&endRange=2025-10-14T23:59:59Z&startRange=2025-05-15T09:00:00Z,5.0,5.0,100.0,464.0,<Response [200]>,,2025-11-09T18:34:30.080873
,,,,,,DTW,,,,,AMS,,,,2025-10-14T23:59:59Z,2025-05-15T09:00:00Z,destination=DTW&origin=AMS&endRange=2025-10-14T23:59:59Z&startRange=2025-05-15T09:00:00Z,5.0,5.0,100.0,457.0,<Response [200]>,,2025-11-09T18:34:30.106750
,,,,,,GRU,,,,,CDG,,,,2025-10-14T23:59:59Z,2025-05-15T09:00:00Z,destination=GRU&origin=CDG&endRange=2025-10-14T23:59:59Z&startRange=2025-05-15T09:00:00Z,5.0,5.0,100.0,459.0,<Response [200]>,,2025-11-09T18:34:30.133725
,,,,,,CDG,,,,,ORD,,,,2025-10-14T23:59:59Z,2025-05-15T09:00:00Z,destination=CDG&origin=ORD&endRange=2025-10-14T23:59:59Z&startRange=2025-05-15T09:00:00Z,5.0,5.0,100.0,419.0,<Response [200]>,,2025-11-09T18:34:30.162974
,,,,,,CDG,,,,,PEK,,,,2025-10-14T23:59:59Z,2025-05-15T09:00:00Z,destination=CDG&origin=PEK&endRange=2025-10-14T23:59:59Z&startRange=2025-05-15T09:00:00Z,5.0,5.0,100.0,416.0,<Response [200]>,,2025-11-09T18:34:30.189702
,,,,,,DTW,,,,,CDG,,,,2025-10-14T23:59:59Z,2025-05-15T09:00:00Z,destination=DTW&origin=CDG&endRange=2025-10-14T23:59:59Z&startRange=2025-05-15T09:00:00Z,5.0,5.0,100.0,401.0,<Response [200]>,,2025-11-09T18:34:30.216745
,,,,,,PEK,,,,,CDG,,,,2025-10-14T23:59:59Z,2025-05-15T09:00:00Z,destination=PEK&origin=CDG&endRange=2025-10-14T23:59:59Z&startRange=2025-05-15T09:00:00Z,5.0,5.0,100.0,416.0,<Response [200]>,,2025-11-09T18:34:30.244749
,,,,,,CDG,,,,,PVG,,,,2025-10-14T23:59:59Z,2025-05-15T09:00:00Z,destination=CDG&origin=PVG&endRange=2025-10-14T23:59:59Z&startRange=2025-05-15T09:00:00Z,5.0,5.0,100.0,415.0,<Response [200]>,,2025-11-09T18:34:30.273223
,,,,,,CDG,,,,,SFO,,,,2025-10-14T23:59:59Z,2025-05-15T09:00:00Z,destination=CDG&origin=SFO&endRange=2025-10-14T23:59:59Z&startRange=2025-05-15T09:00:00Z,5.0,5.0,100.0,427.0,<Response [200]>,,2025-11-09T18:34:30.302084
,,,,,,SFO,,,,,CDG,,,,2025-10-14T23:59:59Z,2025-05-15T09:00:00Z,destination=SFO&origin=CDG&endRange=2025-10-14T23:59:59Z&startRange=2025-05-15T09:00:00Z,5.0,5.0,100.0,425.0,<Response [200]>,,2025-11-09T18:34:30.331136
,,,,,,AMS,,,,,BON,,,,2025-10-14T23:59:59Z,2025-05-15T09:00:00Z,destination=AMS&origin=BON&endRange=2025-10-14T23:59:59Z&startRange=2025-05-15T09:00:00Z,4.0,4.0,100.0,305.0,<Response [200]>,,2025-11-09T18:34:30.358298
,,,,,,TNG,,,,,ORY,,,,2025-10-14T23:59:59Z,2025-05-15T09:00:00Z,destination=TNG&origin=ORY&endRange=2025-10-14T23:59:59Z&startRange=2025-05-15T09:00:00Z,4.0,4.0,100.0,364.0,<Response [200]>,,2025-11-09T18:34:30.384583
,,,,,,ORY,,,,,TNG,,,,2025-10-14T23:59:59Z,2025-05-15T09:00:00Z,destination=ORY&origin=TNG&endRange=2025-10-14T23:59:59Z&startRange=2025-05-15T09:00:00Z,4.0,4.0,100.0,364.0,<Response [200]>,,2025-11-09T18:34:30.411009
,,,,,,DJE,,,,,CDG,,,,2025-10-14T23:59:59Z,2025-05-15T09:00:00Z,destination=DJE&origin=CDG&endRange=2025-10-14T23:59:59Z&startRange=2025-05-15T09:00:00Z,4.0,4.0,100.0,390.0,<Response [200]>,,2025-11-09T18:34:30.437309
,,,,,,CDG,,,,,DTW,,,,2025-10-14T23:59:59Z,2025-05-15T09:00:00Z,destination=CDG&origin=DTW&endRange=2025-10-14T23:59:59Z&startRange=2025-05-15T09:00:00Z,4.0,4.0,100.0,399.0,<Response [200]>,,2025-11-09T18:34:30.462344
,,,,,,ORY,,,,,BJA,,,,2025-10-14T23:59:59Z,2025-05-15T09:00:00Z,destination=ORY&origin=BJA&endRange=2025-10-14T23:59:59Z&startRange=2025-05-15T09:00:00Z,4.0,4.0,100.0,337.0,<Response [200]>,,2025-11-09T18:34:30.487813
,,,,,,LHR,,,,,MCO,,,,2025-10-14T23:59:59Z,2025-05-15T09:00:00Z,destination=LHR&origin=MCO&endRange=2025-10-14T23:59:59Z&startRange=2025-05-15T09:00:00Z,4.0,4.0,100.0,332.0,<Response [200]>,,2025-11-09T18:34:30.512422
,,,,,,BKK,,,,,CDG,,,,2025-10-14T23:59:59Z,2025-05-15T09:00:00Z,destination=BKK&origin=CDG&endRange=2025-10-14T23:59:59Z&startRange=2025-05-15T09:00:00Z,4.0,4.0,100.0,339.0,<Response [200]>,,2025-11-09T18:34:30.538123
,,,,,,BJA,,,,,ORY,,,,2025-10-14T23:59:59Z,2025-05-15T09:00:00Z,destination=BJA&origin=ORY&endRange=2025-10-14T23:59:59Z&startRange=2025-05-15T09:00:00Z,4.0,4.0,100.0,332.0,<Response [200]>,,2025-11-09T18:34:30.563526
,,,,,,EWR,,,,,ORY,,,,2025-10-14T23:59:59Z,2025-05-15T09:00:00Z,destination=EWR&origin=ORY&endRange=2025-10-14T23:59:59Z&startRange=2025-05-15T09:00:00Z,4.0,4.0,100.0,328.0,<Response [200]>,,2025-11-09T18:34:30.589043
,,,,,,MCO,,,,,LHR,,,,2025-10-14T23:59:59Z,2025-05-15T09:00:00Z,destination=MCO&origin=LHR&endRange=2025-10-14T23:59:59Z&startRange=2025-05-15T09:00:00Z,4.0,4.0,100.0,331.0,<Response [200]>,,2025-11-09T18:34:30.614368
,,,,,,MIA,,,,,LHR,,,,2025-10-14T23:59:59Z,2025-05-15T09:00:00Z,destination=MIA&origin=LHR&endRange=2025-10-14T23:59:59Z&startRange=2025-05-15T09:00:00Z,4.0,4.0,100.0,305.0,<Response [200]>,,2025-11-09T18:34:30.638668
,,,,,,SFO,,,,,LHR,,,,2025-10-14T23:59:59Z,2025-05-15T09:00:00Z,destination=SFO&origin=LHR&endRange=2025-10-14T23:59:59Z&startRange=2025-05-15T09:00:00Z,4.0,4.0,100.0,302.0,<Response [200]>,,2025-11-09T18:34:30.662478
,,,,,,DSS,,,,,CDG,,,,2025-10-14T23:59:59Z,2025-05-15T09:00:00Z,destination=DSS&origin=CDG&endRange=2025-10-14T23:59:59Z&startRange=2025-05-15T09:00:00Z,4.0,4.0,100.0,352.0,<Response [200]>,,2025-11-09T18:34:30.687893
,,,,,,ORD,,,,,AMS,,,,2025-10-14T23:59:59Z,2025-05-15T09:00:00Z,destination=ORD&origin=AMS&endRange=2025-10-14T23:59:59Z&startRange=2025-05-15T09:00:00Z,4.0,4.0,100.0,309.0,<Response [200]>,,2025-11-09T18:34:30.713431
,,,,,,CDG,,,,,DSS,,,,2025-10-14T23:59:59Z,2025-05-15T09:00:00Z,destination=CDG&origin=DSS&endRange=2025-10-14T23:59:59Z&startRange=2025-05-15T09:00:00Z,4.0,4.0,100.0,347.0,<Response [200]>,,2025-11-09T18:34:30.737047
,,,,,,CDG,,,,,BKK,,,,2025-10-14T23:59:59Z,2025-05-15T09:00:00Z,destination=CDG&origin=BKK&endRange=2025-10-14T23:59:59Z&startRange=2025-05-15T09:00:00Z,4.0,4.0,100.0,335.0,<Response [200]>,,2025-11-09T18:34:30.761854
,,,,,,SFO,,,,,AMS,,,,2025-10-14T23:59:59Z,2025-05-15T09:00:00Z,destination=SFO&origin=AMS&endRange=2025-10-14T23:59:59Z&startRange=2025-05-15T09:00:00Z,4.0,4.0,100.0,365.0,<Response [200]>,,2025-11-09T18:34:30.787006
,,,,,,SEA,,,,,LHR,,,,2025-10-14T23:59:59Z,2025-05-15T09:00:00Z,destination=SEA&origin=LHR&endRange=2025-10-14T23:59:59Z&startRange=2025-05-15T09:00:00Z,4.0,4.0,100.0,306.0,<Response [200]>,,2025-11-09T18:34:30.813652
,,,,,,ABJ,,,,,CDG,,,,2025-10-14T23:59:59Z,2025-05-15T09:00:00Z,destination=ABJ&origin=CDG&endRange=2025-10-14T23:59:59Z&startRange=2025-05-15T09:00:00Z,4.0,4.0,100.0,316.0,<Response [200]>,,2025-11-09T18:34:30.840032
,,,,,,YUL,,,,,AMS,,,,2025-10-14T23:59:59Z,2025-05-15T09:00:00Z,destination=YUL&origin=AMS&endRange=2025-10-14T23:59:59Z&startRange=2025-05-15T09:00:00Z,4.0,4.0,100.0,302.0,<Response [200]>,,2025-11-09T18:34:30.867710
,,,,,,IAD,,,,,AMS,,,,2025-10-14T23:59:59Z,2025-05-15T09:00:00Z,destination=IAD&origin=AMS&endRange=2025-10-14T23:59:59Z&startRange=2025-05-15T09:00:00Z,4.0,4.0,100.0,310.0,<Response [200]>,,2025-11-09T18:34:30.897989
,,,,,,HKG,,,,,CDG,,,,2025-10-14T23:59:59Z,2025-05-15T09:00:00Z,destination=HKG&origin=CDG&endRange=2025-10-14T23:59:59Z&startRange=2025-05-15T09:00:00Z,4.0,4.0,100.0,306.0,<Response [200]>,,2025-11-09T18:34:30.934046
,,,,,,AMS,,,,,SFO,,,,2025-10-14T23:59:59Z,2025-05-15T09:00:00Z,destination=AMS&origin=SFO&endRange=2025-10-14T23:59:59Z&startRange=2025-05-15T09:00:00Z,4.0,4.0,100.0,363.0,<Response [200]>,,2025-11-09T18:34:30.963580
,,,,,,LHR,,,,,SFO,,,,2025-10-14T23:59:59Z,2025-05-15T09:00:00Z,destination=LHR&origin=SFO&endRange=2025-10-14T23:59:59Z&startRange=2025-05-15T09:00:00Z,4.0,4.0,100.0,301.0,<Response [200]>,,2025-11-09T18:34:30.991466
,,,,,,SIN,,,,,AMS,,,,2025-10-14T23:59:59Z,2025-05-15T09:00:00Z,destination=SIN&origin=AMS&endRange=2025-10-14T23:59:59Z&startRange=2025-05-15T09:00:00Z,4.0,4.0,100.0,307.0,<Response [200]>,,2025-11-09T18:34:31.018779
,,,,,,AMS,,,,,DEL,,,,2025-10-14T23:59:59Z,2025-05-15T09:00:00Z,destination=AMS&origin=DEL&endRange=2025-10-14T23:59:59Z&startRange=2025-05-15T09:00:00Z,4.0,4.0,100.0,305.0,<Response [200]>,,2025-11-09T18:34:31.045091
,,,,,,CDG,,,,,HKG,,,,2025-10-14T23:59:59Z,2025-05-15T09:00:00Z,destination=CDG&origin=HKG&endRange=2025-10-14T23:59:59Z&startRange=2025-05-15T09:00:00Z,4.0,4.0,100.0,305.0,<Response [200]>,,2025-11-09T18:34:31.070182
,,,,,,LAX,,,,,AMS,,,,2025-10-14T23:59:59Z,2025-05-15T09:00:00Z,destination=LAX&origin=AMS&endRange=2025-10-14T23:59:59Z&startRange=2025-05-15T09:00:00Z,4.0,4.0,100.0,305.0,<Response [200]>,,2025-11-09T18:34:31.096483
,,,,,,SAW,,,,,ORY,,,,2025-10-14T23:59:59Z,2025-05-15T09:00:00Z,destination=SAW&origin=ORY&endRange=2025-10-14T23:59:59Z&startRange=2025-05-15T09:00:00Z,4.0,4.0,100.0,306.0,<Response [200]>,,2025-11-09T18:34:31.122880
,,,,,,ORY,,,,,SAW,,,,2025-10-14T23:59:59Z,2025-05-15T09:00:00Z,destination=ORY&origin=SAW&endRange=2025-10-14T23:59:59Z&startRange=2025-05-15T09:00:00Z,4.0,4.0,100.0,306.0,<Response [200]>,,2025-11-09T18:34:31.148800
,,,,,,MEX,,,,,AMS,,,,2025-10-14T23:59:59Z,2025-05-15T09:00:00Z,destination=MEX&origin=AMS&endRange=2025-10-14T23:59:59Z&startRange=2025-05-15T09:00:00Z,4.0,4.0,100.0,307.0,<Response [200]>,,2025-11-09T18:34:31.174982
,,,,,,AMS,,,,,LAX,,,,2025-10-14T23:59:59Z,2025-05-15T09:00:00Z,destination=AMS&origin=LAX&endRange=2025-10-14T23:59:59Z&startRange=2025-05-15T09:00:00Z,4.0,4.0,100.0,306.0,<Response [200]>,,2025-11-09T18:34:31.201328
,,,,,,NBO,,,,,CDG,,,,2025-10-14T23:59:59Z,2025-05-15T09:00:00Z,destination=NBO&origin=CDG&endRange=2025-10-14T23:59:59Z&startRange=2025-05-15T09:00:00Z,4.0,4.0,100.0,305.0,<Response [200]>,,2025-11-09T18:34:31.227337
,,,,,,DEL,,,,,CDG,,,,2025-10-14T23:59:59Z,2025-05-15T09:00:00Z,destination=DEL&origin=CDG&endRange=2025-10-14T23:59:59Z&startRange=2025-05-15T09:00:00Z,4.0,4.0,100.0,390.0,<Response [200]>,,2025-11-09T18:34:31.254320
,,,,,,CDG,,,,,AUH,,,,2025-10-14T23:59:59Z,2025-05-15T09:00:00Z,destination=CDG&origin=AUH&endRange=2025-10-14T23:59:59Z&startRange=2025-05-15T09:00:00Z,4.0,4.0,100.0,314.0,<Response [200]>,,2025-11-09T18:34:31.282419
,,,,,,PVG,,,,,AMS,,,,2025-10-14T23:59:59Z,2025-05-15T09:00:00Z,destination=PVG&origin=AMS&endRange=2025-10-14T23:59:59Z&startRange=2025-05-15T09:00:00Z,4.0,4.0,100.0,306.0,<Response [200]>,,2025-11-09T18:34:31.310457
,,,,,,IAH,,,,,AMS,,,,2025-10-14T23:59:59Z,2025-05-15T09:00:00Z,destination=IAH&origin=AMS&endRange=2025-10-14T23:59:59Z&startRange=2025-05-15T09:00:00Z,4.0,4.0,100.0,312.0,<Response [200]>,,2025-11-09T18:34:31.337168
,,,,,,LHR,,,,,MIA,,,,2025-10-14T23:59:59Z,2025-05-15T09:00:00Z,destination=LHR&origin=MIA&endRange=2025-10-14T23:59:59Z&startRange=2025-05-15T09:00:00Z,4.0,4.0,100.0,304.0,<Response [200]>,,2025-11-09T18:34:31.364492
,,,,,,AMS,,,,,SEA,,,,2025-10-14T23:59:59Z,2025-05-15T09:00:00Z,destination=AMS&origin=SEA&endRange=2025-10-14T23:59:59Z&startRange=2025-05-15T09:00:00Z,4.0,4.0,100.0,305.0,<Response [200]>,,2025-11-09T18:34:31.389685
,,,,,,DEL,,,,,AMS,,,,2025-10-14T23:59:59Z,2025-05-15T09:00:00Z,destination=DEL&origin=AMS&endRange=2025-10-14T23:59:59Z&startRange=2025-05-15T09:00:00Z,4.0,4.0,100.0,305.0,<Response [200]>,,2025-11-09T18:34:31.416846
,,,,,,AMS,,,,,IAD,,,,2025-10-14T23:59:59Z,2025-05-15T09:00:00Z,destination=AMS&origin=IAD&endRange=2025-10-14T23:59:59Z&startRange=2025-05-15T09:00:00Z,4.0,4.0,100.0,307.0,<Response [200]>,,2025-11-09T18:34:31.442579
,,,,,,AUH,,,,,CDG,,,,2025-10-14T23:59:59Z,2025-05-15T09:00:00Z,destination=AUH&origin=CDG&endRange=2025-10-14T23:59:59Z&startRange=2025-05-15T09:00:00Z,4.0,4.0,100.0,312.0,<Response [200]>,,2025-11-09T18:34:31.466437
,,,,,,CDG,,,,,ABJ,,,,2025-10-14T23:59:59Z,2025-05-15T09:00:00Z,destination=CDG&origin=ABJ&endRange=2025-10-14T23:59:59Z&startRange=2025-05-15T09:00:00Z,4.0,4.0,100.0,313.0,<Response [200]>,,2025-11-09T18:34:31.491484
,,,,,,CDG,,,,,DEL,,,,2025-10-14T23:59:59Z,2025-05-15T09:00:00Z,destination=CDG&origin=DEL&endRange=2025-10-14T23:59:59Z&startRange=2025-05-15T09:00:00Z,4.0,4.0,100.0,386.0,<Response [200]>,,2025-11-09T18:34:31.516845
,,,,,,SEA,,,,,AMS,,,,2025-10-14T23:59:59Z,2025-05-15T09:00:00Z,destination=SEA&origin=AMS&endRange=2025-10-14T23:59:59Z&startRange=2025-05-15T09:00:00Z,4.0,4.0,100.0,307.0,<Response [200]>,,2025-11-09T18:34:31.541275
,,,,,,AMS,,,,,SIN,,,,2025-10-14T23:59:59Z,2025-05-15T09:00:00Z,destination=AMS&origin=SIN&endRange=2025-10-14T23:59:59Z&startRange=2025-05-15T09:00:00Z,4.0,4.0,100.0,305.0,<Response [200]>,,2025-11-09T18:34:31.566888
,,,,,,LHR,,,,,SEA,,,,2025-10-14T23:59:59Z,2025-05-15T09:00:00Z,destination=LHR&origin=SEA&endRange=2025-10-14T23:59:59Z&startRange=2025-05-15T09:00:00Z,4.0,4.0,100.0,304.0,<Response [200]>,,2025-11-09T18:34:31.592255
,,,,,,AMS,,,,,ORD,,,,2025-10-14T23:59:59Z,2025-05-15T09:00:00Z,destination=AMS&origin=ORD&endRange=2025-10-14T23:59:59Z&startRange=2025-05-15T09:00:00Z,4.0,4.0,100.0,305.0,<Response [200]>,,2025-11-09T18:34:31.616612
,,,,,,AMS,,,,,IAH,,,,2025-10-14T23:59:59Z,2025-05-15T09:00:00Z,destination=AMS&origin=IAH&endRange=2025-10-14T23:59:59Z&startRange=2025-05-15T09:00:00Z,4.0,4.0,100.0,305.0,<Response [200]>,,2025-11-09T18:34:31.641194
,,,,,,ORY,,,,,EWR,,,,2025-10-14T23:59:59Z,2025-05-15T09:00:00Z,destination=ORY&origin=EWR&endRange=2025-10-14T23:59:59Z&startRange=2025-05-15T09:00:00Z,4.0,4.0,100.0,327.0,<Response [200]>,,2025-11-09T18:34:31.666218
,,,,,,AMS,,,,,MEX,,,,2025-10-14T23:59:59Z,2025-05-15T09:00:00Z,destination=AMS&origin=MEX&endRange=2025-10-14T23:59:59Z&startRange=2025-05-15T09:00:00Z,4.0,4.0,100.0,304.0,<Response [200]>,,2025-11-09T18:34:31.692175
,,,,,,AMS,,,,,PVG,,,,2025-10-14T23:59:59Z,2025-05-15T09:00:00Z,destination=AMS&origin=PVG&endRange=2025-10-14T23:59:59Z&startRange=2025-05-15T09:00:00Z,4.0,4.0,100.0,304.0,<Response [200]>,,2025-11-09T18:34:31.717576
,,,,,,CDG,,,,,BOG,,,,2025-10-14T23:59:59Z,2025-05-15T09:00:00Z,destination=CDG&origin=BOG&endRange=2025-10-14T23:59:59Z&startRange=2025-05-15T09:00:00Z,4.0,4.0,100.0,303.0,<Response [200]>,,2025-11-09T18:34:31.742033
,,,,,,BOG,,,,,CDG,,,,2025-10-14T23:59:59Z,2025-05-15T09:00:00Z,destination=BOG&origin=CDG&endRange=2025-10-14T23:59:59Z&startRange=2025-05-15T09:00:00Z,4.0,4.0,100.0,305.0,<Response [200]>,,2025-11-09T18:34:31.766016
,,,,,,AMS,,,,,TPE,,,,2025-10-14T23:59:59Z,2025-05-15T09:00:00Z,destination=AMS&origin=TPE&endRange=2025-10-14T23:59:59Z&startRange=2025-05-15T09:00:00Z,4.0,4.0,100.0,302.0,<Response [200]>,,2025-11-09T18:34:31.789916
,,,,,,ALG,,,,,LYS,,,,2025-10-14T23:59:59Z,2025-05-15T09:00:00Z,destination=ALG&origin=LYS&endRange=2025-10-14T23:59:59Z&startRange=2025-05-15T09:00:00Z,4.0,4.0,100.0,375.0,<Response [200]>,,2025-11-09T18:34:31.816399
,,,,,,FCO,,,,,JFK,,,,2025-10-14T23:59:59Z,2025-05-15T09:00:00Z,destination=FCO&origin=JFK&endRange=2025-10-14T23:59:59Z&startRange=2025-05-15T09:00:00Z,4.0,4.0,100.0,385.0,<Response [200]>,,2025-11-09T18:34:31.843471
,,,,,,FCO,,,,,ATL,,,,2025-10-14T23:59:59Z,2025-05-15T09:00:00Z,destination=FCO&origin=ATL&endRange=2025-10-14T23:59:59Z&startRange=2025-05-15T09:00:00Z,4.0,4.0,100.0,325.0,<Response [200]>,,2025-11-09T18:34:31.871239
,,,,,,ATL,,,,,FCO,,,,2025-10-14T23:59:59Z,2025-05-15T09:00:00Z,destination=ATL&origin=FCO&endRange=2025-10-14T23:59:59Z&startRange=2025-05-15T09:00:00Z,4.0,4.0,100.0,324.0,<Response [200]>,,2025-11-09T18:34:31.897750
,,,,,,JFK,,,,,FCO,,,,2025-10-14T23:59:59Z,2025-05-15T09:00:00Z,destination=JFK&origin=FCO&endRange=2025-10-14T23:59:59Z&startRange=2025-05-15T09:00:00Z,4.0,4.0,100.0,382.0,<Response [200]>,,2025-11-09T18:34:31.925368
,,,,,,JFK,,,,,ATH,,,,2025-10-14T23:59:59Z,2025-05-15T09:00:00Z,destination=JFK&origin=ATH&endRange=2025-10-14T23:59:59Z&startRange=2025-05-15T09:00:00Z,4.0,4.0,100.0,305.0,<Response [200]>,,2025-11-09T18:34:31.952059
,,,,,,ATH,,,,,JFK,,,,2025-10-14T23:59:59Z,2025-05-15T09:00:00Z,destination=ATH&origin=JFK&endRange=2025-10-14T23:59:59Z&startRange=2025-05-15T09:00:00Z,4.0,4.0,100.0,305.0,<Response [200]>,,2025-11-09T18:34:31.979252
,,,,,,BZV,,,,,CDG,,,,2025-10-14T23:59:59Z,2025-05-15T09:00:00Z,destination=BZV&origin=CDG&endRange=2025-10-14T23:59:59Z&startRange=2025-05-15T09:00:00Z,3.0,3.0,100.0,244.0,<Response [200]>,,2025-11-09T18:34:32.005111
,,,,,,MRU,,,,,CDG,,,,2025-10-14T23:59:59Z,2025-05-15T09:00:00Z,destination=MRU&origin=CDG&endRange=2025-10-14T23:59:59Z&startRange=2025-05-15T09:00:00Z,3.0,3.0,100.0,267.0,<Response [200]>,,2025-11-09T18:34:32.030702
,,,,,,NBO,,,,,AMS,,,,2025-10-14T23:59:59Z,2025-05-15T09:00:00Z,destination=NBO&origin=AMS&endRange=2025-10-14T23:59:59Z&startRange=2025-05-15T09:00:00Z,3.0,3.0,100.0,299.0,<Response [200]>,,2025-11-09T18:34:32.056627
,,,,,,ORY,,,,,FEZ,,,,2025-10-14T23:59:59Z,2025-05-15T09:00:00Z,destination=ORY&origin=FEZ&endRange=2025-10-14T23:59:59Z&startRange=2025-05-15T09:00:00Z,3.0,3.0,100.0,246.0,<Response [200]>,,2025-11-09T18:34:32.083314
,,,,,,CDG,,,,,BZV,,,,2025-10-14T23:59:59Z,2025-05-15T09:00:00Z,destination=CDG&origin=BZV&endRange=2025-10-14T23:59:59Z&startRange=2025-05-15T09:00:00Z,3.0,3.0,100.0,248.0,<Response [200]>,,2025-11-09T18:34:32.112293
,,,,,,DOH,,,,,AMS,,,,2025-10-14T23:59:59Z,2025-05-15T09:00:00Z,destination=DOH&origin=AMS&endRange=2025-10-14T23:59:59Z&startRange=2025-05-15T09:00:00Z,3.0,3.0,100.0,294.0,<Response [200]>,,2025-11-09T18:34:32.139980
,,,,,,HKG,,,,,AMS,,,,2025-10-14T23:59:59Z,2025-05-15T09:00:00Z,destination=HKG&origin=AMS&endRange=2025-10-14T23:59:59Z&startRange=2025-05-15T09:00:00Z,3.0,3.0,100.0,284.0,<Response [200]>,,2025-11-09T18:34:32.167661
,,,,,,AMS,,,,,ADB,,,,2025-10-14T23:59:59Z,2025-05-15T09:00:00Z,destination=AMS&origin=ADB&endRange=2025-10-14T23:59:59Z&startRange=2025-05-15T09:00:00Z,3.0,3.0,100.0,209.0,<Response [200]>,,2025-11-09T18:34:32.197142
,,,,,,CDG,,,,,MRU,,,,2025-10-14T23:59:59Z,2025-05-15T09:00:00Z,destination=CDG&origin=MRU&endRange=2025-10-14T23:59:59Z&startRange=2025-05-15T09:00:00Z,3.0,3.0,100.0,267.0,<Response [200]>,,2025-11-09T18:34:32.223161
,,,,,,MIR,,,,,CDG,,,,2025-10-14T23:59:59Z,2025-05-15T09:00:00Z,destination=MIR&origin=CDG&endRange=2025-10-14T23:59:59Z&startRange=2025-05-15T09:00:00Z,3.0,3.0,100.0,249.0,<Response [200]>,,2025-11-09T18:34:32.251100
,,,,,,AMS,,,,,CMN,,,,2025-10-14T23:59:59Z,2025-05-15T09:00:00Z,destination=AMS&origin=CMN&endRange=2025-10-14T23:59:59Z&startRange=2025-05-15T09:00:00Z,3.0,3.0,100.0,271.0,<Response [200]>,,2025-11-09T18:34:32.277352
,,,,,,TLM,,,,,ORY,,,,2025-10-14T23:59:59Z,2025-05-15T09:00:00Z,destination=TLM&origin=ORY&endRange=2025-10-14T23:59:59Z&startRange=2025-05-15T09:00:00Z,3.0,3.0,100.0,240.0,<Response [200]>,,2025-11-09T18:34:32.305288
,,,,,,ORY,,,,,TLM,,,,2025-10-14T23:59:59Z,2025-05-15T09:00:00Z,destination=ORY&origin=TLM&endRange=2025-10-14T23:59:59Z&startRange=2025-05-15T09:00:00Z,3.0,3.0,100.0,239.0,<Response [200]>,,2025-11-09T18:34:32.334414
,,,,,,ICN,,,,,AMS,,,,2025-10-14T23:59:59Z,2025-05-15T09:00:00Z,destination=ICN&origin=AMS&endRange=2025-10-14T23:59:59Z&startRange=2025-05-15T09:00:00Z,3.0,3.0,100.0,282.0,<Response [200]>,,2025-11-09T18:34:32.366616
,,,,,,AMS,,,,,DOH,,,,2025-10-14T23:59:59Z,2025-05-15T09:00:00Z,destination=AMS&origin=DOH&endRange=2025-10-14T23:59:59Z&startRange=2025-05-15T09:00:00Z,3.0,3.0,100.0,292.0,<Response [200]>,,2025-11-09T18:34:32.394509
,,,,,,DFW,,,,,CDG,,,,2025-10-14T23:59:59Z,2025-05-15T09:00:00Z,destination=DFW&origin=CDG&endRange=2025-10-14T23:59:59Z&startRange=2025-05-15T09:00:00Z,3.0,3.0,100.0,292.0,<Response [200]>,,2025-11-09T18:34:32.423026
,,,,,,CDG,,,,,MSP,,,,2025-10-14T23:59:59Z,2025-05-15T09:00:00Z,destination=CDG&origin=MSP&endRange=2025-10-14T23:59:59Z&startRange=2025-05-15T09:00:00Z,3.0,3.0,100.0,284.0,<Response [200]>,,2025-11-09T18:34:32.454929
,,,,,,CDG,,,,,MIA,,,,2025-10-14T23:59:59Z,2025-05-15T09:00:00Z,destination=CDG&origin=MIA&endRange=2025-10-14T23:59:59Z&startRange=2025-05-15T09:00:00Z,3.0,3.0,100.0,266.0,<Response [200]>,,2025-11-09T18:34:32.487948
,,,,,,MIA,,,,,CDG,,,,2025-10-14T23:59:59Z,2025-05-15T09:00:00Z,destination=MIA&origin=CDG&endRange=2025-10-14T23:59:59Z&startRange=2025-05-15T09:00:00Z,3.0,3.0,100.0,267.0,<Response [200]>,,2025-11-09T18:34:32.519415
,,,,,,MSP,,,,,CDG,,,,2025-10-14T23:59:59Z,2025-05-15T09:00:00Z,destination=MSP&origin=CDG&endRange=2025-10-14T23:59:59Z&startRange=2025-05-15T09:00:00Z,3.0,3.0,100.0,282.0,<Response [200]>,,2025-11-09T18:34:32.548176
,,,,,,SEA,,,,,CDG,,,,2025-10-14T23:59:59Z,2025-05-15T09:00:00Z,destination=SEA&origin=CDG&endRange=2025-10-14T23:59:59Z&startRange=2025-05-15T09:00:00Z,3.0,3.0,100.0,274.0,<Response [200]>,,2025-11-09T18:34:32.577130
,,,,,,ADB,,,,,AMS,,,,2025-10-14T23:59:59Z,2025-05-15T09:00:00Z,destination=ADB&origin=AMS&endRange=2025-10-14T23:59:59Z&startRange=2025-05-15T09:00:00Z,3.0,3.0,100.0,209.0,<Response [200]>,,2025-11-09T18:34:32.604167
,,,,,,TPE,,,,,AMS,,,,2025-10-14T23:59:59Z,2025-05-15T09:00:00Z,destination=TPE&origin=AMS&endRange=2025-10-14T23:59:59Z&startRange=2025-05-15T09:00:00Z,3.0,3.0,100.0,300.0,<Response [200]>,,2025-11-09T18:34:32.632651
,,,,,,AMS,,,,,YUL,,,,2025-10-14T23:59:59Z,2025-05-15T09:00:00Z,destination=AMS&origin=YUL&endRange=2025-10-14T23:59:59Z&startRange=2025-05-15T09:00:00Z,3.0,3.0,100.0,300.0,<Response [200]>,,2025-11-09T18:34:32.664067
,,,,,,AMS,,,,,ICN,,,,2025-10-14T23:59:59Z,2025-05-15T09:00:00Z,destination=AMS&origin=ICN&endRange=2025-10-14T23:59:59Z&startRange=2025-05-15T09:00:00Z,3.0,3.0,100.0,281.0,<Response [200]>,,2025-11-09T18:34:32.691424
,,,,,,AMS,,,,,NBO,,,,2025-10-14T23:59:59Z,2025-05-15T09:00:00Z,destination=AMS&origin=NBO&endRange=2025-10-14T23:59:59Z&startRange=2025-05-15T09:00:00Z,3.0,3.0,100.0,297.0,<Response [200]>,,2025-11-09T18:34:32.719321
,,,,,,AMS,,,,,HKG,,,,2025-10-14T23:59:59Z,2025-05-15T09:00:00Z,destination=AMS&origin=HKG&endRange=2025-10-14T23:59:59Z&startRange=2025-05-15T09:00:00Z,3.0,3.0,100.0,282.0,<Response [200]>,,2025-11-09T18:34:32.746224
,,,,,,RUH,,,,,CDG,,,,2025-10-14T23:59:59Z,2025-05-15T09:00:00Z,destination=RUH&origin=CDG&endRange=2025-10-14T23:59:59Z&startRange=2025-05-15T09:00:00Z,3.0,3.0,100.0,258.0,<Response [200]>,,2025-11-09T18:34:32.777912
,,,,,,AMS,,,,,HRG,,,,2025-10-14T23:59:59Z,2025-05-15T09:00:00Z,destination=AMS&origin=HRG&endRange=2025-10-14T23:59:59Z&startRange=2025-05-15T09:00:00Z,3.0,3.0,100.0,224.0,<Response [200]>,,2025-11-09T18:34:32.807937
,,,,,,FEZ,,,,,ORY,,,,2025-10-14T23:59:59Z,2025-05-15T09:00:00Z,destination=FEZ&origin=ORY&endRange=2025-10-14T23:59:59Z&startRange=2025-05-15T09:00:00Z,3.0,3.0,100.0,245.0,<Response [200]>,,2025-11-09T18:34:32.841424
,,,,,,JED,,,,,CDG,,,,2025-10-14T23:59:59Z,2025-05-15T09:00:00Z,destination=JED&origin=CDG&endRange=2025-10-14T23:59:59Z&startRange=2025-05-15T09:00:00Z,3.0,3.0,100.0,274.0,<Response [200]>,,2025-11-09T18:34:32.874927
,,,,,,CMN,,,,,AMS,,,,2025-10-14T23:59:59Z,2025-05-15T09:00:00Z,destination=CMN&origin=AMS&endRange=2025-10-14T23:59:59Z&startRange=2025-05-15T09:00:00Z,3.0,3.0,100.0,246.0,<Response [200]>,,2025-11-09T18:34:32.904616
,,,,,,CDG,,,,,SEA,,,,2025-10-14T23:59:59Z,2025-05-15T09:00:00Z,destination=CDG&origin=SEA&endRange=2025-10-14T23:59:59Z&startRange=2025-05-15T09:00:00Z,3.0,3.0,100.0,274.0,<Response [200]>,,2025-11-09T18:34:32.939717
,,,,,,TNG,,,,,CDG,,,,2025-10-14T23:59:59Z,2025-05-15T09:00:00Z,destination=TNG&origin=CDG&endRange=2025-10-14T23:59:59Z&startRange=2025-05-15T09:00:00Z,3.0,3.0,100.0,227.0,<Response [200]>,,2025-11-09T18:34:32.974346
,,,,,,CDG,,,,,MIR,,,,2025-10-14T23:59:59Z,2025-05-15T09:00:00Z,destination=CDG&origin=MIR&endRange=2025-10-14T23:59:59Z&startRange=2025-05-15T09:00:00Z,3.0,3.0,100.0,249.0,<Response [200]>,,2025-11-09T18:34:33.008591
,,,,,,CDG,,,,,DFW,,,,2025-10-14T23:59:59Z,2025-05-15T09:00:00Z,destination=CDG&origin=DFW&endRange=2025-10-14T23:59:59Z&startRange=2025-05-15T09:00:00Z,3.0,3.0,100.0,296.0,<Response [200]>,,2025-11-09T18:34:33.040351
,,,,,,BKK,,,,,AMS,,,,2025-10-14T23:59:59Z,2025-05-15T09:00:00Z,destination=BKK&origin=AMS&endRange=2025-10-14T23:59:59Z&startRange=2025-05-15T09:00:00Z,3.0,3.0,100.0,219.0,<Response [200]>,,2025-11-09T18:34:33.072875
,,,,,,CDG,,,,,JED,,,,2025-10-14T23:59:59Z,2025-05-15T09:00:00Z,destination=CDG&origin=JED&endRange=2025-10-14T23:59:59Z&startRange=2025-05-15T09:00:00Z,3.0,3.0,100.0,269.0,<Response [200]>,,2025-11-09T18:34:33.103015
,,,,,,CDG,,,,,TNG,,,,2025-10-14T23:59:59Z,2025-05-15T09:00:00Z,destination=CDG&origin=TNG&endRange=2025-10-14T23:59:59Z&startRange=2025-05-15T09:00:00Z,3.0,3.0,100.0,226.0,<Response [200]>,,2025-11-09T18:34:33.135836
,,,,,,CDG,,,,,RUH,,,,2025-10-14T23:59:59Z,2025-05-15T09:00:00Z,destination=CDG&origin=RUH&endRange=2025-10-14T23:59:59Z&startRange=2025-05-15T09:00:00Z,3.0,3.0,100.0,255.0,<Response [200]>,,2025-11-09T18:34:33.194855
,,,,,,EVN,,,,,CDG,,,,2025-10-14T23:59:59Z,2025-05-15T09:00:00Z,destination=EVN&origin=CDG&endRange=2025-10-14T23:59:59Z&startRange=2025-05-15T09:00:00Z,3.0,3.0,100.0,207.0,<Response [200]>,,2025-11-09T18:34:33.241540
,,,,,,CDG,,,,,SAW,,,,2025-10-14T23:59:59Z,2025-05-15T09:00:00Z,destination=CDG&origin=SAW&endRange=2025-10-14T23:59:59Z&startRange=2025-05-15T09:00:00Z,3.0,3.0,100.0,241.0,<Response [200]>,,2025-11-09T18:34:33.278810
,,,,,,SAW,,,,,CDG,,,,2025-10-14T23:59:59Z,2025-05-15T09:00:00Z,destination=SAW&origin=CDG&endRange=2025-10-14T23:59:59Z&startRange=2025-05-15T09:00:00Z,3.0,3.0,100.0,241.0,<Response [200]>,,2025-11-09T18:34:33.312719
,,,,,,HRG,,,,,AMS,,,,2025-10-14T23:59:59Z,2025-05-15T09:00:00Z,destination=HRG&origin=AMS&endRange=2025-10-14T23:59:59Z&startRange=2025-05-15T09:00:00Z,3.0,3.0,100.0,226.0,<Response [200]>,,2025-11-09T18:34:33.345242
,,,,,,AMS,,,,,BOM,,,,2025-10-14T23:59:59Z,2025-05-15T09:00:00Z,destination=AMS&origin=BOM&endRange=2025-10-14T23:59:59Z&startRange=2025-05-15T09:00:00Z,3.0,3.0,100.0,210.0,<Response [200]>,,2025-11-09T18:34:33.379968
,,,,,,AMS,,,,,RAK,,,,2025-10-14T23:59:59Z,2025-05-15T09:00:00Z,destination=AMS&origin=RAK&endRange=2025-10-14T23:59:59Z&startRange=2025-05-15T09:00:00Z,3.0,3.0,100.0,240.0,<Response [200]>,,2025-11-09T18:34:33.417497
,,,,,,BOM,,,,,AMS,,,,2025-10-14T23:59:59Z,2025-05-15T09:00:00Z,destination=BOM&origin=AMS&endRange=2025-10-14T23:59:59Z&startRange=2025-05-15T09:00:00Z,3.0,3.0,100.0,211.0,<Response [200]>,,2025-11-09T18:34:33.455969
,,,,,,AMS,,,,,SLC,,,,2025-10-14T23:59:59Z,2025-05-15T09:00:00Z,destination=AMS&origin=SLC&endRange=2025-10-14T23:59:59Z&startRange=2025-05-15T09:00:00Z,3.0,3.0,100.0,236.0,<Response [200]>,,2025-11-09T18:34:33.493306
,,,,,,RAK,,,,,AMS,,,,2025-10-14T23:59:59Z,2025-05-15T09:00:00Z,destination=RAK&origin=AMS&endRange=2025-10-14T23:59:59Z&startRange=2025-05-15T09:00:00Z,3.0,3.0,100.0,241.0,<Response [200]>,,2025-11-09T18:34:33.532403
,,,,,,AMS,,,,,PBM,,,,2025-10-14T23:59:59Z,2025-05-15T09:00:00Z,destination=AMS&origin=PBM&endRange=2025-10-14T23:59:59Z&startRange=2025-05-15T09:00:00Z,3.0,3.0,100.0,218.0,<Response [200]>,,2025-11-09T18:34:33.568909
,,,,,,AMS,,,,,BKK,,,,2025-10-14T23:59:59Z,2025-05-15T09:00:00Z,destination=AMS&origin=BKK&endRange=2025-10-14T23:59:59Z&startRange=2025-05-15T09:00:00Z,3.0,3.0,100.0,218.0,<Response [200]>,,2025-11-09T18:34:33.597705
,,,,,,PBM,,,,,AMS,,,,2025-10-14T23:59:59Z,2025-05-15T09:00:00Z,destination=PBM&origin=AMS&endRange=2025-10-14T23:59:59Z&startRange=2025-05-15T09:00:00Z,3.0,3.0,100.0,217.0,<Response [200]>,,2025-11-09T18:34:33.626644
,,,,,,CDG,,,,,EVN,,,,2025-10-14T23:59:59Z,2025-05-15T09:00:00Z,destination=CDG&origin=EVN&endRange=2025-10-14T23:59:59Z&startRange=2025-05-15T09:00:00Z,3.0,3.0,100.0,208.0,<Response [200]>,,2025-11-09T18:34:33.657269
,,,,,,SLC,,,,,AMS,,,,2025-10-14T23:59:59Z,2025-05-15T09:00:00Z,destination=SLC&origin=AMS&endRange=2025-10-14T23:59:59Z&startRange=2025-05-15T09:00:00Z,3.0,3.0,100.0,234.0,<Response [200]>,,2025-11-09T18:34:33.685660
,,,,,,CAI,,,,,FCO,,,,2025-10-14T23:59:59Z,2025-05-15T09:00:00Z,destination=CAI&origin=FCO&endRange=2025-10-14T23:59:59Z&startRange=2025-05-15T09:00:00Z,3.0,3.0,100.0,299.0,<Response [200]>,,2025-11-09T18:34:33.714578
,,,,,,ATH,,,,,ATL,,,,2025-10-14T23:59:59Z,2025-05-15T09:00:00Z,destination=ATH&origin=ATL&endRange=2025-10-14T23:59:59Z&startRange=2025-05-15T09:00:00Z,3.0,3.0,100.0,273.0,<Response [200]>,,2025-11-09T18:34:33.741494
,,,,,,ATL,,,,,ATH,,,,2025-10-14T23:59:59Z,2025-05-15T09:00:00Z,destination=ATL&origin=ATH&endRange=2025-10-14T23:59:59Z&startRange=2025-05-15T09:00:00Z,3.0,3.0,100.0,271.0,<Response [200]>,,2025-11-09T18:34:33.767645
,,,,,,MCO,,,,,MAN,,,,2025-10-14T23:59:59Z,2025-05-15T09:00:00Z,destination=MCO&origin=MAN&endRange=2025-10-14T23:59:59Z&startRange=2025-05-15T09:00:00Z,3.0,3.0,100.0,211.0,<Response [200]>,,2025-11-09T18:34:33.797511
,,,,,,ORN,,,,,LYS,,,,2025-10-14T23:59:59Z,2025-05-15T09:00:00Z,destination=ORN&origin=LYS&endRange=2025-10-14T23:59:59Z&startRange=2025-05-15T09:00:00Z,3.0,3.0,100.0,242.0,<Response [200]>,,2025-11-09T18:34:33.827661
,,,,,,FCO,,,,,CAI,,,,2025-10-14T23:59:59Z,2025-05-15T09:00:00Z,destination=FCO&origin=CAI&endRange=2025-10-14T23:59:59Z&startRange=2025-05-15T09:00:00Z,3.0,3.0,100.0,299.0,<Response [200]>,,2025-11-09T18:34:33.855240
,,,,,,ATL,,,,,BCN,,,,2025-10-14T23:59:59Z,2025-05-15T09:00:00Z,destination=ATL&origin=BCN&endRange=2025-10-14T23:59:59Z&startRange=2025-05-15T09:00:00Z,3.0,3.0,100.0,214.0,<Response [200]>,,2025-11-09T18:34:33.881255
,,,,,,MAN,,,,,MCO,,,,2025-10-14T23:59:59Z,2025-05-15T09:00:00Z,destination=MAN&origin=MCO&endRange=2025-10-14T23:59:59Z&startRange=2025-05-15T09:00:00Z,3.0,3.0,100.0,201.0,<Response [200]>,,2025-11-09T18:34:33.908271
,,,,,,BCN,,,,,JFK,,,,2025-10-14T23:59:59Z,2025-05-15T09:00:00Z,destination=BCN&origin=JFK&endRange=2025-10-14T23:59:59Z&startRange=2025-05-15T09:00:00Z,3.0,3.0,100.0,236.0,<Response [200]>,,2025-11-09T18:34:33.936303
,,,,,,JFK,,,,,BCN,,,,2025-10-14T23:59:59Z,2025-05-15T09:00:00Z,destination=JFK&origin=BCN&endRange=2025-10-14T23:59:59Z&startRange=2025-05-15T09:00:00Z,3.0,3.0,100.0,236.0,<Response [200]>,,2025-11-09T18:34:33.962461
,,,,,,AMS,,,,,CGK,,,,2025-10-14T23:59:59Z,2025-05-15T09:00:00Z,destination=AMS&origin=CGK&endRange=2025-10-14T23:59:59Z&startRange=2025-05-15T09:00:00Z,3.0,3.0,100.0,246.0,<Response [200]>,,2025-11-09T18:34:33.987724
,,,,,,BCN,,,,,ATL,,,,2025-10-14T23:59:59Z,2025-05-15T09:00:00Z,destination=BCN&origin=ATL&endRange=2025-10-14T23:59:59Z&startRange=2025-05-15T09:00:00Z,3.0,3.0,100.0,214.0,<Response [200]>,,2025-11-09T18:34:34.011554
,,,,,,CGK,,,,,AMS,,,,2025-10-14T23:59:59Z,2025-05-15T09:00:00Z,destination=CGK&origin=AMS&endRange=2025-10-14T23:59:59Z&startRange=2025-05-15T09:00:00Z,3.0,3.0,100.0,210.0,<Response [200]>,,2025-11-09T18:34:34.036708
,,,,,,BON,,,,,AMS,,,,2025-10-14T23:59:59Z,2025-05-15T09:00:00Z,destination=BON&origin=AMS&endRange=2025-10-14T23:59:59Z&startRange=2025-05-15T09:00:00Z,3.0,3.0,100.0,289.0,<Response [200]>,,2025-11-09T18:34:34.062860
,,,,,,ALG,,,,,CDG,,,,2025-10-14T23:59:59Z,2025-05-15T09:00:00Z,destination=ALG&origin=CDG&endRange=2025-10-14T23:59:59Z&startRange=2025-05-15T09:00:00Z,20.0,20.0,100.0,1910.0,<Response [200]>,,2025-11-09T18:34:34.095623
,,,,,,JFK,,,,,CDG,,,,2025-10-14T23:59:59Z,2025-05-15T09:00:00Z,destination=JFK&origin=CDG&endRange=2025-10-14T23:59:59Z&startRange=2025-05-15T09:00:00Z,19.0,19.0,100.0,1854.0,<Response [200]>,,2025-11-09T18:34:34.131198
,,,,,,CDG,,,,,JFK,,,,2025-10-14T23:59:59Z,2025-05-15T09:00:00Z,destination=CDG&origin=JFK&endRange=2025-10-14T23:59:59Z&startRange=2025-05-15T09:00:00Z,19.0,19.0,100.0,1821.0,<Response [200]>,,2025-11-09T18:34:34.164647
,,,,,,KGL,,,,,AMS,,,,2025-10-14T23:59:59Z,2025-05-15T09:00:00Z,destination=KGL&origin=AMS&endRange=2025-10-14T23:59:59Z&startRange=2025-05-15T09:00:00Z,2.0,2.0,100.0,167.0,<Response [200]>,,2025-11-09T18:34:34.190757
,,,,,,AMS,,,,,EBB,,,,2025-10-14T23:59:59Z,2025-05-15T09:00:00Z,destination=AMS&origin=EBB&endRange=2025-10-14T23:59:59Z&startRange=2025-05-15T09:00:00Z,2.0,2.0,100.0,167.0,<Response [200]>,,2025-11-09T18:34:34.215983
,,,,,,AMS,,,,,DAR,,,,2025-10-14T23:59:59Z,2025-05-15T09:00:00Z,destination=AMS&origin=DAR&endRange=2025-10-14T23:59:59Z&startRange=2025-05-15T09:00:00Z,2.0,2.0,100.0,188.0,<Response [200]>,,2025-11-09T18:34:34.241125
,,,,,,AUA,,,,,AMS,,,,2025-10-14T23:59:59Z,2025-05-15T09:00:00Z,destination=AUA&origin=AMS&endRange=2025-10-14T23:59:59Z&startRange=2025-05-15T09:00:00Z,2.0,2.0,100.0,197.0,<Response [200]>,,2025-11-09T18:34:34.268215
,,,,,,BOG,,,,,AMS,,,,2025-10-14T23:59:59Z,2025-05-15T09:00:00Z,destination=BOG&origin=AMS&endRange=2025-10-14T23:59:59Z&startRange=2025-05-15T09:00:00Z,2.0,2.0,100.0,152.0,<Response [200]>,,2025-11-09T18:34:34.294090
,,,,,,AMS,,,,,CTG,,,,2025-10-14T23:59:59Z,2025-05-15T09:00:00Z,destination=AMS&origin=CTG&endRange=2025-10-14T23:59:59Z&startRange=2025-05-15T09:00:00Z,2.0,2.0,100.0,153.0,<Response [200]>,,2025-11-09T18:34:34.319165
,,,,,,AMS,,,,,DMM,,,,2025-10-14T23:59:59Z,2025-05-15T09:00:00Z,destination=AMS&origin=DMM&endRange=2025-10-14T23:59:59Z&startRange=2025-05-15T09:00:00Z,2.0,2.0,100.0,146.0,<Response [200]>,,2025-11-09T18:34:34.345722
,,,,,,RUH,,,,,AMS,,,,2025-10-14T23:59:59Z,2025-05-15T09:00:00Z,destination=RUH&origin=AMS&endRange=2025-10-14T23:59:59Z&startRange=2025-05-15T09:00:00Z,2.0,2.0,100.0,146.0,<Response [200]>,,2025-11-09T18:34:34.373156
,,,,,,JRO,,,,,AMS,,,,2025-10-14T23:59:59Z,2025-05-15T09:00:00Z,destination=JRO&origin=AMS&endRange=2025-10-14T23:59:59Z&startRange=2025-05-15T09:00:00Z,2.0,2.0,100.0,147.0,<Response [200]>,,2025-11-09T18:34:34.402275
,,,,,,AMS,,,,,GYE,,,,2025-10-14T23:59:59Z,2025-05-15T09:00:00Z,destination=AMS&origin=GYE&endRange=2025-10-14T23:59:59Z&startRange=2025-05-15T09:00:00Z,2.0,2.0,100.0,133.0,<Response [200]>,,2025-11-09T18:34:34.429520
,,,,,,UIO,,,,,AMS,,,,2025-10-14T23:59:59Z,2025-05-15T09:00:00Z,destination=UIO&origin=AMS&endRange=2025-10-14T23:59:59Z&startRange=2025-05-15T09:00:00Z,2.0,2.0,100.0,132.0,<Response [200]>,,2025-11-09T18:34:34.459312
,,,,,,SXM,,,,,AMS,,,,2025-10-14T23:59:59Z,2025-05-15T09:00:00Z,destination=SXM&origin=AMS&endRange=2025-10-14T23:59:59Z&startRange=2025-05-15T09:00:00Z,2.0,2.0,100.0,147.0,<Response [200]>,,2025-11-09T18:34:34.489883
,,,,,,AMS,,,,,POS,,,,2025-10-14T23:59:59Z,2025-05-15T09:00:00Z,destination=AMS&origin=POS&endRange=2025-10-14T23:59:59Z&startRange=2025-05-15T09:00:00Z,2.0,2.0,100.0,111.0,<Response [200]>,,2025-11-09T18:34:34.518695
,,,,,,CDG,,,,,FIH,,,,2025-10-14T23:59:59Z,2025-05-15T09:00:00Z,destination=CDG&origin=FIH&endRange=2025-10-14T23:59:59Z&startRange=2025-05-15T09:00:00Z,2.0,2.0,100.0,150.0,<Response [200]>,,2025-11-09T18:34:34.546591
,,,,,,FIH,,,,,CDG,,,,2025-10-14T23:59:59Z,2025-05-15T09:00:00Z,destination=FIH&origin=CDG&endRange=2025-10-14T23:59:59Z&startRange=2025-05-15T09:00:00Z,2.0,2.0,100.0,143.0,<Response [200]>,,2025-11-09T18:34:34.573268
,,,,,,SIN,,,,,LHR,,,,2025-10-14T23:59:59Z,2025-05-15T09:00:00Z,destination=SIN&origin=LHR&endRange=2025-10-14T23:59:59Z&startRange=2025-05-15T09:00:00Z,2.0,2.0,100.0,152.0,<Response [200]>,,2025-11-09T18:34:34.600407
,,,,,,ORY,,,,,AYT,,,,2025-10-14T23:59:59Z,2025-05-15T09:00:00Z,destination=ORY&origin=AYT&endRange=2025-10-14T23:59:59Z&startRange=2025-05-15T09:00:00Z,2.0,2.0,100.0,125.0,<Response [200]>,,2025-11-09T18:34:34.627865
,,,,,,KUL,,,,,AMS,,,,2025-10-14T23:59:59Z,2025-05-15T09:00:00Z,destination=KUL&origin=AMS&endRange=2025-10-14T23:59:59Z&startRange=2025-05-15T09:00:00Z,2.0,2.0,100.0,153.0,<Response [200]>,,2025-11-09T18:34:34.657476
,,,,,,CDG,,,,,BJA,,,,2025-10-14T23:59:59Z,2025-05-15T09:00:00Z,destination=CDG&origin=BJA&endRange=2025-10-14T23:59:59Z&startRange=2025-05-15T09:00:00Z,2.0,2.0,100.0,166.0,<Response [200]>,,2025-11-09T18:34:34.684677
,,,,,,EZE,,,,,AMS,,,,2025-10-14T23:59:59Z,2025-05-15T09:00:00Z,destination=EZE&origin=AMS&endRange=2025-10-14T23:59:59Z&startRange=2025-05-15T09:00:00Z,2.0,2.0,100.0,153.0,<Response [200]>,,2025-11-09T18:34:34.713775
,,,,,,AMS,,,,,GZP,,,,2025-10-14T23:59:59Z,2025-05-15T09:00:00Z,destination=AMS&origin=GZP&endRange=2025-10-14T23:59:59Z&startRange=2025-05-15T09:00:00Z,2.0,2.0,100.0,119.0,<Response [200]>,,2025-11-09T18:34:34.740070
,,,,,,CDG,,,,,DLA,,,,2025-10-14T23:59:59Z,2025-05-15T09:00:00Z,destination=CDG&origin=DLA&endRange=2025-10-14T23:59:59Z&startRange=2025-05-15T09:00:00Z,2.0,2.0,100.0,155.0,<Response [200]>,,2025-11-09T18:34:34.766068
,,,,,,JFK,,,,,MAD,,,,2025-10-14T23:59:59Z,2025-05-15T09:00:00Z,destination=JFK&origin=MAD&endRange=2025-10-14T23:59:59Z&startRange=2025-05-15T09:00:00Z,2.0,2.0,100.0,176.0,<Response [200]>,,2025-11-09T18:34:34.791493
,,,,,,SFA,,,,,ORY,,,,2025-10-14T23:59:59Z,2025-05-15T09:00:00Z,destination=SFA&origin=ORY&endRange=2025-10-14T23:59:59Z&startRange=2025-05-15T09:00:00Z,2.0,2.0,100.0,136.0,<Response [200]>,,2025-11-09T18:34:34.818457
,,,,,,ORY,,,,,SFA,,,,2025-10-14T23:59:59Z,2025-05-15T09:00:00Z,destination=ORY&origin=SFA&endRange=2025-10-14T23:59:59Z&startRange=2025-05-15T09:00:00Z,2.0,2.0,100.0,136.0,<Response [200]>,,2025-11-09T18:34:34.844469
,,,,,,LHR,,,,,SIN,,,,2025-10-14T23:59:59Z,2025-05-15T09:00:00Z,destination=LHR&origin=SIN&endRange=2025-10-14T23:59:59Z&startRange=2025-05-15T09:00:00Z,2.0,2.0,100.0,154.0,<Response [200]>,,2025-11-09T18:34:34.870677
,,,,,,NDR,,,,,AMS,,,,2025-10-14T23:59:59Z,2025-05-15T09:00:00Z,destination=NDR&origin=AMS&endRange=2025-10-14T23:59:59Z&startRange=2025-05-15T09:00:00Z,2.0,2.0,100.0,137.0,<Response [200]>,,2025-11-09T18:34:34.898218
,,,,,,LAS,,,,,AMS,,,,2025-10-14T23:59:59Z,2025-05-15T09:00:00Z,destination=LAS&origin=AMS&endRange=2025-10-14T23:59:59Z&startRange=2025-05-15T09:00:00Z,2.0,2.0,100.0,149.0,<Response [200]>,,2025-11-09T18:34:34.926725
,,,,,,ORY,,,,,SID,,,,2025-10-14T23:59:59Z,2025-05-15T09:00:00Z,destination=ORY&origin=SID&endRange=2025-10-14T23:59:59Z&startRange=2025-05-15T09:00:00Z,2.0,2.0,100.0,142.0,<Response [200]>,,2025-11-09T18:34:34.958827
,,,,,,ORY,,,,,ABJ,,,,2025-10-14T23:59:59Z,2025-05-15T09:00:00Z,destination=ORY&origin=ABJ&endRange=2025-10-14T23:59:59Z&startRange=2025-05-15T09:00:00Z,2.0,2.0,100.0,185.0,<Response [200]>,,2025-11-09T18:34:34.986308
,,,,,,CDG,,,,,AYT,,,,2025-10-14T23:59:59Z,2025-05-15T09:00:00Z,destination=CDG&origin=AYT&endRange=2025-10-14T23:59:59Z&startRange=2025-05-15T09:00:00Z,2.0,2.0,100.0,190.0,<Response [200]>,,2025-11-09T18:34:35.017920
,,,,,,DZA,,,,,CDG,,,,2025-10-14T23:59:59Z,2025-05-15T09:00:00Z,destination=DZA&origin=CDG&endRange=2025-10-14T23:59:59Z&startRange=2025-05-15T09:00:00Z,2.0,2.0,100.0,135.0,<Response [200]>,,2025-11-09T18:34:35.043537
,,,,,,AMS,,,,,TNG,,,,2025-10-14T23:59:59Z,2025-05-15T09:00:00Z,destination=AMS&origin=TNG&endRange=2025-10-14T23:59:59Z&startRange=2025-05-15T09:00:00Z,2.0,2.0,100.0,143.0,<Response [200]>,,2025-11-09T18:34:35.068589
,,,,,,AYT,,,,,ORY,,,,2025-10-14T23:59:59Z,2025-05-15T09:00:00Z,destination=AYT&origin=ORY&endRange=2025-10-14T23:59:59Z&startRange=2025-05-15T09:00:00Z,2.0,2.0,100.0,123.0,<Response [200]>,,2025-11-09T18:34:35.093496
,,,,,,SLC,,,,,CDG,,,,2025-10-14T23:59:59Z,2025-05-15T09:00:00Z,destination=SLC&origin=CDG&endRange=2025-10-14T23:59:59Z&startRange=2025-05-15T09:00:00Z,2.0,2.0,100.0,155.0,<Response [200]>,,2025-11-09T18:34:35.119101
,,,,,,MAD,,,,,JFK,,,,2025-10-14T23:59:59Z,2025-05-15T09:00:00Z,destination=MAD&origin=JFK&endRange=2025-10-14T23:59:59Z&startRange=2025-05-15T09:00:00Z,2.0,2.0,100.0,177.0,<Response [200]>,,2025-11-09T18:34:35.146023
,,,,,,DLM,,,,,AMS,,,,2025-10-14T23:59:59Z,2025-05-15T09:00:00Z,destination=DLM&origin=AMS&endRange=2025-10-14T23:59:59Z&startRange=2025-05-15T09:00:00Z,2.0,2.0,100.0,149.0,<Response [200]>,,2025-11-09T18:34:35.172482
,,,,,,AMS,,,,,DLM,,,,2025-10-14T23:59:59Z,2025-05-15T09:00:00Z,destination=AMS&origin=DLM&endRange=2025-10-14T23:59:59Z&startRange=2025-05-15T09:00:00Z,2.0,2.0,100.0,151.0,<Response [200]>,,2025-11-09T18:34:35.198436
,,,,,,GZP,,,,,AMS,,,,2025-10-14T23:59:59Z,2025-05-15T09:00:00Z,destination=GZP&origin=AMS&endRange=2025-10-14T23:59:59Z&startRange=2025-05-15T09:00:00Z,2.0,2.0,100.0,116.0,<Response [200]>,,2025-11-09T18:34:35.223317
,,,,,,AMM,,,,,CDG,,,,2025-10-14T23:59:59Z,2025-05-15T09:00:00Z,destination=AMM&origin=CDG&endRange=2025-10-14T23:59:59Z&startRange=2025-05-15T09:00:00Z,2.0,2.0,100.0,156.0,<Response [200]>,,2025-11-09T18:34:35.249714
,,,,,,LCA,,,,,AMS,,,,2025-10-14T23:59:59Z,2025-05-15T09:00:00Z,destination=LCA&origin=AMS&endRange=2025-10-14T23:59:59Z&startRange=2025-05-15T09:00:00Z,2.0,2.0,100.0,174.0,<Response [200]>,,2025-11-09T18:34:35.275447
,,,,,,CDG,,,,,PHL,,,,2025-10-14T23:59:59Z,2025-05-15T09:00:00Z,destination=CDG&origin=PHL&endRange=2025-10-14T23:59:59Z&startRange=2025-05-15T09:00:00Z,2.0,2.0,100.0,156.0,<Response [200]>,,2025-11-09T18:34:35.301908
,,,,,,KUL,,,,,CDG,,,,2025-10-14T23:59:59Z,2025-05-15T09:00:00Z,destination=KUL&origin=CDG&endRange=2025-10-14T23:59:59Z&startRange=2025-05-15T09:00:00Z,2.0,2.0,100.0,154.0,<Response [200]>,,2025-11-09T18:34:35.330457
,,,,,,CDG,,,,,LFW,,,,2025-10-14T23:59:59Z,2025-05-15T09:00:00Z,destination=CDG&origin=LFW&endRange=2025-10-14T23:59:59Z&startRange=2025-05-15T09:00:00Z,2.0,2.0,100.0,152.0,<Response [200]>,,2025-11-09T18:34:35.357935
,,,,,,CDG,,,,,NSI,,,,2025-10-14T23:59:59Z,2025-05-15T09:00:00Z,destination=CDG&origin=NSI&endRange=2025-10-14T23:59:59Z&startRange=2025-05-15T09:00:00Z,2.0,2.0,100.0,132.0,<Response [200]>,,2025-11-09T18:34:35.385949
,,,,,,CDG,,,,,ADB,,,,2025-10-14T23:59:59Z,2025-05-15T09:00:00Z,destination=CDG&origin=ADB&endRange=2025-10-14T23:59:59Z&startRange=2025-05-15T09:00:00Z,2.0,2.0,100.0,152.0,<Response [200]>,,2025-11-09T18:34:35.411850
,,,,,,DTW,,,,,LHR,,,,2025-10-14T23:59:59Z,2025-05-15T09:00:00Z,destination=DTW&origin=LHR&endRange=2025-10-14T23:59:59Z&startRange=2025-05-15T09:00:00Z,2.0,2.0,100.0,153.0,<Response [200]>,,2025-11-09T18:34:35.437611
,,,,,,PHL,,,,,CDG,,,,2025-10-14T23:59:59Z,2025-05-15T09:00:00Z,destination=PHL&origin=CDG&endRange=2025-10-14T23:59:59Z&startRange=2025-05-15T09:00:00Z,2.0,2.0,100.0,163.0,<Response [200]>,,2025-11-09T18:34:35.463936
,,,,,,CAI,,,,,ORY,,,,2025-10-14T23:59:59Z,2025-05-15T09:00:00Z,destination=CAI&origin=ORY&endRange=2025-10-14T23:59:59Z&startRange=2025-05-15T09:00:00Z,2.0,2.0,100.0,185.0,<Response [200]>,,2025-11-09T18:34:35.495234
,,,,,,BJA,,,,,CDG,,,,2025-10-14T23:59:59Z,2025-05-15T09:00:00Z,destination=BJA&origin=CDG&endRange=2025-10-14T23:59:59Z&startRange=2025-05-15T09:00:00Z,2.0,2.0,100.0,159.0,<Response [200]>,,2025-11-09T18:34:35.545061
,,,,,,TPE,,,,,CDG,,,,2025-10-14T23:59:59Z,2025-05-15T09:00:00Z,destination=TPE&origin=CDG&endRange=2025-10-14T23:59:59Z&startRange=2025-05-15T09:00:00Z,2.0,2.0,100.0,153.0,<Response [200]>,,2025-11-09T18:34:35.583760
,,,,,,BAH,,,,,CDG,,,,2025-10-14T23:59:59Z,2025-05-15T09:00:00Z,destination=BAH&origin=CDG&endRange=2025-10-14T23:59:59Z&startRange=2025-05-15T09:00:00Z,2.0,2.0,100.0,153.0,<Response [200]>,,2025-11-09T18:34:35.619340
,,,,,,CDG,,,,,LIM,,,,2025-10-14T23:59:59Z,2025-05-15T09:00:00Z,destination=CDG&origin=LIM&endRange=2025-10-14T23:59:59Z&startRange=2025-05-15T09:00:00Z,2.0,2.0,100.0,180.0,<Response [200]>,,2025-11-09T18:34:35.649320
,,,,,,ORY,,,,,CAI,,,,2025-10-14T23:59:59Z,2025-05-15T09:00:00Z,destination=ORY&origin=CAI&endRange=2025-10-14T23:59:59Z&startRange=2025-05-15T09:00:00Z,2.0,2.0,100.0,187.0,<Response [200]>,,2025-11-09T18:34:35.681220
,,,,,,LIM,,,,,CDG,,,,2025-10-14T23:59:59Z,2025-05-15T09:00:00Z,destination=LIM&origin=CDG&endRange=2025-10-14T23:59:59Z&startRange=2025-05-15T09:00:00Z,2.0,2.0,100.0,179.0,<Response [200]>,,2025-11-09T18:34:35.715153
,,,,,,AMS,,,,,NDR,,,,2025-10-14T23:59:59Z,2025-05-15T09:00:00Z,destination=AMS&origin=NDR&endRange=2025-10-14T23:59:59Z&startRange=2025-05-15T09:00:00Z,2.0,2.0,100.0,141.0,<Response [200]>,,2025-11-09T18:34:35.755093
,,,,,,ORY,,,,,SFO,,,,2025-10-14T23:59:59Z,2025-05-15T09:00:00Z,destination=ORY&origin=SFO&endRange=2025-10-14T23:59:59Z&startRange=2025-05-15T09:00:00Z,2.0,2.0,100.0,116.0,<Response [200]>,,2025-11-09T18:34:35.788910
,,,,,,GRU,,,,,AMS,,,,2025-10-14T23:59:59Z,2025-05-15T09:00:00Z,destination=GRU&origin=AMS&endRange=2025-10-14T23:59:59Z&startRange=2025-05-15T09:00:00Z,2.0,2.0,100.0,153.0,<Response [200]>,,2025-11-09T18:34:35.819380
,,,,,,TNG,,,,,AMS,,,,2025-10-14T23:59:59Z,2025-05-15T09:00:00Z,destination=TNG&origin=AMS&endRange=2025-10-14T23:59:59Z&startRange=2025-05-15T09:00:00Z,2.0,2.0,100.0,138.0,<Response [200]>,,2025-11-09T18:34:35.851572
,,,,,,CDG,,,,,AMM,,,,2025-10-14T23:59:59Z,2025-05-15T09:00:00Z,destination=CDG&origin=AMM&endRange=2025-10-14T23:59:59Z&startRange=2025-05-15T09:00:00Z,2.0,2.0,100.0,155.0,<Response [200]>,,2025-11-09T18:34:35.881422
,,,,,,QSF,,,,,ORY,,,,2025-10-14T23:59:59Z,2025-05-15T09:00:00Z,destination=QSF&origin=ORY&endRange=2025-10-14T23:59:59Z&startRange=2025-05-15T09:00:00Z,2.0,2.0,100.0,164.0,<Response [200]>,,2025-11-09T18:34:35.911218
,,,,,,CDG,,,,,SXM,,,,2025-10-14T23:59:59Z,2025-05-15T09:00:00Z,destination=CDG&origin=SXM&endRange=2025-10-14T23:59:59Z&startRange=2025-05-15T09:00:00Z,2.0,2.0,100.0,144.0,<Response [200]>,,2025-11-09T18:34:35.941317
,,,,,,LAS,,,,,LHR,,,,2025-10-14T23:59:59Z,2025-05-15T09:00:00Z,destination=LAS&origin=LHR&endRange=2025-10-14T23:59:59Z&startRange=2025-05-15T09:00:00Z,2.0,2.0,100.0,153.0,<Response [200]>,,2025-11-09T18:34:35.968985
,,,,,,SXM,,,,,CDG,,,,2025-10-14T23:59:59Z,2025-05-15T09:00:00Z,destination=SXM&origin=CDG&endRange=2025-10-14T23:59:59Z&startRange=2025-05-15T09:00:00Z,2.0,2.0,100.0,143.0,<Response [200]>,,2025-11-09T18:34:35.994723
,,,,,,YQB,,,,,CDG,,,,2025-10-14T23:59:59Z,2025-05-15T09:00:00Z,destination=YQB&origin=CDG&endRange=2025-10-14T23:59:59Z&startRange=2025-05-15T09:00:00Z,2.0,2.0,100.0,158.0,<Response [200]>,,2025-11-09T18:34:36.020531
,,,,,,YOW,,,,,CDG,,,,2025-10-14T23:59:59Z,2025-05-15T09:00:00Z,destination=YOW&origin=CDG&endRange=2025-10-14T23:59:59Z&startRange=2025-05-15T09:00:00Z,2.0,2.0,100.0,139.0,<Response [200]>,,2025-11-09T18:34:36.046804
,,,,,,TPA,,,,,LHR,,,,2025-10-14T23:59:59Z,2025-05-15T09:00:00Z,destination=TPA&origin=LHR&endRange=2025-10-14T23:59:59Z&startRange=2025-05-15T09:00:00Z,2.0,2.0,100.0,153.0,<Response [200]>,,2025-11-09T18:34:36.071607
,,,,,,CAY,,,,,CDG,,,,2025-10-14T23:59:59Z,2025-05-15T09:00:00Z,destination=CAY&origin=CDG&endRange=2025-10-14T23:59:59Z&startRange=2025-05-15T09:00:00Z,2.0,2.0,100.0,153.0,<Response [200]>,,2025-11-09T18:34:36.095436
,,,,,,ORY,,,,,QSF,,,,2025-10-14T23:59:59Z,2025-05-15T09:00:00Z,destination=ORY&origin=QSF&endRange=2025-10-14T23:59:59Z&startRange=2025-05-15T09:00:00Z,2.0,2.0,100.0,163.0,<Response [200]>,,2025-11-09T18:34:36.120617
,,,,,,IAD,,,,,LHR,,,,2025-10-14T23:59:59Z,2025-05-15T09:00:00Z,destination=IAD&origin=LHR&endRange=2025-10-14T23:59:59Z&startRange=2025-05-15T09:00:00Z,2.0,2.0,100.0,153.0,<Response [200]>,,2025-11-09T18:34:36.146351
,,,,,,CAN,,,,,CDG,,,,2025-10-14T23:59:59Z,2025-05-15T09:00:00Z,destination=CAN&origin=CDG&endRange=2025-10-14T23:59:59Z&startRange=2025-05-15T09:00:00Z,2.0,2.0,100.0,155.0,<Response [200]>,,2025-11-09T18:34:36.172338
,,,,,,SJO,,,,,CDG,,,,2025-10-14T23:59:59Z,2025-05-15T09:00:00Z,destination=SJO&origin=CDG&endRange=2025-10-14T23:59:59Z&startRange=2025-05-15T09:00:00Z,2.0,2.0,100.0,121.0,<Response [200]>,,2025-11-09T18:34:36.197918
,,,,,,SGN,,,,,CDG,,,,2025-10-14T23:59:59Z,2025-05-15T09:00:00Z,destination=SGN&origin=CDG&endRange=2025-10-14T23:59:59Z&startRange=2025-05-15T09:00:00Z,2.0,2.0,100.0,150.0,<Response [200]>,,2025-11-09T18:34:36.225648
,,,,,,CVG,,,,,CDG,,,,2025-10-14T23:59:59Z,2025-05-15T09:00:00Z,destination=CVG&origin=CDG&endRange=2025-10-14T23:59:59Z&startRange=2025-05-15T09:00:00Z,2.0,2.0,100.0,132.0,<Response [200]>,,2025-11-09T18:34:36.254904
,,,,,,CZL,,,,,ORY,,,,2025-10-14T23:59:59Z,2025-05-15T09:00:00Z,destination=CZL&origin=ORY&endRange=2025-10-14T23:59:59Z&startRange=2025-05-15T09:00:00Z,2.0,2.0,100.0,160.0,<Response [200]>,,2025-11-09T18:34:36.286319
,,,,,,MSP,,,,,LHR,,,,2025-10-14T23:59:59Z,2025-05-15T09:00:00Z,destination=MSP&origin=LHR&endRange=2025-10-14T23:59:59Z&startRange=2025-05-15T09:00:00Z,2.0,2.0,100.0,153.0,<Response [200]>,,2025-11-09T18:34:36.316906
,,,,,,MAD,,,,,ATL,,,,2025-10-14T23:59:59Z,2025-05-15T09:00:00Z,destination=MAD&origin=ATL&endRange=2025-10-14T23:59:59Z&startRange=2025-05-15T09:00:00Z,2.0,2.0,100.0,153.0,<Response [200]>,,2025-11-09T18:34:36.347973
,,,,,,VCP,,,,,ORY,,,,2025-10-14T23:59:59Z,2025-05-15T09:00:00Z,destination=VCP&origin=ORY&endRange=2025-10-14T23:59:59Z&startRange=2025-05-15T09:00:00Z,2.0,2.0,100.0,156.0,<Response [200]>,,2025-11-09T18:34:36.375443
,,,,,,ORY,,,,,CZL,,,,2025-10-14T23:59:59Z,2025-05-15T09:00:00Z,destination=ORY&origin=CZL&endRange=2025-10-14T23:59:59Z&startRange=2025-05-15T09:00:00Z,2.0,2.0,100.0,160.0,<Response [200]>,,2025-11-09T18:34:36.404044
,,,,,,LHR,,,,,IAD,,,,2025-10-14T23:59:59Z,2025-05-15T09:00:00Z,destination=LHR&origin=IAD&endRange=2025-10-14T23:59:59Z&startRange=2025-05-15T09:00:00Z,2.0,2.0,100.0,153.0,<Response [200]>,,2025-11-09T18:34:36.429817
,,,,,,EZE,,,,,CDG,,,,2025-10-14T23:59:59Z,2025-05-15T09:00:00Z,destination=EZE&origin=CDG&endRange=2025-10-14T23:59:59Z&startRange=2025-05-15T09:00:00Z,2.0,2.0,100.0,153.0,<Response [200]>,,2025-11-09T18:34:36.455027
,,,,,,CDG,,,,,LCA,,,,2025-10-14T23:59:59Z,2025-05-15T09:00:00Z,destination=CDG&origin=LCA&endRange=2025-10-14T23:59:59Z&startRange=2025-05-15T09:00:00Z,2.0,2.0,100.0,161.0,<Response [200]>,,2025-11-09T18:34:36.479623
,,,,,,ABJ,,,,,ORY,,,,2025-10-14T23:59:59Z,2025-05-15T09:00:00Z,destination=ABJ&origin=ORY&endRange=2025-10-14T23:59:59Z&startRange=2025-05-15T09:00:00Z,2.0,2.0,100.0,170.0,<Response [200]>,,2025-11-09T18:34:36.504040
,,,,,,GIG,,,,,AMS,,,,2025-10-14T23:59:59Z,2025-05-15T09:00:00Z,destination=GIG&origin=AMS&endRange=2025-10-14T23:59:59Z&startRange=2025-05-15T09:00:00Z,2.0,2.0,100.0,154.0,<Response [200]>,,2025-11-09T18:34:36.530394
,,,,,,GIG,,,,,CDG,,,,2025-10-14T23:59:59Z,2025-05-15T09:00:00Z,destination=GIG&origin=CDG&endRange=2025-10-14T23:59:59Z&startRange=2025-05-15T09:00:00Z,2.0,2.0,100.0,165.0,<Response [200]>,,2025-11-09T18:34:36.557212
,,,,,,YYZ,,,,,LHR,,,,2025-10-14T23:59:59Z,2025-05-15T09:00:00Z,destination=YYZ&origin=LHR&endRange=2025-10-14T23:59:59Z&startRange=2025-05-15T09:00:00Z,2.0,2.0,100.0,153.0,<Response [200]>,,2025-11-09T18:34:36.581486
,,,,,,YYC,,,,,AMS,,,,2025-10-14T23:59:59Z,2025-05-15T09:00:00Z,destination=YYC&origin=AMS&endRange=2025-10-14T23:59:59Z&startRange=2025-05-15T09:00:00Z,2.0,2.0,100.0,153.0,<Response [200]>,,2025-11-09T18:34:36.607788
,,,,,,ACC,,,,,AMS,,,,2025-10-14T23:59:59Z,2025-05-15T09:00:00Z,destination=ACC&origin=AMS&endRange=2025-10-14T23:59:59Z&startRange=2025-05-15T09:00:00Z,2.0,2.0,100.0,153.0,<Response [200]>,,2025-11-09T18:34:36.633359
,,,,,,PTP,,,,,CDG,,,,2025-10-14T23:59:59Z,2025-05-15T09:00:00Z,destination=PTP&origin=CDG&endRange=2025-10-14T23:59:59Z&startRange=2025-05-15T09:00:00Z,2.0,2.0,100.0,113.0,<Response [200]>,,2025-11-09T18:34:36.659760
,,,,,,PTY,,,,,AMS,,,,2025-10-14T23:59:59Z,2025-05-15T09:00:00Z,destination=PTY&origin=AMS&endRange=2025-10-14T23:59:59Z&startRange=2025-05-15T09:00:00Z,2.0,2.0,100.0,153.0,<Response [200]>,,2025-11-09T18:34:36.685383
,,,,,,CDG,,,,,JNB,,,,2025-10-14T23:59:59Z,2025-05-15T09:00:00Z,destination=CDG&origin=JNB&endRange=2025-10-14T23:59:59Z&startRange=2025-05-15T09:00:00Z,2.0,2.0,100.0,153.0,<Response [200]>,,2025-11-09T18:34:36.711798
,,,,,,CDG,,,,,KUL,,,,2025-10-14T23:59:59Z,2025-05-15T09:00:00Z,destination=CDG&origin=KUL&endRange=2025-10-14T23:59:59Z&startRange=2025-05-15T09:00:00Z,2.0,2.0,100.0,151.0,<Response [200]>,,2025-11-09T18:34:36.735633
,,,,,,ADB,,,,,CDG,,,,2025-10-14T23:59:59Z,2025-05-15T09:00:00Z,destination=ADB&origin=CDG&endRange=2025-10-14T23:59:59Z&startRange=2025-05-15T09:00:00Z,2.0,2.0,100.0,153.0,<Response [200]>,,2025-11-09T18:34:36.759949
,,,,,,ADD,,,,,CDG,,,,2025-10-14T23:59:59Z,2025-05-15T09:00:00Z,destination=ADD&origin=CDG&endRange=2025-10-14T23:59:59Z&startRange=2025-05-15T09:00:00Z,2.0,2.0,100.0,153.0,<Response [200]>,,2025-11-09T18:34:36.785476
,,,,,,CDG,,,,,EZE,,,,2025-10-14T23:59:59Z,2025-05-15T09:00:00Z,destination=CDG&origin=EZE&endRange=2025-10-14T23:59:59Z&startRange=2025-05-15T09:00:00Z,2.0,2.0,100.0,152.0,<Response [200]>,,2025-11-09T18:34:36.821719
,,,,,,CDG,,,,,FDF,,,,2025-10-14T23:59:59Z,2025-05-15T09:00:00Z,destination=CDG&origin=FDF&endRange=2025-10-14T23:59:59Z&startRange=2025-05-15T09:00:00Z,2.0,2.0,100.0,115.0,<Response [200]>,,2025-11-09T18:34:36.853904
,,,,,,CDG,,,,,GIG,,,,2025-10-14T23:59:59Z,2025-05-15T09:00:00Z,destination=CDG&origin=GIG&endRange=2025-10-14T23:59:59Z&startRange=2025-05-15T09:00:00Z,2.0,2.0,100.0,164.0,<Response [200]>,,2025-11-09T18:34:36.886112
,,,,,,JNB,,,,,CDG,,,,2025-10-14T23:59:59Z,2025-05-15T09:00:00Z,destination=JNB&origin=CDG&endRange=2025-10-14T23:59:59Z&startRange=2025-05-15T09:00:00Z,2.0,2.0,100.0,153.0,<Response [200]>,,2025-11-09T18:34:36.914954
,,,,,,ORY,,,,,CAY,,,,2025-10-14T23:59:59Z,2025-05-15T09:00:00Z,destination=ORY&origin=CAY&endRange=2025-10-14T23:59:59Z&startRange=2025-05-15T09:00:00Z,2.0,2.0,100.0,116.0,<Response [200]>,,2025-11-09T18:34:36.946440
,,,,,,LHR,,,,,LAS,,,,2025-10-14T23:59:59Z,2025-05-15T09:00:00Z,destination=LHR&origin=LAS&endRange=2025-10-14T23:59:59Z&startRange=2025-05-15T09:00:00Z,2.0,2.0,100.0,152.0,<Response [200]>,,2025-11-09T18:34:36.979741
,,,,,,SCL,,,,,CDG,,,,2025-10-14T23:59:59Z,2025-05-15T09:00:00Z,destination=SCL&origin=CDG&endRange=2025-10-14T23:59:59Z&startRange=2025-05-15T09:00:00Z,2.0,2.0,100.0,166.0,<Response [200]>,,2025-11-09T18:34:37.010349
,,,,,,AMS,,,,,PTY,,,,2025-10-14T23:59:59Z,2025-05-15T09:00:00Z,destination=AMS&origin=PTY&endRange=2025-10-14T23:59:59Z&startRange=2025-05-15T09:00:00Z,2.0,2.0,100.0,153.0,<Response [200]>,,2025-11-09T18:34:37.044228
,,,,,,AMS,,,,,JNB,,,,2025-10-14T23:59:59Z,2025-05-15T09:00:00Z,destination=AMS&origin=JNB&endRange=2025-10-14T23:59:59Z&startRange=2025-05-15T09:00:00Z,2.0,2.0,100.0,153.0,<Response [200]>,,2025-11-09T18:34:37.087501
,,,,,,LOS,,,,,AMS,,,,2025-10-14T23:59:59Z,2025-05-15T09:00:00Z,destination=LOS&origin=AMS&endRange=2025-10-14T23:59:59Z&startRange=2025-05-15T09:00:00Z,2.0,2.0,100.0,153.0,<Response [200]>,,2025-11-09T18:34:37.115133
,,,,,,LOS,,,,,CDG,,,,2025-10-14T23:59:59Z,2025-05-15T09:00:00Z,destination=LOS&origin=CDG&endRange=2025-10-14T23:59:59Z&startRange=2025-05-15T09:00:00Z,2.0,2.0,100.0,153.0,<Response [200]>,,2025-11-09T18:34:37.142922
,,,,,,AMS,,,,,YYC,,,,2025-10-14T23:59:59Z,2025-05-15T09:00:00Z,destination=AMS&origin=YYC&endRange=2025-10-14T23:59:59Z&startRange=2025-05-15T09:00:00Z,2.0,2.0,100.0,152.0,<Response [200]>,,2025-11-09T18:34:37.170266
,,,,,,AMS,,,,,KUL,,,,2025-10-14T23:59:59Z,2025-05-15T09:00:00Z,destination=AMS&origin=KUL&endRange=2025-10-14T23:59:59Z&startRange=2025-05-15T09:00:00Z,2.0,2.0,100.0,153.0,<Response [200]>,,2025-11-09T18:34:37.195857
,,,,,,AMS,,,,,LIM,,,,2025-10-14T23:59:59Z,2025-05-15T09:00:00Z,destination=AMS&origin=LIM&endRange=2025-10-14T23:59:59Z&startRange=2025-05-15T09:00:00Z,2.0,2.0,100.0,153.0,<Response [200]>,,2025-11-09T18:34:37.224449
,,,,,,AMS,,,,,LOS,,,,2025-10-14T23:59:59Z,2025-05-15T09:00:00Z,destination=AMS&origin=LOS&endRange=2025-10-14T23:59:59Z&startRange=2025-05-15T09:00:00Z,2.0,2.0,100.0,153.0,<Response [200]>,,2025-11-09T18:34:37.253749
,,,,,,LBV,,,,,CDG,,,,2025-10-14T23:59:59Z,2025-05-15T09:00:00Z,destination=LBV&origin=CDG&endRange=2025-10-14T23:59:59Z&startRange=2025-05-15T09:00:00Z,2.0,2.0,100.0,153.0,<Response [200]>,,2025-11-09T18:34:37.282748
,,,,,,FDF,,,,,CDG,,,,2025-10-14T23:59:59Z,2025-05-15T09:00:00Z,destination=FDF&origin=CDG&endRange=2025-10-14T23:59:59Z&startRange=2025-05-15T09:00:00Z,2.0,2.0,100.0,116.0,<Response [200]>,,2025-11-09T18:34:37.313898
,,,,,,LCA,,,,,CDG,,,,2025-10-14T23:59:59Z,2025-05-15T09:00:00Z,destination=LCA&origin=CDG&endRange=2025-10-14T23:59:59Z&startRange=2025-05-15T09:00:00Z,2.0,2.0,100.0,154.0,<Response [200]>,,2025-11-09T18:34:37.342225
,,,,,,AMS,,,,,AUH,,,,2025-10-14T23:59:59Z,2025-05-15T09:00:00Z,destination=AMS&origin=AUH&endRange=2025-10-14T23:59:59Z&startRange=2025-05-15T09:00:00Z,2.0,2.0,100.0,153.0,<Response [200]>,,2025-11-09T18:34:37.370362
,,,,,,AMS,,,,,EZE,,,,2025-10-14T23:59:59Z,2025-05-15T09:00:00Z,destination=AMS&origin=EZE&endRange=2025-10-14T23:59:59Z&startRange=2025-05-15T09:00:00Z,2.0,2.0,100.0,153.0,<Response [200]>,,2025-11-09T18:34:37.396377
,,,,,,CAI,,,,,AMS,,,,2025-10-14T23:59:59Z,2025-05-15T09:00:00Z,destination=CAI&origin=AMS&endRange=2025-10-14T23:59:59Z&startRange=2025-05-15T09:00:00Z,2.0,2.0,100.0,153.0,<Response [200]>,,2025-11-09T18:34:37.424344
,,,,,,CAN,,,,,AMS,,,,2025-10-14T23:59:59Z,2025-05-15T09:00:00Z,destination=CAN&origin=AMS&endRange=2025-10-14T23:59:59Z&startRange=2025-05-15T09:00:00Z,2.0,2.0,100.0,145.0,<Response [200]>,,2025-11-09T18:34:37.451310
,,,,,,PEK,,,,,AMS,,,,2025-10-14T23:59:59Z,2025-05-15T09:00:00Z,destination=PEK&origin=AMS&endRange=2025-10-14T23:59:59Z&startRange=2025-05-15T09:00:00Z,2.0,2.0,100.0,153.0,<Response [200]>,,2025-11-09T18:34:37.480244
,,,,,,CDG,,,,,YYC,,,,2025-10-14T23:59:59Z,2025-05-15T09:00:00Z,destination=CDG&origin=YYC&endRange=2025-10-14T23:59:59Z&startRange=2025-05-15T09:00:00Z,2.0,2.0,100.0,153.0,<Response [200]>,,2025-11-09T18:34:37.506732
,,,,,,ORY,,,,,YUL,,,,2025-10-14T23:59:59Z,2025-05-15T09:00:00Z,destination=ORY&origin=YUL&endRange=2025-10-14T23:59:59Z&startRange=2025-05-15T09:00:00Z,2.0,2.0,100.0,113.0,<Response [200]>,,2025-11-09T18:34:37.534326
,,,,,,AMS,,,,,CAN,,,,2025-10-14T23:59:59Z,2025-05-15T09:00:00Z,destination=AMS&origin=CAN&endRange=2025-10-14T23:59:59Z&startRange=2025-05-15T09:00:00Z,2.0,2.0,100.0,145.0,<Response [200]>,,2025-11-09T18:34:37.562073
,,,,,,AMS,,,,,CPT,,,,2025-10-14T23:59:59Z,2025-05-15T09:00:00Z,destination=AMS&origin=CPT&endRange=2025-10-14T23:59:59Z&startRange=2025-05-15T09:00:00Z,2.0,2.0,100.0,157.0,<Response [200]>,,2025-11-09T18:34:37.590032
,,,,,,AYT,,,,,CDG,,,,2025-10-14T23:59:59Z,2025-05-15T09:00:00Z,destination=AYT&origin=CDG&endRange=2025-10-14T23:59:59Z&startRange=2025-05-15T09:00:00Z,2.0,2.0,100.0,182.0,<Response [200]>,,2025-11-09T18:34:37.617691
,,,,,,DFW,,,,,AMS,,,,2025-10-14T23:59:59Z,2025-05-15T09:00:00Z,destination=DFW&origin=AMS&endRange=2025-10-14T23:59:59Z&startRange=2025-05-15T09:00:00Z,2.0,2.0,100.0,131.0,<Response [200]>,,2025-11-09T18:34:37.645649
,,,,,,CDG,,,,,TPE,,,,2025-10-14T23:59:59Z,2025-05-15T09:00:00Z,destination=CDG&origin=TPE&endRange=2025-10-14T23:59:59Z&startRange=2025-05-15T09:00:00Z,2.0,2.0,100.0,153.0,<Response [200]>,,2025-11-09T18:34:37.672776
,,,,,,AMS,,,,,ACC,,,,2025-10-14T23:59:59Z,2025-05-15T09:00:00Z,destination=AMS&origin=ACC&endRange=2025-10-14T23:59:59Z&startRange=2025-05-15T09:00:00Z,2.0,2.0,100.0,153.0,<Response [200]>,,2025-11-09T18:34:37.701059
,,,,,,AMS,,,,,BLR,,,,2025-10-14T23:59:59Z,2025-05-15T09:00:00Z,destination=AMS&origin=BLR&endRange=2025-10-14T23:59:59Z&startRange=2025-05-15T09:00:00Z,2.0,2.0,100.0,152.0,<Response [200]>,,2025-11-09T18:34:37.728042
,,,,,,AMS,,,,,CAI,,,,2025-10-14T23:59:59Z,2025-05-15T09:00:00Z,destination=AMS&origin=CAI&endRange=2025-10-14T23:59:59Z&startRange=2025-05-15T09:00:00Z,2.0,2.0,100.0,153.0,<Response [200]>,,2025-11-09T18:34:37.757632
,,,,,,CDG,,,,,SCL,,,,2025-10-14T23:59:59Z,2025-05-15T09:00:00Z,destination=CDG&origin=SCL&endRange=2025-10-14T23:59:59Z&startRange=2025-05-15T09:00:00Z,2.0,2.0,100.0,166.0,<Response [200]>,,2025-11-09T18:34:37.785684
,,,,,,CDG,,,,,SGN,,,,2025-10-14T23:59:59Z,2025-05-15T09:00:00Z,destination=CDG&origin=SGN&endRange=2025-10-14T23:59:59Z&startRange=2025-05-15T09:00:00Z,2.0,2.0,100.0,150.0,<Response [200]>,,2025-11-09T18:34:37.814820
,,,,,,CDG,,,,,SJO,,,,2025-10-14T23:59:59Z,2025-05-15T09:00:00Z,destination=CDG&origin=SJO&endRange=2025-10-14T23:59:59Z&startRange=2025-05-15T09:00:00Z,2.0,2.0,100.0,121.0,<Response [200]>,,2025-11-09T18:34:37.843293
,,,,,,PKX,,,,,AMS,,,,2025-10-14T23:59:59Z,2025-05-15T09:00:00Z,destination=PKX&origin=AMS&endRange=2025-10-14T23:59:59Z&startRange=2025-05-15T09:00:00Z,2.0,2.0,100.0,153.0,<Response [200]>,,2025-11-09T18:34:37.869667
,,,,,,CDG,,,,,PTP,,,,2025-10-14T23:59:59Z,2025-05-15T09:00:00Z,destination=CDG&origin=PTP&endRange=2025-10-14T23:59:59Z&startRange=2025-05-15T09:00:00Z,2.0,2.0,100.0,116.0,<Response [200]>,,2025-11-09T18:34:37.895162
,,,,,,CDG,,,,,CAN,,,,2025-10-14T23:59:59Z,2025-05-15T09:00:00Z,destination=CDG&origin=CAN&endRange=2025-10-14T23:59:59Z&startRange=2025-05-15T09:00:00Z,2.0,2.0,100.0,154.0,<Response [200]>,,2025-11-09T18:34:37.940674
,,,,,,HAN,,,,,CDG,,,,2025-10-14T23:59:59Z,2025-05-15T09:00:00Z,destination=HAN&origin=CDG&endRange=2025-10-14T23:59:59Z&startRange=2025-05-15T09:00:00Z,2.0,2.0,100.0,155.0,<Response [200]>,,2025-11-09T18:34:37.987664
,,,,,,YUL,,,,,ORY,,,,2025-10-14T23:59:59Z,2025-05-15T09:00:00Z,destination=YUL&origin=ORY&endRange=2025-10-14T23:59:59Z&startRange=2025-05-15T09:00:00Z,2.0,2.0,100.0,113.0,<Response [200]>,,2025-11-09T18:34:38.016291
,,,,,,YVR,,,,,AMS,,,,2025-10-14T23:59:59Z,2025-05-15T09:00:00Z,destination=YVR&origin=AMS&endRange=2025-10-14T23:59:59Z&startRange=2025-05-15T09:00:00Z,2.0,2.0,100.0,153.0,<Response [200]>,,2025-11-09T18:34:38.048091
,,,,,,CDG,,,,,HAN,,,,2025-10-14T23:59:59Z,2025-05-15T09:00:00Z,destination=CDG&origin=HAN&endRange=2025-10-14T23:59:59Z&startRange=2025-05-15T09:00:00Z,2.0,2.0,100.0,153.0,<Response [200]>,,2025-11-09T18:34:38.080634
,,,,,,LHR,,,,,MSP,,,,2025-10-14T23:59:59Z,2025-05-15T09:00:00Z,destination=LHR&origin=MSP&endRange=2025-10-14T23:59:59Z&startRange=2025-05-15T09:00:00Z,2.0,2.0,100.0,152.0,<Response [200]>,,2025-11-09T18:34:38.111377
,,,,,,LHR,,,,,DTW,,,,2025-10-14T23:59:59Z,2025-05-15T09:00:00Z,destination=LHR&origin=DTW&endRange=2025-10-14T23:59:59Z&startRange=2025-05-15T09:00:00Z,2.0,2.0,100.0,152.0,<Response [200]>,,2025-11-09T18:34:38.151045
,,,,,,EWR,,,,,AMS,,,,2025-10-14T23:59:59Z,2025-05-15T09:00:00Z,destination=EWR&origin=AMS&endRange=2025-10-14T23:59:59Z&startRange=2025-05-15T09:00:00Z,2.0,2.0,100.0,155.0,<Response [200]>,,2025-11-09T18:34:38.185292
,,,,,,LHR,,,,,TPA,,,,2025-10-14T23:59:59Z,2025-05-15T09:00:00Z,destination=LHR&origin=TPA&endRange=2025-10-14T23:59:59Z&startRange=2025-05-15T09:00:00Z,2.0,2.0,100.0,152.0,<Response [200]>,,2025-11-09T18:34:38.216575
,,,,,,COO,,,,,CDG,,,,2025-10-14T23:59:59Z,2025-05-15T09:00:00Z,destination=COO&origin=CDG&endRange=2025-10-14T23:59:59Z&startRange=2025-05-15T09:00:00Z,2.0,2.0,100.0,117.0,<Response [200]>,,2025-11-09T18:34:38.247552
,,,,,,NRT,,,,,AMS,,,,2025-10-14T23:59:59Z,2025-05-15T09:00:00Z,destination=NRT&origin=AMS&endRange=2025-10-14T23:59:59Z&startRange=2025-05-15T09:00:00Z,2.0,2.0,100.0,156.0,<Response [200]>,,2025-11-09T18:34:38.278935
,,,,,,ORY,,,,,VCP,,,,2025-10-14T23:59:59Z,2025-05-15T09:00:00Z,destination=ORY&origin=VCP&endRange=2025-10-14T23:59:59Z&startRange=2025-05-15T09:00:00Z,2.0,2.0,100.0,154.0,<Response [200]>,,2025-11-09T18:34:38.313024
,,,,,,CDG,,,,,YVR,,,,2025-10-14T23:59:59Z,2025-05-15T09:00:00Z,destination=CDG&origin=YVR&endRange=2025-10-14T23:59:59Z&startRange=2025-05-15T09:00:00Z,2.0,2.0,100.0,131.0,<Response [200]>,,2025-11-09T18:34:38.347992
,,,,,,CDG,,,,,YOW,,,,2025-10-14T23:59:59Z,2025-05-15T09:00:00Z,destination=CDG&origin=YOW&endRange=2025-10-14T23:59:59Z&startRange=2025-05-15T09:00:00Z,2.0,2.0,100.0,139.0,<Response [200]>,,2025-11-09T18:34:38.383220
,,,,,,CDG,,,,,TNR,,,,2025-10-14T23:59:59Z,2025-05-15T09:00:00Z,destination=CDG&origin=TNR&endRange=2025-10-14T23:59:59Z&startRange=2025-05-15T09:00:00Z,2.0,2.0,100.0,144.0,<Response [200]>,,2025-11-09T18:34:38.417567
,,,,,,CDG,,,,,SLC,,,,2025-10-14T23:59:59Z,2025-05-15T09:00:00Z,destination=CDG&origin=SLC&endRange=2025-10-14T23:59:59Z&startRange=2025-05-15T09:00:00Z,2.0,2.0,100.0,153.0,<Response [200]>,,2025-11-09T18:34:38.447156
,,,,,,CDG,,,,,LOS,,,,2025-10-14T23:59:59Z,2025-05-15T09:00:00Z,destination=CDG&origin=LOS&endRange=2025-10-14T23:59:59Z&startRange=2025-05-15T09:00:00Z,2.0,2.0,100.0,155.0,<Response [200]>,,2025-11-09T18:34:38.475994
,,,,,,CDG,,,,,LBV,,,,2025-10-14T23:59:59Z,2025-05-15T09:00:00Z,destination=CDG&origin=LBV&endRange=2025-10-14T23:59:59Z&startRange=2025-05-15T09:00:00Z,2.0,2.0,100.0,153.0,<Response [200]>,,2025-11-09T18:34:38.504811
,,,,,,CDG,,,,,IAH,,,,2025-10-14T23:59:59Z,2025-05-15T09:00:00Z,destination=CDG&origin=IAH&endRange=2025-10-14T23:59:59Z&startRange=2025-05-15T09:00:00Z,2.0,2.0,100.0,154.0,<Response [200]>,,2025-11-09T18:34:38.532412
,,,,,,CDG,,,,,CVG,,,,2025-10-14T23:59:59Z,2025-05-15T09:00:00Z,destination=CDG&origin=CVG&endRange=2025-10-14T23:59:59Z&startRange=2025-05-15T09:00:00Z,2.0,2.0,100.0,131.0,<Response [200]>,,2025-11-09T18:34:38.559640
,,,,,,CDG,,,,,BOM,,,,2025-10-14T23:59:59Z,2025-05-15T09:00:00Z,destination=CDG&origin=BOM&endRange=2025-10-14T23:59:59Z&startRange=2025-05-15T09:00:00Z,2.0,2.0,100.0,155.0,<Response [200]>,,2025-11-09T18:34:38.585579
,,,,,,CDG,,,,,ADD,,,,2025-10-14T23:59:59Z,2025-05-15T09:00:00Z,destination=CDG&origin=ADD&endRange=2025-10-14T23:59:59Z&startRange=2025-05-15T09:00:00Z,2.0,2.0,100.0,153.0,<Response [200]>,,2025-11-09T18:34:38.612266
,,,,,,CDG,,,,,CAY,,,,2025-10-14T23:59:59Z,2025-05-15T09:00:00Z,destination=CDG&origin=CAY&endRange=2025-10-14T23:59:59Z&startRange=2025-05-15T09:00:00Z,2.0,2.0,100.0,153.0,<Response [200]>,,2025-11-09T18:34:38.638740
,,,,,,CAY,,,,,ORY,,,,2025-10-14T23:59:59Z,2025-05-15T09:00:00Z,destination=CAY&origin=ORY&endRange=2025-10-14T23:59:59Z&startRange=2025-05-15T09:00:00Z,2.0,2.0,100.0,115.0,<Response [200]>,,2025-11-09T18:34:38.665937
,,,,,,CDG,,,,,BAH,,,,2025-10-14T23:59:59Z,2025-05-15T09:00:00Z,destination=CDG&origin=BAH&endRange=2025-10-14T23:59:59Z&startRange=2025-05-15T09:00:00Z,2.0,2.0,100.0,153.0,<Response [200]>,,2025-11-09T18:34:38.692979
,,,,,,BLR,,,,,CDG,,,,2025-10-14T23:59:59Z,2025-05-15T09:00:00Z,destination=BLR&origin=CDG&endRange=2025-10-14T23:59:59Z&startRange=2025-05-15T09:00:00Z,2.0,2.0,100.0,152.0,<Response [200]>,,2025-11-09T18:34:38.718534
,,,,,,ATL,,,,,MAD,,,,2025-10-14T23:59:59Z,2025-05-15T09:00:00Z,destination=ATL&origin=MAD&endRange=2025-10-14T23:59:59Z&startRange=2025-05-15T09:00:00Z,2.0,2.0,100.0,152.0,<Response [200]>,,2025-11-09T18:34:38.742904
,,,,,,IAH,,,,,CDG,,,,2025-10-14T23:59:59Z,2025-05-15T09:00:00Z,destination=IAH&origin=CDG&endRange=2025-10-14T23:59:59Z&startRange=2025-05-15T09:00:00Z,2.0,2.0,100.0,155.0,<Response [200]>,,2025-11-09T18:34:38.766599
,,,,,,AMS,,,,,YVR,,,,2025-10-14T23:59:59Z,2025-05-15T09:00:00Z,destination=AMS&origin=YVR&endRange=2025-10-14T23:59:59Z&startRange=2025-05-15T09:00:00Z,2.0,2.0,100.0,152.0,<Response [200]>,,2025-11-09T18:34:38.791121
,,,,,,AMS,,,,,YHZ,,,,2025-10-14T23:59:59Z,2025-05-15T09:00:00Z,destination=AMS&origin=YHZ&endRange=2025-10-14T23:59:59Z&startRange=2025-05-15T09:00:00Z,2.0,2.0,100.0,112.0,<Response [200]>,,2025-11-09T18:34:38.816210
,,,,,,AMS,,,,,XMN,,,,2025-10-14T23:59:59Z,2025-05-15T09:00:00Z,destination=AMS&origin=XMN&endRange=2025-10-14T23:59:59Z&startRange=2025-05-15T09:00:00Z,2.0,2.0,100.0,119.0,<Response [200]>,,2025-11-09T18:34:38.841637
,,,,,,AMS,,,,,NRT,,,,2025-10-14T23:59:59Z,2025-05-15T09:00:00Z,destination=AMS&origin=NRT&endRange=2025-10-14T23:59:59Z&startRange=2025-05-15T09:00:00Z,2.0,2.0,100.0,155.0,<Response [200]>,,2025-11-09T18:34:38.865035
,,,,,,AMS,,,,,LCA,,,,2025-10-14T23:59:59Z,2025-05-15T09:00:00Z,destination=AMS&origin=LCA&endRange=2025-10-14T23:59:59Z&startRange=2025-05-15T09:00:00Z,2.0,2.0,100.0,139.0,<Response [200]>,,2025-11-09T18:34:38.887726
,,,,,,AMS,,,,,LAS,,,,2025-10-14T23:59:59Z,2025-05-15T09:00:00Z,destination=AMS&origin=LAS&endRange=2025-10-14T23:59:59Z&startRange=2025-05-15T09:00:00Z,2.0,2.0,100.0,152.0,<Response [200]>,,2025-11-09T18:34:38.912088
,,,,,,AMS,,,,,PEK,,,,2025-10-14T23:59:59Z,2025-05-15T09:00:00Z,destination=AMS&origin=PEK&endRange=2025-10-14T23:59:59Z&startRange=2025-05-15T09:00:00Z,2.0,2.0,100.0,152.0,<Response [200]>,,2025-11-09T18:34:38.936577
,,,,,,HRG,,,,,ORY,,,,2025-10-14T23:59:59Z,2025-05-15T09:00:00Z,destination=HRG&origin=ORY&endRange=2025-10-14T23:59:59Z&startRange=2025-05-15T09:00:00Z,2.0,2.0,100.0,116.0,<Response [200]>,,2025-11-09T18:34:38.962987
,,,,,,AMS,,,,,GRU,,,,2025-10-14T23:59:59Z,2025-05-15T09:00:00Z,destination=AMS&origin=GRU&endRange=2025-10-14T23:59:59Z&startRange=2025-05-15T09:00:00Z,2.0,2.0,100.0,151.0,<Response [200]>,,2025-11-09T18:34:38.988160
,,,,,,AMS,,,,,GIG,,,,2025-10-14T23:59:59Z,2025-05-15T09:00:00Z,destination=AMS&origin=GIG&endRange=2025-10-14T23:59:59Z&startRange=2025-05-15T09:00:00Z,2.0,2.0,100.0,151.0,<Response [200]>,,2025-11-09T18:34:39.011590
,,,,,,AMS,,,,,ESB,,,,2025-10-14T23:59:59Z,2025-05-15T09:00:00Z,destination=AMS&origin=ESB&endRange=2025-10-14T23:59:59Z&startRange=2025-05-15T09:00:00Z,2.0,2.0,100.0,113.0,<Response [200]>,,2025-11-09T18:34:39.037405
,,,,,,AMS,,,,,BJV,,,,2025-10-14T23:59:59Z,2025-05-15T09:00:00Z,destination=AMS&origin=BJV&endRange=2025-10-14T23:59:59Z&startRange=2025-05-15T09:00:00Z,2.0,2.0,100.0,101.0,<Response [200]>,,2025-11-09T18:34:39.063283
,,,,,,YVR,,,,,CDG,,,,2025-10-14T23:59:59Z,2025-05-15T09:00:00Z,destination=YVR&origin=CDG&endRange=2025-10-14T23:59:59Z&startRange=2025-05-15T09:00:00Z,2.0,2.0,100.0,130.0,<Response [200]>,,2025-11-09T18:34:39.087625
,,,,,,YYC,,,,,CDG,,,,2025-10-14T23:59:59Z,2025-05-15T09:00:00Z,destination=YYC&origin=CDG&endRange=2025-10-14T23:59:59Z&startRange=2025-05-15T09:00:00Z,2.0,2.0,100.0,153.0,<Response [200]>,,2025-11-09T18:34:39.112894
,,,,,,TBS,,,,,AMS,,,,2025-10-14T23:59:59Z,2025-05-15T09:00:00Z,destination=TBS&origin=AMS&endRange=2025-10-14T23:59:59Z&startRange=2025-05-15T09:00:00Z,2.0,2.0,100.0,108.0,<Response [200]>,,2025-11-09T18:34:39.139226
,,,,,,CDG,,,,,PNR,,,,2025-10-14T23:59:59Z,2025-05-15T09:00:00Z,destination=CDG&origin=PNR&endRange=2025-10-14T23:59:59Z&startRange=2025-05-15T09:00:00Z,2.0,2.0,100.0,114.0,<Response [200]>,,2025-11-09T18:34:39.166067
,,,,,,KWI,,,,,CDG,,,,2025-10-14T23:59:59Z,2025-05-15T09:00:00Z,destination=KWI&origin=CDG&endRange=2025-10-14T23:59:59Z&startRange=2025-05-15T09:00:00Z,2.0,2.0,100.0,112.0,<Response [200]>,,2025-11-09T18:34:39.193116
,,,,,,TNR,,,,,CDG,,,,2025-10-14T23:59:59Z,2025-05-15T09:00:00Z,destination=TNR&origin=CDG&endRange=2025-10-14T23:59:59Z&startRange=2025-05-15T09:00:00Z,2.0,2.0,100.0,141.0,<Response [200]>,,2025-11-09T18:34:39.219163
,,,,,,CDG,,,,,BLR,,,,2025-10-14T23:59:59Z,2025-05-15T09:00:00Z,destination=CDG&origin=BLR&endRange=2025-10-14T23:59:59Z&startRange=2025-05-15T09:00:00Z,2.0,2.0,100.0,141.0,<Response [200]>,,2025-11-09T18:34:39.246786
,,,,,,CDG,,,,,COO,,,,2025-10-14T23:59:59Z,2025-05-15T09:00:00Z,destination=CDG&origin=COO&endRange=2025-10-14T23:59:59Z&startRange=2025-05-15T09:00:00Z,2.0,2.0,100.0,117.0,<Response [200]>,,2025-11-09T18:34:39.272558
,,,,,,RDU,,,,,CDG,,,,2025-10-14T23:59:59Z,2025-05-15T09:00:00Z,destination=RDU&origin=CDG&endRange=2025-10-14T23:59:59Z&startRange=2025-05-15T09:00:00Z,2.0,2.0,100.0,140.0,<Response [200]>,,2025-11-09T18:34:39.298733
,,,,,,LHR,,,,,YYZ,,,,2025-10-14T23:59:59Z,2025-05-15T09:00:00Z,destination=LHR&origin=YYZ&endRange=2025-10-14T23:59:59Z&startRange=2025-05-15T09:00:00Z,2.0,2.0,100.0,152.0,<Response [200]>,,2025-11-09T18:34:39.325046
,,,,,,SLC,,,,,LHR,,,,2025-10-14T23:59:59Z,2025-05-15T09:00:00Z,destination=SLC&origin=LHR&endRange=2025-10-14T23:59:59Z&startRange=2025-05-15T09:00:00Z,2.0,2.0,100.0,109.0,<Response [200]>,,2025-11-09T18:34:39.350952
,,,,,,CDG,,,,,KIX,,,,2025-10-14T23:59:59Z,2025-05-15T09:00:00Z,destination=CDG&origin=KIX&endRange=2025-10-14T23:59:59Z&startRange=2025-05-15T09:00:00Z,2.0,2.0,100.0,115.0,<Response [200]>,,2025-11-09T18:34:39.379882
,,,,,,JNB,,,,,AMS,,,,2025-10-14T23:59:59Z,2025-05-15T09:00:00Z,destination=JNB&origin=AMS&endRange=2025-10-14T23:59:59Z&startRange=2025-05-15T09:00:00Z,2.0,2.0,100.0,152.0,<Response [200]>,,2025-11-09T18:34:39.405462
,,,,,,PTY,,,,,CDG,,,,2025-10-14T23:59:59Z,2025-05-15T09:00:00Z,destination=PTY&origin=CDG&endRange=2025-10-14T23:59:59Z&startRange=2025-05-15T09:00:00Z,2.0,2.0,100.0,111.0,<Response [200]>,,2025-11-09T18:34:39.431782
,,,,,,ESB,,,,,AMS,,,,2025-10-14T23:59:59Z,2025-05-15T09:00:00Z,destination=ESB&origin=AMS&endRange=2025-10-14T23:59:59Z&startRange=2025-05-15T09:00:00Z,2.0,2.0,100.0,113.0,<Response [200]>,,2025-11-09T18:34:39.458918
,,,,,,BKO,,,,,ORY,,,,2025-10-14T23:59:59Z,2025-05-15T09:00:00Z,destination=BKO&origin=ORY&endRange=2025-10-14T23:59:59Z&startRange=2025-05-15T09:00:00Z,2.0,2.0,100.0,117.0,<Response [200]>,,2025-11-09T18:34:39.485728
,,,,,,CDG,,,,,YQB,,,,2025-10-14T23:59:59Z,2025-05-15T09:00:00Z,destination=CDG&origin=YQB&endRange=2025-10-14T23:59:59Z&startRange=2025-05-15T09:00:00Z,2.0,2.0,100.0,153.0,<Response [200]>,,2025-11-09T18:34:39.510718
,,,,,,BOM,,,,,CDG,,,,2025-10-14T23:59:59Z,2025-05-15T09:00:00Z,destination=BOM&origin=CDG&endRange=2025-10-14T23:59:59Z&startRange=2025-05-15T09:00:00Z,2.0,2.0,100.0,154.0,<Response [200]>,,2025-11-09T18:34:39.535223
,,,,,,AMS,,,,,PKX,,,,2025-10-14T23:59:59Z,2025-05-15T09:00:00Z,destination=AMS&origin=PKX&endRange=2025-10-14T23:59:59Z&startRange=2025-05-15T09:00:00Z,2.0,2.0,100.0,152.0,<Response [200]>,,2025-11-09T18:34:39.560527
,,,,,,AMS,,,,,PHL,,,,2025-10-14T23:59:59Z,2025-05-15T09:00:00Z,destination=AMS&origin=PHL&endRange=2025-10-14T23:59:59Z&startRange=2025-05-15T09:00:00Z,2.0,2.0,100.0,154.0,<Response [200]>,,2025-11-09T18:34:39.585199
,,,,,,AMS,,,,,YEG,,,,2025-10-14T23:59:59Z,2025-05-15T09:00:00Z,destination=AMS&origin=YEG&endRange=2025-10-14T23:59:59Z&startRange=2025-05-15T09:00:00Z,2.0,2.0,100.0,115.0,<Response [200]>,,2025-11-09T18:34:39.608776
,,,,,,AMS,,,,,PDX,,,,2025-10-14T23:59:59Z,2025-05-15T09:00:00Z,destination=AMS&origin=PDX&endRange=2025-10-14T23:59:59Z&startRange=2025-05-15T09:00:00Z,2.0,2.0,100.0,131.0,<Response [200]>,,2025-11-09T18:34:39.631099
,,,,,,XMN,,,,,AMS,,,,2025-10-14T23:59:59Z,2025-05-15T09:00:00Z,destination=XMN&origin=AMS&endRange=2025-10-14T23:59:59Z&startRange=2025-05-15T09:00:00Z,2.0,2.0,100.0,119.0,<Response [200]>,,2025-11-09T18:34:39.655246
,,,,,,ORY,,,,,HRG,,,,2025-10-14T23:59:59Z,2025-05-15T09:00:00Z,destination=ORY&origin=HRG&endRange=2025-10-14T23:59:59Z&startRange=2025-05-15T09:00:00Z,2.0,2.0,100.0,115.0,<Response [200]>,,2025-11-09T18:34:39.681618
,,,,,,JED,,,,,AMS,,,,2025-10-14T23:59:59Z,2025-05-15T09:00:00Z,destination=JED&origin=AMS&endRange=2025-10-14T23:59:59Z&startRange=2025-05-15T09:00:00Z,2.0,2.0,100.0,114.0,<Response [200]>,,2025-11-09T18:34:39.708911
,,,,,,YHZ,,,,,AMS,,,,2025-10-14T23:59:59Z,2025-05-15T09:00:00Z,destination=YHZ&origin=AMS&endRange=2025-10-14T23:59:59Z&startRange=2025-05-15T09:00:00Z,2.0,2.0,100.0,112.0,<Response [200]>,,2025-11-09T18:34:39.736349
,,,,,,AMS,,,,,DFW,,,,2025-10-14T23:59:59Z,2025-05-15T09:00:00Z,destination=AMS&origin=DFW&endRange=2025-10-14T23:59:59Z&startRange=2025-05-15T09:00:00Z,2.0,2.0,100.0,129.0,<Response [200]>,,2025-11-09T18:34:39.763347
,,,,,,AMS,,,,,EWR,,,,2025-10-14T23:59:59Z,2025-05-15T09:00:00Z,destination=AMS&origin=EWR&endRange=2025-10-14T23:59:59Z&startRange=2025-05-15T09:00:00Z,2.0,2.0,100.0,155.0,<Response [200]>,,2025-11-09T18:34:39.787993
,,,,,,YEG,,,,,AMS,,,,2025-10-14T23:59:59Z,2025-05-15T09:00:00Z,destination=YEG&origin=AMS&endRange=2025-10-14T23:59:59Z&startRange=2025-05-15T09:00:00Z,2.0,2.0,100.0,116.0,<Response [200]>,,2025-11-09T18:34:39.812669
,,,,,,CPT,,,,,AMS,,,,2025-10-14T23:59:59Z,2025-05-15T09:00:00Z,destination=CPT&origin=AMS&endRange=2025-10-14T23:59:59Z&startRange=2025-05-15T09:00:00Z,2.0,2.0,100.0,156.0,<Response [200]>,,2025-11-09T18:34:39.837801
,,,,,,DTW,,,,,FRA,,,,2025-10-14T23:59:59Z,2025-05-15T09:00:00Z,destination=DTW&origin=FRA&endRange=2025-10-14T23:59:59Z&startRange=2025-05-15T09:00:00Z,2.0,2.0,100.0,153.0,<Response [200]>,,2025-11-09T18:34:39.863056
,,,,,,PHL,,,,,AMS,,,,2025-10-14T23:59:59Z,2025-05-15T09:00:00Z,destination=PHL&origin=AMS&endRange=2025-10-14T23:59:59Z&startRange=2025-05-15T09:00:00Z,2.0,2.0,100.0,155.0,<Response [200]>,,2025-11-09T18:34:39.888745
,,,,,,AMS,,,,,KIX,,,,2025-10-14T23:59:59Z,2025-05-15T09:00:00Z,destination=AMS&origin=KIX&endRange=2025-10-14T23:59:59Z&startRange=2025-05-15T09:00:00Z,2.0,2.0,100.0,109.0,<Response [200]>,,2025-11-09T18:34:39.915281
,,,,,,ORY,,,,,BKO,,,,2025-10-14T23:59:59Z,2025-05-15T09:00:00Z,destination=ORY&origin=BKO&endRange=2025-10-14T23:59:59Z&startRange=2025-05-15T09:00:00Z,2.0,2.0,100.0,121.0,<Response [200]>,,2025-11-09T18:34:39.940452
,,,,,,LIM,,,,,AMS,,,,2025-10-14T23:59:59Z,2025-05-15T09:00:00Z,destination=LIM&origin=AMS&endRange=2025-10-14T23:59:59Z&startRange=2025-05-15T09:00:00Z,2.0,2.0,100.0,152.0,<Response [200]>,,2025-11-09T18:34:39.966404
,,,,,,CKY,,,,,CDG,,,,2025-10-14T23:59:59Z,2025-05-15T09:00:00Z,destination=CKY&origin=CDG&endRange=2025-10-14T23:59:59Z&startRange=2025-05-15T09:00:00Z,2.0,2.0,100.0,174.0,<Response [200]>,,2025-11-09T18:34:39.989729
,,,,,,KIX,,,,,CDG,,,,2025-10-14T23:59:59Z,2025-05-15T09:00:00Z,destination=KIX&origin=CDG&endRange=2025-10-14T23:59:59Z&startRange=2025-05-15T09:00:00Z,2.0,2.0,100.0,116.0,<Response [200]>,,2025-11-09T18:34:40.014439
,,,,,,SFO,,,,,ORY,,,,2025-10-14T23:59:59Z,2025-05-15T09:00:00Z,destination=SFO&origin=ORY&endRange=2025-10-14T23:59:59Z&startRange=2025-05-15T09:00:00Z,2.0,2.0,100.0,109.0,<Response [200]>,,2025-11-09T18:34:40.039043
,,,,,,JFK,,,,,FRA,,,,2025-10-14T23:59:59Z,2025-05-15T09:00:00Z,destination=JFK&origin=FRA&endRange=2025-10-14T23:59:59Z&startRange=2025-05-15T09:00:00Z,2.0,2.0,100.0,153.0,<Response [200]>,,2025-11-09T18:34:40.063430
,,,,,,JFK,,,,,LIS,,,,2025-10-14T23:59:59Z,2025-05-15T09:00:00Z,destination=JFK&origin=LIS&endRange=2025-10-14T23:59:59Z&startRange=2025-05-15T09:00:00Z,2.0,2.0,100.0,153.0,<Response [200]>,,2025-11-09T18:34:40.087466
,,,,,,LHR,,,,,SLC,,,,2025-10-14T23:59:59Z,2025-05-15T09:00:00Z,destination=LHR&origin=SLC&endRange=2025-10-14T23:59:59Z&startRange=2025-05-15T09:00:00Z,2.0,2.0,100.0,109.0,<Response [200]>,,2025-11-09T18:34:40.113313
,,,,,,BLR,,,,,AMS,,,,2025-10-14T23:59:59Z,2025-05-15T09:00:00Z,destination=BLR&origin=AMS&endRange=2025-10-14T23:59:59Z&startRange=2025-05-15T09:00:00Z,2.0,2.0,100.0,151.0,<Response [200]>,,2025-11-09T18:34:40.137565
,,,,,,BJV,,,,,AMS,,,,2025-10-14T23:59:59Z,2025-05-15T09:00:00Z,destination=BJV&origin=AMS&endRange=2025-10-14T23:59:59Z&startRange=2025-05-15T09:00:00Z,2.0,2.0,100.0,101.0,<Response [200]>,,2025-11-09T18:34:40.161930
,,,,,,BEY,,,,,ORY,,,,2025-10-14T23:59:59Z,2025-05-15T09:00:00Z,destination=BEY&origin=ORY&endRange=2025-10-14T23:59:59Z&startRange=2025-05-15T09:00:00Z,2.0,2.0,100.0,101.0,<Response [200]>,,2025-11-09T18:34:40.185742
,,,,,,CDG,,,,,CKY,,,,2025-10-14T23:59:59Z,2025-05-15T09:00:00Z,destination=CDG&origin=CKY&endRange=2025-10-14T23:59:59Z&startRange=2025-05-15T09:00:00Z,2.0,2.0,100.0,170.0,<Response [200]>,,2025-11-09T18:34:40.210436
,,,,,,TBS,,,,,CDG,,,,2025-10-14T23:59:59Z,2025-05-15T09:00:00Z,destination=TBS&origin=CDG&endRange=2025-10-14T23:59:59Z&startRange=2025-05-15T09:00:00Z,2.0,2.0,100.0,118.0,<Response [200]>,,2025-11-09T18:34:40.235825
,,,,,,CDG,,,,,PHX,,,,2025-10-14T23:59:59Z,2025-05-15T09:00:00Z,destination=CDG&origin=PHX&endRange=2025-10-14T23:59:59Z&startRange=2025-05-15T09:00:00Z,2.0,2.0,100.0,109.0,<Response [200]>,,2025-11-09T18:34:40.260874
,,,,,,CDG,,,,,PTY,,,,2025-10-14T23:59:59Z,2025-05-15T09:00:00Z,destination=CDG&origin=PTY&endRange=2025-10-14T23:59:59Z&startRange=2025-05-15T09:00:00Z,2.0,2.0,100.0,109.0,<Response [200]>,,2025-11-09T18:34:40.305078
,,,,,,CDG,,,,,RDU,,,,2025-10-14T23:59:59Z,2025-05-15T09:00:00Z,destination=CDG&origin=RDU&endRange=2025-10-14T23:59:59Z&startRange=2025-05-15T09:00:00Z,2.0,2.0,100.0,140.0,<Response [200]>,,2025-11-09T18:34:40.340475
,,,,,,CPH,,,,,JFK,,,,2025-10-14T23:59:59Z,2025-05-15T09:00:00Z,destination=CPH&origin=JFK&endRange=2025-10-14T23:59:59Z&startRange=2025-05-15T09:00:00Z,2.0,2.0,100.0,195.0,<Response [200]>,,2025-11-09T18:34:40.366869
,,,,,,KIX,,,,,AMS,,,,2025-10-14T23:59:59Z,2025-05-15T09:00:00Z,destination=KIX&origin=AMS&endRange=2025-10-14T23:59:59Z&startRange=2025-05-15T09:00:00Z,2.0,2.0,100.0,109.0,<Response [200]>,,2025-11-09T18:34:40.393448
,,,,,,QSF,,,,,LYS,,,,2025-10-14T23:59:59Z,2025-05-15T09:00:00Z,destination=QSF&origin=LYS&endRange=2025-10-14T23:59:59Z&startRange=2025-05-15T09:00:00Z,2.0,2.0,100.0,136.0,<Response [200]>,,2025-11-09T18:34:40.419749
,,,,,,LFW,,,,,CDG,,,,2025-10-14T23:59:59Z,2025-05-15T09:00:00Z,destination=LFW&origin=CDG&endRange=2025-10-14T23:59:59Z&startRange=2025-05-15T09:00:00Z,2.0,2.0,100.0,147.0,<Response [200]>,,2025-11-09T18:34:40.447125
,,,,,,ORY,,,,,BEY,,,,2025-10-14T23:59:59Z,2025-05-15T09:00:00Z,destination=ORY&origin=BEY&endRange=2025-10-14T23:59:59Z&startRange=2025-05-15T09:00:00Z,2.0,2.0,100.0,102.0,<Response [200]>,,2025-11-09T18:34:40.472774
,,,,,,AMS,,,,,TBS,,,,2025-10-14T23:59:59Z,2025-05-15T09:00:00Z,destination=AMS&origin=TBS&endRange=2025-10-14T23:59:59Z&startRange=2025-05-15T09:00:00Z,2.0,2.0,100.0,108.0,<Response [200]>,,2025-11-09T18:34:40.497881
,,,,,,BOS,,,,,ATH,,,,2025-10-14T23:59:59Z,2025-05-15T09:00:00Z,destination=BOS&origin=ATH&endRange=2025-10-14T23:59:59Z&startRange=2025-05-15T09:00:00Z,2.0,2.0,100.0,153.0,<Response [200]>,,2025-11-09T18:34:40.521080
,,,,,,ATL,,,,,DUB,,,,2025-10-14T23:59:59Z,2025-05-15T09:00:00Z,destination=ATL&origin=DUB&endRange=2025-10-14T23:59:59Z&startRange=2025-05-15T09:00:00Z,2.0,2.0,100.0,154.0,<Response [200]>,,2025-11-09T18:34:40.548126
,,,,,,AMS,,,,,JED,,,,2025-10-14T23:59:59Z,2025-05-15T09:00:00Z,destination=AMS&origin=JED&endRange=2025-10-14T23:59:59Z&startRange=2025-05-15T09:00:00Z,2.0,2.0,100.0,109.0,<Response [200]>,,2025-11-09T18:34:40.576755
,,,,,,MSP,,,,,DUB,,,,2025-10-14T23:59:59Z,2025-05-15T09:00:00Z,destination=MSP&origin=DUB&endRange=2025-10-14T23:59:59Z&startRange=2025-05-15T09:00:00Z,2.0,2.0,100.0,154.0,<Response [200]>,,2025-11-09T18:34:40.604349
,,,,,,LAD,,,,,CDG,,,,2025-10-14T23:59:59Z,2025-05-15T09:00:00Z,destination=LAD&origin=CDG&endRange=2025-10-14T23:59:59Z&startRange=2025-05-15T09:00:00Z,2.0,2.0,100.0,141.0,<Response [200]>,,2025-11-09T18:34:40.633853
,,,,,,FCO,,,,,TUN,,,,2025-10-14T23:59:59Z,2025-05-15T09:00:00Z,destination=FCO&origin=TUN&endRange=2025-10-14T23:59:59Z&startRange=2025-05-15T09:00:00Z,2.0,2.0,100.0,115.0,<Response [200]>,,2025-11-09T18:34:40.660796
,,,,,,PNR,,,,,CDG,,,,2025-10-14T23:59:59Z,2025-05-15T09:00:00Z,destination=PNR&origin=CDG&endRange=2025-10-14T23:59:59Z&startRange=2025-05-15T09:00:00Z,2.0,2.0,100.0,113.0,<Response [200]>,,2025-11-09T18:34:40.688477
,,,,,,DLA,,,,,CDG,,,,2025-10-14T23:59:59Z,2025-05-15T09:00:00Z,destination=DLA&origin=CDG&endRange=2025-10-14T23:59:59Z&startRange=2025-05-15T09:00:00Z,2.0,2.0,100.0,147.0,<Response [200]>,,2025-11-09T18:34:40.717186
,,,,,,FCO,,,,,BOS,,,,2025-10-14T23:59:59Z,2025-05-15T09:00:00Z,destination=FCO&origin=BOS&endRange=2025-10-14T23:59:59Z&startRange=2025-05-15T09:00:00Z,2.0,2.0,100.0,159.0,<Response [200]>,,2025-11-09T18:34:40.747563
,,,,,,BOS,,,,,FCO,,,,2025-10-14T23:59:59Z,2025-05-15T09:00:00Z,destination=BOS&origin=FCO&endRange=2025-10-14T23:59:59Z&startRange=2025-05-15T09:00:00Z,2.0,2.0,100.0,160.0,<Response [200]>,,2025-11-09T18:34:40.776522
,,,,,,CDG,,,,,DZA,,,,2025-10-14T23:59:59Z,2025-05-15T09:00:00Z,destination=CDG&origin=DZA&endRange=2025-10-14T23:59:59Z&startRange=2025-05-15T09:00:00Z,2.0,2.0,100.0,136.0,<Response [200]>,,2025-11-09T18:34:40.804477
,,,,,,JFK,,,,,DUB,,,,2025-10-14T23:59:59Z,2025-05-15T09:00:00Z,destination=JFK&origin=DUB&endRange=2025-10-14T23:59:59Z&startRange=2025-05-15T09:00:00Z,2.0,2.0,100.0,154.0,<Response [200]>,,2025-11-09T18:34:40.834232
,,,,,,CDG,,,,,TBS,,,,2025-10-14T23:59:59Z,2025-05-15T09:00:00Z,destination=CDG&origin=TBS&endRange=2025-10-14T23:59:59Z&startRange=2025-05-15T09:00:00Z,2.0,2.0,100.0,116.0,<Response [200]>,,2025-11-09T18:34:40.864460
,,,,,,PHX,,,,,CDG,,,,2025-10-14T23:59:59Z,2025-05-15T09:00:00Z,destination=PHX&origin=CDG&endRange=2025-10-14T23:59:59Z&startRange=2025-05-15T09:00:00Z,2.0,2.0,100.0,108.0,<Response [200]>,,2025-11-09T18:34:40.892987
,,,,,,CDG,,,,,KWI,,,,2025-10-14T23:59:59Z,2025-05-15T09:00:00Z,destination=CDG&origin=KWI&endRange=2025-10-14T23:59:59Z&startRange=2025-05-15T09:00:00Z,2.0,2.0,100.0,113.0,<Response [200]>,,2025-11-09T18:34:40.919018
,,,,,,PDX,,,,,AMS,,,,2025-10-14T23:59:59Z,2025-05-15T09:00:00Z,destination=PDX&origin=AMS&endRange=2025-10-14T23:59:59Z&startRange=2025-05-15T09:00:00Z,2.0,2.0,100.0,130.0,<Response [200]>,,2025-11-09T18:34:40.953173
,,,,,,CDG,,,,,LAD,,,,2025-10-14T23:59:59Z,2025-05-15T09:00:00Z,destination=CDG&origin=LAD&endRange=2025-10-14T23:59:59Z&startRange=2025-05-15T09:00:00Z,2.0,2.0,100.0,151.0,<Response [200]>,,2025-11-09T18:34:40.981727
,,,,,,MAN,,,,,JFK,,,,2025-10-14T23:59:59Z,2025-05-15T09:00:00Z,destination=MAN&origin=JFK&endRange=2025-10-14T23:59:59Z&startRange=2025-05-15T09:00:00Z,2.0,2.0,100.0,144.0,<Response [200]>,,2025-11-09T18:34:41.007029
,,,,,,ATH,,,,,BOS,,,,2025-10-14T23:59:59Z,2025-05-15T09:00:00Z,destination=ATH&origin=BOS&endRange=2025-10-14T23:59:59Z&startRange=2025-05-15T09:00:00Z,2.0,2.0,100.0,153.0,<Response [200]>,,2025-11-09T18:34:41.031838
,,,,,,LIS,,,,,JFK,,,,2025-10-14T23:59:59Z,2025-05-15T09:00:00Z,destination=LIS&origin=JFK&endRange=2025-10-14T23:59:59Z&startRange=2025-05-15T09:00:00Z,2.0,2.0,100.0,153.0,<Response [200]>,,2025-11-09T18:34:41.056543
,,,,,,BER,,,,,JFK,,,,2025-10-14T23:59:59Z,2025-05-15T09:00:00Z,destination=BER&origin=JFK&endRange=2025-10-14T23:59:59Z&startRange=2025-05-15T09:00:00Z,2.0,2.0,100.0,153.0,<Response [200]>,,2025-11-09T18:34:41.082525
,,,,,,BJA,,,,,LYS,,,,2025-10-14T23:59:59Z,2025-05-15T09:00:00Z,destination=BJA&origin=LYS&endRange=2025-10-14T23:59:59Z&startRange=2025-05-15T09:00:00Z,2.0,2.0,100.0,116.0,<Response [200]>,,2025-11-09T18:34:41.107960
,,,,,,ARN,,,,,JFK,,,,2025-10-14T23:59:59Z,2025-05-15T09:00:00Z,destination=ARN&origin=JFK&endRange=2025-10-14T23:59:59Z&startRange=2025-05-15T09:00:00Z,2.0,2.0,100.0,153.0,<Response [200]>,,2025-11-09T18:34:41.133320
,,,,,,JFK,,,,,MAN,,,,2025-10-14T23:59:59Z,2025-05-15T09:00:00Z,destination=JFK&origin=MAN&endRange=2025-10-14T23:59:59Z&startRange=2025-05-15T09:00:00Z,2.0,2.0,100.0,144.0,<Response [200]>,,2025-11-09T18:34:41.158690
,,,,,,JFK,,,,,CPH,,,,2025-10-14T23:59:59Z,2025-05-15T09:00:00Z,destination=JFK&origin=CPH&endRange=2025-10-14T23:59:59Z&startRange=2025-05-15T09:00:00Z,2.0,2.0,100.0,194.0,<Response [200]>,,2025-11-09T18:34:41.182498
,,,,,,JFK,,,,,NCE,,,,2025-10-14T23:59:59Z,2025-05-15T09:00:00Z,destination=JFK&origin=NCE&endRange=2025-10-14T23:59:59Z&startRange=2025-05-15T09:00:00Z,2.0,2.0,100.0,158.0,<Response [200]>,,2025-11-09T18:34:41.207443
,,,,,,DUB,,,,,MSP,,,,2025-10-14T23:59:59Z,2025-05-15T09:00:00Z,destination=DUB&origin=MSP&endRange=2025-10-14T23:59:59Z&startRange=2025-05-15T09:00:00Z,2.0,2.0,100.0,154.0,<Response [200]>,,2025-11-09T18:34:41.234351
,,,,,,COO,,,,,ORY,,,,2025-10-14T23:59:59Z,2025-05-15T09:00:00Z,destination=COO&origin=ORY&endRange=2025-10-14T23:59:59Z&startRange=2025-05-15T09:00:00Z,2.0,2.0,100.0,105.0,<Response [200]>,,2025-11-09T18:34:41.261991
,,,,,,BOS,,,,,DUB,,,,2025-10-14T23:59:59Z,2025-05-15T09:00:00Z,destination=BOS&origin=DUB&endRange=2025-10-14T23:59:59Z&startRange=2025-05-15T09:00:00Z,2.0,2.0,100.0,153.0,<Response [200]>,,2025-11-09T18:34:41.288658
,,,,,,BOS,,,,,LIS,,,,2025-10-14T23:59:59Z,2025-05-15T09:00:00Z,destination=BOS&origin=LIS&endRange=2025-10-14T23:59:59Z&startRange=2025-05-15T09:00:00Z,2.0,2.0,100.0,153.0,<Response [200]>,,2025-11-09T18:34:41.315849
,,,,,,FCO,,,,,DTW,,,,2025-10-14T23:59:59Z,2025-05-15T09:00:00Z,destination=FCO&origin=DTW&endRange=2025-10-14T23:59:59Z&startRange=2025-05-15T09:00:00Z,2.0,2.0,100.0,153.0,<Response [200]>,,2025-11-09T18:34:41.342321
,,,,,,RAK,,,,,LYS,,,,2025-10-14T23:59:59Z,2025-05-15T09:00:00Z,destination=RAK&origin=LYS&endRange=2025-10-14T23:59:59Z&startRange=2025-05-15T09:00:00Z,2.0,2.0,100.0,127.0,<Response [200]>,,2025-11-09T18:34:41.369082
,,,,,,LYS,,,,,TUN,,,,2025-10-14T23:59:59Z,2025-05-15T09:00:00Z,destination=LYS&origin=TUN&endRange=2025-10-14T23:59:59Z&startRange=2025-05-15T09:00:00Z,2.0,2.0,100.0,109.0,<Response [200]>,,2025-11-09T18:34:41.396155
,,,,,,NSI,,,,,CDG,,,,2025-10-14T23:59:59Z,2025-05-15T09:00:00Z,destination=NSI&origin=CDG&endRange=2025-10-14T23:59:59Z&startRange=2025-05-15T09:00:00Z,2.0,2.0,100.0,128.0,<Response [200]>,,2025-11-09T18:34:41.422212
,,,,,,ORY,,,,,COO,,,,2025-10-14T23:59:59Z,2025-05-15T09:00:00Z,destination=ORY&origin=COO&endRange=2025-10-14T23:59:59Z&startRange=2025-05-15T09:00:00Z,2.0,2.0,100.0,106.0,<Response [200]>,,2025-11-09T18:34:41.452604
,,,,,,ATL,,,,,MUC,,,,2025-10-14T23:59:59Z,2025-05-15T09:00:00Z,destination=ATL&origin=MUC&endRange=2025-10-14T23:59:59Z&startRange=2025-05-15T09:00:00Z,2.0,2.0,100.0,152.0,<Response [200]>,,2025-11-09T18:34:41.483763
,,,,,,ATL,,,,,NCE,,,,2025-10-14T23:59:59Z,2025-05-15T09:00:00Z,destination=ATL&origin=NCE&endRange=2025-10-14T23:59:59Z&startRange=2025-05-15T09:00:00Z,2.0,2.0,100.0,128.0,<Response [200]>,,2025-11-09T18:34:41.515736
,,,,,,ATL,,,,,MAN,,,,2025-10-14T23:59:59Z,2025-05-15T09:00:00Z,destination=ATL&origin=MAN&endRange=2025-10-14T23:59:59Z&startRange=2025-05-15T09:00:00Z,2.0,2.0,100.0,136.0,<Response [200]>,,2025-11-09T18:34:41.550507
,,,,,,ATL,,,,,FRA,,,,2025-10-14T23:59:59Z,2025-05-15T09:00:00Z,destination=ATL&origin=FRA&endRange=2025-10-14T23:59:59Z&startRange=2025-05-15T09:00:00Z,2.0,2.0,100.0,152.0,<Response [200]>,,2025-11-09T18:34:41.581836
,,,,,,TUN,,,,,LYS,,,,2025-10-14T23:59:59Z,2025-05-15T09:00:00Z,destination=TUN&origin=LYS&endRange=2025-10-14T23:59:59Z&startRange=2025-05-15T09:00:00Z,2.0,2.0,100.0,148.0,<Response [200]>,,2025-11-09T18:34:41.612267
,,,,,,MAN,,,,,ATL,,,,2025-10-14T23:59:59Z,2025-05-15T09:00:00Z,destination=MAN&origin=ATL&endRange=2025-10-14T23:59:59Z&startRange=2025-05-15T09:00:00Z,2.0,2.0,100.0,136.0,<Response [200]>,,2025-11-09T18:34:41.646615
,,,,,,DTW,,,,,FCO,,,,2025-10-14T23:59:59Z,2025-05-15T09:00:00Z,destination=DTW&origin=FCO&endRange=2025-10-14T23:59:59Z&startRange=2025-05-15T09:00:00Z,2.0,2.0,100.0,152.0,<Response [200]>,,2025-11-09T18:34:41.682292
,,,,,,JFK,,,,,ARN,,,,2025-10-14T23:59:59Z,2025-05-15T09:00:00Z,destination=JFK&origin=ARN&endRange=2025-10-14T23:59:59Z&startRange=2025-05-15T09:00:00Z,2.0,2.0,100.0,152.0,<Response [200]>,,2025-11-09T18:34:41.716252
,,,,,,JFK,,,,,BER,,,,2025-10-14T23:59:59Z,2025-05-15T09:00:00Z,destination=JFK&origin=BER&endRange=2025-10-14T23:59:59Z&startRange=2025-05-15T09:00:00Z,2.0,2.0,100.0,152.0,<Response [200]>,,2025-11-09T18:34:41.745126
,,,,,,DTW,,,,,MUC,,,,2025-10-14T23:59:59Z,2025-05-15T09:00:00Z,destination=DTW&origin=MUC&endRange=2025-10-14T23:59:59Z&startRange=2025-05-15T09:00:00Z,2.0,2.0,100.0,141.0,<Response [200]>,,2025-11-09T18:34:41.771944
,,,,,,NCE,,,,,TLV,,,,2025-10-14T23:59:59Z,2025-05-15T09:00:00Z,destination=NCE&origin=TLV&endRange=2025-10-14T23:59:59Z&startRange=2025-05-15T09:00:00Z,2.0,2.0,100.0,114.0,<Response [200]>,,2025-11-09T18:34:41.797759
,,,,,,NCE,,,,,ATL,,,,2025-10-14T23:59:59Z,2025-05-15T09:00:00Z,destination=NCE&origin=ATL&endRange=2025-10-14T23:59:59Z&startRange=2025-05-15T09:00:00Z,2.0,2.0,100.0,128.0,<Response [200]>,,2025-11-09T18:34:41.822677
,,,,,,DUB,,,,,ATL,,,,2025-10-14T23:59:59Z,2025-05-15T09:00:00Z,destination=DUB&origin=ATL&endRange=2025-10-14T23:59:59Z&startRange=2025-05-15T09:00:00Z,2.0,2.0,100.0,153.0,<Response [200]>,,2025-11-09T18:34:41.848186
,,,,,,DUB,,,,,BOS,,,,2025-10-14T23:59:59Z,2025-05-15T09:00:00Z,destination=DUB&origin=BOS&endRange=2025-10-14T23:59:59Z&startRange=2025-05-15T09:00:00Z,2.0,2.0,100.0,152.0,<Response [200]>,,2025-11-09T18:34:41.892382
,,,,,,DUB,,,,,JFK,,,,2025-10-14T23:59:59Z,2025-05-15T09:00:00Z,destination=DUB&origin=JFK&endRange=2025-10-14T23:59:59Z&startRange=2025-05-15T09:00:00Z,2.0,2.0,100.0,153.0,<Response [200]>,,2025-11-09T18:34:41.936111
,,,,,,MUC,,,,,DTW,,,,2025-10-14T23:59:59Z,2025-05-15T09:00:00Z,destination=MUC&origin=DTW&endRange=2025-10-14T23:59:59Z&startRange=2025-05-15T09:00:00Z,2.0,2.0,100.0,142.0,<Response [200]>,,2025-11-09T18:34:41.983945
,,,,,,ALG,,,,,FCO,,,,2025-10-14T23:59:59Z,2025-05-15T09:00:00Z,destination=ALG&origin=FCO&endRange=2025-10-14T23:59:59Z&startRange=2025-05-15T09:00:00Z,2.0,2.0,100.0,154.0,<Response [200]>,,2025-11-09T18:34:42.030555
,,,,,,LIS,,,,,BOS,,,,2025-10-14T23:59:59Z,2025-05-15T09:00:00Z,destination=LIS&origin=BOS&endRange=2025-10-14T23:59:59Z&startRange=2025-05-15T09:00:00Z,2.0,2.0,100.0,152.0,<Response [200]>,,2025-11-09T18:34:42.076703
,,,,,,FCO,,,,,ALG,,,,2025-10-14T23:59:59Z,2025-05-15T09:00:00Z,destination=FCO&origin=ALG&endRange=2025-10-14T23:59:59Z&startRange=2025-05-15T09:00:00Z,2.0,2.0,100.0,159.0,<Response [200]>,,2025-11-09T18:34:42.123893
,,,,,,TUN,,,,,FCO,,,,2025-10-14T23:59:59Z,2025-05-15T09:00:00Z,destination=TUN&origin=FCO&endRange=2025-10-14T23:59:59Z&startRange=2025-05-15T09:00:00Z,2.0,2.0,100.0,115.0,<Response [200]>,,2025-11-09T18:34:42.169826
,,,,,,AMS,,,,,AUA,,,,2025-10-14T23:59:59Z,2025-05-15T09:00:00Z,destination=AMS&origin=AUA&endRange=2025-10-14T23:59:59Z&startRange=2025-05-15T09:00:00Z,2.0,2.0,100.0,197.0,<Response [200]>,,2025-11-09T18:34:42.214026
,,,,,,ORY,,,,,ALG,,,,2025-10-14T23:59:59Z,2025-05-15T09:00:00Z,destination=ORY&origin=ALG&endRange=2025-10-14T23:59:59Z&startRange=2025-05-15T09:00:00Z,14.0,14.0,100.0,1309.0,<Response [200]>,,2025-11-09T18:34:42.275679
,,,,,,ORY,,,,,CMN,,,,2025-10-14T23:59:59Z,2025-05-15T09:00:00Z,destination=ORY&origin=CMN&endRange=2025-10-14T23:59:59Z&startRange=2025-05-15T09:00:00Z,12.0,12.0,100.0,1118.0,<Response [200]>,,2025-11-09T18:34:42.338981
,,,,,,JFK,,,,,LHR,,,,2025-10-14T23:59:59Z,2025-05-15T09:00:00Z,destination=JFK&origin=LHR&endRange=2025-10-14T23:59:59Z&startRange=2025-05-15T09:00:00Z,13.0,13.0,100.0,1260.0,<Response [200]>,,2025-11-09T18:34:42.409119
,,,,,,ALG,,,,,ORY,,,,2025-10-14T23:59:59Z,2025-05-15T09:00:00Z,destination=ALG&origin=ORY&endRange=2025-10-14T23:59:59Z&startRange=2025-05-15T09:00:00Z,13.0,13.0,100.0,1287.0,<Response [200]>,,2025-11-09T18:34:42.563828
,,,,,,TUN,,,,,CDG,,,,2025-10-14T23:59:59Z,2025-05-15T09:00:00Z,destination=TUN&origin=CDG&endRange=2025-10-14T23:59:59Z&startRange=2025-05-15T09:00:00Z,12.0,12.0,100.0,1135.0,<Response [200]>,,2025-11-09T18:34:42.701717
,,,,,,LHR,,,,,JFK,,,,2025-10-14T23:59:59Z,2025-05-15T09:00:00Z,destination=LHR&origin=JFK&endRange=2025-10-14T23:59:59Z&startRange=2025-05-15T09:00:00Z,13.0,13.0,100.0,1257.0,<Response [200]>,,2025-11-09T18:34:42.788178
,,,,,,IST,,,,,CDG,,,,2025-10-14T23:59:59Z,2025-05-15T09:00:00Z,destination=IST&origin=CDG&endRange=2025-10-14T23:59:59Z&startRange=2025-05-15T09:00:00Z,12.0,12.0,100.0,1139.0,<Response [200]>,,2025-11-09T18:34:42.843606
,,,,,,CDG,,,,,TUN,,,,2025-10-14T23:59:59Z,2025-05-15T09:00:00Z,destination=CDG&origin=TUN&endRange=2025-10-14T23:59:59Z&startRange=2025-05-15T09:00:00Z,12.0,12.0,100.0,1148.0,<Response [200]>,,2025-11-09T18:34:43.017936
,,,,,,CDG,,,,,IST,,,,2025-10-14T23:59:59Z,2025-05-15T09:00:00Z,destination=CDG&origin=IST&endRange=2025-10-14T23:59:59Z&startRange=2025-05-15T09:00:00Z,12.0,12.0,100.0,1139.0,<Response [200]>,,2025-11-09T18:34:43.093619
,,,,,,TUN,,,,,ORY,,,,2025-10-14T23:59:59Z,2025-05-15T09:00:00Z,destination=TUN&origin=ORY&endRange=2025-10-14T23:59:59Z&startRange=2025-05-15T09:00:00Z,12.0,12.0,100.0,1161.0,<Response [200]>,,2025-11-09T18:34:43.151653
,,,,,,ORY,,,,,TUN,,,,2025-10-14T23:59:59Z,2025-05-15T09:00:00Z,destination=ORY&origin=TUN&endRange=2025-10-14T23:59:59Z&startRange=2025-05-15T09:00:00Z,12.0,12.0,100.0,1190.0,<Response [200]>,,2025-11-09T18:34:43.205291
,,,,,,ORY,,,,,RAK,,,,2025-10-14T23:59:59Z,2025-05-15T09:00:00Z,destination=ORY&origin=RAK&endRange=2025-10-14T23:59:59Z&startRange=2025-05-15T09:00:00Z,12.0,12.0,100.0,1109.0,<Response [200]>,,2025-11-09T18:34:43.252379
,,,,,,RAK,,,,,ORY,,,,2025-10-14T23:59:59Z,2025-05-15T09:00:00Z,destination=RAK&origin=ORY&endRange=2025-10-14T23:59:59Z&startRange=2025-05-15T09:00:00Z,12.0,12.0,100.0,1105.0,<Response [200]>,,2025-11-09T18:34:43.291843
,,,,,,CMN,,,,,ORY,,,,2025-10-14T23:59:59Z,2025-05-15T09:00:00Z,destination=CMN&origin=ORY&endRange=2025-10-14T23:59:59Z&startRange=2025-05-15T09:00:00Z,11.0,11.0,100.0,1097.0,<Response [200]>,,2025-11-09T18:34:43.331119
,,,,,,YUL,,,,,CDG,,,,2025-10-14T23:59:59Z,2025-05-15T09:00:00Z,destination=YUL&origin=CDG&endRange=2025-10-14T23:59:59Z&startRange=2025-05-15T09:00:00Z,11.0,11.0,100.0,1058.0,<Response [200]>,,2025-11-09T18:34:43.370776
,,,,,,CDG,,,,,YUL,,,,2025-10-14T23:59:59Z,2025-05-15T09:00:00Z,destination=CDG&origin=YUL&endRange=2025-10-14T23:59:59Z&startRange=2025-05-15T09:00:00Z,11.0,11.0,100.0,1060.0,<Response [200]>,,2025-11-09T18:34:43.409019
,,,,,,AMS,,,,,TLV,,,,2025-10-14T23:59:59Z,2025-05-15T09:00:00Z,destination=AMS&origin=TLV&endRange=2025-10-14T23:59:59Z&startRange=2025-05-15T09:00:00Z,1.0,5.0,,480.0,<Response [500]>,"{""errors"":[{""name"":""INTERNAL_SERVER_ERROR""}]}",2025-11-09T18:58:07.647723
,,,,,,ORY,,,,,SDR,,,,2025-10-14T23:59:59Z,2025-05-15T09:00:00Z,destination=ORY&origin=SDR&endRange=2025-10-14T23:59:59Z&startRange=2025-05-15T09:00:00Z,,,,,<Response [404]>,"{""errors"":[{""name"":""FLIGHT NOT FOUND"",""severity"":""INFO""}]}",2025-11-09T18:58:08.487410
,,,,,,AUH,,,,,AMS,,,,2025-10-14T23:59:59Z,2025-05-15T09:00:00Z,destination=AUH&origin=AMS&endRange=2025-10-14T23:59:59Z&startRange=2025-05-15T09:00:00Z,,,,,<Response [500]>,"{""errors"":[{""name"":""INTERNAL_SERVER_ERROR""}]}",2025-11-09T18:58:11.186877
,,,,,,AAE,,,,,CDG,,,,2025-10-15T23:59:59Z,2025-10-15T00:00:00Z,destination=AAE&origin=CDG&endRange=2025-10-15T23:59:59Z&startRange=2025-10-15T00:00:00Z,,,,,<Response [404]>,"{""errors"":[{""name"":""FLIGHT NOT FOUND"",""severity"":""INFO""}]}",2025-11-09T18:58:14.672749
,,,,,,AAE,,,,,CDG,,,,2025-10-16T23:59:59Z,2025-10-16T00:00:00Z,destination=AAE&origin=CDG&endRange=2025-10-16T23:59:59Z&startRange=2025-10-16T00:00:00Z,1.0,1.0,100.0,1.0,<Response [200]>,,2025-11-09T18:34:58.342577
,,,,,,AAE,,,,,CDG,,,,2025-10-17T23:59:59Z,2025-10-17T00:00:00Z,destination=AAE&origin=CDG&endRange=2025-10-17T23:59:59Z&startRange=2025-10-17T00:00:00Z,,,,,<Response [404]>,"{""errors"":[{""name"":""FLIGHT NOT FOUND"",""severity"":""INFO""}]}",2025-11-09T18:58:17.332337
,,,,,,AAE,,,,,CDG,,,,2025-10-18T23:59:59Z,2025-10-18T00:00:00Z,destination=AAE&origin=CDG&endRange=2025-10-18T23:59:59Z&startRange=2025-10-18T00:00:00Z,1.0,1.0,100.0,1.0,<Response [200]>,,2025-11-09T18:35:03.720036
,,,,,,ZNZ,,,,,CDG,,,,2025-12-08T23:59:59Z,2025-12-08T00:00:00Z,destination=ZNZ&origin=CDG&endRange=2025-12-08T23:59:59Z&startRange=2025-12-08T00:00:00Z,1.0,1.0,33.0,1.0,<Response [200]>,,2025-11-09T18:34:52.960204
,,,,,,ZNZ,,,,,CDG,,,,2025-12-09T23:59:59Z,2025-12-09T00:00:00Z,,,,,,,,
,,,,,,ZNZ,,,,,CDG,,,,2025-12-09T23:59:59Z,2025-12-09T00:00:00Z,destination=ZNZ&origin=CDG&endRange=2025-12-09T23:59:59Z&startRange=2025-12-09T00:00:00Z,,,,,<Response [404]>,"{""errors"":[{""name"":""FLIGHT NOT FOUND"",""severity"":""INFO""}]}",2025-11-09T18:58:22.740951
