aircraftRegistration,aircraftType,arrivalCity,carrierCode,consumerHost,departureCity,destination,flightNumber,movementType,operatingAirlineCode,operationalSuffix,origin,serviceType,timeOriginType,timeType,endRange,startRange,call_parameters,nb_of_pages_already_retrieved,totalPages,completion,totalFlights,response,message,timestamp
,,,,,,ORY,,,,,NCE,,,,2025-10-14T23:59:59Z,2025-05-15T09:00:00Z,destination=ORY&origin=NCE&endRange=2025-10-14T23:59:59Z&startRange=2025-05-15T09:00:00Z,,,,,,,
,,,,,,NCE,,,,,ORY,,,,2025-10-14T23:59:59Z,2025-05-15T09:00:00Z,destination=NCE&origin=ORY&endRange=2025-10-14T23:59:59Z&startRange=2025-05-15T09:00:00Z,,,,,,,
,,,,,,LHR,,,,,AMS,,,,2025-10-14T23:59:59Z,2025-05-15T09:00:00Z,destination=LHR&origin=AMS&endRange=2025-10-14T23:59:59Z&startRange=2025-05-15T09:00:00Z,,,,,,,
,,,,,,AMS,,,,,LHR,,,,2025-10-14T23:59:59Z,2025-05-15T09:00:00Z,destination=AMS&origin=LHR&endRange=2025-10-14T23:59:59Z&startRange=2025-05-15T09:00:00Z,,,,,,,
,,,,,,AMS,,,,,BCN,,,,2025-10-14T23:59:59Z,2025-05-15T09:00:00Z,destination=AMS&origin=BCN&endRange=2025-10-14T23:59:59Z&startRange=2025-05-15T09:00:00Z,,,,,,,
,,,,,,BCN,,,,,AMS,,,,2025-10-14T23:59:59Z,2025-05-15T09:00:00Z,destination=BCN&origin=AMS&endRange=2025-10-14T23:59:59Z&startRange=2025-05-15T09:00:00Z,,,,,,,
,,,,,,ORY,,,,,LIS,,,,2025-10-14T23:59:59Z,2025-05-15T09:00:00Z,destination=ORY&origin=LIS&endRange=2025-10-14T23:59:59Z&startRange=2025-05-15T09:00:00Z,,,,,,,
,,,,,,LIS,,,,,ORY,,,,2025-10-14T23:59:59Z,2025-05-15T09:00:00Z,destination=LIS&origin=ORY&endRange=2025-10-14T23:59:59Z&startRange=2025-05-15T09:00:00Z,,,,,,,
,,,,,,AMS,,,,,CDG,,,,2025-10-14T23:59:59Z,2025-05-15T09:00:00Z,destination=AMS&origin=CDG&endRange=2025-10-14T23:59:59Z&startRange=2025-05-15T09:00:00Z,,,,,,,
,,,,,,CDG,,,,,AMS,,,,2025-10-14T23:59:59Z,2025-05-15T09:00:00Z,destination=CDG&origin=AMS&endRange=2025-10-14T23:59:59Z&startRange=2025-05-15T09:00:00Z,,,,,,,
,,,,,,ORY,,,,,MAD,,,,2025-10-14T23:59:59Z,2025-05-15T09:00:00Z,destination=ORY&origin=MAD&endRange=2025-10-14T23:59:59Z&startRange=2025-05-15T09:00:00Z,,,,,,,
,,,,,,MAD,,,,,ORY,,,,2025-10-14T23:59:59Z,2025-05-15T09:00:00Z,destination=MAD&origin=ORY&endRange=2025-10-14T23:59:59Z&startRange=2025-05-15T09:00:00Z,,,,,,,
,,,,,,AMS,,,,,DUB,,,,2025-10-14T23:59:59Z,2025-05-15T09:00:00Z,destination=AMS&origin=DUB&endRange=2025-10-14T23:59:59Z&startRange=2025-05-15T09:00:00Z,,,,,,,
,,,,,,DUB,,,,,AMS,,,,2025-10-14T23:59:59Z,2025-05-15T09:00:00Z,destination=DUB&origin=AMS&endRange=2025-10-14T23:59:59Z&startRange=2025-05-15T09:00:00Z,,,,,,,
,,,,,,CDG,,,,,ALG,,,,2025-10-14T23:59:59Z,2025-05-15T09:00:00Z,destination=CDG&origin=ALG&endRange=2025-10-14T23:59:59Z&startRange=2025-05-15T09:00:00Z,,,,,,,
,,,,,,CDG,,,,,NCE,,,,2025-10-14T23:59:59Z,2025-05-15T09:00:00Z,destination=CDG&origin=NCE&endRange=2025-10-14T23:59:59Z&startRange=2025-05-15T09:00:00Z,,,,,,,
,,,,,,AMS,,,,,CPH,,,,2025-10-14T23:59:59Z,2025-05-15T09:00:00Z,destination=AMS&origin=CPH&endRange=2025-10-14T23:59:59Z&startRange=2025-05-15T09:00:00Z,,,,,,,
,,,,,,CPH,,,,,AMS,,,,2025-10-14T23:59:59Z,2025-05-15T09:00:00Z,destination=CPH&origin=AMS&endRange=2025-10-14T23:59:59Z&startRange=2025-05-15T09:00:00Z,,,,,,,
,,,,,,NCE,,,,,CDG,,,,2025-10-14T23:59:59Z,2025-05-15T09:00:00Z,destination=NCE&origin=CDG&endRange=2025-10-14T23:59:59Z&startRange=2025-05-15T09:00:00Z,,,,,,,
,,,,,,ALG,,,,,CDG,,,,2025-10-14T23:59:59Z,2025-05-15T09:00:00Z,destination=ALG&origin=CDG&endRange=2025-10-14T23:59:59Z&startRange=2025-05-15T09:00:00Z,,,,,,,
,,,,,,JFK,,,,,CDG,,,,2025-10-14T23:59:59Z,2025-05-15T09:00:00Z,destination=JFK&origin=CDG&endRange=2025-10-14T23:59:59Z&startRange=2025-05-15T09:00:00Z,,,,,,,
,,,,,,LHR,,,,,CDG,,,,2025-10-14T23:59:59Z,2025-05-15T09:00:00Z,destination=LHR&origin=CDG&endRange=2025-10-14T23:59:59Z&startRange=2025-05-15T09:00:00Z,,,,,,,
,,,,,,ORY,,,,,OPO,,,,2025-10-14T23:59:59Z,2025-05-15T09:00:00Z,destination=ORY&origin=OPO&endRange=2025-10-14T23:59:59Z&startRange=2025-05-15T09:00:00Z,,,,,,,
,,,,,,CDG,,,,,LHR,,,,2025-10-14T23:59:59Z,2025-05-15T09:00:00Z,destination=CDG&origin=LHR&endRange=2025-10-14T23:59:59Z&startRange=2025-05-15T09:00:00Z,,,,,,,
,,,,,,OPO,,,,,ORY,,,,2025-10-14T23:59:59Z,2025-05-15T09:00:00Z,destination=OPO&origin=ORY&endRange=2025-10-14T23:59:59Z&startRange=2025-05-15T09:00:00Z,,,,,,,
,,,,,,CDG,,,,,JFK,,,,2025-10-14T23:59:59Z,2025-05-15T09:00:00Z,destination=CDG&origin=JFK&endRange=2025-10-14T23:59:59Z&startRange=2025-05-15T09:00:00Z,,,,,,,
,,,,,,ORY,,,,,TLS,,,,2025-10-14T23:59:59Z,2025-05-15T09:00:00Z,destination=ORY&origin=TLS&endRange=2025-10-14T23:59:59Z&startRange=2025-05-15T09:00:00Z,,,,,,,
,,,,,,TLS,,,,,ORY,,,,2025-10-14T23:59:59Z,2025-05-15T09:00:00Z,destination=TLS&origin=ORY&endRange=2025-10-14T23:59:59Z&startRange=2025-05-15T09:00:00Z,,,,,,,
,,,,,,FRA,,,,,CDG,,,,2025-10-14T23:59:59Z,2025-05-15T09:00:00Z,destination=FRA&origin=CDG&endRange=2025-10-14T23:59:59Z&startRange=2025-05-15T09:00:00Z,,,,,,,
,,,,,,ORY,,,,,BCN,,,,2025-10-14T23:59:59Z,2025-05-15T09:00:00Z,destination=ORY&origin=BCN&endRange=2025-10-14T23:59:59Z&startRange=2025-05-15T09:00:00Z,,,,,,,
,,,,,,BCN,,,,,ORY,,,,2025-10-14T23:59:59Z,2025-05-15T09:00:00Z,destination=BCN&origin=ORY&endRange=2025-10-14T23:59:59Z&startRange=2025-05-15T09:00:00Z,,,,,,,
,,,,,,CDG,,,,,FRA,,,,2025-10-14T23:59:59Z,2025-05-15T09:00:00Z,destination=CDG&origin=FRA&endRange=2025-10-14T23:59:59Z&startRange=2025-05-15T09:00:00Z,,,,,,,
,,,,,,AMS,,,,,FRA,,,,2025-10-14T23:59:59Z,2025-05-15T09:00:00Z,destination=AMS&origin=FRA&endRange=2025-10-14T23:59:59Z&startRange=2025-05-15T09:00:00Z,,,,,,,
,,,,,,FRA,,,,,AMS,,,,2025-10-14T23:59:59Z,2025-05-15T09:00:00Z,destination=FRA&origin=AMS&endRange=2025-10-14T23:59:59Z&startRange=2025-05-15T09:00:00Z,,,,,,,
,,,,,,CDG,,,,,BCN,,,,2025-10-14T23:59:59Z,2025-05-15T09:00:00Z,destination=CDG&origin=BCN&endRange=2025-10-14T23:59:59Z&startRange=2025-05-15T09:00:00Z,,,,,,,
,,,,,,MUC,,,,,AMS,,,,2025-10-14T23:59:59Z,2025-05-15T09:00:00Z,destination=MUC&origin=AMS&endRange=2025-10-14T23:59:59Z&startRange=2025-05-15T09:00:00Z,,,,,,,
,,,,,,BCN,,,,,CDG,,,,2025-10-14T23:59:59Z,2025-05-15T09:00:00Z,destination=BCN&origin=CDG&endRange=2025-10-14T23:59:59Z&startRange=2025-05-15T09:00:00Z,,,,,,,
,,,,,,AMS,,,,,MUC,,,,2025-10-14T23:59:59Z,2025-05-15T09:00:00Z,destination=AMS&origin=MUC&endRange=2025-10-14T23:59:59Z&startRange=2025-05-15T09:00:00Z,,,,,,,
,,,,,,MAD,,,,,AMS,,,,2025-10-14T23:59:59Z,2025-05-15T09:00:00Z,destination=MAD&origin=AMS&endRange=2025-10-14T23:59:59Z&startRange=2025-05-15T09:00:00Z,,,,,,,
,,,,,,AMS,,,,,MAD,,,,2025-10-14T23:59:59Z,2025-05-15T09:00:00Z,destination=AMS&origin=MAD&endRange=2025-10-14T23:59:59Z&startRange=2025-05-15T09:00:00Z,,,,,,,
,,,,,,FCO,,,,,CDG,,,,2025-10-14T23:59:59Z,2025-05-15T09:00:00Z,destination=FCO&origin=CDG&endRange=2025-10-14T23:59:59Z&startRange=2025-05-15T09:00:00Z,,,,,,,
,,,,,,CDG,,,,,FCO,,,,2025-10-14T23:59:59Z,2025-05-15T09:00:00Z,destination=CDG&origin=FCO&endRange=2025-10-14T23:59:59Z&startRange=2025-05-15T09:00:00Z,,,,,,,
,,,,,,MAN,,,,,AMS,,,,2025-10-14T23:59:59Z,2025-05-15T09:00:00Z,destination=MAN&origin=AMS&endRange=2025-10-14T23:59:59Z&startRange=2025-05-15T09:00:00Z,,,,,,,
,,,,,,AMS,,,,,AGP,,,,2025-10-14T23:59:59Z,2025-05-15T09:00:00Z,destination=AMS&origin=AGP&endRange=2025-10-14T23:59:59Z&startRange=2025-05-15T09:00:00Z,,,,,,,
,,,,,,LCY,,,,,AMS,,,,2025-10-14T23:59:59Z,2025-05-15T09:00:00Z,destination=LCY&origin=AMS&endRange=2025-10-14T23:59:59Z&startRange=2025-05-15T09:00:00Z,,,,,,,
,,,,,,AMS,,,,,LCY,,,,2025-10-14T23:59:59Z,2025-05-15T09:00:00Z,destination=AMS&origin=LCY&endRange=2025-10-14T23:59:59Z&startRange=2025-05-15T09:00:00Z,,,,,,,
,,,,,,AMS,,,,,MAN,,,,2025-10-14T23:59:59Z,2025-05-15T09:00:00Z,destination=AMS&origin=MAN&endRange=2025-10-14T23:59:59Z&startRange=2025-05-15T09:00:00Z,,,,,,,
,,,,,,AGP,,,,,AMS,,,,2025-10-14T23:59:59Z,2025-05-15T09:00:00Z,destination=AGP&origin=AMS&endRange=2025-10-14T23:59:59Z&startRange=2025-05-15T09:00:00Z,,,,,,,
,,,,,,AMS,,,,,ZRH,,,,2025-10-14T23:59:59Z,2025-05-15T09:00:00Z,destination=AMS&origin=ZRH&endRange=2025-10-14T23:59:59Z&startRange=2025-05-15T09:00:00Z,,,,,,,
,,,,,,ZRH,,,,,AMS,,,,2025-10-14T23:59:59Z,2025-05-15T09:00:00Z,destination=ZRH&origin=AMS&endRange=2025-10-14T23:59:59Z&startRange=2025-05-15T09:00:00Z,,,,,,,
,,,,,,AMS,,,,,LIN,,,,2025-10-14T23:59:59Z,2025-05-15T09:00:00Z,destination=AMS&origin=LIN&endRange=2025-10-14T23:59:59Z&startRange=2025-05-15T09:00:00Z,,,,,,,
,,,,,,LIN,,,,,AMS,,,,2025-10-14T23:59:59Z,2025-05-15T09:00:00Z,destination=LIN&origin=AMS&endRange=2025-10-14T23:59:59Z&startRange=2025-05-15T09:00:00Z,,,,,,,
,,,,,,CDG,,,,,MUC,,,,2025-10-14T23:59:59Z,2025-05-15T09:00:00Z,destination=CDG&origin=MUC&endRange=2025-10-14T23:59:59Z&startRange=2025-05-15T09:00:00Z,,,,,,,
,,,,,,MUC,,,,,CDG,,,,2025-10-14T23:59:59Z,2025-05-15T09:00:00Z,destination=MUC&origin=CDG&endRange=2025-10-14T23:59:59Z&startRange=2025-05-15T09:00:00Z,,,,,,,
,,,,,,ORY,,,,,FCO,,,,2025-10-14T23:59:59Z,2025-05-15T09:00:00Z,destination=ORY&origin=FCO&endRange=2025-10-14T23:59:59Z&startRange=2025-05-15T09:00:00Z,,,,,,,
,,,,,,FCO,,,,,ORY,,,,2025-10-14T23:59:59Z,2025-05-15T09:00:00Z,destination=FCO&origin=ORY&endRange=2025-10-14T23:59:59Z&startRange=2025-05-15T09:00:00Z,,,,,,,
,,,,,,CPH,,,,,CDG,,,,2025-10-14T23:59:59Z,2025-05-15T09:00:00Z,destination=CPH&origin=CDG&endRange=2025-10-14T23:59:59Z&startRange=2025-05-15T09:00:00Z,,,,,,,
,,,,,,CDG,,,,,CPH,,,,2025-10-14T23:59:59Z,2025-05-15T09:00:00Z,destination=CDG&origin=CPH&endRange=2025-10-14T23:59:59Z&startRange=2025-05-15T09:00:00Z,,,,,,,
,,,,,,AMS,,,,,LIS,,,,2025-10-14T23:59:59Z,2025-05-15T09:00:00Z,destination=AMS&origin=LIS&endRange=2025-10-14T23:59:59Z&startRange=2025-05-15T09:00:00Z,,,,,,,
,,,,,,LIS,,,,,AMS,,,,2025-10-14T23:59:59Z,2025-05-15T09:00:00Z,destination=LIS&origin=AMS&endRange=2025-10-14T23:59:59Z&startRange=2025-05-15T09:00:00Z,,,,,,,
,,,,,,ATH,,,,,CDG,,,,2025-10-14T23:59:59Z,2025-05-15T09:00:00Z,destination=ATH&origin=CDG&endRange=2025-10-14T23:59:59Z&startRange=2025-05-15T09:00:00Z,,,,,,,
,,,,,,CDG,,,,,ATH,,,,2025-10-14T23:59:59Z,2025-05-15T09:00:00Z,destination=CDG&origin=ATH&endRange=2025-10-14T23:59:59Z&startRange=2025-05-15T09:00:00Z,,,,,,,
,,,,,,OSL,,,,,AMS,,,,2025-10-14T23:59:59Z,2025-05-15T09:00:00Z,destination=OSL&origin=AMS&endRange=2025-10-14T23:59:59Z&startRange=2025-05-15T09:00:00Z,,,,,,,
,,,,,,AMS,,,,,OSL,,,,2025-10-14T23:59:59Z,2025-05-15T09:00:00Z,destination=AMS&origin=OSL&endRange=2025-10-14T23:59:59Z&startRange=2025-05-15T09:00:00Z,,,,,,,
,,,,,,ARN,,,,,AMS,,,,2025-10-14T23:59:59Z,2025-05-15T09:00:00Z,destination=ARN&origin=AMS&endRange=2025-10-14T23:59:59Z&startRange=2025-05-15T09:00:00Z,,,,,,,
,,,,,,AMS,,,,,ARN,,,,2025-10-14T23:59:59Z,2025-05-15T09:00:00Z,destination=AMS&origin=ARN&endRange=2025-10-14T23:59:59Z&startRange=2025-05-15T09:00:00Z,,,,,,,
,,,,,,CDG,,,,,LIN,,,,2025-10-14T23:59:59Z,2025-05-15T09:00:00Z,destination=CDG&origin=LIN&endRange=2025-10-14T23:59:59Z&startRange=2025-05-15T09:00:00Z,,,,,,,
,,,,,,LIN,,,,,CDG,,,,2025-10-14T23:59:59Z,2025-05-15T09:00:00Z,destination=LIN&origin=CDG&endRange=2025-10-14T23:59:59Z&startRange=2025-05-15T09:00:00Z,,,,,,,
,,,,,,ORY,,,,,ALG,,,,2025-10-14T23:59:59Z,2025-05-15T09:00:00Z,destination=ORY&origin=ALG&endRange=2025-10-14T23:59:59Z&startRange=2025-05-15T09:00:00Z,,,,,,,
,,,,,,CDG,,,,,TLS,,,,2025-10-14T23:59:59Z,2025-05-15T09:00:00Z,destination=CDG&origin=TLS&endRange=2025-10-14T23:59:59Z&startRange=2025-05-15T09:00:00Z,,,,,,,
,,,,,,TLS,,,,,CDG,,,,2025-10-14T23:59:59Z,2025-05-15T09:00:00Z,destination=TLS&origin=CDG&endRange=2025-10-14T23:59:59Z&startRange=2025-05-15T09:00:00Z,,,,,,,
,,,,,,VIE,,,,,AMS,,,,2025-10-14T23:59:59Z,2025-05-15T09:00:00Z,destination=VIE&origin=AMS&endRange=2025-10-14T23:59:59Z&startRange=2025-05-15T09:00:00Z,,,,,,,
,,,,,,AMS,,,,,VIE,,,,2025-10-14T23:59:59Z,2025-05-15T09:00:00Z,destination=AMS&origin=VIE&endRange=2025-10-14T23:59:59Z&startRange=2025-05-15T09:00:00Z,,,,,,,
,,,,,,ALG,,,,,ORY,,,,2025-10-14T23:59:59Z,2025-05-15T09:00:00Z,destination=ALG&origin=ORY&endRange=2025-10-14T23:59:59Z&startRange=2025-05-15T09:00:00Z,,,,,,,
,,,,,,MRS,,,,,CDG,,,,2025-10-14T23:59:59Z,2025-05-15T09:00:00Z,destination=MRS&origin=CDG&endRange=2025-10-14T23:59:59Z&startRange=2025-05-15T09:00:00Z,,,,,,,
,,,,,,CDG,,,,,MRS,,,,2025-10-14T23:59:59Z,2025-05-15T09:00:00Z,destination=CDG&origin=MRS&endRange=2025-10-14T23:59:59Z&startRange=2025-05-15T09:00:00Z,,,,,,,
,,,,,,CDG,,,,,VIE,,,,2025-10-14T23:59:59Z,2025-05-15T09:00:00Z,destination=CDG&origin=VIE&endRange=2025-10-14T23:59:59Z&startRange=2025-05-15T09:00:00Z,,,,,,,
,,,,,,JFK,,,,,LHR,,,,2025-10-14T23:59:59Z,2025-05-15T09:00:00Z,destination=JFK&origin=LHR&endRange=2025-10-14T23:59:59Z&startRange=2025-05-15T09:00:00Z,,,,,,,
,,,,,,VIE,,,,,CDG,,,,2025-10-14T23:59:59Z,2025-05-15T09:00:00Z,destination=VIE&origin=CDG&endRange=2025-10-14T23:59:59Z&startRange=2025-05-15T09:00:00Z,,,,,,,
,,,,,,LHR,,,,,JFK,,,,2025-10-14T23:59:59Z,2025-05-15T09:00:00Z,destination=LHR&origin=JFK&endRange=2025-10-14T23:59:59Z&startRange=2025-05-15T09:00:00Z,,,,,,,
,,,,,,MAD,,,,,CDG,,,,2025-10-14T23:59:59Z,2025-05-15T09:00:00Z,destination=MAD&origin=CDG&endRange=2025-10-14T23:59:59Z&startRange=2025-05-15T09:00:00Z,,,,,,,
,,,,,,CDG,,,,,MAD,,,,2025-10-14T23:59:59Z,2025-05-15T09:00:00Z,destination=CDG&origin=MAD&endRange=2025-10-14T23:59:59Z&startRange=2025-05-15T09:00:00Z,,,,,,,
,,,,,,BER,,,,,AMS,,,,2025-10-14T23:59:59Z,2025-05-15T09:00:00Z,destination=BER&origin=AMS&endRange=2025-10-14T23:59:59Z&startRange=2025-05-15T09:00:00Z,,,,,,,
,,,,,,AMS,,,,,BER,,,,2025-10-14T23:59:59Z,2025-05-15T09:00:00Z,destination=AMS&origin=BER&endRange=2025-10-14T23:59:59Z&startRange=2025-05-15T09:00:00Z,,,,,,,
,,,,,,WAW,,,,,AMS,,,,2025-10-14T23:59:59Z,2025-05-15T09:00:00Z,destination=WAW&origin=AMS&endRange=2025-10-14T23:59:59Z&startRange=2025-05-15T09:00:00Z,,,,,,,
,,,,,,AMS,,,,,WAW,,,,2025-10-14T23:59:59Z,2025-05-15T09:00:00Z,destination=AMS&origin=WAW&endRange=2025-10-14T23:59:59Z&startRange=2025-05-15T09:00:00Z,,,,,,,
,,,,,,DUB,,,,,CDG,,,,2025-10-14T23:59:59Z,2025-05-15T09:00:00Z,destination=DUB&origin=CDG&endRange=2025-10-14T23:59:59Z&startRange=2025-05-15T09:00:00Z,,,,,,,
,,,,,,CDG,,,,,DUB,,,,2025-10-14T23:59:59Z,2025-05-15T09:00:00Z,destination=CDG&origin=DUB&endRange=2025-10-14T23:59:59Z&startRange=2025-05-15T09:00:00Z,,,,,,,
,,,,,,ORY,,,,,TUN,,,,2025-10-14T23:59:59Z,2025-05-15T09:00:00Z,destination=ORY&origin=TUN&endRange=2025-10-14T23:59:59Z&startRange=2025-05-15T09:00:00Z,,,,,,,
,,,,,,CDG,,,,,MXP,,,,2025-10-14T23:59:59Z,2025-05-15T09:00:00Z,destination=CDG&origin=MXP&endRange=2025-10-14T23:59:59Z&startRange=2025-05-15T09:00:00Z,,,,,,,
,,,,,,MXP,,,,,CDG,,,,2025-10-14T23:59:59Z,2025-05-15T09:00:00Z,destination=MXP&origin=CDG&endRange=2025-10-14T23:59:59Z&startRange=2025-05-15T09:00:00Z,,,,,,,
,,,,,,TUN,,,,,ORY,,,,2025-10-14T23:59:59Z,2025-05-15T09:00:00Z,destination=TUN&origin=ORY&endRange=2025-10-14T23:59:59Z&startRange=2025-05-15T09:00:00Z,,,,,,,
,,,,,,FCO,,,,,CTA,,,,2025-10-14T23:59:59Z,2025-05-15T09:00:00Z,destination=FCO&origin=CTA&endRange=2025-10-14T23:59:59Z&startRange=2025-05-15T09:00:00Z,,,,,,,
,,,,,,CDG,,,,,TUN,,,,2025-10-14T23:59:59Z,2025-05-15T09:00:00Z,destination=CDG&origin=TUN&endRange=2025-10-14T23:59:59Z&startRange=2025-05-15T09:00:00Z,,,,,,,
,,,,,,MAN,,,,,CDG,,,,2025-10-14T23:59:59Z,2025-05-15T09:00:00Z,destination=MAN&origin=CDG&endRange=2025-10-14T23:59:59Z&startRange=2025-05-15T09:00:00Z,,,,,,,
,,,,,,CTA,,,,,FCO,,,,2025-10-14T23:59:59Z,2025-05-15T09:00:00Z,destination=CTA&origin=FCO&endRange=2025-10-14T23:59:59Z&startRange=2025-05-15T09:00:00Z,,,,,,,
,,,,,,IST,,,,,CDG,,,,2025-10-14T23:59:59Z,2025-05-15T09:00:00Z,destination=IST&origin=CDG&endRange=2025-10-14T23:59:59Z&startRange=2025-05-15T09:00:00Z,,,,,,,
,,,,,,CDG,,,,,IST,,,,2025-10-14T23:59:59Z,2025-05-15T09:00:00Z,destination=CDG&origin=IST&endRange=2025-10-14T23:59:59Z&startRange=2025-05-15T09:00:00Z,,,,,,,
,,,,,,TUN,,,,,CDG,,,,2025-10-14T23:59:59Z,2025-05-15T09:00:00Z,destination=TUN&origin=CDG&endRange=2025-10-14T23:59:59Z&startRange=2025-05-15T09:00:00Z,,,,,,,
,,,,,,CDG,,,,,MAN,,,,2025-10-14T23:59:59Z,2025-05-15T09:00:00Z,destination=CDG&origin=MAN&endRange=2025-10-14T23:59:59Z&startRange=2025-05-15T09:00:00Z,,,,,,,
,,,,,,TRD,,,,,OSL,,,,2025-10-14T23:59:59Z,2025-05-15T09:00:00Z,destination=TRD&origin=OSL&endRange=2025-10-14T23:59:59Z&startRange=2025-05-15T09:00:00Z,,,,,,,
,,,,,,EDI,,,,,AMS,,,,2025-10-14T23:59:59Z,2025-05-15T09:00:00Z,destination=EDI&origin=AMS&endRange=2025-10-14T23:59:59Z&startRange=2025-05-15T09:00:00Z,,,,,,,
,,,,,,AMS,,,,,EDI,,,,2025-10-14T23:59:59Z,2025-05-15T09:00:00Z,destination=AMS&origin=EDI&endRange=2025-10-14T23:59:59Z&startRange=2025-05-15T09:00:00Z,,,,,,,
,,,,,,ORY,,,,,CMN,,,,2025-10-14T23:59:59Z,2025-05-15T09:00:00Z,destination=ORY&origin=CMN&endRange=2025-10-14T23:59:59Z&startRange=2025-05-15T09:00:00Z,,,,,,,
,,,,,,ORY,,,,,RAK,,,,2025-10-14T23:59:59Z,2025-05-15T09:00:00Z,destination=ORY&origin=RAK&endRange=2025-10-14T23:59:59Z&startRange=2025-05-15T09:00:00Z,,,,,,,
,,,,,,PRG,,,,,AMS,,,,2025-10-14T23:59:59Z,2025-05-15T09:00:00Z,destination=PRG&origin=AMS&endRange=2025-10-14T23:59:59Z&startRange=2025-05-15T09:00:00Z,,,,,,,
,,,,,,AMS,,,,,PRG,,,,2025-10-14T23:59:59Z,2025-05-15T09:00:00Z,destination=AMS&origin=PRG&endRange=2025-10-14T23:59:59Z&startRange=2025-05-15T09:00:00Z,,,,,,,
,,,,,,RAK,,,,,ORY,,,,2025-10-14T23:59:59Z,2025-05-15T09:00:00Z,destination=RAK&origin=ORY&endRange=2025-10-14T23:59:59Z&startRange=2025-05-15T09:00:00Z,,,,,,,
,,,,,,CMN,,,,,ORY,,,,2025-10-14T23:59:59Z,2025-05-15T09:00:00Z,destination=CMN&origin=ORY&endRange=2025-10-14T23:59:59Z&startRange=2025-05-15T09:00:00Z,,,,,,,
,,,,,,PMO,,,,,FCO,,,,2025-10-14T23:59:59Z,2025-05-15T09:00:00Z,destination=PMO&origin=FCO&endRange=2025-10-14T23:59:59Z&startRange=2025-05-15T09:00:00Z,,,,,,,
,,,,,,CDG,,,,,ZRH,,,,2025-10-14T23:59:59Z,2025-05-15T09:00:00Z,destination=CDG&origin=ZRH&endRange=2025-10-14T23:59:59Z&startRange=2025-05-15T09:00:00Z,,,,,,,
,,,,,,ZRH,,,,,CDG,,,,2025-10-14T23:59:59Z,2025-05-15T09:00:00Z,destination=ZRH&origin=CDG&endRange=2025-10-14T23:59:59Z&startRange=2025-05-15T09:00:00Z,,,,,,,
,,,,,,LYS,,,,,AMS,,,,2025-10-14T23:59:59Z,2025-05-15T09:00:00Z,destination=LYS&origin=AMS&endRange=2025-10-14T23:59:59Z&startRange=2025-05-15T09:00:00Z,,,,,,,
,,,,,,AMS,,,,,LYS,,,,2025-10-14T23:59:59Z,2025-05-15T09:00:00Z,destination=AMS&origin=LYS&endRange=2025-10-14T23:59:59Z&startRange=2025-05-15T09:00:00Z,,,,,,,
,,,,,,AMS,,,,,FCO,,,,2025-10-14T23:59:59Z,2025-05-15T09:00:00Z,destination=AMS&origin=FCO&endRange=2025-10-14T23:59:59Z&startRange=2025-05-15T09:00:00Z,,,,,,,
,,,,,,FCO,,,,,AMS,,,,2025-10-14T23:59:59Z,2025-05-15T09:00:00Z,destination=FCO&origin=AMS&endRange=2025-10-14T23:59:59Z&startRange=2025-05-15T09:00:00Z,,,,,,,
,,,,,,GVA,,,,,AMS,,,,2025-10-14T23:59:59Z,2025-05-15T09:00:00Z,destination=GVA&origin=AMS&endRange=2025-10-14T23:59:59Z&startRange=2025-05-15T09:00:00Z,,,,,,,
,,,,,,FCO,,,,,PMO,,,,2025-10-14T23:59:59Z,2025-05-15T09:00:00Z,destination=FCO&origin=PMO&endRange=2025-10-14T23:59:59Z&startRange=2025-05-15T09:00:00Z,,,,,,,
,,,,,,AMS,,,,,GVA,,,,2025-10-14T23:59:59Z,2025-05-15T09:00:00Z,destination=AMS&origin=GVA&endRange=2025-10-14T23:59:59Z&startRange=2025-05-15T09:00:00Z,,,,,,,
,,,,,,CDG,,,,,YUL,,,,2025-10-14T23:59:59Z,2025-05-15T09:00:00Z,destination=CDG&origin=YUL&endRange=2025-10-14T23:59:59Z&startRange=2025-05-15T09:00:00Z,,,,,,,
,,,,,,YUL,,,,,CDG,,,,2025-10-14T23:59:59Z,2025-05-15T09:00:00Z,destination=YUL&origin=CDG&endRange=2025-10-14T23:59:59Z&startRange=2025-05-15T09:00:00Z,,,,,,,
,,,,,,CDG,,,,,BOD,,,,2025-10-14T23:59:59Z,2025-05-15T09:00:00Z,destination=CDG&origin=BOD&endRange=2025-10-14T23:59:59Z&startRange=2025-05-15T09:00:00Z,,,,,,,
,,,,,,BOD,,,,,CDG,,,,2025-10-14T23:59:59Z,2025-05-15T09:00:00Z,destination=BOD&origin=CDG&endRange=2025-10-14T23:59:59Z&startRange=2025-05-15T09:00:00Z,,,,,,,
,,,,,,CDG,,,,,BER,,,,2025-10-14T23:59:59Z,2025-05-15T09:00:00Z,destination=CDG&origin=BER&endRange=2025-10-14T23:59:59Z&startRange=2025-05-15T09:00:00Z,,,,,,,
,,,,,,BER,,,,,CDG,,,,2025-10-14T23:59:59Z,2025-05-15T09:00:00Z,destination=BER&origin=CDG&endRange=2025-10-14T23:59:59Z&startRange=2025-05-15T09:00:00Z,,,,,,,
,,,,,,GVA,,,,,CDG,,,,2025-10-14T23:59:59Z,2025-05-15T09:00:00Z,destination=GVA&origin=CDG&endRange=2025-10-14T23:59:59Z&startRange=2025-05-15T09:00:00Z,,,,,,,
,,,,,,CDG,,,,,GVA,,,,2025-10-14T23:59:59Z,2025-05-15T09:00:00Z,destination=CDG&origin=GVA&endRange=2025-10-14T23:59:59Z&startRange=2025-05-15T09:00:00Z,,,,,,,
,,,,,,CDG,,,,,FLR,,,,2025-10-14T23:59:59Z,2025-05-15T09:00:00Z,destination=CDG&origin=FLR&endRange=2025-10-14T23:59:59Z&startRange=2025-05-15T09:00:00Z,,,,,,,
,,,,,,FLR,,,,,CDG,,,,2025-10-14T23:59:59Z,2025-05-15T09:00:00Z,destination=FLR&origin=CDG&endRange=2025-10-14T23:59:59Z&startRange=2025-05-15T09:00:00Z,,,,,,,
,,,,,,OSL,,,,,CDG,,,,2025-10-14T23:59:59Z,2025-05-15T09:00:00Z,destination=OSL&origin=CDG&endRange=2025-10-14T23:59:59Z&startRange=2025-05-15T09:00:00Z,,,,,,,
,,,,,,CDG,,,,,OSL,,,,2025-10-14T23:59:59Z,2025-05-15T09:00:00Z,destination=CDG&origin=OSL&endRange=2025-10-14T23:59:59Z&startRange=2025-05-15T09:00:00Z,,,,,,,
,,,,,,LAX,,,,,CDG,,,,2025-10-14T23:59:59Z,2025-05-15T09:00:00Z,destination=LAX&origin=CDG&endRange=2025-10-14T23:59:59Z&startRange=2025-05-15T09:00:00Z,,,,,,,
,,,,,,CDG,,,,,VCE,,,,2025-10-14T23:59:59Z,2025-05-15T09:00:00Z,destination=CDG&origin=VCE&endRange=2025-10-14T23:59:59Z&startRange=2025-05-15T09:00:00Z,,,,,,,
,,,,,,CDG,,,,,WAW,,,,2025-10-14T23:59:59Z,2025-05-15T09:00:00Z,destination=CDG&origin=WAW&endRange=2025-10-14T23:59:59Z&startRange=2025-05-15T09:00:00Z,,,,,,,
,,,,,,VCE,,,,,CDG,,,,2025-10-14T23:59:59Z,2025-05-15T09:00:00Z,destination=VCE&origin=CDG&endRange=2025-10-14T23:59:59Z&startRange=2025-05-15T09:00:00Z,,,,,,,
,,,,,,CDG,,,,,LAX,,,,2025-10-14T23:59:59Z,2025-05-15T09:00:00Z,destination=CDG&origin=LAX&endRange=2025-10-14T23:59:59Z&startRange=2025-05-15T09:00:00Z,,,,,,,
,,,,,,WAW,,,,,CDG,,,,2025-10-14T23:59:59Z,2025-05-15T09:00:00Z,destination=WAW&origin=CDG&endRange=2025-10-14T23:59:59Z&startRange=2025-05-15T09:00:00Z,,,,,,,
,,,,,,AMS,,,,,PMI,,,,2025-10-14T23:59:59Z,2025-05-15T09:00:00Z,destination=AMS&origin=PMI&endRange=2025-10-14T23:59:59Z&startRange=2025-05-15T09:00:00Z,,,,,,,
,,,,,,PMI,,,,,AMS,,,,2025-10-14T23:59:59Z,2025-05-15T09:00:00Z,destination=PMI&origin=AMS&endRange=2025-10-14T23:59:59Z&startRange=2025-05-15T09:00:00Z,,,,,,,
,,,,,,AMS,,,,,BRS,,,,2025-10-14T23:59:59Z,2025-05-15T09:00:00Z,destination=AMS&origin=BRS&endRange=2025-10-14T23:59:59Z&startRange=2025-05-15T09:00:00Z,,,,,,,
,,,,,,BRS,,,,,AMS,,,,2025-10-14T23:59:59Z,2025-05-15T09:00:00Z,destination=BRS&origin=AMS&endRange=2025-10-14T23:59:59Z&startRange=2025-05-15T09:00:00Z,,,,,,,
,,,,,,CDG,,,,,CMN,,,,2025-10-14T23:59:59Z,2025-05-15T09:00:00Z,destination=CDG&origin=CMN&endRange=2025-10-14T23:59:59Z&startRange=2025-05-15T09:00:00Z,,,,,,,
,,,,,,CMN,,,,,CDG,,,,2025-10-14T23:59:59Z,2025-05-15T09:00:00Z,destination=CMN&origin=CDG&endRange=2025-10-14T23:59:59Z&startRange=2025-05-15T09:00:00Z,,,,,,,
,,,,,,OSL,,,,,TRD,,,,2025-10-14T23:59:59Z,2025-05-15T09:00:00Z,destination=OSL&origin=TRD&endRange=2025-10-14T23:59:59Z&startRange=2025-05-15T09:00:00Z,,,,,,,
,,,,,,AMS,,,,,BHX,,,,2025-10-14T23:59:59Z,2025-05-15T09:00:00Z,destination=AMS&origin=BHX&endRange=2025-10-14T23:59:59Z&startRange=2025-05-15T09:00:00Z,,,,,,,
,,,,,,BHX,,,,,AMS,,,,2025-10-14T23:59:59Z,2025-05-15T09:00:00Z,destination=BHX&origin=AMS&endRange=2025-10-14T23:59:59Z&startRange=2025-05-15T09:00:00Z,,,,,,,
,,,,,,IST,,,,,AMS,,,,2025-10-14T23:59:59Z,2025-05-15T09:00:00Z,destination=IST&origin=AMS&endRange=2025-10-14T23:59:59Z&startRange=2025-05-15T09:00:00Z,,,,,,,
,,,,,,AMS,,,,,IST,,,,2025-10-14T23:59:59Z,2025-05-15T09:00:00Z,destination=AMS&origin=IST&endRange=2025-10-14T23:59:59Z&startRange=2025-05-15T09:00:00Z,,,,,,,
,,,,,,AMS,,,,,JFK,,,,2025-10-14T23:59:59Z,2025-05-15T09:00:00Z,destination=AMS&origin=JFK&endRange=2025-10-14T23:59:59Z&startRange=2025-05-15T09:00:00Z,,,,,,,
,,,,,,CPH,,,,,AAL,,,,2025-10-14T23:59:59Z,2025-05-15T09:00:00Z,destination=CPH&origin=AAL&endRange=2025-10-14T23:59:59Z&startRange=2025-05-15T09:00:00Z,,,,,,,
,,,,,,AMS,,,,,ALC,,,,2025-10-14T23:59:59Z,2025-05-15T09:00:00Z,destination=AMS&origin=ALC&endRange=2025-10-14T23:59:59Z&startRange=2025-05-15T09:00:00Z,,,,,,,
,,,,,,AMS,,,,,ATH,,,,2025-10-14T23:59:59Z,2025-05-15T09:00:00Z,destination=AMS&origin=ATH&endRange=2025-10-14T23:59:59Z&startRange=2025-05-15T09:00:00Z,,,,,,,
,,,,,,AMS,,,,,VLC,,,,2025-10-14T23:59:59Z,2025-05-15T09:00:00Z,destination=AMS&origin=VLC&endRange=2025-10-14T23:59:59Z&startRange=2025-05-15T09:00:00Z,,,,,,,
,,,,,,ATH,,,,,AMS,,,,2025-10-14T23:59:59Z,2025-05-15T09:00:00Z,destination=ATH&origin=AMS&endRange=2025-10-14T23:59:59Z&startRange=2025-05-15T09:00:00Z,,,,,,,
,,,,,,VLC,,,,,AMS,,,,2025-10-14T23:59:59Z,2025-05-15T09:00:00Z,destination=VLC&origin=AMS&endRange=2025-10-14T23:59:59Z&startRange=2025-05-15T09:00:00Z,,,,,,,
,,,,,,CDG,,,,,LIS,,,,2025-10-14T23:59:59Z,2025-05-15T09:00:00Z,destination=CDG&origin=LIS&endRange=2025-10-14T23:59:59Z&startRange=2025-05-15T09:00:00Z,,,,,,,
,,,,,,ALC,,,,,AMS,,,,2025-10-14T23:59:59Z,2025-05-15T09:00:00Z,destination=ALC&origin=AMS&endRange=2025-10-14T23:59:59Z&startRange=2025-05-15T09:00:00Z,,,,,,,
,,,,,,HEL,,,,,CDG,,,,2025-10-14T23:59:59Z,2025-05-15T09:00:00Z,destination=HEL&origin=CDG&endRange=2025-10-14T23:59:59Z&startRange=2025-05-15T09:00:00Z,,,,,,,
,,,,,,CDG,,,,,HEL,,,,2025-10-14T23:59:59Z,2025-05-15T09:00:00Z,destination=CDG&origin=HEL&endRange=2025-10-14T23:59:59Z&startRange=2025-05-15T09:00:00Z,,,,,,,
,,,,,,LIS,,,,,CDG,,,,2025-10-14T23:59:59Z,2025-05-15T09:00:00Z,destination=LIS&origin=CDG&endRange=2025-10-14T23:59:59Z&startRange=2025-05-15T09:00:00Z,,,,,,,
,,,,,,OSL,,,,,ARN,,,,2025-10-14T23:59:59Z,2025-05-15T09:00:00Z,destination=OSL&origin=ARN&endRange=2025-10-14T23:59:59Z&startRange=2025-05-15T09:00:00Z,,,,,,,
,,,,,,ORY,,,,,DJE,,,,2025-10-14T23:59:59Z,2025-05-15T09:00:00Z,destination=ORY&origin=DJE&endRange=2025-10-14T23:59:59Z&startRange=2025-05-15T09:00:00Z,,,,,,,
,,,,,,OSL,,,,,BOO,,,,2025-10-14T23:59:59Z,2025-05-15T09:00:00Z,destination=OSL&origin=BOO&endRange=2025-10-14T23:59:59Z&startRange=2025-05-15T09:00:00Z,,,,,,,
,,,,,,BOO,,,,,OSL,,,,2025-10-14T23:59:59Z,2025-05-15T09:00:00Z,destination=BOO&origin=OSL&endRange=2025-10-14T23:59:59Z&startRange=2025-05-15T09:00:00Z,,,,,,,
,,,,,,ORY,,,,,AGP,,,,2025-10-14T23:59:59Z,2025-05-15T09:00:00Z,destination=ORY&origin=AGP&endRange=2025-10-14T23:59:59Z&startRange=2025-05-15T09:00:00Z,,,,,,,
,,,,,,AGP,,,,,ORY,,,,2025-10-14T23:59:59Z,2025-05-15T09:00:00Z,destination=AGP&origin=ORY&endRange=2025-10-14T23:59:59Z&startRange=2025-05-15T09:00:00Z,,,,,,,
,,,,,,ARN,,,,,LLA,,,,2025-10-14T23:59:59Z,2025-05-15T09:00:00Z,destination=ARN&origin=LLA&endRange=2025-10-14T23:59:59Z&startRange=2025-05-15T09:00:00Z,,,,,,,
,,,,,,ARN,,,,,VBY,,,,2025-10-14T23:59:59Z,2025-05-15T09:00:00Z,destination=ARN&origin=VBY&endRange=2025-10-14T23:59:59Z&startRange=2025-05-15T09:00:00Z,,,,,,,
,,,,,,DJE,,,,,ORY,,,,2025-10-14T23:59:59Z,2025-05-15T09:00:00Z,destination=DJE&origin=ORY&endRange=2025-10-14T23:59:59Z&startRange=2025-05-15T09:00:00Z,,,,,,,
,,,,,,NCE,,,,,AMS,,,,2025-10-14T23:59:59Z,2025-05-15T09:00:00Z,destination=NCE&origin=AMS&endRange=2025-10-14T23:59:59Z&startRange=2025-05-15T09:00:00Z,,,,,,,
,,,,,,AMS,,,,,NCE,,,,2025-10-14T23:59:59Z,2025-05-15T09:00:00Z,destination=AMS&origin=NCE&endRange=2025-10-14T23:59:59Z&startRange=2025-05-15T09:00:00Z,,,,,,,
,,,,,,ORY,,,,,PMI,,,,2025-10-14T23:59:59Z,2025-05-15T09:00:00Z,destination=ORY&origin=PMI&endRange=2025-10-14T23:59:59Z&startRange=2025-05-15T09:00:00Z,,,,,,,
,,,,,,JFK,,,,,AMS,,,,2025-10-14T23:59:59Z,2025-05-15T09:00:00Z,destination=JFK&origin=AMS&endRange=2025-10-14T23:59:59Z&startRange=2025-05-15T09:00:00Z,,,,,,,
,,,,,,BIA,,,,,ORY,,,,2025-10-14T23:59:59Z,2025-05-15T09:00:00Z,destination=BIA&origin=ORY&endRange=2025-10-14T23:59:59Z&startRange=2025-05-15T09:00:00Z,,,,,,,
,,,,,,TLV,,,,,CDG,,,,2025-10-14T23:59:59Z,2025-05-15T09:00:00Z,destination=TLV&origin=CDG&endRange=2025-10-14T23:59:59Z&startRange=2025-05-15T09:00:00Z,,,,,,,
,,,,,,AJA,,,,,ORY,,,,2025-10-14T23:59:59Z,2025-05-15T09:00:00Z,destination=AJA&origin=ORY&endRange=2025-10-14T23:59:59Z&startRange=2025-05-15T09:00:00Z,,,,,,,
,,,,,,PMI,,,,,ORY,,,,2025-10-14T23:59:59Z,2025-05-15T09:00:00Z,destination=PMI&origin=ORY&endRange=2025-10-14T23:59:59Z&startRange=2025-05-15T09:00:00Z,,,,,,,
,,,,,,ORY,,,,,AJA,,,,2025-10-14T23:59:59Z,2025-05-15T09:00:00Z,destination=ORY&origin=AJA&endRange=2025-10-14T23:59:59Z&startRange=2025-05-15T09:00:00Z,,,,,,,
,,,,,,ORY,,,,,BIA,,,,2025-10-14T23:59:59Z,2025-05-15T09:00:00Z,destination=ORY&origin=BIA&endRange=2025-10-14T23:59:59Z&startRange=2025-05-15T09:00:00Z,,,,,,,
,,,,,,CDG,,,,,TLV,,,,2025-10-14T23:59:59Z,2025-05-15T09:00:00Z,destination=CDG&origin=TLV&endRange=2025-10-14T23:59:59Z&startRange=2025-05-15T09:00:00Z,,,,,,,
,,,,,,ARN,,,,,CDG,,,,2025-10-14T23:59:59Z,2025-05-15T09:00:00Z,destination=ARN&origin=CDG&endRange=2025-10-14T23:59:59Z&startRange=2025-05-15T09:00:00Z,,,,,,,
,,,,,,CDG,,,,,ARN,,,,2025-10-14T23:59:59Z,2025-05-15T09:00:00Z,destination=CDG&origin=ARN&endRange=2025-10-14T23:59:59Z&startRange=2025-05-15T09:00:00Z,,,,,,,
,,,,,,AMS,,,,,BLL,,,,2025-10-14T23:59:59Z,2025-05-15T09:00:00Z,destination=AMS&origin=BLL&endRange=2025-10-14T23:59:59Z&startRange=2025-05-15T09:00:00Z,,,,,,,
,,,,,,BLL,,,,,AMS,,,,2025-10-14T23:59:59Z,2025-05-15T09:00:00Z,destination=BLL&origin=AMS&endRange=2025-10-14T23:59:59Z&startRange=2025-05-15T09:00:00Z,,,,,,,
,,,,,,AMS,,,,,NCL,,,,2025-10-14T23:59:59Z,2025-05-15T09:00:00Z,destination=AMS&origin=NCL&endRange=2025-10-14T23:59:59Z&startRange=2025-05-15T09:00:00Z,,,,,,,
,,,,,,EDI,,,,,CDG,,,,2025-10-14T23:59:59Z,2025-05-15T09:00:00Z,destination=EDI&origin=CDG&endRange=2025-10-14T23:59:59Z&startRange=2025-05-15T09:00:00Z,,,,,,,
,,,,,,NCL,,,,,AMS,,,,2025-10-14T23:59:59Z,2025-05-15T09:00:00Z,destination=NCL&origin=AMS&endRange=2025-10-14T23:59:59Z&startRange=2025-05-15T09:00:00Z,,,,,,,
,,,,,,CDG,,,,,EDI,,,,2025-10-14T23:59:59Z,2025-05-15T09:00:00Z,destination=CDG&origin=EDI&endRange=2025-10-14T23:59:59Z&startRange=2025-05-15T09:00:00Z,,,,,,,
,,,,,,KRK,,,,,AMS,,,,2025-10-14T23:59:59Z,2025-05-15T09:00:00Z,destination=KRK&origin=AMS&endRange=2025-10-14T23:59:59Z&startRange=2025-05-15T09:00:00Z,,,,,,,
,,,,,,AMS,,,,,KRK,,,,2025-10-14T23:59:59Z,2025-05-15T09:00:00Z,destination=AMS&origin=KRK&endRange=2025-10-14T23:59:59Z&startRange=2025-05-15T09:00:00Z,,,,,,,
,,,,,,AMS,,,,,OPO,,,,2025-10-14T23:59:59Z,2025-05-15T09:00:00Z,destination=AMS&origin=OPO&endRange=2025-10-14T23:59:59Z&startRange=2025-05-15T09:00:00Z,,,,,,,
,,,,,,LIN,,,,,CTA,,,,2025-10-14T23:59:59Z,2025-05-15T09:00:00Z,destination=LIN&origin=CTA&endRange=2025-10-14T23:59:59Z&startRange=2025-05-15T09:00:00Z,,,,,,,
,,,,,,OPO,,,,,AMS,,,,2025-10-14T23:59:59Z,2025-05-15T09:00:00Z,destination=OPO&origin=AMS&endRange=2025-10-14T23:59:59Z&startRange=2025-05-15T09:00:00Z,,,,,,,
,,,,,,VBY,,,,,ARN,,,,2025-10-14T23:59:59Z,2025-05-15T09:00:00Z,destination=VBY&origin=ARN&endRange=2025-10-14T23:59:59Z&startRange=2025-05-15T09:00:00Z,,,,,,,
,,,,,,CDG,,,,,LYS,,,,2025-10-14T23:59:59Z,2025-05-15T09:00:00Z,destination=CDG&origin=LYS&endRange=2025-10-14T23:59:59Z&startRange=2025-05-15T09:00:00Z,,,,,,,
,,,,,,SAW,,,,,AMS,,,,2025-10-14T23:59:59Z,2025-05-15T09:00:00Z,destination=SAW&origin=AMS&endRange=2025-10-14T23:59:59Z&startRange=2025-05-15T09:00:00Z,,,,,,,
,,,,,,SVG,,,,,AMS,,,,2025-10-14T23:59:59Z,2025-05-15T09:00:00Z,destination=SVG&origin=AMS&endRange=2025-10-14T23:59:59Z&startRange=2025-05-15T09:00:00Z,,,,,,,
,,,,,,AMS,,,,,SAW,,,,2025-10-14T23:59:59Z,2025-05-15T09:00:00Z,destination=AMS&origin=SAW&endRange=2025-10-14T23:59:59Z&startRange=2025-05-15T09:00:00Z,,,,,,,
,,,,,,AMS,,,,,SVG,,,,2025-10-14T23:59:59Z,2025-05-15T09:00:00Z,destination=AMS&origin=SVG&endRange=2025-10-14T23:59:59Z&startRange=2025-05-15T09:00:00Z,,,,,,,
,,,,,,LYS,,,,,CDG,,,,2025-10-14T23:59:59Z,2025-05-15T09:00:00Z,destination=LYS&origin=CDG&endRange=2025-10-14T23:59:59Z&startRange=2025-05-15T09:00:00Z,,,,,,,
,,,,,,CDG,,,,,HAM,,,,2025-10-14T23:59:59Z,2025-05-15T09:00:00Z,destination=CDG&origin=HAM&endRange=2025-10-14T23:59:59Z&startRange=2025-05-15T09:00:00Z,,,,,,,
,,,,,,PRG,,,,,CDG,,,,2025-10-14T23:59:59Z,2025-05-15T09:00:00Z,destination=PRG&origin=CDG&endRange=2025-10-14T23:59:59Z&startRange=2025-05-15T09:00:00Z,,,,,,,
,,,,,,AAL,,,,,CPH,,,,2025-10-14T23:59:59Z,2025-05-15T09:00:00Z,destination=AAL&origin=CPH&endRange=2025-10-14T23:59:59Z&startRange=2025-05-15T09:00:00Z,,,,,,,
,,,,,,HAM,,,,,CDG,,,,2025-10-14T23:59:59Z,2025-05-15T09:00:00Z,destination=HAM&origin=CDG&endRange=2025-10-14T23:59:59Z&startRange=2025-05-15T09:00:00Z,,,,,,,
,,,,,,CDG,,,,,PRG,,,,2025-10-14T23:59:59Z,2025-05-15T09:00:00Z,destination=CDG&origin=PRG&endRange=2025-10-14T23:59:59Z&startRange=2025-05-15T09:00:00Z,,,,,,,
,,,,,,PMI,,,,,MAD,,,,2025-10-14T23:59:59Z,2025-05-15T09:00:00Z,destination=PMI&origin=MAD&endRange=2025-10-14T23:59:59Z&startRange=2025-05-15T09:00:00Z,,,,,,,
,,,,,,TOS,,,,,OSL,,,,2025-10-14T23:59:59Z,2025-05-15T09:00:00Z,destination=TOS&origin=OSL&endRange=2025-10-14T23:59:59Z&startRange=2025-05-15T09:00:00Z,,,,,,,
,,,,,,ATL,,,,,CDG,,,,2025-10-14T23:59:59Z,2025-05-15T09:00:00Z,destination=ATL&origin=CDG&endRange=2025-10-14T23:59:59Z&startRange=2025-05-15T09:00:00Z,,,,,,,
,,,,,,OTP,,,,,CDG,,,,2025-10-14T23:59:59Z,2025-05-15T09:00:00Z,destination=OTP&origin=CDG&endRange=2025-10-14T23:59:59Z&startRange=2025-05-15T09:00:00Z,,,,,,,
,,,,,,CDG,,,,,OTP,,,,2025-10-14T23:59:59Z,2025-05-15T09:00:00Z,destination=CDG&origin=OTP&endRange=2025-10-14T23:59:59Z&startRange=2025-05-15T09:00:00Z,,,,,,,
,,,,,,CPH,,,,,ARN,,,,2025-10-14T23:59:59Z,2025-05-15T09:00:00Z,destination=CPH&origin=ARN&endRange=2025-10-14T23:59:59Z&startRange=2025-05-15T09:00:00Z,,,,,,,
,,,,,,CDG,,,,,ATL,,,,2025-10-14T23:59:59Z,2025-05-15T09:00:00Z,destination=CDG&origin=ATL&endRange=2025-10-14T23:59:59Z&startRange=2025-05-15T09:00:00Z,,,,,,,
,,,,,,HAM,,,,,AMS,,,,2025-10-14T23:59:59Z,2025-05-15T09:00:00Z,destination=HAM&origin=AMS&endRange=2025-10-14T23:59:59Z&startRange=2025-05-15T09:00:00Z,,,,,,,
,,,,,,AMS,,,,,HAM,,,,2025-10-14T23:59:59Z,2025-05-15T09:00:00Z,destination=AMS&origin=HAM&endRange=2025-10-14T23:59:59Z&startRange=2025-05-15T09:00:00Z,,,,,,,
,,,,,,AMS,,,,,HEL,,,,2025-10-14T23:59:59Z,2025-05-15T09:00:00Z,destination=AMS&origin=HEL&endRange=2025-10-14T23:59:59Z&startRange=2025-05-15T09:00:00Z,,,,,,,
,,,,,,HEL,,,,,AMS,,,,2025-10-14T23:59:59Z,2025-05-15T09:00:00Z,destination=HEL&origin=AMS&endRange=2025-10-14T23:59:59Z&startRange=2025-05-15T09:00:00Z,,,,,,,
,,,,,,AMS,,,,,BUD,,,,2025-10-14T23:59:59Z,2025-05-15T09:00:00Z,destination=AMS&origin=BUD&endRange=2025-10-14T23:59:59Z&startRange=2025-05-15T09:00:00Z,,,,,,,
,,,,,,BUD,,,,,AMS,,,,2025-10-14T23:59:59Z,2025-05-15T09:00:00Z,destination=BUD&origin=AMS&endRange=2025-10-14T23:59:59Z&startRange=2025-05-15T09:00:00Z,,,,,,,
,,,,,,GOT,,,,,AMS,,,,2025-10-14T23:59:59Z,2025-05-15T09:00:00Z,destination=GOT&origin=AMS&endRange=2025-10-14T23:59:59Z&startRange=2025-05-15T09:00:00Z,,,,,,,
,,,,,,LLA,,,,,ARN,,,,2025-10-14T23:59:59Z,2025-05-15T09:00:00Z,destination=LLA&origin=ARN&endRange=2025-10-14T23:59:59Z&startRange=2025-05-15T09:00:00Z,,,,,,,
,,,,,,ABZ,,,,,AMS,,,,2025-10-14T23:59:59Z,2025-05-15T09:00:00Z,destination=ABZ&origin=AMS&endRange=2025-10-14T23:59:59Z&startRange=2025-05-15T09:00:00Z,,,,,,,
,,,,,,DUS,,,,,AMS,,,,2025-10-14T23:59:59Z,2025-05-15T09:00:00Z,destination=DUS&origin=AMS&endRange=2025-10-14T23:59:59Z&startRange=2025-05-15T09:00:00Z,,,,,,,
,,,,,,FLR,,,,,AMS,,,,2025-10-14T23:59:59Z,2025-05-15T09:00:00Z,destination=FLR&origin=AMS&endRange=2025-10-14T23:59:59Z&startRange=2025-05-15T09:00:00Z,,,,,,,
,,,,,,STR,,,,,AMS,,,,2025-10-14T23:59:59Z,2025-05-15T09:00:00Z,destination=STR&origin=AMS&endRange=2025-10-14T23:59:59Z&startRange=2025-05-15T09:00:00Z,,,,,,,
,,,,,,AMS,,,,,GOT,,,,2025-10-14T23:59:59Z,2025-05-15T09:00:00Z,destination=AMS&origin=GOT&endRange=2025-10-14T23:59:59Z&startRange=2025-05-15T09:00:00Z,,,,,,,
,,,,,,AMS,,,,,ABZ,,,,2025-10-14T23:59:59Z,2025-05-15T09:00:00Z,destination=AMS&origin=ABZ&endRange=2025-10-14T23:59:59Z&startRange=2025-05-15T09:00:00Z,,,,,,,
,,,,,,AMS,,,,,DUS,,,,2025-10-14T23:59:59Z,2025-05-15T09:00:00Z,destination=AMS&origin=DUS&endRange=2025-10-14T23:59:59Z&startRange=2025-05-15T09:00:00Z,,,,,,,
,,,,,,AMS,,,,,FLR,,,,2025-10-14T23:59:59Z,2025-05-15T09:00:00Z,destination=AMS&origin=FLR&endRange=2025-10-14T23:59:59Z&startRange=2025-05-15T09:00:00Z,,,,,,,
,,,,,,AMS,,,,,STR,,,,2025-10-14T23:59:59Z,2025-05-15T09:00:00Z,destination=AMS&origin=STR&endRange=2025-10-14T23:59:59Z&startRange=2025-05-15T09:00:00Z,,,,,,,
,,,,,,AMS,,,,,LGW,,,,2025-10-14T23:59:59Z,2025-05-15T09:00:00Z,destination=AMS&origin=LGW&endRange=2025-10-14T23:59:59Z&startRange=2025-05-15T09:00:00Z,,,,,,,
,,,,,,AMS,,,,,OTP,,,,2025-10-14T23:59:59Z,2025-05-15T09:00:00Z,destination=AMS&origin=OTP&endRange=2025-10-14T23:59:59Z&startRange=2025-05-15T09:00:00Z,,,,,,,
,,,,,,OTP,,,,,AMS,,,,2025-10-14T23:59:59Z,2025-05-15T09:00:00Z,destination=OTP&origin=AMS&endRange=2025-10-14T23:59:59Z&startRange=2025-05-15T09:00:00Z,,,,,,,
,,,,,,ORY,,,,,LIN,,,,2025-10-14T23:59:59Z,2025-05-15T09:00:00Z,destination=ORY&origin=LIN&endRange=2025-10-14T23:59:59Z&startRange=2025-05-15T09:00:00Z,,,,,,,
,,,,,,LGW,,,,,AMS,,,,2025-10-14T23:59:59Z,2025-05-15T09:00:00Z,destination=LGW&origin=AMS&endRange=2025-10-14T23:59:59Z&startRange=2025-05-15T09:00:00Z,,,,,,,
,,,,,,LIN,,,,,ORY,,,,2025-10-14T23:59:59Z,2025-05-15T09:00:00Z,destination=LIN&origin=ORY&endRange=2025-10-14T23:59:59Z&startRange=2025-05-15T09:00:00Z,,,,,,,
,,,,,,FCO,,,,,LIN,,,,2025-10-14T23:59:59Z,2025-05-15T09:00:00Z,destination=FCO&origin=LIN&endRange=2025-10-14T23:59:59Z&startRange=2025-05-15T09:00:00Z,,,,,,,
,,,,,,AMS,,,,,IBZ,,,,2025-10-14T23:59:59Z,2025-05-15T09:00:00Z,destination=AMS&origin=IBZ&endRange=2025-10-14T23:59:59Z&startRange=2025-05-15T09:00:00Z,,,,,,,
,,,,,,GLA,,,,,AMS,,,,2025-10-14T23:59:59Z,2025-05-15T09:00:00Z,destination=GLA&origin=AMS&endRange=2025-10-14T23:59:59Z&startRange=2025-05-15T09:00:00Z,,,,,,,
,,,,,,AMS,,,,,GLA,,,,2025-10-14T23:59:59Z,2025-05-15T09:00:00Z,destination=AMS&origin=GLA&endRange=2025-10-14T23:59:59Z&startRange=2025-05-15T09:00:00Z,,,,,,,
,,,,,,BSL,,,,,AMS,,,,2025-10-14T23:59:59Z,2025-05-15T09:00:00Z,destination=BSL&origin=AMS&endRange=2025-10-14T23:59:59Z&startRange=2025-05-15T09:00:00Z,,,,,,,
,,,,,,AMS,,,,,BSL,,,,2025-10-14T23:59:59Z,2025-05-15T09:00:00Z,destination=AMS&origin=BSL&endRange=2025-10-14T23:59:59Z&startRange=2025-05-15T09:00:00Z,,,,,,,
,,,,,,CTA,,,,,LIN,,,,2025-10-14T23:59:59Z,2025-05-15T09:00:00Z,destination=CTA&origin=LIN&endRange=2025-10-14T23:59:59Z&startRange=2025-05-15T09:00:00Z,,,,,,,
,,,,,,NTE,,,,,CDG,,,,2025-10-14T23:59:59Z,2025-05-15T09:00:00Z,destination=NTE&origin=CDG&endRange=2025-10-14T23:59:59Z&startRange=2025-05-15T09:00:00Z,,,,,,,
,,,,,,IBZ,,,,,AMS,,,,2025-10-14T23:59:59Z,2025-05-15T09:00:00Z,destination=IBZ&origin=AMS&endRange=2025-10-14T23:59:59Z&startRange=2025-05-15T09:00:00Z,,,,,,,
,,,,,,LIN,,,,,FCO,,,,2025-10-14T23:59:59Z,2025-05-15T09:00:00Z,destination=LIN&origin=FCO&endRange=2025-10-14T23:59:59Z&startRange=2025-05-15T09:00:00Z,,,,,,,
,,,,,,CDG,,,,,NTE,,,,2025-10-14T23:59:59Z,2025-05-15T09:00:00Z,destination=CDG&origin=NTE&endRange=2025-10-14T23:59:59Z&startRange=2025-05-15T09:00:00Z,,,,,,,
,,,,,,MMX,,,,,ARN,,,,2025-10-14T23:59:59Z,2025-05-15T09:00:00Z,destination=MMX&origin=ARN&endRange=2025-10-14T23:59:59Z&startRange=2025-05-15T09:00:00Z,,,,,,,
,,,,,,ARN,,,,,MMX,,,,2025-10-14T23:59:59Z,2025-05-15T09:00:00Z,destination=ARN&origin=MMX&endRange=2025-10-14T23:59:59Z&startRange=2025-05-15T09:00:00Z,,,,,,,
,,,,,,BHX,,,,,CDG,,,,2025-10-14T23:59:59Z,2025-05-15T09:00:00Z,destination=BHX&origin=CDG&endRange=2025-10-14T23:59:59Z&startRange=2025-05-15T09:00:00Z,,,,,,,
,,,,,,CDG,,,,,BHX,,,,2025-10-14T23:59:59Z,2025-05-15T09:00:00Z,destination=CDG&origin=BHX&endRange=2025-10-14T23:59:59Z&startRange=2025-05-15T09:00:00Z,,,,,,,
,,,,,,ORY,,,,,AGA,,,,2025-10-14T23:59:59Z,2025-05-15T09:00:00Z,destination=ORY&origin=AGA&endRange=2025-10-14T23:59:59Z&startRange=2025-05-15T09:00:00Z,,,,,,,
,,,,,,OSL,,,,,TOS,,,,2025-10-14T23:59:59Z,2025-05-15T09:00:00Z,destination=OSL&origin=TOS&endRange=2025-10-14T23:59:59Z&startRange=2025-05-15T09:00:00Z,,,,,,,
,,,,,,AGA,,,,,ORY,,,,2025-10-14T23:59:59Z,2025-05-15T09:00:00Z,destination=AGA&origin=ORY&endRange=2025-10-14T23:59:59Z&startRange=2025-05-15T09:00:00Z,,,,,,,
,,,,,,ARN,,,,,UME,,,,2025-10-14T23:59:59Z,2025-05-15T09:00:00Z,destination=ARN&origin=UME&endRange=2025-10-14T23:59:59Z&startRange=2025-05-15T09:00:00Z,,,,,,,
,,,,,,LIN,,,,,PMO,,,,2025-10-14T23:59:59Z,2025-05-15T09:00:00Z,destination=LIN&origin=PMO&endRange=2025-10-14T23:59:59Z&startRange=2025-05-15T09:00:00Z,,,,,,,
,,,,,,ORY,,,,,ALC,,,,2025-10-14T23:59:59Z,2025-05-15T09:00:00Z,destination=ORY&origin=ALC&endRange=2025-10-14T23:59:59Z&startRange=2025-05-15T09:00:00Z,,,,,,,
,,,,,,ORY,,,,,BER,,,,2025-10-14T23:59:59Z,2025-05-15T09:00:00Z,destination=ORY&origin=BER&endRange=2025-10-14T23:59:59Z&startRange=2025-05-15T09:00:00Z,,,,,,,
,,,,,,PMO,,,,,LIN,,,,2025-10-14T23:59:59Z,2025-05-15T09:00:00Z,destination=PMO&origin=LIN&endRange=2025-10-14T23:59:59Z&startRange=2025-05-15T09:00:00Z,,,,,,,
,,,,,,ALC,,,,,ORY,,,,2025-10-14T23:59:59Z,2025-05-15T09:00:00Z,destination=ALC&origin=ORY&endRange=2025-10-14T23:59:59Z&startRange=2025-05-15T09:00:00Z,,,,,,,
,,,,,,BER,,,,,ORY,,,,2025-10-14T23:59:59Z,2025-05-15T09:00:00Z,destination=BER&origin=ORY&endRange=2025-10-14T23:59:59Z&startRange=2025-05-15T09:00:00Z,,,,,,,
,,,,,,LIN,,,,,BRI,,,,2025-10-14T23:59:59Z,2025-05-15T09:00:00Z,destination=LIN&origin=BRI&endRange=2025-10-14T23:59:59Z&startRange=2025-05-15T09:00:00Z,,,,,,,
,,,,,,DUS,,,,,CDG,,,,2025-10-14T23:59:59Z,2025-05-15T09:00:00Z,destination=DUS&origin=CDG&endRange=2025-10-14T23:59:59Z&startRange=2025-05-15T09:00:00Z,,,,,,,
,,,,,,CDG,,,,,DUS,,,,2025-10-14T23:59:59Z,2025-05-15T09:00:00Z,destination=CDG&origin=DUS&endRange=2025-10-14T23:59:59Z&startRange=2025-05-15T09:00:00Z,,,,,,,
,,,,,,MAD,,,,,PMI,,,,2025-10-14T23:59:59Z,2025-05-15T09:00:00Z,destination=MAD&origin=PMI&endRange=2025-10-14T23:59:59Z&startRange=2025-05-15T09:00:00Z,,,,,,,
,,,,,,NUE,,,,,AMS,,,,2025-10-14T23:59:59Z,2025-05-15T09:00:00Z,destination=NUE&origin=AMS&endRange=2025-10-14T23:59:59Z&startRange=2025-05-15T09:00:00Z,,,,,,,
,,,,,,AMS,,,,,NUE,,,,2025-10-14T23:59:59Z,2025-05-15T09:00:00Z,destination=AMS&origin=NUE&endRange=2025-10-14T23:59:59Z&startRange=2025-05-15T09:00:00Z,,,,,,,
,,,,,,CDG,,,,,RAK,,,,2025-10-14T23:59:59Z,2025-05-15T09:00:00Z,destination=CDG&origin=RAK&endRange=2025-10-14T23:59:59Z&startRange=2025-05-15T09:00:00Z,,,,,,,
,,,,,,RAK,,,,,CDG,,,,2025-10-14T23:59:59Z,2025-05-15T09:00:00Z,destination=RAK&origin=CDG&endRange=2025-10-14T23:59:59Z&startRange=2025-05-15T09:00:00Z,,,,,,,
,,,,,,HND,,,,,CDG,,,,2025-10-14T23:59:59Z,2025-05-15T09:00:00Z,destination=HND&origin=CDG&endRange=2025-10-14T23:59:59Z&startRange=2025-05-15T09:00:00Z,,,,,,,
,,,,,,CDG,,,,,LGW,,,,2025-10-14T23:59:59Z,2025-05-15T09:00:00Z,destination=CDG&origin=LGW&endRange=2025-10-14T23:59:59Z&startRange=2025-05-15T09:00:00Z,,,,,,,
,,,,,,ORY,,,,,VLC,,,,2025-10-14T23:59:59Z,2025-05-15T09:00:00Z,destination=ORY&origin=VLC&endRange=2025-10-14T23:59:59Z&startRange=2025-05-15T09:00:00Z,,,,,,,
,,,,,,UME,,,,,ARN,,,,2025-10-14T23:59:59Z,2025-05-15T09:00:00Z,destination=UME&origin=ARN&endRange=2025-10-14T23:59:59Z&startRange=2025-05-15T09:00:00Z,,,,,,,
,,,,,,LTN,,,,,AMS,,,,2025-10-14T23:59:59Z,2025-05-15T09:00:00Z,destination=LTN&origin=AMS&endRange=2025-10-14T23:59:59Z&startRange=2025-05-15T09:00:00Z,,,,,,,
,,,,,,AMS,,,,,MXP,,,,2025-10-14T23:59:59Z,2025-05-15T09:00:00Z,destination=AMS&origin=MXP&endRange=2025-10-14T23:59:59Z&startRange=2025-05-15T09:00:00Z,,,,,,,
,,,,,,LGW,,,,,CDG,,,,2025-10-14T23:59:59Z,2025-05-15T09:00:00Z,destination=LGW&origin=CDG&endRange=2025-10-14T23:59:59Z&startRange=2025-05-15T09:00:00Z,,,,,,,
,,,,,,OSL,,,,,BGO,,,,2025-10-14T23:59:59Z,2025-05-15T09:00:00Z,destination=OSL&origin=BGO&endRange=2025-10-14T23:59:59Z&startRange=2025-05-15T09:00:00Z,,,,,,,
,,,,,,AMS,,,,,LTN,,,,2025-10-14T23:59:59Z,2025-05-15T09:00:00Z,destination=AMS&origin=LTN&endRange=2025-10-14T23:59:59Z&startRange=2025-05-15T09:00:00Z,,,,,,,
,,,,,,MXP,,,,,AMS,,,,2025-10-14T23:59:59Z,2025-05-15T09:00:00Z,destination=MXP&origin=AMS&endRange=2025-10-14T23:59:59Z&startRange=2025-05-15T09:00:00Z,,,,,,,
,,,,,,CDG,,,,,HND,,,,2025-10-14T23:59:59Z,2025-05-15T09:00:00Z,destination=CDG&origin=HND&endRange=2025-10-14T23:59:59Z&startRange=2025-05-15T09:00:00Z,,,,,,,
,,,,,,CDG,,,,,RBA,,,,2025-10-14T23:59:59Z,2025-05-15T09:00:00Z,destination=CDG&origin=RBA&endRange=2025-10-14T23:59:59Z&startRange=2025-05-15T09:00:00Z,,,,,,,
,,,,,,BIQ,,,,,CDG,,,,2025-10-14T23:59:59Z,2025-05-15T09:00:00Z,destination=BIQ&origin=CDG&endRange=2025-10-14T23:59:59Z&startRange=2025-05-15T09:00:00Z,,,,,,,
,,,,,,VLC,,,,,ORY,,,,2025-10-14T23:59:59Z,2025-05-15T09:00:00Z,destination=VLC&origin=ORY&endRange=2025-10-14T23:59:59Z&startRange=2025-05-15T09:00:00Z,,,,,,,
,,,,,,RBA,,,,,CDG,,,,2025-10-14T23:59:59Z,2025-05-15T09:00:00Z,destination=RBA&origin=CDG&endRange=2025-10-14T23:59:59Z&startRange=2025-05-15T09:00:00Z,,,,,,,
,,,,,,CDG,,,,,BIQ,,,,2025-10-14T23:59:59Z,2025-05-15T09:00:00Z,destination=CDG&origin=BIQ&endRange=2025-10-14T23:59:59Z&startRange=2025-05-15T09:00:00Z,,,,,,,
,,,,,,AMS,,,,,BGO,,,,2025-10-14T23:59:59Z,2025-05-15T09:00:00Z,destination=AMS&origin=BGO&endRange=2025-10-14T23:59:59Z&startRange=2025-05-15T09:00:00Z,,,,,,,
,,,,,,BGO,,,,,AMS,,,,2025-10-14T23:59:59Z,2025-05-15T09:00:00Z,destination=BGO&origin=AMS&endRange=2025-10-14T23:59:59Z&startRange=2025-05-15T09:00:00Z,,,,,,,
,,,,,,BOS,,,,,CDG,,,,2025-10-14T23:59:59Z,2025-05-15T09:00:00Z,destination=BOS&origin=CDG&endRange=2025-10-14T23:59:59Z&startRange=2025-05-15T09:00:00Z,,,,,,,
,,,,,,IAD,,,,,CDG,,,,2025-10-14T23:59:59Z,2025-05-15T09:00:00Z,destination=IAD&origin=CDG&endRange=2025-10-14T23:59:59Z&startRange=2025-05-15T09:00:00Z,,,,,,,
,,,,,,ATL,,,,,AMS,,,,2025-10-14T23:59:59Z,2025-05-15T09:00:00Z,destination=ATL&origin=AMS&endRange=2025-10-14T23:59:59Z&startRange=2025-05-15T09:00:00Z,,,,,,,
,,,,,,DXB,,,,,CDG,,,,2025-10-14T23:59:59Z,2025-05-15T09:00:00Z,destination=DXB&origin=CDG&endRange=2025-10-14T23:59:59Z&startRange=2025-05-15T09:00:00Z,,,,,,,
,,,,,,AMS,,,,,ATL,,,,2025-10-14T23:59:59Z,2025-05-15T09:00:00Z,destination=AMS&origin=ATL&endRange=2025-10-14T23:59:59Z&startRange=2025-05-15T09:00:00Z,,,,,,,
,,,,,,YYZ,,,,,CDG,,,,2025-10-14T23:59:59Z,2025-05-15T09:00:00Z,destination=YYZ&origin=CDG&endRange=2025-10-14T23:59:59Z&startRange=2025-05-15T09:00:00Z,,,,,,,
,,,,,,CDG,,,,,IAD,,,,2025-10-14T23:59:59Z,2025-05-15T09:00:00Z,destination=CDG&origin=IAD&endRange=2025-10-14T23:59:59Z&startRange=2025-05-15T09:00:00Z,,,,,,,
,,,,,,CDG,,,,,BOS,,,,2025-10-14T23:59:59Z,2025-05-15T09:00:00Z,destination=CDG&origin=BOS&endRange=2025-10-14T23:59:59Z&startRange=2025-05-15T09:00:00Z,,,,,,,
,,,,,,BCN,,,,,PMI,,,,2025-10-14T23:59:59Z,2025-05-15T09:00:00Z,destination=BCN&origin=PMI&endRange=2025-10-14T23:59:59Z&startRange=2025-05-15T09:00:00Z,,,,,,,
,,,,,,PMI,,,,,BCN,,,,2025-10-14T23:59:59Z,2025-05-15T09:00:00Z,destination=PMI&origin=BCN&endRange=2025-10-14T23:59:59Z&startRange=2025-05-15T09:00:00Z,,,,,,,
,,,,,,ATL,,,,,LHR,,,,2025-10-14T23:59:59Z,2025-05-15T09:00:00Z,destination=ATL&origin=LHR&endRange=2025-10-14T23:59:59Z&startRange=2025-05-15T09:00:00Z,,,,,,,
,,,,,,CDG,,,,,DXB,,,,2025-10-14T23:59:59Z,2025-05-15T09:00:00Z,destination=CDG&origin=DXB&endRange=2025-10-14T23:59:59Z&startRange=2025-05-15T09:00:00Z,,,,,,,
,,,,,,LHR,,,,,ATL,,,,2025-10-14T23:59:59Z,2025-05-15T09:00:00Z,destination=LHR&origin=ATL&endRange=2025-10-14T23:59:59Z&startRange=2025-05-15T09:00:00Z,,,,,,,
,,,,,,LCG,,,,,MAD,,,,2025-10-14T23:59:59Z,2025-05-15T09:00:00Z,destination=LCG&origin=MAD&endRange=2025-10-14T23:59:59Z&startRange=2025-05-15T09:00:00Z,,,,,,,
,,,,,,MAD,,,,,VGO,,,,2025-10-14T23:59:59Z,2025-05-15T09:00:00Z,destination=MAD&origin=VGO&endRange=2025-10-14T23:59:59Z&startRange=2025-05-15T09:00:00Z,,,,,,,
,,,,,,VGO,,,,,MAD,,,,2025-10-14T23:59:59Z,2025-05-15T09:00:00Z,destination=VGO&origin=MAD&endRange=2025-10-14T23:59:59Z&startRange=2025-05-15T09:00:00Z,,,,,,,
,,,,,,NWI,,,,,AMS,,,,2025-10-14T23:59:59Z,2025-05-15T09:00:00Z,destination=NWI&origin=AMS&endRange=2025-10-14T23:59:59Z&startRange=2025-05-15T09:00:00Z,,,,,,,
,,,,,,AMS,,,,,BRU,,,,2025-10-14T23:59:59Z,2025-05-15T09:00:00Z,destination=AMS&origin=BRU&endRange=2025-10-14T23:59:59Z&startRange=2025-05-15T09:00:00Z,,,,,,,
,,,,,,AMS,,,,,NWI,,,,2025-10-14T23:59:59Z,2025-05-15T09:00:00Z,destination=AMS&origin=NWI&endRange=2025-10-14T23:59:59Z&startRange=2025-05-15T09:00:00Z,,,,,,,
,,,,,,BRU,,,,,AMS,,,,2025-10-14T23:59:59Z,2025-05-15T09:00:00Z,destination=BRU&origin=AMS&endRange=2025-10-14T23:59:59Z&startRange=2025-05-15T09:00:00Z,,,,,,,
,,,,,,CDG,,,,,YYZ,,,,2025-10-14T23:59:59Z,2025-05-15T09:00:00Z,destination=CDG&origin=YYZ&endRange=2025-10-14T23:59:59Z&startRange=2025-05-15T09:00:00Z,,,,,,,
,,,,,,AAL,,,,,AMS,,,,2025-10-14T23:59:59Z,2025-05-15T09:00:00Z,destination=AAL&origin=AMS&endRange=2025-10-14T23:59:59Z&startRange=2025-05-15T09:00:00Z,,,,,,,
,,,,,,ORY,,,,,IBZ,,,,2025-10-14T23:59:59Z,2025-05-15T09:00:00Z,destination=ORY&origin=IBZ&endRange=2025-10-14T23:59:59Z&startRange=2025-05-15T09:00:00Z,,,,,,,
,,,,,,AMS,,,,,AAL,,,,2025-10-14T23:59:59Z,2025-05-15T09:00:00Z,destination=AMS&origin=AAL&endRange=2025-10-14T23:59:59Z&startRange=2025-05-15T09:00:00Z,,,,,,,
,,,,,,IBZ,,,,,ORY,,,,2025-10-14T23:59:59Z,2025-05-15T09:00:00Z,destination=IBZ&origin=ORY&endRange=2025-10-14T23:59:59Z&startRange=2025-05-15T09:00:00Z,,,,,,,
,,,,,,YYZ,,,,,AMS,,,,2025-10-14T23:59:59Z,2025-05-15T09:00:00Z,destination=YYZ&origin=AMS&endRange=2025-10-14T23:59:59Z&startRange=2025-05-15T09:00:00Z,,,,,,,
,,,,,,GDN,,,,,AMS,,,,2025-10-14T23:59:59Z,2025-05-15T09:00:00Z,destination=GDN&origin=AMS&endRange=2025-10-14T23:59:59Z&startRange=2025-05-15T09:00:00Z,,,,,,,
,,,,,,AMS,,,,,GDN,,,,2025-10-14T23:59:59Z,2025-05-15T09:00:00Z,destination=AMS&origin=GDN&endRange=2025-10-14T23:59:59Z&startRange=2025-05-15T09:00:00Z,,,,,,,
,,,,,,AMS,,,,,YYZ,,,,2025-10-14T23:59:59Z,2025-05-15T09:00:00Z,destination=AMS&origin=YYZ&endRange=2025-10-14T23:59:59Z&startRange=2025-05-15T09:00:00Z,,,,,,,
,,,,,,AMS,,,,,BIO,,,,2025-10-14T23:59:59Z,2025-05-15T09:00:00Z,destination=AMS&origin=BIO&endRange=2025-10-14T23:59:59Z&startRange=2025-05-15T09:00:00Z,,,,,,,
,,,,,,AMS,,,,,BRE,,,,2025-10-14T23:59:59Z,2025-05-15T09:00:00Z,destination=AMS&origin=BRE&endRange=2025-10-14T23:59:59Z&startRange=2025-05-15T09:00:00Z,,,,,,,
,,,,,,BIO,,,,,AMS,,,,2025-10-14T23:59:59Z,2025-05-15T09:00:00Z,destination=BIO&origin=AMS&endRange=2025-10-14T23:59:59Z&startRange=2025-05-15T09:00:00Z,,,,,,,
,,,,,,BRE,,,,,AMS,,,,2025-10-14T23:59:59Z,2025-05-15T09:00:00Z,destination=BRE&origin=AMS&endRange=2025-10-14T23:59:59Z&startRange=2025-05-15T09:00:00Z,,,,,,,
,,,,,,AMS,,,,,SPU,,,,2025-10-14T23:59:59Z,2025-05-15T09:00:00Z,destination=AMS&origin=SPU&endRange=2025-10-14T23:59:59Z&startRange=2025-05-15T09:00:00Z,,,,,,,
,,,,,,BRI,,,,,LIN,,,,2025-10-14T23:59:59Z,2025-05-15T09:00:00Z,destination=BRI&origin=LIN&endRange=2025-10-14T23:59:59Z&startRange=2025-05-15T09:00:00Z,,,,,,,
,,,,,,VCE,,,,,AMS,,,,2025-10-14T23:59:59Z,2025-05-15T09:00:00Z,destination=VCE&origin=AMS&endRange=2025-10-14T23:59:59Z&startRange=2025-05-15T09:00:00Z,,,,,,,
,,,,,,CDG,,,,,BES,,,,2025-10-14T23:59:59Z,2025-05-15T09:00:00Z,destination=CDG&origin=BES&endRange=2025-10-14T23:59:59Z&startRange=2025-05-15T09:00:00Z,,,,,,,
,,,,,,LIN,,,,,NAP,,,,2025-10-14T23:59:59Z,2025-05-15T09:00:00Z,destination=LIN&origin=NAP&endRange=2025-10-14T23:59:59Z&startRange=2025-05-15T09:00:00Z,,,,,,,
,,,,,,AMS,,,,,VCE,,,,2025-10-14T23:59:59Z,2025-05-15T09:00:00Z,destination=AMS&origin=VCE&endRange=2025-10-14T23:59:59Z&startRange=2025-05-15T09:00:00Z,,,,,,,
,,,,,,BES,,,,,CDG,,,,2025-10-14T23:59:59Z,2025-05-15T09:00:00Z,destination=BES&origin=CDG&endRange=2025-10-14T23:59:59Z&startRange=2025-05-15T09:00:00Z,,,,,,,
,,,,,,ORY,,,,,PTP,,,,2025-10-14T23:59:59Z,2025-05-15T09:00:00Z,destination=ORY&origin=PTP&endRange=2025-10-14T23:59:59Z&startRange=2025-05-15T09:00:00Z,,,,,,,
,,,,,,DOH,,,,,CDG,,,,2025-10-14T23:59:59Z,2025-05-15T09:00:00Z,destination=DOH&origin=CDG&endRange=2025-10-14T23:59:59Z&startRange=2025-05-15T09:00:00Z,,,,,,,
,,,,,,CDG,,,,,DOH,,,,2025-10-14T23:59:59Z,2025-05-15T09:00:00Z,destination=CDG&origin=DOH&endRange=2025-10-14T23:59:59Z&startRange=2025-05-15T09:00:00Z,,,,,,,
,,,,,,SPU,,,,,AMS,,,,2025-10-14T23:59:59Z,2025-05-15T09:00:00Z,destination=SPU&origin=AMS&endRange=2025-10-14T23:59:59Z&startRange=2025-05-15T09:00:00Z,,,,,,,
,,,,,,PTP,,,,,ORY,,,,2025-10-14T23:59:59Z,2025-05-15T09:00:00Z,destination=PTP&origin=ORY&endRange=2025-10-14T23:59:59Z&startRange=2025-05-15T09:00:00Z,,,,,,,
,,,,,,NAP,,,,,LIN,,,,2025-10-14T23:59:59Z,2025-05-15T09:00:00Z,destination=NAP&origin=LIN&endRange=2025-10-14T23:59:59Z&startRange=2025-05-15T09:00:00Z,,,,,,,
,,,,,,BGO,,,,,CPH,,,,2025-10-14T23:59:59Z,2025-05-15T09:00:00Z,destination=BGO&origin=CPH&endRange=2025-10-14T23:59:59Z&startRange=2025-05-15T09:00:00Z,,,,,,,
,,,,,,CPH,,,,,BGO,,,,2025-10-14T23:59:59Z,2025-05-15T09:00:00Z,destination=CPH&origin=BGO&endRange=2025-10-14T23:59:59Z&startRange=2025-05-15T09:00:00Z,,,,,,,
,,,,,,KEF,,,,,AMS,,,,2025-10-14T23:59:59Z,2025-05-15T09:00:00Z,destination=KEF&origin=AMS&endRange=2025-10-14T23:59:59Z&startRange=2025-05-15T09:00:00Z,,,,,,,
,,,,,,AMS,,,,,KEF,,,,2025-10-14T23:59:59Z,2025-05-15T09:00:00Z,destination=AMS&origin=KEF&endRange=2025-10-14T23:59:59Z&startRange=2025-05-15T09:00:00Z,,,,,,,
,,,,,,DXB,,,,,AMS,,,,2025-10-14T23:59:59Z,2025-05-15T09:00:00Z,destination=DXB&origin=AMS&endRange=2025-10-14T23:59:59Z&startRange=2025-05-15T09:00:00Z,,,,,,,
,,,,,,AMS,,,,,DXB,,,,2025-10-14T23:59:59Z,2025-05-15T09:00:00Z,destination=AMS&origin=DXB&endRange=2025-10-14T23:59:59Z&startRange=2025-05-15T09:00:00Z,,,,,,,
,,,,,,OSL,,,,,SVG,,,,2025-10-14T23:59:59Z,2025-05-15T09:00:00Z,destination=OSL&origin=SVG&endRange=2025-10-14T23:59:59Z&startRange=2025-05-15T09:00:00Z,,,,,,,
,,,,,,CPH,,,,,SVG,,,,2025-10-14T23:59:59Z,2025-05-15T09:00:00Z,destination=CPH&origin=SVG&endRange=2025-10-14T23:59:59Z&startRange=2025-05-15T09:00:00Z,,,,,,,
,,,,,,ORY,,,,,FAO,,,,2025-10-14T23:59:59Z,2025-05-15T09:00:00Z,destination=ORY&origin=FAO&endRange=2025-10-14T23:59:59Z&startRange=2025-05-15T09:00:00Z,,,,,,,
,,,,,,FAO,,,,,ORY,,,,2025-10-14T23:59:59Z,2025-05-15T09:00:00Z,destination=FAO&origin=ORY&endRange=2025-10-14T23:59:59Z&startRange=2025-05-15T09:00:00Z,,,,,,,
,,,,,,BLQ,,,,,CDG,,,,2025-10-14T23:59:59Z,2025-05-15T09:00:00Z,destination=BLQ&origin=CDG&endRange=2025-10-14T23:59:59Z&startRange=2025-05-15T09:00:00Z,,,,,,,
,,,,,,AMS,,,,,BLQ,,,,2025-10-14T23:59:59Z,2025-05-15T09:00:00Z,destination=AMS&origin=BLQ&endRange=2025-10-14T23:59:59Z&startRange=2025-05-15T09:00:00Z,,,,,,,
,,,,,,BLQ,,,,,AMS,,,,2025-10-14T23:59:59Z,2025-05-15T09:00:00Z,destination=BLQ&origin=AMS&endRange=2025-10-14T23:59:59Z&startRange=2025-05-15T09:00:00Z,,,,,,,
,,,,,,MSP,,,,,AMS,,,,2025-10-14T23:59:59Z,2025-05-15T09:00:00Z,destination=MSP&origin=AMS&endRange=2025-10-14T23:59:59Z&startRange=2025-05-15T09:00:00Z,,,,,,,
,,,,,,KEF,,,,,CDG,,,,2025-10-14T23:59:59Z,2025-05-15T09:00:00Z,destination=KEF&origin=CDG&endRange=2025-10-14T23:59:59Z&startRange=2025-05-15T09:00:00Z,,,,,,,
,,,,,,ORY,,,,,NAP,,,,2025-10-14T23:59:59Z,2025-05-15T09:00:00Z,destination=ORY&origin=NAP&endRange=2025-10-14T23:59:59Z&startRange=2025-05-15T09:00:00Z,,,,,,,
,,,,,,BOS,,,,,AMS,,,,2025-10-14T23:59:59Z,2025-05-15T09:00:00Z,destination=BOS&origin=AMS&endRange=2025-10-14T23:59:59Z&startRange=2025-05-15T09:00:00Z,,,,,,,
,,,,,,CDG,,,,,BLQ,,,,2025-10-14T23:59:59Z,2025-05-15T09:00:00Z,destination=CDG&origin=BLQ&endRange=2025-10-14T23:59:59Z&startRange=2025-05-15T09:00:00Z,,,,,,,
,,,,,,CDG,,,,,KEF,,,,2025-10-14T23:59:59Z,2025-05-15T09:00:00Z,destination=CDG&origin=KEF&endRange=2025-10-14T23:59:59Z&startRange=2025-05-15T09:00:00Z,,,,,,,
,,,,,,AMS,,,,,BOS,,,,2025-10-14T23:59:59Z,2025-05-15T09:00:00Z,destination=AMS&origin=BOS&endRange=2025-10-14T23:59:59Z&startRange=2025-05-15T09:00:00Z,,,,,,,
,,,,,,GOT,,,,,ARN,,,,2025-10-14T23:59:59Z,2025-05-15T09:00:00Z,destination=GOT&origin=ARN&endRange=2025-10-14T23:59:59Z&startRange=2025-05-15T09:00:00Z,,,,,,,
,,,,,,AMS,,,,,MSP,,,,2025-10-14T23:59:59Z,2025-05-15T09:00:00Z,destination=AMS&origin=MSP&endRange=2025-10-14T23:59:59Z&startRange=2025-05-15T09:00:00Z,,,,,,,
,,,,,,NAP,,,,,ORY,,,,2025-10-14T23:59:59Z,2025-05-15T09:00:00Z,destination=NAP&origin=ORY&endRange=2025-10-14T23:59:59Z&startRange=2025-05-15T09:00:00Z,,,,,,,
,,,,,,CPH,,,,,AAR,,,,2025-10-14T23:59:59Z,2025-05-15T09:00:00Z,destination=CPH&origin=AAR&endRange=2025-10-14T23:59:59Z&startRange=2025-05-15T09:00:00Z,,,,,,,
,,,,,,FCO,,,,,FLR,,,,2025-10-14T23:59:59Z,2025-05-15T09:00:00Z,destination=FCO&origin=FLR&endRange=2025-10-14T23:59:59Z&startRange=2025-05-15T09:00:00Z,,,,,,,
,,,,,,SVG,,,,,CPH,,,,2025-10-14T23:59:59Z,2025-05-15T09:00:00Z,destination=SVG&origin=CPH&endRange=2025-10-14T23:59:59Z&startRange=2025-05-15T09:00:00Z,,,,,,,
,,,,,,MAD,,,,,BIO,,,,2025-10-14T23:59:59Z,2025-05-15T09:00:00Z,destination=MAD&origin=BIO&endRange=2025-10-14T23:59:59Z&startRange=2025-05-15T09:00:00Z,,,,,,,
,,,,,,BIO,,,,,MAD,,,,2025-10-14T23:59:59Z,2025-05-15T09:00:00Z,destination=BIO&origin=MAD&endRange=2025-10-14T23:59:59Z&startRange=2025-05-15T09:00:00Z,,,,,,,
,,,,,,HAJ,,,,,AMS,,,,2025-10-14T23:59:59Z,2025-05-15T09:00:00Z,destination=HAJ&origin=AMS&endRange=2025-10-14T23:59:59Z&startRange=2025-05-15T09:00:00Z,,,,,,,
,,,,,,BGO,,,,,TRD,,,,2025-10-14T23:59:59Z,2025-05-15T09:00:00Z,destination=BGO&origin=TRD&endRange=2025-10-14T23:59:59Z&startRange=2025-05-15T09:00:00Z,,,,,,,
,,,,,,TRD,,,,,BGO,,,,2025-10-14T23:59:59Z,2025-05-15T09:00:00Z,destination=TRD&origin=BGO&endRange=2025-10-14T23:59:59Z&startRange=2025-05-15T09:00:00Z,,,,,,,
,,,,,,TFN,,,,,MAD,,,,2025-10-14T23:59:59Z,2025-05-15T09:00:00Z,destination=TFN&origin=MAD&endRange=2025-10-14T23:59:59Z&startRange=2025-05-15T09:00:00Z,,,,,,,
,,,,,,TLS,,,,,AMS,,,,2025-10-14T23:59:59Z,2025-05-15T09:00:00Z,destination=TLS&origin=AMS&endRange=2025-10-14T23:59:59Z&startRange=2025-05-15T09:00:00Z,,,,,,,
,,,,,,AMS,,,,,TLS,,,,2025-10-14T23:59:59Z,2025-05-15T09:00:00Z,destination=AMS&origin=TLS&endRange=2025-10-14T23:59:59Z&startRange=2025-05-15T09:00:00Z,,,,,,,
,,,,,,FAE,,,,,CPH,,,,2025-10-14T23:59:59Z,2025-05-15T09:00:00Z,destination=FAE&origin=CPH&endRange=2025-10-14T23:59:59Z&startRange=2025-05-15T09:00:00Z,,,,,,,
,,,,,,AMS,,,,,HER,,,,2025-10-14T23:59:59Z,2025-05-15T09:00:00Z,destination=AMS&origin=HER&endRange=2025-10-14T23:59:59Z&startRange=2025-05-15T09:00:00Z,,,,,,,
,,,,,,AMS,,,,,HAJ,,,,2025-10-14T23:59:59Z,2025-05-15T09:00:00Z,destination=AMS&origin=HAJ&endRange=2025-10-14T23:59:59Z&startRange=2025-05-15T09:00:00Z,,,,,,,
,,,,,,HER,,,,,AMS,,,,2025-10-14T23:59:59Z,2025-05-15T09:00:00Z,destination=HER&origin=AMS&endRange=2025-10-14T23:59:59Z&startRange=2025-05-15T09:00:00Z,,,,,,,
,,,,,,AMS,,,,,FAO,,,,2025-10-14T23:59:59Z,2025-05-15T09:00:00Z,destination=AMS&origin=FAO&endRange=2025-10-14T23:59:59Z&startRange=2025-05-15T09:00:00Z,,,,,,,
,,,,,,FCO,,,,,BDS,,,,2025-10-14T23:59:59Z,2025-05-15T09:00:00Z,destination=FCO&origin=BDS&endRange=2025-10-14T23:59:59Z&startRange=2025-05-15T09:00:00Z,,,,,,,
,,,,,,LAX,,,,,LHR,,,,2025-10-14T23:59:59Z,2025-05-15T09:00:00Z,destination=LAX&origin=LHR&endRange=2025-10-14T23:59:59Z&startRange=2025-05-15T09:00:00Z,,,,,,,
,,,,,,ICN,,,,,CDG,,,,2025-10-14T23:59:59Z,2025-05-15T09:00:00Z,destination=ICN&origin=CDG&endRange=2025-10-14T23:59:59Z&startRange=2025-05-15T09:00:00Z,,,,,,,
,,,,,,CDG,,,,,ICN,,,,2025-10-14T23:59:59Z,2025-05-15T09:00:00Z,destination=CDG&origin=ICN&endRange=2025-10-14T23:59:59Z&startRange=2025-05-15T09:00:00Z,,,,,,,
,,,,,,SIN,,,,,CDG,,,,2025-10-14T23:59:59Z,2025-05-15T09:00:00Z,destination=SIN&origin=CDG&endRange=2025-10-14T23:59:59Z&startRange=2025-05-15T09:00:00Z,,,,,,,
,,,,,,LHR,,,,,LAX,,,,2025-10-14T23:59:59Z,2025-05-15T09:00:00Z,destination=LHR&origin=LAX&endRange=2025-10-14T23:59:59Z&startRange=2025-05-15T09:00:00Z,,,,,,,
,,,,,,CDG,,,,,SIN,,,,2025-10-14T23:59:59Z,2025-05-15T09:00:00Z,destination=CDG&origin=SIN&endRange=2025-10-14T23:59:59Z&startRange=2025-05-15T09:00:00Z,,,,,,,
,,,,,,CPH,,,,,FAE,,,,2025-10-14T23:59:59Z,2025-05-15T09:00:00Z,destination=CPH&origin=FAE&endRange=2025-10-14T23:59:59Z&startRange=2025-05-15T09:00:00Z,,,,,,,
,,,,,,ORY,,,,,OUD,,,,2025-10-14T23:59:59Z,2025-05-15T09:00:00Z,destination=ORY&origin=OUD&endRange=2025-10-14T23:59:59Z&startRange=2025-05-15T09:00:00Z,,,,,,,
,,,,,,ORY,,,,,MXP,,,,2025-10-14T23:59:59Z,2025-05-15T09:00:00Z,destination=ORY&origin=MXP&endRange=2025-10-14T23:59:59Z&startRange=2025-05-15T09:00:00Z,,,,,,,
,,,,,,LUX,,,,,AMS,,,,2025-10-14T23:59:59Z,2025-05-15T09:00:00Z,destination=LUX&origin=AMS&endRange=2025-10-14T23:59:59Z&startRange=2025-05-15T09:00:00Z,,,,,,,
,,,,,,PUF,,,,,CDG,,,,2025-10-14T23:59:59Z,2025-05-15T09:00:00Z,destination=PUF&origin=CDG&endRange=2025-10-14T23:59:59Z&startRange=2025-05-15T09:00:00Z,,,,,,,
,,,,,,AMS,,,,,LUX,,,,2025-10-14T23:59:59Z,2025-05-15T09:00:00Z,destination=AMS&origin=LUX&endRange=2025-10-14T23:59:59Z&startRange=2025-05-15T09:00:00Z,,,,,,,
,,,,,,CDG,,,,,PUF,,,,2025-10-14T23:59:59Z,2025-05-15T09:00:00Z,destination=CDG&origin=PUF&endRange=2025-10-14T23:59:59Z&startRange=2025-05-15T09:00:00Z,,,,,,,
,,,,,,MXP,,,,,ORY,,,,2025-10-14T23:59:59Z,2025-05-15T09:00:00Z,destination=MXP&origin=ORY&endRange=2025-10-14T23:59:59Z&startRange=2025-05-15T09:00:00Z,,,,,,,
,,,,,,ORY,,,,,FDF,,,,2025-10-14T23:59:59Z,2025-05-15T09:00:00Z,destination=ORY&origin=FDF&endRange=2025-10-14T23:59:59Z&startRange=2025-05-15T09:00:00Z,,,,,,,
,,,,,,AGP,,,,,CDG,,,,2025-10-14T23:59:59Z,2025-05-15T09:00:00Z,destination=AGP&origin=CDG&endRange=2025-10-14T23:59:59Z&startRange=2025-05-15T09:00:00Z,,,,,,,
,,,,,,FDF,,,,,ORY,,,,2025-10-14T23:59:59Z,2025-05-15T09:00:00Z,destination=FDF&origin=ORY&endRange=2025-10-14T23:59:59Z&startRange=2025-05-15T09:00:00Z,,,,,,,
,,,,,,CDG,,,,,ORN,,,,2025-10-14T23:59:59Z,2025-05-15T09:00:00Z,destination=CDG&origin=ORN&endRange=2025-10-14T23:59:59Z&startRange=2025-05-15T09:00:00Z,,,,,,,
,,,,,,ORY,,,,,HER,,,,2025-10-14T23:59:59Z,2025-05-15T09:00:00Z,destination=ORY&origin=HER&endRange=2025-10-14T23:59:59Z&startRange=2025-05-15T09:00:00Z,,,,,,,
,,,,,,FCO,,,,,NAP,,,,2025-10-14T23:59:59Z,2025-05-15T09:00:00Z,destination=FCO&origin=NAP&endRange=2025-10-14T23:59:59Z&startRange=2025-05-15T09:00:00Z,,,,,,,
,,,,,,HER,,,,,ORY,,,,2025-10-14T23:59:59Z,2025-05-15T09:00:00Z,destination=HER&origin=ORY&endRange=2025-10-14T23:59:59Z&startRange=2025-05-15T09:00:00Z,,,,,,,
,,,,,,OUD,,,,,ORY,,,,2025-10-14T23:59:59Z,2025-05-15T09:00:00Z,destination=OUD&origin=ORY&endRange=2025-10-14T23:59:59Z&startRange=2025-05-15T09:00:00Z,,,,,,,
,,,,,,FLR,,,,,FCO,,,,2025-10-14T23:59:59Z,2025-05-15T09:00:00Z,destination=FLR&origin=FCO&endRange=2025-10-14T23:59:59Z&startRange=2025-05-15T09:00:00Z,,,,,,,
,,,,,,AMS,,,,,BOD,,,,2025-10-14T23:59:59Z,2025-05-15T09:00:00Z,destination=AMS&origin=BOD&endRange=2025-10-14T23:59:59Z&startRange=2025-05-15T09:00:00Z,,,,,,,
,,,,,,BOD,,,,,AMS,,,,2025-10-14T23:59:59Z,2025-05-15T09:00:00Z,destination=BOD&origin=AMS&endRange=2025-10-14T23:59:59Z&startRange=2025-05-15T09:00:00Z,,,,,,,
,,,,,,CDG,,,,,AGP,,,,2025-10-14T23:59:59Z,2025-05-15T09:00:00Z,destination=CDG&origin=AGP&endRange=2025-10-14T23:59:59Z&startRange=2025-05-15T09:00:00Z,,,,,,,
,,,,,,NAP,,,,,FCO,,,,2025-10-14T23:59:59Z,2025-05-15T09:00:00Z,destination=NAP&origin=FCO&endRange=2025-10-14T23:59:59Z&startRange=2025-05-15T09:00:00Z,,,,,,,
,,,,,,TRD,,,,,CPH,,,,2025-10-14T23:59:59Z,2025-05-15T09:00:00Z,destination=TRD&origin=CPH&endRange=2025-10-14T23:59:59Z&startRange=2025-05-15T09:00:00Z,,,,,,,
,,,,,,CDG,,,,,LTN,,,,2025-10-14T23:59:59Z,2025-05-15T09:00:00Z,destination=CDG&origin=LTN&endRange=2025-10-14T23:59:59Z&startRange=2025-05-15T09:00:00Z,,,,,,,
,,,,,,BEG,,,,,AMS,,,,2025-10-14T23:59:59Z,2025-05-15T09:00:00Z,destination=BEG&origin=AMS&endRange=2025-10-14T23:59:59Z&startRange=2025-05-15T09:00:00Z,,,,,,,
,,,,,,CDG,,,,,BUD,,,,2025-10-14T23:59:59Z,2025-05-15T09:00:00Z,destination=CDG&origin=BUD&endRange=2025-10-14T23:59:59Z&startRange=2025-05-15T09:00:00Z,,,,,,,
,,,,,,AMS,,,,,BEG,,,,2025-10-14T23:59:59Z,2025-05-15T09:00:00Z,destination=AMS&origin=BEG&endRange=2025-10-14T23:59:59Z&startRange=2025-05-15T09:00:00Z,,,,,,,
,,,,,,BUD,,,,,CDG,,,,2025-10-14T23:59:59Z,2025-05-15T09:00:00Z,destination=BUD&origin=CDG&endRange=2025-10-14T23:59:59Z&startRange=2025-05-15T09:00:00Z,,,,,,,
,,,,,,FAO,,,,,AMS,,,,2025-10-14T23:59:59Z,2025-05-15T09:00:00Z,destination=FAO&origin=AMS&endRange=2025-10-14T23:59:59Z&startRange=2025-05-15T09:00:00Z,,,,,,,
,,,,,,FCO,,,,,GOA,,,,2025-10-14T23:59:59Z,2025-05-15T09:00:00Z,destination=FCO&origin=GOA&endRange=2025-10-14T23:59:59Z&startRange=2025-05-15T09:00:00Z,,,,,,,
,,,,,,GOA,,,,,FCO,,,,2025-10-14T23:59:59Z,2025-05-15T09:00:00Z,destination=GOA&origin=FCO&endRange=2025-10-14T23:59:59Z&startRange=2025-05-15T09:00:00Z,,,,,,,
,,,,,,LTN,,,,,CDG,,,,2025-10-14T23:59:59Z,2025-05-15T09:00:00Z,destination=LTN&origin=CDG&endRange=2025-10-14T23:59:59Z&startRange=2025-05-15T09:00:00Z,,,,,,,
,,,,,,FCO,,,,,AHO,,,,2025-10-14T23:59:59Z,2025-05-15T09:00:00Z,destination=FCO&origin=AHO&endRange=2025-10-14T23:59:59Z&startRange=2025-05-15T09:00:00Z,,,,,,,
,,,,,,MEX,,,,,CDG,,,,2025-10-14T23:59:59Z,2025-05-15T09:00:00Z,destination=MEX&origin=CDG&endRange=2025-10-14T23:59:59Z&startRange=2025-05-15T09:00:00Z,,,,,,,
,,,,,,BIA,,,,,NCE,,,,2025-10-14T23:59:59Z,2025-05-15T09:00:00Z,destination=BIA&origin=NCE&endRange=2025-10-14T23:59:59Z&startRange=2025-05-15T09:00:00Z,,,,,,,
,,,,,,SOU,,,,,AMS,,,,2025-10-14T23:59:59Z,2025-05-15T09:00:00Z,destination=SOU&origin=AMS&endRange=2025-10-14T23:59:59Z&startRange=2025-05-15T09:00:00Z,,,,,,,
,,,,,,NCE,,,,,BIA,,,,2025-10-14T23:59:59Z,2025-05-15T09:00:00Z,destination=NCE&origin=BIA&endRange=2025-10-14T23:59:59Z&startRange=2025-05-15T09:00:00Z,,,,,,,
,,,,,,CDG,,,,,MEX,,,,2025-10-14T23:59:59Z,2025-05-15T09:00:00Z,destination=CDG&origin=MEX&endRange=2025-10-14T23:59:59Z&startRange=2025-05-15T09:00:00Z,,,,,,,
,,,,,,AMS,,,,,ZTH,,,,2025-10-14T23:59:59Z,2025-05-15T09:00:00Z,destination=AMS&origin=ZTH&endRange=2025-10-14T23:59:59Z&startRange=2025-05-15T09:00:00Z,,,,,,,
,,,,,,AMS,,,,,SOU,,,,2025-10-14T23:59:59Z,2025-05-15T09:00:00Z,destination=AMS&origin=SOU&endRange=2025-10-14T23:59:59Z&startRange=2025-05-15T09:00:00Z,,,,,,,
,,,,,,ATH,,,,,ORY,,,,2025-10-14T23:59:59Z,2025-05-15T09:00:00Z,destination=ATH&origin=ORY&endRange=2025-10-14T23:59:59Z&startRange=2025-05-15T09:00:00Z,,,,,,,
,,,,,,TSR,,,,,OTP,,,,2025-10-14T23:59:59Z,2025-05-15T09:00:00Z,destination=TSR&origin=OTP&endRange=2025-10-14T23:59:59Z&startRange=2025-05-15T09:00:00Z,,,,,,,
,,,,,,BIA,,,,,MRS,,,,2025-10-14T23:59:59Z,2025-05-15T09:00:00Z,destination=BIA&origin=MRS&endRange=2025-10-14T23:59:59Z&startRange=2025-05-15T09:00:00Z,,,,,,,
,,,,,,ORY,,,,,ATH,,,,2025-10-14T23:59:59Z,2025-05-15T09:00:00Z,destination=ORY&origin=ATH&endRange=2025-10-14T23:59:59Z&startRange=2025-05-15T09:00:00Z,,,,,,,
,,,,,,MRS,,,,,BIA,,,,2025-10-14T23:59:59Z,2025-05-15T09:00:00Z,destination=MRS&origin=BIA&endRange=2025-10-14T23:59:59Z&startRange=2025-05-15T09:00:00Z,,,,,,,
,,,,,,CDG,,,,,NAP,,,,2025-10-14T23:59:59Z,2025-05-15T09:00:00Z,destination=CDG&origin=NAP&endRange=2025-10-14T23:59:59Z&startRange=2025-05-15T09:00:00Z,,,,,,,
,,,,,,NAP,,,,,CDG,,,,2025-10-14T23:59:59Z,2025-05-15T09:00:00Z,destination=NAP&origin=CDG&endRange=2025-10-14T23:59:59Z&startRange=2025-05-15T09:00:00Z,,,,,,,
,,,,,,AHO,,,,,FCO,,,,2025-10-14T23:59:59Z,2025-05-15T09:00:00Z,destination=AHO&origin=FCO&endRange=2025-10-14T23:59:59Z&startRange=2025-05-15T09:00:00Z,,,,,,,
,,,,,,AJA,,,,,MRS,,,,2025-10-14T23:59:59Z,2025-05-15T09:00:00Z,destination=AJA&origin=MRS&endRange=2025-10-14T23:59:59Z&startRange=2025-05-15T09:00:00Z,,,,,,,
,,,,,,TLV,,,,,AMS,,,,2025-10-14T23:59:59Z,2025-05-15T09:00:00Z,destination=TLV&origin=AMS&endRange=2025-10-14T23:59:59Z&startRange=2025-05-15T09:00:00Z,,,,,,,
,,,,,,AMS,,,,,TLV,,,,2025-10-14T23:59:59Z,2025-05-15T09:00:00Z,destination=AMS&origin=TLV&endRange=2025-10-14T23:59:59Z&startRange=2025-05-15T09:00:00Z,,,,,,,
,,,,,,ORN,,,,,CDG,,,,2025-10-14T23:59:59Z,2025-05-15T09:00:00Z,destination=ORN&origin=CDG&endRange=2025-10-14T23:59:59Z&startRange=2025-05-15T09:00:00Z,,,,,,,
,,,,,,MAD,,,,,LCG,,,,2025-10-14T23:59:59Z,2025-05-15T09:00:00Z,destination=MAD&origin=LCG&endRange=2025-10-14T23:59:59Z&startRange=2025-05-15T09:00:00Z,,,,,,,
,,,,,,ZTH,,,,,AMS,,,,2025-10-14T23:59:59Z,2025-05-15T09:00:00Z,destination=ZTH&origin=AMS&endRange=2025-10-14T23:59:59Z&startRange=2025-05-15T09:00:00Z,,,,,,,
,,,,,,BGO,,,,,OSL,,,,2025-10-14T23:59:59Z,2025-05-15T09:00:00Z,destination=BGO&origin=OSL&endRange=2025-10-14T23:59:59Z&startRange=2025-05-15T09:00:00Z,,,,,,,
,,,,,,BRI,,,,,FCO,,,,2025-10-14T23:59:59Z,2025-05-15T09:00:00Z,destination=BRI&origin=FCO&endRange=2025-10-14T23:59:59Z&startRange=2025-05-15T09:00:00Z,,,,,,,
,,,,,,FCO,,,,,BRI,,,,2025-10-14T23:59:59Z,2025-05-15T09:00:00Z,destination=FCO&origin=BRI&endRange=2025-10-14T23:59:59Z&startRange=2025-05-15T09:00:00Z,,,,,,,
,,,,,,CWL,,,,,AMS,,,,2025-10-14T23:59:59Z,2025-05-15T09:00:00Z,destination=CWL&origin=AMS&endRange=2025-10-14T23:59:59Z&startRange=2025-05-15T09:00:00Z,,,,,,,
,,,,,,AMS,,,,,CWL,,,,2025-10-14T23:59:59Z,2025-05-15T09:00:00Z,destination=AMS&origin=CWL&endRange=2025-10-14T23:59:59Z&startRange=2025-05-15T09:00:00Z,,,,,,,
,,,,,,CDG,,,,,BEY,,,,2025-10-14T23:59:59Z,2025-05-15T09:00:00Z,destination=CDG&origin=BEY&endRange=2025-10-14T23:59:59Z&startRange=2025-05-15T09:00:00Z,,,,,,,
,,,,,,EWR,,,,,CDG,,,,2025-10-14T23:59:59Z,2025-05-15T09:00:00Z,destination=EWR&origin=CDG&endRange=2025-10-14T23:59:59Z&startRange=2025-05-15T09:00:00Z,,,,,,,
,,,,,,AJA,,,,,NCE,,,,2025-10-14T23:59:59Z,2025-05-15T09:00:00Z,destination=AJA&origin=NCE&endRange=2025-10-14T23:59:59Z&startRange=2025-05-15T09:00:00Z,,,,,,,
,,,,,,MRS,,,,,AJA,,,,2025-10-14T23:59:59Z,2025-05-15T09:00:00Z,destination=MRS&origin=AJA&endRange=2025-10-14T23:59:59Z&startRange=2025-05-15T09:00:00Z,,,,,,,
,,,,,,BEY,,,,,CDG,,,,2025-10-14T23:59:59Z,2025-05-15T09:00:00Z,destination=BEY&origin=CDG&endRange=2025-10-14T23:59:59Z&startRange=2025-05-15T09:00:00Z,,,,,,,
,,,,,,CDG,,,,,EWR,,,,2025-10-14T23:59:59Z,2025-05-15T09:00:00Z,destination=CDG&origin=EWR&endRange=2025-10-14T23:59:59Z&startRange=2025-05-15T09:00:00Z,,,,,,,
,,,,,,IST,,,,,ORY,,,,2025-10-14T23:59:59Z,2025-05-15T09:00:00Z,destination=IST&origin=ORY&endRange=2025-10-14T23:59:59Z&startRange=2025-05-15T09:00:00Z,,,,,,,
,,,,,,ORY,,,,,IST,,,,2025-10-14T23:59:59Z,2025-05-15T09:00:00Z,destination=ORY&origin=IST&endRange=2025-10-14T23:59:59Z&startRange=2025-05-15T09:00:00Z,,,,,,,
,,,,,,AMS,,,,,DTW,,,,2025-10-14T23:59:59Z,2025-05-15T09:00:00Z,destination=AMS&origin=DTW&endRange=2025-10-14T23:59:59Z&startRange=2025-05-15T09:00:00Z,,,,,,,
,,,,,,AYT,,,,,AMS,,,,2025-10-14T23:59:59Z,2025-05-15T09:00:00Z,destination=AYT&origin=AMS&endRange=2025-10-14T23:59:59Z&startRange=2025-05-15T09:00:00Z,,,,,,,
,,,,,,MRS,,,,,AMS,,,,2025-10-14T23:59:59Z,2025-05-15T09:00:00Z,destination=MRS&origin=AMS&endRange=2025-10-14T23:59:59Z&startRange=2025-05-15T09:00:00Z,,,,,,,
,,,,,,NCE,,,,,AJA,,,,2025-10-14T23:59:59Z,2025-05-15T09:00:00Z,destination=NCE&origin=AJA&endRange=2025-10-14T23:59:59Z&startRange=2025-05-15T09:00:00Z,,,,,,,
,,,,,,TRD,,,,,AMS,,,,2025-10-14T23:59:59Z,2025-05-15T09:00:00Z,destination=TRD&origin=AMS&endRange=2025-10-14T23:59:59Z&startRange=2025-05-15T09:00:00Z,,,,,,,
,,,,,,BOS,,,,,LHR,,,,2025-10-14T23:59:59Z,2025-05-15T09:00:00Z,destination=BOS&origin=LHR&endRange=2025-10-14T23:59:59Z&startRange=2025-05-15T09:00:00Z,,,,,,,
,,,,,,CDG,,,,,GRU,,,,2025-10-14T23:59:59Z,2025-05-15T09:00:00Z,destination=CDG&origin=GRU&endRange=2025-10-14T23:59:59Z&startRange=2025-05-15T09:00:00Z,,,,,,,
,,,,,,GRU,,,,,CDG,,,,2025-10-14T23:59:59Z,2025-05-15T09:00:00Z,destination=GRU&origin=CDG&endRange=2025-10-14T23:59:59Z&startRange=2025-05-15T09:00:00Z,,,,,,,
,,,,,,HUY,,,,,AMS,,,,2025-10-14T23:59:59Z,2025-05-15T09:00:00Z,destination=HUY&origin=AMS&endRange=2025-10-14T23:59:59Z&startRange=2025-05-15T09:00:00Z,,,,,,,
,,,,,,RIX,,,,,AMS,,,,2025-10-14T23:59:59Z,2025-05-15T09:00:00Z,destination=RIX&origin=AMS&endRange=2025-10-14T23:59:59Z&startRange=2025-05-15T09:00:00Z,,,,,,,
,,,,,,LHR,,,,,BOS,,,,2025-10-14T23:59:59Z,2025-05-15T09:00:00Z,destination=LHR&origin=BOS&endRange=2025-10-14T23:59:59Z&startRange=2025-05-15T09:00:00Z,,,,,,,
,,,,,,LBA,,,,,AMS,,,,2025-10-14T23:59:59Z,2025-05-15T09:00:00Z,destination=LBA&origin=AMS&endRange=2025-10-14T23:59:59Z&startRange=2025-05-15T09:00:00Z,,,,,,,
,,,,,,NTE,,,,,AMS,,,,2025-10-14T23:59:59Z,2025-05-15T09:00:00Z,destination=NTE&origin=AMS&endRange=2025-10-14T23:59:59Z&startRange=2025-05-15T09:00:00Z,,,,,,,
,,,,,,ZAG,,,,,AMS,,,,2025-10-14T23:59:59Z,2025-05-15T09:00:00Z,destination=ZAG&origin=AMS&endRange=2025-10-14T23:59:59Z&startRange=2025-05-15T09:00:00Z,,,,,,,
,,,,,,AMS,,,,,TRD,,,,2025-10-14T23:59:59Z,2025-05-15T09:00:00Z,destination=AMS&origin=TRD&endRange=2025-10-14T23:59:59Z&startRange=2025-05-15T09:00:00Z,,,,,,,
,,,,,,DTW,,,,,AMS,,,,2025-10-14T23:59:59Z,2025-05-15T09:00:00Z,destination=DTW&origin=AMS&endRange=2025-10-14T23:59:59Z&startRange=2025-05-15T09:00:00Z,,,,,,,
,,,,,,AMS,,,,,ZAG,,,,2025-10-14T23:59:59Z,2025-05-15T09:00:00Z,destination=AMS&origin=ZAG&endRange=2025-10-14T23:59:59Z&startRange=2025-05-15T09:00:00Z,,,,,,,
,,,,,,AMS,,,,,HUY,,,,2025-10-14T23:59:59Z,2025-05-15T09:00:00Z,destination=AMS&origin=HUY&endRange=2025-10-14T23:59:59Z&startRange=2025-05-15T09:00:00Z,,,,,,,
,,,,,,AMS,,,,,MRS,,,,2025-10-14T23:59:59Z,2025-05-15T09:00:00Z,destination=AMS&origin=MRS&endRange=2025-10-14T23:59:59Z&startRange=2025-05-15T09:00:00Z,,,,,,,
,,,,,,AMS,,,,,NTE,,,,2025-10-14T23:59:59Z,2025-05-15T09:00:00Z,destination=AMS&origin=NTE&endRange=2025-10-14T23:59:59Z&startRange=2025-05-15T09:00:00Z,,,,,,,
,,,,,,AMS,,,,,RIX,,,,2025-10-14T23:59:59Z,2025-05-15T09:00:00Z,destination=AMS&origin=RIX&endRange=2025-10-14T23:59:59Z&startRange=2025-05-15T09:00:00Z,,,,,,,
,,,,,,AMS,,,,,AYT,,,,2025-10-14T23:59:59Z,2025-05-15T09:00:00Z,destination=AMS&origin=AYT&endRange=2025-10-14T23:59:59Z&startRange=2025-05-15T09:00:00Z,,,,,,,
,,,,,,VLC,,,,,CDG,,,,2025-10-14T23:59:59Z,2025-05-15T09:00:00Z,destination=VLC&origin=CDG&endRange=2025-10-14T23:59:59Z&startRange=2025-05-15T09:00:00Z,,,,,,,
,,,,,,AMS,,,,,LBA,,,,2025-10-14T23:59:59Z,2025-05-15T09:00:00Z,destination=AMS&origin=LBA&endRange=2025-10-14T23:59:59Z&startRange=2025-05-15T09:00:00Z,,,,,,,
,,,,,,CDG,,,,,VLC,,,,2025-10-14T23:59:59Z,2025-05-15T09:00:00Z,destination=CDG&origin=VLC&endRange=2025-10-14T23:59:59Z&startRange=2025-05-15T09:00:00Z,,,,,,,
,,,,,,BGO,,,,,BOO,,,,2025-10-14T23:59:59Z,2025-05-15T09:00:00Z,destination=BGO&origin=BOO&endRange=2025-10-14T23:59:59Z&startRange=2025-05-15T09:00:00Z,,,,,,,
,,,,,,FCO,,,,,TRS,,,,2025-10-14T23:59:59Z,2025-05-15T09:00:00Z,destination=FCO&origin=TRS&endRange=2025-10-14T23:59:59Z&startRange=2025-05-15T09:00:00Z,,,,,,,
,,,,,,CDG,,,,,HER,,,,2025-10-14T23:59:59Z,2025-05-15T09:00:00Z,destination=CDG&origin=HER&endRange=2025-10-14T23:59:59Z&startRange=2025-05-15T09:00:00Z,,,,,,,
,,,,,,TRS,,,,,FCO,,,,2025-10-14T23:59:59Z,2025-05-15T09:00:00Z,destination=TRS&origin=FCO&endRange=2025-10-14T23:59:59Z&startRange=2025-05-15T09:00:00Z,,,,,,,
,,,,,,AMS,,,,,LPA,,,,2025-10-14T23:59:59Z,2025-05-15T09:00:00Z,destination=AMS&origin=LPA&endRange=2025-10-14T23:59:59Z&startRange=2025-05-15T09:00:00Z,,,,,,,
,,,,,,FSC,,,,,MRS,,,,2025-10-14T23:59:59Z,2025-05-15T09:00:00Z,destination=FSC&origin=MRS&endRange=2025-10-14T23:59:59Z&startRange=2025-05-15T09:00:00Z,,,,,,,
,,,,,,HER,,,,,CDG,,,,2025-10-14T23:59:59Z,2025-05-15T09:00:00Z,destination=HER&origin=CDG&endRange=2025-10-14T23:59:59Z&startRange=2025-05-15T09:00:00Z,,,,,,,
,,,,,,BDS,,,,,FCO,,,,2025-10-14T23:59:59Z,2025-05-15T09:00:00Z,destination=BDS&origin=FCO&endRange=2025-10-14T23:59:59Z&startRange=2025-05-15T09:00:00Z,,,,,,,
,,,,,,MRS,,,,,FSC,,,,2025-10-14T23:59:59Z,2025-05-15T09:00:00Z,destination=MRS&origin=FSC&endRange=2025-10-14T23:59:59Z&startRange=2025-05-15T09:00:00Z,,,,,,,
,,,,,,OSL,,,,,AES,,,,2025-10-14T23:59:59Z,2025-05-15T09:00:00Z,destination=OSL&origin=AES&endRange=2025-10-14T23:59:59Z&startRange=2025-05-15T09:00:00Z,,,,,,,
,,,,,,CDG,,,,,BRU,,,,2025-10-14T23:59:59Z,2025-05-15T09:00:00Z,destination=CDG&origin=BRU&endRange=2025-10-14T23:59:59Z&startRange=2025-05-15T09:00:00Z,,,,,,,
,,,,,,AAR,,,,,CPH,,,,2025-10-14T23:59:59Z,2025-05-15T09:00:00Z,destination=AAR&origin=CPH&endRange=2025-10-14T23:59:59Z&startRange=2025-05-15T09:00:00Z,,,,,,,
,,,,,,CDG,,,,,NBO,,,,2025-10-14T23:59:59Z,2025-05-15T09:00:00Z,destination=CDG&origin=NBO&endRange=2025-10-14T23:59:59Z&startRange=2025-05-15T09:00:00Z,,,,,,,
,,,,,,ORY,,,,,ORN,,,,2025-10-14T23:59:59Z,2025-05-15T09:00:00Z,destination=ORY&origin=ORN&endRange=2025-10-14T23:59:59Z&startRange=2025-05-15T09:00:00Z,,,,,,,
,,,,,,TRN,,,,,CDG,,,,2025-10-14T23:59:59Z,2025-05-15T09:00:00Z,destination=TRN&origin=CDG&endRange=2025-10-14T23:59:59Z&startRange=2025-05-15T09:00:00Z,,,,,,,
,,,,,,CDG,,,,,TRN,,,,2025-10-14T23:59:59Z,2025-05-15T09:00:00Z,destination=CDG&origin=TRN&endRange=2025-10-14T23:59:59Z&startRange=2025-05-15T09:00:00Z,,,,,,,
,,,,,,ORN,,,,,ORY,,,,2025-10-14T23:59:59Z,2025-05-15T09:00:00Z,destination=ORN&origin=ORY&endRange=2025-10-14T23:59:59Z&startRange=2025-05-15T09:00:00Z,,,,,,,
,,,,,,ORY,,,,,RBA,,,,2025-10-14T23:59:59Z,2025-05-15T09:00:00Z,destination=ORY&origin=RBA&endRange=2025-10-14T23:59:59Z&startRange=2025-05-15T09:00:00Z,,,,,,,
,,,,,,ORY,,,,,MIR,,,,2025-10-14T23:59:59Z,2025-05-15T09:00:00Z,destination=ORY&origin=MIR&endRange=2025-10-14T23:59:59Z&startRange=2025-05-15T09:00:00Z,,,,,,,
,,,,,,LPA,,,,,AMS,,,,2025-10-14T23:59:59Z,2025-05-15T09:00:00Z,destination=LPA&origin=AMS&endRange=2025-10-14T23:59:59Z&startRange=2025-05-15T09:00:00Z,,,,,,,
,,,,,,MIR,,,,,ORY,,,,2025-10-14T23:59:59Z,2025-05-15T09:00:00Z,destination=MIR&origin=ORY&endRange=2025-10-14T23:59:59Z&startRange=2025-05-15T09:00:00Z,,,,,,,
,,,,,,TRN,,,,,FCO,,,,2025-10-14T23:59:59Z,2025-05-15T09:00:00Z,destination=TRN&origin=FCO&endRange=2025-10-14T23:59:59Z&startRange=2025-05-15T09:00:00Z,,,,,,,
,,,,,,CAI,,,,,CDG,,,,2025-10-14T23:59:59Z,2025-05-15T09:00:00Z,destination=CAI&origin=CDG&endRange=2025-10-14T23:59:59Z&startRange=2025-05-15T09:00:00Z,,,,,,,
,,,,,,RBA,,,,,ORY,,,,2025-10-14T23:59:59Z,2025-05-15T09:00:00Z,destination=RBA&origin=ORY&endRange=2025-10-14T23:59:59Z&startRange=2025-05-15T09:00:00Z,,,,,,,
,,,,,,SVG,,,,,OSL,,,,2025-10-14T23:59:59Z,2025-05-15T09:00:00Z,destination=SVG&origin=OSL&endRange=2025-10-14T23:59:59Z&startRange=2025-05-15T09:00:00Z,,,,,,,
,,,,,,CDG,,,,,CAI,,,,2025-10-14T23:59:59Z,2025-05-15T09:00:00Z,destination=CDG&origin=CAI&endRange=2025-10-14T23:59:59Z&startRange=2025-05-15T09:00:00Z,,,,,,,
,,,,,,FCO,,,,,VCE,,,,2025-10-14T23:59:59Z,2025-05-15T09:00:00Z,destination=FCO&origin=VCE&endRange=2025-10-14T23:59:59Z&startRange=2025-05-15T09:00:00Z,,,,,,,
,,,,,,ARN,,,,,HEL,,,,2025-10-14T23:59:59Z,2025-05-15T09:00:00Z,destination=ARN&origin=HEL&endRange=2025-10-14T23:59:59Z&startRange=2025-05-15T09:00:00Z,,,,,,,
,,,,,,ORY,,,,,VCE,,,,2025-10-14T23:59:59Z,2025-05-15T09:00:00Z,destination=ORY&origin=VCE&endRange=2025-10-14T23:59:59Z&startRange=2025-05-15T09:00:00Z,,,,,,,
,,,,,,CDG,,,,,SFO,,,,2025-10-14T23:59:59Z,2025-05-15T09:00:00Z,destination=CDG&origin=SFO&endRange=2025-10-14T23:59:59Z&startRange=2025-05-15T09:00:00Z,,,,,,,
,,,,,,LHR,,,,,LDY,,,,2025-10-14T23:59:59Z,2025-05-15T09:00:00Z,destination=LHR&origin=LDY&endRange=2025-10-14T23:59:59Z&startRange=2025-05-15T09:00:00Z,,,,,,,
,,,,,,ORY,,,,,PGF,,,,2025-10-14T23:59:59Z,2025-05-15T09:00:00Z,destination=ORY&origin=PGF&endRange=2025-10-14T23:59:59Z&startRange=2025-05-15T09:00:00Z,,,,,,,
,,,,,,OTP,,,,,IAS,,,,2025-10-14T23:59:59Z,2025-05-15T09:00:00Z,destination=OTP&origin=IAS&endRange=2025-10-14T23:59:59Z&startRange=2025-05-15T09:00:00Z,,,,,,,
,,,,,,SFO,,,,,CDG,,,,2025-10-14T23:59:59Z,2025-05-15T09:00:00Z,destination=SFO&origin=CDG&endRange=2025-10-14T23:59:59Z&startRange=2025-05-15T09:00:00Z,,,,,,,
,,,,,,VCE,,,,,ORY,,,,2025-10-14T23:59:59Z,2025-05-15T09:00:00Z,destination=VCE&origin=ORY&endRange=2025-10-14T23:59:59Z&startRange=2025-05-15T09:00:00Z,,,,,,,
,,,,,,PGF,,,,,ORY,,,,2025-10-14T23:59:59Z,2025-05-15T09:00:00Z,destination=PGF&origin=ORY&endRange=2025-10-14T23:59:59Z&startRange=2025-05-15T09:00:00Z,,,,,,,
,,,,,,IAS,,,,,OTP,,,,2025-10-14T23:59:59Z,2025-05-15T09:00:00Z,destination=IAS&origin=OTP&endRange=2025-10-14T23:59:59Z&startRange=2025-05-15T09:00:00Z,,,,,,,
,,,,,,FCO,,,,,NCE,,,,2025-10-14T23:59:59Z,2025-05-15T09:00:00Z,destination=FCO&origin=NCE&endRange=2025-10-14T23:59:59Z&startRange=2025-05-15T09:00:00Z,,,,,,,
,,,,,,FCO,,,,,SUF,,,,2025-10-14T23:59:59Z,2025-05-15T09:00:00Z,destination=FCO&origin=SUF&endRange=2025-10-14T23:59:59Z&startRange=2025-05-15T09:00:00Z,,,,,,,
,,,,,,ORD,,,,,CDG,,,,2025-10-14T23:59:59Z,2025-05-15T09:00:00Z,destination=ORD&origin=CDG&endRange=2025-10-14T23:59:59Z&startRange=2025-05-15T09:00:00Z,,,,,,,
,,,,,,HAJ,,,,,CDG,,,,2025-10-14T23:59:59Z,2025-05-15T09:00:00Z,destination=HAJ&origin=CDG&endRange=2025-10-14T23:59:59Z&startRange=2025-05-15T09:00:00Z,,,,,,,
,,,,,,CDG,,,,,ORD,,,,2025-10-14T23:59:59Z,2025-05-15T09:00:00Z,destination=CDG&origin=ORD&endRange=2025-10-14T23:59:59Z&startRange=2025-05-15T09:00:00Z,,,,,,,
,,,,,,CDG,,,,,HAJ,,,,2025-10-14T23:59:59Z,2025-05-15T09:00:00Z,destination=CDG&origin=HAJ&endRange=2025-10-14T23:59:59Z&startRange=2025-05-15T09:00:00Z,,,,,,,
,,,,,,NCE,,,,,FCO,,,,2025-10-14T23:59:59Z,2025-05-15T09:00:00Z,destination=NCE&origin=FCO&endRange=2025-10-14T23:59:59Z&startRange=2025-05-15T09:00:00Z,,,,,,,
,,,,,,PVG,,,,,CDG,,,,2025-10-14T23:59:59Z,2025-05-15T09:00:00Z,destination=PVG&origin=CDG&endRange=2025-10-14T23:59:59Z&startRange=2025-05-15T09:00:00Z,,,,,,,
,,,,,,CDG,,,,,PEK,,,,2025-10-14T23:59:59Z,2025-05-15T09:00:00Z,destination=CDG&origin=PEK&endRange=2025-10-14T23:59:59Z&startRange=2025-05-15T09:00:00Z,,,,,,,
,,,,,,PEK,,,,,CDG,,,,2025-10-14T23:59:59Z,2025-05-15T09:00:00Z,destination=PEK&origin=CDG&endRange=2025-10-14T23:59:59Z&startRange=2025-05-15T09:00:00Z,,,,,,,
,,,,,,CDG,,,,,PVG,,,,2025-10-14T23:59:59Z,2025-05-15T09:00:00Z,destination=CDG&origin=PVG&endRange=2025-10-14T23:59:59Z&startRange=2025-05-15T09:00:00Z,,,,,,,
,,,,,,MAD,,,,,TFN,,,,2025-10-14T23:59:59Z,2025-05-15T09:00:00Z,destination=MAD&origin=TFN&endRange=2025-10-14T23:59:59Z&startRange=2025-05-15T09:00:00Z,,,,,,,
,,,,,,ORY,,,,,TLN,,,,2025-10-14T23:59:59Z,2025-05-15T09:00:00Z,destination=ORY&origin=TLN&endRange=2025-10-14T23:59:59Z&startRange=2025-05-15T09:00:00Z,,,,,,,
,,,,,,HEL,,,,,ARN,,,,2025-10-14T23:59:59Z,2025-05-15T09:00:00Z,destination=HEL&origin=ARN&endRange=2025-10-14T23:59:59Z&startRange=2025-05-15T09:00:00Z,,,,,,,
,,,,,,FSC,,,,,ORY,,,,2025-10-14T23:59:59Z,2025-05-15T09:00:00Z,destination=FSC&origin=ORY&endRange=2025-10-14T23:59:59Z&startRange=2025-05-15T09:00:00Z,,,,,,,
,,,,,,ORY,,,,,FSC,,,,2025-10-14T23:59:59Z,2025-05-15T09:00:00Z,destination=ORY&origin=FSC&endRange=2025-10-14T23:59:59Z&startRange=2025-05-15T09:00:00Z,,,,,,,
,,,,,,CDG,,,,,DJE,,,,2025-10-14T23:59:59Z,2025-05-15T09:00:00Z,destination=CDG&origin=DJE&endRange=2025-10-14T23:59:59Z&startRange=2025-05-15T09:00:00Z,,,,,,,
,,,,,,AMS,,,,,BFS,,,,2025-10-14T23:59:59Z,2025-05-15T09:00:00Z,destination=AMS&origin=BFS&endRange=2025-10-14T23:59:59Z&startRange=2025-05-15T09:00:00Z,,,,,,,
,,,,,,CLJ,,,,,OTP,,,,2025-10-14T23:59:59Z,2025-05-15T09:00:00Z,destination=CLJ&origin=OTP&endRange=2025-10-14T23:59:59Z&startRange=2025-05-15T09:00:00Z,,,,,,,
,,,,,,NCL,,,,,CDG,,,,2025-10-14T23:59:59Z,2025-05-15T09:00:00Z,destination=NCL&origin=CDG&endRange=2025-10-14T23:59:59Z&startRange=2025-05-15T09:00:00Z,,,,,,,
,,,,,,TLN,,,,,ORY,,,,2025-10-14T23:59:59Z,2025-05-15T09:00:00Z,destination=TLN&origin=ORY&endRange=2025-10-14T23:59:59Z&startRange=2025-05-15T09:00:00Z,,,,,,,
,,,,,,BOO,,,,,TRD,,,,2025-10-14T23:59:59Z,2025-05-15T09:00:00Z,destination=BOO&origin=TRD&endRange=2025-10-14T23:59:59Z&startRange=2025-05-15T09:00:00Z,,,,,,,
,,,,,,BRU,,,,,CDG,,,,2025-10-14T23:59:59Z,2025-05-15T09:00:00Z,destination=BRU&origin=CDG&endRange=2025-10-14T23:59:59Z&startRange=2025-05-15T09:00:00Z,,,,,,,
,,,,,,CDG,,,,,NCL,,,,2025-10-14T23:59:59Z,2025-05-15T09:00:00Z,destination=CDG&origin=NCL&endRange=2025-10-14T23:59:59Z&startRange=2025-05-15T09:00:00Z,,,,,,,
,,,,,,FCO,,,,,BLQ,,,,2025-10-14T23:59:59Z,2025-05-15T09:00:00Z,destination=FCO&origin=BLQ&endRange=2025-10-14T23:59:59Z&startRange=2025-05-15T09:00:00Z,,,,,,,
,,,,,,TRD,,,,,BOO,,,,2025-10-14T23:59:59Z,2025-05-15T09:00:00Z,destination=TRD&origin=BOO&endRange=2025-10-14T23:59:59Z&startRange=2025-05-15T09:00:00Z,,,,,,,
,,,,,,CDG,,,,,SVQ,,,,2025-10-14T23:59:59Z,2025-05-15T09:00:00Z,destination=CDG&origin=SVQ&endRange=2025-10-14T23:59:59Z&startRange=2025-05-15T09:00:00Z,,,,,,,
,,,,,,VCE,,,,,FCO,,,,2025-10-14T23:59:59Z,2025-05-15T09:00:00Z,destination=VCE&origin=FCO&endRange=2025-10-14T23:59:59Z&startRange=2025-05-15T09:00:00Z,,,,,,,
,,,,,,ARN,,,,,TLL,,,,2025-10-14T23:59:59Z,2025-05-15T09:00:00Z,destination=ARN&origin=TLL&endRange=2025-10-14T23:59:59Z&startRange=2025-05-15T09:00:00Z,,,,,,,
,,,,,,SVQ,,,,,CDG,,,,2025-10-14T23:59:59Z,2025-05-15T09:00:00Z,destination=SVQ&origin=CDG&endRange=2025-10-14T23:59:59Z&startRange=2025-05-15T09:00:00Z,,,,,,,
,,,,,,CPH,,,,,TRD,,,,2025-10-14T23:59:59Z,2025-05-15T09:00:00Z,destination=CPH&origin=TRD&endRange=2025-10-14T23:59:59Z&startRange=2025-05-15T09:00:00Z,,,,,,,
,,,,,,ORY,,,,,BIQ,,,,2025-10-14T23:59:59Z,2025-05-15T09:00:00Z,destination=ORY&origin=BIQ&endRange=2025-10-14T23:59:59Z&startRange=2025-05-15T09:00:00Z,,,,,,,
,,,,,,SUF,,,,,FCO,,,,2025-10-14T23:59:59Z,2025-05-15T09:00:00Z,destination=SUF&origin=FCO&endRange=2025-10-14T23:59:59Z&startRange=2025-05-15T09:00:00Z,,,,,,,
,,,,,,DTW,,,,,CDG,,,,2025-10-14T23:59:59Z,2025-05-15T09:00:00Z,destination=DTW&origin=CDG&endRange=2025-10-14T23:59:59Z&startRange=2025-05-15T09:00:00Z,,,,,,,
,,,,,,BIQ,,,,,ORY,,,,2025-10-14T23:59:59Z,2025-05-15T09:00:00Z,destination=BIQ&origin=ORY&endRange=2025-10-14T23:59:59Z&startRange=2025-05-15T09:00:00Z,,,,,,,
,,,,,,BLQ,,,,,FCO,,,,2025-10-14T23:59:59Z,2025-05-15T09:00:00Z,destination=BLQ&origin=FCO&endRange=2025-10-14T23:59:59Z&startRange=2025-05-15T09:00:00Z,,,,,,,
,,,,,,CDG,,,,,DTW,,,,2025-10-14T23:59:59Z,2025-05-15T09:00:00Z,destination=CDG&origin=DTW&endRange=2025-10-14T23:59:59Z&startRange=2025-05-15T09:00:00Z,,,,,,,
,,,,,,FCO,,,,,TRN,,,,2025-10-14T23:59:59Z,2025-05-15T09:00:00Z,destination=FCO&origin=TRN&endRange=2025-10-14T23:59:59Z&startRange=2025-05-15T09:00:00Z,,,,,,,
,,,,,,OTP,,,,,CLJ,,,,2025-10-14T23:59:59Z,2025-05-15T09:00:00Z,destination=OTP&origin=CLJ&endRange=2025-10-14T23:59:59Z&startRange=2025-05-15T09:00:00Z,,,,,,,
,,,,,,TRF,,,,,BGO,,,,2025-10-14T23:59:59Z,2025-05-15T09:00:00Z,destination=TRF&origin=BGO&endRange=2025-10-14T23:59:59Z&startRange=2025-05-15T09:00:00Z,,,,,,,
,,,,,,DJE,,,,,CDG,,,,2025-10-14T23:59:59Z,2025-05-15T09:00:00Z,destination=DJE&origin=CDG&endRange=2025-10-14T23:59:59Z&startRange=2025-05-15T09:00:00Z,,,,,,,
,,,,,,DEL,,,,,CDG,,,,2025-10-14T23:59:59Z,2025-05-15T09:00:00Z,destination=DEL&origin=CDG&endRange=2025-10-14T23:59:59Z&startRange=2025-05-15T09:00:00Z,,,,,,,
,,,,,,KRS,,,,,AMS,,,,2025-10-14T23:59:59Z,2025-05-15T09:00:00Z,destination=KRS&origin=AMS&endRange=2025-10-14T23:59:59Z&startRange=2025-05-15T09:00:00Z,,,,,,,
,,,,,,ORY,,,,,PMO,,,,2025-10-14T23:59:59Z,2025-05-15T09:00:00Z,destination=ORY&origin=PMO&endRange=2025-10-14T23:59:59Z&startRange=2025-05-15T09:00:00Z,,,,,,,
,,,,,,CDG,,,,,DEL,,,,2025-10-14T23:59:59Z,2025-05-15T09:00:00Z,destination=CDG&origin=DEL&endRange=2025-10-14T23:59:59Z&startRange=2025-05-15T09:00:00Z,,,,,,,
,,,,,,ZAG,,,,,CDG,,,,2025-10-14T23:59:59Z,2025-05-15T09:00:00Z,destination=ZAG&origin=CDG&endRange=2025-10-14T23:59:59Z&startRange=2025-05-15T09:00:00Z,,,,,,,
,,,,,,FCO,,,,,JFK,,,,2025-10-14T23:59:59Z,2025-05-15T09:00:00Z,destination=FCO&origin=JFK&endRange=2025-10-14T23:59:59Z&startRange=2025-05-15T09:00:00Z,,,,,,,
,,,,,,PMO,,,,,ORY,,,,2025-10-14T23:59:59Z,2025-05-15T09:00:00Z,destination=PMO&origin=ORY&endRange=2025-10-14T23:59:59Z&startRange=2025-05-15T09:00:00Z,,,,,,,
,,,,,,BRS,,,,,CDG,,,,2025-10-14T23:59:59Z,2025-05-15T09:00:00Z,destination=BRS&origin=CDG&endRange=2025-10-14T23:59:59Z&startRange=2025-05-15T09:00:00Z,,,,,,,
,,,,,,HEL,,,,,TLL,,,,2025-10-14T23:59:59Z,2025-05-15T09:00:00Z,destination=HEL&origin=TLL&endRange=2025-10-14T23:59:59Z&startRange=2025-05-15T09:00:00Z,,,,,,,
,,,,,,AMS,,,,,KRS,,,,2025-10-14T23:59:59Z,2025-05-15T09:00:00Z,destination=AMS&origin=KRS&endRange=2025-10-14T23:59:59Z&startRange=2025-05-15T09:00:00Z,,,,,,,
,,,,,,JFK,,,,,FCO,,,,2025-10-14T23:59:59Z,2025-05-15T09:00:00Z,destination=JFK&origin=FCO&endRange=2025-10-14T23:59:59Z&startRange=2025-05-15T09:00:00Z,,,,,,,
,,,,,,CDG,,,,,ZAG,,,,2025-10-14T23:59:59Z,2025-05-15T09:00:00Z,destination=CDG&origin=ZAG&endRange=2025-10-14T23:59:59Z&startRange=2025-05-15T09:00:00Z,,,,,,,
,,,,,,AMS,,,,,NAP,,,,2025-10-14T23:59:59Z,2025-05-15T09:00:00Z,destination=AMS&origin=NAP&endRange=2025-10-14T23:59:59Z&startRange=2025-05-15T09:00:00Z,,,,,,,
,,,,,,CDG,,,,,BRS,,,,2025-10-14T23:59:59Z,2025-05-15T09:00:00Z,destination=CDG&origin=BRS&endRange=2025-10-14T23:59:59Z&startRange=2025-05-15T09:00:00Z,,,,,,,
,,,,,,MRS,,,,,ORY,,,,2025-10-14T23:59:59Z,2025-05-15T09:00:00Z,destination=MRS&origin=ORY&endRange=2025-10-14T23:59:59Z&startRange=2025-05-15T09:00:00Z,,,,,,,
,,,,,,ORY,,,,,MRS,,,,2025-10-14T23:59:59Z,2025-05-15T09:00:00Z,destination=ORY&origin=MRS&endRange=2025-10-14T23:59:59Z&startRange=2025-05-15T09:00:00Z,,,,,,,
,,,,,,INV,,,,,AMS,,,,2025-10-14T23:59:59Z,2025-05-15T09:00:00Z,destination=INV&origin=AMS&endRange=2025-10-14T23:59:59Z&startRange=2025-05-15T09:00:00Z,,,,,,,
,,,,,,OTP,,,,,TSR,,,,2025-10-14T23:59:59Z,2025-05-15T09:00:00Z,destination=OTP&origin=TSR&endRange=2025-10-14T23:59:59Z&startRange=2025-05-15T09:00:00Z,,,,,,,
,,,,,,NAP,,,,,AMS,,,,2025-10-14T23:59:59Z,2025-05-15T09:00:00Z,destination=NAP&origin=AMS&endRange=2025-10-14T23:59:59Z&startRange=2025-05-15T09:00:00Z,,,,,,,
,,,,,,TLL,,,,,ARN,,,,2025-10-14T23:59:59Z,2025-05-15T09:00:00Z,destination=TLL&origin=ARN&endRange=2025-10-14T23:59:59Z&startRange=2025-05-15T09:00:00Z,,,,,,,
,,,,,,AES,,,,,OSL,,,,2025-10-14T23:59:59Z,2025-05-15T09:00:00Z,destination=AES&origin=OSL&endRange=2025-10-14T23:59:59Z&startRange=2025-05-15T09:00:00Z,,,,,,,
,,,,,,ALG,,,,,LYS,,,,2025-10-14T23:59:59Z,2025-05-15T09:00:00Z,destination=ALG&origin=LYS&endRange=2025-10-14T23:59:59Z&startRange=2025-05-15T09:00:00Z,,,,,,,
,,,,,,AMS,,,,,INV,,,,2025-10-14T23:59:59Z,2025-05-15T09:00:00Z,destination=AMS&origin=INV&endRange=2025-10-14T23:59:59Z&startRange=2025-05-15T09:00:00Z,,,,,,,
,,,,,,KRS,,,,,OSL,,,,2025-10-14T23:59:59Z,2025-05-15T09:00:00Z,destination=KRS&origin=OSL&endRange=2025-10-14T23:59:59Z&startRange=2025-05-15T09:00:00Z,,,,,,,
,,,,,,MME,,,,,AMS,,,,2025-10-14T23:59:59Z,2025-05-15T09:00:00Z,destination=MME&origin=AMS&endRange=2025-10-14T23:59:59Z&startRange=2025-05-15T09:00:00Z,,,,,,,
,,,,,,AMS,,,,,MME,,,,2025-10-14T23:59:59Z,2025-05-15T09:00:00Z,destination=AMS&origin=MME&endRange=2025-10-14T23:59:59Z&startRange=2025-05-15T09:00:00Z,,,,,,,
,,,,,,FLR,,,,,ORY,,,,2025-10-14T23:59:59Z,2025-05-15T09:00:00Z,destination=FLR&origin=ORY&endRange=2025-10-14T23:59:59Z&startRange=2025-05-15T09:00:00Z,,,,,,,
,,,,,,ORY,,,,,FLR,,,,2025-10-14T23:59:59Z,2025-05-15T09:00:00Z,destination=ORY&origin=FLR&endRange=2025-10-14T23:59:59Z&startRange=2025-05-15T09:00:00Z,,,,,,,
,,,,,,MAD,,,,,IBZ,,,,2025-10-14T23:59:59Z,2025-05-15T09:00:00Z,destination=MAD&origin=IBZ&endRange=2025-10-14T23:59:59Z&startRange=2025-05-15T09:00:00Z,,,,,,,
,,,,,,RMO,,,,,OTP,,,,2025-10-14T23:59:59Z,2025-05-15T09:00:00Z,destination=RMO&origin=OTP&endRange=2025-10-14T23:59:59Z&startRange=2025-05-15T09:00:00Z,,,,,,,
,,,,,,AMS,,,,,KGS,,,,2025-10-14T23:59:59Z,2025-05-15T09:00:00Z,destination=AMS&origin=KGS&endRange=2025-10-14T23:59:59Z&startRange=2025-05-15T09:00:00Z,,,,,,,
,,,,,,SFO,,,,,AMS,,,,2025-10-14T23:59:59Z,2025-05-15T09:00:00Z,destination=SFO&origin=AMS&endRange=2025-10-14T23:59:59Z&startRange=2025-05-15T09:00:00Z,,,,,,,
,,,,,,TNG,,,,,ORY,,,,2025-10-14T23:59:59Z,2025-05-15T09:00:00Z,destination=TNG&origin=ORY&endRange=2025-10-14T23:59:59Z&startRange=2025-05-15T09:00:00Z,,,,,,,
,,,,,,ORY,,,,,TNG,,,,2025-10-14T23:59:59Z,2025-05-15T09:00:00Z,destination=ORY&origin=TNG&endRange=2025-10-14T23:59:59Z&startRange=2025-05-15T09:00:00Z,,,,,,,
,,,,,,OSL,,,,,KRS,,,,2025-10-14T23:59:59Z,2025-05-15T09:00:00Z,destination=OSL&origin=KRS&endRange=2025-10-14T23:59:59Z&startRange=2025-05-15T09:00:00Z,,,,,,,
,,,,,,AMS,,,,,SFO,,,,2025-10-14T23:59:59Z,2025-05-15T09:00:00Z,destination=AMS&origin=SFO&endRange=2025-10-14T23:59:59Z&startRange=2025-05-15T09:00:00Z,,,,,,,
,,,,,,IBZ,,,,,MAD,,,,2025-10-14T23:59:59Z,2025-05-15T09:00:00Z,destination=IBZ&origin=MAD&endRange=2025-10-14T23:59:59Z&startRange=2025-05-15T09:00:00Z,,,,,,,
,,,,,,KGS,,,,,AMS,,,,2025-10-14T23:59:59Z,2025-05-15T09:00:00Z,destination=KGS&origin=AMS&endRange=2025-10-14T23:59:59Z&startRange=2025-05-15T09:00:00Z,,,,,,,
,,,,,,LUX,,,,,CDG,,,,2025-10-14T23:59:59Z,2025-05-15T09:00:00Z,destination=LUX&origin=CDG&endRange=2025-10-14T23:59:59Z&startRange=2025-05-15T09:00:00Z,,,,,,,
,,,,,,AMS,,,,,RHO,,,,2025-10-14T23:59:59Z,2025-05-15T09:00:00Z,destination=AMS&origin=RHO&endRange=2025-10-14T23:59:59Z&startRange=2025-05-15T09:00:00Z,,,,,,,
,,,,,,CDG,,,,,LUX,,,,2025-10-14T23:59:59Z,2025-05-15T09:00:00Z,destination=CDG&origin=LUX&endRange=2025-10-14T23:59:59Z&startRange=2025-05-15T09:00:00Z,,,,,,,
,,,,,,BOO,,,,,BGO,,,,2025-10-14T23:59:59Z,2025-05-15T09:00:00Z,destination=BOO&origin=BGO&endRange=2025-10-14T23:59:59Z&startRange=2025-05-15T09:00:00Z,,,,,,,
,,,,,,RHO,,,,,AMS,,,,2025-10-14T23:59:59Z,2025-05-15T09:00:00Z,destination=RHO&origin=AMS&endRange=2025-10-14T23:59:59Z&startRange=2025-05-15T09:00:00Z,,,,,,,
,,,,,,ORK,,,,,AMS,,,,2025-10-14T23:59:59Z,2025-05-15T09:00:00Z,destination=ORK&origin=AMS&endRange=2025-10-14T23:59:59Z&startRange=2025-05-15T09:00:00Z,,,,,,,
,,,,,,DSS,,,,,CDG,,,,2025-10-14T23:59:59Z,2025-05-15T09:00:00Z,destination=DSS&origin=CDG&endRange=2025-10-14T23:59:59Z&startRange=2025-05-15T09:00:00Z,,,,,,,
,,,,,,CPH,,,,,VNO,,,,2025-10-14T23:59:59Z,2025-05-15T09:00:00Z,destination=CPH&origin=VNO&endRange=2025-10-14T23:59:59Z&startRange=2025-05-15T09:00:00Z,,,,,,,
,,,,,,AMS,,,,,ORK,,,,2025-10-14T23:59:59Z,2025-05-15T09:00:00Z,destination=AMS&origin=ORK&endRange=2025-10-14T23:59:59Z&startRange=2025-05-15T09:00:00Z,,,,,,,
,,,,,,MAH,,,,,ORY,,,,2025-10-14T23:59:59Z,2025-05-15T09:00:00Z,destination=MAH&origin=ORY&endRange=2025-10-14T23:59:59Z&startRange=2025-05-15T09:00:00Z,,,,,,,
,,,,,,ORY,,,,,MAH,,,,2025-10-14T23:59:59Z,2025-05-15T09:00:00Z,destination=ORY&origin=MAH&endRange=2025-10-14T23:59:59Z&startRange=2025-05-15T09:00:00Z,,,,,,,
,,,,,,GOA,,,,,AMS,,,,2025-10-14T23:59:59Z,2025-05-15T09:00:00Z,destination=GOA&origin=AMS&endRange=2025-10-14T23:59:59Z&startRange=2025-05-15T09:00:00Z,,,,,,,
,,,,,,CDG,,,,,DSS,,,,2025-10-14T23:59:59Z,2025-05-15T09:00:00Z,destination=CDG&origin=DSS&endRange=2025-10-14T23:59:59Z&startRange=2025-05-15T09:00:00Z,,,,,,,
,,,,,,CDG,,,,,GOT,,,,2025-10-14T23:59:59Z,2025-05-15T09:00:00Z,destination=CDG&origin=GOT&endRange=2025-10-14T23:59:59Z&startRange=2025-05-15T09:00:00Z,,,,,,,
,,,,,,AMS,,,,,GOA,,,,2025-10-14T23:59:59Z,2025-05-15T09:00:00Z,destination=AMS&origin=GOA&endRange=2025-10-14T23:59:59Z&startRange=2025-05-15T09:00:00Z,,,,,,,
,,,,,,GOT,,,,,CDG,,,,2025-10-14T23:59:59Z,2025-05-15T09:00:00Z,destination=GOT&origin=CDG&endRange=2025-10-14T23:59:59Z&startRange=2025-05-15T09:00:00Z,,,,,,,
,,,,,,MAD,,,,,LPA,,,,2025-10-14T23:59:59Z,2025-05-15T09:00:00Z,destination=MAD&origin=LPA&endRange=2025-10-14T23:59:59Z&startRange=2025-05-15T09:00:00Z,,,,,,,
,,,,,,GLA,,,,,CDG,,,,2025-10-14T23:59:59Z,2025-05-15T09:00:00Z,destination=GLA&origin=CDG&endRange=2025-10-14T23:59:59Z&startRange=2025-05-15T09:00:00Z,,,,,,,
,,,,,,CDG,,,,,GLA,,,,2025-10-14T23:59:59Z,2025-05-15T09:00:00Z,destination=CDG&origin=GLA&endRange=2025-10-14T23:59:59Z&startRange=2025-05-15T09:00:00Z,,,,,,,
,,,,,,CDG,,,,,BIO,,,,2025-10-14T23:59:59Z,2025-05-15T09:00:00Z,destination=CDG&origin=BIO&endRange=2025-10-14T23:59:59Z&startRange=2025-05-15T09:00:00Z,,,,,,,
,,,,,,BIO,,,,,CDG,,,,2025-10-14T23:59:59Z,2025-05-15T09:00:00Z,destination=BIO&origin=CDG&endRange=2025-10-14T23:59:59Z&startRange=2025-05-15T09:00:00Z,,,,,,,
,,,,,,BKK,,,,,CDG,,,,2025-10-14T23:59:59Z,2025-05-15T09:00:00Z,destination=BKK&origin=CDG&endRange=2025-10-14T23:59:59Z&startRange=2025-05-15T09:00:00Z,,,,,,,
,,,,,,ORY,,,,,BJA,,,,2025-10-14T23:59:59Z,2025-05-15T09:00:00Z,destination=ORY&origin=BJA&endRange=2025-10-14T23:59:59Z&startRange=2025-05-15T09:00:00Z,,,,,,,
,,,,,,LIN,,,,,AHO,,,,2025-10-14T23:59:59Z,2025-05-15T09:00:00Z,destination=LIN&origin=AHO&endRange=2025-10-14T23:59:59Z&startRange=2025-05-15T09:00:00Z,,,,,,,
,,,,,,CDG,,,,,BLL,,,,2025-10-14T23:59:59Z,2025-05-15T09:00:00Z,destination=CDG&origin=BLL&endRange=2025-10-14T23:59:59Z&startRange=2025-05-15T09:00:00Z,,,,,,,
,,,,,,CDG,,,,,BKK,,,,2025-10-14T23:59:59Z,2025-05-15T09:00:00Z,destination=CDG&origin=BKK&endRange=2025-10-14T23:59:59Z&startRange=2025-05-15T09:00:00Z,,,,,,,
,,,,,,BLL,,,,,CDG,,,,2025-10-14T23:59:59Z,2025-05-15T09:00:00Z,destination=BLL&origin=CDG&endRange=2025-10-14T23:59:59Z&startRange=2025-05-15T09:00:00Z,,,,,,,
,,,,,,AHO,,,,,LIN,,,,2025-10-14T23:59:59Z,2025-05-15T09:00:00Z,destination=AHO&origin=LIN&endRange=2025-10-14T23:59:59Z&startRange=2025-05-15T09:00:00Z,,,,,,,
,,,,,,OLB,,,,,ORY,,,,2025-10-14T23:59:59Z,2025-05-15T09:00:00Z,destination=OLB&origin=ORY&endRange=2025-10-14T23:59:59Z&startRange=2025-05-15T09:00:00Z,,,,,,,
,,,,,,ORY,,,,,OLB,,,,2025-10-14T23:59:59Z,2025-05-15T09:00:00Z,destination=ORY&origin=OLB&endRange=2025-10-14T23:59:59Z&startRange=2025-05-15T09:00:00Z,,,,,,,
,,,,,,LHR,,,,,MCO,,,,2025-10-14T23:59:59Z,2025-05-15T09:00:00Z,destination=LHR&origin=MCO&endRange=2025-10-14T23:59:59Z&startRange=2025-05-15T09:00:00Z,,,,,,,
,,,,,,BJA,,,,,ORY,,,,2025-10-14T23:59:59Z,2025-05-15T09:00:00Z,destination=BJA&origin=ORY&endRange=2025-10-14T23:59:59Z&startRange=2025-05-15T09:00:00Z,,,,,,,
,,,,,,KSU,,,,,OSL,,,,2025-10-14T23:59:59Z,2025-05-15T09:00:00Z,destination=KSU&origin=OSL&endRange=2025-10-14T23:59:59Z&startRange=2025-05-15T09:00:00Z,,,,,,,
,,,,,,MCO,,,,,LHR,,,,2025-10-14T23:59:59Z,2025-05-15T09:00:00Z,destination=MCO&origin=LHR&endRange=2025-10-14T23:59:59Z&startRange=2025-05-15T09:00:00Z,,,,,,,
,,,,,,EWR,,,,,ORY,,,,2025-10-14T23:59:59Z,2025-05-15T09:00:00Z,destination=EWR&origin=ORY&endRange=2025-10-14T23:59:59Z&startRange=2025-05-15T09:00:00Z,,,,,,,
,,,,,,ORY,,,,,SVQ,,,,2025-10-14T23:59:59Z,2025-05-15T09:00:00Z,destination=ORY&origin=SVQ&endRange=2025-10-14T23:59:59Z&startRange=2025-05-15T09:00:00Z,,,,,,,
,,,,,,ORY,,,,,EWR,,,,2025-10-14T23:59:59Z,2025-05-15T09:00:00Z,destination=ORY&origin=EWR&endRange=2025-10-14T23:59:59Z&startRange=2025-05-15T09:00:00Z,,,,,,,
,,,,,,SVQ,,,,,ORY,,,,2025-10-14T23:59:59Z,2025-05-15T09:00:00Z,destination=SVQ&origin=ORY&endRange=2025-10-14T23:59:59Z&startRange=2025-05-15T09:00:00Z,,,,,,,
,,,,,,LPA,,,,,MAD,,,,2025-10-14T23:59:59Z,2025-05-15T09:00:00Z,destination=LPA&origin=MAD&endRange=2025-10-14T23:59:59Z&startRange=2025-05-15T09:00:00Z,,,,,,,
,,,,,,FCO,,,,,ATL,,,,2025-10-14T23:59:59Z,2025-05-15T09:00:00Z,destination=FCO&origin=ATL&endRange=2025-10-14T23:59:59Z&startRange=2025-05-15T09:00:00Z,,,,,,,
,,,,,,ATL,,,,,FCO,,,,2025-10-14T23:59:59Z,2025-05-15T09:00:00Z,destination=ATL&origin=FCO&endRange=2025-10-14T23:59:59Z&startRange=2025-05-15T09:00:00Z,,,,,,,
,,,,,,LIN,,,,,SUF,,,,2025-10-14T23:59:59Z,2025-05-15T09:00:00Z,destination=LIN&origin=SUF&endRange=2025-10-14T23:59:59Z&startRange=2025-05-15T09:00:00Z,,,,,,,
,,,,,,ORY,,,,,MLA,,,,2025-10-14T23:59:59Z,2025-05-15T09:00:00Z,destination=ORY&origin=MLA&endRange=2025-10-14T23:59:59Z&startRange=2025-05-15T09:00:00Z,,,,,,,
,,,,,,VNO,,,,,CPH,,,,2025-10-14T23:59:59Z,2025-05-15T09:00:00Z,destination=VNO&origin=CPH&endRange=2025-10-14T23:59:59Z&startRange=2025-05-15T09:00:00Z,,,,,,,
,,,,,,MLA,,,,,ORY,,,,2025-10-14T23:59:59Z,2025-05-15T09:00:00Z,destination=MLA&origin=ORY&endRange=2025-10-14T23:59:59Z&startRange=2025-05-15T09:00:00Z,,,,,,,
,,,,,,OTP,,,,,RMO,,,,2025-10-14T23:59:59Z,2025-05-15T09:00:00Z,destination=OTP&origin=RMO&endRange=2025-10-14T23:59:59Z&startRange=2025-05-15T09:00:00Z,,,,,,,
,,,,,,SUF,,,,,LIN,,,,2025-10-14T23:59:59Z,2025-05-15T09:00:00Z,destination=SUF&origin=LIN&endRange=2025-10-14T23:59:59Z&startRange=2025-05-15T09:00:00Z,,,,,,,
,,,,,,HEL,,,,,CPH,,,,2025-10-14T23:59:59Z,2025-05-15T09:00:00Z,destination=HEL&origin=CPH&endRange=2025-10-14T23:59:59Z&startRange=2025-05-15T09:00:00Z,,,,,,,
,,,,,,ORY,,,,,LGW,,,,2025-10-14T23:59:59Z,2025-05-15T09:00:00Z,destination=ORY&origin=LGW&endRange=2025-10-14T23:59:59Z&startRange=2025-05-15T09:00:00Z,,,,,,,
,,,,,,LGW,,,,,ORY,,,,2025-10-14T23:59:59Z,2025-05-15T09:00:00Z,destination=LGW&origin=ORY&endRange=2025-10-14T23:59:59Z&startRange=2025-05-15T09:00:00Z,,,,,,,
,,,,,,ABJ,,,,,CDG,,,,2025-10-14T23:59:59Z,2025-05-15T09:00:00Z,destination=ABJ&origin=CDG&endRange=2025-10-14T23:59:59Z&startRange=2025-05-15T09:00:00Z,,,,,,,
,,,,,,CPH,,,,,HEL,,,,2025-10-14T23:59:59Z,2025-05-15T09:00:00Z,destination=CPH&origin=HEL&endRange=2025-10-14T23:59:59Z&startRange=2025-05-15T09:00:00Z,,,,,,,
,,,,,,CDG,,,,,AUH,,,,2025-10-14T23:59:59Z,2025-05-15T09:00:00Z,destination=CDG&origin=AUH&endRange=2025-10-14T23:59:59Z&startRange=2025-05-15T09:00:00Z,,,,,,,
,,,,,,CDG,,,,,ABJ,,,,2025-10-14T23:59:59Z,2025-05-15T09:00:00Z,destination=CDG&origin=ABJ&endRange=2025-10-14T23:59:59Z&startRange=2025-05-15T09:00:00Z,,,,,,,
,,,,,,IAH,,,,,AMS,,,,2025-10-14T23:59:59Z,2025-05-15T09:00:00Z,destination=IAH&origin=AMS&endRange=2025-10-14T23:59:59Z&startRange=2025-05-15T09:00:00Z,,,,,,,
,,,,,,AUH,,,,,CDG,,,,2025-10-14T23:59:59Z,2025-05-15T09:00:00Z,destination=AUH&origin=CDG&endRange=2025-10-14T23:59:59Z&startRange=2025-05-15T09:00:00Z,,,,,,,
,,,,,,IAD,,,,,AMS,,,,2025-10-14T23:59:59Z,2025-05-15T09:00:00Z,destination=IAD&origin=AMS&endRange=2025-10-14T23:59:59Z&startRange=2025-05-15T09:00:00Z,,,,,,,
,,,,,,CDG,,,,,BEG,,,,2025-10-14T23:59:59Z,2025-05-15T09:00:00Z,destination=CDG&origin=BEG&endRange=2025-10-14T23:59:59Z&startRange=2025-05-15T09:00:00Z,,,,,,,
,,,,,,BEG,,,,,CDG,,,,2025-10-14T23:59:59Z,2025-05-15T09:00:00Z,destination=BEG&origin=CDG&endRange=2025-10-14T23:59:59Z&startRange=2025-05-15T09:00:00Z,,,,,,,
,,,,,,ORD,,,,,AMS,,,,2025-10-14T23:59:59Z,2025-05-15T09:00:00Z,destination=ORD&origin=AMS&endRange=2025-10-14T23:59:59Z&startRange=2025-05-15T09:00:00Z,,,,,,,
,,,,,,OSL,,,,,KSU,,,,2025-10-14T23:59:59Z,2025-05-15T09:00:00Z,destination=OSL&origin=KSU&endRange=2025-10-14T23:59:59Z&startRange=2025-05-15T09:00:00Z,,,,,,,
,,,,,,AMS,,,,,TFS,,,,2025-10-14T23:59:59Z,2025-05-15T09:00:00Z,destination=AMS&origin=TFS&endRange=2025-10-14T23:59:59Z&startRange=2025-05-15T09:00:00Z,,,,,,,
,,,,,,BGO,,,,,AES,,,,2025-10-14T23:59:59Z,2025-05-15T09:00:00Z,destination=BGO&origin=AES&endRange=2025-10-14T23:59:59Z&startRange=2025-05-15T09:00:00Z,,,,,,,
,,,,,,VNO,,,,,AMS,,,,2025-10-14T23:59:59Z,2025-05-15T09:00:00Z,destination=VNO&origin=AMS&endRange=2025-10-14T23:59:59Z&startRange=2025-05-15T09:00:00Z,,,,,,,
,,,,,,AES,,,,,BGO,,,,2025-10-14T23:59:59Z,2025-05-15T09:00:00Z,destination=AES&origin=BGO&endRange=2025-10-14T23:59:59Z&startRange=2025-05-15T09:00:00Z,,,,,,,
,,,,,,BGO,,,,,KRS,,,,2025-10-14T23:59:59Z,2025-05-15T09:00:00Z,destination=BGO&origin=KRS&endRange=2025-10-14T23:59:59Z&startRange=2025-05-15T09:00:00Z,,,,,,,
,,,,,,KRS,,,,,BGO,,,,2025-10-14T23:59:59Z,2025-05-15T09:00:00Z,destination=KRS&origin=BGO&endRange=2025-10-14T23:59:59Z&startRange=2025-05-15T09:00:00Z,,,,,,,
,,,,,,SIN,,,,,AMS,,,,2025-10-14T23:59:59Z,2025-05-15T09:00:00Z,destination=SIN&origin=AMS&endRange=2025-10-14T23:59:59Z&startRange=2025-05-15T09:00:00Z,,,,,,,
,,,,,,MEX,,,,,AMS,,,,2025-10-14T23:59:59Z,2025-05-15T09:00:00Z,destination=MEX&origin=AMS&endRange=2025-10-14T23:59:59Z&startRange=2025-05-15T09:00:00Z,,,,,,,
,,,,,,AMS,,,,,IAD,,,,2025-10-14T23:59:59Z,2025-05-15T09:00:00Z,destination=AMS&origin=IAD&endRange=2025-10-14T23:59:59Z&startRange=2025-05-15T09:00:00Z,,,,,,,
,,,,,,SEA,,,,,AMS,,,,2025-10-14T23:59:59Z,2025-05-15T09:00:00Z,destination=SEA&origin=AMS&endRange=2025-10-14T23:59:59Z&startRange=2025-05-15T09:00:00Z,,,,,,,
,,,,,,CDG,,,,,PMI,,,,2025-10-14T23:59:59Z,2025-05-15T09:00:00Z,destination=CDG&origin=PMI&endRange=2025-10-14T23:59:59Z&startRange=2025-05-15T09:00:00Z,,,,,,,
,,,,,,TFS,,,,,AMS,,,,2025-10-14T23:59:59Z,2025-05-15T09:00:00Z,destination=TFS&origin=AMS&endRange=2025-10-14T23:59:59Z&startRange=2025-05-15T09:00:00Z,,,,,,,
,,,,,,AMS,,,,,VNO,,,,2025-10-14T23:59:59Z,2025-05-15T09:00:00Z,destination=AMS&origin=VNO&endRange=2025-10-14T23:59:59Z&startRange=2025-05-15T09:00:00Z,,,,,,,
,,,,,,SEA,,,,,LHR,,,,2025-10-14T23:59:59Z,2025-05-15T09:00:00Z,destination=SEA&origin=LHR&endRange=2025-10-14T23:59:59Z&startRange=2025-05-15T09:00:00Z,,,,,,,
,,,,,,HKG,,,,,CDG,,,,2025-10-14T23:59:59Z,2025-05-15T09:00:00Z,destination=HKG&origin=CDG&endRange=2025-10-14T23:59:59Z&startRange=2025-05-15T09:00:00Z,,,,,,,
,,,,,,SAW,,,,,ORY,,,,2025-10-14T23:59:59Z,2025-05-15T09:00:00Z,destination=SAW&origin=ORY&endRange=2025-10-14T23:59:59Z&startRange=2025-05-15T09:00:00Z,,,,,,,
,,,,,,ORY,,,,,SAW,,,,2025-10-14T23:59:59Z,2025-05-15T09:00:00Z,destination=ORY&origin=SAW&endRange=2025-10-14T23:59:59Z&startRange=2025-05-15T09:00:00Z,,,,,,,
,,,,,,AMS,,,,,LAX,,,,2025-10-14T23:59:59Z,2025-05-15T09:00:00Z,destination=AMS&origin=LAX&endRange=2025-10-14T23:59:59Z&startRange=2025-05-15T09:00:00Z,,,,,,,
,,,,,,PVG,,,,,AMS,,,,2025-10-14T23:59:59Z,2025-05-15T09:00:00Z,destination=PVG&origin=AMS&endRange=2025-10-14T23:59:59Z&startRange=2025-05-15T09:00:00Z,,,,,,,
,,,,,,OUL,,,,,HEL,,,,2025-10-14T23:59:59Z,2025-05-15T09:00:00Z,destination=OUL&origin=HEL&endRange=2025-10-14T23:59:59Z&startRange=2025-05-15T09:00:00Z,,,,,,,
,,,,,,PMI,,,,,CDG,,,,2025-10-14T23:59:59Z,2025-05-15T09:00:00Z,destination=PMI&origin=CDG&endRange=2025-10-14T23:59:59Z&startRange=2025-05-15T09:00:00Z,,,,,,,
,,,,,,POZ,,,,,AMS,,,,2025-10-14T23:59:59Z,2025-05-15T09:00:00Z,destination=POZ&origin=AMS&endRange=2025-10-14T23:59:59Z&startRange=2025-05-15T09:00:00Z,,,,,,,
,,,,,,TLL,,,,,HEL,,,,2025-10-14T23:59:59Z,2025-05-15T09:00:00Z,destination=TLL&origin=HEL&endRange=2025-10-14T23:59:59Z&startRange=2025-05-15T09:00:00Z,,,,,,,
,,,,,,WRO,,,,,AMS,,,,2025-10-14T23:59:59Z,2025-05-15T09:00:00Z,destination=WRO&origin=AMS&endRange=2025-10-14T23:59:59Z&startRange=2025-05-15T09:00:00Z,,,,,,,
,,,,,,AES,,,,,AMS,,,,2025-10-14T23:59:59Z,2025-05-15T09:00:00Z,destination=AES&origin=AMS&endRange=2025-10-14T23:59:59Z&startRange=2025-05-15T09:00:00Z,,,,,,,
,,,,,,BHD,,,,,AMS,,,,2025-10-14T23:59:59Z,2025-05-15T09:00:00Z,destination=BHD&origin=AMS&endRange=2025-10-14T23:59:59Z&startRange=2025-05-15T09:00:00Z,,,,,,,
,,,,,,AMS,,,,,BON,,,,2025-10-14T23:59:59Z,2025-05-15T09:00:00Z,destination=AMS&origin=BON&endRange=2025-10-14T23:59:59Z&startRange=2025-05-15T09:00:00Z,,,,,,,
,,,,,,MIA,,,,,LHR,,,,2025-10-14T23:59:59Z,2025-05-15T09:00:00Z,destination=MIA&origin=LHR&endRange=2025-10-14T23:59:59Z&startRange=2025-05-15T09:00:00Z,,,,,,,
,,,,,,AMS,,,,,DEL,,,,2025-10-14T23:59:59Z,2025-05-15T09:00:00Z,destination=AMS&origin=DEL&endRange=2025-10-14T23:59:59Z&startRange=2025-05-15T09:00:00Z,,,,,,,
,,,,,,CDG,,,,,HKG,,,,2025-10-14T23:59:59Z,2025-05-15T09:00:00Z,destination=CDG&origin=HKG&endRange=2025-10-14T23:59:59Z&startRange=2025-05-15T09:00:00Z,,,,,,,
,,,,,,LAX,,,,,AMS,,,,2025-10-14T23:59:59Z,2025-05-15T09:00:00Z,destination=LAX&origin=AMS&endRange=2025-10-14T23:59:59Z&startRange=2025-05-15T09:00:00Z,,,,,,,
,,,,,,NBO,,,,,CDG,,,,2025-10-14T23:59:59Z,2025-05-15T09:00:00Z,destination=NBO&origin=CDG&endRange=2025-10-14T23:59:59Z&startRange=2025-05-15T09:00:00Z,,,,,,,
,,,,,,AMS,,,,,SEA,,,,2025-10-14T23:59:59Z,2025-05-15T09:00:00Z,destination=AMS&origin=SEA&endRange=2025-10-14T23:59:59Z&startRange=2025-05-15T09:00:00Z,,,,,,,
,,,,,,DEL,,,,,AMS,,,,2025-10-14T23:59:59Z,2025-05-15T09:00:00Z,destination=DEL&origin=AMS&endRange=2025-10-14T23:59:59Z&startRange=2025-05-15T09:00:00Z,,,,,,,
,,,,,,AMS,,,,,SIN,,,,2025-10-14T23:59:59Z,2025-05-15T09:00:00Z,destination=AMS&origin=SIN&endRange=2025-10-14T23:59:59Z&startRange=2025-05-15T09:00:00Z,,,,,,,
,,,,,,AMS,,,,,ORD,,,,2025-10-14T23:59:59Z,2025-05-15T09:00:00Z,destination=AMS&origin=ORD&endRange=2025-10-14T23:59:59Z&startRange=2025-05-15T09:00:00Z,,,,,,,
,,,,,,AMS,,,,,IAH,,,,2025-10-14T23:59:59Z,2025-05-15T09:00:00Z,destination=AMS&origin=IAH&endRange=2025-10-14T23:59:59Z&startRange=2025-05-15T09:00:00Z,,,,,,,
,,,,,,BOG,,,,,CDG,,,,2025-10-14T23:59:59Z,2025-05-15T09:00:00Z,destination=BOG&origin=CDG&endRange=2025-10-14T23:59:59Z&startRange=2025-05-15T09:00:00Z,,,,,,,
,,,,,,JFK,,,,,ATH,,,,2025-10-14T23:59:59Z,2025-05-15T09:00:00Z,destination=JFK&origin=ATH&endRange=2025-10-14T23:59:59Z&startRange=2025-05-15T09:00:00Z,,,,,,,
,,,,,,ATH,,,,,JFK,,,,2025-10-14T23:59:59Z,2025-05-15T09:00:00Z,destination=ATH&origin=JFK&endRange=2025-10-14T23:59:59Z&startRange=2025-05-15T09:00:00Z,,,,,,,
,,,,,,PLQ,,,,,CPH,,,,2025-10-14T23:59:59Z,2025-05-15T09:00:00Z,destination=PLQ&origin=CPH&endRange=2025-10-14T23:59:59Z&startRange=2025-05-15T09:00:00Z,,,,,,,
,,,,,,TLL,,,,,AMS,,,,2025-10-14T23:59:59Z,2025-05-15T09:00:00Z,destination=TLL&origin=AMS&endRange=2025-10-14T23:59:59Z&startRange=2025-05-15T09:00:00Z,,,,,,,
,,,,,,TRN,,,,,AMS,,,,2025-10-14T23:59:59Z,2025-05-15T09:00:00Z,destination=TRN&origin=AMS&endRange=2025-10-14T23:59:59Z&startRange=2025-05-15T09:00:00Z,,,,,,,
,,,,,,AMS,,,,,AES,,,,2025-10-14T23:59:59Z,2025-05-15T09:00:00Z,destination=AMS&origin=AES&endRange=2025-10-14T23:59:59Z&startRange=2025-05-15T09:00:00Z,,,,,,,
,,,,,,AMS,,,,,TLL,,,,2025-10-14T23:59:59Z,2025-05-15T09:00:00Z,destination=AMS&origin=TLL&endRange=2025-10-14T23:59:59Z&startRange=2025-05-15T09:00:00Z,,,,,,,
,,,,,,AMS,,,,,TRN,,,,2025-10-14T23:59:59Z,2025-05-15T09:00:00Z,destination=AMS&origin=TRN&endRange=2025-10-14T23:59:59Z&startRange=2025-05-15T09:00:00Z,,,,,,,
,,,,,,BDS,,,,,LIN,,,,2025-10-14T23:59:59Z,2025-05-15T09:00:00Z,destination=BDS&origin=LIN&endRange=2025-10-14T23:59:59Z&startRange=2025-05-15T09:00:00Z,,,,,,,
,,,,,,LHR,,,,,MIA,,,,2025-10-14T23:59:59Z,2025-05-15T09:00:00Z,destination=LHR&origin=MIA&endRange=2025-10-14T23:59:59Z&startRange=2025-05-15T09:00:00Z,,,,,,,
,,,,,,LHR,,,,,SEA,,,,2025-10-14T23:59:59Z,2025-05-15T09:00:00Z,destination=LHR&origin=SEA&endRange=2025-10-14T23:59:59Z&startRange=2025-05-15T09:00:00Z,,,,,,,
,,,,,,AMS,,,,,MEX,,,,2025-10-14T23:59:59Z,2025-05-15T09:00:00Z,destination=AMS&origin=MEX&endRange=2025-10-14T23:59:59Z&startRange=2025-05-15T09:00:00Z,,,,,,,
,,,,,,AMS,,,,,PVG,,,,2025-10-14T23:59:59Z,2025-05-15T09:00:00Z,destination=AMS&origin=PVG&endRange=2025-10-14T23:59:59Z&startRange=2025-05-15T09:00:00Z,,,,,,,
,,,,,,LIN,,,,,BDS,,,,2025-10-14T23:59:59Z,2025-05-15T09:00:00Z,destination=LIN&origin=BDS&endRange=2025-10-14T23:59:59Z&startRange=2025-05-15T09:00:00Z,,,,,,,
,,,,,,AMS,,,,,BHD,,,,2025-10-14T23:59:59Z,2025-05-15T09:00:00Z,destination=AMS&origin=BHD&endRange=2025-10-14T23:59:59Z&startRange=2025-05-15T09:00:00Z,,,,,,,
,,,,,,AMS,,,,,WRO,,,,2025-10-14T23:59:59Z,2025-05-15T09:00:00Z,destination=AMS&origin=WRO&endRange=2025-10-14T23:59:59Z&startRange=2025-05-15T09:00:00Z,,,,,,,
,,,,,,CDG,,,,,BOG,,,,2025-10-14T23:59:59Z,2025-05-15T09:00:00Z,destination=CDG&origin=BOG&endRange=2025-10-14T23:59:59Z&startRange=2025-05-15T09:00:00Z,,,,,,,
,,,,,,AMS,,,,,POZ,,,,2025-10-14T23:59:59Z,2025-05-15T09:00:00Z,destination=AMS&origin=POZ&endRange=2025-10-14T23:59:59Z&startRange=2025-05-15T09:00:00Z,,,,,,,
,,,,,,SFO,,,,,LHR,,,,2025-10-14T23:59:59Z,2025-05-15T09:00:00Z,destination=SFO&origin=LHR&endRange=2025-10-14T23:59:59Z&startRange=2025-05-15T09:00:00Z,,,,,,,
,,,,,,YUL,,,,,AMS,,,,2025-10-14T23:59:59Z,2025-05-15T09:00:00Z,destination=YUL&origin=AMS&endRange=2025-10-14T23:59:59Z&startRange=2025-05-15T09:00:00Z,,,,,,,
,,,,,,AMS,,,,,TPE,,,,2025-10-14T23:59:59Z,2025-05-15T09:00:00Z,destination=AMS&origin=TPE&endRange=2025-10-14T23:59:59Z&startRange=2025-05-15T09:00:00Z,,,,,,,
,,,,,,CPH,,,,,PLQ,,,,2025-10-14T23:59:59Z,2025-05-15T09:00:00Z,destination=CPH&origin=PLQ&endRange=2025-10-14T23:59:59Z&startRange=2025-05-15T09:00:00Z,,,,,,,
,,,,,,LHR,,,,,SFO,,,,2025-10-14T23:59:59Z,2025-05-15T09:00:00Z,destination=LHR&origin=SFO&endRange=2025-10-14T23:59:59Z&startRange=2025-05-15T09:00:00Z,,,,,,,
,,,,,,TPE,,,,,AMS,,,,2025-10-14T23:59:59Z,2025-05-15T09:00:00Z,destination=TPE&origin=AMS&endRange=2025-10-14T23:59:59Z&startRange=2025-05-15T09:00:00Z,,,,,,,
,,,,,,AMS,,,,,YUL,,,,2025-10-14T23:59:59Z,2025-05-15T09:00:00Z,destination=AMS&origin=YUL&endRange=2025-10-14T23:59:59Z&startRange=2025-05-15T09:00:00Z,,,,,,,
,,,,,,NBO,,,,,AMS,,,,2025-10-14T23:59:59Z,2025-05-15T09:00:00Z,destination=NBO&origin=AMS&endRange=2025-10-14T23:59:59Z&startRange=2025-05-15T09:00:00Z,,,,,,,
,,,,,,CAI,,,,,FCO,,,,2025-10-14T23:59:59Z,2025-05-15T09:00:00Z,destination=CAI&origin=FCO&endRange=2025-10-14T23:59:59Z&startRange=2025-05-15T09:00:00Z,,,,,,,
,,,,,,FCO,,,,,CAI,,,,2025-10-14T23:59:59Z,2025-05-15T09:00:00Z,destination=FCO&origin=CAI&endRange=2025-10-14T23:59:59Z&startRange=2025-05-15T09:00:00Z,,,,,,,
,,,,,,PUF,,,,,ORY,,,,2025-10-14T23:59:59Z,2025-05-15T09:00:00Z,destination=PUF&origin=ORY&endRange=2025-10-14T23:59:59Z&startRange=2025-05-15T09:00:00Z,,,,,,,
,,,,,,ORY,,,,,PUF,,,,2025-10-14T23:59:59Z,2025-05-15T09:00:00Z,destination=ORY&origin=PUF&endRange=2025-10-14T23:59:59Z&startRange=2025-05-15T09:00:00Z,,,,,,,
,,,,,,AMS,,,,,NBO,,,,2025-10-14T23:59:59Z,2025-05-15T09:00:00Z,destination=AMS&origin=NBO&endRange=2025-10-14T23:59:59Z&startRange=2025-05-15T09:00:00Z,,,,,,,
,,,,,,CDG,,,,,DFW,,,,2025-10-14T23:59:59Z,2025-05-15T09:00:00Z,destination=CDG&origin=DFW&endRange=2025-10-14T23:59:59Z&startRange=2025-05-15T09:00:00Z,,,,,,,
,,,,,,HEL,,,,,OUL,,,,2025-10-14T23:59:59Z,2025-05-15T09:00:00Z,destination=HEL&origin=OUL&endRange=2025-10-14T23:59:59Z&startRange=2025-05-15T09:00:00Z,,,,,,,
,,,,,,ARN,,,,,OSD,,,,2025-10-14T23:59:59Z,2025-05-15T09:00:00Z,destination=ARN&origin=OSD&endRange=2025-10-14T23:59:59Z&startRange=2025-05-15T09:00:00Z,,,,,,,
,,,,,,DOH,,,,,AMS,,,,2025-10-14T23:59:59Z,2025-05-15T09:00:00Z,destination=DOH&origin=AMS&endRange=2025-10-14T23:59:59Z&startRange=2025-05-15T09:00:00Z,,,,,,,
,,,,,,BGO,,,,,TOS,,,,2025-10-14T23:59:59Z,2025-05-15T09:00:00Z,destination=BGO&origin=TOS&endRange=2025-10-14T23:59:59Z&startRange=2025-05-15T09:00:00Z,,,,,,,
,,,,,,TOS,,,,,BGO,,,,2025-10-14T23:59:59Z,2025-05-15T09:00:00Z,destination=TOS&origin=BGO&endRange=2025-10-14T23:59:59Z&startRange=2025-05-15T09:00:00Z,,,,,,,
,,,,,,AMS,,,,,DOH,,,,2025-10-14T23:59:59Z,2025-05-15T09:00:00Z,destination=AMS&origin=DOH&endRange=2025-10-14T23:59:59Z&startRange=2025-05-15T09:00:00Z,,,,,,,
,,,,,,DFW,,,,,CDG,,,,2025-10-14T23:59:59Z,2025-05-15T09:00:00Z,destination=DFW&origin=CDG&endRange=2025-10-14T23:59:59Z&startRange=2025-05-15T09:00:00Z,,,,,,,
,,,,,,HEL,,,,,RIX,,,,2025-10-14T23:59:59Z,2025-05-15T09:00:00Z,destination=HEL&origin=RIX&endRange=2025-10-14T23:59:59Z&startRange=2025-05-15T09:00:00Z,,,,,,,
,,,,,,BON,,,,,AMS,,,,2025-10-14T23:59:59Z,2025-05-15T09:00:00Z,destination=BON&origin=AMS&endRange=2025-10-14T23:59:59Z&startRange=2025-05-15T09:00:00Z,,,,,,,
,,,,,,RIX,,,,,HEL,,,,2025-10-14T23:59:59Z,2025-05-15T09:00:00Z,destination=RIX&origin=HEL&endRange=2025-10-14T23:59:59Z&startRange=2025-05-15T09:00:00Z,,,,,,,
,,,,,,CDG,,,,,NUE,,,,2025-10-14T23:59:59Z,2025-05-15T09:00:00Z,destination=CDG&origin=NUE&endRange=2025-10-14T23:59:59Z&startRange=2025-05-15T09:00:00Z,,,,,,,
,,,,,,NUE,,,,,CDG,,,,2025-10-14T23:59:59Z,2025-05-15T09:00:00Z,destination=NUE&origin=CDG&endRange=2025-10-14T23:59:59Z&startRange=2025-05-15T09:00:00Z,,,,,,,
,,,,,,KRK,,,,,CDG,,,,2025-10-14T23:59:59Z,2025-05-15T09:00:00Z,destination=KRK&origin=CDG&endRange=2025-10-14T23:59:59Z&startRange=2025-05-15T09:00:00Z,,,,,,,
,,,,,,HKG,,,,,AMS,,,,2025-10-14T23:59:59Z,2025-05-15T09:00:00Z,destination=HKG&origin=AMS&endRange=2025-10-14T23:59:59Z&startRange=2025-05-15T09:00:00Z,,,,,,,
,,,,,,CDG,,,,,MSP,,,,2025-10-14T23:59:59Z,2025-05-15T09:00:00Z,destination=CDG&origin=MSP&endRange=2025-10-14T23:59:59Z&startRange=2025-05-15T09:00:00Z,,,,,,,
,,,,,,BSL,,,,,CDG,,,,2025-10-14T23:59:59Z,2025-05-15T09:00:00Z,destination=BSL&origin=CDG&endRange=2025-10-14T23:59:59Z&startRange=2025-05-15T09:00:00Z,,,,,,,
,,,,,,CDG,,,,,KRK,,,,2025-10-14T23:59:59Z,2025-05-15T09:00:00Z,destination=CDG&origin=KRK&endRange=2025-10-14T23:59:59Z&startRange=2025-05-15T09:00:00Z,,,,,,,
,,,,,,ICN,,,,,AMS,,,,2025-10-14T23:59:59Z,2025-05-15T09:00:00Z,destination=ICN&origin=AMS&endRange=2025-10-14T23:59:59Z&startRange=2025-05-15T09:00:00Z,,,,,,,
,,,,,,MSP,,,,,CDG,,,,2025-10-14T23:59:59Z,2025-05-15T09:00:00Z,destination=MSP&origin=CDG&endRange=2025-10-14T23:59:59Z&startRange=2025-05-15T09:00:00Z,,,,,,,
,,,,,,AMS,,,,,HKG,,,,2025-10-14T23:59:59Z,2025-05-15T09:00:00Z,destination=AMS&origin=HKG&endRange=2025-10-14T23:59:59Z&startRange=2025-05-15T09:00:00Z,,,,,,,
,,,,,,AMS,,,,,ICN,,,,2025-10-14T23:59:59Z,2025-05-15T09:00:00Z,destination=AMS&origin=ICN&endRange=2025-10-14T23:59:59Z&startRange=2025-05-15T09:00:00Z,,,,,,,
,,,,,,CDG,,,,,OPO,,,,2025-10-14T23:59:59Z,2025-05-15T09:00:00Z,destination=CDG&origin=OPO&endRange=2025-10-14T23:59:59Z&startRange=2025-05-15T09:00:00Z,,,,,,,
,,,,,,LYS,,,,,NTE,,,,2025-10-14T23:59:59Z,2025-05-15T09:00:00Z,destination=LYS&origin=NTE&endRange=2025-10-14T23:59:59Z&startRange=2025-05-15T09:00:00Z,,,,,,,
,,,,,,CDG,,,,,BSL,,,,2025-10-14T23:59:59Z,2025-05-15T09:00:00Z,destination=CDG&origin=BSL&endRange=2025-10-14T23:59:59Z&startRange=2025-05-15T09:00:00Z,,,,,,,
,,,,,,OPO,,,,,CDG,,,,2025-10-14T23:59:59Z,2025-05-15T09:00:00Z,destination=OPO&origin=CDG&endRange=2025-10-14T23:59:59Z&startRange=2025-05-15T09:00:00Z,,,,,,,
,,,,,,NTE,,,,,LYS,,,,2025-10-14T23:59:59Z,2025-05-15T09:00:00Z,destination=NTE&origin=LYS&endRange=2025-10-14T23:59:59Z&startRange=2025-05-15T09:00:00Z,,,,,,,
,,,,,,OSD,,,,,ARN,,,,2025-10-14T23:59:59Z,2025-05-15T09:00:00Z,destination=OSD&origin=ARN&endRange=2025-10-14T23:59:59Z&startRange=2025-05-15T09:00:00Z,,,,,,,
,,,,,,HAU,,,,,OSL,,,,2025-10-14T23:59:59Z,2025-05-15T09:00:00Z,destination=HAU&origin=OSL&endRange=2025-10-14T23:59:59Z&startRange=2025-05-15T09:00:00Z,,,,,,,
,,,,,,TKU,,,,,ARN,,,,2025-10-14T23:59:59Z,2025-05-15T09:00:00Z,destination=TKU&origin=ARN&endRange=2025-10-14T23:59:59Z&startRange=2025-05-15T09:00:00Z,,,,,,,
,,,,,,PRG,,,,,ORY,,,,2025-10-14T23:59:59Z,2025-05-15T09:00:00Z,destination=PRG&origin=ORY&endRange=2025-10-14T23:59:59Z&startRange=2025-05-15T09:00:00Z,,,,,,,
,,,,,,TLS,,,,,LYS,,,,2025-10-14T23:59:59Z,2025-05-15T09:00:00Z,destination=TLS&origin=LYS&endRange=2025-10-14T23:59:59Z&startRange=2025-05-15T09:00:00Z,,,,,,,
,,,,,,SEA,,,,,CDG,,,,2025-10-14T23:59:59Z,2025-05-15T09:00:00Z,destination=SEA&origin=CDG&endRange=2025-10-14T23:59:59Z&startRange=2025-05-15T09:00:00Z,,,,,,,
,,,,,,JED,,,,,CDG,,,,2025-10-14T23:59:59Z,2025-05-15T09:00:00Z,destination=JED&origin=CDG&endRange=2025-10-14T23:59:59Z&startRange=2025-05-15T09:00:00Z,,,,,,,
,,,,,,CDG,,,,,SEA,,,,2025-10-14T23:59:59Z,2025-05-15T09:00:00Z,destination=CDG&origin=SEA&endRange=2025-10-14T23:59:59Z&startRange=2025-05-15T09:00:00Z,,,,,,,
,,,,,,ATH,,,,,ATL,,,,2025-10-14T23:59:59Z,2025-05-15T09:00:00Z,destination=ATH&origin=ATL&endRange=2025-10-14T23:59:59Z&startRange=2025-05-15T09:00:00Z,,,,,,,
,,,,,,MRS,,,,,LYS,,,,2025-10-14T23:59:59Z,2025-05-15T09:00:00Z,destination=MRS&origin=LYS&endRange=2025-10-14T23:59:59Z&startRange=2025-05-15T09:00:00Z,,,,,,,
,,,,,,FSC,,,,,NCE,,,,2025-10-14T23:59:59Z,2025-05-15T09:00:00Z,destination=FSC&origin=NCE&endRange=2025-10-14T23:59:59Z&startRange=2025-05-15T09:00:00Z,,,,,,,
,,,,,,ORY,,,,,PRG,,,,2025-10-14T23:59:59Z,2025-05-15T09:00:00Z,destination=ORY&origin=PRG&endRange=2025-10-14T23:59:59Z&startRange=2025-05-15T09:00:00Z,,,,,,,
,,,,,,AMS,,,,,CMN,,,,2025-10-14T23:59:59Z,2025-05-15T09:00:00Z,destination=AMS&origin=CMN&endRange=2025-10-14T23:59:59Z&startRange=2025-05-15T09:00:00Z,,,,,,,
,,,,,,ATL,,,,,ATH,,,,2025-10-14T23:59:59Z,2025-05-15T09:00:00Z,destination=ATL&origin=ATH&endRange=2025-10-14T23:59:59Z&startRange=2025-05-15T09:00:00Z,,,,,,,
,,,,,,LYS,,,,,TLS,,,,2025-10-14T23:59:59Z,2025-05-15T09:00:00Z,destination=LYS&origin=TLS&endRange=2025-10-14T23:59:59Z&startRange=2025-05-15T09:00:00Z,,,,,,,
,,,,,,MLA,,,,,AMS,,,,2025-10-14T23:59:59Z,2025-05-15T09:00:00Z,destination=MLA&origin=AMS&endRange=2025-10-14T23:59:59Z&startRange=2025-05-15T09:00:00Z,,,,,,,
,,,,,,NCE,,,,,FSC,,,,2025-10-14T23:59:59Z,2025-05-15T09:00:00Z,destination=NCE&origin=FSC&endRange=2025-10-14T23:59:59Z&startRange=2025-05-15T09:00:00Z,,,,,,,
,,,,,,BOD,,,,,LYS,,,,2025-10-14T23:59:59Z,2025-05-15T09:00:00Z,destination=BOD&origin=LYS&endRange=2025-10-14T23:59:59Z&startRange=2025-05-15T09:00:00Z,,,,,,,
,,,,,,LYS,,,,,BOD,,,,2025-10-14T23:59:59Z,2025-05-15T09:00:00Z,destination=LYS&origin=BOD&endRange=2025-10-14T23:59:59Z&startRange=2025-05-15T09:00:00Z,,,,,,,
,,,,,,CDG,,,,,JED,,,,2025-10-14T23:59:59Z,2025-05-15T09:00:00Z,destination=CDG&origin=JED&endRange=2025-10-14T23:59:59Z&startRange=2025-05-15T09:00:00Z,,,,,,,
,,,,,,AMS,,,,,MLA,,,,2025-10-14T23:59:59Z,2025-05-15T09:00:00Z,destination=AMS&origin=MLA&endRange=2025-10-14T23:59:59Z&startRange=2025-05-15T09:00:00Z,,,,,,,
,,,,,,MRU,,,,,CDG,,,,2025-10-14T23:59:59Z,2025-05-15T09:00:00Z,destination=MRU&origin=CDG&endRange=2025-10-14T23:59:59Z&startRange=2025-05-15T09:00:00Z,,,,,,,
,,,,,,CDG,,,,,MRU,,,,2025-10-14T23:59:59Z,2025-05-15T09:00:00Z,destination=CDG&origin=MRU&endRange=2025-10-14T23:59:59Z&startRange=2025-05-15T09:00:00Z,,,,,,,
,,,,,,MIA,,,,,CDG,,,,2025-10-14T23:59:59Z,2025-05-15T09:00:00Z,destination=MIA&origin=CDG&endRange=2025-10-14T23:59:59Z&startRange=2025-05-15T09:00:00Z,,,,,,,
,,,,,,CDG,,,,,MIA,,,,2025-10-14T23:59:59Z,2025-05-15T09:00:00Z,destination=CDG&origin=MIA&endRange=2025-10-14T23:59:59Z&startRange=2025-05-15T09:00:00Z,,,,,,,
,,,,,,CDG,,,,,SPU,,,,2025-10-14T23:59:59Z,2025-05-15T09:00:00Z,destination=CDG&origin=SPU&endRange=2025-10-14T23:59:59Z&startRange=2025-05-15T09:00:00Z,,,,,,,
,,,,,,BGO,,,,,KSU,,,,2025-10-14T23:59:59Z,2025-05-15T09:00:00Z,destination=BGO&origin=KSU&endRange=2025-10-14T23:59:59Z&startRange=2025-05-15T09:00:00Z,,,,,,,
,,,,,,KSU,,,,,BGO,,,,2025-10-14T23:59:59Z,2025-05-15T09:00:00Z,destination=KSU&origin=BGO&endRange=2025-10-14T23:59:59Z&startRange=2025-05-15T09:00:00Z,,,,,,,
,,,,,,SPU,,,,,CDG,,,,2025-10-14T23:59:59Z,2025-05-15T09:00:00Z,destination=SPU&origin=CDG&endRange=2025-10-14T23:59:59Z&startRange=2025-05-15T09:00:00Z,,,,,,,
,,,,,,LCY,,,,,FCO,,,,2025-10-14T23:59:59Z,2025-05-15T09:00:00Z,destination=LCY&origin=FCO&endRange=2025-10-14T23:59:59Z&startRange=2025-05-15T09:00:00Z,,,,,,,
,,,,,,RUH,,,,,CDG,,,,2025-10-14T23:59:59Z,2025-05-15T09:00:00Z,destination=RUH&origin=CDG&endRange=2025-10-14T23:59:59Z&startRange=2025-05-15T09:00:00Z,,,,,,,
,,,,,,STR,,,,,CDG,,,,2025-10-14T23:59:59Z,2025-05-15T09:00:00Z,destination=STR&origin=CDG&endRange=2025-10-14T23:59:59Z&startRange=2025-05-15T09:00:00Z,,,,,,,
,,,,,,CDG,,,,,STR,,,,2025-10-14T23:59:59Z,2025-05-15T09:00:00Z,destination=CDG&origin=STR&endRange=2025-10-14T23:59:59Z&startRange=2025-05-15T09:00:00Z,,,,,,,
,,,,,,AMS,,,,,CTA,,,,2025-10-14T23:59:59Z,2025-05-15T09:00:00Z,destination=AMS&origin=CTA&endRange=2025-10-14T23:59:59Z&startRange=2025-05-15T09:00:00Z,,,,,,,
,,,,,,CDG,,,,,RUH,,,,2025-10-14T23:59:59Z,2025-05-15T09:00:00Z,destination=CDG&origin=RUH&endRange=2025-10-14T23:59:59Z&startRange=2025-05-15T09:00:00Z,,,,,,,
,,,,,,CTA,,,,,AMS,,,,2025-10-14T23:59:59Z,2025-05-15T09:00:00Z,destination=CTA&origin=AMS&endRange=2025-10-14T23:59:59Z&startRange=2025-05-15T09:00:00Z,,,,,,,
,,,,,,MIR,,,,,CDG,,,,2025-10-14T23:59:59Z,2025-05-15T09:00:00Z,destination=MIR&origin=CDG&endRange=2025-10-14T23:59:59Z&startRange=2025-05-15T09:00:00Z,,,,,,,
,,,,,,CDG,,,,,MIR,,,,2025-10-14T23:59:59Z,2025-05-15T09:00:00Z,destination=CDG&origin=MIR&endRange=2025-10-14T23:59:59Z&startRange=2025-05-15T09:00:00Z,,,,,,,
,,,,,,CDG,,,,,BZV,,,,2025-10-14T23:59:59Z,2025-05-15T09:00:00Z,destination=CDG&origin=BZV&endRange=2025-10-14T23:59:59Z&startRange=2025-05-15T09:00:00Z,,,,,,,
,,,,,,AMS,,,,,FNC,,,,2025-10-14T23:59:59Z,2025-05-15T09:00:00Z,destination=AMS&origin=FNC&endRange=2025-10-14T23:59:59Z&startRange=2025-05-15T09:00:00Z,,,,,,,
,,,,,,AMS,,,,,PVK,,,,2025-10-14T23:59:59Z,2025-05-15T09:00:00Z,destination=AMS&origin=PVK&endRange=2025-10-14T23:59:59Z&startRange=2025-05-15T09:00:00Z,,,,,,,
,,,,,,PVK,,,,,AMS,,,,2025-10-14T23:59:59Z,2025-05-15T09:00:00Z,destination=PVK&origin=AMS&endRange=2025-10-14T23:59:59Z&startRange=2025-05-15T09:00:00Z,,,,,,,
,,,,,,ORY,,,,,FEZ,,,,2025-10-14T23:59:59Z,2025-05-15T09:00:00Z,destination=ORY&origin=FEZ&endRange=2025-10-14T23:59:59Z&startRange=2025-05-15T09:00:00Z,,,,,,,
,,,,,,CMN,,,,,AMS,,,,2025-10-14T23:59:59Z,2025-05-15T09:00:00Z,destination=CMN&origin=AMS&endRange=2025-10-14T23:59:59Z&startRange=2025-05-15T09:00:00Z,,,,,,,
,,,,,,AMS,,,,,CGK,,,,2025-10-14T23:59:59Z,2025-05-15T09:00:00Z,destination=AMS&origin=CGK&endRange=2025-10-14T23:59:59Z&startRange=2025-05-15T09:00:00Z,,,,,,,
,,,,,,FEZ,,,,,ORY,,,,2025-10-14T23:59:59Z,2025-05-15T09:00:00Z,destination=FEZ&origin=ORY&endRange=2025-10-14T23:59:59Z&startRange=2025-05-15T09:00:00Z,,,,,,,
,,,,,,BZV,,,,,CDG,,,,2025-10-14T23:59:59Z,2025-05-15T09:00:00Z,destination=BZV&origin=CDG&endRange=2025-10-14T23:59:59Z&startRange=2025-05-15T09:00:00Z,,,,,,,
,,,,,,BGO,,,,,SVG,,,,2025-10-14T23:59:59Z,2025-05-15T09:00:00Z,destination=BGO&origin=SVG&endRange=2025-10-14T23:59:59Z&startRange=2025-05-15T09:00:00Z,,,,,,,
,,,,,,SVG,,,,,BGO,,,,2025-10-14T23:59:59Z,2025-05-15T09:00:00Z,destination=SVG&origin=BGO&endRange=2025-10-14T23:59:59Z&startRange=2025-05-15T09:00:00Z,,,,,,,
,,,,,,BIQ,,,,,LYS,,,,2025-10-14T23:59:59Z,2025-05-15T09:00:00Z,destination=BIQ&origin=LYS&endRange=2025-10-14T23:59:59Z&startRange=2025-05-15T09:00:00Z,,,,,,,
,,,,,,OSL,,,,,HAU,,,,2025-10-14T23:59:59Z,2025-05-15T09:00:00Z,destination=OSL&origin=HAU&endRange=2025-10-14T23:59:59Z&startRange=2025-05-15T09:00:00Z,,,,,,,
,,,,,,LYS,,,,,BIQ,,,,2025-10-14T23:59:59Z,2025-05-15T09:00:00Z,destination=LYS&origin=BIQ&endRange=2025-10-14T23:59:59Z&startRange=2025-05-15T09:00:00Z,,,,,,,
,,,,,,ORN,,,,,LYS,,,,2025-10-14T23:59:59Z,2025-05-15T09:00:00Z,destination=ORN&origin=LYS&endRange=2025-10-14T23:59:59Z&startRange=2025-05-15T09:00:00Z,,,,,,,
,,,,,,FNC,,,,,AMS,,,,2025-10-14T23:59:59Z,2025-05-15T09:00:00Z,destination=FNC&origin=AMS&endRange=2025-10-14T23:59:59Z&startRange=2025-05-15T09:00:00Z,,,,,,,
,,,,,,LYS,,,,,NCE,,,,2025-10-14T23:59:59Z,2025-05-15T09:00:00Z,destination=LYS&origin=NCE&endRange=2025-10-14T23:59:59Z&startRange=2025-05-15T09:00:00Z,,,,,,,
,,,,,,CDG,,,,,SAW,,,,2025-10-14T23:59:59Z,2025-05-15T09:00:00Z,destination=CDG&origin=SAW&endRange=2025-10-14T23:59:59Z&startRange=2025-05-15T09:00:00Z,,,,,,,
,,,,,,SAW,,,,,CDG,,,,2025-10-14T23:59:59Z,2025-05-15T09:00:00Z,destination=SAW&origin=CDG&endRange=2025-10-14T23:59:59Z&startRange=2025-05-15T09:00:00Z,,,,,,,
,,,,,,RAK,,,,,AMS,,,,2025-10-14T23:59:59Z,2025-05-15T09:00:00Z,destination=RAK&origin=AMS&endRange=2025-10-14T23:59:59Z&startRange=2025-05-15T09:00:00Z,,,,,,,
,,,,,,NCE,,,,,LYS,,,,2025-10-14T23:59:59Z,2025-05-15T09:00:00Z,destination=NCE&origin=LYS&endRange=2025-10-14T23:59:59Z&startRange=2025-05-15T09:00:00Z,,,,,,,
,,,,,,TLM,,,,,ORY,,,,2025-10-14T23:59:59Z,2025-05-15T09:00:00Z,destination=TLM&origin=ORY&endRange=2025-10-14T23:59:59Z&startRange=2025-05-15T09:00:00Z,,,,,,,
,,,,,,AMS,,,,,RAK,,,,2025-10-14T23:59:59Z,2025-05-15T09:00:00Z,destination=AMS&origin=RAK&endRange=2025-10-14T23:59:59Z&startRange=2025-05-15T09:00:00Z,,,,,,,
,,,,,,ORY,,,,,RHO,,,,2025-10-14T23:59:59Z,2025-05-15T09:00:00Z,destination=ORY&origin=RHO&endRange=2025-10-14T23:59:59Z&startRange=2025-05-15T09:00:00Z,,,,,,,
,,,,,,RIX,,,,,CDG,,,,2025-10-14T23:59:59Z,2025-05-15T09:00:00Z,destination=RIX&origin=CDG&endRange=2025-10-14T23:59:59Z&startRange=2025-05-15T09:00:00Z,,,,,,,
,,,,,,BES,,,,,LYS,,,,2025-10-14T23:59:59Z,2025-05-15T09:00:00Z,destination=BES&origin=LYS&endRange=2025-10-14T23:59:59Z&startRange=2025-05-15T09:00:00Z,,,,,,,
,,,,,,LYS,,,,,BES,,,,2025-10-14T23:59:59Z,2025-05-15T09:00:00Z,destination=LYS&origin=BES&endRange=2025-10-14T23:59:59Z&startRange=2025-05-15T09:00:00Z,,,,,,,
,,,,,,ORY,,,,,TLM,,,,2025-10-14T23:59:59Z,2025-05-15T09:00:00Z,destination=ORY&origin=TLM&endRange=2025-10-14T23:59:59Z&startRange=2025-05-15T09:00:00Z,,,,,,,
,,,,,,CDG,,,,,RIX,,,,2025-10-14T23:59:59Z,2025-05-15T09:00:00Z,destination=CDG&origin=RIX&endRange=2025-10-14T23:59:59Z&startRange=2025-05-15T09:00:00Z,,,,,,,
,,,,,,ORY,,,,,RDZ,,,,2025-10-14T23:59:59Z,2025-05-15T09:00:00Z,destination=ORY&origin=RDZ&endRange=2025-10-14T23:59:59Z&startRange=2025-05-15T09:00:00Z,,,,,,,
,,,,,,RDZ,,,,,ORY,,,,2025-10-14T23:59:59Z,2025-05-15T09:00:00Z,destination=RDZ&origin=ORY&endRange=2025-10-14T23:59:59Z&startRange=2025-05-15T09:00:00Z,,,,,,,
,,,,,,RHO,,,,,ORY,,,,2025-10-14T23:59:59Z,2025-05-15T09:00:00Z,destination=RHO&origin=ORY&endRange=2025-10-14T23:59:59Z&startRange=2025-05-15T09:00:00Z,,,,,,,
,,,,,,AMS,,,,,SLC,,,,2025-10-14T23:59:59Z,2025-05-15T09:00:00Z,destination=AMS&origin=SLC&endRange=2025-10-14T23:59:59Z&startRange=2025-05-15T09:00:00Z,,,,,,,
,,,,,,BCN,,,,,JFK,,,,2025-10-14T23:59:59Z,2025-05-15T09:00:00Z,destination=BCN&origin=JFK&endRange=2025-10-14T23:59:59Z&startRange=2025-05-15T09:00:00Z,,,,,,,
,,,,,,JFK,,,,,BCN,,,,2025-10-14T23:59:59Z,2025-05-15T09:00:00Z,destination=JFK&origin=BCN&endRange=2025-10-14T23:59:59Z&startRange=2025-05-15T09:00:00Z,,,,,,,
,,,,,,ARN,,,,,TKU,,,,2025-10-14T23:59:59Z,2025-05-15T09:00:00Z,destination=ARN&origin=TKU&endRange=2025-10-14T23:59:59Z&startRange=2025-05-15T09:00:00Z,,,,,,,
,,,,,,DUB,,,,,ORY,,,,2025-10-14T23:59:59Z,2025-05-15T09:00:00Z,destination=DUB&origin=ORY&endRange=2025-10-14T23:59:59Z&startRange=2025-05-15T09:00:00Z,,,,,,,
,,,,,,BGO,,,,,HAU,,,,2025-10-14T23:59:59Z,2025-05-15T09:00:00Z,destination=BGO&origin=HAU&endRange=2025-10-14T23:59:59Z&startRange=2025-05-15T09:00:00Z,,,,,,,
,,,,,,HAU,,,,,BGO,,,,2025-10-14T23:59:59Z,2025-05-15T09:00:00Z,destination=HAU&origin=BGO&endRange=2025-10-14T23:59:59Z&startRange=2025-05-15T09:00:00Z,,,,,,,
,,,,,,SLC,,,,,AMS,,,,2025-10-14T23:59:59Z,2025-05-15T09:00:00Z,destination=SLC&origin=AMS&endRange=2025-10-14T23:59:59Z&startRange=2025-05-15T09:00:00Z,,,,,,,
,,,,,,ORY,,,,,DUB,,,,2025-10-14T23:59:59Z,2025-05-15T09:00:00Z,destination=ORY&origin=DUB&endRange=2025-10-14T23:59:59Z&startRange=2025-05-15T09:00:00Z,,,,,,,
,,,,,,CDG,,,,,DBV,,,,2025-10-14T23:59:59Z,2025-05-15T09:00:00Z,destination=CDG&origin=DBV&endRange=2025-10-14T23:59:59Z&startRange=2025-05-15T09:00:00Z,,,,,,,
,,,,,,DBV,,,,,CDG,,,,2025-10-14T23:59:59Z,2025-05-15T09:00:00Z,destination=DBV&origin=CDG&endRange=2025-10-14T23:59:59Z&startRange=2025-05-15T09:00:00Z,,,,,,,
,,,,,,HEL,,,,,RVN,,,,2025-10-14T23:59:59Z,2025-05-15T09:00:00Z,destination=HEL&origin=RVN&endRange=2025-10-14T23:59:59Z&startRange=2025-05-15T09:00:00Z,,,,,,,
,,,,,,PSA,,,,,AMS,,,,2025-10-14T23:59:59Z,2025-05-15T09:00:00Z,destination=PSA&origin=AMS&endRange=2025-10-14T23:59:59Z&startRange=2025-05-15T09:00:00Z,,,,,,,
,,,,,,LJU,,,,,AMS,,,,2025-10-14T23:59:59Z,2025-05-15T09:00:00Z,destination=LJU&origin=AMS&endRange=2025-10-14T23:59:59Z&startRange=2025-05-15T09:00:00Z,,,,,,,
,,,,,,AMS,,,,,LJU,,,,2025-10-14T23:59:59Z,2025-05-15T09:00:00Z,destination=AMS&origin=LJU&endRange=2025-10-14T23:59:59Z&startRange=2025-05-15T09:00:00Z,,,,,,,
,,,,,,CDG,,,,,MLA,,,,2025-10-14T23:59:59Z,2025-05-15T09:00:00Z,destination=CDG&origin=MLA&endRange=2025-10-14T23:59:59Z&startRange=2025-05-15T09:00:00Z,,,,,,,
,,,,,,KRS,,,,,CPH,,,,2025-10-14T23:59:59Z,2025-05-15T09:00:00Z,destination=KRS&origin=CPH&endRange=2025-10-14T23:59:59Z&startRange=2025-05-15T09:00:00Z,,,,,,,
,,,,,,CPH,,,,,KRS,,,,2025-10-14T23:59:59Z,2025-05-15T09:00:00Z,destination=CPH&origin=KRS&endRange=2025-10-14T23:59:59Z&startRange=2025-05-15T09:00:00Z,,,,,,,
,,,,,,AMS,,,,,PSA,,,,2025-10-14T23:59:59Z,2025-05-15T09:00:00Z,destination=AMS&origin=PSA&endRange=2025-10-14T23:59:59Z&startRange=2025-05-15T09:00:00Z,,,,,,,
,,,,,,CDG,,,,,CTA,,,,2025-10-14T23:59:59Z,2025-05-15T09:00:00Z,destination=CDG&origin=CTA&endRange=2025-10-14T23:59:59Z&startRange=2025-05-15T09:00:00Z,,,,,,,
,,,,,,TIA,,,,,FCO,,,,2025-10-14T23:59:59Z,2025-05-15T09:00:00Z,destination=TIA&origin=FCO&endRange=2025-10-14T23:59:59Z&startRange=2025-05-15T09:00:00Z,,,,,,,
,,,,,,AMS,,,,,DBV,,,,2025-10-14T23:59:59Z,2025-05-15T09:00:00Z,destination=AMS&origin=DBV&endRange=2025-10-14T23:59:59Z&startRange=2025-05-15T09:00:00Z,,,,,,,
,,,,,,TNG,,,,,CDG,,,,2025-10-14T23:59:59Z,2025-05-15T09:00:00Z,destination=TNG&origin=CDG&endRange=2025-10-14T23:59:59Z&startRange=2025-05-15T09:00:00Z,,,,,,,
,,,,,,FCO,,,,,TIA,,,,2025-10-14T23:59:59Z,2025-05-15T09:00:00Z,destination=FCO&origin=TIA&endRange=2025-10-14T23:59:59Z&startRange=2025-05-15T09:00:00Z,,,,,,,
,,,,,,AMS,,,,,OLB,,,,2025-10-14T23:59:59Z,2025-05-15T09:00:00Z,destination=AMS&origin=OLB&endRange=2025-10-14T23:59:59Z&startRange=2025-05-15T09:00:00Z,,,,,,,
,,,,,,CDG,,,,,TNG,,,,2025-10-14T23:59:59Z,2025-05-15T09:00:00Z,destination=CDG&origin=TNG&endRange=2025-10-14T23:59:59Z&startRange=2025-05-15T09:00:00Z,,,,,,,
,,,,,,HRG,,,,,AMS,,,,2025-10-14T23:59:59Z,2025-05-15T09:00:00Z,destination=HRG&origin=AMS&endRange=2025-10-14T23:59:59Z&startRange=2025-05-15T09:00:00Z,,,,,,,
,,,,,,MLA,,,,,CDG,,,,2025-10-14T23:59:59Z,2025-05-15T09:00:00Z,destination=MLA&origin=CDG&endRange=2025-10-14T23:59:59Z&startRange=2025-05-15T09:00:00Z,,,,,,,
,,,,,,CTA,,,,,CDG,,,,2025-10-14T23:59:59Z,2025-05-15T09:00:00Z,destination=CTA&origin=CDG&endRange=2025-10-14T23:59:59Z&startRange=2025-05-15T09:00:00Z,,,,,,,
,,,,,,DBV,,,,,AMS,,,,2025-10-14T23:59:59Z,2025-05-15T09:00:00Z,destination=DBV&origin=AMS&endRange=2025-10-14T23:59:59Z&startRange=2025-05-15T09:00:00Z,,,,,,,
,,,,,,ORY,,,,,JTR,,,,2025-10-14T23:59:59Z,2025-05-15T09:00:00Z,destination=ORY&origin=JTR&endRange=2025-10-14T23:59:59Z&startRange=2025-05-15T09:00:00Z,,,,,,,
,,,,,,AMS,,,,,HRG,,,,2025-10-14T23:59:59Z,2025-05-15T09:00:00Z,destination=AMS&origin=HRG&endRange=2025-10-14T23:59:59Z&startRange=2025-05-15T09:00:00Z,,,,,,,
,,,,,,OLB,,,,,AMS,,,,2025-10-14T23:59:59Z,2025-05-15T09:00:00Z,destination=OLB&origin=AMS&endRange=2025-10-14T23:59:59Z&startRange=2025-05-15T09:00:00Z,,,,,,,
,,,,,,JTR,,,,,ORY,,,,2025-10-14T23:59:59Z,2025-05-15T09:00:00Z,destination=JTR&origin=ORY&endRange=2025-10-14T23:59:59Z&startRange=2025-05-15T09:00:00Z,,,,,,,
,,,,,,AMS,,,,,SKG,,,,2025-10-14T23:59:59Z,2025-05-15T09:00:00Z,destination=AMS&origin=SKG&endRange=2025-10-14T23:59:59Z&startRange=2025-05-15T09:00:00Z,,,,,,,
,,,,,,BKK,,,,,AMS,,,,2025-10-14T23:59:59Z,2025-05-15T09:00:00Z,destination=BKK&origin=AMS&endRange=2025-10-14T23:59:59Z&startRange=2025-05-15T09:00:00Z,,,,,,,
,,,,,,KUO,,,,,HEL,,,,2025-10-14T23:59:59Z,2025-05-15T09:00:00Z,destination=KUO&origin=HEL&endRange=2025-10-14T23:59:59Z&startRange=2025-05-15T09:00:00Z,,,,,,,
,,,,,,ORY,,,,,BIO,,,,2025-10-14T23:59:59Z,2025-05-15T09:00:00Z,destination=ORY&origin=BIO&endRange=2025-10-14T23:59:59Z&startRange=2025-05-15T09:00:00Z,,,,,,,
,,,,,,AMS,,,,,PBM,,,,2025-10-14T23:59:59Z,2025-05-15T09:00:00Z,destination=AMS&origin=PBM&endRange=2025-10-14T23:59:59Z&startRange=2025-05-15T09:00:00Z,,,,,,,
,,,,,,AMS,,,,,BKK,,,,2025-10-14T23:59:59Z,2025-05-15T09:00:00Z,destination=AMS&origin=BKK&endRange=2025-10-14T23:59:59Z&startRange=2025-05-15T09:00:00Z,,,,,,,
,,,,,,BIO,,,,,ORY,,,,2025-10-14T23:59:59Z,2025-05-15T09:00:00Z,destination=BIO&origin=ORY&endRange=2025-10-14T23:59:59Z&startRange=2025-05-15T09:00:00Z,,,,,,,
,,,,,,TOS,,,,,TRD,,,,2025-10-14T23:59:59Z,2025-05-15T09:00:00Z,destination=TOS&origin=TRD&endRange=2025-10-14T23:59:59Z&startRange=2025-05-15T09:00:00Z,,,,,,,
,,,,,,PBM,,,,,AMS,,,,2025-10-14T23:59:59Z,2025-05-15T09:00:00Z,destination=PBM&origin=AMS&endRange=2025-10-14T23:59:59Z&startRange=2025-05-15T09:00:00Z,,,,,,,
,,,,,,TLL,,,,,CPH,,,,2025-10-14T23:59:59Z,2025-05-15T09:00:00Z,destination=TLL&origin=CPH&endRange=2025-10-14T23:59:59Z&startRange=2025-05-15T09:00:00Z,,,,,,,
,,,,,,CPH,,,,,TLL,,,,2025-10-14T23:59:59Z,2025-05-15T09:00:00Z,destination=CPH&origin=TLL&endRange=2025-10-14T23:59:59Z&startRange=2025-05-15T09:00:00Z,,,,,,,
,,,,,,SKG,,,,,AMS,,,,2025-10-14T23:59:59Z,2025-05-15T09:00:00Z,destination=SKG&origin=AMS&endRange=2025-10-14T23:59:59Z&startRange=2025-05-15T09:00:00Z,,,,,,,
,,,,,,ATL,,,,,BCN,,,,2025-10-14T23:59:59Z,2025-05-15T09:00:00Z,destination=ATL&origin=BCN&endRange=2025-10-14T23:59:59Z&startRange=2025-05-15T09:00:00Z,,,,,,,
,,,,,,BCN,,,,,ATL,,,,2025-10-14T23:59:59Z,2025-05-15T09:00:00Z,destination=BCN&origin=ATL&endRange=2025-10-14T23:59:59Z&startRange=2025-05-15T09:00:00Z,,,,,,,
,,,,,,AMS,,,,,SMI,,,,2025-10-14T23:59:59Z,2025-05-15T09:00:00Z,destination=AMS&origin=SMI&endRange=2025-10-14T23:59:59Z&startRange=2025-05-15T09:00:00Z,,,,,,,
,,,,,,BOM,,,,,AMS,,,,2025-10-14T23:59:59Z,2025-05-15T09:00:00Z,destination=BOM&origin=AMS&endRange=2025-10-14T23:59:59Z&startRange=2025-05-15T09:00:00Z,,,,,,,
,,,,,,MCO,,,,,MAN,,,,2025-10-14T23:59:59Z,2025-05-15T09:00:00Z,destination=MCO&origin=MAN&endRange=2025-10-14T23:59:59Z&startRange=2025-05-15T09:00:00Z,,,,,,,
,,,,,,OTP,,,,,SCV,,,,2025-10-14T23:59:59Z,2025-05-15T09:00:00Z,destination=OTP&origin=SCV&endRange=2025-10-14T23:59:59Z&startRange=2025-05-15T09:00:00Z,,,,,,,
,,,,,,AMS,,,,,BOM,,,,2025-10-14T23:59:59Z,2025-05-15T09:00:00Z,destination=AMS&origin=BOM&endRange=2025-10-14T23:59:59Z&startRange=2025-05-15T09:00:00Z,,,,,,,
,,,,,,CGK,,,,,AMS,,,,2025-10-14T23:59:59Z,2025-05-15T09:00:00Z,destination=CGK&origin=AMS&endRange=2025-10-14T23:59:59Z&startRange=2025-05-15T09:00:00Z,,,,,,,
,,,,,,AMS,,,,,ADB,,,,2025-10-14T23:59:59Z,2025-05-15T09:00:00Z,destination=AMS&origin=ADB&endRange=2025-10-14T23:59:59Z&startRange=2025-05-15T09:00:00Z,,,,,,,
,,,,,,ADB,,,,,AMS,,,,2025-10-14T23:59:59Z,2025-05-15T09:00:00Z,destination=ADB&origin=AMS&endRange=2025-10-14T23:59:59Z&startRange=2025-05-15T09:00:00Z,,,,,,,
,,,,,,CDG,,,,,EVN,,,,2025-10-14T23:59:59Z,2025-05-15T09:00:00Z,destination=CDG&origin=EVN&endRange=2025-10-14T23:59:59Z&startRange=2025-05-15T09:00:00Z,,,,,,,
,,,,,,KEF,,,,,CPH,,,,2025-10-14T23:59:59Z,2025-05-15T09:00:00Z,destination=KEF&origin=CPH&endRange=2025-10-14T23:59:59Z&startRange=2025-05-15T09:00:00Z,,,,,,,
,,,,,,EVN,,,,,CDG,,,,2025-10-14T23:59:59Z,2025-05-15T09:00:00Z,destination=EVN&origin=CDG&endRange=2025-10-14T23:59:59Z&startRange=2025-05-15T09:00:00Z,,,,,,,
,,,,,,ORY,,,,,JMK,,,,2025-10-14T23:59:59Z,2025-05-15T09:00:00Z,destination=ORY&origin=JMK&endRange=2025-10-14T23:59:59Z&startRange=2025-05-15T09:00:00Z,,,,,,,
,,,,,,SMI,,,,,AMS,,,,2025-10-14T23:59:59Z,2025-05-15T09:00:00Z,destination=SMI&origin=AMS&endRange=2025-10-14T23:59:59Z&startRange=2025-05-15T09:00:00Z,,,,,,,
,,,,,,LIG,,,,,LYS,,,,2025-10-14T23:59:59Z,2025-05-15T09:00:00Z,destination=LIG&origin=LYS&endRange=2025-10-14T23:59:59Z&startRange=2025-05-15T09:00:00Z,,,,,,,
,,,,,,LYS,,,,,LIG,,,,2025-10-14T23:59:59Z,2025-05-15T09:00:00Z,destination=LYS&origin=LIG&endRange=2025-10-14T23:59:59Z&startRange=2025-05-15T09:00:00Z,,,,,,,
,,,,,,CDG,,,,,IBZ,,,,2025-10-14T23:59:59Z,2025-05-15T09:00:00Z,destination=CDG&origin=IBZ&endRange=2025-10-14T23:59:59Z&startRange=2025-05-15T09:00:00Z,,,,,,,
,,,,,,JMK,,,,,ORY,,,,2025-10-14T23:59:59Z,2025-05-15T09:00:00Z,destination=JMK&origin=ORY&endRange=2025-10-14T23:59:59Z&startRange=2025-05-15T09:00:00Z,,,,,,,
,,,,,,MAN,,,,,MCO,,,,2025-10-14T23:59:59Z,2025-05-15T09:00:00Z,destination=MAN&origin=MCO&endRange=2025-10-14T23:59:59Z&startRange=2025-05-15T09:00:00Z,,,,,,,
,,,,,,FSC,,,,,CDG,,,,2025-10-14T23:59:59Z,2025-05-15T09:00:00Z,destination=FSC&origin=CDG&endRange=2025-10-14T23:59:59Z&startRange=2025-05-15T09:00:00Z,,,,,,,
,,,,,,IBZ,,,,,CDG,,,,2025-10-14T23:59:59Z,2025-05-15T09:00:00Z,destination=IBZ&origin=CDG&endRange=2025-10-14T23:59:59Z&startRange=2025-05-15T09:00:00Z,,,,,,,
,,,,,,CDG,,,,,FSC,,,,2025-10-14T23:59:59Z,2025-05-15T09:00:00Z,destination=CDG&origin=FSC&endRange=2025-10-14T23:59:59Z&startRange=2025-05-15T09:00:00Z,,,,,,,
,,,,,,ORY,,,,,TFS,,,,2025-10-14T23:59:59Z,2025-05-15T09:00:00Z,destination=ORY&origin=TFS&endRange=2025-10-14T23:59:59Z&startRange=2025-05-15T09:00:00Z,,,,,,,
,,,,,,CDG,,,,,BGO,,,,2025-10-14T23:59:59Z,2025-05-15T09:00:00Z,destination=CDG&origin=BGO&endRange=2025-10-14T23:59:59Z&startRange=2025-05-15T09:00:00Z,,,,,,,
,,,,,,BGO,,,,,CDG,,,,2025-10-14T23:59:59Z,2025-05-15T09:00:00Z,destination=BGO&origin=CDG&endRange=2025-10-14T23:59:59Z&startRange=2025-05-15T09:00:00Z,,,,,,,
,,,,,,BUD,,,,,ORY,,,,2025-10-14T23:59:59Z,2025-05-15T09:00:00Z,destination=BUD&origin=ORY&endRange=2025-10-14T23:59:59Z&startRange=2025-05-15T09:00:00Z,,,,,,,
,,,,,,ORY,,,,,BUD,,,,2025-10-14T23:59:59Z,2025-05-15T09:00:00Z,destination=ORY&origin=BUD&endRange=2025-10-14T23:59:59Z&startRange=2025-05-15T09:00:00Z,,,,,,,
,,,,,,AUA,,,,,AMS,,,,2025-10-14T23:59:59Z,2025-05-15T09:00:00Z,destination=AUA&origin=AMS&endRange=2025-10-14T23:59:59Z&startRange=2025-05-15T09:00:00Z,,,,,,,
,,,,,,AMS,,,,,AUA,,,,2025-10-14T23:59:59Z,2025-05-15T09:00:00Z,destination=AMS&origin=AUA&endRange=2025-10-14T23:59:59Z&startRange=2025-05-15T09:00:00Z,,,,,,,
,,,,,,BRI,,,,,CDG,,,,2025-10-14T23:59:59Z,2025-05-15T09:00:00Z,destination=BRI&origin=CDG&endRange=2025-10-14T23:59:59Z&startRange=2025-05-15T09:00:00Z,,,,,,,
,,,,,,CDG,,,,,BRI,,,,2025-10-14T23:59:59Z,2025-05-15T09:00:00Z,destination=CDG&origin=BRI&endRange=2025-10-14T23:59:59Z&startRange=2025-05-15T09:00:00Z,,,,,,,
,,,,,,ORY,,,,,DBV,,,,2025-10-14T23:59:59Z,2025-05-15T09:00:00Z,destination=ORY&origin=DBV&endRange=2025-10-14T23:59:59Z&startRange=2025-05-15T09:00:00Z,,,,,,,
,,,,,,DBV,,,,,ORY,,,,2025-10-14T23:59:59Z,2025-05-15T09:00:00Z,destination=DBV&origin=ORY&endRange=2025-10-14T23:59:59Z&startRange=2025-05-15T09:00:00Z,,,,,,,
,,,,,,TFS,,,,,ORY,,,,2025-10-14T23:59:59Z,2025-05-15T09:00:00Z,destination=TFS&origin=ORY&endRange=2025-10-14T23:59:59Z&startRange=2025-05-15T09:00:00Z,,,,,,,
,,,,,,CPH,,,,,JFK,,,,2025-10-14T23:59:59Z,2025-05-15T09:00:00Z,destination=CPH&origin=JFK&endRange=2025-10-14T23:59:59Z&startRange=2025-05-15T09:00:00Z,,,,,,,
,,,,,,JFK,,,,,CPH,,,,2025-10-14T23:59:59Z,2025-05-15T09:00:00Z,destination=JFK&origin=CPH&endRange=2025-10-14T23:59:59Z&startRange=2025-05-15T09:00:00Z,,,,,,,
,,,,,,ORY,,,,,CFU,,,,2025-10-14T23:59:59Z,2025-05-15T09:00:00Z,destination=ORY&origin=CFU&endRange=2025-10-14T23:59:59Z&startRange=2025-05-15T09:00:00Z,,,,,,,
,,,,,,ARN,,,,,SDL,,,,2025-10-14T23:59:59Z,2025-05-15T09:00:00Z,destination=ARN&origin=SDL&endRange=2025-10-14T23:59:59Z&startRange=2025-05-15T09:00:00Z,,,,,,,
,,,,,,CFU,,,,,ORY,,,,2025-10-14T23:59:59Z,2025-05-15T09:00:00Z,destination=CFU&origin=ORY&endRange=2025-10-14T23:59:59Z&startRange=2025-05-15T09:00:00Z,,,,,,,
,,,,,,VAA,,,,,ARN,,,,2025-10-14T23:59:59Z,2025-05-15T09:00:00Z,destination=VAA&origin=ARN&endRange=2025-10-14T23:59:59Z&startRange=2025-05-15T09:00:00Z,,,,,,,
,,,,,,CDG,,,,,AYT,,,,2025-10-14T23:59:59Z,2025-05-15T09:00:00Z,destination=CDG&origin=AYT&endRange=2025-10-14T23:59:59Z&startRange=2025-05-15T09:00:00Z,,,,,,,
,,,,,,ORY,,,,,SPU,,,,2025-10-14T23:59:59Z,2025-05-15T09:00:00Z,destination=ORY&origin=SPU&endRange=2025-10-14T23:59:59Z&startRange=2025-05-15T09:00:00Z,,,,,,,
,,,,,,AMS,,,,,DAR,,,,2025-10-14T23:59:59Z,2025-05-15T09:00:00Z,destination=AMS&origin=DAR&endRange=2025-10-14T23:59:59Z&startRange=2025-05-15T09:00:00Z,,,,,,,
,,,,,,AMS,,,,,BRI,,,,2025-10-14T23:59:59Z,2025-05-15T09:00:00Z,destination=AMS&origin=BRI&endRange=2025-10-14T23:59:59Z&startRange=2025-05-15T09:00:00Z,,,,,,,
,,,,,,BRI,,,,,AMS,,,,2025-10-14T23:59:59Z,2025-05-15T09:00:00Z,destination=BRI&origin=AMS&endRange=2025-10-14T23:59:59Z&startRange=2025-05-15T09:00:00Z,,,,,,,
,,,,,,ORY,,,,,CAI,,,,2025-10-14T23:59:59Z,2025-05-15T09:00:00Z,destination=ORY&origin=CAI&endRange=2025-10-14T23:59:59Z&startRange=2025-05-15T09:00:00Z,,,,,,,
,,,,,,SPU,,,,,ORY,,,,2025-10-14T23:59:59Z,2025-05-15T09:00:00Z,destination=SPU&origin=ORY&endRange=2025-10-14T23:59:59Z&startRange=2025-05-15T09:00:00Z,,,,,,,
,,,,,,AMS,,,,,CFU,,,,2025-10-14T23:59:59Z,2025-05-15T09:00:00Z,destination=AMS&origin=CFU&endRange=2025-10-14T23:59:59Z&startRange=2025-05-15T09:00:00Z,,,,,,,
,,,,,,ARN,,,,,VAA,,,,2025-10-14T23:59:59Z,2025-05-15T09:00:00Z,destination=ARN&origin=VAA&endRange=2025-10-14T23:59:59Z&startRange=2025-05-15T09:00:00Z,,,,,,,
,,,,,,ORY,,,,,ABJ,,,,2025-10-14T23:59:59Z,2025-05-15T09:00:00Z,destination=ORY&origin=ABJ&endRange=2025-10-14T23:59:59Z&startRange=2025-05-15T09:00:00Z,,,,,,,
,,,,,,CAI,,,,,ORY,,,,2025-10-14T23:59:59Z,2025-05-15T09:00:00Z,destination=CAI&origin=ORY&endRange=2025-10-14T23:59:59Z&startRange=2025-05-15T09:00:00Z,,,,,,,
,,,,,,CFU,,,,,AMS,,,,2025-10-14T23:59:59Z,2025-05-15T09:00:00Z,destination=CFU&origin=AMS&endRange=2025-10-14T23:59:59Z&startRange=2025-05-15T09:00:00Z,,,,,,,
,,,,,,SVQ,,,,,AMS,,,,2025-10-14T23:59:59Z,2025-05-15T09:00:00Z,destination=SVQ&origin=AMS&endRange=2025-10-14T23:59:59Z&startRange=2025-05-15T09:00:00Z,,,,,,,
,,,,,,TRD,,,,,TOS,,,,2025-10-14T23:59:59Z,2025-05-15T09:00:00Z,destination=TRD&origin=TOS&endRange=2025-10-14T23:59:59Z&startRange=2025-05-15T09:00:00Z,,,,,,,
,,,,,,AMS,,,,,SVQ,,,,2025-10-14T23:59:59Z,2025-05-15T09:00:00Z,destination=AMS&origin=SVQ&endRange=2025-10-14T23:59:59Z&startRange=2025-05-15T09:00:00Z,,,,,,,
,,,,,,AYT,,,,,CDG,,,,2025-10-14T23:59:59Z,2025-05-15T09:00:00Z,destination=AYT&origin=CDG&endRange=2025-10-14T23:59:59Z&startRange=2025-05-15T09:00:00Z,,,,,,,
,,,,,,CDG,,,,,LIM,,,,2025-10-14T23:59:59Z,2025-05-15T09:00:00Z,destination=CDG&origin=LIM&endRange=2025-10-14T23:59:59Z&startRange=2025-05-15T09:00:00Z,,,,,,,
,,,,,,LIM,,,,,CDG,,,,2025-10-14T23:59:59Z,2025-05-15T09:00:00Z,destination=LIM&origin=CDG&endRange=2025-10-14T23:59:59Z&startRange=2025-05-15T09:00:00Z,,,,,,,
,,,,,,FCO,,,,,ATH,,,,2025-10-14T23:59:59Z,2025-05-15T09:00:00Z,destination=FCO&origin=ATH&endRange=2025-10-14T23:59:59Z&startRange=2025-05-15T09:00:00Z,,,,,,,
,,,,,,SDL,,,,,ARN,,,,2025-10-14T23:59:59Z,2025-05-15T09:00:00Z,destination=SDL&origin=ARN&endRange=2025-10-14T23:59:59Z&startRange=2025-05-15T09:00:00Z,,,,,,,
,,,,,,MAD,,,,,JFK,,,,2025-10-14T23:59:59Z,2025-05-15T09:00:00Z,destination=MAD&origin=JFK&endRange=2025-10-14T23:59:59Z&startRange=2025-05-15T09:00:00Z,,,,,,,
,,,,,,HEL,,,,,KTT,,,,2025-10-14T23:59:59Z,2025-05-15T09:00:00Z,destination=HEL&origin=KTT&endRange=2025-10-14T23:59:59Z&startRange=2025-05-15T09:00:00Z,,,,,,,
,,,,,,JFK,,,,,MAD,,,,2025-10-14T23:59:59Z,2025-05-15T09:00:00Z,destination=JFK&origin=MAD&endRange=2025-10-14T23:59:59Z&startRange=2025-05-15T09:00:00Z,,,,,,,
,,,,,,CPH,,,,,KEF,,,,2025-10-14T23:59:59Z,2025-05-15T09:00:00Z,destination=CPH&origin=KEF&endRange=2025-10-14T23:59:59Z&startRange=2025-05-15T09:00:00Z,,,,,,,
,,,,,,LCA,,,,,AMS,,,,2025-10-14T23:59:59Z,2025-05-15T09:00:00Z,destination=LCA&origin=AMS&endRange=2025-10-14T23:59:59Z&startRange=2025-05-15T09:00:00Z,,,,,,,
,,,,,,CKY,,,,,CDG,,,,2025-10-14T23:59:59Z,2025-05-15T09:00:00Z,destination=CKY&origin=CDG&endRange=2025-10-14T23:59:59Z&startRange=2025-05-15T09:00:00Z,,,,,,,
,,,,,,CDG,,,,,LJU,,,,2025-10-14T23:59:59Z,2025-05-15T09:00:00Z,destination=CDG&origin=LJU&endRange=2025-10-14T23:59:59Z&startRange=2025-05-15T09:00:00Z,,,,,,,
,,,,,,ORY,,,,,FNC,,,,2025-10-14T23:59:59Z,2025-05-15T09:00:00Z,destination=ORY&origin=FNC&endRange=2025-10-14T23:59:59Z&startRange=2025-05-15T09:00:00Z,,,,,,,
,,,,,,FNC,,,,,ORY,,,,2025-10-14T23:59:59Z,2025-05-15T09:00:00Z,destination=FNC&origin=ORY&endRange=2025-10-14T23:59:59Z&startRange=2025-05-15T09:00:00Z,,,,,,,
,,,,,,LJU,,,,,CDG,,,,2025-10-14T23:59:59Z,2025-05-15T09:00:00Z,destination=LJU&origin=CDG&endRange=2025-10-14T23:59:59Z&startRange=2025-05-15T09:00:00Z,,,,,,,
,,,,,,OMR,,,,,OTP,,,,2025-10-14T23:59:59Z,2025-05-15T09:00:00Z,destination=OMR&origin=OTP&endRange=2025-10-14T23:59:59Z&startRange=2025-05-15T09:00:00Z,,,,,,,
,,,,,,SCV,,,,,OTP,,,,2025-10-14T23:59:59Z,2025-05-15T09:00:00Z,destination=SCV&origin=OTP&endRange=2025-10-14T23:59:59Z&startRange=2025-05-15T09:00:00Z,,,,,,,
,,,,,,VRN,,,,,AMS,,,,2025-10-14T23:59:59Z,2025-05-15T09:00:00Z,destination=VRN&origin=AMS&endRange=2025-10-14T23:59:59Z&startRange=2025-05-15T09:00:00Z,,,,,,,
,,,,,,AMS,,,,,VRN,,,,2025-10-14T23:59:59Z,2025-05-15T09:00:00Z,destination=AMS&origin=VRN&endRange=2025-10-14T23:59:59Z&startRange=2025-05-15T09:00:00Z,,,,,,,
,,,,,,ABJ,,,,,ORY,,,,2025-10-14T23:59:59Z,2025-05-15T09:00:00Z,destination=ABJ&origin=ORY&endRange=2025-10-14T23:59:59Z&startRange=2025-05-15T09:00:00Z,,,,,,,
,,,,,,CDG,,,,,CKY,,,,2025-10-14T23:59:59Z,2025-05-15T09:00:00Z,destination=CDG&origin=CKY&endRange=2025-10-14T23:59:59Z&startRange=2025-05-15T09:00:00Z,,,,,,,
,,,,,,ATH,,,,,FCO,,,,2025-10-14T23:59:59Z,2025-05-15T09:00:00Z,destination=ATH&origin=FCO&endRange=2025-10-14T23:59:59Z&startRange=2025-05-15T09:00:00Z,,,,,,,
,,,,,,TRD,,,,,ARN,,,,2025-10-14T23:59:59Z,2025-05-15T09:00:00Z,destination=TRD&origin=ARN&endRange=2025-10-14T23:59:59Z&startRange=2025-05-15T09:00:00Z,,,,,,,
,,,,,,KGL,,,,,AMS,,,,2025-10-14T23:59:59Z,2025-05-15T09:00:00Z,destination=KGL&origin=AMS&endRange=2025-10-14T23:59:59Z&startRange=2025-05-15T09:00:00Z,,,,,,,
,,,,,,AMS,,,,,EBB,,,,2025-10-14T23:59:59Z,2025-05-15T09:00:00Z,destination=AMS&origin=EBB&endRange=2025-10-14T23:59:59Z&startRange=2025-05-15T09:00:00Z,,,,,,,
,,,,,,STN,,,,,AMS,,,,2025-10-14T23:59:59Z,2025-05-15T09:00:00Z,destination=STN&origin=AMS&endRange=2025-10-14T23:59:59Z&startRange=2025-05-15T09:00:00Z,,,,,,,
,,,,,,VNO,,,,,ARN,,,,2025-10-14T23:59:59Z,2025-05-15T09:00:00Z,destination=VNO&origin=ARN&endRange=2025-10-14T23:59:59Z&startRange=2025-05-15T09:00:00Z,,,,,,,
,,,,,,CDG,,,,,BJA,,,,2025-10-14T23:59:59Z,2025-05-15T09:00:00Z,destination=CDG&origin=BJA&endRange=2025-10-14T23:59:59Z&startRange=2025-05-15T09:00:00Z,,,,,,,
,,,,,,SCL,,,,,CDG,,,,2025-10-14T23:59:59Z,2025-05-15T09:00:00Z,destination=SCL&origin=CDG&endRange=2025-10-14T23:59:59Z&startRange=2025-05-15T09:00:00Z,,,,,,,
,,,,,,CDG,,,,,SCL,,,,2025-10-14T23:59:59Z,2025-05-15T09:00:00Z,destination=CDG&origin=SCL&endRange=2025-10-14T23:59:59Z&startRange=2025-05-15T09:00:00Z,,,,,,,
,,,,,,AMS,,,,,STN,,,,2025-10-14T23:59:59Z,2025-05-15T09:00:00Z,destination=AMS&origin=STN&endRange=2025-10-14T23:59:59Z&startRange=2025-05-15T09:00:00Z,,,,,,,
,,,,,,ARN,,,,,VNO,,,,2025-10-14T23:59:59Z,2025-05-15T09:00:00Z,destination=ARN&origin=VNO&endRange=2025-10-14T23:59:59Z&startRange=2025-05-15T09:00:00Z,,,,,,,
,,,,,,GIG,,,,,CDG,,,,2025-10-14T23:59:59Z,2025-05-15T09:00:00Z,destination=GIG&origin=CDG&endRange=2025-10-14T23:59:59Z&startRange=2025-05-15T09:00:00Z,,,,,,,
,,,,,,AES,,,,,TRD,,,,2025-10-14T23:59:59Z,2025-05-15T09:00:00Z,destination=AES&origin=TRD&endRange=2025-10-14T23:59:59Z&startRange=2025-05-15T09:00:00Z,,,,,,,
,,,,,,CDG,,,,,OLB,,,,2025-10-14T23:59:59Z,2025-05-15T09:00:00Z,destination=CDG&origin=OLB&endRange=2025-10-14T23:59:59Z&startRange=2025-05-15T09:00:00Z,,,,,,,
,,,,,,RVN,,,,,HEL,,,,2025-10-14T23:59:59Z,2025-05-15T09:00:00Z,destination=RVN&origin=HEL&endRange=2025-10-14T23:59:59Z&startRange=2025-05-15T09:00:00Z,,,,,,,
,,,,,,QSF,,,,,ORY,,,,2025-10-14T23:59:59Z,2025-05-15T09:00:00Z,destination=QSF&origin=ORY&endRange=2025-10-14T23:59:59Z&startRange=2025-05-15T09:00:00Z,,,,,,,
,,,,,,CDG,,,,,GIG,,,,2025-10-14T23:59:59Z,2025-05-15T09:00:00Z,destination=CDG&origin=GIG&endRange=2025-10-14T23:59:59Z&startRange=2025-05-15T09:00:00Z,,,,,,,
,,,,,,OLB,,,,,CDG,,,,2025-10-14T23:59:59Z,2025-05-15T09:00:00Z,destination=OLB&origin=CDG&endRange=2025-10-14T23:59:59Z&startRange=2025-05-15T09:00:00Z,,,,,,,
,,,,,,PHL,,,,,CDG,,,,2025-10-14T23:59:59Z,2025-05-15T09:00:00Z,destination=PHL&origin=CDG&endRange=2025-10-14T23:59:59Z&startRange=2025-05-15T09:00:00Z,,,,,,,
,,,,,,ORY,,,,,QSF,,,,2025-10-14T23:59:59Z,2025-05-15T09:00:00Z,destination=ORY&origin=QSF&endRange=2025-10-14T23:59:59Z&startRange=2025-05-15T09:00:00Z,,,,,,,
,,,,,,AMS,,,,,FUE,,,,2025-10-14T23:59:59Z,2025-05-15T09:00:00Z,destination=AMS&origin=FUE&endRange=2025-10-14T23:59:59Z&startRange=2025-05-15T09:00:00Z,,,,,,,
,,,,,,BRI,,,,,ORY,,,,2025-10-14T23:59:59Z,2025-05-15T09:00:00Z,destination=BRI&origin=ORY&endRange=2025-10-14T23:59:59Z&startRange=2025-05-15T09:00:00Z,,,,,,,
,,,,,,KRK,,,,,ORY,,,,2025-10-14T23:59:59Z,2025-05-15T09:00:00Z,destination=KRK&origin=ORY&endRange=2025-10-14T23:59:59Z&startRange=2025-05-15T09:00:00Z,,,,,,,
,,,,,,ORY,,,,,BRI,,,,2025-10-14T23:59:59Z,2025-05-15T09:00:00Z,destination=ORY&origin=BRI&endRange=2025-10-14T23:59:59Z&startRange=2025-05-15T09:00:00Z,,,,,,,
,,,,,,CDG,,,,,ORK,,,,2025-10-14T23:59:59Z,2025-05-15T09:00:00Z,destination=CDG&origin=ORK&endRange=2025-10-14T23:59:59Z&startRange=2025-05-15T09:00:00Z,,,,,,,
,,,,,,ORK,,,,,CDG,,,,2025-10-14T23:59:59Z,2025-05-15T09:00:00Z,destination=ORK&origin=CDG&endRange=2025-10-14T23:59:59Z&startRange=2025-05-15T09:00:00Z,,,,,,,
,,,,,,CDG,,,,,LCA,,,,2025-10-14T23:59:59Z,2025-05-15T09:00:00Z,destination=CDG&origin=LCA&endRange=2025-10-14T23:59:59Z&startRange=2025-05-15T09:00:00Z,,,,,,,
,,,,,,CHQ,,,,,ORY,,,,2025-10-14T23:59:59Z,2025-05-15T09:00:00Z,destination=CHQ&origin=ORY&endRange=2025-10-14T23:59:59Z&startRange=2025-05-15T09:00:00Z,,,,,,,
,,,,,,ORY,,,,,CHQ,,,,2025-10-14T23:59:59Z,2025-05-15T09:00:00Z,destination=ORY&origin=CHQ&endRange=2025-10-14T23:59:59Z&startRange=2025-05-15T09:00:00Z,,,,,,,
,,,,,,CZL,,,,,ORY,,,,2025-10-14T23:59:59Z,2025-05-15T09:00:00Z,destination=CZL&origin=ORY&endRange=2025-10-14T23:59:59Z&startRange=2025-05-15T09:00:00Z,,,,,,,
,,,,,,ORY,,,,,CZL,,,,2025-10-14T23:59:59Z,2025-05-15T09:00:00Z,destination=ORY&origin=CZL&endRange=2025-10-14T23:59:59Z&startRange=2025-05-15T09:00:00Z,,,,,,,
,,,,,,BOS,,,,,FCO,,,,2025-10-14T23:59:59Z,2025-05-15T09:00:00Z,destination=BOS&origin=FCO&endRange=2025-10-14T23:59:59Z&startRange=2025-05-15T09:00:00Z,,,,,,,
,,,,,,BJA,,,,,CDG,,,,2025-10-14T23:59:59Z,2025-05-15T09:00:00Z,destination=BJA&origin=CDG&endRange=2025-10-14T23:59:59Z&startRange=2025-05-15T09:00:00Z,,,,,,,
,,,,,,FCO,,,,,BOS,,,,2025-10-14T23:59:59Z,2025-05-15T09:00:00Z,destination=FCO&origin=BOS&endRange=2025-10-14T23:59:59Z&startRange=2025-05-15T09:00:00Z,,,,,,,
,,,,,,FCO,,,,,ALG,,,,2025-10-14T23:59:59Z,2025-05-15T09:00:00Z,destination=FCO&origin=ALG&endRange=2025-10-14T23:59:59Z&startRange=2025-05-15T09:00:00Z,,,,,,,
,,,,,,FUE,,,,,AMS,,,,2025-10-14T23:59:59Z,2025-05-15T09:00:00Z,destination=FUE&origin=AMS&endRange=2025-10-14T23:59:59Z&startRange=2025-05-15T09:00:00Z,,,,,,,
,,,,,,NCE,,,,,JFK,,,,2025-10-14T23:59:59Z,2025-05-15T09:00:00Z,destination=NCE&origin=JFK&endRange=2025-10-14T23:59:59Z&startRange=2025-05-15T09:00:00Z,,,,,,,
,,,,,,YQB,,,,,CDG,,,,2025-10-14T23:59:59Z,2025-05-15T09:00:00Z,destination=YQB&origin=CDG&endRange=2025-10-14T23:59:59Z&startRange=2025-05-15T09:00:00Z,,,,,,,
,,,,,,JFK,,,,,NCE,,,,2025-10-14T23:59:59Z,2025-05-15T09:00:00Z,destination=JFK&origin=NCE&endRange=2025-10-14T23:59:59Z&startRange=2025-05-15T09:00:00Z,,,,,,,
,,,,,,AJA,,,,,LYS,,,,2025-10-14T23:59:59Z,2025-05-15T09:00:00Z,destination=AJA&origin=LYS&endRange=2025-10-14T23:59:59Z&startRange=2025-05-15T09:00:00Z,,,,,,,
,,,,,,BGO,,,,,TRF,,,,2025-10-14T23:59:59Z,2025-05-15T09:00:00Z,destination=BGO&origin=TRF&endRange=2025-10-14T23:59:59Z&startRange=2025-05-15T09:00:00Z,,,,,,,
,,,,,,AMS,,,,,CPT,,,,2025-10-14T23:59:59Z,2025-05-15T09:00:00Z,destination=AMS&origin=CPT&endRange=2025-10-14T23:59:59Z&startRange=2025-05-15T09:00:00Z,,,,,,,
,,,,,,AJA,,,,,CDG,,,,2025-10-14T23:59:59Z,2025-05-15T09:00:00Z,destination=AJA&origin=CDG&endRange=2025-10-14T23:59:59Z&startRange=2025-05-15T09:00:00Z,,,,,,,
,,,,,,CDG,,,,,AJA,,,,2025-10-14T23:59:59Z,2025-05-15T09:00:00Z,destination=CDG&origin=AJA&endRange=2025-10-14T23:59:59Z&startRange=2025-05-15T09:00:00Z,,,,,,,
,,,,,,AMM,,,,,CDG,,,,2025-10-14T23:59:59Z,2025-05-15T09:00:00Z,destination=AMM&origin=CDG&endRange=2025-10-14T23:59:59Z&startRange=2025-05-15T09:00:00Z,,,,,,,
,,,,,,CDG,,,,,PHL,,,,2025-10-14T23:59:59Z,2025-05-15T09:00:00Z,destination=CDG&origin=PHL&endRange=2025-10-14T23:59:59Z&startRange=2025-05-15T09:00:00Z,,,,,,,
,,,,,,VCP,,,,,ORY,,,,2025-10-14T23:59:59Z,2025-05-15T09:00:00Z,destination=VCP&origin=ORY&endRange=2025-10-14T23:59:59Z&startRange=2025-05-15T09:00:00Z,,,,,,,
,,,,,,NRT,,,,,AMS,,,,2025-10-14T23:59:59Z,2025-05-15T09:00:00Z,destination=NRT&origin=AMS&endRange=2025-10-14T23:59:59Z&startRange=2025-05-15T09:00:00Z,,,,,,,
,,,,,,CPT,,,,,AMS,,,,2025-10-14T23:59:59Z,2025-05-15T09:00:00Z,destination=CPT&origin=AMS&endRange=2025-10-14T23:59:59Z&startRange=2025-05-15T09:00:00Z,,,,,,,
,,,,,,LHR,,,,,ORY,,,,2025-10-14T23:59:59Z,2025-05-15T09:00:00Z,destination=LHR&origin=ORY&endRange=2025-10-14T23:59:59Z&startRange=2025-05-15T09:00:00Z,,,,,,,
,,,,,,CDG,,,,,DLA,,,,2025-10-14T23:59:59Z,2025-05-15T09:00:00Z,destination=CDG&origin=DLA&endRange=2025-10-14T23:59:59Z&startRange=2025-05-15T09:00:00Z,,,,,,,
,,,,,,SLC,,,,,CDG,,,,2025-10-14T23:59:59Z,2025-05-15T09:00:00Z,destination=SLC&origin=CDG&endRange=2025-10-14T23:59:59Z&startRange=2025-05-15T09:00:00Z,,,,,,,
,,,,,,CDG,,,,,AMM,,,,2025-10-14T23:59:59Z,2025-05-15T09:00:00Z,destination=CDG&origin=AMM&endRange=2025-10-14T23:59:59Z&startRange=2025-05-15T09:00:00Z,,,,,,,
,,,,,,CAN,,,,,CDG,,,,2025-10-14T23:59:59Z,2025-05-15T09:00:00Z,destination=CAN&origin=CDG&endRange=2025-10-14T23:59:59Z&startRange=2025-05-15T09:00:00Z,,,,,,,
,,,,,,HAN,,,,,CDG,,,,2025-10-14T23:59:59Z,2025-05-15T09:00:00Z,destination=HAN&origin=CDG&endRange=2025-10-14T23:59:59Z&startRange=2025-05-15T09:00:00Z,,,,,,,
,,,,,,EWR,,,,,AMS,,,,2025-10-14T23:59:59Z,2025-05-15T09:00:00Z,destination=EWR&origin=AMS&endRange=2025-10-14T23:59:59Z&startRange=2025-05-15T09:00:00Z,,,,,,,
,,,,,,CDG,,,,,LOS,,,,2025-10-14T23:59:59Z,2025-05-15T09:00:00Z,destination=CDG&origin=LOS&endRange=2025-10-14T23:59:59Z&startRange=2025-05-15T09:00:00Z,,,,,,,
,,,,,,CDG,,,,,BOM,,,,2025-10-14T23:59:59Z,2025-05-15T09:00:00Z,destination=CDG&origin=BOM&endRange=2025-10-14T23:59:59Z&startRange=2025-05-15T09:00:00Z,,,,,,,
,,,,,,IAH,,,,,CDG,,,,2025-10-14T23:59:59Z,2025-05-15T09:00:00Z,destination=IAH&origin=CDG&endRange=2025-10-14T23:59:59Z&startRange=2025-05-15T09:00:00Z,,,,,,,
,,,,,,AMS,,,,,NRT,,,,2025-10-14T23:59:59Z,2025-05-15T09:00:00Z,destination=AMS&origin=NRT&endRange=2025-10-14T23:59:59Z&startRange=2025-05-15T09:00:00Z,,,,,,,
,,,,,,AMS,,,,,EWR,,,,2025-10-14T23:59:59Z,2025-05-15T09:00:00Z,destination=AMS&origin=EWR&endRange=2025-10-14T23:59:59Z&startRange=2025-05-15T09:00:00Z,,,,,,,
,,,,,,PHL,,,,,AMS,,,,2025-10-14T23:59:59Z,2025-05-15T09:00:00Z,destination=PHL&origin=AMS&endRange=2025-10-14T23:59:59Z&startRange=2025-05-15T09:00:00Z,,,,,,,
,,,,,,AMS,,,,,SOF,,,,2025-10-14T23:59:59Z,2025-05-15T09:00:00Z,destination=AMS&origin=SOF&endRange=2025-10-14T23:59:59Z&startRange=2025-05-15T09:00:00Z,,,,,,,
,,,,,,SOF,,,,,CDG,,,,2025-10-14T23:59:59Z,2025-05-15T09:00:00Z,destination=SOF&origin=CDG&endRange=2025-10-14T23:59:59Z&startRange=2025-05-15T09:00:00Z,,,,,,,
,,,,,,LHR,,,,,SIN,,,,2025-10-14T23:59:59Z,2025-05-15T09:00:00Z,destination=LHR&origin=SIN&endRange=2025-10-14T23:59:59Z&startRange=2025-05-15T09:00:00Z,,,,,,,
,,,,,,KUL,,,,,CDG,,,,2025-10-14T23:59:59Z,2025-05-15T09:00:00Z,destination=KUL&origin=CDG&endRange=2025-10-14T23:59:59Z&startRange=2025-05-15T09:00:00Z,,,,,,,
,,,,,,GIG,,,,,AMS,,,,2025-10-14T23:59:59Z,2025-05-15T09:00:00Z,destination=GIG&origin=AMS&endRange=2025-10-14T23:59:59Z&startRange=2025-05-15T09:00:00Z,,,,,,,
,,,,,,LCA,,,,,CDG,,,,2025-10-14T23:59:59Z,2025-05-15T09:00:00Z,destination=LCA&origin=CDG&endRange=2025-10-14T23:59:59Z&startRange=2025-05-15T09:00:00Z,,,,,,,
,,,,,,CDG,,,,,CAN,,,,2025-10-14T23:59:59Z,2025-05-15T09:00:00Z,destination=CDG&origin=CAN&endRange=2025-10-14T23:59:59Z&startRange=2025-05-15T09:00:00Z,,,,,,,
,,,,,,ORY,,,,,VCP,,,,2025-10-14T23:59:59Z,2025-05-15T09:00:00Z,destination=ORY&origin=VCP&endRange=2025-10-14T23:59:59Z&startRange=2025-05-15T09:00:00Z,,,,,,,
,,,,,,CDG,,,,,IAH,,,,2025-10-14T23:59:59Z,2025-05-15T09:00:00Z,destination=CDG&origin=IAH&endRange=2025-10-14T23:59:59Z&startRange=2025-05-15T09:00:00Z,,,,,,,
,,,,,,BOM,,,,,CDG,,,,2025-10-14T23:59:59Z,2025-05-15T09:00:00Z,destination=BOM&origin=CDG&endRange=2025-10-14T23:59:59Z&startRange=2025-05-15T09:00:00Z,,,,,,,
,,,,,,AMS,,,,,PHL,,,,2025-10-14T23:59:59Z,2025-05-15T09:00:00Z,destination=AMS&origin=PHL&endRange=2025-10-14T23:59:59Z&startRange=2025-05-15T09:00:00Z,,,,,,,
,,,,,,ATL,,,,,DUB,,,,2025-10-14T23:59:59Z,2025-05-15T09:00:00Z,destination=ATL&origin=DUB&endRange=2025-10-14T23:59:59Z&startRange=2025-05-15T09:00:00Z,,,,,,,
,,,,,,MSP,,,,,DUB,,,,2025-10-14T23:59:59Z,2025-05-15T09:00:00Z,destination=MSP&origin=DUB&endRange=2025-10-14T23:59:59Z&startRange=2025-05-15T09:00:00Z,,,,,,,
,,,,,,JFK,,,,,DUB,,,,2025-10-14T23:59:59Z,2025-05-15T09:00:00Z,destination=JFK&origin=DUB&endRange=2025-10-14T23:59:59Z&startRange=2025-05-15T09:00:00Z,,,,,,,
,,,,,,DUB,,,,,MSP,,,,2025-10-14T23:59:59Z,2025-05-15T09:00:00Z,destination=DUB&origin=MSP&endRange=2025-10-14T23:59:59Z&startRange=2025-05-15T09:00:00Z,,,,,,,
,,,,,,ALG,,,,,FCO,,,,2025-10-14T23:59:59Z,2025-05-15T09:00:00Z,destination=ALG&origin=FCO&endRange=2025-10-14T23:59:59Z&startRange=2025-05-15T09:00:00Z,,,,,,,
,,,,,,CDG,,,,,SOF,,,,2025-10-14T23:59:59Z,2025-05-15T09:00:00Z,destination=CDG&origin=SOF&endRange=2025-10-14T23:59:59Z&startRange=2025-05-15T09:00:00Z,,,,,,,
,,,,,,SOF,,,,,AMS,,,,2025-10-14T23:59:59Z,2025-05-15T09:00:00Z,destination=SOF&origin=AMS&endRange=2025-10-14T23:59:59Z&startRange=2025-05-15T09:00:00Z,,,,,,,
,,,,,,AMS,,,,,CTG,,,,2025-10-14T23:59:59Z,2025-05-15T09:00:00Z,destination=AMS&origin=CTG&endRange=2025-10-14T23:59:59Z&startRange=2025-05-15T09:00:00Z,,,,,,,
,,,,,,KUL,,,,,AMS,,,,2025-10-14T23:59:59Z,2025-05-15T09:00:00Z,destination=KUL&origin=AMS&endRange=2025-10-14T23:59:59Z&startRange=2025-05-15T09:00:00Z,,,,,,,
,,,,,,EZE,,,,,AMS,,,,2025-10-14T23:59:59Z,2025-05-15T09:00:00Z,destination=EZE&origin=AMS&endRange=2025-10-14T23:59:59Z&startRange=2025-05-15T09:00:00Z,,,,,,,
,,,,,,DTW,,,,,LHR,,,,2025-10-14T23:59:59Z,2025-05-15T09:00:00Z,destination=DTW&origin=LHR&endRange=2025-10-14T23:59:59Z&startRange=2025-05-15T09:00:00Z,,,,,,,
,,,,,,TPE,,,,,CDG,,,,2025-10-14T23:59:59Z,2025-05-15T09:00:00Z,destination=TPE&origin=CDG&endRange=2025-10-14T23:59:59Z&startRange=2025-05-15T09:00:00Z,,,,,,,
,,,,,,BAH,,,,,CDG,,,,2025-10-14T23:59:59Z,2025-05-15T09:00:00Z,destination=BAH&origin=CDG&endRange=2025-10-14T23:59:59Z&startRange=2025-05-15T09:00:00Z,,,,,,,
,,,,,,GRU,,,,,AMS,,,,2025-10-14T23:59:59Z,2025-05-15T09:00:00Z,destination=GRU&origin=AMS&endRange=2025-10-14T23:59:59Z&startRange=2025-05-15T09:00:00Z,,,,,,,
,,,,,,LAS,,,,,LHR,,,,2025-10-14T23:59:59Z,2025-05-15T09:00:00Z,destination=LAS&origin=LHR&endRange=2025-10-14T23:59:59Z&startRange=2025-05-15T09:00:00Z,,,,,,,
,,,,,,TPA,,,,,LHR,,,,2025-10-14T23:59:59Z,2025-05-15T09:00:00Z,destination=TPA&origin=LHR&endRange=2025-10-14T23:59:59Z&startRange=2025-05-15T09:00:00Z,,,,,,,
,,,,,,CAY,,,,,CDG,,,,2025-10-14T23:59:59Z,2025-05-15T09:00:00Z,destination=CAY&origin=CDG&endRange=2025-10-14T23:59:59Z&startRange=2025-05-15T09:00:00Z,,,,,,,
,,,,,,IAD,,,,,LHR,,,,2025-10-14T23:59:59Z,2025-05-15T09:00:00Z,destination=IAD&origin=LHR&endRange=2025-10-14T23:59:59Z&startRange=2025-05-15T09:00:00Z,,,,,,,
,,,,,,MSP,,,,,LHR,,,,2025-10-14T23:59:59Z,2025-05-15T09:00:00Z,destination=MSP&origin=LHR&endRange=2025-10-14T23:59:59Z&startRange=2025-05-15T09:00:00Z,,,,,,,
,,,,,,MAD,,,,,ATL,,,,2025-10-14T23:59:59Z,2025-05-15T09:00:00Z,destination=MAD&origin=ATL&endRange=2025-10-14T23:59:59Z&startRange=2025-05-15T09:00:00Z,,,,,,,
,,,,,,LHR,,,,,IAD,,,,2025-10-14T23:59:59Z,2025-05-15T09:00:00Z,destination=LHR&origin=IAD&endRange=2025-10-14T23:59:59Z&startRange=2025-05-15T09:00:00Z,,,,,,,
,,,,,,EZE,,,,,CDG,,,,2025-10-14T23:59:59Z,2025-05-15T09:00:00Z,destination=EZE&origin=CDG&endRange=2025-10-14T23:59:59Z&startRange=2025-05-15T09:00:00Z,,,,,,,
,,,,,,YYZ,,,,,LHR,,,,2025-10-14T23:59:59Z,2025-05-15T09:00:00Z,destination=YYZ&origin=LHR&endRange=2025-10-14T23:59:59Z&startRange=2025-05-15T09:00:00Z,,,,,,,
,,,,,,YYC,,,,,AMS,,,,2025-10-14T23:59:59Z,2025-05-15T09:00:00Z,destination=YYC&origin=AMS&endRange=2025-10-14T23:59:59Z&startRange=2025-05-15T09:00:00Z,,,,,,,
,,,,,,ACC,,,,,AMS,,,,2025-10-14T23:59:59Z,2025-05-15T09:00:00Z,destination=ACC&origin=AMS&endRange=2025-10-14T23:59:59Z&startRange=2025-05-15T09:00:00Z,,,,,,,
,,,,,,PTY,,,,,AMS,,,,2025-10-14T23:59:59Z,2025-05-15T09:00:00Z,destination=PTY&origin=AMS&endRange=2025-10-14T23:59:59Z&startRange=2025-05-15T09:00:00Z,,,,,,,
,,,,,,CDG,,,,,JNB,,,,2025-10-14T23:59:59Z,2025-05-15T09:00:00Z,destination=CDG&origin=JNB&endRange=2025-10-14T23:59:59Z&startRange=2025-05-15T09:00:00Z,,,,,,,
,,,,,,ADB,,,,,CDG,,,,2025-10-14T23:59:59Z,2025-05-15T09:00:00Z,destination=ADB&origin=CDG&endRange=2025-10-14T23:59:59Z&startRange=2025-05-15T09:00:00Z,,,,,,,
,,,,,,ADD,,,,,CDG,,,,2025-10-14T23:59:59Z,2025-05-15T09:00:00Z,destination=ADD&origin=CDG&endRange=2025-10-14T23:59:59Z&startRange=2025-05-15T09:00:00Z,,,,,,,
,,,,,,JNB,,,,,CDG,,,,2025-10-14T23:59:59Z,2025-05-15T09:00:00Z,destination=JNB&origin=CDG&endRange=2025-10-14T23:59:59Z&startRange=2025-05-15T09:00:00Z,,,,,,,
,,,,,,AMS,,,,,PTY,,,,2025-10-14T23:59:59Z,2025-05-15T09:00:00Z,destination=AMS&origin=PTY&endRange=2025-10-14T23:59:59Z&startRange=2025-05-15T09:00:00Z,,,,,,,
,,,,,,AMS,,,,,JNB,,,,2025-10-14T23:59:59Z,2025-05-15T09:00:00Z,destination=AMS&origin=JNB&endRange=2025-10-14T23:59:59Z&startRange=2025-05-15T09:00:00Z,,,,,,,
,,,,,,LOS,,,,,AMS,,,,2025-10-14T23:59:59Z,2025-05-15T09:00:00Z,destination=LOS&origin=AMS&endRange=2025-10-14T23:59:59Z&startRange=2025-05-15T09:00:00Z,,,,,,,
,,,,,,LOS,,,,,CDG,,,,2025-10-14T23:59:59Z,2025-05-15T09:00:00Z,destination=LOS&origin=CDG&endRange=2025-10-14T23:59:59Z&startRange=2025-05-15T09:00:00Z,,,,,,,
,,,,,,AMS,,,,,KUL,,,,2025-10-14T23:59:59Z,2025-05-15T09:00:00Z,destination=AMS&origin=KUL&endRange=2025-10-14T23:59:59Z&startRange=2025-05-15T09:00:00Z,,,,,,,
,,,,,,AMS,,,,,LIM,,,,2025-10-14T23:59:59Z,2025-05-15T09:00:00Z,destination=AMS&origin=LIM&endRange=2025-10-14T23:59:59Z&startRange=2025-05-15T09:00:00Z,,,,,,,
,,,,,,AMS,,,,,LOS,,,,2025-10-14T23:59:59Z,2025-05-15T09:00:00Z,destination=AMS&origin=LOS&endRange=2025-10-14T23:59:59Z&startRange=2025-05-15T09:00:00Z,,,,,,,
,,,,,,LBV,,,,,CDG,,,,2025-10-14T23:59:59Z,2025-05-15T09:00:00Z,destination=LBV&origin=CDG&endRange=2025-10-14T23:59:59Z&startRange=2025-05-15T09:00:00Z,,,,,,,
,,,,,,AMS,,,,,AUH,,,,2025-10-14T23:59:59Z,2025-05-15T09:00:00Z,destination=AMS&origin=AUH&endRange=2025-10-14T23:59:59Z&startRange=2025-05-15T09:00:00Z,,,,,,,
,,,,,,AMS,,,,,EZE,,,,2025-10-14T23:59:59Z,2025-05-15T09:00:00Z,destination=AMS&origin=EZE&endRange=2025-10-14T23:59:59Z&startRange=2025-05-15T09:00:00Z,,,,,,,
,,,,,,CAI,,,,,AMS,,,,2025-10-14T23:59:59Z,2025-05-15T09:00:00Z,destination=CAI&origin=AMS&endRange=2025-10-14T23:59:59Z&startRange=2025-05-15T09:00:00Z,,,,,,,
,,,,,,PEK,,,,,AMS,,,,2025-10-14T23:59:59Z,2025-05-15T09:00:00Z,destination=PEK&origin=AMS&endRange=2025-10-14T23:59:59Z&startRange=2025-05-15T09:00:00Z,,,,,,,
,,,,,,CDG,,,,,YYC,,,,2025-10-14T23:59:59Z,2025-05-15T09:00:00Z,destination=CDG&origin=YYC&endRange=2025-10-14T23:59:59Z&startRange=2025-05-15T09:00:00Z,,,,,,,
,,,,,,CDG,,,,,TPE,,,,2025-10-14T23:59:59Z,2025-05-15T09:00:00Z,destination=CDG&origin=TPE&endRange=2025-10-14T23:59:59Z&startRange=2025-05-15T09:00:00Z,,,,,,,
,,,,,,AMS,,,,,ACC,,,,2025-10-14T23:59:59Z,2025-05-15T09:00:00Z,destination=AMS&origin=ACC&endRange=2025-10-14T23:59:59Z&startRange=2025-05-15T09:00:00Z,,,,,,,
,,,,,,AMS,,,,,CAI,,,,2025-10-14T23:59:59Z,2025-05-15T09:00:00Z,destination=AMS&origin=CAI&endRange=2025-10-14T23:59:59Z&startRange=2025-05-15T09:00:00Z,,,,,,,
,,,,,,PKX,,,,,AMS,,,,2025-10-14T23:59:59Z,2025-05-15T09:00:00Z,destination=PKX&origin=AMS&endRange=2025-10-14T23:59:59Z&startRange=2025-05-15T09:00:00Z,,,,,,,
,,,,,,YVR,,,,,AMS,,,,2025-10-14T23:59:59Z,2025-05-15T09:00:00Z,destination=YVR&origin=AMS&endRange=2025-10-14T23:59:59Z&startRange=2025-05-15T09:00:00Z,,,,,,,
,,,,,,CDG,,,,,HAN,,,,2025-10-14T23:59:59Z,2025-05-15T09:00:00Z,destination=CDG&origin=HAN&endRange=2025-10-14T23:59:59Z&startRange=2025-05-15T09:00:00Z,,,,,,,
,,,,,,CDG,,,,,SLC,,,,2025-10-14T23:59:59Z,2025-05-15T09:00:00Z,destination=CDG&origin=SLC&endRange=2025-10-14T23:59:59Z&startRange=2025-05-15T09:00:00Z,,,,,,,
,,,,,,CDG,,,,,LBV,,,,2025-10-14T23:59:59Z,2025-05-15T09:00:00Z,destination=CDG&origin=LBV&endRange=2025-10-14T23:59:59Z&startRange=2025-05-15T09:00:00Z,,,,,,,
,,,,,,CDG,,,,,ADD,,,,2025-10-14T23:59:59Z,2025-05-15T09:00:00Z,destination=CDG&origin=ADD&endRange=2025-10-14T23:59:59Z&startRange=2025-05-15T09:00:00Z,,,,,,,
,,,,,,CDG,,,,,CAY,,,,2025-10-14T23:59:59Z,2025-05-15T09:00:00Z,destination=CDG&origin=CAY&endRange=2025-10-14T23:59:59Z&startRange=2025-05-15T09:00:00Z,,,,,,,
,,,,,,CDG,,,,,BAH,,,,2025-10-14T23:59:59Z,2025-05-15T09:00:00Z,destination=CDG&origin=BAH&endRange=2025-10-14T23:59:59Z&startRange=2025-05-15T09:00:00Z,,,,,,,
,,,,,,YYC,,,,,CDG,,,,2025-10-14T23:59:59Z,2025-05-15T09:00:00Z,destination=YYC&origin=CDG&endRange=2025-10-14T23:59:59Z&startRange=2025-05-15T09:00:00Z,,,,,,,
,,,,,,CDG,,,,,YQB,,,,2025-10-14T23:59:59Z,2025-05-15T09:00:00Z,destination=CDG&origin=YQB&endRange=2025-10-14T23:59:59Z&startRange=2025-05-15T09:00:00Z,,,,,,,
,,,,,,DTW,,,,,FRA,,,,2025-10-14T23:59:59Z,2025-05-15T09:00:00Z,destination=DTW&origin=FRA&endRange=2025-10-14T23:59:59Z&startRange=2025-05-15T09:00:00Z,,,,,,,
,,,,,,JFK,,,,,FRA,,,,2025-10-14T23:59:59Z,2025-05-15T09:00:00Z,destination=JFK&origin=FRA&endRange=2025-10-14T23:59:59Z&startRange=2025-05-15T09:00:00Z,,,,,,,
,,,,,,JFK,,,,,LIS,,,,2025-10-14T23:59:59Z,2025-05-15T09:00:00Z,destination=JFK&origin=LIS&endRange=2025-10-14T23:59:59Z&startRange=2025-05-15T09:00:00Z,,,,,,,
,,,,,,BOS,,,,,ATH,,,,2025-10-14T23:59:59Z,2025-05-15T09:00:00Z,destination=BOS&origin=ATH&endRange=2025-10-14T23:59:59Z&startRange=2025-05-15T09:00:00Z,,,,,,,
,,,,,,ATH,,,,,BOS,,,,2025-10-14T23:59:59Z,2025-05-15T09:00:00Z,destination=ATH&origin=BOS&endRange=2025-10-14T23:59:59Z&startRange=2025-05-15T09:00:00Z,,,,,,,
,,,,,,LIS,,,,,JFK,,,,2025-10-14T23:59:59Z,2025-05-15T09:00:00Z,destination=LIS&origin=JFK&endRange=2025-10-14T23:59:59Z&startRange=2025-05-15T09:00:00Z,,,,,,,
,,,,,,BER,,,,,JFK,,,,2025-10-14T23:59:59Z,2025-05-15T09:00:00Z,destination=BER&origin=JFK&endRange=2025-10-14T23:59:59Z&startRange=2025-05-15T09:00:00Z,,,,,,,
,,,,,,ARN,,,,,JFK,,,,2025-10-14T23:59:59Z,2025-05-15T09:00:00Z,destination=ARN&origin=JFK&endRange=2025-10-14T23:59:59Z&startRange=2025-05-15T09:00:00Z,,,,,,,
,,,,,,BOS,,,,,DUB,,,,2025-10-14T23:59:59Z,2025-05-15T09:00:00Z,destination=BOS&origin=DUB&endRange=2025-10-14T23:59:59Z&startRange=2025-05-15T09:00:00Z,,,,,,,
,,,,,,BOS,,,,,LIS,,,,2025-10-14T23:59:59Z,2025-05-15T09:00:00Z,destination=BOS&origin=LIS&endRange=2025-10-14T23:59:59Z&startRange=2025-05-15T09:00:00Z,,,,,,,
,,,,,,FCO,,,,,DTW,,,,2025-10-14T23:59:59Z,2025-05-15T09:00:00Z,destination=FCO&origin=DTW&endRange=2025-10-14T23:59:59Z&startRange=2025-05-15T09:00:00Z,,,,,,,
,,,,,,DUB,,,,,ATL,,,,2025-10-14T23:59:59Z,2025-05-15T09:00:00Z,destination=DUB&origin=ATL&endRange=2025-10-14T23:59:59Z&startRange=2025-05-15T09:00:00Z,,,,,,,
,,,,,,DUB,,,,,JFK,,,,2025-10-14T23:59:59Z,2025-05-15T09:00:00Z,destination=DUB&origin=JFK&endRange=2025-10-14T23:59:59Z&startRange=2025-05-15T09:00:00Z,,,,,,,
,,,,,,AMS,,,,,EXT,,,,2025-10-14T23:59:59Z,2025-05-15T09:00:00Z,destination=AMS&origin=EXT&endRange=2025-10-14T23:59:59Z&startRange=2025-05-15T09:00:00Z,,,,,,,
,,,,,,EXT,,,,,AMS,,,,2025-10-14T23:59:59Z,2025-05-15T09:00:00Z,destination=EXT&origin=AMS&endRange=2025-10-14T23:59:59Z&startRange=2025-05-15T09:00:00Z,,,,,,,
,,,,,,ORY,,,,,KRK,,,,2025-10-14T23:59:59Z,2025-05-15T09:00:00Z,destination=ORY&origin=KRK&endRange=2025-10-14T23:59:59Z&startRange=2025-05-15T09:00:00Z,,,,,,,
,,,,,,ORY,,,,,WAW,,,,2025-10-14T23:59:59Z,2025-05-15T09:00:00Z,destination=ORY&origin=WAW&endRange=2025-10-14T23:59:59Z&startRange=2025-05-15T09:00:00Z,,,,,,,
,,,,,,WAW,,,,,ORY,,,,2025-10-14T23:59:59Z,2025-05-15T09:00:00Z,destination=WAW&origin=ORY&endRange=2025-10-14T23:59:59Z&startRange=2025-05-15T09:00:00Z,,,,,,,
,,,,,,BOG,,,,,AMS,,,,2025-10-14T23:59:59Z,2025-05-15T09:00:00Z,destination=BOG&origin=AMS&endRange=2025-10-14T23:59:59Z&startRange=2025-05-15T09:00:00Z,,,,,,,
,,,,,,SIN,,,,,LHR,,,,2025-10-14T23:59:59Z,2025-05-15T09:00:00Z,destination=SIN&origin=LHR&endRange=2025-10-14T23:59:59Z&startRange=2025-05-15T09:00:00Z,,,,,,,
,,,,,,CDG,,,,,LFW,,,,2025-10-14T23:59:59Z,2025-05-15T09:00:00Z,destination=CDG&origin=LFW&endRange=2025-10-14T23:59:59Z&startRange=2025-05-15T09:00:00Z,,,,,,,
,,,,,,CDG,,,,,ADB,,,,2025-10-14T23:59:59Z,2025-05-15T09:00:00Z,destination=CDG&origin=ADB&endRange=2025-10-14T23:59:59Z&startRange=2025-05-15T09:00:00Z,,,,,,,
,,,,,,CDG,,,,,EZE,,,,2025-10-14T23:59:59Z,2025-05-15T09:00:00Z,destination=CDG&origin=EZE&endRange=2025-10-14T23:59:59Z&startRange=2025-05-15T09:00:00Z,,,,,,,
,,,,,,LHR,,,,,LAS,,,,2025-10-14T23:59:59Z,2025-05-15T09:00:00Z,destination=LHR&origin=LAS&endRange=2025-10-14T23:59:59Z&startRange=2025-05-15T09:00:00Z,,,,,,,
,,,,,,AMS,,,,,YYC,,,,2025-10-14T23:59:59Z,2025-05-15T09:00:00Z,destination=AMS&origin=YYC&endRange=2025-10-14T23:59:59Z&startRange=2025-05-15T09:00:00Z,,,,,,,
,,,,,,AMS,,,,,BLR,,,,2025-10-14T23:59:59Z,2025-05-15T09:00:00Z,destination=AMS&origin=BLR&endRange=2025-10-14T23:59:59Z&startRange=2025-05-15T09:00:00Z,,,,,,,
,,,,,,LHR,,,,,MSP,,,,2025-10-14T23:59:59Z,2025-05-15T09:00:00Z,destination=LHR&origin=MSP&endRange=2025-10-14T23:59:59Z&startRange=2025-05-15T09:00:00Z,,,,,,,
,,,,,,LHR,,,,,DTW,,,,2025-10-14T23:59:59Z,2025-05-15T09:00:00Z,destination=LHR&origin=DTW&endRange=2025-10-14T23:59:59Z&startRange=2025-05-15T09:00:00Z,,,,,,,
,,,,,,LHR,,,,,TPA,,,,2025-10-14T23:59:59Z,2025-05-15T09:00:00Z,destination=LHR&origin=TPA&endRange=2025-10-14T23:59:59Z&startRange=2025-05-15T09:00:00Z,,,,,,,
,,,,,,BLR,,,,,CDG,,,,2025-10-14T23:59:59Z,2025-05-15T09:00:00Z,destination=BLR&origin=CDG&endRange=2025-10-14T23:59:59Z&startRange=2025-05-15T09:00:00Z,,,,,,,
,,,,,,ATL,,,,,MAD,,,,2025-10-14T23:59:59Z,2025-05-15T09:00:00Z,destination=ATL&origin=MAD&endRange=2025-10-14T23:59:59Z&startRange=2025-05-15T09:00:00Z,,,,,,,
,,,,,,AMS,,,,,YVR,,,,2025-10-14T23:59:59Z,2025-05-15T09:00:00Z,destination=AMS&origin=YVR&endRange=2025-10-14T23:59:59Z&startRange=2025-05-15T09:00:00Z,,,,,,,
,,,,,,AMS,,,,,LAS,,,,2025-10-14T23:59:59Z,2025-05-15T09:00:00Z,destination=AMS&origin=LAS&endRange=2025-10-14T23:59:59Z&startRange=2025-05-15T09:00:00Z,,,,,,,
,,,,,,AMS,,,,,PEK,,,,2025-10-14T23:59:59Z,2025-05-15T09:00:00Z,destination=AMS&origin=PEK&endRange=2025-10-14T23:59:59Z&startRange=2025-05-15T09:00:00Z,,,,,,,
,,,,,,LHR,,,,,YYZ,,,,2025-10-14T23:59:59Z,2025-05-15T09:00:00Z,destination=LHR&origin=YYZ&endRange=2025-10-14T23:59:59Z&startRange=2025-05-15T09:00:00Z,,,,,,,
,,,,,,JNB,,,,,AMS,,,,2025-10-14T23:59:59Z,2025-05-15T09:00:00Z,destination=JNB&origin=AMS&endRange=2025-10-14T23:59:59Z&startRange=2025-05-15T09:00:00Z,,,,,,,
,,,,,,AMS,,,,,PKX,,,,2025-10-14T23:59:59Z,2025-05-15T09:00:00Z,destination=AMS&origin=PKX&endRange=2025-10-14T23:59:59Z&startRange=2025-05-15T09:00:00Z,,,,,,,
,,,,,,LIM,,,,,AMS,,,,2025-10-14T23:59:59Z,2025-05-15T09:00:00Z,destination=LIM&origin=AMS&endRange=2025-10-14T23:59:59Z&startRange=2025-05-15T09:00:00Z,,,,,,,
,,,,,,ATL,,,,,MUC,,,,2025-10-14T23:59:59Z,2025-05-15T09:00:00Z,destination=ATL&origin=MUC&endRange=2025-10-14T23:59:59Z&startRange=2025-05-15T09:00:00Z,,,,,,,
,,,,,,ATL,,,,,FRA,,,,2025-10-14T23:59:59Z,2025-05-15T09:00:00Z,destination=ATL&origin=FRA&endRange=2025-10-14T23:59:59Z&startRange=2025-05-15T09:00:00Z,,,,,,,
,,,,,,DTW,,,,,FCO,,,,2025-10-14T23:59:59Z,2025-05-15T09:00:00Z,destination=DTW&origin=FCO&endRange=2025-10-14T23:59:59Z&startRange=2025-05-15T09:00:00Z,,,,,,,
,,,,,,JFK,,,,,ARN,,,,2025-10-14T23:59:59Z,2025-05-15T09:00:00Z,destination=JFK&origin=ARN&endRange=2025-10-14T23:59:59Z&startRange=2025-05-15T09:00:00Z,,,,,,,
,,,,,,JFK,,,,,BER,,,,2025-10-14T23:59:59Z,2025-05-15T09:00:00Z,destination=JFK&origin=BER&endRange=2025-10-14T23:59:59Z&startRange=2025-05-15T09:00:00Z,,,,,,,
,,,,,,DUB,,,,,BOS,,,,2025-10-14T23:59:59Z,2025-05-15T09:00:00Z,destination=DUB&origin=BOS&endRange=2025-10-14T23:59:59Z&startRange=2025-05-15T09:00:00Z,,,,,,,
,,,,,,LIS,,,,,BOS,,,,2025-10-14T23:59:59Z,2025-05-15T09:00:00Z,destination=LIS&origin=BOS&endRange=2025-10-14T23:59:59Z&startRange=2025-05-15T09:00:00Z,,,,,,,
,,,,,,LHR,,,,,NCE,,,,2025-10-14T23:59:59Z,2025-05-15T09:00:00Z,destination=LHR&origin=NCE&endRange=2025-10-14T23:59:59Z&startRange=2025-05-15T09:00:00Z,,,,,,,
,,,,,,NCE,,,,,LHR,,,,2025-10-14T23:59:59Z,2025-05-15T09:00:00Z,destination=NCE&origin=LHR&endRange=2025-10-14T23:59:59Z&startRange=2025-05-15T09:00:00Z,,,,,,,
,,,,,,ORY,,,,,TIA,,,,2025-10-14T23:59:59Z,2025-05-15T09:00:00Z,destination=ORY&origin=TIA&endRange=2025-10-14T23:59:59Z&startRange=2025-05-15T09:00:00Z,,,,,,,
,,,,,,OTP,,,,,OMR,,,,2025-10-14T23:59:59Z,2025-05-15T09:00:00Z,destination=OTP&origin=OMR&endRange=2025-10-14T23:59:59Z&startRange=2025-05-15T09:00:00Z,,,,,,,
,,,,,,AMS,,,,,DLM,,,,2025-10-14T23:59:59Z,2025-05-15T09:00:00Z,destination=AMS&origin=DLM&endRange=2025-10-14T23:59:59Z&startRange=2025-05-15T09:00:00Z,,,,,,,
,,,,,,CDG,,,,,KUL,,,,2025-10-14T23:59:59Z,2025-05-15T09:00:00Z,destination=CDG&origin=KUL&endRange=2025-10-14T23:59:59Z&startRange=2025-05-15T09:00:00Z,,,,,,,
,,,,,,AMS,,,,,GRU,,,,2025-10-14T23:59:59Z,2025-05-15T09:00:00Z,destination=AMS&origin=GRU&endRange=2025-10-14T23:59:59Z&startRange=2025-05-15T09:00:00Z,,,,,,,
,,,,,,AMS,,,,,GIG,,,,2025-10-14T23:59:59Z,2025-05-15T09:00:00Z,destination=AMS&origin=GIG&endRange=2025-10-14T23:59:59Z&startRange=2025-05-15T09:00:00Z,,,,,,,
,,,,,,BLR,,,,,AMS,,,,2025-10-14T23:59:59Z,2025-05-15T09:00:00Z,destination=BLR&origin=AMS&endRange=2025-10-14T23:59:59Z&startRange=2025-05-15T09:00:00Z,,,,,,,
,,,,,,CDG,,,,,LAD,,,,2025-10-14T23:59:59Z,2025-05-15T09:00:00Z,destination=CDG&origin=LAD&endRange=2025-10-14T23:59:59Z&startRange=2025-05-15T09:00:00Z,,,,,,,
,,,,,,HEL,,,,,VAA,,,,2025-10-14T23:59:59Z,2025-05-15T09:00:00Z,destination=HEL&origin=VAA&endRange=2025-10-14T23:59:59Z&startRange=2025-05-15T09:00:00Z,,,,,,,
,,,,,,ORY,,,,,LHR,,,,2025-10-14T23:59:59Z,2025-05-15T09:00:00Z,destination=ORY&origin=LHR&endRange=2025-10-14T23:59:59Z&startRange=2025-05-15T09:00:00Z,,,,,,,
,,,,,,CDG,,,,,FIH,,,,2025-10-14T23:59:59Z,2025-05-15T09:00:00Z,destination=CDG&origin=FIH&endRange=2025-10-14T23:59:59Z&startRange=2025-05-15T09:00:00Z,,,,,,,
,,,,,,SGN,,,,,CDG,,,,2025-10-14T23:59:59Z,2025-05-15T09:00:00Z,destination=SGN&origin=CDG&endRange=2025-10-14T23:59:59Z&startRange=2025-05-15T09:00:00Z,,,,,,,
,,,,,,CDG,,,,,SGN,,,,2025-10-14T23:59:59Z,2025-05-15T09:00:00Z,destination=CDG&origin=SGN&endRange=2025-10-14T23:59:59Z&startRange=2025-05-15T09:00:00Z,,,,,,,
,,,,,,IOM,,,,,LHR,,,,2025-10-14T23:59:59Z,2025-05-15T09:00:00Z,destination=IOM&origin=LHR&endRange=2025-10-14T23:59:59Z&startRange=2025-05-15T09:00:00Z,,,,,,,
,,,,,,LHR,,,,,IOM,,,,2025-10-14T23:59:59Z,2025-05-15T09:00:00Z,destination=LHR&origin=IOM&endRange=2025-10-14T23:59:59Z&startRange=2025-05-15T09:00:00Z,,,,,,,
,,,,,,LYS,,,,,AJA,,,,2025-10-14T23:59:59Z,2025-05-15T09:00:00Z,destination=LYS&origin=AJA&endRange=2025-10-14T23:59:59Z&startRange=2025-05-15T09:00:00Z,,,,,,,
,,,,,,TIA,,,,,ORY,,,,2025-10-14T23:59:59Z,2025-05-15T09:00:00Z,destination=TIA&origin=ORY&endRange=2025-10-14T23:59:59Z&startRange=2025-05-15T09:00:00Z,,,,,,,
,,,,,,LAS,,,,,AMS,,,,2025-10-14T23:59:59Z,2025-05-15T09:00:00Z,destination=LAS&origin=AMS&endRange=2025-10-14T23:59:59Z&startRange=2025-05-15T09:00:00Z,,,,,,,
,,,,,,DLM,,,,,AMS,,,,2025-10-14T23:59:59Z,2025-05-15T09:00:00Z,destination=DLM&origin=AMS&endRange=2025-10-14T23:59:59Z&startRange=2025-05-15T09:00:00Z,,,,,,,
,,,,,,FCO,,,,,MLA,,,,2025-10-14T23:59:59Z,2025-05-15T09:00:00Z,destination=FCO&origin=MLA&endRange=2025-10-14T23:59:59Z&startRange=2025-05-15T09:00:00Z,,,,,,,
,,,,,,LDY,,,,,LHR,,,,2025-10-14T23:59:59Z,2025-05-15T09:00:00Z,destination=LDY&origin=LHR&endRange=2025-10-14T23:59:59Z&startRange=2025-05-15T09:00:00Z,,,,,,,
,,,,,,MLA,,,,,FCO,,,,2025-10-14T23:59:59Z,2025-05-15T09:00:00Z,destination=MLA&origin=FCO&endRange=2025-10-14T23:59:59Z&startRange=2025-05-15T09:00:00Z,,,,,,,
,,,,,,ORY,,,,,CTA,,,,2025-10-14T23:59:59Z,2025-05-15T09:00:00Z,destination=ORY&origin=CTA&endRange=2025-10-14T23:59:59Z&startRange=2025-05-15T09:00:00Z,,,,,,,
,,,,,,TRD,,,,,AES,,,,2025-10-14T23:59:59Z,2025-05-15T09:00:00Z,destination=TRD&origin=AES&endRange=2025-10-14T23:59:59Z&startRange=2025-05-15T09:00:00Z,,,,,,,
,,,,,,TUN,,,,,LYS,,,,2025-10-14T23:59:59Z,2025-05-15T09:00:00Z,destination=TUN&origin=LYS&endRange=2025-10-14T23:59:59Z&startRange=2025-05-15T09:00:00Z,,,,,,,
,,,,,,OSL,,,,,KEF,,,,2025-10-14T23:59:59Z,2025-05-15T09:00:00Z,destination=OSL&origin=KEF&endRange=2025-10-14T23:59:59Z&startRange=2025-05-15T09:00:00Z,,,,,,,
,,,,,,JRO,,,,,AMS,,,,2025-10-14T23:59:59Z,2025-05-15T09:00:00Z,destination=JRO&origin=AMS&endRange=2025-10-14T23:59:59Z&startRange=2025-05-15T09:00:00Z,,,,,,,
,,,,,,SXM,,,,,AMS,,,,2025-10-14T23:59:59Z,2025-05-15T09:00:00Z,destination=SXM&origin=AMS&endRange=2025-10-14T23:59:59Z&startRange=2025-05-15T09:00:00Z,,,,,,,
,,,,,,LFW,,,,,CDG,,,,2025-10-14T23:59:59Z,2025-05-15T09:00:00Z,destination=LFW&origin=CDG&endRange=2025-10-14T23:59:59Z&startRange=2025-05-15T09:00:00Z,,,,,,,
,,,,,,DLA,,,,,CDG,,,,2025-10-14T23:59:59Z,2025-05-15T09:00:00Z,destination=DLA&origin=CDG&endRange=2025-10-14T23:59:59Z&startRange=2025-05-15T09:00:00Z,,,,,,,
,,,,,,BIA,,,,,LYS,,,,2025-10-14T23:59:59Z,2025-05-15T09:00:00Z,destination=BIA&origin=LYS&endRange=2025-10-14T23:59:59Z&startRange=2025-05-15T09:00:00Z,,,,,,,
,,,,,,HEL,,,,,KUO,,,,2025-10-14T23:59:59Z,2025-05-15T09:00:00Z,destination=HEL&origin=KUO&endRange=2025-10-14T23:59:59Z&startRange=2025-05-15T09:00:00Z,,,,,,,
,,,,,,LYS,,,,,BIA,,,,2025-10-14T23:59:59Z,2025-05-15T09:00:00Z,destination=LYS&origin=BIA&endRange=2025-10-14T23:59:59Z&startRange=2025-05-15T09:00:00Z,,,,,,,
,,,,,,AMS,,,,,DMM,,,,2025-10-14T23:59:59Z,2025-05-15T09:00:00Z,destination=AMS&origin=DMM&endRange=2025-10-14T23:59:59Z&startRange=2025-05-15T09:00:00Z,,,,,,,
,,,,,,RUH,,,,,AMS,,,,2025-10-14T23:59:59Z,2025-05-15T09:00:00Z,destination=RUH&origin=AMS&endRange=2025-10-14T23:59:59Z&startRange=2025-05-15T09:00:00Z,,,,,,,
,,,,,,CAN,,,,,AMS,,,,2025-10-14T23:59:59Z,2025-05-15T09:00:00Z,destination=CAN&origin=AMS&endRange=2025-10-14T23:59:59Z&startRange=2025-05-15T09:00:00Z,,,,,,,
,,,,,,AMS,,,,,CAN,,,,2025-10-14T23:59:59Z,2025-05-15T09:00:00Z,destination=AMS&origin=CAN&endRange=2025-10-14T23:59:59Z&startRange=2025-05-15T09:00:00Z,,,,,,,
,,,,,,CTA,,,,,ORY,,,,2025-10-14T23:59:59Z,2025-05-15T09:00:00Z,destination=CTA&origin=ORY&endRange=2025-10-14T23:59:59Z&startRange=2025-05-15T09:00:00Z,,,,,,,
,,,,,,CDG,,,,,SXM,,,,2025-10-14T23:59:59Z,2025-05-15T09:00:00Z,destination=CDG&origin=SXM&endRange=2025-10-14T23:59:59Z&startRange=2025-05-15T09:00:00Z,,,,,,,
,,,,,,CDG,,,,,TNR,,,,2025-10-14T23:59:59Z,2025-05-15T09:00:00Z,destination=CDG&origin=TNR&endRange=2025-10-14T23:59:59Z&startRange=2025-05-15T09:00:00Z,,,,,,,
,,,,,,MAN,,,,,JFK,,,,2025-10-14T23:59:59Z,2025-05-15T09:00:00Z,destination=MAN&origin=JFK&endRange=2025-10-14T23:59:59Z&startRange=2025-05-15T09:00:00Z,,,,,,,
,,,,,,JFK,,,,,MAN,,,,2025-10-14T23:59:59Z,2025-05-15T09:00:00Z,destination=JFK&origin=MAN&endRange=2025-10-14T23:59:59Z&startRange=2025-05-15T09:00:00Z,,,,,,,
,,,,,,VRN,,,,,ORY,,,,2025-10-14T23:59:59Z,2025-05-15T09:00:00Z,destination=VRN&origin=ORY&endRange=2025-10-14T23:59:59Z&startRange=2025-05-15T09:00:00Z,,,,,,,
,,,,,,FIH,,,,,CDG,,,,2025-10-14T23:59:59Z,2025-05-15T09:00:00Z,destination=FIH&origin=CDG&endRange=2025-10-14T23:59:59Z&startRange=2025-05-15T09:00:00Z,,,,,,,
,,,,,,AMS,,,,,TNG,,,,2025-10-14T23:59:59Z,2025-05-15T09:00:00Z,destination=AMS&origin=TNG&endRange=2025-10-14T23:59:59Z&startRange=2025-05-15T09:00:00Z,,,,,,,
,,,,,,SXM,,,,,CDG,,,,2025-10-14T23:59:59Z,2025-05-15T09:00:00Z,destination=SXM&origin=CDG&endRange=2025-10-14T23:59:59Z&startRange=2025-05-15T09:00:00Z,,,,,,,
,,,,,,ORY,,,,,VRN,,,,2025-10-14T23:59:59Z,2025-05-15T09:00:00Z,destination=ORY&origin=VRN&endRange=2025-10-14T23:59:59Z&startRange=2025-05-15T09:00:00Z,,,,,,,
,,,,,,ORY,,,,,SID,,,,2025-10-14T23:59:59Z,2025-05-15T09:00:00Z,destination=ORY&origin=SID&endRange=2025-10-14T23:59:59Z&startRange=2025-05-15T09:00:00Z,,,,,,,
,,,,,,MUC,,,,,DTW,,,,2025-10-14T23:59:59Z,2025-05-15T09:00:00Z,destination=MUC&origin=DTW&endRange=2025-10-14T23:59:59Z&startRange=2025-05-15T09:00:00Z,,,,,,,
,,,,,,AMS,,,,,NDR,,,,2025-10-14T23:59:59Z,2025-05-15T09:00:00Z,destination=AMS&origin=NDR&endRange=2025-10-14T23:59:59Z&startRange=2025-05-15T09:00:00Z,,,,,,,
,,,,,,TNR,,,,,CDG,,,,2025-10-14T23:59:59Z,2025-05-15T09:00:00Z,destination=TNR&origin=CDG&endRange=2025-10-14T23:59:59Z&startRange=2025-05-15T09:00:00Z,,,,,,,
,,,,,,CDG,,,,,BLR,,,,2025-10-14T23:59:59Z,2025-05-15T09:00:00Z,destination=CDG&origin=BLR&endRange=2025-10-14T23:59:59Z&startRange=2025-05-15T09:00:00Z,,,,,,,
,,,,,,LAD,,,,,CDG,,,,2025-10-14T23:59:59Z,2025-05-15T09:00:00Z,destination=LAD&origin=CDG&endRange=2025-10-14T23:59:59Z&startRange=2025-05-15T09:00:00Z,,,,,,,
,,,,,,DTW,,,,,MUC,,,,2025-10-14T23:59:59Z,2025-05-15T09:00:00Z,destination=DTW&origin=MUC&endRange=2025-10-14T23:59:59Z&startRange=2025-05-15T09:00:00Z,,,,,,,
,,,,,,AMS,,,,,GRO,,,,2025-10-14T23:59:59Z,2025-05-15T09:00:00Z,destination=AMS&origin=GRO&endRange=2025-10-14T23:59:59Z&startRange=2025-05-15T09:00:00Z,,,,,,,
,,,,,,RDU,,,,,CDG,,,,2025-10-14T23:59:59Z,2025-05-15T09:00:00Z,destination=RDU&origin=CDG&endRange=2025-10-14T23:59:59Z&startRange=2025-05-15T09:00:00Z,,,,,,,
,,,,,,CDG,,,,,RDU,,,,2025-10-14T23:59:59Z,2025-05-15T09:00:00Z,destination=CDG&origin=RDU&endRange=2025-10-14T23:59:59Z&startRange=2025-05-15T09:00:00Z,,,,,,,
,,,,,,GRO,,,,,AMS,,,,2025-10-14T23:59:59Z,2025-05-15T09:00:00Z,destination=GRO&origin=AMS&endRange=2025-10-14T23:59:59Z&startRange=2025-05-15T09:00:00Z,,,,,,,
,,,,,,KEF,,,,,OSL,,,,2025-10-14T23:59:59Z,2025-05-15T09:00:00Z,destination=KEF&origin=OSL&endRange=2025-10-14T23:59:59Z&startRange=2025-05-15T09:00:00Z,,,,,,,
,,,,,,ORY,,,,,GVA,,,,2025-10-14T23:59:59Z,2025-05-15T09:00:00Z,destination=ORY&origin=GVA&endRange=2025-10-14T23:59:59Z&startRange=2025-05-15T09:00:00Z,,,,,,,
,,,,,,YOW,,,,,CDG,,,,2025-10-14T23:59:59Z,2025-05-15T09:00:00Z,destination=YOW&origin=CDG&endRange=2025-10-14T23:59:59Z&startRange=2025-05-15T09:00:00Z,,,,,,,
,,,,,,CDG,,,,,YOW,,,,2025-10-14T23:59:59Z,2025-05-15T09:00:00Z,destination=CDG&origin=YOW&endRange=2025-10-14T23:59:59Z&startRange=2025-05-15T09:00:00Z,,,,,,,
,,,,,,AMS,,,,,LCA,,,,2025-10-14T23:59:59Z,2025-05-15T09:00:00Z,destination=AMS&origin=LCA&endRange=2025-10-14T23:59:59Z&startRange=2025-05-15T09:00:00Z,,,,,,,
,,,,,,GVA,,,,,ORY,,,,2025-10-14T23:59:59Z,2025-05-15T09:00:00Z,destination=GVA&origin=ORY&endRange=2025-10-14T23:59:59Z&startRange=2025-05-15T09:00:00Z,,,,,,,
,,,,,,TNG,,,,,AMS,,,,2025-10-14T23:59:59Z,2025-05-15T09:00:00Z,destination=TNG&origin=AMS&endRange=2025-10-14T23:59:59Z&startRange=2025-05-15T09:00:00Z,,,,,,,
,,,,,,NDR,,,,,AMS,,,,2025-10-14T23:59:59Z,2025-05-15T09:00:00Z,destination=NDR&origin=AMS&endRange=2025-10-14T23:59:59Z&startRange=2025-05-15T09:00:00Z,,,,,,,
,,,,,,CDG,,,,,PMO,,,,2025-10-14T23:59:59Z,2025-05-15T09:00:00Z,destination=CDG&origin=PMO&endRange=2025-10-14T23:59:59Z&startRange=2025-05-15T09:00:00Z,,,,,,,
,,,,,,PMO,,,,,CDG,,,,2025-10-14T23:59:59Z,2025-05-15T09:00:00Z,destination=PMO&origin=CDG&endRange=2025-10-14T23:59:59Z&startRange=2025-05-15T09:00:00Z,,,,,,,
,,,,,,SFA,,,,,ORY,,,,2025-10-14T23:59:59Z,2025-05-15T09:00:00Z,destination=SFA&origin=ORY&endRange=2025-10-14T23:59:59Z&startRange=2025-05-15T09:00:00Z,,,,,,,
,,,,,,ORY,,,,,SFA,,,,2025-10-14T23:59:59Z,2025-05-15T09:00:00Z,destination=ORY&origin=SFA&endRange=2025-10-14T23:59:59Z&startRange=2025-05-15T09:00:00Z,,,,,,,
,,,,,,QSF,,,,,LYS,,,,2025-10-14T23:59:59Z,2025-05-15T09:00:00Z,destination=QSF&origin=LYS&endRange=2025-10-14T23:59:59Z&startRange=2025-05-15T09:00:00Z,,,,,,,
,,,,,,CDG,,,,,DZA,,,,2025-10-14T23:59:59Z,2025-05-15T09:00:00Z,destination=CDG&origin=DZA&endRange=2025-10-14T23:59:59Z&startRange=2025-05-15T09:00:00Z,,,,,,,
,,,,,,ATL,,,,,MAN,,,,2025-10-14T23:59:59Z,2025-05-15T09:00:00Z,destination=ATL&origin=MAN&endRange=2025-10-14T23:59:59Z&startRange=2025-05-15T09:00:00Z,,,,,,,
,,,,,,MAN,,,,,ATL,,,,2025-10-14T23:59:59Z,2025-05-15T09:00:00Z,destination=MAN&origin=ATL&endRange=2025-10-14T23:59:59Z&startRange=2025-05-15T09:00:00Z,,,,,,,
,,,,,,DZA,,,,,CDG,,,,2025-10-14T23:59:59Z,2025-05-15T09:00:00Z,destination=DZA&origin=CDG&endRange=2025-10-14T23:59:59Z&startRange=2025-05-15T09:00:00Z,,,,,,,
,,,,,,FCO,,,,,MAD,,,,2025-10-14T23:59:59Z,2025-05-15T09:00:00Z,destination=FCO&origin=MAD&endRange=2025-10-14T23:59:59Z&startRange=2025-05-15T09:00:00Z,,,,,,,
,,,,,,LIN,,,,,DUS,,,,2025-10-14T23:59:59Z,2025-05-15T09:00:00Z,destination=LIN&origin=DUS&endRange=2025-10-14T23:59:59Z&startRange=2025-05-15T09:00:00Z,,,,,,,
,,,,,,BCN,,,,,MAD,,,,2025-10-14T23:59:59Z,2025-05-15T09:00:00Z,destination=BCN&origin=MAD&endRange=2025-10-14T23:59:59Z&startRange=2025-05-15T09:00:00Z,,,,,,,
,,,,,,MAD,,,,,BCN,,,,2025-10-14T23:59:59Z,2025-05-15T09:00:00Z,destination=MAD&origin=BCN&endRange=2025-10-14T23:59:59Z&startRange=2025-05-15T09:00:00Z,,,,,,,
,,,,,,AMS,,,,,GYE,,,,2025-10-14T23:59:59Z,2025-05-15T09:00:00Z,destination=AMS&origin=GYE&endRange=2025-10-14T23:59:59Z&startRange=2025-05-15T09:00:00Z,,,,,,,
,,,,,,AMS,,,,,CHQ,,,,2025-10-14T23:59:59Z,2025-05-15T09:00:00Z,destination=AMS&origin=CHQ&endRange=2025-10-14T23:59:59Z&startRange=2025-05-15T09:00:00Z,,,,,,,
,,,,,,AMS,,,,,LPL,,,,2025-10-14T23:59:59Z,2025-05-15T09:00:00Z,destination=AMS&origin=LPL&endRange=2025-10-14T23:59:59Z&startRange=2025-05-15T09:00:00Z,,,,,,,
,,,,,,DUS,,,,,LIN,,,,2025-10-14T23:59:59Z,2025-05-15T09:00:00Z,destination=DUS&origin=LIN&endRange=2025-10-14T23:59:59Z&startRange=2025-05-15T09:00:00Z,,,,,,,
,,,,,,LPL,,,,,AMS,,,,2025-10-14T23:59:59Z,2025-05-15T09:00:00Z,destination=LPL&origin=AMS&endRange=2025-10-14T23:59:59Z&startRange=2025-05-15T09:00:00Z,,,,,,,
,,,,,,UIO,,,,,AMS,,,,2025-10-14T23:59:59Z,2025-05-15T09:00:00Z,destination=UIO&origin=AMS&endRange=2025-10-14T23:59:59Z&startRange=2025-05-15T09:00:00Z,,,,,,,
,,,,,,CDG,,,,,NSI,,,,2025-10-14T23:59:59Z,2025-05-15T09:00:00Z,destination=CDG&origin=NSI&endRange=2025-10-14T23:59:59Z&startRange=2025-05-15T09:00:00Z,,,,,,,
,,,,,,CVG,,,,,CDG,,,,2025-10-14T23:59:59Z,2025-05-15T09:00:00Z,destination=CVG&origin=CDG&endRange=2025-10-14T23:59:59Z&startRange=2025-05-15T09:00:00Z,,,,,,,
,,,,,,CDG,,,,,LPA,,,,2025-10-14T23:59:59Z,2025-05-15T09:00:00Z,destination=CDG&origin=LPA&endRange=2025-10-14T23:59:59Z&startRange=2025-05-15T09:00:00Z,,,,,,,
,,,,,,ORY,,,,,PSA,,,,2025-10-14T23:59:59Z,2025-05-15T09:00:00Z,destination=ORY&origin=PSA&endRange=2025-10-14T23:59:59Z&startRange=2025-05-15T09:00:00Z,,,,,,,
,,,,,,PSA,,,,,ORY,,,,2025-10-14T23:59:59Z,2025-05-15T09:00:00Z,destination=PSA&origin=ORY&endRange=2025-10-14T23:59:59Z&startRange=2025-05-15T09:00:00Z,,,,,,,
,,,,,,DFW,,,,,AMS,,,,2025-10-14T23:59:59Z,2025-05-15T09:00:00Z,destination=DFW&origin=AMS&endRange=2025-10-14T23:59:59Z&startRange=2025-05-15T09:00:00Z,,,,,,,
,,,,,,CDG,,,,,YVR,,,,2025-10-14T23:59:59Z,2025-05-15T09:00:00Z,destination=CDG&origin=YVR&endRange=2025-10-14T23:59:59Z&startRange=2025-05-15T09:00:00Z,,,,,,,
,,,,,,CDG,,,,,CVG,,,,2025-10-14T23:59:59Z,2025-05-15T09:00:00Z,destination=CDG&origin=CVG&endRange=2025-10-14T23:59:59Z&startRange=2025-05-15T09:00:00Z,,,,,,,
,,,,,,AMS,,,,,PDX,,,,2025-10-14T23:59:59Z,2025-05-15T09:00:00Z,destination=AMS&origin=PDX&endRange=2025-10-14T23:59:59Z&startRange=2025-05-15T09:00:00Z,,,,,,,
,,,,,,CHQ,,,,,AMS,,,,2025-10-14T23:59:59Z,2025-05-15T09:00:00Z,destination=CHQ&origin=AMS&endRange=2025-10-14T23:59:59Z&startRange=2025-05-15T09:00:00Z,,,,,,,
,,,,,,HEL,,,,,TAY,,,,2025-10-14T23:59:59Z,2025-05-15T09:00:00Z,destination=HEL&origin=TAY&endRange=2025-10-14T23:59:59Z&startRange=2025-05-15T09:00:00Z,,,,,,,
,,,,,,LPA,,,,,CDG,,,,2025-10-14T23:59:59Z,2025-05-15T09:00:00Z,destination=LPA&origin=CDG&endRange=2025-10-14T23:59:59Z&startRange=2025-05-15T09:00:00Z,,,,,,,
,,,,,,VAA,,,,,HEL,,,,2025-10-14T23:59:59Z,2025-05-15T09:00:00Z,destination=VAA&origin=HEL&endRange=2025-10-14T23:59:59Z&startRange=2025-05-15T09:00:00Z,,,,,,,
,,,,,,YVR,,,,,CDG,,,,2025-10-14T23:59:59Z,2025-05-15T09:00:00Z,destination=YVR&origin=CDG&endRange=2025-10-14T23:59:59Z&startRange=2025-05-15T09:00:00Z,,,,,,,
,,,,,,PDX,,,,,AMS,,,,2025-10-14T23:59:59Z,2025-05-15T09:00:00Z,destination=PDX&origin=AMS&endRange=2025-10-14T23:59:59Z&startRange=2025-05-15T09:00:00Z,,,,,,,
,,,,,,BFS,,,,,CDG,,,,2025-10-14T23:59:59Z,2025-05-15T09:00:00Z,destination=BFS&origin=CDG&endRange=2025-10-14T23:59:59Z&startRange=2025-05-15T09:00:00Z,,,,,,,
,,,,,,CPH,,,,,TRF,,,,2025-10-14T23:59:59Z,2025-05-15T09:00:00Z,destination=CPH&origin=TRF&endRange=2025-10-14T23:59:59Z&startRange=2025-05-15T09:00:00Z,,,,,,,
,,,,,,FCO,,,,,BCN,,,,2025-10-14T23:59:59Z,2025-05-15T09:00:00Z,destination=FCO&origin=BCN&endRange=2025-10-14T23:59:59Z&startRange=2025-05-15T09:00:00Z,,,,,,,
,,,,,,TRF,,,,,CPH,,,,2025-10-14T23:59:59Z,2025-05-15T09:00:00Z,destination=TRF&origin=CPH&endRange=2025-10-14T23:59:59Z&startRange=2025-05-15T09:00:00Z,,,,,,,
,,,,,,AMS,,,,,DFW,,,,2025-10-14T23:59:59Z,2025-05-15T09:00:00Z,destination=AMS&origin=DFW&endRange=2025-10-14T23:59:59Z&startRange=2025-05-15T09:00:00Z,,,,,,,
,,,,,,CDG,,,,,BFS,,,,2025-10-14T23:59:59Z,2025-05-15T09:00:00Z,destination=CDG&origin=BFS&endRange=2025-10-14T23:59:59Z&startRange=2025-05-15T09:00:00Z,,,,,,,
,,,,,,NSI,,,,,CDG,,,,2025-10-14T23:59:59Z,2025-05-15T09:00:00Z,destination=NSI&origin=CDG&endRange=2025-10-14T23:59:59Z&startRange=2025-05-15T09:00:00Z,,,,,,,
,,,,,,ATL,,,,,NCE,,,,2025-10-14T23:59:59Z,2025-05-15T09:00:00Z,destination=ATL&origin=NCE&endRange=2025-10-14T23:59:59Z&startRange=2025-05-15T09:00:00Z,,,,,,,
,,,,,,NCE,,,,,ATL,,,,2025-10-14T23:59:59Z,2025-05-15T09:00:00Z,destination=NCE&origin=ATL&endRange=2025-10-14T23:59:59Z&startRange=2025-05-15T09:00:00Z,,,,,,,
,,,,,,ABZ,,,,,BGO,,,,2025-10-14T23:59:59Z,2025-05-15T09:00:00Z,destination=ABZ&origin=BGO&endRange=2025-10-14T23:59:59Z&startRange=2025-05-15T09:00:00Z,,,,,,,
,,,,,,BGO,,,,,ABZ,,,,2025-10-14T23:59:59Z,2025-05-15T09:00:00Z,destination=BGO&origin=ABZ&endRange=2025-10-14T23:59:59Z&startRange=2025-05-15T09:00:00Z,,,,,,,
,,,,,,RAK,,,,,LYS,,,,2025-10-14T23:59:59Z,2025-05-15T09:00:00Z,destination=RAK&origin=LYS&endRange=2025-10-14T23:59:59Z&startRange=2025-05-15T09:00:00Z,,,,,,,
,,,,,,AMS,,,,,MJT,,,,2025-10-14T23:59:59Z,2025-05-15T09:00:00Z,destination=AMS&origin=MJT&endRange=2025-10-14T23:59:59Z&startRange=2025-05-15T09:00:00Z,,,,,,,
,,,,,,ARN,,,,,BGO,,,,2025-10-14T23:59:59Z,2025-05-15T09:00:00Z,destination=ARN&origin=BGO&endRange=2025-10-14T23:59:59Z&startRange=2025-05-15T09:00:00Z,,,,,,,
,,,,,,FCO,,,,,BRU,,,,2025-10-14T23:59:59Z,2025-05-15T09:00:00Z,destination=FCO&origin=BRU&endRange=2025-10-14T23:59:59Z&startRange=2025-05-15T09:00:00Z,,,,,,,
,,,,,,HEL,,,,,KAO,,,,2025-10-14T23:59:59Z,2025-05-15T09:00:00Z,destination=HEL&origin=KAO&endRange=2025-10-14T23:59:59Z&startRange=2025-05-15T09:00:00Z,,,,,,,
,,,,,,ORY,,,,,AYT,,,,2025-10-14T23:59:59Z,2025-05-15T09:00:00Z,destination=ORY&origin=AYT&endRange=2025-10-14T23:59:59Z&startRange=2025-05-15T09:00:00Z,,,,,,,
,,,,,,ORY,,,,,FUE,,,,2025-10-14T23:59:59Z,2025-05-15T09:00:00Z,destination=ORY&origin=FUE&endRange=2025-10-14T23:59:59Z&startRange=2025-05-15T09:00:00Z,,,,,,,
,,,,,,FUE,,,,,ORY,,,,2025-10-14T23:59:59Z,2025-05-15T09:00:00Z,destination=FUE&origin=ORY&endRange=2025-10-14T23:59:59Z&startRange=2025-05-15T09:00:00Z,,,,,,,
,,,,,,AYT,,,,,ORY,,,,2025-10-14T23:59:59Z,2025-05-15T09:00:00Z,destination=AYT&origin=ORY&endRange=2025-10-14T23:59:59Z&startRange=2025-05-15T09:00:00Z,,,,,,,
,,,,,,MJT,,,,,AMS,,,,2025-10-14T23:59:59Z,2025-05-15T09:00:00Z,destination=MJT&origin=AMS&endRange=2025-10-14T23:59:59Z&startRange=2025-05-15T09:00:00Z,,,,,,,
,,,,,,OTP,,,,,SOF,,,,2025-10-14T23:59:59Z,2025-05-15T09:00:00Z,destination=OTP&origin=SOF&endRange=2025-10-14T23:59:59Z&startRange=2025-05-15T09:00:00Z,,,,,,,
,,,,,,SJO,,,,,CDG,,,,2025-10-14T23:59:59Z,2025-05-15T09:00:00Z,destination=SJO&origin=CDG&endRange=2025-10-14T23:59:59Z&startRange=2025-05-15T09:00:00Z,,,,,,,
,,,,,,CDG,,,,,SJO,,,,2025-10-14T23:59:59Z,2025-05-15T09:00:00Z,destination=CDG&origin=SJO&endRange=2025-10-14T23:59:59Z&startRange=2025-05-15T09:00:00Z,,,,,,,
,,,,,,ORY,,,,,BKO,,,,2025-10-14T23:59:59Z,2025-05-15T09:00:00Z,destination=ORY&origin=BKO&endRange=2025-10-14T23:59:59Z&startRange=2025-05-15T09:00:00Z,,,,,,,
,,,,,,SOF,,,,,OTP,,,,2025-10-14T23:59:59Z,2025-05-15T09:00:00Z,destination=SOF&origin=OTP&endRange=2025-10-14T23:59:59Z&startRange=2025-05-15T09:00:00Z,,,,,,,
,,,,,,AMS,,,,,TIA,,,,2025-10-14T23:59:59Z,2025-05-15T09:00:00Z,destination=AMS&origin=TIA&endRange=2025-10-14T23:59:59Z&startRange=2025-05-15T09:00:00Z,,,,,,,
,,,,,,MAD,,,,,FCO,,,,2025-10-14T23:59:59Z,2025-05-15T09:00:00Z,destination=MAD&origin=FCO&endRange=2025-10-14T23:59:59Z&startRange=2025-05-15T09:00:00Z,,,,,,,
,,,,,,AMS,,,,,GZP,,,,2025-10-14T23:59:59Z,2025-05-15T09:00:00Z,destination=AMS&origin=GZP&endRange=2025-10-14T23:59:59Z&startRange=2025-05-15T09:00:00Z,,,,,,,
,,,,,,AMS,,,,,XMN,,,,2025-10-14T23:59:59Z,2025-05-15T09:00:00Z,destination=AMS&origin=XMN&endRange=2025-10-14T23:59:59Z&startRange=2025-05-15T09:00:00Z,,,,,,,
,,,,,,XMN,,,,,AMS,,,,2025-10-14T23:59:59Z,2025-05-15T09:00:00Z,destination=XMN&origin=AMS&endRange=2025-10-14T23:59:59Z&startRange=2025-05-15T09:00:00Z,,,,,,,
,,,,,,BRU,,,,,FCO,,,,2025-10-14T23:59:59Z,2025-05-15T09:00:00Z,destination=BRU&origin=FCO&endRange=2025-10-14T23:59:59Z&startRange=2025-05-15T09:00:00Z,,,,,,,
,,,,,,TBS,,,,,CDG,,,,2025-10-14T23:59:59Z,2025-05-15T09:00:00Z,destination=TBS&origin=CDG&endRange=2025-10-14T23:59:59Z&startRange=2025-05-15T09:00:00Z,,,,,,,
,,,,,,COO,,,,,CDG,,,,2025-10-14T23:59:59Z,2025-05-15T09:00:00Z,destination=COO&origin=CDG&endRange=2025-10-14T23:59:59Z&startRange=2025-05-15T09:00:00Z,,,,,,,
,,,,,,CDG,,,,,COO,,,,2025-10-14T23:59:59Z,2025-05-15T09:00:00Z,destination=CDG&origin=COO&endRange=2025-10-14T23:59:59Z&startRange=2025-05-15T09:00:00Z,,,,,,,
,,,,,,BKO,,,,,ORY,,,,2025-10-14T23:59:59Z,2025-05-15T09:00:00Z,destination=BKO&origin=ORY&endRange=2025-10-14T23:59:59Z&startRange=2025-05-15T09:00:00Z,,,,,,,
,,,,,,ARN,,,,,CPH,,,,2025-10-14T23:59:59Z,2025-05-15T09:00:00Z,destination=ARN&origin=CPH&endRange=2025-10-14T23:59:59Z&startRange=2025-05-15T09:00:00Z,,,,,,,
,,,,,,GZP,,,,,AMS,,,,2025-10-14T23:59:59Z,2025-05-15T09:00:00Z,destination=GZP&origin=AMS&endRange=2025-10-14T23:59:59Z&startRange=2025-05-15T09:00:00Z,,,,,,,
,,,,,,ORY,,,,,SFO,,,,2025-10-14T23:59:59Z,2025-05-15T09:00:00Z,destination=ORY&origin=SFO&endRange=2025-10-14T23:59:59Z&startRange=2025-05-15T09:00:00Z,,,,,,,
,,,,,,ORY,,,,,CAY,,,,2025-10-14T23:59:59Z,2025-05-15T09:00:00Z,destination=ORY&origin=CAY&endRange=2025-10-14T23:59:59Z&startRange=2025-05-15T09:00:00Z,,,,,,,
,,,,,,FDF,,,,,CDG,,,,2025-10-14T23:59:59Z,2025-05-15T09:00:00Z,destination=FDF&origin=CDG&endRange=2025-10-14T23:59:59Z&startRange=2025-05-15T09:00:00Z,,,,,,,
,,,,,,CDG,,,,,PTP,,,,2025-10-14T23:59:59Z,2025-05-15T09:00:00Z,destination=CDG&origin=PTP&endRange=2025-10-14T23:59:59Z&startRange=2025-05-15T09:00:00Z,,,,,,,
,,,,,,HRG,,,,,ORY,,,,2025-10-14T23:59:59Z,2025-05-15T09:00:00Z,destination=HRG&origin=ORY&endRange=2025-10-14T23:59:59Z&startRange=2025-05-15T09:00:00Z,,,,,,,
,,,,,,YEG,,,,,AMS,,,,2025-10-14T23:59:59Z,2025-05-15T09:00:00Z,destination=YEG&origin=AMS&endRange=2025-10-14T23:59:59Z&startRange=2025-05-15T09:00:00Z,,,,,,,
,,,,,,KIX,,,,,CDG,,,,2025-10-14T23:59:59Z,2025-05-15T09:00:00Z,destination=KIX&origin=CDG&endRange=2025-10-14T23:59:59Z&startRange=2025-05-15T09:00:00Z,,,,,,,
,,,,,,CDG,,,,,TBS,,,,2025-10-14T23:59:59Z,2025-05-15T09:00:00Z,destination=CDG&origin=TBS&endRange=2025-10-14T23:59:59Z&startRange=2025-05-15T09:00:00Z,,,,,,,
,,,,,,BJA,,,,,LYS,,,,2025-10-14T23:59:59Z,2025-05-15T09:00:00Z,destination=BJA&origin=LYS&endRange=2025-10-14T23:59:59Z&startRange=2025-05-15T09:00:00Z,,,,,,,
,,,,,,BGO,,,,,ARN,,,,2025-10-14T23:59:59Z,2025-05-15T09:00:00Z,destination=BGO&origin=ARN&endRange=2025-10-14T23:59:59Z&startRange=2025-05-15T09:00:00Z,,,,,,,
,,,,,,CDG,,,,,FDF,,,,2025-10-14T23:59:59Z,2025-05-15T09:00:00Z,destination=CDG&origin=FDF&endRange=2025-10-14T23:59:59Z&startRange=2025-05-15T09:00:00Z,,,,,,,
,,,,,,CAY,,,,,ORY,,,,2025-10-14T23:59:59Z,2025-05-15T09:00:00Z,destination=CAY&origin=ORY&endRange=2025-10-14T23:59:59Z&startRange=2025-05-15T09:00:00Z,,,,,,,
,,,,,,CDG,,,,,KIX,,,,2025-10-14T23:59:59Z,2025-05-15T09:00:00Z,destination=CDG&origin=KIX&endRange=2025-10-14T23:59:59Z&startRange=2025-05-15T09:00:00Z,,,,,,,
,,,,,,AMS,,,,,YEG,,,,2025-10-14T23:59:59Z,2025-05-15T09:00:00Z,destination=AMS&origin=YEG&endRange=2025-10-14T23:59:59Z&startRange=2025-05-15T09:00:00Z,,,,,,,
,,,,,,ORY,,,,,HRG,,,,2025-10-14T23:59:59Z,2025-05-15T09:00:00Z,destination=ORY&origin=HRG&endRange=2025-10-14T23:59:59Z&startRange=2025-05-15T09:00:00Z,,,,,,,
,,,,,,FCO,,,,,TUN,,,,2025-10-14T23:59:59Z,2025-05-15T09:00:00Z,destination=FCO&origin=TUN&endRange=2025-10-14T23:59:59Z&startRange=2025-05-15T09:00:00Z,,,,,,,
,,,,,,TUN,,,,,FCO,,,,2025-10-14T23:59:59Z,2025-05-15T09:00:00Z,destination=TUN&origin=FCO&endRange=2025-10-14T23:59:59Z&startRange=2025-05-15T09:00:00Z,,,,,,,
,,,,,,CDG,,,,,PNR,,,,2025-10-14T23:59:59Z,2025-05-15T09:00:00Z,destination=CDG&origin=PNR&endRange=2025-10-14T23:59:59Z&startRange=2025-05-15T09:00:00Z,,,,,,,
,,,,,,JED,,,,,AMS,,,,2025-10-14T23:59:59Z,2025-05-15T09:00:00Z,destination=JED&origin=AMS&endRange=2025-10-14T23:59:59Z&startRange=2025-05-15T09:00:00Z,,,,,,,
,,,,,,NCE,,,,,TLV,,,,2025-10-14T23:59:59Z,2025-05-15T09:00:00Z,destination=NCE&origin=TLV&endRange=2025-10-14T23:59:59Z&startRange=2025-05-15T09:00:00Z,,,,,,,
,,,,,,PTP,,,,,CDG,,,,2025-10-14T23:59:59Z,2025-05-15T09:00:00Z,destination=PTP&origin=CDG&endRange=2025-10-14T23:59:59Z&startRange=2025-05-15T09:00:00Z,,,,,,,
,,,,,,ORY,,,,,YUL,,,,2025-10-14T23:59:59Z,2025-05-15T09:00:00Z,destination=ORY&origin=YUL&endRange=2025-10-14T23:59:59Z&startRange=2025-05-15T09:00:00Z,,,,,,,
,,,,,,YUL,,,,,ORY,,,,2025-10-14T23:59:59Z,2025-05-15T09:00:00Z,destination=YUL&origin=ORY&endRange=2025-10-14T23:59:59Z&startRange=2025-05-15T09:00:00Z,,,,,,,
,,,,,,AMS,,,,,ESB,,,,2025-10-14T23:59:59Z,2025-05-15T09:00:00Z,destination=AMS&origin=ESB&endRange=2025-10-14T23:59:59Z&startRange=2025-05-15T09:00:00Z,,,,,,,
,,,,,,ESB,,,,,AMS,,,,2025-10-14T23:59:59Z,2025-05-15T09:00:00Z,destination=ESB&origin=AMS&endRange=2025-10-14T23:59:59Z&startRange=2025-05-15T09:00:00Z,,,,,,,
,,,,,,PNR,,,,,CDG,,,,2025-10-14T23:59:59Z,2025-05-15T09:00:00Z,destination=PNR&origin=CDG&endRange=2025-10-14T23:59:59Z&startRange=2025-05-15T09:00:00Z,,,,,,,
,,,,,,CDG,,,,,KWI,,,,2025-10-14T23:59:59Z,2025-05-15T09:00:00Z,destination=CDG&origin=KWI&endRange=2025-10-14T23:59:59Z&startRange=2025-05-15T09:00:00Z,,,,,,,
,,,,,,AMS,,,,,EFL,,,,2025-10-14T23:59:59Z,2025-05-15T09:00:00Z,destination=AMS&origin=EFL&endRange=2025-10-14T23:59:59Z&startRange=2025-05-15T09:00:00Z,,,,,,,
,,,,,,CDG,,,,,LBA,,,,2025-10-14T23:59:59Z,2025-05-15T09:00:00Z,destination=CDG&origin=LBA&endRange=2025-10-14T23:59:59Z&startRange=2025-05-15T09:00:00Z,,,,,,,
,,,,,,AMS,,,,,YHZ,,,,2025-10-14T23:59:59Z,2025-05-15T09:00:00Z,destination=AMS&origin=YHZ&endRange=2025-10-14T23:59:59Z&startRange=2025-05-15T09:00:00Z,,,,,,,
,,,,,,KWI,,,,,CDG,,,,2025-10-14T23:59:59Z,2025-05-15T09:00:00Z,destination=KWI&origin=CDG&endRange=2025-10-14T23:59:59Z&startRange=2025-05-15T09:00:00Z,,,,,,,
,,,,,,YHZ,,,,,AMS,,,,2025-10-14T23:59:59Z,2025-05-15T09:00:00Z,destination=YHZ&origin=AMS&endRange=2025-10-14T23:59:59Z&startRange=2025-05-15T09:00:00Z,,,,,,,
,,,,,,CAG,,,,,ORY,,,,2025-10-14T23:59:59Z,2025-05-15T09:00:00Z,destination=CAG&origin=ORY&endRange=2025-10-14T23:59:59Z&startRange=2025-05-15T09:00:00Z,,,,,,,
,,,,,,EFL,,,,,AMS,,,,2025-10-14T23:59:59Z,2025-05-15T09:00:00Z,destination=EFL&origin=AMS&endRange=2025-10-14T23:59:59Z&startRange=2025-05-15T09:00:00Z,,,,,,,
,,,,,,LBA,,,,,CDG,,,,2025-10-14T23:59:59Z,2025-05-15T09:00:00Z,destination=LBA&origin=CDG&endRange=2025-10-14T23:59:59Z&startRange=2025-05-15T09:00:00Z,,,,,,,
,,,,,,ORY,,,,,CAG,,,,2025-10-14T23:59:59Z,2025-05-15T09:00:00Z,destination=ORY&origin=CAG&endRange=2025-10-14T23:59:59Z&startRange=2025-05-15T09:00:00Z,,,,,,,
,,,,,,AMS,,,,,POS,,,,2025-10-14T23:59:59Z,2025-05-15T09:00:00Z,destination=AMS&origin=POS&endRange=2025-10-14T23:59:59Z&startRange=2025-05-15T09:00:00Z,,,,,,,
,,,,,,PTY,,,,,CDG,,,,2025-10-14T23:59:59Z,2025-05-15T09:00:00Z,destination=PTY&origin=CDG&endRange=2025-10-14T23:59:59Z&startRange=2025-05-15T09:00:00Z,,,,,,,
,,,,,,ARN,,,,,TRD,,,,2025-10-14T23:59:59Z,2025-05-15T09:00:00Z,destination=ARN&origin=TRD&endRange=2025-10-14T23:59:59Z&startRange=2025-05-15T09:00:00Z,,,,,,,
,,,,,,BCN,,,,,FCO,,,,2025-10-14T23:59:59Z,2025-05-15T09:00:00Z,destination=BCN&origin=FCO&endRange=2025-10-14T23:59:59Z&startRange=2025-05-15T09:00:00Z,,,,,,,
,,,,,,CDG,,,,,CFU,,,,2025-10-14T23:59:59Z,2025-05-15T09:00:00Z,destination=CDG&origin=CFU&endRange=2025-10-14T23:59:59Z&startRange=2025-05-15T09:00:00Z,,,,,,,
,,,,,,FCO,,,,,FRA,,,,2025-10-14T23:59:59Z,2025-05-15T09:00:00Z,destination=FCO&origin=FRA&endRange=2025-10-14T23:59:59Z&startRange=2025-05-15T09:00:00Z,,,,,,,
,,,,,,FRA,,,,,FCO,,,,2025-10-14T23:59:59Z,2025-05-15T09:00:00Z,destination=FRA&origin=FCO&endRange=2025-10-14T23:59:59Z&startRange=2025-05-15T09:00:00Z,,,,,,,
,,,,,,CFU,,,,,CDG,,,,2025-10-14T23:59:59Z,2025-05-15T09:00:00Z,destination=CFU&origin=CDG&endRange=2025-10-14T23:59:59Z&startRange=2025-05-15T09:00:00Z,,,,,,,
,,,,,,SOF,,,,,ORY,,,,2025-10-14T23:59:59Z,2025-05-15T09:00:00Z,destination=SOF&origin=ORY&endRange=2025-10-14T23:59:59Z&startRange=2025-05-15T09:00:00Z,,,,,,,
,,,,,,SLC,,,,,LHR,,,,2025-10-14T23:59:59Z,2025-05-15T09:00:00Z,destination=SLC&origin=LHR&endRange=2025-10-14T23:59:59Z&startRange=2025-05-15T09:00:00Z,,,,,,,
,,,,,,AMS,,,,,KIX,,,,2025-10-14T23:59:59Z,2025-05-15T09:00:00Z,destination=AMS&origin=KIX&endRange=2025-10-14T23:59:59Z&startRange=2025-05-15T09:00:00Z,,,,,,,
,,,,,,SFO,,,,,ORY,,,,2025-10-14T23:59:59Z,2025-05-15T09:00:00Z,destination=SFO&origin=ORY&endRange=2025-10-14T23:59:59Z&startRange=2025-05-15T09:00:00Z,,,,,,,
,,,,,,LHR,,,,,SLC,,,,2025-10-14T23:59:59Z,2025-05-15T09:00:00Z,destination=LHR&origin=SLC&endRange=2025-10-14T23:59:59Z&startRange=2025-05-15T09:00:00Z,,,,,,,
,,,,,,CDG,,,,,PHX,,,,2025-10-14T23:59:59Z,2025-05-15T09:00:00Z,destination=CDG&origin=PHX&endRange=2025-10-14T23:59:59Z&startRange=2025-05-15T09:00:00Z,,,,,,,
,,,,,,CDG,,,,,PTY,,,,2025-10-14T23:59:59Z,2025-05-15T09:00:00Z,destination=CDG&origin=PTY&endRange=2025-10-14T23:59:59Z&startRange=2025-05-15T09:00:00Z,,,,,,,
,,,,,,KIX,,,,,AMS,,,,2025-10-14T23:59:59Z,2025-05-15T09:00:00Z,destination=KIX&origin=AMS&endRange=2025-10-14T23:59:59Z&startRange=2025-05-15T09:00:00Z,,,,,,,
,,,,,,AMS,,,,,JED,,,,2025-10-14T23:59:59Z,2025-05-15T09:00:00Z,destination=AMS&origin=JED&endRange=2025-10-14T23:59:59Z&startRange=2025-05-15T09:00:00Z,,,,,,,
,,,,,,LYS,,,,,TUN,,,,2025-10-14T23:59:59Z,2025-05-15T09:00:00Z,destination=LYS&origin=TUN&endRange=2025-10-14T23:59:59Z&startRange=2025-05-15T09:00:00Z,,,,,,,
,,,,,,AMS,,,,,ACE,,,,2025-10-14T23:59:59Z,2025-05-15T09:00:00Z,destination=AMS&origin=ACE&endRange=2025-10-14T23:59:59Z&startRange=2025-05-15T09:00:00Z,,,,,,,
,,,,,,CDG,,,,,VNO,,,,2025-10-14T23:59:59Z,2025-05-15T09:00:00Z,destination=CDG&origin=VNO&endRange=2025-10-14T23:59:59Z&startRange=2025-05-15T09:00:00Z,,,,,,,
,,,,,,ORY,,,,,OVD,,,,2025-10-14T23:59:59Z,2025-05-15T09:00:00Z,destination=ORY&origin=OVD&endRange=2025-10-14T23:59:59Z&startRange=2025-05-15T09:00:00Z,,,,,,,
,,,,,,ORY,,,,,SOF,,,,2025-10-14T23:59:59Z,2025-05-15T09:00:00Z,destination=ORY&origin=SOF&endRange=2025-10-14T23:59:59Z&startRange=2025-05-15T09:00:00Z,,,,,,,
,,,,,,OVD,,,,,ORY,,,,2025-10-14T23:59:59Z,2025-05-15T09:00:00Z,destination=OVD&origin=ORY&endRange=2025-10-14T23:59:59Z&startRange=2025-05-15T09:00:00Z,,,,,,,
,,,,,,TIA,,,,,AMS,,,,2025-10-14T23:59:59Z,2025-05-15T09:00:00Z,destination=TIA&origin=AMS&endRange=2025-10-14T23:59:59Z&startRange=2025-05-15T09:00:00Z,,,,,,,
,,,,,,VNO,,,,,CDG,,,,2025-10-14T23:59:59Z,2025-05-15T09:00:00Z,destination=VNO&origin=CDG&endRange=2025-10-14T23:59:59Z&startRange=2025-05-15T09:00:00Z,,,,,,,
,,,,,,TBS,,,,,AMS,,,,2025-10-14T23:59:59Z,2025-05-15T09:00:00Z,destination=TBS&origin=AMS&endRange=2025-10-14T23:59:59Z&startRange=2025-05-15T09:00:00Z,,,,,,,
,,,,,,AMS,,,,,TBS,,,,2025-10-14T23:59:59Z,2025-05-15T09:00:00Z,destination=AMS&origin=TBS&endRange=2025-10-14T23:59:59Z&startRange=2025-05-15T09:00:00Z,,,,,,,
,,,,,,PHX,,,,,CDG,,,,2025-10-14T23:59:59Z,2025-05-15T09:00:00Z,destination=PHX&origin=CDG&endRange=2025-10-14T23:59:59Z&startRange=2025-05-15T09:00:00Z,,,,,,,
,,,,,,ACE,,,,,AMS,,,,2025-10-14T23:59:59Z,2025-05-15T09:00:00Z,destination=ACE&origin=AMS&endRange=2025-10-14T23:59:59Z&startRange=2025-05-15T09:00:00Z,,,,,,,
,,,,,,AMS,,,,,AOK,,,,2025-10-14T23:59:59Z,2025-05-15T09:00:00Z,destination=AMS&origin=AOK&endRange=2025-10-14T23:59:59Z&startRange=2025-05-15T09:00:00Z,,,,,,,
,,,,,,ORY,,,,,VIE,,,,2025-10-14T23:59:59Z,2025-05-15T09:00:00Z,destination=ORY&origin=VIE&endRange=2025-10-14T23:59:59Z&startRange=2025-05-15T09:00:00Z,,,,,,,
,,,,,,TLL,,,,,CDG,,,,2025-10-14T23:59:59Z,2025-05-15T09:00:00Z,destination=TLL&origin=CDG&endRange=2025-10-14T23:59:59Z&startRange=2025-05-15T09:00:00Z,,,,,,,
,,,,,,ORY,,,,,COO,,,,2025-10-14T23:59:59Z,2025-05-15T09:00:00Z,destination=ORY&origin=COO&endRange=2025-10-14T23:59:59Z&startRange=2025-05-15T09:00:00Z,,,,,,,
,,,,,,ARN,,,,,ORY,,,,2025-10-14T23:59:59Z,2025-05-15T09:00:00Z,destination=ARN&origin=ORY&endRange=2025-10-14T23:59:59Z&startRange=2025-05-15T09:00:00Z,,,,,,,
,,,,,,BDS,,,,,ORY,,,,2025-10-14T23:59:59Z,2025-05-15T09:00:00Z,destination=BDS&origin=ORY&endRange=2025-10-14T23:59:59Z&startRange=2025-05-15T09:00:00Z,,,,,,,
,,,,,,BFS,,,,,AMS,,,,2025-10-14T23:59:59Z,2025-05-15T09:00:00Z,destination=BFS&origin=AMS&endRange=2025-10-14T23:59:59Z&startRange=2025-05-15T09:00:00Z,,,,,,,
,,,,,,CDG,,,,,TLL,,,,2025-10-14T23:59:59Z,2025-05-15T09:00:00Z,destination=CDG&origin=TLL&endRange=2025-10-14T23:59:59Z&startRange=2025-05-15T09:00:00Z,,,,,,,
,,,,,,ORY,,,,,ARN,,,,2025-10-14T23:59:59Z,2025-05-15T09:00:00Z,destination=ORY&origin=ARN&endRange=2025-10-14T23:59:59Z&startRange=2025-05-15T09:00:00Z,,,,,,,
,,,,,,ORY,,,,,BDS,,,,2025-10-14T23:59:59Z,2025-05-15T09:00:00Z,destination=ORY&origin=BDS&endRange=2025-10-14T23:59:59Z&startRange=2025-05-15T09:00:00Z,,,,,,,
,,,,,,OTP,,,,,SKG,,,,2025-10-14T23:59:59Z,2025-05-15T09:00:00Z,destination=OTP&origin=SKG&endRange=2025-10-14T23:59:59Z&startRange=2025-05-15T09:00:00Z,,,,,,,
,,,,,,SKG,,,,,OTP,,,,2025-10-14T23:59:59Z,2025-05-15T09:00:00Z,destination=SKG&origin=OTP&endRange=2025-10-14T23:59:59Z&startRange=2025-05-15T09:00:00Z,,,,,,,
,,,,,,COO,,,,,ORY,,,,2025-10-14T23:59:59Z,2025-05-15T09:00:00Z,destination=COO&origin=ORY&endRange=2025-10-14T23:59:59Z&startRange=2025-05-15T09:00:00Z,,,,,,,
,,,,,,AOK,,,,,AMS,,,,2025-10-14T23:59:59Z,2025-05-15T09:00:00Z,destination=AOK&origin=AMS&endRange=2025-10-14T23:59:59Z&startRange=2025-05-15T09:00:00Z,,,,,,,
,,,,,,KTT,,,,,HEL,,,,2025-10-14T23:59:59Z,2025-05-15T09:00:00Z,destination=KTT&origin=HEL&endRange=2025-10-14T23:59:59Z&startRange=2025-05-15T09:00:00Z,,,,,,,
,,,,,,ORY,,,,,CPH,,,,2025-10-14T23:59:59Z,2025-05-15T09:00:00Z,destination=ORY&origin=CPH&endRange=2025-10-14T23:59:59Z&startRange=2025-05-15T09:00:00Z,,,,,,,
,,,,,,VIE,,,,,ORY,,,,2025-10-14T23:59:59Z,2025-05-15T09:00:00Z,destination=VIE&origin=ORY&endRange=2025-10-14T23:59:59Z&startRange=2025-05-15T09:00:00Z,,,,,,,
,,,,,,CPH,,,,,TOS,,,,2025-10-14T23:59:59Z,2025-05-15T09:00:00Z,destination=CPH&origin=TOS&endRange=2025-10-14T23:59:59Z&startRange=2025-05-15T09:00:00Z,,,,,,,
,,,,,,ORY,,,,,BEY,,,,2025-10-14T23:59:59Z,2025-05-15T09:00:00Z,destination=ORY&origin=BEY&endRange=2025-10-14T23:59:59Z&startRange=2025-05-15T09:00:00Z,,,,,,,
,,,,,,ACE,,,,,ORY,,,,2025-10-14T23:59:59Z,2025-05-15T09:00:00Z,destination=ACE&origin=ORY&endRange=2025-10-14T23:59:59Z&startRange=2025-05-15T09:00:00Z,,,,,,,
,,,,,,CDG,,,,,FNC,,,,2025-10-14T23:59:59Z,2025-05-15T09:00:00Z,destination=CDG&origin=FNC&endRange=2025-10-14T23:59:59Z&startRange=2025-05-15T09:00:00Z,,,,,,,
,,,,,,ORY,,,,,ACE,,,,2025-10-14T23:59:59Z,2025-05-15T09:00:00Z,destination=ORY&origin=ACE&endRange=2025-10-14T23:59:59Z&startRange=2025-05-15T09:00:00Z,,,,,,,
,,,,,,AMS,,,,,BJV,,,,2025-10-14T23:59:59Z,2025-05-15T09:00:00Z,destination=AMS&origin=BJV&endRange=2025-10-14T23:59:59Z&startRange=2025-05-15T09:00:00Z,,,,,,,
,,,,,,BJV,,,,,AMS,,,,2025-10-14T23:59:59Z,2025-05-15T09:00:00Z,destination=BJV&origin=AMS&endRange=2025-10-14T23:59:59Z&startRange=2025-05-15T09:00:00Z,,,,,,,
,,,,,,BEY,,,,,ORY,,,,2025-10-14T23:59:59Z,2025-05-15T09:00:00Z,destination=BEY&origin=ORY&endRange=2025-10-14T23:59:59Z&startRange=2025-05-15T09:00:00Z,,,,,,,
,,,,,,CPH,,,,,ORY,,,,2025-10-14T23:59:59Z,2025-05-15T09:00:00Z,destination=CPH&origin=ORY&endRange=2025-10-14T23:59:59Z&startRange=2025-05-15T09:00:00Z,,,,,,,
,,,,,,ORY,,,,,AMS,,,,2025-10-14T23:59:59Z,2025-05-15T09:00:00Z,destination=ORY&origin=AMS&endRange=2025-10-14T23:59:59Z&startRange=2025-05-15T09:00:00Z,,,,,,,
,,,,,,ORY,,,,,SKG,,,,2025-10-14T23:59:59Z,2025-05-15T09:00:00Z,destination=ORY&origin=SKG&endRange=2025-10-14T23:59:59Z&startRange=2025-05-15T09:00:00Z,,,,,,,
,,,,,,FCO,,,,,ZRH,,,,2025-10-14T23:59:59Z,2025-05-15T09:00:00Z,destination=FCO&origin=ZRH&endRange=2025-10-14T23:59:59Z&startRange=2025-05-15T09:00:00Z,,,,,,,
,,,,,,ZRH,,,,,FCO,,,,2025-10-14T23:59:59Z,2025-05-15T09:00:00Z,destination=ZRH&origin=FCO&endRange=2025-10-14T23:59:59Z&startRange=2025-05-15T09:00:00Z,,,,,,,
,,,,,,CDG,,,,,LPL,,,,2025-10-14T23:59:59Z,2025-05-15T09:00:00Z,destination=CDG&origin=LPL&endRange=2025-10-14T23:59:59Z&startRange=2025-05-15T09:00:00Z,,,,,,,
,,,,,,LPL,,,,,CDG,,,,2025-10-14T23:59:59Z,2025-05-15T09:00:00Z,destination=LPL&origin=CDG&endRange=2025-10-14T23:59:59Z&startRange=2025-05-15T09:00:00Z,,,,,,,
,,,,,,SKG,,,,,ORY,,,,2025-10-14T23:59:59Z,2025-05-15T09:00:00Z,destination=SKG&origin=ORY&endRange=2025-10-14T23:59:59Z&startRange=2025-05-15T09:00:00Z,,,,,,,
,,,,,,AMS,,,,,ORY,,,,2025-10-14T23:59:59Z,2025-05-15T09:00:00Z,destination=AMS&origin=ORY&endRange=2025-10-14T23:59:59Z&startRange=2025-05-15T09:00:00Z,,,,,,,
,,,,,,CDG,,,,,ACE,,,,2025-10-14T23:59:59Z,2025-05-15T09:00:00Z,destination=CDG&origin=ACE&endRange=2025-10-14T23:59:59Z&startRange=2025-05-15T09:00:00Z,,,,,,,
,,,,,,CDG,,,,,SCQ,,,,2025-10-14T23:59:59Z,2025-05-15T09:00:00Z,destination=CDG&origin=SCQ&endRange=2025-10-14T23:59:59Z&startRange=2025-05-15T09:00:00Z,,,,,,,
,,,,,,FNC,,,,,CDG,,,,2025-10-14T23:59:59Z,2025-05-15T09:00:00Z,destination=FNC&origin=CDG&endRange=2025-10-14T23:59:59Z&startRange=2025-05-15T09:00:00Z,,,,,,,
,,,,,,LYS,,,,,MLA,,,,2025-10-14T23:59:59Z,2025-05-15T09:00:00Z,destination=LYS&origin=MLA&endRange=2025-10-14T23:59:59Z&startRange=2025-05-15T09:00:00Z,,,,,,,
,,,,,,MLA,,,,,LYS,,,,2025-10-14T23:59:59Z,2025-05-15T09:00:00Z,destination=MLA&origin=LYS&endRange=2025-10-14T23:59:59Z&startRange=2025-05-15T09:00:00Z,,,,,,,
,,,,,,SCQ,,,,,CDG,,,,2025-10-14T23:59:59Z,2025-05-15T09:00:00Z,destination=SCQ&origin=CDG&endRange=2025-10-14T23:59:59Z&startRange=2025-05-15T09:00:00Z,,,,,,,
,,,,,,SEN,,,,,AMS,,,,2025-10-14T23:59:59Z,2025-05-15T09:00:00Z,destination=SEN&origin=AMS&endRange=2025-10-14T23:59:59Z&startRange=2025-05-15T09:00:00Z,,,,,,,
,,,,,,AMS,,,,,SEN,,,,2025-10-14T23:59:59Z,2025-05-15T09:00:00Z,destination=AMS&origin=SEN&endRange=2025-10-14T23:59:59Z&startRange=2025-05-15T09:00:00Z,,,,,,,
,,,,,,ACE,,,,,CDG,,,,2025-10-14T23:59:59Z,2025-05-15T09:00:00Z,destination=ACE&origin=CDG&endRange=2025-10-14T23:59:59Z&startRange=2025-05-15T09:00:00Z,,,,,,,
,,,,,,CDG,,,,,JTR,,,,2025-10-14T23:59:59Z,2025-05-15T09:00:00Z,destination=CDG&origin=JTR&endRange=2025-10-14T23:59:59Z&startRange=2025-05-15T09:00:00Z,,,,,,,
,,,,,,TOS,,,,,CPH,,,,2025-10-14T23:59:59Z,2025-05-15T09:00:00Z,destination=TOS&origin=CPH&endRange=2025-10-14T23:59:59Z&startRange=2025-05-15T09:00:00Z,,,,,,,
,,,,,,CDG,,,,,JMK,,,,2025-10-14T23:59:59Z,2025-05-15T09:00:00Z,destination=CDG&origin=JMK&endRange=2025-10-14T23:59:59Z&startRange=2025-05-15T09:00:00Z,,,,,,,
,,,,,,CAG,,,,,AMS,,,,2025-10-14T23:59:59Z,2025-05-15T09:00:00Z,destination=CAG&origin=AMS&endRange=2025-10-14T23:59:59Z&startRange=2025-05-15T09:00:00Z,,,,,,,
,,,,,,JTR,,,,,CDG,,,,2025-10-14T23:59:59Z,2025-05-15T09:00:00Z,destination=JTR&origin=CDG&endRange=2025-10-14T23:59:59Z&startRange=2025-05-15T09:00:00Z,,,,,,,
,,,,,,AMS,,,,,CAG,,,,2025-10-14T23:59:59Z,2025-05-15T09:00:00Z,destination=AMS&origin=CAG&endRange=2025-10-14T23:59:59Z&startRange=2025-05-15T09:00:00Z,,,,,,,
,,,,,,JMK,,,,,CDG,,,,2025-10-14T23:59:59Z,2025-05-15T09:00:00Z,destination=JMK&origin=CDG&endRange=2025-10-14T23:59:59Z&startRange=2025-05-15T09:00:00Z,,,,,,,
,,,,,,AJA,,,,,TLS,,,,2025-10-14T23:59:59Z,2025-05-15T09:00:00Z,destination=AJA&origin=TLS&endRange=2025-10-14T23:59:59Z&startRange=2025-05-15T09:00:00Z,,,,,,,
,,,,,,AAR,,,,,OSL,,,,2025-10-14T23:59:59Z,2025-05-15T09:00:00Z,destination=AAR&origin=OSL&endRange=2025-10-14T23:59:59Z&startRange=2025-05-15T09:00:00Z,,,,,,,
,,,,,,BRU,,,,,LIN,,,,2025-10-14T23:59:59Z,2025-05-15T09:00:00Z,destination=BRU&origin=LIN&endRange=2025-10-14T23:59:59Z&startRange=2025-05-15T09:00:00Z,,,,,,,
,,,,,,EDI,,,,,ORY,,,,2025-10-14T23:59:59Z,2025-05-15T09:00:00Z,destination=EDI&origin=ORY&endRange=2025-10-14T23:59:59Z&startRange=2025-05-15T09:00:00Z,,,,,,,
,,,,,,LIN,,,,,BRU,,,,2025-10-14T23:59:59Z,2025-05-15T09:00:00Z,destination=LIN&origin=BRU&endRange=2025-10-14T23:59:59Z&startRange=2025-05-15T09:00:00Z,,,,,,,
,,,,,,ORY,,,,,EDI,,,,2025-10-14T23:59:59Z,2025-05-15T09:00:00Z,destination=ORY&origin=EDI&endRange=2025-10-14T23:59:59Z&startRange=2025-05-15T09:00:00Z,,,,,,,
,,,,,,TLS,,,,,AJA,,,,2025-10-14T23:59:59Z,2025-05-15T09:00:00Z,destination=TLS&origin=AJA&endRange=2025-10-14T23:59:59Z&startRange=2025-05-15T09:00:00Z,,,,,,,
,,,,,,GRX,,,,,AMS,,,,2025-10-14T23:59:59Z,2025-05-15T09:00:00Z,destination=GRX&origin=AMS&endRange=2025-10-14T23:59:59Z&startRange=2025-05-15T09:00:00Z,,,,,,,
,,,,,,AMS,,,,,GRX,,,,2025-10-14T23:59:59Z,2025-05-15T09:00:00Z,destination=AMS&origin=GRX&endRange=2025-10-14T23:59:59Z&startRange=2025-05-15T09:00:00Z,,,,,,,
,,,,,,HER,,,,,LYS,,,,2025-10-14T23:59:59Z,2025-05-15T09:00:00Z,destination=HER&origin=LYS&endRange=2025-10-14T23:59:59Z&startRange=2025-05-15T09:00:00Z,,,,,,,
,,,,,,CDG,,,,,TFS,,,,2025-10-14T23:59:59Z,2025-05-15T09:00:00Z,destination=CDG&origin=TFS&endRange=2025-10-14T23:59:59Z&startRange=2025-05-15T09:00:00Z,,,,,,,
,,,,,,AAL,,,,,OSL,,,,2025-10-14T23:59:59Z,2025-05-15T09:00:00Z,destination=AAL&origin=OSL&endRange=2025-10-14T23:59:59Z&startRange=2025-05-15T09:00:00Z,,,,,,,
,,,,,,BIQ,,,,,AMS,,,,2025-10-14T23:59:59Z,2025-05-15T09:00:00Z,destination=BIQ&origin=AMS&endRange=2025-10-14T23:59:59Z&startRange=2025-05-15T09:00:00Z,,,,,,,
,,,,,,FCO,,,,,SOF,,,,2025-10-14T23:59:59Z,2025-05-15T09:00:00Z,destination=FCO&origin=SOF&endRange=2025-10-14T23:59:59Z&startRange=2025-05-15T09:00:00Z,,,,,,,
,,,,,,TAY,,,,,HEL,,,,2025-10-14T23:59:59Z,2025-05-15T09:00:00Z,destination=TAY&origin=HEL&endRange=2025-10-14T23:59:59Z&startRange=2025-05-15T09:00:00Z,,,,,,,
,,,,,,TFS,,,,,CDG,,,,2025-10-14T23:59:59Z,2025-05-15T09:00:00Z,destination=TFS&origin=CDG&endRange=2025-10-14T23:59:59Z&startRange=2025-05-15T09:00:00Z,,,,,,,
,,,,,,RMO,,,,,CDG,,,,2025-10-14T23:59:59Z,2025-05-15T09:00:00Z,destination=RMO&origin=CDG&endRange=2025-10-14T23:59:59Z&startRange=2025-05-15T09:00:00Z,,,,,,,
,,,,,,AMS,,,,,BIQ,,,,2025-10-14T23:59:59Z,2025-05-15T09:00:00Z,destination=AMS&origin=BIQ&endRange=2025-10-14T23:59:59Z&startRange=2025-05-15T09:00:00Z,,,,,,,
,,,,,,CDG,,,,,RMO,,,,2025-10-14T23:59:59Z,2025-05-15T09:00:00Z,destination=CDG&origin=RMO&endRange=2025-10-14T23:59:59Z&startRange=2025-05-15T09:00:00Z,,,,,,,
,,,,,,CDG,,,,,PDL,,,,2025-10-14T23:59:59Z,2025-05-15T09:00:00Z,destination=CDG&origin=PDL&endRange=2025-10-14T23:59:59Z&startRange=2025-05-15T09:00:00Z,,,,,,,
,,,,,,CDG,,,,,VRN,,,,2025-10-14T23:59:59Z,2025-05-15T09:00:00Z,destination=CDG&origin=VRN&endRange=2025-10-14T23:59:59Z&startRange=2025-05-15T09:00:00Z,,,,,,,
,,,,,,KEF,,,,,ORY,,,,2025-10-14T23:59:59Z,2025-05-15T09:00:00Z,destination=KEF&origin=ORY&endRange=2025-10-14T23:59:59Z&startRange=2025-05-15T09:00:00Z,,,,,,,
,,,,,,PDL,,,,,CDG,,,,2025-10-14T23:59:59Z,2025-05-15T09:00:00Z,destination=PDL&origin=CDG&endRange=2025-10-14T23:59:59Z&startRange=2025-05-15T09:00:00Z,,,,,,,
,,,,,,LPA,,,,,ORY,,,,2025-10-14T23:59:59Z,2025-05-15T09:00:00Z,destination=LPA&origin=ORY&endRange=2025-10-14T23:59:59Z&startRange=2025-05-15T09:00:00Z,,,,,,,
,,,,,,ORY,,,,,LPA,,,,2025-10-14T23:59:59Z,2025-05-15T09:00:00Z,destination=ORY&origin=LPA&endRange=2025-10-14T23:59:59Z&startRange=2025-05-15T09:00:00Z,,,,,,,
,,,,,,ORY,,,,,KEF,,,,2025-10-14T23:59:59Z,2025-05-15T09:00:00Z,destination=ORY&origin=KEF&endRange=2025-10-14T23:59:59Z&startRange=2025-05-15T09:00:00Z,,,,,,,
,,,,,,VRN,,,,,CDG,,,,2025-10-14T23:59:59Z,2025-05-15T09:00:00Z,destination=VRN&origin=CDG&endRange=2025-10-14T23:59:59Z&startRange=2025-05-15T09:00:00Z,,,,,,,
,,,,,,MAD,,,,,LIS,,,,2025-10-14T23:59:59Z,2025-05-15T09:00:00Z,destination=MAD&origin=LIS&endRange=2025-10-14T23:59:59Z&startRange=2025-05-15T09:00:00Z,,,,,,,
,,,,,,LIS,,,,,MAD,,,,2025-10-14T23:59:59Z,2025-05-15T09:00:00Z,destination=LIS&origin=MAD&endRange=2025-10-14T23:59:59Z&startRange=2025-05-15T09:00:00Z,,,,,,,
,,,,,,CDG,,,,,SEN,,,,2025-10-14T23:59:59Z,2025-05-15T09:00:00Z,destination=CDG&origin=SEN&endRange=2025-10-14T23:59:59Z&startRange=2025-05-15T09:00:00Z,,,,,,,
,,,,,,SEN,,,,,CDG,,,,2025-10-14T23:59:59Z,2025-05-15T09:00:00Z,destination=SEN&origin=CDG&endRange=2025-10-14T23:59:59Z&startRange=2025-05-15T09:00:00Z,,,,,,,
,,,,,,FCO,,,,,GVA,,,,2025-10-14T23:59:59Z,2025-05-15T09:00:00Z,destination=FCO&origin=GVA&endRange=2025-10-14T23:59:59Z&startRange=2025-05-15T09:00:00Z,,,,,,,
,,,,,,KLX,,,,,ORY,,,,2025-10-14T23:59:59Z,2025-05-15T09:00:00Z,destination=KLX&origin=ORY&endRange=2025-10-14T23:59:59Z&startRange=2025-05-15T09:00:00Z,,,,,,,
,,,,,,LJU,,,,,ORY,,,,2025-10-14T23:59:59Z,2025-05-15T09:00:00Z,destination=LJU&origin=ORY&endRange=2025-10-14T23:59:59Z&startRange=2025-05-15T09:00:00Z,,,,,,,
,,,,,,OPO,,,,,LYS,,,,2025-10-14T23:59:59Z,2025-05-15T09:00:00Z,destination=OPO&origin=LYS&endRange=2025-10-14T23:59:59Z&startRange=2025-05-15T09:00:00Z,,,,,,,
,,,,,,MAD,,,,,ACE,,,,2025-10-14T23:59:59Z,2025-05-15T09:00:00Z,destination=MAD&origin=ACE&endRange=2025-10-14T23:59:59Z&startRange=2025-05-15T09:00:00Z,,,,,,,
,,,,,,ORY,,,,,KLX,,,,2025-10-14T23:59:59Z,2025-05-15T09:00:00Z,destination=ORY&origin=KLX&endRange=2025-10-14T23:59:59Z&startRange=2025-05-15T09:00:00Z,,,,,,,
,,,,,,ACE,,,,,MAD,,,,2025-10-14T23:59:59Z,2025-05-15T09:00:00Z,destination=ACE&origin=MAD&endRange=2025-10-14T23:59:59Z&startRange=2025-05-15T09:00:00Z,,,,,,,
,,,,,,GOA,,,,,ORY,,,,2025-10-14T23:59:59Z,2025-05-15T09:00:00Z,destination=GOA&origin=ORY&endRange=2025-10-14T23:59:59Z&startRange=2025-05-15T09:00:00Z,,,,,,,
,,,,,,GVA,,,,,FCO,,,,2025-10-14T23:59:59Z,2025-05-15T09:00:00Z,destination=GVA&origin=FCO&endRange=2025-10-14T23:59:59Z&startRange=2025-05-15T09:00:00Z,,,,,,,
,,,,,,ORY,,,,,LJU,,,,2025-10-14T23:59:59Z,2025-05-15T09:00:00Z,destination=ORY&origin=LJU&endRange=2025-10-14T23:59:59Z&startRange=2025-05-15T09:00:00Z,,,,,,,
,,,,,,ORY,,,,,GOA,,,,2025-10-14T23:59:59Z,2025-05-15T09:00:00Z,destination=ORY&origin=GOA&endRange=2025-10-14T23:59:59Z&startRange=2025-05-15T09:00:00Z,,,,,,,
,,,,,,MAD,,,,,ZRH,,,,2025-10-14T23:59:59Z,2025-05-15T09:00:00Z,destination=MAD&origin=ZRH&endRange=2025-10-14T23:59:59Z&startRange=2025-05-15T09:00:00Z,,,,,,,
,,,,,,ORY,,,,,TIV,,,,2025-10-14T23:59:59Z,2025-05-15T09:00:00Z,destination=ORY&origin=TIV&endRange=2025-10-14T23:59:59Z&startRange=2025-05-15T09:00:00Z,,,,,,,
,,,,,,TGD,,,,,ORY,,,,2025-10-14T23:59:59Z,2025-05-15T09:00:00Z,destination=TGD&origin=ORY&endRange=2025-10-14T23:59:59Z&startRange=2025-05-15T09:00:00Z,,,,,,,
,,,,,,TIV,,,,,ORY,,,,2025-10-14T23:59:59Z,2025-05-15T09:00:00Z,destination=TIV&origin=ORY&endRange=2025-10-14T23:59:59Z&startRange=2025-05-15T09:00:00Z,,,,,,,
,,,,,,ZRH,,,,,MAD,,,,2025-10-14T23:59:59Z,2025-05-15T09:00:00Z,destination=ZRH&origin=MAD&endRange=2025-10-14T23:59:59Z&startRange=2025-05-15T09:00:00Z,,,,,,,
,,,,,,ORY,,,,,TGD,,,,2025-10-14T23:59:59Z,2025-05-15T09:00:00Z,destination=ORY&origin=TGD&endRange=2025-10-14T23:59:59Z&startRange=2025-05-15T09:00:00Z,,,,,,,
,,,,,,ARN,,,,,GOT,,,,2025-10-14T23:59:59Z,2025-05-15T09:00:00Z,destination=ARN&origin=GOT&endRange=2025-10-14T23:59:59Z&startRange=2025-05-15T09:00:00Z,,,,,,,
,,,,,,MAH,,,,,AMS,,,,2025-10-14T23:59:59Z,2025-05-15T09:00:00Z,destination=MAH&origin=AMS&endRange=2025-10-14T23:59:59Z&startRange=2025-05-15T09:00:00Z,,,,,,,
,,,,,,AMS,,,,,MAH,,,,2025-10-14T23:59:59Z,2025-05-15T09:00:00Z,destination=AMS&origin=MAH&endRange=2025-10-14T23:59:59Z&startRange=2025-05-15T09:00:00Z,,,,,,,
,,,,,,KLX,,,,,AMS,,,,2025-10-14T23:59:59Z,2025-05-15T09:00:00Z,destination=KLX&origin=AMS&endRange=2025-10-14T23:59:59Z&startRange=2025-05-15T09:00:00Z,,,,,,,
,,,,,,CDG,,,,,FAO,,,,2025-10-14T23:59:59Z,2025-05-15T09:00:00Z,destination=CDG&origin=FAO&endRange=2025-10-14T23:59:59Z&startRange=2025-05-15T09:00:00Z,,,,,,,
,,,,,,LYS,,,,,OPO,,,,2025-10-14T23:59:59Z,2025-05-15T09:00:00Z,destination=LYS&origin=OPO&endRange=2025-10-14T23:59:59Z&startRange=2025-05-15T09:00:00Z,,,,,,,
,,,,,,OSL,,,,,ORY,,,,2025-10-14T23:59:59Z,2025-05-15T09:00:00Z,destination=OSL&origin=ORY&endRange=2025-10-14T23:59:59Z&startRange=2025-05-15T09:00:00Z,,,,,,,
,,,,,,AMS,,,,,JTR,,,,2025-10-14T23:59:59Z,2025-05-15T09:00:00Z,destination=AMS&origin=JTR&endRange=2025-10-14T23:59:59Z&startRange=2025-05-15T09:00:00Z,,,,,,,
,,,,,,AMS,,,,,KLX,,,,2025-10-14T23:59:59Z,2025-05-15T09:00:00Z,destination=AMS&origin=KLX&endRange=2025-10-14T23:59:59Z&startRange=2025-05-15T09:00:00Z,,,,,,,
,,,,,,FAO,,,,,CDG,,,,2025-10-14T23:59:59Z,2025-05-15T09:00:00Z,destination=FAO&origin=CDG&endRange=2025-10-14T23:59:59Z&startRange=2025-05-15T09:00:00Z,,,,,,,
,,,,,,JTR,,,,,AMS,,,,2025-10-14T23:59:59Z,2025-05-15T09:00:00Z,destination=JTR&origin=AMS&endRange=2025-10-14T23:59:59Z&startRange=2025-05-15T09:00:00Z,,,,,,,
,,,,,,ARN,,,,,OSL,,,,2025-10-14T23:59:59Z,2025-05-15T09:00:00Z,destination=ARN&origin=OSL&endRange=2025-10-14T23:59:59Z&startRange=2025-05-15T09:00:00Z,,,,,,,
,,,,,,ORY,,,,,OSL,,,,2025-10-14T23:59:59Z,2025-05-15T09:00:00Z,destination=ORY&origin=OSL&endRange=2025-10-14T23:59:59Z&startRange=2025-05-15T09:00:00Z,,,,,,,
,,,,,,OHD,,,,,AMS,,,,2025-10-14T23:59:59Z,2025-05-15T09:00:00Z,destination=OHD&origin=AMS&endRange=2025-10-14T23:59:59Z&startRange=2025-05-15T09:00:00Z,,,,,,,
,,,,,,AMS,,,,,OHD,,,,2025-10-14T23:59:59Z,2025-05-15T09:00:00Z,destination=AMS&origin=OHD&endRange=2025-10-14T23:59:59Z&startRange=2025-05-15T09:00:00Z,,,,,,,
,,,,,,CDG,,,,,CAG,,,,2025-10-14T23:59:59Z,2025-05-15T09:00:00Z,destination=CDG&origin=CAG&endRange=2025-10-14T23:59:59Z&startRange=2025-05-15T09:00:00Z,,,,,,,
,,,,,,CDG,,,,,RHO,,,,2025-10-14T23:59:59Z,2025-05-15T09:00:00Z,destination=CDG&origin=RHO&endRange=2025-10-14T23:59:59Z&startRange=2025-05-15T09:00:00Z,,,,,,,
,,,,,,CDG,,,,,FAE,,,,2025-10-14T23:59:59Z,2025-05-15T09:00:00Z,destination=CDG&origin=FAE&endRange=2025-10-14T23:59:59Z&startRange=2025-05-15T09:00:00Z,,,,,,,
,,,,,,RHO,,,,,CDG,,,,2025-10-14T23:59:59Z,2025-05-15T09:00:00Z,destination=RHO&origin=CDG&endRange=2025-10-14T23:59:59Z&startRange=2025-05-15T09:00:00Z,,,,,,,
,,,,,,CAG,,,,,CDG,,,,2025-10-14T23:59:59Z,2025-05-15T09:00:00Z,destination=CAG&origin=CDG&endRange=2025-10-14T23:59:59Z&startRange=2025-05-15T09:00:00Z,,,,,,,
,,,,,,FCO,,,,,MUC,,,,2025-10-14T23:59:59Z,2025-05-15T09:00:00Z,destination=FCO&origin=MUC&endRange=2025-10-14T23:59:59Z&startRange=2025-05-15T09:00:00Z,,,,,,,
,,,,,,RMO,,,,,AMS,,,,2025-10-14T23:59:59Z,2025-05-15T09:00:00Z,destination=RMO&origin=AMS&endRange=2025-10-14T23:59:59Z&startRange=2025-05-15T09:00:00Z,,,,,,,
,,,,,,AMS,,,,,RMO,,,,2025-10-14T23:59:59Z,2025-05-15T09:00:00Z,destination=AMS&origin=RMO&endRange=2025-10-14T23:59:59Z&startRange=2025-05-15T09:00:00Z,,,,,,,
,,,,,,CDG,,,,,SKG,,,,2025-10-14T23:59:59Z,2025-05-15T09:00:00Z,destination=CDG&origin=SKG&endRange=2025-10-14T23:59:59Z&startRange=2025-05-15T09:00:00Z,,,,,,,
,,,,,,FAE,,,,,CDG,,,,2025-10-14T23:59:59Z,2025-05-15T09:00:00Z,destination=FAE&origin=CDG&endRange=2025-10-14T23:59:59Z&startRange=2025-05-15T09:00:00Z,,,,,,,
,,,,,,MUC,,,,,FCO,,,,2025-10-14T23:59:59Z,2025-05-15T09:00:00Z,destination=MUC&origin=FCO&endRange=2025-10-14T23:59:59Z&startRange=2025-05-15T09:00:00Z,,,,,,,
,,,,,,BGO,,,,,GOT,,,,2025-10-14T23:59:59Z,2025-05-15T09:00:00Z,destination=BGO&origin=GOT&endRange=2025-10-14T23:59:59Z&startRange=2025-05-15T09:00:00Z,,,,,,,
,,,,,,AMS,,,,,OVD,,,,2025-10-14T23:59:59Z,2025-05-15T09:00:00Z,destination=AMS&origin=OVD&endRange=2025-10-14T23:59:59Z&startRange=2025-05-15T09:00:00Z,,,,,,,
,,,,,,SKG,,,,,CDG,,,,2025-10-14T23:59:59Z,2025-05-15T09:00:00Z,destination=SKG&origin=CDG&endRange=2025-10-14T23:59:59Z&startRange=2025-05-15T09:00:00Z,,,,,,,
,,,,,,OVD,,,,,AMS,,,,2025-10-14T23:59:59Z,2025-05-15T09:00:00Z,destination=OVD&origin=AMS&endRange=2025-10-14T23:59:59Z&startRange=2025-05-15T09:00:00Z,,,,,,,
,,,,,,TOS,,,,,ARN,,,,2025-10-14T23:59:59Z,2025-05-15T09:00:00Z,destination=TOS&origin=ARN&endRange=2025-10-14T23:59:59Z&startRange=2025-05-15T09:00:00Z,,,,,,,
,,,,,,ARN,,,,,TOS,,,,2025-10-14T23:59:59Z,2025-05-15T09:00:00Z,destination=ARN&origin=TOS&endRange=2025-10-14T23:59:59Z&startRange=2025-05-15T09:00:00Z,,,,,,,
,,,,,,CPH,,,,,AES,,,,2025-10-14T23:59:59Z,2025-05-15T09:00:00Z,destination=CPH&origin=AES&endRange=2025-10-14T23:59:59Z&startRange=2025-05-15T09:00:00Z,,,,,,,
,,,,,,GOT,,,,,BGO,,,,2025-10-14T23:59:59Z,2025-05-15T09:00:00Z,destination=GOT&origin=BGO&endRange=2025-10-14T23:59:59Z&startRange=2025-05-15T09:00:00Z,,,,,,,
,,,,,,NCE,,,,,OTP,,,,2025-10-14T23:59:59Z,2025-05-15T09:00:00Z,destination=NCE&origin=OTP&endRange=2025-10-14T23:59:59Z&startRange=2025-05-15T09:00:00Z,,,,,,,
,,,,,,OTP,,,,,NCE,,,,2025-10-14T23:59:59Z,2025-05-15T09:00:00Z,destination=OTP&origin=NCE&endRange=2025-10-14T23:59:59Z&startRange=2025-05-15T09:00:00Z,,,,,,,
,,,,,,AES,,,,,CPH,,,,2025-10-14T23:59:59Z,2025-05-15T09:00:00Z,destination=AES&origin=CPH&endRange=2025-10-14T23:59:59Z&startRange=2025-05-15T09:00:00Z,,,,,,,
,,,,,,CDG,,,,,TGD,,,,2025-10-14T23:59:59Z,2025-05-15T09:00:00Z,destination=CDG&origin=TGD&endRange=2025-10-14T23:59:59Z&startRange=2025-05-15T09:00:00Z,,,,,,,
,,,,,,AMS,,,,,BOJ,,,,2025-10-14T23:59:59Z,2025-05-15T09:00:00Z,destination=AMS&origin=BOJ&endRange=2025-10-14T23:59:59Z&startRange=2025-05-15T09:00:00Z,,,,,,,
,,,,,,TGD,,,,,CDG,,,,2025-10-14T23:59:59Z,2025-05-15T09:00:00Z,destination=TGD&origin=CDG&endRange=2025-10-14T23:59:59Z&startRange=2025-05-15T09:00:00Z,,,,,,,
,,,,,,CDG,,,,,MAH,,,,2025-10-14T23:59:59Z,2025-05-15T09:00:00Z,destination=CDG&origin=MAH&endRange=2025-10-14T23:59:59Z&startRange=2025-05-15T09:00:00Z,,,,,,,
,,,,,,BOJ,,,,,AMS,,,,2025-10-14T23:59:59Z,2025-05-15T09:00:00Z,destination=BOJ&origin=AMS&endRange=2025-10-14T23:59:59Z&startRange=2025-05-15T09:00:00Z,,,,,,,
,,,,,,MAH,,,,,CDG,,,,2025-10-14T23:59:59Z,2025-05-15T09:00:00Z,destination=MAH&origin=CDG&endRange=2025-10-14T23:59:59Z&startRange=2025-05-15T09:00:00Z,,,,,,,
,,,,,,AMS,,,,,PDL,,,,2025-10-14T23:59:59Z,2025-05-15T09:00:00Z,destination=AMS&origin=PDL&endRange=2025-10-14T23:59:59Z&startRange=2025-05-15T09:00:00Z,,,,,,,
,,,,,,OTP,,,,,SUJ,,,,2025-10-14T23:59:59Z,2025-05-15T09:00:00Z,destination=OTP&origin=SUJ&endRange=2025-10-14T23:59:59Z&startRange=2025-05-15T09:00:00Z,,,,,,,
,,,,,,FCO,,,,,AJA,,,,2025-10-14T23:59:59Z,2025-05-15T09:00:00Z,destination=FCO&origin=AJA&endRange=2025-10-14T23:59:59Z&startRange=2025-05-15T09:00:00Z,,,,,,,
,,,,,,LYS,,,,,HER,,,,2025-10-14T23:59:59Z,2025-05-15T09:00:00Z,destination=LYS&origin=HER&endRange=2025-10-14T23:59:59Z&startRange=2025-05-15T09:00:00Z,,,,,,,
,,,,,,PMO,,,,,AMS,,,,2025-10-14T23:59:59Z,2025-05-15T09:00:00Z,destination=PMO&origin=AMS&endRange=2025-10-14T23:59:59Z&startRange=2025-05-15T09:00:00Z,,,,,,,
,,,,,,PDL,,,,,AMS,,,,2025-10-14T23:59:59Z,2025-05-15T09:00:00Z,destination=PDL&origin=AMS&endRange=2025-10-14T23:59:59Z&startRange=2025-05-15T09:00:00Z,,,,,,,
,,,,,,AJA,,,,,FCO,,,,2025-10-14T23:59:59Z,2025-05-15T09:00:00Z,destination=AJA&origin=FCO&endRange=2025-10-14T23:59:59Z&startRange=2025-05-15T09:00:00Z,,,,,,,
,,,,,,BIA,,,,,TLS,,,,2025-10-14T23:59:59Z,2025-05-15T09:00:00Z,destination=BIA&origin=TLS&endRange=2025-10-14T23:59:59Z&startRange=2025-05-15T09:00:00Z,,,,,,,
,,,,,,AMS,,,,,PMO,,,,2025-10-14T23:59:59Z,2025-05-15T09:00:00Z,destination=AMS&origin=PMO&endRange=2025-10-14T23:59:59Z&startRange=2025-05-15T09:00:00Z,,,,,,,
,,,,,,BEG,,,,,LYS,,,,2025-10-14T23:59:59Z,2025-05-15T09:00:00Z,destination=BEG&origin=LYS&endRange=2025-10-14T23:59:59Z&startRange=2025-05-15T09:00:00Z,,,,,,,
,,,,,,FAO,,,,,LYS,,,,2025-10-14T23:59:59Z,2025-05-15T09:00:00Z,destination=FAO&origin=LYS&endRange=2025-10-14T23:59:59Z&startRange=2025-05-15T09:00:00Z,,,,,,,
,,,,,,CDG,,,,,SNN,,,,2025-10-14T23:59:59Z,2025-05-15T09:00:00Z,destination=CDG&origin=SNN&endRange=2025-10-14T23:59:59Z&startRange=2025-05-15T09:00:00Z,,,,,,,
,,,,,,CDG,,,,,SVG,,,,2025-10-14T23:59:59Z,2025-05-15T09:00:00Z,destination=CDG&origin=SVG&endRange=2025-10-14T23:59:59Z&startRange=2025-05-15T09:00:00Z,,,,,,,
,,,,,,JMK,,,,,AMS,,,,2025-10-14T23:59:59Z,2025-05-15T09:00:00Z,destination=JMK&origin=AMS&endRange=2025-10-14T23:59:59Z&startRange=2025-05-15T09:00:00Z,,,,,,,
,,,,,,LYS,,,,,BEG,,,,2025-10-14T23:59:59Z,2025-05-15T09:00:00Z,destination=LYS&origin=BEG&endRange=2025-10-14T23:59:59Z&startRange=2025-05-15T09:00:00Z,,,,,,,
,,,,,,ORY,,,,,AHO,,,,2025-10-14T23:59:59Z,2025-05-15T09:00:00Z,destination=ORY&origin=AHO&endRange=2025-10-14T23:59:59Z&startRange=2025-05-15T09:00:00Z,,,,,,,
,,,,,,ORY,,,,,SOU,,,,2025-10-14T23:59:59Z,2025-05-15T09:00:00Z,destination=ORY&origin=SOU&endRange=2025-10-14T23:59:59Z&startRange=2025-05-15T09:00:00Z,,,,,,,
,,,,,,ORY,,,,,TLL,,,,2025-10-14T23:59:59Z,2025-05-15T09:00:00Z,destination=ORY&origin=TLL&endRange=2025-10-14T23:59:59Z&startRange=2025-05-15T09:00:00Z,,,,,,,
,,,,,,SNN,,,,,CDG,,,,2025-10-14T23:59:59Z,2025-05-15T09:00:00Z,destination=SNN&origin=CDG&endRange=2025-10-14T23:59:59Z&startRange=2025-05-15T09:00:00Z,,,,,,,
,,,,,,SOU,,,,,ORY,,,,2025-10-14T23:59:59Z,2025-05-15T09:00:00Z,destination=SOU&origin=ORY&endRange=2025-10-14T23:59:59Z&startRange=2025-05-15T09:00:00Z,,,,,,,
,,,,,,SZG,,,,,AMS,,,,2025-10-14T23:59:59Z,2025-05-15T09:00:00Z,destination=SZG&origin=AMS&endRange=2025-10-14T23:59:59Z&startRange=2025-05-15T09:00:00Z,,,,,,,
,,,,,,TLL,,,,,ORY,,,,2025-10-14T23:59:59Z,2025-05-15T09:00:00Z,destination=TLL&origin=ORY&endRange=2025-10-14T23:59:59Z&startRange=2025-05-15T09:00:00Z,,,,,,,
,,,,,,SVG,,,,,CDG,,,,2025-10-14T23:59:59Z,2025-05-15T09:00:00Z,destination=SVG&origin=CDG&endRange=2025-10-14T23:59:59Z&startRange=2025-05-15T09:00:00Z,,,,,,,
,,,,,,TLS,,,,,BIA,,,,2025-10-14T23:59:59Z,2025-05-15T09:00:00Z,destination=TLS&origin=BIA&endRange=2025-10-14T23:59:59Z&startRange=2025-05-15T09:00:00Z,,,,,,,
,,,,,,AMS,,,,,SKP,,,,2025-10-14T23:59:59Z,2025-05-15T09:00:00Z,destination=AMS&origin=SKP&endRange=2025-10-14T23:59:59Z&startRange=2025-05-15T09:00:00Z,,,,,,,
,,,,,,AMS,,,,,SZG,,,,2025-10-14T23:59:59Z,2025-05-15T09:00:00Z,destination=AMS&origin=SZG&endRange=2025-10-14T23:59:59Z&startRange=2025-05-15T09:00:00Z,,,,,,,
,,,,,,AMS,,,,,JMK,,,,2025-10-14T23:59:59Z,2025-05-15T09:00:00Z,destination=AMS&origin=JMK&endRange=2025-10-14T23:59:59Z&startRange=2025-05-15T09:00:00Z,,,,,,,
,,,,,,AHO,,,,,ORY,,,,2025-10-14T23:59:59Z,2025-05-15T09:00:00Z,destination=AHO&origin=ORY&endRange=2025-10-14T23:59:59Z&startRange=2025-05-15T09:00:00Z,,,,,,,
,,,,,,ATH,,,,,OTP,,,,2025-10-14T23:59:59Z,2025-05-15T09:00:00Z,destination=ATH&origin=OTP&endRange=2025-10-14T23:59:59Z&startRange=2025-05-15T09:00:00Z,,,,,,,
,,,,,,FAE,,,,,OSL,,,,2025-10-14T23:59:59Z,2025-05-15T09:00:00Z,destination=FAE&origin=OSL&endRange=2025-10-14T23:59:59Z&startRange=2025-05-15T09:00:00Z,,,,,,,
,,,,,,INN,,,,,AMS,,,,2025-10-14T23:59:59Z,2025-05-15T09:00:00Z,destination=INN&origin=AMS&endRange=2025-10-14T23:59:59Z&startRange=2025-05-15T09:00:00Z,,,,,,,
,,,,,,JER,,,,,CDG,,,,2025-10-14T23:59:59Z,2025-05-15T09:00:00Z,destination=JER&origin=CDG&endRange=2025-10-14T23:59:59Z&startRange=2025-05-15T09:00:00Z,,,,,,,
,,,,,,LYS,,,,,AGP,,,,2025-10-14T23:59:59Z,2025-05-15T09:00:00Z,destination=LYS&origin=AGP&endRange=2025-10-14T23:59:59Z&startRange=2025-05-15T09:00:00Z,,,,,,,
,,,,,,MAD,,,,,BRU,,,,2025-10-14T23:59:59Z,2025-05-15T09:00:00Z,destination=MAD&origin=BRU&endRange=2025-10-14T23:59:59Z&startRange=2025-05-15T09:00:00Z,,,,,,,
,,,,,,ORY,,,,,AOI,,,,2025-10-14T23:59:59Z,2025-05-15T09:00:00Z,destination=ORY&origin=AOI&endRange=2025-10-14T23:59:59Z&startRange=2025-05-15T09:00:00Z,,,,,,,
,,,,,,LYS,,,,,PMI,,,,2025-10-14T23:59:59Z,2025-05-15T09:00:00Z,destination=LYS&origin=PMI&endRange=2025-10-14T23:59:59Z&startRange=2025-05-15T09:00:00Z,,,,,,,
,,,,,,ORY,,,,,REU,,,,2025-10-14T23:59:59Z,2025-05-15T09:00:00Z,destination=ORY&origin=REU&endRange=2025-10-14T23:59:59Z&startRange=2025-05-15T09:00:00Z,,,,,,,
,,,,,,ORY,,,,,SKP,,,,2025-10-14T23:59:59Z,2025-05-15T09:00:00Z,destination=ORY&origin=SKP&endRange=2025-10-14T23:59:59Z&startRange=2025-05-15T09:00:00Z,,,,,,,
,,,,,,PMI,,,,,LYS,,,,2025-10-14T23:59:59Z,2025-05-15T09:00:00Z,destination=PMI&origin=LYS&endRange=2025-10-14T23:59:59Z&startRange=2025-05-15T09:00:00Z,,,,,,,
,,,,,,PMO,,,,,LYS,,,,2025-10-14T23:59:59Z,2025-05-15T09:00:00Z,destination=PMO&origin=LYS&endRange=2025-10-14T23:59:59Z&startRange=2025-05-15T09:00:00Z,,,,,,,
,,,,,,REU,,,,,ORY,,,,2025-10-14T23:59:59Z,2025-05-15T09:00:00Z,destination=REU&origin=ORY&endRange=2025-10-14T23:59:59Z&startRange=2025-05-15T09:00:00Z,,,,,,,
,,,,,,ORY,,,,,TRN,,,,2025-10-14T23:59:59Z,2025-05-15T09:00:00Z,destination=ORY&origin=TRN&endRange=2025-10-14T23:59:59Z&startRange=2025-05-15T09:00:00Z,,,,,,,
,,,,,,SKP,,,,,AMS,,,,2025-10-14T23:59:59Z,2025-05-15T09:00:00Z,destination=SKP&origin=AMS&endRange=2025-10-14T23:59:59Z&startRange=2025-05-15T09:00:00Z,,,,,,,
,,,,,,SKP,,,,,ORY,,,,2025-10-14T23:59:59Z,2025-05-15T09:00:00Z,destination=SKP&origin=ORY&endRange=2025-10-14T23:59:59Z&startRange=2025-05-15T09:00:00Z,,,,,,,
,,,,,,TRN,,,,,ORY,,,,2025-10-14T23:59:59Z,2025-05-15T09:00:00Z,destination=TRN&origin=ORY&endRange=2025-10-14T23:59:59Z&startRange=2025-05-15T09:00:00Z,,,,,,,
,,,,,,AOI,,,,,ORY,,,,2025-10-14T23:59:59Z,2025-05-15T09:00:00Z,destination=AOI&origin=ORY&endRange=2025-10-14T23:59:59Z&startRange=2025-05-15T09:00:00Z,,,,,,,
,,,,,,AMS,,,,,INN,,,,2025-10-14T23:59:59Z,2025-05-15T09:00:00Z,destination=AMS&origin=INN&endRange=2025-10-14T23:59:59Z&startRange=2025-05-15T09:00:00Z,,,,,,,
,,,,,,AGP,,,,,LYS,,,,2025-10-14T23:59:59Z,2025-05-15T09:00:00Z,destination=AGP&origin=LYS&endRange=2025-10-14T23:59:59Z&startRange=2025-05-15T09:00:00Z,,,,,,,
,,,,,,CDG,,,,,JER,,,,2025-10-14T23:59:59Z,2025-05-15T09:00:00Z,destination=CDG&origin=JER&endRange=2025-10-14T23:59:59Z&startRange=2025-05-15T09:00:00Z,,,,,,,
,,,,,,JTR,,,,,LYS,,,,2025-10-14T23:59:59Z,2025-05-15T09:00:00Z,destination=JTR&origin=LYS&endRange=2025-10-14T23:59:59Z&startRange=2025-05-15T09:00:00Z,,,,,,,
,,,,,,ORY,,,,,ZTH,,,,2025-10-14T23:59:59Z,2025-05-15T09:00:00Z,destination=ORY&origin=ZTH&endRange=2025-10-14T23:59:59Z&startRange=2025-05-15T09:00:00Z,,,,,,,
,,,,,,OTP,,,,,ATH,,,,2025-10-14T23:59:59Z,2025-05-15T09:00:00Z,destination=OTP&origin=ATH&endRange=2025-10-14T23:59:59Z&startRange=2025-05-15T09:00:00Z,,,,,,,
,,,,,,ORY,,,,,SUF,,,,2025-10-14T23:59:59Z,2025-05-15T09:00:00Z,destination=ORY&origin=SUF&endRange=2025-10-14T23:59:59Z&startRange=2025-05-15T09:00:00Z,,,,,,,
,,,,,,SUF,,,,,ORY,,,,2025-10-14T23:59:59Z,2025-05-15T09:00:00Z,destination=SUF&origin=ORY&endRange=2025-10-14T23:59:59Z&startRange=2025-05-15T09:00:00Z,,,,,,,
,,,,,,BRU,,,,,MAD,,,,2025-10-14T23:59:59Z,2025-05-15T09:00:00Z,destination=BRU&origin=MAD&endRange=2025-10-14T23:59:59Z&startRange=2025-05-15T09:00:00Z,,,,,,,
,,,,,,ZTH,,,,,ORY,,,,2025-10-14T23:59:59Z,2025-05-15T09:00:00Z,destination=ZTH&origin=ORY&endRange=2025-10-14T23:59:59Z&startRange=2025-05-15T09:00:00Z,,,,,,,
,,,,,,ATH,,,,,LYS,,,,2025-10-14T23:59:59Z,2025-05-15T09:00:00Z,destination=ATH&origin=LYS&endRange=2025-10-14T23:59:59Z&startRange=2025-05-15T09:00:00Z,,,,,,,
,,,,,,CDG,,,,,PRN,,,,2025-10-14T23:59:59Z,2025-05-15T09:00:00Z,destination=CDG&origin=PRN&endRange=2025-10-14T23:59:59Z&startRange=2025-05-15T09:00:00Z,,,,,,,
,,,,,,PRN,,,,,CDG,,,,2025-10-14T23:59:59Z,2025-05-15T09:00:00Z,destination=PRN&origin=CDG&endRange=2025-10-14T23:59:59Z&startRange=2025-05-15T09:00:00Z,,,,,,,
,,,,,,CDG,,,,,VAR,,,,2025-10-14T23:59:59Z,2025-05-15T09:00:00Z,destination=CDG&origin=VAR&endRange=2025-10-14T23:59:59Z&startRange=2025-05-15T09:00:00Z,,,,,,,
,,,,,,MAD,,,,,VCE,,,,2025-10-14T23:59:59Z,2025-05-15T09:00:00Z,destination=MAD&origin=VCE&endRange=2025-10-14T23:59:59Z&startRange=2025-05-15T09:00:00Z,,,,,,,
,,,,,,LIN,,,,,TRS,,,,2025-10-14T23:59:59Z,2025-05-15T09:00:00Z,destination=LIN&origin=TRS&endRange=2025-10-14T23:59:59Z&startRange=2025-05-15T09:00:00Z,,,,,,,
,,,,,,SCQ,,,,,AMS,,,,2025-10-14T23:59:59Z,2025-05-15T09:00:00Z,destination=SCQ&origin=AMS&endRange=2025-10-14T23:59:59Z&startRange=2025-05-15T09:00:00Z,,,,,,,
,,,,,,VAR,,,,,CDG,,,,2025-10-14T23:59:59Z,2025-05-15T09:00:00Z,destination=VAR&origin=CDG&endRange=2025-10-14T23:59:59Z&startRange=2025-05-15T09:00:00Z,,,,,,,
,,,,,,VCE,,,,,MAD,,,,2025-10-14T23:59:59Z,2025-05-15T09:00:00Z,destination=VCE&origin=MAD&endRange=2025-10-14T23:59:59Z&startRange=2025-05-15T09:00:00Z,,,,,,,
,,,,,,AMS,,,,,SCQ,,,,2025-10-14T23:59:59Z,2025-05-15T09:00:00Z,destination=AMS&origin=SCQ&endRange=2025-10-14T23:59:59Z&startRange=2025-05-15T09:00:00Z,,,,,,,
,,,,,,AMS,,,,,PLQ,,,,2025-10-14T23:59:59Z,2025-05-15T09:00:00Z,destination=AMS&origin=PLQ&endRange=2025-10-14T23:59:59Z&startRange=2025-05-15T09:00:00Z,,,,,,,
,,,,,,MAD,,,,,VLC,,,,2025-10-14T23:59:59Z,2025-05-15T09:00:00Z,destination=MAD&origin=VLC&endRange=2025-10-14T23:59:59Z&startRange=2025-05-15T09:00:00Z,,,,,,,
,,,,,,PLQ,,,,,AMS,,,,2025-10-14T23:59:59Z,2025-05-15T09:00:00Z,destination=PLQ&origin=AMS&endRange=2025-10-14T23:59:59Z&startRange=2025-05-15T09:00:00Z,,,,,,,
,,,,,,OPO,,,,,MAD,,,,2025-10-14T23:59:59Z,2025-05-15T09:00:00Z,destination=OPO&origin=MAD&endRange=2025-10-14T23:59:59Z&startRange=2025-05-15T09:00:00Z,,,,,,,
,,,,,,BIA,,,,,FCO,,,,2025-10-14T23:59:59Z,2025-05-15T09:00:00Z,destination=BIA&origin=FCO&endRange=2025-10-14T23:59:59Z&startRange=2025-05-15T09:00:00Z,,,,,,,
,,,,,,FCO,,,,,BIA,,,,2025-10-14T23:59:59Z,2025-05-15T09:00:00Z,destination=FCO&origin=BIA&endRange=2025-10-14T23:59:59Z&startRange=2025-05-15T09:00:00Z,,,,,,,
,,,,,,LCY,,,,,LIN,,,,2025-10-14T23:59:59Z,2025-05-15T09:00:00Z,destination=LCY&origin=LIN&endRange=2025-10-14T23:59:59Z&startRange=2025-05-15T09:00:00Z,,,,,,,
,,,,,,VLC,,,,,MAD,,,,2025-10-14T23:59:59Z,2025-05-15T09:00:00Z,destination=VLC&origin=MAD&endRange=2025-10-14T23:59:59Z&startRange=2025-05-15T09:00:00Z,,,,,,,
,,,,,,LIN,,,,,LCY,,,,2025-10-14T23:59:59Z,2025-05-15T09:00:00Z,destination=LIN&origin=LCY&endRange=2025-10-14T23:59:59Z&startRange=2025-05-15T09:00:00Z,,,,,,,
,,,,,,MAD,,,,,OPO,,,,2025-10-14T23:59:59Z,2025-05-15T09:00:00Z,destination=MAD&origin=OPO&endRange=2025-10-14T23:59:59Z&startRange=2025-05-15T09:00:00Z,,,,,,,
,,,,,,KGS,,,,,ORY,,,,2025-10-14T23:59:59Z,2025-05-15T09:00:00Z,destination=KGS&origin=ORY&endRange=2025-10-14T23:59:59Z&startRange=2025-05-15T09:00:00Z,,,,,,,
,,,,,,ORY,,,,,KGS,,,,2025-10-14T23:59:59Z,2025-05-15T09:00:00Z,destination=ORY&origin=KGS&endRange=2025-10-14T23:59:59Z&startRange=2025-05-15T09:00:00Z,,,,,,,
,,,,,,CHQ,,,,,LYS,,,,2025-10-14T23:59:59Z,2025-05-15T09:00:00Z,destination=CHQ&origin=LYS&endRange=2025-10-14T23:59:59Z&startRange=2025-05-15T09:00:00Z,,,,,,,
,,,,,,OTP,,,,,BEG,,,,2025-10-14T23:59:59Z,2025-05-15T09:00:00Z,destination=OTP&origin=BEG&endRange=2025-10-14T23:59:59Z&startRange=2025-05-15T09:00:00Z,,,,,,,
,,,,,,BEG,,,,,OTP,,,,2025-10-14T23:59:59Z,2025-05-15T09:00:00Z,destination=BEG&origin=OTP&endRange=2025-10-14T23:59:59Z&startRange=2025-05-15T09:00:00Z,,,,,,,
,,,,,,FCO,,,,,IBZ,,,,2025-10-14T23:59:59Z,2025-05-15T09:00:00Z,destination=FCO&origin=IBZ&endRange=2025-10-14T23:59:59Z&startRange=2025-05-15T09:00:00Z,,,,,,,
,,,,,,LYS,,,,,FAO,,,,2025-10-14T23:59:59Z,2025-05-15T09:00:00Z,destination=LYS&origin=FAO&endRange=2025-10-14T23:59:59Z&startRange=2025-05-15T09:00:00Z,,,,,,,
,,,,,,IBZ,,,,,FCO,,,,2025-10-14T23:59:59Z,2025-05-15T09:00:00Z,destination=IBZ&origin=FCO&endRange=2025-10-14T23:59:59Z&startRange=2025-05-15T09:00:00Z,,,,,,,
,,,,,,FNC,,,,,LYS,,,,2025-10-14T23:59:59Z,2025-05-15T09:00:00Z,destination=FNC&origin=LYS&endRange=2025-10-14T23:59:59Z&startRange=2025-05-15T09:00:00Z,,,,,,,
,,,,,,LYS,,,,,JTR,,,,2025-10-14T23:59:59Z,2025-05-15T09:00:00Z,destination=LYS&origin=JTR&endRange=2025-10-14T23:59:59Z&startRange=2025-05-15T09:00:00Z,,,,,,,
,,,,,,KGS,,,,,CDG,,,,2025-10-14T23:59:59Z,2025-05-15T09:00:00Z,destination=KGS&origin=CDG&endRange=2025-10-14T23:59:59Z&startRange=2025-05-15T09:00:00Z,,,,,,,
,,,,,,MAD,,,,,ALC,,,,2025-10-14T23:59:59Z,2025-05-15T09:00:00Z,destination=MAD&origin=ALC&endRange=2025-10-14T23:59:59Z&startRange=2025-05-15T09:00:00Z,,,,,,,
,,,,,,RHO,,,,,LYS,,,,2025-10-14T23:59:59Z,2025-05-15T09:00:00Z,destination=RHO&origin=LYS&endRange=2025-10-14T23:59:59Z&startRange=2025-05-15T09:00:00Z,,,,,,,
,,,,,,SPC,,,,,AMS,,,,2025-10-14T23:59:59Z,2025-05-15T09:00:00Z,destination=SPC&origin=AMS&endRange=2025-10-14T23:59:59Z&startRange=2025-05-15T09:00:00Z,,,,,,,
,,,,,,AMS,,,,,SPC,,,,2025-10-14T23:59:59Z,2025-05-15T09:00:00Z,destination=AMS&origin=SPC&endRange=2025-10-14T23:59:59Z&startRange=2025-05-15T09:00:00Z,,,,,,,
,,,,,,AMS,,,,,PUY,,,,2025-10-14T23:59:59Z,2025-05-15T09:00:00Z,destination=AMS&origin=PUY&endRange=2025-10-14T23:59:59Z&startRange=2025-05-15T09:00:00Z,,,,,,,
,,,,,,ORY,,,,,QSR,,,,2025-10-14T23:59:59Z,2025-05-15T09:00:00Z,destination=ORY&origin=QSR&endRange=2025-10-14T23:59:59Z&startRange=2025-05-15T09:00:00Z,,,,,,,
,,,,,,ORY,,,,,VAR,,,,2025-10-14T23:59:59Z,2025-05-15T09:00:00Z,destination=ORY&origin=VAR&endRange=2025-10-14T23:59:59Z&startRange=2025-05-15T09:00:00Z,,,,,,,
,,,,,,ORY,,,,,VOL,,,,2025-10-14T23:59:59Z,2025-05-15T09:00:00Z,destination=ORY&origin=VOL&endRange=2025-10-14T23:59:59Z&startRange=2025-05-15T09:00:00Z,,,,,,,
,,,,,,PUY,,,,,AMS,,,,2025-10-14T23:59:59Z,2025-05-15T09:00:00Z,destination=PUY&origin=AMS&endRange=2025-10-14T23:59:59Z&startRange=2025-05-15T09:00:00Z,,,,,,,
,,,,,,QSR,,,,,ORY,,,,2025-10-14T23:59:59Z,2025-05-15T09:00:00Z,destination=QSR&origin=ORY&endRange=2025-10-14T23:59:59Z&startRange=2025-05-15T09:00:00Z,,,,,,,
,,,,,,VAR,,,,,ORY,,,,2025-10-14T23:59:59Z,2025-05-15T09:00:00Z,destination=VAR&origin=ORY&endRange=2025-10-14T23:59:59Z&startRange=2025-05-15T09:00:00Z,,,,,,,
,,,,,,CDG,,,,,TOS,,,,2025-10-14T23:59:59Z,2025-05-15T09:00:00Z,destination=CDG&origin=TOS&endRange=2025-10-14T23:59:59Z&startRange=2025-05-15T09:00:00Z,,,,,,,
,,,,,,FSC,,,,,LYS,,,,2025-10-14T23:59:59Z,2025-05-15T09:00:00Z,destination=FSC&origin=LYS&endRange=2025-10-14T23:59:59Z&startRange=2025-05-15T09:00:00Z,,,,,,,
,,,,,,OTP,,,,,BUD,,,,2025-10-14T23:59:59Z,2025-05-15T09:00:00Z,destination=OTP&origin=BUD&endRange=2025-10-14T23:59:59Z&startRange=2025-05-15T09:00:00Z,,,,,,,
,,,,,,VOL,,,,,ORY,,,,2025-10-14T23:59:59Z,2025-05-15T09:00:00Z,destination=VOL&origin=ORY&endRange=2025-10-14T23:59:59Z&startRange=2025-05-15T09:00:00Z,,,,,,,
,,,,,,TOS,,,,,CDG,,,,2025-10-14T23:59:59Z,2025-05-15T09:00:00Z,destination=TOS&origin=CDG&endRange=2025-10-14T23:59:59Z&startRange=2025-05-15T09:00:00Z,,,,,,,
,,,,,,ALC,,,,,MAD,,,,2025-10-14T23:59:59Z,2025-05-15T09:00:00Z,destination=ALC&origin=MAD&endRange=2025-10-14T23:59:59Z&startRange=2025-05-15T09:00:00Z,,,,,,,
,,,,,,LIN,,,,,HAM,,,,2025-10-14T23:59:59Z,2025-05-15T09:00:00Z,destination=LIN&origin=HAM&endRange=2025-10-14T23:59:59Z&startRange=2025-05-15T09:00:00Z,,,,,,,
,,,,,,HAM,,,,,LIN,,,,2025-10-14T23:59:59Z,2025-05-15T09:00:00Z,destination=HAM&origin=LIN&endRange=2025-10-14T23:59:59Z&startRange=2025-05-15T09:00:00Z,,,,,,,
,,,,,,ORY,,,,,RMO,,,,2025-10-14T23:59:59Z,2025-05-15T09:00:00Z,destination=ORY&origin=RMO&endRange=2025-10-14T23:59:59Z&startRange=2025-05-15T09:00:00Z,,,,,,,
,,,,,,BUD,,,,,OTP,,,,2025-10-14T23:59:59Z,2025-05-15T09:00:00Z,destination=BUD&origin=OTP&endRange=2025-10-14T23:59:59Z&startRange=2025-05-15T09:00:00Z,,,,,,,
,,,,,,CDG,,,,,TIA,,,,2025-10-14T23:59:59Z,2025-05-15T09:00:00Z,destination=CDG&origin=TIA&endRange=2025-10-14T23:59:59Z&startRange=2025-05-15T09:00:00Z,,,,,,,
,,,,,,JSI,,,,,ORY,,,,2025-10-14T23:59:59Z,2025-05-15T09:00:00Z,destination=JSI&origin=ORY&endRange=2025-10-14T23:59:59Z&startRange=2025-05-15T09:00:00Z,,,,,,,
,,,,,,LYS,,,,,FSC,,,,2025-10-14T23:59:59Z,2025-05-15T09:00:00Z,destination=LYS&origin=FSC&endRange=2025-10-14T23:59:59Z&startRange=2025-05-15T09:00:00Z,,,,,,,
,,,,,,ORY,,,,,JSI,,,,2025-10-14T23:59:59Z,2025-05-15T09:00:00Z,destination=ORY&origin=JSI&endRange=2025-10-14T23:59:59Z&startRange=2025-05-15T09:00:00Z,,,,,,,
,,,,,,TIA,,,,,LYS,,,,2025-10-14T23:59:59Z,2025-05-15T09:00:00Z,destination=TIA&origin=LYS&endRange=2025-10-14T23:59:59Z&startRange=2025-05-15T09:00:00Z,,,,,,,
,,,,,,RMO,,,,,ORY,,,,2025-10-14T23:59:59Z,2025-05-15T09:00:00Z,destination=RMO&origin=ORY&endRange=2025-10-14T23:59:59Z&startRange=2025-05-15T09:00:00Z,,,,,,,
,,,,,,LIN,,,,,IBZ,,,,2025-10-14T23:59:59Z,2025-05-15T09:00:00Z,destination=LIN&origin=IBZ&endRange=2025-10-14T23:59:59Z&startRange=2025-05-15T09:00:00Z,,,,,,,
,,,,,,TIA,,,,,CDG,,,,2025-10-14T23:59:59Z,2025-05-15T09:00:00Z,destination=TIA&origin=CDG&endRange=2025-10-14T23:59:59Z&startRange=2025-05-15T09:00:00Z,,,,,,,
,,,,,,IBZ,,,,,LIN,,,,2025-10-14T23:59:59Z,2025-05-15T09:00:00Z,destination=IBZ&origin=LIN&endRange=2025-10-14T23:59:59Z&startRange=2025-05-15T09:00:00Z,,,,,,,
,,,,,,MAD,,,,,MXP,,,,2025-10-14T23:59:59Z,2025-05-15T09:00:00Z,destination=MAD&origin=MXP&endRange=2025-10-14T23:59:59Z&startRange=2025-05-15T09:00:00Z,,,,,,,
,,,,,,LYS,,,,,RHO,,,,2025-10-14T23:59:59Z,2025-05-15T09:00:00Z,destination=LYS&origin=RHO&endRange=2025-10-14T23:59:59Z&startRange=2025-05-15T09:00:00Z,,,,,,,
,,,,,,MXP,,,,,MAD,,,,2025-10-14T23:59:59Z,2025-05-15T09:00:00Z,destination=MXP&origin=MAD&endRange=2025-10-14T23:59:59Z&startRange=2025-05-15T09:00:00Z,,,,,,,
,,,,,,PMI,,,,,FCO,,,,2025-10-14T23:59:59Z,2025-05-15T09:00:00Z,destination=PMI&origin=FCO&endRange=2025-10-14T23:59:59Z&startRange=2025-05-15T09:00:00Z,,,,,,,
,,,,,,FCO,,,,,PMI,,,,2025-10-14T23:59:59Z,2025-05-15T09:00:00Z,destination=FCO&origin=PMI&endRange=2025-10-14T23:59:59Z&startRange=2025-05-15T09:00:00Z,,,,,,,
,,,,,,LYS,,,,,CHQ,,,,2025-10-14T23:59:59Z,2025-05-15T09:00:00Z,destination=LYS&origin=CHQ&endRange=2025-10-14T23:59:59Z&startRange=2025-05-15T09:00:00Z,,,,,,,
,,,,,,CDG,,,,,KGS,,,,2025-10-14T23:59:59Z,2025-05-15T09:00:00Z,destination=CDG&origin=KGS&endRange=2025-10-14T23:59:59Z&startRange=2025-05-15T09:00:00Z,,,,,,,
,,,,,,CDG,,,,,BIA,,,,2025-10-14T23:59:59Z,2025-05-15T09:00:00Z,destination=CDG&origin=BIA&endRange=2025-10-14T23:59:59Z&startRange=2025-05-15T09:00:00Z,,,,,,,
,,,,,,CFU,,,,,FCO,,,,2025-10-14T23:59:59Z,2025-05-15T09:00:00Z,destination=CFU&origin=FCO&endRange=2025-10-14T23:59:59Z&startRange=2025-05-15T09:00:00Z,,,,,,,
,,,,,,FCO,,,,,CFU,,,,2025-10-14T23:59:59Z,2025-05-15T09:00:00Z,destination=FCO&origin=CFU&endRange=2025-10-14T23:59:59Z&startRange=2025-05-15T09:00:00Z,,,,,,,
,,,,,,LYS,,,,,FNC,,,,2025-10-14T23:59:59Z,2025-05-15T09:00:00Z,destination=LYS&origin=FNC&endRange=2025-10-14T23:59:59Z&startRange=2025-05-15T09:00:00Z,,,,,,,
,,,,,,LYS,,,,,TIA,,,,2025-10-14T23:59:59Z,2025-05-15T09:00:00Z,destination=LYS&origin=TIA&endRange=2025-10-14T23:59:59Z&startRange=2025-05-15T09:00:00Z,,,,,,,
,,,,,,BIA,,,,,CDG,,,,2025-10-14T23:59:59Z,2025-05-15T09:00:00Z,destination=BIA&origin=CDG&endRange=2025-10-14T23:59:59Z&startRange=2025-05-15T09:00:00Z,,,,,,,
,,,,,,ATH,,,,,MAD,,,,2025-10-14T23:59:59Z,2025-05-15T09:00:00Z,destination=ATH&origin=MAD&endRange=2025-10-14T23:59:59Z&startRange=2025-05-15T09:00:00Z,,,,,,,
,,,,,,FRA,,,,,MAD,,,,2025-10-14T23:59:59Z,2025-05-15T09:00:00Z,destination=FRA&origin=MAD&endRange=2025-10-14T23:59:59Z&startRange=2025-05-15T09:00:00Z,,,,,,,
,,,,,,MAD,,,,,FRA,,,,2025-10-14T23:59:59Z,2025-05-15T09:00:00Z,destination=MAD&origin=FRA&endRange=2025-10-14T23:59:59Z&startRange=2025-05-15T09:00:00Z,,,,,,,
,,,,,,AMS,,,,,AEY,,,,2025-10-14T23:59:59Z,2025-05-15T09:00:00Z,destination=AMS&origin=AEY&endRange=2025-10-14T23:59:59Z&startRange=2025-05-15T09:00:00Z,,,,,,,
,,,,,,AEY,,,,,AMS,,,,2025-10-14T23:59:59Z,2025-05-15T09:00:00Z,destination=AEY&origin=AMS&endRange=2025-10-14T23:59:59Z&startRange=2025-05-15T09:00:00Z,,,,,,,
,,,,,,BGO,,,,,FAE,,,,2025-10-14T23:59:59Z,2025-05-15T09:00:00Z,destination=BGO&origin=FAE&endRange=2025-10-14T23:59:59Z&startRange=2025-05-15T09:00:00Z,,,,,,,
,,,,,,BIO,,,,,PMI,,,,2025-10-14T23:59:59Z,2025-05-15T09:00:00Z,destination=BIO&origin=PMI&endRange=2025-10-14T23:59:59Z&startRange=2025-05-15T09:00:00Z,,,,,,,
,,,,,,CDG,,,,,FUE,,,,2025-10-14T23:59:59Z,2025-05-15T09:00:00Z,destination=CDG&origin=FUE&endRange=2025-10-14T23:59:59Z&startRange=2025-05-15T09:00:00Z,,,,,,,
,,,,,,HER,,,,,LIN,,,,2025-10-14T23:59:59Z,2025-05-15T09:00:00Z,destination=HER&origin=LIN&endRange=2025-10-14T23:59:59Z&startRange=2025-05-15T09:00:00Z,,,,,,,
,,,,,,MAD,,,,,ATH,,,,2025-10-14T23:59:59Z,2025-05-15T09:00:00Z,destination=MAD&origin=ATH&endRange=2025-10-14T23:59:59Z&startRange=2025-05-15T09:00:00Z,,,,,,,
,,,,,,LIN,,,,,RHO,,,,2025-10-14T23:59:59Z,2025-05-15T09:00:00Z,destination=LIN&origin=RHO&endRange=2025-10-14T23:59:59Z&startRange=2025-05-15T09:00:00Z,,,,,,,
,,,,,,FSC,,,,,TLS,,,,2025-10-14T23:59:59Z,2025-05-15T09:00:00Z,destination=FSC&origin=TLS&endRange=2025-10-14T23:59:59Z&startRange=2025-05-15T09:00:00Z,,,,,,,
,,,,,,EFL,,,,,ORY,,,,2025-10-14T23:59:59Z,2025-05-15T09:00:00Z,destination=EFL&origin=ORY&endRange=2025-10-14T23:59:59Z&startRange=2025-05-15T09:00:00Z,,,,,,,
,,,,,,LIN,,,,,HER,,,,2025-10-14T23:59:59Z,2025-05-15T09:00:00Z,destination=LIN&origin=HER&endRange=2025-10-14T23:59:59Z&startRange=2025-05-15T09:00:00Z,,,,,,,
,,,,,,ORY,,,,,PVK,,,,2025-10-14T23:59:59Z,2025-05-15T09:00:00Z,destination=ORY&origin=PVK&endRange=2025-10-14T23:59:59Z&startRange=2025-05-15T09:00:00Z,,,,,,,
,,,,,,ORY,,,,,EFL,,,,2025-10-14T23:59:59Z,2025-05-15T09:00:00Z,destination=ORY&origin=EFL&endRange=2025-10-14T23:59:59Z&startRange=2025-05-15T09:00:00Z,,,,,,,
,,,,,,PVK,,,,,ORY,,,,2025-10-14T23:59:59Z,2025-05-15T09:00:00Z,destination=PVK&origin=ORY&endRange=2025-10-14T23:59:59Z&startRange=2025-05-15T09:00:00Z,,,,,,,
,,,,,,TLS,,,,,FSC,,,,2025-10-14T23:59:59Z,2025-05-15T09:00:00Z,destination=TLS&origin=FSC&endRange=2025-10-14T23:59:59Z&startRange=2025-05-15T09:00:00Z,,,,,,,
,,,,,,FUE,,,,,CDG,,,,2025-10-14T23:59:59Z,2025-05-15T09:00:00Z,destination=FUE&origin=CDG&endRange=2025-10-14T23:59:59Z&startRange=2025-05-15T09:00:00Z,,,,,,,
,,,,,,LIN,,,,,PMI,,,,2025-10-14T23:59:59Z,2025-05-15T09:00:00Z,destination=LIN&origin=PMI&endRange=2025-10-14T23:59:59Z&startRange=2025-05-15T09:00:00Z,,,,,,,
,,,,,,FCO,,,,,HER,,,,2025-10-14T23:59:59Z,2025-05-15T09:00:00Z,destination=FCO&origin=HER&endRange=2025-10-14T23:59:59Z&startRange=2025-05-15T09:00:00Z,,,,,,,
,,,,,,PMI,,,,,LIN,,,,2025-10-14T23:59:59Z,2025-05-15T09:00:00Z,destination=PMI&origin=LIN&endRange=2025-10-14T23:59:59Z&startRange=2025-05-15T09:00:00Z,,,,,,,
,,,,,,RHO,,,,,FCO,,,,2025-10-14T23:59:59Z,2025-05-15T09:00:00Z,destination=RHO&origin=FCO&endRange=2025-10-14T23:59:59Z&startRange=2025-05-15T09:00:00Z,,,,,,,
,,,,,,MAH,,,,,LIN,,,,2025-10-14T23:59:59Z,2025-05-15T09:00:00Z,destination=MAH&origin=LIN&endRange=2025-10-14T23:59:59Z&startRange=2025-05-15T09:00:00Z,,,,,,,
,,,,,,CDG,,,,,AHO,,,,2025-10-14T23:59:59Z,2025-05-15T09:00:00Z,destination=CDG&origin=AHO&endRange=2025-10-14T23:59:59Z&startRange=2025-05-15T09:00:00Z,,,,,,,
,,,,,,FCO,,,,,LGW,,,,2025-10-14T23:59:59Z,2025-05-15T09:00:00Z,destination=FCO&origin=LGW&endRange=2025-10-14T23:59:59Z&startRange=2025-05-15T09:00:00Z,,,,,,,
,,,,,,LGW,,,,,FCO,,,,2025-10-14T23:59:59Z,2025-05-15T09:00:00Z,destination=LGW&origin=FCO&endRange=2025-10-14T23:59:59Z&startRange=2025-05-15T09:00:00Z,,,,,,,
,,,,,,LIN,,,,,MAH,,,,2025-10-14T23:59:59Z,2025-05-15T09:00:00Z,destination=LIN&origin=MAH&endRange=2025-10-14T23:59:59Z&startRange=2025-05-15T09:00:00Z,,,,,,,
,,,,,,ORY,,,,,CDG,,,,2025-10-14T23:59:59Z,2025-05-15T09:00:00Z,destination=ORY&origin=CDG&endRange=2025-10-14T23:59:59Z&startRange=2025-05-15T09:00:00Z,,,,,,,
,,,,,,AHO,,,,,CDG,,,,2025-10-14T23:59:59Z,2025-05-15T09:00:00Z,destination=AHO&origin=CDG&endRange=2025-10-14T23:59:59Z&startRange=2025-05-15T09:00:00Z,,,,,,,
,,,,,,FCO,,,,,EFL,,,,2025-10-14T23:59:59Z,2025-05-15T09:00:00Z,destination=FCO&origin=EFL&endRange=2025-10-14T23:59:59Z&startRange=2025-05-15T09:00:00Z,,,,,,,
,,,,,,EFL,,,,,FCO,,,,2025-10-14T23:59:59Z,2025-05-15T09:00:00Z,destination=EFL&origin=FCO&endRange=2025-10-14T23:59:59Z&startRange=2025-05-15T09:00:00Z,,,,,,,
,,,,,,FCO,,,,,RHO,,,,2025-10-14T23:59:59Z,2025-05-15T09:00:00Z,destination=FCO&origin=RHO&endRange=2025-10-14T23:59:59Z&startRange=2025-05-15T09:00:00Z,,,,,,,
,,,,,,CGN,,,,,AMS,,,,2025-10-14T23:59:59Z,2025-05-15T09:00:00Z,destination=CGN&origin=AMS&endRange=2025-10-14T23:59:59Z&startRange=2025-05-15T09:00:00Z,,,,,,,
,,,,,,OSL,,,,,EWR,,,,2025-10-14T23:59:59Z,2025-05-15T09:00:00Z,destination=OSL&origin=EWR&endRange=2025-10-14T23:59:59Z&startRange=2025-05-15T09:00:00Z,,,,,,,
,,,,,,FEZ,,,,,AMS,,,,2025-10-14T23:59:59Z,2025-05-15T09:00:00Z,destination=FEZ&origin=AMS&endRange=2025-10-14T23:59:59Z&startRange=2025-05-15T09:00:00Z,,,,,,,
,,,,,,AGA,,,,,LYS,,,,2025-10-14T23:59:59Z,2025-05-15T09:00:00Z,destination=AGA&origin=LYS&endRange=2025-10-14T23:59:59Z&startRange=2025-05-15T09:00:00Z,,,,,,,
,,,,,,CDG,,,,,SZX,,,,2025-10-14T23:59:59Z,2025-05-15T09:00:00Z,destination=CDG&origin=SZX&endRange=2025-10-14T23:59:59Z&startRange=2025-05-15T09:00:00Z,,,,,,,
,,,,,,CDG,,,,,TAS,,,,2025-10-14T23:59:59Z,2025-05-15T09:00:00Z,destination=CDG&origin=TAS&endRange=2025-10-14T23:59:59Z&startRange=2025-05-15T09:00:00Z,,,,,,,
,,,,,,CMB,,,,,CDG,,,,2025-10-14T23:59:59Z,2025-05-15T09:00:00Z,destination=CMB&origin=CDG&endRange=2025-10-14T23:59:59Z&startRange=2025-05-15T09:00:00Z,,,,,,,
,,,,,,CDG,,,,,XMN,,,,2025-10-14T23:59:59Z,2025-05-15T09:00:00Z,destination=CDG&origin=XMN&endRange=2025-10-14T23:59:59Z&startRange=2025-05-15T09:00:00Z,,,,,,,
,,,,,,CDG,,,,,SFJ,,,,2025-10-14T23:59:59Z,2025-05-15T09:00:00Z,destination=CDG&origin=SFJ&endRange=2025-10-14T23:59:59Z&startRange=2025-05-15T09:00:00Z,,,,,,,
,,,,,,ORY,,,,,AAE,,,,2025-10-14T23:59:59Z,2025-05-15T09:00:00Z,destination=ORY&origin=AAE&endRange=2025-10-14T23:59:59Z&startRange=2025-05-15T09:00:00Z,,,,,,,
,,,,,,ORY,,,,,BJV,,,,2025-10-14T23:59:59Z,2025-05-15T09:00:00Z,destination=ORY&origin=BJV&endRange=2025-10-14T23:59:59Z&startRange=2025-05-15T09:00:00Z,,,,,,,
,,,,,,LXR,,,,,CDG,,,,2025-10-14T23:59:59Z,2025-05-15T09:00:00Z,destination=LXR&origin=CDG&endRange=2025-10-14T23:59:59Z&startRange=2025-05-15T09:00:00Z,,,,,,,
,,,,,,VXE,,,,,CDG,,,,2025-10-14T23:59:59Z,2025-05-15T09:00:00Z,destination=VXE&origin=CDG&endRange=2025-10-14T23:59:59Z&startRange=2025-05-15T09:00:00Z,,,,,,,
,,,,,,TFU,,,,,CDG,,,,2025-10-14T23:59:59Z,2025-05-15T09:00:00Z,destination=TFU&origin=CDG&endRange=2025-10-14T23:59:59Z&startRange=2025-05-15T09:00:00Z,,,,,,,
,,,,,,CDG,,,,,HAV,,,,2025-10-14T23:59:59Z,2025-05-15T09:00:00Z,destination=CDG&origin=HAV&endRange=2025-10-14T23:59:59Z&startRange=2025-05-15T09:00:00Z,,,,,,,
,,,,,,CDG,,,,,ISB,,,,2025-10-14T23:59:59Z,2025-05-15T09:00:00Z,destination=CDG&origin=ISB&endRange=2025-10-14T23:59:59Z&startRange=2025-05-15T09:00:00Z,,,,,,,
,,,,,,CDG,,,,,FEZ,,,,2025-10-14T23:59:59Z,2025-05-15T09:00:00Z,destination=CDG&origin=FEZ&endRange=2025-10-14T23:59:59Z&startRange=2025-05-15T09:00:00Z,,,,,,,
,,,,,,MRS,,,,,TLV,,,,2025-10-14T23:59:59Z,2025-05-15T09:00:00Z,destination=MRS&origin=TLV&endRange=2025-10-14T23:59:59Z&startRange=2025-05-15T09:00:00Z,,,,,,,
,,,,,,SZX,,,,,CDG,,,,2025-10-14T23:59:59Z,2025-05-15T09:00:00Z,destination=SZX&origin=CDG&endRange=2025-10-14T23:59:59Z&startRange=2025-05-15T09:00:00Z,,,,,,,
,,,,,,ORY,,,,,MIA,,,,2025-10-14T23:59:59Z,2025-05-15T09:00:00Z,destination=ORY&origin=MIA&endRange=2025-10-14T23:59:59Z&startRange=2025-05-15T09:00:00Z,,,,,,,
,,,,,,TAS,,,,,CDG,,,,2025-10-14T23:59:59Z,2025-05-15T09:00:00Z,destination=TAS&origin=CDG&endRange=2025-10-14T23:59:59Z&startRange=2025-05-15T09:00:00Z,,,,,,,
,,,,,,CFK,,,,,CDG,,,,2025-10-14T23:59:59Z,2025-05-15T09:00:00Z,destination=CFK&origin=CDG&endRange=2025-10-14T23:59:59Z&startRange=2025-05-15T09:00:00Z,,,,,,,
,,,,,,AMS,,,,,TTU,,,,2025-10-14T23:59:59Z,2025-05-15T09:00:00Z,destination=AMS&origin=TTU&endRange=2025-10-14T23:59:59Z&startRange=2025-05-15T09:00:00Z,,,,,,,
,,,,,,ORY,,,,,TBS,,,,2025-10-14T23:59:59Z,2025-05-15T09:00:00Z,destination=ORY&origin=TBS&endRange=2025-10-14T23:59:59Z&startRange=2025-05-15T09:00:00Z,,,,,,,
,,,,,,DJE,,,,,LYS,,,,2025-10-14T23:59:59Z,2025-05-15T09:00:00Z,destination=DJE&origin=LYS&endRange=2025-10-14T23:59:59Z&startRange=2025-05-15T09:00:00Z,,,,,,,
,,,,,,FEZ,,,,,CDG,,,,2025-10-14T23:59:59Z,2025-05-15T09:00:00Z,destination=FEZ&origin=CDG&endRange=2025-10-14T23:59:59Z&startRange=2025-05-15T09:00:00Z,,,,,,,
,,,,,,AMS,,,,,KYA,,,,2025-10-14T23:59:59Z,2025-05-15T09:00:00Z,destination=AMS&origin=KYA&endRange=2025-10-14T23:59:59Z&startRange=2025-05-15T09:00:00Z,,,,,,,
,,,,,,GYD,,,,,CDG,,,,2025-10-14T23:59:59Z,2025-05-15T09:00:00Z,destination=GYD&origin=CDG&endRange=2025-10-14T23:59:59Z&startRange=2025-05-15T09:00:00Z,,,,,,,
,,,,,,ORY,,,,,CUN,,,,2025-10-14T23:59:59Z,2025-05-15T09:00:00Z,destination=ORY&origin=CUN&endRange=2025-10-14T23:59:59Z&startRange=2025-05-15T09:00:00Z,,,,,,,
,,,,,,ORY,,,,,OZZ,,,,2025-10-14T23:59:59Z,2025-05-15T09:00:00Z,destination=ORY&origin=OZZ&endRange=2025-10-14T23:59:59Z&startRange=2025-05-15T09:00:00Z,,,,,,,
,,,,,,CKG,,,,,CDG,,,,2025-10-14T23:59:59Z,2025-05-15T09:00:00Z,destination=CKG&origin=CDG&endRange=2025-10-14T23:59:59Z&startRange=2025-05-15T09:00:00Z,,,,,,,
,,,,,,ORY,,,,,SDQ,,,,2025-10-14T23:59:59Z,2025-05-15T09:00:00Z,destination=ORY&origin=SDQ&endRange=2025-10-14T23:59:59Z&startRange=2025-05-15T09:00:00Z,,,,,,,
,,,,,,ORY,,,,,PUJ,,,,2025-10-14T23:59:59Z,2025-05-15T09:00:00Z,destination=ORY&origin=PUJ&endRange=2025-10-14T23:59:59Z&startRange=2025-05-15T09:00:00Z,,,,,,,
,,,,,,ORY,,,,,PFO,,,,2025-10-14T23:59:59Z,2025-05-15T09:00:00Z,destination=ORY&origin=PFO&endRange=2025-10-14T23:59:59Z&startRange=2025-05-15T09:00:00Z,,,,,,,
,,,,,,CDG,,,,,FOR,,,,2025-10-14T23:59:59Z,2025-05-15T09:00:00Z,destination=CDG&origin=FOR&endRange=2025-10-14T23:59:59Z&startRange=2025-05-15T09:00:00Z,,,,,,,
,,,,,,AMS,,,,,MBA,,,,2025-10-14T23:59:59Z,2025-05-15T09:00:00Z,destination=AMS&origin=MBA&endRange=2025-10-14T23:59:59Z&startRange=2025-05-15T09:00:00Z,,,,,,,
,,,,,,NCE,,,,,BEY,,,,2025-10-14T23:59:59Z,2025-05-15T09:00:00Z,destination=NCE&origin=BEY&endRange=2025-10-14T23:59:59Z&startRange=2025-05-15T09:00:00Z,,,,,,,
,,,,,,VIL,,,,,ORY,,,,2025-10-14T23:59:59Z,2025-05-15T09:00:00Z,destination=VIL&origin=ORY&endRange=2025-10-14T23:59:59Z&startRange=2025-05-15T09:00:00Z,,,,,,,
,,,,,,CMB,,,,,FRA,,,,2025-10-14T23:59:59Z,2025-05-15T09:00:00Z,destination=CMB&origin=FRA&endRange=2025-10-14T23:59:59Z&startRange=2025-05-15T09:00:00Z,,,,,,,
,,,,,,AMS,,,,,NBE,,,,2025-10-14T23:59:59Z,2025-05-15T09:00:00Z,destination=AMS&origin=NBE&endRange=2025-10-14T23:59:59Z&startRange=2025-05-15T09:00:00Z,,,,,,,
,,,,,,PFO,,,,,ORY,,,,2025-10-14T23:59:59Z,2025-05-15T09:00:00Z,destination=PFO&origin=ORY&endRange=2025-10-14T23:59:59Z&startRange=2025-05-15T09:00:00Z,,,,,,,
,,,,,,CDG,,,,,BLJ,,,,2025-10-14T23:59:59Z,2025-05-15T09:00:00Z,destination=CDG&origin=BLJ&endRange=2025-10-14T23:59:59Z&startRange=2025-05-15T09:00:00Z,,,,,,,
,,,,,,CDG,,,,,CKG,,,,2025-10-14T23:59:59Z,2025-05-15T09:00:00Z,destination=CDG&origin=CKG&endRange=2025-10-14T23:59:59Z&startRange=2025-05-15T09:00:00Z,,,,,,,
,,,,,,JED,,,,,LHR,,,,2025-10-14T23:59:59Z,2025-05-15T09:00:00Z,destination=JED&origin=LHR&endRange=2025-10-14T23:59:59Z&startRange=2025-05-15T09:00:00Z,,,,,,,
,,,,,,AMS,,,,,EBL,,,,2025-10-14T23:59:59Z,2025-05-15T09:00:00Z,destination=AMS&origin=EBL&endRange=2025-10-14T23:59:59Z&startRange=2025-05-15T09:00:00Z,,,,,,,
,,,,,,KYA,,,,,AMS,,,,2025-10-14T23:59:59Z,2025-05-15T09:00:00Z,destination=KYA&origin=AMS&endRange=2025-10-14T23:59:59Z&startRange=2025-05-15T09:00:00Z,,,,,,,
,,,,,,FOR,,,,,CDG,,,,2025-10-14T23:59:59Z,2025-05-15T09:00:00Z,destination=FOR&origin=CDG&endRange=2025-10-14T23:59:59Z&startRange=2025-05-15T09:00:00Z,,,,,,,
,,,,,,TBS,,,,,ORY,,,,2025-10-14T23:59:59Z,2025-05-15T09:00:00Z,destination=TBS&origin=ORY&endRange=2025-10-14T23:59:59Z&startRange=2025-05-15T09:00:00Z,,,,,,,
,,,,,,IST,,,,,OTP,,,,2025-10-14T23:59:59Z,2025-05-15T09:00:00Z,destination=IST&origin=OTP&endRange=2025-10-14T23:59:59Z&startRange=2025-05-15T09:00:00Z,,,,,,,
,,,,,,JED,,,,,BCN,,,,2025-10-14T23:59:59Z,2025-05-15T09:00:00Z,destination=JED&origin=BCN&endRange=2025-10-14T23:59:59Z&startRange=2025-05-15T09:00:00Z,,,,,,,
,,,,,,LYS,,,,,RAK,,,,2025-10-14T23:59:59Z,2025-05-15T09:00:00Z,destination=LYS&origin=RAK&endRange=2025-10-14T23:59:59Z&startRange=2025-05-15T09:00:00Z,,,,,,,
,,,,,,BJL,,,,,AMS,,,,2025-10-14T23:59:59Z,2025-05-15T09:00:00Z,destination=BJL&origin=AMS&endRange=2025-10-14T23:59:59Z&startRange=2025-05-15T09:00:00Z,,,,,,,
,,,,,,BGF,,,,,CDG,,,,2025-10-14T23:59:59Z,2025-05-15T09:00:00Z,destination=BGF&origin=CDG&endRange=2025-10-14T23:59:59Z&startRange=2025-05-15T09:00:00Z,,,,,,,
,,,,,,BEY,,,,,NCE,,,,2025-10-14T23:59:59Z,2025-05-15T09:00:00Z,destination=BEY&origin=NCE&endRange=2025-10-14T23:59:59Z&startRange=2025-05-15T09:00:00Z,,,,,,,
,,,,,,LYS,,,,,ALG,,,,2025-10-14T23:59:59Z,2025-05-15T09:00:00Z,destination=LYS&origin=ALG&endRange=2025-10-14T23:59:59Z&startRange=2025-05-15T09:00:00Z,,,,,,,
,,,,,,CDG,,,,,NKC,,,,2025-10-14T23:59:59Z,2025-05-15T09:00:00Z,destination=CDG&origin=NKC&endRange=2025-10-14T23:59:59Z&startRange=2025-05-15T09:00:00Z,,,,,,,
,,,,,,LYS,,,,,DJE,,,,2025-10-14T23:59:59Z,2025-05-15T09:00:00Z,destination=LYS&origin=DJE&endRange=2025-10-14T23:59:59Z&startRange=2025-05-15T09:00:00Z,,,,,,,
,,,,,,BCN,,,,,BOS,,,,2025-10-14T23:59:59Z,2025-05-15T09:00:00Z,destination=BCN&origin=BOS&endRange=2025-10-14T23:59:59Z&startRange=2025-05-15T09:00:00Z,,,,,,,
,,,,,,OTP,,,,,IST,,,,2025-10-14T23:59:59Z,2025-05-15T09:00:00Z,destination=OTP&origin=IST&endRange=2025-10-14T23:59:59Z&startRange=2025-05-15T09:00:00Z,,,,,,,
,,,,,,CPH,,,,,MSP,,,,2025-10-14T23:59:59Z,2025-05-15T09:00:00Z,destination=CPH&origin=MSP&endRange=2025-10-14T23:59:59Z&startRange=2025-05-15T09:00:00Z,,,,,,,
,,,,,,ESB,,,,,CDG,,,,2025-10-14T23:59:59Z,2025-05-15T09:00:00Z,destination=ESB&origin=CDG&endRange=2025-10-14T23:59:59Z&startRange=2025-05-15T09:00:00Z,,,,,,,
,,,,,,AMS,,,,,GUW,,,,2025-10-14T23:59:59Z,2025-05-15T09:00:00Z,destination=AMS&origin=GUW&endRange=2025-10-14T23:59:59Z&startRange=2025-05-15T09:00:00Z,,,,,,,
,,,,,,AMS,,,,,CUN,,,,2025-10-14T23:59:59Z,2025-05-15T09:00:00Z,destination=AMS&origin=CUN&endRange=2025-10-14T23:59:59Z&startRange=2025-05-15T09:00:00Z,,,,,,,
,,,,,,PUJ,,,,,ORY,,,,2025-10-14T23:59:59Z,2025-05-15T09:00:00Z,destination=PUJ&origin=ORY&endRange=2025-10-14T23:59:59Z&startRange=2025-05-15T09:00:00Z,,,,,,,
,,,,,,EBL,,,,,AMS,,,,2025-10-14T23:59:59Z,2025-05-15T09:00:00Z,destination=EBL&origin=AMS&endRange=2025-10-14T23:59:59Z&startRange=2025-05-15T09:00:00Z,,,,,,,
,,,,,,CDG,,,,,ESB,,,,2025-10-14T23:59:59Z,2025-05-15T09:00:00Z,destination=CDG&origin=ESB&endRange=2025-10-14T23:59:59Z&startRange=2025-05-15T09:00:00Z,,,,,,,
,,,,,,MNL,,,,,CDG,,,,2025-10-14T23:59:59Z,2025-05-15T09:00:00Z,destination=MNL&origin=CDG&endRange=2025-10-14T23:59:59Z&startRange=2025-05-15T09:00:00Z,,,,,,,
,,,,,,SAN,,,,,AMS,,,,2025-10-14T23:59:59Z,2025-05-15T09:00:00Z,destination=SAN&origin=AMS&endRange=2025-10-14T23:59:59Z&startRange=2025-05-15T09:00:00Z,,,,,,,
,,,,,,CDG,,,,,GYD,,,,2025-10-14T23:59:59Z,2025-05-15T09:00:00Z,destination=CDG&origin=GYD&endRange=2025-10-14T23:59:59Z&startRange=2025-05-15T09:00:00Z,,,,,,,
,,,,,,CDG,,,,,AGA,,,,2025-10-14T23:59:59Z,2025-05-15T09:00:00Z,destination=CDG&origin=AGA&endRange=2025-10-14T23:59:59Z&startRange=2025-05-15T09:00:00Z,,,,,,,
,,,,,,AAE,,,,,LYS,,,,2025-10-14T23:59:59Z,2025-05-15T09:00:00Z,destination=AAE&origin=LYS&endRange=2025-10-14T23:59:59Z&startRange=2025-05-15T09:00:00Z,,,,,,,
,,,,,,QSF,,,,,CDG,,,,2025-10-14T23:59:59Z,2025-05-15T09:00:00Z,destination=QSF&origin=CDG&endRange=2025-10-14T23:59:59Z&startRange=2025-05-15T09:00:00Z,,,,,,,
,,,,,,NBE,,,,,AMS,,,,2025-10-14T23:59:59Z,2025-05-15T09:00:00Z,destination=NBE&origin=AMS&endRange=2025-10-14T23:59:59Z&startRange=2025-05-15T09:00:00Z,,,,,,,
,,,,,,CDG,,,,,CFK,,,,2025-10-14T23:59:59Z,2025-05-15T09:00:00Z,destination=CDG&origin=CFK&endRange=2025-10-14T23:59:59Z&startRange=2025-05-15T09:00:00Z,,,,,,,
,,,,,,RAI,,,,,ORY,,,,2025-10-14T23:59:59Z,2025-05-15T09:00:00Z,destination=RAI&origin=ORY&endRange=2025-10-14T23:59:59Z&startRange=2025-05-15T09:00:00Z,,,,,,,
,,,,,,MSP,,,,,FCO,,,,2025-10-14T23:59:59Z,2025-05-15T09:00:00Z,destination=MSP&origin=FCO&endRange=2025-10-14T23:59:59Z&startRange=2025-05-15T09:00:00Z,,,,,,,
,,,,,,CUN,,,,,ORY,,,,2025-10-14T23:59:59Z,2025-05-15T09:00:00Z,destination=CUN&origin=ORY&endRange=2025-10-14T23:59:59Z&startRange=2025-05-15T09:00:00Z,,,,,,,
,,,,,,NCE,,,,,KWI,,,,2025-10-14T23:59:59Z,2025-05-15T09:00:00Z,destination=NCE&origin=KWI&endRange=2025-10-14T23:59:59Z&startRange=2025-05-15T09:00:00Z,,,,,,,
,,,,,,SSA,,,,,CDG,,,,2025-10-14T23:59:59Z,2025-05-15T09:00:00Z,destination=SSA&origin=CDG&endRange=2025-10-14T23:59:59Z&startRange=2025-05-15T09:00:00Z,,,,,,,
,,,,,,TTU,,,,,AMS,,,,2025-10-14T23:59:59Z,2025-05-15T09:00:00Z,destination=TTU&origin=AMS&endRange=2025-10-14T23:59:59Z&startRange=2025-05-15T09:00:00Z,,,,,,,
,,,,,,AMS,,,,,AGA,,,,2025-10-14T23:59:59Z,2025-05-15T09:00:00Z,destination=AMS&origin=AGA&endRange=2025-10-14T23:59:59Z&startRange=2025-05-15T09:00:00Z,,,,,,,
,,,,,,AMS,,,,,AMM,,,,2025-10-14T23:59:59Z,2025-05-15T09:00:00Z,destination=AMS&origin=AMM&endRange=2025-10-14T23:59:59Z&startRange=2025-05-15T09:00:00Z,,,,,,,
,,,,,,AMS,,,,,ASR,,,,2025-10-14T23:59:59Z,2025-05-15T09:00:00Z,destination=AMS&origin=ASR&endRange=2025-10-14T23:59:59Z&startRange=2025-05-15T09:00:00Z,,,,,,,
,,,,,,ORY,,,,,ESB,,,,2025-10-14T23:59:59Z,2025-05-15T09:00:00Z,destination=ORY&origin=ESB&endRange=2025-10-14T23:59:59Z&startRange=2025-05-15T09:00:00Z,,,,,,,
,,,,,,AMM,,,,,AMS,,,,2025-10-14T23:59:59Z,2025-05-15T09:00:00Z,destination=AMM&origin=AMS&endRange=2025-10-14T23:59:59Z&startRange=2025-05-15T09:00:00Z,,,,,,,
,,,,,,LCA,,,,,ORY,,,,2025-10-14T23:59:59Z,2025-05-15T09:00:00Z,destination=LCA&origin=ORY&endRange=2025-10-14T23:59:59Z&startRange=2025-05-15T09:00:00Z,,,,,,,
,,,,,,BJV,,,,,ORY,,,,2025-10-14T23:59:59Z,2025-05-15T09:00:00Z,destination=BJV&origin=ORY&endRange=2025-10-14T23:59:59Z&startRange=2025-05-15T09:00:00Z,,,,,,,
,,,,,,DTW,,,,,DUB,,,,2025-10-14T23:59:59Z,2025-05-15T09:00:00Z,destination=DTW&origin=DUB&endRange=2025-10-14T23:59:59Z&startRange=2025-05-15T09:00:00Z,,,,,,,
,,,,,,CDG,,,,,SSA,,,,2025-10-14T23:59:59Z,2025-05-15T09:00:00Z,destination=CDG&origin=SSA&endRange=2025-10-14T23:59:59Z&startRange=2025-05-15T09:00:00Z,,,,,,,
,,,,,,LHR,,,,,JED,,,,2025-10-14T23:59:59Z,2025-05-15T09:00:00Z,destination=LHR&origin=JED&endRange=2025-10-14T23:59:59Z&startRange=2025-05-15T09:00:00Z,,,,,,,
,,,,,,CDG,,,,,MNL,,,,2025-10-14T23:59:59Z,2025-05-15T09:00:00Z,destination=CDG&origin=MNL&endRange=2025-10-14T23:59:59Z&startRange=2025-05-15T09:00:00Z,,,,,,,
,,,,,,ESB,,,,,ORY,,,,2025-10-14T23:59:59Z,2025-05-15T09:00:00Z,destination=ESB&origin=ORY&endRange=2025-10-14T23:59:59Z&startRange=2025-05-15T09:00:00Z,,,,,,,
,,,,,,MCO,,,,,CDG,,,,2025-10-14T23:59:59Z,2025-05-15T09:00:00Z,destination=MCO&origin=CDG&endRange=2025-10-14T23:59:59Z&startRange=2025-05-15T09:00:00Z,,,,,,,
,,,,,,ASR,,,,,AMS,,,,2025-10-14T23:59:59Z,2025-05-15T09:00:00Z,destination=ASR&origin=AMS&endRange=2025-10-14T23:59:59Z&startRange=2025-05-15T09:00:00Z,,,,,,,
,,,,,,AMS,,,,,RMF,,,,2025-10-14T23:59:59Z,2025-05-15T09:00:00Z,destination=AMS&origin=RMF&endRange=2025-10-14T23:59:59Z&startRange=2025-05-15T09:00:00Z,,,,,,,
,,,,,,AMS,,,,,SAN,,,,2025-10-14T23:59:59Z,2025-05-15T09:00:00Z,destination=AMS&origin=SAN&endRange=2025-10-14T23:59:59Z&startRange=2025-05-15T09:00:00Z,,,,,,,
,,,,,,OZZ,,,,,ORY,,,,2025-10-14T23:59:59Z,2025-05-15T09:00:00Z,destination=OZZ&origin=ORY&endRange=2025-10-14T23:59:59Z&startRange=2025-05-15T09:00:00Z,,,,,,,
,,,,,,MBJ,,,,,AMS,,,,2025-10-14T23:59:59Z,2025-05-15T09:00:00Z,destination=MBJ&origin=AMS&endRange=2025-10-14T23:59:59Z&startRange=2025-05-15T09:00:00Z,,,,,,,
,,,,,,MRS,,,,,CMN,,,,2025-10-14T23:59:59Z,2025-05-15T09:00:00Z,destination=MRS&origin=CMN&endRange=2025-10-14T23:59:59Z&startRange=2025-05-15T09:00:00Z,,,,,,,
,,,,,,AAE,,,,,ORY,,,,2025-10-14T23:59:59Z,2025-05-15T09:00:00Z,destination=AAE&origin=ORY&endRange=2025-10-14T23:59:59Z&startRange=2025-05-15T09:00:00Z,,,,,,,
,,,,,,ORY,,,,,MRU,,,,2025-10-14T23:59:59Z,2025-05-15T09:00:00Z,destination=ORY&origin=MRU&endRange=2025-10-14T23:59:59Z&startRange=2025-05-15T09:00:00Z,,,,,,,
,,,,,,CDG,,,,,KGL,,,,2025-10-14T23:59:59Z,2025-05-15T09:00:00Z,destination=CDG&origin=KGL&endRange=2025-10-14T23:59:59Z&startRange=2025-05-15T09:00:00Z,,,,,,,
,,,,,,VXE,,,,,AMS,,,,2025-10-14T23:59:59Z,2025-05-15T09:00:00Z,destination=VXE&origin=AMS&endRange=2025-10-14T23:59:59Z&startRange=2025-05-15T09:00:00Z,,,,,,,
,,,,,,MAD,,,,,MTY,,,,2025-10-14T23:59:59Z,2025-05-15T09:00:00Z,destination=MAD&origin=MTY&endRange=2025-10-14T23:59:59Z&startRange=2025-05-15T09:00:00Z,,,,,,,
,,,,,,SID,,,,,ORY,,,,2025-10-14T23:59:59Z,2025-05-15T09:00:00Z,destination=SID&origin=ORY&endRange=2025-10-14T23:59:59Z&startRange=2025-05-15T09:00:00Z,,,,,,,
,,,,,,MAN,,,,,LAS,,,,2025-10-14T23:59:59Z,2025-05-15T09:00:00Z,destination=MAN&origin=LAS&endRange=2025-10-14T23:59:59Z&startRange=2025-05-15T09:00:00Z,,,,,,,
,,,,,,ORY,,,,,BLJ,,,,2025-10-14T23:59:59Z,2025-05-15T09:00:00Z,destination=ORY&origin=BLJ&endRange=2025-10-14T23:59:59Z&startRange=2025-05-15T09:00:00Z,,,,,,,
,,,,,,ORD,,,,,CPH,,,,2025-10-14T23:59:59Z,2025-05-15T09:00:00Z,destination=ORD&origin=CPH&endRange=2025-10-14T23:59:59Z&startRange=2025-05-15T09:00:00Z,,,,,,,
,,,,,,EVN,,,,,LYS,,,,2025-10-14T23:59:59Z,2025-05-15T09:00:00Z,destination=EVN&origin=LYS&endRange=2025-10-14T23:59:59Z&startRange=2025-05-15T09:00:00Z,,,,,,,
,,,,,,ORY,,,,,ADB,,,,2025-10-14T23:59:59Z,2025-05-15T09:00:00Z,destination=ORY&origin=ADB&endRange=2025-10-14T23:59:59Z&startRange=2025-05-15T09:00:00Z,,,,,,,
,,,,,,MIA,,,,,ORY,,,,2025-10-14T23:59:59Z,2025-05-15T09:00:00Z,destination=MIA&origin=ORY&endRange=2025-10-14T23:59:59Z&startRange=2025-05-15T09:00:00Z,,,,,,,
,,,,,,GUW,,,,,AMS,,,,2025-10-14T23:59:59Z,2025-05-15T09:00:00Z,destination=GUW&origin=AMS&endRange=2025-10-14T23:59:59Z&startRange=2025-05-15T09:00:00Z,,,,,,,
,,,,,,EVN,,,,,ORY,,,,2025-10-14T23:59:59Z,2025-05-15T09:00:00Z,destination=EVN&origin=ORY&endRange=2025-10-14T23:59:59Z&startRange=2025-05-15T09:00:00Z,,,,,,,
,,,,,,MCT,,,,,CDG,,,,2025-10-14T23:59:59Z,2025-05-15T09:00:00Z,destination=MCT&origin=CDG&endRange=2025-10-14T23:59:59Z&startRange=2025-05-15T09:00:00Z,,,,,,,
,,,,,,CDG,,,,,MCO,,,,2025-10-14T23:59:59Z,2025-05-15T09:00:00Z,destination=CDG&origin=MCO&endRange=2025-10-14T23:59:59Z&startRange=2025-05-15T09:00:00Z,,,,,,,
,,,,,,ORY,,,,,BSK,,,,2025-10-14T23:59:59Z,2025-05-15T09:00:00Z,destination=ORY&origin=BSK&endRange=2025-10-14T23:59:59Z&startRange=2025-05-15T09:00:00Z,,,,,,,
,,,,,,CDG,,,,,NKG,,,,2025-10-14T23:59:59Z,2025-05-15T09:00:00Z,destination=CDG&origin=NKG&endRange=2025-10-14T23:59:59Z&startRange=2025-05-15T09:00:00Z,,,,,,,
,,,,,,DSS,,,,,LYS,,,,2025-10-14T23:59:59Z,2025-05-15T09:00:00Z,destination=DSS&origin=LYS&endRange=2025-10-14T23:59:59Z&startRange=2025-05-15T09:00:00Z,,,,,,,
,,,,,,CPH,,,,,BOS,,,,2025-10-14T23:59:59Z,2025-05-15T09:00:00Z,destination=CPH&origin=BOS&endRange=2025-10-14T23:59:59Z&startRange=2025-05-15T09:00:00Z,,,,,,,
,,,,,,CPH,,,,,EWR,,,,2025-10-14T23:59:59Z,2025-05-15T09:00:00Z,destination=CPH&origin=EWR&endRange=2025-10-14T23:59:59Z&startRange=2025-05-15T09:00:00Z,,,,,,,
,,,,,,CDG,,,,,QSF,,,,2025-10-14T23:59:59Z,2025-05-15T09:00:00Z,destination=CDG&origin=QSF&endRange=2025-10-14T23:59:59Z&startRange=2025-05-15T09:00:00Z,,,,,,,
,,,,,,CDG,,,,,JIB,,,,2025-10-14T23:59:59Z,2025-05-15T09:00:00Z,destination=CDG&origin=JIB&endRange=2025-10-14T23:59:59Z&startRange=2025-05-15T09:00:00Z,,,,,,,
,,,,,,PUJ,,,,,AMS,,,,2025-10-14T23:59:59Z,2025-05-15T09:00:00Z,destination=PUJ&origin=AMS&endRange=2025-10-14T23:59:59Z&startRange=2025-05-15T09:00:00Z,,,,,,,
,,,,,,CDG,,,,,FSP,,,,2025-10-14T23:59:59Z,2025-05-15T09:00:00Z,destination=CDG&origin=FSP&endRange=2025-10-14T23:59:59Z&startRange=2025-05-15T09:00:00Z,,,,,,,
,,,,,,AMS,,,,,GEO,,,,2025-10-14T23:59:59Z,2025-05-15T09:00:00Z,destination=AMS&origin=GEO&endRange=2025-10-14T23:59:59Z&startRange=2025-05-15T09:00:00Z,,,,,,,
,,,,,,AMS,,,,,AUS,,,,2025-10-14T23:59:59Z,2025-05-15T09:00:00Z,destination=AMS&origin=AUS&endRange=2025-10-14T23:59:59Z&startRange=2025-05-15T09:00:00Z,,,,,,,
,,,,,,AMS,,,,,KWI,,,,2025-10-14T23:59:59Z,2025-05-15T09:00:00Z,destination=AMS&origin=KWI&endRange=2025-10-14T23:59:59Z&startRange=2025-05-15T09:00:00Z,,,,,,,
,,,,,,BOS,,,,,CPH,,,,2025-10-14T23:59:59Z,2025-05-15T09:00:00Z,destination=BOS&origin=CPH&endRange=2025-10-14T23:59:59Z&startRange=2025-05-15T09:00:00Z,,,,,,,
,,,,,,PVG,,,,,MRS,,,,2025-10-14T23:59:59Z,2025-05-15T09:00:00Z,destination=PVG&origin=MRS&endRange=2025-10-14T23:59:59Z&startRange=2025-05-15T09:00:00Z,,,,,,,
,,,,,,LYS,,,,,AGA,,,,2025-10-14T23:59:59Z,2025-05-15T09:00:00Z,destination=LYS&origin=AGA&endRange=2025-10-14T23:59:59Z&startRange=2025-05-15T09:00:00Z,,,,,,,
,,,,,,LYS,,,,,BJA,,,,2025-10-14T23:59:59Z,2025-05-15T09:00:00Z,destination=LYS&origin=BJA&endRange=2025-10-14T23:59:59Z&startRange=2025-05-15T09:00:00Z,,,,,,,
,,,,,,MAD,,,,,PTY,,,,2025-10-14T23:59:59Z,2025-05-15T09:00:00Z,destination=MAD&origin=PTY&endRange=2025-10-14T23:59:59Z&startRange=2025-05-15T09:00:00Z,,,,,,,
,,,,,,MIR,,,,,LYS,,,,2025-10-14T23:59:59Z,2025-05-15T09:00:00Z,destination=MIR&origin=LYS&endRange=2025-10-14T23:59:59Z&startRange=2025-05-15T09:00:00Z,,,,,,,
,,,,,,CDG,,,,,LXR,,,,2025-10-14T23:59:59Z,2025-05-15T09:00:00Z,destination=CDG&origin=LXR&endRange=2025-10-14T23:59:59Z&startRange=2025-05-15T09:00:00Z,,,,,,,
,,,,,,LYS,,,,,CZL,,,,2025-10-14T23:59:59Z,2025-05-15T09:00:00Z,destination=LYS&origin=CZL&endRange=2025-10-14T23:59:59Z&startRange=2025-05-15T09:00:00Z,,,,,,,
,,,,,,DUB,,,,,DTW,,,,2025-10-14T23:59:59Z,2025-05-15T09:00:00Z,destination=DUB&origin=DTW&endRange=2025-10-14T23:59:59Z&startRange=2025-05-15T09:00:00Z,,,,,,,
,,,,,,EWR,,,,,CPH,,,,2025-10-14T23:59:59Z,2025-05-15T09:00:00Z,destination=EWR&origin=CPH&endRange=2025-10-14T23:59:59Z&startRange=2025-05-15T09:00:00Z,,,,,,,
,,,,,,SFJ,,,,,CDG,,,,2025-10-14T23:59:59Z,2025-05-15T09:00:00Z,destination=SFJ&origin=CDG&endRange=2025-10-14T23:59:59Z&startRange=2025-05-15T09:00:00Z,,,,,,,
,,,,,,SFO,,,,,CPH,,,,2025-10-14T23:59:59Z,2025-05-15T09:00:00Z,destination=SFO&origin=CPH&endRange=2025-10-14T23:59:59Z&startRange=2025-05-15T09:00:00Z,,,,,,,
,,,,,,BVC,,,,,ORY,,,,2025-10-14T23:59:59Z,2025-05-15T09:00:00Z,destination=BVC&origin=ORY&endRange=2025-10-14T23:59:59Z&startRange=2025-05-15T09:00:00Z,,,,,,,
,,,,,,LYS,,,,,ORN,,,,2025-10-14T23:59:59Z,2025-05-15T09:00:00Z,destination=LYS&origin=ORN&endRange=2025-10-14T23:59:59Z&startRange=2025-05-15T09:00:00Z,,,,,,,
,,,,,,MTY,,,,,MAD,,,,2025-10-14T23:59:59Z,2025-05-15T09:00:00Z,destination=MTY&origin=MAD&endRange=2025-10-14T23:59:59Z&startRange=2025-05-15T09:00:00Z,,,,,,,
,,,,,,MUC,,,,,SGN,,,,2025-10-14T23:59:59Z,2025-05-15T09:00:00Z,destination=MUC&origin=SGN&endRange=2025-10-14T23:59:59Z&startRange=2025-05-15T09:00:00Z,,,,,,,
,,,,,,BLJ,,,,,CDG,,,,2025-10-14T23:59:59Z,2025-05-15T09:00:00Z,destination=BLJ&origin=CDG&endRange=2025-10-14T23:59:59Z&startRange=2025-05-15T09:00:00Z,,,,,,,
,,,,,,BLJ,,,,,LYS,,,,2025-10-14T23:59:59Z,2025-05-15T09:00:00Z,destination=BLJ&origin=LYS&endRange=2025-10-14T23:59:59Z&startRange=2025-05-15T09:00:00Z,,,,,,,
,,,,,,CUN,,,,,MAD,,,,2025-10-14T23:59:59Z,2025-05-15T09:00:00Z,destination=CUN&origin=MAD&endRange=2025-10-14T23:59:59Z&startRange=2025-05-15T09:00:00Z,,,,,,,
,,,,,,EMA,,,,,CDG,,,,2025-10-14T23:59:59Z,2025-05-15T09:00:00Z,destination=EMA&origin=CDG&endRange=2025-10-14T23:59:59Z&startRange=2025-05-15T09:00:00Z,,,,,,,
,,,,,,ORY,,,,,NDR,,,,2025-10-14T23:59:59Z,2025-05-15T09:00:00Z,destination=ORY&origin=NDR&endRange=2025-10-14T23:59:59Z&startRange=2025-05-15T09:00:00Z,,,,,,,
,,,,,,RMF,,,,,AMS,,,,2025-10-14T23:59:59Z,2025-05-15T09:00:00Z,destination=RMF&origin=AMS&endRange=2025-10-14T23:59:59Z&startRange=2025-05-15T09:00:00Z,,,,,,,
,,,,,,PER,,,,,CDG,,,,2025-10-14T23:59:59Z,2025-05-15T09:00:00Z,destination=PER&origin=CDG&endRange=2025-10-14T23:59:59Z&startRange=2025-05-15T09:00:00Z,,,,,,,
,,,,,,NDR,,,,,ORY,,,,2025-10-14T23:59:59Z,2025-05-15T09:00:00Z,destination=NDR&origin=ORY&endRange=2025-10-14T23:59:59Z&startRange=2025-05-15T09:00:00Z,,,,,,,
,,,,,,BSK,,,,,ORY,,,,2025-10-14T23:59:59Z,2025-05-15T09:00:00Z,destination=BSK&origin=ORY&endRange=2025-10-14T23:59:59Z&startRange=2025-05-15T09:00:00Z,,,,,,,
,,,,,,LAX,,,,,ORY,,,,2025-10-14T23:59:59Z,2025-05-15T09:00:00Z,destination=LAX&origin=ORY&endRange=2025-10-14T23:59:59Z&startRange=2025-05-15T09:00:00Z,,,,,,,
,,,,,,KWI,,,,,AMS,,,,2025-10-14T23:59:59Z,2025-05-15T09:00:00Z,destination=KWI&origin=AMS&endRange=2025-10-14T23:59:59Z&startRange=2025-05-15T09:00:00Z,,,,,,,
,,,,,,CDG,,,,,PER,,,,2025-10-14T23:59:59Z,2025-05-15T09:00:00Z,destination=CDG&origin=PER&endRange=2025-10-14T23:59:59Z&startRange=2025-05-15T09:00:00Z,,,,,,,
,,,,,,CDG,,,,,CMB,,,,2025-10-14T23:59:59Z,2025-05-15T09:00:00Z,destination=CDG&origin=CMB&endRange=2025-10-14T23:59:59Z&startRange=2025-05-15T09:00:00Z,,,,,,,
,,,,,,CDG,,,,,DEN,,,,2025-10-14T23:59:59Z,2025-05-15T09:00:00Z,destination=CDG&origin=DEN&endRange=2025-10-14T23:59:59Z&startRange=2025-05-15T09:00:00Z,,,,,,,
,,,,,,ORY,,,,,LCA,,,,2025-10-14T23:59:59Z,2025-05-15T09:00:00Z,destination=ORY&origin=LCA&endRange=2025-10-14T23:59:59Z&startRange=2025-05-15T09:00:00Z,,,,,,,
,,,,,,LAX,,,,,CPH,,,,2025-10-14T23:59:59Z,2025-05-15T09:00:00Z,destination=LAX&origin=CPH&endRange=2025-10-14T23:59:59Z&startRange=2025-05-15T09:00:00Z,,,,,,,
,,,,,,AGA,,,,,AMS,,,,2025-10-14T23:59:59Z,2025-05-15T09:00:00Z,destination=AGA&origin=AMS&endRange=2025-10-14T23:59:59Z&startRange=2025-05-15T09:00:00Z,,,,,,,
,,,,,,AGA,,,,,CDG,,,,2025-10-14T23:59:59Z,2025-05-15T09:00:00Z,destination=AGA&origin=CDG&endRange=2025-10-14T23:59:59Z&startRange=2025-05-15T09:00:00Z,,,,,,,
,,,,,,HAV,,,,,CDG,,,,2025-10-14T23:59:59Z,2025-05-15T09:00:00Z,destination=HAV&origin=CDG&endRange=2025-10-14T23:59:59Z&startRange=2025-05-15T09:00:00Z,,,,,,,
,,,,,,RUH,,,,,NCE,,,,2025-10-14T23:59:59Z,2025-05-15T09:00:00Z,destination=RUH&origin=NCE&endRange=2025-10-14T23:59:59Z&startRange=2025-05-15T09:00:00Z,,,,,,,
,,,,,,JFK,,,,,OSL,,,,2025-10-14T23:59:59Z,2025-05-15T09:00:00Z,destination=JFK&origin=OSL&endRange=2025-10-14T23:59:59Z&startRange=2025-05-15T09:00:00Z,,,,,,,
,,,,,,LAS,,,,,MAN,,,,2025-10-14T23:59:59Z,2025-05-15T09:00:00Z,destination=LAS&origin=MAN&endRange=2025-10-14T23:59:59Z&startRange=2025-05-15T09:00:00Z,,,,,,,
,,,,,,XMN,,,,,CDG,,,,2025-10-14T23:59:59Z,2025-05-15T09:00:00Z,destination=XMN&origin=CDG&endRange=2025-10-14T23:59:59Z&startRange=2025-05-15T09:00:00Z,,,,,,,
,,,,,,AMS,,,,,MCT,,,,2025-10-14T23:59:59Z,2025-05-15T09:00:00Z,destination=AMS&origin=MCT&endRange=2025-10-14T23:59:59Z&startRange=2025-05-15T09:00:00Z,,,,,,,
,,,,,,AMS,,,,,PFO,,,,2025-10-14T23:59:59Z,2025-05-15T09:00:00Z,destination=AMS&origin=PFO&endRange=2025-10-14T23:59:59Z&startRange=2025-05-15T09:00:00Z,,,,,,,
,,,,,,IST,,,,,MAD,,,,2025-10-14T23:59:59Z,2025-05-15T09:00:00Z,destination=IST&origin=MAD&endRange=2025-10-14T23:59:59Z&startRange=2025-05-15T09:00:00Z,,,,,,,
,,,,,,ADB,,,,,ORY,,,,2025-10-14T23:59:59Z,2025-05-15T09:00:00Z,destination=ADB&origin=ORY&endRange=2025-10-14T23:59:59Z&startRange=2025-05-15T09:00:00Z,,,,,,,
,,,,,,AMS,,,,,LIL,,,,2025-10-14T23:59:59Z,2025-05-15T09:00:00Z,destination=AMS&origin=LIL&endRange=2025-10-14T23:59:59Z&startRange=2025-05-15T09:00:00Z,,,,,,,
,,,,,,JED,,,,,MAN,,,,2025-10-14T23:59:59Z,2025-05-15T09:00:00Z,destination=JED&origin=MAN&endRange=2025-10-14T23:59:59Z&startRange=2025-05-15T09:00:00Z,,,,,,,
,,,,,,TRS,,,,,AMS,,,,2025-10-14T23:59:59Z,2025-05-15T09:00:00Z,destination=TRS&origin=AMS&endRange=2025-10-14T23:59:59Z&startRange=2025-05-15T09:00:00Z,,,,,,,
,,,,,,HAM,,,,,HEL,,,,2025-10-14T23:59:59Z,2025-05-15T09:00:00Z,destination=HAM&origin=HEL&endRange=2025-10-14T23:59:59Z&startRange=2025-05-15T09:00:00Z,,,,,,,
,,,,,,MAD,,,,,IST,,,,2025-10-14T23:59:59Z,2025-05-15T09:00:00Z,destination=MAD&origin=IST&endRange=2025-10-14T23:59:59Z&startRange=2025-05-15T09:00:00Z,,,,,,,
,,,,,,MCT,,,,,AMS,,,,2025-10-14T23:59:59Z,2025-05-15T09:00:00Z,destination=MCT&origin=AMS&endRange=2025-10-14T23:59:59Z&startRange=2025-05-15T09:00:00Z,,,,,,,
,,,,,,AUS,,,,,AMS,,,,2025-10-14T23:59:59Z,2025-05-15T09:00:00Z,destination=AUS&origin=AMS&endRange=2025-10-14T23:59:59Z&startRange=2025-05-15T09:00:00Z,,,,,,,
,,,,,,HRG,,,,,CDG,,,,2025-10-14T23:59:59Z,2025-05-15T09:00:00Z,destination=HRG&origin=CDG&endRange=2025-10-14T23:59:59Z&startRange=2025-05-15T09:00:00Z,,,,,,,
,,,,,,AMS,,,,,TPA,,,,2025-10-14T23:59:59Z,2025-05-15T09:00:00Z,destination=AMS&origin=TPA&endRange=2025-10-14T23:59:59Z&startRange=2025-05-15T09:00:00Z,,,,,,,
,,,,,,ORY,,,,,EVN,,,,2025-10-14T23:59:59Z,2025-05-15T09:00:00Z,destination=ORY&origin=EVN&endRange=2025-10-14T23:59:59Z&startRange=2025-05-15T09:00:00Z,,,,,,,
,,,,,,ISB,,,,,CDG,,,,2025-10-14T23:59:59Z,2025-05-15T09:00:00Z,destination=ISB&origin=CDG&endRange=2025-10-14T23:59:59Z&startRange=2025-05-15T09:00:00Z,,,,,,,
,,,,,,FSP,,,,,CDG,,,,2025-10-14T23:59:59Z,2025-05-15T09:00:00Z,destination=FSP&origin=CDG&endRange=2025-10-14T23:59:59Z&startRange=2025-05-15T09:00:00Z,,,,,,,
,,,,,,CDG,,,,,MCT,,,,2025-10-14T23:59:59Z,2025-05-15T09:00:00Z,destination=CDG&origin=MCT&endRange=2025-10-14T23:59:59Z&startRange=2025-05-15T09:00:00Z,,,,,,,
,,,,,,OUD,,,,,CDG,,,,2025-10-14T23:59:59Z,2025-05-15T09:00:00Z,destination=OUD&origin=CDG&endRange=2025-10-14T23:59:59Z&startRange=2025-05-15T09:00:00Z,,,,,,,
,,,,,,CDG,,,,,OUD,,,,2025-10-14T23:59:59Z,2025-05-15T09:00:00Z,destination=CDG&origin=OUD&endRange=2025-10-14T23:59:59Z&startRange=2025-05-15T09:00:00Z,,,,,,,
,,,,,,CZL,,,,,CDG,,,,2025-10-14T23:59:59Z,2025-05-15T09:00:00Z,destination=CZL&origin=CDG&endRange=2025-10-14T23:59:59Z&startRange=2025-05-15T09:00:00Z,,,,,,,
,,,,,,TLV,,,,,MRS,,,,2025-10-14T23:59:59Z,2025-05-15T09:00:00Z,destination=TLV&origin=MRS&endRange=2025-10-14T23:59:59Z&startRange=2025-05-15T09:00:00Z,,,,,,,
,,,,,,IAD,,,,,CPH,,,,2025-10-14T23:59:59Z,2025-05-15T09:00:00Z,destination=IAD&origin=CPH&endRange=2025-10-14T23:59:59Z&startRange=2025-05-15T09:00:00Z,,,,,,,
,,,,,,KWI,,,,,NCE,,,,2025-10-14T23:59:59Z,2025-05-15T09:00:00Z,destination=KWI&origin=NCE&endRange=2025-10-14T23:59:59Z&startRange=2025-05-15T09:00:00Z,,,,,,,
,,,,,,CUN,,,,,CDG,,,,2025-10-14T23:59:59Z,2025-05-15T09:00:00Z,destination=CUN&origin=CDG&endRange=2025-10-14T23:59:59Z&startRange=2025-05-15T09:00:00Z,,,,,,,
,,,,,,CDG,,,,,CZL,,,,2025-10-14T23:59:59Z,2025-05-15T09:00:00Z,destination=CDG&origin=CZL&endRange=2025-10-14T23:59:59Z&startRange=2025-05-15T09:00:00Z,,,,,,,
,,,,,,CDG,,,,,YHZ,,,,2025-10-14T23:59:59Z,2025-05-15T09:00:00Z,destination=CDG&origin=YHZ&endRange=2025-10-14T23:59:59Z&startRange=2025-05-15T09:00:00Z,,,,,,,
,,,,,,YYT,,,,,AMS,,,,2025-10-14T23:59:59Z,2025-05-15T09:00:00Z,destination=YYT&origin=AMS&endRange=2025-10-14T23:59:59Z&startRange=2025-05-15T09:00:00Z,,,,,,,
,,,,,,ABV,,,,,CDG,,,,2025-10-14T23:59:59Z,2025-05-15T09:00:00Z,destination=ABV&origin=CDG&endRange=2025-10-14T23:59:59Z&startRange=2025-05-15T09:00:00Z,,,,,,,
,,,,,,NKC,,,,,CDG,,,,2025-10-14T23:59:59Z,2025-05-15T09:00:00Z,destination=NKC&origin=CDG&endRange=2025-10-14T23:59:59Z&startRange=2025-05-15T09:00:00Z,,,,,,,
,,,,,,SSG,,,,,CDG,,,,2025-10-14T23:59:59Z,2025-05-15T09:00:00Z,destination=SSG&origin=CDG&endRange=2025-10-14T23:59:59Z&startRange=2025-05-15T09:00:00Z,,,,,,,
,,,,,,PFO,,,,,AMS,,,,2025-10-14T23:59:59Z,2025-05-15T09:00:00Z,destination=PFO&origin=AMS&endRange=2025-10-14T23:59:59Z&startRange=2025-05-15T09:00:00Z,,,,,,,
,,,,,,FCO,,,,,MSP,,,,2025-10-14T23:59:59Z,2025-05-15T09:00:00Z,destination=FCO&origin=MSP&endRange=2025-10-14T23:59:59Z&startRange=2025-05-15T09:00:00Z,,,,,,,
,,,,,,TLM,,,,,CDG,,,,2025-10-14T23:59:59Z,2025-05-15T09:00:00Z,destination=TLM&origin=CDG&endRange=2025-10-14T23:59:59Z&startRange=2025-05-15T09:00:00Z,,,,,,,
,,,,,,XIY,,,,,CDG,,,,2025-10-14T23:59:59Z,2025-05-15T09:00:00Z,destination=XIY&origin=CDG&endRange=2025-10-14T23:59:59Z&startRange=2025-05-15T09:00:00Z,,,,,,,
,,,,,,OSL,,,,,JFK,,,,2025-10-14T23:59:59Z,2025-05-15T09:00:00Z,destination=OSL&origin=JFK&endRange=2025-10-14T23:59:59Z&startRange=2025-05-15T09:00:00Z,,,,,,,
,,,,,,FEZ,,,,,LYS,,,,2025-10-14T23:59:59Z,2025-05-15T09:00:00Z,destination=FEZ&origin=LYS&endRange=2025-10-14T23:59:59Z&startRange=2025-05-15T09:00:00Z,,,,,,,
,,,,,,CLT,,,,,CDG,,,,2025-10-14T23:59:59Z,2025-05-15T09:00:00Z,destination=CLT&origin=CDG&endRange=2025-10-14T23:59:59Z&startRange=2025-05-15T09:00:00Z,,,,,,,
,,,,,,ORY,,,,,LAX,,,,2025-10-14T23:59:59Z,2025-05-15T09:00:00Z,destination=ORY&origin=LAX&endRange=2025-10-14T23:59:59Z&startRange=2025-05-15T09:00:00Z,,,,,,,
,,,,,,CDG,,,,,HRG,,,,2025-10-14T23:59:59Z,2025-05-15T09:00:00Z,destination=CDG&origin=HRG&endRange=2025-10-14T23:59:59Z&startRange=2025-05-15T09:00:00Z,,,,,,,
,,,,,,YHZ,,,,,CDG,,,,2025-10-14T23:59:59Z,2025-05-15T09:00:00Z,destination=YHZ&origin=CDG&endRange=2025-10-14T23:59:59Z&startRange=2025-05-15T09:00:00Z,,,,,,,
,,,,,,ARN,,,,,EWR,,,,2025-10-14T23:59:59Z,2025-05-15T09:00:00Z,destination=ARN&origin=EWR&endRange=2025-10-14T23:59:59Z&startRange=2025-05-15T09:00:00Z,,,,,,,
,,,,,,BVC,,,,,AMS,,,,2025-10-14T23:59:59Z,2025-05-15T09:00:00Z,destination=BVC&origin=AMS&endRange=2025-10-14T23:59:59Z&startRange=2025-05-15T09:00:00Z,,,,,,,
,,,,,,AAE,,,,,CDG,,,,2025-10-14T23:59:59Z,2025-05-15T09:00:00Z,destination=AAE&origin=CDG&endRange=2025-10-14T23:59:59Z&startRange=2025-05-15T09:00:00Z,,,,,,,
,,,,,,CDG,,,,,MED,,,,2025-10-14T23:59:59Z,2025-05-15T09:00:00Z,destination=CDG&origin=MED&endRange=2025-10-14T23:59:59Z&startRange=2025-05-15T09:00:00Z,,,,,,,
,,,,,,COR,,,,,MAD,,,,2025-10-14T23:59:59Z,2025-05-15T09:00:00Z,destination=COR&origin=MAD&endRange=2025-10-14T23:59:59Z&startRange=2025-05-15T09:00:00Z,,,,,,,
,,,,,,CPH,,,,,IAD,,,,2025-10-14T23:59:59Z,2025-05-15T09:00:00Z,destination=CPH&origin=IAD&endRange=2025-10-14T23:59:59Z&startRange=2025-05-15T09:00:00Z,,,,,,,
,,,,,,CDG,,,,,CLT,,,,2025-10-14T23:59:59Z,2025-05-15T09:00:00Z,destination=CDG&origin=CLT&endRange=2025-10-14T23:59:59Z&startRange=2025-05-15T09:00:00Z,,,,,,,
,,,,,,PUJ,,,,,MAD,,,,2025-10-14T23:59:59Z,2025-05-15T09:00:00Z,destination=PUJ&origin=MAD&endRange=2025-10-14T23:59:59Z&startRange=2025-05-15T09:00:00Z,,,,,,,
,,,,,,MAD,,,,,HAV,,,,2025-10-14T23:59:59Z,2025-05-15T09:00:00Z,destination=MAD&origin=HAV&endRange=2025-10-14T23:59:59Z&startRange=2025-05-15T09:00:00Z,,,,,,,
,,,,,,HAV,,,,,MAD,,,,2025-10-14T23:59:59Z,2025-05-15T09:00:00Z,destination=HAV&origin=MAD&endRange=2025-10-14T23:59:59Z&startRange=2025-05-15T09:00:00Z,,,,,,,
,,,,,,JSI,,,,,AMS,,,,2025-10-14T23:59:59Z,2025-05-15T09:00:00Z,destination=JSI&origin=AMS&endRange=2025-10-14T23:59:59Z&startRange=2025-05-15T09:00:00Z,,,,,,,
,,,,,,NTE,,,,,AGP,,,,2025-10-14T23:59:59Z,2025-05-15T09:00:00Z,destination=NTE&origin=AGP&endRange=2025-10-14T23:59:59Z&startRange=2025-05-15T09:00:00Z,,,,,,,
,,,,,,ATL,,,,,CPH,,,,2025-10-14T23:59:59Z,2025-05-15T09:00:00Z,destination=ATL&origin=CPH&endRange=2025-10-14T23:59:59Z&startRange=2025-05-15T09:00:00Z,,,,,,,
,,,,,,CPH,,,,,ORD,,,,2025-10-14T23:59:59Z,2025-05-15T09:00:00Z,destination=CPH&origin=ORD&endRange=2025-10-14T23:59:59Z&startRange=2025-05-15T09:00:00Z,,,,,,,
,,,,,,CPH,,,,,SFO,,,,2025-10-14T23:59:59Z,2025-05-15T09:00:00Z,destination=CPH&origin=SFO&endRange=2025-10-14T23:59:59Z&startRange=2025-05-15T09:00:00Z,,,,,,,
,,,,,,NDJ,,,,,CDG,,,,2025-10-14T23:59:59Z,2025-05-15T09:00:00Z,destination=NDJ&origin=CDG&endRange=2025-10-14T23:59:59Z&startRange=2025-05-15T09:00:00Z,,,,,,,
,,,,,,CAY,,,,,LIS,,,,2025-10-14T23:59:59Z,2025-05-15T09:00:00Z,destination=CAY&origin=LIS&endRange=2025-10-14T23:59:59Z&startRange=2025-05-15T09:00:00Z,,,,,,,
,,,,,,ZNZ,,,,,CDG,,,,2025-10-14T23:59:59Z,2025-05-15T09:00:00Z,destination=ZNZ&origin=CDG&endRange=2025-10-14T23:59:59Z&startRange=2025-05-15T09:00:00Z,,,,,,,
,,,,,,CDG,,,,,JRO,,,,2025-10-14T23:59:59Z,2025-05-15T09:00:00Z,destination=CDG&origin=JRO&endRange=2025-10-14T23:59:59Z&startRange=2025-05-15T09:00:00Z,,,,,,,
,,,,,,NCE,,,,,ALG,,,,2025-10-14T23:59:59Z,2025-05-15T09:00:00Z,destination=NCE&origin=ALG&endRange=2025-10-14T23:59:59Z&startRange=2025-05-15T09:00:00Z,,,,,,,
,,,,,,TLM,,,,,LYS,,,,2025-10-14T23:59:59Z,2025-05-15T09:00:00Z,destination=TLM&origin=LYS&endRange=2025-10-14T23:59:59Z&startRange=2025-05-15T09:00:00Z,,,,,,,
,,,,,,CDG,,,,,AAE,,,,2025-10-14T23:59:59Z,2025-05-15T09:00:00Z,destination=CDG&origin=AAE&endRange=2025-10-14T23:59:59Z&startRange=2025-05-15T09:00:00Z,,,,,,,
,,,,,,AMS,,,,,MST,,,,2025-10-14T23:59:59Z,2025-05-15T09:00:00Z,destination=AMS&origin=MST&endRange=2025-10-14T23:59:59Z&startRange=2025-05-15T09:00:00Z,,,,,,,
,,,,,,MSP,,,,,CPH,,,,2025-10-14T23:59:59Z,2025-05-15T09:00:00Z,destination=MSP&origin=CPH&endRange=2025-10-14T23:59:59Z&startRange=2025-05-15T09:00:00Z,,,,,,,
,,,,,,ZNZ,,,,,AMS,,,,2025-10-14T23:59:59Z,2025-05-15T09:00:00Z,destination=ZNZ&origin=AMS&endRange=2025-10-14T23:59:59Z&startRange=2025-05-15T09:00:00Z,,,,,,,
,,,,,,KGL,,,,,CDG,,,,2025-10-14T23:59:59Z,2025-05-15T09:00:00Z,destination=KGL&origin=CDG&endRange=2025-10-14T23:59:59Z&startRange=2025-05-15T09:00:00Z,,,,,,,
,,,,,,AMS,,,,,SID,,,,2025-10-14T23:59:59Z,2025-05-15T09:00:00Z,destination=AMS&origin=SID&endRange=2025-10-14T23:59:59Z&startRange=2025-05-15T09:00:00Z,,,,,,,
,,,,,,ASU,,,,,MAD,,,,2025-10-14T23:59:59Z,2025-05-15T09:00:00Z,destination=ASU&origin=MAD&endRange=2025-10-14T23:59:59Z&startRange=2025-05-15T09:00:00Z,,,,,,,
,,,,,,JIB,,,,,CDG,,,,2025-10-14T23:59:59Z,2025-05-15T09:00:00Z,destination=JIB&origin=CDG&endRange=2025-10-14T23:59:59Z&startRange=2025-05-15T09:00:00Z,,,,,,,
,,,,,,DUB,,,,,KIX,,,,2025-10-14T23:59:59Z,2025-05-15T09:00:00Z,destination=DUB&origin=KIX&endRange=2025-10-14T23:59:59Z&startRange=2025-05-15T09:00:00Z,,,,,,,
,,,,,,EIN,,,,,AMS,,,,2025-10-14T23:59:59Z,2025-05-15T09:00:00Z,destination=EIN&origin=AMS&endRange=2025-10-14T23:59:59Z&startRange=2025-05-15T09:00:00Z,,,,,,,
,,,,,,GYE,,,,,MAD,,,,2025-10-14T23:59:59Z,2025-05-15T09:00:00Z,destination=GYE&origin=MAD&endRange=2025-10-14T23:59:59Z&startRange=2025-05-15T09:00:00Z,,,,,,,
,,,,,,MAD,,,,,ASU,,,,2025-10-14T23:59:59Z,2025-05-15T09:00:00Z,destination=MAD&origin=ASU&endRange=2025-10-14T23:59:59Z&startRange=2025-05-15T09:00:00Z,,,,,,,
,,,,,,MAD,,,,,LIM,,,,2025-10-14T23:59:59Z,2025-05-15T09:00:00Z,destination=MAD&origin=LIM&endRange=2025-10-14T23:59:59Z&startRange=2025-05-15T09:00:00Z,,,,,,,
,,,,,,MAD,,,,,TLV,,,,2025-10-14T23:59:59Z,2025-05-15T09:00:00Z,destination=MAD&origin=TLV&endRange=2025-10-14T23:59:59Z&startRange=2025-05-15T09:00:00Z,,,,,,,
,,,,,,ORY,,,,,VIL,,,,2025-10-14T23:59:59Z,2025-05-15T09:00:00Z,destination=ORY&origin=VIL&endRange=2025-10-14T23:59:59Z&startRange=2025-05-15T09:00:00Z,,,,,,,
,,,,,,LYS,,,,,IST,,,,2025-10-14T23:59:59Z,2025-05-15T09:00:00Z,destination=LYS&origin=IST&endRange=2025-10-14T23:59:59Z&startRange=2025-05-15T09:00:00Z,,,,,,,
,,,,,,LYS,,,,,MIR,,,,2025-10-14T23:59:59Z,2025-05-15T09:00:00Z,destination=LYS&origin=MIR&endRange=2025-10-14T23:59:59Z&startRange=2025-05-15T09:00:00Z,,,,,,,
,,,,,,BGR,,,,,CDG,,,,2025-10-14T23:59:59Z,2025-05-15T09:00:00Z,destination=BGR&origin=CDG&endRange=2025-10-14T23:59:59Z&startRange=2025-05-15T09:00:00Z,,,,,,,
,,,,,,IST,,,,,LYS,,,,2025-10-14T23:59:59Z,2025-05-15T09:00:00Z,destination=IST&origin=LYS&endRange=2025-10-14T23:59:59Z&startRange=2025-05-15T09:00:00Z,,,,,,,
,,,,,,LYS,,,,,EVN,,,,2025-10-14T23:59:59Z,2025-05-15T09:00:00Z,destination=LYS&origin=EVN&endRange=2025-10-14T23:59:59Z&startRange=2025-05-15T09:00:00Z,,,,,,,
,,,,,,LYS,,,,,FLR,,,,2025-10-14T23:59:59Z,2025-05-15T09:00:00Z,destination=LYS&origin=FLR&endRange=2025-10-14T23:59:59Z&startRange=2025-05-15T09:00:00Z,,,,,,,
,,,,,,EZE,,,,,MAD,,,,2025-10-14T23:59:59Z,2025-05-15T09:00:00Z,destination=EZE&origin=MAD&endRange=2025-10-14T23:59:59Z&startRange=2025-05-15T09:00:00Z,,,,,,,
,,,,,,ORY,,,,,PXO,,,,2025-10-14T23:59:59Z,2025-05-15T09:00:00Z,destination=ORY&origin=PXO&endRange=2025-10-14T23:59:59Z&startRange=2025-05-15T09:00:00Z,,,,,,,
,,,,,,CDG,,,,,CUN,,,,2025-10-14T23:59:59Z,2025-05-15T09:00:00Z,destination=CDG&origin=CUN&endRange=2025-10-14T23:59:59Z&startRange=2025-05-15T09:00:00Z,,,,,,,
,,,,,,LGW,,,,,MAN,,,,2025-10-14T23:59:59Z,2025-05-15T09:00:00Z,destination=LGW&origin=MAN&endRange=2025-10-14T23:59:59Z&startRange=2025-05-15T09:00:00Z,,,,,,,
,,,,,,SSA,,,,,MAD,,,,2025-10-14T23:59:59Z,2025-05-15T09:00:00Z,destination=SSA&origin=MAD&endRange=2025-10-14T23:59:59Z&startRange=2025-05-15T09:00:00Z,,,,,,,
,,,,,,CDG,,,,,TFU,,,,2025-10-14T23:59:59Z,2025-05-15T09:00:00Z,destination=CDG&origin=TFU&endRange=2025-10-14T23:59:59Z&startRange=2025-05-15T09:00:00Z,,,,,,,
,,,,,,TPA,,,,,AMS,,,,2025-10-14T23:59:59Z,2025-05-15T09:00:00Z,destination=TPA&origin=AMS&endRange=2025-10-14T23:59:59Z&startRange=2025-05-15T09:00:00Z,,,,,,,
,,,,,,NKG,,,,,CDG,,,,2025-10-14T23:59:59Z,2025-05-15T09:00:00Z,destination=NKG&origin=CDG&endRange=2025-10-14T23:59:59Z&startRange=2025-05-15T09:00:00Z,,,,,,,
,,,,,,PTY,,,,,MAD,,,,2025-10-14T23:59:59Z,2025-05-15T09:00:00Z,destination=PTY&origin=MAD&endRange=2025-10-14T23:59:59Z&startRange=2025-05-15T09:00:00Z,,,,,,,
,,,,,,CPH,,,,,LAX,,,,2025-10-14T23:59:59Z,2025-05-15T09:00:00Z,destination=CPH&origin=LAX&endRange=2025-10-14T23:59:59Z&startRange=2025-05-15T09:00:00Z,,,,,,,
,,,,,,DEN,,,,,CDG,,,,2025-10-14T23:59:59Z,2025-05-15T09:00:00Z,destination=DEN&origin=CDG&endRange=2025-10-14T23:59:59Z&startRange=2025-05-15T09:00:00Z,,,,,,,
,,,,,,CPH,,,,,SEA,,,,2025-10-14T23:59:59Z,2025-05-15T09:00:00Z,destination=CPH&origin=SEA&endRange=2025-10-14T23:59:59Z&startRange=2025-05-15T09:00:00Z,,,,,,,
,,,,,,CDG,,,,,CHQ,,,,2025-10-14T23:59:59Z,2025-05-15T09:00:00Z,destination=CDG&origin=CHQ&endRange=2025-10-14T23:59:59Z&startRange=2025-05-15T09:00:00Z,,,,,,,
,,,,,,CUN,,,,,AMS,,,,2025-10-14T23:59:59Z,2025-05-15T09:00:00Z,destination=CUN&origin=AMS&endRange=2025-10-14T23:59:59Z&startRange=2025-05-15T09:00:00Z,,,,,,,
,,,,,,GIG,,,,,FCO,,,,2025-10-14T23:59:59Z,2025-05-15T09:00:00Z,destination=GIG&origin=FCO&endRange=2025-10-14T23:59:59Z&startRange=2025-05-15T09:00:00Z,,,,,,,
,,,,,,BLJ,,,,,ORY,,,,2025-10-14T23:59:59Z,2025-05-15T09:00:00Z,destination=BLJ&origin=ORY&endRange=2025-10-14T23:59:59Z&startRange=2025-05-15T09:00:00Z,,,,,,,
,,,,,,DUB,,,,,CLT,,,,2025-10-14T23:59:59Z,2025-05-15T09:00:00Z,destination=DUB&origin=CLT&endRange=2025-10-14T23:59:59Z&startRange=2025-05-15T09:00:00Z,,,,,,,
,,,,,,SEA,,,,,CPH,,,,2025-10-14T23:59:59Z,2025-05-15T09:00:00Z,destination=SEA&origin=CPH&endRange=2025-10-14T23:59:59Z&startRange=2025-05-15T09:00:00Z,,,,,,,
,,,,,,JED,,,,,MAD,,,,2025-10-14T23:59:59Z,2025-05-15T09:00:00Z,destination=JED&origin=MAD&endRange=2025-10-14T23:59:59Z&startRange=2025-05-15T09:00:00Z,,,,,,,
,,,,,,MAD,,,,,SSA,,,,2025-10-14T23:59:59Z,2025-05-15T09:00:00Z,destination=MAD&origin=SSA&endRange=2025-10-14T23:59:59Z&startRange=2025-05-15T09:00:00Z,,,,,,,
,,,,,,MAD,,,,,EZE,,,,2025-10-14T23:59:59Z,2025-05-15T09:00:00Z,destination=MAD&origin=EZE&endRange=2025-10-14T23:59:59Z&startRange=2025-05-15T09:00:00Z,,,,,,,
,,,,,,CDG,,,,,VXE,,,,2025-10-14T23:59:59Z,2025-05-15T09:00:00Z,destination=CDG&origin=VXE&endRange=2025-10-14T23:59:59Z&startRange=2025-05-15T09:00:00Z,,,,,,,
,,,,,,CDG,,,,,SDR,,,,2025-10-14T23:59:59Z,2025-05-15T09:00:00Z,destination=CDG&origin=SDR&endRange=2025-10-14T23:59:59Z&startRange=2025-05-15T09:00:00Z,,,,,,,
,,,,,,YYT,,,,,CDG,,,,2025-10-14T23:59:59Z,2025-05-15T09:00:00Z,destination=YYT&origin=CDG&endRange=2025-10-14T23:59:59Z&startRange=2025-05-15T09:00:00Z,,,,,,,
,,,,,,CPH,,,,,ATL,,,,2025-10-14T23:59:59Z,2025-05-15T09:00:00Z,destination=CPH&origin=ATL&endRange=2025-10-14T23:59:59Z&startRange=2025-05-15T09:00:00Z,,,,,,,
,,,,,,CDG,,,,,LHE,,,,2025-10-14T23:59:59Z,2025-05-15T09:00:00Z,destination=CDG&origin=LHE&endRange=2025-10-14T23:59:59Z&startRange=2025-05-15T09:00:00Z,,,,,,,
,,,,,,NCE,,,,,RUH,,,,2025-10-14T23:59:59Z,2025-05-15T09:00:00Z,destination=NCE&origin=RUH&endRange=2025-10-14T23:59:59Z&startRange=2025-05-15T09:00:00Z,,,,,,,
,,,,,,TLV,,,,,MAD,,,,2025-10-14T23:59:59Z,2025-05-15T09:00:00Z,destination=TLV&origin=MAD&endRange=2025-10-14T23:59:59Z&startRange=2025-05-15T09:00:00Z,,,,,,,
,,,,,,MRU,,,,,ORY,,,,2025-10-14T23:59:59Z,2025-05-15T09:00:00Z,destination=MRU&origin=ORY&endRange=2025-10-14T23:59:59Z&startRange=2025-05-15T09:00:00Z,,,,,,,
,,,,,,BRU,,,,,HEL,,,,2025-10-14T23:59:59Z,2025-05-15T09:00:00Z,destination=BRU&origin=HEL&endRange=2025-10-14T23:59:59Z&startRange=2025-05-15T09:00:00Z,,,,,,,
,,,,,,BOS,,,,,BCN,,,,2025-10-14T23:59:59Z,2025-05-15T09:00:00Z,destination=BOS&origin=BCN&endRange=2025-10-14T23:59:59Z&startRange=2025-05-15T09:00:00Z,,,,,,,
,,,,,,MAD,,,,,PUJ,,,,2025-10-14T23:59:59Z,2025-05-15T09:00:00Z,destination=MAD&origin=PUJ&endRange=2025-10-14T23:59:59Z&startRange=2025-05-15T09:00:00Z,,,,,,,
,,,,,,LYS,,,,,FEZ,,,,2025-10-14T23:59:59Z,2025-05-15T09:00:00Z,destination=LYS&origin=FEZ&endRange=2025-10-14T23:59:59Z&startRange=2025-05-15T09:00:00Z,,,,,,,
,,,,,,EWR,,,,,OSL,,,,2025-10-14T23:59:59Z,2025-05-15T09:00:00Z,destination=EWR&origin=OSL&endRange=2025-10-14T23:59:59Z&startRange=2025-05-15T09:00:00Z,,,,,,,
,,,,,,CDG,,,,,YYT,,,,2025-10-14T23:59:59Z,2025-05-15T09:00:00Z,destination=CDG&origin=YYT&endRange=2025-10-14T23:59:59Z&startRange=2025-05-15T09:00:00Z,,,,,,,
,,,,,,PFO,,,,,LYS,,,,2025-10-14T23:59:59Z,2025-05-15T09:00:00Z,destination=PFO&origin=LYS&endRange=2025-10-14T23:59:59Z&startRange=2025-05-15T09:00:00Z,,,,,,,
,,,,,,MAD,,,,,COR,,,,2025-10-14T23:59:59Z,2025-05-15T09:00:00Z,destination=MAD&origin=COR&endRange=2025-10-14T23:59:59Z&startRange=2025-05-15T09:00:00Z,,,,,,,
,,,,,,AMS,,,,,FEZ,,,,2025-10-14T23:59:59Z,2025-05-15T09:00:00Z,destination=AMS&origin=FEZ&endRange=2025-10-14T23:59:59Z&startRange=2025-05-15T09:00:00Z,,,,,,,
,,,,,,EWR,,,,,ARN,,,,2025-10-14T23:59:59Z,2025-05-15T09:00:00Z,destination=EWR&origin=ARN&endRange=2025-10-14T23:59:59Z&startRange=2025-05-15T09:00:00Z,,,,,,,
,,,,,,LHE,,,,,CDG,,,,2025-10-14T23:59:59Z,2025-05-15T09:00:00Z,destination=LHE&origin=CDG&endRange=2025-10-14T23:59:59Z&startRange=2025-05-15T09:00:00Z,,,,,,,
,,,,,,CDG,,,,,XIY,,,,2025-10-14T23:59:59Z,2025-05-15T09:00:00Z,destination=CDG&origin=XIY&endRange=2025-10-14T23:59:59Z&startRange=2025-05-15T09:00:00Z,,,,,,,
,,,,,,FRA,,,,,ATL,,,,2025-10-14T23:59:59Z,2025-05-15T09:00:00Z,destination=FRA&origin=ATL&endRange=2025-10-14T23:59:59Z&startRange=2025-05-15T09:00:00Z,,,,,,,
,,,,,,FRA,,,,,DTW,,,,2025-10-14T23:59:59Z,2025-05-15T09:00:00Z,destination=FRA&origin=DTW&endRange=2025-10-14T23:59:59Z&startRange=2025-05-15T09:00:00Z,,,,,,,
,,,,,,FRA,,,,,JFK,,,,2025-10-14T23:59:59Z,2025-05-15T09:00:00Z,destination=FRA&origin=JFK&endRange=2025-10-14T23:59:59Z&startRange=2025-05-15T09:00:00Z,,,,,,,
,,,,,,MUC,,,,,ATL,,,,2025-10-14T23:59:59Z,2025-05-15T09:00:00Z,destination=MUC&origin=ATL&endRange=2025-10-14T23:59:59Z&startRange=2025-05-15T09:00:00Z,,,,,,,
,,,,,,TLV,,,,,NCE,,,,2025-10-14T23:59:59Z,2025-05-15T09:00:00Z,destination=TLV&origin=NCE&endRange=2025-10-14T23:59:59Z&startRange=2025-05-15T09:00:00Z,,,,,,,
,,,,,,CZL,,,,,LYS,,,,2025-10-14T23:59:59Z,2025-05-15T09:00:00Z,destination=CZL&origin=LYS&endRange=2025-10-14T23:59:59Z&startRange=2025-05-15T09:00:00Z,,,,,,,
,,,,,,LYS,,,,,MRS,,,,2025-10-14T23:59:59Z,2025-05-15T09:00:00Z,destination=LYS&origin=MRS&endRange=2025-10-14T23:59:59Z&startRange=2025-05-15T09:00:00Z,,,,,,,
,,,,,,ORY,,,,,SDR,,,,2025-10-14T23:59:59Z,2025-05-15T09:00:00Z,destination=ORY&origin=SDR&endRange=2025-10-14T23:59:59Z&startRange=2025-05-15T09:00:00Z,,,,,,,
,,,,,,AUH,,,,,AMS,,,,2025-10-14T23:59:59Z,2025-05-15T09:00:00Z,destination=AUH&origin=AMS&endRange=2025-10-14T23:59:59Z&startRange=2025-05-15T09:00:00Z,,,,,,,
