aircraftRegistration,aircraftType,arrivalCity,carrierCode,consumerHost,departureCity,destination,flightNumber,movementType,operatingAirlineCode,operationalSuffix,origin,serviceType,timeOriginType,timeType,endRange,startRange,call_parameters,totalPages,totalFlights,nb_of_pages_already_retrieved,completion,response,timestamp,message
,,,,,,FAO,,,,,AMS,,,,2025-10-14T23:59:59Z,2025-05-15T09:00:00Z,destination=FAO&origin=AMS&endRange=2025-10-14T23:59:59Z&startRange=2025-05-15T09:00:00Z,5.0,497.0,4.0,80.0,<Response [500]>,2025-11-02T12:44:15.922170,"{""errors"":[{""name"":""INTERNAL_SERVER_ERROR""}]}"
,,,,,,FRA,,,,,AMS,,,,2025-10-14T23:59:59Z,2025-05-15T09:00:00Z,destination=FRA&origin=AMS&endRange=2025-10-14T23:59:59Z&startRange=2025-05-15T09:00:00Z,18.0,1728.0,7.0,39.0,<Response [500]>,2025-11-02T12:44:19.818375,"{""errors"":[{""name"":""INTERNAL_SERVER_ERROR""}]}"
,,,,,,HER,,,,,AMS,,,,2025-10-14T23:59:59Z,2025-05-15T09:00:00Z,destination=HER&origin=AMS&endRange=2025-10-14T23:59:59Z&startRange=2025-05-15T09:00:00Z,6.0,536.0,1.0,17.0,<Response [500]>,2025-11-02T12:44:25.261623,"{""errors"":[{""name"":""INTERNAL_SERVER_ERROR""}]}"
,,,,,,ORY,,,,,SDR,,,,2025-10-14T23:59:59Z,2025-05-15T09:00:00Z,destination=ORY&origin=SDR&endRange=2025-10-14T23:59:59Z&startRange=2025-05-15T09:00:00Z,,,,,<Response [404]>,2025-11-02T12:44:35.000321,"{""errors"":[{""name"":""FLIGHT NOT FOUND"",""severity"":""INFO""}]}"
,,,,,,SKG,,,,,AMS,,,,2025-10-14T23:59:59Z,2025-05-15T09:00:00Z,destination=SKG&origin=AMS&endRange=2025-10-14T23:59:59Z&startRange=2025-05-15T09:00:00Z,3.0,215.0,1.0,33.0,<Response [500]>,2025-11-02T12:44:39.772947,"{""errors"":[{""name"":""INTERNAL_SERVER_ERROR""}]}"
,,,,,,STN,,,,,AMS,,,,2025-10-14T23:59:59Z,2025-05-15T09:00:00Z,destination=STN&origin=AMS&endRange=2025-10-14T23:59:59Z&startRange=2025-05-15T09:00:00Z,2.0,167.0,1.0,50.0,<Response [500]>,2025-11-02T12:44:42.658537,"{""errors"":[{""name"":""INTERNAL_SERVER_ERROR""}]}"
,,,,,,AMS,,,,,ALC,,,,2025-10-14T23:59:59Z,2025-05-15T09:00:00Z,destination=AMS&origin=ALC&endRange=2025-10-14T23:59:59Z&startRange=2025-05-15T09:00:00Z,10.0,915.0,6.0,60.0,<Response [500]>,2025-11-02T12:44:48.847051,"{""errors"":[{""name"":""INTERNAL_SERVER_ERROR""}]}"
,,,,,,AMS,,,,,FNC,,,,2025-10-14T23:59:59Z,2025-05-15T09:00:00Z,destination=AMS&origin=FNC&endRange=2025-10-14T23:59:59Z&startRange=2025-05-15T09:00:00Z,3.0,248.0,1.0,33.0,<Response [500]>,2025-11-02T12:44:52.660673,"{""errors"":[{""name"":""INTERNAL_SERVER_ERROR""}]}"
,,,,,,AMS,,,,,SOF,,,,2025-10-14T23:59:59Z,2025-05-15T09:00:00Z,destination=AMS&origin=SOF&endRange=2025-10-14T23:59:59Z&startRange=2025-05-15T09:00:00Z,2.0,155.0,1.0,50.0,<Response [500]>,2025-11-02T12:44:56.862392,"{""errors"":[{""name"":""INTERNAL_SERVER_ERROR""}]}"
,,,,,,BHX,,,,,AMS,,,,2025-10-14T23:59:59Z,2025-05-15T09:00:00Z,destination=BHX&origin=AMS&endRange=2025-10-14T23:59:59Z&startRange=2025-05-15T09:00:00Z,10.0,954.0,7.0,70.0,<Response [500]>,2025-11-02T12:45:01.688480,"{""errors"":[{""name"":""INTERNAL_SERVER_ERROR""}]}"
,,,,,,CDG,,,,,ACE,,,,2025-10-14T23:59:59Z,2025-05-15T09:00:00Z,destination=CDG&origin=ACE&endRange=2025-10-14T23:59:59Z&startRange=2025-05-15T09:00:00Z,1.0,97.0,1.0,100,<Response [200]>,2025-11-02T13:40:36.182955,
,,,,,,CDG,,,,,AGP,,,,2025-10-14T23:59:59Z,2025-05-15T09:00:00Z,destination=CDG&origin=AGP&endRange=2025-10-14T23:59:59Z&startRange=2025-05-15T09:00:00Z,6.0,507.0,6.0,100,<Response [200]>,2025-11-02T13:40:36.210030,
,,,,,,CDG,,,,,AHO,,,,2025-10-14T23:59:59Z,2025-05-15T09:00:00Z,destination=CDG&origin=AHO&endRange=2025-10-14T23:59:59Z&startRange=2025-05-15T09:00:00Z,1.0,5.0,1.0,100,<Response [200]>,2025-11-02T13:40:36.229570,
,,,,,,CDG,,,,,AJA,,,,2025-10-14T23:59:59Z,2025-05-15T09:00:00Z,destination=CDG&origin=AJA&endRange=2025-10-14T23:59:59Z&startRange=2025-05-15T09:00:00Z,2.0,157.0,2.0,100,<Response [200]>,2025-11-02T13:40:36.250022,
,,,,,,CDG,,,,,AMS,,,,2025-10-14T23:59:59Z,2025-05-15T09:00:00Z,destination=CDG&origin=AMS&endRange=2025-10-14T23:59:59Z&startRange=2025-05-15T09:00:00Z,22.0,2159.0,22.0,100,<Response [200]>,2025-11-02T13:40:36.280053,
,,,,,,CDG,,,,,ARN,,,,2025-10-14T23:59:59Z,2025-05-15T09:00:00Z,destination=CDG&origin=ARN&endRange=2025-10-14T23:59:59Z&startRange=2025-05-15T09:00:00Z,9.0,835.0,9.0,100,<Response [200]>,2025-11-02T13:40:36.305457,
,,,,,,CDG,,,,,ATH,,,,2025-10-14T23:59:59Z,2025-05-15T09:00:00Z,destination=CDG&origin=ATH&endRange=2025-10-14T23:59:59Z&startRange=2025-05-15T09:00:00Z,15.0,1420.0,15.0,100,<Response [200]>,2025-11-02T13:40:36.333111,
,,,,,,CDG,,,,,BCN,,,,2025-10-14T23:59:59Z,2025-05-15T09:00:00Z,destination=CDG&origin=BCN&endRange=2025-10-14T23:59:59Z&startRange=2025-05-15T09:00:00Z,18.0,1718.0,18.0,100,<Response [200]>,2025-11-02T13:40:36.360852,
,,,,,,CDG,,,,,BEG,,,,2025-10-14T23:59:59Z,2025-05-15T09:00:00Z,destination=CDG&origin=BEG&endRange=2025-10-14T23:59:59Z&startRange=2025-05-15T09:00:00Z,4.0,310.0,4.0,100,<Response [200]>,2025-11-02T13:40:36.384558,
,,,,,,CDG,,,,,BER,,,,2025-10-14T23:59:59Z,2025-05-15T09:00:00Z,destination=CDG&origin=BER&endRange=2025-10-14T23:59:59Z&startRange=2025-05-15T09:00:00Z,11.0,1055.0,11.0,100,<Response [200]>,2025-11-02T13:40:36.410886,
,,,,,,CDG,,,,,BES,,,,2025-10-14T23:59:59Z,2025-05-15T09:00:00Z,destination=CDG&origin=BES&endRange=2025-10-14T23:59:59Z&startRange=2025-05-15T09:00:00Z,6.0,584.0,6.0,100,<Response [200]>,2025-11-02T13:40:36.434167,
,,,,,,CDG,,,,,BFS,,,,2025-10-14T23:59:59Z,2025-05-15T09:00:00Z,destination=CDG&origin=BFS&endRange=2025-10-14T23:59:59Z&startRange=2025-05-15T09:00:00Z,2.0,129.0,2.0,100,<Response [200]>,2025-11-02T13:40:36.455026,
,,,,,,CDG,,,,,BGO,,,,2025-10-14T23:59:59Z,2025-05-15T09:00:00Z,destination=CDG&origin=BGO&endRange=2025-10-14T23:59:59Z&startRange=2025-05-15T09:00:00Z,2.0,199.0,2.0,100,<Response [200]>,2025-11-02T13:40:36.479076,
,,,,,,CDG,,,,,BHX,,,,2025-10-14T23:59:59Z,2025-05-15T09:00:00Z,destination=CDG&origin=BHX&endRange=2025-10-14T23:59:59Z&startRange=2025-05-15T09:00:00Z,7.0,694.0,7.0,100,<Response [200]>,2025-11-02T13:40:36.501450,
,,,,,,CDG,,,,,BIA,,,,2025-10-14T23:59:59Z,2025-05-15T09:00:00Z,destination=CDG&origin=BIA&endRange=2025-10-14T23:59:59Z&startRange=2025-05-15T09:00:00Z,1.0,13.0,1.0,100,<Response [200]>,2025-11-02T13:40:36.520930,
,,,,,,CDG,,,,,BIO,,,,2025-10-14T23:59:59Z,2025-05-15T09:00:00Z,destination=CDG&origin=BIO&endRange=2025-10-14T23:59:59Z&startRange=2025-05-15T09:00:00Z,4.0,342.0,4.0,100,<Response [200]>,2025-11-02T13:40:36.542055,
,,,,,,CDG,,,,,BIQ,,,,2025-10-14T23:59:59Z,2025-05-15T09:00:00Z,destination=CDG&origin=BIQ&endRange=2025-10-14T23:59:59Z&startRange=2025-05-15T09:00:00Z,7.0,623.0,7.0,100,<Response [200]>,2025-11-02T13:40:36.564861,
,,,,,,CDG,,,,,BLL,,,,2025-10-14T23:59:59Z,2025-05-15T09:00:00Z,destination=CDG&origin=BLL&endRange=2025-10-14T23:59:59Z&startRange=2025-05-15T09:00:00Z,4.0,336.0,4.0,100,<Response [200]>,2025-11-02T13:40:36.586831,
,,,,,,CDG,,,,,BLQ,,,,2025-10-14T23:59:59Z,2025-05-15T09:00:00Z,destination=CDG&origin=BLQ&endRange=2025-10-14T23:59:59Z&startRange=2025-05-15T09:00:00Z,6.0,553.0,6.0,100,<Response [200]>,2025-11-02T13:40:36.609562,
,,,,,,CDG,,,,,BOD,,,,2025-10-14T23:59:59Z,2025-05-15T09:00:00Z,destination=CDG&origin=BOD&endRange=2025-10-14T23:59:59Z&startRange=2025-05-15T09:00:00Z,11.0,1058.0,11.0,100,<Response [200]>,2025-11-02T13:40:36.636293,
,,,,,,CDG,,,,,BRI,,,,2025-10-14T23:59:59Z,2025-05-15T09:00:00Z,destination=CDG&origin=BRI&endRange=2025-10-14T23:59:59Z&startRange=2025-05-15T09:00:00Z,2.0,197.0,2.0,100,<Response [200]>,2025-11-02T13:40:36.657396,
,,,,,,CDG,,,,,BRS,,,,2025-10-14T23:59:59Z,2025-05-15T09:00:00Z,destination=CDG&origin=BRS&endRange=2025-10-14T23:59:59Z&startRange=2025-05-15T09:00:00Z,4.0,379.0,4.0,100,<Response [200]>,2025-11-02T13:40:36.680118,
,,,,,,CDG,,,,,BRU,,,,2025-10-14T23:59:59Z,2025-05-15T09:00:00Z,destination=CDG&origin=BRU&endRange=2025-10-14T23:59:59Z&startRange=2025-05-15T09:00:00Z,5.0,443.0,5.0,100,<Response [200]>,2025-11-02T13:40:36.703673,
,,,,,,CDG,,,,,BSL,,,,2025-10-14T23:59:59Z,2025-05-15T09:00:00Z,destination=CDG&origin=BSL&endRange=2025-10-14T23:59:59Z&startRange=2025-05-15T09:00:00Z,3.0,279.0,3.0,100,<Response [200]>,2025-11-02T13:40:36.731925,
,,,,,,CDG,,,,,BUD,,,,2025-10-14T23:59:59Z,2025-05-15T09:00:00Z,destination=CDG&origin=BUD&endRange=2025-10-14T23:59:59Z&startRange=2025-05-15T09:00:00Z,5.0,498.0,5.0,100,<Response [200]>,2025-11-02T13:40:36.754679,
,,,,,,CDG,,,,,CAG,,,,2025-10-14T23:59:59Z,2025-05-15T09:00:00Z,destination=CDG&origin=CAG&endRange=2025-10-14T23:59:59Z&startRange=2025-05-15T09:00:00Z,1.0,60.0,1.0,100,<Response [200]>,2025-11-02T13:40:36.775910,
,,,,,,CDG,,,,,CFU,,,,2025-10-14T23:59:59Z,2025-05-15T09:00:00Z,destination=CDG&origin=CFU&endRange=2025-10-14T23:59:59Z&startRange=2025-05-15T09:00:00Z,2.0,111.0,2.0,100,<Response [200]>,2025-11-02T13:40:36.797796,
,,,,,,CDG,,,,,CHQ,,,,2025-10-14T23:59:59Z,2025-05-15T09:00:00Z,destination=CDG&origin=CHQ&endRange=2025-10-14T23:59:59Z&startRange=2025-05-15T09:00:00Z,1.0,5.0,1.0,100,<Response [200]>,2025-11-02T13:40:36.818373,
,,,,,,CDG,,,,,CPH,,,,2025-10-14T23:59:59Z,2025-05-15T09:00:00Z,destination=CDG&origin=CPH&endRange=2025-10-14T23:59:59Z&startRange=2025-05-15T09:00:00Z,15.0,1482.0,15.0,100,<Response [200]>,2025-11-02T13:40:36.845841,
,,,,,,CDG,,,,,CTA,,,,2025-10-14T23:59:59Z,2025-05-15T09:00:00Z,destination=CDG&origin=CTA&endRange=2025-10-14T23:59:59Z&startRange=2025-05-15T09:00:00Z,3.0,228.0,3.0,100,<Response [200]>,2025-11-02T13:40:36.866929,
,,,,,,CDG,,,,,DBV,,,,2025-10-14T23:59:59Z,2025-05-15T09:00:00Z,destination=CDG&origin=DBV&endRange=2025-10-14T23:59:59Z&startRange=2025-05-15T09:00:00Z,3.0,233.0,3.0,100,<Response [200]>,2025-11-02T13:40:36.890727,
,,,,,,CDG,,,,,DUB,,,,2025-10-14T23:59:59Z,2025-05-15T09:00:00Z,destination=CDG&origin=DUB&endRange=2025-10-14T23:59:59Z&startRange=2025-05-15T09:00:00Z,12.0,1192.0,12.0,100,<Response [200]>,2025-11-02T13:40:36.915995,
,,,,,,CDG,,,,,DUS,,,,2025-10-14T23:59:59Z,2025-05-15T09:00:00Z,destination=CDG&origin=DUS&endRange=2025-10-14T23:59:59Z&startRange=2025-05-15T09:00:00Z,7.0,656.0,7.0,100,<Response [200]>,2025-11-02T13:40:36.939863,
,,,,,,CDG,,,,,EDI,,,,2025-10-14T23:59:59Z,2025-05-15T09:00:00Z,destination=CDG&origin=EDI&endRange=2025-10-14T23:59:59Z&startRange=2025-05-15T09:00:00Z,9.0,814.0,9.0,100,<Response [200]>,2025-11-02T13:40:36.964280,
,,,,,,CDG,,,,,FAE,,,,2025-10-14T23:59:59Z,2025-05-15T09:00:00Z,destination=CDG&origin=FAE&endRange=2025-10-14T23:59:59Z&startRange=2025-05-15T09:00:00Z,1.0,60.0,1.0,100,<Response [200]>,2025-11-02T13:40:36.985181,
,,,,,,CDG,,,,,FAO,,,,2025-10-14T23:59:59Z,2025-05-15T09:00:00Z,destination=CDG&origin=FAO&endRange=2025-10-14T23:59:59Z&startRange=2025-05-15T09:00:00Z,1.0,64.0,1.0,100,<Response [200]>,2025-11-02T13:40:37.005289,
,,,,,,CDG,,,,,FCO,,,,2025-10-14T23:59:59Z,2025-05-15T09:00:00Z,destination=CDG&origin=FCO&endRange=2025-10-14T23:59:59Z&startRange=2025-05-15T09:00:00Z,17.0,1675.0,17.0,100,<Response [200]>,2025-11-02T13:40:37.036840,
,,,,,,CDG,,,,,FLR,,,,2025-10-14T23:59:59Z,2025-05-15T09:00:00Z,destination=CDG&origin=FLR&endRange=2025-10-14T23:59:59Z&startRange=2025-05-15T09:00:00Z,11.0,1029.0,11.0,100,<Response [200]>,2025-11-02T13:40:37.063067,
,,,,,,CDG,,,,,FNC,,,,2025-10-14T23:59:59Z,2025-05-15T09:00:00Z,destination=CDG&origin=FNC&endRange=2025-10-14T23:59:59Z&startRange=2025-05-15T09:00:00Z,2.0,102.0,2.0,100,<Response [200]>,2025-11-02T13:40:37.084685,
,,,,,,CDG,,,,,FRA,,,,2025-10-14T23:59:59Z,2025-05-15T09:00:00Z,destination=CDG&origin=FRA&endRange=2025-10-14T23:59:59Z&startRange=2025-05-15T09:00:00Z,18.0,1738.0,18.0,100,<Response [200]>,2025-11-02T13:40:37.113368,
,,,,,,CDG,,,,,FSC,,,,2025-10-14T23:59:59Z,2025-05-15T09:00:00Z,destination=CDG&origin=FSC&endRange=2025-10-14T23:59:59Z&startRange=2025-05-15T09:00:00Z,2.0,200.0,2.0,100,<Response [200]>,2025-11-02T13:40:37.135592,
,,,,,,CDG,,,,,FUE,,,,2025-10-14T23:59:59Z,2025-05-15T09:00:00Z,destination=CDG&origin=FUE&endRange=2025-10-14T23:59:59Z&startRange=2025-05-15T09:00:00Z,1.0,10.0,1.0,100,<Response [200]>,2025-11-02T13:40:37.157765,
,,,,,,CDG,,,,,GLA,,,,2025-10-14T23:59:59Z,2025-05-15T09:00:00Z,destination=CDG&origin=GLA&endRange=2025-10-14T23:59:59Z&startRange=2025-05-15T09:00:00Z,4.0,344.0,4.0,100,<Response [200]>,2025-11-02T13:40:37.181483,
,,,,,,CDG,,,,,GOT,,,,2025-10-14T23:59:59Z,2025-05-15T09:00:00Z,destination=CDG&origin=GOT&endRange=2025-10-14T23:59:59Z&startRange=2025-05-15T09:00:00Z,4.0,347.0,4.0,100,<Response [200]>,2025-11-02T13:40:37.204753,
,,,,,,CDG,,,,,GVA,,,,2025-10-14T23:59:59Z,2025-05-15T09:00:00Z,destination=CDG&origin=GVA&endRange=2025-10-14T23:59:59Z&startRange=2025-05-15T09:00:00Z,11.0,1044.0,11.0,100,<Response [200]>,2025-11-02T13:40:37.230650,
,,,,,,CDG,,,,,HAJ,,,,2025-10-14T23:59:59Z,2025-05-15T09:00:00Z,destination=CDG&origin=HAJ&endRange=2025-10-14T23:59:59Z&startRange=2025-05-15T09:00:00Z,5.0,419.0,5.0,100,<Response [200]>,2025-11-02T13:40:37.254977,
,,,,,,CDG,,,,,HAM,,,,2025-10-14T23:59:59Z,2025-05-15T09:00:00Z,destination=CDG&origin=HAM&endRange=2025-10-14T23:59:59Z&startRange=2025-05-15T09:00:00Z,8.0,790.0,8.0,100,<Response [200]>,2025-11-02T13:40:37.282331,
,,,,,,CDG,,,,,HEL,,,,2025-10-14T23:59:59Z,2025-05-15T09:00:00Z,destination=CDG&origin=HEL&endRange=2025-10-14T23:59:59Z&startRange=2025-05-15T09:00:00Z,10.0,902.0,10.0,100,<Response [200]>,2025-11-02T13:40:37.309509,
,,,,,,CDG,,,,,HER,,,,2025-10-14T23:59:59Z,2025-05-15T09:00:00Z,destination=CDG&origin=HER&endRange=2025-10-14T23:59:59Z&startRange=2025-05-15T09:00:00Z,5.0,451.0,5.0,100,<Response [200]>,2025-11-02T13:40:37.335941,
,,,,,,CDG,,,,,IBZ,,,,2025-10-14T23:59:59Z,2025-05-15T09:00:00Z,destination=CDG&origin=IBZ&endRange=2025-10-14T23:59:59Z&startRange=2025-05-15T09:00:00Z,3.0,205.0,3.0,100,<Response [200]>,2025-11-02T13:40:37.358107,
,,,,,,CDG,,,,,JER,,,,2025-10-14T23:59:59Z,2025-05-15T09:00:00Z,destination=CDG&origin=JER&endRange=2025-10-14T23:59:59Z&startRange=2025-05-15T09:00:00Z,1.0,42.0,1.0,100,<Response [200]>,2025-11-02T13:40:37.381329,
,,,,,,CDG,,,,,JMK,,,,2025-10-14T23:59:59Z,2025-05-15T09:00:00Z,destination=CDG&origin=JMK&endRange=2025-10-14T23:59:59Z&startRange=2025-05-15T09:00:00Z,1.0,94.0,1.0,100,<Response [200]>,2025-11-02T13:40:37.402275,
,,,,,,CDG,,,,,JTR,,,,2025-10-14T23:59:59Z,2025-05-15T09:00:00Z,destination=CDG&origin=JTR&endRange=2025-10-14T23:59:59Z&startRange=2025-05-15T09:00:00Z,1.0,96.0,1.0,100,<Response [200]>,2025-11-02T13:40:37.423703,
,,,,,,CDG,,,,,KEF,,,,2025-10-14T23:59:59Z,2025-05-15T09:00:00Z,destination=CDG&origin=KEF&endRange=2025-10-14T23:59:59Z&startRange=2025-05-15T09:00:00Z,6.0,553.0,6.0,100,<Response [200]>,2025-11-02T13:40:37.454876,
,,,,,,CDG,,,,,KGS,,,,2025-10-14T23:59:59Z,2025-05-15T09:00:00Z,destination=CDG&origin=KGS&endRange=2025-10-14T23:59:59Z&startRange=2025-05-15T09:00:00Z,1.0,14.0,1.0,100,<Response [200]>,2025-11-02T13:40:37.486494,
,,,,,,CDG,,,,,KRK,,,,2025-10-14T23:59:59Z,2025-05-15T09:00:00Z,destination=CDG&origin=KRK&endRange=2025-10-14T23:59:59Z&startRange=2025-05-15T09:00:00Z,3.0,284.0,3.0,100,<Response [200]>,2025-11-02T13:40:37.515344,
,,,,,,CDG,,,,,LBA,,,,2025-10-14T23:59:59Z,2025-05-15T09:00:00Z,destination=CDG&origin=LBA&endRange=2025-10-14T23:59:59Z&startRange=2025-05-15T09:00:00Z,2.0,113.0,2.0,100,<Response [200]>,2025-11-02T13:40:37.541158,
,,,,,,CDG,,,,,LGW,,,,2025-10-14T23:59:59Z,2025-05-15T09:00:00Z,destination=CDG&origin=LGW&endRange=2025-10-14T23:59:59Z&startRange=2025-05-15T09:00:00Z,7.0,638.0,7.0,100,<Response [200]>,2025-11-02T13:40:37.573110,
,,,,,,CDG,,,,,LHR,,,,2025-10-14T23:59:59Z,2025-05-15T09:00:00Z,destination=CDG&origin=LHR&endRange=2025-10-14T23:59:59Z&startRange=2025-05-15T09:00:00Z,19.0,1827.0,19.0,100,<Response [200]>,2025-11-02T13:40:37.608537,
,,,,,,CDG,,,,,LIN,,,,2025-10-14T23:59:59Z,2025-05-15T09:00:00Z,destination=CDG&origin=LIN&endRange=2025-10-14T23:59:59Z&startRange=2025-05-15T09:00:00Z,14.0,1311.0,14.0,100,<Response [200]>,2025-11-02T13:40:37.640513,
,,,,,,CDG,,,,,LIS,,,,2025-10-14T23:59:59Z,2025-05-15T09:00:00Z,destination=CDG&origin=LIS&endRange=2025-10-14T23:59:59Z&startRange=2025-05-15T09:00:00Z,10.0,909.0,10.0,100,<Response [200]>,2025-11-02T13:40:37.668757,
,,,,,,CDG,,,,,LJU,,,,2025-10-14T23:59:59Z,2025-05-15T09:00:00Z,destination=CDG&origin=LJU&endRange=2025-10-14T23:59:59Z&startRange=2025-05-15T09:00:00Z,2.0,174.0,2.0,100,<Response [200]>,2025-11-02T13:40:37.691861,
,,,,,,CDG,,,,,LPA,,,,2025-10-14T23:59:59Z,2025-05-15T09:00:00Z,destination=CDG&origin=LPA&endRange=2025-10-14T23:59:59Z&startRange=2025-05-15T09:00:00Z,2.0,132.0,2.0,100,<Response [200]>,2025-11-02T13:40:37.715662,
,,,,,,CDG,,,,,LPL,,,,2025-10-14T23:59:59Z,2025-05-15T09:00:00Z,destination=CDG&origin=LPL&endRange=2025-10-14T23:59:59Z&startRange=2025-05-15T09:00:00Z,1.0,98.0,1.0,100,<Response [200]>,2025-11-02T13:40:37.737821,
,,,,,,CDG,,,,,LTN,,,,2025-10-14T23:59:59Z,2025-05-15T09:00:00Z,destination=CDG&origin=LTN&endRange=2025-10-14T23:59:59Z&startRange=2025-05-15T09:00:00Z,5.0,499.0,5.0,100,<Response [200]>,2025-11-02T13:40:37.762446,
,,,,,,CDG,,,,,LUX,,,,2025-10-14T23:59:59Z,2025-05-15T09:00:00Z,destination=CDG&origin=LUX&endRange=2025-10-14T23:59:59Z&startRange=2025-05-15T09:00:00Z,4.0,361.0,4.0,100,<Response [200]>,2025-11-02T13:40:37.786397,
,,,,,,CDG,,,,,LYS,,,,2025-10-14T23:59:59Z,2025-05-15T09:00:00Z,destination=CDG&origin=LYS&endRange=2025-10-14T23:59:59Z&startRange=2025-05-15T09:00:00Z,8.0,799.0,8.0,100,<Response [200]>,2025-11-02T13:40:37.813660,
,,,,,,CDG,,,,,MAD,,,,2025-10-14T23:59:59Z,2025-05-15T09:00:00Z,destination=CDG&origin=MAD&endRange=2025-10-14T23:59:59Z&startRange=2025-05-15T09:00:00Z,13.0,1253.0,13.0,100,<Response [200]>,2025-11-02T13:40:37.841033,
,,,,,,CDG,,,,,MAH,,,,2025-10-14T23:59:59Z,2025-05-15T09:00:00Z,destination=CDG&origin=MAH&endRange=2025-10-14T23:59:59Z&startRange=2025-05-15T09:00:00Z,1.0,50.0,1.0,100,<Response [200]>,2025-11-02T13:40:37.861935,
,,,,,,CDG,,,,,MAN,,,,2025-10-14T23:59:59Z,2025-05-15T09:00:00Z,destination=CDG&origin=MAN&endRange=2025-10-14T23:59:59Z&startRange=2025-05-15T09:00:00Z,12.0,1135.0,12.0,100,<Response [200]>,2025-11-02T13:40:37.889549,
,,,,,,CDG,,,,,MLA,,,,2025-10-14T23:59:59Z,2025-05-15T09:00:00Z,destination=CDG&origin=MLA&endRange=2025-10-14T23:59:59Z&startRange=2025-05-15T09:00:00Z,3.0,230.0,3.0,100,<Response [200]>,2025-11-02T13:40:37.912229,
,,,,,,CDG,,,,,MRS,,,,2025-10-14T23:59:59Z,2025-05-15T09:00:00Z,destination=CDG&origin=MRS&endRange=2025-10-14T23:59:59Z&startRange=2025-05-15T09:00:00Z,13.0,1263.0,13.0,100,<Response [200]>,2025-11-02T13:40:37.940576,
,,,,,,CDG,,,,,MUC,,,,2025-10-14T23:59:59Z,2025-05-15T09:00:00Z,destination=CDG&origin=MUC&endRange=2025-10-14T23:59:59Z&startRange=2025-05-15T09:00:00Z,16.0,1532.0,16.0,100,<Response [200]>,2025-11-02T13:40:37.970417,
,,,,,,CDG,,,,,MXP,,,,2025-10-14T23:59:59Z,2025-05-15T09:00:00Z,destination=CDG&origin=MXP&endRange=2025-10-14T23:59:59Z&startRange=2025-05-15T09:00:00Z,12.0,1164.0,12.0,100,<Response [200]>,2025-11-02T13:40:37.998729,
,,,,,,CDG,,,,,NAP,,,,2025-10-14T23:59:59Z,2025-05-15T09:00:00Z,destination=CDG&origin=NAP&endRange=2025-10-14T23:59:59Z&startRange=2025-05-15T09:00:00Z,5.0,485.0,5.0,100,<Response [200]>,2025-11-02T13:40:38.024632,
,,,,,,CDG,,,,,NCE,,,,2025-10-14T23:59:59Z,2025-05-15T09:00:00Z,destination=CDG&origin=NCE&endRange=2025-10-14T23:59:59Z&startRange=2025-05-15T09:00:00Z,21.0,2015.0,21.0,100,<Response [200]>,2025-11-02T13:40:38.057602,
,,,,,,CDG,,,,,NCL,,,,2025-10-14T23:59:59Z,2025-05-15T09:00:00Z,destination=CDG&origin=NCL&endRange=2025-10-14T23:59:59Z&startRange=2025-05-15T09:00:00Z,5.0,409.0,5.0,100,<Response [200]>,2025-11-02T13:40:38.082655,
,,,,,,CDG,,,,,NTE,,,,2025-10-14T23:59:59Z,2025-05-15T09:00:00Z,destination=CDG&origin=NTE&endRange=2025-10-14T23:59:59Z&startRange=2025-05-15T09:00:00Z,8.0,707.0,8.0,100,<Response [200]>,2025-11-02T13:40:38.108045,
,,,,,,CDG,,,,,NUE,,,,2025-10-14T23:59:59Z,2025-05-15T09:00:00Z,destination=CDG&origin=NUE&endRange=2025-10-14T23:59:59Z&startRange=2025-05-15T09:00:00Z,3.0,286.0,3.0,100,<Response [200]>,2025-11-02T13:40:38.129506,
,,,,,,CDG,,,,,OLB,,,,2025-10-14T23:59:59Z,2025-05-15T09:00:00Z,destination=CDG&origin=OLB&endRange=2025-10-14T23:59:59Z&startRange=2025-05-15T09:00:00Z,2.0,166.0,2.0,100,<Response [200]>,2025-11-02T13:40:38.151200,
,,,,,,CDG,,,,,OPO,,,,2025-10-14T23:59:59Z,2025-05-15T09:00:00Z,destination=CDG&origin=OPO&endRange=2025-10-14T23:59:59Z&startRange=2025-05-15T09:00:00Z,3.0,280.0,3.0,100,<Response [200]>,2025-11-02T13:40:38.174277,
,,,,,,CDG,,,,,ORK,,,,2025-10-14T23:59:59Z,2025-05-15T09:00:00Z,destination=CDG&origin=ORK&endRange=2025-10-14T23:59:59Z&startRange=2025-05-15T09:00:00Z,2.0,162.0,2.0,100,<Response [200]>,2025-11-02T13:40:38.198253,
,,,,,,CDG,,,,,OSL,,,,2025-10-14T23:59:59Z,2025-05-15T09:00:00Z,destination=CDG&origin=OSL&endRange=2025-10-14T23:59:59Z&startRange=2025-05-15T09:00:00Z,11.0,1004.0,11.0,100,<Response [200]>,2025-11-02T13:40:38.228220,
,,,,,,CDG,,,,,OTP,,,,2025-10-14T23:59:59Z,2025-05-15T09:00:00Z,destination=CDG&origin=OTP&endRange=2025-10-14T23:59:59Z&startRange=2025-05-15T09:00:00Z,8.0,775.0,8.0,100,<Response [200]>,2025-11-02T13:40:38.254338,
,,,,,,CDG,,,,,PDL,,,,2025-10-14T23:59:59Z,2025-05-15T09:00:00Z,destination=CDG&origin=PDL&endRange=2025-10-14T23:59:59Z&startRange=2025-05-15T09:00:00Z,1.0,81.0,1.0,100,<Response [200]>,2025-11-02T13:40:38.276292,
,,,,,,CDG,,,,,PMI,,,,2025-10-14T23:59:59Z,2025-05-15T09:00:00Z,destination=CDG&origin=PMI&endRange=2025-10-14T23:59:59Z&startRange=2025-05-15T09:00:00Z,4.0,307.0,4.0,100,<Response [200]>,2025-11-02T13:40:38.299318,
,,,,,,CDG,,,,,PMO,,,,2025-10-14T23:59:59Z,2025-05-15T09:00:00Z,destination=CDG&origin=PMO&endRange=2025-10-14T23:59:59Z&startRange=2025-05-15T09:00:00Z,2.0,137.0,2.0,100,<Response [200]>,2025-11-02T13:40:38.320342,
,,,,,,CDG,,,,,PRG,,,,2025-10-14T23:59:59Z,2025-05-15T09:00:00Z,destination=CDG&origin=PRG&endRange=2025-10-14T23:59:59Z&startRange=2025-05-15T09:00:00Z,8.0,788.0,8.0,100,<Response [200]>,2025-11-02T13:40:38.347114,
,,,,,,CDG,,,,,PRN,,,,2025-10-14T23:59:59Z,2025-05-15T09:00:00Z,destination=CDG&origin=PRN&endRange=2025-10-14T23:59:59Z&startRange=2025-05-15T09:00:00Z,1.0,39.0,1.0,100,<Response [200]>,2025-11-02T13:40:38.368934,
,,,,,,CDG,,,,,PUF,,,,2025-10-14T23:59:59Z,2025-05-15T09:00:00Z,destination=CDG&origin=PUF&endRange=2025-10-14T23:59:59Z&startRange=2025-05-15T09:00:00Z,6.0,517.0,6.0,100,<Response [200]>,2025-11-02T13:40:38.394053,
,,,,,,CDG,,,,,RHO,,,,2025-10-14T23:59:59Z,2025-05-15T09:00:00Z,destination=CDG&origin=RHO&endRange=2025-10-14T23:59:59Z&startRange=2025-05-15T09:00:00Z,1.0,60.0,1.0,100,<Response [200]>,2025-11-02T13:40:38.414873,
,,,,,,CDG,,,,,RIX,,,,2025-10-14T23:59:59Z,2025-05-15T09:00:00Z,destination=CDG&origin=RIX&endRange=2025-10-14T23:59:59Z&startRange=2025-05-15T09:00:00Z,3.0,239.0,3.0,100,<Response [200]>,2025-11-02T13:40:38.436922,
,,,,,,CDG,,,,,RMO,,,,2025-10-14T23:59:59Z,2025-05-15T09:00:00Z,destination=CDG&origin=RMO&endRange=2025-10-14T23:59:59Z&startRange=2025-05-15T09:00:00Z,1.0,82.0,1.0,100,<Response [200]>,2025-11-02T13:40:38.456894,
,,,,,,CDG,,,,,SCQ,,,,2025-10-14T23:59:59Z,2025-05-15T09:00:00Z,destination=CDG&origin=SCQ&endRange=2025-10-14T23:59:59Z&startRange=2025-05-15T09:00:00Z,1.0,97.0,1.0,100,<Response [200]>,2025-11-02T13:40:38.480400,
,,,,,,CDG,,,,,SDR,,,,2025-10-14T23:59:59Z,2025-05-15T09:00:00Z,destination=CDG&origin=SDR&endRange=2025-10-14T23:59:59Z&startRange=2025-05-15T09:00:00Z,1.0,2.0,1.0,100,<Response [200]>,2025-11-02T13:40:38.501490,
,,,,,,CDG,,,,,SEN,,,,2025-10-14T23:59:59Z,2025-05-15T09:00:00Z,destination=CDG&origin=SEN&endRange=2025-10-14T23:59:59Z&startRange=2025-05-15T09:00:00Z,1.0,76.0,1.0,100,<Response [200]>,2025-11-02T13:40:38.522526,
,,,,,,CDG,,,,,SKG,,,,2025-10-14T23:59:59Z,2025-05-15T09:00:00Z,destination=CDG&origin=SKG&endRange=2025-10-14T23:59:59Z&startRange=2025-05-15T09:00:00Z,1.0,58.0,1.0,100,<Response [200]>,2025-11-02T13:40:38.544462,
,,,,,,CDG,,,,,SNN,,,,2025-10-14T23:59:59Z,2025-05-15T09:00:00Z,destination=CDG&origin=SNN&endRange=2025-10-14T23:59:59Z&startRange=2025-05-15T09:00:00Z,1.0,44.0,1.0,100,<Response [200]>,2025-11-02T13:40:38.566392,
,,,,,,CDG,,,,,SOF,,,,2025-10-14T23:59:59Z,2025-05-15T09:00:00Z,destination=CDG&origin=SOF&endRange=2025-10-14T23:59:59Z&startRange=2025-05-15T09:00:00Z,2.0,154.0,2.0,100,<Response [200]>,2025-11-02T13:40:38.588850,
,,,,,,CDG,,,,,SPU,,,,2025-10-14T23:59:59Z,2025-05-15T09:00:00Z,destination=CDG&origin=SPU&endRange=2025-10-14T23:59:59Z&startRange=2025-05-15T09:00:00Z,3.0,265.0,3.0,100,<Response [200]>,2025-11-02T13:40:38.610715,
,,,,,,CDG,,,,,STR,,,,2025-10-14T23:59:59Z,2025-05-15T09:00:00Z,destination=CDG&origin=STR&endRange=2025-10-14T23:59:59Z&startRange=2025-05-15T09:00:00Z,3.0,257.0,3.0,100,<Response [200]>,2025-11-02T13:40:38.632400,
,,,,,,CDG,,,,,SVG,,,,2025-10-14T23:59:59Z,2025-05-15T09:00:00Z,destination=CDG&origin=SVG&endRange=2025-10-14T23:59:59Z&startRange=2025-05-15T09:00:00Z,1.0,44.0,1.0,100,<Response [200]>,2025-11-02T13:40:38.652140,
,,,,,,CDG,,,,,SVQ,,,,2025-10-14T23:59:59Z,2025-05-15T09:00:00Z,destination=CDG&origin=SVQ&endRange=2025-10-14T23:59:59Z&startRange=2025-05-15T09:00:00Z,5.0,408.0,5.0,100,<Response [200]>,2025-11-02T13:40:38.675445,
,,,,,,CDG,,,,,TFS,,,,2025-10-14T23:59:59Z,2025-05-15T09:00:00Z,destination=CDG&origin=TFS&endRange=2025-10-14T23:59:59Z&startRange=2025-05-15T09:00:00Z,1.0,85.0,1.0,100,<Response [200]>,2025-11-02T13:40:38.695294,
,,,,,,CDG,,,,,TGD,,,,2025-10-14T23:59:59Z,2025-05-15T09:00:00Z,destination=CDG&origin=TGD&endRange=2025-10-14T23:59:59Z&startRange=2025-05-15T09:00:00Z,1.0,52.0,1.0,100,<Response [200]>,2025-11-02T13:40:38.717230,
,,,,,,CDG,,,,,TIA,,,,2025-10-14T23:59:59Z,2025-05-15T09:00:00Z,destination=CDG&origin=TIA&endRange=2025-10-14T23:59:59Z&startRange=2025-05-15T09:00:00Z,1.0,18.0,1.0,100,<Response [200]>,2025-11-02T13:40:38.738079,
,,,,,,CDG,,,,,TLL,,,,2025-10-14T23:59:59Z,2025-05-15T09:00:00Z,destination=CDG&origin=TLL&endRange=2025-10-14T23:59:59Z&startRange=2025-05-15T09:00:00Z,2.0,106.0,2.0,100,<Response [200]>,2025-11-02T13:40:38.759128,
,,,,,,CDG,,,,,TLS,,,,2025-10-14T23:59:59Z,2025-05-15T09:00:00Z,destination=CDG&origin=TLS&endRange=2025-10-14T23:59:59Z&startRange=2025-05-15T09:00:00Z,14.0,1308.0,14.0,100,<Response [200]>,2025-11-02T13:40:38.789722,
,,,,,,CDG,,,,,TOS,,,,2025-10-14T23:59:59Z,2025-05-15T09:00:00Z,destination=CDG&origin=TOS&endRange=2025-10-14T23:59:59Z&startRange=2025-05-15T09:00:00Z,1.0,20.0,1.0,100,<Response [200]>,2025-11-02T13:40:38.810338,
,,,,,,CDG,,,,,TRN,,,,2025-10-14T23:59:59Z,2025-05-15T09:00:00Z,destination=CDG&origin=TRN&endRange=2025-10-14T23:59:59Z&startRange=2025-05-15T09:00:00Z,5.0,439.0,5.0,100,<Response [200]>,2025-11-02T13:40:38.833584,
,,,,,,CDG,,,,,VAR,,,,2025-10-14T23:59:59Z,2025-05-15T09:00:00Z,destination=CDG&origin=VAR&endRange=2025-10-14T23:59:59Z&startRange=2025-05-15T09:00:00Z,1.0,36.0,1.0,100,<Response [200]>,2025-11-02T13:40:38.853660,
,,,,,,CDG,,,,,VCE,,,,2025-10-14T23:59:59Z,2025-05-15T09:00:00Z,destination=CDG&origin=VCE&endRange=2025-10-14T23:59:59Z&startRange=2025-05-15T09:00:00Z,10.0,995.0,10.0,100,<Response [200]>,2025-11-02T13:40:38.880271,
,,,,,,CDG,,,,,VIE,,,,2025-10-14T23:59:59Z,2025-05-15T09:00:00Z,destination=CDG&origin=VIE&endRange=2025-10-14T23:59:59Z&startRange=2025-05-15T09:00:00Z,13.0,1263.0,13.0,100,<Response [200]>,2025-11-02T13:40:38.909509,
,,,,,,CDG,,,,,VLC,,,,2025-10-14T23:59:59Z,2025-05-15T09:00:00Z,destination=CDG&origin=VLC&endRange=2025-10-14T23:59:59Z&startRange=2025-05-15T09:00:00Z,5.0,455.0,5.0,100,<Response [200]>,2025-11-02T13:40:38.933282,
,,,,,,CDG,,,,,VNO,,,,2025-10-14T23:59:59Z,2025-05-15T09:00:00Z,destination=CDG&origin=VNO&endRange=2025-10-14T23:59:59Z&startRange=2025-05-15T09:00:00Z,2.0,109.0,2.0,100,<Response [200]>,2025-11-02T13:40:38.955784,
,,,,,,CDG,,,,,VRN,,,,2025-10-14T23:59:59Z,2025-05-15T09:00:00Z,destination=CDG&origin=VRN&endRange=2025-10-14T23:59:59Z&startRange=2025-05-15T09:00:00Z,1.0,81.0,1.0,100,<Response [200]>,2025-11-02T13:40:38.979028,
,,,,,,CDG,,,,,WAW,,,,2025-10-14T23:59:59Z,2025-05-15T09:00:00Z,destination=CDG&origin=WAW&endRange=2025-10-14T23:59:59Z&startRange=2025-05-15T09:00:00Z,10.0,993.0,10.0,100,<Response [200]>,2025-11-02T13:40:39.006906,
,,,,,,CDG,,,,,ZAG,,,,2025-10-14T23:59:59Z,2025-05-15T09:00:00Z,destination=CDG&origin=ZAG&endRange=2025-10-14T23:59:59Z&startRange=2025-05-15T09:00:00Z,4.0,382.0,4.0,100,<Response [200]>,2025-11-02T13:40:39.028883,
,,,,,,CDG,,,,,ZRH,,,,2025-10-14T23:59:59Z,2025-05-15T09:00:00Z,destination=CDG&origin=ZRH&endRange=2025-10-14T23:59:59Z&startRange=2025-05-15T09:00:00Z,11.0,1083.0,11.0,100,<Response [200]>,2025-11-02T13:40:39.057466,
,,,,,,CFU,,,,,AMS,,,,2025-10-14T23:59:59Z,2025-05-15T09:00:00Z,destination=CFU&origin=AMS&endRange=2025-10-14T23:59:59Z&startRange=2025-05-15T09:00:00Z,2.0,184.0,2.0,100,<Response [200]>,2025-11-02T13:40:39.078660,
,,,,,,CFU,,,,,CDG,,,,2025-10-14T23:59:59Z,2025-05-15T09:00:00Z,destination=CFU&origin=CDG&endRange=2025-10-14T23:59:59Z&startRange=2025-05-15T09:00:00Z,2.0,110.0,2.0,100,<Response [200]>,2025-11-02T13:40:39.100649,
,,,,,,CFU,,,,,FCO,,,,2025-10-14T23:59:59Z,2025-05-15T09:00:00Z,destination=CFU&origin=FCO&endRange=2025-10-14T23:59:59Z&startRange=2025-05-15T09:00:00Z,1.0,13.0,1.0,100,<Response [200]>,2025-11-02T13:40:39.121551,
,,,,,,CFU,,,,,ORY,,,,2025-10-14T23:59:59Z,2025-05-15T09:00:00Z,destination=CFU&origin=ORY&endRange=2025-10-14T23:59:59Z&startRange=2025-05-15T09:00:00Z,2.0,193.0,2.0,100,<Response [200]>,2025-11-02T13:40:39.142765,
,,,,,,CGN,,,,,AMS,,,,2025-10-14T23:59:59Z,2025-05-15T09:00:00Z,destination=CGN&origin=AMS&endRange=2025-10-14T23:59:59Z&startRange=2025-05-15T09:00:00Z,1.0,1.0,1.0,100,<Response [200]>,2025-11-02T13:40:39.163154,
,,,,,,CHQ,,,,,AMS,,,,2025-10-14T23:59:59Z,2025-05-15T09:00:00Z,destination=CHQ&origin=AMS&endRange=2025-10-14T23:59:59Z&startRange=2025-05-15T09:00:00Z,2.0,131.0,2.0,100,<Response [200]>,2025-11-02T13:40:39.183755,
,,,,,,CHQ,,,,,LYS,,,,2025-10-14T23:59:59Z,2025-05-15T09:00:00Z,destination=CHQ&origin=LYS&endRange=2025-10-14T23:59:59Z&startRange=2025-05-15T09:00:00Z,1.0,30.0,1.0,100,<Response [200]>,2025-11-02T13:40:39.204452,
,,,,,,CHQ,,,,,ORY,,,,2025-10-14T23:59:59Z,2025-05-15T09:00:00Z,destination=CHQ&origin=ORY&endRange=2025-10-14T23:59:59Z&startRange=2025-05-15T09:00:00Z,2.0,161.0,2.0,100,<Response [200]>,2025-11-02T13:40:39.226130,
,,,,,,CLJ,,,,,OTP,,,,2025-10-14T23:59:59Z,2025-05-15T09:00:00Z,destination=CLJ&origin=OTP&endRange=2025-10-14T23:59:59Z&startRange=2025-05-15T09:00:00Z,5.0,410.0,5.0,100,<Response [200]>,2025-11-02T13:40:39.250338,
,,,,,,CPH,,,,,AAL,,,,2025-10-14T23:59:59Z,2025-05-15T09:00:00Z,destination=CPH&origin=AAL&endRange=2025-10-14T23:59:59Z&startRange=2025-05-15T09:00:00Z,10.0,916.0,10.0,100,<Response [200]>,2025-11-02T13:40:39.276491,
,,,,,,CPH,,,,,AAR,,,,2025-10-14T23:59:59Z,2025-05-15T09:00:00Z,destination=CPH&origin=AAR&endRange=2025-10-14T23:59:59Z&startRange=2025-05-15T09:00:00Z,6.0,550.0,6.0,100,<Response [200]>,2025-11-02T13:40:39.300467,
,,,,,,CPH,,,,,AES,,,,2025-10-14T23:59:59Z,2025-05-15T09:00:00Z,destination=CPH&origin=AES&endRange=2025-10-14T23:59:59Z&startRange=2025-05-15T09:00:00Z,1.0,54.0,1.0,100,<Response [200]>,2025-11-02T13:40:39.320820,
,,,,,,CPH,,,,,AMS,,,,2025-10-14T23:59:59Z,2025-05-15T09:00:00Z,destination=CPH&origin=AMS&endRange=2025-10-14T23:59:59Z&startRange=2025-05-15T09:00:00Z,21.0,2008.0,21.0,100,<Response [200]>,2025-11-02T13:40:39.351179,
,,,,,,CPH,,,,,ARN,,,,2025-10-14T23:59:59Z,2025-05-15T09:00:00Z,destination=CPH&origin=ARN&endRange=2025-10-14T23:59:59Z&startRange=2025-05-15T09:00:00Z,8.0,773.0,8.0,100,<Response [200]>,2025-11-02T13:40:39.376379,
,,,,,,CPH,,,,,BGO,,,,2025-10-14T23:59:59Z,2025-05-15T09:00:00Z,destination=CPH&origin=BGO&endRange=2025-10-14T23:59:59Z&startRange=2025-05-15T09:00:00Z,7.0,605.0,7.0,100,<Response [200]>,2025-11-02T13:40:39.400833,
,,,,,,CPH,,,,,CDG,,,,2025-10-14T23:59:59Z,2025-05-15T09:00:00Z,destination=CPH&origin=CDG&endRange=2025-10-14T23:59:59Z&startRange=2025-05-15T09:00:00Z,15.0,1484.0,15.0,100,<Response [200]>,2025-11-02T13:40:39.429526,
,,,,,,CPH,,,,,FAE,,,,2025-10-14T23:59:59Z,2025-05-15T09:00:00Z,destination=CPH&origin=FAE&endRange=2025-10-14T23:59:59Z&startRange=2025-05-15T09:00:00Z,6.0,526.0,6.0,100,<Response [200]>,2025-11-02T13:40:39.453550,
,,,,,,CPH,,,,,HEL,,,,2025-10-14T23:59:59Z,2025-05-15T09:00:00Z,destination=CPH&origin=HEL&endRange=2025-10-14T23:59:59Z&startRange=2025-05-15T09:00:00Z,4.0,315.0,4.0,100,<Response [200]>,2025-11-02T13:40:39.476956,
,,,,,,CPH,,,,,KEF,,,,2025-10-14T23:59:59Z,2025-05-15T09:00:00Z,destination=CPH&origin=KEF&endRange=2025-10-14T23:59:59Z&startRange=2025-05-15T09:00:00Z,2.0,175.0,2.0,100,<Response [200]>,2025-11-02T13:40:39.498611,
,,,,,,CPH,,,,,KRS,,,,2025-10-14T23:59:59Z,2025-05-15T09:00:00Z,destination=CPH&origin=KRS&endRange=2025-10-14T23:59:59Z&startRange=2025-05-15T09:00:00Z,3.0,229.0,3.0,100,<Response [200]>,2025-11-02T13:40:39.521121,
,,,,,,CPH,,,,,ORY,,,,2025-10-14T23:59:59Z,2025-05-15T09:00:00Z,destination=CPH&origin=ORY&endRange=2025-10-14T23:59:59Z&startRange=2025-05-15T09:00:00Z,2.0,101.0,2.0,100,<Response [200]>,2025-11-02T13:40:39.542368,
,,,,,,CPH,,,,,PLQ,,,,2025-10-14T23:59:59Z,2025-05-15T09:00:00Z,destination=CPH&origin=PLQ&endRange=2025-10-14T23:59:59Z&startRange=2025-05-15T09:00:00Z,4.0,302.0,4.0,100,<Response [200]>,2025-11-02T13:40:39.566166,
,,,,,,CPH,,,,,SVG,,,,2025-10-14T23:59:59Z,2025-05-15T09:00:00Z,destination=CPH&origin=SVG&endRange=2025-10-14T23:59:59Z&startRange=2025-05-15T09:00:00Z,6.0,563.0,6.0,100,<Response [200]>,2025-11-02T13:40:39.590138,
,,,,,,CPH,,,,,TLL,,,,2025-10-14T23:59:59Z,2025-05-15T09:00:00Z,destination=CPH&origin=TLL&endRange=2025-10-14T23:59:59Z&startRange=2025-05-15T09:00:00Z,3.0,215.0,3.0,100,<Response [200]>,2025-11-02T13:40:39.611707,
,,,,,,CPH,,,,,TOS,,,,2025-10-14T23:59:59Z,2025-05-15T09:00:00Z,destination=CPH&origin=TOS&endRange=2025-10-14T23:59:59Z&startRange=2025-05-15T09:00:00Z,2.0,103.0,2.0,100,<Response [200]>,2025-11-02T13:40:39.632636,
,,,,,,CPH,,,,,TRD,,,,2025-10-14T23:59:59Z,2025-05-15T09:00:00Z,destination=CPH&origin=TRD&endRange=2025-10-14T23:59:59Z&startRange=2025-05-15T09:00:00Z,5.0,404.0,5.0,100,<Response [200]>,2025-11-02T13:40:39.656234,
,,,,,,CPH,,,,,TRF,,,,2025-10-14T23:59:59Z,2025-05-15T09:00:00Z,destination=CPH&origin=TRF&endRange=2025-10-14T23:59:59Z&startRange=2025-05-15T09:00:00Z,2.0,130.0,2.0,100,<Response [200]>,2025-11-02T13:40:39.678064,
,,,,,,CPH,,,,,VNO,,,,2025-10-14T23:59:59Z,2025-05-15T09:00:00Z,destination=CPH&origin=VNO&endRange=2025-10-14T23:59:59Z&startRange=2025-05-15T09:00:00Z,4.0,352.0,4.0,100,<Response [200]>,2025-11-02T13:40:39.702594,
,,,,,,CTA,,,,,AMS,,,,2025-10-14T23:59:59Z,2025-05-15T09:00:00Z,destination=CTA&origin=AMS&endRange=2025-10-14T23:59:59Z&startRange=2025-05-15T09:00:00Z,3.0,255.0,3.0,100,<Response [200]>,2025-11-02T13:40:39.725585,
,,,,,,CTA,,,,,CDG,,,,2025-10-14T23:59:59Z,2025-05-15T09:00:00Z,destination=CTA&origin=CDG&endRange=2025-10-14T23:59:59Z&startRange=2025-05-15T09:00:00Z,3.0,225.0,3.0,100,<Response [200]>,2025-11-02T13:40:39.748970,
,,,,,,CTA,,,,,FCO,,,,2025-10-14T23:59:59Z,2025-05-15T09:00:00Z,destination=CTA&origin=FCO&endRange=2025-10-14T23:59:59Z&startRange=2025-05-15T09:00:00Z,12.0,1141.0,12.0,100,<Response [200]>,2025-11-02T13:40:39.776521,
,,,,,,CTA,,,,,LIN,,,,2025-10-14T23:59:59Z,2025-05-15T09:00:00Z,destination=CTA&origin=LIN&endRange=2025-10-14T23:59:59Z&startRange=2025-05-15T09:00:00Z,8.0,716.0,8.0,100,<Response [200]>,2025-11-02T13:40:39.801637,
,,,,,,CTA,,,,,ORY,,,,2025-10-14T23:59:59Z,2025-05-15T09:00:00Z,destination=CTA&origin=ORY&endRange=2025-10-14T23:59:59Z&startRange=2025-05-15T09:00:00Z,2.0,145.0,2.0,100,<Response [200]>,2025-11-02T13:40:39.823472,
,,,,,,CWL,,,,,AMS,,,,2025-10-14T23:59:59Z,2025-05-15T09:00:00Z,destination=CWL&origin=AMS&endRange=2025-10-14T23:59:59Z&startRange=2025-05-15T09:00:00Z,5.0,474.0,5.0,100,<Response [200]>,2025-11-02T13:40:39.846571,
,,,,,,DBV,,,,,AMS,,,,2025-10-14T23:59:59Z,2025-05-15T09:00:00Z,destination=DBV&origin=AMS&endRange=2025-10-14T23:59:59Z&startRange=2025-05-15T09:00:00Z,3.0,225.0,3.0,100,<Response [200]>,2025-11-02T13:40:39.868680,
,,,,,,DBV,,,,,CDG,,,,2025-10-14T23:59:59Z,2025-05-15T09:00:00Z,destination=DBV&origin=CDG&endRange=2025-10-14T23:59:59Z&startRange=2025-05-15T09:00:00Z,3.0,233.0,3.0,100,<Response [200]>,2025-11-02T13:40:39.890936,
,,,,,,DBV,,,,,ORY,,,,2025-10-14T23:59:59Z,2025-05-15T09:00:00Z,destination=DBV&origin=ORY&endRange=2025-10-14T23:59:59Z&startRange=2025-05-15T09:00:00Z,2.0,196.0,2.0,100,<Response [200]>,2025-11-02T13:40:39.912937,
,,,,,,DUB,,,,,AMS,,,,2025-10-14T23:59:59Z,2025-05-15T09:00:00Z,destination=DUB&origin=AMS&endRange=2025-10-14T23:59:59Z&startRange=2025-05-15T09:00:00Z,21.0,2055.0,21.0,100,<Response [200]>,2025-11-02T13:40:39.946955,
,,,,,,DUB,,,,,CDG,,,,2025-10-14T23:59:59Z,2025-05-15T09:00:00Z,destination=DUB&origin=CDG&endRange=2025-10-14T23:59:59Z&startRange=2025-05-15T09:00:00Z,12.0,1193.0,12.0,100,<Response [200]>,2025-11-02T13:40:39.975933,
,,,,,,DUB,,,,,ORY,,,,2025-10-14T23:59:59Z,2025-05-15T09:00:00Z,destination=DUB&origin=ORY&endRange=2025-10-14T23:59:59Z&startRange=2025-05-15T09:00:00Z,3.0,235.0,3.0,100,<Response [200]>,2025-11-02T13:40:39.999138,
,,,,,,DUS,,,,,AMS,,,,2025-10-14T23:59:59Z,2025-05-15T09:00:00Z,destination=DUS&origin=AMS&endRange=2025-10-14T23:59:59Z&startRange=2025-05-15T09:00:00Z,8.0,763.0,8.0,100,<Response [200]>,2025-11-02T13:40:40.026780,
,,,,,,DUS,,,,,CDG,,,,2025-10-14T23:59:59Z,2025-05-15T09:00:00Z,destination=DUS&origin=CDG&endRange=2025-10-14T23:59:59Z&startRange=2025-05-15T09:00:00Z,7.0,657.0,7.0,100,<Response [200]>,2025-11-02T13:40:40.052851,
,,,,,,DUS,,,,,LIN,,,,2025-10-14T23:59:59Z,2025-05-15T09:00:00Z,destination=DUS&origin=LIN&endRange=2025-10-14T23:59:59Z&startRange=2025-05-15T09:00:00Z,2.0,133.0,2.0,100,<Response [200]>,2025-11-02T13:40:40.075673,
,,,,,,EDI,,,,,AMS,,,,2025-10-14T23:59:59Z,2025-05-15T09:00:00Z,destination=EDI&origin=AMS&endRange=2025-10-14T23:59:59Z&startRange=2025-05-15T09:00:00Z,12.0,1123.0,12.0,100,<Response [200]>,2025-11-02T13:40:40.103793,
,,,,,,EDI,,,,,CDG,,,,2025-10-14T23:59:59Z,2025-05-15T09:00:00Z,destination=EDI&origin=CDG&endRange=2025-10-14T23:59:59Z&startRange=2025-05-15T09:00:00Z,9.0,815.0,9.0,100,<Response [200]>,2025-11-02T13:40:40.130468,
,,,,,,EDI,,,,,ORY,,,,2025-10-14T23:59:59Z,2025-05-15T09:00:00Z,destination=EDI&origin=ORY&endRange=2025-10-14T23:59:59Z&startRange=2025-05-15T09:00:00Z,1.0,89.0,1.0,100,<Response [200]>,2025-11-02T13:40:40.152468,
,,,,,,EFL,,,,,AMS,,,,2025-10-14T23:59:59Z,2025-05-15T09:00:00Z,destination=EFL&origin=AMS&endRange=2025-10-14T23:59:59Z&startRange=2025-05-15T09:00:00Z,2.0,112.0,2.0,100,<Response [200]>,2025-11-02T13:40:40.175210,
,,,,,,EFL,,,,,FCO,,,,2025-10-14T23:59:59Z,2025-05-15T09:00:00Z,destination=EFL&origin=FCO&endRange=2025-10-14T23:59:59Z&startRange=2025-05-15T09:00:00Z,1.0,4.0,1.0,100,<Response [200]>,2025-11-02T13:40:40.196423,
,,,,,,EFL,,,,,ORY,,,,2025-10-14T23:59:59Z,2025-05-15T09:00:00Z,destination=EFL&origin=ORY&endRange=2025-10-14T23:59:59Z&startRange=2025-05-15T09:00:00Z,1.0,9.0,1.0,100,<Response [200]>,2025-11-02T13:40:40.220282,
,,,,,,EIN,,,,,AMS,,,,2025-10-14T23:59:59Z,2025-05-15T09:00:00Z,destination=EIN&origin=AMS&endRange=2025-10-14T23:59:59Z&startRange=2025-05-15T09:00:00Z,1.0,1.0,1.0,100,<Response [200]>,2025-11-02T13:40:40.241338,
,,,,,,EMA,,,,,CDG,,,,2025-10-14T23:59:59Z,2025-05-15T09:00:00Z,destination=EMA&origin=CDG&endRange=2025-10-14T23:59:59Z&startRange=2025-05-15T09:00:00Z,1.0,1.0,1.0,100,<Response [200]>,2025-11-02T13:40:40.263714,
,,,,,,EXT,,,,,AMS,,,,2025-10-14T23:59:59Z,2025-05-15T09:00:00Z,destination=EXT&origin=AMS&endRange=2025-10-14T23:59:59Z&startRange=2025-05-15T09:00:00Z,2.0,153.0,2.0,100,<Response [200]>,2025-11-02T13:40:40.285825,
,,,,,,FAE,,,,,CDG,,,,2025-10-14T23:59:59Z,2025-05-15T09:00:00Z,destination=FAE&origin=CDG&endRange=2025-10-14T23:59:59Z&startRange=2025-05-15T09:00:00Z,1.0,58.0,1.0,100,<Response [200]>,2025-11-02T13:40:40.306026,
,,,,,,FAE,,,,,CPH,,,,2025-10-14T23:59:59Z,2025-05-15T09:00:00Z,destination=FAE&origin=CPH&endRange=2025-10-14T23:59:59Z&startRange=2025-05-15T09:00:00Z,6.0,540.0,6.0,100,<Response [200]>,2025-11-02T13:40:40.332050,
,,,,,,FAE,,,,,OSL,,,,2025-10-14T23:59:59Z,2025-05-15T09:00:00Z,destination=FAE&origin=OSL&endRange=2025-10-14T23:59:59Z&startRange=2025-05-15T09:00:00Z,1.0,43.0,1.0,100,<Response [200]>,2025-11-02T13:40:40.351873,
,,,,,,FAO,,,,,CDG,,,,2025-10-14T23:59:59Z,2025-05-15T09:00:00Z,destination=FAO&origin=CDG&endRange=2025-10-14T23:59:59Z&startRange=2025-05-15T09:00:00Z,1.0,63.0,1.0,100,<Response [200]>,2025-11-02T13:40:40.375132,
,,,,,,FAO,,,,,LYS,,,,2025-10-14T23:59:59Z,2025-05-15T09:00:00Z,destination=FAO&origin=LYS&endRange=2025-10-14T23:59:59Z&startRange=2025-05-15T09:00:00Z,1.0,44.0,1.0,100,<Response [200]>,2025-11-02T13:40:40.396302,
,,,,,,FAO,,,,,ORY,,,,2025-10-14T23:59:59Z,2025-05-15T09:00:00Z,destination=FAO&origin=ORY&endRange=2025-10-14T23:59:59Z&startRange=2025-05-15T09:00:00Z,6.0,557.0,6.0,100,<Response [200]>,2025-11-02T13:40:40.420080,
,,,,,,FCO,,,,,AHO,,,,2025-10-14T23:59:59Z,2025-05-15T09:00:00Z,destination=FCO&origin=AHO&endRange=2025-10-14T23:59:59Z&startRange=2025-05-15T09:00:00Z,5.0,494.0,5.0,100,<Response [200]>,2025-11-02T13:40:40.443629,
,,,,,,FCO,,,,,AJA,,,,2025-10-14T23:59:59Z,2025-05-15T09:00:00Z,destination=FCO&origin=AJA&endRange=2025-10-14T23:59:59Z&startRange=2025-05-15T09:00:00Z,1.0,45.0,1.0,100,<Response [200]>,2025-11-02T13:40:40.464200,
,,,,,,FCO,,,,,AMS,,,,2025-10-14T23:59:59Z,2025-05-15T09:00:00Z,destination=FCO&origin=AMS&endRange=2025-10-14T23:59:59Z&startRange=2025-05-15T09:00:00Z,11.0,1065.0,11.0,100,<Response [200]>,2025-11-02T13:40:40.491086,
,,,,,,FCO,,,,,ATH,,,,2025-10-14T23:59:59Z,2025-05-15T09:00:00Z,destination=FCO&origin=ATH&endRange=2025-10-14T23:59:59Z&startRange=2025-05-15T09:00:00Z,2.0,179.0,2.0,100,<Response [200]>,2025-11-02T13:40:40.515220,
,,,,,,FCO,,,,,BCN,,,,2025-10-14T23:59:59Z,2025-05-15T09:00:00Z,destination=FCO&origin=BCN&endRange=2025-10-14T23:59:59Z&startRange=2025-05-15T09:00:00Z,2.0,130.0,2.0,100,<Response [200]>,2025-11-02T13:40:40.538192,
,,,,,,FCO,,,,,BDS,,,,2025-10-14T23:59:59Z,2025-05-15T09:00:00Z,destination=FCO&origin=BDS&endRange=2025-10-14T23:59:59Z&startRange=2025-05-15T09:00:00Z,6.0,532.0,6.0,100,<Response [200]>,2025-11-02T13:40:40.563300,
,,,,,,FCO,,,,,BIA,,,,2025-10-14T23:59:59Z,2025-05-15T09:00:00Z,destination=FCO&origin=BIA&endRange=2025-10-14T23:59:59Z&startRange=2025-05-15T09:00:00Z,1.0,33.0,1.0,100,<Response [200]>,2025-11-02T13:40:40.584210,
,,,,,,FCO,,,,,BLQ,,,,2025-10-14T23:59:59Z,2025-05-15T09:00:00Z,destination=FCO&origin=BLQ&endRange=2025-10-14T23:59:59Z&startRange=2025-05-15T09:00:00Z,5.0,409.0,5.0,100,<Response [200]>,2025-11-02T13:40:40.607461,
,,,,,,FCO,,,,,BRI,,,,2025-10-14T23:59:59Z,2025-05-15T09:00:00Z,destination=FCO&origin=BRI&endRange=2025-10-14T23:59:59Z&startRange=2025-05-15T09:00:00Z,5.0,476.0,5.0,100,<Response [200]>,2025-11-02T13:40:40.631096,
,,,,,,FCO,,,,,BRU,,,,2025-10-14T23:59:59Z,2025-05-15T09:00:00Z,destination=FCO&origin=BRU&endRange=2025-10-14T23:59:59Z&startRange=2025-05-15T09:00:00Z,2.0,126.0,2.0,100,<Response [200]>,2025-11-02T13:40:40.652443,
,,,,,,FCO,,,,,CDG,,,,2025-10-14T23:59:59Z,2025-05-15T09:00:00Z,destination=FCO&origin=CDG&endRange=2025-10-14T23:59:59Z&startRange=2025-05-15T09:00:00Z,17.0,1678.0,17.0,100,<Response [200]>,2025-11-02T13:40:40.682562,
,,,,,,FCO,,,,,CFU,,,,2025-10-14T23:59:59Z,2025-05-15T09:00:00Z,destination=FCO&origin=CFU&endRange=2025-10-14T23:59:59Z&startRange=2025-05-15T09:00:00Z,1.0,13.0,1.0,100,<Response [200]>,2025-11-02T13:40:40.704180,
,,,,,,FCO,,,,,CTA,,,,2025-10-14T23:59:59Z,2025-05-15T09:00:00Z,destination=FCO&origin=CTA&endRange=2025-10-14T23:59:59Z&startRange=2025-05-15T09:00:00Z,12.0,1154.0,12.0,100,<Response [200]>,2025-11-02T13:40:40.734970,
,,,,,,FCO,,,,,EFL,,,,2025-10-14T23:59:59Z,2025-05-15T09:00:00Z,destination=FCO&origin=EFL&endRange=2025-10-14T23:59:59Z&startRange=2025-05-15T09:00:00Z,1.0,4.0,1.0,100,<Response [200]>,2025-11-02T13:40:40.758757,
,,,,,,FCO,,,,,FLR,,,,2025-10-14T23:59:59Z,2025-05-15T09:00:00Z,destination=FCO&origin=FLR&endRange=2025-10-14T23:59:59Z&startRange=2025-05-15T09:00:00Z,6.0,549.0,6.0,100,<Response [200]>,2025-11-02T13:40:40.785568,
,,,,,,FCO,,,,,FRA,,,,2025-10-14T23:59:59Z,2025-05-15T09:00:00Z,destination=FCO&origin=FRA&endRange=2025-10-14T23:59:59Z&startRange=2025-05-15T09:00:00Z,2.0,111.0,2.0,100,<Response [200]>,2025-11-02T13:40:40.807347,
,,,,,,FCO,,,,,GOA,,,,2025-10-14T23:59:59Z,2025-05-15T09:00:00Z,destination=FCO&origin=GOA&endRange=2025-10-14T23:59:59Z&startRange=2025-05-15T09:00:00Z,5.0,497.0,5.0,100,<Response [200]>,2025-11-02T13:40:40.831652,
,,,,,,FCO,,,,,GVA,,,,2025-10-14T23:59:59Z,2025-05-15T09:00:00Z,destination=FCO&origin=GVA&endRange=2025-10-14T23:59:59Z&startRange=2025-05-15T09:00:00Z,1.0,74.0,1.0,100,<Response [200]>,2025-11-02T13:40:40.853013,
,,,,,,FCO,,,,,HER,,,,2025-10-14T23:59:59Z,2025-05-15T09:00:00Z,destination=FCO&origin=HER&endRange=2025-10-14T23:59:59Z&startRange=2025-05-15T09:00:00Z,1.0,7.0,1.0,100,<Response [200]>,2025-11-02T13:40:40.873451,
,,,,,,FCO,,,,,IBZ,,,,2025-10-14T23:59:59Z,2025-05-15T09:00:00Z,destination=FCO&origin=IBZ&endRange=2025-10-14T23:59:59Z&startRange=2025-05-15T09:00:00Z,1.0,25.0,1.0,100,<Response [200]>,2025-11-02T13:40:40.894141,
,,,,,,FCO,,,,,LGW,,,,2025-10-14T23:59:59Z,2025-05-15T09:00:00Z,destination=FCO&origin=LGW&endRange=2025-10-14T23:59:59Z&startRange=2025-05-15T09:00:00Z,1.0,5.0,1.0,100,<Response [200]>,2025-11-02T13:40:40.916702,
,,,,,,FCO,,,,,LIN,,,,2025-10-14T23:59:59Z,2025-05-15T09:00:00Z,destination=FCO&origin=LIN&endRange=2025-10-14T23:59:59Z&startRange=2025-05-15T09:00:00Z,8.0,741.0,8.0,100,<Response [200]>,2025-11-02T13:40:40.944630,
,,,,,,FCO,,,,,MAD,,,,2025-10-14T23:59:59Z,2025-05-15T09:00:00Z,destination=FCO&origin=MAD&endRange=2025-10-14T23:59:59Z&startRange=2025-05-15T09:00:00Z,2.0,135.0,2.0,100,<Response [200]>,2025-11-02T13:40:40.967962,
,,,,,,FCO,,,,,MLA,,,,2025-10-14T23:59:59Z,2025-05-15T09:00:00Z,destination=FCO&origin=MLA&endRange=2025-10-14T23:59:59Z&startRange=2025-05-15T09:00:00Z,2.0,149.0,2.0,100,<Response [200]>,2025-11-02T13:40:40.990168,
,,,,,,FCO,,,,,MUC,,,,2025-10-14T23:59:59Z,2025-05-15T09:00:00Z,destination=FCO&origin=MUC&endRange=2025-10-14T23:59:59Z&startRange=2025-05-15T09:00:00Z,1.0,59.0,1.0,100,<Response [200]>,2025-11-02T13:40:41.012145,
,,,,,,FCO,,,,,NAP,,,,2025-10-14T23:59:59Z,2025-05-15T09:00:00Z,destination=FCO&origin=NAP&endRange=2025-10-14T23:59:59Z&startRange=2025-05-15T09:00:00Z,6.0,511.0,6.0,100,<Response [200]>,2025-11-02T13:40:41.048685,
,,,,,,FCO,,,,,NCE,,,,2025-10-14T23:59:59Z,2025-05-15T09:00:00Z,destination=FCO&origin=NCE&endRange=2025-10-14T23:59:59Z&startRange=2025-05-15T09:00:00Z,5.0,421.0,5.0,100,<Response [200]>,2025-11-02T13:40:41.084387,
,,,,,,FCO,,,,,ORY,,,,2025-10-14T23:59:59Z,2025-05-15T09:00:00Z,destination=FCO&origin=ORY&endRange=2025-10-14T23:59:59Z&startRange=2025-05-15T09:00:00Z,16.0,1518.0,16.0,100,<Response [200]>,2025-11-02T13:40:41.117337,
,,,,,,FCO,,,,,PMI,,,,2025-10-14T23:59:59Z,2025-05-15T09:00:00Z,destination=FCO&origin=PMI&endRange=2025-10-14T23:59:59Z&startRange=2025-05-15T09:00:00Z,1.0,15.0,1.0,100,<Response [200]>,2025-11-02T13:40:41.140165,
,,,,,,FCO,,,,,PMO,,,,2025-10-14T23:59:59Z,2025-05-15T09:00:00Z,destination=FCO&origin=PMO&endRange=2025-10-14T23:59:59Z&startRange=2025-05-15T09:00:00Z,11.0,1062.0,11.0,100,<Response [200]>,2025-11-02T13:40:41.167076,
,,,,,,FCO,,,,,RHO,,,,2025-10-14T23:59:59Z,2025-05-15T09:00:00Z,destination=FCO&origin=RHO&endRange=2025-10-14T23:59:59Z&startRange=2025-05-15T09:00:00Z,1.0,4.0,1.0,100,<Response [200]>,2025-11-02T13:40:41.187827,
,,,,,,FCO,,,,,SOF,,,,2025-10-14T23:59:59Z,2025-05-15T09:00:00Z,destination=FCO&origin=SOF&endRange=2025-10-14T23:59:59Z&startRange=2025-05-15T09:00:00Z,1.0,84.0,1.0,100,<Response [200]>,2025-11-02T13:40:41.208738,
,,,,,,FCO,,,,,SUF,,,,2025-10-14T23:59:59Z,2025-05-15T09:00:00Z,destination=FCO&origin=SUF&endRange=2025-10-14T23:59:59Z&startRange=2025-05-15T09:00:00Z,5.0,421.0,5.0,100,<Response [200]>,2025-11-02T13:40:41.232193,
,,,,,,FCO,,,,,TIA,,,,2025-10-14T23:59:59Z,2025-05-15T09:00:00Z,destination=FCO&origin=TIA&endRange=2025-10-14T23:59:59Z&startRange=2025-05-15T09:00:00Z,3.0,227.0,3.0,100,<Response [200]>,2025-11-02T13:40:41.253713,
,,,,,,FCO,,,,,TRN,,,,2025-10-14T23:59:59Z,2025-05-15T09:00:00Z,destination=FCO&origin=TRN&endRange=2025-10-14T23:59:59Z&startRange=2025-05-15T09:00:00Z,4.0,399.0,4.0,100,<Response [200]>,2025-11-02T13:40:41.275347,
,,,,,,FCO,,,,,TRS,,,,2025-10-14T23:59:59Z,2025-05-15T09:00:00Z,destination=FCO&origin=TRS&endRange=2025-10-14T23:59:59Z&startRange=2025-05-15T09:00:00Z,5.0,452.0,5.0,100,<Response [200]>,2025-11-02T13:40:41.298289,
,,,,,,FCO,,,,,VCE,,,,2025-10-14T23:59:59Z,2025-05-15T09:00:00Z,destination=FCO&origin=VCE&endRange=2025-10-14T23:59:59Z&startRange=2025-05-15T09:00:00Z,5.0,432.0,5.0,100,<Response [200]>,2025-11-02T13:40:41.322559,
,,,,,,FCO,,,,,ZRH,,,,2025-10-14T23:59:59Z,2025-05-15T09:00:00Z,destination=FCO&origin=ZRH&endRange=2025-10-14T23:59:59Z&startRange=2025-05-15T09:00:00Z,1.0,99.0,1.0,100,<Response [200]>,2025-11-02T13:40:41.342781,
,,,,,,FLR,,,,,AMS,,,,2025-10-14T23:59:59Z,2025-05-15T09:00:00Z,destination=FLR&origin=AMS&endRange=2025-10-14T23:59:59Z&startRange=2025-05-15T09:00:00Z,8.0,763.0,8.0,100,<Response [200]>,2025-11-02T13:40:41.366738,
,,,,,,FLR,,,,,CDG,,,,2025-10-14T23:59:59Z,2025-05-15T09:00:00Z,destination=FLR&origin=CDG&endRange=2025-10-14T23:59:59Z&startRange=2025-05-15T09:00:00Z,11.0,1028.0,11.0,100,<Response [200]>,2025-11-02T13:40:41.393371,
,,,,,,FLR,,,,,FCO,,,,2025-10-14T23:59:59Z,2025-05-15T09:00:00Z,destination=FLR&origin=FCO&endRange=2025-10-14T23:59:59Z&startRange=2025-05-15T09:00:00Z,6.0,507.0,6.0,100,<Response [200]>,2025-11-02T13:40:41.417746,
,,,,,,FLR,,,,,ORY,,,,2025-10-14T23:59:59Z,2025-05-15T09:00:00Z,destination=FLR&origin=ORY&endRange=2025-10-14T23:59:59Z&startRange=2025-05-15T09:00:00Z,4.0,373.0,4.0,100,<Response [200]>,2025-11-02T13:40:41.441555,
,,,,,,FNC,,,,,AMS,,,,2025-10-14T23:59:59Z,2025-05-15T09:00:00Z,destination=FNC&origin=AMS&endRange=2025-10-14T23:59:59Z&startRange=2025-05-15T09:00:00Z,3.0,242.0,3.0,100,<Response [200]>,2025-11-02T13:40:41.465664,
,,,,,,FNC,,,,,CDG,,,,2025-10-14T23:59:59Z,2025-05-15T09:00:00Z,destination=FNC&origin=CDG&endRange=2025-10-14T23:59:59Z&startRange=2025-05-15T09:00:00Z,1.0,97.0,1.0,100,<Response [200]>,2025-11-02T13:40:41.487716,
,,,,,,FNC,,,,,LYS,,,,2025-10-14T23:59:59Z,2025-05-15T09:00:00Z,destination=FNC&origin=LYS&endRange=2025-10-14T23:59:59Z&startRange=2025-05-15T09:00:00Z,1.0,22.0,1.0,100,<Response [200]>,2025-11-02T13:40:41.509607,
,,,,,,FNC,,,,,ORY,,,,2025-10-14T23:59:59Z,2025-05-15T09:00:00Z,destination=FNC&origin=ORY&endRange=2025-10-14T23:59:59Z&startRange=2025-05-15T09:00:00Z,2.0,173.0,2.0,100,<Response [200]>,2025-11-02T13:40:41.531491,
,,,,,,FRA,,,,,CDG,,,,2025-10-14T23:59:59Z,2025-05-15T09:00:00Z,destination=FRA&origin=CDG&endRange=2025-10-14T23:59:59Z&startRange=2025-05-15T09:00:00Z,18.0,1773.0,18.0,100,<Response [200]>,2025-11-02T13:40:41.567148,
,,,,,,FRA,,,,,FCO,,,,2025-10-14T23:59:59Z,2025-05-15T09:00:00Z,destination=FRA&origin=FCO&endRange=2025-10-14T23:59:59Z&startRange=2025-05-15T09:00:00Z,2.0,111.0,2.0,100,<Response [200]>,2025-11-02T13:40:41.589853,
,,,,,,FRA,,,,,MAD,,,,2025-10-14T23:59:59Z,2025-05-15T09:00:00Z,destination=FRA&origin=MAD&endRange=2025-10-14T23:59:59Z&startRange=2025-05-15T09:00:00Z,1.0,11.0,1.0,100,<Response [200]>,2025-11-02T13:40:41.610484,
,,,,,,FSC,,,,,CDG,,,,2025-10-14T23:59:59Z,2025-05-15T09:00:00Z,destination=FSC&origin=CDG&endRange=2025-10-14T23:59:59Z&startRange=2025-05-15T09:00:00Z,3.0,201.0,3.0,100,<Response [200]>,2025-11-02T13:40:41.632319,
,,,,,,FSC,,,,,LYS,,,,2025-10-14T23:59:59Z,2025-05-15T09:00:00Z,destination=FSC&origin=LYS&endRange=2025-10-14T23:59:59Z&startRange=2025-05-15T09:00:00Z,1.0,20.0,1.0,100,<Response [200]>,2025-11-02T13:40:41.652814,
,,,,,,FSC,,,,,MRS,,,,2025-10-14T23:59:59Z,2025-05-15T09:00:00Z,destination=FSC&origin=MRS&endRange=2025-10-14T23:59:59Z&startRange=2025-05-15T09:00:00Z,5.0,446.0,5.0,100,<Response [200]>,2025-11-02T13:40:41.676198,
,,,,,,FSC,,,,,NCE,,,,2025-10-14T23:59:59Z,2025-05-15T09:00:00Z,destination=FSC&origin=NCE&endRange=2025-10-14T23:59:59Z&startRange=2025-05-15T09:00:00Z,3.0,272.0,3.0,100,<Response [200]>,2025-11-02T13:40:41.698741,
,,,,,,FSC,,,,,ORY,,,,2025-10-14T23:59:59Z,2025-05-15T09:00:00Z,destination=FSC&origin=ORY&endRange=2025-10-14T23:59:59Z&startRange=2025-05-15T09:00:00Z,5.0,412.0,5.0,100,<Response [200]>,2025-11-02T13:40:41.723790,
,,,,,,FSC,,,,,TLS,,,,2025-10-14T23:59:59Z,2025-05-15T09:00:00Z,destination=FSC&origin=TLS&endRange=2025-10-14T23:59:59Z&startRange=2025-05-15T09:00:00Z,1.0,9.0,1.0,100,<Response [200]>,2025-11-02T13:40:41.746086,
,,,,,,FUE,,,,,AMS,,,,2025-10-14T23:59:59Z,2025-05-15T09:00:00Z,destination=FUE&origin=AMS&endRange=2025-10-14T23:59:59Z&startRange=2025-05-15T09:00:00Z,2.0,159.0,2.0,100,<Response [200]>,2025-11-02T13:40:41.769695,
,,,,,,FUE,,,,,CDG,,,,2025-10-14T23:59:59Z,2025-05-15T09:00:00Z,destination=FUE&origin=CDG&endRange=2025-10-14T23:59:59Z&startRange=2025-05-15T09:00:00Z,1.0,8.0,1.0,100,<Response [200]>,2025-11-02T13:40:41.791998,
,,,,,,FUE,,,,,ORY,,,,2025-10-14T23:59:59Z,2025-05-15T09:00:00Z,destination=FUE&origin=ORY&endRange=2025-10-14T23:59:59Z&startRange=2025-05-15T09:00:00Z,2.0,124.0,2.0,100,<Response [200]>,2025-11-02T13:40:41.814200,
,,,,,,GDN,,,,,AMS,,,,2025-10-14T23:59:59Z,2025-05-15T09:00:00Z,destination=GDN&origin=AMS&endRange=2025-10-14T23:59:59Z&startRange=2025-05-15T09:00:00Z,6.0,593.0,6.0,100,<Response [200]>,2025-11-02T13:40:41.839757,
,,,,,,GLA,,,,,AMS,,,,2025-10-14T23:59:59Z,2025-05-15T09:00:00Z,destination=GLA&origin=AMS&endRange=2025-10-14T23:59:59Z&startRange=2025-05-15T09:00:00Z,8.0,728.0,8.0,100,<Response [200]>,2025-11-02T13:40:41.866042,
,,,,,,GLA,,,,,CDG,,,,2025-10-14T23:59:59Z,2025-05-15T09:00:00Z,destination=GLA&origin=CDG&endRange=2025-10-14T23:59:59Z&startRange=2025-05-15T09:00:00Z,4.0,345.0,4.0,100,<Response [200]>,2025-11-02T13:40:41.891216,
,,,,,,GOA,,,,,AMS,,,,2025-10-14T23:59:59Z,2025-05-15T09:00:00Z,destination=GOA&origin=AMS&endRange=2025-10-14T23:59:59Z&startRange=2025-05-15T09:00:00Z,4.0,349.0,4.0,100,<Response [200]>,2025-11-02T13:40:41.916280,
,,,,,,GOA,,,,,FCO,,,,2025-10-14T23:59:59Z,2025-05-15T09:00:00Z,destination=GOA&origin=FCO&endRange=2025-10-14T23:59:59Z&startRange=2025-05-15T09:00:00Z,5.0,497.0,5.0,100,<Response [200]>,2025-11-02T13:40:41.939657,
,,,,,,GOA,,,,,ORY,,,,2025-10-14T23:59:59Z,2025-05-15T09:00:00Z,destination=GOA&origin=ORY&endRange=2025-10-14T23:59:59Z&startRange=2025-05-15T09:00:00Z,1.0,71.0,1.0,100,<Response [200]>,2025-11-02T13:40:41.961258,
,,,,,,GOT,,,,,AMS,,,,2025-10-14T23:59:59Z,2025-05-15T09:00:00Z,destination=GOT&origin=AMS&endRange=2025-10-14T23:59:59Z&startRange=2025-05-15T09:00:00Z,8.0,764.0,8.0,100,<Response [200]>,2025-11-02T13:40:41.985972,
,,,,,,GOT,,,,,ARN,,,,2025-10-14T23:59:59Z,2025-05-15T09:00:00Z,destination=GOT&origin=ARN&endRange=2025-10-14T23:59:59Z&startRange=2025-05-15T09:00:00Z,6.0,551.0,6.0,100,<Response [200]>,2025-11-02T13:40:42.010131,
,,,,,,GOT,,,,,BGO,,,,2025-10-14T23:59:59Z,2025-05-15T09:00:00Z,destination=GOT&origin=BGO&endRange=2025-10-14T23:59:59Z&startRange=2025-05-15T09:00:00Z,1.0,54.0,1.0,100,<Response [200]>,2025-11-02T13:40:42.032810,
,,,,,,GOT,,,,,CDG,,,,2025-10-14T23:59:59Z,2025-05-15T09:00:00Z,destination=GOT&origin=CDG&endRange=2025-10-14T23:59:59Z&startRange=2025-05-15T09:00:00Z,4.0,346.0,4.0,100,<Response [200]>,2025-11-02T13:40:42.055196,
,,,,,,GRO,,,,,AMS,,,,2025-10-14T23:59:59Z,2025-05-15T09:00:00Z,destination=GRO&origin=AMS&endRange=2025-10-14T23:59:59Z&startRange=2025-05-15T09:00:00Z,2.0,140.0,2.0,100,<Response [200]>,2025-11-02T13:40:42.076058,
,,,,,,GRX,,,,,AMS,,,,2025-10-14T23:59:59Z,2025-05-15T09:00:00Z,destination=GRX&origin=AMS&endRange=2025-10-14T23:59:59Z&startRange=2025-05-15T09:00:00Z,1.0,87.0,1.0,100,<Response [200]>,2025-11-02T13:40:42.096672,
,,,,,,GVA,,,,,AMS,,,,2025-10-14T23:59:59Z,2025-05-15T09:00:00Z,destination=GVA&origin=AMS&endRange=2025-10-14T23:59:59Z&startRange=2025-05-15T09:00:00Z,11.0,1063.0,11.0,100,<Response [200]>,2025-11-02T13:40:42.124137,
,,,,,,GVA,,,,,CDG,,,,2025-10-14T23:59:59Z,2025-05-15T09:00:00Z,destination=GVA&origin=CDG&endRange=2025-10-14T23:59:59Z&startRange=2025-05-15T09:00:00Z,11.0,1045.0,11.0,100,<Response [200]>,2025-11-02T13:40:42.150765,
,,,,,,GVA,,,,,FCO,,,,2025-10-14T23:59:59Z,2025-05-15T09:00:00Z,destination=GVA&origin=FCO&endRange=2025-10-14T23:59:59Z&startRange=2025-05-15T09:00:00Z,1.0,71.0,1.0,100,<Response [200]>,2025-11-02T13:40:42.171811,
,,,,,,GVA,,,,,ORY,,,,2025-10-14T23:59:59Z,2025-05-15T09:00:00Z,destination=GVA&origin=ORY&endRange=2025-10-14T23:59:59Z&startRange=2025-05-15T09:00:00Z,2.0,139.0,2.0,100,<Response [200]>,2025-11-02T13:40:42.193137,
,,,,,,HAJ,,,,,AMS,,,,2025-10-14T23:59:59Z,2025-05-15T09:00:00Z,destination=HAJ&origin=AMS&endRange=2025-10-14T23:59:59Z&startRange=2025-05-15T09:00:00Z,6.0,543.0,6.0,100,<Response [200]>,2025-11-02T13:40:42.217170,
,,,,,,HAJ,,,,,CDG,,,,2025-10-14T23:59:59Z,2025-05-15T09:00:00Z,destination=HAJ&origin=CDG&endRange=2025-10-14T23:59:59Z&startRange=2025-05-15T09:00:00Z,5.0,420.0,5.0,100,<Response [200]>,2025-11-02T13:40:42.242462,
,,,,,,HAM,,,,,AMS,,,,2025-10-14T23:59:59Z,2025-05-15T09:00:00Z,destination=HAM&origin=AMS&endRange=2025-10-14T23:59:59Z&startRange=2025-05-15T09:00:00Z,8.0,766.0,8.0,100,<Response [200]>,2025-11-02T13:40:42.267145,
,,,,,,HAM,,,,,CDG,,,,2025-10-14T23:59:59Z,2025-05-15T09:00:00Z,destination=HAM&origin=CDG&endRange=2025-10-14T23:59:59Z&startRange=2025-05-15T09:00:00Z,8.0,789.0,8.0,100,<Response [200]>,2025-11-02T13:40:42.291711,
,,,,,,HAM,,,,,HEL,,,,2025-10-14T23:59:59Z,2025-05-15T09:00:00Z,destination=HAM&origin=HEL&endRange=2025-10-14T23:59:59Z&startRange=2025-05-15T09:00:00Z,1.0,1.0,1.0,100,<Response [200]>,2025-11-02T13:40:42.312208,
,,,,,,HAM,,,,,LIN,,,,2025-10-14T23:59:59Z,2025-05-15T09:00:00Z,destination=HAM&origin=LIN&endRange=2025-10-14T23:59:59Z&startRange=2025-05-15T09:00:00Z,1.0,19.0,1.0,100,<Response [200]>,2025-11-02T13:40:42.332896,
,,,,,,HAU,,,,,BGO,,,,2025-10-14T23:59:59Z,2025-05-15T09:00:00Z,destination=HAU&origin=BGO&endRange=2025-10-14T23:59:59Z&startRange=2025-05-15T09:00:00Z,3.0,232.0,3.0,100,<Response [200]>,2025-11-02T13:40:42.356921,
,,,,,,HAU,,,,,OSL,,,,2025-10-14T23:59:59Z,2025-05-15T09:00:00Z,destination=HAU&origin=OSL&endRange=2025-10-14T23:59:59Z&startRange=2025-05-15T09:00:00Z,3.0,277.0,3.0,100,<Response [200]>,2025-11-02T13:40:42.378222,
,,,,,,HEL,,,,,AMS,,,,2025-10-14T23:59:59Z,2025-05-15T09:00:00Z,destination=HEL&origin=AMS&endRange=2025-10-14T23:59:59Z&startRange=2025-05-15T09:00:00Z,8.0,765.0,8.0,100,<Response [200]>,2025-11-02T13:40:42.404377,
,,,,,,HEL,,,,,ARN,,,,2025-10-14T23:59:59Z,2025-05-15T09:00:00Z,destination=HEL&origin=ARN&endRange=2025-10-14T23:59:59Z&startRange=2025-05-15T09:00:00Z,5.0,413.0,5.0,100,<Response [200]>,2025-11-02T13:40:42.430394,
,,,,,,HEL,,,,,CDG,,,,2025-10-14T23:59:59Z,2025-05-15T09:00:00Z,destination=HEL&origin=CDG&endRange=2025-10-14T23:59:59Z&startRange=2025-05-15T09:00:00Z,10.0,903.0,10.0,100,<Response [200]>,2025-11-02T13:40:42.457567,
,,,,,,HEL,,,,,CPH,,,,2025-10-14T23:59:59Z,2025-05-15T09:00:00Z,destination=HEL&origin=CPH&endRange=2025-10-14T23:59:59Z&startRange=2025-05-15T09:00:00Z,4.0,320.0,4.0,100,<Response [200]>,2025-11-02T13:40:42.481101,
,,,,,,HEL,,,,,KAO,,,,2025-10-14T23:59:59Z,2025-05-15T09:00:00Z,destination=HEL&origin=KAO&endRange=2025-10-14T23:59:59Z&startRange=2025-05-15T09:00:00Z,2.0,126.0,2.0,100,<Response [200]>,2025-11-02T13:40:42.502636,
,,,,,,HEL,,,,,KTT,,,,2025-10-14T23:59:59Z,2025-05-15T09:00:00Z,destination=HEL&origin=KTT&endRange=2025-10-14T23:59:59Z&startRange=2025-05-15T09:00:00Z,2.0,177.0,2.0,100,<Response [200]>,2025-11-02T13:40:42.527337,
,,,,,,HEL,,,,,KUO,,,,2025-10-14T23:59:59Z,2025-05-15T09:00:00Z,destination=HEL&origin=KUO&endRange=2025-10-14T23:59:59Z&startRange=2025-05-15T09:00:00Z,2.0,147.0,2.0,100,<Response [200]>,2025-11-02T13:40:42.548914,
,,,,,,HEL,,,,,OUL,,,,2025-10-14T23:59:59Z,2025-05-15T09:00:00Z,destination=HEL&origin=OUL&endRange=2025-10-14T23:59:59Z&startRange=2025-05-15T09:00:00Z,3.0,296.0,3.0,100,<Response [200]>,2025-11-02T13:40:42.571480,
,,,,,,HEL,,,,,RIX,,,,2025-10-14T23:59:59Z,2025-05-15T09:00:00Z,destination=HEL&origin=RIX&endRange=2025-10-14T23:59:59Z&startRange=2025-05-15T09:00:00Z,3.0,292.0,3.0,100,<Response [200]>,2025-11-02T13:40:42.594037,
,,,,,,HEL,,,,,RVN,,,,2025-10-14T23:59:59Z,2025-05-15T09:00:00Z,destination=HEL&origin=RVN&endRange=2025-10-14T23:59:59Z&startRange=2025-05-15T09:00:00Z,3.0,233.0,3.0,100,<Response [200]>,2025-11-02T13:40:42.615738,
,,,,,,HEL,,,,,TAY,,,,2025-10-14T23:59:59Z,2025-05-15T09:00:00Z,destination=HEL&origin=TAY&endRange=2025-10-14T23:59:59Z&startRange=2025-05-15T09:00:00Z,2.0,131.0,2.0,100,<Response [200]>,2025-11-02T13:40:42.636553,
,,,,,,HEL,,,,,TLL,,,,2025-10-14T23:59:59Z,2025-05-15T09:00:00Z,destination=HEL&origin=TLL&endRange=2025-10-14T23:59:59Z&startRange=2025-05-15T09:00:00Z,4.0,384.0,4.0,100,<Response [200]>,2025-11-02T13:40:42.659859,
,,,,,,HEL,,,,,VAA,,,,2025-10-14T23:59:59Z,2025-05-15T09:00:00Z,destination=HEL&origin=VAA&endRange=2025-10-14T23:59:59Z&startRange=2025-05-15T09:00:00Z,2.0,151.0,2.0,100,<Response [200]>,2025-11-02T13:40:42.683431,
,,,,,,HER,,,,,CDG,,,,2025-10-14T23:59:59Z,2025-05-15T09:00:00Z,destination=HER&origin=CDG&endRange=2025-10-14T23:59:59Z&startRange=2025-05-15T09:00:00Z,5.0,446.0,5.0,100,<Response [200]>,2025-11-02T13:40:42.708225,
,,,,,,HER,,,,,LIN,,,,2025-10-14T23:59:59Z,2025-05-15T09:00:00Z,destination=HER&origin=LIN&endRange=2025-10-14T23:59:59Z&startRange=2025-05-15T09:00:00Z,1.0,10.0,1.0,100,<Response [200]>,2025-11-02T13:40:42.729825,
,,,,,,HER,,,,,LYS,,,,2025-10-14T23:59:59Z,2025-05-15T09:00:00Z,destination=HER&origin=LYS&endRange=2025-10-14T23:59:59Z&startRange=2025-05-15T09:00:00Z,1.0,86.0,1.0,100,<Response [200]>,2025-11-02T13:40:42.751821,
,,,,,,HER,,,,,ORY,,,,2025-10-14T23:59:59Z,2025-05-15T09:00:00Z,destination=HER&origin=ORY&endRange=2025-10-14T23:59:59Z&startRange=2025-05-15T09:00:00Z,6.0,511.0,6.0,100,<Response [200]>,2025-11-02T13:40:42.776600,
,,,,,,HUY,,,,,AMS,,,,2025-10-14T23:59:59Z,2025-05-15T09:00:00Z,destination=HUY&origin=AMS&endRange=2025-10-14T23:59:59Z&startRange=2025-05-15T09:00:00Z,5.0,459.0,5.0,100,<Response [200]>,2025-11-02T13:40:42.800353,
,,,,,,IAS,,,,,OTP,,,,2025-10-14T23:59:59Z,2025-05-15T09:00:00Z,destination=IAS&origin=OTP&endRange=2025-10-14T23:59:59Z&startRange=2025-05-15T09:00:00Z,5.0,423.0,5.0,100,<Response [200]>,2025-11-02T13:40:42.826646,
,,,,,,IBZ,,,,,AMS,,,,2025-10-14T23:59:59Z,2025-05-15T09:00:00Z,destination=IBZ&origin=AMS&endRange=2025-10-14T23:59:59Z&startRange=2025-05-15T09:00:00Z,8.0,713.0,8.0,100,<Response [200]>,2025-11-02T13:40:42.852039,
,,,,,,IBZ,,,,,CDG,,,,2025-10-14T23:59:59Z,2025-05-15T09:00:00Z,destination=IBZ&origin=CDG&endRange=2025-10-14T23:59:59Z&startRange=2025-05-15T09:00:00Z,3.0,201.0,3.0,100,<Response [200]>,2025-11-02T13:40:42.873924,
,,,,,,IBZ,,,,,FCO,,,,2025-10-14T23:59:59Z,2025-05-15T09:00:00Z,destination=IBZ&origin=FCO&endRange=2025-10-14T23:59:59Z&startRange=2025-05-15T09:00:00Z,1.0,24.0,1.0,100,<Response [200]>,2025-11-02T13:40:42.894507,
,,,,,,IBZ,,,,,LIN,,,,2025-10-14T23:59:59Z,2025-05-15T09:00:00Z,destination=IBZ&origin=LIN&endRange=2025-10-14T23:59:59Z&startRange=2025-05-15T09:00:00Z,1.0,16.0,1.0,100,<Response [200]>,2025-11-02T13:40:42.917018,
,,,,,,IBZ,,,,,MAD,,,,2025-10-14T23:59:59Z,2025-05-15T09:00:00Z,destination=IBZ&origin=MAD&endRange=2025-10-14T23:59:59Z&startRange=2025-05-15T09:00:00Z,4.0,363.0,4.0,100,<Response [200]>,2025-11-02T13:40:42.940222,
,,,,,,IBZ,,,,,ORY,,,,2025-10-14T23:59:59Z,2025-05-15T09:00:00Z,destination=IBZ&origin=ORY&endRange=2025-10-14T23:59:59Z&startRange=2025-05-15T09:00:00Z,6.0,597.0,6.0,100,<Response [200]>,2025-11-02T13:40:42.964360,
,,,,,,INN,,,,,AMS,,,,2025-10-14T23:59:59Z,2025-05-15T09:00:00Z,destination=INN&origin=AMS&endRange=2025-10-14T23:59:59Z&startRange=2025-05-15T09:00:00Z,1.0,43.0,1.0,100,<Response [200]>,2025-11-02T13:40:42.984642,
,,,,,,INV,,,,,AMS,,,,2025-10-14T23:59:59Z,2025-05-15T09:00:00Z,destination=INV&origin=AMS&endRange=2025-10-14T23:59:59Z&startRange=2025-05-15T09:00:00Z,4.0,377.0,4.0,100,<Response [200]>,2025-11-02T13:40:43.007681,
,,,,,,IOM,,,,,LHR,,,,2025-10-14T23:59:59Z,2025-05-15T09:00:00Z,destination=IOM&origin=LHR&endRange=2025-10-14T23:59:59Z&startRange=2025-05-15T09:00:00Z,2.0,150.0,2.0,100,<Response [200]>,2025-11-02T13:40:43.031081,
,,,,,,JER,,,,,CDG,,,,2025-10-14T23:59:59Z,2025-05-15T09:00:00Z,destination=JER&origin=CDG&endRange=2025-10-14T23:59:59Z&startRange=2025-05-15T09:00:00Z,1.0,43.0,1.0,100,<Response [200]>,2025-11-02T13:40:43.052352,
,,,,,,JMK,,,,,AMS,,,,2025-10-14T23:59:59Z,2025-05-15T09:00:00Z,destination=JMK&origin=AMS&endRange=2025-10-14T23:59:59Z&startRange=2025-05-15T09:00:00Z,1.0,44.0,1.0,100,<Response [200]>,2025-11-02T13:40:43.073969,
,,,,,,JMK,,,,,CDG,,,,2025-10-14T23:59:59Z,2025-05-15T09:00:00Z,destination=JMK&origin=CDG&endRange=2025-10-14T23:59:59Z&startRange=2025-05-15T09:00:00Z,1.0,92.0,1.0,100,<Response [200]>,2025-11-02T13:40:43.096213,
,,,,,,JMK,,,,,ORY,,,,2025-10-14T23:59:59Z,2025-05-15T09:00:00Z,destination=JMK&origin=ORY&endRange=2025-10-14T23:59:59Z&startRange=2025-05-15T09:00:00Z,3.0,205.0,3.0,100,<Response [200]>,2025-11-02T13:40:43.120371,
,,,,,,JSI,,,,,AMS,,,,2025-10-14T23:59:59Z,2025-05-15T09:00:00Z,destination=JSI&origin=AMS&endRange=2025-10-14T23:59:59Z&startRange=2025-05-15T09:00:00Z,1.0,20.0,1.0,100,<Response [200]>,2025-11-02T13:40:43.141008,
,,,,,,JSI,,,,,ORY,,,,2025-10-14T23:59:59Z,2025-05-15T09:00:00Z,destination=JSI&origin=ORY&endRange=2025-10-14T23:59:59Z&startRange=2025-05-15T09:00:00Z,1.0,18.0,1.0,100,<Response [200]>,2025-11-02T13:40:43.162262,
,,,,,,JTR,,,,,AMS,,,,2025-10-14T23:59:59Z,2025-05-15T09:00:00Z,destination=JTR&origin=AMS&endRange=2025-10-14T23:59:59Z&startRange=2025-05-15T09:00:00Z,1.0,63.0,1.0,100,<Response [200]>,2025-11-02T13:40:43.184508,
,,,,,,JTR,,,,,CDG,,,,2025-10-14T23:59:59Z,2025-05-15T09:00:00Z,destination=JTR&origin=CDG&endRange=2025-10-14T23:59:59Z&startRange=2025-05-15T09:00:00Z,1.0,93.0,1.0,100,<Response [200]>,2025-11-02T13:40:43.205792,
,,,,,,JTR,,,,,LYS,,,,2025-10-14T23:59:59Z,2025-05-15T09:00:00Z,destination=JTR&origin=LYS&endRange=2025-10-14T23:59:59Z&startRange=2025-05-15T09:00:00Z,1.0,42.0,1.0,100,<Response [200]>,2025-11-02T13:40:43.226899,
,,,,,,JTR,,,,,ORY,,,,2025-10-14T23:59:59Z,2025-05-15T09:00:00Z,destination=JTR&origin=ORY&endRange=2025-10-14T23:59:59Z&startRange=2025-05-15T09:00:00Z,3.0,223.0,3.0,100,<Response [200]>,2025-11-02T13:40:43.249424,
,,,,,,KEF,,,,,AMS,,,,2025-10-14T23:59:59Z,2025-05-15T09:00:00Z,destination=KEF&origin=AMS&endRange=2025-10-14T23:59:59Z&startRange=2025-05-15T09:00:00Z,6.0,569.0,6.0,100,<Response [200]>,2025-11-02T13:40:43.273036,
,,,,,,KEF,,,,,CDG,,,,2025-10-14T23:59:59Z,2025-05-15T09:00:00Z,destination=KEF&origin=CDG&endRange=2025-10-14T23:59:59Z&startRange=2025-05-15T09:00:00Z,6.0,554.0,6.0,100,<Response [200]>,2025-11-02T13:40:43.296755,
,,,,,,KEF,,,,,CPH,,,,2025-10-14T23:59:59Z,2025-05-15T09:00:00Z,destination=KEF&origin=CPH&endRange=2025-10-14T23:59:59Z&startRange=2025-05-15T09:00:00Z,3.0,208.0,3.0,100,<Response [200]>,2025-11-02T13:40:43.318950,
,,,,,,KEF,,,,,ORY,,,,2025-10-14T23:59:59Z,2025-05-15T09:00:00Z,destination=KEF&origin=ORY&endRange=2025-10-14T23:59:59Z&startRange=2025-05-15T09:00:00Z,1.0,81.0,1.0,100,<Response [200]>,2025-11-02T13:40:43.339736,
,,,,,,KEF,,,,,OSL,,,,2025-10-14T23:59:59Z,2025-05-15T09:00:00Z,destination=KEF&origin=OSL&endRange=2025-10-14T23:59:59Z&startRange=2025-05-15T09:00:00Z,2.0,140.0,2.0,100,<Response [200]>,2025-11-02T13:40:43.361546,
,,,,,,KGS,,,,,AMS,,,,2025-10-14T23:59:59Z,2025-05-15T09:00:00Z,destination=KGS&origin=AMS&endRange=2025-10-14T23:59:59Z&startRange=2025-05-15T09:00:00Z,4.0,363.0,4.0,100,<Response [200]>,2025-11-02T13:40:43.385388,
,,,,,,KGS,,,,,CDG,,,,2025-10-14T23:59:59Z,2025-05-15T09:00:00Z,destination=KGS&origin=CDG&endRange=2025-10-14T23:59:59Z&startRange=2025-05-15T09:00:00Z,1.0,22.0,1.0,100,<Response [200]>,2025-11-02T13:40:43.406297,
,,,,,,KGS,,,,,ORY,,,,2025-10-14T23:59:59Z,2025-05-15T09:00:00Z,destination=KGS&origin=ORY&endRange=2025-10-14T23:59:59Z&startRange=2025-05-15T09:00:00Z,1.0,31.0,1.0,100,<Response [200]>,2025-11-02T13:40:43.430278,
,,,,,,KLX,,,,,AMS,,,,2025-10-14T23:59:59Z,2025-05-15T09:00:00Z,destination=KLX&origin=AMS&endRange=2025-10-14T23:59:59Z&startRange=2025-05-15T09:00:00Z,1.0,65.0,1.0,100,<Response [200]>,2025-11-02T13:40:43.451112,
,,,,,,KLX,,,,,ORY,,,,2025-10-14T23:59:59Z,2025-05-15T09:00:00Z,destination=KLX&origin=ORY&endRange=2025-10-14T23:59:59Z&startRange=2025-05-15T09:00:00Z,1.0,73.0,1.0,100,<Response [200]>,2025-11-02T13:40:43.471451,
,,,,,,KRK,,,,,AMS,,,,2025-10-14T23:59:59Z,2025-05-15T09:00:00Z,destination=KRK&origin=AMS&endRange=2025-10-14T23:59:59Z&startRange=2025-05-15T09:00:00Z,9.0,808.0,9.0,100,<Response [200]>,2025-11-02T13:40:43.499809,
,,,,,,KRK,,,,,CDG,,,,2025-10-14T23:59:59Z,2025-05-15T09:00:00Z,destination=KRK&origin=CDG&endRange=2025-10-14T23:59:59Z&startRange=2025-05-15T09:00:00Z,3.0,285.0,3.0,100,<Response [200]>,2025-11-02T13:40:43.523355,
,,,,,,KRK,,,,,ORY,,,,2025-10-14T23:59:59Z,2025-05-15T09:00:00Z,destination=KRK&origin=ORY&endRange=2025-10-14T23:59:59Z&startRange=2025-05-15T09:00:00Z,2.0,163.0,2.0,100,<Response [200]>,2025-11-02T13:40:43.546300,
,,,,,,KRS,,,,,AMS,,,,2025-10-14T23:59:59Z,2025-05-15T09:00:00Z,destination=KRS&origin=AMS&endRange=2025-10-14T23:59:59Z&startRange=2025-05-15T09:00:00Z,4.0,388.0,4.0,100,<Response [200]>,2025-11-02T13:40:43.571586,
,,,,,,KRS,,,,,BGO,,,,2025-10-14T23:59:59Z,2025-05-15T09:00:00Z,destination=KRS&origin=BGO&endRange=2025-10-14T23:59:59Z&startRange=2025-05-15T09:00:00Z,5.0,411.0,5.0,100,<Response [200]>,2025-11-02T13:40:43.596810,
,,,,,,KRS,,,,,CPH,,,,2025-10-14T23:59:59Z,2025-05-15T09:00:00Z,destination=KRS&origin=CPH&endRange=2025-10-14T23:59:59Z&startRange=2025-05-15T09:00:00Z,3.0,230.0,3.0,100,<Response [200]>,2025-11-02T13:40:43.620649,
,,,,,,KRS,,,,,OSL,,,,2025-10-14T23:59:59Z,2025-05-15T09:00:00Z,destination=KRS&origin=OSL&endRange=2025-10-14T23:59:59Z&startRange=2025-05-15T09:00:00Z,4.0,374.0,4.0,100,<Response [200]>,2025-11-02T13:40:43.643834,
,,,,,,KSU,,,,,BGO,,,,2025-10-14T23:59:59Z,2025-05-15T09:00:00Z,destination=KSU&origin=BGO&endRange=2025-10-14T23:59:59Z&startRange=2025-05-15T09:00:00Z,4.0,308.0,4.0,100,<Response [200]>,2025-11-02T13:40:43.668817,
,,,,,,KSU,,,,,OSL,,,,2025-10-14T23:59:59Z,2025-05-15T09:00:00Z,destination=KSU&origin=OSL&endRange=2025-10-14T23:59:59Z&startRange=2025-05-15T09:00:00Z,4.0,332.0,4.0,100,<Response [200]>,2025-11-02T13:40:43.698031,
,,,,,,KTT,,,,,HEL,,,,2025-10-14T23:59:59Z,2025-05-15T09:00:00Z,destination=KTT&origin=HEL&endRange=2025-10-14T23:59:59Z&startRange=2025-05-15T09:00:00Z,2.0,104.0,2.0,100,<Response [200]>,2025-11-02T13:40:43.722056,
,,,,,,KUO,,,,,HEL,,,,2025-10-14T23:59:59Z,2025-05-15T09:00:00Z,destination=KUO&origin=HEL&endRange=2025-10-14T23:59:59Z&startRange=2025-05-15T09:00:00Z,3.0,219.0,3.0,100,<Response [200]>,2025-11-02T13:40:43.745872,
,,,,,,LBA,,,,,AMS,,,,2025-10-14T23:59:59Z,2025-05-15T09:00:00Z,destination=LBA&origin=AMS&endRange=2025-10-14T23:59:59Z&startRange=2025-05-15T09:00:00Z,5.0,458.0,5.0,100,<Response [200]>,2025-11-02T13:40:43.771987,
,,,,,,LBA,,,,,CDG,,,,2025-10-14T23:59:59Z,2025-05-15T09:00:00Z,destination=LBA&origin=CDG&endRange=2025-10-14T23:59:59Z&startRange=2025-05-15T09:00:00Z,2.0,112.0,2.0,100,<Response [200]>,2025-11-02T13:40:43.795903,
,,,,,,LCG,,,,,MAD,,,,2025-10-14T23:59:59Z,2025-05-15T09:00:00Z,destination=LCG&origin=MAD&endRange=2025-10-14T23:59:59Z&startRange=2025-05-15T09:00:00Z,7.0,610.0,7.0,100,<Response [200]>,2025-11-02T13:40:43.822495,
,,,,,,LCY,,,,,AMS,,,,2025-10-14T23:59:59Z,2025-05-15T09:00:00Z,destination=LCY&origin=AMS&endRange=2025-10-14T23:59:59Z&startRange=2025-05-15T09:00:00Z,17.0,1632.0,17.0,100,<Response [200]>,2025-11-02T13:40:43.853492,
,,,,,,LCY,,,,,FCO,,,,2025-10-14T23:59:59Z,2025-05-15T09:00:00Z,destination=LCY&origin=FCO&endRange=2025-10-14T23:59:59Z&startRange=2025-05-15T09:00:00Z,3.0,260.0,3.0,100,<Response [200]>,2025-11-02T13:40:43.875977,
,,,,,,LCY,,,,,LIN,,,,2025-10-14T23:59:59Z,2025-05-15T09:00:00Z,destination=LCY&origin=LIN&endRange=2025-10-14T23:59:59Z&startRange=2025-05-15T09:00:00Z,1.0,33.0,1.0,100,<Response [200]>,2025-11-02T13:40:43.897294,
,,,,,,LDY,,,,,LHR,,,,2025-10-14T23:59:59Z,2025-05-15T09:00:00Z,destination=LDY&origin=LHR&endRange=2025-10-14T23:59:59Z&startRange=2025-05-15T09:00:00Z,2.0,149.0,2.0,100,<Response [200]>,2025-11-02T13:40:43.919011,
,,,,,,LGW,,,,,AMS,,,,2025-10-14T23:59:59Z,2025-05-15T09:00:00Z,destination=LGW&origin=AMS&endRange=2025-10-14T23:59:59Z&startRange=2025-05-15T09:00:00Z,8.0,749.0,8.0,100,<Response [200]>,2025-11-02T13:40:43.945306,
,,,,,,LGW,,,,,CDG,,,,2025-10-14T23:59:59Z,2025-05-15T09:00:00Z,destination=LGW&origin=CDG&endRange=2025-10-14T23:59:59Z&startRange=2025-05-15T09:00:00Z,7.0,636.0,7.0,100,<Response [200]>,2025-11-02T13:40:43.970515,
,,,,,,LGW,,,,,FCO,,,,2025-10-14T23:59:59Z,2025-05-15T09:00:00Z,destination=LGW&origin=FCO&endRange=2025-10-14T23:59:59Z&startRange=2025-05-15T09:00:00Z,1.0,5.0,1.0,100,<Response [200]>,2025-11-02T13:40:43.991729,
,,,,,,LGW,,,,,MAN,,,,2025-10-14T23:59:59Z,2025-05-15T09:00:00Z,destination=LGW&origin=MAN&endRange=2025-10-14T23:59:59Z&startRange=2025-05-15T09:00:00Z,1.0,1.0,1.0,100,<Response [200]>,2025-11-02T13:40:44.012849,
,,,,,,LGW,,,,,ORY,,,,2025-10-14T23:59:59Z,2025-05-15T09:00:00Z,destination=LGW&origin=ORY&endRange=2025-10-14T23:59:59Z&startRange=2025-05-15T09:00:00Z,4.0,318.0,4.0,100,<Response [200]>,2025-11-02T13:40:44.036156,
,,,,,,LHR,,,,,AMS,,,,2025-10-14T23:59:59Z,2025-05-15T09:00:00Z,destination=LHR&origin=AMS&endRange=2025-10-14T23:59:59Z&startRange=2025-05-15T09:00:00Z,24.0,2354.0,24.0,100,<Response [200]>,2025-11-02T13:40:44.072064,
,,,,,,LHR,,,,,CDG,,,,2025-10-14T23:59:59Z,2025-05-15T09:00:00Z,destination=LHR&origin=CDG&endRange=2025-10-14T23:59:59Z&startRange=2025-05-15T09:00:00Z,19.0,1842.0,19.0,100,<Response [200]>,2025-11-02T13:40:44.103300,
,,,,,,LHR,,,,,IOM,,,,2025-10-14T23:59:59Z,2025-05-15T09:00:00Z,destination=LHR&origin=IOM&endRange=2025-10-14T23:59:59Z&startRange=2025-05-15T09:00:00Z,2.0,150.0,2.0,100,<Response [200]>,2025-11-02T13:40:44.124878,
,,,,,,LHR,,,,,LDY,,,,2025-10-14T23:59:59Z,2025-05-15T09:00:00Z,destination=LHR&origin=LDY&endRange=2025-10-14T23:59:59Z&startRange=2025-05-15T09:00:00Z,5.0,427.0,5.0,100,<Response [200]>,2025-11-02T13:40:44.149578,
,,,,,,LHR,,,,,NCE,,,,2025-10-14T23:59:59Z,2025-05-15T09:00:00Z,destination=LHR&origin=NCE&endRange=2025-10-14T23:59:59Z&startRange=2025-05-15T09:00:00Z,2.0,152.0,2.0,100,<Response [200]>,2025-11-02T13:40:44.171754,
,,,,,,LHR,,,,,ORY,,,,2025-10-14T23:59:59Z,2025-05-15T09:00:00Z,destination=LHR&origin=ORY&endRange=2025-10-14T23:59:59Z&startRange=2025-05-15T09:00:00Z,2.0,156.0,2.0,100,<Response [200]>,2025-11-02T13:40:44.194449,
,,,,,,LIG,,,,,LYS,,,,2025-10-14T23:59:59Z,2025-05-15T09:00:00Z,destination=LIG&origin=LYS&endRange=2025-10-14T23:59:59Z&startRange=2025-05-15T09:00:00Z,3.0,206.0,3.0,100,<Response [200]>,2025-11-02T13:40:44.216329,
,,,,,,LIN,,,,,AHO,,,,2025-10-14T23:59:59Z,2025-05-15T09:00:00Z,destination=LIN&origin=AHO&endRange=2025-10-14T23:59:59Z&startRange=2025-05-15T09:00:00Z,4.0,337.0,4.0,100,<Response [200]>,2025-11-02T13:40:44.239606,
,,,,,,LIN,,,,,AMS,,,,2025-10-14T23:59:59Z,2025-05-15T09:00:00Z,destination=LIN&origin=AMS&endRange=2025-10-14T23:59:59Z&startRange=2025-05-15T09:00:00Z,16.0,1536.0,16.0,100,<Response [200]>,2025-11-02T13:40:44.270279,
,,,,,,LIN,,,,,BDS,,,,2025-10-14T23:59:59Z,2025-05-15T09:00:00Z,destination=LIN&origin=BDS&endRange=2025-10-14T23:59:59Z&startRange=2025-05-15T09:00:00Z,4.0,304.0,4.0,100,<Response [200]>,2025-11-02T13:40:44.295013,
,,,,,,LIN,,,,,BRI,,,,2025-10-14T23:59:59Z,2025-05-15T09:00:00Z,destination=LIN&origin=BRI&endRange=2025-10-14T23:59:59Z&startRange=2025-05-15T09:00:00Z,7.0,662.0,7.0,100,<Response [200]>,2025-11-02T13:40:44.323534,
,,,,,,LIN,,,,,BRU,,,,2025-10-14T23:59:59Z,2025-05-15T09:00:00Z,destination=LIN&origin=BRU&endRange=2025-10-14T23:59:59Z&startRange=2025-05-15T09:00:00Z,1.0,89.0,1.0,100,<Response [200]>,2025-11-02T13:40:44.344610,
,,,,,,LIN,,,,,CDG,,,,2025-10-14T23:59:59Z,2025-05-15T09:00:00Z,destination=LIN&origin=CDG&endRange=2025-10-14T23:59:59Z&startRange=2025-05-15T09:00:00Z,14.0,1310.0,14.0,100,<Response [200]>,2025-11-02T13:40:44.374228,
,,,,,,LIN,,,,,CTA,,,,2025-10-14T23:59:59Z,2025-05-15T09:00:00Z,destination=LIN&origin=CTA&endRange=2025-10-14T23:59:59Z&startRange=2025-05-15T09:00:00Z,9.0,802.0,9.0,100,<Response [200]>,2025-11-02T13:40:44.402093,
,,,,,,LIN,,,,,DUS,,,,2025-10-14T23:59:59Z,2025-05-15T09:00:00Z,destination=LIN&origin=DUS&endRange=2025-10-14T23:59:59Z&startRange=2025-05-15T09:00:00Z,2.0,135.0,2.0,100,<Response [200]>,2025-11-02T13:40:44.424821,
,,,,,,LIN,,,,,FCO,,,,2025-10-14T23:59:59Z,2025-05-15T09:00:00Z,destination=LIN&origin=FCO&endRange=2025-10-14T23:59:59Z&startRange=2025-05-15T09:00:00Z,8.0,713.0,8.0,100,<Response [200]>,2025-11-02T13:40:44.452617,
,,,,,,LIN,,,,,HAM,,,,2025-10-14T23:59:59Z,2025-05-15T09:00:00Z,destination=LIN&origin=HAM&endRange=2025-10-14T23:59:59Z&startRange=2025-05-15T09:00:00Z,1.0,19.0,1.0,100,<Response [200]>,2025-11-02T13:40:44.474300,
,,,,,,LIN,,,,,HER,,,,2025-10-14T23:59:59Z,2025-05-15T09:00:00Z,destination=LIN&origin=HER&endRange=2025-10-14T23:59:59Z&startRange=2025-05-15T09:00:00Z,1.0,9.0,1.0,100,<Response [200]>,2025-11-02T13:40:44.495477,
,,,,,,LIN,,,,,IBZ,,,,2025-10-14T23:59:59Z,2025-05-15T09:00:00Z,destination=LIN&origin=IBZ&endRange=2025-10-14T23:59:59Z&startRange=2025-05-15T09:00:00Z,1.0,17.0,1.0,100,<Response [200]>,2025-11-02T13:40:44.516144,
,,,,,,LIN,,,,,LCY,,,,2025-10-14T23:59:59Z,2025-05-15T09:00:00Z,destination=LIN&origin=LCY&endRange=2025-10-14T23:59:59Z&startRange=2025-05-15T09:00:00Z,1.0,32.0,1.0,100,<Response [200]>,2025-11-02T13:40:44.537885,
,,,,,,LIN,,,,,MAH,,,,2025-10-14T23:59:59Z,2025-05-15T09:00:00Z,destination=LIN&origin=MAH&endRange=2025-10-14T23:59:59Z&startRange=2025-05-15T09:00:00Z,1.0,5.0,1.0,100,<Response [200]>,2025-11-02T13:40:44.559014,
,,,,,,LIN,,,,,NAP,,,,2025-10-14T23:59:59Z,2025-05-15T09:00:00Z,destination=LIN&origin=NAP&endRange=2025-10-14T23:59:59Z&startRange=2025-05-15T09:00:00Z,6.0,583.0,6.0,100,<Response [200]>,2025-11-02T13:40:44.583125,
,,,,,,LIN,,,,,ORY,,,,2025-10-14T23:59:59Z,2025-05-15T09:00:00Z,destination=LIN&origin=ORY&endRange=2025-10-14T23:59:59Z&startRange=2025-05-15T09:00:00Z,8.0,748.0,8.0,100,<Response [200]>,2025-11-02T13:40:44.608500,
,,,,,,LIN,,,,,PMI,,,,2025-10-14T23:59:59Z,2025-05-15T09:00:00Z,destination=LIN&origin=PMI&endRange=2025-10-14T23:59:59Z&startRange=2025-05-15T09:00:00Z,1.0,8.0,1.0,100,<Response [200]>,2025-11-02T13:40:44.636105,
,,,,,,LIN,,,,,PMO,,,,2025-10-14T23:59:59Z,2025-05-15T09:00:00Z,destination=LIN&origin=PMO&endRange=2025-10-14T23:59:59Z&startRange=2025-05-15T09:00:00Z,7.0,683.0,7.0,100,<Response [200]>,2025-11-02T13:40:44.670705,
,,,,,,LIN,,,,,RHO,,,,2025-10-14T23:59:59Z,2025-05-15T09:00:00Z,destination=LIN&origin=RHO&endRange=2025-10-14T23:59:59Z&startRange=2025-05-15T09:00:00Z,1.0,10.0,1.0,100,<Response [200]>,2025-11-02T13:40:44.700933,
,,,,,,LIN,,,,,SUF,,,,2025-10-14T23:59:59Z,2025-05-15T09:00:00Z,destination=LIN&origin=SUF&endRange=2025-10-14T23:59:59Z&startRange=2025-05-15T09:00:00Z,4.0,322.0,4.0,100,<Response [200]>,2025-11-02T13:40:44.726077,
,,,,,,LIN,,,,,TRS,,,,2025-10-14T23:59:59Z,2025-05-15T09:00:00Z,destination=LIN&origin=TRS&endRange=2025-10-14T23:59:59Z&startRange=2025-05-15T09:00:00Z,1.0,36.0,1.0,100,<Response [200]>,2025-11-02T13:40:44.749381,
,,,,,,LIS,,,,,AMS,,,,2025-10-14T23:59:59Z,2025-05-15T09:00:00Z,destination=LIS&origin=AMS&endRange=2025-10-14T23:59:59Z&startRange=2025-05-15T09:00:00Z,15.0,1425.0,15.0,100,<Response [200]>,2025-11-02T13:40:44.781004,
,,,,,,LIS,,,,,CDG,,,,2025-10-14T23:59:59Z,2025-05-15T09:00:00Z,destination=LIS&origin=CDG&endRange=2025-10-14T23:59:59Z&startRange=2025-05-15T09:00:00Z,9.0,900.0,9.0,100,<Response [200]>,2025-11-02T13:40:44.809272,
,,,,,,LIS,,,,,MAD,,,,2025-10-14T23:59:59Z,2025-05-15T09:00:00Z,destination=LIS&origin=MAD&endRange=2025-10-14T23:59:59Z&startRange=2025-05-15T09:00:00Z,1.0,78.0,1.0,100,<Response [200]>,2025-11-02T13:40:44.830159,
,,,,,,LIS,,,,,ORY,,,,2025-10-14T23:59:59Z,2025-05-15T09:00:00Z,destination=LIS&origin=ORY&endRange=2025-10-14T23:59:59Z&startRange=2025-05-15T09:00:00Z,23.0,2205.0,23.0,100,<Response [200]>,2025-11-02T13:40:44.864651,
,,,,,,LJU,,,,,AMS,,,,2025-10-14T23:59:59Z,2025-05-15T09:00:00Z,destination=LJU&origin=AMS&endRange=2025-10-14T23:59:59Z&startRange=2025-05-15T09:00:00Z,3.0,232.0,3.0,100,<Response [200]>,2025-11-02T13:40:44.889779,
,,,,,,LJU,,,,,CDG,,,,2025-10-14T23:59:59Z,2025-05-15T09:00:00Z,destination=LJU&origin=CDG&endRange=2025-10-14T23:59:59Z&startRange=2025-05-15T09:00:00Z,2.0,173.0,2.0,100,<Response [200]>,2025-11-02T13:40:44.914403,
,,,,,,LJU,,,,,ORY,,,,2025-10-14T23:59:59Z,2025-05-15T09:00:00Z,destination=LJU&origin=ORY&endRange=2025-10-14T23:59:59Z&startRange=2025-05-15T09:00:00Z,1.0,73.0,1.0,100,<Response [200]>,2025-11-02T13:40:44.936437,
,,,,,,LLA,,,,,ARN,,,,2025-10-14T23:59:59Z,2025-05-15T09:00:00Z,destination=LLA&origin=ARN&endRange=2025-10-14T23:59:59Z&startRange=2025-05-15T09:00:00Z,8.0,764.0,8.0,100,<Response [200]>,2025-11-02T13:40:44.962496,
,,,,,,LPA,,,,,AMS,,,,2025-10-14T23:59:59Z,2025-05-15T09:00:00Z,destination=LPA&origin=AMS&endRange=2025-10-14T23:59:59Z&startRange=2025-05-15T09:00:00Z,5.0,437.0,5.0,100,<Response [200]>,2025-11-02T13:40:44.987039,
,,,,,,LPA,,,,,CDG,,,,2025-10-14T23:59:59Z,2025-05-15T09:00:00Z,destination=LPA&origin=CDG&endRange=2025-10-14T23:59:59Z&startRange=2025-05-15T09:00:00Z,2.0,131.0,2.0,100,<Response [200]>,2025-11-02T13:40:45.008892,
,,,,,,LPA,,,,,MAD,,,,2025-10-14T23:59:59Z,2025-05-15T09:00:00Z,destination=LPA&origin=MAD&endRange=2025-10-14T23:59:59Z&startRange=2025-05-15T09:00:00Z,4.0,326.0,4.0,100,<Response [200]>,2025-11-02T13:40:45.032128,
,,,,,,LPA,,,,,ORY,,,,2025-10-14T23:59:59Z,2025-05-15T09:00:00Z,destination=LPA&origin=ORY&endRange=2025-10-14T23:59:59Z&startRange=2025-05-15T09:00:00Z,1.0,80.0,1.0,100,<Response [200]>,2025-11-02T13:40:45.052923,
,,,,,,LPL,,,,,AMS,,,,2025-10-14T23:59:59Z,2025-05-15T09:00:00Z,destination=LPL&origin=AMS&endRange=2025-10-14T23:59:59Z&startRange=2025-05-15T09:00:00Z,2.0,133.0,2.0,100,<Response [200]>,2025-11-02T13:40:45.075456,
,,,,,,LPL,,,,,CDG,,,,2025-10-14T23:59:59Z,2025-05-15T09:00:00Z,destination=LPL&origin=CDG&endRange=2025-10-14T23:59:59Z&startRange=2025-05-15T09:00:00Z,1.0,98.0,1.0,100,<Response [200]>,2025-11-02T13:40:45.096948,
,,,,,,LTN,,,,,AMS,,,,2025-10-14T23:59:59Z,2025-05-15T09:00:00Z,destination=LTN&origin=AMS&endRange=2025-10-14T23:59:59Z&startRange=2025-05-15T09:00:00Z,7.0,637.0,7.0,100,<Response [200]>,2025-11-02T13:40:45.124411,
,,,,,,LTN,,,,,CDG,,,,2025-10-14T23:59:59Z,2025-05-15T09:00:00Z,destination=LTN&origin=CDG&endRange=2025-10-14T23:59:59Z&startRange=2025-05-15T09:00:00Z,5.0,497.0,5.0,100,<Response [200]>,2025-11-02T13:40:45.148820,
,,,,,,LUX,,,,,AMS,,,,2025-10-14T23:59:59Z,2025-05-15T09:00:00Z,destination=LUX&origin=AMS&endRange=2025-10-14T23:59:59Z&startRange=2025-05-15T09:00:00Z,6.0,521.0,6.0,100,<Response [200]>,2025-11-02T13:40:45.173941,
,,,,,,LUX,,,,,CDG,,,,2025-10-14T23:59:59Z,2025-05-15T09:00:00Z,destination=LUX&origin=CDG&endRange=2025-10-14T23:59:59Z&startRange=2025-05-15T09:00:00Z,4.0,362.0,4.0,100,<Response [200]>,2025-11-02T13:40:45.197540,
,,,,,,LYS,,,,,AGP,,,,2025-10-14T23:59:59Z,2025-05-15T09:00:00Z,destination=LYS&origin=AGP&endRange=2025-10-14T23:59:59Z&startRange=2025-05-15T09:00:00Z,1.0,43.0,1.0,100,<Response [200]>,2025-11-02T13:40:45.218969,
,,,,,,LYS,,,,,AJA,,,,2025-10-14T23:59:59Z,2025-05-15T09:00:00Z,destination=LYS&origin=AJA&endRange=2025-10-14T23:59:59Z&startRange=2025-05-15T09:00:00Z,2.0,150.0,2.0,100,<Response [200]>,2025-11-02T13:40:45.242525,
,,,,,,LYS,,,,,AMS,,,,2025-10-14T23:59:59Z,2025-05-15T09:00:00Z,destination=LYS&origin=AMS&endRange=2025-10-14T23:59:59Z&startRange=2025-05-15T09:00:00Z,11.0,1070.0,11.0,100,<Response [200]>,2025-11-02T13:40:45.270885,
,,,,,,LYS,,,,,BEG,,,,2025-10-14T23:59:59Z,2025-05-15T09:00:00Z,destination=LYS&origin=BEG&endRange=2025-10-14T23:59:59Z&startRange=2025-05-15T09:00:00Z,1.0,44.0,1.0,100,<Response [200]>,2025-11-02T13:40:45.292916,
,,,,,,LYS,,,,,BES,,,,2025-10-14T23:59:59Z,2025-05-15T09:00:00Z,destination=LYS&origin=BES&endRange=2025-10-14T23:59:59Z&startRange=2025-05-15T09:00:00Z,3.0,237.0,3.0,100,<Response [200]>,2025-11-02T13:40:45.316495,
,,,,,,LYS,,,,,BIA,,,,2025-10-14T23:59:59Z,2025-05-15T09:00:00Z,destination=LYS&origin=BIA&endRange=2025-10-14T23:59:59Z&startRange=2025-05-15T09:00:00Z,2.0,140.0,2.0,100,<Response [200]>,2025-11-02T13:40:45.340332,
,,,,,,LYS,,,,,BIQ,,,,2025-10-14T23:59:59Z,2025-05-15T09:00:00Z,destination=LYS&origin=BIQ&endRange=2025-10-14T23:59:59Z&startRange=2025-05-15T09:00:00Z,3.0,243.0,3.0,100,<Response [200]>,2025-11-02T13:40:45.363823,
,,,,,,LYS,,,,,BOD,,,,2025-10-14T23:59:59Z,2025-05-15T09:00:00Z,destination=LYS&origin=BOD&endRange=2025-10-14T23:59:59Z&startRange=2025-05-15T09:00:00Z,3.0,269.0,3.0,100,<Response [200]>,2025-11-02T13:40:45.386956,
,,,,,,LYS,,,,,CDG,,,,2025-10-14T23:59:59Z,2025-05-15T09:00:00Z,destination=LYS&origin=CDG&endRange=2025-10-14T23:59:59Z&startRange=2025-05-15T09:00:00Z,8.0,792.0,8.0,100,<Response [200]>,2025-11-02T13:40:45.413871,
,,,,,,LYS,,,,,CHQ,,,,2025-10-14T23:59:59Z,2025-05-15T09:00:00Z,destination=LYS&origin=CHQ&endRange=2025-10-14T23:59:59Z&startRange=2025-05-15T09:00:00Z,1.0,15.0,1.0,100,<Response [200]>,2025-11-02T13:40:45.435767,
,,,,,,LYS,,,,,FAO,,,,2025-10-14T23:59:59Z,2025-05-15T09:00:00Z,destination=LYS&origin=FAO&endRange=2025-10-14T23:59:59Z&startRange=2025-05-15T09:00:00Z,1.0,25.0,1.0,100,<Response [200]>,2025-11-02T13:40:45.460781,
,,,,,,LYS,,,,,FLR,,,,2025-10-14T23:59:59Z,2025-05-15T09:00:00Z,destination=LYS&origin=FLR&endRange=2025-10-14T23:59:59Z&startRange=2025-05-15T09:00:00Z,1.0,3.0,1.0,100,<Response [200]>,2025-11-02T13:40:45.485743,
,,,,,,LYS,,,,,FNC,,,,2025-10-14T23:59:59Z,2025-05-15T09:00:00Z,destination=LYS&origin=FNC&endRange=2025-10-14T23:59:59Z&startRange=2025-05-15T09:00:00Z,1.0,13.0,1.0,100,<Response [200]>,2025-11-02T13:40:45.507503,
,,,,,,LYS,,,,,FSC,,,,2025-10-14T23:59:59Z,2025-05-15T09:00:00Z,destination=LYS&origin=FSC&endRange=2025-10-14T23:59:59Z&startRange=2025-05-15T09:00:00Z,1.0,18.0,1.0,100,<Response [200]>,2025-11-02T13:40:45.529087,
,,,,,,LYS,,,,,HER,,,,2025-10-14T23:59:59Z,2025-05-15T09:00:00Z,destination=LYS&origin=HER&endRange=2025-10-14T23:59:59Z&startRange=2025-05-15T09:00:00Z,1.0,45.0,1.0,100,<Response [200]>,2025-11-02T13:40:45.550931,
,,,,,,LYS,,,,,JTR,,,,2025-10-14T23:59:59Z,2025-05-15T09:00:00Z,destination=LYS&origin=JTR&endRange=2025-10-14T23:59:59Z&startRange=2025-05-15T09:00:00Z,1.0,22.0,1.0,100,<Response [200]>,2025-11-02T13:40:45.572483,
,,,,,,LYS,,,,,LIG,,,,2025-10-14T23:59:59Z,2025-05-15T09:00:00Z,destination=LYS&origin=LIG&endRange=2025-10-14T23:59:59Z&startRange=2025-05-15T09:00:00Z,3.0,206.0,3.0,100,<Response [200]>,2025-11-02T13:40:45.596456,
,,,,,,LYS,,,,,MLA,,,,2025-10-14T23:59:59Z,2025-05-15T09:00:00Z,destination=LYS&origin=MLA&endRange=2025-10-14T23:59:59Z&startRange=2025-05-15T09:00:00Z,1.0,97.0,1.0,100,<Response [200]>,2025-11-02T13:40:45.618295,
,,,,,,LYS,,,,,MRS,,,,2025-10-14T23:59:59Z,2025-05-15T09:00:00Z,destination=LYS&origin=MRS&endRange=2025-10-14T23:59:59Z&startRange=2025-05-15T09:00:00Z,3.0,257.0,3.0,100,<Response [200]>,2025-11-02T13:40:45.642348,
,,,,,,LYS,,,,,NCE,,,,2025-10-14T23:59:59Z,2025-05-15T09:00:00Z,destination=LYS&origin=NCE&endRange=2025-10-14T23:59:59Z&startRange=2025-05-15T09:00:00Z,3.0,242.0,3.0,100,<Response [200]>,2025-11-02T13:40:45.668619,
,,,,,,LYS,,,,,NTE,,,,2025-10-14T23:59:59Z,2025-05-15T09:00:00Z,destination=LYS&origin=NTE&endRange=2025-10-14T23:59:59Z&startRange=2025-05-15T09:00:00Z,3.0,280.0,3.0,100,<Response [200]>,2025-11-02T13:40:45.694567,
,,,,,,LYS,,,,,OPO,,,,2025-10-14T23:59:59Z,2025-05-15T09:00:00Z,destination=LYS&origin=OPO&endRange=2025-10-14T23:59:59Z&startRange=2025-05-15T09:00:00Z,1.0,64.0,1.0,100,<Response [200]>,2025-11-02T13:40:45.718280,
,,,,,,LYS,,,,,PMI,,,,2025-10-14T23:59:59Z,2025-05-15T09:00:00Z,destination=LYS&origin=PMI&endRange=2025-10-14T23:59:59Z&startRange=2025-05-15T09:00:00Z,1.0,43.0,1.0,100,<Response [200]>,2025-11-02T13:40:45.742040,
,,,,,,LYS,,,,,RHO,,,,2025-10-14T23:59:59Z,2025-05-15T09:00:00Z,destination=LYS&origin=RHO&endRange=2025-10-14T23:59:59Z&startRange=2025-05-15T09:00:00Z,1.0,16.0,1.0,100,<Response [200]>,2025-11-02T13:40:45.766064,
,,,,,,LYS,,,,,TIA,,,,2025-10-14T23:59:59Z,2025-05-15T09:00:00Z,destination=LYS&origin=TIA&endRange=2025-10-14T23:59:59Z&startRange=2025-05-15T09:00:00Z,1.0,13.0,1.0,100,<Response [200]>,2025-11-02T13:40:45.787767,
,,,,,,LYS,,,,,TLS,,,,2025-10-14T23:59:59Z,2025-05-15T09:00:00Z,destination=LYS&origin=TLS&endRange=2025-10-14T23:59:59Z&startRange=2025-05-15T09:00:00Z,3.0,271.0,3.0,100,<Response [200]>,2025-11-02T13:40:45.812081,
,,,,,,MAD,,,,,ACE,,,,2025-10-14T23:59:59Z,2025-05-15T09:00:00Z,destination=MAD&origin=ACE&endRange=2025-10-14T23:59:59Z&startRange=2025-05-15T09:00:00Z,1.0,72.0,1.0,100,<Response [200]>,2025-11-02T13:40:45.835910,
,,,,,,MAD,,,,,ALC,,,,2025-10-14T23:59:59Z,2025-05-15T09:00:00Z,destination=MAD&origin=ALC&endRange=2025-10-14T23:59:59Z&startRange=2025-05-15T09:00:00Z,1.0,22.0,1.0,100,<Response [200]>,2025-11-02T13:40:45.861218,
,,,,,,MAD,,,,,AMS,,,,2025-10-14T23:59:59Z,2025-05-15T09:00:00Z,destination=MAD&origin=AMS&endRange=2025-10-14T23:59:59Z&startRange=2025-05-15T09:00:00Z,17.0,1698.0,17.0,100,<Response [200]>,2025-11-02T13:40:45.894178,
,,,,,,MAD,,,,,ATH,,,,2025-10-14T23:59:59Z,2025-05-15T09:00:00Z,destination=MAD&origin=ATH&endRange=2025-10-14T23:59:59Z&startRange=2025-05-15T09:00:00Z,1.0,10.0,1.0,100,<Response [200]>,2025-11-02T13:40:45.914747,
,,,,,,MAD,,,,,BCN,,,,2025-10-14T23:59:59Z,2025-05-15T09:00:00Z,destination=MAD&origin=BCN&endRange=2025-10-14T23:59:59Z&startRange=2025-05-15T09:00:00Z,2.0,136.0,2.0,100,<Response [200]>,2025-11-02T13:40:45.936849,
,,,,,,MAD,,,,,BIO,,,,2025-10-14T23:59:59Z,2025-05-15T09:00:00Z,destination=MAD&origin=BIO&endRange=2025-10-14T23:59:59Z&startRange=2025-05-15T09:00:00Z,5.0,411.0,5.0,100,<Response [200]>,2025-11-02T13:40:45.961225,
,,,,,,MAD,,,,,BRU,,,,2025-10-14T23:59:59Z,2025-05-15T09:00:00Z,destination=MAD&origin=BRU&endRange=2025-10-14T23:59:59Z&startRange=2025-05-15T09:00:00Z,1.0,43.0,1.0,100,<Response [200]>,2025-11-02T13:40:45.983211,
,,,,,,MAD,,,,,CDG,,,,2025-10-14T23:59:59Z,2025-05-15T09:00:00Z,destination=MAD&origin=CDG&endRange=2025-10-14T23:59:59Z&startRange=2025-05-15T09:00:00Z,13.0,1255.0,13.0,100,<Response [200]>,2025-11-02T13:40:46.012455,
,,,,,,MAD,,,,,FCO,,,,2025-10-14T23:59:59Z,2025-05-15T09:00:00Z,destination=MAD&origin=FCO&endRange=2025-10-14T23:59:59Z&startRange=2025-05-15T09:00:00Z,2.0,120.0,2.0,100,<Response [200]>,2025-11-02T13:40:46.034223,
,,,,,,MAD,,,,,FRA,,,,2025-10-14T23:59:59Z,2025-05-15T09:00:00Z,destination=MAD&origin=FRA&endRange=2025-10-14T23:59:59Z&startRange=2025-05-15T09:00:00Z,1.0,11.0,1.0,100,<Response [200]>,2025-11-02T13:40:46.055128,
,,,,,,MAD,,,,,IBZ,,,,2025-10-14T23:59:59Z,2025-05-15T09:00:00Z,destination=MAD&origin=IBZ&endRange=2025-10-14T23:59:59Z&startRange=2025-05-15T09:00:00Z,4.0,370.0,4.0,100,<Response [200]>,2025-11-02T13:40:46.078807,
,,,,,,MAD,,,,,LCG,,,,2025-10-14T23:59:59Z,2025-05-15T09:00:00Z,destination=MAD&origin=LCG&endRange=2025-10-14T23:59:59Z&startRange=2025-05-15T09:00:00Z,5.0,477.0,5.0,100,<Response [200]>,2025-11-02T13:40:46.109111,
,,,,,,MAD,,,,,LIS,,,,2025-10-14T23:59:59Z,2025-05-15T09:00:00Z,destination=MAD&origin=LIS&endRange=2025-10-14T23:59:59Z&startRange=2025-05-15T09:00:00Z,1.0,78.0,1.0,100,<Response [200]>,2025-11-02T13:40:46.136713,
,,,,,,MAD,,,,,LPA,,,,2025-10-14T23:59:59Z,2025-05-15T09:00:00Z,destination=MAD&origin=LPA&endRange=2025-10-14T23:59:59Z&startRange=2025-05-15T09:00:00Z,4.0,346.0,4.0,100,<Response [200]>,2025-11-02T13:40:46.164810,
,,,,,,MAD,,,,,MXP,,,,2025-10-14T23:59:59Z,2025-05-15T09:00:00Z,destination=MAD&origin=MXP&endRange=2025-10-14T23:59:59Z&startRange=2025-05-15T09:00:00Z,1.0,16.0,1.0,100,<Response [200]>,2025-11-02T13:40:46.188799,
,,,,,,MAD,,,,,OPO,,,,2025-10-14T23:59:59Z,2025-05-15T09:00:00Z,destination=MAD&origin=OPO&endRange=2025-10-14T23:59:59Z&startRange=2025-05-15T09:00:00Z,1.0,32.0,1.0,100,<Response [200]>,2025-11-02T13:40:46.216447,
,,,,,,MAD,,,,,ORY,,,,2025-10-14T23:59:59Z,2025-05-15T09:00:00Z,destination=MAD&origin=ORY&endRange=2025-10-14T23:59:59Z&startRange=2025-05-15T09:00:00Z,21.0,2074.0,21.0,100,<Response [200]>,2025-11-02T13:40:46.253758,
,,,,,,MAD,,,,,PMI,,,,2025-10-14T23:59:59Z,2025-05-15T09:00:00Z,destination=MAD&origin=PMI&endRange=2025-10-14T23:59:59Z&startRange=2025-05-15T09:00:00Z,7.0,654.0,7.0,100,<Response [200]>,2025-11-02T13:40:46.284999,
,,,,,,MAD,,,,,TFN,,,,2025-10-14T23:59:59Z,2025-05-15T09:00:00Z,destination=MAD&origin=TFN&endRange=2025-10-14T23:59:59Z&startRange=2025-05-15T09:00:00Z,5.0,415.0,5.0,100,<Response [200]>,2025-11-02T13:40:46.313336,
,,,,,,MAD,,,,,VCE,,,,2025-10-14T23:59:59Z,2025-05-15T09:00:00Z,destination=MAD&origin=VCE&endRange=2025-10-14T23:59:59Z&startRange=2025-05-15T09:00:00Z,1.0,36.0,1.0,100,<Response [200]>,2025-11-02T13:40:46.340209,
,,,,,,MAD,,,,,VGO,,,,2025-10-14T23:59:59Z,2025-05-15T09:00:00Z,destination=MAD&origin=VGO&endRange=2025-10-14T23:59:59Z&startRange=2025-05-15T09:00:00Z,7.0,609.0,7.0,100,<Response [200]>,2025-11-02T13:40:46.370310,
,,,,,,MAD,,,,,VLC,,,,2025-10-14T23:59:59Z,2025-05-15T09:00:00Z,destination=MAD&origin=VLC&endRange=2025-10-14T23:59:59Z&startRange=2025-05-15T09:00:00Z,1.0,35.0,1.0,100,<Response [200]>,2025-11-02T13:40:46.395164,
,,,,,,MAD,,,,,ZRH,,,,2025-10-14T23:59:59Z,2025-05-15T09:00:00Z,destination=MAD&origin=ZRH&endRange=2025-10-14T23:59:59Z&startRange=2025-05-15T09:00:00Z,1.0,69.0,1.0,100,<Response [200]>,2025-11-02T13:40:46.420127,
,,,,,,MAH,,,,,AMS,,,,2025-10-14T23:59:59Z,2025-05-15T09:00:00Z,destination=MAH&origin=AMS&endRange=2025-10-14T23:59:59Z&startRange=2025-05-15T09:00:00Z,1.0,67.0,1.0,100,<Response [200]>,2025-11-02T13:40:46.446656,
,,,,,,MAH,,,,,CDG,,,,2025-10-14T23:59:59Z,2025-05-15T09:00:00Z,destination=MAH&origin=CDG&endRange=2025-10-14T23:59:59Z&startRange=2025-05-15T09:00:00Z,1.0,50.0,1.0,100,<Response [200]>,2025-11-02T13:40:46.470879,
,,,,,,MAH,,,,,LIN,,,,2025-10-14T23:59:59Z,2025-05-15T09:00:00Z,destination=MAH&origin=LIN&endRange=2025-10-14T23:59:59Z&startRange=2025-05-15T09:00:00Z,1.0,6.0,1.0,100,<Response [200]>,2025-11-02T13:40:46.495742,
,,,,,,MAH,,,,,ORY,,,,2025-10-14T23:59:59Z,2025-05-15T09:00:00Z,destination=MAH&origin=ORY&endRange=2025-10-14T23:59:59Z&startRange=2025-05-15T09:00:00Z,4.0,351.0,4.0,100,<Response [200]>,2025-11-02T13:40:46.523434,
,,,,,,MAN,,,,,AMS,,,,2025-10-14T23:59:59Z,2025-05-15T09:00:00Z,destination=MAN&origin=AMS&endRange=2025-10-14T23:59:59Z&startRange=2025-05-15T09:00:00Z,17.0,1640.0,17.0,100,<Response [200]>,2025-11-02T13:40:46.561927,
,,,,,,MAN,,,,,CDG,,,,2025-10-14T23:59:59Z,2025-05-15T09:00:00Z,destination=MAN&origin=CDG&endRange=2025-10-14T23:59:59Z&startRange=2025-05-15T09:00:00Z,12.0,1146.0,12.0,100,<Response [200]>,2025-11-02T13:40:46.599490,
,,,,,,MJT,,,,,AMS,,,,2025-10-14T23:59:59Z,2025-05-15T09:00:00Z,destination=MJT&origin=AMS&endRange=2025-10-14T23:59:59Z&startRange=2025-05-15T09:00:00Z,2.0,123.0,2.0,100,<Response [200]>,2025-11-02T13:40:46.626721,
,,,,,,MLA,,,,,AMS,,,,2025-10-14T23:59:59Z,2025-05-15T09:00:00Z,destination=MLA&origin=AMS&endRange=2025-10-14T23:59:59Z&startRange=2025-05-15T09:00:00Z,3.0,271.0,3.0,100,<Response [200]>,2025-11-02T13:40:46.653814,
,,,,,,MLA,,,,,CDG,,,,2025-10-14T23:59:59Z,2025-05-15T09:00:00Z,destination=MLA&origin=CDG&endRange=2025-10-14T23:59:59Z&startRange=2025-05-15T09:00:00Z,3.0,226.0,3.0,100,<Response [200]>,2025-11-02T13:40:46.685899,
,,,,,,MLA,,,,,FCO,,,,2025-10-14T23:59:59Z,2025-05-15T09:00:00Z,destination=MLA&origin=FCO&endRange=2025-10-14T23:59:59Z&startRange=2025-05-15T09:00:00Z,2.0,149.0,2.0,100,<Response [200]>,2025-11-02T13:40:46.719948,
,,,,,,MLA,,,,,LYS,,,,2025-10-14T23:59:59Z,2025-05-15T09:00:00Z,destination=MLA&origin=LYS&endRange=2025-10-14T23:59:59Z&startRange=2025-05-15T09:00:00Z,1.0,97.0,1.0,100,<Response [200]>,2025-11-02T13:40:46.746775,
,,,,,,MLA,,,,,ORY,,,,2025-10-14T23:59:59Z,2025-05-15T09:00:00Z,destination=MLA&origin=ORY&endRange=2025-10-14T23:59:59Z&startRange=2025-05-15T09:00:00Z,4.0,321.0,4.0,100,<Response [200]>,2025-11-02T13:40:46.774253,
,,,,,,MME,,,,,AMS,,,,2025-10-14T23:59:59Z,2025-05-15T09:00:00Z,destination=MME&origin=AMS&endRange=2025-10-14T23:59:59Z&startRange=2025-05-15T09:00:00Z,4.0,374.0,4.0,100,<Response [200]>,2025-11-02T13:40:46.803328,
,,,,,,MMX,,,,,ARN,,,,2025-10-14T23:59:59Z,2025-05-15T09:00:00Z,destination=MMX&origin=ARN&endRange=2025-10-14T23:59:59Z&startRange=2025-05-15T09:00:00Z,8.0,706.0,8.0,100,<Response [200]>,2025-11-02T13:40:46.832293,
,,,,,,MRS,,,,,AJA,,,,2025-10-14T23:59:59Z,2025-05-15T09:00:00Z,destination=MRS&origin=AJA&endRange=2025-10-14T23:59:59Z&startRange=2025-05-15T09:00:00Z,5.0,465.0,5.0,100,<Response [200]>,2025-11-02T13:40:46.857904,
,,,,,,MRS,,,,,AMS,,,,2025-10-14T23:59:59Z,2025-05-15T09:00:00Z,destination=MRS&origin=AMS&endRange=2025-10-14T23:59:59Z&startRange=2025-05-15T09:00:00Z,5.0,462.0,5.0,100,<Response [200]>,2025-11-02T13:40:46.883996,
,,,,,,MRS,,,,,BIA,,,,2025-10-14T23:59:59Z,2025-05-15T09:00:00Z,destination=MRS&origin=BIA&endRange=2025-10-14T23:59:59Z&startRange=2025-05-15T09:00:00Z,5.0,482.0,5.0,100,<Response [200]>,2025-11-02T13:40:46.909483,
,,,,,,MRS,,,,,CDG,,,,2025-10-14T23:59:59Z,2025-05-15T09:00:00Z,destination=MRS&origin=CDG&endRange=2025-10-14T23:59:59Z&startRange=2025-05-15T09:00:00Z,13.0,1266.0,13.0,100,<Response [200]>,2025-11-02T13:40:46.941769,
,,,,,,MRS,,,,,FSC,,,,2025-10-14T23:59:59Z,2025-05-15T09:00:00Z,destination=MRS&origin=FSC&endRange=2025-10-14T23:59:59Z&startRange=2025-05-15T09:00:00Z,5.0,445.0,5.0,100,<Response [200]>,2025-11-02T13:40:46.965510,
,,,,,,MRS,,,,,LYS,,,,2025-10-14T23:59:59Z,2025-05-15T09:00:00Z,destination=MRS&origin=LYS&endRange=2025-10-14T23:59:59Z&startRange=2025-05-15T09:00:00Z,3.0,273.0,3.0,100,<Response [200]>,2025-11-02T13:40:46.989709,
,,,,,,MRS,,,,,ORY,,,,2025-10-14T23:59:59Z,2025-05-15T09:00:00Z,destination=MRS&origin=ORY&endRange=2025-10-14T23:59:59Z&startRange=2025-05-15T09:00:00Z,4.0,378.0,4.0,100,<Response [200]>,2025-11-02T13:40:47.016052,
,,,,,,MUC,,,,,AMS,,,,2025-10-14T23:59:59Z,2025-05-15T09:00:00Z,destination=MUC&origin=AMS&endRange=2025-10-14T23:59:59Z&startRange=2025-05-15T09:00:00Z,18.0,1713.0,18.0,100,<Response [200]>,2025-11-02T13:40:47.050823,
,,,,,,MUC,,,,,CDG,,,,2025-10-14T23:59:59Z,2025-05-15T09:00:00Z,destination=MUC&origin=CDG&endRange=2025-10-14T23:59:59Z&startRange=2025-05-15T09:00:00Z,16.0,1529.0,16.0,100,<Response [200]>,2025-11-02T13:40:47.084585,
,,,,,,MUC,,,,,FCO,,,,2025-10-14T23:59:59Z,2025-05-15T09:00:00Z,destination=MUC&origin=FCO&endRange=2025-10-14T23:59:59Z&startRange=2025-05-15T09:00:00Z,1.0,58.0,1.0,100,<Response [200]>,2025-11-02T13:40:47.106286,
,,,,,,MXP,,,,,AMS,,,,2025-10-14T23:59:59Z,2025-05-15T09:00:00Z,destination=MXP&origin=AMS&endRange=2025-10-14T23:59:59Z&startRange=2025-05-15T09:00:00Z,7.0,634.0,7.0,100,<Response [200]>,2025-11-02T13:40:47.133992,
,,,,,,MXP,,,,,CDG,,,,2025-10-14T23:59:59Z,2025-05-15T09:00:00Z,destination=MXP&origin=CDG&endRange=2025-10-14T23:59:59Z&startRange=2025-05-15T09:00:00Z,12.0,1162.0,12.0,100,<Response [200]>,2025-11-02T13:40:47.164197,
,,,,,,MXP,,,,,MAD,,,,2025-10-14T23:59:59Z,2025-05-15T09:00:00Z,destination=MXP&origin=MAD&endRange=2025-10-14T23:59:59Z&startRange=2025-05-15T09:00:00Z,1.0,16.0,1.0,100,<Response [200]>,2025-11-02T13:40:47.185806,
,,,,,,MXP,,,,,ORY,,,,2025-10-14T23:59:59Z,2025-05-15T09:00:00Z,destination=MXP&origin=ORY&endRange=2025-10-14T23:59:59Z&startRange=2025-05-15T09:00:00Z,6.0,516.0,6.0,100,<Response [200]>,2025-11-02T13:40:47.218596,
,,,,,,NAP,,,,,AMS,,,,2025-10-14T23:59:59Z,2025-05-15T09:00:00Z,destination=NAP&origin=AMS&endRange=2025-10-14T23:59:59Z&startRange=2025-05-15T09:00:00Z,4.0,376.0,4.0,100,<Response [200]>,2025-11-02T13:40:47.245612,
,,,,,,NAP,,,,,CDG,,,,2025-10-14T23:59:59Z,2025-05-15T09:00:00Z,destination=NAP&origin=CDG&endRange=2025-10-14T23:59:59Z&startRange=2025-05-15T09:00:00Z,5.0,483.0,5.0,100,<Response [200]>,2025-11-02T13:40:47.274211,
,,,,,,NAP,,,,,FCO,,,,2025-10-14T23:59:59Z,2025-05-15T09:00:00Z,destination=NAP&origin=FCO&endRange=2025-10-14T23:59:59Z&startRange=2025-05-15T09:00:00Z,6.0,506.0,6.0,100,<Response [200]>,2025-11-02T13:40:47.305587,
,,,,,,NAP,,,,,LIN,,,,2025-10-14T23:59:59Z,2025-05-15T09:00:00Z,destination=NAP&origin=LIN&endRange=2025-10-14T23:59:59Z&startRange=2025-05-15T09:00:00Z,6.0,573.0,6.0,100,<Response [200]>,2025-11-02T13:40:47.334015,
,,,,,,NAP,,,,,ORY,,,,2025-10-14T23:59:59Z,2025-05-15T09:00:00Z,destination=NAP&origin=ORY&endRange=2025-10-14T23:59:59Z&startRange=2025-05-15T09:00:00Z,6.0,550.0,6.0,100,<Response [200]>,2025-11-02T13:40:47.368173,
,,,,,,NCE,,,,,AJA,,,,2025-10-14T23:59:59Z,2025-05-15T09:00:00Z,destination=NCE&origin=AJA&endRange=2025-10-14T23:59:59Z&startRange=2025-05-15T09:00:00Z,5.0,462.0,5.0,100,<Response [200]>,2025-11-02T13:40:47.396706,
,,,,,,NCE,,,,,AMS,,,,2025-10-14T23:59:59Z,2025-05-15T09:00:00Z,destination=NCE&origin=AMS&endRange=2025-10-14T23:59:59Z&startRange=2025-05-15T09:00:00Z,9.0,860.0,9.0,100,<Response [200]>,2025-11-02T13:40:47.427917,
,,,,,,NCE,,,,,BIA,,,,2025-10-14T23:59:59Z,2025-05-15T09:00:00Z,destination=NCE&origin=BIA&endRange=2025-10-14T23:59:59Z&startRange=2025-05-15T09:00:00Z,5.0,487.0,5.0,100,<Response [200]>,2025-11-02T13:40:47.455412,
,,,,,,NCE,,,,,CDG,,,,2025-10-14T23:59:59Z,2025-05-15T09:00:00Z,destination=NCE&origin=CDG&endRange=2025-10-14T23:59:59Z&startRange=2025-05-15T09:00:00Z,21.0,2006.0,21.0,100,<Response [200]>,2025-11-02T13:40:47.493432,
,,,,,,NCE,,,,,FCO,,,,2025-10-14T23:59:59Z,2025-05-15T09:00:00Z,destination=NCE&origin=FCO&endRange=2025-10-14T23:59:59Z&startRange=2025-05-15T09:00:00Z,5.0,419.0,5.0,100,<Response [200]>,2025-11-02T13:40:47.520424,
,,,,,,NCE,,,,,FSC,,,,2025-10-14T23:59:59Z,2025-05-15T09:00:00Z,destination=NCE&origin=FSC&endRange=2025-10-14T23:59:59Z&startRange=2025-05-15T09:00:00Z,3.0,271.0,3.0,100,<Response [200]>,2025-11-02T13:40:47.546785,
,,,,,,NCE,,,,,LHR,,,,2025-10-14T23:59:59Z,2025-05-15T09:00:00Z,destination=NCE&origin=LHR&endRange=2025-10-14T23:59:59Z&startRange=2025-05-15T09:00:00Z,2.0,152.0,2.0,100,<Response [200]>,2025-11-02T13:40:47.571399,
,,,,,,NCE,,,,,LYS,,,,2025-10-14T23:59:59Z,2025-05-15T09:00:00Z,destination=NCE&origin=LYS&endRange=2025-10-14T23:59:59Z&startRange=2025-05-15T09:00:00Z,3.0,241.0,3.0,100,<Response [200]>,2025-11-02T13:40:47.599821,
,,,,,,NCE,,,,,ORY,,,,2025-10-14T23:59:59Z,2025-05-15T09:00:00Z,destination=NCE&origin=ORY&endRange=2025-10-14T23:59:59Z&startRange=2025-05-15T09:00:00Z,24.0,2374.0,24.0,100,<Response [200]>,2025-11-02T13:40:47.651955,
,,,,,,NCE,,,,,OTP,,,,2025-10-14T23:59:59Z,2025-05-15T09:00:00Z,destination=NCE&origin=OTP&endRange=2025-10-14T23:59:59Z&startRange=2025-05-15T09:00:00Z,1.0,54.0,1.0,100,<Response [200]>,2025-11-02T13:40:47.678586,
,,,,,,NCL,,,,,AMS,,,,2025-10-14T23:59:59Z,2025-05-15T09:00:00Z,destination=NCL&origin=AMS&endRange=2025-10-14T23:59:59Z&startRange=2025-05-15T09:00:00Z,9.0,815.0,9.0,100,<Response [200]>,2025-11-02T13:40:47.715378,
,,,,,,NCL,,,,,CDG,,,,2025-10-14T23:59:59Z,2025-05-15T09:00:00Z,destination=NCL&origin=CDG&endRange=2025-10-14T23:59:59Z&startRange=2025-05-15T09:00:00Z,5.0,410.0,5.0,100,<Response [200]>,2025-11-02T13:40:47.745758,
,,,,,,NTE,,,,,AGP,,,,2025-10-14T23:59:59Z,2025-05-15T09:00:00Z,destination=NTE&origin=AGP&endRange=2025-10-14T23:59:59Z&startRange=2025-05-15T09:00:00Z,1.0,1.0,1.0,100,<Response [200]>,2025-11-02T13:40:47.772012,
,,,,,,NTE,,,,,AMS,,,,2025-10-14T23:59:59Z,2025-05-15T09:00:00Z,destination=NTE&origin=AMS&endRange=2025-10-14T23:59:59Z&startRange=2025-05-15T09:00:00Z,5.0,458.0,5.0,100,<Response [200]>,2025-11-02T13:40:47.803417,
,,,,,,NTE,,,,,CDG,,,,2025-10-14T23:59:59Z,2025-05-15T09:00:00Z,destination=NTE&origin=CDG&endRange=2025-10-14T23:59:59Z&startRange=2025-05-15T09:00:00Z,8.0,714.0,8.0,100,<Response [200]>,2025-11-02T13:40:47.832783,
,,,,,,NTE,,,,,LYS,,,,2025-10-14T23:59:59Z,2025-05-15T09:00:00Z,destination=NTE&origin=LYS&endRange=2025-10-14T23:59:59Z&startRange=2025-05-15T09:00:00Z,3.0,278.0,3.0,100,<Response [200]>,2025-11-02T13:40:47.861588,
,,,,,,NUE,,,,,AMS,,,,2025-10-14T23:59:59Z,2025-05-15T09:00:00Z,destination=NUE&origin=AMS&endRange=2025-10-14T23:59:59Z&startRange=2025-05-15T09:00:00Z,7.0,651.0,7.0,100,<Response [200]>,2025-11-02T13:40:47.892457,
,,,,,,NUE,,,,,CDG,,,,2025-10-14T23:59:59Z,2025-05-15T09:00:00Z,destination=NUE&origin=CDG&endRange=2025-10-14T23:59:59Z&startRange=2025-05-15T09:00:00Z,3.0,286.0,3.0,100,<Response [200]>,2025-11-02T13:40:47.919375,
,,,,,,NWI,,,,,AMS,,,,2025-10-14T23:59:59Z,2025-05-15T09:00:00Z,destination=NWI&origin=AMS&endRange=2025-10-14T23:59:59Z&startRange=2025-05-15T09:00:00Z,7.0,607.0,7.0,100,<Response [200]>,2025-11-02T13:40:47.948089,
,,,,,,OHD,,,,,AMS,,,,2025-10-14T23:59:59Z,2025-05-15T09:00:00Z,destination=OHD&origin=AMS&endRange=2025-10-14T23:59:59Z&startRange=2025-05-15T09:00:00Z,1.0,61.0,1.0,100,<Response [200]>,2025-11-02T13:40:47.975321,
,,,,,,OLB,,,,,AMS,,,,2025-10-14T23:59:59Z,2025-05-15T09:00:00Z,destination=OLB&origin=AMS&endRange=2025-10-14T23:59:59Z&startRange=2025-05-15T09:00:00Z,3.0,224.0,3.0,100,<Response [200]>,2025-11-02T13:40:47.999416,
,,,,,,OLB,,,,,CDG,,,,2025-10-14T23:59:59Z,2025-05-15T09:00:00Z,destination=OLB&origin=CDG&endRange=2025-10-14T23:59:59Z&startRange=2025-05-15T09:00:00Z,2.0,165.0,2.0,100,<Response [200]>,2025-11-02T13:40:48.023907,
,,,,,,OLB,,,,,ORY,,,,2025-10-14T23:59:59Z,2025-05-15T09:00:00Z,destination=OLB&origin=ORY&endRange=2025-10-14T23:59:59Z&startRange=2025-05-15T09:00:00Z,4.0,333.0,4.0,100,<Response [200]>,2025-11-02T13:40:48.049381,
,,,,,,OMR,,,,,OTP,,,,2025-10-14T23:59:59Z,2025-05-15T09:00:00Z,destination=OMR&origin=OTP&endRange=2025-10-14T23:59:59Z&startRange=2025-05-15T09:00:00Z,2.0,171.0,2.0,100,<Response [200]>,2025-11-02T13:40:48.080014,
,,,,,,OPO,,,,,AMS,,,,2025-10-14T23:59:59Z,2025-05-15T09:00:00Z,destination=OPO&origin=AMS&endRange=2025-10-14T23:59:59Z&startRange=2025-05-15T09:00:00Z,9.0,802.0,9.0,100,<Response [200]>,2025-11-02T13:40:48.114854,
,,,,,,OPO,,,,,CDG,,,,2025-10-14T23:59:59Z,2025-05-15T09:00:00Z,destination=OPO&origin=CDG&endRange=2025-10-14T23:59:59Z&startRange=2025-05-15T09:00:00Z,3.0,279.0,3.0,100,<Response [200]>,2025-11-02T13:40:48.145229,
,,,,,,OPO,,,,,LYS,,,,2025-10-14T23:59:59Z,2025-05-15T09:00:00Z,destination=OPO&origin=LYS&endRange=2025-10-14T23:59:59Z&startRange=2025-05-15T09:00:00Z,1.0,72.0,1.0,100,<Response [200]>,2025-11-02T13:40:48.168004,
,,,,,,OPO,,,,,MAD,,,,2025-10-14T23:59:59Z,2025-05-15T09:00:00Z,destination=OPO&origin=MAD&endRange=2025-10-14T23:59:59Z&startRange=2025-05-15T09:00:00Z,1.0,34.0,1.0,100,<Response [200]>,2025-11-02T13:40:48.189171,
,,,,,,OPO,,,,,ORY,,,,2025-10-14T23:59:59Z,2025-05-15T09:00:00Z,destination=OPO&origin=ORY&endRange=2025-10-14T23:59:59Z&startRange=2025-05-15T09:00:00Z,19.0,1823.0,19.0,100,<Response [200]>,2025-11-02T13:40:48.222782,
,,,,,,ORK,,,,,AMS,,,,2025-10-14T23:59:59Z,2025-05-15T09:00:00Z,destination=ORK&origin=AMS&endRange=2025-10-14T23:59:59Z&startRange=2025-05-15T09:00:00Z,4.0,354.0,4.0,100,<Response [200]>,2025-11-02T13:40:48.245739,
,,,,,,ORK,,,,,CDG,,,,2025-10-14T23:59:59Z,2025-05-15T09:00:00Z,destination=ORK&origin=CDG&endRange=2025-10-14T23:59:59Z&startRange=2025-05-15T09:00:00Z,2.0,162.0,2.0,100,<Response [200]>,2025-11-02T13:40:48.267733,
,,,,,,ORY,,,,,ACE,,,,2025-10-14T23:59:59Z,2025-05-15T09:00:00Z,destination=ORY&origin=ACE&endRange=2025-10-14T23:59:59Z&startRange=2025-05-15T09:00:00Z,2.0,102.0,2.0,100,<Response [200]>,2025-11-02T13:40:48.290002,
,,,,,,ORY,,,,,AGP,,,,2025-10-14T23:59:59Z,2025-05-15T09:00:00Z,destination=ORY&origin=AGP&endRange=2025-10-14T23:59:59Z&startRange=2025-05-15T09:00:00Z,9.0,877.0,9.0,100,<Response [200]>,2025-11-02T13:40:48.319735,
,,,,,,ORY,,,,,AHO,,,,2025-10-14T23:59:59Z,2025-05-15T09:00:00Z,destination=ORY&origin=AHO&endRange=2025-10-14T23:59:59Z&startRange=2025-05-15T09:00:00Z,1.0,44.0,1.0,100,<Response [200]>,2025-11-02T13:40:48.341728,
,,,,,,ORY,,,,,AJA,,,,2025-10-14T23:59:59Z,2025-05-15T09:00:00Z,destination=ORY&origin=AJA&endRange=2025-10-14T23:59:59Z&startRange=2025-05-15T09:00:00Z,9.0,850.0,9.0,100,<Response [200]>,2025-11-02T13:40:48.370413,
,,,,,,ORY,,,,,ALC,,,,2025-10-14T23:59:59Z,2025-05-15T09:00:00Z,destination=ORY&origin=ALC&endRange=2025-10-14T23:59:59Z&startRange=2025-05-15T09:00:00Z,7.0,681.0,7.0,100,<Response [200]>,2025-11-02T13:40:48.394737,
,,,,,,ORY,,,,,AMS,,,,2025-10-14T23:59:59Z,2025-05-15T09:00:00Z,destination=ORY&origin=AMS&endRange=2025-10-14T23:59:59Z&startRange=2025-05-15T09:00:00Z,1.0,100.0,1.0,100,<Response [200]>,2025-11-02T13:40:48.415231,
,,,,,,ORY,,,,,AOI,,,,2025-10-14T23:59:59Z,2025-05-15T09:00:00Z,destination=ORY&origin=AOI&endRange=2025-10-14T23:59:59Z&startRange=2025-05-15T09:00:00Z,1.0,43.0,1.0,100,<Response [200]>,2025-11-02T13:40:48.438579,
,,,,,,ORY,,,,,ARN,,,,2025-10-14T23:59:59Z,2025-05-15T09:00:00Z,destination=ORY&origin=ARN&endRange=2025-10-14T23:59:59Z&startRange=2025-05-15T09:00:00Z,2.0,106.0,2.0,100,<Response [200]>,2025-11-02T13:40:48.462715,
,,,,,,ORY,,,,,ATH,,,,2025-10-14T23:59:59Z,2025-05-15T09:00:00Z,destination=ORY&origin=ATH&endRange=2025-10-14T23:59:59Z&startRange=2025-05-15T09:00:00Z,5.0,486.0,5.0,100,<Response [200]>,2025-11-02T13:40:48.486696,
,,,,,,ORY,,,,,BCN,,,,2025-10-14T23:59:59Z,2025-05-15T09:00:00Z,destination=ORY&origin=BCN&endRange=2025-10-14T23:59:59Z&startRange=2025-05-15T09:00:00Z,18.0,1757.0,18.0,100,<Response [200]>,2025-11-02T13:40:48.518327,
,,,,,,ORY,,,,,BDS,,,,2025-10-14T23:59:59Z,2025-05-15T09:00:00Z,destination=ORY&origin=BDS&endRange=2025-10-14T23:59:59Z&startRange=2025-05-15T09:00:00Z,2.0,106.0,2.0,100,<Response [200]>,2025-11-02T13:40:48.540583,
,,,,,,ORY,,,,,BER,,,,2025-10-14T23:59:59Z,2025-05-15T09:00:00Z,destination=ORY&origin=BER&endRange=2025-10-14T23:59:59Z&startRange=2025-05-15T09:00:00Z,7.0,681.0,7.0,100,<Response [200]>,2025-11-02T13:40:48.566916,
,,,,,,ORY,,,,,BIA,,,,2025-10-14T23:59:59Z,2025-05-15T09:00:00Z,destination=ORY&origin=BIA&endRange=2025-10-14T23:59:59Z&startRange=2025-05-15T09:00:00Z,9.0,847.0,9.0,100,<Response [200]>,2025-11-02T13:40:48.596202,
,,,,,,ORY,,,,,BIO,,,,2025-10-14T23:59:59Z,2025-05-15T09:00:00Z,destination=ORY&origin=BIO&endRange=2025-10-14T23:59:59Z&startRange=2025-05-15T09:00:00Z,3.0,219.0,3.0,100,<Response [200]>,2025-11-02T13:40:48.621034,
,,,,,,ORY,,,,,BIQ,,,,2025-10-14T23:59:59Z,2025-05-15T09:00:00Z,destination=ORY&origin=BIQ&endRange=2025-10-14T23:59:59Z&startRange=2025-05-15T09:00:00Z,5.0,402.0,5.0,100,<Response [200]>,2025-11-02T13:40:48.646127,
,,,,,,ORY,,,,,BRI,,,,2025-10-14T23:59:59Z,2025-05-15T09:00:00Z,destination=ORY&origin=BRI&endRange=2025-10-14T23:59:59Z&startRange=2025-05-15T09:00:00Z,2.0,163.0,2.0,100,<Response [200]>,2025-11-02T13:40:48.668672,
,,,,,,ORY,,,,,BUD,,,,2025-10-14T23:59:59Z,2025-05-15T09:00:00Z,destination=ORY&origin=BUD&endRange=2025-10-14T23:59:59Z&startRange=2025-05-15T09:00:00Z,2.0,198.0,2.0,100,<Response [200]>,2025-11-02T13:40:48.692224,
,,,,,,ORY,,,,,CAG,,,,2025-10-14T23:59:59Z,2025-05-15T09:00:00Z,destination=ORY&origin=CAG&endRange=2025-10-14T23:59:59Z&startRange=2025-05-15T09:00:00Z,2.0,112.0,2.0,100,<Response [200]>,2025-11-02T13:40:48.717102,
,,,,,,ORY,,,,,CDG,,,,2025-10-14T23:59:59Z,2025-05-15T09:00:00Z,destination=ORY&origin=CDG&endRange=2025-10-14T23:59:59Z&startRange=2025-05-15T09:00:00Z,1.0,5.0,1.0,100,<Response [200]>,2025-11-02T13:40:48.740971,
,,,,,,ORY,,,,,CFU,,,,2025-10-14T23:59:59Z,2025-05-15T09:00:00Z,destination=ORY&origin=CFU&endRange=2025-10-14T23:59:59Z&startRange=2025-05-15T09:00:00Z,2.0,195.0,2.0,100,<Response [200]>,2025-11-02T13:40:48.765354,
,,,,,,ORY,,,,,CHQ,,,,2025-10-14T23:59:59Z,2025-05-15T09:00:00Z,destination=ORY&origin=CHQ&endRange=2025-10-14T23:59:59Z&startRange=2025-05-15T09:00:00Z,2.0,161.0,2.0,100,<Response [200]>,2025-11-02T13:40:48.789475,
,,,,,,ORY,,,,,CPH,,,,2025-10-14T23:59:59Z,2025-05-15T09:00:00Z,destination=ORY&origin=CPH&endRange=2025-10-14T23:59:59Z&startRange=2025-05-15T09:00:00Z,2.0,104.0,2.0,100,<Response [200]>,2025-11-02T13:40:48.814215,
,,,,,,ORY,,,,,CTA,,,,2025-10-14T23:59:59Z,2025-05-15T09:00:00Z,destination=ORY&origin=CTA&endRange=2025-10-14T23:59:59Z&startRange=2025-05-15T09:00:00Z,2.0,149.0,2.0,100,<Response [200]>,2025-11-02T13:40:48.838005,
,,,,,,ORY,,,,,DBV,,,,2025-10-14T23:59:59Z,2025-05-15T09:00:00Z,destination=ORY&origin=DBV&endRange=2025-10-14T23:59:59Z&startRange=2025-05-15T09:00:00Z,2.0,197.0,2.0,100,<Response [200]>,2025-11-02T13:40:48.861649,
,,,,,,ORY,,,,,DUB,,,,2025-10-14T23:59:59Z,2025-05-15T09:00:00Z,destination=ORY&origin=DUB&endRange=2025-10-14T23:59:59Z&startRange=2025-05-15T09:00:00Z,3.0,234.0,3.0,100,<Response [200]>,2025-11-02T13:40:48.886385,
,,,,,,ORY,,,,,EDI,,,,2025-10-14T23:59:59Z,2025-05-15T09:00:00Z,destination=ORY&origin=EDI&endRange=2025-10-14T23:59:59Z&startRange=2025-05-15T09:00:00Z,1.0,89.0,1.0,100,<Response [200]>,2025-11-02T13:40:48.907945,
,,,,,,ORY,,,,,EFL,,,,2025-10-14T23:59:59Z,2025-05-15T09:00:00Z,destination=ORY&origin=EFL&endRange=2025-10-14T23:59:59Z&startRange=2025-05-15T09:00:00Z,1.0,9.0,1.0,100,<Response [200]>,2025-11-02T13:40:48.930001,
,,,,,,ORY,,,,,FAO,,,,2025-10-14T23:59:59Z,2025-05-15T09:00:00Z,destination=ORY&origin=FAO&endRange=2025-10-14T23:59:59Z&startRange=2025-05-15T09:00:00Z,6.0,559.0,6.0,100,<Response [200]>,2025-11-02T13:40:48.955687,
,,,,,,ORY,,,,,FCO,,,,2025-10-14T23:59:59Z,2025-05-15T09:00:00Z,destination=ORY&origin=FCO&endRange=2025-10-14T23:59:59Z&startRange=2025-05-15T09:00:00Z,16.0,1525.0,16.0,100,<Response [200]>,2025-11-02T13:40:48.990135,
,,,,,,ORY,,,,,FLR,,,,2025-10-14T23:59:59Z,2025-05-15T09:00:00Z,destination=ORY&origin=FLR&endRange=2025-10-14T23:59:59Z&startRange=2025-05-15T09:00:00Z,4.0,372.0,4.0,100,<Response [200]>,2025-11-02T13:40:49.015628,
,,,,,,ORY,,,,,FNC,,,,2025-10-14T23:59:59Z,2025-05-15T09:00:00Z,destination=ORY&origin=FNC&endRange=2025-10-14T23:59:59Z&startRange=2025-05-15T09:00:00Z,2.0,176.0,2.0,100,<Response [200]>,2025-11-02T13:40:49.038903,
,,,,,,ORY,,,,,FSC,,,,2025-10-14T23:59:59Z,2025-05-15T09:00:00Z,destination=ORY&origin=FSC&endRange=2025-10-14T23:59:59Z&startRange=2025-05-15T09:00:00Z,5.0,412.0,5.0,100,<Response [200]>,2025-11-02T13:40:49.063063,
,,,,,,ORY,,,,,FUE,,,,2025-10-14T23:59:59Z,2025-05-15T09:00:00Z,destination=ORY&origin=FUE&endRange=2025-10-14T23:59:59Z&startRange=2025-05-15T09:00:00Z,2.0,125.0,2.0,100,<Response [200]>,2025-11-02T13:40:49.085016,
,,,,,,ORY,,,,,GOA,,,,2025-10-14T23:59:59Z,2025-05-15T09:00:00Z,destination=ORY&origin=GOA&endRange=2025-10-14T23:59:59Z&startRange=2025-05-15T09:00:00Z,1.0,70.0,1.0,100,<Response [200]>,2025-11-02T13:40:49.106082,
,,,,,,ORY,,,,,GVA,,,,2025-10-14T23:59:59Z,2025-05-15T09:00:00Z,destination=ORY&origin=GVA&endRange=2025-10-14T23:59:59Z&startRange=2025-05-15T09:00:00Z,2.0,140.0,2.0,100,<Response [200]>,2025-11-02T13:40:49.129112,
,,,,,,ORY,,,,,HER,,,,2025-10-14T23:59:59Z,2025-05-15T09:00:00Z,destination=ORY&origin=HER&endRange=2025-10-14T23:59:59Z&startRange=2025-05-15T09:00:00Z,6.0,512.0,6.0,100,<Response [200]>,2025-11-02T13:40:49.154003,
,,,,,,ORY,,,,,IBZ,,,,2025-10-14T23:59:59Z,2025-05-15T09:00:00Z,destination=ORY&origin=IBZ&endRange=2025-10-14T23:59:59Z&startRange=2025-05-15T09:00:00Z,6.0,600.0,6.0,100,<Response [200]>,2025-11-02T13:40:49.178849,
,,,,,,ORY,,,,,JMK,,,,2025-10-14T23:59:59Z,2025-05-15T09:00:00Z,destination=ORY&origin=JMK&endRange=2025-10-14T23:59:59Z&startRange=2025-05-15T09:00:00Z,3.0,207.0,3.0,100,<Response [200]>,2025-11-02T13:40:49.205149,
,,,,,,ORY,,,,,JSI,,,,2025-10-14T23:59:59Z,2025-05-15T09:00:00Z,destination=ORY&origin=JSI&endRange=2025-10-14T23:59:59Z&startRange=2025-05-15T09:00:00Z,1.0,18.0,1.0,100,<Response [200]>,2025-11-02T13:40:49.227515,
,,,,,,ORY,,,,,JTR,,,,2025-10-14T23:59:59Z,2025-05-15T09:00:00Z,destination=ORY&origin=JTR&endRange=2025-10-14T23:59:59Z&startRange=2025-05-15T09:00:00Z,3.0,225.0,3.0,100,<Response [200]>,2025-11-02T13:40:49.251636,
,,,,,,ORY,,,,,KEF,,,,2025-10-14T23:59:59Z,2025-05-15T09:00:00Z,destination=ORY&origin=KEF&endRange=2025-10-14T23:59:59Z&startRange=2025-05-15T09:00:00Z,1.0,80.0,1.0,100,<Response [200]>,2025-11-02T13:40:49.274927,
,,,,,,ORY,,,,,KGS,,,,2025-10-14T23:59:59Z,2025-05-15T09:00:00Z,destination=ORY&origin=KGS&endRange=2025-10-14T23:59:59Z&startRange=2025-05-15T09:00:00Z,1.0,31.0,1.0,100,<Response [200]>,2025-11-02T13:40:49.297424,
,,,,,,ORY,,,,,KLX,,,,2025-10-14T23:59:59Z,2025-05-15T09:00:00Z,destination=ORY&origin=KLX&endRange=2025-10-14T23:59:59Z&startRange=2025-05-15T09:00:00Z,1.0,72.0,1.0,100,<Response [200]>,2025-11-02T13:40:49.320552,
,,,,,,ORY,,,,,KRK,,,,2025-10-14T23:59:59Z,2025-05-15T09:00:00Z,destination=ORY&origin=KRK&endRange=2025-10-14T23:59:59Z&startRange=2025-05-15T09:00:00Z,2.0,153.0,2.0,100,<Response [200]>,2025-11-02T13:40:49.343080,
,,,,,,ORY,,,,,LGW,,,,2025-10-14T23:59:59Z,2025-05-15T09:00:00Z,destination=ORY&origin=LGW&endRange=2025-10-14T23:59:59Z&startRange=2025-05-15T09:00:00Z,4.0,320.0,4.0,100,<Response [200]>,2025-11-02T13:40:49.366313,
,,,,,,ORY,,,,,LHR,,,,2025-10-14T23:59:59Z,2025-05-15T09:00:00Z,destination=ORY&origin=LHR&endRange=2025-10-14T23:59:59Z&startRange=2025-05-15T09:00:00Z,2.0,151.0,2.0,100,<Response [200]>,2025-11-02T13:40:49.388336,
,,,,,,ORY,,,,,LIN,,,,2025-10-14T23:59:59Z,2025-05-15T09:00:00Z,destination=ORY&origin=LIN&endRange=2025-10-14T23:59:59Z&startRange=2025-05-15T09:00:00Z,8.0,751.0,8.0,100,<Response [200]>,2025-11-02T13:40:49.415264,
,,,,,,ORY,,,,,LIS,,,,2025-10-14T23:59:59Z,2025-05-15T09:00:00Z,destination=ORY&origin=LIS&endRange=2025-10-14T23:59:59Z&startRange=2025-05-15T09:00:00Z,23.0,2219.0,23.0,100,<Response [200]>,2025-11-02T13:40:49.450782,
,,,,,,ORY,,,,,LJU,,,,2025-10-14T23:59:59Z,2025-05-15T09:00:00Z,destination=ORY&origin=LJU&endRange=2025-10-14T23:59:59Z&startRange=2025-05-15T09:00:00Z,1.0,71.0,1.0,100,<Response [200]>,2025-11-02T13:40:49.473176,
,,,,,,ORY,,,,,LPA,,,,2025-10-14T23:59:59Z,2025-05-15T09:00:00Z,destination=ORY&origin=LPA&endRange=2025-10-14T23:59:59Z&startRange=2025-05-15T09:00:00Z,1.0,80.0,1.0,100,<Response [200]>,2025-11-02T13:40:49.496816,
,,,,,,ORY,,,,,MAD,,,,2025-10-14T23:59:59Z,2025-05-15T09:00:00Z,destination=ORY&origin=MAD&endRange=2025-10-14T23:59:59Z&startRange=2025-05-15T09:00:00Z,21.0,2080.0,21.0,100,<Response [200]>,2025-11-02T13:40:49.533286,
,,,,,,ORY,,,,,MAH,,,,2025-10-14T23:59:59Z,2025-05-15T09:00:00Z,destination=ORY&origin=MAH&endRange=2025-10-14T23:59:59Z&startRange=2025-05-15T09:00:00Z,4.0,351.0,4.0,100,<Response [200]>,2025-11-02T13:40:49.557458,
,,,,,,ORY,,,,,MLA,,,,2025-10-14T23:59:59Z,2025-05-15T09:00:00Z,destination=ORY&origin=MLA&endRange=2025-10-14T23:59:59Z&startRange=2025-05-15T09:00:00Z,4.0,322.0,4.0,100,<Response [200]>,2025-11-02T13:40:49.581890,
,,,,,,ORY,,,,,MRS,,,,2025-10-14T23:59:59Z,2025-05-15T09:00:00Z,destination=ORY&origin=MRS&endRange=2025-10-14T23:59:59Z&startRange=2025-05-15T09:00:00Z,4.0,378.0,4.0,100,<Response [200]>,2025-11-02T13:40:49.605413,
,,,,,,ORY,,,,,MXP,,,,2025-10-14T23:59:59Z,2025-05-15T09:00:00Z,destination=ORY&origin=MXP&endRange=2025-10-14T23:59:59Z&startRange=2025-05-15T09:00:00Z,6.0,522.0,6.0,100,<Response [200]>,2025-11-02T13:40:49.630036,
,,,,,,ORY,,,,,NAP,,,,2025-10-14T23:59:59Z,2025-05-15T09:00:00Z,destination=ORY&origin=NAP&endRange=2025-10-14T23:59:59Z&startRange=2025-05-15T09:00:00Z,6.0,554.0,6.0,100,<Response [200]>,2025-11-02T13:40:49.654668,
,,,,,,ORY,,,,,NCE,,,,2025-10-14T23:59:59Z,2025-05-15T09:00:00Z,destination=ORY&origin=NCE&endRange=2025-10-14T23:59:59Z&startRange=2025-05-15T09:00:00Z,24.0,2388.0,24.0,100,<Response [200]>,2025-11-02T13:40:49.692874,
,,,,,,ORY,,,,,OLB,,,,2025-10-14T23:59:59Z,2025-05-15T09:00:00Z,destination=ORY&origin=OLB&endRange=2025-10-14T23:59:59Z&startRange=2025-05-15T09:00:00Z,4.0,333.0,4.0,100,<Response [200]>,2025-11-02T13:40:49.721749,
,,,,,,ORY,,,,,OPO,,,,2025-10-14T23:59:59Z,2025-05-15T09:00:00Z,destination=ORY&origin=OPO&endRange=2025-10-14T23:59:59Z&startRange=2025-05-15T09:00:00Z,19.0,1834.0,19.0,100,<Response [200]>,2025-11-02T13:40:49.762036,
,,,,,,ORY,,,,,OSL,,,,2025-10-14T23:59:59Z,2025-05-15T09:00:00Z,destination=ORY&origin=OSL&endRange=2025-10-14T23:59:59Z&startRange=2025-05-15T09:00:00Z,1.0,62.0,1.0,100,<Response [200]>,2025-11-02T13:40:49.786086,
,,,,,,ORY,,,,,OVD,,,,2025-10-14T23:59:59Z,2025-05-15T09:00:00Z,destination=ORY&origin=OVD&endRange=2025-10-14T23:59:59Z&startRange=2025-05-15T09:00:00Z,2.0,109.0,2.0,100,<Response [200]>,2025-11-02T13:40:49.809987,
,,,,,,ORY,,,,,PGF,,,,2025-10-14T23:59:59Z,2025-05-15T09:00:00Z,destination=ORY&origin=PGF&endRange=2025-10-14T23:59:59Z&startRange=2025-05-15T09:00:00Z,5.0,427.0,5.0,100,<Response [200]>,2025-11-02T13:40:49.835343,
,,,,,,ORY,,,,,PMI,,,,2025-10-14T23:59:59Z,2025-05-15T09:00:00Z,destination=ORY&origin=PMI&endRange=2025-10-14T23:59:59Z&startRange=2025-05-15T09:00:00Z,9.0,854.0,9.0,100,<Response [200]>,2025-11-02T13:40:49.865212,
,,,,,,ORY,,,,,PMO,,,,2025-10-14T23:59:59Z,2025-05-15T09:00:00Z,destination=ORY&origin=PMO&endRange=2025-10-14T23:59:59Z&startRange=2025-05-15T09:00:00Z,4.0,387.0,4.0,100,<Response [200]>,2025-11-02T13:40:49.890332,
,,,,,,ORY,,,,,PRG,,,,2025-10-14T23:59:59Z,2025-05-15T09:00:00Z,destination=ORY&origin=PRG&endRange=2025-10-14T23:59:59Z&startRange=2025-05-15T09:00:00Z,3.0,272.0,3.0,100,<Response [200]>,2025-11-02T13:40:49.914666,
,,,,,,ORY,,,,,PSA,,,,2025-10-14T23:59:59Z,2025-05-15T09:00:00Z,destination=ORY&origin=PSA&endRange=2025-10-14T23:59:59Z&startRange=2025-05-15T09:00:00Z,2.0,132.0,2.0,100,<Response [200]>,2025-11-02T13:40:49.938642,
,,,,,,ORY,,,,,PUF,,,,2025-10-14T23:59:59Z,2025-05-15T09:00:00Z,destination=ORY&origin=PUF&endRange=2025-10-14T23:59:59Z&startRange=2025-05-15T09:00:00Z,3.0,298.0,3.0,100,<Response [200]>,2025-11-02T13:40:49.960805,
,,,,,,ORY,,,,,PVK,,,,2025-10-14T23:59:59Z,2025-05-15T09:00:00Z,destination=ORY&origin=PVK&endRange=2025-10-14T23:59:59Z&startRange=2025-05-15T09:00:00Z,1.0,9.0,1.0,100,<Response [200]>,2025-11-02T13:40:49.981896,
,,,,,,ORY,,,,,PXO,,,,2025-10-14T23:59:59Z,2025-05-15T09:00:00Z,destination=ORY&origin=PXO&endRange=2025-10-14T23:59:59Z&startRange=2025-05-15T09:00:00Z,1.0,1.0,1.0,100,<Response [200]>,2025-11-02T13:40:50.004210,
,,,,,,ORY,,,,,QSR,,,,2025-10-14T23:59:59Z,2025-05-15T09:00:00Z,destination=ORY&origin=QSR&endRange=2025-10-14T23:59:59Z&startRange=2025-05-15T09:00:00Z,1.0,21.0,1.0,100,<Response [200]>,2025-11-02T13:40:50.026456,
,,,,,,ORY,,,,,RDZ,,,,2025-10-14T23:59:59Z,2025-05-15T09:00:00Z,destination=ORY&origin=RDZ&endRange=2025-10-14T23:59:59Z&startRange=2025-05-15T09:00:00Z,3.0,239.0,3.0,100,<Response [200]>,2025-11-02T13:40:50.050274,
,,,,,,ORY,,,,,REU,,,,2025-10-14T23:59:59Z,2025-05-15T09:00:00Z,destination=ORY&origin=REU&endRange=2025-10-14T23:59:59Z&startRange=2025-05-15T09:00:00Z,1.0,43.0,1.0,100,<Response [200]>,2025-11-02T13:40:50.071264,
,,,,,,ORY,,,,,RHO,,,,2025-10-14T23:59:59Z,2025-05-15T09:00:00Z,destination=ORY&origin=RHO&endRange=2025-10-14T23:59:59Z&startRange=2025-05-15T09:00:00Z,3.0,240.0,3.0,100,<Response [200]>,2025-11-02T13:40:50.097119,
,,,,,,ORY,,,,,RMO,,,,2025-10-14T23:59:59Z,2025-05-15T09:00:00Z,destination=ORY&origin=RMO&endRange=2025-10-14T23:59:59Z&startRange=2025-05-15T09:00:00Z,1.0,19.0,1.0,100,<Response [200]>,2025-11-02T13:40:50.119368,
,,,,,,ORY,,,,,SKG,,,,2025-10-14T23:59:59Z,2025-05-15T09:00:00Z,destination=ORY&origin=SKG&endRange=2025-10-14T23:59:59Z&startRange=2025-05-15T09:00:00Z,1.0,100.0,1.0,100,<Response [200]>,2025-11-02T13:40:50.142905,
,,,,,,ORY,,,,,SKP,,,,2025-10-14T23:59:59Z,2025-05-15T09:00:00Z,destination=ORY&origin=SKP&endRange=2025-10-14T23:59:59Z&startRange=2025-05-15T09:00:00Z,1.0,43.0,1.0,100,<Response [200]>,2025-11-02T13:40:50.164044,
,,,,,,ORY,,,,,SOF,,,,2025-10-14T23:59:59Z,2025-05-15T09:00:00Z,destination=ORY&origin=SOF&endRange=2025-10-14T23:59:59Z&startRange=2025-05-15T09:00:00Z,2.0,109.0,2.0,100,<Response [200]>,2025-11-02T13:40:50.186889,
,,,,,,ORY,,,,,SOU,,,,2025-10-14T23:59:59Z,2025-05-15T09:00:00Z,destination=ORY&origin=SOU&endRange=2025-10-14T23:59:59Z&startRange=2025-05-15T09:00:00Z,1.0,44.0,1.0,100,<Response [200]>,2025-11-02T13:40:50.207686,
,,,,,,ORY,,,,,SPU,,,,2025-10-14T23:59:59Z,2025-05-15T09:00:00Z,destination=ORY&origin=SPU&endRange=2025-10-14T23:59:59Z&startRange=2025-05-15T09:00:00Z,2.0,189.0,2.0,100,<Response [200]>,2025-11-02T13:40:50.231337,
,,,,,,ORY,,,,,SUF,,,,2025-10-14T23:59:59Z,2025-05-15T09:00:00Z,destination=ORY&origin=SUF&endRange=2025-10-14T23:59:59Z&startRange=2025-05-15T09:00:00Z,1.0,42.0,1.0,100,<Response [200]>,2025-11-02T13:40:50.253211,
,,,,,,ORY,,,,,SVQ,,,,2025-10-14T23:59:59Z,2025-05-15T09:00:00Z,destination=ORY&origin=SVQ&endRange=2025-10-14T23:59:59Z&startRange=2025-05-15T09:00:00Z,4.0,328.0,4.0,100,<Response [200]>,2025-11-02T13:40:50.280569,
,,,,,,ORY,,,,,TFS,,,,2025-10-14T23:59:59Z,2025-05-15T09:00:00Z,destination=ORY&origin=TFS&endRange=2025-10-14T23:59:59Z&startRange=2025-05-15T09:00:00Z,2.0,200.0,2.0,100,<Response [200]>,2025-11-02T13:40:50.305647,
,,,,,,ORY,,,,,TGD,,,,2025-10-14T23:59:59Z,2025-05-15T09:00:00Z,destination=ORY&origin=TGD&endRange=2025-10-14T23:59:59Z&startRange=2025-05-15T09:00:00Z,1.0,68.0,1.0,100,<Response [200]>,2025-11-02T13:40:50.327843,
,,,,,,ORY,,,,,TIA,,,,2025-10-14T23:59:59Z,2025-05-15T09:00:00Z,destination=ORY&origin=TIA&endRange=2025-10-14T23:59:59Z&startRange=2025-05-15T09:00:00Z,2.0,152.0,2.0,100,<Response [200]>,2025-11-02T13:40:50.351316,
,,,,,,ORY,,,,,TIV,,,,2025-10-14T23:59:59Z,2025-05-15T09:00:00Z,destination=ORY&origin=TIV&endRange=2025-10-14T23:59:59Z&startRange=2025-05-15T09:00:00Z,1.0,69.0,1.0,100,<Response [200]>,2025-11-02T13:40:50.373583,
,,,,,,ORY,,,,,TLL,,,,2025-10-14T23:59:59Z,2025-05-15T09:00:00Z,destination=ORY&origin=TLL&endRange=2025-10-14T23:59:59Z&startRange=2025-05-15T09:00:00Z,1.0,44.0,1.0,100,<Response [200]>,2025-11-02T13:40:50.396543,
,,,,,,ORY,,,,,TLN,,,,2025-10-14T23:59:59Z,2025-05-15T09:00:00Z,destination=ORY&origin=TLN&endRange=2025-10-14T23:59:59Z&startRange=2025-05-15T09:00:00Z,5.0,415.0,5.0,100,<Response [200]>,2025-11-02T13:40:50.422076,
,,,,,,ORY,,,,,TLS,,,,2025-10-14T23:59:59Z,2025-05-15T09:00:00Z,destination=ORY&origin=TLS&endRange=2025-10-14T23:59:59Z&startRange=2025-05-15T09:00:00Z,18.0,1793.0,18.0,100,<Response [200]>,2025-11-02T13:40:50.456599,
,,,,,,ORY,,,,,TRN,,,,2025-10-14T23:59:59Z,2025-05-15T09:00:00Z,destination=ORY&origin=TRN&endRange=2025-10-14T23:59:59Z&startRange=2025-05-15T09:00:00Z,1.0,43.0,1.0,100,<Response [200]>,2025-11-02T13:40:50.478422,
,,,,,,ORY,,,,,VAR,,,,2025-10-14T23:59:59Z,2025-05-15T09:00:00Z,destination=ORY&origin=VAR&endRange=2025-10-14T23:59:59Z&startRange=2025-05-15T09:00:00Z,1.0,21.0,1.0,100,<Response [200]>,2025-11-02T13:40:50.500907,
,,,,,,ORY,,,,,VCE,,,,2025-10-14T23:59:59Z,2025-05-15T09:00:00Z,destination=ORY&origin=VCE&endRange=2025-10-14T23:59:59Z&startRange=2025-05-15T09:00:00Z,5.0,428.0,5.0,100,<Response [200]>,2025-11-02T13:40:50.526480,
,,,,,,ORY,,,,,VIE,,,,2025-10-14T23:59:59Z,2025-05-15T09:00:00Z,destination=ORY&origin=VIE&endRange=2025-10-14T23:59:59Z&startRange=2025-05-15T09:00:00Z,2.0,107.0,2.0,100,<Response [200]>,2025-11-02T13:40:50.549483,
,,,,,,ORY,,,,,VLC,,,,2025-10-14T23:59:59Z,2025-05-15T09:00:00Z,destination=ORY&origin=VLC&endRange=2025-10-14T23:59:59Z&startRange=2025-05-15T09:00:00Z,7.0,638.0,7.0,100,<Response [200]>,2025-11-02T13:40:50.576068,
,,,,,,ORY,,,,,VOL,,,,2025-10-14T23:59:59Z,2025-05-15T09:00:00Z,destination=ORY&origin=VOL&endRange=2025-10-14T23:59:59Z&startRange=2025-05-15T09:00:00Z,1.0,21.0,1.0,100,<Response [200]>,2025-11-02T13:40:50.597141,
,,,,,,ORY,,,,,VRN,,,,2025-10-14T23:59:59Z,2025-05-15T09:00:00Z,destination=ORY&origin=VRN&endRange=2025-10-14T23:59:59Z&startRange=2025-05-15T09:00:00Z,2.0,143.0,2.0,100,<Response [200]>,2025-11-02T13:40:50.621550,
,,,,,,ORY,,,,,WAW,,,,2025-10-14T23:59:59Z,2025-05-15T09:00:00Z,destination=ORY&origin=WAW&endRange=2025-10-14T23:59:59Z&startRange=2025-05-15T09:00:00Z,2.0,153.0,2.0,100,<Response [200]>,2025-11-02T13:40:50.642718,
,,,,,,ORY,,,,,ZTH,,,,2025-10-14T23:59:59Z,2025-05-15T09:00:00Z,destination=ORY&origin=ZTH&endRange=2025-10-14T23:59:59Z&startRange=2025-05-15T09:00:00Z,1.0,42.0,1.0,100,<Response [200]>,2025-11-02T13:40:50.664014,
,,,,,,OSD,,,,,ARN,,,,2025-10-14T23:59:59Z,2025-05-15T09:00:00Z,destination=OSD&origin=ARN&endRange=2025-10-14T23:59:59Z&startRange=2025-05-15T09:00:00Z,3.0,278.0,3.0,100,<Response [200]>,2025-11-02T13:40:50.687534,
,,,,,,OSL,,,,,AES,,,,2025-10-14T23:59:59Z,2025-05-15T09:00:00Z,destination=OSL&origin=AES&endRange=2025-10-14T23:59:59Z&startRange=2025-05-15T09:00:00Z,5.0,444.0,5.0,100,<Response [200]>,2025-11-02T13:40:50.713149,
,,,,,,OSL,,,,,AMS,,,,2025-10-14T23:59:59Z,2025-05-15T09:00:00Z,destination=OSL&origin=AMS&endRange=2025-10-14T23:59:59Z&startRange=2025-05-15T09:00:00Z,14.0,1387.0,14.0,100,<Response [200]>,2025-11-02T13:40:50.746531,
,,,,,,OSL,,,,,ARN,,,,2025-10-14T23:59:59Z,2025-05-15T09:00:00Z,destination=OSL&origin=ARN&endRange=2025-10-14T23:59:59Z&startRange=2025-05-15T09:00:00Z,9.0,886.0,9.0,100,<Response [200]>,2025-11-02T13:40:50.774869,
,,,,,,OSL,,,,,BGO,,,,2025-10-14T23:59:59Z,2025-05-15T09:00:00Z,destination=OSL&origin=BGO&endRange=2025-10-14T23:59:59Z&startRange=2025-05-15T09:00:00Z,10.0,971.0,10.0,100,<Response [200]>,2025-11-02T13:40:50.806328,
,,,,,,OSL,,,,,BOO,,,,2025-10-14T23:59:59Z,2025-05-15T09:00:00Z,destination=OSL&origin=BOO&endRange=2025-10-14T23:59:59Z&startRange=2025-05-15T09:00:00Z,10.0,907.0,10.0,100,<Response [200]>,2025-11-02T13:40:50.837352,
,,,,,,OSL,,,,,CDG,,,,2025-10-14T23:59:59Z,2025-05-15T09:00:00Z,destination=OSL&origin=CDG&endRange=2025-10-14T23:59:59Z&startRange=2025-05-15T09:00:00Z,11.0,1005.0,11.0,100,<Response [200]>,2025-11-02T13:40:50.868523,
,,,,,,OSL,,,,,HAU,,,,2025-10-14T23:59:59Z,2025-05-15T09:00:00Z,destination=OSL&origin=HAU&endRange=2025-10-14T23:59:59Z&startRange=2025-05-15T09:00:00Z,3.0,243.0,3.0,100,<Response [200]>,2025-11-02T13:40:50.894135,
,,,,,,OSL,,,,,KEF,,,,2025-10-14T23:59:59Z,2025-05-15T09:00:00Z,destination=OSL&origin=KEF&endRange=2025-10-14T23:59:59Z&startRange=2025-05-15T09:00:00Z,2.0,148.0,2.0,100,<Response [200]>,2025-11-02T13:40:50.920056,
,,,,,,OSL,,,,,KRS,,,,2025-10-14T23:59:59Z,2025-05-15T09:00:00Z,destination=OSL&origin=KRS&endRange=2025-10-14T23:59:59Z&startRange=2025-05-15T09:00:00Z,4.0,364.0,4.0,100,<Response [200]>,2025-11-02T13:40:50.945491,
,,,,,,OSL,,,,,KSU,,,,2025-10-14T23:59:59Z,2025-05-15T09:00:00Z,destination=OSL&origin=KSU&endRange=2025-10-14T23:59:59Z&startRange=2025-05-15T09:00:00Z,4.0,309.0,4.0,100,<Response [200]>,2025-11-02T13:40:50.969362,
,,,,,,OSL,,,,,ORY,,,,2025-10-14T23:59:59Z,2025-05-15T09:00:00Z,destination=OSL&origin=ORY&endRange=2025-10-14T23:59:59Z&startRange=2025-05-15T09:00:00Z,1.0,64.0,1.0,100,<Response [200]>,2025-11-02T13:40:50.990469,
,,,,,,OSL,,,,,SVG,,,,2025-10-14T23:59:59Z,2025-05-15T09:00:00Z,destination=OSL&origin=SVG&endRange=2025-10-14T23:59:59Z&startRange=2025-05-15T09:00:00Z,6.0,568.0,6.0,100,<Response [200]>,2025-11-02T13:40:51.017895,
,,,,,,OSL,,,,,TOS,,,,2025-10-14T23:59:59Z,2025-05-15T09:00:00Z,destination=OSL&origin=TOS&endRange=2025-10-14T23:59:59Z&startRange=2025-05-15T09:00:00Z,7.0,688.0,7.0,100,<Response [200]>,2025-11-02T13:40:51.044171,
,,,,,,OSL,,,,,TRD,,,,2025-10-14T23:59:59Z,2025-05-15T09:00:00Z,destination=OSL&origin=TRD&endRange=2025-10-14T23:59:59Z&startRange=2025-05-15T09:00:00Z,10.0,978.0,10.0,100,<Response [200]>,2025-11-02T13:40:51.073855,
,,,,,,OTP,,,,,AMS,,,,2025-10-14T23:59:59Z,2025-05-15T09:00:00Z,destination=OTP&origin=AMS&endRange=2025-10-14T23:59:59Z&startRange=2025-05-15T09:00:00Z,8.0,758.0,8.0,100,<Response [200]>,2025-11-02T13:40:51.100861,
,,,,,,OTP,,,,,ATH,,,,2025-10-14T23:59:59Z,2025-05-15T09:00:00Z,destination=OTP&origin=ATH&endRange=2025-10-14T23:59:59Z&startRange=2025-05-15T09:00:00Z,1.0,42.0,1.0,100,<Response [200]>,2025-11-02T13:40:51.122345,
,,,,,,OTP,,,,,BEG,,,,2025-10-14T23:59:59Z,2025-05-15T09:00:00Z,destination=OTP&origin=BEG&endRange=2025-10-14T23:59:59Z&startRange=2025-05-15T09:00:00Z,1.0,26.0,1.0,100,<Response [200]>,2025-11-02T13:40:51.144556,
,,,,,,OTP,,,,,BUD,,,,2025-10-14T23:59:59Z,2025-05-15T09:00:00Z,destination=OTP&origin=BUD&endRange=2025-10-14T23:59:59Z&startRange=2025-05-15T09:00:00Z,1.0,20.0,1.0,100,<Response [200]>,2025-11-02T13:40:51.168246,
,,,,,,OTP,,,,,CDG,,,,2025-10-14T23:59:59Z,2025-05-15T09:00:00Z,destination=OTP&origin=CDG&endRange=2025-10-14T23:59:59Z&startRange=2025-05-15T09:00:00Z,8.0,777.0,8.0,100,<Response [200]>,2025-11-02T13:40:51.194520,
,,,,,,OTP,,,,,CLJ,,,,2025-10-14T23:59:59Z,2025-05-15T09:00:00Z,destination=OTP&origin=CLJ&endRange=2025-10-14T23:59:59Z&startRange=2025-05-15T09:00:00Z,4.0,394.0,4.0,100,<Response [200]>,2025-11-02T13:40:51.217985,
,,,,,,OTP,,,,,IAS,,,,2025-10-14T23:59:59Z,2025-05-15T09:00:00Z,destination=OTP&origin=IAS&endRange=2025-10-14T23:59:59Z&startRange=2025-05-15T09:00:00Z,5.0,426.0,5.0,100,<Response [200]>,2025-11-02T13:40:51.243563,
,,,,,,OTP,,,,,NCE,,,,2025-10-14T23:59:59Z,2025-05-15T09:00:00Z,destination=OTP&origin=NCE&endRange=2025-10-14T23:59:59Z&startRange=2025-05-15T09:00:00Z,1.0,54.0,1.0,100,<Response [200]>,2025-11-02T13:40:51.266177,
,,,,,,OTP,,,,,OMR,,,,2025-10-14T23:59:59Z,2025-05-15T09:00:00Z,destination=OTP&origin=OMR&endRange=2025-10-14T23:59:59Z&startRange=2025-05-15T09:00:00Z,2.0,152.0,2.0,100,<Response [200]>,2025-11-02T13:40:51.290674,
,,,,,,OTP,,,,,RMO,,,,2025-10-14T23:59:59Z,2025-05-15T09:00:00Z,destination=OTP&origin=RMO&endRange=2025-10-14T23:59:59Z&startRange=2025-05-15T09:00:00Z,4.0,321.0,4.0,100,<Response [200]>,2025-11-02T13:40:51.314780,
,,,,,,OTP,,,,,SCV,,,,2025-10-14T23:59:59Z,2025-05-15T09:00:00Z,destination=OTP&origin=SCV&endRange=2025-10-14T23:59:59Z&startRange=2025-05-15T09:00:00Z,3.0,211.0,3.0,100,<Response [200]>,2025-11-02T13:40:51.340898,
,,,,,,OTP,,,,,SKG,,,,2025-10-14T23:59:59Z,2025-05-15T09:00:00Z,destination=OTP&origin=SKG&endRange=2025-10-14T23:59:59Z&startRange=2025-05-15T09:00:00Z,2.0,106.0,2.0,100,<Response [200]>,2025-11-02T13:40:51.363763,
,,,,,,OTP,,,,,SOF,,,,2025-10-14T23:59:59Z,2025-05-15T09:00:00Z,destination=OTP&origin=SOF&endRange=2025-10-14T23:59:59Z&startRange=2025-05-15T09:00:00Z,2.0,122.0,2.0,100,<Response [200]>,2025-11-02T13:40:51.388081,
,,,,,,OTP,,,,,SUJ,,,,2025-10-14T23:59:59Z,2025-05-15T09:00:00Z,destination=OTP&origin=SUJ&endRange=2025-10-14T23:59:59Z&startRange=2025-05-15T09:00:00Z,1.0,46.0,1.0,100,<Response [200]>,2025-11-02T13:40:51.412499,
,,,,,,OTP,,,,,TSR,,,,2025-10-14T23:59:59Z,2025-05-15T09:00:00Z,destination=OTP&origin=TSR&endRange=2025-10-14T23:59:59Z&startRange=2025-05-15T09:00:00Z,4.0,377.0,4.0,100,<Response [200]>,2025-11-02T13:40:51.439001,
,,,,,,OUL,,,,,HEL,,,,2025-10-14T23:59:59Z,2025-05-15T09:00:00Z,destination=OUL&origin=HEL&endRange=2025-10-14T23:59:59Z&startRange=2025-05-15T09:00:00Z,4.0,306.0,4.0,100,<Response [200]>,2025-11-02T13:40:51.464521,
,,,,,,OVD,,,,,AMS,,,,2025-10-14T23:59:59Z,2025-05-15T09:00:00Z,destination=OVD&origin=AMS&endRange=2025-10-14T23:59:59Z&startRange=2025-05-15T09:00:00Z,1.0,57.0,1.0,100,<Response [200]>,2025-11-02T13:40:51.486605,
,,,,,,OVD,,,,,ORY,,,,2025-10-14T23:59:59Z,2025-05-15T09:00:00Z,destination=OVD&origin=ORY&endRange=2025-10-14T23:59:59Z&startRange=2025-05-15T09:00:00Z,2.0,109.0,2.0,100,<Response [200]>,2025-11-02T13:40:51.508347,
,,,,,,PDL,,,,,AMS,,,,2025-10-14T23:59:59Z,2025-05-15T09:00:00Z,destination=PDL&origin=AMS&endRange=2025-10-14T23:59:59Z&startRange=2025-05-15T09:00:00Z,1.0,45.0,1.0,100,<Response [200]>,2025-11-02T13:40:51.529854,
,,,,,,PDL,,,,,CDG,,,,2025-10-14T23:59:59Z,2025-05-15T09:00:00Z,destination=PDL&origin=CDG&endRange=2025-10-14T23:59:59Z&startRange=2025-05-15T09:00:00Z,1.0,81.0,1.0,100,<Response [200]>,2025-11-02T13:40:51.552112,
,,,,,,PGF,,,,,ORY,,,,2025-10-14T23:59:59Z,2025-05-15T09:00:00Z,destination=PGF&origin=ORY&endRange=2025-10-14T23:59:59Z&startRange=2025-05-15T09:00:00Z,5.0,424.0,5.0,100,<Response [200]>,2025-11-02T13:40:51.579423,
,,,,,,PLQ,,,,,AMS,,,,2025-10-14T23:59:59Z,2025-05-15T09:00:00Z,destination=PLQ&origin=AMS&endRange=2025-10-14T23:59:59Z&startRange=2025-05-15T09:00:00Z,1.0,35.0,1.0,100,<Response [200]>,2025-11-02T13:40:51.602267,
,,,,,,PLQ,,,,,CPH,,,,2025-10-14T23:59:59Z,2025-05-15T09:00:00Z,destination=PLQ&origin=CPH&endRange=2025-10-14T23:59:59Z&startRange=2025-05-15T09:00:00Z,4.0,305.0,4.0,100,<Response [200]>,2025-11-02T13:40:51.626263,
,,,,,,PMI,,,,,AMS,,,,2025-10-14T23:59:59Z,2025-05-15T09:00:00Z,destination=PMI&origin=AMS&endRange=2025-10-14T23:59:59Z&startRange=2025-05-15T09:00:00Z,10.0,988.0,10.0,100,<Response [200]>,2025-11-02T13:40:51.654974,
,,,,,,PMI,,,,,BCN,,,,2025-10-14T23:59:59Z,2025-05-15T09:00:00Z,destination=PMI&origin=BCN&endRange=2025-10-14T23:59:59Z&startRange=2025-05-15T09:00:00Z,7.0,615.0,7.0,100,<Response [200]>,2025-11-02T13:40:51.686884,
,,,,,,PMI,,,,,CDG,,,,2025-10-14T23:59:59Z,2025-05-15T09:00:00Z,destination=PMI&origin=CDG&endRange=2025-10-14T23:59:59Z&startRange=2025-05-15T09:00:00Z,4.0,306.0,4.0,100,<Response [200]>,2025-11-02T13:40:51.726522,
,,,,,,PMI,,,,,FCO,,,,2025-10-14T23:59:59Z,2025-05-15T09:00:00Z,destination=PMI&origin=FCO&endRange=2025-10-14T23:59:59Z&startRange=2025-05-15T09:00:00Z,1.0,16.0,1.0,100,<Response [200]>,2025-11-02T13:40:51.756050,
,,,,,,PMI,,,,,LIN,,,,2025-10-14T23:59:59Z,2025-05-15T09:00:00Z,destination=PMI&origin=LIN&endRange=2025-10-14T23:59:59Z&startRange=2025-05-15T09:00:00Z,1.0,7.0,1.0,100,<Response [200]>,2025-11-02T13:40:51.783370,
,,,,,,PMI,,,,,LYS,,,,2025-10-14T23:59:59Z,2025-05-15T09:00:00Z,destination=PMI&origin=LYS&endRange=2025-10-14T23:59:59Z&startRange=2025-05-15T09:00:00Z,1.0,43.0,1.0,100,<Response [200]>,2025-11-02T13:40:51.808173,
,,,,,,PMI,,,,,MAD,,,,2025-10-14T23:59:59Z,2025-05-15T09:00:00Z,destination=PMI&origin=MAD&endRange=2025-10-14T23:59:59Z&startRange=2025-05-15T09:00:00Z,8.0,784.0,8.0,100,<Response [200]>,2025-11-02T13:40:51.837607,
,,,,,,PMI,,,,,ORY,,,,2025-10-14T23:59:59Z,2025-05-15T09:00:00Z,destination=PMI&origin=ORY&endRange=2025-10-14T23:59:59Z&startRange=2025-05-15T09:00:00Z,9.0,851.0,9.0,100,<Response [200]>,2025-11-02T13:40:51.865802,
,,,,,,PMO,,,,,AMS,,,,2025-10-14T23:59:59Z,2025-05-15T09:00:00Z,destination=PMO&origin=AMS&endRange=2025-10-14T23:59:59Z&startRange=2025-05-15T09:00:00Z,1.0,45.0,1.0,100,<Response [200]>,2025-11-02T13:40:51.889107,
,,,,,,PMO,,,,,CDG,,,,2025-10-14T23:59:59Z,2025-05-15T09:00:00Z,destination=PMO&origin=CDG&endRange=2025-10-14T23:59:59Z&startRange=2025-05-15T09:00:00Z,2.0,137.0,2.0,100,<Response [200]>,2025-11-02T13:40:51.913181,
,,,,,,PMO,,,,,FCO,,,,2025-10-14T23:59:59Z,2025-05-15T09:00:00Z,destination=PMO&origin=FCO&endRange=2025-10-14T23:59:59Z&startRange=2025-05-15T09:00:00Z,11.0,1091.0,11.0,100,<Response [200]>,2025-11-02T13:40:51.943739,
,,,,,,PMO,,,,,LIN,,,,2025-10-14T23:59:59Z,2025-05-15T09:00:00Z,destination=PMO&origin=LIN&endRange=2025-10-14T23:59:59Z&startRange=2025-05-15T09:00:00Z,7.0,679.0,7.0,100,<Response [200]>,2025-11-02T13:40:51.969124,
,,,,,,PMO,,,,,LYS,,,,2025-10-14T23:59:59Z,2025-05-15T09:00:00Z,destination=PMO&origin=LYS&endRange=2025-10-14T23:59:59Z&startRange=2025-05-15T09:00:00Z,1.0,43.0,1.0,100,<Response [200]>,2025-11-02T13:40:51.990089,
,,,,,,PMO,,,,,ORY,,,,2025-10-14T23:59:59Z,2025-05-15T09:00:00Z,destination=PMO&origin=ORY&endRange=2025-10-14T23:59:59Z&startRange=2025-05-15T09:00:00Z,4.0,385.0,4.0,100,<Response [200]>,2025-11-02T13:40:52.014216,
,,,,,,POZ,,,,,AMS,,,,2025-10-14T23:59:59Z,2025-05-15T09:00:00Z,destination=POZ&origin=AMS&endRange=2025-10-14T23:59:59Z&startRange=2025-05-15T09:00:00Z,4.0,306.0,4.0,100,<Response [200]>,2025-11-02T13:40:52.039954,
,,,,,,PRG,,,,,AMS,,,,2025-10-14T23:59:59Z,2025-05-15T09:00:00Z,destination=PRG&origin=AMS&endRange=2025-10-14T23:59:59Z&startRange=2025-05-15T09:00:00Z,12.0,1106.0,12.0,100,<Response [200]>,2025-11-02T13:40:52.077397,
,,,,,,PRG,,,,,CDG,,,,2025-10-14T23:59:59Z,2025-05-15T09:00:00Z,destination=PRG&origin=CDG&endRange=2025-10-14T23:59:59Z&startRange=2025-05-15T09:00:00Z,8.0,790.0,8.0,100,<Response [200]>,2025-11-02T13:40:52.104151,
,,,,,,PRG,,,,,ORY,,,,2025-10-14T23:59:59Z,2025-05-15T09:00:00Z,destination=PRG&origin=ORY&endRange=2025-10-14T23:59:59Z&startRange=2025-05-15T09:00:00Z,3.0,275.0,3.0,100,<Response [200]>,2025-11-02T13:40:52.127554,
,,,,,,PRN,,,,,CDG,,,,2025-10-14T23:59:59Z,2025-05-15T09:00:00Z,destination=PRN&origin=CDG&endRange=2025-10-14T23:59:59Z&startRange=2025-05-15T09:00:00Z,1.0,39.0,1.0,100,<Response [200]>,2025-11-02T13:40:52.148393,
,,,,,,PSA,,,,,AMS,,,,2025-10-14T23:59:59Z,2025-05-15T09:00:00Z,destination=PSA&origin=AMS&endRange=2025-10-14T23:59:59Z&startRange=2025-05-15T09:00:00Z,3.0,233.0,3.0,100,<Response [200]>,2025-11-02T13:40:52.171440,
,,,,,,PSA,,,,,ORY,,,,2025-10-14T23:59:59Z,2025-05-15T09:00:00Z,destination=PSA&origin=ORY&endRange=2025-10-14T23:59:59Z&startRange=2025-05-15T09:00:00Z,2.0,132.0,2.0,100,<Response [200]>,2025-11-02T13:40:52.194235,
,,,,,,PUF,,,,,CDG,,,,2025-10-14T23:59:59Z,2025-05-15T09:00:00Z,destination=PUF&origin=CDG&endRange=2025-10-14T23:59:59Z&startRange=2025-05-15T09:00:00Z,6.0,518.0,6.0,100,<Response [200]>,2025-11-02T13:40:52.218935,
,,,,,,PUF,,,,,ORY,,,,2025-10-14T23:59:59Z,2025-05-15T09:00:00Z,destination=PUF&origin=ORY&endRange=2025-10-14T23:59:59Z&startRange=2025-05-15T09:00:00Z,3.0,299.0,3.0,100,<Response [200]>,2025-11-02T13:40:52.242879,
,,,,,,PUY,,,,,AMS,,,,2025-10-14T23:59:59Z,2025-05-15T09:00:00Z,destination=PUY&origin=AMS&endRange=2025-10-14T23:59:59Z&startRange=2025-05-15T09:00:00Z,1.0,21.0,1.0,100,<Response [200]>,2025-11-02T13:40:52.264433,
,,,,,,PVK,,,,,AMS,,,,2025-10-14T23:59:59Z,2025-05-15T09:00:00Z,destination=PVK&origin=AMS&endRange=2025-10-14T23:59:59Z&startRange=2025-05-15T09:00:00Z,3.0,247.0,3.0,100,<Response [200]>,2025-11-02T13:40:52.290419,
,,,,,,PVK,,,,,ORY,,,,2025-10-14T23:59:59Z,2025-05-15T09:00:00Z,destination=PVK&origin=ORY&endRange=2025-10-14T23:59:59Z&startRange=2025-05-15T09:00:00Z,1.0,9.0,1.0,100,<Response [200]>,2025-11-02T13:40:52.312007,
,,,,,,QSR,,,,,ORY,,,,2025-10-14T23:59:59Z,2025-05-15T09:00:00Z,destination=QSR&origin=ORY&endRange=2025-10-14T23:59:59Z&startRange=2025-05-15T09:00:00Z,1.0,21.0,1.0,100,<Response [200]>,2025-11-02T13:40:52.334994,
,,,,,,RDZ,,,,,ORY,,,,2025-10-14T23:59:59Z,2025-05-15T09:00:00Z,destination=RDZ&origin=ORY&endRange=2025-10-14T23:59:59Z&startRange=2025-05-15T09:00:00Z,3.0,239.0,3.0,100,<Response [200]>,2025-11-02T13:40:52.358019,
,,,,,,REU,,,,,ORY,,,,2025-10-14T23:59:59Z,2025-05-15T09:00:00Z,destination=REU&origin=ORY&endRange=2025-10-14T23:59:59Z&startRange=2025-05-15T09:00:00Z,1.0,43.0,1.0,100,<Response [200]>,2025-11-02T13:40:52.382090,
,,,,,,RHO,,,,,AMS,,,,2025-10-14T23:59:59Z,2025-05-15T09:00:00Z,destination=RHO&origin=AMS&endRange=2025-10-14T23:59:59Z&startRange=2025-05-15T09:00:00Z,4.0,357.0,4.0,100,<Response [200]>,2025-11-02T13:40:52.405253,
,,,,,,RHO,,,,,CDG,,,,2025-10-14T23:59:59Z,2025-05-15T09:00:00Z,destination=RHO&origin=CDG&endRange=2025-10-14T23:59:59Z&startRange=2025-05-15T09:00:00Z,1.0,60.0,1.0,100,<Response [200]>,2025-11-02T13:40:52.425968,
,,,,,,RHO,,,,,FCO,,,,2025-10-14T23:59:59Z,2025-05-15T09:00:00Z,destination=RHO&origin=FCO&endRange=2025-10-14T23:59:59Z&startRange=2025-05-15T09:00:00Z,1.0,7.0,1.0,100,<Response [200]>,2025-11-02T13:40:52.446911,
,,,,,,RHO,,,,,LYS,,,,2025-10-14T23:59:59Z,2025-05-15T09:00:00Z,destination=RHO&origin=LYS&endRange=2025-10-14T23:59:59Z&startRange=2025-05-15T09:00:00Z,1.0,22.0,1.0,100,<Response [200]>,2025-11-02T13:40:52.468660,
,,,,,,RHO,,,,,ORY,,,,2025-10-14T23:59:59Z,2025-05-15T09:00:00Z,destination=RHO&origin=ORY&endRange=2025-10-14T23:59:59Z&startRange=2025-05-15T09:00:00Z,3.0,239.0,3.0,100,<Response [200]>,2025-11-02T13:40:52.491552,
,,,,,,RIX,,,,,AMS,,,,2025-10-14T23:59:59Z,2025-05-15T09:00:00Z,destination=RIX&origin=AMS&endRange=2025-10-14T23:59:59Z&startRange=2025-05-15T09:00:00Z,5.0,459.0,5.0,100,<Response [200]>,2025-11-02T13:40:52.515563,
,,,,,,RIX,,,,,CDG,,,,2025-10-14T23:59:59Z,2025-05-15T09:00:00Z,destination=RIX&origin=CDG&endRange=2025-10-14T23:59:59Z&startRange=2025-05-15T09:00:00Z,3.0,240.0,3.0,100,<Response [200]>,2025-11-02T13:40:52.538632,
,,,,,,RIX,,,,,HEL,,,,2025-10-14T23:59:59Z,2025-05-15T09:00:00Z,destination=RIX&origin=HEL&endRange=2025-10-14T23:59:59Z&startRange=2025-05-15T09:00:00Z,3.0,288.0,3.0,100,<Response [200]>,2025-11-02T13:40:52.561318,
,,,,,,RMO,,,,,AMS,,,,2025-10-14T23:59:59Z,2025-05-15T09:00:00Z,destination=RMO&origin=AMS&endRange=2025-10-14T23:59:59Z&startRange=2025-05-15T09:00:00Z,1.0,59.0,1.0,100,<Response [200]>,2025-11-02T13:40:52.581659,
,,,,,,RMO,,,,,CDG,,,,2025-10-14T23:59:59Z,2025-05-15T09:00:00Z,destination=RMO&origin=CDG&endRange=2025-10-14T23:59:59Z&startRange=2025-05-15T09:00:00Z,1.0,83.0,1.0,100,<Response [200]>,2025-11-02T13:40:52.604147,
,,,,,,RMO,,,,,ORY,,,,2025-10-14T23:59:59Z,2025-05-15T09:00:00Z,destination=RMO&origin=ORY&endRange=2025-10-14T23:59:59Z&startRange=2025-05-15T09:00:00Z,1.0,18.0,1.0,100,<Response [200]>,2025-11-02T13:40:52.624885,
,,,,,,RMO,,,,,OTP,,,,2025-10-14T23:59:59Z,2025-05-15T09:00:00Z,destination=RMO&origin=OTP&endRange=2025-10-14T23:59:59Z&startRange=2025-05-15T09:00:00Z,4.0,369.0,4.0,100,<Response [200]>,2025-11-02T13:40:52.648994,
,,,,,,RVN,,,,,HEL,,,,2025-10-14T23:59:59Z,2025-05-15T09:00:00Z,destination=RVN&origin=HEL&endRange=2025-10-14T23:59:59Z&startRange=2025-05-15T09:00:00Z,2.0,165.0,2.0,100,<Response [200]>,2025-11-02T13:40:52.671997,
,,,,,,SCQ,,,,,AMS,,,,2025-10-14T23:59:59Z,2025-05-15T09:00:00Z,destination=SCQ&origin=AMS&endRange=2025-10-14T23:59:59Z&startRange=2025-05-15T09:00:00Z,1.0,36.0,1.0,100,<Response [200]>,2025-11-02T13:40:52.693815,
,,,,,,SCQ,,,,,CDG,,,,2025-10-14T23:59:59Z,2025-05-15T09:00:00Z,destination=SCQ&origin=CDG&endRange=2025-10-14T23:59:59Z&startRange=2025-05-15T09:00:00Z,1.0,97.0,1.0,100,<Response [200]>,2025-11-02T13:40:52.714942,
,,,,,,SCV,,,,,OTP,,,,2025-10-14T23:59:59Z,2025-05-15T09:00:00Z,destination=SCV&origin=OTP&endRange=2025-10-14T23:59:59Z&startRange=2025-05-15T09:00:00Z,2.0,171.0,2.0,100,<Response [200]>,2025-11-02T13:40:52.738088,
,,,,,,SDL,,,,,ARN,,,,2025-10-14T23:59:59Z,2025-05-15T09:00:00Z,destination=SDL&origin=ARN&endRange=2025-10-14T23:59:59Z&startRange=2025-05-15T09:00:00Z,2.0,178.0,2.0,100,<Response [200]>,2025-11-02T13:40:52.760845,
,,,,,,SEN,,,,,AMS,,,,2025-10-14T23:59:59Z,2025-05-15T09:00:00Z,destination=SEN&origin=AMS&endRange=2025-10-14T23:59:59Z&startRange=2025-05-15T09:00:00Z,1.0,97.0,1.0,100,<Response [200]>,2025-11-02T13:40:52.782177,
,,,,,,SEN,,,,,CDG,,,,2025-10-14T23:59:59Z,2025-05-15T09:00:00Z,destination=SEN&origin=CDG&endRange=2025-10-14T23:59:59Z&startRange=2025-05-15T09:00:00Z,1.0,76.0,1.0,100,<Response [200]>,2025-11-02T13:40:52.803183,
,,,,,,SKG,,,,,CDG,,,,2025-10-14T23:59:59Z,2025-05-15T09:00:00Z,destination=SKG&origin=CDG&endRange=2025-10-14T23:59:59Z&startRange=2025-05-15T09:00:00Z,1.0,57.0,1.0,100,<Response [200]>,2025-11-02T13:40:52.825098,
,,,,,,SKG,,,,,ORY,,,,2025-10-14T23:59:59Z,2025-05-15T09:00:00Z,destination=SKG&origin=ORY&endRange=2025-10-14T23:59:59Z&startRange=2025-05-15T09:00:00Z,1.0,98.0,1.0,100,<Response [200]>,2025-11-02T13:40:52.846395,
,,,,,,SKG,,,,,OTP,,,,2025-10-14T23:59:59Z,2025-05-15T09:00:00Z,destination=SKG&origin=OTP&endRange=2025-10-14T23:59:59Z&startRange=2025-05-15T09:00:00Z,2.0,106.0,2.0,100,<Response [200]>,2025-11-02T13:40:52.872241,
,,,,,,SKP,,,,,AMS,,,,2025-10-14T23:59:59Z,2025-05-15T09:00:00Z,destination=SKP&origin=AMS&endRange=2025-10-14T23:59:59Z&startRange=2025-05-15T09:00:00Z,1.0,43.0,1.0,100,<Response [200]>,2025-11-02T13:40:52.892905,
,,,,,,SKP,,,,,ORY,,,,2025-10-14T23:59:59Z,2025-05-15T09:00:00Z,destination=SKP&origin=ORY&endRange=2025-10-14T23:59:59Z&startRange=2025-05-15T09:00:00Z,1.0,43.0,1.0,100,<Response [200]>,2025-11-02T13:40:52.915507,
,,,,,,SMI,,,,,AMS,,,,2025-10-14T23:59:59Z,2025-05-15T09:00:00Z,destination=SMI&origin=AMS&endRange=2025-10-14T23:59:59Z&startRange=2025-05-15T09:00:00Z,3.0,207.0,3.0,100,<Response [200]>,2025-11-02T13:40:52.940420,
,,,,,,SNN,,,,,CDG,,,,2025-10-14T23:59:59Z,2025-05-15T09:00:00Z,destination=SNN&origin=CDG&endRange=2025-10-14T23:59:59Z&startRange=2025-05-15T09:00:00Z,1.0,44.0,1.0,100,<Response [200]>,2025-11-02T13:40:52.961432,
,,,,,,SOF,,,,,AMS,,,,2025-10-14T23:59:59Z,2025-05-15T09:00:00Z,destination=SOF&origin=AMS&endRange=2025-10-14T23:59:59Z&startRange=2025-05-15T09:00:00Z,2.0,154.0,2.0,100,<Response [200]>,2025-11-02T13:40:52.983497,
,,,,,,SOF,,,,,CDG,,,,2025-10-14T23:59:59Z,2025-05-15T09:00:00Z,destination=SOF&origin=CDG&endRange=2025-10-14T23:59:59Z&startRange=2025-05-15T09:00:00Z,2.0,155.0,2.0,100,<Response [200]>,2025-11-02T13:40:53.006427,
,,,,,,SOF,,,,,ORY,,,,2025-10-14T23:59:59Z,2025-05-15T09:00:00Z,destination=SOF&origin=ORY&endRange=2025-10-14T23:59:59Z&startRange=2025-05-15T09:00:00Z,2.0,110.0,2.0,100,<Response [200]>,2025-11-02T13:40:53.029646,
,,,,,,SOF,,,,,OTP,,,,2025-10-14T23:59:59Z,2025-05-15T09:00:00Z,destination=SOF&origin=OTP&endRange=2025-10-14T23:59:59Z&startRange=2025-05-15T09:00:00Z,2.0,121.0,2.0,100,<Response [200]>,2025-11-02T13:40:53.051880,
,,,,,,SOU,,,,,AMS,,,,2025-10-14T23:59:59Z,2025-05-15T09:00:00Z,destination=SOU&origin=AMS&endRange=2025-10-14T23:59:59Z&startRange=2025-05-15T09:00:00Z,5.0,491.0,5.0,100,<Response [200]>,2025-11-02T13:40:53.078667,
,,,,,,SOU,,,,,ORY,,,,2025-10-14T23:59:59Z,2025-05-15T09:00:00Z,destination=SOU&origin=ORY&endRange=2025-10-14T23:59:59Z&startRange=2025-05-15T09:00:00Z,1.0,44.0,1.0,100,<Response [200]>,2025-11-02T13:40:53.100415,
,,,,,,SPC,,,,,AMS,,,,2025-10-14T23:59:59Z,2025-05-15T09:00:00Z,destination=SPC&origin=AMS&endRange=2025-10-14T23:59:59Z&startRange=2025-05-15T09:00:00Z,1.0,22.0,1.0,100,<Response [200]>,2025-11-02T13:40:53.122957,
,,,,,,SPU,,,,,AMS,,,,2025-10-14T23:59:59Z,2025-05-15T09:00:00Z,destination=SPU&origin=AMS&endRange=2025-10-14T23:59:59Z&startRange=2025-05-15T09:00:00Z,6.0,575.0,6.0,100,<Response [200]>,2025-11-02T13:40:53.148178,
,,,,,,SPU,,,,,CDG,,,,2025-10-14T23:59:59Z,2025-05-15T09:00:00Z,destination=SPU&origin=CDG&endRange=2025-10-14T23:59:59Z&startRange=2025-05-15T09:00:00Z,3.0,261.0,3.0,100,<Response [200]>,2025-11-02T13:40:53.172761,
,,,,,,SPU,,,,,ORY,,,,2025-10-14T23:59:59Z,2025-05-15T09:00:00Z,destination=SPU&origin=ORY&endRange=2025-10-14T23:59:59Z&startRange=2025-05-15T09:00:00Z,2.0,187.0,2.0,100,<Response [200]>,2025-11-02T13:40:53.195043,
,,,,,,STR,,,,,AMS,,,,2025-10-14T23:59:59Z,2025-05-15T09:00:00Z,destination=STR&origin=AMS&endRange=2025-10-14T23:59:59Z&startRange=2025-05-15T09:00:00Z,8.0,763.0,8.0,100,<Response [200]>,2025-11-02T13:40:53.222970,
,,,,,,STR,,,,,CDG,,,,2025-10-14T23:59:59Z,2025-05-15T09:00:00Z,destination=STR&origin=CDG&endRange=2025-10-14T23:59:59Z&startRange=2025-05-15T09:00:00Z,3.0,258.0,3.0,100,<Response [200]>,2025-11-02T13:40:53.247332,
,,,,,,SUF,,,,,FCO,,,,2025-10-14T23:59:59Z,2025-05-15T09:00:00Z,destination=SUF&origin=FCO&endRange=2025-10-14T23:59:59Z&startRange=2025-05-15T09:00:00Z,5.0,402.0,5.0,100,<Response [200]>,2025-11-02T13:40:53.272680,
,,,,,,SUF,,,,,LIN,,,,2025-10-14T23:59:59Z,2025-05-15T09:00:00Z,destination=SUF&origin=LIN&endRange=2025-10-14T23:59:59Z&startRange=2025-05-15T09:00:00Z,4.0,321.0,4.0,100,<Response [200]>,2025-11-02T13:40:53.295704,
,,,,,,SUF,,,,,ORY,,,,2025-10-14T23:59:59Z,2025-05-15T09:00:00Z,destination=SUF&origin=ORY&endRange=2025-10-14T23:59:59Z&startRange=2025-05-15T09:00:00Z,1.0,42.0,1.0,100,<Response [200]>,2025-11-02T13:40:53.316324,
,,,,,,SVG,,,,,AMS,,,,2025-10-14T23:59:59Z,2025-05-15T09:00:00Z,destination=SVG&origin=AMS&endRange=2025-10-14T23:59:59Z&startRange=2025-05-15T09:00:00Z,8.0,797.0,8.0,100,<Response [200]>,2025-11-02T13:40:53.344567,
,,,,,,SVG,,,,,BGO,,,,2025-10-14T23:59:59Z,2025-05-15T09:00:00Z,destination=SVG&origin=BGO&endRange=2025-10-14T23:59:59Z&startRange=2025-05-15T09:00:00Z,5.0,431.0,5.0,100,<Response [200]>,2025-11-02T13:40:53.369250,
,,,,,,SVG,,,,,CDG,,,,2025-10-14T23:59:59Z,2025-05-15T09:00:00Z,destination=SVG&origin=CDG&endRange=2025-10-14T23:59:59Z&startRange=2025-05-15T09:00:00Z,1.0,44.0,1.0,100,<Response [200]>,2025-11-02T13:40:53.393448,
,,,,,,SVG,,,,,CPH,,,,2025-10-14T23:59:59Z,2025-05-15T09:00:00Z,destination=SVG&origin=CPH&endRange=2025-10-14T23:59:59Z&startRange=2025-05-15T09:00:00Z,6.0,548.0,6.0,100,<Response [200]>,2025-11-02T13:40:53.422714,
,,,,,,SVG,,,,,OSL,,,,2025-10-14T23:59:59Z,2025-05-15T09:00:00Z,destination=SVG&origin=OSL&endRange=2025-10-14T23:59:59Z&startRange=2025-05-15T09:00:00Z,5.0,435.0,5.0,100,<Response [200]>,2025-11-02T13:40:53.447602,
,,,,,,SVQ,,,,,AMS,,,,2025-10-14T23:59:59Z,2025-05-15T09:00:00Z,destination=SVQ&origin=AMS&endRange=2025-10-14T23:59:59Z&startRange=2025-05-15T09:00:00Z,2.0,183.0,2.0,100,<Response [200]>,2025-11-02T13:40:53.470798,
,,,,,,SVQ,,,,,CDG,,,,2025-10-14T23:59:59Z,2025-05-15T09:00:00Z,destination=SVQ&origin=CDG&endRange=2025-10-14T23:59:59Z&startRange=2025-05-15T09:00:00Z,5.0,405.0,5.0,100,<Response [200]>,2025-11-02T13:40:53.495067,
,,,,,,SVQ,,,,,ORY,,,,2025-10-14T23:59:59Z,2025-05-15T09:00:00Z,destination=SVQ&origin=ORY&endRange=2025-10-14T23:59:59Z&startRange=2025-05-15T09:00:00Z,4.0,327.0,4.0,100,<Response [200]>,2025-11-02T13:40:53.518687,
,,,,,,SZG,,,,,AMS,,,,2025-10-14T23:59:59Z,2025-05-15T09:00:00Z,destination=SZG&origin=AMS&endRange=2025-10-14T23:59:59Z&startRange=2025-05-15T09:00:00Z,1.0,44.0,1.0,100,<Response [200]>,2025-11-02T13:40:53.539950,
,,,,,,TAY,,,,,HEL,,,,2025-10-14T23:59:59Z,2025-05-15T09:00:00Z,destination=TAY&origin=HEL&endRange=2025-10-14T23:59:59Z&startRange=2025-05-15T09:00:00Z,1.0,83.0,1.0,100,<Response [200]>,2025-11-02T13:40:53.562656,
,,,,,,TFN,,,,,MAD,,,,2025-10-14T23:59:59Z,2025-05-15T09:00:00Z,destination=TFN&origin=MAD&endRange=2025-10-14T23:59:59Z&startRange=2025-05-15T09:00:00Z,6.0,541.0,6.0,100,<Response [200]>,2025-11-02T13:40:53.587478,
,,,,,,TFS,,,,,AMS,,,,2025-10-14T23:59:59Z,2025-05-15T09:00:00Z,destination=TFS&origin=AMS&endRange=2025-10-14T23:59:59Z&startRange=2025-05-15T09:00:00Z,4.0,307.0,4.0,100,<Response [200]>,2025-11-02T13:40:53.613152,
,,,,,,TFS,,,,,CDG,,,,2025-10-14T23:59:59Z,2025-05-15T09:00:00Z,destination=TFS&origin=CDG&endRange=2025-10-14T23:59:59Z&startRange=2025-05-15T09:00:00Z,1.0,83.0,1.0,100,<Response [200]>,2025-11-02T13:40:53.634455,
,,,,,,TFS,,,,,ORY,,,,2025-10-14T23:59:59Z,2025-05-15T09:00:00Z,destination=TFS&origin=ORY&endRange=2025-10-14T23:59:59Z&startRange=2025-05-15T09:00:00Z,2.0,197.0,2.0,100,<Response [200]>,2025-11-02T13:40:53.657476,
,,,,,,TGD,,,,,CDG,,,,2025-10-14T23:59:59Z,2025-05-15T09:00:00Z,destination=TGD&origin=CDG&endRange=2025-10-14T23:59:59Z&startRange=2025-05-15T09:00:00Z,1.0,51.0,1.0,100,<Response [200]>,2025-11-02T13:40:53.678747,
,,,,,,TGD,,,,,ORY,,,,2025-10-14T23:59:59Z,2025-05-15T09:00:00Z,destination=TGD&origin=ORY&endRange=2025-10-14T23:59:59Z&startRange=2025-05-15T09:00:00Z,1.0,69.0,1.0,100,<Response [200]>,2025-11-02T13:40:53.701508,
,,,,,,TIA,,,,,AMS,,,,2025-10-14T23:59:59Z,2025-05-15T09:00:00Z,destination=TIA&origin=AMS&endRange=2025-10-14T23:59:59Z&startRange=2025-05-15T09:00:00Z,2.0,109.0,2.0,100,<Response [200]>,2025-11-02T13:40:53.725997,
,,,,,,TIA,,,,,CDG,,,,2025-10-14T23:59:59Z,2025-05-15T09:00:00Z,destination=TIA&origin=CDG&endRange=2025-10-14T23:59:59Z&startRange=2025-05-15T09:00:00Z,1.0,17.0,1.0,100,<Response [200]>,2025-11-02T13:40:53.749113,
,,,,,,TIA,,,,,FCO,,,,2025-10-14T23:59:59Z,2025-05-15T09:00:00Z,destination=TIA&origin=FCO&endRange=2025-10-14T23:59:59Z&startRange=2025-05-15T09:00:00Z,3.0,228.0,3.0,100,<Response [200]>,2025-11-02T13:40:53.775883,
,,,,,,TIA,,,,,LYS,,,,2025-10-14T23:59:59Z,2025-05-15T09:00:00Z,destination=TIA&origin=LYS&endRange=2025-10-14T23:59:59Z&startRange=2025-05-15T09:00:00Z,1.0,18.0,1.0,100,<Response [200]>,2025-11-02T13:40:53.799547,
,,,,,,TIA,,,,,ORY,,,,2025-10-14T23:59:59Z,2025-05-15T09:00:00Z,destination=TIA&origin=ORY&endRange=2025-10-14T23:59:59Z&startRange=2025-05-15T09:00:00Z,2.0,150.0,2.0,100,<Response [200]>,2025-11-02T13:40:53.826663,
,,,,,,TIV,,,,,ORY,,,,2025-10-14T23:59:59Z,2025-05-15T09:00:00Z,destination=TIV&origin=ORY&endRange=2025-10-14T23:59:59Z&startRange=2025-05-15T09:00:00Z,1.0,69.0,1.0,100,<Response [200]>,2025-11-02T13:40:53.849813,
,,,,,,TKU,,,,,ARN,,,,2025-10-14T23:59:59Z,2025-05-15T09:00:00Z,destination=TKU&origin=ARN&endRange=2025-10-14T23:59:59Z&startRange=2025-05-15T09:00:00Z,3.0,276.0,3.0,100,<Response [200]>,2025-11-02T13:40:53.874264,
,,,,,,TLL,,,,,AMS,,,,2025-10-14T23:59:59Z,2025-05-15T09:00:00Z,destination=TLL&origin=AMS&endRange=2025-10-14T23:59:59Z&startRange=2025-05-15T09:00:00Z,4.0,305.0,4.0,100,<Response [200]>,2025-11-02T13:40:53.899227,
,,,,,,TLL,,,,,ARN,,,,2025-10-14T23:59:59Z,2025-05-15T09:00:00Z,destination=TLL&origin=ARN&endRange=2025-10-14T23:59:59Z&startRange=2025-05-15T09:00:00Z,4.0,376.0,4.0,100,<Response [200]>,2025-11-02T13:40:53.923775,
,,,,,,TLL,,,,,CDG,,,,2025-10-14T23:59:59Z,2025-05-15T09:00:00Z,destination=TLL&origin=CDG&endRange=2025-10-14T23:59:59Z&startRange=2025-05-15T09:00:00Z,2.0,107.0,2.0,100,<Response [200]>,2025-11-02T13:40:53.946480,
,,,,,,TLL,,,,,CPH,,,,2025-10-14T23:59:59Z,2025-05-15T09:00:00Z,destination=TLL&origin=CPH&endRange=2025-10-14T23:59:59Z&startRange=2025-05-15T09:00:00Z,3.0,217.0,3.0,100,<Response [200]>,2025-11-02T13:40:53.969212,
,,,,,,TLL,,,,,HEL,,,,2025-10-14T23:59:59Z,2025-05-15T09:00:00Z,destination=TLL&origin=HEL&endRange=2025-10-14T23:59:59Z&startRange=2025-05-15T09:00:00Z,4.0,306.0,4.0,100,<Response [200]>,2025-11-02T13:40:53.993841,
,,,,,,TLL,,,,,ORY,,,,2025-10-14T23:59:59Z,2025-05-15T09:00:00Z,destination=TLL&origin=ORY&endRange=2025-10-14T23:59:59Z&startRange=2025-05-15T09:00:00Z,1.0,44.0,1.0,100,<Response [200]>,2025-11-02T13:40:54.016655,
,,,,,,TLN,,,,,ORY,,,,2025-10-14T23:59:59Z,2025-05-15T09:00:00Z,destination=TLN&origin=ORY&endRange=2025-10-14T23:59:59Z&startRange=2025-05-15T09:00:00Z,5.0,410.0,5.0,100,<Response [200]>,2025-11-02T13:40:54.043568,
,,,,,,TLS,,,,,AJA,,,,2025-10-14T23:59:59Z,2025-05-15T09:00:00Z,destination=TLS&origin=AJA&endRange=2025-10-14T23:59:59Z&startRange=2025-05-15T09:00:00Z,1.0,88.0,1.0,100,<Response [200]>,2025-11-02T13:40:54.065066,
,,,,,,TLS,,,,,AMS,,,,2025-10-14T23:59:59Z,2025-05-15T09:00:00Z,destination=TLS&origin=AMS&endRange=2025-10-14T23:59:59Z&startRange=2025-05-15T09:00:00Z,6.0,541.0,6.0,100,<Response [200]>,2025-11-02T13:40:54.091520,
,,,,,,TLS,,,,,BIA,,,,2025-10-14T23:59:59Z,2025-05-15T09:00:00Z,destination=TLS&origin=BIA&endRange=2025-10-14T23:59:59Z&startRange=2025-05-15T09:00:00Z,1.0,44.0,1.0,100,<Response [200]>,2025-11-02T13:40:54.113584,
,,,,,,TLS,,,,,CDG,,,,2025-10-14T23:59:59Z,2025-05-15T09:00:00Z,destination=TLS&origin=CDG&endRange=2025-10-14T23:59:59Z&startRange=2025-05-15T09:00:00Z,14.0,1305.0,14.0,100,<Response [200]>,2025-11-02T13:40:54.143981,
,,,,,,TLS,,,,,FSC,,,,2025-10-14T23:59:59Z,2025-05-15T09:00:00Z,destination=TLS&origin=FSC&endRange=2025-10-14T23:59:59Z&startRange=2025-05-15T09:00:00Z,1.0,9.0,1.0,100,<Response [200]>,2025-11-02T13:40:54.165761,
,,,,,,TLS,,,,,LYS,,,,2025-10-14T23:59:59Z,2025-05-15T09:00:00Z,destination=TLS&origin=LYS&endRange=2025-10-14T23:59:59Z&startRange=2025-05-15T09:00:00Z,3.0,275.0,3.0,100,<Response [200]>,2025-11-02T13:40:54.188535,
,,,,,,TLS,,,,,ORY,,,,2025-10-14T23:59:59Z,2025-05-15T09:00:00Z,destination=TLS&origin=ORY&endRange=2025-10-14T23:59:59Z&startRange=2025-05-15T09:00:00Z,18.0,1790.0,18.0,100,<Response [200]>,2025-11-02T13:40:54.222305,
,,,,,,TOS,,,,,ARN,,,,2025-10-14T23:59:59Z,2025-05-15T09:00:00Z,destination=TOS&origin=ARN&endRange=2025-10-14T23:59:59Z&startRange=2025-05-15T09:00:00Z,1.0,57.0,1.0,100,<Response [200]>,2025-11-02T13:40:54.243870,
,,,,,,TOS,,,,,BGO,,,,2025-10-14T23:59:59Z,2025-05-15T09:00:00Z,destination=TOS&origin=BGO&endRange=2025-10-14T23:59:59Z&startRange=2025-05-15T09:00:00Z,4.0,323.0,4.0,100,<Response [200]>,2025-11-02T13:40:54.271321,
,,,,,,TOS,,,,,CDG,,,,2025-10-14T23:59:59Z,2025-05-15T09:00:00Z,destination=TOS&origin=CDG&endRange=2025-10-14T23:59:59Z&startRange=2025-05-15T09:00:00Z,1.0,20.0,1.0,100,<Response [200]>,2025-11-02T13:40:54.298606,
,,,,,,TOS,,,,,CPH,,,,2025-10-14T23:59:59Z,2025-05-15T09:00:00Z,destination=TOS&origin=CPH&endRange=2025-10-14T23:59:59Z&startRange=2025-05-15T09:00:00Z,1.0,95.0,1.0,100,<Response [200]>,2025-11-02T13:40:54.321836,
,,,,,,TOS,,,,,OSL,,,,2025-10-14T23:59:59Z,2025-05-15T09:00:00Z,destination=TOS&origin=OSL&endRange=2025-10-14T23:59:59Z&startRange=2025-05-15T09:00:00Z,8.0,782.0,8.0,100,<Response [200]>,2025-11-02T13:40:54.348944,
,,,,,,TOS,,,,,TRD,,,,2025-10-14T23:59:59Z,2025-05-15T09:00:00Z,destination=TOS&origin=TRD&endRange=2025-10-14T23:59:59Z&startRange=2025-05-15T09:00:00Z,3.0,218.0,3.0,100,<Response [200]>,2025-11-02T13:40:54.373287,
,,,,,,TRD,,,,,AES,,,,2025-10-14T23:59:59Z,2025-05-15T09:00:00Z,destination=TRD&origin=AES&endRange=2025-10-14T23:59:59Z&startRange=2025-05-15T09:00:00Z,2.0,149.0,2.0,100,<Response [200]>,2025-11-02T13:40:54.397170,
,,,,,,TRD,,,,,AMS,,,,2025-10-14T23:59:59Z,2025-05-15T09:00:00Z,destination=TRD&origin=AMS&endRange=2025-10-14T23:59:59Z&startRange=2025-05-15T09:00:00Z,5.0,461.0,5.0,100,<Response [200]>,2025-11-02T13:40:54.423866,
,,,,,,TRD,,,,,ARN,,,,2025-10-14T23:59:59Z,2025-05-15T09:00:00Z,destination=TRD&origin=ARN&endRange=2025-10-14T23:59:59Z&startRange=2025-05-15T09:00:00Z,2.0,168.0,2.0,100,<Response [200]>,2025-11-02T13:40:54.447190,
,,,,,,TRD,,,,,BGO,,,,2025-10-14T23:59:59Z,2025-05-15T09:00:00Z,destination=TRD&origin=BGO&endRange=2025-10-14T23:59:59Z&startRange=2025-05-15T09:00:00Z,7.0,617.0,7.0,100,<Response [200]>,2025-11-02T13:40:54.475518,
,,,,,,TRD,,,,,BOO,,,,2025-10-14T23:59:59Z,2025-05-15T09:00:00Z,destination=TRD&origin=BOO&endRange=2025-10-14T23:59:59Z&startRange=2025-05-15T09:00:00Z,3.0,271.0,3.0,100,<Response [200]>,2025-11-02T13:40:54.499762,
,,,,,,TRD,,,,,CPH,,,,2025-10-14T23:59:59Z,2025-05-15T09:00:00Z,destination=TRD&origin=CPH&endRange=2025-10-14T23:59:59Z&startRange=2025-05-15T09:00:00Z,6.0,503.0,6.0,100,<Response [200]>,2025-11-02T13:40:54.524354,
,,,,,,TRD,,,,,OSL,,,,2025-10-14T23:59:59Z,2025-05-15T09:00:00Z,destination=TRD&origin=OSL&endRange=2025-10-14T23:59:59Z&startRange=2025-05-15T09:00:00Z,12.0,1130.0,12.0,100,<Response [200]>,2025-11-02T13:40:54.555135,
,,,,,,TRD,,,,,TOS,,,,2025-10-14T23:59:59Z,2025-05-15T09:00:00Z,destination=TRD&origin=TOS&endRange=2025-10-14T23:59:59Z&startRange=2025-05-15T09:00:00Z,2.0,184.0,2.0,100,<Response [200]>,2025-11-02T13:40:54.577323,
,,,,,,TRF,,,,,BGO,,,,2025-10-14T23:59:59Z,2025-05-15T09:00:00Z,destination=TRF&origin=BGO&endRange=2025-10-14T23:59:59Z&startRange=2025-05-15T09:00:00Z,4.0,391.0,4.0,100,<Response [200]>,2025-11-02T13:40:54.601954,
,,,,,,TRF,,,,,CPH,,,,2025-10-14T23:59:59Z,2025-05-15T09:00:00Z,destination=TRF&origin=CPH&endRange=2025-10-14T23:59:59Z&startRange=2025-05-15T09:00:00Z,2.0,130.0,2.0,100,<Response [200]>,2025-11-02T13:40:54.625734,
,,,,,,TRN,,,,,AMS,,,,2025-10-14T23:59:59Z,2025-05-15T09:00:00Z,destination=TRN&origin=AMS&endRange=2025-10-14T23:59:59Z&startRange=2025-05-15T09:00:00Z,4.0,305.0,4.0,100,<Response [200]>,2025-11-02T13:40:54.649454,
,,,,,,TRN,,,,,CDG,,,,2025-10-14T23:59:59Z,2025-05-15T09:00:00Z,destination=TRN&origin=CDG&endRange=2025-10-14T23:59:59Z&startRange=2025-05-15T09:00:00Z,5.0,440.0,5.0,100,<Response [200]>,2025-11-02T13:40:54.675192,
,,,,,,TRN,,,,,FCO,,,,2025-10-14T23:59:59Z,2025-05-15T09:00:00Z,destination=TRN&origin=FCO&endRange=2025-10-14T23:59:59Z&startRange=2025-05-15T09:00:00Z,5.0,436.0,5.0,100,<Response [200]>,2025-11-02T13:40:54.700205,
,,,,,,TRN,,,,,ORY,,,,2025-10-14T23:59:59Z,2025-05-15T09:00:00Z,destination=TRN&origin=ORY&endRange=2025-10-14T23:59:59Z&startRange=2025-05-15T09:00:00Z,1.0,43.0,1.0,100,<Response [200]>,2025-11-02T13:40:54.723583,
,,,,,,TRS,,,,,AMS,,,,2025-10-14T23:59:59Z,2025-05-15T09:00:00Z,destination=TRS&origin=AMS&endRange=2025-10-14T23:59:59Z&startRange=2025-05-15T09:00:00Z,1.0,2.0,1.0,100,<Response [200]>,2025-11-02T13:40:54.745536,
,,,,,,TRS,,,,,FCO,,,,2025-10-14T23:59:59Z,2025-05-15T09:00:00Z,destination=TRS&origin=FCO&endRange=2025-10-14T23:59:59Z&startRange=2025-05-15T09:00:00Z,5.0,449.0,5.0,100,<Response [200]>,2025-11-02T13:40:54.773135,
,,,,,,TSR,,,,,OTP,,,,2025-10-14T23:59:59Z,2025-05-15T09:00:00Z,destination=TSR&origin=OTP&endRange=2025-10-14T23:59:59Z&startRange=2025-05-15T09:00:00Z,5.0,487.0,5.0,100,<Response [200]>,2025-11-02T13:40:54.802169,
,,,,,,UME,,,,,ARN,,,,2025-10-14T23:59:59Z,2025-05-15T09:00:00Z,destination=UME&origin=ARN&endRange=2025-10-14T23:59:59Z&startRange=2025-05-15T09:00:00Z,7.0,638.0,7.0,100,<Response [200]>,2025-11-02T13:40:54.836513,
,,,,,,VAA,,,,,ARN,,,,2025-10-14T23:59:59Z,2025-05-15T09:00:00Z,destination=VAA&origin=ARN&endRange=2025-10-14T23:59:59Z&startRange=2025-05-15T09:00:00Z,2.0,191.0,2.0,100,<Response [200]>,2025-11-02T13:40:54.863711,
,,,,,,VAA,,,,,HEL,,,,2025-10-14T23:59:59Z,2025-05-15T09:00:00Z,destination=VAA&origin=HEL&endRange=2025-10-14T23:59:59Z&startRange=2025-05-15T09:00:00Z,2.0,131.0,2.0,100,<Response [200]>,2025-11-02T13:40:54.889333,
,,,,,,VAR,,,,,CDG,,,,2025-10-14T23:59:59Z,2025-05-15T09:00:00Z,destination=VAR&origin=CDG&endRange=2025-10-14T23:59:59Z&startRange=2025-05-15T09:00:00Z,1.0,36.0,1.0,100,<Response [200]>,2025-11-02T13:40:54.913540,
,,,,,,VAR,,,,,ORY,,,,2025-10-14T23:59:59Z,2025-05-15T09:00:00Z,destination=VAR&origin=ORY&endRange=2025-10-14T23:59:59Z&startRange=2025-05-15T09:00:00Z,1.0,21.0,1.0,100,<Response [200]>,2025-11-02T13:40:54.940806,
,,,,,,VBY,,,,,ARN,,,,2025-10-14T23:59:59Z,2025-05-15T09:00:00Z,destination=VBY&origin=ARN&endRange=2025-10-14T23:59:59Z&startRange=2025-05-15T09:00:00Z,9.0,801.0,9.0,100,<Response [200]>,2025-11-02T13:40:54.978348,
,,,,,,VCE,,,,,AMS,,,,2025-10-14T23:59:59Z,2025-05-15T09:00:00Z,destination=VCE&origin=AMS&endRange=2025-10-14T23:59:59Z&startRange=2025-05-15T09:00:00Z,6.0,584.0,6.0,100,<Response [200]>,2025-11-02T13:40:55.010719,
,,,,,,VCE,,,,,CDG,,,,2025-10-14T23:59:59Z,2025-05-15T09:00:00Z,destination=VCE&origin=CDG&endRange=2025-10-14T23:59:59Z&startRange=2025-05-15T09:00:00Z,10.0,993.0,10.0,100,<Response [200]>,2025-11-02T13:40:55.041336,
,,,,,,VCE,,,,,FCO,,,,2025-10-14T23:59:59Z,2025-05-15T09:00:00Z,destination=VCE&origin=FCO&endRange=2025-10-14T23:59:59Z&startRange=2025-05-15T09:00:00Z,5.0,407.0,5.0,100,<Response [200]>,2025-11-02T13:40:55.067091,
,,,,,,VCE,,,,,MAD,,,,2025-10-14T23:59:59Z,2025-05-15T09:00:00Z,destination=VCE&origin=MAD&endRange=2025-10-14T23:59:59Z&startRange=2025-05-15T09:00:00Z,1.0,36.0,1.0,100,<Response [200]>,2025-11-02T13:40:55.089034,
,,,,,,VCE,,,,,ORY,,,,2025-10-14T23:59:59Z,2025-05-15T09:00:00Z,destination=VCE&origin=ORY&endRange=2025-10-14T23:59:59Z&startRange=2025-05-15T09:00:00Z,5.0,425.0,5.0,100,<Response [200]>,2025-11-02T13:40:55.115730,
,,,,,,VGO,,,,,MAD,,,,2025-10-14T23:59:59Z,2025-05-15T09:00:00Z,destination=VGO&origin=MAD&endRange=2025-10-14T23:59:59Z&startRange=2025-05-15T09:00:00Z,7.0,608.0,7.0,100,<Response [200]>,2025-11-02T13:40:55.145238,
,,,,,,VIE,,,,,AMS,,,,2025-10-14T23:59:59Z,2025-05-15T09:00:00Z,destination=VIE&origin=AMS&endRange=2025-10-14T23:59:59Z&startRange=2025-05-15T09:00:00Z,13.0,1295.0,13.0,100,<Response [200]>,2025-11-02T13:40:55.181266,
,,,,,,VIE,,,,,CDG,,,,2025-10-14T23:59:59Z,2025-05-15T09:00:00Z,destination=VIE&origin=CDG&endRange=2025-10-14T23:59:59Z&startRange=2025-05-15T09:00:00Z,13.0,1258.0,13.0,100,<Response [200]>,2025-11-02T13:40:55.218517,
,,,,,,VIE,,,,,ORY,,,,2025-10-14T23:59:59Z,2025-05-15T09:00:00Z,destination=VIE&origin=ORY&endRange=2025-10-14T23:59:59Z&startRange=2025-05-15T09:00:00Z,2.0,104.0,2.0,100,<Response [200]>,2025-11-02T13:40:55.242659,
,,,,,,VLC,,,,,AMS,,,,2025-10-14T23:59:59Z,2025-05-15T09:00:00Z,destination=VLC&origin=AMS&endRange=2025-10-14T23:59:59Z&startRange=2025-05-15T09:00:00Z,10.0,913.0,10.0,100,<Response [200]>,2025-11-02T13:40:55.270986,
,,,,,,VLC,,,,,CDG,,,,2025-10-14T23:59:59Z,2025-05-15T09:00:00Z,destination=VLC&origin=CDG&endRange=2025-10-14T23:59:59Z&startRange=2025-05-15T09:00:00Z,5.0,456.0,5.0,100,<Response [200]>,2025-11-02T13:40:55.296090,
,,,,,,VLC,,,,,MAD,,,,2025-10-14T23:59:59Z,2025-05-15T09:00:00Z,destination=VLC&origin=MAD&endRange=2025-10-14T23:59:59Z&startRange=2025-05-15T09:00:00Z,1.0,33.0,1.0,100,<Response [200]>,2025-11-02T13:40:55.317431,
,,,,,,VLC,,,,,ORY,,,,2025-10-14T23:59:59Z,2025-05-15T09:00:00Z,destination=VLC&origin=ORY&endRange=2025-10-14T23:59:59Z&startRange=2025-05-15T09:00:00Z,7.0,625.0,7.0,100,<Response [200]>,2025-11-02T13:40:55.344284,
,,,,,,VNO,,,,,AMS,,,,2025-10-14T23:59:59Z,2025-05-15T09:00:00Z,destination=VNO&origin=AMS&endRange=2025-10-14T23:59:59Z&startRange=2025-05-15T09:00:00Z,4.0,308.0,4.0,100,<Response [200]>,2025-11-02T13:40:55.367944,
,,,,,,VNO,,,,,ARN,,,,2025-10-14T23:59:59Z,2025-05-15T09:00:00Z,destination=VNO&origin=ARN&endRange=2025-10-14T23:59:59Z&startRange=2025-05-15T09:00:00Z,2.0,167.0,2.0,100,<Response [200]>,2025-11-02T13:40:55.400619,
,,,,,,VNO,,,,,CDG,,,,2025-10-14T23:59:59Z,2025-05-15T09:00:00Z,destination=VNO&origin=CDG&endRange=2025-10-14T23:59:59Z&startRange=2025-05-15T09:00:00Z,2.0,109.0,2.0,100,<Response [200]>,2025-11-02T13:40:55.436807,
,,,,,,VNO,,,,,CPH,,,,2025-10-14T23:59:59Z,2025-05-15T09:00:00Z,destination=VNO&origin=CPH&endRange=2025-10-14T23:59:59Z&startRange=2025-05-15T09:00:00Z,4.0,322.0,4.0,100,<Response [200]>,2025-11-02T13:40:55.463411,
,,,,,,VOL,,,,,ORY,,,,2025-10-14T23:59:59Z,2025-05-15T09:00:00Z,destination=VOL&origin=ORY&endRange=2025-10-14T23:59:59Z&startRange=2025-05-15T09:00:00Z,1.0,20.0,1.0,100,<Response [200]>,2025-11-02T13:40:55.485219,
,,,,,,VRN,,,,,AMS,,,,2025-10-14T23:59:59Z,2025-05-15T09:00:00Z,destination=VRN&origin=AMS&endRange=2025-10-14T23:59:59Z&startRange=2025-05-15T09:00:00Z,2.0,171.0,2.0,100,<Response [200]>,2025-11-02T13:40:55.508907,
,,,,,,VRN,,,,,CDG,,,,2025-10-14T23:59:59Z,2025-05-15T09:00:00Z,destination=VRN&origin=CDG&endRange=2025-10-14T23:59:59Z&startRange=2025-05-15T09:00:00Z,1.0,80.0,1.0,100,<Response [200]>,2025-11-02T13:40:55.530339,
,,,,,,VRN,,,,,ORY,,,,2025-10-14T23:59:59Z,2025-05-15T09:00:00Z,destination=VRN&origin=ORY&endRange=2025-10-14T23:59:59Z&startRange=2025-05-15T09:00:00Z,2.0,144.0,2.0,100,<Response [200]>,2025-11-02T13:40:55.553078,
,,,,,,WAW,,,,,AMS,,,,2025-10-14T23:59:59Z,2025-05-15T09:00:00Z,destination=WAW&origin=AMS&endRange=2025-10-14T23:59:59Z&startRange=2025-05-15T09:00:00Z,13.0,1223.0,13.0,100,<Response [200]>,2025-11-02T13:40:55.584136,
,,,,,,WAW,,,,,CDG,,,,2025-10-14T23:59:59Z,2025-05-15T09:00:00Z,destination=WAW&origin=CDG&endRange=2025-10-14T23:59:59Z&startRange=2025-05-15T09:00:00Z,10.0,991.0,10.0,100,<Response [200]>,2025-11-02T13:40:55.616577,
,,,,,,WAW,,,,,ORY,,,,2025-10-14T23:59:59Z,2025-05-15T09:00:00Z,destination=WAW&origin=ORY&endRange=2025-10-14T23:59:59Z&startRange=2025-05-15T09:00:00Z,2.0,153.0,2.0,100,<Response [200]>,2025-11-02T13:40:55.640740,
,,,,,,WRO,,,,,AMS,,,,2025-10-14T23:59:59Z,2025-05-15T09:00:00Z,destination=WRO&origin=AMS&endRange=2025-10-14T23:59:59Z&startRange=2025-05-15T09:00:00Z,4.0,306.0,4.0,100,<Response [200]>,2025-11-02T13:40:55.666178,
,,,,,,ZAG,,,,,AMS,,,,2025-10-14T23:59:59Z,2025-05-15T09:00:00Z,destination=ZAG&origin=AMS&endRange=2025-10-14T23:59:59Z&startRange=2025-05-15T09:00:00Z,5.0,458.0,5.0,100,<Response [200]>,2025-11-02T13:40:55.693513,
,,,,,,ZAG,,,,,CDG,,,,2025-10-14T23:59:59Z,2025-05-15T09:00:00Z,destination=ZAG&origin=CDG&endRange=2025-10-14T23:59:59Z&startRange=2025-05-15T09:00:00Z,4.0,386.0,4.0,100,<Response [200]>,2025-11-02T13:40:55.719559,
,,,,,,ZRH,,,,,AMS,,,,2025-10-14T23:59:59Z,2025-05-15T09:00:00Z,destination=ZRH&origin=AMS&endRange=2025-10-14T23:59:59Z&startRange=2025-05-15T09:00:00Z,16.0,1565.0,16.0,100,<Response [200]>,2025-11-02T13:40:55.758295,
,,,,,,ZRH,,,,,CDG,,,,2025-10-14T23:59:59Z,2025-05-15T09:00:00Z,destination=ZRH&origin=CDG&endRange=2025-10-14T23:59:59Z&startRange=2025-05-15T09:00:00Z,11.0,1082.0,11.0,100,<Response [200]>,2025-11-02T13:40:55.790694,
,,,,,,ZRH,,,,,FCO,,,,2025-10-14T23:59:59Z,2025-05-15T09:00:00Z,destination=ZRH&origin=FCO&endRange=2025-10-14T23:59:59Z&startRange=2025-05-15T09:00:00Z,1.0,99.0,1.0,100,<Response [200]>,2025-11-02T13:40:55.815265,
,,,,,,ZRH,,,,,MAD,,,,2025-10-14T23:59:59Z,2025-05-15T09:00:00Z,destination=ZRH&origin=MAD&endRange=2025-10-14T23:59:59Z&startRange=2025-05-15T09:00:00Z,1.0,69.0,1.0,100,<Response [200]>,2025-11-02T13:40:55.836928,
,,,,,,ZTH,,,,,AMS,,,,2025-10-14T23:59:59Z,2025-05-15T09:00:00Z,destination=ZTH&origin=AMS&endRange=2025-10-14T23:59:59Z&startRange=2025-05-15T09:00:00Z,5.0,477.0,5.0,100,<Response [200]>,2025-11-02T13:40:55.862183,
,,,,,,ZTH,,,,,ORY,,,,2025-10-14T23:59:59Z,2025-05-15T09:00:00Z,destination=ZTH&origin=ORY&endRange=2025-10-14T23:59:59Z&startRange=2025-05-15T09:00:00Z,1.0,41.0,1.0,100,<Response [200]>,2025-11-02T13:40:55.887417,
,,,,,,AAL,,,,,AMS,,,,2025-10-14T23:59:59Z,2025-05-15T09:00:00Z,destination=AAL&origin=AMS&endRange=2025-10-14T23:59:59Z&startRange=2025-05-15T09:00:00Z,7.0,602.0,7.0,100,<Response [200]>,2025-11-02T13:40:55.913960,
,,,,,,AAL,,,,,CPH,,,,2025-10-14T23:59:59Z,2025-05-15T09:00:00Z,destination=AAL&origin=CPH&endRange=2025-10-14T23:59:59Z&startRange=2025-05-15T09:00:00Z,8.0,789.0,8.0,100,<Response [200]>,2025-11-02T13:40:55.938884,
,,,,,,AAL,,,,,OSL,,,,2025-10-14T23:59:59Z,2025-05-15T09:00:00Z,destination=AAL&origin=OSL&endRange=2025-10-14T23:59:59Z&startRange=2025-05-15T09:00:00Z,1.0,85.0,1.0,100,<Response [200]>,2025-11-02T13:40:55.959873,
,,,,,,AAR,,,,,CPH,,,,2025-10-14T23:59:59Z,2025-05-15T09:00:00Z,destination=AAR&origin=CPH&endRange=2025-10-14T23:59:59Z&startRange=2025-05-15T09:00:00Z,5.0,443.0,5.0,100,<Response [200]>,2025-11-02T13:40:55.983845,
,,,,,,AAR,,,,,OSL,,,,2025-10-14T23:59:59Z,2025-05-15T09:00:00Z,destination=AAR&origin=OSL&endRange=2025-10-14T23:59:59Z&startRange=2025-05-15T09:00:00Z,1.0,90.0,1.0,100,<Response [200]>,2025-11-02T13:40:56.004722,
,,,,,,ABZ,,,,,AMS,,,,2025-10-14T23:59:59Z,2025-05-15T09:00:00Z,destination=ABZ&origin=AMS&endRange=2025-10-14T23:59:59Z&startRange=2025-05-15T09:00:00Z,8.0,763.0,8.0,100,<Response [200]>,2025-11-02T13:40:56.028850,
,,,,,,ABZ,,,,,BGO,,,,2025-10-14T23:59:59Z,2025-05-15T09:00:00Z,destination=ABZ&origin=BGO&endRange=2025-10-14T23:59:59Z&startRange=2025-05-15T09:00:00Z,2.0,131.0,2.0,100,<Response [200]>,2025-11-02T13:40:56.050451,
,,,,,,ACE,,,,,AMS,,,,2025-10-14T23:59:59Z,2025-05-15T09:00:00Z,destination=ACE&origin=AMS&endRange=2025-10-14T23:59:59Z&startRange=2025-05-15T09:00:00Z,2.0,108.0,2.0,100,<Response [200]>,2025-11-02T13:40:56.071897,
,,,,,,ACE,,,,,CDG,,,,2025-10-14T23:59:59Z,2025-05-15T09:00:00Z,destination=ACE&origin=CDG&endRange=2025-10-14T23:59:59Z&startRange=2025-05-15T09:00:00Z,1.0,97.0,1.0,100,<Response [200]>,2025-11-02T13:40:56.092352,
,,,,,,ACE,,,,,MAD,,,,2025-10-14T23:59:59Z,2025-05-15T09:00:00Z,destination=ACE&origin=MAD&endRange=2025-10-14T23:59:59Z&startRange=2025-05-15T09:00:00Z,1.0,72.0,1.0,100,<Response [200]>,2025-11-02T13:40:56.113800,
,,,,,,ACE,,,,,ORY,,,,2025-10-14T23:59:59Z,2025-05-15T09:00:00Z,destination=ACE&origin=ORY&endRange=2025-10-14T23:59:59Z&startRange=2025-05-15T09:00:00Z,2.0,102.0,2.0,100,<Response [200]>,2025-11-02T13:40:56.135576,
,,,,,,AES,,,,,AMS,,,,2025-10-14T23:59:59Z,2025-05-15T09:00:00Z,destination=AES&origin=AMS&endRange=2025-10-14T23:59:59Z&startRange=2025-05-15T09:00:00Z,4.0,306.0,4.0,100,<Response [200]>,2025-11-02T13:40:56.157319,
,,,,,,AES,,,,,BGO,,,,2025-10-14T23:59:59Z,2025-05-15T09:00:00Z,destination=AES&origin=BGO&endRange=2025-10-14T23:59:59Z&startRange=2025-05-15T09:00:00Z,5.0,448.0,5.0,100,<Response [200]>,2025-11-02T13:40:56.183428,
,,,,,,AES,,,,,CPH,,,,2025-10-14T23:59:59Z,2025-05-15T09:00:00Z,destination=AES&origin=CPH&endRange=2025-10-14T23:59:59Z&startRange=2025-05-15T09:00:00Z,1.0,54.0,1.0,100,<Response [200]>,2025-11-02T13:40:56.203954,
,,,,,,AES,,,,,OSL,,,,2025-10-14T23:59:59Z,2025-05-15T09:00:00Z,destination=AES&origin=OSL&endRange=2025-10-14T23:59:59Z&startRange=2025-05-15T09:00:00Z,4.0,376.0,4.0,100,<Response [200]>,2025-11-02T13:40:56.228762,
,,,,,,AES,,,,,TRD,,,,2025-10-14T23:59:59Z,2025-05-15T09:00:00Z,destination=AES&origin=TRD&endRange=2025-10-14T23:59:59Z&startRange=2025-05-15T09:00:00Z,2.0,165.0,2.0,100,<Response [200]>,2025-11-02T13:40:56.251883,
,,,,,,AEY,,,,,AMS,,,,2025-10-14T23:59:59Z,2025-05-15T09:00:00Z,destination=AEY&origin=AMS&endRange=2025-10-14T23:59:59Z&startRange=2025-05-15T09:00:00Z,1.0,11.0,1.0,100,<Response [200]>,2025-11-02T13:40:56.273582,
,,,,,,AGP,,,,,AMS,,,,2025-10-14T23:59:59Z,2025-05-15T09:00:00Z,destination=AGP&origin=AMS&endRange=2025-10-14T23:59:59Z&startRange=2025-05-15T09:00:00Z,16.0,1591.0,16.0,100,<Response [200]>,2025-11-02T13:40:56.302749,
,,,,,,AGP,,,,,CDG,,,,2025-10-14T23:59:59Z,2025-05-15T09:00:00Z,destination=AGP&origin=CDG&endRange=2025-10-14T23:59:59Z&startRange=2025-05-15T09:00:00Z,6.0,514.0,6.0,100,<Response [200]>,2025-11-02T13:40:56.325381,
,,,,,,AGP,,,,,LYS,,,,2025-10-14T23:59:59Z,2025-05-15T09:00:00Z,destination=AGP&origin=LYS&endRange=2025-10-14T23:59:59Z&startRange=2025-05-15T09:00:00Z,1.0,43.0,1.0,100,<Response [200]>,2025-11-02T13:40:56.346556,
,,,,,,AGP,,,,,ORY,,,,2025-10-14T23:59:59Z,2025-05-15T09:00:00Z,destination=AGP&origin=ORY&endRange=2025-10-14T23:59:59Z&startRange=2025-05-15T09:00:00Z,9.0,876.0,9.0,100,<Response [200]>,2025-11-02T13:40:56.371535,
,,,,,,AHO,,,,,CDG,,,,2025-10-14T23:59:59Z,2025-05-15T09:00:00Z,destination=AHO&origin=CDG&endRange=2025-10-14T23:59:59Z&startRange=2025-05-15T09:00:00Z,1.0,5.0,1.0,100,<Response [200]>,2025-11-02T13:40:56.394762,
,,,,,,AHO,,,,,FCO,,,,2025-10-14T23:59:59Z,2025-05-15T09:00:00Z,destination=AHO&origin=FCO&endRange=2025-10-14T23:59:59Z&startRange=2025-05-15T09:00:00Z,5.0,483.0,5.0,100,<Response [200]>,2025-11-02T13:40:56.419588,
,,,,,,AHO,,,,,LIN,,,,2025-10-14T23:59:59Z,2025-05-15T09:00:00Z,destination=AHO&origin=LIN&endRange=2025-10-14T23:59:59Z&startRange=2025-05-15T09:00:00Z,4.0,334.0,4.0,100,<Response [200]>,2025-11-02T13:40:56.446803,
,,,,,,AHO,,,,,ORY,,,,2025-10-14T23:59:59Z,2025-05-15T09:00:00Z,destination=AHO&origin=ORY&endRange=2025-10-14T23:59:59Z&startRange=2025-05-15T09:00:00Z,1.0,44.0,1.0,100,<Response [200]>,2025-11-02T13:40:56.468350,
,,,,,,AJA,,,,,CDG,,,,2025-10-14T23:59:59Z,2025-05-15T09:00:00Z,destination=AJA&origin=CDG&endRange=2025-10-14T23:59:59Z&startRange=2025-05-15T09:00:00Z,2.0,157.0,2.0,100,<Response [200]>,2025-11-02T13:40:56.492718,
,,,,,,AJA,,,,,FCO,,,,2025-10-14T23:59:59Z,2025-05-15T09:00:00Z,destination=AJA&origin=FCO&endRange=2025-10-14T23:59:59Z&startRange=2025-05-15T09:00:00Z,1.0,45.0,1.0,100,<Response [200]>,2025-11-02T13:40:56.514967,
,,,,,,AJA,,,,,LYS,,,,2025-10-14T23:59:59Z,2025-05-15T09:00:00Z,destination=AJA&origin=LYS&endRange=2025-10-14T23:59:59Z&startRange=2025-05-15T09:00:00Z,2.0,158.0,2.0,100,<Response [200]>,2025-11-02T13:40:56.536762,
,,,,,,AJA,,,,,MRS,,,,2025-10-14T23:59:59Z,2025-05-15T09:00:00Z,destination=AJA&origin=MRS&endRange=2025-10-14T23:59:59Z&startRange=2025-05-15T09:00:00Z,5.0,483.0,5.0,100,<Response [200]>,2025-11-02T13:40:56.559223,
,,,,,,AJA,,,,,NCE,,,,2025-10-14T23:59:59Z,2025-05-15T09:00:00Z,destination=AJA&origin=NCE&endRange=2025-10-14T23:59:59Z&startRange=2025-05-15T09:00:00Z,5.0,466.0,5.0,100,<Response [200]>,2025-11-02T13:40:56.583091,
,,,,,,AJA,,,,,ORY,,,,2025-10-14T23:59:59Z,2025-05-15T09:00:00Z,destination=AJA&origin=ORY&endRange=2025-10-14T23:59:59Z&startRange=2025-05-15T09:00:00Z,9.0,851.0,9.0,100,<Response [200]>,2025-11-02T13:40:56.607500,
,,,,,,AJA,,,,,TLS,,,,2025-10-14T23:59:59Z,2025-05-15T09:00:00Z,destination=AJA&origin=TLS&endRange=2025-10-14T23:59:59Z&startRange=2025-05-15T09:00:00Z,1.0,90.0,1.0,100,<Response [200]>,2025-11-02T13:40:56.628062,
,,,,,,ALC,,,,,AMS,,,,2025-10-14T23:59:59Z,2025-05-15T09:00:00Z,destination=ALC&origin=AMS&endRange=2025-10-14T23:59:59Z&startRange=2025-05-15T09:00:00Z,10.0,905.0,10.0,100,<Response [200]>,2025-11-02T13:40:56.655056,
,,,,,,ALC,,,,,MAD,,,,2025-10-14T23:59:59Z,2025-05-15T09:00:00Z,destination=ALC&origin=MAD&endRange=2025-10-14T23:59:59Z&startRange=2025-05-15T09:00:00Z,1.0,20.0,1.0,100,<Response [200]>,2025-11-02T13:40:56.677562,
,,,,,,ALC,,,,,ORY,,,,2025-10-14T23:59:59Z,2025-05-15T09:00:00Z,destination=ALC&origin=ORY&endRange=2025-10-14T23:59:59Z&startRange=2025-05-15T09:00:00Z,7.0,677.0,7.0,100,<Response [200]>,2025-11-02T13:40:56.704155,
,,,,,,AMS,,,,,AAL,,,,2025-10-14T23:59:59Z,2025-05-15T09:00:00Z,destination=AMS&origin=AAL&endRange=2025-10-14T23:59:59Z&startRange=2025-05-15T09:00:00Z,6.0,600.0,6.0,100,<Response [200]>,2025-11-02T13:40:56.728371,
,,,,,,AMS,,,,,ABZ,,,,2025-10-14T23:59:59Z,2025-05-15T09:00:00Z,destination=AMS&origin=ABZ&endRange=2025-10-14T23:59:59Z&startRange=2025-05-15T09:00:00Z,8.0,761.0,8.0,100,<Response [200]>,2025-11-02T13:40:56.758650,
,,,,,,AMS,,,,,ACE,,,,2025-10-14T23:59:59Z,2025-05-15T09:00:00Z,destination=AMS&origin=ACE&endRange=2025-10-14T23:59:59Z&startRange=2025-05-15T09:00:00Z,2.0,109.0,2.0,100,<Response [200]>,2025-11-02T13:40:56.782066,
,,,,,,AMS,,,,,AES,,,,2025-10-14T23:59:59Z,2025-05-15T09:00:00Z,destination=AMS&origin=AES&endRange=2025-10-14T23:59:59Z&startRange=2025-05-15T09:00:00Z,4.0,305.0,4.0,100,<Response [200]>,2025-11-02T13:40:56.807763,
,,,,,,AMS,,,,,AEY,,,,2025-10-14T23:59:59Z,2025-05-15T09:00:00Z,destination=AMS&origin=AEY&endRange=2025-10-14T23:59:59Z&startRange=2025-05-15T09:00:00Z,1.0,11.0,1.0,100,<Response [200]>,2025-11-02T13:40:56.828395,
,,,,,,AMS,,,,,AGP,,,,2025-10-14T23:59:59Z,2025-05-15T09:00:00Z,destination=AMS&origin=AGP&endRange=2025-10-14T23:59:59Z&startRange=2025-05-15T09:00:00Z,17.0,1633.0,17.0,100,<Response [200]>,2025-11-02T13:40:56.856997,
,,,,,,AMS,,,,,AOK,,,,2025-10-14T23:59:59Z,2025-05-15T09:00:00Z,destination=AMS&origin=AOK&endRange=2025-10-14T23:59:59Z&startRange=2025-05-15T09:00:00Z,2.0,108.0,2.0,100,<Response [200]>,2025-11-02T13:40:56.878750,
,,,,,,AMS,,,,,ARN,,,,2025-10-14T23:59:59Z,2025-05-15T09:00:00Z,destination=AMS&origin=ARN&endRange=2025-10-14T23:59:59Z&startRange=2025-05-15T09:00:00Z,14.0,1377.0,14.0,100,<Response [200]>,2025-11-02T13:40:56.906755,
,,,,,,AMS,,,,,ATH,,,,2025-10-14T23:59:59Z,2025-05-15T09:00:00Z,destination=AMS&origin=ATH&endRange=2025-10-14T23:59:59Z&startRange=2025-05-15T09:00:00Z,10.0,917.0,10.0,100,<Response [200]>,2025-11-02T13:40:56.935960,
,,,,,,AMS,,,,,BCN,,,,2025-10-14T23:59:59Z,2025-05-15T09:00:00Z,destination=AMS&origin=BCN&endRange=2025-10-14T23:59:59Z&startRange=2025-05-15T09:00:00Z,24.0,2341.0,24.0,100,<Response [200]>,2025-11-02T13:40:56.971320,
,,,,,,AMS,,,,,BEG,,,,2025-10-14T23:59:59Z,2025-05-15T09:00:00Z,destination=AMS&origin=BEG&endRange=2025-10-14T23:59:59Z&startRange=2025-05-15T09:00:00Z,5.0,499.0,5.0,100,<Response [200]>,2025-11-02T13:40:56.994797,
,,,,,,AMS,,,,,BER,,,,2025-10-14T23:59:59Z,2025-05-15T09:00:00Z,destination=AMS&origin=BER&endRange=2025-10-14T23:59:59Z&startRange=2025-05-15T09:00:00Z,13.0,1246.0,13.0,100,<Response [200]>,2025-11-02T13:40:57.020393,
,,,,,,AMS,,,,,BFS,,,,2025-10-14T23:59:59Z,2025-05-15T09:00:00Z,destination=AMS&origin=BFS&endRange=2025-10-14T23:59:59Z&startRange=2025-05-15T09:00:00Z,2.0,106.0,2.0,100,<Response [200]>,2025-11-02T13:40:57.042623,
,,,,,,AMS,,,,,BGO,,,,2025-10-14T23:59:59Z,2025-05-15T09:00:00Z,destination=AMS&origin=BGO&endRange=2025-10-14T23:59:59Z&startRange=2025-05-15T09:00:00Z,7.0,619.0,7.0,100,<Response [200]>,2025-11-02T13:40:57.067450,
,,,,,,AMS,,,,,BHD,,,,2025-10-14T23:59:59Z,2025-05-15T09:00:00Z,destination=AMS&origin=BHD&endRange=2025-10-14T23:59:59Z&startRange=2025-05-15T09:00:00Z,4.0,304.0,4.0,100,<Response [200]>,2025-11-02T13:40:57.091011,
,,,,,,AMS,,,,,BHX,,,,2025-10-14T23:59:59Z,2025-05-15T09:00:00Z,destination=AMS&origin=BHX&endRange=2025-10-14T23:59:59Z&startRange=2025-05-15T09:00:00Z,10.0,949.0,10.0,100,<Response [200]>,2025-11-02T13:40:57.119330,
,,,,,,AMS,,,,,BIO,,,,2025-10-14T23:59:59Z,2025-05-15T09:00:00Z,destination=AMS&origin=BIO&endRange=2025-10-14T23:59:59Z&startRange=2025-05-15T09:00:00Z,6.0,589.0,6.0,100,<Response [200]>,2025-11-02T13:40:57.142847,
,,,,,,AMS,,,,,BIQ,,,,2025-10-14T23:59:59Z,2025-05-15T09:00:00Z,destination=AMS&origin=BIQ&endRange=2025-10-14T23:59:59Z&startRange=2025-05-15T09:00:00Z,1.0,83.0,1.0,100,<Response [200]>,2025-11-02T13:40:57.163945,
,,,,,,AMS,,,,,BLL,,,,2025-10-14T23:59:59Z,2025-05-15T09:00:00Z,destination=AMS&origin=BLL&endRange=2025-10-14T23:59:59Z&startRange=2025-05-15T09:00:00Z,9.0,833.0,9.0,100,<Response [200]>,2025-11-02T13:40:57.189606,
,,,,,,AMS,,,,,BLQ,,,,2025-10-14T23:59:59Z,2025-05-15T09:00:00Z,destination=AMS&origin=BLQ&endRange=2025-10-14T23:59:59Z&startRange=2025-05-15T09:00:00Z,6.0,553.0,6.0,100,<Response [200]>,2025-11-02T13:40:57.214699,
,,,,,,AMS,,,,,BOD,,,,2025-10-14T23:59:59Z,2025-05-15T09:00:00Z,destination=AMS&origin=BOD&endRange=2025-10-14T23:59:59Z&startRange=2025-05-15T09:00:00Z,6.0,508.0,6.0,100,<Response [200]>,2025-11-02T13:40:57.241667,
,,,,,,AMS,,,,,BOJ,,,,2025-10-14T23:59:59Z,2025-05-15T09:00:00Z,destination=AMS&origin=BOJ&endRange=2025-10-14T23:59:59Z&startRange=2025-05-15T09:00:00Z,1.0,52.0,1.0,100,<Response [200]>,2025-11-02T13:40:57.263670,
,,,,,,AMS,,,,,BRE,,,,2025-10-14T23:59:59Z,2025-05-15T09:00:00Z,destination=AMS&origin=BRE&endRange=2025-10-14T23:59:59Z&startRange=2025-05-15T09:00:00Z,6.0,586.0,6.0,100,<Response [200]>,2025-11-02T13:40:57.287021,
,,,,,,AMS,,,,,BRI,,,,2025-10-14T23:59:59Z,2025-05-15T09:00:00Z,destination=AMS&origin=BRI&endRange=2025-10-14T23:59:59Z&startRange=2025-05-15T09:00:00Z,2.0,189.0,2.0,100,<Response [200]>,2025-11-02T13:40:57.309072,
,,,,,,AMS,,,,,BRS,,,,2025-10-14T23:59:59Z,2025-05-15T09:00:00Z,destination=AMS&origin=BRS&endRange=2025-10-14T23:59:59Z&startRange=2025-05-15T09:00:00Z,10.0,981.0,10.0,100,<Response [200]>,2025-11-02T13:40:57.335389,
,,,,,,AMS,,,,,BRU,,,,2025-10-14T23:59:59Z,2025-05-15T09:00:00Z,destination=AMS&origin=BRU&endRange=2025-10-14T23:59:59Z&startRange=2025-05-15T09:00:00Z,7.0,602.0,7.0,100,<Response [200]>,2025-11-02T13:40:57.360962,
,,,,,,AMS,,,,,BSL,,,,2025-10-14T23:59:59Z,2025-05-15T09:00:00Z,destination=AMS&origin=BSL&endRange=2025-10-14T23:59:59Z&startRange=2025-05-15T09:00:00Z,8.0,720.0,8.0,100,<Response [200]>,2025-11-02T13:40:57.388654,
,,,,,,AMS,,,,,BUD,,,,2025-10-14T23:59:59Z,2025-05-15T09:00:00Z,destination=AMS&origin=BUD&endRange=2025-10-14T23:59:59Z&startRange=2025-05-15T09:00:00Z,8.0,766.0,8.0,100,<Response [200]>,2025-11-02T13:40:57.419442,
,,,,,,AMS,,,,,CAG,,,,2025-10-14T23:59:59Z,2025-05-15T09:00:00Z,destination=AMS&origin=CAG&endRange=2025-10-14T23:59:59Z&startRange=2025-05-15T09:00:00Z,1.0,93.0,1.0,100,<Response [200]>,2025-11-02T13:40:57.442487,
,,,,,,AMS,,,,,CDG,,,,2025-10-14T23:59:59Z,2025-05-15T09:00:00Z,destination=AMS&origin=CDG&endRange=2025-10-14T23:59:59Z&startRange=2025-05-15T09:00:00Z,22.0,2159.0,22.0,100,<Response [200]>,2025-11-02T13:40:57.475555,
,,,,,,AMS,,,,,CFU,,,,2025-10-14T23:59:59Z,2025-05-15T09:00:00Z,destination=AMS&origin=CFU&endRange=2025-10-14T23:59:59Z&startRange=2025-05-15T09:00:00Z,2.0,186.0,2.0,100,<Response [200]>,2025-11-02T13:40:57.500007,
,,,,,,AMS,,,,,CHQ,,,,2025-10-14T23:59:59Z,2025-05-15T09:00:00Z,destination=AMS&origin=CHQ&endRange=2025-10-14T23:59:59Z&startRange=2025-05-15T09:00:00Z,2.0,133.0,2.0,100,<Response [200]>,2025-11-02T13:40:57.522459,
,,,,,,AMS,,,,,CPH,,,,2025-10-14T23:59:59Z,2025-05-15T09:00:00Z,destination=AMS&origin=CPH&endRange=2025-10-14T23:59:59Z&startRange=2025-05-15T09:00:00Z,21.0,2008.0,21.0,100,<Response [200]>,2025-11-02T13:40:57.553436,
,,,,,,AMS,,,,,CTA,,,,2025-10-14T23:59:59Z,2025-05-15T09:00:00Z,destination=AMS&origin=CTA&endRange=2025-10-14T23:59:59Z&startRange=2025-05-15T09:00:00Z,3.0,257.0,3.0,100,<Response [200]>,2025-11-02T13:40:57.576136,
,,,,,,AMS,,,,,CWL,,,,2025-10-14T23:59:59Z,2025-05-15T09:00:00Z,destination=AMS&origin=CWL&endRange=2025-10-14T23:59:59Z&startRange=2025-05-15T09:00:00Z,5.0,473.0,5.0,100,<Response [200]>,2025-11-02T13:40:57.599817,
,,,,,,AMS,,,,,DBV,,,,2025-10-14T23:59:59Z,2025-05-15T09:00:00Z,destination=AMS&origin=DBV&endRange=2025-10-14T23:59:59Z&startRange=2025-05-15T09:00:00Z,3.0,228.0,3.0,100,<Response [200]>,2025-11-02T13:40:57.621812,
,,,,,,AMS,,,,,DUB,,,,2025-10-14T23:59:59Z,2025-05-15T09:00:00Z,destination=AMS&origin=DUB&endRange=2025-10-14T23:59:59Z&startRange=2025-05-15T09:00:00Z,21.0,2056.0,21.0,100,<Response [200]>,2025-11-02T13:40:57.652296,
,,,,,,AMS,,,,,DUS,,,,2025-10-14T23:59:59Z,2025-05-15T09:00:00Z,destination=AMS&origin=DUS&endRange=2025-10-14T23:59:59Z&startRange=2025-05-15T09:00:00Z,8.0,761.0,8.0,100,<Response [200]>,2025-11-02T13:40:57.677444,
,,,,,,AMS,,,,,EDI,,,,2025-10-14T23:59:59Z,2025-05-15T09:00:00Z,destination=AMS&origin=EDI&endRange=2025-10-14T23:59:59Z&startRange=2025-05-15T09:00:00Z,12.0,1120.0,12.0,100,<Response [200]>,2025-11-02T13:40:57.707485,
,,,,,,AMS,,,,,EFL,,,,2025-10-14T23:59:59Z,2025-05-15T09:00:00Z,destination=AMS&origin=EFL&endRange=2025-10-14T23:59:59Z&startRange=2025-05-15T09:00:00Z,2.0,113.0,2.0,100,<Response [200]>,2025-11-02T13:40:57.729323,
,,,,,,AMS,,,,,EXT,,,,2025-10-14T23:59:59Z,2025-05-15T09:00:00Z,destination=AMS&origin=EXT&endRange=2025-10-14T23:59:59Z&startRange=2025-05-15T09:00:00Z,2.0,153.0,2.0,100,<Response [200]>,2025-11-02T13:40:57.753294,
,,,,,,AMS,,,,,FAO,,,,2025-10-14T23:59:59Z,2025-05-15T09:00:00Z,destination=AMS&origin=FAO&endRange=2025-10-14T23:59:59Z&startRange=2025-05-15T09:00:00Z,6.0,534.0,6.0,100,<Response [200]>,2025-11-02T13:40:57.779557,
,,,,,,AMS,,,,,FCO,,,,2025-10-14T23:59:59Z,2025-05-15T09:00:00Z,destination=AMS&origin=FCO&endRange=2025-10-14T23:59:59Z&startRange=2025-05-15T09:00:00Z,11.0,1066.0,11.0,100,<Response [200]>,2025-11-02T13:40:57.809194,
,,,,,,AMS,,,,,FLR,,,,2025-10-14T23:59:59Z,2025-05-15T09:00:00Z,destination=AMS&origin=FLR&endRange=2025-10-14T23:59:59Z&startRange=2025-05-15T09:00:00Z,8.0,761.0,8.0,100,<Response [200]>,2025-11-02T13:40:57.836518,
,,,,,,AMS,,,,,FRA,,,,2025-10-14T23:59:59Z,2025-05-15T09:00:00Z,destination=AMS&origin=FRA&endRange=2025-10-14T23:59:59Z&startRange=2025-05-15T09:00:00Z,18.0,1730.0,18.0,100,<Response [200]>,2025-11-02T13:40:57.867598,
,,,,,,AMS,,,,,FUE,,,,2025-10-14T23:59:59Z,2025-05-15T09:00:00Z,destination=AMS&origin=FUE&endRange=2025-10-14T23:59:59Z&startRange=2025-05-15T09:00:00Z,2.0,163.0,2.0,100,<Response [200]>,2025-11-02T13:40:57.890687,
,,,,,,AMS,,,,,GDN,,,,2025-10-14T23:59:59Z,2025-05-15T09:00:00Z,destination=AMS&origin=GDN&endRange=2025-10-14T23:59:59Z&startRange=2025-05-15T09:00:00Z,6.0,591.0,6.0,100,<Response [200]>,2025-11-02T13:40:57.915604,
,,,,,,AMS,,,,,GLA,,,,2025-10-14T23:59:59Z,2025-05-15T09:00:00Z,destination=AMS&origin=GLA&endRange=2025-10-14T23:59:59Z&startRange=2025-05-15T09:00:00Z,8.0,724.0,8.0,100,<Response [200]>,2025-11-02T13:40:57.940957,
,,,,,,AMS,,,,,GOA,,,,2025-10-14T23:59:59Z,2025-05-15T09:00:00Z,destination=AMS&origin=GOA&endRange=2025-10-14T23:59:59Z&startRange=2025-05-15T09:00:00Z,4.0,347.0,4.0,100,<Response [200]>,2025-11-02T13:40:57.963846,
,,,,,,AMS,,,,,GOT,,,,2025-10-14T23:59:59Z,2025-05-15T09:00:00Z,destination=AMS&origin=GOT&endRange=2025-10-14T23:59:59Z&startRange=2025-05-15T09:00:00Z,8.0,762.0,8.0,100,<Response [200]>,2025-11-02T13:40:57.989771,
,,,,,,AMS,,,,,GRO,,,,2025-10-14T23:59:59Z,2025-05-15T09:00:00Z,destination=AMS&origin=GRO&endRange=2025-10-14T23:59:59Z&startRange=2025-05-15T09:00:00Z,2.0,141.0,2.0,100,<Response [200]>,2025-11-02T13:40:58.012125,
,,,,,,AMS,,,,,GRX,,,,2025-10-14T23:59:59Z,2025-05-15T09:00:00Z,destination=AMS&origin=GRX&endRange=2025-10-14T23:59:59Z&startRange=2025-05-15T09:00:00Z,1.0,87.0,1.0,100,<Response [200]>,2025-11-02T13:40:58.034127,
,,,,,,AMS,,,,,GVA,,,,2025-10-14T23:59:59Z,2025-05-15T09:00:00Z,destination=AMS&origin=GVA&endRange=2025-10-14T23:59:59Z&startRange=2025-05-15T09:00:00Z,11.0,1061.0,11.0,100,<Response [200]>,2025-11-02T13:40:58.059612,
,,,,,,AMS,,,,,HAJ,,,,2025-10-14T23:59:59Z,2025-05-15T09:00:00Z,destination=AMS&origin=HAJ&endRange=2025-10-14T23:59:59Z&startRange=2025-05-15T09:00:00Z,6.0,537.0,6.0,100,<Response [200]>,2025-11-02T13:40:58.082442,
,,,,,,AMS,,,,,HAM,,,,2025-10-14T23:59:59Z,2025-05-15T09:00:00Z,destination=AMS&origin=HAM&endRange=2025-10-14T23:59:59Z&startRange=2025-05-15T09:00:00Z,8.0,765.0,8.0,100,<Response [200]>,2025-11-02T13:40:58.106935,
,,,,,,AMS,,,,,HEL,,,,2025-10-14T23:59:59Z,2025-05-15T09:00:00Z,destination=AMS&origin=HEL&endRange=2025-10-14T23:59:59Z&startRange=2025-05-15T09:00:00Z,8.0,765.0,8.0,100,<Response [200]>,2025-11-02T13:40:58.130310,
,,,,,,AMS,,,,,HER,,,,2025-10-14T23:59:59Z,2025-05-15T09:00:00Z,destination=AMS&origin=HER&endRange=2025-10-14T23:59:59Z&startRange=2025-05-15T09:00:00Z,6.0,539.0,6.0,100,<Response [200]>,2025-11-02T13:40:58.153333,
,,,,,,AMS,,,,,HUY,,,,2025-10-14T23:59:59Z,2025-05-15T09:00:00Z,destination=AMS&origin=HUY&endRange=2025-10-14T23:59:59Z&startRange=2025-05-15T09:00:00Z,5.0,457.0,5.0,100,<Response [200]>,2025-11-02T13:40:58.176448,
,,,,,,AMS,,,,,IBZ,,,,2025-10-14T23:59:59Z,2025-05-15T09:00:00Z,destination=AMS&origin=IBZ&endRange=2025-10-14T23:59:59Z&startRange=2025-05-15T09:00:00Z,8.0,734.0,8.0,100,<Response [200]>,2025-11-02T13:40:58.203119,
,,,,,,AMS,,,,,INN,,,,2025-10-14T23:59:59Z,2025-05-15T09:00:00Z,destination=AMS&origin=INN&endRange=2025-10-14T23:59:59Z&startRange=2025-05-15T09:00:00Z,1.0,43.0,1.0,100,<Response [200]>,2025-11-02T13:40:58.224894,
,,,,,,AMS,,,,,INV,,,,2025-10-14T23:59:59Z,2025-05-15T09:00:00Z,destination=AMS&origin=INV&endRange=2025-10-14T23:59:59Z&startRange=2025-05-15T09:00:00Z,4.0,375.0,4.0,100,<Response [200]>,2025-11-02T13:40:58.248098,
,,,,,,AMS,,,,,JMK,,,,2025-10-14T23:59:59Z,2025-05-15T09:00:00Z,destination=AMS&origin=JMK&endRange=2025-10-14T23:59:59Z&startRange=2025-05-15T09:00:00Z,1.0,44.0,1.0,100,<Response [200]>,2025-11-02T13:40:58.270291,
,,,,,,AMS,,,,,JTR,,,,2025-10-14T23:59:59Z,2025-05-15T09:00:00Z,destination=AMS&origin=JTR&endRange=2025-10-14T23:59:59Z&startRange=2025-05-15T09:00:00Z,1.0,64.0,1.0,100,<Response [200]>,2025-11-02T13:40:58.292174,
,,,,,,AMS,,,,,KEF,,,,2025-10-14T23:59:59Z,2025-05-15T09:00:00Z,destination=AMS&origin=KEF&endRange=2025-10-14T23:59:59Z&startRange=2025-05-15T09:00:00Z,6.0,569.0,6.0,100,<Response [200]>,2025-11-02T13:40:58.316161,
,,,,,,AMS,,,,,KGS,,,,2025-10-14T23:59:59Z,2025-05-15T09:00:00Z,destination=AMS&origin=KGS&endRange=2025-10-14T23:59:59Z&startRange=2025-05-15T09:00:00Z,4.0,367.0,4.0,100,<Response [200]>,2025-11-02T13:40:58.339574,
,,,,,,AMS,,,,,KLX,,,,2025-10-14T23:59:59Z,2025-05-15T09:00:00Z,destination=AMS&origin=KLX&endRange=2025-10-14T23:59:59Z&startRange=2025-05-15T09:00:00Z,1.0,64.0,1.0,100,<Response [200]>,2025-11-02T13:40:58.359963,
,,,,,,AMS,,,,,KRK,,,,2025-10-14T23:59:59Z,2025-05-15T09:00:00Z,destination=AMS&origin=KRK&endRange=2025-10-14T23:59:59Z&startRange=2025-05-15T09:00:00Z,9.0,806.0,9.0,100,<Response [200]>,2025-11-02T13:40:58.385501,
,,,,,,AMS,,,,,KRS,,,,2025-10-14T23:59:59Z,2025-05-15T09:00:00Z,destination=AMS&origin=KRS&endRange=2025-10-14T23:59:59Z&startRange=2025-05-15T09:00:00Z,4.0,384.0,4.0,100,<Response [200]>,2025-11-02T13:40:58.407657,
,,,,,,AMS,,,,,LBA,,,,2025-10-14T23:59:59Z,2025-05-15T09:00:00Z,destination=AMS&origin=LBA&endRange=2025-10-14T23:59:59Z&startRange=2025-05-15T09:00:00Z,5.0,456.0,5.0,100,<Response [200]>,2025-11-02T13:40:58.431017,
,,,,,,AMS,,,,,LCY,,,,2025-10-14T23:59:59Z,2025-05-15T09:00:00Z,destination=AMS&origin=LCY&endRange=2025-10-14T23:59:59Z&startRange=2025-05-15T09:00:00Z,17.0,1632.0,17.0,100,<Response [200]>,2025-11-02T13:40:58.462137,
,,,,,,AMS,,,,,LGW,,,,2025-10-14T23:59:59Z,2025-05-15T09:00:00Z,destination=AMS&origin=LGW&endRange=2025-10-14T23:59:59Z&startRange=2025-05-15T09:00:00Z,8.0,760.0,8.0,100,<Response [200]>,2025-11-02T13:40:58.486678,
,,,,,,AMS,,,,,LHR,,,,2025-10-14T23:59:59Z,2025-05-15T09:00:00Z,destination=AMS&origin=LHR&endRange=2025-10-14T23:59:59Z&startRange=2025-05-15T09:00:00Z,24.0,2353.0,24.0,100,<Response [200]>,2025-11-02T13:40:58.520115,
,,,,,,AMS,,,,,LIL,,,,2025-10-14T23:59:59Z,2025-05-15T09:00:00Z,destination=AMS&origin=LIL&endRange=2025-10-14T23:59:59Z&startRange=2025-05-15T09:00:00Z,1.0,1.0,1.0,100,<Response [200]>,2025-11-02T13:40:58.544226,
,,,,,,AMS,,,,,LIN,,,,2025-10-14T23:59:59Z,2025-05-15T09:00:00Z,destination=AMS&origin=LIN&endRange=2025-10-14T23:59:59Z&startRange=2025-05-15T09:00:00Z,16.0,1538.0,16.0,100,<Response [200]>,2025-11-02T13:40:58.574659,
,,,,,,AMS,,,,,LIS,,,,2025-10-14T23:59:59Z,2025-05-15T09:00:00Z,destination=AMS&origin=LIS&endRange=2025-10-14T23:59:59Z&startRange=2025-05-15T09:00:00Z,15.0,1429.0,15.0,100,<Response [200]>,2025-11-02T13:40:58.604387,
,,,,,,AMS,,,,,LJU,,,,2025-10-14T23:59:59Z,2025-05-15T09:00:00Z,destination=AMS&origin=LJU&endRange=2025-10-14T23:59:59Z&startRange=2025-05-15T09:00:00Z,3.0,232.0,3.0,100,<Response [200]>,2025-11-02T13:40:58.626558,
,,,,,,AMS,,,,,LPA,,,,2025-10-14T23:59:59Z,2025-05-15T09:00:00Z,destination=AMS&origin=LPA&endRange=2025-10-14T23:59:59Z&startRange=2025-05-15T09:00:00Z,5.0,448.0,5.0,100,<Response [200]>,2025-11-02T13:40:58.649144,
,,,,,,AMS,,,,,LPL,,,,2025-10-14T23:59:59Z,2025-05-15T09:00:00Z,destination=AMS&origin=LPL&endRange=2025-10-14T23:59:59Z&startRange=2025-05-15T09:00:00Z,2.0,133.0,2.0,100,<Response [200]>,2025-11-02T13:40:58.670875,
,,,,,,AMS,,,,,LTN,,,,2025-10-14T23:59:59Z,2025-05-15T09:00:00Z,destination=AMS&origin=LTN&endRange=2025-10-14T23:59:59Z&startRange=2025-05-15T09:00:00Z,7.0,634.0,7.0,100,<Response [200]>,2025-11-02T13:40:58.697554,
,,,,,,AMS,,,,,LUX,,,,2025-10-14T23:59:59Z,2025-05-15T09:00:00Z,destination=AMS&origin=LUX&endRange=2025-10-14T23:59:59Z&startRange=2025-05-15T09:00:00Z,6.0,518.0,6.0,100,<Response [200]>,2025-11-02T13:40:58.722883,
,,,,,,AMS,,,,,LYS,,,,2025-10-14T23:59:59Z,2025-05-15T09:00:00Z,destination=AMS&origin=LYS&endRange=2025-10-14T23:59:59Z&startRange=2025-05-15T09:00:00Z,11.0,1068.0,11.0,100,<Response [200]>,2025-11-02T13:40:58.751981,
,,,,,,AMS,,,,,MAD,,,,2025-10-14T23:59:59Z,2025-05-15T09:00:00Z,destination=AMS&origin=MAD&endRange=2025-10-14T23:59:59Z&startRange=2025-05-15T09:00:00Z,17.0,1693.0,17.0,100,<Response [200]>,2025-11-02T13:40:58.784720,
,,,,,,AMS,,,,,MAH,,,,2025-10-14T23:59:59Z,2025-05-15T09:00:00Z,destination=AMS&origin=MAH&endRange=2025-10-14T23:59:59Z&startRange=2025-05-15T09:00:00Z,1.0,67.0,1.0,100,<Response [200]>,2025-11-02T13:40:58.807941,
,,,,,,AMS,,,,,MAN,,,,2025-10-14T23:59:59Z,2025-05-15T09:00:00Z,destination=AMS&origin=MAN&endRange=2025-10-14T23:59:59Z&startRange=2025-05-15T09:00:00Z,17.0,1631.0,17.0,100,<Response [200]>,2025-11-02T13:40:58.835858,
,,,,,,AMS,,,,,MJT,,,,2025-10-14T23:59:59Z,2025-05-15T09:00:00Z,destination=AMS&origin=MJT&endRange=2025-10-14T23:59:59Z&startRange=2025-05-15T09:00:00Z,2.0,126.0,2.0,100,<Response [200]>,2025-11-02T13:40:58.858304,
,,,,,,AMS,,,,,MLA,,,,2025-10-14T23:59:59Z,2025-05-15T09:00:00Z,destination=AMS&origin=MLA&endRange=2025-10-14T23:59:59Z&startRange=2025-05-15T09:00:00Z,3.0,269.0,3.0,100,<Response [200]>,2025-11-02T13:40:58.880881,
,,,,,,AMS,,,,,MME,,,,2025-10-14T23:59:59Z,2025-05-15T09:00:00Z,destination=AMS&origin=MME&endRange=2025-10-14T23:59:59Z&startRange=2025-05-15T09:00:00Z,4.0,374.0,4.0,100,<Response [200]>,2025-11-02T13:40:58.904362,
,,,,,,AMS,,,,,MRS,,,,2025-10-14T23:59:59Z,2025-05-15T09:00:00Z,destination=AMS&origin=MRS&endRange=2025-10-14T23:59:59Z&startRange=2025-05-15T09:00:00Z,5.0,457.0,5.0,100,<Response [200]>,2025-11-02T13:40:58.930490,
,,,,,,AMS,,,,,MST,,,,2025-10-14T23:59:59Z,2025-05-15T09:00:00Z,destination=AMS&origin=MST&endRange=2025-10-14T23:59:59Z&startRange=2025-05-15T09:00:00Z,1.0,21.0,1.0,100,<Response [200]>,2025-11-02T13:40:58.955153,
,,,,,,AMS,,,,,MUC,,,,2025-10-14T23:59:59Z,2025-05-15T09:00:00Z,destination=AMS&origin=MUC&endRange=2025-10-14T23:59:59Z&startRange=2025-05-15T09:00:00Z,18.0,1709.0,18.0,100,<Response [200]>,2025-11-02T13:40:58.998211,
,,,,,,AMS,,,,,MXP,,,,2025-10-14T23:59:59Z,2025-05-15T09:00:00Z,destination=AMS&origin=MXP&endRange=2025-10-14T23:59:59Z&startRange=2025-05-15T09:00:00Z,7.0,636.0,7.0,100,<Response [200]>,2025-11-02T13:40:59.036593,
,,,,,,AMS,,,,,NAP,,,,2025-10-14T23:59:59Z,2025-05-15T09:00:00Z,destination=AMS&origin=NAP&endRange=2025-10-14T23:59:59Z&startRange=2025-05-15T09:00:00Z,4.0,380.0,4.0,100,<Response [200]>,2025-11-02T13:40:59.067821,
,,,,,,AMS,,,,,NCE,,,,2025-10-14T23:59:59Z,2025-05-15T09:00:00Z,destination=AMS&origin=NCE&endRange=2025-10-14T23:59:59Z&startRange=2025-05-15T09:00:00Z,9.0,858.0,9.0,100,<Response [200]>,2025-11-02T13:40:59.093747,
,,,,,,AMS,,,,,NCL,,,,2025-10-14T23:59:59Z,2025-05-15T09:00:00Z,destination=AMS&origin=NCL&endRange=2025-10-14T23:59:59Z&startRange=2025-05-15T09:00:00Z,9.0,815.0,9.0,100,<Response [200]>,2025-11-02T13:40:59.120702,
,,,,,,AMS,,,,,NTE,,,,2025-10-14T23:59:59Z,2025-05-15T09:00:00Z,destination=AMS&origin=NTE&endRange=2025-10-14T23:59:59Z&startRange=2025-05-15T09:00:00Z,5.0,457.0,5.0,100,<Response [200]>,2025-11-02T13:40:59.146426,
,,,,,,AMS,,,,,NUE,,,,2025-10-14T23:59:59Z,2025-05-15T09:00:00Z,destination=AMS&origin=NUE&endRange=2025-10-14T23:59:59Z&startRange=2025-05-15T09:00:00Z,7.0,649.0,7.0,100,<Response [200]>,2025-11-02T13:40:59.171588,
,,,,,,AMS,,,,,NWI,,,,2025-10-14T23:59:59Z,2025-05-15T09:00:00Z,destination=AMS&origin=NWI&endRange=2025-10-14T23:59:59Z&startRange=2025-05-15T09:00:00Z,7.0,606.0,7.0,100,<Response [200]>,2025-11-02T13:40:59.197251,
,,,,,,AMS,,,,,OHD,,,,2025-10-14T23:59:59Z,2025-05-15T09:00:00Z,destination=AMS&origin=OHD&endRange=2025-10-14T23:59:59Z&startRange=2025-05-15T09:00:00Z,1.0,61.0,1.0,100,<Response [200]>,2025-11-02T13:40:59.219083,
,,,,,,AMS,,,,,OLB,,,,2025-10-14T23:59:59Z,2025-05-15T09:00:00Z,destination=AMS&origin=OLB&endRange=2025-10-14T23:59:59Z&startRange=2025-05-15T09:00:00Z,3.0,227.0,3.0,100,<Response [200]>,2025-11-02T13:40:59.242604,
,,,,,,AMS,,,,,OPO,,,,2025-10-14T23:59:59Z,2025-05-15T09:00:00Z,destination=AMS&origin=OPO&endRange=2025-10-14T23:59:59Z&startRange=2025-05-15T09:00:00Z,9.0,802.0,9.0,100,<Response [200]>,2025-11-02T13:40:59.269645,
,,,,,,AMS,,,,,ORK,,,,2025-10-14T23:59:59Z,2025-05-15T09:00:00Z,destination=AMS&origin=ORK&endRange=2025-10-14T23:59:59Z&startRange=2025-05-15T09:00:00Z,4.0,352.0,4.0,100,<Response [200]>,2025-11-02T13:40:59.295059,
,,,,,,AMS,,,,,ORY,,,,2025-10-14T23:59:59Z,2025-05-15T09:00:00Z,destination=AMS&origin=ORY&endRange=2025-10-14T23:59:59Z&startRange=2025-05-15T09:00:00Z,1.0,97.0,1.0,100,<Response [200]>,2025-11-02T13:40:59.317538,
,,,,,,AMS,,,,,OSL,,,,2025-10-14T23:59:59Z,2025-05-15T09:00:00Z,destination=AMS&origin=OSL&endRange=2025-10-14T23:59:59Z&startRange=2025-05-15T09:00:00Z,14.0,1384.0,14.0,100,<Response [200]>,2025-11-02T13:40:59.344043,
,,,,,,AMS,,,,,OTP,,,,2025-10-14T23:59:59Z,2025-05-15T09:00:00Z,destination=AMS&origin=OTP&endRange=2025-10-14T23:59:59Z&startRange=2025-05-15T09:00:00Z,8.0,758.0,8.0,100,<Response [200]>,2025-11-02T13:40:59.369124,
,,,,,,AMS,,,,,OVD,,,,2025-10-14T23:59:59Z,2025-05-15T09:00:00Z,destination=AMS&origin=OVD&endRange=2025-10-14T23:59:59Z&startRange=2025-05-15T09:00:00Z,1.0,57.0,1.0,100,<Response [200]>,2025-11-02T13:40:59.389859,
,,,,,,AMS,,,,,PDL,,,,2025-10-14T23:59:59Z,2025-05-15T09:00:00Z,destination=AMS&origin=PDL&endRange=2025-10-14T23:59:59Z&startRange=2025-05-15T09:00:00Z,1.0,46.0,1.0,100,<Response [200]>,2025-11-02T13:40:59.411331,
,,,,,,AMS,,,,,PLQ,,,,2025-10-14T23:59:59Z,2025-05-15T09:00:00Z,destination=AMS&origin=PLQ&endRange=2025-10-14T23:59:59Z&startRange=2025-05-15T09:00:00Z,1.0,35.0,1.0,100,<Response [200]>,2025-11-02T13:40:59.432479,
,,,,,,AMS,,,,,PMI,,,,2025-10-14T23:59:59Z,2025-05-15T09:00:00Z,destination=AMS&origin=PMI&endRange=2025-10-14T23:59:59Z&startRange=2025-05-15T09:00:00Z,10.0,988.0,10.0,100,<Response [200]>,2025-11-02T13:40:59.457899,
,,,,,,AMS,,,,,PMO,,,,2025-10-14T23:59:59Z,2025-05-15T09:00:00Z,destination=AMS&origin=PMO&endRange=2025-10-14T23:59:59Z&startRange=2025-05-15T09:00:00Z,1.0,44.0,1.0,100,<Response [200]>,2025-11-02T13:40:59.478795,
,,,,,,AMS,,,,,POZ,,,,2025-10-14T23:59:59Z,2025-05-15T09:00:00Z,destination=AMS&origin=POZ&endRange=2025-10-14T23:59:59Z&startRange=2025-05-15T09:00:00Z,4.0,303.0,4.0,100,<Response [200]>,2025-11-02T13:40:59.503492,
,,,,,,AMS,,,,,PRG,,,,2025-10-14T23:59:59Z,2025-05-15T09:00:00Z,destination=AMS&origin=PRG&endRange=2025-10-14T23:59:59Z&startRange=2025-05-15T09:00:00Z,12.0,1106.0,12.0,100,<Response [200]>,2025-11-02T13:40:59.530550,
,,,,,,AMS,,,,,PSA,,,,2025-10-14T23:59:59Z,2025-05-15T09:00:00Z,destination=AMS&origin=PSA&endRange=2025-10-14T23:59:59Z&startRange=2025-05-15T09:00:00Z,3.0,229.0,3.0,100,<Response [200]>,2025-11-02T13:40:59.552460,
,,,,,,AMS,,,,,PUY,,,,2025-10-14T23:59:59Z,2025-05-15T09:00:00Z,destination=AMS&origin=PUY&endRange=2025-10-14T23:59:59Z&startRange=2025-05-15T09:00:00Z,1.0,21.0,1.0,100,<Response [200]>,2025-11-02T13:40:59.574122,
,,,,,,AMS,,,,,PVK,,,,2025-10-14T23:59:59Z,2025-05-15T09:00:00Z,destination=AMS&origin=PVK&endRange=2025-10-14T23:59:59Z&startRange=2025-05-15T09:00:00Z,3.0,248.0,3.0,100,<Response [200]>,2025-11-02T13:40:59.597443,
,,,,,,AMS,,,,,RHO,,,,2025-10-14T23:59:59Z,2025-05-15T09:00:00Z,destination=AMS&origin=RHO&endRange=2025-10-14T23:59:59Z&startRange=2025-05-15T09:00:00Z,4.0,362.0,4.0,100,<Response [200]>,2025-11-02T13:40:59.621437,
,,,,,,AMS,,,,,RIX,,,,2025-10-14T23:59:59Z,2025-05-15T09:00:00Z,destination=AMS&origin=RIX&endRange=2025-10-14T23:59:59Z&startRange=2025-05-15T09:00:00Z,5.0,457.0,5.0,100,<Response [200]>,2025-11-02T13:40:59.644813,
,,,,,,AMS,,,,,RMO,,,,2025-10-14T23:59:59Z,2025-05-15T09:00:00Z,destination=AMS&origin=RMO&endRange=2025-10-14T23:59:59Z&startRange=2025-05-15T09:00:00Z,1.0,59.0,1.0,100,<Response [200]>,2025-11-02T13:40:59.665925,
,,,,,,AMS,,,,,SCQ,,,,2025-10-14T23:59:59Z,2025-05-15T09:00:00Z,destination=AMS&origin=SCQ&endRange=2025-10-14T23:59:59Z&startRange=2025-05-15T09:00:00Z,1.0,36.0,1.0,100,<Response [200]>,2025-11-02T13:40:59.686818,
,,,,,,AMS,,,,,SEN,,,,2025-10-14T23:59:59Z,2025-05-15T09:00:00Z,destination=AMS&origin=SEN&endRange=2025-10-14T23:59:59Z&startRange=2025-05-15T09:00:00Z,1.0,97.0,1.0,100,<Response [200]>,2025-11-02T13:40:59.708295,
,,,,,,AMS,,,,,SKG,,,,2025-10-14T23:59:59Z,2025-05-15T09:00:00Z,destination=AMS&origin=SKG&endRange=2025-10-14T23:59:59Z&startRange=2025-05-15T09:00:00Z,3.0,223.0,3.0,100,<Response [200]>,2025-11-02T13:40:59.731229,
,,,,,,AMS,,,,,SKP,,,,2025-10-14T23:59:59Z,2025-05-15T09:00:00Z,destination=AMS&origin=SKP&endRange=2025-10-14T23:59:59Z&startRange=2025-05-15T09:00:00Z,1.0,44.0,1.0,100,<Response [200]>,2025-11-02T13:40:59.752646,
,,,,,,AMS,,,,,SMI,,,,2025-10-14T23:59:59Z,2025-05-15T09:00:00Z,destination=AMS&origin=SMI&endRange=2025-10-14T23:59:59Z&startRange=2025-05-15T09:00:00Z,3.0,213.0,3.0,100,<Response [200]>,2025-11-02T13:40:59.776009,
,,,,,,AMS,,,,,SOU,,,,2025-10-14T23:59:59Z,2025-05-15T09:00:00Z,destination=AMS&origin=SOU&endRange=2025-10-14T23:59:59Z&startRange=2025-05-15T09:00:00Z,5.0,489.0,5.0,100,<Response [200]>,2025-11-02T13:40:59.799806,
,,,,,,AMS,,,,,SPC,,,,2025-10-14T23:59:59Z,2025-05-15T09:00:00Z,destination=AMS&origin=SPC&endRange=2025-10-14T23:59:59Z&startRange=2025-05-15T09:00:00Z,1.0,22.0,1.0,100,<Response [200]>,2025-11-02T13:40:59.823002,
,,,,,,AMS,,,,,SPU,,,,2025-10-14T23:59:59Z,2025-05-15T09:00:00Z,destination=AMS&origin=SPU&endRange=2025-10-14T23:59:59Z&startRange=2025-05-15T09:00:00Z,6.0,586.0,6.0,100,<Response [200]>,2025-11-02T13:40:59.846711,
,,,,,,AMS,,,,,STN,,,,2025-10-14T23:59:59Z,2025-05-15T09:00:00Z,destination=AMS&origin=STN&endRange=2025-10-14T23:59:59Z&startRange=2025-05-15T09:00:00Z,2.0,166.0,2.0,100,<Response [200]>,2025-11-02T13:40:59.868924,
,,,,,,AMS,,,,,STR,,,,2025-10-14T23:59:59Z,2025-05-15T09:00:00Z,destination=AMS&origin=STR&endRange=2025-10-14T23:59:59Z&startRange=2025-05-15T09:00:00Z,8.0,761.0,8.0,100,<Response [200]>,2025-11-02T13:40:59.893479,
,,,,,,AMS,,,,,SVG,,,,2025-10-14T23:59:59Z,2025-05-15T09:00:00Z,destination=AMS&origin=SVG&endRange=2025-10-14T23:59:59Z&startRange=2025-05-15T09:00:00Z,8.0,795.0,8.0,100,<Response [200]>,2025-11-02T13:40:59.918544,
,,,,,,AMS,,,,,SVQ,,,,2025-10-14T23:59:59Z,2025-05-15T09:00:00Z,destination=AMS&origin=SVQ&endRange=2025-10-14T23:59:59Z&startRange=2025-05-15T09:00:00Z,2.0,183.0,2.0,100,<Response [200]>,2025-11-02T13:40:59.940685,
,,,,,,AMS,,,,,SZG,,,,2025-10-14T23:59:59Z,2025-05-15T09:00:00Z,destination=AMS&origin=SZG&endRange=2025-10-14T23:59:59Z&startRange=2025-05-15T09:00:00Z,1.0,44.0,1.0,100,<Response [200]>,2025-11-02T13:40:59.963012,
,,,,,,AMS,,,,,TFS,,,,2025-10-14T23:59:59Z,2025-05-15T09:00:00Z,destination=AMS&origin=TFS&endRange=2025-10-14T23:59:59Z&startRange=2025-05-15T09:00:00Z,4.0,309.0,4.0,100,<Response [200]>,2025-11-02T13:40:59.987219,
,,,,,,AMS,,,,,TIA,,,,2025-10-14T23:59:59Z,2025-05-15T09:00:00Z,destination=AMS&origin=TIA&endRange=2025-10-14T23:59:59Z&startRange=2025-05-15T09:00:00Z,2.0,121.0,2.0,100,<Response [200]>,2025-11-02T13:41:00.009192,
,,,,,,AMS,,,,,TLL,,,,2025-10-14T23:59:59Z,2025-05-15T09:00:00Z,destination=AMS&origin=TLL&endRange=2025-10-14T23:59:59Z&startRange=2025-05-15T09:00:00Z,4.0,305.0,4.0,100,<Response [200]>,2025-11-02T13:41:00.035042,
,,,,,,AMS,,,,,TLS,,,,2025-10-14T23:59:59Z,2025-05-15T09:00:00Z,destination=AMS&origin=TLS&endRange=2025-10-14T23:59:59Z&startRange=2025-05-15T09:00:00Z,6.0,541.0,6.0,100,<Response [200]>,2025-11-02T13:41:00.059829,
,,,,,,AMS,,,,,TRD,,,,2025-10-14T23:59:59Z,2025-05-15T09:00:00Z,destination=AMS&origin=TRD&endRange=2025-10-14T23:59:59Z&startRange=2025-05-15T09:00:00Z,5.0,458.0,5.0,100,<Response [200]>,2025-11-02T13:41:00.088304,
,,,,,,AMS,,,,,TRN,,,,2025-10-14T23:59:59Z,2025-05-15T09:00:00Z,destination=AMS&origin=TRN&endRange=2025-10-14T23:59:59Z&startRange=2025-05-15T09:00:00Z,4.0,305.0,4.0,100,<Response [200]>,2025-11-02T13:41:00.111521,
,,,,,,AMS,,,,,VCE,,,,2025-10-14T23:59:59Z,2025-05-15T09:00:00Z,destination=AMS&origin=VCE&endRange=2025-10-14T23:59:59Z&startRange=2025-05-15T09:00:00Z,6.0,583.0,6.0,100,<Response [200]>,2025-11-02T13:41:00.135159,
,,,,,,AMS,,,,,VIE,,,,2025-10-14T23:59:59Z,2025-05-15T09:00:00Z,destination=AMS&origin=VIE&endRange=2025-10-14T23:59:59Z&startRange=2025-05-15T09:00:00Z,13.0,1295.0,13.0,100,<Response [200]>,2025-11-02T13:41:00.161848,
,,,,,,AMS,,,,,VLC,,,,2025-10-14T23:59:59Z,2025-05-15T09:00:00Z,destination=AMS&origin=VLC&endRange=2025-10-14T23:59:59Z&startRange=2025-05-15T09:00:00Z,10.0,915.0,10.0,100,<Response [200]>,2025-11-02T13:41:00.187192,
,,,,,,AMS,,,,,VNO,,,,2025-10-14T23:59:59Z,2025-05-15T09:00:00Z,destination=AMS&origin=VNO&endRange=2025-10-14T23:59:59Z&startRange=2025-05-15T09:00:00Z,4.0,307.0,4.0,100,<Response [200]>,2025-11-02T13:41:00.210176,
,,,,,,AMS,,,,,VRN,,,,2025-10-14T23:59:59Z,2025-05-15T09:00:00Z,destination=AMS&origin=VRN&endRange=2025-10-14T23:59:59Z&startRange=2025-05-15T09:00:00Z,2.0,171.0,2.0,100,<Response [200]>,2025-11-02T13:41:00.233523,
,,,,,,AMS,,,,,WAW,,,,2025-10-14T23:59:59Z,2025-05-15T09:00:00Z,destination=AMS&origin=WAW&endRange=2025-10-14T23:59:59Z&startRange=2025-05-15T09:00:00Z,13.0,1221.0,13.0,100,<Response [200]>,2025-11-02T13:41:00.259824,
,,,,,,AMS,,,,,WRO,,,,2025-10-14T23:59:59Z,2025-05-15T09:00:00Z,destination=AMS&origin=WRO&endRange=2025-10-14T23:59:59Z&startRange=2025-05-15T09:00:00Z,4.0,304.0,4.0,100,<Response [200]>,2025-11-02T13:41:00.283310,
,,,,,,AMS,,,,,ZAG,,,,2025-10-14T23:59:59Z,2025-05-15T09:00:00Z,destination=AMS&origin=ZAG&endRange=2025-10-14T23:59:59Z&startRange=2025-05-15T09:00:00Z,5.0,457.0,5.0,100,<Response [200]>,2025-11-02T13:41:00.307365,
,,,,,,AMS,,,,,ZRH,,,,2025-10-14T23:59:59Z,2025-05-15T09:00:00Z,destination=AMS&origin=ZRH&endRange=2025-10-14T23:59:59Z&startRange=2025-05-15T09:00:00Z,16.0,1565.0,16.0,100,<Response [200]>,2025-11-02T13:41:00.336391,
,,,,,,AMS,,,,,ZTH,,,,2025-10-14T23:59:59Z,2025-05-15T09:00:00Z,destination=AMS&origin=ZTH&endRange=2025-10-14T23:59:59Z&startRange=2025-05-15T09:00:00Z,5.0,489.0,5.0,100,<Response [200]>,2025-11-02T13:41:00.359218,
,,,,,,AOI,,,,,ORY,,,,2025-10-14T23:59:59Z,2025-05-15T09:00:00Z,destination=AOI&origin=ORY&endRange=2025-10-14T23:59:59Z&startRange=2025-05-15T09:00:00Z,1.0,43.0,1.0,100,<Response [200]>,2025-11-02T13:41:00.380569,
,,,,,,AOK,,,,,AMS,,,,2025-10-14T23:59:59Z,2025-05-15T09:00:00Z,destination=AOK&origin=AMS&endRange=2025-10-14T23:59:59Z&startRange=2025-05-15T09:00:00Z,2.0,105.0,2.0,100,<Response [200]>,2025-11-02T13:41:00.403502,
,,,,,,ARN,,,,,AMS,,,,2025-10-14T23:59:59Z,2025-05-15T09:00:00Z,destination=ARN&origin=AMS&endRange=2025-10-14T23:59:59Z&startRange=2025-05-15T09:00:00Z,14.0,1378.0,14.0,100,<Response [200]>,2025-11-02T13:41:00.432868,
,,,,,,ARN,,,,,BGO,,,,2025-10-14T23:59:59Z,2025-05-15T09:00:00Z,destination=ARN&origin=BGO&endRange=2025-10-14T23:59:59Z&startRange=2025-05-15T09:00:00Z,2.0,126.0,2.0,100,<Response [200]>,2025-11-02T13:41:00.455290,
,,,,,,ARN,,,,,CDG,,,,2025-10-14T23:59:59Z,2025-05-15T09:00:00Z,destination=ARN&origin=CDG&endRange=2025-10-14T23:59:59Z&startRange=2025-05-15T09:00:00Z,9.0,836.0,9.0,100,<Response [200]>,2025-11-02T13:41:00.484880,
,,,,,,ARN,,,,,CPH,,,,2025-10-14T23:59:59Z,2025-05-15T09:00:00Z,destination=ARN&origin=CPH&endRange=2025-10-14T23:59:59Z&startRange=2025-05-15T09:00:00Z,2.0,117.0,2.0,100,<Response [200]>,2025-11-02T13:41:00.510577,
,,,,,,ARN,,,,,GOT,,,,2025-10-14T23:59:59Z,2025-05-15T09:00:00Z,destination=ARN&origin=GOT&endRange=2025-10-14T23:59:59Z&startRange=2025-05-15T09:00:00Z,1.0,68.0,1.0,100,<Response [200]>,2025-11-02T13:41:00.532795,
,,,,,,ARN,,,,,HEL,,,,2025-10-14T23:59:59Z,2025-05-15T09:00:00Z,destination=ARN&origin=HEL&endRange=2025-10-14T23:59:59Z&startRange=2025-05-15T09:00:00Z,5.0,430.0,5.0,100,<Response [200]>,2025-11-02T13:41:00.559441,
,,,,,,ARN,,,,,LLA,,,,2025-10-14T23:59:59Z,2025-05-15T09:00:00Z,destination=ARN&origin=LLA&endRange=2025-10-14T23:59:59Z&startRange=2025-05-15T09:00:00Z,9.0,872.0,9.0,100,<Response [200]>,2025-11-02T13:41:00.588335,
,,,,,,ARN,,,,,MMX,,,,2025-10-14T23:59:59Z,2025-05-15T09:00:00Z,destination=ARN&origin=MMX&endRange=2025-10-14T23:59:59Z&startRange=2025-05-15T09:00:00Z,8.0,704.0,8.0,100,<Response [200]>,2025-11-02T13:41:00.616630,
,,,,,,ARN,,,,,ORY,,,,2025-10-14T23:59:59Z,2025-05-15T09:00:00Z,destination=ARN&origin=ORY&endRange=2025-10-14T23:59:59Z&startRange=2025-05-15T09:00:00Z,2.0,106.0,2.0,100,<Response [200]>,2025-11-02T13:41:00.640296,
,,,,,,ARN,,,,,OSD,,,,2025-10-14T23:59:59Z,2025-05-15T09:00:00Z,destination=ARN&origin=OSD&endRange=2025-10-14T23:59:59Z&startRange=2025-05-15T09:00:00Z,3.0,295.0,3.0,100,<Response [200]>,2025-11-02T13:41:00.664403,
,,,,,,ARN,,,,,OSL,,,,2025-10-14T23:59:59Z,2025-05-15T09:00:00Z,destination=ARN&origin=OSL&endRange=2025-10-14T23:59:59Z&startRange=2025-05-15T09:00:00Z,1.0,63.0,1.0,100,<Response [200]>,2025-11-02T13:41:00.688034,
,,,,,,ARN,,,,,SDL,,,,2025-10-14T23:59:59Z,2025-05-15T09:00:00Z,destination=ARN&origin=SDL&endRange=2025-10-14T23:59:59Z&startRange=2025-05-15T09:00:00Z,2.0,193.0,2.0,100,<Response [200]>,2025-11-02T13:41:00.711406,
,,,,,,ARN,,,,,TKU,,,,2025-10-14T23:59:59Z,2025-05-15T09:00:00Z,destination=ARN&origin=TKU&endRange=2025-10-14T23:59:59Z&startRange=2025-05-15T09:00:00Z,3.0,235.0,3.0,100,<Response [200]>,2025-11-02T13:41:00.737214,
,,,,,,ARN,,,,,TLL,,,,2025-10-14T23:59:59Z,2025-05-15T09:00:00Z,destination=ARN&origin=TLL&endRange=2025-10-14T23:59:59Z&startRange=2025-05-15T09:00:00Z,5.0,405.0,5.0,100,<Response [200]>,2025-11-02T13:41:00.761768,
,,,,,,ARN,,,,,TOS,,,,2025-10-14T23:59:59Z,2025-05-15T09:00:00Z,destination=ARN&origin=TOS&endRange=2025-10-14T23:59:59Z&startRange=2025-05-15T09:00:00Z,1.0,57.0,1.0,100,<Response [200]>,2025-11-02T13:41:00.783191,
,,,,,,ARN,,,,,TRD,,,,2025-10-14T23:59:59Z,2025-05-15T09:00:00Z,destination=ARN&origin=TRD&endRange=2025-10-14T23:59:59Z&startRange=2025-05-15T09:00:00Z,2.0,111.0,2.0,100,<Response [200]>,2025-11-02T13:41:00.805580,
,,,,,,ARN,,,,,UME,,,,2025-10-14T23:59:59Z,2025-05-15T09:00:00Z,destination=ARN&origin=UME&endRange=2025-10-14T23:59:59Z&startRange=2025-05-15T09:00:00Z,7.0,683.0,7.0,100,<Response [200]>,2025-11-02T13:41:00.829265,
,,,,,,ARN,,,,,VAA,,,,2025-10-14T23:59:59Z,2025-05-15T09:00:00Z,destination=ARN&origin=VAA&endRange=2025-10-14T23:59:59Z&startRange=2025-05-15T09:00:00Z,2.0,186.0,2.0,100,<Response [200]>,2025-11-02T13:41:00.850923,
,,,,,,ARN,,,,,VBY,,,,2025-10-14T23:59:59Z,2025-05-15T09:00:00Z,destination=ARN&origin=VBY&endRange=2025-10-14T23:59:59Z&startRange=2025-05-15T09:00:00Z,9.0,872.0,9.0,100,<Response [200]>,2025-11-02T13:41:00.878021,
,,,,,,ARN,,,,,VNO,,,,2025-10-14T23:59:59Z,2025-05-15T09:00:00Z,destination=ARN&origin=VNO&endRange=2025-10-14T23:59:59Z&startRange=2025-05-15T09:00:00Z,2.0,166.0,2.0,100,<Response [200]>,2025-11-02T13:41:00.899790,
,,,,,,ATH,,,,,AMS,,,,2025-10-14T23:59:59Z,2025-05-15T09:00:00Z,destination=ATH&origin=AMS&endRange=2025-10-14T23:59:59Z&startRange=2025-05-15T09:00:00Z,10.0,915.0,10.0,100,<Response [200]>,2025-11-02T13:41:00.926370,
,,,,,,ATH,,,,,CDG,,,,2025-10-14T23:59:59Z,2025-05-15T09:00:00Z,destination=ATH&origin=CDG&endRange=2025-10-14T23:59:59Z&startRange=2025-05-15T09:00:00Z,15.0,1422.0,15.0,100,<Response [200]>,2025-11-02T13:41:00.957496,
,,,,,,ATH,,,,,FCO,,,,2025-10-14T23:59:59Z,2025-05-15T09:00:00Z,destination=ATH&origin=FCO&endRange=2025-10-14T23:59:59Z&startRange=2025-05-15T09:00:00Z,2.0,169.0,2.0,100,<Response [200]>,2025-11-02T13:41:00.982530,
,,,,,,ATH,,,,,LYS,,,,2025-10-14T23:59:59Z,2025-05-15T09:00:00Z,destination=ATH&origin=LYS&endRange=2025-10-14T23:59:59Z&startRange=2025-05-15T09:00:00Z,1.0,39.0,1.0,100,<Response [200]>,2025-11-02T13:41:01.004771,
,,,,,,ATH,,,,,MAD,,,,2025-10-14T23:59:59Z,2025-05-15T09:00:00Z,destination=ATH&origin=MAD&endRange=2025-10-14T23:59:59Z&startRange=2025-05-15T09:00:00Z,1.0,11.0,1.0,100,<Response [200]>,2025-11-02T13:41:01.027158,
,,,,,,ATH,,,,,ORY,,,,2025-10-14T23:59:59Z,2025-05-15T09:00:00Z,destination=ATH&origin=ORY&endRange=2025-10-14T23:59:59Z&startRange=2025-05-15T09:00:00Z,5.0,487.0,5.0,100,<Response [200]>,2025-11-02T13:41:01.052212,
,,,,,,ATH,,,,,OTP,,,,2025-10-14T23:59:59Z,2025-05-15T09:00:00Z,destination=ATH&origin=OTP&endRange=2025-10-14T23:59:59Z&startRange=2025-05-15T09:00:00Z,1.0,43.0,1.0,100,<Response [200]>,2025-11-02T13:41:01.076335,
,,,,,,BCN,,,,,AMS,,,,2025-10-14T23:59:59Z,2025-05-15T09:00:00Z,destination=BCN&origin=AMS&endRange=2025-10-14T23:59:59Z&startRange=2025-05-15T09:00:00Z,24.0,2336.0,24.0,100,<Response [200]>,2025-11-02T13:41:01.109236,
,,,,,,BCN,,,,,CDG,,,,2025-10-14T23:59:59Z,2025-05-15T09:00:00Z,destination=BCN&origin=CDG&endRange=2025-10-14T23:59:59Z&startRange=2025-05-15T09:00:00Z,18.0,1713.0,18.0,100,<Response [200]>,2025-11-02T13:41:01.139476,
,,,,,,BCN,,,,,FCO,,,,2025-10-14T23:59:59Z,2025-05-15T09:00:00Z,destination=BCN&origin=FCO&endRange=2025-10-14T23:59:59Z&startRange=2025-05-15T09:00:00Z,2.0,111.0,2.0,100,<Response [200]>,2025-11-02T13:41:01.160571,
,,,,,,BCN,,,,,MAD,,,,2025-10-14T23:59:59Z,2025-05-15T09:00:00Z,destination=BCN&origin=MAD&endRange=2025-10-14T23:59:59Z&startRange=2025-05-15T09:00:00Z,2.0,134.0,2.0,100,<Response [200]>,2025-11-02T13:41:01.181924,
,,,,,,BCN,,,,,ORY,,,,2025-10-14T23:59:59Z,2025-05-15T09:00:00Z,destination=BCN&origin=ORY&endRange=2025-10-14T23:59:59Z&startRange=2025-05-15T09:00:00Z,18.0,1749.0,18.0,100,<Response [200]>,2025-11-02T13:41:01.211741,
,,,,,,BCN,,,,,PMI,,,,2025-10-14T23:59:59Z,2025-05-15T09:00:00Z,destination=BCN&origin=PMI&endRange=2025-10-14T23:59:59Z&startRange=2025-05-15T09:00:00Z,7.0,612.0,7.0,100,<Response [200]>,2025-11-02T13:41:01.236143,
,,,,,,BDS,,,,,FCO,,,,2025-10-14T23:59:59Z,2025-05-15T09:00:00Z,destination=BDS&origin=FCO&endRange=2025-10-14T23:59:59Z&startRange=2025-05-15T09:00:00Z,5.0,446.0,5.0,100,<Response [200]>,2025-11-02T13:41:01.258423,
,,,,,,BDS,,,,,LIN,,,,2025-10-14T23:59:59Z,2025-05-15T09:00:00Z,destination=BDS&origin=LIN&endRange=2025-10-14T23:59:59Z&startRange=2025-05-15T09:00:00Z,4.0,305.0,4.0,100,<Response [200]>,2025-11-02T13:41:01.281241,
,,,,,,BDS,,,,,ORY,,,,2025-10-14T23:59:59Z,2025-05-15T09:00:00Z,destination=BDS&origin=ORY&endRange=2025-10-14T23:59:59Z&startRange=2025-05-15T09:00:00Z,2.0,106.0,2.0,100,<Response [200]>,2025-11-02T13:41:01.302564,
,,,,,,BEG,,,,,AMS,,,,2025-10-14T23:59:59Z,2025-05-15T09:00:00Z,destination=BEG&origin=AMS&endRange=2025-10-14T23:59:59Z&startRange=2025-05-15T09:00:00Z,5.0,498.0,5.0,100,<Response [200]>,2025-11-02T13:41:01.325738,
,,,,,,BEG,,,,,CDG,,,,2025-10-14T23:59:59Z,2025-05-15T09:00:00Z,destination=BEG&origin=CDG&endRange=2025-10-14T23:59:59Z&startRange=2025-05-15T09:00:00Z,4.0,310.0,4.0,100,<Response [200]>,2025-11-02T13:41:01.348706,
,,,,,,BEG,,,,,LYS,,,,2025-10-14T23:59:59Z,2025-05-15T09:00:00Z,destination=BEG&origin=LYS&endRange=2025-10-14T23:59:59Z&startRange=2025-05-15T09:00:00Z,1.0,44.0,1.0,100,<Response [200]>,2025-11-02T13:41:01.370274,
,,,,,,BEG,,,,,OTP,,,,2025-10-14T23:59:59Z,2025-05-15T09:00:00Z,destination=BEG&origin=OTP&endRange=2025-10-14T23:59:59Z&startRange=2025-05-15T09:00:00Z,1.0,25.0,1.0,100,<Response [200]>,2025-11-02T13:41:01.393367,
,,,,,,BER,,,,,AMS,,,,2025-10-14T23:59:59Z,2025-05-15T09:00:00Z,destination=BER&origin=AMS&endRange=2025-10-14T23:59:59Z&startRange=2025-05-15T09:00:00Z,13.0,1250.0,13.0,100,<Response [200]>,2025-11-02T13:41:01.420265,
,,,,,,BER,,,,,CDG,,,,2025-10-14T23:59:59Z,2025-05-15T09:00:00Z,destination=BER&origin=CDG&endRange=2025-10-14T23:59:59Z&startRange=2025-05-15T09:00:00Z,11.0,1054.0,11.0,100,<Response [200]>,2025-11-02T13:41:01.447578,
,,,,,,BER,,,,,ORY,,,,2025-10-14T23:59:59Z,2025-05-15T09:00:00Z,destination=BER&origin=ORY&endRange=2025-10-14T23:59:59Z&startRange=2025-05-15T09:00:00Z,7.0,677.0,7.0,100,<Response [200]>,2025-11-02T13:41:01.471702,
,,,,,,BES,,,,,CDG,,,,2025-10-14T23:59:59Z,2025-05-15T09:00:00Z,destination=BES&origin=CDG&endRange=2025-10-14T23:59:59Z&startRange=2025-05-15T09:00:00Z,6.0,579.0,6.0,100,<Response [200]>,2025-11-02T13:41:01.496105,
,,,,,,BES,,,,,LYS,,,,2025-10-14T23:59:59Z,2025-05-15T09:00:00Z,destination=BES&origin=LYS&endRange=2025-10-14T23:59:59Z&startRange=2025-05-15T09:00:00Z,3.0,240.0,3.0,100,<Response [200]>,2025-11-02T13:41:01.519468,
,,,,,,BFS,,,,,AMS,,,,2025-10-14T23:59:59Z,2025-05-15T09:00:00Z,destination=BFS&origin=AMS&endRange=2025-10-14T23:59:59Z&startRange=2025-05-15T09:00:00Z,2.0,106.0,2.0,100,<Response [200]>,2025-11-02T13:41:01.545667,
,,,,,,BFS,,,,,CDG,,,,2025-10-14T23:59:59Z,2025-05-15T09:00:00Z,destination=BFS&origin=CDG&endRange=2025-10-14T23:59:59Z&startRange=2025-05-15T09:00:00Z,2.0,130.0,2.0,100,<Response [200]>,2025-11-02T13:41:01.567746,
,,,,,,BGO,,,,,ABZ,,,,2025-10-14T23:59:59Z,2025-05-15T09:00:00Z,destination=BGO&origin=ABZ&endRange=2025-10-14T23:59:59Z&startRange=2025-05-15T09:00:00Z,2.0,128.0,2.0,100,<Response [200]>,2025-11-02T13:41:01.589009,
,,,,,,BGO,,,,,AES,,,,2025-10-14T23:59:59Z,2025-05-15T09:00:00Z,destination=BGO&origin=AES&endRange=2025-10-14T23:59:59Z&startRange=2025-05-15T09:00:00Z,4.0,308.0,4.0,100,<Response [200]>,2025-11-02T13:41:01.612041,
,,,,,,BGO,,,,,AMS,,,,2025-10-14T23:59:59Z,2025-05-15T09:00:00Z,destination=BGO&origin=AMS&endRange=2025-10-14T23:59:59Z&startRange=2025-05-15T09:00:00Z,7.0,620.0,7.0,100,<Response [200]>,2025-11-02T13:41:01.636138,
,,,,,,BGO,,,,,ARN,,,,2025-10-14T23:59:59Z,2025-05-15T09:00:00Z,destination=BGO&origin=ARN&endRange=2025-10-14T23:59:59Z&startRange=2025-05-15T09:00:00Z,2.0,116.0,2.0,100,<Response [200]>,2025-11-02T13:41:01.657545,
,,,,,,BGO,,,,,BOO,,,,2025-10-14T23:59:59Z,2025-05-15T09:00:00Z,destination=BGO&origin=BOO&endRange=2025-10-14T23:59:59Z&startRange=2025-05-15T09:00:00Z,4.0,360.0,4.0,100,<Response [200]>,2025-11-02T13:41:01.680910,
,,,,,,BGO,,,,,CDG,,,,2025-10-14T23:59:59Z,2025-05-15T09:00:00Z,destination=BGO&origin=CDG&endRange=2025-10-14T23:59:59Z&startRange=2025-05-15T09:00:00Z,2.0,199.0,2.0,100,<Response [200]>,2025-11-02T13:41:01.705310,
,,,,,,BGO,,,,,CPH,,,,2025-10-14T23:59:59Z,2025-05-15T09:00:00Z,destination=BGO&origin=CPH&endRange=2025-10-14T23:59:59Z&startRange=2025-05-15T09:00:00Z,6.0,570.0,6.0,100,<Response [200]>,2025-11-02T13:41:01.731869,
,,,,,,BGO,,,,,FAE,,,,2025-10-14T23:59:59Z,2025-05-15T09:00:00Z,destination=BGO&origin=FAE&endRange=2025-10-14T23:59:59Z&startRange=2025-05-15T09:00:00Z,1.0,10.0,1.0,100,<Response [200]>,2025-11-02T13:41:01.755034,
,,,,,,BGO,,,,,GOT,,,,2025-10-14T23:59:59Z,2025-05-15T09:00:00Z,destination=BGO&origin=GOT&endRange=2025-10-14T23:59:59Z&startRange=2025-05-15T09:00:00Z,1.0,57.0,1.0,100,<Response [200]>,2025-11-02T13:41:01.779267,
,,,,,,BGO,,,,,HAU,,,,2025-10-14T23:59:59Z,2025-05-15T09:00:00Z,destination=BGO&origin=HAU&endRange=2025-10-14T23:59:59Z&startRange=2025-05-15T09:00:00Z,3.0,235.0,3.0,100,<Response [200]>,2025-11-02T13:41:01.803739,
,,,,,,BGO,,,,,KRS,,,,2025-10-14T23:59:59Z,2025-05-15T09:00:00Z,destination=BGO&origin=KRS&endRange=2025-10-14T23:59:59Z&startRange=2025-05-15T09:00:00Z,4.0,308.0,4.0,100,<Response [200]>,2025-11-02T13:41:01.828373,
,,,,,,BGO,,,,,KSU,,,,2025-10-14T23:59:59Z,2025-05-15T09:00:00Z,destination=BGO&origin=KSU&endRange=2025-10-14T23:59:59Z&startRange=2025-05-15T09:00:00Z,3.0,264.0,3.0,100,<Response [200]>,2025-11-02T13:41:01.853821,
,,,,,,BGO,,,,,OSL,,,,2025-10-14T23:59:59Z,2025-05-15T09:00:00Z,destination=BGO&origin=OSL&endRange=2025-10-14T23:59:59Z&startRange=2025-05-15T09:00:00Z,5.0,477.0,5.0,100,<Response [200]>,2025-11-02T13:41:01.877821,
,,,,,,BGO,,,,,SVG,,,,2025-10-14T23:59:59Z,2025-05-15T09:00:00Z,destination=BGO&origin=SVG&endRange=2025-10-14T23:59:59Z&startRange=2025-05-15T09:00:00Z,3.0,244.0,3.0,100,<Response [200]>,2025-11-02T13:41:01.900329,
,,,,,,BGO,,,,,TOS,,,,2025-10-14T23:59:59Z,2025-05-15T09:00:00Z,destination=BGO&origin=TOS&endRange=2025-10-14T23:59:59Z&startRange=2025-05-15T09:00:00Z,3.0,294.0,3.0,100,<Response [200]>,2025-11-02T13:41:01.924530,
,,,,,,BGO,,,,,TRD,,,,2025-10-14T23:59:59Z,2025-05-15T09:00:00Z,destination=BGO&origin=TRD&endRange=2025-10-14T23:59:59Z&startRange=2025-05-15T09:00:00Z,6.0,543.0,6.0,100,<Response [200]>,2025-11-02T13:41:01.948583,
,,,,,,BGO,,,,,TRF,,,,2025-10-14T23:59:59Z,2025-05-15T09:00:00Z,destination=BGO&origin=TRF&endRange=2025-10-14T23:59:59Z&startRange=2025-05-15T09:00:00Z,2.0,158.0,2.0,100,<Response [200]>,2025-11-02T13:41:01.971133,
,,,,,,BHD,,,,,AMS,,,,2025-10-14T23:59:59Z,2025-05-15T09:00:00Z,destination=BHD&origin=AMS&endRange=2025-10-14T23:59:59Z&startRange=2025-05-15T09:00:00Z,4.0,306.0,4.0,100,<Response [200]>,2025-11-02T13:41:01.994194,
,,,,,,BHX,,,,,CDG,,,,2025-10-14T23:59:59Z,2025-05-15T09:00:00Z,destination=BHX&origin=CDG&endRange=2025-10-14T23:59:59Z&startRange=2025-05-15T09:00:00Z,7.0,697.0,7.0,100,<Response [200]>,2025-11-02T13:41:02.019487,
,,,,,,BIA,,,,,CDG,,,,2025-10-14T23:59:59Z,2025-05-15T09:00:00Z,destination=BIA&origin=CDG&endRange=2025-10-14T23:59:59Z&startRange=2025-05-15T09:00:00Z,1.0,11.0,1.0,100,<Response [200]>,2025-11-02T13:41:02.040780,
,,,,,,BIA,,,,,FCO,,,,2025-10-14T23:59:59Z,2025-05-15T09:00:00Z,destination=BIA&origin=FCO&endRange=2025-10-14T23:59:59Z&startRange=2025-05-15T09:00:00Z,1.0,33.0,1.0,100,<Response [200]>,2025-11-02T13:41:02.060916,
,,,,,,BIA,,,,,LYS,,,,2025-10-14T23:59:59Z,2025-05-15T09:00:00Z,destination=BIA&origin=LYS&endRange=2025-10-14T23:59:59Z&startRange=2025-05-15T09:00:00Z,2.0,147.0,2.0,100,<Response [200]>,2025-11-02T13:41:02.085474,
,,,,,,BIA,,,,,MRS,,,,2025-10-14T23:59:59Z,2025-05-15T09:00:00Z,destination=BIA&origin=MRS&endRange=2025-10-14T23:59:59Z&startRange=2025-05-15T09:00:00Z,5.0,486.0,5.0,100,<Response [200]>,2025-11-02T13:41:02.109547,
,,,,,,BIA,,,,,NCE,,,,2025-10-14T23:59:59Z,2025-05-15T09:00:00Z,destination=BIA&origin=NCE&endRange=2025-10-14T23:59:59Z&startRange=2025-05-15T09:00:00Z,5.0,491.0,5.0,100,<Response [200]>,2025-11-02T13:41:02.134970,
,,,,,,BIA,,,,,ORY,,,,2025-10-14T23:59:59Z,2025-05-15T09:00:00Z,destination=BIA&origin=ORY&endRange=2025-10-14T23:59:59Z&startRange=2025-05-15T09:00:00Z,9.0,853.0,9.0,100,<Response [200]>,2025-11-02T13:41:02.163566,
,,,,,,BIA,,,,,TLS,,,,2025-10-14T23:59:59Z,2025-05-15T09:00:00Z,destination=BIA&origin=TLS&endRange=2025-10-14T23:59:59Z&startRange=2025-05-15T09:00:00Z,1.0,44.0,1.0,100,<Response [200]>,2025-11-02T13:41:02.187321,
,,,,,,BIO,,,,,AMS,,,,2025-10-14T23:59:59Z,2025-05-15T09:00:00Z,destination=BIO&origin=AMS&endRange=2025-10-14T23:59:59Z&startRange=2025-05-15T09:00:00Z,6.0,589.0,6.0,100,<Response [200]>,2025-11-02T13:41:02.214335,
,,,,,,BIO,,,,,CDG,,,,2025-10-14T23:59:59Z,2025-05-15T09:00:00Z,destination=BIO&origin=CDG&endRange=2025-10-14T23:59:59Z&startRange=2025-05-15T09:00:00Z,4.0,341.0,4.0,100,<Response [200]>,2025-11-02T13:41:02.239779,
,,,,,,BIO,,,,,MAD,,,,2025-10-14T23:59:59Z,2025-05-15T09:00:00Z,destination=BIO&origin=MAD&endRange=2025-10-14T23:59:59Z&startRange=2025-05-15T09:00:00Z,6.0,546.0,6.0,100,<Response [200]>,2025-11-02T13:41:02.265173,
,,,,,,BIO,,,,,ORY,,,,2025-10-14T23:59:59Z,2025-05-15T09:00:00Z,destination=BIO&origin=ORY&endRange=2025-10-14T23:59:59Z&startRange=2025-05-15T09:00:00Z,3.0,218.0,3.0,100,<Response [200]>,2025-11-02T13:41:02.287108,
,,,,,,BIO,,,,,PMI,,,,2025-10-14T23:59:59Z,2025-05-15T09:00:00Z,destination=BIO&origin=PMI&endRange=2025-10-14T23:59:59Z&startRange=2025-05-15T09:00:00Z,1.0,10.0,1.0,100,<Response [200]>,2025-11-02T13:41:02.307628,
,,,,,,BIQ,,,,,AMS,,,,2025-10-14T23:59:59Z,2025-05-15T09:00:00Z,destination=BIQ&origin=AMS&endRange=2025-10-14T23:59:59Z&startRange=2025-05-15T09:00:00Z,1.0,84.0,1.0,100,<Response [200]>,2025-11-02T13:41:02.328613,
,,,,,,BIQ,,,,,CDG,,,,2025-10-14T23:59:59Z,2025-05-15T09:00:00Z,destination=BIQ&origin=CDG&endRange=2025-10-14T23:59:59Z&startRange=2025-05-15T09:00:00Z,7.0,626.0,7.0,100,<Response [200]>,2025-11-02T13:41:02.358782,
,,,,,,BIQ,,,,,LYS,,,,2025-10-14T23:59:59Z,2025-05-15T09:00:00Z,destination=BIQ&origin=LYS&endRange=2025-10-14T23:59:59Z&startRange=2025-05-15T09:00:00Z,3.0,243.0,3.0,100,<Response [200]>,2025-11-02T13:41:02.382934,
,,,,,,BIQ,,,,,ORY,,,,2025-10-14T23:59:59Z,2025-05-15T09:00:00Z,destination=BIQ&origin=ORY&endRange=2025-10-14T23:59:59Z&startRange=2025-05-15T09:00:00Z,5.0,401.0,5.0,100,<Response [200]>,2025-11-02T13:41:02.407949,
,,,,,,BLL,,,,,AMS,,,,2025-10-14T23:59:59Z,2025-05-15T09:00:00Z,destination=BLL&origin=AMS&endRange=2025-10-14T23:59:59Z&startRange=2025-05-15T09:00:00Z,9.0,834.0,9.0,100,<Response [200]>,2025-11-02T13:41:02.436788,
,,,,,,BLL,,,,,CDG,,,,2025-10-14T23:59:59Z,2025-05-15T09:00:00Z,destination=BLL&origin=CDG&endRange=2025-10-14T23:59:59Z&startRange=2025-05-15T09:00:00Z,4.0,335.0,4.0,100,<Response [200]>,2025-11-02T13:41:02.460359,
,,,,,,BLQ,,,,,AMS,,,,2025-10-14T23:59:59Z,2025-05-15T09:00:00Z,destination=BLQ&origin=AMS&endRange=2025-10-14T23:59:59Z&startRange=2025-05-15T09:00:00Z,6.0,555.0,6.0,100,<Response [200]>,2025-11-02T13:41:02.483235,
,,,,,,BLQ,,,,,CDG,,,,2025-10-14T23:59:59Z,2025-05-15T09:00:00Z,destination=BLQ&origin=CDG&endRange=2025-10-14T23:59:59Z&startRange=2025-05-15T09:00:00Z,6.0,556.0,6.0,100,<Response [200]>,2025-11-02T13:41:02.506014,
,,,,,,BLQ,,,,,FCO,,,,2025-10-14T23:59:59Z,2025-05-15T09:00:00Z,destination=BLQ&origin=FCO&endRange=2025-10-14T23:59:59Z&startRange=2025-05-15T09:00:00Z,5.0,401.0,5.0,100,<Response [200]>,2025-11-02T13:41:02.529208,
,,,,,,BOD,,,,,AMS,,,,2025-10-14T23:59:59Z,2025-05-15T09:00:00Z,destination=BOD&origin=AMS&endRange=2025-10-14T23:59:59Z&startRange=2025-05-15T09:00:00Z,6.0,507.0,6.0,100,<Response [200]>,2025-11-02T13:41:02.552980,
,,,,,,BOD,,,,,CDG,,,,2025-10-14T23:59:59Z,2025-05-15T09:00:00Z,destination=BOD&origin=CDG&endRange=2025-10-14T23:59:59Z&startRange=2025-05-15T09:00:00Z,11.0,1057.0,11.0,100,<Response [200]>,2025-11-02T13:41:02.579991,
,,,,,,BOD,,,,,LYS,,,,2025-10-14T23:59:59Z,2025-05-15T09:00:00Z,destination=BOD&origin=LYS&endRange=2025-10-14T23:59:59Z&startRange=2025-05-15T09:00:00Z,3.0,270.0,3.0,100,<Response [200]>,2025-11-02T13:41:02.602822,
,,,,,,BOJ,,,,,AMS,,,,2025-10-14T23:59:59Z,2025-05-15T09:00:00Z,destination=BOJ&origin=AMS&endRange=2025-10-14T23:59:59Z&startRange=2025-05-15T09:00:00Z,1.0,50.0,1.0,100,<Response [200]>,2025-11-02T13:41:02.624156,
,,,,,,BOO,,,,,BGO,,,,2025-10-14T23:59:59Z,2025-05-15T09:00:00Z,destination=BOO&origin=BGO&endRange=2025-10-14T23:59:59Z&startRange=2025-05-15T09:00:00Z,5.0,454.0,5.0,100,<Response [200]>,2025-11-02T13:41:02.652699,
,,,,,,BOO,,,,,OSL,,,,2025-10-14T23:59:59Z,2025-05-15T09:00:00Z,destination=BOO&origin=OSL&endRange=2025-10-14T23:59:59Z&startRange=2025-05-15T09:00:00Z,9.0,883.0,9.0,100,<Response [200]>,2025-11-02T13:41:02.694973,
,,,,,,BOO,,,,,TRD,,,,2025-10-14T23:59:59Z,2025-05-15T09:00:00Z,destination=BOO&origin=TRD&endRange=2025-10-14T23:59:59Z&startRange=2025-05-15T09:00:00Z,5.0,409.0,5.0,100,<Response [200]>,2025-11-02T13:41:02.725685,
,,,,,,BRE,,,,,AMS,,,,2025-10-14T23:59:59Z,2025-05-15T09:00:00Z,destination=BRE&origin=AMS&endRange=2025-10-14T23:59:59Z&startRange=2025-05-15T09:00:00Z,6.0,589.0,6.0,100,<Response [200]>,2025-11-02T13:41:02.751357,
,,,,,,BRI,,,,,AMS,,,,2025-10-14T23:59:59Z,2025-05-15T09:00:00Z,destination=BRI&origin=AMS&endRange=2025-10-14T23:59:59Z&startRange=2025-05-15T09:00:00Z,2.0,188.0,2.0,100,<Response [200]>,2025-11-02T13:41:02.774536,
,,,,,,BRI,,,,,CDG,,,,2025-10-14T23:59:59Z,2025-05-15T09:00:00Z,destination=BRI&origin=CDG&endRange=2025-10-14T23:59:59Z&startRange=2025-05-15T09:00:00Z,2.0,197.0,2.0,100,<Response [200]>,2025-11-02T13:41:02.796462,
,,,,,,BRI,,,,,FCO,,,,2025-10-14T23:59:59Z,2025-05-15T09:00:00Z,destination=BRI&origin=FCO&endRange=2025-10-14T23:59:59Z&startRange=2025-05-15T09:00:00Z,5.0,476.0,5.0,100,<Response [200]>,2025-11-02T13:41:02.820970,
,,,,,,BRI,,,,,LIN,,,,2025-10-14T23:59:59Z,2025-05-15T09:00:00Z,destination=BRI&origin=LIN&endRange=2025-10-14T23:59:59Z&startRange=2025-05-15T09:00:00Z,6.0,585.0,6.0,100,<Response [200]>,2025-11-02T13:41:02.845548,
,,,,,,BRI,,,,,ORY,,,,2025-10-14T23:59:59Z,2025-05-15T09:00:00Z,destination=BRI&origin=ORY&endRange=2025-10-14T23:59:59Z&startRange=2025-05-15T09:00:00Z,2.0,163.0,2.0,100,<Response [200]>,2025-11-02T13:41:02.867885,
,,,,,,BRS,,,,,AMS,,,,2025-10-14T23:59:59Z,2025-05-15T09:00:00Z,destination=BRS&origin=AMS&endRange=2025-10-14T23:59:59Z&startRange=2025-05-15T09:00:00Z,10.0,985.0,10.0,100,<Response [200]>,2025-11-02T13:41:02.893575,
,,,,,,BRS,,,,,CDG,,,,2025-10-14T23:59:59Z,2025-05-15T09:00:00Z,destination=BRS&origin=CDG&endRange=2025-10-14T23:59:59Z&startRange=2025-05-15T09:00:00Z,4.0,384.0,4.0,100,<Response [200]>,2025-11-02T13:41:02.916555,
,,,,,,BRU,,,,,AMS,,,,2025-10-14T23:59:59Z,2025-05-15T09:00:00Z,destination=BRU&origin=AMS&endRange=2025-10-14T23:59:59Z&startRange=2025-05-15T09:00:00Z,7.0,606.0,7.0,100,<Response [200]>,2025-11-02T13:41:02.941884,
,,,,,,BRU,,,,,CDG,,,,2025-10-14T23:59:59Z,2025-05-15T09:00:00Z,destination=BRU&origin=CDG&endRange=2025-10-14T23:59:59Z&startRange=2025-05-15T09:00:00Z,5.0,409.0,5.0,100,<Response [200]>,2025-11-02T13:41:02.966282,
,,,,,,BRU,,,,,FCO,,,,2025-10-14T23:59:59Z,2025-05-15T09:00:00Z,destination=BRU&origin=FCO&endRange=2025-10-14T23:59:59Z&startRange=2025-05-15T09:00:00Z,2.0,119.0,2.0,100,<Response [200]>,2025-11-02T13:41:02.990459,
,,,,,,BRU,,,,,HEL,,,,2025-10-14T23:59:59Z,2025-05-15T09:00:00Z,destination=BRU&origin=HEL&endRange=2025-10-14T23:59:59Z&startRange=2025-05-15T09:00:00Z,1.0,1.0,1.0,100,<Response [200]>,2025-11-02T13:41:03.012812,
,,,,,,BRU,,,,,LIN,,,,2025-10-14T23:59:59Z,2025-05-15T09:00:00Z,destination=BRU&origin=LIN&endRange=2025-10-14T23:59:59Z&startRange=2025-05-15T09:00:00Z,1.0,89.0,1.0,100,<Response [200]>,2025-11-02T13:41:03.037157,
,,,,,,BRU,,,,,MAD,,,,2025-10-14T23:59:59Z,2025-05-15T09:00:00Z,destination=BRU&origin=MAD&endRange=2025-10-14T23:59:59Z&startRange=2025-05-15T09:00:00Z,1.0,41.0,1.0,100,<Response [200]>,2025-11-02T13:41:03.058815,
,,,,,,BSL,,,,,AMS,,,,2025-10-14T23:59:59Z,2025-05-15T09:00:00Z,destination=BSL&origin=AMS&endRange=2025-10-14T23:59:59Z&startRange=2025-05-15T09:00:00Z,8.0,721.0,8.0,100,<Response [200]>,2025-11-02T13:41:03.086292,
,,,,,,BSL,,,,,CDG,,,,2025-10-14T23:59:59Z,2025-05-15T09:00:00Z,destination=BSL&origin=CDG&endRange=2025-10-14T23:59:59Z&startRange=2025-05-15T09:00:00Z,3.0,284.0,3.0,100,<Response [200]>,2025-11-02T13:41:03.110432,
,,,,,,BUD,,,,,AMS,,,,2025-10-14T23:59:59Z,2025-05-15T09:00:00Z,destination=BUD&origin=AMS&endRange=2025-10-14T23:59:59Z&startRange=2025-05-15T09:00:00Z,8.0,764.0,8.0,100,<Response [200]>,2025-11-02T13:41:03.137551,
,,,,,,BUD,,,,,CDG,,,,2025-10-14T23:59:59Z,2025-05-15T09:00:00Z,destination=BUD&origin=CDG&endRange=2025-10-14T23:59:59Z&startRange=2025-05-15T09:00:00Z,5.0,497.0,5.0,100,<Response [200]>,2025-11-02T13:41:03.163118,
,,,,,,BUD,,,,,ORY,,,,2025-10-14T23:59:59Z,2025-05-15T09:00:00Z,destination=BUD&origin=ORY&endRange=2025-10-14T23:59:59Z&startRange=2025-05-15T09:00:00Z,2.0,198.0,2.0,100,<Response [200]>,2025-11-02T13:41:03.187801,
,,,,,,BUD,,,,,OTP,,,,2025-10-14T23:59:59Z,2025-05-15T09:00:00Z,destination=BUD&origin=OTP&endRange=2025-10-14T23:59:59Z&startRange=2025-05-15T09:00:00Z,1.0,18.0,1.0,100,<Response [200]>,2025-11-02T13:41:03.209955,
,,,,,,CAG,,,,,AMS,,,,2025-10-14T23:59:59Z,2025-05-15T09:00:00Z,destination=CAG&origin=AMS&endRange=2025-10-14T23:59:59Z&startRange=2025-05-15T09:00:00Z,1.0,93.0,1.0,100,<Response [200]>,2025-11-02T13:41:03.231848,
,,,,,,CAG,,,,,CDG,,,,2025-10-14T23:59:59Z,2025-05-15T09:00:00Z,destination=CAG&origin=CDG&endRange=2025-10-14T23:59:59Z&startRange=2025-05-15T09:00:00Z,1.0,59.0,1.0,100,<Response [200]>,2025-11-02T13:41:03.254631,
,,,,,,CAG,,,,,ORY,,,,2025-10-14T23:59:59Z,2025-05-15T09:00:00Z,destination=CAG&origin=ORY&endRange=2025-10-14T23:59:59Z&startRange=2025-05-15T09:00:00Z,2.0,112.0,2.0,100,<Response [200]>,2025-11-02T13:41:03.276825,
