aircraftRegistration,aircraftType,arrivalCity,carrierCode,consumerHost,departureCity,destination,flightNumber,movementType,operatingAirlineCode,operationalSuffix,origin,serviceType,timeOriginType,timeType,endRange,startRange,call_parameters,totalPages,totalFlights,nb_of_pages_already_retrieved,completion,response
aircraftRegistration,aircraftType,arrivalCity,carrierCode,consumerHost,departureCity,destination,flightNumber,movementType,operatingAirlineCode,operationalSuffix,origin,serviceType,timeOriginType,timeType,endRange,startRange,aircraftRegistration=aircraftRegistration&aircraftType=aircraftType&arrivalCity=arrivalCity&carrierCode=carrierCode&consumerHost=consumerHost&departureCity=departureCity&destination=destination&flightNumber=flightNumber&movementType=movementType&operatingAirlineCode=operatingAirlineCode&operationalSuffix=operationalSuffix&origin=origin&serviceType=serviceType&timeOriginType=timeOriginType&timeType=timeType&endRange=endRange&startRange=startRange,,,,,
,,,,,,DTW,,,,,SJC,,,,2025-10-14T23:59:59Z,2025-05-15T09:00:00Z,destination=DTW&origin=SJC&endRange=2025-10-14T23:59:59Z&startRange=2025-05-15T09:00:00Z,,,,,
,,,,,,BIO,,,,,BIQ,,,,2025-10-14T23:59:59Z,2025-05-15T09:00:00Z,destination=BIO&origin=BIQ&endRange=2025-10-14T23:59:59Z&startRange=2025-05-15T09:00:00Z,,,,,
,,,,,,SLC,,,,,CVG,,,,2025-10-14T23:59:59Z,2025-05-15T09:00:00Z,destination=SLC&origin=CVG&endRange=2025-10-14T23:59:59Z&startRange=2025-05-15T09:00:00Z,,,,,
,,,,,,EZE,,,,,MVD,,,,2025-10-14T23:59:59Z,2025-05-15T09:00:00Z,destination=EZE&origin=MVD&endRange=2025-10-14T23:59:59Z&startRange=2025-05-15T09:00:00Z,,,,,
,,,,,,FAO,,,,,FNC,,,,2025-10-14T23:59:59Z,2025-05-15T09:00:00Z,destination=FAO&origin=FNC&endRange=2025-10-14T23:59:59Z&startRange=2025-05-15T09:00:00Z,,,,,
,,,,,,LAX,,,,,DAL,,,,2025-10-14T23:59:59Z,2025-05-15T09:00:00Z,destination=LAX&origin=DAL&endRange=2025-10-14T23:59:59Z&startRange=2025-05-15T09:00:00Z,,,,,
,,,,,,AUH,,,,,JNB,,,,2025-10-14T23:59:59Z,2025-05-15T09:00:00Z,destination=AUH&origin=JNB&endRange=2025-10-14T23:59:59Z&startRange=2025-05-15T09:00:00Z,,,,,
,,,,,,MXP,,,,,OLB,,,,2025-10-14T23:59:59Z,2025-05-15T09:00:00Z,destination=MXP&origin=OLB&endRange=2025-10-14T23:59:59Z&startRange=2025-05-15T09:00:00Z,,,,,
,,,,,,AYT,,,,,MJT,,,,2025-10-14T23:59:59Z,2025-05-15T09:00:00Z,destination=AYT&origin=MJT&endRange=2025-10-14T23:59:59Z&startRange=2025-05-15T09:00:00Z,,,,,
,,,,,,BHX,,,,,EMA,,,,2025-10-14T23:59:59Z,2025-05-15T09:00:00Z,destination=BHX&origin=EMA&endRange=2025-10-14T23:59:59Z&startRange=2025-05-15T09:00:00Z,,,,,
,,,,,,ATL,,,,,MSP,,,,2025-10-14T23:59:59Z,2025-05-15T09:00:00Z,destination=ATL&origin=MSP&endRange=2025-10-14T23:59:59Z&startRange=2025-05-15T09:00:00Z,114.0,11317.0,1.0,1.0,<Response [200]>
,,,,,,DTW,,,,,ATL,,,,2025-10-14T23:59:59Z,2025-05-15T09:00:00Z,destination=DTW&origin=ATL&endRange=2025-10-14T23:59:59Z&startRange=2025-05-15T09:00:00Z,84.0,8370.0,1.0,1.0,<Response [200]>
,,,,,,JFK,,,,,ATL,,,,2025-10-14T23:59:59Z,2025-05-15T09:00:00Z,destination=JFK&origin=ATL&endRange=2025-10-14T23:59:59Z&startRange=2025-05-15T09:00:00Z,70.0,6945.0,1.0,1.0,<Response [200]>
,,,,,,MSP,,,,,ATL,,,,2025-10-14T23:59:59Z,2025-05-15T09:00:00Z,destination=MSP&origin=ATL&endRange=2025-10-14T23:59:59Z&startRange=2025-05-15T09:00:00Z,104.0,10306.0,1.0,1.0,<Response [200]>
,,,,,,ATL,,,,,DTW,,,,2025-10-14T23:59:59Z,2025-05-15T09:00:00Z,destination=ATL&origin=DTW&endRange=2025-10-14T23:59:59Z&startRange=2025-05-15T09:00:00Z,103.0,10216.0,1.0,1.0,<Response [200]>
,,,,,,MCO,,,,,ATL,,,,2025-10-14T23:59:59Z,2025-05-15T09:00:00Z,destination=MCO&origin=ATL&endRange=2025-10-14T23:59:59Z&startRange=2025-05-15T09:00:00Z,41.0,4064.0,1.0,2.0,<Response [200]>
,,,,,,ATL,,,,,MCO,,,,2025-10-14T23:59:59Z,2025-05-15T09:00:00Z,destination=ATL&origin=MCO&endRange=2025-10-14T23:59:59Z&startRange=2025-05-15T09:00:00Z,40.0,3996.0,1.0,2.0,<Response [200]>
,,,,,,ATL,,,,,LAS,,,,2025-10-14T23:59:59Z,2025-05-15T09:00:00Z,destination=ATL&origin=LAS&endRange=2025-10-14T23:59:59Z&startRange=2025-05-15T09:00:00Z,41.0,4038.0,1.0,2.0,<Response [200]>
,,,,,,ATL,,,,,SLC,,,,2025-10-14T23:59:59Z,2025-05-15T09:00:00Z,destination=ATL&origin=SLC&endRange=2025-10-14T23:59:59Z&startRange=2025-05-15T09:00:00Z,59.0,5866.0,1.0,2.0,<Response [200]>
,,,,,,ATL,,,,,JFK,,,,2025-10-14T23:59:59Z,2025-05-15T09:00:00Z,destination=ATL&origin=JFK&endRange=2025-10-14T23:59:59Z&startRange=2025-05-15T09:00:00Z,56.0,5526.0,1.0,2.0,<Response [200]>
,,,,,,JFK,,,,,DTW,,,,2025-10-14T23:59:59Z,2025-05-15T09:00:00Z,destination=JFK&origin=DTW&endRange=2025-10-14T23:59:59Z&startRange=2025-05-15T09:00:00Z,55.0,5464.0,1.0,2.0,<Response [200]>
,,,,,,SLC,,,,,ATL,,,,2025-10-14T23:59:59Z,2025-05-15T09:00:00Z,destination=SLC&origin=ATL&endRange=2025-10-14T23:59:59Z&startRange=2025-05-15T09:00:00Z,63.0,6230.0,1.0,2.0,<Response [200]>
,,,,,,SEA,,,,,ATL,,,,2025-10-14T23:59:59Z,2025-05-15T09:00:00Z,destination=SEA&origin=ATL&endRange=2025-10-14T23:59:59Z&startRange=2025-05-15T09:00:00Z,49.0,4805.0,1.0,2.0,<Response [200]>
,,,,,,ATL,,,,,SEA,,,,2025-10-14T23:59:59Z,2025-05-15T09:00:00Z,destination=ATL&origin=SEA&endRange=2025-10-14T23:59:59Z&startRange=2025-05-15T09:00:00Z,47.0,4675.0,1.0,2.0,<Response [200]>
,,,,,,MSP,,,,,DTW,,,,2025-10-14T23:59:59Z,2025-05-15T09:00:00Z,destination=MSP&origin=DTW&endRange=2025-10-14T23:59:59Z&startRange=2025-05-15T09:00:00Z,47.0,4687.0,1.0,2.0,<Response [200]>
,,,,,,DTW,,,,,MSP,,,,2025-10-14T23:59:59Z,2025-05-15T09:00:00Z,destination=DTW&origin=MSP&endRange=2025-10-14T23:59:59Z&startRange=2025-05-15T09:00:00Z,48.0,4735.0,1.0,2.0,<Response [200]>
,,,,,,SLC,,,,,MSP,,,,2025-10-14T23:59:59Z,2025-05-15T09:00:00Z,destination=SLC&origin=MSP&endRange=2025-10-14T23:59:59Z&startRange=2025-05-15T09:00:00Z,45.0,4403.0,1.0,2.0,<Response [200]>
,,,,,,ATL,,,,,LAX,,,,2025-10-14T23:59:59Z,2025-05-15T09:00:00Z,destination=ATL&origin=LAX&endRange=2025-10-14T23:59:59Z&startRange=2025-05-15T09:00:00Z,44.0,4387.0,1.0,2.0,<Response [200]>
,,,,,,LAX,,,,,ATL,,,,2025-10-14T23:59:59Z,2025-05-15T09:00:00Z,destination=LAX&origin=ATL&endRange=2025-10-14T23:59:59Z&startRange=2025-05-15T09:00:00Z,46.0,4548.0,1.0,2.0,<Response [200]>
,,,,,,MCI,,,,,ATL,,,,2025-10-14T23:59:59Z,2025-05-15T09:00:00Z,destination=MCI&origin=ATL&endRange=2025-10-14T23:59:59Z&startRange=2025-05-15T09:00:00Z,29.0,2892.0,1.0,3.0,<Response [200]>
,,,,,,ATL,,,,,LGA,,,,2025-10-14T23:59:59Z,2025-05-15T09:00:00Z,destination=ATL&origin=LGA&endRange=2025-10-14T23:59:59Z&startRange=2025-05-15T09:00:00Z,31.0,3049.0,1.0,3.0,<Response [200]>
,,,,,,DCA,,,,,ATL,,,,2025-10-14T23:59:59Z,2025-05-15T09:00:00Z,destination=DCA&origin=ATL&endRange=2025-10-14T23:59:59Z&startRange=2025-05-15T09:00:00Z,30.0,2990.0,1.0,3.0,<Response [200]>
,,,,,,LGA,,,,,ATL,,,,2025-10-14T23:59:59Z,2025-05-15T09:00:00Z,destination=LGA&origin=ATL&endRange=2025-10-14T23:59:59Z&startRange=2025-05-15T09:00:00Z,31.0,3085.0,1.0,3.0,<Response [200]>
,,,,,,JFK,,,,,MSP,,,,2025-10-14T23:59:59Z,2025-05-15T09:00:00Z,destination=JFK&origin=MSP&endRange=2025-10-14T23:59:59Z&startRange=2025-05-15T09:00:00Z,32.0,3179.0,1.0,3.0,<Response [200]>
,,,,,,ATL,,,,,AUS,,,,2025-10-14T23:59:59Z,2025-05-15T09:00:00Z,destination=ATL&origin=AUS&endRange=2025-10-14T23:59:59Z&startRange=2025-05-15T09:00:00Z,29.0,2817.0,1.0,3.0,<Response [200]>
,,,,,,ATL,,,,,ORD,,,,2025-10-14T23:59:59Z,2025-05-15T09:00:00Z,destination=ATL&origin=ORD&endRange=2025-10-14T23:59:59Z&startRange=2025-05-15T09:00:00Z,33.0,3254.0,1.0,3.0,<Response [200]>
,,,,,,DTW,,,,,JFK,,,,2025-10-14T23:59:59Z,2025-05-15T09:00:00Z,destination=DTW&origin=JFK&endRange=2025-10-14T23:59:59Z&startRange=2025-05-15T09:00:00Z,37.0,3685.0,1.0,3.0,<Response [200]>
,,,,,,ATL,,,,,SFO,,,,2025-10-14T23:59:59Z,2025-05-15T09:00:00Z,destination=ATL&origin=SFO&endRange=2025-10-14T23:59:59Z&startRange=2025-05-15T09:00:00Z,36.0,3575.0,1.0,3.0,<Response [200]>
,,,,,,MSP,,,,,SLC,,,,2025-10-14T23:59:59Z,2025-05-15T09:00:00Z,destination=MSP&origin=SLC&endRange=2025-10-14T23:59:59Z&startRange=2025-05-15T09:00:00Z,34.0,3335.0,1.0,3.0,<Response [200]>
,,,,,,ATL,,,,,BOS,,,,2025-10-14T23:59:59Z,2025-05-15T09:00:00Z,destination=ATL&origin=BOS&endRange=2025-10-14T23:59:59Z&startRange=2025-05-15T09:00:00Z,34.0,3367.0,1.0,3.0,<Response [200]>
,,,,,,BOS,,,,,ATL,,,,2025-10-14T23:59:59Z,2025-05-15T09:00:00Z,destination=BOS&origin=ATL&endRange=2025-10-14T23:59:59Z&startRange=2025-05-15T09:00:00Z,34.0,3314.0,1.0,3.0,<Response [200]>
,,,,,,FLL,,,,,ATL,,,,2025-10-14T23:59:59Z,2025-05-15T09:00:00Z,destination=FLL&origin=ATL&endRange=2025-10-14T23:59:59Z&startRange=2025-05-15T09:00:00Z,31.0,3088.0,1.0,3.0,<Response [200]>
,,,,,,SFO,,,,,ATL,,,,2025-10-14T23:59:59Z,2025-05-15T09:00:00Z,destination=SFO&origin=ATL&endRange=2025-10-14T23:59:59Z&startRange=2025-05-15T09:00:00Z,30.0,2916.0,1.0,3.0,<Response [200]>
,,,,,,LAS,,,,,ATL,,,,2025-10-14T23:59:59Z,2025-05-15T09:00:00Z,destination=LAS&origin=ATL&endRange=2025-10-14T23:59:59Z&startRange=2025-05-15T09:00:00Z,38.0,3715.0,1.0,3.0,<Response [200]>
,,,,,,SLC,,,,,DTW,,,,2025-10-14T23:59:59Z,2025-05-15T09:00:00Z,destination=SLC&origin=DTW&endRange=2025-10-14T23:59:59Z&startRange=2025-05-15T09:00:00Z,32.0,3107.0,1.0,3.0,<Response [200]>
,,,,,,ATL,,,,,RDU,,,,2025-10-14T23:59:59Z,2025-05-15T09:00:00Z,destination=ATL&origin=RDU&endRange=2025-10-14T23:59:59Z&startRange=2025-05-15T09:00:00Z,30.0,2903.0,1.0,3.0,<Response [200]>
,,,,,,ORD,,,,,ATL,,,,2025-10-14T23:59:59Z,2025-05-15T09:00:00Z,destination=ORD&origin=ATL&endRange=2025-10-14T23:59:59Z&startRange=2025-05-15T09:00:00Z,30.0,2934.0,1.0,3.0,<Response [200]>
,,,,,,PHL,,,,,ATL,,,,2025-10-14T23:59:59Z,2025-05-15T09:00:00Z,destination=PHL&origin=ATL&endRange=2025-10-14T23:59:59Z&startRange=2025-05-15T09:00:00Z,29.0,2811.0,1.0,3.0,<Response [200]>
,,,,,,BNA,,,,,ATL,,,,2025-10-14T23:59:59Z,2025-05-15T09:00:00Z,destination=BNA&origin=ATL&endRange=2025-10-14T23:59:59Z&startRange=2025-05-15T09:00:00Z,30.0,2978.0,1.0,3.0,<Response [200]>
,,,,,,RDU,,,,,ATL,,,,2025-10-14T23:59:59Z,2025-05-15T09:00:00Z,destination=RDU&origin=ATL&endRange=2025-10-14T23:59:59Z&startRange=2025-05-15T09:00:00Z,33.0,3257.0,1.0,3.0,<Response [200]>
,,,,,,JFK,,,,,BOS,,,,2025-10-14T23:59:59Z,2025-05-15T09:00:00Z,destination=JFK&origin=BOS&endRange=2025-10-14T23:59:59Z&startRange=2025-05-15T09:00:00Z,29.0,2825.0,1.0,3.0,<Response [200]>
,,,,,,LAX,,,,,JFK,,,,2025-10-14T23:59:59Z,2025-05-15T09:00:00Z,destination=LAX&origin=JFK&endRange=2025-10-14T23:59:59Z&startRange=2025-05-15T09:00:00Z,25.0,2445.0,1.0,4.0,<Response [200]>
,,,,,,MCO,,,,,MSP,,,,2025-10-14T23:59:59Z,2025-05-15T09:00:00Z,destination=MCO&origin=MSP&endRange=2025-10-14T23:59:59Z&startRange=2025-05-15T09:00:00Z,24.0,2311.0,1.0,4.0,<Response [200]>
,,,,,,LAX,,,,,DTW,,,,2025-10-14T23:59:59Z,2025-05-15T09:00:00Z,destination=LAX&origin=DTW&endRange=2025-10-14T23:59:59Z&startRange=2025-05-15T09:00:00Z,24.0,2309.0,1.0,4.0,<Response [200]>
,,,,,,ORF,,,,,ATL,,,,2025-10-14T23:59:59Z,2025-05-15T09:00:00Z,destination=ORF&origin=ATL&endRange=2025-10-14T23:59:59Z&startRange=2025-05-15T09:00:00Z,23.0,2290.0,1.0,4.0,<Response [200]>
,,,,,,ATL,,,,,PHL,,,,2025-10-14T23:59:59Z,2025-05-15T09:00:00Z,destination=ATL&origin=PHL&endRange=2025-10-14T23:59:59Z&startRange=2025-05-15T09:00:00Z,23.0,2233.0,1.0,4.0,<Response [200]>
,,,,,,BHM,,,,,ATL,,,,2025-10-14T23:59:59Z,2025-05-15T09:00:00Z,destination=BHM&origin=ATL&endRange=2025-10-14T23:59:59Z&startRange=2025-05-15T09:00:00Z,23.0,2216.0,1.0,4.0,<Response [200]>
,,,,,,MCO,,,,,DTW,,,,2025-10-14T23:59:59Z,2025-05-15T09:00:00Z,destination=MCO&origin=DTW&endRange=2025-10-14T23:59:59Z&startRange=2025-05-15T09:00:00Z,23.0,2218.0,1.0,4.0,<Response [200]>
,,,,,,JFK,,,,,LAX,,,,2025-10-14T23:59:59Z,2025-05-15T09:00:00Z,destination=JFK&origin=LAX&endRange=2025-10-14T23:59:59Z&startRange=2025-05-15T09:00:00Z,27.0,2622.0,1.0,4.0,<Response [200]>
,,,,,,ATL,,,,,CLT,,,,2025-10-14T23:59:59Z,2025-05-15T09:00:00Z,destination=ATL&origin=CLT&endRange=2025-10-14T23:59:59Z&startRange=2025-05-15T09:00:00Z,25.0,2418.0,1.0,4.0,<Response [200]>
,,,,,,ATL,,,,,MCI,,,,2025-10-14T23:59:59Z,2025-05-15T09:00:00Z,destination=ATL&origin=MCI&endRange=2025-10-14T23:59:59Z&startRange=2025-05-15T09:00:00Z,24.0,2369.0,1.0,4.0,<Response [200]>
,,,,,,BOS,,,,,JFK,,,,2025-10-14T23:59:59Z,2025-05-15T09:00:00Z,destination=BOS&origin=JFK&endRange=2025-10-14T23:59:59Z&startRange=2025-05-15T09:00:00Z,24.0,2364.0,1.0,4.0,<Response [200]>
,,,,,,STL,,,,,ATL,,,,2025-10-14T23:59:59Z,2025-05-15T09:00:00Z,destination=STL&origin=ATL&endRange=2025-10-14T23:59:59Z&startRange=2025-05-15T09:00:00Z,24.0,2348.0,1.0,4.0,<Response [200]>
,,,,,,BWI,,,,,ATL,,,,2025-10-14T23:59:59Z,2025-05-15T09:00:00Z,destination=BWI&origin=ATL&endRange=2025-10-14T23:59:59Z&startRange=2025-05-15T09:00:00Z,24.0,2340.0,1.0,4.0,<Response [200]>
,,,,,,HAN,,,,,SGN,,,,2025-10-14T23:59:59Z,2025-05-15T09:00:00Z,destination=HAN&origin=SGN&endRange=2025-10-14T23:59:59Z&startRange=2025-05-15T09:00:00Z,24.0,2375.0,1.0,4.0,<Response [200]>
,,,,,,SEA,,,,,SLC,,,,2025-10-14T23:59:59Z,2025-05-15T09:00:00Z,destination=SEA&origin=SLC&endRange=2025-10-14T23:59:59Z&startRange=2025-05-15T09:00:00Z,24.0,2381.0,1.0,4.0,<Response [200]>
,,,,,,SAN,,,,,ATL,,,,2025-10-14T23:59:59Z,2025-05-15T09:00:00Z,destination=SAN&origin=ATL&endRange=2025-10-14T23:59:59Z&startRange=2025-05-15T09:00:00Z,24.0,2349.0,1.0,4.0,<Response [200]>
,,,,,,ATL,,,,,TPA,,,,2025-10-14T23:59:59Z,2025-05-15T09:00:00Z,destination=ATL&origin=TPA&endRange=2025-10-14T23:59:59Z&startRange=2025-05-15T09:00:00Z,24.0,2322.0,1.0,4.0,<Response [200]>
,,,,,,ATL,,,,,DFW,,,,2025-10-14T23:59:59Z,2025-05-15T09:00:00Z,destination=ATL&origin=DFW&endRange=2025-10-14T23:59:59Z&startRange=2025-05-15T09:00:00Z,25.0,2459.0,1.0,4.0,<Response [200]>
,,,,,,ATL,,,,,BNA,,,,2025-10-14T23:59:59Z,2025-05-15T09:00:00Z,destination=ATL&origin=BNA&endRange=2025-10-14T23:59:59Z&startRange=2025-05-15T09:00:00Z,26.0,2543.0,1.0,4.0,<Response [200]>
,,,,,,ATL,,,,,CLE,,,,2025-10-14T23:59:59Z,2025-05-15T09:00:00Z,destination=ATL&origin=CLE&endRange=2025-10-14T23:59:59Z&startRange=2025-05-15T09:00:00Z,26.0,2538.0,1.0,4.0,<Response [200]>
,,,,,,IND,,,,,ATL,,,,2025-10-14T23:59:59Z,2025-05-15T09:00:00Z,destination=IND&origin=ATL&endRange=2025-10-14T23:59:59Z&startRange=2025-05-15T09:00:00Z,26.0,2516.0,1.0,4.0,<Response [200]>
,,,,,,JFK,,,,,SFO,,,,2025-10-14T23:59:59Z,2025-05-15T09:00:00Z,destination=JFK&origin=SFO&endRange=2025-10-14T23:59:59Z&startRange=2025-05-15T09:00:00Z,26.0,2506.0,1.0,4.0,<Response [200]>
,,,,,,MEM,,,,,ATL,,,,2025-10-14T23:59:59Z,2025-05-15T09:00:00Z,destination=MEM&origin=ATL&endRange=2025-10-14T23:59:59Z&startRange=2025-05-15T09:00:00Z,26.0,2506.0,1.0,4.0,<Response [200]>
,,,,,,PBI,,,,,ATL,,,,2025-10-14T23:59:59Z,2025-05-15T09:00:00Z,destination=PBI&origin=ATL&endRange=2025-10-14T23:59:59Z&startRange=2025-05-15T09:00:00Z,23.0,2205.0,1.0,4.0,<Response [200]>
,,,,,,MSP,,,,,SEA,,,,2025-10-14T23:59:59Z,2025-05-15T09:00:00Z,destination=MSP&origin=SEA&endRange=2025-10-14T23:59:59Z&startRange=2025-05-15T09:00:00Z,23.0,2204.0,1.0,4.0,<Response [200]>
,,,,,,MSP,,,,,ORD,,,,2025-10-14T23:59:59Z,2025-05-15T09:00:00Z,destination=MSP&origin=ORD&endRange=2025-10-14T23:59:59Z&startRange=2025-05-15T09:00:00Z,23.0,2231.0,1.0,4.0,<Response [200]>
,,,,,,DTW,,,,,LAX,,,,2025-10-14T23:59:59Z,2025-05-15T09:00:00Z,destination=DTW&origin=LAX&endRange=2025-10-14T23:59:59Z&startRange=2025-05-15T09:00:00Z,23.0,2228.0,1.0,4.0,<Response [200]>
,,,,,,ATL,,,,,FLL,,,,2025-10-14T23:59:59Z,2025-05-15T09:00:00Z,destination=ATL&origin=FLL&endRange=2025-10-14T23:59:59Z&startRange=2025-05-15T09:00:00Z,28.0,2735.0,1.0,4.0,<Response [200]>
,,,,,,JAX,,,,,ATL,,,,2025-10-14T23:59:59Z,2025-05-15T09:00:00Z,destination=JAX&origin=ATL&endRange=2025-10-14T23:59:59Z&startRange=2025-05-15T09:00:00Z,28.0,2783.0,1.0,4.0,<Response [200]>
,,,,,,TPA,,,,,ATL,,,,2025-10-14T23:59:59Z,2025-05-15T09:00:00Z,destination=TPA&origin=ATL&endRange=2025-10-14T23:59:59Z&startRange=2025-05-15T09:00:00Z,28.0,2785.0,1.0,4.0,<Response [200]>
,,,,,,LAX,,,,,SLC,,,,2025-10-14T23:59:59Z,2025-05-15T09:00:00Z,destination=LAX&origin=SLC&endRange=2025-10-14T23:59:59Z&startRange=2025-05-15T09:00:00Z,24.0,2360.0,1.0,4.0,<Response [200]>
,,,,,,CLE,,,,,ATL,,,,2025-10-14T23:59:59Z,2025-05-15T09:00:00Z,destination=CLE&origin=ATL&endRange=2025-10-14T23:59:59Z&startRange=2025-05-15T09:00:00Z,25.0,2406.0,1.0,4.0,<Response [200]>
,,,,,,SGN,,,,,HAN,,,,2025-10-14T23:59:59Z,2025-05-15T09:00:00Z,destination=SGN&origin=HAN&endRange=2025-10-14T23:59:59Z&startRange=2025-05-15T09:00:00Z,25.0,2406.0,1.0,4.0,<Response [200]>
,,,,,,CLT,,,,,ATL,,,,2025-10-14T23:59:59Z,2025-05-15T09:00:00Z,destination=CLT&origin=ATL&endRange=2025-10-14T23:59:59Z&startRange=2025-05-15T09:00:00Z,24.0,2393.0,1.0,4.0,<Response [200]>
,,,,,,DFW,,,,,ATL,,,,2025-10-14T23:59:59Z,2025-05-15T09:00:00Z,destination=DFW&origin=ATL&endRange=2025-10-14T23:59:59Z&startRange=2025-05-15T09:00:00Z,25.0,2404.0,1.0,4.0,<Response [200]>
,,,,,,EWR,,,,,ATL,,,,2025-10-14T23:59:59Z,2025-05-15T09:00:00Z,destination=EWR&origin=ATL&endRange=2025-10-14T23:59:59Z&startRange=2025-05-15T09:00:00Z,24.0,2323.0,1.0,4.0,<Response [200]>
,,,,,,MIA,,,,,ATL,,,,2025-10-14T23:59:59Z,2025-05-15T09:00:00Z,destination=MIA&origin=ATL&endRange=2025-10-14T23:59:59Z&startRange=2025-05-15T09:00:00Z,24.0,2331.0,1.0,4.0,<Response [200]>
,,,,,,TYS,,,,,ATL,,,,2025-10-14T23:59:59Z,2025-05-15T09:00:00Z,destination=TYS&origin=ATL&endRange=2025-10-14T23:59:59Z&startRange=2025-05-15T09:00:00Z,26.0,2576.0,1.0,4.0,<Response [200]>
,,,,,,ATL,,,,,DCA,,,,2025-10-14T23:59:59Z,2025-05-15T09:00:00Z,destination=ATL&origin=DCA&endRange=2025-10-14T23:59:59Z&startRange=2025-05-15T09:00:00Z,27.0,2613.0,1.0,4.0,<Response [200]>
,,,,,,CVG,,,,,ATL,,,,2025-10-14T23:59:59Z,2025-05-15T09:00:00Z,destination=CVG&origin=ATL&endRange=2025-10-14T23:59:59Z&startRange=2025-05-15T09:00:00Z,28.0,2785.0,1.0,4.0,<Response [200]>
,,,,,,AUS,,,,,ATL,,,,2025-10-14T23:59:59Z,2025-05-15T09:00:00Z,destination=AUS&origin=ATL&endRange=2025-10-14T23:59:59Z&startRange=2025-05-15T09:00:00Z,27.0,2627.0,1.0,4.0,<Response [200]>
,,,,,,ATL,,,,,TYS,,,,2025-10-14T23:59:59Z,2025-05-15T09:00:00Z,destination=ATL&origin=TYS&endRange=2025-10-14T23:59:59Z&startRange=2025-05-15T09:00:00Z,27.0,2642.0,1.0,4.0,<Response [200]>
,,,,,,SLC,,,,,SEA,,,,2025-10-14T23:59:59Z,2025-05-15T09:00:00Z,destination=SLC&origin=SEA&endRange=2025-10-14T23:59:59Z&startRange=2025-05-15T09:00:00Z,28.0,2726.0,1.0,4.0,<Response [200]>
,,,,,,ATL,,,,,MKE,,,,2025-10-14T23:59:59Z,2025-05-15T09:00:00Z,destination=ATL&origin=MKE&endRange=2025-10-14T23:59:59Z&startRange=2025-05-15T09:00:00Z,19.0,1819.0,1.0,5.0,<Response [200]>
,,,,,,SEA,,,,,MSP,,,,2025-10-14T23:59:59Z,2025-05-15T09:00:00Z,destination=SEA&origin=MSP&endRange=2025-10-14T23:59:59Z&startRange=2025-05-15T09:00:00Z,19.0,1821.0,1.0,5.0,<Response [200]>
,,,,,,MSP,,,,,LAX,,,,2025-10-14T23:59:59Z,2025-05-15T09:00:00Z,destination=MSP&origin=LAX&endRange=2025-10-14T23:59:59Z&startRange=2025-05-15T09:00:00Z,19.0,1857.0,1.0,5.0,<Response [200]>
,,,,,,SDF,,,,,ATL,,,,2025-10-14T23:59:59Z,2025-05-15T09:00:00Z,destination=SDF&origin=ATL&endRange=2025-10-14T23:59:59Z&startRange=2025-05-15T09:00:00Z,19.0,1859.0,1.0,5.0,<Response [200]>
,,,,,,MKE,,,,,ATL,,,,2025-10-14T23:59:59Z,2025-05-15T09:00:00Z,destination=MKE&origin=ATL&endRange=2025-10-14T23:59:59Z&startRange=2025-05-15T09:00:00Z,19.0,1866.0,1.0,5.0,<Response [200]>
,,,,,,SLC,,,,,PHX,,,,2025-10-14T23:59:59Z,2025-05-15T09:00:00Z,destination=SLC&origin=PHX&endRange=2025-10-14T23:59:59Z&startRange=2025-05-15T09:00:00Z,19.0,1867.0,1.0,5.0,<Response [200]>
,,,,,,BDL,,,,,ATL,,,,2025-10-14T23:59:59Z,2025-05-15T09:00:00Z,destination=BDL&origin=ATL&endRange=2025-10-14T23:59:59Z&startRange=2025-05-15T09:00:00Z,19.0,1885.0,1.0,5.0,<Response [200]>
,,,,,,BOS,,,,,LGA,,,,2025-10-14T23:59:59Z,2025-05-15T09:00:00Z,destination=BOS&origin=LGA&endRange=2025-10-14T23:59:59Z&startRange=2025-05-15T09:00:00Z,19.0,1892.0,1.0,5.0,<Response [200]>
,,,,,,ATL,,,,,BWI,,,,2025-10-14T23:59:59Z,2025-05-15T09:00:00Z,destination=ATL&origin=BWI&endRange=2025-10-14T23:59:59Z&startRange=2025-05-15T09:00:00Z,19.0,1893.0,1.0,5.0,<Response [200]>
,,,,,,MSP,,,,,MCO,,,,2025-10-14T23:59:59Z,2025-05-15T09:00:00Z,destination=MSP&origin=MCO&endRange=2025-10-14T23:59:59Z&startRange=2025-05-15T09:00:00Z,19.0,1893.0,1.0,5.0,<Response [200]>
,,,,,,BOS,,,,,DCA,,,,2025-10-14T23:59:59Z,2025-05-15T09:00:00Z,destination=BOS&origin=DCA&endRange=2025-10-14T23:59:59Z&startRange=2025-05-15T09:00:00Z,19.0,1894.0,1.0,5.0,<Response [200]>
,,,,,,ATL,,,,,IAD,,,,2025-10-14T23:59:59Z,2025-05-15T09:00:00Z,destination=ATL&origin=IAD&endRange=2025-10-14T23:59:59Z&startRange=2025-05-15T09:00:00Z,19.0,1899.0,1.0,5.0,<Response [200]>
,,,,,,LAS,,,,,MSP,,,,2025-10-14T23:59:59Z,2025-05-15T09:00:00Z,destination=LAS&origin=MSP&endRange=2025-10-14T23:59:59Z&startRange=2025-05-15T09:00:00Z,21.0,2027.0,1.0,5.0,<Response [200]>
,,,,,,MSP,,,,,LGA,,,,2025-10-14T23:59:59Z,2025-05-15T09:00:00Z,destination=MSP&origin=LGA&endRange=2025-10-14T23:59:59Z&startRange=2025-05-15T09:00:00Z,21.0,2034.0,1.0,5.0,<Response [200]>
,,,,,,RSW,,,,,ATL,,,,2025-10-14T23:59:59Z,2025-05-15T09:00:00Z,destination=RSW&origin=ATL&endRange=2025-10-14T23:59:59Z&startRange=2025-05-15T09:00:00Z,21.0,2036.0,1.0,5.0,<Response [200]>
,,,,,,ATL,,,,,EWR,,,,2025-10-14T23:59:59Z,2025-05-15T09:00:00Z,destination=ATL&origin=EWR&endRange=2025-10-14T23:59:59Z&startRange=2025-05-15T09:00:00Z,21.0,2038.0,1.0,5.0,<Response [200]>
,,,,,,SEA,,,,,DTW,,,,2025-10-14T23:59:59Z,2025-05-15T09:00:00Z,destination=SEA&origin=DTW&endRange=2025-10-14T23:59:59Z&startRange=2025-05-15T09:00:00Z,21.0,2039.0,1.0,5.0,<Response [200]>
,,,,,,MSP,,,,,BOS,,,,2025-10-14T23:59:59Z,2025-05-15T09:00:00Z,destination=MSP&origin=BOS&endRange=2025-10-14T23:59:59Z&startRange=2025-05-15T09:00:00Z,21.0,2047.0,1.0,5.0,<Response [200]>
,,,,,,MSP,,,,,JFK,,,,2025-10-14T23:59:59Z,2025-05-15T09:00:00Z,destination=MSP&origin=JFK&endRange=2025-10-14T23:59:59Z&startRange=2025-05-15T09:00:00Z,21.0,2078.0,1.0,5.0,<Response [200]>
,,,,,,ATL,,,,,CVG,,,,2025-10-14T23:59:59Z,2025-05-15T09:00:00Z,destination=ATL&origin=CVG&endRange=2025-10-14T23:59:59Z&startRange=2025-05-15T09:00:00Z,21.0,2079.0,1.0,5.0,<Response [200]>
,,,,,,PIT,,,,,ATL,,,,2025-10-14T23:59:59Z,2025-05-15T09:00:00Z,destination=PIT&origin=ATL&endRange=2025-10-14T23:59:59Z&startRange=2025-05-15T09:00:00Z,21.0,2086.0,1.0,5.0,<Response [200]>
,,,,,,CHS,,,,,ATL,,,,2025-10-14T23:59:59Z,2025-05-15T09:00:00Z,destination=CHS&origin=ATL&endRange=2025-10-14T23:59:59Z&startRange=2025-05-15T09:00:00Z,21.0,2087.0,1.0,5.0,<Response [200]>
,,,,,,HSV,,,,,ATL,,,,2025-10-14T23:59:59Z,2025-05-15T09:00:00Z,destination=HSV&origin=ATL&endRange=2025-10-14T23:59:59Z&startRange=2025-05-15T09:00:00Z,21.0,2089.0,1.0,5.0,<Response [200]>
,,,,,,DTW,,,,,SLC,,,,2025-10-14T23:59:59Z,2025-05-15T09:00:00Z,destination=DTW&origin=SLC&endRange=2025-10-14T23:59:59Z&startRange=2025-05-15T09:00:00Z,21.0,2092.0,1.0,5.0,<Response [200]>
,,,,,,PNS,,,,,ATL,,,,2025-10-14T23:59:59Z,2025-05-15T09:00:00Z,destination=PNS&origin=ATL&endRange=2025-10-14T23:59:59Z&startRange=2025-05-15T09:00:00Z,21.0,2095.0,1.0,5.0,<Response [200]>
,,,,,,LAX,,,,,SEA,,,,2025-10-14T23:59:59Z,2025-05-15T09:00:00Z,destination=LAX&origin=SEA&endRange=2025-10-14T23:59:59Z&startRange=2025-05-15T09:00:00Z,22.0,2111.0,1.0,5.0,<Response [200]>
,,,,,,ATL,,,,,SAT,,,,2025-10-14T23:59:59Z,2025-05-15T09:00:00Z,destination=ATL&origin=SAT&endRange=2025-10-14T23:59:59Z&startRange=2025-05-15T09:00:00Z,22.0,2115.0,1.0,5.0,<Response [200]>
,,,,,,CVG,,,,,MSP,,,,2025-10-14T23:59:59Z,2025-05-15T09:00:00Z,destination=CVG&origin=MSP&endRange=2025-10-14T23:59:59Z&startRange=2025-05-15T09:00:00Z,22.0,2119.0,1.0,5.0,<Response [200]>
,,,,,,ORD,,,,,DTW,,,,2025-10-14T23:59:59Z,2025-05-15T09:00:00Z,destination=ORD&origin=DTW&endRange=2025-10-14T23:59:59Z&startRange=2025-05-15T09:00:00Z,20.0,1910.0,1.0,5.0,<Response [200]>
,,,,,,ATL,,,,,MSY,,,,2025-10-14T23:59:59Z,2025-05-15T09:00:00Z,destination=ATL&origin=MSY&endRange=2025-10-14T23:59:59Z&startRange=2025-05-15T09:00:00Z,20.0,1917.0,1.0,5.0,<Response [200]>
,,,,,,CAE,,,,,ATL,,,,2025-10-14T23:59:59Z,2025-05-15T09:00:00Z,destination=CAE&origin=ATL&endRange=2025-10-14T23:59:59Z&startRange=2025-05-15T09:00:00Z,19.0,1822.0,1.0,5.0,<Response [200]>
,,,,,,PHL,,,,,DTW,,,,2025-10-14T23:59:59Z,2025-05-15T09:00:00Z,destination=PHL&origin=DTW&endRange=2025-10-14T23:59:59Z&startRange=2025-05-15T09:00:00Z,19.0,1830.0,1.0,5.0,<Response [200]>
,,,,,,SAV,,,,,ATL,,,,2025-10-14T23:59:59Z,2025-05-15T09:00:00Z,destination=SAV&origin=ATL&endRange=2025-10-14T23:59:59Z&startRange=2025-05-15T09:00:00Z,19.0,1835.0,1.0,5.0,<Response [200]>
,,,,,,IAD,,,,,ATL,,,,2025-10-14T23:59:59Z,2025-05-15T09:00:00Z,destination=IAD&origin=ATL&endRange=2025-10-14T23:59:59Z&startRange=2025-05-15T09:00:00Z,19.0,1836.0,1.0,5.0,<Response [200]>
,,,,,,TLH,,,,,ATL,,,,2025-10-14T23:59:59Z,2025-05-15T09:00:00Z,destination=TLH&origin=ATL&endRange=2025-10-14T23:59:59Z&startRange=2025-05-15T09:00:00Z,20.0,1946.0,1.0,5.0,<Response [200]>
,,,,,,MSY,,,,,ATL,,,,2025-10-14T23:59:59Z,2025-05-15T09:00:00Z,destination=MSY&origin=ATL&endRange=2025-10-14T23:59:59Z&startRange=2025-05-15T09:00:00Z,20.0,1950.0,1.0,5.0,<Response [200]>
,,,,,,JFK,,,,,SLC,,,,2025-10-14T23:59:59Z,2025-05-15T09:00:00Z,destination=JFK&origin=SLC&endRange=2025-10-14T23:59:59Z&startRange=2025-05-15T09:00:00Z,20.0,1956.0,1.0,5.0,<Response [200]>
,,,,,,DTW,,,,,ORD,,,,2025-10-14T23:59:59Z,2025-05-15T09:00:00Z,destination=DTW&origin=ORD&endRange=2025-10-14T23:59:59Z&startRange=2025-05-15T09:00:00Z,20.0,1960.0,1.0,5.0,<Response [200]>
,,,,,,ATL,,,,,PHX,,,,2025-10-14T23:59:59Z,2025-05-15T09:00:00Z,destination=ATL&origin=PHX&endRange=2025-10-14T23:59:59Z&startRange=2025-05-15T09:00:00Z,20.0,1969.0,1.0,5.0,<Response [200]>
,,,,,,RIC,,,,,ATL,,,,2025-10-14T23:59:59Z,2025-05-15T09:00:00Z,destination=RIC&origin=ATL&endRange=2025-10-14T23:59:59Z&startRange=2025-05-15T09:00:00Z,20.0,1971.0,1.0,5.0,<Response [200]>
,,,,,,GSO,,,,,ATL,,,,2025-10-14T23:59:59Z,2025-05-15T09:00:00Z,destination=GSO&origin=ATL&endRange=2025-10-14T23:59:59Z&startRange=2025-05-15T09:00:00Z,20.0,1977.0,1.0,5.0,<Response [200]>
,,,,,,ATL,,,,,SAN,,,,2025-10-14T23:59:59Z,2025-05-15T09:00:00Z,destination=ATL&origin=SAN&endRange=2025-10-14T23:59:59Z&startRange=2025-05-15T09:00:00Z,21.0,2010.0,1.0,5.0,<Response [200]>
,,,,,,ATL,,,,,HSV,,,,2025-10-14T23:59:59Z,2025-05-15T09:00:00Z,destination=ATL&origin=HSV&endRange=2025-10-14T23:59:59Z&startRange=2025-05-15T09:00:00Z,21.0,2012.0,1.0,5.0,<Response [200]>
,,,,,,ORD,,,,,MSP,,,,2025-10-14T23:59:59Z,2025-05-15T09:00:00Z,destination=ORD&origin=MSP&endRange=2025-10-14T23:59:59Z&startRange=2025-05-15T09:00:00Z,21.0,2020.0,1.0,5.0,<Response [200]>
,,,,,,GSP,,,,,ATL,,,,2025-10-14T23:59:59Z,2025-05-15T09:00:00Z,destination=GSP&origin=ATL&endRange=2025-10-14T23:59:59Z&startRange=2025-05-15T09:00:00Z,22.0,2158.0,1.0,5.0,<Response [200]>
,,,,,,SEA,,,,,SFO,,,,2025-10-14T23:59:59Z,2025-05-15T09:00:00Z,destination=SEA&origin=SFO&endRange=2025-10-14T23:59:59Z&startRange=2025-05-15T09:00:00Z,22.0,2164.0,1.0,5.0,<Response [200]>
,,,,,,ATL,,,,,STL,,,,2025-10-14T23:59:59Z,2025-05-15T09:00:00Z,destination=ATL&origin=STL&endRange=2025-10-14T23:59:59Z&startRange=2025-05-15T09:00:00Z,22.0,2171.0,1.0,5.0,<Response [200]>
,,,,,,DEN,,,,,ATL,,,,2025-10-14T23:59:59Z,2025-05-15T09:00:00Z,destination=DEN&origin=ATL&endRange=2025-10-14T23:59:59Z&startRange=2025-05-15T09:00:00Z,22.0,2176.0,1.0,5.0,<Response [200]>
,,,,,,CVG,,,,,DTW,,,,2025-10-14T23:59:59Z,2025-05-15T09:00:00Z,destination=CVG&origin=DTW&endRange=2025-10-14T23:59:59Z&startRange=2025-05-15T09:00:00Z,22.0,2178.0,1.0,5.0,<Response [200]>
,,,,,,CMH,,,,,ATL,,,,2025-10-14T23:59:59Z,2025-05-15T09:00:00Z,destination=CMH&origin=ATL&endRange=2025-10-14T23:59:59Z&startRange=2025-05-15T09:00:00Z,22.0,2181.0,1.0,5.0,<Response [200]>
,,,,,,SLC,,,,,JFK,,,,2025-10-14T23:59:59Z,2025-05-15T09:00:00Z,destination=SLC&origin=JFK&endRange=2025-10-14T23:59:59Z&startRange=2025-05-15T09:00:00Z,22.0,2182.0,1.0,5.0,<Response [200]>
,,,,,,ATL,,,,,DEN,,,,2025-10-14T23:59:59Z,2025-05-15T09:00:00Z,destination=ATL&origin=DEN&endRange=2025-10-14T23:59:59Z&startRange=2025-05-15T09:00:00Z,22.0,2187.0,1.0,5.0,<Response [200]>
,,,,,,DTW,,,,,BOS,,,,2025-10-14T23:59:59Z,2025-05-15T09:00:00Z,destination=DTW&origin=BOS&endRange=2025-10-14T23:59:59Z&startRange=2025-05-15T09:00:00Z,19.0,1818.0,1.0,5.0,<Response [200]>
,,,,,,IAH,,,,,ATL,,,,2025-10-14T23:59:59Z,2025-05-15T09:00:00Z,destination=IAH&origin=ATL&endRange=2025-10-14T23:59:59Z&startRange=2025-05-15T09:00:00Z,19.0,1810.0,1.0,5.0,<Response [200]>
,,,,,,LAX,,,,,MSP,,,,2025-10-14T23:59:59Z,2025-05-15T09:00:00Z,destination=LAX&origin=MSP&endRange=2025-10-14T23:59:59Z&startRange=2025-05-15T09:00:00Z,20.0,1945.0,1.0,5.0,<Response [200]>
,,,,,,PHX,,,,,ATL,,,,2025-10-14T23:59:59Z,2025-05-15T09:00:00Z,destination=PHX&origin=ATL&endRange=2025-10-14T23:59:59Z&startRange=2025-05-15T09:00:00Z,20.0,1944.0,1.0,5.0,<Response [200]>
,,,,,,SFO,,,,,SEA,,,,2025-10-14T23:59:59Z,2025-05-15T09:00:00Z,destination=SFO&origin=SEA&endRange=2025-10-14T23:59:59Z&startRange=2025-05-15T09:00:00Z,20.0,1922.0,1.0,5.0,<Response [200]>
,,,,,,ATL,,,,,MEM,,,,2025-10-14T23:59:59Z,2025-05-15T09:00:00Z,destination=ATL&origin=MEM&endRange=2025-10-14T23:59:59Z&startRange=2025-05-15T09:00:00Z,20.0,1919.0,1.0,5.0,<Response [200]>
,,,,,,DTW,,,,,MCO,,,,2025-10-14T23:59:59Z,2025-05-15T09:00:00Z,destination=DTW&origin=MCO&endRange=2025-10-14T23:59:59Z&startRange=2025-05-15T09:00:00Z,22.0,2134.0,1.0,5.0,<Response [200]>
,,,,,,JFK,,,,,SEA,,,,2025-10-14T23:59:59Z,2025-05-15T09:00:00Z,destination=JFK&origin=SEA&endRange=2025-10-14T23:59:59Z&startRange=2025-05-15T09:00:00Z,22.0,2132.0,1.0,5.0,<Response [200]>
,,,,,,ATL,,,,,MIA,,,,2025-10-14T23:59:59Z,2025-05-15T09:00:00Z,destination=ATL&origin=MIA&endRange=2025-10-14T23:59:59Z&startRange=2025-05-15T09:00:00Z,22.0,2148.0,1.0,5.0,<Response [200]>
,,,,,,ATL,,,,,IAH,,,,2025-10-14T23:59:59Z,2025-05-15T09:00:00Z,destination=ATL&origin=IAH&endRange=2025-10-14T23:59:59Z&startRange=2025-05-15T09:00:00Z,22.0,2145.0,1.0,5.0,<Response [200]>
,,,,,,SAN,,,,,LAX,,,,2025-10-14T23:59:59Z,2025-05-15T09:00:00Z,destination=SAN&origin=LAX&endRange=2025-10-14T23:59:59Z&startRange=2025-05-15T09:00:00Z,16.0,1504.0,1.0,6.0,<Response [200]>
,,,,,,SFO,,,,,DTW,,,,2025-10-14T23:59:59Z,2025-05-15T09:00:00Z,destination=SFO&origin=DTW&endRange=2025-10-14T23:59:59Z&startRange=2025-05-15T09:00:00Z,16.0,1512.0,1.0,6.0,<Response [200]>
,,,,,,DTW,,,,,CLT,,,,2025-10-14T23:59:59Z,2025-05-15T09:00:00Z,destination=DTW&origin=CLT&endRange=2025-10-14T23:59:59Z&startRange=2025-05-15T09:00:00Z,16.0,1512.0,1.0,6.0,<Response [200]>
,,,,,,PIT,,,,,DTW,,,,2025-10-14T23:59:59Z,2025-05-15T09:00:00Z,destination=PIT&origin=DTW&endRange=2025-10-14T23:59:59Z&startRange=2025-05-15T09:00:00Z,16.0,1515.0,1.0,6.0,<Response [200]>
,,,,,,BOS,,,,,MSP,,,,2025-10-14T23:59:59Z,2025-05-15T09:00:00Z,destination=BOS&origin=MSP&endRange=2025-10-14T23:59:59Z&startRange=2025-05-15T09:00:00Z,18.0,1799.0,1.0,6.0,<Response [200]>
,,,,,,JFK,,,,,LAS,,,,2025-10-14T23:59:59Z,2025-05-15T09:00:00Z,destination=JFK&origin=LAS&endRange=2025-10-14T23:59:59Z&startRange=2025-05-15T09:00:00Z,18.0,1792.0,1.0,6.0,<Response [200]>
,,,,,,IAD,,,,,DTW,,,,2025-10-14T23:59:59Z,2025-05-15T09:00:00Z,destination=IAD&origin=DTW&endRange=2025-10-14T23:59:59Z&startRange=2025-05-15T09:00:00Z,18.0,1783.0,1.0,6.0,<Response [200]>
,,,,,,ATL,,,,,PIT,,,,2025-10-14T23:59:59Z,2025-05-15T09:00:00Z,destination=ATL&origin=PIT&endRange=2025-10-14T23:59:59Z&startRange=2025-05-15T09:00:00Z,18.0,1782.0,1.0,6.0,<Response [200]>
,,,,,,GRR,,,,,DTW,,,,2025-10-14T23:59:59Z,2025-05-15T09:00:00Z,destination=GRR&origin=DTW&endRange=2025-10-14T23:59:59Z&startRange=2025-05-15T09:00:00Z,18.0,1781.0,1.0,6.0,<Response [200]>
,,,,,,MSP,,,,,PHX,,,,2025-10-14T23:59:59Z,2025-05-15T09:00:00Z,destination=MSP&origin=PHX&endRange=2025-10-14T23:59:59Z&startRange=2025-05-15T09:00:00Z,18.0,1779.0,1.0,6.0,<Response [200]>
,,,,,,JAN,,,,,ATL,,,,2025-10-14T23:59:59Z,2025-05-15T09:00:00Z,destination=JAN&origin=ATL&endRange=2025-10-14T23:59:59Z&startRange=2025-05-15T09:00:00Z,18.0,1779.0,1.0,6.0,<Response [200]>
,,,,,,DCA,,,,,BOS,,,,2025-10-14T23:59:59Z,2025-05-15T09:00:00Z,destination=DCA&origin=BOS&endRange=2025-10-14T23:59:59Z&startRange=2025-05-15T09:00:00Z,18.0,1771.0,1.0,6.0,<Response [200]>
,,,,,,CLE,,,,,DTW,,,,2025-10-14T23:59:59Z,2025-05-15T09:00:00Z,destination=CLE&origin=DTW&endRange=2025-10-14T23:59:59Z&startRange=2025-05-15T09:00:00Z,18.0,1769.0,1.0,6.0,<Response [200]>
,,,,,,LAS,,,,,DTW,,,,2025-10-14T23:59:59Z,2025-05-15T09:00:00Z,destination=LAS&origin=DTW&endRange=2025-10-14T23:59:59Z&startRange=2025-05-15T09:00:00Z,18.0,1767.0,1.0,6.0,<Response [200]>
,,,,,,PHL,,,,,MSP,,,,2025-10-14T23:59:59Z,2025-05-15T09:00:00Z,destination=PHL&origin=MSP&endRange=2025-10-14T23:59:59Z&startRange=2025-05-15T09:00:00Z,18.0,1747.0,1.0,6.0,<Response [200]>
,,,,,,ATL,,,,,PNS,,,,2025-10-14T23:59:59Z,2025-05-15T09:00:00Z,destination=ATL&origin=PNS&endRange=2025-10-14T23:59:59Z&startRange=2025-05-15T09:00:00Z,18.0,1745.0,1.0,6.0,<Response [200]>
,,,,,,DTW,,,,,SEA,,,,2025-10-14T23:59:59Z,2025-05-15T09:00:00Z,destination=DTW&origin=SEA&endRange=2025-10-14T23:59:59Z&startRange=2025-05-15T09:00:00Z,18.0,1731.0,1.0,6.0,<Response [200]>
,,,,,,MSP,,,,,LAS,,,,2025-10-14T23:59:59Z,2025-05-15T09:00:00Z,destination=MSP&origin=LAS&endRange=2025-10-14T23:59:59Z&startRange=2025-05-15T09:00:00Z,18.0,1728.0,1.0,6.0,<Response [200]>
,,,,,,ATL,,,,,SAV,,,,2025-10-14T23:59:59Z,2025-05-15T09:00:00Z,destination=ATL&origin=SAV&endRange=2025-10-14T23:59:59Z&startRange=2025-05-15T09:00:00Z,18.0,1728.0,1.0,6.0,<Response [200]>
,,,,,,PHX,,,,,SLC,,,,2025-10-14T23:59:59Z,2025-05-15T09:00:00Z,destination=PHX&origin=SLC&endRange=2025-10-14T23:59:59Z&startRange=2025-05-15T09:00:00Z,18.0,1724.0,1.0,6.0,<Response [200]>
,,,,,,LGA,,,,,BOS,,,,2025-10-14T23:59:59Z,2025-05-15T09:00:00Z,destination=LGA&origin=BOS&endRange=2025-10-14T23:59:59Z&startRange=2025-05-15T09:00:00Z,18.0,1720.0,1.0,6.0,<Response [200]>
,,,,,,JFK,,,,,CLT,,,,2025-10-14T23:59:59Z,2025-05-15T09:00:00Z,destination=JFK&origin=CLT&endRange=2025-10-14T23:59:59Z&startRange=2025-05-15T09:00:00Z,18.0,1713.0,1.0,6.0,<Response [200]>
,,,,,,ATL,,,,,PBI,,,,2025-10-14T23:59:59Z,2025-05-15T09:00:00Z,destination=ATL&origin=PBI&endRange=2025-10-14T23:59:59Z&startRange=2025-05-15T09:00:00Z,18.0,1710.0,1.0,6.0,<Response [200]>
,,,,,,MCO,,,,,JFK,,,,2025-10-14T23:59:59Z,2025-05-15T09:00:00Z,destination=MCO&origin=JFK&endRange=2025-10-14T23:59:59Z&startRange=2025-05-15T09:00:00Z,18.0,1708.0,1.0,6.0,<Response [200]>
,,,,,,MKE,,,,,MSP,,,,2025-10-14T23:59:59Z,2025-05-15T09:00:00Z,destination=MKE&origin=MSP&endRange=2025-10-14T23:59:59Z&startRange=2025-05-15T09:00:00Z,18.0,1708.0,1.0,6.0,<Response [200]>
,,,,,,SLC,,,,,LAS,,,,2025-10-14T23:59:59Z,2025-05-15T09:00:00Z,destination=SLC&origin=LAS&endRange=2025-10-14T23:59:59Z&startRange=2025-05-15T09:00:00Z,17.0,1698.0,1.0,6.0,<Response [200]>
,,,,,,ATL,,,,,TLH,,,,2025-10-14T23:59:59Z,2025-05-15T09:00:00Z,destination=ATL&origin=TLH&endRange=2025-10-14T23:59:59Z&startRange=2025-05-15T09:00:00Z,17.0,1695.0,1.0,6.0,<Response [200]>
,,,,,,ATL,,,,,JAN,,,,2025-10-14T23:59:59Z,2025-05-15T09:00:00Z,destination=ATL&origin=JAN&endRange=2025-10-14T23:59:59Z&startRange=2025-05-15T09:00:00Z,17.0,1690.0,1.0,6.0,<Response [200]>
,,,,,,MSP,,,,,MSN,,,,2025-10-14T23:59:59Z,2025-05-15T09:00:00Z,destination=MSP&origin=MSN&endRange=2025-10-14T23:59:59Z&startRange=2025-05-15T09:00:00Z,17.0,1688.0,1.0,6.0,<Response [200]>
,,,,,,SFO,,,,,LAX,,,,2025-10-14T23:59:59Z,2025-05-15T09:00:00Z,destination=SFO&origin=LAX&endRange=2025-10-14T23:59:59Z&startRange=2025-05-15T09:00:00Z,17.0,1674.0,1.0,6.0,<Response [200]>
,,,,,,JFK,,,,,ORD,,,,2025-10-14T23:59:59Z,2025-05-15T09:00:00Z,destination=JFK&origin=ORD&endRange=2025-10-14T23:59:59Z&startRange=2025-05-15T09:00:00Z,17.0,1674.0,1.0,6.0,<Response [200]>
,,,,,,MCI,,,,,MSP,,,,2025-10-14T23:59:59Z,2025-05-15T09:00:00Z,destination=MCI&origin=MSP&endRange=2025-10-14T23:59:59Z&startRange=2025-05-15T09:00:00Z,17.0,1666.0,1.0,6.0,<Response [200]>
,,,,,,ATL,,,,,RSW,,,,2025-10-14T23:59:59Z,2025-05-15T09:00:00Z,destination=ATL&origin=RSW&endRange=2025-10-14T23:59:59Z&startRange=2025-05-15T09:00:00Z,17.0,1659.0,1.0,6.0,<Response [200]>
,,,,,,ATL,,,,,RIC,,,,2025-10-14T23:59:59Z,2025-05-15T09:00:00Z,destination=ATL&origin=RIC&endRange=2025-10-14T23:59:59Z&startRange=2025-05-15T09:00:00Z,17.0,1658.0,1.0,6.0,<Response [200]>
,,,,,,ATL,,,,,CAE,,,,2025-10-14T23:59:59Z,2025-05-15T09:00:00Z,destination=ATL&origin=CAE&endRange=2025-10-14T23:59:59Z&startRange=2025-05-15T09:00:00Z,17.0,1655.0,1.0,6.0,<Response [200]>
,,,,,,ATL,,,,,CMH,,,,2025-10-14T23:59:59Z,2025-05-15T09:00:00Z,destination=ATL&origin=CMH&endRange=2025-10-14T23:59:59Z&startRange=2025-05-15T09:00:00Z,17.0,1648.0,1.0,6.0,<Response [200]>
,,,,,,IND,,,,,DTW,,,,2025-10-14T23:59:59Z,2025-05-15T09:00:00Z,destination=IND&origin=DTW&endRange=2025-10-14T23:59:59Z&startRange=2025-05-15T09:00:00Z,17.0,1646.0,1.0,6.0,<Response [200]>
,,,,,,ATL,,,,,BHM,,,,2025-10-14T23:59:59Z,2025-05-15T09:00:00Z,destination=ATL&origin=BHM&endRange=2025-10-14T23:59:59Z&startRange=2025-05-15T09:00:00Z,17.0,1646.0,1.0,6.0,<Response [200]>
,,,,,,DTW,,,,,CVG,,,,2025-10-14T23:59:59Z,2025-05-15T09:00:00Z,destination=DTW&origin=CVG&endRange=2025-10-14T23:59:59Z&startRange=2025-05-15T09:00:00Z,17.0,1639.0,1.0,6.0,<Response [200]>
,,,,,,SFO,,,,,JFK,,,,2025-10-14T23:59:59Z,2025-05-15T09:00:00Z,destination=SFO&origin=JFK&endRange=2025-10-14T23:59:59Z&startRange=2025-05-15T09:00:00Z,17.0,1639.0,1.0,6.0,<Response [200]>
,,,,,,ATL,,,,,BDL,,,,2025-10-14T23:59:59Z,2025-05-15T09:00:00Z,destination=ATL&origin=BDL&endRange=2025-10-14T23:59:59Z&startRange=2025-05-15T09:00:00Z,17.0,1638.0,1.0,6.0,<Response [200]>
,,,,,,DTW,,,,,DCA,,,,2025-10-14T23:59:59Z,2025-05-15T09:00:00Z,destination=DTW&origin=DCA&endRange=2025-10-14T23:59:59Z&startRange=2025-05-15T09:00:00Z,17.0,1636.0,1.0,6.0,<Response [200]>
,,,,,,LAX,,,,,LAS,,,,2025-10-14T23:59:59Z,2025-05-15T09:00:00Z,destination=LAX&origin=LAS&endRange=2025-10-14T23:59:59Z&startRange=2025-05-15T09:00:00Z,17.0,1632.0,1.0,6.0,<Response [200]>
,,,,,,SAT,,,,,ATL,,,,2025-10-14T23:59:59Z,2025-05-15T09:00:00Z,destination=SAT&origin=ATL&endRange=2025-10-14T23:59:59Z&startRange=2025-05-15T09:00:00Z,17.0,1631.0,1.0,6.0,<Response [200]>
,,,,,,JFK,,,,,CVG,,,,2025-10-14T23:59:59Z,2025-05-15T09:00:00Z,destination=JFK&origin=CVG&endRange=2025-10-14T23:59:59Z&startRange=2025-05-15T09:00:00Z,17.0,1616.0,1.0,6.0,<Response [200]>
,,,,,,JFK,,,,,MCO,,,,2025-10-14T23:59:59Z,2025-05-15T09:00:00Z,destination=JFK&origin=MCO&endRange=2025-10-14T23:59:59Z&startRange=2025-05-15T09:00:00Z,16.0,1598.0,1.0,6.0,<Response [200]>
,,,,,,LAX,,,,,SFO,,,,2025-10-14T23:59:59Z,2025-05-15T09:00:00Z,destination=LAX&origin=SFO&endRange=2025-10-14T23:59:59Z&startRange=2025-05-15T09:00:00Z,16.0,1591.0,1.0,6.0,<Response [200]>
,,,,,,RDU,,,,,MSP,,,,2025-10-14T23:59:59Z,2025-05-15T09:00:00Z,destination=RDU&origin=MSP&endRange=2025-10-14T23:59:59Z&startRange=2025-05-15T09:00:00Z,16.0,1590.0,1.0,6.0,<Response [200]>
,,,,,,MSP,,,,,CLE,,,,2025-10-14T23:59:59Z,2025-05-15T09:00:00Z,destination=MSP&origin=CLE&endRange=2025-10-14T23:59:59Z&startRange=2025-05-15T09:00:00Z,16.0,1589.0,1.0,6.0,<Response [200]>
,,,,,,LAS,,,,,LAX,,,,2025-10-14T23:59:59Z,2025-05-15T09:00:00Z,destination=LAS&origin=LAX&endRange=2025-10-14T23:59:59Z&startRange=2025-05-15T09:00:00Z,16.0,1583.0,1.0,6.0,<Response [200]>
,,,,,,MSP,,,,,STL,,,,2025-10-14T23:59:59Z,2025-05-15T09:00:00Z,destination=MSP&origin=STL&endRange=2025-10-14T23:59:59Z&startRange=2025-05-15T09:00:00Z,16.0,1581.0,1.0,6.0,<Response [200]>
,,,,,,ATL,,,,,ORF,,,,2025-10-14T23:59:59Z,2025-05-15T09:00:00Z,destination=ATL&origin=ORF&endRange=2025-10-14T23:59:59Z&startRange=2025-05-15T09:00:00Z,16.0,1576.0,1.0,6.0,<Response [200]>
,,,,,,BUF,,,,,DTW,,,,2025-10-14T23:59:59Z,2025-05-15T09:00:00Z,destination=BUF&origin=DTW&endRange=2025-10-14T23:59:59Z&startRange=2025-05-15T09:00:00Z,16.0,1572.0,1.0,6.0,<Response [200]>
,,,,,,ATL,,,,,SDF,,,,2025-10-14T23:59:59Z,2025-05-15T09:00:00Z,destination=ATL&origin=SDF&endRange=2025-10-14T23:59:59Z&startRange=2025-05-15T09:00:00Z,16.0,1570.0,1.0,6.0,<Response [200]>
,,,,,,SLC,,,,,LAX,,,,2025-10-14T23:59:59Z,2025-05-15T09:00:00Z,destination=SLC&origin=LAX&endRange=2025-10-14T23:59:59Z&startRange=2025-05-15T09:00:00Z,16.0,1555.0,1.0,6.0,<Response [200]>
,,,,,,PHX,,,,,MSP,,,,2025-10-14T23:59:59Z,2025-05-15T09:00:00Z,destination=PHX&origin=MSP&endRange=2025-10-14T23:59:59Z&startRange=2025-05-15T09:00:00Z,16.0,1548.0,1.0,6.0,<Response [200]>
,,,,,,MSP,,,,,RDU,,,,2025-10-14T23:59:59Z,2025-05-15T09:00:00Z,destination=MSP&origin=RDU&endRange=2025-10-14T23:59:59Z&startRange=2025-05-15T09:00:00Z,16.0,1547.0,1.0,6.0,<Response [200]>
,,,,,,STL,,,,,MSP,,,,2025-10-14T23:59:59Z,2025-05-15T09:00:00Z,destination=STL&origin=MSP&endRange=2025-10-14T23:59:59Z&startRange=2025-05-15T09:00:00Z,16.0,1546.0,1.0,6.0,<Response [200]>
,,,,,,ATL,,,,,SRQ,,,,2025-10-14T23:59:59Z,2025-05-15T09:00:00Z,destination=ATL&origin=SRQ&endRange=2025-10-14T23:59:59Z&startRange=2025-05-15T09:00:00Z,16.0,1537.0,1.0,6.0,<Response [200]>
,,,,,,DCA,,,,,DTW,,,,2025-10-14T23:59:59Z,2025-05-15T09:00:00Z,destination=DCA&origin=DTW&endRange=2025-10-14T23:59:59Z&startRange=2025-05-15T09:00:00Z,16.0,1530.0,1.0,6.0,<Response [200]>
,,,,,,CLT,,,,,DTW,,,,2025-10-14T23:59:59Z,2025-05-15T09:00:00Z,destination=CLT&origin=DTW&endRange=2025-10-14T23:59:59Z&startRange=2025-05-15T09:00:00Z,16.0,1530.0,1.0,6.0,<Response [200]>
,,,,,,ATL,,,,,GSO,,,,2025-10-14T23:59:59Z,2025-05-15T09:00:00Z,destination=ATL&origin=GSO&endRange=2025-10-14T23:59:59Z&startRange=2025-05-15T09:00:00Z,16.0,1522.0,1.0,6.0,<Response [200]>
,,,,,,MSN,,,,,MSP,,,,2025-10-14T23:59:59Z,2025-05-15T09:00:00Z,destination=MSN&origin=MSP&endRange=2025-10-14T23:59:59Z&startRange=2025-05-15T09:00:00Z,16.0,1522.0,1.0,6.0,<Response [200]>
,,,,,,SLC,,,,,PDX,,,,2025-10-14T23:59:59Z,2025-05-15T09:00:00Z,destination=SLC&origin=PDX&endRange=2025-10-14T23:59:59Z&startRange=2025-05-15T09:00:00Z,16.0,1520.0,1.0,6.0,<Response [200]>
,,,,,,CVG,,,,,BOS,,,,2025-10-14T23:59:59Z,2025-05-15T09:00:00Z,destination=CVG&origin=BOS&endRange=2025-10-14T23:59:59Z&startRange=2025-05-15T09:00:00Z,14.0,1341.0,1.0,7.0,<Response [200]>
,,,,,,JFK,,,,,MIA,,,,2025-10-14T23:59:59Z,2025-05-15T09:00:00Z,destination=JFK&origin=MIA&endRange=2025-10-14T23:59:59Z&startRange=2025-05-15T09:00:00Z,14.0,1336.0,1.0,7.0,<Response [200]>
,,,,,,ATL,,,,,PDX,,,,2025-10-14T23:59:59Z,2025-05-15T09:00:00Z,destination=ATL&origin=PDX&endRange=2025-10-14T23:59:59Z&startRange=2025-05-15T09:00:00Z,14.0,1333.0,1.0,7.0,<Response [200]>
,,,,,,BDL,,,,,MSP,,,,2025-10-14T23:59:59Z,2025-05-15T09:00:00Z,destination=BDL&origin=MSP&endRange=2025-10-14T23:59:59Z&startRange=2025-05-15T09:00:00Z,14.0,1333.0,1.0,7.0,<Response [200]>
,,,,,,MEM,,,,,MSP,,,,2025-10-14T23:59:59Z,2025-05-15T09:00:00Z,destination=MEM&origin=MSP&endRange=2025-10-14T23:59:59Z&startRange=2025-05-15T09:00:00Z,14.0,1331.0,1.0,7.0,<Response [200]>
,,,,,,EWR,,,,,DTW,,,,2025-10-14T23:59:59Z,2025-05-15T09:00:00Z,destination=EWR&origin=DTW&endRange=2025-10-14T23:59:59Z&startRange=2025-05-15T09:00:00Z,14.0,1327.0,1.0,7.0,<Response [200]>
,,,,,,SLC,,,,,SAN,,,,2025-10-14T23:59:59Z,2025-05-15T09:00:00Z,destination=SLC&origin=SAN&endRange=2025-10-14T23:59:59Z&startRange=2025-05-15T09:00:00Z,14.0,1325.0,1.0,7.0,<Response [200]>
,,,,,,DTW,,,,,CMH,,,,2025-10-14T23:59:59Z,2025-05-15T09:00:00Z,destination=DTW&origin=CMH&endRange=2025-10-14T23:59:59Z&startRange=2025-05-15T09:00:00Z,14.0,1324.0,1.0,7.0,<Response [200]>
,,,,,,MCO,,,,,BOS,,,,2025-10-14T23:59:59Z,2025-05-15T09:00:00Z,destination=MCO&origin=BOS&endRange=2025-10-14T23:59:59Z&startRange=2025-05-15T09:00:00Z,14.0,1323.0,1.0,7.0,<Response [200]>
,,,,,,MYR,,,,,ATL,,,,2025-10-14T23:59:59Z,2025-05-15T09:00:00Z,destination=MYR&origin=ATL&endRange=2025-10-14T23:59:59Z&startRange=2025-05-15T09:00:00Z,14.0,1317.0,1.0,7.0,<Response [200]>
,,,,,,ATL,,,,,SNA,,,,2025-10-14T23:59:59Z,2025-05-15T09:00:00Z,destination=ATL&origin=SNA&endRange=2025-10-14T23:59:59Z&startRange=2025-05-15T09:00:00Z,14.0,1315.0,1.0,7.0,<Response [200]>
,,,,,,JFK,,,,,RDU,,,,2025-10-14T23:59:59Z,2025-05-15T09:00:00Z,destination=JFK&origin=RDU&endRange=2025-10-14T23:59:59Z&startRange=2025-05-15T09:00:00Z,14.0,1314.0,1.0,7.0,<Response [200]>
,,,,,,SLC,,,,,DEN,,,,2025-10-14T23:59:59Z,2025-05-15T09:00:00Z,destination=SLC&origin=DEN&endRange=2025-10-14T23:59:59Z&startRange=2025-05-15T09:00:00Z,14.0,1313.0,1.0,7.0,<Response [200]>
,,,,,,HOU,,,,,ATL,,,,2025-10-14T23:59:59Z,2025-05-15T09:00:00Z,destination=HOU&origin=ATL&endRange=2025-10-14T23:59:59Z&startRange=2025-05-15T09:00:00Z,14.0,1310.0,1.0,7.0,<Response [200]>
,,,,,,JED,,,,,RUH,,,,2025-10-14T23:59:59Z,2025-05-15T09:00:00Z,destination=JED&origin=RUH&endRange=2025-10-14T23:59:59Z&startRange=2025-05-15T09:00:00Z,14.0,1302.0,1.0,7.0,<Response [200]>
,,,,,,SRQ,,,,,ATL,,,,2025-10-14T23:59:59Z,2025-05-15T09:00:00Z,destination=SRQ&origin=ATL&endRange=2025-10-14T23:59:59Z&startRange=2025-05-15T09:00:00Z,14.0,1302.0,1.0,7.0,<Response [200]>
,,,,,,JFK,,,,,BUF,,,,2025-10-14T23:59:59Z,2025-05-15T09:00:00Z,destination=JFK&origin=BUF&endRange=2025-10-14T23:59:59Z&startRange=2025-05-15T09:00:00Z,14.0,1379.0,1.0,7.0,<Response [200]>
,,,,,,DEN,,,,,MSP,,,,2025-10-14T23:59:59Z,2025-05-15T09:00:00Z,destination=DEN&origin=MSP&endRange=2025-10-14T23:59:59Z&startRange=2025-05-15T09:00:00Z,14.0,1378.0,1.0,7.0,<Response [200]>
,,,,,,ATL,,,,,CHS,,,,2025-10-14T23:59:59Z,2025-05-15T09:00:00Z,destination=ATL&origin=CHS&endRange=2025-10-14T23:59:59Z&startRange=2025-05-15T09:00:00Z,14.0,1377.0,1.0,7.0,<Response [200]>
,,,,,,PDX,,,,,SLC,,,,2025-10-14T23:59:59Z,2025-05-15T09:00:00Z,destination=PDX&origin=SLC&endRange=2025-10-14T23:59:59Z&startRange=2025-05-15T09:00:00Z,14.0,1373.0,1.0,7.0,<Response [200]>
,,,,,,PHX,,,,,SEA,,,,2025-10-14T23:59:59Z,2025-05-15T09:00:00Z,destination=PHX&origin=SEA&endRange=2025-10-14T23:59:59Z&startRange=2025-05-15T09:00:00Z,14.0,1373.0,1.0,7.0,<Response [200]>
,,,,,,JFK,,,,,PHX,,,,2025-10-14T23:59:59Z,2025-05-15T09:00:00Z,destination=JFK&origin=PHX&endRange=2025-10-14T23:59:59Z&startRange=2025-05-15T09:00:00Z,14.0,1369.0,1.0,7.0,<Response [200]>
,,,,,,LAS,,,,,SLC,,,,2025-10-14T23:59:59Z,2025-05-15T09:00:00Z,destination=LAS&origin=SLC&endRange=2025-10-14T23:59:59Z&startRange=2025-05-15T09:00:00Z,14.0,1366.0,1.0,7.0,<Response [200]>
,,,,,,DEN,,,,,SEA,,,,2025-10-14T23:59:59Z,2025-05-15T09:00:00Z,destination=DEN&origin=SEA&endRange=2025-10-14T23:59:59Z&startRange=2025-05-15T09:00:00Z,14.0,1366.0,1.0,7.0,<Response [200]>
,,,,,,SFO,,,,,MSP,,,,2025-10-14T23:59:59Z,2025-05-15T09:00:00Z,destination=SFO&origin=MSP&endRange=2025-10-14T23:59:59Z&startRange=2025-05-15T09:00:00Z,14.0,1364.0,1.0,7.0,<Response [200]>
,,,,,,LAS,,,,,SEA,,,,2025-10-14T23:59:59Z,2025-05-15T09:00:00Z,destination=LAS&origin=SEA&endRange=2025-10-14T23:59:59Z&startRange=2025-05-15T09:00:00Z,14.0,1363.0,1.0,7.0,<Response [200]>
,,,,,,ORD,,,,,JFK,,,,2025-10-14T23:59:59Z,2025-05-15T09:00:00Z,destination=ORD&origin=JFK&endRange=2025-10-14T23:59:59Z&startRange=2025-05-15T09:00:00Z,14.0,1359.0,1.0,7.0,<Response [200]>
,,,,,,ATL,,,,,HOU,,,,2025-10-14T23:59:59Z,2025-05-15T09:00:00Z,destination=ATL&origin=HOU&endRange=2025-10-14T23:59:59Z&startRange=2025-05-15T09:00:00Z,14.0,1358.0,1.0,7.0,<Response [200]>
,,,,,,ATL,,,,,DAL,,,,2025-10-14T23:59:59Z,2025-05-15T09:00:00Z,destination=ATL&origin=DAL&endRange=2025-10-14T23:59:59Z&startRange=2025-05-15T09:00:00Z,14.0,1358.0,1.0,7.0,<Response [200]>
,,,,,,ATL,,,,,YYZ,,,,2025-10-14T23:59:59Z,2025-05-15T09:00:00Z,destination=ATL&origin=YYZ&endRange=2025-10-14T23:59:59Z&startRange=2025-05-15T09:00:00Z,14.0,1353.0,1.0,7.0,<Response [200]>
,,,,,,DTW,,,,,LAS,,,,2025-10-14T23:59:59Z,2025-05-15T09:00:00Z,destination=DTW&origin=LAS&endRange=2025-10-14T23:59:59Z&startRange=2025-05-15T09:00:00Z,14.0,1349.0,1.0,7.0,<Response [200]>
,,,,,,DTW,,,,,CLE,,,,2025-10-14T23:59:59Z,2025-05-15T09:00:00Z,destination=DTW&origin=CLE&endRange=2025-10-14T23:59:59Z&startRange=2025-05-15T09:00:00Z,14.0,1349.0,1.0,7.0,<Response [200]>
,,,,,,GEG,,,,,SEA,,,,2025-10-14T23:59:59Z,2025-05-15T09:00:00Z,destination=GEG&origin=SEA&endRange=2025-10-14T23:59:59Z&startRange=2025-05-15T09:00:00Z,15.0,1452.0,1.0,7.0,<Response [200]>
,,,,,,DTW,,,,,PIT,,,,2025-10-14T23:59:59Z,2025-05-15T09:00:00Z,destination=DTW&origin=PIT&endRange=2025-10-14T23:59:59Z&startRange=2025-05-15T09:00:00Z,15.0,1450.0,1.0,7.0,<Response [200]>
,,,,,,ATL,,,,,IND,,,,2025-10-14T23:59:59Z,2025-05-15T09:00:00Z,destination=ATL&origin=IND&endRange=2025-10-14T23:59:59Z&startRange=2025-05-15T09:00:00Z,15.0,1443.0,1.0,7.0,<Response [200]>
,,,,,,SLC,,,,,SNA,,,,2025-10-14T23:59:59Z,2025-05-15T09:00:00Z,destination=SLC&origin=SNA&endRange=2025-10-14T23:59:59Z&startRange=2025-05-15T09:00:00Z,15.0,1432.0,1.0,7.0,<Response [200]>
,,,,,,JFK,,,,,FLL,,,,2025-10-14T23:59:59Z,2025-05-15T09:00:00Z,destination=JFK&origin=FLL&endRange=2025-10-14T23:59:59Z&startRange=2025-05-15T09:00:00Z,15.0,1431.0,1.0,7.0,<Response [200]>
,,,,,,CMH,,,,,DTW,,,,2025-10-14T23:59:59Z,2025-05-15T09:00:00Z,destination=CMH&origin=DTW&endRange=2025-10-14T23:59:59Z&startRange=2025-05-15T09:00:00Z,15.0,1429.0,1.0,7.0,<Response [200]>
,,,,,,SEA,,,,,LAX,,,,2025-10-14T23:59:59Z,2025-05-15T09:00:00Z,destination=SEA&origin=LAX&endRange=2025-10-14T23:59:59Z&startRange=2025-05-15T09:00:00Z,15.0,1427.0,1.0,7.0,<Response [200]>
,,,,,,DTW,,,,,YYZ,,,,2025-10-14T23:59:59Z,2025-05-15T09:00:00Z,destination=DTW&origin=YYZ&endRange=2025-10-14T23:59:59Z&startRange=2025-05-15T09:00:00Z,15.0,1415.0,1.0,7.0,<Response [200]>
,,,,,,MKE,,,,,DTW,,,,2025-10-14T23:59:59Z,2025-05-15T09:00:00Z,destination=MKE&origin=DTW&endRange=2025-10-14T23:59:59Z&startRange=2025-05-15T09:00:00Z,15.0,1414.0,1.0,7.0,<Response [200]>
,,,,,,DTW,,,,,PHL,,,,2025-10-14T23:59:59Z,2025-05-15T09:00:00Z,destination=DTW&origin=PHL&endRange=2025-10-14T23:59:59Z&startRange=2025-05-15T09:00:00Z,15.0,1413.0,1.0,7.0,<Response [200]>
,,,,,,SLC,,,,,DFW,,,,2025-10-14T23:59:59Z,2025-05-15T09:00:00Z,destination=SLC&origin=DFW&endRange=2025-10-14T23:59:59Z&startRange=2025-05-15T09:00:00Z,15.0,1405.0,1.0,7.0,<Response [200]>
,,,,,,ATL,,,,,JAX,,,,2025-10-14T23:59:59Z,2025-05-15T09:00:00Z,destination=ATL&origin=JAX&endRange=2025-10-14T23:59:59Z&startRange=2025-05-15T09:00:00Z,15.0,1402.0,1.0,7.0,<Response [200]>
,,,,,,SAN,,,,,MSP,,,,2025-10-14T23:59:59Z,2025-05-15T09:00:00Z,destination=SAN&origin=MSP&endRange=2025-10-14T23:59:59Z&startRange=2025-05-15T09:00:00Z,15.0,1401.0,1.0,7.0,<Response [200]>
,,,,,,SEA,,,,,JFK,,,,2025-10-14T23:59:59Z,2025-05-15T09:00:00Z,destination=SEA&origin=JFK&endRange=2025-10-14T23:59:59Z&startRange=2025-05-15T09:00:00Z,14.0,1392.0,1.0,7.0,<Response [200]>
,,,,,,ATL,,,,,MYR,,,,2025-10-14T23:59:59Z,2025-05-15T09:00:00Z,destination=ATL&origin=MYR&endRange=2025-10-14T23:59:59Z&startRange=2025-05-15T09:00:00Z,14.0,1389.0,1.0,7.0,<Response [200]>
,,,,,,PDX,,,,,SEA,,,,2025-10-14T23:59:59Z,2025-05-15T09:00:00Z,destination=PDX&origin=SEA&endRange=2025-10-14T23:59:59Z&startRange=2025-05-15T09:00:00Z,14.0,1379.0,1.0,7.0,<Response [200]>
,,,,,,BOS,,,,,DTW,,,,2025-10-14T23:59:59Z,2025-05-15T09:00:00Z,destination=BOS&origin=DTW&endRange=2025-10-14T23:59:59Z&startRange=2025-05-15T09:00:00Z,15.0,1493.0,1.0,7.0,<Response [200]>
,,,,,,SEA,,,,,LAS,,,,2025-10-14T23:59:59Z,2025-05-15T09:00:00Z,destination=SEA&origin=LAS&endRange=2025-10-14T23:59:59Z&startRange=2025-05-15T09:00:00Z,15.0,1495.0,1.0,7.0,<Response [200]>
,,,,,,LGA,,,,,DTW,,,,2025-10-14T23:59:59Z,2025-05-15T09:00:00Z,destination=LGA&origin=DTW&endRange=2025-10-14T23:59:59Z&startRange=2025-05-15T09:00:00Z,15.0,1496.0,1.0,7.0,<Response [200]>
,,,,,,MEX,,,,,MTY,,,,2025-10-14T23:59:59Z,2025-05-15T09:00:00Z,destination=MEX&origin=MTY&endRange=2025-10-14T23:59:59Z&startRange=2025-05-15T09:00:00Z,15.0,1500.0,1.0,7.0,<Response [200]>
,,,,,,ATL,,,,,GSP,,,,2025-10-14T23:59:59Z,2025-05-15T09:00:00Z,destination=ATL&origin=GSP&endRange=2025-10-14T23:59:59Z&startRange=2025-05-15T09:00:00Z,15.0,1478.0,1.0,7.0,<Response [200]>
,,,,,,ORD,,,,,BOS,,,,2025-10-14T23:59:59Z,2025-05-15T09:00:00Z,destination=ORD&origin=BOS&endRange=2025-10-14T23:59:59Z&startRange=2025-05-15T09:00:00Z,15.0,1481.0,1.0,7.0,<Response [200]>
,,,,,,MEX,,,,,CUN,,,,2025-10-14T23:59:59Z,2025-05-15T09:00:00Z,destination=MEX&origin=CUN&endRange=2025-10-14T23:59:59Z&startRange=2025-05-15T09:00:00Z,15.0,1481.0,1.0,7.0,<Response [200]>
,,,,,,MSP,,,,,MKE,,,,2025-10-14T23:59:59Z,2025-05-15T09:00:00Z,destination=MSP&origin=MKE&endRange=2025-10-14T23:59:59Z&startRange=2025-05-15T09:00:00Z,15.0,1482.0,1.0,7.0,<Response [200]>
,,,,,,JFK,,,,,CLE,,,,2025-10-14T23:59:59Z,2025-05-15T09:00:00Z,destination=JFK&origin=CLE&endRange=2025-10-14T23:59:59Z&startRange=2025-05-15T09:00:00Z,15.0,1473.0,1.0,7.0,<Response [200]>
,,,,,,YYZ,,,,,ATL,,,,2025-10-14T23:59:59Z,2025-05-15T09:00:00Z,destination=YYZ&origin=ATL&endRange=2025-10-14T23:59:59Z&startRange=2025-05-15T09:00:00Z,15.0,1470.0,1.0,7.0,<Response [200]>
,,,,,,MSP,,,,,SAN,,,,2025-10-14T23:59:59Z,2025-05-15T09:00:00Z,destination=MSP&origin=SAN&endRange=2025-10-14T23:59:59Z&startRange=2025-05-15T09:00:00Z,15.0,1469.0,1.0,7.0,<Response [200]>
,,,,,,DTW,,,,,BUF,,,,2025-10-14T23:59:59Z,2025-05-15T09:00:00Z,destination=DTW&origin=BUF&endRange=2025-10-14T23:59:59Z&startRange=2025-05-15T09:00:00Z,15.0,1455.0,1.0,7.0,<Response [200]>
,,,,,,MSP,,,,,CVG,,,,2025-10-14T23:59:59Z,2025-05-15T09:00:00Z,destination=MSP&origin=CVG&endRange=2025-10-14T23:59:59Z&startRange=2025-05-15T09:00:00Z,12.0,1183.0,1.0,8.0,<Response [200]>
,,,,,,CHS,,,,,JFK,,,,2025-10-14T23:59:59Z,2025-05-15T09:00:00Z,destination=CHS&origin=JFK&endRange=2025-10-14T23:59:59Z&startRange=2025-05-15T09:00:00Z,12.0,1185.0,1.0,8.0,<Response [200]>
,,,,,,DTW,,,,,SFO,,,,2025-10-14T23:59:59Z,2025-05-15T09:00:00Z,destination=DTW&origin=SFO&endRange=2025-10-14T23:59:59Z&startRange=2025-05-15T09:00:00Z,12.0,1187.0,1.0,8.0,<Response [200]>
,,,,,,LAX,,,,,PHX,,,,2025-10-14T23:59:59Z,2025-05-15T09:00:00Z,destination=LAX&origin=PHX&endRange=2025-10-14T23:59:59Z&startRange=2025-05-15T09:00:00Z,12.0,1190.0,1.0,8.0,<Response [200]>
,,,,,,DCA,,,,,MSP,,,,2025-10-14T23:59:59Z,2025-05-15T09:00:00Z,destination=DCA&origin=MSP&endRange=2025-10-14T23:59:59Z&startRange=2025-05-15T09:00:00Z,12.0,1191.0,1.0,8.0,<Response [200]>
,,,,,,MSP,,,,,CLT,,,,2025-10-14T23:59:59Z,2025-05-15T09:00:00Z,destination=MSP&origin=CLT&endRange=2025-10-14T23:59:59Z&startRange=2025-05-15T09:00:00Z,12.0,1195.0,1.0,8.0,<Response [200]>
,,,,,,BNA,,,,,JFK,,,,2025-10-14T23:59:59Z,2025-05-15T09:00:00Z,destination=BNA&origin=JFK&endRange=2025-10-14T23:59:59Z&startRange=2025-05-15T09:00:00Z,12.0,1198.0,1.0,8.0,<Response [200]>
,,,,,,ATL,,,,,GPT,,,,2025-10-14T23:59:59Z,2025-05-15T09:00:00Z,destination=ATL&origin=GPT&endRange=2025-10-14T23:59:59Z&startRange=2025-05-15T09:00:00Z,12.0,1199.0,1.0,8.0,<Response [200]>
,,,,,,MEX,,,,,GDL,,,,2025-10-14T23:59:59Z,2025-05-15T09:00:00Z,destination=MEX&origin=GDL&endRange=2025-10-14T23:59:59Z&startRange=2025-05-15T09:00:00Z,13.0,1207.0,1.0,8.0,<Response [200]>
,,,,,,CLT,,,,,MSP,,,,2025-10-14T23:59:59Z,2025-05-15T09:00:00Z,destination=CLT&origin=MSP&endRange=2025-10-14T23:59:59Z&startRange=2025-05-15T09:00:00Z,13.0,1208.0,1.0,8.0,<Response [200]>
,,,,,,JFK,,,,,SAN,,,,2025-10-14T23:59:59Z,2025-05-15T09:00:00Z,destination=JFK&origin=SAN&endRange=2025-10-14T23:59:59Z&startRange=2025-05-15T09:00:00Z,13.0,1209.0,1.0,8.0,<Response [200]>
,,,,,,DTW,,,,,TPA,,,,2025-10-14T23:59:59Z,2025-05-15T09:00:00Z,destination=DTW&origin=TPA&endRange=2025-10-14T23:59:59Z&startRange=2025-05-15T09:00:00Z,13.0,1210.0,1.0,8.0,<Response [200]>
,,,,,,MSP,,,,,PDX,,,,2025-10-14T23:59:59Z,2025-05-15T09:00:00Z,destination=MSP&origin=PDX&endRange=2025-10-14T23:59:59Z&startRange=2025-05-15T09:00:00Z,13.0,1211.0,1.0,8.0,<Response [200]>
,,,,,,DTW,,,,,EWR,,,,2025-10-14T23:59:59Z,2025-05-15T09:00:00Z,destination=DTW&origin=EWR&endRange=2025-10-14T23:59:59Z&startRange=2025-05-15T09:00:00Z,13.0,1211.0,1.0,8.0,<Response [200]>
,,,,,,PDX,,,,,LAX,,,,2025-10-14T23:59:59Z,2025-05-15T09:00:00Z,destination=PDX&origin=LAX&endRange=2025-10-14T23:59:59Z&startRange=2025-05-15T09:00:00Z,13.0,1211.0,1.0,8.0,<Response [200]>
,,,,,,MSP,,,,,PHL,,,,2025-10-14T23:59:59Z,2025-05-15T09:00:00Z,destination=MSP&origin=PHL&endRange=2025-10-14T23:59:59Z&startRange=2025-05-15T09:00:00Z,13.0,1213.0,1.0,8.0,<Response [200]>
,,,,,,ATL,,,,,OMA,,,,2025-10-14T23:59:59Z,2025-05-15T09:00:00Z,destination=ATL&origin=OMA&endRange=2025-10-14T23:59:59Z&startRange=2025-05-15T09:00:00Z,12.0,1149.0,1.0,8.0,<Response [200]>
,,,,,,BOS,,,,,SLC,,,,2025-10-14T23:59:59Z,2025-05-15T09:00:00Z,destination=BOS&origin=SLC&endRange=2025-10-14T23:59:59Z&startRange=2025-05-15T09:00:00Z,12.0,1150.0,1.0,8.0,<Response [200]>
,,,,,,JFK,,,,,AUS,,,,2025-10-14T23:59:59Z,2025-05-15T09:00:00Z,destination=JFK&origin=AUS&endRange=2025-10-14T23:59:59Z&startRange=2025-05-15T09:00:00Z,12.0,1150.0,1.0,8.0,<Response [200]>
,,,,,,BNA,,,,,BOS,,,,2025-10-14T23:59:59Z,2025-05-15T09:00:00Z,destination=BNA&origin=BOS&endRange=2025-10-14T23:59:59Z&startRange=2025-05-15T09:00:00Z,12.0,1154.0,1.0,8.0,<Response [200]>
,,,,,,ATL,,,,,MSN,,,,2025-10-14T23:59:59Z,2025-05-15T09:00:00Z,destination=ATL&origin=MSN&endRange=2025-10-14T23:59:59Z&startRange=2025-05-15T09:00:00Z,12.0,1157.0,1.0,8.0,<Response [200]>
,,,,,,SFO,,,,,SLC,,,,2025-10-14T23:59:59Z,2025-05-15T09:00:00Z,destination=SFO&origin=SLC&endRange=2025-10-14T23:59:59Z&startRange=2025-05-15T09:00:00Z,12.0,1158.0,1.0,8.0,<Response [200]>
,,,,,,JFK,,,,,JAX,,,,2025-10-14T23:59:59Z,2025-05-15T09:00:00Z,destination=JFK&origin=JAX&endRange=2025-10-14T23:59:59Z&startRange=2025-05-15T09:00:00Z,12.0,1158.0,1.0,8.0,<Response [200]>
,,,,,,OMA,,,,,MSP,,,,2025-10-14T23:59:59Z,2025-05-15T09:00:00Z,destination=OMA&origin=MSP&endRange=2025-10-14T23:59:59Z&startRange=2025-05-15T09:00:00Z,12.0,1162.0,1.0,8.0,<Response [200]>
,,,,,,CLE,,,,,MSP,,,,2025-10-14T23:59:59Z,2025-05-15T09:00:00Z,destination=CLE&origin=MSP&endRange=2025-10-14T23:59:59Z&startRange=2025-05-15T09:00:00Z,12.0,1163.0,1.0,8.0,<Response [200]>
,,,,,,MSP,,,,,DEN,,,,2025-10-14T23:59:59Z,2025-05-15T09:00:00Z,destination=MSP&origin=DEN&endRange=2025-10-14T23:59:59Z&startRange=2025-05-15T09:00:00Z,12.0,1166.0,1.0,8.0,<Response [200]>
,,,,,,SEA,,,,,ONT,,,,2025-10-14T23:59:59Z,2025-05-15T09:00:00Z,destination=SEA&origin=ONT&endRange=2025-10-14T23:59:59Z&startRange=2025-05-15T09:00:00Z,12.0,1170.0,1.0,8.0,<Response [200]>
,,,,,,PDX,,,,,MSP,,,,2025-10-14T23:59:59Z,2025-05-15T09:00:00Z,destination=PDX&origin=MSP&endRange=2025-10-14T23:59:59Z&startRange=2025-05-15T09:00:00Z,12.0,1170.0,1.0,8.0,<Response [200]>
,,,,,,RIC,,,,,BOS,,,,2025-10-14T23:59:59Z,2025-05-15T09:00:00Z,destination=RIC&origin=BOS&endRange=2025-10-14T23:59:59Z&startRange=2025-05-15T09:00:00Z,12.0,1173.0,1.0,8.0,<Response [200]>
,,,,,,SEA,,,,,SAN,,,,2025-10-14T23:59:59Z,2025-05-15T09:00:00Z,destination=SEA&origin=SAN&endRange=2025-10-14T23:59:59Z&startRange=2025-05-15T09:00:00Z,12.0,1176.0,1.0,8.0,<Response [200]>
,,,,,,DTW,,,,,IAD,,,,2025-10-14T23:59:59Z,2025-05-15T09:00:00Z,destination=DTW&origin=IAD&endRange=2025-10-14T23:59:59Z&startRange=2025-05-15T09:00:00Z,12.0,1178.0,1.0,8.0,<Response [200]>
,,,,,,DEN,,,,,SLC,,,,2025-10-14T23:59:59Z,2025-05-15T09:00:00Z,destination=DEN&origin=SLC&endRange=2025-10-14T23:59:59Z&startRange=2025-05-15T09:00:00Z,12.0,1180.0,1.0,8.0,<Response [200]>
,,,,,,FLL,,,,,DTW,,,,2025-10-14T23:59:59Z,2025-05-15T09:00:00Z,destination=FLL&origin=DTW&endRange=2025-10-14T23:59:59Z&startRange=2025-05-15T09:00:00Z,12.0,1120.0,1.0,8.0,<Response [200]>
,,,,,,CVG,,,,,JFK,,,,2025-10-14T23:59:59Z,2025-05-15T09:00:00Z,destination=CVG&origin=JFK&endRange=2025-10-14T23:59:59Z&startRange=2025-05-15T09:00:00Z,12.0,1121.0,1.0,8.0,<Response [200]>
,,,,,,YYZ,,,,,DTW,,,,2025-10-14T23:59:59Z,2025-05-15T09:00:00Z,destination=YYZ&origin=DTW&endRange=2025-10-14T23:59:59Z&startRange=2025-05-15T09:00:00Z,12.0,1121.0,1.0,8.0,<Response [200]>
,,,,,,SYR,,,,,DTW,,,,2025-10-14T23:59:59Z,2025-05-15T09:00:00Z,destination=SYR&origin=DTW&endRange=2025-10-14T23:59:59Z&startRange=2025-05-15T09:00:00Z,12.0,1122.0,1.0,8.0,<Response [200]>
,,,,,,ANC,,,,,SEA,,,,2025-10-14T23:59:59Z,2025-05-15T09:00:00Z,destination=ANC&origin=SEA&endRange=2025-10-14T23:59:59Z&startRange=2025-05-15T09:00:00Z,12.0,1123.0,1.0,8.0,<Response [200]>
,,,,,,DTW,,,,,SAN,,,,2025-10-14T23:59:59Z,2025-05-15T09:00:00Z,destination=DTW&origin=SAN&endRange=2025-10-14T23:59:59Z&startRange=2025-05-15T09:00:00Z,12.0,1126.0,1.0,8.0,<Response [200]>
,,,,,,CLT,,,,,JFK,,,,2025-10-14T23:59:59Z,2025-05-15T09:00:00Z,destination=CLT&origin=JFK&endRange=2025-10-14T23:59:59Z&startRange=2025-05-15T09:00:00Z,12.0,1126.0,1.0,8.0,<Response [200]>
,,,,,,SLC,,,,,SJC,,,,2025-10-14T23:59:59Z,2025-05-15T09:00:00Z,destination=SLC&origin=SJC&endRange=2025-10-14T23:59:59Z&startRange=2025-05-15T09:00:00Z,12.0,1129.0,1.0,8.0,<Response [200]>
,,,,,,DTW,,,,,SAV,,,,2025-10-14T23:59:59Z,2025-05-15T09:00:00Z,destination=DTW&origin=SAV&endRange=2025-10-14T23:59:59Z&startRange=2025-05-15T09:00:00Z,12.0,1132.0,1.0,8.0,<Response [200]>
,,,,,,DTW,,,,,RDU,,,,2025-10-14T23:59:59Z,2025-05-15T09:00:00Z,destination=DTW&origin=RDU&endRange=2025-10-14T23:59:59Z&startRange=2025-05-15T09:00:00Z,12.0,1135.0,1.0,8.0,<Response [200]>
,,,,,,IND,,,,,MSP,,,,2025-10-14T23:59:59Z,2025-05-15T09:00:00Z,destination=IND&origin=MSP&endRange=2025-10-14T23:59:59Z&startRange=2025-05-15T09:00:00Z,12.0,1135.0,1.0,8.0,<Response [200]>
,,,,,,RDU,,,,,JFK,,,,2025-10-14T23:59:59Z,2025-05-15T09:00:00Z,destination=RDU&origin=JFK&endRange=2025-10-14T23:59:59Z&startRange=2025-05-15T09:00:00Z,12.0,1141.0,1.0,8.0,<Response [200]>
,,,,,,MSP,,,,,SFO,,,,2025-10-14T23:59:59Z,2025-05-15T09:00:00Z,destination=MSP&origin=SFO&endRange=2025-10-14T23:59:59Z&startRange=2025-05-15T09:00:00Z,12.0,1144.0,1.0,8.0,<Response [200]>
,,,,,,SLC,,,,,BOI,,,,2025-10-14T23:59:59Z,2025-05-15T09:00:00Z,destination=SLC&origin=BOI&endRange=2025-10-14T23:59:59Z&startRange=2025-05-15T09:00:00Z,12.0,1144.0,1.0,8.0,<Response [200]>
,,,,,,ONT,,,,,ATL,,,,2025-10-14T23:59:59Z,2025-05-15T09:00:00Z,destination=ONT&origin=ATL&endRange=2025-10-14T23:59:59Z&startRange=2025-05-15T09:00:00Z,12.0,1146.0,1.0,8.0,<Response [200]>
,,,,,,SEA,,,,,YVR,,,,2025-10-14T23:59:59Z,2025-05-15T09:00:00Z,destination=SEA&origin=YVR&endRange=2025-10-14T23:59:59Z&startRange=2025-05-15T09:00:00Z,12.0,1149.0,1.0,8.0,<Response [200]>
,,,,,,ATL,,,,,LIT,,,,2025-10-14T23:59:59Z,2025-05-15T09:00:00Z,destination=ATL&origin=LIT&endRange=2025-10-14T23:59:59Z&startRange=2025-05-15T09:00:00Z,12.0,1118.0,1.0,8.0,<Response [200]>
,,,,,,MSP,,,,,DCA,,,,2025-10-14T23:59:59Z,2025-05-15T09:00:00Z,destination=MSP&origin=DCA&endRange=2025-10-14T23:59:59Z&startRange=2025-05-15T09:00:00Z,12.0,1118.0,1.0,8.0,<Response [200]>
,,,,,,JFK,,,,,CMH,,,,2025-10-14T23:59:59Z,2025-05-15T09:00:00Z,destination=JFK&origin=CMH&endRange=2025-10-14T23:59:59Z&startRange=2025-05-15T09:00:00Z,12.0,1115.0,1.0,8.0,<Response [200]>
,,,,,,MTY,,,,,MEX,,,,2025-10-14T23:59:59Z,2025-05-15T09:00:00Z,destination=MTY&origin=MEX&endRange=2025-10-14T23:59:59Z&startRange=2025-05-15T09:00:00Z,12.0,1114.0,1.0,8.0,<Response [200]>
,,,,,,JFK,,,,,BNA,,,,2025-10-14T23:59:59Z,2025-05-15T09:00:00Z,destination=JFK&origin=BNA&endRange=2025-10-14T23:59:59Z&startRange=2025-05-15T09:00:00Z,12.0,1111.0,1.0,8.0,<Response [200]>
,,,,,,DTW,,,,,PHX,,,,2025-10-14T23:59:59Z,2025-05-15T09:00:00Z,destination=DTW&origin=PHX&endRange=2025-10-14T23:59:59Z&startRange=2025-05-15T09:00:00Z,12.0,1110.0,1.0,8.0,<Response [200]>
,,,,,,ATL,,,,,DAY,,,,2025-10-14T23:59:59Z,2025-05-15T09:00:00Z,destination=ATL&origin=DAY&endRange=2025-10-14T23:59:59Z&startRange=2025-05-15T09:00:00Z,12.0,1105.0,1.0,8.0,<Response [200]>
,,,,,,JFK,,,,,RIC,,,,2025-10-14T23:59:59Z,2025-05-15T09:00:00Z,destination=JFK&origin=RIC&endRange=2025-10-14T23:59:59Z&startRange=2025-05-15T09:00:00Z,12.0,1104.0,1.0,8.0,<Response [200]>
,,,,,,JFK,,,,,YYZ,,,,2025-10-14T23:59:59Z,2025-05-15T09:00:00Z,destination=JFK&origin=YYZ&endRange=2025-10-14T23:59:59Z&startRange=2025-05-15T09:00:00Z,13.0,1269.0,1.0,8.0,<Response [200]>
,,,,,,RIC,,,,,DTW,,,,2025-10-14T23:59:59Z,2025-05-15T09:00:00Z,destination=RIC&origin=DTW&endRange=2025-10-14T23:59:59Z&startRange=2025-05-15T09:00:00Z,13.0,1273.0,1.0,8.0,<Response [200]>
,,,,,,BNA,,,,,MSP,,,,2025-10-14T23:59:59Z,2025-05-15T09:00:00Z,destination=BNA&origin=MSP&endRange=2025-10-14T23:59:59Z&startRange=2025-05-15T09:00:00Z,13.0,1275.0,1.0,8.0,<Response [200]>
,,,,,,ILM,,,,,ATL,,,,2025-10-14T23:59:59Z,2025-05-15T09:00:00Z,destination=ILM&origin=ATL&endRange=2025-10-14T23:59:59Z&startRange=2025-05-15T09:00:00Z,13.0,1277.0,1.0,8.0,<Response [200]>
,,,,,,SEA,,,,,PDX,,,,2025-10-14T23:59:59Z,2025-05-15T09:00:00Z,destination=SEA&origin=PDX&endRange=2025-10-14T23:59:59Z&startRange=2025-05-15T09:00:00Z,13.0,1281.0,1.0,8.0,<Response [200]>
,,,,,,DAL,,,,,ATL,,,,2025-10-14T23:59:59Z,2025-05-15T09:00:00Z,destination=DAL&origin=ATL&endRange=2025-10-14T23:59:59Z&startRange=2025-05-15T09:00:00Z,13.0,1283.0,1.0,8.0,<Response [200]>
,,,,,,ORF,,,,,DTW,,,,2025-10-14T23:59:59Z,2025-05-15T09:00:00Z,destination=ORF&origin=DTW&endRange=2025-10-14T23:59:59Z&startRange=2025-05-15T09:00:00Z,13.0,1288.0,1.0,8.0,<Response [200]>
,,,,,,MCI,,,,,DTW,,,,2025-10-14T23:59:59Z,2025-05-15T09:00:00Z,destination=MCI&origin=DTW&endRange=2025-10-14T23:59:59Z&startRange=2025-05-15T09:00:00Z,13.0,1292.0,1.0,8.0,<Response [200]>
,,,,,,ATL,,,,,ECP,,,,2025-10-14T23:59:59Z,2025-05-15T09:00:00Z,destination=ATL&origin=ECP&endRange=2025-10-14T23:59:59Z&startRange=2025-05-15T09:00:00Z,13.0,1213.0,1.0,8.0,<Response [200]>
,,,,,,MSP,,,,,IAH,,,,2025-10-14T23:59:59Z,2025-05-15T09:00:00Z,destination=MSP&origin=IAH&endRange=2025-10-14T23:59:59Z&startRange=2025-05-15T09:00:00Z,13.0,1214.0,1.0,8.0,<Response [200]>
,,,,,,MSP,,,,,TPA,,,,2025-10-14T23:59:59Z,2025-05-15T09:00:00Z,destination=MSP&origin=TPA&endRange=2025-10-14T23:59:59Z&startRange=2025-05-15T09:00:00Z,13.0,1215.0,1.0,8.0,<Response [200]>
,,,,,,SEA,,,,,PHX,,,,2025-10-14T23:59:59Z,2025-05-15T09:00:00Z,destination=SEA&origin=PHX&endRange=2025-10-14T23:59:59Z&startRange=2025-05-15T09:00:00Z,13.0,1218.0,1.0,8.0,<Response [200]>
,,,,,,TPA,,,,,MSP,,,,2025-10-14T23:59:59Z,2025-05-15T09:00:00Z,destination=TPA&origin=MSP&endRange=2025-10-14T23:59:59Z&startRange=2025-05-15T09:00:00Z,13.0,1219.0,1.0,8.0,<Response [200]>
,,,,,,SLC,,,,,SFO,,,,2025-10-14T23:59:59Z,2025-05-15T09:00:00Z,destination=SLC&origin=SFO&endRange=2025-10-14T23:59:59Z&startRange=2025-05-15T09:00:00Z,13.0,1219.0,1.0,8.0,<Response [200]>
,,,,,,RDU,,,,,DTW,,,,2025-10-14T23:59:59Z,2025-05-15T09:00:00Z,destination=RDU&origin=DTW&endRange=2025-10-14T23:59:59Z&startRange=2025-05-15T09:00:00Z,13.0,1220.0,1.0,8.0,<Response [200]>
,,,,,,ECP,,,,,ATL,,,,2025-10-14T23:59:59Z,2025-05-15T09:00:00Z,destination=ECP&origin=ATL&endRange=2025-10-14T23:59:59Z&startRange=2025-05-15T09:00:00Z,13.0,1220.0,1.0,8.0,<Response [200]>
,,,,,,PHX,,,,,DTW,,,,2025-10-14T23:59:59Z,2025-05-15T09:00:00Z,destination=PHX&origin=DTW&endRange=2025-10-14T23:59:59Z&startRange=2025-05-15T09:00:00Z,13.0,1221.0,1.0,8.0,<Response [200]>
,,,,,,SAN,,,,,SLC,,,,2025-10-14T23:59:59Z,2025-05-15T09:00:00Z,destination=SAN&origin=SLC&endRange=2025-10-14T23:59:59Z&startRange=2025-05-15T09:00:00Z,13.0,1223.0,1.0,8.0,<Response [200]>
,,,,,,GEG,,,,,SLC,,,,2025-10-14T23:59:59Z,2025-05-15T09:00:00Z,destination=GEG&origin=SLC&endRange=2025-10-14T23:59:59Z&startRange=2025-05-15T09:00:00Z,13.0,1227.0,1.0,8.0,<Response [200]>
,,,,,,ATL,,,,,ILM,,,,2025-10-14T23:59:59Z,2025-05-15T09:00:00Z,destination=ATL&origin=ILM&endRange=2025-10-14T23:59:59Z&startRange=2025-05-15T09:00:00Z,13.0,1228.0,1.0,8.0,<Response [200]>
,,,,,,MSP,,,,,MCI,,,,2025-10-14T23:59:59Z,2025-05-15T09:00:00Z,destination=MSP&origin=MCI&endRange=2025-10-14T23:59:59Z&startRange=2025-05-15T09:00:00Z,13.0,1229.0,1.0,8.0,<Response [200]>
,,,,,,BUF,,,,,JFK,,,,2025-10-14T23:59:59Z,2025-05-15T09:00:00Z,destination=BUF&origin=JFK&endRange=2025-10-14T23:59:59Z&startRange=2025-05-15T09:00:00Z,13.0,1232.0,1.0,8.0,<Response [200]>
,,,,,,DTW,,,,,MKE,,,,2025-10-14T23:59:59Z,2025-05-15T09:00:00Z,destination=DTW&origin=MKE&endRange=2025-10-14T23:59:59Z&startRange=2025-05-15T09:00:00Z,13.0,1237.0,1.0,8.0,<Response [200]>
,,,,,,BDL,,,,,DTW,,,,2025-10-14T23:59:59Z,2025-05-15T09:00:00Z,destination=BDL&origin=DTW&endRange=2025-10-14T23:59:59Z&startRange=2025-05-15T09:00:00Z,13.0,1237.0,1.0,8.0,<Response [200]>
,,,,,,LAX,,,,,SAN,,,,2025-10-14T23:59:59Z,2025-05-15T09:00:00Z,destination=LAX&origin=SAN&endRange=2025-10-14T23:59:59Z&startRange=2025-05-15T09:00:00Z,13.0,1239.0,1.0,8.0,<Response [200]>
,,,,,,JFK,,,,,DEN,,,,2025-10-14T23:59:59Z,2025-05-15T09:00:00Z,destination=JFK&origin=DEN&endRange=2025-10-14T23:59:59Z&startRange=2025-05-15T09:00:00Z,13.0,1243.0,1.0,8.0,<Response [200]>
,,,,,,DTW,,,,,GRR,,,,2025-10-14T23:59:59Z,2025-05-15T09:00:00Z,destination=DTW&origin=GRR&endRange=2025-10-14T23:59:59Z&startRange=2025-05-15T09:00:00Z,13.0,1246.0,1.0,8.0,<Response [200]>
,,,,,,SNA,,,,,ATL,,,,2025-10-14T23:59:59Z,2025-05-15T09:00:00Z,destination=SNA&origin=ATL&endRange=2025-10-14T23:59:59Z&startRange=2025-05-15T09:00:00Z,13.0,1247.0,1.0,8.0,<Response [200]>
,,,,,,ATL,,,,,TUL,,,,2025-10-14T23:59:59Z,2025-05-15T09:00:00Z,destination=ATL&origin=TUL&endRange=2025-10-14T23:59:59Z&startRange=2025-05-15T09:00:00Z,13.0,1256.0,1.0,8.0,<Response [200]>
,,,,,,TUL,,,,,ATL,,,,2025-10-14T23:59:59Z,2025-05-15T09:00:00Z,destination=TUL&origin=ATL&endRange=2025-10-14T23:59:59Z&startRange=2025-05-15T09:00:00Z,13.0,1293.0,1.0,8.0,<Response [200]>
,,,,,,TPA,,,,,DTW,,,,2025-10-14T23:59:59Z,2025-05-15T09:00:00Z,destination=TPA&origin=DTW&endRange=2025-10-14T23:59:59Z&startRange=2025-05-15T09:00:00Z,13.0,1295.0,1.0,8.0,<Response [200]>
,,,,,,SLC,,,,,ORD,,,,2025-10-14T23:59:59Z,2025-05-15T09:00:00Z,destination=SLC&origin=ORD&endRange=2025-10-14T23:59:59Z&startRange=2025-05-15T09:00:00Z,13.0,1295.0,1.0,8.0,<Response [200]>
,,,,,,SAN,,,,,SEA,,,,2025-10-14T23:59:59Z,2025-05-15T09:00:00Z,destination=SAN&origin=SEA&endRange=2025-10-14T23:59:59Z&startRange=2025-05-15T09:00:00Z,13.0,1298.0,1.0,8.0,<Response [200]>
,,,,,,JAX,,,,,JFK,,,,2025-10-14T23:59:59Z,2025-05-15T09:00:00Z,destination=JAX&origin=JFK&endRange=2025-10-14T23:59:59Z&startRange=2025-05-15T09:00:00Z,13.0,1298.0,1.0,8.0,<Response [200]>
,,,,,,LIT,,,,,ATL,,,,2025-10-14T23:59:59Z,2025-05-15T09:00:00Z,destination=LIT&origin=ATL&endRange=2025-10-14T23:59:59Z&startRange=2025-05-15T09:00:00Z,13.0,1300.0,1.0,8.0,<Response [200]>
,,,,,,DTW,,,,,LGA,,,,2025-10-14T23:59:59Z,2025-05-15T09:00:00Z,destination=DTW&origin=LGA&endRange=2025-10-14T23:59:59Z&startRange=2025-05-15T09:00:00Z,13.0,1296.0,1.0,8.0,<Response [200]>
,,,,,,SNA,,,,,SLC,,,,2025-10-14T23:59:59Z,2025-05-15T09:00:00Z,destination=SNA&origin=SLC&endRange=2025-10-14T23:59:59Z&startRange=2025-05-15T09:00:00Z,13.0,1296.0,1.0,8.0,<Response [200]>
,,,,,,PDX,,,,,ATL,,,,2025-10-14T23:59:59Z,2025-05-15T09:00:00Z,destination=PDX&origin=ATL&endRange=2025-10-14T23:59:59Z&startRange=2025-05-15T09:00:00Z,13.0,1296.0,1.0,8.0,<Response [200]>
,,,,,,LAS,,,,,JFK,,,,2025-10-14T23:59:59Z,2025-05-15T09:00:00Z,destination=LAS&origin=JFK&endRange=2025-10-14T23:59:59Z&startRange=2025-05-15T09:00:00Z,13.0,1297.0,1.0,8.0,<Response [200]>
,,,,,,MSN,,,,,ATL,,,,2025-10-14T23:59:59Z,2025-05-15T09:00:00Z,destination=MSN&origin=ATL&endRange=2025-10-14T23:59:59Z&startRange=2025-05-15T09:00:00Z,13.0,1297.0,1.0,8.0,<Response [200]>
,,,,,,BOI,,,,,SLC,,,,2025-10-14T23:59:59Z,2025-05-15T09:00:00Z,destination=BOI&origin=SLC&endRange=2025-10-14T23:59:59Z&startRange=2025-05-15T09:00:00Z,13.0,1259.0,1.0,8.0,<Response [200]>
,,,,,,SLC,,,,,GEG,,,,2025-10-14T23:59:59Z,2025-05-15T09:00:00Z,destination=SLC&origin=GEG&endRange=2025-10-14T23:59:59Z&startRange=2025-05-15T09:00:00Z,13.0,1257.0,1.0,8.0,<Response [200]>
,,,,,,ONT,,,,,SEA,,,,2025-10-14T23:59:59Z,2025-05-15T09:00:00Z,destination=ONT&origin=SEA&endRange=2025-10-14T23:59:59Z&startRange=2025-05-15T09:00:00Z,13.0,1262.0,1.0,8.0,<Response [200]>
,,,,,,LAX,,,,,AUS,,,,2025-10-14T23:59:59Z,2025-05-15T09:00:00Z,destination=LAX&origin=AUS&endRange=2025-10-14T23:59:59Z&startRange=2025-05-15T09:00:00Z,11.0,1048.0,1.0,9.0,<Response [200]>
,,,,,,SJC,,,,,LAX,,,,2025-10-14T23:59:59Z,2025-05-15T09:00:00Z,destination=SJC&origin=LAX&endRange=2025-10-14T23:59:59Z&startRange=2025-05-15T09:00:00Z,11.0,1053.0,1.0,9.0,<Response [200]>
,,,,,,SMF,,,,,SEA,,,,2025-10-14T23:59:59Z,2025-05-15T09:00:00Z,destination=SMF&origin=SEA&endRange=2025-10-14T23:59:59Z&startRange=2025-05-15T09:00:00Z,11.0,1048.0,1.0,9.0,<Response [200]>
,,,,,,SLC,,,,,SAT,,,,2025-10-14T23:59:59Z,2025-05-15T09:00:00Z,destination=SLC&origin=SAT&endRange=2025-10-14T23:59:59Z&startRange=2025-05-15T09:00:00Z,11.0,1052.0,1.0,9.0,<Response [200]>
,,,,,,BOS,,,,,ORD,,,,2025-10-14T23:59:59Z,2025-05-15T09:00:00Z,destination=BOS&origin=ORD&endRange=2025-10-14T23:59:59Z&startRange=2025-05-15T09:00:00Z,11.0,1053.0,1.0,9.0,<Response [200]>
,,,,,,FLL,,,,,JFK,,,,2025-10-14T23:59:59Z,2025-05-15T09:00:00Z,destination=FLL&origin=JFK&endRange=2025-10-14T23:59:59Z&startRange=2025-05-15T09:00:00Z,11.0,1061.0,1.0,9.0,<Response [200]>
,,,,,,JFK,,,,,ROC,,,,2025-10-14T23:59:59Z,2025-05-15T09:00:00Z,destination=JFK&origin=ROC&endRange=2025-10-14T23:59:59Z&startRange=2025-05-15T09:00:00Z,11.0,1064.0,1.0,9.0,<Response [200]>
,,,,,,YVR,,,,,SEA,,,,2025-10-14T23:59:59Z,2025-05-15T09:00:00Z,destination=YVR&origin=SEA&endRange=2025-10-14T23:59:59Z&startRange=2025-05-15T09:00:00Z,11.0,1069.0,1.0,9.0,<Response [200]>
,,,,,,IAH,,,,,SLC,,,,2025-10-14T23:59:59Z,2025-05-15T09:00:00Z,destination=IAH&origin=SLC&endRange=2025-10-14T23:59:59Z&startRange=2025-05-15T09:00:00Z,11.0,1075.0,1.0,9.0,<Response [200]>
,,,,,,MEX,,,,,TIJ,,,,2025-10-14T23:59:59Z,2025-05-15T09:00:00Z,destination=MEX&origin=TIJ&endRange=2025-10-14T23:59:59Z&startRange=2025-05-15T09:00:00Z,11.0,1076.0,1.0,9.0,<Response [200]>
,,,,,,JFK,,,,,DCA,,,,2025-10-14T23:59:59Z,2025-05-15T09:00:00Z,destination=JFK&origin=DCA&endRange=2025-10-14T23:59:59Z&startRange=2025-05-15T09:00:00Z,11.0,1079.0,1.0,9.0,<Response [200]>
,,,,,,SLC,,,,,BOS,,,,2025-10-14T23:59:59Z,2025-05-15T09:00:00Z,destination=SLC&origin=BOS&endRange=2025-10-14T23:59:59Z&startRange=2025-05-15T09:00:00Z,11.0,1080.0,1.0,9.0,<Response [200]>
,,,,,,GPT,,,,,ATL,,,,2025-10-14T23:59:59Z,2025-05-15T09:00:00Z,destination=GPT&origin=ATL&endRange=2025-10-14T23:59:59Z&startRange=2025-05-15T09:00:00Z,11.0,1080.0,1.0,9.0,<Response [200]>
,,,,,,BWI,,,,,DTW,,,,2025-10-14T23:59:59Z,2025-05-15T09:00:00Z,destination=BWI&origin=DTW&endRange=2025-10-14T23:59:59Z&startRange=2025-05-15T09:00:00Z,11.0,1011.0,1.0,9.0,<Response [200]>
,,,,,,BOS,,,,,CVG,,,,2025-10-14T23:59:59Z,2025-05-15T09:00:00Z,destination=BOS&origin=CVG&endRange=2025-10-14T23:59:59Z&startRange=2025-05-15T09:00:00Z,11.0,1011.0,1.0,9.0,<Response [200]>
,,,,,,MSP,,,,,MIA,,,,2025-10-14T23:59:59Z,2025-05-15T09:00:00Z,destination=MSP&origin=MIA&endRange=2025-10-14T23:59:59Z&startRange=2025-05-15T09:00:00Z,11.0,1017.0,1.0,9.0,<Response [200]>
,,,,,,SEA,,,,,SJC,,,,2025-10-14T23:59:59Z,2025-05-15T09:00:00Z,destination=SEA&origin=SJC&endRange=2025-10-14T23:59:59Z&startRange=2025-05-15T09:00:00Z,11.0,1017.0,1.0,9.0,<Response [200]>
,,,,,,FLL,,,,,MSP,,,,2025-10-14T23:59:59Z,2025-05-15T09:00:00Z,destination=FLL&origin=MSP&endRange=2025-10-14T23:59:59Z&startRange=2025-05-15T09:00:00Z,11.0,1022.0,1.0,9.0,<Response [200]>
,,,,,,SLC,,,,,IAH,,,,2025-10-14T23:59:59Z,2025-05-15T09:00:00Z,destination=SLC&origin=IAH&endRange=2025-10-14T23:59:59Z&startRange=2025-05-15T09:00:00Z,11.0,1056.0,1.0,9.0,<Response [200]>
,,,,,,MEM,,,,,DTW,,,,2025-10-14T23:59:59Z,2025-05-15T09:00:00Z,destination=MEM&origin=DTW&endRange=2025-10-14T23:59:59Z&startRange=2025-05-15T09:00:00Z,11.0,1057.0,1.0,9.0,<Response [200]>
,,,,,,BNA,,,,,DTW,,,,2025-10-14T23:59:59Z,2025-05-15T09:00:00Z,destination=BNA&origin=DTW&endRange=2025-10-14T23:59:59Z&startRange=2025-05-15T09:00:00Z,11.0,1059.0,1.0,9.0,<Response [200]>
,,,,,,MSP,,,,,DFW,,,,2025-10-14T23:59:59Z,2025-05-15T09:00:00Z,destination=MSP&origin=DFW&endRange=2025-10-14T23:59:59Z&startRange=2025-05-15T09:00:00Z,11.0,1100.0,1.0,9.0,<Response [200]>
,,,,,,DTW,,,,,IAH,,,,2025-10-14T23:59:59Z,2025-05-15T09:00:00Z,destination=DTW&origin=IAH&endRange=2025-10-14T23:59:59Z&startRange=2025-05-15T09:00:00Z,11.0,1099.0,1.0,9.0,<Response [200]>
,,,,,,LAX,,,,,PDX,,,,2025-10-14T23:59:59Z,2025-05-15T09:00:00Z,destination=LAX&origin=PDX&endRange=2025-10-14T23:59:59Z&startRange=2025-05-15T09:00:00Z,11.0,1097.0,1.0,9.0,<Response [200]>
,,,,,,STL,,,,,DTW,,,,2025-10-14T23:59:59Z,2025-05-15T09:00:00Z,destination=STL&origin=DTW&endRange=2025-10-14T23:59:59Z&startRange=2025-05-15T09:00:00Z,11.0,1095.0,1.0,9.0,<Response [200]>
,,,,,,DAY,,,,,ATL,,,,2025-10-14T23:59:59Z,2025-05-15T09:00:00Z,destination=DAY&origin=ATL&endRange=2025-10-14T23:59:59Z&startRange=2025-05-15T09:00:00Z,11.0,1094.0,1.0,9.0,<Response [200]>
,,,,,,SEA,,,,,ANC,,,,2025-10-14T23:59:59Z,2025-05-15T09:00:00Z,destination=SEA&origin=ANC&endRange=2025-10-14T23:59:59Z&startRange=2025-05-15T09:00:00Z,11.0,1094.0,1.0,9.0,<Response [200]>
,,,,,,SEA,,,,,DEN,,,,2025-10-14T23:59:59Z,2025-05-15T09:00:00Z,destination=SEA&origin=DEN&endRange=2025-10-14T23:59:59Z&startRange=2025-05-15T09:00:00Z,11.0,1093.0,1.0,9.0,<Response [200]>
,,,,,,BOS,,,,,BNA,,,,2025-10-14T23:59:59Z,2025-05-15T09:00:00Z,destination=BOS&origin=BNA&endRange=2025-10-14T23:59:59Z&startRange=2025-05-15T09:00:00Z,11.0,1081.0,1.0,9.0,<Response [200]>
,,,,,,SJC,,,,,SLC,,,,2025-10-14T23:59:59Z,2025-05-15T09:00:00Z,destination=SJC&origin=SLC&endRange=2025-10-14T23:59:59Z&startRange=2025-05-15T09:00:00Z,11.0,1048.0,1.0,9.0,<Response [200]>
,,,,,,DFW,,,,,SLC,,,,2025-10-14T23:59:59Z,2025-05-15T09:00:00Z,destination=DFW&origin=SLC&endRange=2025-10-14T23:59:59Z&startRange=2025-05-15T09:00:00Z,11.0,1045.0,1.0,9.0,<Response [200]>
,,,,,,AUS,,,,,MSP,,,,2025-10-14T23:59:59Z,2025-05-15T09:00:00Z,destination=AUS&origin=MSP&endRange=2025-10-14T23:59:59Z&startRange=2025-05-15T09:00:00Z,11.0,1045.0,1.0,9.0,<Response [200]>
,,,,,,BOS,,,,,RDU,,,,2025-10-14T23:59:59Z,2025-05-15T09:00:00Z,destination=BOS&origin=RDU&endRange=2025-10-14T23:59:59Z&startRange=2025-05-15T09:00:00Z,11.0,1043.0,1.0,9.0,<Response [200]>
,,,,,,DTW,,,,,AUS,,,,2025-10-14T23:59:59Z,2025-05-15T09:00:00Z,destination=DTW&origin=AUS&endRange=2025-10-14T23:59:59Z&startRange=2025-05-15T09:00:00Z,11.0,1043.0,1.0,9.0,<Response [200]>
,,,,,,LAX,,,,,SJC,,,,2025-10-14T23:59:59Z,2025-05-15T09:00:00Z,destination=LAX&origin=SJC&endRange=2025-10-14T23:59:59Z&startRange=2025-05-15T09:00:00Z,11.0,1032.0,1.0,9.0,<Response [200]>
,,,,,,MSP,,,,,BNA,,,,2025-10-14T23:59:59Z,2025-05-15T09:00:00Z,destination=MSP&origin=BNA&endRange=2025-10-14T23:59:59Z&startRange=2025-05-15T09:00:00Z,11.0,1031.0,1.0,9.0,<Response [200]>
,,,,,,DTW,,,,,MSN,,,,2025-10-14T23:59:59Z,2025-05-15T09:00:00Z,destination=DTW&origin=MSN&endRange=2025-10-14T23:59:59Z&startRange=2025-05-15T09:00:00Z,11.0,1030.0,1.0,9.0,<Response [200]>
,,,,,,MIA,,,,,MSP,,,,2025-10-14T23:59:59Z,2025-05-15T09:00:00Z,destination=MIA&origin=MSP&endRange=2025-10-14T23:59:59Z&startRange=2025-05-15T09:00:00Z,11.0,1028.0,1.0,9.0,<Response [200]>
,,,,,,CMH,,,,,MSP,,,,2025-10-14T23:59:59Z,2025-05-15T09:00:00Z,destination=CMH&origin=MSP&endRange=2025-10-14T23:59:59Z&startRange=2025-05-15T09:00:00Z,11.0,1025.0,1.0,9.0,<Response [200]>
,,,,,,JFK,,,,,PIT,,,,2025-10-14T23:59:59Z,2025-05-15T09:00:00Z,destination=JFK&origin=PIT&endRange=2025-10-14T23:59:59Z&startRange=2025-05-15T09:00:00Z,11.0,1024.0,1.0,9.0,<Response [200]>
,,,,,,DTW,,,,,IND,,,,2025-10-14T23:59:59Z,2025-05-15T09:00:00Z,destination=DTW&origin=IND&endRange=2025-10-14T23:59:59Z&startRange=2025-05-15T09:00:00Z,11.0,1003.0,1.0,9.0,<Response [200]>
,,,,,,RUH,,,,,JED,,,,2025-10-14T23:59:59Z,2025-05-15T09:00:00Z,destination=RUH&origin=JED&endRange=2025-10-14T23:59:59Z&startRange=2025-05-15T09:00:00Z,11.0,1007.0,1.0,9.0,<Response [200]>
,,,,,,BUF,,,,,ATL,,,,2025-10-14T23:59:59Z,2025-05-15T09:00:00Z,destination=BUF&origin=ATL&endRange=2025-10-14T23:59:59Z&startRange=2025-05-15T09:00:00Z,11.0,1005.0,1.0,9.0,<Response [200]>
,,,,,,IAD,,,,,JFK,,,,2025-10-14T23:59:59Z,2025-05-15T09:00:00Z,destination=IAD&origin=JFK&endRange=2025-10-14T23:59:59Z&startRange=2025-05-15T09:00:00Z,11.0,1005.0,1.0,9.0,<Response [200]>
,,,,,,ATL,,,,,OKC,,,,2025-10-14T23:59:59Z,2025-05-15T09:00:00Z,destination=ATL&origin=OKC&endRange=2025-10-14T23:59:59Z&startRange=2025-05-15T09:00:00Z,10.0,965.0,1.0,10.0,<Response [200]>
,,,,,,BOI,,,,,SEA,,,,2025-10-14T23:59:59Z,2025-05-15T09:00:00Z,destination=BOI&origin=SEA&endRange=2025-10-14T23:59:59Z&startRange=2025-05-15T09:00:00Z,10.0,996.0,1.0,10.0,<Response [200]>
,,,,,,KUL,,,,,SIN,,,,2025-10-14T23:59:59Z,2025-05-15T09:00:00Z,destination=KUL&origin=SIN&endRange=2025-10-14T23:59:59Z&startRange=2025-05-15T09:00:00Z,10.0,996.0,1.0,10.0,<Response [200]>
,,,,,,MSP,,,,,AUS,,,,2025-10-14T23:59:59Z,2025-05-15T09:00:00Z,destination=MSP&origin=AUS&endRange=2025-10-14T23:59:59Z&startRange=2025-05-15T09:00:00Z,10.0,997.0,1.0,10.0,<Response [200]>
,,,,,,SEA,,,,,BOI,,,,2025-10-14T23:59:59Z,2025-05-15T09:00:00Z,destination=SEA&origin=BOI&endRange=2025-10-14T23:59:59Z&startRange=2025-05-15T09:00:00Z,10.0,998.0,1.0,10.0,<Response [200]>
,,,,,,JFK,,,,,SAV,,,,2025-10-14T23:59:59Z,2025-05-15T09:00:00Z,destination=JFK&origin=SAV&endRange=2025-10-14T23:59:59Z&startRange=2025-05-15T09:00:00Z,10.0,991.0,1.0,10.0,<Response [200]>
,,,,,,EWR,,,,,MSP,,,,2025-10-14T23:59:59Z,2025-05-15T09:00:00Z,destination=EWR&origin=MSP&endRange=2025-10-14T23:59:59Z&startRange=2025-05-15T09:00:00Z,10.0,992.0,1.0,10.0,<Response [200]>
,,,,,,MDW,,,,,ATL,,,,2025-10-14T23:59:59Z,2025-05-15T09:00:00Z,destination=MDW&origin=ATL&endRange=2025-10-14T23:59:59Z&startRange=2025-05-15T09:00:00Z,10.0,993.0,1.0,10.0,<Response [200]>
,,,,,,IAH,,,,,MSP,,,,2025-10-14T23:59:59Z,2025-05-15T09:00:00Z,destination=IAH&origin=MSP&endRange=2025-10-14T23:59:59Z&startRange=2025-05-15T09:00:00Z,10.0,995.0,1.0,10.0,<Response [200]>
,,,,,,MSN,,,,,DTW,,,,2025-10-14T23:59:59Z,2025-05-15T09:00:00Z,destination=MSN&origin=DTW&endRange=2025-10-14T23:59:59Z&startRange=2025-05-15T09:00:00Z,10.0,990.0,1.0,10.0,<Response [200]>
,,,,,,PHX,,,,,LAX,,,,2025-10-14T23:59:59Z,2025-05-15T09:00:00Z,destination=PHX&origin=LAX&endRange=2025-10-14T23:59:59Z&startRange=2025-05-15T09:00:00Z,10.0,990.0,1.0,10.0,<Response [200]>
,,,,,,GRR,,,,,MSP,,,,2025-10-14T23:59:59Z,2025-05-15T09:00:00Z,destination=GRR&origin=MSP&endRange=2025-10-14T23:59:59Z&startRange=2025-05-15T09:00:00Z,10.0,985.0,1.0,10.0,<Response [200]>
,,,,,,OMA,,,,,ATL,,,,2025-10-14T23:59:59Z,2025-05-15T09:00:00Z,destination=OMA&origin=ATL&endRange=2025-10-14T23:59:59Z&startRange=2025-05-15T09:00:00Z,10.0,985.0,1.0,10.0,<Response [200]>
,,,,,,PTY,,,,,SJO,,,,2025-10-14T23:59:59Z,2025-05-15T09:00:00Z,destination=PTY&origin=SJO&endRange=2025-10-14T23:59:59Z&startRange=2025-05-15T09:00:00Z,10.0,965.0,1.0,10.0,<Response [200]>
,,,,,,BWI,,,,,MSP,,,,2025-10-14T23:59:59Z,2025-05-15T09:00:00Z,destination=BWI&origin=MSP&endRange=2025-10-14T23:59:59Z&startRange=2025-05-15T09:00:00Z,10.0,964.0,1.0,10.0,<Response [200]>
,,,,,,ATL,,,,,GRR,,,,2025-10-14T23:59:59Z,2025-05-15T09:00:00Z,destination=ATL&origin=GRR&endRange=2025-10-14T23:59:59Z&startRange=2025-05-15T09:00:00Z,10.0,961.0,1.0,10.0,<Response [200]>
,,,,,,JFK,,,,,TPA,,,,2025-10-14T23:59:59Z,2025-05-15T09:00:00Z,destination=JFK&origin=TPA&endRange=2025-10-14T23:59:59Z&startRange=2025-05-15T09:00:00Z,10.0,961.0,1.0,10.0,<Response [200]>
,,,,,,SEA,,,,,BOS,,,,2025-10-14T23:59:59Z,2025-05-15T09:00:00Z,destination=SEA&origin=BOS&endRange=2025-10-14T23:59:59Z&startRange=2025-05-15T09:00:00Z,10.0,985.0,1.0,10.0,<Response [200]>
,,,,,,ATL,,,,,BUF,,,,2025-10-14T23:59:59Z,2025-05-15T09:00:00Z,destination=ATL&origin=BUF&endRange=2025-10-14T23:59:59Z&startRange=2025-05-15T09:00:00Z,10.0,984.0,1.0,10.0,<Response [200]>
,,,,,,ORD,,,,,LGA,,,,2025-10-14T23:59:59Z,2025-05-15T09:00:00Z,destination=ORD&origin=LGA&endRange=2025-10-14T23:59:59Z&startRange=2025-05-15T09:00:00Z,10.0,983.0,1.0,10.0,<Response [200]>
,,,,,,IND,,,,,JFK,,,,2025-10-14T23:59:59Z,2025-05-15T09:00:00Z,destination=IND&origin=JFK&endRange=2025-10-14T23:59:59Z&startRange=2025-05-15T09:00:00Z,10.0,978.0,1.0,10.0,<Response [200]>
,,,,,,DTW,,,,,DFW,,,,2025-10-14T23:59:59Z,2025-05-15T09:00:00Z,destination=DTW&origin=DFW&endRange=2025-10-14T23:59:59Z&startRange=2025-05-15T09:00:00Z,10.0,978.0,1.0,10.0,<Response [200]>
,,,,,,SEA,,,,,GEG,,,,2025-10-14T23:59:59Z,2025-05-15T09:00:00Z,destination=SEA&origin=GEG&endRange=2025-10-14T23:59:59Z&startRange=2025-05-15T09:00:00Z,10.0,977.0,1.0,10.0,<Response [200]>
,,,,,,SEA,,,,,SNA,,,,2025-10-14T23:59:59Z,2025-05-15T09:00:00Z,destination=SEA&origin=SNA&endRange=2025-10-14T23:59:59Z&startRange=2025-05-15T09:00:00Z,10.0,976.0,1.0,10.0,<Response [200]>
,,,,,,DFW,,,,,MSP,,,,2025-10-14T23:59:59Z,2025-05-15T09:00:00Z,destination=DFW&origin=MSP&endRange=2025-10-14T23:59:59Z&startRange=2025-05-15T09:00:00Z,10.0,972.0,1.0,10.0,<Response [200]>
,,,,,,LGA,,,,,MSP,,,,2025-10-14T23:59:59Z,2025-05-15T09:00:00Z,destination=LGA&origin=MSP&endRange=2025-10-14T23:59:59Z&startRange=2025-05-15T09:00:00Z,10.0,971.0,1.0,10.0,<Response [200]>
,,,,,,LAX,,,,,DEN,,,,2025-10-14T23:59:59Z,2025-05-15T09:00:00Z,destination=LAX&origin=DEN&endRange=2025-10-14T23:59:59Z&startRange=2025-05-15T09:00:00Z,10.0,970.0,1.0,10.0,<Response [200]>
,,,,,,EYW,,,,,ATL,,,,2025-10-14T23:59:59Z,2025-05-15T09:00:00Z,destination=EYW&origin=ATL&endRange=2025-10-14T23:59:59Z&startRange=2025-05-15T09:00:00Z,10.0,967.0,1.0,10.0,<Response [200]>
,,,,,,ATL,,,,,MLB,,,,2025-10-14T23:59:59Z,2025-05-15T09:00:00Z,destination=ATL&origin=MLB&endRange=2025-10-14T23:59:59Z&startRange=2025-05-15T09:00:00Z,10.0,926.0,1.0,10.0,<Response [200]>
,,,,,,MBA,,,,,NBO,,,,2025-10-14T23:59:59Z,2025-05-15T09:00:00Z,destination=MBA&origin=NBO&endRange=2025-10-14T23:59:59Z&startRange=2025-05-15T09:00:00Z,10.0,918.0,1.0,10.0,<Response [200]>
,,,,,,DTW,,,,,MCI,,,,2025-10-14T23:59:59Z,2025-05-15T09:00:00Z,destination=DTW&origin=MCI&endRange=2025-10-14T23:59:59Z&startRange=2025-05-15T09:00:00Z,10.0,925.0,1.0,10.0,<Response [200]>
,,,,,,MIA,,,,,JFK,,,,2025-10-14T23:59:59Z,2025-05-15T09:00:00Z,destination=MIA&origin=JFK&endRange=2025-10-14T23:59:59Z&startRange=2025-05-15T09:00:00Z,10.0,924.0,1.0,10.0,<Response [200]>
,,,,,,ONT,,,,,SLC,,,,2025-10-14T23:59:59Z,2025-05-15T09:00:00Z,destination=ONT&origin=SLC&endRange=2025-10-14T23:59:59Z&startRange=2025-05-15T09:00:00Z,10.0,923.0,1.0,10.0,<Response [200]>
,,,,,,ATW,,,,,DTW,,,,2025-10-14T23:59:59Z,2025-05-15T09:00:00Z,destination=ATW&origin=DTW&endRange=2025-10-14T23:59:59Z&startRange=2025-05-15T09:00:00Z,10.0,958.0,1.0,10.0,<Response [200]>
,,,,,,SIN,,,,,KUL,,,,2025-10-14T23:59:59Z,2025-05-15T09:00:00Z,destination=SIN&origin=KUL&endRange=2025-10-14T23:59:59Z&startRange=2025-05-15T09:00:00Z,10.0,956.0,1.0,10.0,<Response [200]>
,,,,,,SYR,,,,,ATL,,,,2025-10-14T23:59:59Z,2025-05-15T09:00:00Z,destination=SYR&origin=ATL&endRange=2025-10-14T23:59:59Z&startRange=2025-05-15T09:00:00Z,10.0,951.0,1.0,10.0,<Response [200]>
,,,,,,PIT,,,,,MSP,,,,2025-10-14T23:59:59Z,2025-05-15T09:00:00Z,destination=PIT&origin=MSP&endRange=2025-10-14T23:59:59Z&startRange=2025-05-15T09:00:00Z,10.0,946.0,1.0,10.0,<Response [200]>
,,,,,,AUS,,,,,DTW,,,,2025-10-14T23:59:59Z,2025-05-15T09:00:00Z,destination=AUS&origin=DTW&endRange=2025-10-14T23:59:59Z&startRange=2025-05-15T09:00:00Z,10.0,944.0,1.0,10.0,<Response [200]>
,,,,,,SLC,,,,,SMF,,,,2025-10-14T23:59:59Z,2025-05-15T09:00:00Z,destination=SLC&origin=SMF&endRange=2025-10-14T23:59:59Z&startRange=2025-05-15T09:00:00Z,10.0,917.0,1.0,10.0,<Response [200]>
,,,,,,NBO,,,,,MBA,,,,2025-10-14T23:59:59Z,2025-05-15T09:00:00Z,destination=NBO&origin=MBA&endRange=2025-10-14T23:59:59Z&startRange=2025-05-15T09:00:00Z,10.0,914.0,1.0,10.0,<Response [200]>
,,,,,,HAN,,,,,DAD,,,,2025-10-14T23:59:59Z,2025-05-15T09:00:00Z,destination=HAN&origin=DAD&endRange=2025-10-14T23:59:59Z&startRange=2025-05-15T09:00:00Z,10.0,914.0,1.0,10.0,<Response [200]>
,,,,,,SEA,,,,,SMF,,,,2025-10-14T23:59:59Z,2025-05-15T09:00:00Z,destination=SEA&origin=SMF&endRange=2025-10-14T23:59:59Z&startRange=2025-05-15T09:00:00Z,10.0,913.0,1.0,10.0,<Response [200]>
,,,,,,BLR,,,,,DEL,,,,2025-10-14T23:59:59Z,2025-05-15T09:00:00Z,destination=BLR&origin=DEL&endRange=2025-10-14T23:59:59Z&startRange=2025-05-15T09:00:00Z,10.0,912.0,1.0,10.0,<Response [200]>
,,,,,,BOS,,,,,RIC,,,,2025-10-14T23:59:59Z,2025-05-15T09:00:00Z,destination=BOS&origin=RIC&endRange=2025-10-14T23:59:59Z&startRange=2025-05-15T09:00:00Z,10.0,909.0,1.0,10.0,<Response [200]>
,,,,,,PWM,,,,,DTW,,,,2025-10-14T23:59:59Z,2025-05-15T09:00:00Z,destination=PWM&origin=DTW&endRange=2025-10-14T23:59:59Z&startRange=2025-05-15T09:00:00Z,10.0,907.0,1.0,10.0,<Response [200]>
,,,,,,ROC,,,,,DTW,,,,2025-10-14T23:59:59Z,2025-05-15T09:00:00Z,destination=ROC&origin=DTW&endRange=2025-10-14T23:59:59Z&startRange=2025-05-15T09:00:00Z,10.0,904.0,1.0,10.0,<Response [200]>
,,,,,,ALB,,,,,DTW,,,,2025-10-14T23:59:59Z,2025-05-15T09:00:00Z,destination=ALB&origin=DTW&endRange=2025-10-14T23:59:59Z&startRange=2025-05-15T09:00:00Z,10.0,904.0,1.0,10.0,<Response [200]>
,,,,,,MSP,,,,,IND,,,,2025-10-14T23:59:59Z,2025-05-15T09:00:00Z,destination=MSP&origin=IND&endRange=2025-10-14T23:59:59Z&startRange=2025-05-15T09:00:00Z,10.0,904.0,1.0,10.0,<Response [200]>
,,,,,,MSP,,,,,EWR,,,,2025-10-14T23:59:59Z,2025-05-15T09:00:00Z,destination=MSP&origin=EWR&endRange=2025-10-14T23:59:59Z&startRange=2025-05-15T09:00:00Z,10.0,902.0,1.0,10.0,<Response [200]>
,,,,,,DAD,,,,,SGN,,,,2025-10-14T23:59:59Z,2025-05-15T09:00:00Z,destination=DAD&origin=SGN&endRange=2025-10-14T23:59:59Z&startRange=2025-05-15T09:00:00Z,10.0,929.0,1.0,10.0,<Response [200]>
,,,,,,SNA,,,,,SEA,,,,2025-10-14T23:59:59Z,2025-05-15T09:00:00Z,destination=SNA&origin=SEA&endRange=2025-10-14T23:59:59Z&startRange=2025-05-15T09:00:00Z,10.0,930.0,1.0,10.0,<Response [200]>
,,,,,,DTW,,,,,BDL,,,,2025-10-14T23:59:59Z,2025-05-15T09:00:00Z,destination=DTW&origin=BDL&endRange=2025-10-14T23:59:59Z&startRange=2025-05-15T09:00:00Z,10.0,930.0,1.0,10.0,<Response [200]>
,,,,,,DTW,,,,,STL,,,,2025-10-14T23:59:59Z,2025-05-15T09:00:00Z,destination=DTW&origin=STL&endRange=2025-10-14T23:59:59Z&startRange=2025-05-15T09:00:00Z,10.0,934.0,1.0,10.0,<Response [200]>
,,,,,,SGN,,,,,DAD,,,,2025-10-14T23:59:59Z,2025-05-15T09:00:00Z,destination=SGN&origin=DAD&endRange=2025-10-14T23:59:59Z&startRange=2025-05-15T09:00:00Z,10.0,935.0,1.0,10.0,<Response [200]>
,,,,,,SJC,,,,,SEA,,,,2025-10-14T23:59:59Z,2025-05-15T09:00:00Z,destination=SJC&origin=SEA&endRange=2025-10-14T23:59:59Z&startRange=2025-05-15T09:00:00Z,10.0,936.0,1.0,10.0,<Response [200]>
,,,,,,MIA,,,,,DTW,,,,2025-10-14T23:59:59Z,2025-05-15T09:00:00Z,destination=MIA&origin=DTW&endRange=2025-10-14T23:59:59Z&startRange=2025-05-15T09:00:00Z,10.0,937.0,1.0,10.0,<Response [200]>
,,,,,,JAX,,,,,BOS,,,,2025-10-14T23:59:59Z,2025-05-15T09:00:00Z,destination=JAX&origin=BOS&endRange=2025-10-14T23:59:59Z&startRange=2025-05-15T09:00:00Z,10.0,938.0,1.0,10.0,<Response [200]>
,,,,,,PHX,,,,,JFK,,,,2025-10-14T23:59:59Z,2025-05-15T09:00:00Z,destination=PHX&origin=JFK&endRange=2025-10-14T23:59:59Z&startRange=2025-05-15T09:00:00Z,10.0,939.0,1.0,10.0,<Response [200]>
,,,,,,CLE,,,,,BOS,,,,2025-10-14T23:59:59Z,2025-05-15T09:00:00Z,destination=CLE&origin=BOS&endRange=2025-10-14T23:59:59Z&startRange=2025-05-15T09:00:00Z,10.0,940.0,1.0,10.0,<Response [200]>
,,,,,,OKC,,,,,ATL,,,,2025-10-14T23:59:59Z,2025-05-15T09:00:00Z,destination=OKC&origin=ATL&endRange=2025-10-14T23:59:59Z&startRange=2025-05-15T09:00:00Z,10.0,940.0,1.0,10.0,<Response [200]>
,,,,,,KMG,,,,,PVG,,,,2025-10-14T23:59:59Z,2025-05-15T09:00:00Z,destination=KMG&origin=PVG&endRange=2025-10-14T23:59:59Z&startRange=2025-05-15T09:00:00Z,9.0,844.0,1.0,11.0,<Response [200]>
,,,,,,MSP,,,,,SNA,,,,2025-10-14T23:59:59Z,2025-05-15T09:00:00Z,destination=MSP&origin=SNA&endRange=2025-10-14T23:59:59Z&startRange=2025-05-15T09:00:00Z,9.0,844.0,1.0,11.0,<Response [200]>
,,,,,,MEX,,,,,CUU,,,,2025-10-14T23:59:59Z,2025-05-15T09:00:00Z,destination=MEX&origin=CUU&endRange=2025-10-14T23:59:59Z&startRange=2025-05-15T09:00:00Z,9.0,844.0,1.0,11.0,<Response [200]>
,,,,,,FLL,,,,,BOS,,,,2025-10-14T23:59:59Z,2025-05-15T09:00:00Z,destination=FLL&origin=BOS&endRange=2025-10-14T23:59:59Z&startRange=2025-05-15T09:00:00Z,9.0,849.0,1.0,11.0,<Response [200]>
,,,,,,ATL,,,,,ROC,,,,2025-10-14T23:59:59Z,2025-05-15T09:00:00Z,destination=ATL&origin=ROC&endRange=2025-10-14T23:59:59Z&startRange=2025-05-15T09:00:00Z,9.0,849.0,1.0,11.0,<Response [200]>
,,,,,,BHM,,,,,DTW,,,,2025-10-14T23:59:59Z,2025-05-15T09:00:00Z,destination=BHM&origin=DTW&endRange=2025-10-14T23:59:59Z&startRange=2025-05-15T09:00:00Z,9.0,850.0,1.0,11.0,<Response [200]>
,,,,,,MSP,,,,,BDL,,,,2025-10-14T23:59:59Z,2025-05-15T09:00:00Z,destination=MSP&origin=BDL&endRange=2025-10-14T23:59:59Z&startRange=2025-05-15T09:00:00Z,9.0,851.0,1.0,11.0,<Response [200]>
,,,,,,SDF,,,,,MSP,,,,2025-10-14T23:59:59Z,2025-05-15T09:00:00Z,destination=SDF&origin=MSP&endRange=2025-10-14T23:59:59Z&startRange=2025-05-15T09:00:00Z,9.0,851.0,1.0,11.0,<Response [200]>
,,,,,,PVD,,,,,DTW,,,,2025-10-14T23:59:59Z,2025-05-15T09:00:00Z,destination=PVD&origin=DTW&endRange=2025-10-14T23:59:59Z&startRange=2025-05-15T09:00:00Z,9.0,851.0,1.0,11.0,<Response [200]>
,,,,,,ATL,,,,,ONT,,,,2025-10-14T23:59:59Z,2025-05-15T09:00:00Z,destination=ATL&origin=ONT&endRange=2025-10-14T23:59:59Z&startRange=2025-05-15T09:00:00Z,9.0,851.0,1.0,11.0,<Response [200]>
,,,,,,ORD,,,,,SEA,,,,2025-10-14T23:59:59Z,2025-05-15T09:00:00Z,destination=ORD&origin=SEA&endRange=2025-10-14T23:59:59Z&startRange=2025-05-15T09:00:00Z,9.0,832.0,1.0,11.0,<Response [200]>
,,,,,,SLC,,,,,MCI,,,,2025-10-14T23:59:59Z,2025-05-15T09:00:00Z,destination=SLC&origin=MCI&endRange=2025-10-14T23:59:59Z&startRange=2025-05-15T09:00:00Z,9.0,833.0,1.0,11.0,<Response [200]>
,,,,,,MEX,,,,,MID,,,,2025-10-14T23:59:59Z,2025-05-15T09:00:00Z,destination=MEX&origin=MID&endRange=2025-10-14T23:59:59Z&startRange=2025-05-15T09:00:00Z,9.0,836.0,1.0,11.0,<Response [200]>
,,,,,,ATL,,,,,SYR,,,,2025-10-14T23:59:59Z,2025-05-15T09:00:00Z,destination=ATL&origin=SYR&endRange=2025-10-14T23:59:59Z&startRange=2025-05-15T09:00:00Z,9.0,837.0,1.0,11.0,<Response [200]>
,,,,,,GSP,,,,,DTW,,,,2025-10-14T23:59:59Z,2025-05-15T09:00:00Z,destination=GSP&origin=DTW&endRange=2025-10-14T23:59:59Z&startRange=2025-05-15T09:00:00Z,9.0,837.0,1.0,11.0,<Response [200]>
,,,,,,PDX,,,,,DTW,,,,2025-10-14T23:59:59Z,2025-05-15T09:00:00Z,destination=PDX&origin=DTW&endRange=2025-10-14T23:59:59Z&startRange=2025-05-15T09:00:00Z,9.0,841.0,1.0,11.0,<Response [200]>
,,,,,,MEX,,,,,VSA,,,,2025-10-14T23:59:59Z,2025-05-15T09:00:00Z,destination=MEX&origin=VSA&endRange=2025-10-14T23:59:59Z&startRange=2025-05-15T09:00:00Z,9.0,802.0,1.0,11.0,<Response [200]>
,,,,,,DTW,,,,,PDX,,,,2025-10-14T23:59:59Z,2025-05-15T09:00:00Z,destination=DTW&origin=PDX&endRange=2025-10-14T23:59:59Z&startRange=2025-05-15T09:00:00Z,9.0,806.0,1.0,11.0,<Response [200]>
,,,,,,BOS,,,,,CMH,,,,2025-10-14T23:59:59Z,2025-05-15T09:00:00Z,destination=BOS&origin=CMH&endRange=2025-10-14T23:59:59Z&startRange=2025-05-15T09:00:00Z,9.0,802.0,1.0,11.0,<Response [200]>
,,,,,,ROC,,,,,ATL,,,,2025-10-14T23:59:59Z,2025-05-15T09:00:00Z,destination=ROC&origin=ATL&endRange=2025-10-14T23:59:59Z&startRange=2025-05-15T09:00:00Z,9.0,813.0,1.0,11.0,<Response [200]>
,,,,,,BOS,,,,,LAX,,,,2025-10-14T23:59:59Z,2025-05-15T09:00:00Z,destination=BOS&origin=LAX&endRange=2025-10-14T23:59:59Z&startRange=2025-05-15T09:00:00Z,9.0,812.0,1.0,11.0,<Response [200]>
,,,,,,MSP,,,,,BWI,,,,2025-10-14T23:59:59Z,2025-05-15T09:00:00Z,destination=MSP&origin=BWI&endRange=2025-10-14T23:59:59Z&startRange=2025-05-15T09:00:00Z,9.0,811.0,1.0,11.0,<Response [200]>
,,,,,,PVG,,,,,KMG,,,,2025-10-14T23:59:59Z,2025-05-15T09:00:00Z,destination=PVG&origin=KMG&endRange=2025-10-14T23:59:59Z&startRange=2025-05-15T09:00:00Z,9.0,809.0,1.0,11.0,<Response [200]>
,,,,,,DEN,,,,,DTW,,,,2025-10-14T23:59:59Z,2025-05-15T09:00:00Z,destination=DEN&origin=DTW&endRange=2025-10-14T23:59:59Z&startRange=2025-05-15T09:00:00Z,9.0,807.0,1.0,11.0,<Response [200]>
,,,,,,IND,,,,,BOS,,,,2025-10-14T23:59:59Z,2025-05-15T09:00:00Z,destination=IND&origin=BOS&endRange=2025-10-14T23:59:59Z&startRange=2025-05-15T09:00:00Z,9.0,815.0,1.0,11.0,<Response [200]>
,,,,,,AUS,,,,,LAX,,,,2025-10-14T23:59:59Z,2025-05-15T09:00:00Z,destination=AUS&origin=LAX&endRange=2025-10-14T23:59:59Z&startRange=2025-05-15T09:00:00Z,9.0,815.0,1.0,11.0,<Response [200]>
,,,,,,LAX,,,,,BOS,,,,2025-10-14T23:59:59Z,2025-05-15T09:00:00Z,destination=LAX&origin=BOS&endRange=2025-10-14T23:59:59Z&startRange=2025-05-15T09:00:00Z,9.0,818.0,1.0,11.0,<Response [200]>
,,,,,,DAD,,,,,HAN,,,,2025-10-14T23:59:59Z,2025-05-15T09:00:00Z,destination=DAD&origin=HAN&endRange=2025-10-14T23:59:59Z&startRange=2025-05-15T09:00:00Z,9.0,895.0,1.0,11.0,<Response [200]>
,,,,,,SJO,,,,,PTY,,,,2025-10-14T23:59:59Z,2025-05-15T09:00:00Z,destination=SJO&origin=PTY&endRange=2025-10-14T23:59:59Z&startRange=2025-05-15T09:00:00Z,9.0,894.0,1.0,11.0,<Response [200]>
,,,,,,OMA,,,,,DTW,,,,2025-10-14T23:59:59Z,2025-05-15T09:00:00Z,destination=OMA&origin=DTW&endRange=2025-10-14T23:59:59Z&startRange=2025-05-15T09:00:00Z,9.0,894.0,1.0,11.0,<Response [200]>
,,,,,,LGA,,,,,ORD,,,,2025-10-14T23:59:59Z,2025-05-15T09:00:00Z,destination=LGA&origin=ORD&endRange=2025-10-14T23:59:59Z&startRange=2025-05-15T09:00:00Z,9.0,893.0,1.0,11.0,<Response [200]>
,,,,,,YYZ,,,,,MSP,,,,2025-10-14T23:59:59Z,2025-05-15T09:00:00Z,destination=YYZ&origin=MSP&endRange=2025-10-14T23:59:59Z&startRange=2025-05-15T09:00:00Z,9.0,891.0,1.0,11.0,<Response [200]>
,,,,,,ATL,,,,,DSM,,,,2025-10-14T23:59:59Z,2025-05-15T09:00:00Z,destination=ATL&origin=DSM&endRange=2025-10-14T23:59:59Z&startRange=2025-05-15T09:00:00Z,9.0,877.0,1.0,11.0,<Response [200]>
,,,,,,CLE,,,,,JFK,,,,2025-10-14T23:59:59Z,2025-05-15T09:00:00Z,destination=CLE&origin=JFK&endRange=2025-10-14T23:59:59Z&startRange=2025-05-15T09:00:00Z,9.0,821.0,1.0,11.0,<Response [200]>
,,,,,,SJC,,,,,ATL,,,,2025-10-14T23:59:59Z,2025-05-15T09:00:00Z,destination=SJC&origin=ATL&endRange=2025-10-14T23:59:59Z&startRange=2025-05-15T09:00:00Z,9.0,857.0,1.0,11.0,<Response [200]>
,,,,,,MSP,,,,,GRR,,,,2025-10-14T23:59:59Z,2025-05-15T09:00:00Z,destination=MSP&origin=GRR&endRange=2025-10-14T23:59:59Z&startRange=2025-05-15T09:00:00Z,9.0,856.0,1.0,11.0,<Response [200]>
,,,,,,SLC,,,,,AUS,,,,2025-10-14T23:59:59Z,2025-05-15T09:00:00Z,destination=SLC&origin=AUS&endRange=2025-10-14T23:59:59Z&startRange=2025-05-15T09:00:00Z,9.0,855.0,1.0,11.0,<Response [200]>
,,,,,,CMH,,,,,BOS,,,,2025-10-14T23:59:59Z,2025-05-15T09:00:00Z,destination=CMH&origin=BOS&endRange=2025-10-14T23:59:59Z&startRange=2025-05-15T09:00:00Z,9.0,854.0,1.0,11.0,<Response [200]>
,,,,,,PIT,,,,,JFK,,,,2025-10-14T23:59:59Z,2025-05-15T09:00:00Z,destination=PIT&origin=JFK&endRange=2025-10-14T23:59:59Z&startRange=2025-05-15T09:00:00Z,9.0,853.0,1.0,11.0,<Response [200]>
,,,,,,ATL,,,,,EYW,,,,2025-10-14T23:59:59Z,2025-05-15T09:00:00Z,destination=ATL&origin=EYW&endRange=2025-10-14T23:59:59Z&startRange=2025-05-15T09:00:00Z,9.0,852.0,1.0,11.0,<Response [200]>
,,,,,,LAX,,,,,SMF,,,,2025-10-14T23:59:59Z,2025-05-15T09:00:00Z,destination=LAX&origin=SMF&endRange=2025-10-14T23:59:59Z&startRange=2025-05-15T09:00:00Z,9.0,822.0,1.0,11.0,<Response [200]>
,,,,,,RIC,,,,,JFK,,,,2025-10-14T23:59:59Z,2025-05-15T09:00:00Z,destination=RIC&origin=JFK&endRange=2025-10-14T23:59:59Z&startRange=2025-05-15T09:00:00Z,9.0,830.0,1.0,11.0,<Response [200]>
,,,,,,GRR,,,,,ATL,,,,2025-10-14T23:59:59Z,2025-05-15T09:00:00Z,destination=GRR&origin=ATL&endRange=2025-10-14T23:59:59Z&startRange=2025-05-15T09:00:00Z,9.0,827.0,1.0,11.0,<Response [200]>
,,,,,,ORD,,,,,SLC,,,,2025-10-14T23:59:59Z,2025-05-15T09:00:00Z,destination=ORD&origin=SLC&endRange=2025-10-14T23:59:59Z&startRange=2025-05-15T09:00:00Z,9.0,827.0,1.0,11.0,<Response [200]>
,,,,,,CGK,,,,,DPS,,,,2025-10-14T23:59:59Z,2025-05-15T09:00:00Z,destination=CGK&origin=DPS&endRange=2025-10-14T23:59:59Z&startRange=2025-05-15T09:00:00Z,9.0,825.0,1.0,11.0,<Response [200]>
,,,,,,DTW,,,,,ORF,,,,2025-10-14T23:59:59Z,2025-05-15T09:00:00Z,destination=DTW&origin=ORF&endRange=2025-10-14T23:59:59Z&startRange=2025-05-15T09:00:00Z,9.0,824.0,1.0,11.0,<Response [200]>
,,,,,,SIN,,,,,SYD,,,,2025-10-14T23:59:59Z,2025-05-15T09:00:00Z,destination=SIN&origin=SYD&endRange=2025-10-14T23:59:59Z&startRange=2025-05-15T09:00:00Z,9.0,822.0,1.0,11.0,<Response [200]>
,,,,,,ATL,,,,,TUS,,,,2025-10-14T23:59:59Z,2025-05-15T09:00:00Z,destination=ATL&origin=TUS&endRange=2025-10-14T23:59:59Z&startRange=2025-05-15T09:00:00Z,9.0,822.0,1.0,11.0,<Response [200]>
,,,,,,DTW,,,,,RIC,,,,2025-10-14T23:59:59Z,2025-05-15T09:00:00Z,destination=DTW&origin=RIC&endRange=2025-10-14T23:59:59Z&startRange=2025-05-15T09:00:00Z,9.0,879.0,1.0,11.0,<Response [200]>
,,,,,,BOS,,,,,MCO,,,,2025-10-14T23:59:59Z,2025-05-15T09:00:00Z,destination=BOS&origin=MCO&endRange=2025-10-14T23:59:59Z&startRange=2025-05-15T09:00:00Z,9.0,881.0,1.0,11.0,<Response [200]>
,,,,,,DEN,,,,,JFK,,,,2025-10-14T23:59:59Z,2025-05-15T09:00:00Z,destination=DEN&origin=JFK&endRange=2025-10-14T23:59:59Z&startRange=2025-05-15T09:00:00Z,9.0,882.0,1.0,11.0,<Response [200]>
,,,,,,DFW,,,,,DTW,,,,2025-10-14T23:59:59Z,2025-05-15T09:00:00Z,destination=DFW&origin=DTW&endRange=2025-10-14T23:59:59Z&startRange=2025-05-15T09:00:00Z,9.0,884.0,1.0,11.0,<Response [200]>
,,,,,,MSP,,,,,FLL,,,,2025-10-14T23:59:59Z,2025-05-15T09:00:00Z,destination=MSP&origin=FLL&endRange=2025-10-14T23:59:59Z&startRange=2025-05-15T09:00:00Z,9.0,884.0,1.0,11.0,<Response [200]>
,,,,,,JFK,,,,,SYR,,,,2025-10-14T23:59:59Z,2025-05-15T09:00:00Z,destination=JFK&origin=SYR&endRange=2025-10-14T23:59:59Z&startRange=2025-05-15T09:00:00Z,9.0,885.0,1.0,11.0,<Response [200]>
,,,,,,ORF,,,,,JFK,,,,2025-10-14T23:59:59Z,2025-05-15T09:00:00Z,destination=ORF&origin=JFK&endRange=2025-10-14T23:59:59Z&startRange=2025-05-15T09:00:00Z,9.0,860.0,1.0,11.0,<Response [200]>
,,,,,,CHS,,,,,DTW,,,,2025-10-14T23:59:59Z,2025-05-15T09:00:00Z,destination=CHS&origin=DTW&endRange=2025-10-14T23:59:59Z&startRange=2025-05-15T09:00:00Z,9.0,865.0,1.0,11.0,<Response [200]>
,,,,,,SJC,,,,,MSP,,,,2025-10-14T23:59:59Z,2025-05-15T09:00:00Z,destination=SJC&origin=MSP&endRange=2025-10-14T23:59:59Z&startRange=2025-05-15T09:00:00Z,9.0,860.0,1.0,11.0,<Response [200]>
,,,,,,TYS,,,,,DTW,,,,2025-10-14T23:59:59Z,2025-05-15T09:00:00Z,destination=TYS&origin=DTW&endRange=2025-10-14T23:59:59Z&startRange=2025-05-15T09:00:00Z,9.0,858.0,1.0,11.0,<Response [200]>
,,,,,,ATL,,,,,MDW,,,,2025-10-14T23:59:59Z,2025-05-15T09:00:00Z,destination=ATL&origin=MDW&endRange=2025-10-14T23:59:59Z&startRange=2025-05-15T09:00:00Z,9.0,866.0,1.0,11.0,<Response [200]>
,,,,,,AUS,,,,,JFK,,,,2025-10-14T23:59:59Z,2025-05-15T09:00:00Z,destination=AUS&origin=JFK&endRange=2025-10-14T23:59:59Z&startRange=2025-05-15T09:00:00Z,9.0,868.0,1.0,11.0,<Response [200]>
,,,,,,SMF,,,,,LAX,,,,2025-10-14T23:59:59Z,2025-05-15T09:00:00Z,destination=SMF&origin=LAX&endRange=2025-10-14T23:59:59Z&startRange=2025-05-15T09:00:00Z,9.0,874.0,1.0,11.0,<Response [200]>
,,,,,,MSP,,,,,SAT,,,,2025-10-14T23:59:59Z,2025-05-15T09:00:00Z,destination=MSP&origin=SAT&endRange=2025-10-14T23:59:59Z&startRange=2025-05-15T09:00:00Z,9.0,876.0,1.0,11.0,<Response [200]>
,,,,,,PIT,,,,,BOS,,,,2025-10-14T23:59:59Z,2025-05-15T09:00:00Z,destination=PIT&origin=BOS&endRange=2025-10-14T23:59:59Z&startRange=2025-05-15T09:00:00Z,9.0,877.0,1.0,11.0,<Response [200]>
,,,,,,MSP,,,,,YYZ,,,,2025-10-14T23:59:59Z,2025-05-15T09:00:00Z,destination=MSP&origin=YYZ&endRange=2025-10-14T23:59:59Z&startRange=2025-05-15T09:00:00Z,9.0,876.0,1.0,11.0,<Response [200]>
,,,,,,CUN,,,,,MEX,,,,2025-10-14T23:59:59Z,2025-05-15T09:00:00Z,destination=CUN&origin=MEX&endRange=2025-10-14T23:59:59Z&startRange=2025-05-15T09:00:00Z,9.0,890.0,1.0,11.0,<Response [200]>
,,,,,,JFK,,,,,IAD,,,,2025-10-14T23:59:59Z,2025-05-15T09:00:00Z,destination=JFK&origin=IAD&endRange=2025-10-14T23:59:59Z&startRange=2025-05-15T09:00:00Z,9.0,897.0,1.0,11.0,<Response [200]>
,,,,,,SAN,,,,,DTW,,,,2025-10-14T23:59:59Z,2025-05-15T09:00:00Z,destination=SAN&origin=DTW&endRange=2025-10-14T23:59:59Z&startRange=2025-05-15T09:00:00Z,9.0,895.0,1.0,11.0,<Response [200]>
,,,,,,DLH,,,,,MSP,,,,2025-10-14T23:59:59Z,2025-05-15T09:00:00Z,destination=DLH&origin=MSP&endRange=2025-10-14T23:59:59Z&startRange=2025-05-15T09:00:00Z,9.0,831.0,1.0,11.0,<Response [200]>
,,,,,,SLC,,,,,ONT,,,,2025-10-14T23:59:59Z,2025-05-15T09:00:00Z,destination=SLC&origin=ONT&endRange=2025-10-14T23:59:59Z&startRange=2025-05-15T09:00:00Z,9.0,886.0,1.0,11.0,<Response [200]>
,,,,,,MSP,,,,,CMH,,,,2025-10-14T23:59:59Z,2025-05-15T09:00:00Z,destination=MSP&origin=CMH&endRange=2025-10-14T23:59:59Z&startRange=2025-05-15T09:00:00Z,8.0,723.0,1.0,12.0,<Response [200]>
,,,,,,DSM,,,,,ATL,,,,2025-10-14T23:59:59Z,2025-05-15T09:00:00Z,destination=DSM&origin=ATL&endRange=2025-10-14T23:59:59Z&startRange=2025-05-15T09:00:00Z,8.0,719.0,1.0,12.0,<Response [200]>
,,,,,,DCA,,,,,CVG,,,,2025-10-14T23:59:59Z,2025-05-15T09:00:00Z,destination=DCA&origin=CVG&endRange=2025-10-14T23:59:59Z&startRange=2025-05-15T09:00:00Z,8.0,719.0,1.0,12.0,<Response [200]>
,,,,,,LAX,,,,,MSY,,,,2025-10-14T23:59:59Z,2025-05-15T09:00:00Z,destination=LAX&origin=MSY&endRange=2025-10-14T23:59:59Z&startRange=2025-05-15T09:00:00Z,8.0,713.0,1.0,12.0,<Response [200]>
,,,,,,JFK,,,,,PDX,,,,2025-10-14T23:59:59Z,2025-05-15T09:00:00Z,destination=JFK&origin=PDX&endRange=2025-10-14T23:59:59Z&startRange=2025-05-15T09:00:00Z,8.0,714.0,1.0,12.0,<Response [200]>
,,,,,,MEX,,,,,HMO,,,,2025-10-14T23:59:59Z,2025-05-15T09:00:00Z,destination=MEX&origin=HMO&endRange=2025-10-14T23:59:59Z&startRange=2025-05-15T09:00:00Z,8.0,718.0,1.0,12.0,<Response [200]>
,,,,,,PTY,,,,,GUA,,,,2025-10-14T23:59:59Z,2025-05-15T09:00:00Z,destination=PTY&origin=GUA&endRange=2025-10-14T23:59:59Z&startRange=2025-05-15T09:00:00Z,8.0,740.0,1.0,12.0,<Response [200]>
,,,,,,AUH,,,,,MCT,,,,2025-10-14T23:59:59Z,2025-05-15T09:00:00Z,destination=AUH&origin=MCT&endRange=2025-10-14T23:59:59Z&startRange=2025-05-15T09:00:00Z,8.0,741.0,1.0,12.0,<Response [200]>
,,,,,,MCT,,,,,AUH,,,,2025-10-14T23:59:59Z,2025-05-15T09:00:00Z,destination=MCT&origin=AUH&endRange=2025-10-14T23:59:59Z&startRange=2025-05-15T09:00:00Z,8.0,742.0,1.0,12.0,<Response [200]>
,,,,,,SHA,,,,,PEK,,,,2025-10-14T23:59:59Z,2025-05-15T09:00:00Z,destination=SHA&origin=PEK&endRange=2025-10-14T23:59:59Z&startRange=2025-05-15T09:00:00Z,8.0,744.0,1.0,12.0,<Response [200]>
,,,,,,MSP,,,,,BOI,,,,2025-10-14T23:59:59Z,2025-05-15T09:00:00Z,destination=MSP&origin=BOI&endRange=2025-10-14T23:59:59Z&startRange=2025-05-15T09:00:00Z,8.0,744.0,1.0,12.0,<Response [200]>
,,,,,,TPA,,,,,BOS,,,,2025-10-14T23:59:59Z,2025-05-15T09:00:00Z,destination=TPA&origin=BOS&endRange=2025-10-14T23:59:59Z&startRange=2025-05-15T09:00:00Z,8.0,713.0,1.0,12.0,<Response [200]>
,,,,,,SDF,,,,,DTW,,,,2025-10-14T23:59:59Z,2025-05-15T09:00:00Z,destination=SDF&origin=DTW&endRange=2025-10-14T23:59:59Z&startRange=2025-05-15T09:00:00Z,8.0,708.0,1.0,12.0,<Response [200]>
,,,,,,PBI,,,,,JFK,,,,2025-10-14T23:59:59Z,2025-05-15T09:00:00Z,destination=PBI&origin=JFK&endRange=2025-10-14T23:59:59Z&startRange=2025-05-15T09:00:00Z,8.0,707.0,1.0,12.0,<Response [200]>
,,,,,,YVR,,,,,YEG,,,,2025-10-14T23:59:59Z,2025-05-15T09:00:00Z,destination=YVR&origin=YEG&endRange=2025-10-14T23:59:59Z&startRange=2025-05-15T09:00:00Z,8.0,706.0,1.0,12.0,<Response [200]>
,,,,,,TPA,,,,,JFK,,,,2025-10-14T23:59:59Z,2025-05-15T09:00:00Z,destination=TPA&origin=JFK&endRange=2025-10-14T23:59:59Z&startRange=2025-05-15T09:00:00Z,8.0,705.0,1.0,12.0,<Response [200]>
,,,,,,ATL,,,,,YUL,,,,2025-10-14T23:59:59Z,2025-05-15T09:00:00Z,destination=ATL&origin=YUL&endRange=2025-10-14T23:59:59Z&startRange=2025-05-15T09:00:00Z,8.0,703.0,1.0,12.0,<Response [200]>
,,,,,,MSP,,,,,IAD,,,,2025-10-14T23:59:59Z,2025-05-15T09:00:00Z,destination=MSP&origin=IAD&endRange=2025-10-14T23:59:59Z&startRange=2025-05-15T09:00:00Z,8.0,723.0,1.0,12.0,<Response [200]>
,,,,,,JED,,,,,AUH,,,,2025-10-14T23:59:59Z,2025-05-15T09:00:00Z,destination=JED&origin=AUH&endRange=2025-10-14T23:59:59Z&startRange=2025-05-15T09:00:00Z,8.0,725.0,1.0,12.0,<Response [200]>
,,,,,,JFK,,,,,PBI,,,,2025-10-14T23:59:59Z,2025-05-15T09:00:00Z,destination=JFK&origin=PBI&endRange=2025-10-14T23:59:59Z&startRange=2025-05-15T09:00:00Z,8.0,730.0,1.0,12.0,<Response [200]>
,,,,,,SAV,,,,,JFK,,,,2025-10-14T23:59:59Z,2025-05-15T09:00:00Z,destination=SAV&origin=JFK&endRange=2025-10-14T23:59:59Z&startRange=2025-05-15T09:00:00Z,8.0,733.0,1.0,12.0,<Response [200]>
,,,,,,DTW,,,,,MDW,,,,2025-10-14T23:59:59Z,2025-05-15T09:00:00Z,destination=DTW&origin=MDW&endRange=2025-10-14T23:59:59Z&startRange=2025-05-15T09:00:00Z,8.0,737.0,1.0,12.0,<Response [200]>
,,,,,,PWM,,,,,JFK,,,,2025-10-14T23:59:59Z,2025-05-15T09:00:00Z,destination=PWM&origin=JFK&endRange=2025-10-14T23:59:59Z&startRange=2025-05-15T09:00:00Z,8.0,799.0,1.0,12.0,<Response [200]>
,,,,,,BOS,,,,,MCI,,,,2025-10-14T23:59:59Z,2025-05-15T09:00:00Z,destination=BOS&origin=MCI&endRange=2025-10-14T23:59:59Z&startRange=2025-05-15T09:00:00Z,8.0,784.0,1.0,12.0,<Response [200]>
,,,,,,JFK,,,,,ORF,,,,2025-10-14T23:59:59Z,2025-05-15T09:00:00Z,destination=JFK&origin=ORF&endRange=2025-10-14T23:59:59Z&startRange=2025-05-15T09:00:00Z,8.0,785.0,1.0,12.0,<Response [200]>
,,,,,,JFK,,,,,PWM,,,,2025-10-14T23:59:59Z,2025-05-15T09:00:00Z,destination=JFK&origin=PWM&endRange=2025-10-14T23:59:59Z&startRange=2025-05-15T09:00:00Z,8.0,793.0,1.0,12.0,<Response [200]>
,,,,,,DTW,,,,,MEM,,,,2025-10-14T23:59:59Z,2025-05-15T09:00:00Z,destination=DTW&origin=MEM&endRange=2025-10-14T23:59:59Z&startRange=2025-05-15T09:00:00Z,8.0,795.0,1.0,12.0,<Response [200]>
,,,,,,JFK,,,,,MCI,,,,2025-10-14T23:59:59Z,2025-05-15T09:00:00Z,destination=JFK&origin=MCI&endRange=2025-10-14T23:59:59Z&startRange=2025-05-15T09:00:00Z,8.0,768.0,1.0,12.0,<Response [200]>
,,,,,,MLB,,,,,ATL,,,,2025-10-14T23:59:59Z,2025-05-15T09:00:00Z,destination=MLB&origin=ATL&endRange=2025-10-14T23:59:59Z&startRange=2025-05-15T09:00:00Z,8.0,768.0,1.0,12.0,<Response [200]>
,,,,,,TIJ,,,,,MEX,,,,2025-10-14T23:59:59Z,2025-05-15T09:00:00Z,destination=TIJ&origin=MEX&endRange=2025-10-14T23:59:59Z&startRange=2025-05-15T09:00:00Z,8.0,769.0,1.0,12.0,<Response [200]>
,,,,,,SIN,,,,,CGK,,,,2025-10-14T23:59:59Z,2025-05-15T09:00:00Z,destination=SIN&origin=CGK&endRange=2025-10-14T23:59:59Z&startRange=2025-05-15T09:00:00Z,8.0,770.0,1.0,12.0,<Response [200]>
,,,,,,DTW,,,,,DEN,,,,2025-10-14T23:59:59Z,2025-05-15T09:00:00Z,destination=DTW&origin=DEN&endRange=2025-10-14T23:59:59Z&startRange=2025-05-15T09:00:00Z,8.0,771.0,1.0,12.0,<Response [200]>
,,,,,,LAX,,,,,DFW,,,,2025-10-14T23:59:59Z,2025-05-15T09:00:00Z,destination=LAX&origin=DFW&endRange=2025-10-14T23:59:59Z&startRange=2025-05-15T09:00:00Z,8.0,771.0,1.0,12.0,<Response [200]>
,,,,,,DSM,,,,,MSP,,,,2025-10-14T23:59:59Z,2025-05-15T09:00:00Z,destination=DSM&origin=MSP&endRange=2025-10-14T23:59:59Z&startRange=2025-05-15T09:00:00Z,8.0,772.0,1.0,12.0,<Response [200]>
,,,,,,ATL,,,,,NAS,,,,2025-10-14T23:59:59Z,2025-05-15T09:00:00Z,destination=ATL&origin=NAS&endRange=2025-10-14T23:59:59Z&startRange=2025-05-15T09:00:00Z,8.0,772.0,1.0,12.0,<Response [200]>
,,,,,,MEX,,,,,VER,,,,2025-10-14T23:59:59Z,2025-05-15T09:00:00Z,destination=MEX&origin=VER&endRange=2025-10-14T23:59:59Z&startRange=2025-05-15T09:00:00Z,8.0,772.0,1.0,12.0,<Response [200]>
,,,,,,DTW,,,,,FLL,,,,2025-10-14T23:59:59Z,2025-05-15T09:00:00Z,destination=DTW&origin=FLL&endRange=2025-10-14T23:59:59Z&startRange=2025-05-15T09:00:00Z,8.0,774.0,1.0,12.0,<Response [200]>
,,,,,,RDU,,,,,BOS,,,,2025-10-14T23:59:59Z,2025-05-15T09:00:00Z,destination=RDU&origin=BOS&endRange=2025-10-14T23:59:59Z&startRange=2025-05-15T09:00:00Z,8.0,774.0,1.0,12.0,<Response [200]>
,,,,,,ATL,,,,,CUN,,,,2025-10-14T23:59:59Z,2025-05-15T09:00:00Z,destination=ATL&origin=CUN&endRange=2025-10-14T23:59:59Z&startRange=2025-05-15T09:00:00Z,8.0,775.0,1.0,12.0,<Response [200]>
,,,,,,BOS,,,,,FLL,,,,2025-10-14T23:59:59Z,2025-05-15T09:00:00Z,destination=BOS&origin=FLL&endRange=2025-10-14T23:59:59Z&startRange=2025-05-15T09:00:00Z,8.0,776.0,1.0,12.0,<Response [200]>
,,,,,,ROC,,,,,JFK,,,,2025-10-14T23:59:59Z,2025-05-15T09:00:00Z,destination=ROC&origin=JFK&endRange=2025-10-14T23:59:59Z&startRange=2025-05-15T09:00:00Z,8.0,777.0,1.0,12.0,<Response [200]>
,,,,,,MEX,,,,,OAX,,,,2025-10-14T23:59:59Z,2025-05-15T09:00:00Z,destination=MEX&origin=OAX&endRange=2025-10-14T23:59:59Z&startRange=2025-05-15T09:00:00Z,8.0,778.0,1.0,12.0,<Response [200]>
,,,,,,GDL,,,,,MEX,,,,2025-10-14T23:59:59Z,2025-05-15T09:00:00Z,destination=GDL&origin=MEX&endRange=2025-10-14T23:59:59Z&startRange=2025-05-15T09:00:00Z,8.0,780.0,1.0,12.0,<Response [200]>
,,,,,,DTW,,,,,SYR,,,,2025-10-14T23:59:59Z,2025-05-15T09:00:00Z,destination=DTW&origin=SYR&endRange=2025-10-14T23:59:59Z&startRange=2025-05-15T09:00:00Z,8.0,744.0,1.0,12.0,<Response [200]>
,,,,,,BAH,,,,,AUH,,,,2025-10-14T23:59:59Z,2025-05-15T09:00:00Z,destination=BAH&origin=AUH&endRange=2025-10-14T23:59:59Z&startRange=2025-05-15T09:00:00Z,8.0,744.0,1.0,12.0,<Response [200]>
,,,,,,SLC,,,,,ABQ,,,,2025-10-14T23:59:59Z,2025-05-15T09:00:00Z,destination=SLC&origin=ABQ&endRange=2025-10-14T23:59:59Z&startRange=2025-05-15T09:00:00Z,8.0,745.0,1.0,12.0,<Response [200]>
,,,,,,DCA,,,,,JFK,,,,2025-10-14T23:59:59Z,2025-05-15T09:00:00Z,destination=DCA&origin=JFK&endRange=2025-10-14T23:59:59Z&startRange=2025-05-15T09:00:00Z,8.0,746.0,1.0,12.0,<Response [200]>
,,,,,,AUH,,,,,JED,,,,2025-10-14T23:59:59Z,2025-05-15T09:00:00Z,destination=AUH&origin=JED&endRange=2025-10-14T23:59:59Z&startRange=2025-05-15T09:00:00Z,8.0,746.0,1.0,12.0,<Response [200]>
,,,,,,SMF,,,,,SLC,,,,2025-10-14T23:59:59Z,2025-05-15T09:00:00Z,destination=SMF&origin=SLC&endRange=2025-10-14T23:59:59Z&startRange=2025-05-15T09:00:00Z,8.0,748.0,1.0,12.0,<Response [200]>
,,,,,,SAN,,,,,JFK,,,,2025-10-14T23:59:59Z,2025-05-15T09:00:00Z,destination=SAN&origin=JFK&endRange=2025-10-14T23:59:59Z&startRange=2025-05-15T09:00:00Z,8.0,748.0,1.0,12.0,<Response [200]>
,,,,,,JFK,,,,,IND,,,,2025-10-14T23:59:59Z,2025-05-15T09:00:00Z,destination=JFK&origin=IND&endRange=2025-10-14T23:59:59Z&startRange=2025-05-15T09:00:00Z,8.0,754.0,1.0,12.0,<Response [200]>
,,,,,,PHL,,,,,BOS,,,,2025-10-14T23:59:59Z,2025-05-15T09:00:00Z,destination=PHL&origin=BOS&endRange=2025-10-14T23:59:59Z&startRange=2025-05-15T09:00:00Z,8.0,756.0,1.0,12.0,<Response [200]>
,,,,,,PEK,,,,,SHA,,,,2025-10-14T23:59:59Z,2025-05-15T09:00:00Z,destination=PEK&origin=SHA&endRange=2025-10-14T23:59:59Z&startRange=2025-05-15T09:00:00Z,8.0,757.0,1.0,12.0,<Response [200]>
,,,,,,MSP,,,,,PIT,,,,2025-10-14T23:59:59Z,2025-05-15T09:00:00Z,destination=MSP&origin=PIT&endRange=2025-10-14T23:59:59Z&startRange=2025-05-15T09:00:00Z,8.0,758.0,1.0,12.0,<Response [200]>
,,,,,,SIN,,,,,MEL,,,,2025-10-14T23:59:59Z,2025-05-15T09:00:00Z,destination=SIN&origin=MEL&endRange=2025-10-14T23:59:59Z&startRange=2025-05-15T09:00:00Z,8.0,760.0,1.0,12.0,<Response [200]>
,,,,,,RSW,,,,,MSP,,,,2025-10-14T23:59:59Z,2025-05-15T09:00:00Z,destination=RSW&origin=MSP&endRange=2025-10-14T23:59:59Z&startRange=2025-05-15T09:00:00Z,8.0,762.0,1.0,12.0,<Response [200]>
,,,,,,KWI,,,,,AUH,,,,2025-10-14T23:59:59Z,2025-05-15T09:00:00Z,destination=KWI&origin=AUH&endRange=2025-10-14T23:59:59Z&startRange=2025-05-15T09:00:00Z,8.0,764.0,1.0,12.0,<Response [200]>
,,,,,,MSP,,,,,OMA,,,,2025-10-14T23:59:59Z,2025-05-15T09:00:00Z,destination=MSP&origin=OMA&endRange=2025-10-14T23:59:59Z&startRange=2025-05-15T09:00:00Z,8.0,766.0,1.0,12.0,<Response [200]>
,,,,,,BOS,,,,,JAX,,,,2025-10-14T23:59:59Z,2025-05-15T09:00:00Z,destination=BOS&origin=JAX&endRange=2025-10-14T23:59:59Z&startRange=2025-05-15T09:00:00Z,8.0,768.0,1.0,12.0,<Response [200]>
,,,,,,SAT,,,,,SLC,,,,2025-10-14T23:59:59Z,2025-05-15T09:00:00Z,destination=SAT&origin=SLC&endRange=2025-10-14T23:59:59Z&startRange=2025-05-15T09:00:00Z,8.0,701.0,1.0,12.0,<Response [200]>
,,,,,,ORF,,,,,MSP,,,,2025-10-14T23:59:59Z,2025-05-15T09:00:00Z,destination=ORF&origin=MSP&endRange=2025-10-14T23:59:59Z&startRange=2025-05-15T09:00:00Z,8.0,702.0,1.0,12.0,<Response [200]>
,,,,,,MCI,,,,,BOS,,,,2025-10-14T23:59:59Z,2025-05-15T09:00:00Z,destination=MCI&origin=BOS&endRange=2025-10-14T23:59:59Z&startRange=2025-05-15T09:00:00Z,7.0,671.0,1.0,14.0,<Response [200]>
,,,,,,MEX,,,,,BJX,,,,2025-10-14T23:59:59Z,2025-05-15T09:00:00Z,destination=MEX&origin=BJX&endRange=2025-10-14T23:59:59Z&startRange=2025-05-15T09:00:00Z,7.0,669.0,1.0,14.0,<Response [200]>
,,,,,,DPS,,,,,CGK,,,,2025-10-14T23:59:59Z,2025-05-15T09:00:00Z,destination=DPS&origin=CGK&endRange=2025-10-14T23:59:59Z&startRange=2025-05-15T09:00:00Z,7.0,669.0,1.0,14.0,<Response [200]>
,,,,,,DLC,,,,,PVG,,,,2025-10-14T23:59:59Z,2025-05-15T09:00:00Z,destination=DLC&origin=PVG&endRange=2025-10-14T23:59:59Z&startRange=2025-05-15T09:00:00Z,7.0,668.0,1.0,14.0,<Response [200]>
,,,,,,DTW,,,,,SDF,,,,2025-10-14T23:59:59Z,2025-05-15T09:00:00Z,destination=DTW&origin=SDF&endRange=2025-10-14T23:59:59Z&startRange=2025-05-15T09:00:00Z,7.0,665.0,1.0,14.0,<Response [200]>
,,,,,,SJU,,,,,ATL,,,,2025-10-14T23:59:59Z,2025-05-15T09:00:00Z,destination=SJU&origin=ATL&endRange=2025-10-14T23:59:59Z&startRange=2025-05-15T09:00:00Z,7.0,665.0,1.0,14.0,<Response [200]>
,,,,,,MDT,,,,,ATL,,,,2025-10-14T23:59:59Z,2025-05-15T09:00:00Z,destination=MDT&origin=ATL&endRange=2025-10-14T23:59:59Z&startRange=2025-05-15T09:00:00Z,7.0,672.0,1.0,14.0,<Response [200]>
,,,,,,MSP,,,,,SJC,,,,2025-10-14T23:59:59Z,2025-05-15T09:00:00Z,destination=MSP&origin=SJC&endRange=2025-10-14T23:59:59Z&startRange=2025-05-15T09:00:00Z,7.0,672.0,1.0,14.0,<Response [200]>
,,,,,,ABQ,,,,,ATL,,,,2025-10-14T23:59:59Z,2025-05-15T09:00:00Z,destination=ABQ&origin=ATL&endRange=2025-10-14T23:59:59Z&startRange=2025-05-15T09:00:00Z,7.0,663.0,1.0,14.0,<Response [200]>
,,,,,,MSP,,,,,MEM,,,,2025-10-14T23:59:59Z,2025-05-15T09:00:00Z,destination=MSP&origin=MEM&endRange=2025-10-14T23:59:59Z&startRange=2025-05-15T09:00:00Z,7.0,662.0,1.0,14.0,<Response [200]>
,,,,,,CMH,,,,,JFK,,,,2025-10-14T23:59:59Z,2025-05-15T09:00:00Z,destination=CMH&origin=JFK&endRange=2025-10-14T23:59:59Z&startRange=2025-05-15T09:00:00Z,7.0,659.0,1.0,14.0,<Response [200]>
,,,,,,SAT,,,,,DTW,,,,2025-10-14T23:59:59Z,2025-05-15T09:00:00Z,destination=SAT&origin=DTW&endRange=2025-10-14T23:59:59Z&startRange=2025-05-15T09:00:00Z,7.0,658.0,1.0,14.0,<Response [200]>
,,,,,,GRB,,,,,MSP,,,,2025-10-14T23:59:59Z,2025-05-15T09:00:00Z,destination=GRB&origin=MSP&endRange=2025-10-14T23:59:59Z&startRange=2025-05-15T09:00:00Z,7.0,654.0,1.0,14.0,<Response [200]>
,,,,,,PBI,,,,,BOS,,,,2025-10-14T23:59:59Z,2025-05-15T09:00:00Z,destination=PBI&origin=BOS&endRange=2025-10-14T23:59:59Z&startRange=2025-05-15T09:00:00Z,7.0,654.0,1.0,14.0,<Response [200]>
,,,,,,ATL,,,,,MEX,,,,2025-10-14T23:59:59Z,2025-05-15T09:00:00Z,destination=ATL&origin=MEX&endRange=2025-10-14T23:59:59Z&startRange=2025-05-15T09:00:00Z,7.0,692.0,1.0,14.0,<Response [200]>
,,,,,,YYZ,,,,,JFK,,,,2025-10-14T23:59:59Z,2025-05-15T09:00:00Z,destination=YYZ&origin=JFK&endRange=2025-10-14T23:59:59Z&startRange=2025-05-15T09:00:00Z,7.0,690.0,1.0,14.0,<Response [200]>
,,,,,,DTW,,,,,TYS,,,,2025-10-14T23:59:59Z,2025-05-15T09:00:00Z,destination=DTW&origin=TYS&endRange=2025-10-14T23:59:59Z&startRange=2025-05-15T09:00:00Z,7.0,690.0,1.0,14.0,<Response [200]>
,,,,,,LAX,,,,,MCO,,,,2025-10-14T23:59:59Z,2025-05-15T09:00:00Z,destination=LAX&origin=MCO&endRange=2025-10-14T23:59:59Z&startRange=2025-05-15T09:00:00Z,7.0,686.0,1.0,14.0,<Response [200]>
,,,,,,YYC,,,,,YVR,,,,2025-10-14T23:59:59Z,2025-05-15T09:00:00Z,destination=YYC&origin=YVR&endRange=2025-10-14T23:59:59Z&startRange=2025-05-15T09:00:00Z,7.0,686.0,1.0,14.0,<Response [200]>
,,,,,,DTW,,,,,CHS,,,,2025-10-14T23:59:59Z,2025-05-15T09:00:00Z,destination=DTW&origin=CHS&endRange=2025-10-14T23:59:59Z&startRange=2025-05-15T09:00:00Z,7.0,686.0,1.0,14.0,<Response [200]>
,,,,,,SLC,,,,,PHL,,,,2025-10-14T23:59:59Z,2025-05-15T09:00:00Z,destination=SLC&origin=PHL&endRange=2025-10-14T23:59:59Z&startRange=2025-05-15T09:00:00Z,7.0,686.0,1.0,14.0,<Response [200]>
,,,,,,BOI,,,,,MSP,,,,2025-10-14T23:59:59Z,2025-05-15T09:00:00Z,destination=BOI&origin=MSP&endRange=2025-10-14T23:59:59Z&startRange=2025-05-15T09:00:00Z,7.0,685.0,1.0,14.0,<Response [200]>
,,,,,,RST,,,,,MSP,,,,2025-10-14T23:59:59Z,2025-05-15T09:00:00Z,destination=RST&origin=MSP&endRange=2025-10-14T23:59:59Z&startRange=2025-05-15T09:00:00Z,7.0,683.0,1.0,14.0,<Response [200]>
,,,,,,DMM,,,,,JED,,,,2025-10-14T23:59:59Z,2025-05-15T09:00:00Z,destination=DMM&origin=JED&endRange=2025-10-14T23:59:59Z&startRange=2025-05-15T09:00:00Z,7.0,683.0,1.0,14.0,<Response [200]>
,,,,,,DTW,,,,,BWI,,,,2025-10-14T23:59:59Z,2025-05-15T09:00:00Z,destination=DTW&origin=BWI&endRange=2025-10-14T23:59:59Z&startRange=2025-05-15T09:00:00Z,7.0,682.0,1.0,14.0,<Response [200]>
,,,,,,SEA,,,,,ORD,,,,2025-10-14T23:59:59Z,2025-05-15T09:00:00Z,destination=SEA&origin=ORD&endRange=2025-10-14T23:59:59Z&startRange=2025-05-15T09:00:00Z,7.0,680.0,1.0,14.0,<Response [200]>
,,,,,,DTW,,,,,ALB,,,,2025-10-14T23:59:59Z,2025-05-15T09:00:00Z,destination=DTW&origin=ALB&endRange=2025-10-14T23:59:59Z&startRange=2025-05-15T09:00:00Z,7.0,678.0,1.0,14.0,<Response [200]>
,,,,,,MSP,,,,,YVR,,,,2025-10-14T23:59:59Z,2025-05-15T09:00:00Z,destination=MSP&origin=YVR&endRange=2025-10-14T23:59:59Z&startRange=2025-05-15T09:00:00Z,7.0,678.0,1.0,14.0,<Response [200]>
,,,,,,MEX,,,,,SLP,,,,2025-10-14T23:59:59Z,2025-05-15T09:00:00Z,destination=MEX&origin=SLP&endRange=2025-10-14T23:59:59Z&startRange=2025-05-15T09:00:00Z,7.0,675.0,1.0,14.0,<Response [200]>
,,,,,,PVG,,,,,HRB,,,,2025-10-14T23:59:59Z,2025-05-15T09:00:00Z,destination=PVG&origin=HRB&endRange=2025-10-14T23:59:59Z&startRange=2025-05-15T09:00:00Z,7.0,673.0,1.0,14.0,<Response [200]>
,,,,,,JFK,,,,,CHS,,,,2025-10-14T23:59:59Z,2025-05-15T09:00:00Z,destination=JFK&origin=CHS&endRange=2025-10-14T23:59:59Z&startRange=2025-05-15T09:00:00Z,7.0,692.0,1.0,14.0,<Response [200]>
,,,,,,MSP,,,,,DSM,,,,2025-10-14T23:59:59Z,2025-05-15T09:00:00Z,destination=MSP&origin=DSM&endRange=2025-10-14T23:59:59Z&startRange=2025-05-15T09:00:00Z,7.0,693.0,1.0,14.0,<Response [200]>
,,,,,,MID,,,,,MEX,,,,2025-10-14T23:59:59Z,2025-05-15T09:00:00Z,destination=MID&origin=MEX&endRange=2025-10-14T23:59:59Z&startRange=2025-05-15T09:00:00Z,7.0,694.0,1.0,14.0,<Response [200]>
,,,,,,DTW,,,,,MIA,,,,2025-10-14T23:59:59Z,2025-05-15T09:00:00Z,destination=DTW&origin=MIA&endRange=2025-10-14T23:59:59Z&startRange=2025-05-15T09:00:00Z,7.0,695.0,1.0,14.0,<Response [200]>
,,,,,,RSW,,,,,DTW,,,,2025-10-14T23:59:59Z,2025-05-15T09:00:00Z,destination=RSW&origin=DTW&endRange=2025-10-14T23:59:59Z&startRange=2025-05-15T09:00:00Z,7.0,695.0,1.0,14.0,<Response [200]>
,,,,,,TUS,,,,,ATL,,,,2025-10-14T23:59:59Z,2025-05-15T09:00:00Z,destination=TUS&origin=ATL&endRange=2025-10-14T23:59:59Z&startRange=2025-05-15T09:00:00Z,7.0,696.0,1.0,14.0,<Response [200]>
,,,,,,BOS,,,,,IND,,,,2025-10-14T23:59:59Z,2025-05-15T09:00:00Z,destination=BOS&origin=IND&endRange=2025-10-14T23:59:59Z&startRange=2025-05-15T09:00:00Z,7.0,697.0,1.0,14.0,<Response [200]>
,,,,,,MSY,,,,,MSP,,,,2025-10-14T23:59:59Z,2025-05-15T09:00:00Z,destination=MSY&origin=MSP&endRange=2025-10-14T23:59:59Z&startRange=2025-05-15T09:00:00Z,7.0,699.0,1.0,14.0,<Response [200]>
,,,,,,DEN,,,,,LAX,,,,2025-10-14T23:59:59Z,2025-05-15T09:00:00Z,destination=DEN&origin=LAX&endRange=2025-10-14T23:59:59Z&startRange=2025-05-15T09:00:00Z,7.0,664.0,1.0,14.0,<Response [200]>
,,,,,,SYD,,,,,SIN,,,,2025-10-14T23:59:59Z,2025-05-15T09:00:00Z,destination=SYD&origin=SIN&endRange=2025-10-14T23:59:59Z&startRange=2025-05-15T09:00:00Z,7.0,663.0,1.0,14.0,<Response [200]>
,,,,,,IAH,,,,,DTW,,,,2025-10-14T23:59:59Z,2025-05-15T09:00:00Z,destination=IAH&origin=DTW&endRange=2025-10-14T23:59:59Z&startRange=2025-05-15T09:00:00Z,7.0,635.0,1.0,14.0,<Response [200]>
,,,,,,ABQ,,,,,SLC,,,,2025-10-14T23:59:59Z,2025-05-15T09:00:00Z,destination=ABQ&origin=SLC&endRange=2025-10-14T23:59:59Z&startRange=2025-05-15T09:00:00Z,7.0,636.0,1.0,14.0,<Response [200]>
,,,,,,ALB,,,,,ATL,,,,2025-10-14T23:59:59Z,2025-05-15T09:00:00Z,destination=ALB&origin=ATL&endRange=2025-10-14T23:59:59Z&startRange=2025-05-15T09:00:00Z,7.0,641.0,1.0,14.0,<Response [200]>
,,,,,,DTW,,,,,BHM,,,,2025-10-14T23:59:59Z,2025-05-15T09:00:00Z,destination=DTW&origin=BHM&endRange=2025-10-14T23:59:59Z&startRange=2025-05-15T09:00:00Z,7.0,644.0,1.0,14.0,<Response [200]>
,,,,,,MEX,,,,,PVR,,,,2025-10-14T23:59:59Z,2025-05-15T09:00:00Z,destination=MEX&origin=PVR&endRange=2025-10-14T23:59:59Z&startRange=2025-05-15T09:00:00Z,7.0,636.0,1.0,14.0,<Response [200]>
,,,,,,GSO,,,,,DTW,,,,2025-10-14T23:59:59Z,2025-05-15T09:00:00Z,destination=GSO&origin=DTW&endRange=2025-10-14T23:59:59Z&startRange=2025-05-15T09:00:00Z,7.0,639.0,1.0,14.0,<Response [200]>
,,,,,,MCI,,,,,SLC,,,,2025-10-14T23:59:59Z,2025-05-15T09:00:00Z,destination=MCI&origin=SLC&endRange=2025-10-14T23:59:59Z&startRange=2025-05-15T09:00:00Z,7.0,617.0,1.0,14.0,<Response [200]>
,,,,,,YEG,,,,,YVR,,,,2025-10-14T23:59:59Z,2025-05-15T09:00:00Z,destination=YEG&origin=YVR&endRange=2025-10-14T23:59:59Z&startRange=2025-05-15T09:00:00Z,7.0,619.0,1.0,14.0,<Response [200]>
,,,,,,MSP,,,,,GRB,,,,2025-10-14T23:59:59Z,2025-05-15T09:00:00Z,destination=MSP&origin=GRB&endRange=2025-10-14T23:59:59Z&startRange=2025-05-15T09:00:00Z,7.0,620.0,1.0,14.0,<Response [200]>
,,,,,,HRB,,,,,PVG,,,,2025-10-14T23:59:59Z,2025-05-15T09:00:00Z,destination=HRB&origin=PVG&endRange=2025-10-14T23:59:59Z&startRange=2025-05-15T09:00:00Z,7.0,621.0,1.0,14.0,<Response [200]>
,,,,,,PDX,,,,,JFK,,,,2025-10-14T23:59:59Z,2025-05-15T09:00:00Z,destination=PDX&origin=JFK&endRange=2025-10-14T23:59:59Z&startRange=2025-05-15T09:00:00Z,7.0,621.0,1.0,14.0,<Response [200]>
,,,,,,MDW,,,,,DTW,,,,2025-10-14T23:59:59Z,2025-05-15T09:00:00Z,destination=MDW&origin=DTW&endRange=2025-10-14T23:59:59Z&startRange=2025-05-15T09:00:00Z,7.0,621.0,1.0,14.0,<Response [200]>
,,,,,,LAX,,,,,MEX,,,,2025-10-14T23:59:59Z,2025-05-15T09:00:00Z,destination=LAX&origin=MEX&endRange=2025-10-14T23:59:59Z&startRange=2025-05-15T09:00:00Z,7.0,646.0,1.0,14.0,<Response [200]>
,,,,,,ATL,,,,,PVD,,,,2025-10-14T23:59:59Z,2025-05-15T09:00:00Z,destination=ATL&origin=PVD&endRange=2025-10-14T23:59:59Z&startRange=2025-05-15T09:00:00Z,7.0,646.0,1.0,14.0,<Response [200]>
,,,,,,YVR,,,,,YYC,,,,2025-10-14T23:59:59Z,2025-05-15T09:00:00Z,destination=YVR&origin=YYC&endRange=2025-10-14T23:59:59Z&startRange=2025-05-15T09:00:00Z,7.0,648.0,1.0,14.0,<Response [200]>
,,,,,,GRB,,,,,DTW,,,,2025-10-14T23:59:59Z,2025-05-15T09:00:00Z,destination=GRB&origin=DTW&endRange=2025-10-14T23:59:59Z&startRange=2025-05-15T09:00:00Z,7.0,648.0,1.0,14.0,<Response [200]>
,,,,,,ATW,,,,,MSP,,,,2025-10-14T23:59:59Z,2025-05-15T09:00:00Z,destination=ATW&origin=MSP&endRange=2025-10-14T23:59:59Z&startRange=2025-05-15T09:00:00Z,7.0,648.0,1.0,14.0,<Response [200]>
,,,,,,SYR,,,,,JFK,,,,2025-10-14T23:59:59Z,2025-05-15T09:00:00Z,destination=SYR&origin=JFK&endRange=2025-10-14T23:59:59Z&startRange=2025-05-15T09:00:00Z,7.0,649.0,1.0,14.0,<Response [200]>
,,,,,,SLC,,,,,OAK,,,,2025-10-14T23:59:59Z,2025-05-15T09:00:00Z,destination=SLC&origin=OAK&endRange=2025-10-14T23:59:59Z&startRange=2025-05-15T09:00:00Z,7.0,649.0,1.0,14.0,<Response [200]>
,,,,,,YUL,,,,,DTW,,,,2025-10-14T23:59:59Z,2025-05-15T09:00:00Z,destination=YUL&origin=DTW&endRange=2025-10-14T23:59:59Z&startRange=2025-05-15T09:00:00Z,7.0,653.0,1.0,14.0,<Response [200]>
,,,,,,PVG,,,,,CKG,,,,2025-10-14T23:59:59Z,2025-05-15T09:00:00Z,destination=PVG&origin=CKG&endRange=2025-10-14T23:59:59Z&startRange=2025-05-15T09:00:00Z,7.0,653.0,1.0,14.0,<Response [200]>
,,,,,,BOS,,,,,AUS,,,,2025-10-14T23:59:59Z,2025-05-15T09:00:00Z,destination=BOS&origin=AUS&endRange=2025-10-14T23:59:59Z&startRange=2025-05-15T09:00:00Z,7.0,653.0,1.0,14.0,<Response [200]>
,,,,,,FOC,,,,,PVG,,,,2025-10-14T23:59:59Z,2025-05-15T09:00:00Z,destination=FOC&origin=PVG&endRange=2025-10-14T23:59:59Z&startRange=2025-05-15T09:00:00Z,7.0,605.0,1.0,14.0,<Response [200]>
,,,,,,SLC,,,,,TUS,,,,2025-10-14T23:59:59Z,2025-05-15T09:00:00Z,destination=SLC&origin=TUS&endRange=2025-10-14T23:59:59Z&startRange=2025-05-15T09:00:00Z,7.0,604.0,1.0,14.0,<Response [200]>
,,,,,,YWG,,,,,MSP,,,,2025-10-14T23:59:59Z,2025-05-15T09:00:00Z,destination=YWG&origin=MSP&endRange=2025-10-14T23:59:59Z&startRange=2025-05-15T09:00:00Z,7.0,601.0,1.0,14.0,<Response [200]>
,,,,,,GEG,,,,,MSP,,,,2025-10-14T23:59:59Z,2025-05-15T09:00:00Z,destination=GEG&origin=MSP&endRange=2025-10-14T23:59:59Z&startRange=2025-05-15T09:00:00Z,7.0,602.0,1.0,14.0,<Response [200]>
,,,,,,KOJ,,,,,HND,,,,2025-10-14T23:59:59Z,2025-05-15T09:00:00Z,destination=KOJ&origin=HND&endRange=2025-10-14T23:59:59Z&startRange=2025-05-15T09:00:00Z,7.0,605.0,1.0,14.0,<Response [200]>
,,,,,,FUK,,,,,HND,,,,2025-10-14T23:59:59Z,2025-05-15T09:00:00Z,destination=FUK&origin=HND&endRange=2025-10-14T23:59:59Z&startRange=2025-05-15T09:00:00Z,7.0,605.0,1.0,14.0,<Response [200]>
,,,,,,PTY,,,,,MDE,,,,2025-10-14T23:59:59Z,2025-05-15T09:00:00Z,destination=PTY&origin=MDE&endRange=2025-10-14T23:59:59Z&startRange=2025-05-15T09:00:00Z,7.0,612.0,1.0,14.0,<Response [200]>
,,,,,,AUH,,,,,CMB,,,,2025-10-14T23:59:59Z,2025-05-15T09:00:00Z,destination=AUH&origin=CMB&endRange=2025-10-14T23:59:59Z&startRange=2025-05-15T09:00:00Z,7.0,612.0,1.0,14.0,<Response [200]>
,,,,,,DEL,,,,,BLR,,,,2025-10-14T23:59:59Z,2025-05-15T09:00:00Z,destination=DEL&origin=BLR&endRange=2025-10-14T23:59:59Z&startRange=2025-05-15T09:00:00Z,7.0,612.0,1.0,14.0,<Response [200]>
,,,,,,SLC,,,,,YVR,,,,2025-10-14T23:59:59Z,2025-05-15T09:00:00Z,destination=SLC&origin=YVR&endRange=2025-10-14T23:59:59Z&startRange=2025-05-15T09:00:00Z,7.0,614.0,1.0,14.0,<Response [200]>
,,,,,,CUN,,,,,ATL,,,,2025-10-14T23:59:59Z,2025-05-15T09:00:00Z,destination=CUN&origin=ATL&endRange=2025-10-14T23:59:59Z&startRange=2025-05-15T09:00:00Z,7.0,614.0,1.0,14.0,<Response [200]>
,,,,,,PVG,,,,,DLC,,,,2025-10-14T23:59:59Z,2025-05-15T09:00:00Z,destination=PVG&origin=DLC&endRange=2025-10-14T23:59:59Z&startRange=2025-05-15T09:00:00Z,7.0,614.0,1.0,14.0,<Response [200]>
,,,,,,PUS,,,,,ICN,,,,2025-10-14T23:59:59Z,2025-05-15T09:00:00Z,destination=PUS&origin=ICN&endRange=2025-10-14T23:59:59Z&startRange=2025-05-15T09:00:00Z,7.0,614.0,1.0,14.0,<Response [200]>
,,,,,,DTW,,,,,ATW,,,,2025-10-14T23:59:59Z,2025-05-15T09:00:00Z,destination=DTW&origin=ATW&endRange=2025-10-14T23:59:59Z&startRange=2025-05-15T09:00:00Z,7.0,615.0,1.0,14.0,<Response [200]>
,,,,,,YVR,,,,,MSP,,,,2025-10-14T23:59:59Z,2025-05-15T09:00:00Z,destination=YVR&origin=MSP&endRange=2025-10-14T23:59:59Z&startRange=2025-05-15T09:00:00Z,7.0,615.0,1.0,14.0,<Response [200]>
,,,,,,MSP,,,,,MSY,,,,2025-10-14T23:59:59Z,2025-05-15T09:00:00Z,destination=MSP&origin=MSY&endRange=2025-10-14T23:59:59Z&startRange=2025-05-15T09:00:00Z,7.0,616.0,1.0,14.0,<Response [200]>
,,,,,,SHA,,,,,XIY,,,,2025-10-14T23:59:59Z,2025-05-15T09:00:00Z,destination=SHA&origin=XIY&endRange=2025-10-14T23:59:59Z&startRange=2025-05-15T09:00:00Z,7.0,609.0,1.0,14.0,<Response [200]>
,,,,,,HND,,,,,KMQ,,,,2025-10-14T23:59:59Z,2025-05-15T09:00:00Z,destination=HND&origin=KMQ&endRange=2025-10-14T23:59:59Z&startRange=2025-05-15T09:00:00Z,7.0,608.0,1.0,14.0,<Response [200]>
,,,,,,AUH,,,,,KWI,,,,2025-10-14T23:59:59Z,2025-05-15T09:00:00Z,destination=AUH&origin=KWI&endRange=2025-10-14T23:59:59Z&startRange=2025-05-15T09:00:00Z,7.0,610.0,1.0,14.0,<Response [200]>
,,,,,,DTW,,,,,BNA,,,,2025-10-14T23:59:59Z,2025-05-15T09:00:00Z,destination=DTW&origin=BNA&endRange=2025-10-14T23:59:59Z&startRange=2025-05-15T09:00:00Z,7.0,610.0,1.0,14.0,<Response [200]>
,,,,,,PVG,,,,,WUH,,,,2025-10-14T23:59:59Z,2025-05-15T09:00:00Z,destination=PVG&origin=WUH&endRange=2025-10-14T23:59:59Z&startRange=2025-05-15T09:00:00Z,7.0,608.0,1.0,14.0,<Response [200]>
,,,,,,BKK,,,,,USM,,,,2025-10-14T23:59:59Z,2025-05-15T09:00:00Z,destination=BKK&origin=USM&endRange=2025-10-14T23:59:59Z&startRange=2025-05-15T09:00:00Z,7.0,608.0,1.0,14.0,<Response [200]>
,,,,,,DTW,,,,,OMA,,,,2025-10-14T23:59:59Z,2025-05-15T09:00:00Z,destination=DTW&origin=OMA&endRange=2025-10-14T23:59:59Z&startRange=2025-05-15T09:00:00Z,7.0,623.0,1.0,14.0,<Response [200]>
,,,,,,LAX,,,,,SAT,,,,2025-10-14T23:59:59Z,2025-05-15T09:00:00Z,destination=LAX&origin=SAT&endRange=2025-10-14T23:59:59Z&startRange=2025-05-15T09:00:00Z,7.0,624.0,1.0,14.0,<Response [200]>
,,,,,,DTW,,,,,ROC,,,,2025-10-14T23:59:59Z,2025-05-15T09:00:00Z,destination=DTW&origin=ROC&endRange=2025-10-14T23:59:59Z&startRange=2025-05-15T09:00:00Z,7.0,627.0,1.0,14.0,<Response [200]>
,,,,,,DTW,,,,,MSY,,,,2025-10-14T23:59:59Z,2025-05-15T09:00:00Z,destination=DTW&origin=MSY&endRange=2025-10-14T23:59:59Z&startRange=2025-05-15T09:00:00Z,7.0,628.0,1.0,14.0,<Response [200]>
,,,,,,AUS,,,,,SLC,,,,2025-10-14T23:59:59Z,2025-05-15T09:00:00Z,destination=AUS&origin=SLC&endRange=2025-10-14T23:59:59Z&startRange=2025-05-15T09:00:00Z,7.0,628.0,1.0,14.0,<Response [200]>
,,,,,,SAV,,,,,DTW,,,,2025-10-14T23:59:59Z,2025-05-15T09:00:00Z,destination=SAV&origin=DTW&endRange=2025-10-14T23:59:59Z&startRange=2025-05-15T09:00:00Z,7.0,630.0,1.0,14.0,<Response [200]>
,,,,,,CHS,,,,,BOS,,,,2025-10-14T23:59:59Z,2025-05-15T09:00:00Z,destination=CHS&origin=BOS&endRange=2025-10-14T23:59:59Z&startRange=2025-05-15T09:00:00Z,7.0,632.0,1.0,14.0,<Response [200]>
,,,,,,DXB,,,,,RUH,,,,2025-10-14T23:59:59Z,2025-05-15T09:00:00Z,destination=DXB&origin=RUH&endRange=2025-10-14T23:59:59Z&startRange=2025-05-15T09:00:00Z,7.0,632.0,1.0,14.0,<Response [200]>
,,,,,,IAD,,,,,MSP,,,,2025-10-14T23:59:59Z,2025-05-15T09:00:00Z,destination=IAD&origin=MSP&endRange=2025-10-14T23:59:59Z&startRange=2025-05-15T09:00:00Z,7.0,633.0,1.0,14.0,<Response [200]>
,,,,,,MEX,,,,,AGU,,,,2025-10-14T23:59:59Z,2025-05-15T09:00:00Z,destination=MEX&origin=AGU&endRange=2025-10-14T23:59:59Z&startRange=2025-05-15T09:00:00Z,7.0,634.0,1.0,14.0,<Response [200]>
,,,,,,OKA,,,,,HND,,,,2025-10-14T23:59:59Z,2025-05-15T09:00:00Z,destination=OKA&origin=HND&endRange=2025-10-14T23:59:59Z&startRange=2025-05-15T09:00:00Z,7.0,606.0,1.0,14.0,<Response [200]>
,,,,,,RDU,,,,,SLC,,,,2025-10-14T23:59:59Z,2025-05-15T09:00:00Z,destination=RDU&origin=SLC&endRange=2025-10-14T23:59:59Z&startRange=2025-05-15T09:00:00Z,7.0,631.0,1.0,14.0,<Response [200]>
,,,,,,AUH,,,,,MAA,,,,2025-10-14T23:59:59Z,2025-05-15T09:00:00Z,destination=AUH&origin=MAA&endRange=2025-10-14T23:59:59Z&startRange=2025-05-15T09:00:00Z,7.0,607.0,1.0,14.0,<Response [200]>
,,,,,,HND,,,,,HIJ,,,,2025-10-14T23:59:59Z,2025-05-15T09:00:00Z,destination=HND&origin=HIJ&endRange=2025-10-14T23:59:59Z&startRange=2025-05-15T09:00:00Z,7.0,607.0,1.0,14.0,<Response [200]>
,,,,,,MCO,,,,,LAX,,,,2025-10-14T23:59:59Z,2025-05-15T09:00:00Z,destination=MCO&origin=LAX&endRange=2025-10-14T23:59:59Z&startRange=2025-05-15T09:00:00Z,7.0,605.0,1.0,14.0,<Response [200]>
,,,,,,PVG,,,,,TAO,,,,2025-10-14T23:59:59Z,2025-05-15T09:00:00Z,destination=PVG&origin=TAO&endRange=2025-10-14T23:59:59Z&startRange=2025-05-15T09:00:00Z,7.0,605.0,1.0,14.0,<Response [200]>
,,,,,,HND,,,,,CTS,,,,2025-10-14T23:59:59Z,2025-05-15T09:00:00Z,destination=HND&origin=CTS&endRange=2025-10-14T23:59:59Z&startRange=2025-05-15T09:00:00Z,7.0,606.0,1.0,14.0,<Response [200]>
,,,,,,YYZ,,,,,YYC,,,,2025-10-14T23:59:59Z,2025-05-15T09:00:00Z,destination=YYZ&origin=YYC&endRange=2025-10-14T23:59:59Z&startRange=2025-05-15T09:00:00Z,6.0,595.0,1.0,17.0,<Response [200]>
,,,,,,AEP,,,,,MDZ,,,,2025-10-14T23:59:59Z,2025-05-15T09:00:00Z,destination=AEP&origin=MDZ&endRange=2025-10-14T23:59:59Z&startRange=2025-05-15T09:00:00Z,6.0,580.0,1.0,17.0,<Response [200]>
,,,,,,MSP,,,,,MDW,,,,2025-10-14T23:59:59Z,2025-05-15T09:00:00Z,destination=MSP&origin=MDW&endRange=2025-10-14T23:59:59Z&startRange=2025-05-15T09:00:00Z,6.0,561.0,1.0,17.0,<Response [200]>
,,,,,,MSP,,,,,GEG,,,,2025-10-14T23:59:59Z,2025-05-15T09:00:00Z,destination=MSP&origin=GEG&endRange=2025-10-14T23:59:59Z&startRange=2025-05-15T09:00:00Z,6.0,560.0,1.0,17.0,<Response [200]>
,,,,,,ATL,,,,,SMF,,,,2025-10-14T23:59:59Z,2025-05-15T09:00:00Z,destination=ATL&origin=SMF&endRange=2025-10-14T23:59:59Z&startRange=2025-05-15T09:00:00Z,6.0,560.0,1.0,17.0,<Response [200]>
,,,,,,DTW,,,,,RSW,,,,2025-10-14T23:59:59Z,2025-05-15T09:00:00Z,destination=DTW&origin=RSW&endRange=2025-10-14T23:59:59Z&startRange=2025-05-15T09:00:00Z,6.0,558.0,1.0,17.0,<Response [200]>
,,,,,,AEP,,,,,GRU,,,,2025-10-14T23:59:59Z,2025-05-15T09:00:00Z,destination=AEP&origin=GRU&endRange=2025-10-14T23:59:59Z&startRange=2025-05-15T09:00:00Z,6.0,556.0,1.0,17.0,<Response [200]>
,,,,,,VER,,,,,MEX,,,,2025-10-14T23:59:59Z,2025-05-15T09:00:00Z,destination=VER&origin=MEX&endRange=2025-10-14T23:59:59Z&startRange=2025-05-15T09:00:00Z,6.0,555.0,1.0,17.0,<Response [200]>
,,,,,,XMN,,,,,SHA,,,,2025-10-14T23:59:59Z,2025-05-15T09:00:00Z,destination=XMN&origin=SHA&endRange=2025-10-14T23:59:59Z&startRange=2025-05-15T09:00:00Z,6.0,554.0,1.0,17.0,<Response [200]>
,,,,,,RUH,,,,,DMM,,,,2025-10-14T23:59:59Z,2025-05-15T09:00:00Z,destination=RUH&origin=DMM&endRange=2025-10-14T23:59:59Z&startRange=2025-05-15T09:00:00Z,6.0,553.0,1.0,17.0,<Response [200]>
,,,,,,MSP,,,,,RSW,,,,2025-10-14T23:59:59Z,2025-05-15T09:00:00Z,destination=MSP&origin=RSW&endRange=2025-10-14T23:59:59Z&startRange=2025-05-15T09:00:00Z,6.0,553.0,1.0,17.0,<Response [200]>
,,,,,,ATL,,,,,SJU,,,,2025-10-14T23:59:59Z,2025-05-15T09:00:00Z,destination=ATL&origin=SJU&endRange=2025-10-14T23:59:59Z&startRange=2025-05-15T09:00:00Z,6.0,584.0,1.0,17.0,<Response [200]>
,,,,,,EBB,,,,,NBO,,,,2025-10-14T23:59:59Z,2025-05-15T09:00:00Z,destination=EBB&origin=NBO&endRange=2025-10-14T23:59:59Z&startRange=2025-05-15T09:00:00Z,6.0,583.0,1.0,17.0,<Response [200]>
,,,,,,SMF,,,,,MSP,,,,2025-10-14T23:59:59Z,2025-05-15T09:00:00Z,destination=SMF&origin=MSP&endRange=2025-10-14T23:59:59Z&startRange=2025-05-15T09:00:00Z,6.0,583.0,1.0,17.0,<Response [200]>
,,,,,,NBO,,,,,EBB,,,,2025-10-14T23:59:59Z,2025-05-15T09:00:00Z,destination=NBO&origin=EBB&endRange=2025-10-14T23:59:59Z&startRange=2025-05-15T09:00:00Z,6.0,582.0,1.0,17.0,<Response [200]>
,,,,,,SAT,,,,,LAX,,,,2025-10-14T23:59:59Z,2025-05-15T09:00:00Z,destination=SAT&origin=LAX&endRange=2025-10-14T23:59:59Z&startRange=2025-05-15T09:00:00Z,6.0,582.0,1.0,17.0,<Response [200]>
,,,,,,CTS,,,,,HND,,,,2025-10-14T23:59:59Z,2025-05-15T09:00:00Z,destination=CTS&origin=HND&endRange=2025-10-14T23:59:59Z&startRange=2025-05-15T09:00:00Z,6.0,580.0,1.0,17.0,<Response [200]>
,,,,,,AUH,,,,,BAH,,,,2025-10-14T23:59:59Z,2025-05-15T09:00:00Z,destination=AUH&origin=BAH&endRange=2025-10-14T23:59:59Z&startRange=2025-05-15T09:00:00Z,6.0,545.0,1.0,17.0,<Response [200]>
,,,,,,BOS,,,,,SEA,,,,2025-10-14T23:59:59Z,2025-05-15T09:00:00Z,destination=BOS&origin=SEA&endRange=2025-10-14T23:59:59Z&startRange=2025-05-15T09:00:00Z,6.0,545.0,1.0,17.0,<Response [200]>
,,,,,,SMF,,,,,ATL,,,,2025-10-14T23:59:59Z,2025-05-15T09:00:00Z,destination=SMF&origin=ATL&endRange=2025-10-14T23:59:59Z&startRange=2025-05-15T09:00:00Z,6.0,543.0,1.0,17.0,<Response [200]>
,,,,,,ATL,,,,,MDT,,,,2025-10-14T23:59:59Z,2025-05-15T09:00:00Z,destination=ATL&origin=MDT&endRange=2025-10-14T23:59:59Z&startRange=2025-05-15T09:00:00Z,6.0,542.0,1.0,17.0,<Response [200]>
,,,,,,MEX,,,,,ATL,,,,2025-10-14T23:59:59Z,2025-05-15T09:00:00Z,destination=MEX&origin=ATL&endRange=2025-10-14T23:59:59Z&startRange=2025-05-15T09:00:00Z,6.0,542.0,1.0,17.0,<Response [200]>
,,,,,,LAX,,,,,RDU,,,,2025-10-14T23:59:59Z,2025-05-15T09:00:00Z,destination=LAX&origin=RDU&endRange=2025-10-14T23:59:59Z&startRange=2025-05-15T09:00:00Z,6.0,541.0,1.0,17.0,<Response [200]>
,,,,,,BOS,,,,,PIT,,,,2025-10-14T23:59:59Z,2025-05-15T09:00:00Z,destination=BOS&origin=PIT&endRange=2025-10-14T23:59:59Z&startRange=2025-05-15T09:00:00Z,6.0,540.0,1.0,17.0,<Response [200]>
,,,,,,RIC,,,,,MSP,,,,2025-10-14T23:59:59Z,2025-05-15T09:00:00Z,destination=RIC&origin=MSP&endRange=2025-10-14T23:59:59Z&startRange=2025-05-15T09:00:00Z,6.0,540.0,1.0,17.0,<Response [200]>
,,,,,,LAX,,,,,BNA,,,,2025-10-14T23:59:59Z,2025-05-15T09:00:00Z,destination=LAX&origin=BNA&endRange=2025-10-14T23:59:59Z&startRange=2025-05-15T09:00:00Z,6.0,539.0,1.0,17.0,<Response [200]>
,,,,,,DMM,,,,,RUH,,,,2025-10-14T23:59:59Z,2025-05-15T09:00:00Z,destination=DMM&origin=RUH&endRange=2025-10-14T23:59:59Z&startRange=2025-05-15T09:00:00Z,6.0,538.0,1.0,17.0,<Response [200]>
,,,,,,LAX,,,,,HNL,,,,2025-10-14T23:59:59Z,2025-05-15T09:00:00Z,destination=LAX&origin=HNL&endRange=2025-10-14T23:59:59Z&startRange=2025-05-15T09:00:00Z,6.0,563.0,1.0,17.0,<Response [200]>
,,,,,,ANC,,,,,MSP,,,,2025-10-14T23:59:59Z,2025-05-15T09:00:00Z,destination=ANC&origin=MSP&endRange=2025-10-14T23:59:59Z&startRange=2025-05-15T09:00:00Z,6.0,563.0,1.0,17.0,<Response [200]>
,,,,,,CMH,,,,,LGA,,,,2025-10-14T23:59:59Z,2025-05-15T09:00:00Z,destination=CMH&origin=LGA&endRange=2025-10-14T23:59:59Z&startRange=2025-05-15T09:00:00Z,6.0,563.0,1.0,17.0,<Response [200]>
,,,,,,PTY,,,,,UIO,,,,2025-10-14T23:59:59Z,2025-05-15T09:00:00Z,destination=PTY&origin=UIO&endRange=2025-10-14T23:59:59Z&startRange=2025-05-15T09:00:00Z,6.0,562.0,1.0,17.0,<Response [200]>
,,,,,,SAT,,,,,MSP,,,,2025-10-14T23:59:59Z,2025-05-15T09:00:00Z,destination=SAT&origin=MSP&endRange=2025-10-14T23:59:59Z&startRange=2025-05-15T09:00:00Z,6.0,562.0,1.0,17.0,<Response [200]>
,,,,,,CAN,,,,,PKX,,,,2025-10-14T23:59:59Z,2025-05-15T09:00:00Z,destination=CAN&origin=PKX&endRange=2025-10-14T23:59:59Z&startRange=2025-05-15T09:00:00Z,6.0,562.0,1.0,17.0,<Response [200]>
,,,,,,DTW,,,,,YUL,,,,2025-10-14T23:59:59Z,2025-05-15T09:00:00Z,destination=DTW&origin=YUL&endRange=2025-10-14T23:59:59Z&startRange=2025-05-15T09:00:00Z,6.0,532.0,1.0,17.0,<Response [200]>
,,,,,,XIY,,,,,HGH,,,,2025-10-14T23:59:59Z,2025-05-15T09:00:00Z,destination=XIY&origin=HGH&endRange=2025-10-14T23:59:59Z&startRange=2025-05-15T09:00:00Z,6.0,532.0,1.0,17.0,<Response [200]>
,,,,,,BWI,,,,,JFK,,,,2025-10-14T23:59:59Z,2025-05-15T09:00:00Z,destination=BWI&origin=JFK&endRange=2025-10-14T23:59:59Z&startRange=2025-05-15T09:00:00Z,6.0,530.0,1.0,17.0,<Response [200]>
,,,,,,DTW,,,,,PWM,,,,2025-10-14T23:59:59Z,2025-05-15T09:00:00Z,destination=DTW&origin=PWM&endRange=2025-10-14T23:59:59Z&startRange=2025-05-15T09:00:00Z,6.0,530.0,1.0,17.0,<Response [200]>
,,,,,,PSP,,,,,SLC,,,,2025-10-14T23:59:59Z,2025-05-15T09:00:00Z,destination=PSP&origin=SLC&endRange=2025-10-14T23:59:59Z&startRange=2025-05-15T09:00:00Z,6.0,529.0,1.0,17.0,<Response [200]>
,,,,,,DTW,,,,,PBI,,,,2025-10-14T23:59:59Z,2025-05-15T09:00:00Z,destination=DTW&origin=PBI&endRange=2025-10-14T23:59:59Z&startRange=2025-05-15T09:00:00Z,6.0,526.0,1.0,17.0,<Response [200]>
,,,,,,CBR,,,,,SYD,,,,2025-10-14T23:59:59Z,2025-05-15T09:00:00Z,destination=CBR&origin=SYD&endRange=2025-10-14T23:59:59Z&startRange=2025-05-15T09:00:00Z,6.0,523.0,1.0,17.0,<Response [200]>
,,,,,,DTW,,,,,GSP,,,,2025-10-14T23:59:59Z,2025-05-15T09:00:00Z,destination=DTW&origin=GSP&endRange=2025-10-14T23:59:59Z&startRange=2025-05-15T09:00:00Z,6.0,523.0,1.0,17.0,<Response [200]>
,,,,,,CGK,,,,,SUB,,,,2025-10-14T23:59:59Z,2025-05-15T09:00:00Z,destination=CGK&origin=SUB&endRange=2025-10-14T23:59:59Z&startRange=2025-05-15T09:00:00Z,6.0,522.0,1.0,17.0,<Response [200]>
,,,,,,ATL,,,,,PWM,,,,2025-10-14T23:59:59Z,2025-05-15T09:00:00Z,destination=ATL&origin=PWM&endRange=2025-10-14T23:59:59Z&startRange=2025-05-15T09:00:00Z,6.0,520.0,1.0,17.0,<Response [200]>
,,,,,,DTW,,,,,SAT,,,,2025-10-14T23:59:59Z,2025-05-15T09:00:00Z,destination=DTW&origin=SAT&endRange=2025-10-14T23:59:59Z&startRange=2025-05-15T09:00:00Z,6.0,550.0,1.0,17.0,<Response [200]>
,,,,,,PBI,,,,,MSP,,,,2025-10-14T23:59:59Z,2025-05-15T09:00:00Z,destination=PBI&origin=MSP&endRange=2025-10-14T23:59:59Z&startRange=2025-05-15T09:00:00Z,6.0,548.0,1.0,17.0,<Response [200]>
,,,,,,ATL,,,,,SJC,,,,2025-10-14T23:59:59Z,2025-05-15T09:00:00Z,destination=ATL&origin=SJC&endRange=2025-10-14T23:59:59Z&startRange=2025-05-15T09:00:00Z,6.0,548.0,1.0,17.0,<Response [200]>
,,,,,,GRU,,,,,FLN,,,,2025-10-14T23:59:59Z,2025-05-15T09:00:00Z,destination=GRU&origin=FLN&endRange=2025-10-14T23:59:59Z&startRange=2025-05-15T09:00:00Z,6.0,547.0,1.0,17.0,<Response [200]>
,,,,,,EWR,,,,,BOS,,,,2025-10-14T23:59:59Z,2025-05-15T09:00:00Z,destination=EWR&origin=BOS&endRange=2025-10-14T23:59:59Z&startRange=2025-05-15T09:00:00Z,6.0,547.0,1.0,17.0,<Response [200]>
,,,,,,JAX,,,,,MSP,,,,2025-10-14T23:59:59Z,2025-05-15T09:00:00Z,destination=JAX&origin=MSP&endRange=2025-10-14T23:59:59Z&startRange=2025-05-15T09:00:00Z,6.0,547.0,1.0,17.0,<Response [200]>
,,,,,,MEX,,,,,LAX,,,,2025-10-14T23:59:59Z,2025-05-15T09:00:00Z,destination=MEX&origin=LAX&endRange=2025-10-14T23:59:59Z&startRange=2025-05-15T09:00:00Z,6.0,514.0,1.0,17.0,<Response [200]>
,,,,,,MSP,,,,,SDF,,,,2025-10-14T23:59:59Z,2025-05-15T09:00:00Z,destination=MSP&origin=SDF&endRange=2025-10-14T23:59:59Z&startRange=2025-05-15T09:00:00Z,6.0,513.0,1.0,17.0,<Response [200]>
,,,,,,SLC,,,,,RDU,,,,2025-10-14T23:59:59Z,2025-05-15T09:00:00Z,destination=SLC&origin=RDU&endRange=2025-10-14T23:59:59Z&startRange=2025-05-15T09:00:00Z,6.0,512.0,1.0,17.0,<Response [200]>
,,,,,,MSY,,,,,JFK,,,,2025-10-14T23:59:59Z,2025-05-15T09:00:00Z,destination=MSY&origin=JFK&endRange=2025-10-14T23:59:59Z&startRange=2025-05-15T09:00:00Z,6.0,511.0,1.0,17.0,<Response [200]>
,,,,,,MSP,,,,,RIC,,,,2025-10-14T23:59:59Z,2025-05-15T09:00:00Z,destination=MSP&origin=RIC&endRange=2025-10-14T23:59:59Z&startRange=2025-05-15T09:00:00Z,6.0,509.0,1.0,17.0,<Response [200]>
,,,,,,SLC,,,,,EWR,,,,2025-10-14T23:59:59Z,2025-05-15T09:00:00Z,destination=SLC&origin=EWR&endRange=2025-10-14T23:59:59Z&startRange=2025-05-15T09:00:00Z,6.0,508.0,1.0,17.0,<Response [200]>
,,,,,,TUS,,,,,SLC,,,,2025-10-14T23:59:59Z,2025-05-15T09:00:00Z,destination=TUS&origin=SLC&endRange=2025-10-14T23:59:59Z&startRange=2025-05-15T09:00:00Z,6.0,503.0,1.0,17.0,<Response [200]>
,,,,,,BOS,,,,,CHS,,,,2025-10-14T23:59:59Z,2025-05-15T09:00:00Z,destination=BOS&origin=CHS&endRange=2025-10-14T23:59:59Z&startRange=2025-05-15T09:00:00Z,6.0,501.0,1.0,17.0,<Response [200]>
,,,,,,MDW,,,,,MSP,,,,2025-10-14T23:59:59Z,2025-05-15T09:00:00Z,destination=MDW&origin=MSP&endRange=2025-10-14T23:59:59Z&startRange=2025-05-15T09:00:00Z,6.0,501.0,1.0,17.0,<Response [200]>
,,,,,,MDT,,,,,DTW,,,,2025-10-14T23:59:59Z,2025-05-15T09:00:00Z,destination=MDT&origin=DTW&endRange=2025-10-14T23:59:59Z&startRange=2025-05-15T09:00:00Z,6.0,538.0,1.0,17.0,<Response [200]>
,,,,,,YYZ,,,,,YWG,,,,2025-10-14T23:59:59Z,2025-05-15T09:00:00Z,destination=YYZ&origin=YWG&endRange=2025-10-14T23:59:59Z&startRange=2025-05-15T09:00:00Z,6.0,537.0,1.0,17.0,<Response [200]>
,,,,,,GRU,,,,,SSA,,,,2025-10-14T23:59:59Z,2025-05-15T09:00:00Z,destination=GRU&origin=SSA&endRange=2025-10-14T23:59:59Z&startRange=2025-05-15T09:00:00Z,6.0,537.0,1.0,17.0,<Response [200]>
,,,,,,PVR,,,,,MEX,,,,2025-10-14T23:59:59Z,2025-05-15T09:00:00Z,destination=PVR&origin=MEX&endRange=2025-10-14T23:59:59Z&startRange=2025-05-15T09:00:00Z,6.0,537.0,1.0,17.0,<Response [200]>
,,,,,,BOS,,,,,MKE,,,,2025-10-14T23:59:59Z,2025-05-15T09:00:00Z,destination=BOS&origin=MKE&endRange=2025-10-14T23:59:59Z&startRange=2025-05-15T09:00:00Z,6.0,537.0,1.0,17.0,<Response [200]>
,,,,,,SUB,,,,,CGK,,,,2025-10-14T23:59:59Z,2025-05-15T09:00:00Z,destination=SUB&origin=CGK&endRange=2025-10-14T23:59:59Z&startRange=2025-05-15T09:00:00Z,6.0,534.0,1.0,17.0,<Response [200]>
,,,,,,PBI,,,,,DTW,,,,2025-10-14T23:59:59Z,2025-05-15T09:00:00Z,destination=PBI&origin=DTW&endRange=2025-10-14T23:59:59Z&startRange=2025-05-15T09:00:00Z,6.0,521.0,1.0,17.0,<Response [200]>
,,,,,,NRT,,,,,ICN,,,,2025-10-14T23:59:59Z,2025-05-15T09:00:00Z,destination=NRT&origin=ICN&endRange=2025-10-14T23:59:59Z&startRange=2025-05-15T09:00:00Z,6.0,591.0,1.0,17.0,<Response [200]>
,,,,,,BOS,,,,,PHL,,,,2025-10-14T23:59:59Z,2025-05-15T09:00:00Z,destination=BOS&origin=PHL&endRange=2025-10-14T23:59:59Z&startRange=2025-05-15T09:00:00Z,6.0,591.0,1.0,17.0,<Response [200]>
,,,,,,VSA,,,,,MEX,,,,2025-10-14T23:59:59Z,2025-05-15T09:00:00Z,destination=VSA&origin=MEX&endRange=2025-10-14T23:59:59Z&startRange=2025-05-15T09:00:00Z,6.0,520.0,1.0,17.0,<Response [200]>
,,,,,,PKX,,,,,XIY,,,,2025-10-14T23:59:59Z,2025-05-15T09:00:00Z,destination=PKX&origin=XIY&endRange=2025-10-14T23:59:59Z&startRange=2025-05-15T09:00:00Z,6.0,520.0,1.0,17.0,<Response [200]>
,,,,,,XIY,,,,,SHA,,,,2025-10-14T23:59:59Z,2025-05-15T09:00:00Z,destination=XIY&origin=SHA&endRange=2025-10-14T23:59:59Z&startRange=2025-05-15T09:00:00Z,6.0,520.0,1.0,17.0,<Response [200]>
,,,,,,MEX,,,,,TRC,,,,2025-10-14T23:59:59Z,2025-05-15T09:00:00Z,destination=MEX&origin=TRC&endRange=2025-10-14T23:59:59Z&startRange=2025-05-15T09:00:00Z,6.0,519.0,1.0,17.0,<Response [200]>
,,,,,,TAO,,,,,PVG,,,,2025-10-14T23:59:59Z,2025-05-15T09:00:00Z,destination=TAO&origin=PVG&endRange=2025-10-14T23:59:59Z&startRange=2025-05-15T09:00:00Z,6.0,519.0,1.0,17.0,<Response [200]>
,,,,,,YNT,,,,,PVG,,,,2025-10-14T23:59:59Z,2025-05-15T09:00:00Z,destination=YNT&origin=PVG&endRange=2025-10-14T23:59:59Z&startRange=2025-05-15T09:00:00Z,6.0,515.0,1.0,17.0,<Response [200]>
,,,,,,ATL,,,,,ABQ,,,,2025-10-14T23:59:59Z,2025-05-15T09:00:00Z,destination=ATL&origin=ABQ&endRange=2025-10-14T23:59:59Z&startRange=2025-05-15T09:00:00Z,6.0,578.0,1.0,17.0,<Response [200]>
,,,,,,BOS,,,,,TPA,,,,2025-10-14T23:59:59Z,2025-05-15T09:00:00Z,destination=BOS&origin=TPA&endRange=2025-10-14T23:59:59Z&startRange=2025-05-15T09:00:00Z,6.0,577.0,1.0,17.0,<Response [200]>
,,,,,,PWM,,,,,ATL,,,,2025-10-14T23:59:59Z,2025-05-15T09:00:00Z,destination=PWM&origin=ATL&endRange=2025-10-14T23:59:59Z&startRange=2025-05-15T09:00:00Z,6.0,576.0,1.0,17.0,<Response [200]>
,,,,,,YYZ,,,,,YEG,,,,2025-10-14T23:59:59Z,2025-05-15T09:00:00Z,destination=YYZ&origin=YEG&endRange=2025-10-14T23:59:59Z&startRange=2025-05-15T09:00:00Z,6.0,572.0,1.0,17.0,<Response [200]>
,,,,,,NBO,,,,,DAR,,,,2025-10-14T23:59:59Z,2025-05-15T09:00:00Z,destination=NBO&origin=DAR&endRange=2025-10-14T23:59:59Z&startRange=2025-05-15T09:00:00Z,6.0,571.0,1.0,17.0,<Response [200]>
,,,,,,DAR,,,,,NBO,,,,2025-10-14T23:59:59Z,2025-05-15T09:00:00Z,destination=DAR&origin=NBO&endRange=2025-10-14T23:59:59Z&startRange=2025-05-15T09:00:00Z,6.0,569.0,1.0,17.0,<Response [200]>
,,,,,,BOS,,,,,CLE,,,,2025-10-14T23:59:59Z,2025-05-15T09:00:00Z,destination=BOS&origin=CLE&endRange=2025-10-14T23:59:59Z&startRange=2025-05-15T09:00:00Z,6.0,569.0,1.0,17.0,<Response [200]>
,,,,,,YLW,,,,,YVR,,,,2025-10-14T23:59:59Z,2025-05-15T09:00:00Z,destination=YLW&origin=YVR&endRange=2025-10-14T23:59:59Z&startRange=2025-05-15T09:00:00Z,6.0,567.0,1.0,17.0,<Response [200]>
,,,,,,TRC,,,,,MEX,,,,2025-10-14T23:59:59Z,2025-05-15T09:00:00Z,destination=TRC&origin=MEX&endRange=2025-10-14T23:59:59Z&startRange=2025-05-15T09:00:00Z,6.0,566.0,1.0,17.0,<Response [200]>
,,,,,,MEX,,,,,TGZ,,,,2025-10-14T23:59:59Z,2025-05-15T09:00:00Z,destination=MEX&origin=TGZ&endRange=2025-10-14T23:59:59Z&startRange=2025-05-15T09:00:00Z,6.0,595.0,1.0,17.0,<Response [200]>
,,,,,,MEX,,,,,SJD,,,,2025-10-14T23:59:59Z,2025-05-15T09:00:00Z,destination=MEX&origin=SJD&endRange=2025-10-14T23:59:59Z&startRange=2025-05-15T09:00:00Z,6.0,595.0,1.0,17.0,<Response [200]>
,,,,,,AGU,,,,,MEX,,,,2025-10-14T23:59:59Z,2025-05-15T09:00:00Z,destination=AGU&origin=MEX&endRange=2025-10-14T23:59:59Z&startRange=2025-05-15T09:00:00Z,6.0,594.0,1.0,17.0,<Response [200]>
,,,,,,FAT,,,,,SLC,,,,2025-10-14T23:59:59Z,2025-05-15T09:00:00Z,destination=FAT&origin=SLC&endRange=2025-10-14T23:59:59Z&startRange=2025-05-15T09:00:00Z,6.0,593.0,1.0,17.0,<Response [200]>
,,,,,,YYC,,,,,YYZ,,,,2025-10-14T23:59:59Z,2025-05-15T09:00:00Z,destination=YYC&origin=YYZ&endRange=2025-10-14T23:59:59Z&startRange=2025-05-15T09:00:00Z,6.0,592.0,1.0,17.0,<Response [200]>
,,,,,,MSP,,,,,JAX,,,,2025-10-14T23:59:59Z,2025-05-15T09:00:00Z,destination=MSP&origin=JAX&endRange=2025-10-14T23:59:59Z&startRange=2025-05-15T09:00:00Z,6.0,592.0,1.0,17.0,<Response [200]>
,,,,,,MKE,,,,,BOS,,,,2025-10-14T23:59:59Z,2025-05-15T09:00:00Z,destination=MKE&origin=BOS&endRange=2025-10-14T23:59:59Z&startRange=2025-05-15T09:00:00Z,6.0,561.0,1.0,17.0,<Response [200]>
,,,,,,LAX,,,,,ABQ,,,,2025-10-14T23:59:59Z,2025-05-15T09:00:00Z,destination=LAX&origin=ABQ&endRange=2025-10-14T23:59:59Z&startRange=2025-05-15T09:00:00Z,6.0,589.0,1.0,17.0,<Response [200]>
,,,,,,PKX,,,,,CAN,,,,2025-10-14T23:59:59Z,2025-05-15T09:00:00Z,destination=PKX&origin=CAN&endRange=2025-10-14T23:59:59Z&startRange=2025-05-15T09:00:00Z,6.0,589.0,1.0,17.0,<Response [200]>
,,,,,,CVG,,,,,DCA,,,,2025-10-14T23:59:59Z,2025-05-15T09:00:00Z,destination=CVG&origin=DCA&endRange=2025-10-14T23:59:59Z&startRange=2025-05-15T09:00:00Z,6.0,588.0,1.0,17.0,<Response [200]>
,,,,,,LAN,,,,,DTW,,,,2025-10-14T23:59:59Z,2025-05-15T09:00:00Z,destination=LAN&origin=DTW&endRange=2025-10-14T23:59:59Z&startRange=2025-05-15T09:00:00Z,6.0,585.0,1.0,17.0,<Response [200]>
,,,,,,MSP,,,,,YWG,,,,2025-10-14T23:59:59Z,2025-05-15T09:00:00Z,destination=MSP&origin=YWG&endRange=2025-10-14T23:59:59Z&startRange=2025-05-15T09:00:00Z,6.0,585.0,1.0,17.0,<Response [200]>
,,,,,,BWI,,,,,BOS,,,,2025-10-14T23:59:59Z,2025-05-15T09:00:00Z,destination=BWI&origin=BOS&endRange=2025-10-14T23:59:59Z&startRange=2025-05-15T09:00:00Z,6.0,585.0,1.0,17.0,<Response [200]>
,,,,,,TGZ,,,,,MEX,,,,2025-10-14T23:59:59Z,2025-05-15T09:00:00Z,destination=TGZ&origin=MEX&endRange=2025-10-14T23:59:59Z&startRange=2025-05-15T09:00:00Z,6.0,585.0,1.0,17.0,<Response [200]>
,,,,,,SEA,,,,,IAD,,,,2025-10-14T23:59:59Z,2025-05-15T09:00:00Z,destination=SEA&origin=IAD&endRange=2025-10-14T23:59:59Z&startRange=2025-05-15T09:00:00Z,6.0,584.0,1.0,17.0,<Response [200]>
,,,,,,SLC,,,,,FAT,,,,2025-10-14T23:59:59Z,2025-05-15T09:00:00Z,destination=SLC&origin=FAT&endRange=2025-10-14T23:59:59Z&startRange=2025-05-15T09:00:00Z,6.0,600.0,1.0,17.0,<Response [200]>
,,,,,,MEL,,,,,SIN,,,,2025-10-14T23:59:59Z,2025-05-15T09:00:00Z,destination=MEL&origin=SIN&endRange=2025-10-14T23:59:59Z&startRange=2025-05-15T09:00:00Z,6.0,597.0,1.0,17.0,<Response [200]>
,,,,,,PVG,,,,,FOC,,,,2025-10-14T23:59:59Z,2025-05-15T09:00:00Z,destination=PVG&origin=FOC&endRange=2025-10-14T23:59:59Z&startRange=2025-05-15T09:00:00Z,6.0,597.0,1.0,17.0,<Response [200]>
,,,,,,MEX,,,,,CUL,,,,2025-10-14T23:59:59Z,2025-05-15T09:00:00Z,destination=MEX&origin=CUL&endRange=2025-10-14T23:59:59Z&startRange=2025-05-15T09:00:00Z,5.0,406.0,1.0,20.0,<Response [200]>
,,,,,,BSB,,,,,GRU,,,,2025-10-14T23:59:59Z,2025-05-15T09:00:00Z,destination=BSB&origin=GRU&endRange=2025-10-14T23:59:59Z&startRange=2025-05-15T09:00:00Z,5.0,408.0,1.0,20.0,<Response [200]>
,,,,,,MEX,,,,,ZLO,,,,2025-10-14T23:59:59Z,2025-05-15T09:00:00Z,destination=MEX&origin=ZLO&endRange=2025-10-14T23:59:59Z&startRange=2025-05-15T09:00:00Z,5.0,410.0,1.0,20.0,<Response [200]>
,,,,,,YYZ,,,,,YHZ,,,,2025-10-14T23:59:59Z,2025-05-15T09:00:00Z,destination=YYZ&origin=YHZ&endRange=2025-10-14T23:59:59Z&startRange=2025-05-15T09:00:00Z,5.0,410.0,1.0,20.0,<Response [200]>
,,,,,,DTW,,,,,GSO,,,,2025-10-14T23:59:59Z,2025-05-15T09:00:00Z,destination=DTW&origin=GSO&endRange=2025-10-14T23:59:59Z&startRange=2025-05-15T09:00:00Z,5.0,411.0,1.0,20.0,<Response [200]>
,,,,,,SHE,,,,,PVG,,,,2025-10-14T23:59:59Z,2025-05-15T09:00:00Z,destination=SHE&origin=PVG&endRange=2025-10-14T23:59:59Z&startRange=2025-05-15T09:00:00Z,5.0,476.0,1.0,20.0,<Response [200]>
,,,,,,MSP,,,,,SMF,,,,2025-10-14T23:59:59Z,2025-05-15T09:00:00Z,destination=MSP&origin=SMF&endRange=2025-10-14T23:59:59Z&startRange=2025-05-15T09:00:00Z,5.0,491.0,1.0,20.0,<Response [200]>
,,,,,,WUH,,,,,PVG,,,,2025-10-14T23:59:59Z,2025-05-15T09:00:00Z,destination=WUH&origin=PVG&endRange=2025-10-14T23:59:59Z&startRange=2025-05-15T09:00:00Z,5.0,492.0,1.0,20.0,<Response [200]>
,,,,,,BOS,,,,,MIA,,,,2025-10-14T23:59:59Z,2025-05-15T09:00:00Z,destination=BOS&origin=MIA&endRange=2025-10-14T23:59:59Z&startRange=2025-05-15T09:00:00Z,5.0,493.0,1.0,20.0,<Response [200]>
,,,,,,HKT,,,,,SIN,,,,2025-10-14T23:59:59Z,2025-05-15T09:00:00Z,destination=HKT&origin=SIN&endRange=2025-10-14T23:59:59Z&startRange=2025-05-15T09:00:00Z,5.0,493.0,1.0,20.0,<Response [200]>
,,,,,,JFK,,,,,SAT,,,,2025-10-14T23:59:59Z,2025-05-15T09:00:00Z,destination=JFK&origin=SAT&endRange=2025-10-14T23:59:59Z&startRange=2025-05-15T09:00:00Z,5.0,499.0,1.0,20.0,<Response [200]>
,,,,,,TAM,,,,,MEX,,,,2025-10-14T23:59:59Z,2025-05-15T09:00:00Z,destination=TAM&origin=MEX&endRange=2025-10-14T23:59:59Z&startRange=2025-05-15T09:00:00Z,5.0,499.0,1.0,20.0,<Response [200]>
,,,,,,MEL,,,,,DPS,,,,2025-10-14T23:59:59Z,2025-05-15T09:00:00Z,destination=MEL&origin=DPS&endRange=2025-10-14T23:59:59Z&startRange=2025-05-15T09:00:00Z,5.0,478.0,1.0,20.0,<Response [200]>
,,,,,,SOF,,,,,VAR,,,,2025-10-14T23:59:59Z,2025-05-15T09:00:00Z,destination=SOF&origin=VAR&endRange=2025-10-14T23:59:59Z&startRange=2025-05-15T09:00:00Z,5.0,479.0,1.0,20.0,<Response [200]>
,,,,,,PVG,,,,,YNT,,,,2025-10-14T23:59:59Z,2025-05-15T09:00:00Z,destination=PVG&origin=YNT&endRange=2025-10-14T23:59:59Z&startRange=2025-05-15T09:00:00Z,5.0,479.0,1.0,20.0,<Response [200]>
,,,,,,SNA,,,,,MSP,,,,2025-10-14T23:59:59Z,2025-05-15T09:00:00Z,destination=SNA&origin=MSP&endRange=2025-10-14T23:59:59Z&startRange=2025-05-15T09:00:00Z,5.0,479.0,1.0,20.0,<Response [200]>
,,,,,,YVR,,,,,YYZ,,,,2025-10-14T23:59:59Z,2025-05-15T09:00:00Z,destination=YVR&origin=YYZ&endRange=2025-10-14T23:59:59Z&startRange=2025-05-15T09:00:00Z,5.0,479.0,1.0,20.0,<Response [200]>
,,,,,,AUH,,,,,DMM,,,,2025-10-14T23:59:59Z,2025-05-15T09:00:00Z,destination=AUH&origin=DMM&endRange=2025-10-14T23:59:59Z&startRange=2025-05-15T09:00:00Z,5.0,479.0,1.0,20.0,<Response [200]>
,,,,,,SLC,,,,,PSP,,,,2025-10-14T23:59:59Z,2025-05-15T09:00:00Z,destination=SLC&origin=PSP&endRange=2025-10-14T23:59:59Z&startRange=2025-05-15T09:00:00Z,5.0,479.0,1.0,20.0,<Response [200]>
,,,,,,MSP,,,,,ANC,,,,2025-10-14T23:59:59Z,2025-05-15T09:00:00Z,destination=MSP&origin=ANC&endRange=2025-10-14T23:59:59Z&startRange=2025-05-15T09:00:00Z,5.0,480.0,1.0,20.0,<Response [200]>
,,,,,,LAX,,,,,TUS,,,,2025-10-14T23:59:59Z,2025-05-15T09:00:00Z,destination=LAX&origin=TUS&endRange=2025-10-14T23:59:59Z&startRange=2025-05-15T09:00:00Z,5.0,480.0,1.0,20.0,<Response [200]>
,,,,,,AUS,,,,,BOS,,,,2025-10-14T23:59:59Z,2025-05-15T09:00:00Z,destination=AUS&origin=BOS&endRange=2025-10-14T23:59:59Z&startRange=2025-05-15T09:00:00Z,5.0,460.0,1.0,20.0,<Response [200]>
,,,,,,CUU,,,,,MEX,,,,2025-10-14T23:59:59Z,2025-05-15T09:00:00Z,destination=CUU&origin=MEX&endRange=2025-10-14T23:59:59Z&startRange=2025-05-15T09:00:00Z,5.0,483.0,1.0,20.0,<Response [200]>
,,,,,,YVR,,,,,SLC,,,,2025-10-14T23:59:59Z,2025-05-15T09:00:00Z,destination=YVR&origin=SLC&endRange=2025-10-14T23:59:59Z&startRange=2025-05-15T09:00:00Z,5.0,483.0,1.0,20.0,<Response [200]>
,,,,,,MED,,,,,RUH,,,,2025-10-14T23:59:59Z,2025-05-15T09:00:00Z,destination=MED&origin=RUH&endRange=2025-10-14T23:59:59Z&startRange=2025-05-15T09:00:00Z,5.0,483.0,1.0,20.0,<Response [200]>
,,,,,,PEK,,,,,PVG,,,,2025-10-14T23:59:59Z,2025-05-15T09:00:00Z,destination=PEK&origin=PVG&endRange=2025-10-14T23:59:59Z&startRange=2025-05-15T09:00:00Z,5.0,484.0,1.0,20.0,<Response [200]>
,,,,,,RUH,,,,,DXB,,,,2025-10-14T23:59:59Z,2025-05-15T09:00:00Z,destination=RUH&origin=DXB&endRange=2025-10-14T23:59:59Z&startRange=2025-05-15T09:00:00Z,5.0,484.0,1.0,20.0,<Response [200]>
,,,,,,JFK,,,,,SJU,,,,2025-10-14T23:59:59Z,2025-05-15T09:00:00Z,destination=JFK&origin=SJU&endRange=2025-10-14T23:59:59Z&startRange=2025-05-15T09:00:00Z,5.0,484.0,1.0,20.0,<Response [200]>
,,,,,,STI,,,,,JFK,,,,2025-10-14T23:59:59Z,2025-05-15T09:00:00Z,destination=STI&origin=JFK&endRange=2025-10-14T23:59:59Z&startRange=2025-05-15T09:00:00Z,5.0,464.0,1.0,20.0,<Response [200]>
,,,,,,KMG,,,,,HGH,,,,2025-10-14T23:59:59Z,2025-05-15T09:00:00Z,destination=KMG&origin=HGH&endRange=2025-10-14T23:59:59Z&startRange=2025-05-15T09:00:00Z,5.0,465.0,1.0,20.0,<Response [200]>
,,,,,,YVR,,,,,YLW,,,,2025-10-14T23:59:59Z,2025-05-15T09:00:00Z,destination=YVR&origin=YLW&endRange=2025-10-14T23:59:59Z&startRange=2025-05-15T09:00:00Z,5.0,465.0,1.0,20.0,<Response [200]>
,,,,,,SHA,,,,,XMN,,,,2025-10-14T23:59:59Z,2025-05-15T09:00:00Z,destination=SHA&origin=XMN&endRange=2025-10-14T23:59:59Z&startRange=2025-05-15T09:00:00Z,5.0,469.0,1.0,20.0,<Response [200]>
,,,,,,JFK,,,,,MSY,,,,2025-10-14T23:59:59Z,2025-05-15T09:00:00Z,destination=JFK&origin=MSY&endRange=2025-10-14T23:59:59Z&startRange=2025-05-15T09:00:00Z,5.0,470.0,1.0,20.0,<Response [200]>
,,,,,,SJU,,,,,JFK,,,,2025-10-14T23:59:59Z,2025-05-15T09:00:00Z,destination=SJU&origin=JFK&endRange=2025-10-14T23:59:59Z&startRange=2025-05-15T09:00:00Z,5.0,470.0,1.0,20.0,<Response [200]>
,,,,,,BOI,,,,,LAX,,,,2025-10-14T23:59:59Z,2025-05-15T09:00:00Z,destination=BOI&origin=LAX&endRange=2025-10-14T23:59:59Z&startRange=2025-05-15T09:00:00Z,5.0,474.0,1.0,20.0,<Response [200]>
,,,,,,JAX,,,,,DTW,,,,2025-10-14T23:59:59Z,2025-05-15T09:00:00Z,destination=JAX&origin=DTW&endRange=2025-10-14T23:59:59Z&startRange=2025-05-15T09:00:00Z,5.0,475.0,1.0,20.0,<Response [200]>
,,,,,,ATW,,,,,ATL,,,,2025-10-14T23:59:59Z,2025-05-15T09:00:00Z,destination=ATW&origin=ATL&endRange=2025-10-14T23:59:59Z&startRange=2025-05-15T09:00:00Z,5.0,476.0,1.0,20.0,<Response [200]>
,,,,,,ALB,,,,,LGA,,,,2025-10-14T23:59:59Z,2025-05-15T09:00:00Z,destination=ALB&origin=LGA&endRange=2025-10-14T23:59:59Z&startRange=2025-05-15T09:00:00Z,5.0,458.0,1.0,20.0,<Response [200]>
,,,,,,CAN,,,,,SHA,,,,2025-10-14T23:59:59Z,2025-05-15T09:00:00Z,destination=CAN&origin=SHA&endRange=2025-10-14T23:59:59Z&startRange=2025-05-15T09:00:00Z,5.0,477.0,1.0,20.0,<Response [200]>
,,,,,,SYD,,,,,CBR,,,,2025-10-14T23:59:59Z,2025-05-15T09:00:00Z,destination=SYD&origin=CBR&endRange=2025-10-14T23:59:59Z&startRange=2025-05-15T09:00:00Z,5.0,477.0,1.0,20.0,<Response [200]>
,,,,,,RNO,,,,,LAX,,,,2025-10-14T23:59:59Z,2025-05-15T09:00:00Z,destination=RNO&origin=LAX&endRange=2025-10-14T23:59:59Z&startRange=2025-05-15T09:00:00Z,5.0,477.0,1.0,20.0,<Response [200]>
,,,,,,DSM,,,,,DTW,,,,2025-10-14T23:59:59Z,2025-05-15T09:00:00Z,destination=DSM&origin=DTW&endRange=2025-10-14T23:59:59Z&startRange=2025-05-15T09:00:00Z,5.0,477.0,1.0,20.0,<Response [200]>
,,,,,,GIG,,,,,FLN,,,,2025-10-14T23:59:59Z,2025-05-15T09:00:00Z,destination=GIG&origin=FLN&endRange=2025-10-14T23:59:59Z&startRange=2025-05-15T09:00:00Z,5.0,477.0,1.0,20.0,<Response [200]>
,,,,,,BPN,,,,,CGK,,,,2025-10-14T23:59:59Z,2025-05-15T09:00:00Z,destination=BPN&origin=CGK&endRange=2025-10-14T23:59:59Z&startRange=2025-05-15T09:00:00Z,5.0,478.0,1.0,20.0,<Response [200]>
,,,,,,AUH,,,,,BOM,,,,2025-10-14T23:59:59Z,2025-05-15T09:00:00Z,destination=AUH&origin=BOM&endRange=2025-10-14T23:59:59Z&startRange=2025-05-15T09:00:00Z,5.0,459.0,1.0,20.0,<Response [200]>
,,,,,,AUH,,,,,BLR,,,,2025-10-14T23:59:59Z,2025-05-15T09:00:00Z,destination=AUH&origin=BLR&endRange=2025-10-14T23:59:59Z&startRange=2025-05-15T09:00:00Z,5.0,459.0,1.0,20.0,<Response [200]>
,,,,,,DEL,,,,,CCU,,,,2025-10-14T23:59:59Z,2025-05-15T09:00:00Z,destination=DEL&origin=CCU&endRange=2025-10-14T23:59:59Z&startRange=2025-05-15T09:00:00Z,5.0,459.0,1.0,20.0,<Response [200]>
,,,,,,DEL,,,,,AMD,,,,2025-10-14T23:59:59Z,2025-05-15T09:00:00Z,destination=DEL&origin=AMD&endRange=2025-10-14T23:59:59Z&startRange=2025-05-15T09:00:00Z,5.0,459.0,1.0,20.0,<Response [200]>
,,,,,,BOM,,,,,MAA,,,,2025-10-14T23:59:59Z,2025-05-15T09:00:00Z,destination=BOM&origin=MAA&endRange=2025-10-14T23:59:59Z&startRange=2025-05-15T09:00:00Z,5.0,459.0,1.0,20.0,<Response [200]>
,,,,,,HYD,,,,,AUH,,,,2025-10-14T23:59:59Z,2025-05-15T09:00:00Z,destination=HYD&origin=AUH&endRange=2025-10-14T23:59:59Z&startRange=2025-05-15T09:00:00Z,5.0,459.0,1.0,20.0,<Response [200]>
,,,,,,BLR,,,,,AUH,,,,2025-10-14T23:59:59Z,2025-05-15T09:00:00Z,destination=BLR&origin=AUH&endRange=2025-10-14T23:59:59Z&startRange=2025-05-15T09:00:00Z,5.0,459.0,1.0,20.0,<Response [200]>
,,,,,,MEX,,,,,TAM,,,,2025-10-14T23:59:59Z,2025-05-15T09:00:00Z,destination=MEX&origin=TAM&endRange=2025-10-14T23:59:59Z&startRange=2025-05-15T09:00:00Z,5.0,460.0,1.0,20.0,<Response [200]>
,,,,,,MDZ,,,,,AEP,,,,2025-10-14T23:59:59Z,2025-05-15T09:00:00Z,destination=MDZ&origin=AEP&endRange=2025-10-14T23:59:59Z&startRange=2025-05-15T09:00:00Z,5.0,460.0,1.0,20.0,<Response [200]>
,,,,,,MAA,,,,,DEL,,,,2025-10-14T23:59:59Z,2025-05-15T09:00:00Z,destination=MAA&origin=DEL&endRange=2025-10-14T23:59:59Z&startRange=2025-05-15T09:00:00Z,5.0,456.0,1.0,20.0,<Response [200]>
,,,,,,MCI,,,,,LAX,,,,2025-10-14T23:59:59Z,2025-05-15T09:00:00Z,destination=MCI&origin=LAX&endRange=2025-10-14T23:59:59Z&startRange=2025-05-15T09:00:00Z,5.0,461.0,1.0,20.0,<Response [200]>
,,,,,,DPS,,,,,MEL,,,,2025-10-14T23:59:59Z,2025-05-15T09:00:00Z,destination=DPS&origin=MEL&endRange=2025-10-14T23:59:59Z&startRange=2025-05-15T09:00:00Z,5.0,461.0,1.0,20.0,<Response [200]>
,,,,,,KUL,,,,,CGK,,,,2025-10-14T23:59:59Z,2025-05-15T09:00:00Z,destination=KUL&origin=CGK&endRange=2025-10-14T23:59:59Z&startRange=2025-05-15T09:00:00Z,5.0,461.0,1.0,20.0,<Response [200]>
,,,,,,SDQ,,,,,JFK,,,,2025-10-14T23:59:59Z,2025-05-15T09:00:00Z,destination=SDQ&origin=JFK&endRange=2025-10-14T23:59:59Z&startRange=2025-05-15T09:00:00Z,5.0,462.0,1.0,20.0,<Response [200]>
,,,,,,YIA,,,,,CGK,,,,2025-10-14T23:59:59Z,2025-05-15T09:00:00Z,destination=YIA&origin=CGK&endRange=2025-10-14T23:59:59Z&startRange=2025-05-15T09:00:00Z,5.0,464.0,1.0,20.0,<Response [200]>
,,,,,,CKG,,,,,PVG,,,,2025-10-14T23:59:59Z,2025-05-15T09:00:00Z,destination=CKG&origin=PVG&endRange=2025-10-14T23:59:59Z&startRange=2025-05-15T09:00:00Z,5.0,464.0,1.0,20.0,<Response [200]>
,,,,,,HND,,,,,FUK,,,,2025-10-14T23:59:59Z,2025-05-15T09:00:00Z,destination=HND&origin=FUK&endRange=2025-10-14T23:59:59Z&startRange=2025-05-15T09:00:00Z,5.0,456.0,1.0,20.0,<Response [200]>
,,,,,,HND,,,,,OKA,,,,2025-10-14T23:59:59Z,2025-05-15T09:00:00Z,destination=HND&origin=OKA&endRange=2025-10-14T23:59:59Z&startRange=2025-05-15T09:00:00Z,5.0,456.0,1.0,20.0,<Response [200]>
,,,,,,KUL,,,,,DPS,,,,2025-10-14T23:59:59Z,2025-05-15T09:00:00Z,destination=KUL&origin=DPS&endRange=2025-10-14T23:59:59Z&startRange=2025-05-15T09:00:00Z,5.0,457.0,1.0,20.0,<Response [200]>
,,,,,,TYN,,,,,PVG,,,,2025-10-14T23:59:59Z,2025-05-15T09:00:00Z,destination=TYN&origin=PVG&endRange=2025-10-14T23:59:59Z&startRange=2025-05-15T09:00:00Z,5.0,457.0,1.0,20.0,<Response [200]>
,,,,,,PVG,,,,,TYN,,,,2025-10-14T23:59:59Z,2025-05-15T09:00:00Z,destination=PVG&origin=TYN&endRange=2025-10-14T23:59:59Z&startRange=2025-05-15T09:00:00Z,5.0,457.0,1.0,20.0,<Response [200]>
,,,,,,PVG,,,,,XIY,,,,2025-10-14T23:59:59Z,2025-05-15T09:00:00Z,destination=PVG&origin=XIY&endRange=2025-10-14T23:59:59Z&startRange=2025-05-15T09:00:00Z,5.0,457.0,1.0,20.0,<Response [200]>
,,,,,,JFK,,,,,DFW,,,,2025-10-14T23:59:59Z,2025-05-15T09:00:00Z,destination=JFK&origin=DFW&endRange=2025-10-14T23:59:59Z&startRange=2025-05-15T09:00:00Z,5.0,457.0,1.0,20.0,<Response [200]>
,,,,,,JFK,,,,,STI,,,,2025-10-14T23:59:59Z,2025-05-15T09:00:00Z,destination=JFK&origin=STI&endRange=2025-10-14T23:59:59Z&startRange=2025-05-15T09:00:00Z,5.0,457.0,1.0,20.0,<Response [200]>
,,,,,,GUA,,,,,PTY,,,,2025-10-14T23:59:59Z,2025-05-15T09:00:00Z,destination=GUA&origin=PTY&endRange=2025-10-14T23:59:59Z&startRange=2025-05-15T09:00:00Z,5.0,458.0,1.0,20.0,<Response [200]>
,,,,,,NGS,,,,,HND,,,,2025-10-14T23:59:59Z,2025-05-15T09:00:00Z,destination=NGS&origin=HND&endRange=2025-10-14T23:59:59Z&startRange=2025-05-15T09:00:00Z,5.0,452.0,1.0,20.0,<Response [200]>
,,,,,,JFK,,,,,YUL,,,,2025-10-14T23:59:59Z,2025-05-15T09:00:00Z,destination=JFK&origin=YUL&endRange=2025-10-14T23:59:59Z&startRange=2025-05-15T09:00:00Z,5.0,452.0,1.0,20.0,<Response [200]>
,,,,,,BOM,,,,,BLR,,,,2025-10-14T23:59:59Z,2025-05-15T09:00:00Z,destination=BOM&origin=BLR&endRange=2025-10-14T23:59:59Z&startRange=2025-05-15T09:00:00Z,5.0,458.0,1.0,20.0,<Response [200]>
,,,,,,AUH,,,,,BKK,,,,2025-10-14T23:59:59Z,2025-05-15T09:00:00Z,destination=AUH&origin=BKK&endRange=2025-10-14T23:59:59Z&startRange=2025-05-15T09:00:00Z,5.0,458.0,1.0,20.0,<Response [200]>
,,,,,,AUS,,,,,SEA,,,,2025-10-14T23:59:59Z,2025-05-15T09:00:00Z,destination=AUS&origin=SEA&endRange=2025-10-14T23:59:59Z&startRange=2025-05-15T09:00:00Z,5.0,458.0,1.0,20.0,<Response [200]>
,,,,,,DEL,,,,,HYD,,,,2025-10-14T23:59:59Z,2025-05-15T09:00:00Z,destination=DEL&origin=HYD&endRange=2025-10-14T23:59:59Z&startRange=2025-05-15T09:00:00Z,5.0,459.0,1.0,20.0,<Response [200]>
,,,,,,AUH,,,,,HYD,,,,2025-10-14T23:59:59Z,2025-05-15T09:00:00Z,destination=AUH&origin=HYD&endRange=2025-10-14T23:59:59Z&startRange=2025-05-15T09:00:00Z,5.0,459.0,1.0,20.0,<Response [200]>
,,,,,,SLC,,,,,RNO,,,,2025-10-14T23:59:59Z,2025-05-15T09:00:00Z,destination=SLC&origin=RNO&endRange=2025-10-14T23:59:59Z&startRange=2025-05-15T09:00:00Z,5.0,454.0,1.0,20.0,<Response [200]>
,,,,,,HND,,,,,OKJ,,,,2025-10-14T23:59:59Z,2025-05-15T09:00:00Z,destination=HND&origin=OKJ&endRange=2025-10-14T23:59:59Z&startRange=2025-05-15T09:00:00Z,5.0,454.0,1.0,20.0,<Response [200]>
,,,,,,SZX,,,,,PVG,,,,2025-10-14T23:59:59Z,2025-05-15T09:00:00Z,destination=SZX&origin=PVG&endRange=2025-10-14T23:59:59Z&startRange=2025-05-15T09:00:00Z,5.0,455.0,1.0,20.0,<Response [200]>
,,,,,,OKJ,,,,,HND,,,,2025-10-14T23:59:59Z,2025-05-15T09:00:00Z,destination=OKJ&origin=HND&endRange=2025-10-14T23:59:59Z&startRange=2025-05-15T09:00:00Z,5.0,455.0,1.0,20.0,<Response [200]>
,,,,,,HND,,,,,KOJ,,,,2025-10-14T23:59:59Z,2025-05-15T09:00:00Z,destination=HND&origin=KOJ&endRange=2025-10-14T23:59:59Z&startRange=2025-05-15T09:00:00Z,5.0,455.0,1.0,20.0,<Response [200]>
,,,,,,SLC,,,,,STL,,,,2025-10-14T23:59:59Z,2025-05-15T09:00:00Z,destination=SLC&origin=STL&endRange=2025-10-14T23:59:59Z&startRange=2025-05-15T09:00:00Z,5.0,456.0,1.0,20.0,<Response [200]>
,,,,,,MSY,,,,,DTW,,,,2025-10-14T23:59:59Z,2025-05-15T09:00:00Z,destination=MSY&origin=DTW&endRange=2025-10-14T23:59:59Z&startRange=2025-05-15T09:00:00Z,5.0,490.0,1.0,20.0,<Response [200]>
,,,,,,MSP,,,,,ORF,,,,2025-10-14T23:59:59Z,2025-05-15T09:00:00Z,destination=MSP&origin=ORF&endRange=2025-10-14T23:59:59Z&startRange=2025-05-15T09:00:00Z,5.0,414.0,1.0,20.0,<Response [200]>
,,,,,,DPS,,,,,KUL,,,,2025-10-14T23:59:59Z,2025-05-15T09:00:00Z,destination=DPS&origin=KUL&endRange=2025-10-14T23:59:59Z&startRange=2025-05-15T09:00:00Z,5.0,456.0,1.0,20.0,<Response [200]>
,,,,,,DFW,,,,,SEA,,,,2025-10-14T23:59:59Z,2025-05-15T09:00:00Z,destination=DFW&origin=SEA&endRange=2025-10-14T23:59:59Z&startRange=2025-05-15T09:00:00Z,5.0,442.0,1.0,20.0,<Response [200]>
,,,,,,ZNZ,,,,,NBO,,,,2025-10-14T23:59:59Z,2025-05-15T09:00:00Z,destination=ZNZ&origin=NBO&endRange=2025-10-14T23:59:59Z&startRange=2025-05-15T09:00:00Z,5.0,442.0,1.0,20.0,<Response [200]>
,,,,,,HYD,,,,,DEL,,,,2025-10-14T23:59:59Z,2025-05-15T09:00:00Z,destination=HYD&origin=DEL&endRange=2025-10-14T23:59:59Z&startRange=2025-05-15T09:00:00Z,5.0,456.0,1.0,20.0,<Response [200]>
,,,,,,USM,,,,,BKK,,,,2025-10-14T23:59:59Z,2025-05-15T09:00:00Z,destination=USM&origin=BKK&endRange=2025-10-14T23:59:59Z&startRange=2025-05-15T09:00:00Z,5.0,456.0,1.0,20.0,<Response [200]>
,,,,,,BLR,,,,,BOM,,,,2025-10-14T23:59:59Z,2025-05-15T09:00:00Z,destination=BLR&origin=BOM&endRange=2025-10-14T23:59:59Z&startRange=2025-05-15T09:00:00Z,5.0,456.0,1.0,20.0,<Response [200]>
,,,,,,HKT,,,,,BKK,,,,2025-10-14T23:59:59Z,2025-05-15T09:00:00Z,destination=HKT&origin=BKK&endRange=2025-10-14T23:59:59Z&startRange=2025-05-15T09:00:00Z,5.0,456.0,1.0,20.0,<Response [200]>
,,,,,,SSA,,,,,GIG,,,,2025-10-14T23:59:59Z,2025-05-15T09:00:00Z,destination=SSA&origin=GIG&endRange=2025-10-14T23:59:59Z&startRange=2025-05-15T09:00:00Z,5.0,456.0,1.0,20.0,<Response [200]>
,,,,,,ATL,,,,,MBJ,,,,2025-10-14T23:59:59Z,2025-05-15T09:00:00Z,destination=ATL&origin=MBJ&endRange=2025-10-14T23:59:59Z&startRange=2025-05-15T09:00:00Z,5.0,444.0,1.0,20.0,<Response [200]>
,,,,,,JFK,,,,,SDQ,,,,2025-10-14T23:59:59Z,2025-05-15T09:00:00Z,destination=JFK&origin=SDQ&endRange=2025-10-14T23:59:59Z&startRange=2025-05-15T09:00:00Z,5.0,444.0,1.0,20.0,<Response [200]>
,,,,,,MAA,,,,,AUH,,,,2025-10-14T23:59:59Z,2025-05-15T09:00:00Z,destination=MAA&origin=AUH&endRange=2025-10-14T23:59:59Z&startRange=2025-05-15T09:00:00Z,5.0,445.0,1.0,20.0,<Response [200]>
,,,,,,MSP,,,,,YUL,,,,2025-10-14T23:59:59Z,2025-05-15T09:00:00Z,destination=MSP&origin=YUL&endRange=2025-10-14T23:59:59Z&startRange=2025-05-15T09:00:00Z,5.0,448.0,1.0,20.0,<Response [200]>
,,,,,,IAD,,,,,SEA,,,,2025-10-14T23:59:59Z,2025-05-15T09:00:00Z,destination=IAD&origin=SEA&endRange=2025-10-14T23:59:59Z&startRange=2025-05-15T09:00:00Z,5.0,448.0,1.0,20.0,<Response [200]>
,,,,,,MSP,,,,,YYC,,,,2025-10-14T23:59:59Z,2025-05-15T09:00:00Z,destination=MSP&origin=YYC&endRange=2025-10-14T23:59:59Z&startRange=2025-05-15T09:00:00Z,5.0,449.0,1.0,20.0,<Response [200]>
,,,,,,OAX,,,,,MEX,,,,2025-10-14T23:59:59Z,2025-05-15T09:00:00Z,destination=OAX&origin=MEX&endRange=2025-10-14T23:59:59Z&startRange=2025-05-15T09:00:00Z,5.0,450.0,1.0,20.0,<Response [200]>
,,,,,,MBJ,,,,,ATL,,,,2025-10-14T23:59:59Z,2025-05-15T09:00:00Z,destination=MBJ&origin=ATL&endRange=2025-10-14T23:59:59Z&startRange=2025-05-15T09:00:00Z,5.0,450.0,1.0,20.0,<Response [200]>
,,,,,,BOS,,,,,ORF,,,,2025-10-14T23:59:59Z,2025-05-15T09:00:00Z,destination=BOS&origin=ORF&endRange=2025-10-14T23:59:59Z&startRange=2025-05-15T09:00:00Z,5.0,451.0,1.0,20.0,<Response [200]>
,,,,,,MKE,,,,,JFK,,,,2025-10-14T23:59:59Z,2025-05-15T09:00:00Z,destination=MKE&origin=JFK&endRange=2025-10-14T23:59:59Z&startRange=2025-05-15T09:00:00Z,5.0,433.0,1.0,20.0,<Response [200]>
,,,,,,ATL,,,,,PUJ,,,,2025-10-14T23:59:59Z,2025-05-15T09:00:00Z,destination=ATL&origin=PUJ&endRange=2025-10-14T23:59:59Z&startRange=2025-05-15T09:00:00Z,5.0,433.0,1.0,20.0,<Response [200]>
,,,,,,YEG,,,,,YYZ,,,,2025-10-14T23:59:59Z,2025-05-15T09:00:00Z,destination=YEG&origin=YYZ&endRange=2025-10-14T23:59:59Z&startRange=2025-05-15T09:00:00Z,5.0,452.0,1.0,20.0,<Response [200]>
,,,,,,KMQ,,,,,HND,,,,2025-10-14T23:59:59Z,2025-05-15T09:00:00Z,destination=KMQ&origin=HND&endRange=2025-10-14T23:59:59Z&startRange=2025-05-15T09:00:00Z,5.0,453.0,1.0,20.0,<Response [200]>
,,,,,,HND,,,,,NGS,,,,2025-10-14T23:59:59Z,2025-05-15T09:00:00Z,destination=HND&origin=NGS&endRange=2025-10-14T23:59:59Z&startRange=2025-05-15T09:00:00Z,5.0,453.0,1.0,20.0,<Response [200]>
,,,,,,RNO,,,,,SLC,,,,2025-10-14T23:59:59Z,2025-05-15T09:00:00Z,destination=RNO&origin=SLC&endRange=2025-10-14T23:59:59Z&startRange=2025-05-15T09:00:00Z,5.0,453.0,1.0,20.0,<Response [200]>
,,,,,,LIM,,,,,PTY,,,,2025-10-14T23:59:59Z,2025-05-15T09:00:00Z,destination=LIM&origin=PTY&endRange=2025-10-14T23:59:59Z&startRange=2025-05-15T09:00:00Z,5.0,454.0,1.0,20.0,<Response [200]>
,,,,,,AEP,,,,,CRD,,,,2025-10-14T23:59:59Z,2025-05-15T09:00:00Z,destination=AEP&origin=CRD&endRange=2025-10-14T23:59:59Z&startRange=2025-05-15T09:00:00Z,5.0,437.0,1.0,20.0,<Response [200]>
,,,,,,TUS,,,,,LAX,,,,2025-10-14T23:59:59Z,2025-05-15T09:00:00Z,destination=TUS&origin=LAX&endRange=2025-10-14T23:59:59Z&startRange=2025-05-15T09:00:00Z,5.0,438.0,1.0,20.0,<Response [200]>
,,,,,,AUH,,,,,MNL,,,,2025-10-14T23:59:59Z,2025-05-15T09:00:00Z,destination=AUH&origin=MNL&endRange=2025-10-14T23:59:59Z&startRange=2025-05-15T09:00:00Z,5.0,438.0,1.0,20.0,<Response [200]>
,,,,,,HGH,,,,,XIY,,,,2025-10-14T23:59:59Z,2025-05-15T09:00:00Z,destination=HGH&origin=XIY&endRange=2025-10-14T23:59:59Z&startRange=2025-05-15T09:00:00Z,5.0,439.0,1.0,20.0,<Response [200]>
,,,,,,PKX,,,,,SZX,,,,2025-10-14T23:59:59Z,2025-05-15T09:00:00Z,destination=PKX&origin=SZX&endRange=2025-10-14T23:59:59Z&startRange=2025-05-15T09:00:00Z,5.0,439.0,1.0,20.0,<Response [200]>
,,,,,,SLP,,,,,MEX,,,,2025-10-14T23:59:59Z,2025-05-15T09:00:00Z,destination=SLP&origin=MEX&endRange=2025-10-14T23:59:59Z&startRange=2025-05-15T09:00:00Z,5.0,440.0,1.0,20.0,<Response [200]>
,,,,,,DTW,,,,,SRQ,,,,2025-10-14T23:59:59Z,2025-05-15T09:00:00Z,destination=DTW&origin=SRQ&endRange=2025-10-14T23:59:59Z&startRange=2025-05-15T09:00:00Z,5.0,441.0,1.0,20.0,<Response [200]>
,,,,,,DTW,,,,,PVD,,,,2025-10-14T23:59:59Z,2025-05-15T09:00:00Z,destination=DTW&origin=PVD&endRange=2025-10-14T23:59:59Z&startRange=2025-05-15T09:00:00Z,5.0,441.0,1.0,20.0,<Response [200]>
,,,,,,MSP,,,,,ATW,,,,2025-10-14T23:59:59Z,2025-05-15T09:00:00Z,destination=MSP&origin=ATW&endRange=2025-10-14T23:59:59Z&startRange=2025-05-15T09:00:00Z,5.0,441.0,1.0,20.0,<Response [200]>
,,,,,,NBO,,,,,KGL,,,,2025-10-14T23:59:59Z,2025-05-15T09:00:00Z,destination=NBO&origin=KGL&endRange=2025-10-14T23:59:59Z&startRange=2025-05-15T09:00:00Z,5.0,420.0,1.0,20.0,<Response [200]>
,,,,,,KGL,,,,,NBO,,,,2025-10-14T23:59:59Z,2025-05-15T09:00:00Z,destination=KGL&origin=NBO&endRange=2025-10-14T23:59:59Z&startRange=2025-05-15T09:00:00Z,5.0,420.0,1.0,20.0,<Response [200]>
,,,,,,CLT,,,,,BOS,,,,2025-10-14T23:59:59Z,2025-05-15T09:00:00Z,destination=CLT&origin=BOS&endRange=2025-10-14T23:59:59Z&startRange=2025-05-15T09:00:00Z,5.0,442.0,1.0,20.0,<Response [200]>
,,,,,,BOS,,,,,EWR,,,,2025-10-14T23:59:59Z,2025-05-15T09:00:00Z,destination=BOS&origin=EWR&endRange=2025-10-14T23:59:59Z&startRange=2025-05-15T09:00:00Z,5.0,442.0,1.0,20.0,<Response [200]>
,,,,,,YVR,,,,,YYJ,,,,2025-10-14T23:59:59Z,2025-05-15T09:00:00Z,destination=YVR&origin=YYJ&endRange=2025-10-14T23:59:59Z&startRange=2025-05-15T09:00:00Z,5.0,443.0,1.0,20.0,<Response [200]>
,,,,,,BJX,,,,,MEX,,,,2025-10-14T23:59:59Z,2025-05-15T09:00:00Z,destination=BJX&origin=MEX&endRange=2025-10-14T23:59:59Z&startRange=2025-05-15T09:00:00Z,5.0,444.0,1.0,20.0,<Response [200]>
,,,,,,NBO,,,,,ZNZ,,,,2025-10-14T23:59:59Z,2025-05-15T09:00:00Z,destination=NBO&origin=ZNZ&endRange=2025-10-14T23:59:59Z&startRange=2025-05-15T09:00:00Z,5.0,444.0,1.0,20.0,<Response [200]>
,,,,,,HNL,,,,,SEA,,,,2025-10-14T23:59:59Z,2025-05-15T09:00:00Z,destination=HNL&origin=SEA&endRange=2025-10-14T23:59:59Z&startRange=2025-05-15T09:00:00Z,5.0,424.0,1.0,20.0,<Response [200]>
,,,,,,BUF,,,,,MSP,,,,2025-10-14T23:59:59Z,2025-05-15T09:00:00Z,destination=BUF&origin=MSP&endRange=2025-10-14T23:59:59Z&startRange=2025-05-15T09:00:00Z,5.0,427.0,1.0,20.0,<Response [200]>
,,,,,,CSX,,,,,XMN,,,,2025-10-14T23:59:59Z,2025-05-15T09:00:00Z,destination=CSX&origin=XMN&endRange=2025-10-14T23:59:59Z&startRange=2025-05-15T09:00:00Z,5.0,428.0,1.0,20.0,<Response [200]>
,,,,,,OAK,,,,,SLC,,,,2025-10-14T23:59:59Z,2025-05-15T09:00:00Z,destination=OAK&origin=SLC&endRange=2025-10-14T23:59:59Z&startRange=2025-05-15T09:00:00Z,5.0,430.0,1.0,20.0,<Response [200]>
,,,,,,MEX,,,,,DGO,,,,2025-10-14T23:59:59Z,2025-05-15T09:00:00Z,destination=MEX&origin=DGO&endRange=2025-10-14T23:59:59Z&startRange=2025-05-15T09:00:00Z,5.0,430.0,1.0,20.0,<Response [200]>
,,,,,,HUI,,,,,SGN,,,,2025-10-14T23:59:59Z,2025-05-15T09:00:00Z,destination=HUI&origin=SGN&endRange=2025-10-14T23:59:59Z&startRange=2025-05-15T09:00:00Z,5.0,431.0,1.0,20.0,<Response [200]>
,,,,,,DGO,,,,,MEX,,,,2025-10-14T23:59:59Z,2025-05-15T09:00:00Z,destination=DGO&origin=MEX&endRange=2025-10-14T23:59:59Z&startRange=2025-05-15T09:00:00Z,5.0,431.0,1.0,20.0,<Response [200]>
,,,,,,PTY,,,,,PUJ,,,,2025-10-14T23:59:59Z,2025-05-15T09:00:00Z,destination=PTY&origin=PUJ&endRange=2025-10-14T23:59:59Z&startRange=2025-05-15T09:00:00Z,5.0,432.0,1.0,20.0,<Response [200]>
,,,,,,MSP,,,,,RST,,,,2025-10-14T23:59:59Z,2025-05-15T09:00:00Z,destination=MSP&origin=RST&endRange=2025-10-14T23:59:59Z&startRange=2025-05-15T09:00:00Z,5.0,432.0,1.0,20.0,<Response [200]>
,,,,,,FLL,,,,,LAX,,,,2025-10-14T23:59:59Z,2025-05-15T09:00:00Z,destination=FLL&origin=LAX&endRange=2025-10-14T23:59:59Z&startRange=2025-05-15T09:00:00Z,5.0,405.0,1.0,20.0,<Response [200]>
,,,,,,SYX,,,,,PVG,,,,2025-10-14T23:59:59Z,2025-05-15T09:00:00Z,destination=SYX&origin=PVG&endRange=2025-10-14T23:59:59Z&startRange=2025-05-15T09:00:00Z,5.0,405.0,1.0,20.0,<Response [200]>
,,,,,,PVG,,,,,SYX,,,,2025-10-14T23:59:59Z,2025-05-15T09:00:00Z,destination=PVG&origin=SYX&endRange=2025-10-14T23:59:59Z&startRange=2025-05-15T09:00:00Z,5.0,433.0,1.0,20.0,<Response [200]>
,,,,,,PTY,,,,,LIM,,,,2025-10-14T23:59:59Z,2025-05-15T09:00:00Z,destination=PTY&origin=LIM&endRange=2025-10-14T23:59:59Z&startRange=2025-05-15T09:00:00Z,5.0,433.0,1.0,20.0,<Response [200]>
,,,,,,BOS,,,,,BWI,,,,2025-10-14T23:59:59Z,2025-05-15T09:00:00Z,destination=BOS&origin=BWI&endRange=2025-10-14T23:59:59Z&startRange=2025-05-15T09:00:00Z,5.0,436.0,1.0,20.0,<Response [200]>
,,,,,,KUL,,,,,SGN,,,,2025-10-14T23:59:59Z,2025-05-15T09:00:00Z,destination=KUL&origin=SGN&endRange=2025-10-14T23:59:59Z&startRange=2025-05-15T09:00:00Z,5.0,436.0,1.0,20.0,<Response [200]>
,,,,,,CMB,,,,,AUH,,,,2025-10-14T23:59:59Z,2025-05-15T09:00:00Z,destination=CMB&origin=AUH&endRange=2025-10-14T23:59:59Z&startRange=2025-05-15T09:00:00Z,5.0,437.0,1.0,20.0,<Response [200]>
,,,,,,SHA,,,,,SZX,,,,2025-10-14T23:59:59Z,2025-05-15T09:00:00Z,destination=SHA&origin=SZX&endRange=2025-10-14T23:59:59Z&startRange=2025-05-15T09:00:00Z,5.0,412.0,1.0,20.0,<Response [200]>
,,,,,,MCO,,,,,CVG,,,,2025-10-14T23:59:59Z,2025-05-15T09:00:00Z,destination=MCO&origin=CVG&endRange=2025-10-14T23:59:59Z&startRange=2025-05-15T09:00:00Z,5.0,412.0,1.0,20.0,<Response [200]>
,,,,,,MSY,,,,,LAX,,,,2025-10-14T23:59:59Z,2025-05-15T09:00:00Z,destination=MSY&origin=LAX&endRange=2025-10-14T23:59:59Z&startRange=2025-05-15T09:00:00Z,5.0,413.0,1.0,20.0,<Response [200]>
,,,,,,DMM,,,,,AUH,,,,2025-10-14T23:59:59Z,2025-05-15T09:00:00Z,destination=DMM&origin=AUH&endRange=2025-10-14T23:59:59Z&startRange=2025-05-15T09:00:00Z,5.0,413.0,1.0,20.0,<Response [200]>
,,,,,,SZX,,,,,SHA,,,,2025-10-14T23:59:59Z,2025-05-15T09:00:00Z,destination=SZX&origin=SHA&endRange=2025-10-14T23:59:59Z&startRange=2025-05-15T09:00:00Z,5.0,415.0,1.0,20.0,<Response [200]>
,,,,,,LAX,,,,,IAH,,,,2025-10-14T23:59:59Z,2025-05-15T09:00:00Z,destination=LAX&origin=IAH&endRange=2025-10-14T23:59:59Z&startRange=2025-05-15T09:00:00Z,5.0,417.0,1.0,20.0,<Response [200]>
,,,,,,GEG,,,,,LAX,,,,2025-10-14T23:59:59Z,2025-05-15T09:00:00Z,destination=GEG&origin=LAX&endRange=2025-10-14T23:59:59Z&startRange=2025-05-15T09:00:00Z,5.0,418.0,1.0,20.0,<Response [200]>
,,,,,,JED,,,,,DMM,,,,2025-10-14T23:59:59Z,2025-05-15T09:00:00Z,destination=JED&origin=DMM&endRange=2025-10-14T23:59:59Z&startRange=2025-05-15T09:00:00Z,5.0,418.0,1.0,20.0,<Response [200]>
,,,,,,NAS,,,,,ATL,,,,2025-10-14T23:59:59Z,2025-05-15T09:00:00Z,destination=NAS&origin=ATL&endRange=2025-10-14T23:59:59Z&startRange=2025-05-15T09:00:00Z,5.0,419.0,1.0,20.0,<Response [200]>
,,,,,,RUH,,,,,AUH,,,,2025-10-14T23:59:59Z,2025-05-15T09:00:00Z,destination=RUH&origin=AUH&endRange=2025-10-14T23:59:59Z&startRange=2025-05-15T09:00:00Z,5.0,482.0,1.0,20.0,<Response [200]>
,,,,,,XIY,,,,,PKX,,,,2025-10-14T23:59:59Z,2025-05-15T09:00:00Z,destination=XIY&origin=PKX&endRange=2025-10-14T23:59:59Z&startRange=2025-05-15T09:00:00Z,5.0,485.0,1.0,20.0,<Response [200]>
,,,,,,HMO,,,,,MEX,,,,2025-10-14T23:59:59Z,2025-05-15T09:00:00Z,destination=HMO&origin=MEX&endRange=2025-10-14T23:59:59Z&startRange=2025-05-15T09:00:00Z,5.0,486.0,1.0,20.0,<Response [200]>
,,,,,,ATL,,,,,ALB,,,,2025-10-14T23:59:59Z,2025-05-15T09:00:00Z,destination=ATL&origin=ALB&endRange=2025-10-14T23:59:59Z&startRange=2025-05-15T09:00:00Z,5.0,486.0,1.0,20.0,<Response [200]>
,,,,,,LAX,,,,,MCI,,,,2025-10-14T23:59:59Z,2025-05-15T09:00:00Z,destination=LAX&origin=MCI&endRange=2025-10-14T23:59:59Z&startRange=2025-05-15T09:00:00Z,5.0,486.0,1.0,20.0,<Response [200]>
,,,,,,ATL,,,,,STT,,,,2025-10-14T23:59:59Z,2025-05-15T09:00:00Z,destination=ATL&origin=STT&endRange=2025-10-14T23:59:59Z&startRange=2025-05-15T09:00:00Z,5.0,487.0,1.0,20.0,<Response [200]>
,,,,,,ICN,,,,,FUK,,,,2025-10-14T23:59:59Z,2025-05-15T09:00:00Z,destination=ICN&origin=FUK&endRange=2025-10-14T23:59:59Z&startRange=2025-05-15T09:00:00Z,5.0,488.0,1.0,20.0,<Response [200]>
,,,,,,MSP,,,,,DLH,,,,2025-10-14T23:59:59Z,2025-05-15T09:00:00Z,destination=MSP&origin=DLH&endRange=2025-10-14T23:59:59Z&startRange=2025-05-15T09:00:00Z,5.0,488.0,1.0,20.0,<Response [200]>
,,,,,,YEG,,,,,YYC,,,,2025-10-14T23:59:59Z,2025-05-15T09:00:00Z,destination=YEG&origin=YYC&endRange=2025-10-14T23:59:59Z&startRange=2025-05-15T09:00:00Z,5.0,489.0,1.0,20.0,<Response [200]>
,,,,,,FUK,,,,,ICN,,,,2025-10-14T23:59:59Z,2025-05-15T09:00:00Z,destination=FUK&origin=ICN&endRange=2025-10-14T23:59:59Z&startRange=2025-05-15T09:00:00Z,5.0,489.0,1.0,20.0,<Response [200]>
,,,,,,PUJ,,,,,ATL,,,,2025-10-14T23:59:59Z,2025-05-15T09:00:00Z,destination=PUJ&origin=ATL&endRange=2025-10-14T23:59:59Z&startRange=2025-05-15T09:00:00Z,5.0,421.0,1.0,20.0,<Response [200]>
,,,,,,SYR,,,,,MSP,,,,2025-10-14T23:59:59Z,2025-05-15T09:00:00Z,destination=SYR&origin=MSP&endRange=2025-10-14T23:59:59Z&startRange=2025-05-15T09:00:00Z,5.0,422.0,1.0,20.0,<Response [200]>
,,,,,,PTY,,,,,GYE,,,,2025-10-14T23:59:59Z,2025-05-15T09:00:00Z,destination=PTY&origin=GYE&endRange=2025-10-14T23:59:59Z&startRange=2025-05-15T09:00:00Z,5.0,422.0,1.0,20.0,<Response [200]>
,,,,,,ABQ,,,,,LAX,,,,2025-10-14T23:59:59Z,2025-05-15T09:00:00Z,destination=ABQ&origin=LAX&endRange=2025-10-14T23:59:59Z&startRange=2025-05-15T09:00:00Z,5.0,423.0,1.0,20.0,<Response [200]>
,,,,,,PVG,,,,,SHE,,,,2025-10-14T23:59:59Z,2025-05-15T09:00:00Z,destination=PVG&origin=SHE&endRange=2025-10-14T23:59:59Z&startRange=2025-05-15T09:00:00Z,5.0,423.0,1.0,20.0,<Response [200]>
,,,,,,BOI,,,,,ATL,,,,2025-10-14T23:59:59Z,2025-05-15T09:00:00Z,destination=BOI&origin=ATL&endRange=2025-10-14T23:59:59Z&startRange=2025-05-15T09:00:00Z,5.0,401.0,1.0,20.0,<Response [200]>
,,,,,,ATL,,,,,ELP,,,,2025-10-14T23:59:59Z,2025-05-15T09:00:00Z,destination=ATL&origin=ELP&endRange=2025-10-14T23:59:59Z&startRange=2025-05-15T09:00:00Z,5.0,401.0,1.0,20.0,<Response [200]>
,,,,,,GRU,,,,,BSB,,,,2025-10-14T23:59:59Z,2025-05-15T09:00:00Z,destination=GRU&origin=BSB&endRange=2025-10-14T23:59:59Z&startRange=2025-05-15T09:00:00Z,5.0,401.0,1.0,20.0,<Response [200]>
,,,,,,SFO,,,,,BOS,,,,2025-10-14T23:59:59Z,2025-05-15T09:00:00Z,destination=SFO&origin=BOS&endRange=2025-10-14T23:59:59Z&startRange=2025-05-15T09:00:00Z,5.0,402.0,1.0,20.0,<Response [200]>
,,,,,,STL,,,,,SLC,,,,2025-10-14T23:59:59Z,2025-05-15T09:00:00Z,destination=STL&origin=SLC&endRange=2025-10-14T23:59:59Z&startRange=2025-05-15T09:00:00Z,5.0,402.0,1.0,20.0,<Response [200]>
,,,,,,MCO,,,,,YYZ,,,,2025-10-14T23:59:59Z,2025-05-15T09:00:00Z,destination=MCO&origin=YYZ&endRange=2025-10-14T23:59:59Z&startRange=2025-05-15T09:00:00Z,5.0,402.0,1.0,20.0,<Response [200]>
,,,,,,BOS,,,,,CLT,,,,2025-10-14T23:59:59Z,2025-05-15T09:00:00Z,destination=BOS&origin=CLT&endRange=2025-10-14T23:59:59Z&startRange=2025-05-15T09:00:00Z,5.0,402.0,1.0,20.0,<Response [200]>
,,,,,,SGN,,,,,HUI,,,,2025-10-14T23:59:59Z,2025-05-15T09:00:00Z,destination=SGN&origin=HUI&endRange=2025-10-14T23:59:59Z&startRange=2025-05-15T09:00:00Z,5.0,403.0,1.0,20.0,<Response [200]>
,,,,,,MEX,,,,,MZT,,,,2025-10-14T23:59:59Z,2025-05-15T09:00:00Z,destination=MEX&origin=MZT&endRange=2025-10-14T23:59:59Z&startRange=2025-05-15T09:00:00Z,5.0,490.0,1.0,20.0,<Response [200]>
,,,,,,PVD,,,,,ATL,,,,2025-10-14T23:59:59Z,2025-05-15T09:00:00Z,destination=PVD&origin=ATL&endRange=2025-10-14T23:59:59Z&startRange=2025-05-15T09:00:00Z,5.0,499.0,1.0,20.0,<Response [200]>
,,,,,,SHA,,,,,CAN,,,,2025-10-14T23:59:59Z,2025-05-15T09:00:00Z,destination=SHA&origin=CAN&endRange=2025-10-14T23:59:59Z&startRange=2025-05-15T09:00:00Z,5.0,492.0,1.0,20.0,<Response [200]>
,,,,,,SZX,,,,,PKX,,,,2025-10-14T23:59:59Z,2025-05-15T09:00:00Z,destination=SZX&origin=PKX&endRange=2025-10-14T23:59:59Z&startRange=2025-05-15T09:00:00Z,4.0,348.0,1.0,25.0,<Response [200]>
,,,,,,AEP,,,,,BRC,,,,2025-10-14T23:59:59Z,2025-05-15T09:00:00Z,destination=AEP&origin=BRC&endRange=2025-10-14T23:59:59Z&startRange=2025-05-15T09:00:00Z,4.0,382.0,1.0,25.0,<Response [200]>
,,,,,,PEN,,,,,SIN,,,,2025-10-14T23:59:59Z,2025-05-15T09:00:00Z,destination=PEN&origin=SIN&endRange=2025-10-14T23:59:59Z&startRange=2025-05-15T09:00:00Z,4.0,382.0,1.0,25.0,<Response [200]>
,,,,,,HPH,,,,,SGN,,,,2025-10-14T23:59:59Z,2025-05-15T09:00:00Z,destination=HPH&origin=SGN&endRange=2025-10-14T23:59:59Z&startRange=2025-05-15T09:00:00Z,4.0,382.0,1.0,25.0,<Response [200]>
,,,,,,YYC,,,,,YOW,,,,2025-10-14T23:59:59Z,2025-05-15T09:00:00Z,destination=YYC&origin=YOW&endRange=2025-10-14T23:59:59Z&startRange=2025-05-15T09:00:00Z,4.0,382.0,1.0,25.0,<Response [200]>
,,,,,,BOS,,,,,DEN,,,,2025-10-14T23:59:59Z,2025-05-15T09:00:00Z,destination=BOS&origin=DEN&endRange=2025-10-14T23:59:59Z&startRange=2025-05-15T09:00:00Z,4.0,383.0,1.0,25.0,<Response [200]>
,,,,,,SAN,,,,,LAS,,,,2025-10-14T23:59:59Z,2025-05-15T09:00:00Z,destination=SAN&origin=LAS&endRange=2025-10-14T23:59:59Z&startRange=2025-05-15T09:00:00Z,4.0,384.0,1.0,25.0,<Response [200]>
,,,,,,DFW,,,,,JFK,,,,2025-10-14T23:59:59Z,2025-05-15T09:00:00Z,destination=DFW&origin=JFK&endRange=2025-10-14T23:59:59Z&startRange=2025-05-15T09:00:00Z,4.0,376.0,1.0,25.0,<Response [200]>
,,,,,,MSP,,,,,PWM,,,,2025-10-14T23:59:59Z,2025-05-15T09:00:00Z,destination=MSP&origin=PWM&endRange=2025-10-14T23:59:59Z&startRange=2025-05-15T09:00:00Z,4.0,377.0,1.0,25.0,<Response [200]>
,,,,,,PVG,,,,,SZX,,,,2025-10-14T23:59:59Z,2025-05-15T09:00:00Z,destination=PVG&origin=SZX&endRange=2025-10-14T23:59:59Z&startRange=2025-05-15T09:00:00Z,4.0,377.0,1.0,25.0,<Response [200]>
,,,,,,DTW,,,,,GRB,,,,2025-10-14T23:59:59Z,2025-05-15T09:00:00Z,destination=DTW&origin=GRB&endRange=2025-10-14T23:59:59Z&startRange=2025-05-15T09:00:00Z,4.0,370.0,1.0,25.0,<Response [200]>
,,,,,,MCO,,,,,RDU,,,,2025-10-14T23:59:59Z,2025-05-15T09:00:00Z,destination=MCO&origin=RDU&endRange=2025-10-14T23:59:59Z&startRange=2025-05-15T09:00:00Z,4.0,371.0,1.0,25.0,<Response [200]>
,,,,,,EWR,,,,,SLC,,,,2025-10-14T23:59:59Z,2025-05-15T09:00:00Z,destination=EWR&origin=SLC&endRange=2025-10-14T23:59:59Z&startRange=2025-05-15T09:00:00Z,4.0,372.0,1.0,25.0,<Response [200]>
,,,,,,ATL,,,,,BOI,,,,2025-10-14T23:59:59Z,2025-05-15T09:00:00Z,destination=ATL&origin=BOI&endRange=2025-10-14T23:59:59Z&startRange=2025-05-15T09:00:00Z,4.0,372.0,1.0,25.0,<Response [200]>
,,,,,,AUH,,,,,RUH,,,,2025-10-14T23:59:59Z,2025-05-15T09:00:00Z,destination=AUH&origin=RUH&endRange=2025-10-14T23:59:59Z&startRange=2025-05-15T09:00:00Z,4.0,372.0,1.0,25.0,<Response [200]>
,,,,,,RUH,,,,,CAI,,,,2025-10-14T23:59:59Z,2025-05-15T09:00:00Z,destination=RUH&origin=CAI&endRange=2025-10-14T23:59:59Z&startRange=2025-05-15T09:00:00Z,4.0,373.0,1.0,25.0,<Response [200]>
,,,,,,PTY,,,,,MGA,,,,2025-10-14T23:59:59Z,2025-05-15T09:00:00Z,destination=PTY&origin=MGA&endRange=2025-10-14T23:59:59Z&startRange=2025-05-15T09:00:00Z,4.0,374.0,1.0,25.0,<Response [200]>
,,,,,,CAI,,,,,JED,,,,2025-10-14T23:59:59Z,2025-05-15T09:00:00Z,destination=CAI&origin=JED&endRange=2025-10-14T23:59:59Z&startRange=2025-05-15T09:00:00Z,4.0,353.0,1.0,25.0,<Response [200]>
,,,,,,DFW,,,,,LAX,,,,2025-10-14T23:59:59Z,2025-05-15T09:00:00Z,destination=DFW&origin=LAX&endRange=2025-10-14T23:59:59Z&startRange=2025-05-15T09:00:00Z,4.0,354.0,1.0,25.0,<Response [200]>
,,,,,,USH,,,,,AEP,,,,2025-10-14T23:59:59Z,2025-05-15T09:00:00Z,destination=USH&origin=AEP&endRange=2025-10-14T23:59:59Z&startRange=2025-05-15T09:00:00Z,4.0,355.0,1.0,25.0,<Response [200]>
,,,,,,DFW,,,,,BOS,,,,2025-10-14T23:59:59Z,2025-05-15T09:00:00Z,destination=DFW&origin=BOS&endRange=2025-10-14T23:59:59Z&startRange=2025-05-15T09:00:00Z,4.0,355.0,1.0,25.0,<Response [200]>
,,,,,,DPS,,,,,SYD,,,,2025-10-14T23:59:59Z,2025-05-15T09:00:00Z,destination=DPS&origin=SYD&endRange=2025-10-14T23:59:59Z&startRange=2025-05-15T09:00:00Z,4.0,355.0,1.0,25.0,<Response [200]>
,,,,,,BKK,,,,,HAN,,,,2025-10-14T23:59:59Z,2025-05-15T09:00:00Z,destination=BKK&origin=HAN&endRange=2025-10-14T23:59:59Z&startRange=2025-05-15T09:00:00Z,4.0,356.0,1.0,25.0,<Response [200]>
,,,,,,GEG,,,,,ATL,,,,2025-10-14T23:59:59Z,2025-05-15T09:00:00Z,destination=GEG&origin=ATL&endRange=2025-10-14T23:59:59Z&startRange=2025-05-15T09:00:00Z,4.0,357.0,1.0,25.0,<Response [200]>
,,,,,,LAX,,,,,BOI,,,,2025-10-14T23:59:59Z,2025-05-15T09:00:00Z,destination=LAX&origin=BOI&endRange=2025-10-14T23:59:59Z&startRange=2025-05-15T09:00:00Z,4.0,357.0,1.0,25.0,<Response [200]>
,,,,,,HAN,,,,,BKK,,,,2025-10-14T23:59:59Z,2025-05-15T09:00:00Z,destination=HAN&origin=BKK&endRange=2025-10-14T23:59:59Z&startRange=2025-05-15T09:00:00Z,4.0,357.0,1.0,25.0,<Response [200]>
,,,,,,BOS,,,,,RSW,,,,2025-10-14T23:59:59Z,2025-05-15T09:00:00Z,destination=BOS&origin=RSW&endRange=2025-10-14T23:59:59Z&startRange=2025-05-15T09:00:00Z,4.0,358.0,1.0,25.0,<Response [200]>
,,,,,,MSP,,,,,PBI,,,,2025-10-14T23:59:59Z,2025-05-15T09:00:00Z,destination=MSP&origin=PBI&endRange=2025-10-14T23:59:59Z&startRange=2025-05-15T09:00:00Z,4.0,358.0,1.0,25.0,<Response [200]>
,,,,,,MIA,,,,,BOS,,,,2025-10-14T23:59:59Z,2025-05-15T09:00:00Z,destination=MIA&origin=BOS&endRange=2025-10-14T23:59:59Z&startRange=2025-05-15T09:00:00Z,4.0,359.0,1.0,25.0,<Response [200]>
,,,,,,LAS,,,,,SAN,,,,2025-10-14T23:59:59Z,2025-05-15T09:00:00Z,destination=LAS&origin=SAN&endRange=2025-10-14T23:59:59Z&startRange=2025-05-15T09:00:00Z,4.0,360.0,1.0,25.0,<Response [200]>
,,,,,,LAS,,,,,SNA,,,,2025-10-14T23:59:59Z,2025-05-15T09:00:00Z,destination=LAS&origin=SNA&endRange=2025-10-14T23:59:59Z&startRange=2025-05-15T09:00:00Z,4.0,361.0,1.0,25.0,<Response [200]>
,,,,,,DTW,,,,,DSM,,,,2025-10-14T23:59:59Z,2025-05-15T09:00:00Z,destination=DTW&origin=DSM&endRange=2025-10-14T23:59:59Z&startRange=2025-05-15T09:00:00Z,4.0,363.0,1.0,25.0,<Response [200]>
,,,,,,PHX,,,,,BOS,,,,2025-10-14T23:59:59Z,2025-05-15T09:00:00Z,destination=PHX&origin=BOS&endRange=2025-10-14T23:59:59Z&startRange=2025-05-15T09:00:00Z,4.0,364.0,1.0,25.0,<Response [200]>
,,,,,,JED,,,,,AHB,,,,2025-10-14T23:59:59Z,2025-05-15T09:00:00Z,destination=JED&origin=AHB&endRange=2025-10-14T23:59:59Z&startRange=2025-05-15T09:00:00Z,4.0,344.0,1.0,25.0,<Response [200]>
,,,,,,BKK,,,,,SGN,,,,2025-10-14T23:59:59Z,2025-05-15T09:00:00Z,destination=BKK&origin=SGN&endRange=2025-10-14T23:59:59Z&startRange=2025-05-15T09:00:00Z,4.0,344.0,1.0,25.0,<Response [200]>
,,,,,,RDU,,,,,TPA,,,,2025-10-14T23:59:59Z,2025-05-15T09:00:00Z,destination=RDU&origin=TPA&endRange=2025-10-14T23:59:59Z&startRange=2025-05-15T09:00:00Z,4.0,346.0,1.0,25.0,<Response [200]>
,,,,,,HSV,,,,,DTW,,,,2025-10-14T23:59:59Z,2025-05-15T09:00:00Z,destination=HSV&origin=DTW&endRange=2025-10-14T23:59:59Z&startRange=2025-05-15T09:00:00Z,4.0,347.0,1.0,25.0,<Response [200]>
,,,,,,SNA,,,,,LAS,,,,2025-10-14T23:59:59Z,2025-05-15T09:00:00Z,destination=SNA&origin=LAS&endRange=2025-10-14T23:59:59Z&startRange=2025-05-15T09:00:00Z,4.0,348.0,1.0,25.0,<Response [200]>
,,,,,,PKX,,,,,PVG,,,,2025-10-14T23:59:59Z,2025-05-15T09:00:00Z,destination=PKX&origin=PVG&endRange=2025-10-14T23:59:59Z&startRange=2025-05-15T09:00:00Z,4.0,349.0,1.0,25.0,<Response [200]>
,,,,,,MEX,,,,,QRO,,,,2025-10-14T23:59:59Z,2025-05-15T09:00:00Z,destination=MEX&origin=QRO&endRange=2025-10-14T23:59:59Z&startRange=2025-05-15T09:00:00Z,4.0,350.0,1.0,25.0,<Response [200]>
,,,,,,XMN,,,,,XIY,,,,2025-10-14T23:59:59Z,2025-05-15T09:00:00Z,destination=XMN&origin=XIY&endRange=2025-10-14T23:59:59Z&startRange=2025-05-15T09:00:00Z,4.0,350.0,1.0,25.0,<Response [200]>
,,,,,,AHB,,,,,JED,,,,2025-10-14T23:59:59Z,2025-05-15T09:00:00Z,destination=AHB&origin=JED&endRange=2025-10-14T23:59:59Z&startRange=2025-05-15T09:00:00Z,4.0,350.0,1.0,25.0,<Response [200]>
,,,,,,YUL,,,,,ATL,,,,2025-10-14T23:59:59Z,2025-05-15T09:00:00Z,destination=YUL&origin=ATL&endRange=2025-10-14T23:59:59Z&startRange=2025-05-15T09:00:00Z,4.0,351.0,1.0,25.0,<Response [200]>
,,,,,,SGN,,,,,BKK,,,,2025-10-14T23:59:59Z,2025-05-15T09:00:00Z,destination=SGN&origin=BKK&endRange=2025-10-14T23:59:59Z&startRange=2025-05-15T09:00:00Z,4.0,351.0,1.0,25.0,<Response [200]>
,,,,,,JED,,,,,CAI,,,,2025-10-14T23:59:59Z,2025-05-15T09:00:00Z,destination=JED&origin=CAI&endRange=2025-10-14T23:59:59Z&startRange=2025-05-15T09:00:00Z,4.0,351.0,1.0,25.0,<Response [200]>
,,,,,,SLC,,,,,OKC,,,,2025-10-14T23:59:59Z,2025-05-15T09:00:00Z,destination=SLC&origin=OKC&endRange=2025-10-14T23:59:59Z&startRange=2025-05-15T09:00:00Z,4.0,352.0,1.0,25.0,<Response [200]>
,,,,,,MDE,,,,,PTY,,,,2025-10-14T23:59:59Z,2025-05-15T09:00:00Z,destination=MDE&origin=PTY&endRange=2025-10-14T23:59:59Z&startRange=2025-05-15T09:00:00Z,4.0,352.0,1.0,25.0,<Response [200]>
,,,,,,HGH,,,,,CAN,,,,2025-10-14T23:59:59Z,2025-05-15T09:00:00Z,destination=HGH&origin=CAN&endRange=2025-10-14T23:59:59Z&startRange=2025-05-15T09:00:00Z,4.0,352.0,1.0,25.0,<Response [200]>
,,,,,,MSP,,,,,MYR,,,,2025-10-14T23:59:59Z,2025-05-15T09:00:00Z,destination=MSP&origin=MYR&endRange=2025-10-14T23:59:59Z&startRange=2025-05-15T09:00:00Z,4.0,353.0,1.0,25.0,<Response [200]>
,,,,,,RUH,,,,,MED,,,,2025-10-14T23:59:59Z,2025-05-15T09:00:00Z,destination=RUH&origin=MED&endRange=2025-10-14T23:59:59Z&startRange=2025-05-15T09:00:00Z,4.0,336.0,1.0,25.0,<Response [200]>
,,,,,,FOC,,,,,CAN,,,,2025-10-14T23:59:59Z,2025-05-15T09:00:00Z,destination=FOC&origin=CAN&endRange=2025-10-14T23:59:59Z&startRange=2025-05-15T09:00:00Z,4.0,337.0,1.0,25.0,<Response [200]>
,,,,,,MGA,,,,,PTY,,,,2025-10-14T23:59:59Z,2025-05-15T09:00:00Z,destination=MGA&origin=PTY&endRange=2025-10-14T23:59:59Z&startRange=2025-05-15T09:00:00Z,4.0,337.0,1.0,25.0,<Response [200]>
,,,,,,PVG,,,,,PKX,,,,2025-10-14T23:59:59Z,2025-05-15T09:00:00Z,destination=PVG&origin=PKX&endRange=2025-10-14T23:59:59Z&startRange=2025-05-15T09:00:00Z,4.0,338.0,1.0,25.0,<Response [200]>
,,,,,,NKG,,,,,XMN,,,,2025-10-14T23:59:59Z,2025-05-15T09:00:00Z,destination=NKG&origin=XMN&endRange=2025-10-14T23:59:59Z&startRange=2025-05-15T09:00:00Z,4.0,339.0,1.0,25.0,<Response [200]>
,,,,,,RDU,,,,,MCO,,,,2025-10-14T23:59:59Z,2025-05-15T09:00:00Z,destination=RDU&origin=MCO&endRange=2025-10-14T23:59:59Z&startRange=2025-05-15T09:00:00Z,4.0,339.0,1.0,25.0,<Response [200]>
,,,,,,ANC,,,,,ATL,,,,2025-10-14T23:59:59Z,2025-05-15T09:00:00Z,destination=ANC&origin=ATL&endRange=2025-10-14T23:59:59Z&startRange=2025-05-15T09:00:00Z,4.0,340.0,1.0,25.0,<Response [200]>
,,,,,,XIY,,,,,PVG,,,,2025-10-14T23:59:59Z,2025-05-15T09:00:00Z,destination=XIY&origin=PVG&endRange=2025-10-14T23:59:59Z&startRange=2025-05-15T09:00:00Z,4.0,340.0,1.0,25.0,<Response [200]>
,,,,,,SAV,,,,,MSP,,,,2025-10-14T23:59:59Z,2025-05-15T09:00:00Z,destination=SAV&origin=MSP&endRange=2025-10-14T23:59:59Z&startRange=2025-05-15T09:00:00Z,4.0,341.0,1.0,25.0,<Response [200]>
,,,,,,MEM,,,,,BOS,,,,2025-10-14T23:59:59Z,2025-05-15T09:00:00Z,destination=MEM&origin=BOS&endRange=2025-10-14T23:59:59Z&startRange=2025-05-15T09:00:00Z,4.0,341.0,1.0,25.0,<Response [200]>
,,,,,,GIG,,,,,AEP,,,,2025-10-14T23:59:59Z,2025-05-15T09:00:00Z,destination=GIG&origin=AEP&endRange=2025-10-14T23:59:59Z&startRange=2025-05-15T09:00:00Z,4.0,341.0,1.0,25.0,<Response [200]>
,,,,,,DTW,,,,,SMF,,,,2025-10-14T23:59:59Z,2025-05-15T09:00:00Z,destination=DTW&origin=SMF&endRange=2025-10-14T23:59:59Z&startRange=2025-05-15T09:00:00Z,4.0,342.0,1.0,25.0,<Response [200]>
,,,,,,JFK,,,,,RSW,,,,2025-10-14T23:59:59Z,2025-05-15T09:00:00Z,destination=JFK&origin=RSW&endRange=2025-10-14T23:59:59Z&startRange=2025-05-15T09:00:00Z,4.0,342.0,1.0,25.0,<Response [200]>
,,,,,,XMN,,,,,NKG,,,,2025-10-14T23:59:59Z,2025-05-15T09:00:00Z,destination=XMN&origin=NKG&endRange=2025-10-14T23:59:59Z&startRange=2025-05-15T09:00:00Z,4.0,344.0,1.0,25.0,<Response [200]>
,,,,,,SGN,,,,,KUL,,,,2025-10-14T23:59:59Z,2025-05-15T09:00:00Z,destination=SGN&origin=KUL&endRange=2025-10-14T23:59:59Z&startRange=2025-05-15T09:00:00Z,4.0,344.0,1.0,25.0,<Response [200]>
,,,,,,MCI,,,,,JFK,,,,2025-10-14T23:59:59Z,2025-05-15T09:00:00Z,destination=MCI&origin=JFK&endRange=2025-10-14T23:59:59Z&startRange=2025-05-15T09:00:00Z,4.0,344.0,1.0,25.0,<Response [200]>
,,,,,,AHB,,,,,RUH,,,,2025-10-14T23:59:59Z,2025-05-15T09:00:00Z,destination=AHB&origin=RUH&endRange=2025-10-14T23:59:59Z&startRange=2025-05-15T09:00:00Z,4.0,328.0,1.0,25.0,<Response [200]>
,,,,,,RUH,,,,,AHB,,,,2025-10-14T23:59:59Z,2025-05-15T09:00:00Z,destination=RUH&origin=AHB&endRange=2025-10-14T23:59:59Z&startRange=2025-05-15T09:00:00Z,4.0,328.0,1.0,25.0,<Response [200]>
,,,,,,MIA,,,,,LAX,,,,2025-10-14T23:59:59Z,2025-05-15T09:00:00Z,destination=MIA&origin=LAX&endRange=2025-10-14T23:59:59Z&startRange=2025-05-15T09:00:00Z,4.0,329.0,1.0,25.0,<Response [200]>
,,,,,,FOR,,,,,GRU,,,,2025-10-14T23:59:59Z,2025-05-15T09:00:00Z,destination=FOR&origin=GRU&endRange=2025-10-14T23:59:59Z&startRange=2025-05-15T09:00:00Z,4.0,329.0,1.0,25.0,<Response [200]>
,,,,,,ICN,,,,,PUS,,,,2025-10-14T23:59:59Z,2025-05-15T09:00:00Z,destination=ICN&origin=PUS&endRange=2025-10-14T23:59:59Z&startRange=2025-05-15T09:00:00Z,4.0,329.0,1.0,25.0,<Response [200]>
,,,,,,MCZ,,,,,GRU,,,,2025-10-14T23:59:59Z,2025-05-15T09:00:00Z,destination=MCZ&origin=GRU&endRange=2025-10-14T23:59:59Z&startRange=2025-05-15T09:00:00Z,4.0,329.0,1.0,25.0,<Response [200]>
,,,,,,CAN,,,,,FOC,,,,2025-10-14T23:59:59Z,2025-05-15T09:00:00Z,destination=CAN&origin=FOC&endRange=2025-10-14T23:59:59Z&startRange=2025-05-15T09:00:00Z,4.0,329.0,1.0,25.0,<Response [200]>
,,,,,,MEX,,,,,MXL,,,,2025-10-14T23:59:59Z,2025-05-15T09:00:00Z,destination=MEX&origin=MXL&endRange=2025-10-14T23:59:59Z&startRange=2025-05-15T09:00:00Z,4.0,330.0,1.0,25.0,<Response [200]>
,,,,,,KIS,,,,,NBO,,,,2025-10-14T23:59:59Z,2025-05-15T09:00:00Z,destination=KIS&origin=NBO&endRange=2025-10-14T23:59:59Z&startRange=2025-05-15T09:00:00Z,4.0,330.0,1.0,25.0,<Response [200]>
,,,,,,NBO,,,,,KIS,,,,2025-10-14T23:59:59Z,2025-05-15T09:00:00Z,destination=NBO&origin=KIS&endRange=2025-10-14T23:59:59Z&startRange=2025-05-15T09:00:00Z,4.0,330.0,1.0,25.0,<Response [200]>
,,,,,,MCO,,,,,MIA,,,,2025-10-14T23:59:59Z,2025-05-15T09:00:00Z,destination=MCO&origin=MIA&endRange=2025-10-14T23:59:59Z&startRange=2025-05-15T09:00:00Z,4.0,330.0,1.0,25.0,<Response [200]>
,,,,,,SLC,,,,,OMA,,,,2025-10-14T23:59:59Z,2025-05-15T09:00:00Z,destination=SLC&origin=OMA&endRange=2025-10-14T23:59:59Z&startRange=2025-05-15T09:00:00Z,4.0,333.0,1.0,25.0,<Response [200]>
,,,,,,GRU,,,,,CGB,,,,2025-10-14T23:59:59Z,2025-05-15T09:00:00Z,destination=GRU&origin=CGB&endRange=2025-10-14T23:59:59Z&startRange=2025-05-15T09:00:00Z,4.0,333.0,1.0,25.0,<Response [200]>
,,,,,,CGK,,,,,BPN,,,,2025-10-14T23:59:59Z,2025-05-15T09:00:00Z,destination=CGK&origin=BPN&endRange=2025-10-14T23:59:59Z&startRange=2025-05-15T09:00:00Z,4.0,334.0,1.0,25.0,<Response [200]>
,,,,,,LAX,,,,,GEG,,,,2025-10-14T23:59:59Z,2025-05-15T09:00:00Z,destination=LAX&origin=GEG&endRange=2025-10-14T23:59:59Z&startRange=2025-05-15T09:00:00Z,4.0,336.0,1.0,25.0,<Response [200]>
,,,,,,TAO,,,,,XMN,,,,2025-10-14T23:59:59Z,2025-05-15T09:00:00Z,destination=TAO&origin=XMN&endRange=2025-10-14T23:59:59Z&startRange=2025-05-15T09:00:00Z,4.0,336.0,1.0,25.0,<Response [200]>
,,,,,,SEA,,,,,CVG,,,,2025-10-14T23:59:59Z,2025-05-15T09:00:00Z,destination=SEA&origin=CVG&endRange=2025-10-14T23:59:59Z&startRange=2025-05-15T09:00:00Z,4.0,318.0,1.0,25.0,<Response [200]>
,,,,,,MSP,,,,,SAV,,,,2025-10-14T23:59:59Z,2025-05-15T09:00:00Z,destination=MSP&origin=SAV&endRange=2025-10-14T23:59:59Z&startRange=2025-05-15T09:00:00Z,4.0,321.0,1.0,25.0,<Response [200]>
,,,,,,ELP,,,,,ATL,,,,2025-10-14T23:59:59Z,2025-05-15T09:00:00Z,destination=ELP&origin=ATL&endRange=2025-10-14T23:59:59Z&startRange=2025-05-15T09:00:00Z,4.0,323.0,1.0,25.0,<Response [200]>
,,,,,,MXL,,,,,MEX,,,,2025-10-14T23:59:59Z,2025-05-15T09:00:00Z,destination=MXL&origin=MEX&endRange=2025-10-14T23:59:59Z&startRange=2025-05-15T09:00:00Z,4.0,323.0,1.0,25.0,<Response [200]>
,,,,,,GRU,,,,,CNF,,,,2025-10-14T23:59:59Z,2025-05-15T09:00:00Z,destination=GRU&origin=CNF&endRange=2025-10-14T23:59:59Z&startRange=2025-05-15T09:00:00Z,4.0,324.0,1.0,25.0,<Response [200]>
,,,,,,HGH,,,,,KMG,,,,2025-10-14T23:59:59Z,2025-05-15T09:00:00Z,destination=HGH&origin=KMG&endRange=2025-10-14T23:59:59Z&startRange=2025-05-15T09:00:00Z,4.0,325.0,1.0,25.0,<Response [200]>
,,,,,,SSA,,,,,GRU,,,,2025-10-14T23:59:59Z,2025-05-15T09:00:00Z,destination=SSA&origin=GRU&endRange=2025-10-14T23:59:59Z&startRange=2025-05-15T09:00:00Z,4.0,325.0,1.0,25.0,<Response [200]>
,,,,,,CUL,,,,,MEX,,,,2025-10-14T23:59:59Z,2025-05-15T09:00:00Z,destination=CUL&origin=MEX&endRange=2025-10-14T23:59:59Z&startRange=2025-05-15T09:00:00Z,4.0,325.0,1.0,25.0,<Response [200]>
,,,,,,JFK,,,,,BWI,,,,2025-10-14T23:59:59Z,2025-05-15T09:00:00Z,destination=JFK&origin=BWI&endRange=2025-10-14T23:59:59Z&startRange=2025-05-15T09:00:00Z,4.0,325.0,1.0,25.0,<Response [200]>
,,,,,,DEN,,,,,BOS,,,,2025-10-14T23:59:59Z,2025-05-15T09:00:00Z,destination=DEN&origin=BOS&endRange=2025-10-14T23:59:59Z&startRange=2025-05-15T09:00:00Z,4.0,325.0,1.0,25.0,<Response [200]>
,,,,,,JED,,,,,MED,,,,2025-10-14T23:59:59Z,2025-05-15T09:00:00Z,destination=JED&origin=MED&endRange=2025-10-14T23:59:59Z&startRange=2025-05-15T09:00:00Z,4.0,326.0,1.0,25.0,<Response [200]>
,,,,,,OAK,,,,,LAX,,,,2025-10-14T23:59:59Z,2025-05-15T09:00:00Z,destination=OAK&origin=LAX&endRange=2025-10-14T23:59:59Z&startRange=2025-05-15T09:00:00Z,4.0,326.0,1.0,25.0,<Response [200]>
,,,,,,ATL,,,,,ATW,,,,2025-10-14T23:59:59Z,2025-05-15T09:00:00Z,destination=ATL&origin=ATW&endRange=2025-10-14T23:59:59Z&startRange=2025-05-15T09:00:00Z,4.0,326.0,1.0,25.0,<Response [200]>
,,,,,,GIG,,,,,REC,,,,2025-10-14T23:59:59Z,2025-05-15T09:00:00Z,destination=GIG&origin=REC&endRange=2025-10-14T23:59:59Z&startRange=2025-05-15T09:00:00Z,4.0,327.0,1.0,25.0,<Response [200]>
,,,,,,SNA,,,,,DTW,,,,2025-10-14T23:59:59Z,2025-05-15T09:00:00Z,destination=SNA&origin=DTW&endRange=2025-10-14T23:59:59Z&startRange=2025-05-15T09:00:00Z,4.0,328.0,1.0,25.0,<Response [200]>
,,,,,,KIX,,,,,ICN,,,,2025-10-14T23:59:59Z,2025-05-15T09:00:00Z,destination=KIX&origin=ICN&endRange=2025-10-14T23:59:59Z&startRange=2025-05-15T09:00:00Z,4.0,328.0,1.0,25.0,<Response [200]>
,,,,,,TUS,,,,,SEA,,,,2025-10-14T23:59:59Z,2025-05-15T09:00:00Z,destination=TUS&origin=SEA&endRange=2025-10-14T23:59:59Z&startRange=2025-05-15T09:00:00Z,4.0,309.0,1.0,25.0,<Response [200]>
,,,,,,SYD,,,,,DPS,,,,2025-10-14T23:59:59Z,2025-05-15T09:00:00Z,destination=SYD&origin=DPS&endRange=2025-10-14T23:59:59Z&startRange=2025-05-15T09:00:00Z,4.0,310.0,1.0,25.0,<Response [200]>
,,,,,,XMN,,,,,TSN,,,,2025-10-14T23:59:59Z,2025-05-15T09:00:00Z,destination=XMN&origin=TSN&endRange=2025-10-14T23:59:59Z&startRange=2025-05-15T09:00:00Z,4.0,311.0,1.0,25.0,<Response [200]>
,,,,,,BOS,,,,,DFW,,,,2025-10-14T23:59:59Z,2025-05-15T09:00:00Z,destination=BOS&origin=DFW&endRange=2025-10-14T23:59:59Z&startRange=2025-05-15T09:00:00Z,4.0,312.0,1.0,25.0,<Response [200]>
,,,,,,AEP,,,,,PSS,,,,2025-10-14T23:59:59Z,2025-05-15T09:00:00Z,destination=AEP&origin=PSS&endRange=2025-10-14T23:59:59Z&startRange=2025-05-15T09:00:00Z,4.0,312.0,1.0,25.0,<Response [200]>
,,,,,,GRU,,,,,POA,,,,2025-10-14T23:59:59Z,2025-05-15T09:00:00Z,destination=GRU&origin=POA&endRange=2025-10-14T23:59:59Z&startRange=2025-05-15T09:00:00Z,4.0,312.0,1.0,25.0,<Response [200]>
,,,,,,BOS,,,,,MEM,,,,2025-10-14T23:59:59Z,2025-05-15T09:00:00Z,destination=BOS&origin=MEM&endRange=2025-10-14T23:59:59Z&startRange=2025-05-15T09:00:00Z,4.0,313.0,1.0,25.0,<Response [200]>
,,,,,,ZIH,,,,,MEX,,,,2025-10-14T23:59:59Z,2025-05-15T09:00:00Z,destination=ZIH&origin=MEX&endRange=2025-10-14T23:59:59Z&startRange=2025-05-15T09:00:00Z,4.0,313.0,1.0,25.0,<Response [200]>
,,,,,,MEX,,,,,HUX,,,,2025-10-14T23:59:59Z,2025-05-15T09:00:00Z,destination=MEX&origin=HUX&endRange=2025-10-14T23:59:59Z&startRange=2025-05-15T09:00:00Z,4.0,313.0,1.0,25.0,<Response [200]>
,,,,,,BGR,,,,,JFK,,,,2025-10-14T23:59:59Z,2025-05-15T09:00:00Z,destination=BGR&origin=JFK&endRange=2025-10-14T23:59:59Z&startRange=2025-05-15T09:00:00Z,4.0,314.0,1.0,25.0,<Response [200]>
,,,,,,LAX,,,,,RNO,,,,2025-10-14T23:59:59Z,2025-05-15T09:00:00Z,destination=LAX&origin=RNO&endRange=2025-10-14T23:59:59Z&startRange=2025-05-15T09:00:00Z,4.0,314.0,1.0,25.0,<Response [200]>
,,,,,,NKG,,,,,XIY,,,,2025-10-14T23:59:59Z,2025-05-15T09:00:00Z,destination=NKG&origin=XIY&endRange=2025-10-14T23:59:59Z&startRange=2025-05-15T09:00:00Z,4.0,315.0,1.0,25.0,<Response [200]>
,,,,,,YEG,,,,,YLW,,,,2025-10-14T23:59:59Z,2025-05-15T09:00:00Z,destination=YEG&origin=YLW&endRange=2025-10-14T23:59:59Z&startRange=2025-05-15T09:00:00Z,4.0,316.0,1.0,25.0,<Response [200]>
,,,,,,CGK,,,,,SIN,,,,2025-10-14T23:59:59Z,2025-05-15T09:00:00Z,destination=CGK&origin=SIN&endRange=2025-10-14T23:59:59Z&startRange=2025-05-15T09:00:00Z,4.0,316.0,1.0,25.0,<Response [200]>
,,,,,,BSB,,,,,GIG,,,,2025-10-14T23:59:59Z,2025-05-15T09:00:00Z,destination=BSB&origin=GIG&endRange=2025-10-14T23:59:59Z&startRange=2025-05-15T09:00:00Z,4.0,316.0,1.0,25.0,<Response [200]>
,,,,,,XIY,,,,,XMN,,,,2025-10-14T23:59:59Z,2025-05-15T09:00:00Z,destination=XIY&origin=XMN&endRange=2025-10-14T23:59:59Z&startRange=2025-05-15T09:00:00Z,4.0,318.0,1.0,25.0,<Response [200]>
,,,,,,ISB,,,,,AUH,,,,2025-10-14T23:59:59Z,2025-05-15T09:00:00Z,destination=ISB&origin=AUH&endRange=2025-10-14T23:59:59Z&startRange=2025-05-15T09:00:00Z,4.0,306.0,1.0,25.0,<Response [200]>
,,,,,,NNG,,,,,XMN,,,,2025-10-14T23:59:59Z,2025-05-15T09:00:00Z,destination=NNG&origin=XMN&endRange=2025-10-14T23:59:59Z&startRange=2025-05-15T09:00:00Z,4.0,306.0,1.0,25.0,<Response [200]>
,,,,,,LHE,,,,,AUH,,,,2025-10-14T23:59:59Z,2025-05-15T09:00:00Z,destination=LHE&origin=AUH&endRange=2025-10-14T23:59:59Z&startRange=2025-05-15T09:00:00Z,4.0,306.0,1.0,25.0,<Response [200]>
,,,,,,USM,,,,,SIN,,,,2025-10-14T23:59:59Z,2025-05-15T09:00:00Z,destination=USM&origin=SIN&endRange=2025-10-14T23:59:59Z&startRange=2025-05-15T09:00:00Z,4.0,306.0,1.0,25.0,<Response [200]>
,,,,,,PVG,,,,,KHN,,,,2025-10-14T23:59:59Z,2025-05-15T09:00:00Z,destination=PVG&origin=KHN&endRange=2025-10-14T23:59:59Z&startRange=2025-05-15T09:00:00Z,4.0,306.0,1.0,25.0,<Response [200]>
,,,,,,IGR,,,,,AEP,,,,2025-10-14T23:59:59Z,2025-05-15T09:00:00Z,destination=IGR&origin=AEP&endRange=2025-10-14T23:59:59Z&startRange=2025-05-15T09:00:00Z,4.0,306.0,1.0,25.0,<Response [200]>
,,,,,,SLC,,,,,YYC,,,,2025-10-14T23:59:59Z,2025-05-15T09:00:00Z,destination=SLC&origin=YYC&endRange=2025-10-14T23:59:59Z&startRange=2025-05-15T09:00:00Z,4.0,306.0,1.0,25.0,<Response [200]>
,,,,,,PTY,,,,,SAL,,,,2025-10-14T23:59:59Z,2025-05-15T09:00:00Z,destination=PTY&origin=SAL&endRange=2025-10-14T23:59:59Z&startRange=2025-05-15T09:00:00Z,4.0,307.0,1.0,25.0,<Response [200]>
,,,,,,PUS,,,,,TPE,,,,2025-10-14T23:59:59Z,2025-05-15T09:00:00Z,destination=PUS&origin=TPE&endRange=2025-10-14T23:59:59Z&startRange=2025-05-15T09:00:00Z,4.0,307.0,1.0,25.0,<Response [200]>
,,,,,,AEP,,,,,COR,,,,2025-10-14T23:59:59Z,2025-05-15T09:00:00Z,destination=AEP&origin=COR&endRange=2025-10-14T23:59:59Z&startRange=2025-05-15T09:00:00Z,4.0,307.0,1.0,25.0,<Response [200]>
,,,,,,JFK,,,,,BGR,,,,2025-10-14T23:59:59Z,2025-05-15T09:00:00Z,destination=JFK&origin=BGR&endRange=2025-10-14T23:59:59Z&startRange=2025-05-15T09:00:00Z,4.0,307.0,1.0,25.0,<Response [200]>
,,,,,,MEX,,,,,ACA,,,,2025-10-14T23:59:59Z,2025-05-15T09:00:00Z,destination=MEX&origin=ACA&endRange=2025-10-14T23:59:59Z&startRange=2025-05-15T09:00:00Z,4.0,307.0,1.0,25.0,<Response [200]>
,,,,,,DPS,,,,,SIN,,,,2025-10-14T23:59:59Z,2025-05-15T09:00:00Z,destination=DPS&origin=SIN&endRange=2025-10-14T23:59:59Z&startRange=2025-05-15T09:00:00Z,4.0,307.0,1.0,25.0,<Response [200]>
,,,,,,SIN,,,,,DPS,,,,2025-10-14T23:59:59Z,2025-05-15T09:00:00Z,destination=SIN&origin=DPS&endRange=2025-10-14T23:59:59Z&startRange=2025-05-15T09:00:00Z,4.0,307.0,1.0,25.0,<Response [200]>
,,,,,,SRQ,,,,,DTW,,,,2025-10-14T23:59:59Z,2025-05-15T09:00:00Z,destination=SRQ&origin=DTW&endRange=2025-10-14T23:59:59Z&startRange=2025-05-15T09:00:00Z,4.0,308.0,1.0,25.0,<Response [200]>
,,,,,,CGK,,,,,KUL,,,,2025-10-14T23:59:59Z,2025-05-15T09:00:00Z,destination=CGK&origin=KUL&endRange=2025-10-14T23:59:59Z&startRange=2025-05-15T09:00:00Z,4.0,308.0,1.0,25.0,<Response [200]>
,,,,,,MEX,,,,,GUA,,,,2025-10-14T23:59:59Z,2025-05-15T09:00:00Z,destination=MEX&origin=GUA&endRange=2025-10-14T23:59:59Z&startRange=2025-05-15T09:00:00Z,4.0,305.0,1.0,25.0,<Response [200]>
,,,,,,NGO,,,,,ICN,,,,2025-10-14T23:59:59Z,2025-05-15T09:00:00Z,destination=NGO&origin=ICN&endRange=2025-10-14T23:59:59Z&startRange=2025-05-15T09:00:00Z,4.0,305.0,1.0,25.0,<Response [200]>
,,,,,,AUH,,,,,MLE,,,,2025-10-14T23:59:59Z,2025-05-15T09:00:00Z,destination=AUH&origin=MLE&endRange=2025-10-14T23:59:59Z&startRange=2025-05-15T09:00:00Z,4.0,305.0,1.0,25.0,<Response [200]>
,,,,,,AUH,,,,,CGK,,,,2025-10-14T23:59:59Z,2025-05-15T09:00:00Z,destination=AUH&origin=CGK&endRange=2025-10-14T23:59:59Z&startRange=2025-05-15T09:00:00Z,4.0,305.0,1.0,25.0,<Response [200]>
,,,,,,MLE,,,,,AUH,,,,2025-10-14T23:59:59Z,2025-05-15T09:00:00Z,destination=MLE&origin=AUH&endRange=2025-10-14T23:59:59Z&startRange=2025-05-15T09:00:00Z,4.0,305.0,1.0,25.0,<Response [200]>
,,,,,,XMN,,,,,CGO,,,,2025-10-14T23:59:59Z,2025-05-15T09:00:00Z,destination=XMN&origin=CGO&endRange=2025-10-14T23:59:59Z&startRange=2025-05-15T09:00:00Z,4.0,306.0,1.0,25.0,<Response [200]>
,,,,,,MZT,,,,,MEX,,,,2025-10-14T23:59:59Z,2025-05-15T09:00:00Z,destination=MZT&origin=MEX&endRange=2025-10-14T23:59:59Z&startRange=2025-05-15T09:00:00Z,4.0,306.0,1.0,25.0,<Response [200]>
,,,,,,YYC,,,,,YLW,,,,2025-10-14T23:59:59Z,2025-05-15T09:00:00Z,destination=YYC&origin=YLW&endRange=2025-10-14T23:59:59Z&startRange=2025-05-15T09:00:00Z,4.0,306.0,1.0,25.0,<Response [200]>
,,,,,,YHZ,,,,,YYZ,,,,2025-10-14T23:59:59Z,2025-05-15T09:00:00Z,destination=YHZ&origin=YYZ&endRange=2025-10-14T23:59:59Z&startRange=2025-05-15T09:00:00Z,4.0,306.0,1.0,25.0,<Response [200]>
,,,,,,AUH,,,,,ISB,,,,2025-10-14T23:59:59Z,2025-05-15T09:00:00Z,destination=AUH&origin=ISB&endRange=2025-10-14T23:59:59Z&startRange=2025-05-15T09:00:00Z,4.0,306.0,1.0,25.0,<Response [200]>
,,,,,,AUH,,,,,KHI,,,,2025-10-14T23:59:59Z,2025-05-15T09:00:00Z,destination=AUH&origin=KHI&endRange=2025-10-14T23:59:59Z&startRange=2025-05-15T09:00:00Z,4.0,306.0,1.0,25.0,<Response [200]>
,,,,,,BOM,,,,,AUH,,,,2025-10-14T23:59:59Z,2025-05-15T09:00:00Z,destination=BOM&origin=AUH&endRange=2025-10-14T23:59:59Z&startRange=2025-05-15T09:00:00Z,4.0,306.0,1.0,25.0,<Response [200]>
,,,,,,BOM,,,,,HYD,,,,2025-10-14T23:59:59Z,2025-05-15T09:00:00Z,destination=BOM&origin=HYD&endRange=2025-10-14T23:59:59Z&startRange=2025-05-15T09:00:00Z,4.0,306.0,1.0,25.0,<Response [200]>
,,,,,,DEL,,,,,GOI,,,,2025-10-14T23:59:59Z,2025-05-15T09:00:00Z,destination=DEL&origin=GOI&endRange=2025-10-14T23:59:59Z&startRange=2025-05-15T09:00:00Z,4.0,306.0,1.0,25.0,<Response [200]>
,,,,,,MEX,,,,,SJO,,,,2025-10-14T23:59:59Z,2025-05-15T09:00:00Z,destination=MEX&origin=SJO&endRange=2025-10-14T23:59:59Z&startRange=2025-05-15T09:00:00Z,4.0,306.0,1.0,25.0,<Response [200]>
,,,,,,KHI,,,,,AUH,,,,2025-10-14T23:59:59Z,2025-05-15T09:00:00Z,destination=KHI&origin=AUH&endRange=2025-10-14T23:59:59Z&startRange=2025-05-15T09:00:00Z,4.0,306.0,1.0,25.0,<Response [200]>
,,,,,,MEL,,,,,KUL,,,,2025-10-14T23:59:59Z,2025-05-15T09:00:00Z,destination=MEL&origin=KUL&endRange=2025-10-14T23:59:59Z&startRange=2025-05-15T09:00:00Z,4.0,305.0,1.0,25.0,<Response [200]>
,,,,,,MAA,,,,,BOM,,,,2025-10-14T23:59:59Z,2025-05-15T09:00:00Z,destination=MAA&origin=BOM&endRange=2025-10-14T23:59:59Z&startRange=2025-05-15T09:00:00Z,4.0,305.0,1.0,25.0,<Response [200]>
,,,,,,UIO,,,,,PTY,,,,2025-10-14T23:59:59Z,2025-05-15T09:00:00Z,destination=UIO&origin=PTY&endRange=2025-10-14T23:59:59Z&startRange=2025-05-15T09:00:00Z,4.0,305.0,1.0,25.0,<Response [200]>
,,,,,,PTY,,,,,SCL,,,,2025-10-14T23:59:59Z,2025-05-15T09:00:00Z,destination=PTY&origin=SCL&endRange=2025-10-14T23:59:59Z&startRange=2025-05-15T09:00:00Z,4.0,305.0,1.0,25.0,<Response [200]>
,,,,,,BOM,,,,,DEL,,,,2025-10-14T23:59:59Z,2025-05-15T09:00:00Z,destination=BOM&origin=DEL&endRange=2025-10-14T23:59:59Z&startRange=2025-05-15T09:00:00Z,4.0,305.0,1.0,25.0,<Response [200]>
,,,,,,SYD,,,,,ADL,,,,2025-10-14T23:59:59Z,2025-05-15T09:00:00Z,destination=SYD&origin=ADL&endRange=2025-10-14T23:59:59Z&startRange=2025-05-15T09:00:00Z,4.0,305.0,1.0,25.0,<Response [200]>
,,,,,,CCU,,,,,DEL,,,,2025-10-14T23:59:59Z,2025-05-15T09:00:00Z,destination=CCU&origin=DEL&endRange=2025-10-14T23:59:59Z&startRange=2025-05-15T09:00:00Z,4.0,305.0,1.0,25.0,<Response [200]>
,,,,,,PVG,,,,,CTU,,,,2025-10-14T23:59:59Z,2025-05-15T09:00:00Z,destination=PVG&origin=CTU&endRange=2025-10-14T23:59:59Z&startRange=2025-05-15T09:00:00Z,4.0,305.0,1.0,25.0,<Response [200]>
,,,,,,KUL,,,,,MEL,,,,2025-10-14T23:59:59Z,2025-05-15T09:00:00Z,destination=KUL&origin=MEL&endRange=2025-10-14T23:59:59Z&startRange=2025-05-15T09:00:00Z,4.0,305.0,1.0,25.0,<Response [200]>
,,,,,,SYD,,,,,KUL,,,,2025-10-14T23:59:59Z,2025-05-15T09:00:00Z,destination=SYD&origin=KUL&endRange=2025-10-14T23:59:59Z&startRange=2025-05-15T09:00:00Z,4.0,305.0,1.0,25.0,<Response [200]>
,,,,,,ADL,,,,,SYD,,,,2025-10-14T23:59:59Z,2025-05-15T09:00:00Z,destination=ADL&origin=SYD&endRange=2025-10-14T23:59:59Z&startRange=2025-05-15T09:00:00Z,4.0,305.0,1.0,25.0,<Response [200]>
,,,,,,HKT,,,,,AUH,,,,2025-10-14T23:59:59Z,2025-05-15T09:00:00Z,destination=HKT&origin=AUH&endRange=2025-10-14T23:59:59Z&startRange=2025-05-15T09:00:00Z,4.0,305.0,1.0,25.0,<Response [200]>
,,,,,,CLO,,,,,PTY,,,,2025-10-14T23:59:59Z,2025-05-15T09:00:00Z,destination=CLO&origin=PTY&endRange=2025-10-14T23:59:59Z&startRange=2025-05-15T09:00:00Z,4.0,305.0,1.0,25.0,<Response [200]>
,,,,,,KUL,,,,,AUH,,,,2025-10-14T23:59:59Z,2025-05-15T09:00:00Z,destination=KUL&origin=AUH&endRange=2025-10-14T23:59:59Z&startRange=2025-05-15T09:00:00Z,4.0,305.0,1.0,25.0,<Response [200]>
,,,,,,KUL,,,,,SYD,,,,2025-10-14T23:59:59Z,2025-05-15T09:00:00Z,destination=KUL&origin=SYD&endRange=2025-10-14T23:59:59Z&startRange=2025-05-15T09:00:00Z,4.0,305.0,1.0,25.0,<Response [200]>
,,,,,,SIN,,,,,USM,,,,2025-10-14T23:59:59Z,2025-05-15T09:00:00Z,destination=SIN&origin=USM&endRange=2025-10-14T23:59:59Z&startRange=2025-05-15T09:00:00Z,4.0,305.0,1.0,25.0,<Response [200]>
,,,,,,XPL,,,,,PTY,,,,2025-10-14T23:59:59Z,2025-05-15T09:00:00Z,destination=XPL&origin=PTY&endRange=2025-10-14T23:59:59Z&startRange=2025-05-15T09:00:00Z,4.0,303.0,1.0,25.0,<Response [200]>
,,,,,,GRU,,,,,CWB,,,,2025-10-14T23:59:59Z,2025-05-15T09:00:00Z,destination=GRU&origin=CWB&endRange=2025-10-14T23:59:59Z&startRange=2025-05-15T09:00:00Z,4.0,303.0,1.0,25.0,<Response [200]>
,,,,,,TPE,,,,,OKA,,,,2025-10-14T23:59:59Z,2025-05-15T09:00:00Z,destination=TPE&origin=OKA&endRange=2025-10-14T23:59:59Z&startRange=2025-05-15T09:00:00Z,4.0,303.0,1.0,25.0,<Response [200]>
,,,,,,YYC,,,,,YUL,,,,2025-10-14T23:59:59Z,2025-05-15T09:00:00Z,destination=YYC&origin=YUL&endRange=2025-10-14T23:59:59Z&startRange=2025-05-15T09:00:00Z,4.0,303.0,1.0,25.0,<Response [200]>
,,,,,,SCL,,,,,PTY,,,,2025-10-14T23:59:59Z,2025-05-15T09:00:00Z,destination=SCL&origin=PTY&endRange=2025-10-14T23:59:59Z&startRange=2025-05-15T09:00:00Z,4.0,304.0,1.0,25.0,<Response [200]>
,,,,,,CTU,,,,,PVG,,,,2025-10-14T23:59:59Z,2025-05-15T09:00:00Z,destination=CTU&origin=PVG&endRange=2025-10-14T23:59:59Z&startRange=2025-05-15T09:00:00Z,4.0,304.0,1.0,25.0,<Response [200]>
,,,,,,OKA,,,,,TPE,,,,2025-10-14T23:59:59Z,2025-05-15T09:00:00Z,destination=OKA&origin=TPE&endRange=2025-10-14T23:59:59Z&startRange=2025-05-15T09:00:00Z,4.0,304.0,1.0,25.0,<Response [200]>
,,,,,,PTY,,,,,HAV,,,,2025-10-14T23:59:59Z,2025-05-15T09:00:00Z,destination=PTY&origin=HAV&endRange=2025-10-14T23:59:59Z&startRange=2025-05-15T09:00:00Z,4.0,304.0,1.0,25.0,<Response [200]>
,,,,,,NGO,,,,,HND,,,,2025-10-14T23:59:59Z,2025-05-15T09:00:00Z,destination=NGO&origin=HND&endRange=2025-10-14T23:59:59Z&startRange=2025-05-15T09:00:00Z,4.0,304.0,1.0,25.0,<Response [200]>
,,,,,,GRU,,,,,GYN,,,,2025-10-14T23:59:59Z,2025-05-15T09:00:00Z,destination=GRU&origin=GYN&endRange=2025-10-14T23:59:59Z&startRange=2025-05-15T09:00:00Z,4.0,304.0,1.0,25.0,<Response [200]>
,,,,,,RIX,,,,,TLL,,,,2025-10-14T23:59:59Z,2025-05-15T09:00:00Z,destination=RIX&origin=TLL&endRange=2025-10-14T23:59:59Z&startRange=2025-05-15T09:00:00Z,4.0,305.0,1.0,25.0,<Response [200]>
,,,,,,SIN,,,,,HKT,,,,2025-10-14T23:59:59Z,2025-05-15T09:00:00Z,destination=SIN&origin=HKT&endRange=2025-10-14T23:59:59Z&startRange=2025-05-15T09:00:00Z,4.0,305.0,1.0,25.0,<Response [200]>
,,,,,,CCU,,,,,BLR,,,,2025-10-14T23:59:59Z,2025-05-15T09:00:00Z,destination=CCU&origin=BLR&endRange=2025-10-14T23:59:59Z&startRange=2025-05-15T09:00:00Z,4.0,305.0,1.0,25.0,<Response [200]>
,,,,,,BKK,,,,,HKT,,,,2025-10-14T23:59:59Z,2025-05-15T09:00:00Z,destination=BKK&origin=HKT&endRange=2025-10-14T23:59:59Z&startRange=2025-05-15T09:00:00Z,4.0,305.0,1.0,25.0,<Response [200]>
,,,,,,KHN,,,,,PVG,,,,2025-10-14T23:59:59Z,2025-05-15T09:00:00Z,destination=KHN&origin=PVG&endRange=2025-10-14T23:59:59Z&startRange=2025-05-15T09:00:00Z,4.0,305.0,1.0,25.0,<Response [200]>
,,,,,,BKK,,,,,AUH,,,,2025-10-14T23:59:59Z,2025-05-15T09:00:00Z,destination=BKK&origin=AUH&endRange=2025-10-14T23:59:59Z&startRange=2025-05-15T09:00:00Z,4.0,305.0,1.0,25.0,<Response [200]>
,,,,,,SAL,,,,,PTY,,,,2025-10-14T23:59:59Z,2025-05-15T09:00:00Z,destination=SAL&origin=PTY&endRange=2025-10-14T23:59:59Z&startRange=2025-05-15T09:00:00Z,4.0,301.0,1.0,25.0,<Response [200]>
,,,,,,SAT,,,,,JFK,,,,2025-10-14T23:59:59Z,2025-05-15T09:00:00Z,destination=SAT&origin=JFK&endRange=2025-10-14T23:59:59Z&startRange=2025-05-15T09:00:00Z,4.0,301.0,1.0,25.0,<Response [200]>
,,,,,,QRO,,,,,MEX,,,,2025-10-14T23:59:59Z,2025-05-15T09:00:00Z,destination=QRO&origin=MEX&endRange=2025-10-14T23:59:59Z&startRange=2025-05-15T09:00:00Z,4.0,393.0,1.0,25.0,<Response [200]>
,,,,,,DTW,,,,,LAN,,,,2025-10-14T23:59:59Z,2025-05-15T09:00:00Z,destination=DTW&origin=LAN&endRange=2025-10-14T23:59:59Z&startRange=2025-05-15T09:00:00Z,4.0,393.0,1.0,25.0,<Response [200]>
,,,,,,JFK,,,,,MKE,,,,2025-10-14T23:59:59Z,2025-05-15T09:00:00Z,destination=JFK&origin=MKE&endRange=2025-10-14T23:59:59Z&startRange=2025-05-15T09:00:00Z,4.0,394.0,1.0,25.0,<Response [200]>
,,,,,,PQC,,,,,SGN,,,,2025-10-14T23:59:59Z,2025-05-15T09:00:00Z,destination=PQC&origin=SGN&endRange=2025-10-14T23:59:59Z&startRange=2025-05-15T09:00:00Z,4.0,395.0,1.0,25.0,<Response [200]>
,,,,,,PWM,,,,,MSP,,,,2025-10-14T23:59:59Z,2025-05-15T09:00:00Z,destination=PWM&origin=MSP&endRange=2025-10-14T23:59:59Z&startRange=2025-05-15T09:00:00Z,4.0,398.0,1.0,25.0,<Response [200]>
,,,,,,ICN,,,,,NGO,,,,2025-10-14T23:59:59Z,2025-05-15T09:00:00Z,destination=ICN&origin=NGO&endRange=2025-10-14T23:59:59Z&startRange=2025-05-15T09:00:00Z,4.0,304.0,1.0,25.0,<Response [200]>
,,,,,,MSP,,,,,SRQ,,,,2025-10-14T23:59:59Z,2025-05-15T09:00:00Z,destination=MSP&origin=SRQ&endRange=2025-10-14T23:59:59Z&startRange=2025-05-15T09:00:00Z,4.0,311.0,1.0,25.0,<Response [200]>
,,,,,,RSW,,,,,JFK,,,,2025-10-14T23:59:59Z,2025-05-15T09:00:00Z,destination=RSW&origin=JFK&endRange=2025-10-14T23:59:59Z&startRange=2025-05-15T09:00:00Z,4.0,384.0,1.0,25.0,<Response [200]>
,,,,,,GRU,,,,,MCZ,,,,2025-10-14T23:59:59Z,2025-05-15T09:00:00Z,destination=GRU&origin=MCZ&endRange=2025-10-14T23:59:59Z&startRange=2025-05-15T09:00:00Z,4.0,301.0,1.0,25.0,<Response [200]>
,,,,,,YOW,,,,,YYC,,,,2025-10-14T23:59:59Z,2025-05-15T09:00:00Z,destination=YOW&origin=YYC&endRange=2025-10-14T23:59:59Z&startRange=2025-05-15T09:00:00Z,4.0,302.0,1.0,25.0,<Response [200]>
,,,,,,HND,,,,,NGO,,,,2025-10-14T23:59:59Z,2025-05-15T09:00:00Z,destination=HND&origin=NGO&endRange=2025-10-14T23:59:59Z&startRange=2025-05-15T09:00:00Z,4.0,302.0,1.0,25.0,<Response [200]>
,,,,,,CAI,,,,,RUH,,,,2025-10-14T23:59:59Z,2025-05-15T09:00:00Z,destination=CAI&origin=RUH&endRange=2025-10-14T23:59:59Z&startRange=2025-05-15T09:00:00Z,4.0,302.0,1.0,25.0,<Response [200]>
,,,,,,BWI,,,,,SLC,,,,2025-10-14T23:59:59Z,2025-05-15T09:00:00Z,destination=BWI&origin=SLC&endRange=2025-10-14T23:59:59Z&startRange=2025-05-15T09:00:00Z,4.0,303.0,1.0,25.0,<Response [200]>
,,,,,,GRU,,,,,NAT,,,,2025-10-14T23:59:59Z,2025-05-15T09:00:00Z,destination=GRU&origin=NAT&endRange=2025-10-14T23:59:59Z&startRange=2025-05-15T09:00:00Z,4.0,303.0,1.0,25.0,<Response [200]>
,,,,,,XMN,,,,,PVG,,,,2025-10-14T23:59:59Z,2025-05-15T09:00:00Z,destination=XMN&origin=PVG&endRange=2025-10-14T23:59:59Z&startRange=2025-05-15T09:00:00Z,4.0,303.0,1.0,25.0,<Response [200]>
,,,,,,EWR,,,,,RDU,,,,2025-10-14T23:59:59Z,2025-05-15T09:00:00Z,destination=EWR&origin=RDU&endRange=2025-10-14T23:59:59Z&startRange=2025-05-15T09:00:00Z,4.0,391.0,1.0,25.0,<Response [200]>
,,,,,,CGK,,,,,YIA,,,,2025-10-14T23:59:59Z,2025-05-15T09:00:00Z,destination=CGK&origin=YIA&endRange=2025-10-14T23:59:59Z&startRange=2025-05-15T09:00:00Z,4.0,392.0,1.0,25.0,<Response [200]>
,,,,,,YYZ,,,,,MCO,,,,2025-10-14T23:59:59Z,2025-05-15T09:00:00Z,destination=YYZ&origin=MCO&endRange=2025-10-14T23:59:59Z&startRange=2025-05-15T09:00:00Z,4.0,393.0,1.0,25.0,<Response [200]>
,,,,,,RDU,,,,,MIA,,,,2025-10-14T23:59:59Z,2025-05-15T09:00:00Z,destination=RDU&origin=MIA&endRange=2025-10-14T23:59:59Z&startRange=2025-05-15T09:00:00Z,4.0,322.0,1.0,25.0,<Response [200]>
,,,,,,XMN,,,,,CSX,,,,2025-10-14T23:59:59Z,2025-05-15T09:00:00Z,destination=XMN&origin=CSX&endRange=2025-10-14T23:59:59Z&startRange=2025-05-15T09:00:00Z,4.0,398.0,1.0,25.0,<Response [200]>
,,,,,,JED,,,,,DXB,,,,2025-10-14T23:59:59Z,2025-05-15T09:00:00Z,destination=JED&origin=DXB&endRange=2025-10-14T23:59:59Z&startRange=2025-05-15T09:00:00Z,4.0,398.0,1.0,25.0,<Response [200]>
,,,,,,RDU,,,,,FLL,,,,2025-10-14T23:59:59Z,2025-05-15T09:00:00Z,destination=RDU&origin=FLL&endRange=2025-10-14T23:59:59Z&startRange=2025-05-15T09:00:00Z,4.0,399.0,1.0,25.0,<Response [200]>
,,,,,,LAX,,,,,TPA,,,,2025-10-14T23:59:59Z,2025-05-15T09:00:00Z,destination=LAX&origin=TPA&endRange=2025-10-14T23:59:59Z&startRange=2025-05-15T09:00:00Z,4.0,377.0,1.0,25.0,<Response [200]>
,,,,,,CVG,,,,,MCO,,,,2025-10-14T23:59:59Z,2025-05-15T09:00:00Z,destination=CVG&origin=MCO&endRange=2025-10-14T23:59:59Z&startRange=2025-05-15T09:00:00Z,4.0,378.0,1.0,25.0,<Response [200]>
,,,,,,MIA,,,,,MCO,,,,2025-10-14T23:59:59Z,2025-05-15T09:00:00Z,destination=MIA&origin=MCO&endRange=2025-10-14T23:59:59Z&startRange=2025-05-15T09:00:00Z,4.0,379.0,1.0,25.0,<Response [200]>
,,,,,,GYE,,,,,PTY,,,,2025-10-14T23:59:59Z,2025-05-15T09:00:00Z,destination=GYE&origin=PTY&endRange=2025-10-14T23:59:59Z&startRange=2025-05-15T09:00:00Z,4.0,379.0,1.0,25.0,<Response [200]>
,,,,,,HNL,,,,,LAX,,,,2025-10-14T23:59:59Z,2025-05-15T09:00:00Z,destination=HNL&origin=LAX&endRange=2025-10-14T23:59:59Z&startRange=2025-05-15T09:00:00Z,4.0,380.0,1.0,25.0,<Response [200]>
,,,,,,TYN,,,,,HGH,,,,2025-10-14T23:59:59Z,2025-05-15T09:00:00Z,destination=TYN&origin=HGH&endRange=2025-10-14T23:59:59Z&startRange=2025-05-15T09:00:00Z,4.0,381.0,1.0,25.0,<Response [200]>
,,,,,,MYR,,,,,MSP,,,,2025-10-14T23:59:59Z,2025-05-15T09:00:00Z,destination=MYR&origin=MSP&endRange=2025-10-14T23:59:59Z&startRange=2025-05-15T09:00:00Z,4.0,382.0,1.0,25.0,<Response [200]>
,,,,,,YYJ,,,,,YVR,,,,2025-10-14T23:59:59Z,2025-05-15T09:00:00Z,destination=YYJ&origin=YVR&endRange=2025-10-14T23:59:59Z&startRange=2025-05-15T09:00:00Z,4.0,364.0,1.0,25.0,<Response [200]>
,,,,,,BOS,,,,,LAS,,,,2025-10-14T23:59:59Z,2025-05-15T09:00:00Z,destination=BOS&origin=LAS&endRange=2025-10-14T23:59:59Z&startRange=2025-05-15T09:00:00Z,4.0,364.0,1.0,25.0,<Response [200]>
,,,,,,JFK,,,,,MEX,,,,2025-10-14T23:59:59Z,2025-05-15T09:00:00Z,destination=JFK&origin=MEX&endRange=2025-10-14T23:59:59Z&startRange=2025-05-15T09:00:00Z,4.0,364.0,1.0,25.0,<Response [200]>
,,,,,,STL,,,,,LGA,,,,2025-10-14T23:59:59Z,2025-05-15T09:00:00Z,destination=STL&origin=LGA&endRange=2025-10-14T23:59:59Z&startRange=2025-05-15T09:00:00Z,4.0,365.0,1.0,25.0,<Response [200]>
,,,,,,CHS,,,,,MSP,,,,2025-10-14T23:59:59Z,2025-05-15T09:00:00Z,destination=CHS&origin=MSP&endRange=2025-10-14T23:59:59Z&startRange=2025-05-15T09:00:00Z,4.0,365.0,1.0,25.0,<Response [200]>
,,,,,,GRU,,,,,FOR,,,,2025-10-14T23:59:59Z,2025-05-15T09:00:00Z,destination=GRU&origin=FOR&endRange=2025-10-14T23:59:59Z&startRange=2025-05-15T09:00:00Z,4.0,368.0,1.0,25.0,<Response [200]>
,,,,,,SGN,,,,,HPH,,,,2025-10-14T23:59:59Z,2025-05-15T09:00:00Z,destination=SGN&origin=HPH&endRange=2025-10-14T23:59:59Z&startRange=2025-05-15T09:00:00Z,4.0,369.0,1.0,25.0,<Response [200]>
,,,,,,SMF,,,,,DTW,,,,2025-10-14T23:59:59Z,2025-05-15T09:00:00Z,destination=SMF&origin=DTW&endRange=2025-10-14T23:59:59Z&startRange=2025-05-15T09:00:00Z,4.0,370.0,1.0,25.0,<Response [200]>
,,,,,,BNA,,,,,LAX,,,,2025-10-14T23:59:59Z,2025-05-15T09:00:00Z,destination=BNA&origin=LAX&endRange=2025-10-14T23:59:59Z&startRange=2025-05-15T09:00:00Z,4.0,370.0,1.0,25.0,<Response [200]>
,,,,,,LAS,,,,,BOS,,,,2025-10-14T23:59:59Z,2025-05-15T09:00:00Z,destination=LAS&origin=BOS&endRange=2025-10-14T23:59:59Z&startRange=2025-05-15T09:00:00Z,4.0,385.0,1.0,25.0,<Response [200]>
,,,,,,PHL,,,,,SLC,,,,2025-10-14T23:59:59Z,2025-05-15T09:00:00Z,destination=PHL&origin=SLC&endRange=2025-10-14T23:59:59Z&startRange=2025-05-15T09:00:00Z,4.0,386.0,1.0,25.0,<Response [200]>
,,,,,,RSW,,,,,BOS,,,,2025-10-14T23:59:59Z,2025-05-15T09:00:00Z,destination=RSW&origin=BOS&endRange=2025-10-14T23:59:59Z&startRange=2025-05-15T09:00:00Z,4.0,386.0,1.0,25.0,<Response [200]>
,,,,,,MSP,,,,,TYS,,,,2025-10-14T23:59:59Z,2025-05-15T09:00:00Z,destination=MSP&origin=TYS&endRange=2025-10-14T23:59:59Z&startRange=2025-05-15T09:00:00Z,4.0,386.0,1.0,25.0,<Response [200]>
,,,,,,GRU,,,,,AEP,,,,2025-10-14T23:59:59Z,2025-05-15T09:00:00Z,destination=GRU&origin=AEP&endRange=2025-10-14T23:59:59Z&startRange=2025-05-15T09:00:00Z,4.0,386.0,1.0,25.0,<Response [200]>
,,,,,,DTW,,,,,MDT,,,,2025-10-14T23:59:59Z,2025-05-15T09:00:00Z,destination=DTW&origin=MDT&endRange=2025-10-14T23:59:59Z&startRange=2025-05-15T09:00:00Z,4.0,388.0,1.0,25.0,<Response [200]>
,,,,,,GMP,,,,,PUS,,,,2025-10-14T23:59:59Z,2025-05-15T09:00:00Z,destination=GMP&origin=PUS&endRange=2025-10-14T23:59:59Z&startRange=2025-05-15T09:00:00Z,4.0,388.0,1.0,25.0,<Response [200]>
,,,,,,TYS,,,,,MSP,,,,2025-10-14T23:59:59Z,2025-05-15T09:00:00Z,destination=TYS&origin=MSP&endRange=2025-10-14T23:59:59Z&startRange=2025-05-15T09:00:00Z,4.0,389.0,1.0,25.0,<Response [200]>
,,,,,,DTW,,,,,JAX,,,,2025-10-14T23:59:59Z,2025-05-15T09:00:00Z,destination=DTW&origin=JAX&endRange=2025-10-14T23:59:59Z&startRange=2025-05-15T09:00:00Z,4.0,391.0,1.0,25.0,<Response [200]>
,,,,,,YYZ,,,,,YVR,,,,2025-10-14T23:59:59Z,2025-05-15T09:00:00Z,destination=YYZ&origin=YVR&endRange=2025-10-14T23:59:59Z&startRange=2025-05-15T09:00:00Z,4.0,374.0,1.0,25.0,<Response [200]>
,,,,,,SJD,,,,,MEX,,,,2025-10-14T23:59:59Z,2025-05-15T09:00:00Z,destination=SJD&origin=MEX&endRange=2025-10-14T23:59:59Z&startRange=2025-05-15T09:00:00Z,4.0,375.0,1.0,25.0,<Response [200]>
,,,,,,LGA,,,,,DCA,,,,2025-10-14T23:59:59Z,2025-05-15T09:00:00Z,destination=LGA&origin=DCA&endRange=2025-10-14T23:59:59Z&startRange=2025-05-15T09:00:00Z,4.0,375.0,1.0,25.0,<Response [200]>
,,,,,,SIN,,,,,PEN,,,,2025-10-14T23:59:59Z,2025-05-15T09:00:00Z,destination=SIN&origin=PEN&endRange=2025-10-14T23:59:59Z&startRange=2025-05-15T09:00:00Z,4.0,375.0,1.0,25.0,<Response [200]>
,,,,,,PVG,,,,,PEK,,,,2025-10-14T23:59:59Z,2025-05-15T09:00:00Z,destination=PVG&origin=PEK&endRange=2025-10-14T23:59:59Z&startRange=2025-05-15T09:00:00Z,4.0,376.0,1.0,25.0,<Response [200]>
,,,,,,HGH,,,,,TYN,,,,2025-10-14T23:59:59Z,2025-05-15T09:00:00Z,destination=HGH&origin=TYN&endRange=2025-10-14T23:59:59Z&startRange=2025-05-15T09:00:00Z,4.0,376.0,1.0,25.0,<Response [200]>
,,,,,,FUK,,,,,TPE,,,,2025-10-14T23:59:59Z,2025-05-15T09:00:00Z,destination=FUK&origin=TPE&endRange=2025-10-14T23:59:59Z&startRange=2025-05-15T09:00:00Z,3.0,276.0,1.0,33.0,<Response [200]>
,,,,,,GRU,,,,,REC,,,,2025-10-14T23:59:59Z,2025-05-15T09:00:00Z,destination=GRU&origin=REC&endRange=2025-10-14T23:59:59Z&startRange=2025-05-15T09:00:00Z,3.0,287.0,1.0,33.0,<Response [200]>
,,,,,,GDL,,,,,ATL,,,,2025-10-14T23:59:59Z,2025-05-15T09:00:00Z,destination=GDL&origin=ATL&endRange=2025-10-14T23:59:59Z&startRange=2025-05-15T09:00:00Z,3.0,286.0,1.0,33.0,<Response [200]>
,,,,,,ATL,,,,,GDL,,,,2025-10-14T23:59:59Z,2025-05-15T09:00:00Z,destination=ATL&origin=GDL&endRange=2025-10-14T23:59:59Z&startRange=2025-05-15T09:00:00Z,3.0,286.0,1.0,33.0,<Response [200]>
,,,,,,AEP,,,,,SCL,,,,2025-10-14T23:59:59Z,2025-05-15T09:00:00Z,destination=AEP&origin=SCL&endRange=2025-10-14T23:59:59Z&startRange=2025-05-15T09:00:00Z,3.0,286.0,1.0,33.0,<Response [200]>
,,,,,,XIY,,,,,FOC,,,,2025-10-14T23:59:59Z,2025-05-15T09:00:00Z,destination=XIY&origin=FOC&endRange=2025-10-14T23:59:59Z&startRange=2025-05-15T09:00:00Z,3.0,286.0,1.0,33.0,<Response [200]>
,,,,,,FLN,,,,,GIG,,,,2025-10-14T23:59:59Z,2025-05-15T09:00:00Z,destination=FLN&origin=GIG&endRange=2025-10-14T23:59:59Z&startRange=2025-05-15T09:00:00Z,3.0,285.0,1.0,33.0,<Response [200]>
,,,,,,MNL,,,,,AUH,,,,2025-10-14T23:59:59Z,2025-05-15T09:00:00Z,destination=MNL&origin=AUH&endRange=2025-10-14T23:59:59Z&startRange=2025-05-15T09:00:00Z,3.0,285.0,1.0,33.0,<Response [200]>
,,,,,,ATL,,,,,BOG,,,,2025-10-14T23:59:59Z,2025-05-15T09:00:00Z,destination=ATL&origin=BOG&endRange=2025-10-14T23:59:59Z&startRange=2025-05-15T09:00:00Z,3.0,285.0,1.0,33.0,<Response [200]>
,,,,,,MTY,,,,,ATL,,,,2025-10-14T23:59:59Z,2025-05-15T09:00:00Z,destination=MTY&origin=ATL&endRange=2025-10-14T23:59:59Z&startRange=2025-05-15T09:00:00Z,3.0,297.0,1.0,33.0,<Response [200]>
,,,,,,ATL,,,,,MTY,,,,2025-10-14T23:59:59Z,2025-05-15T09:00:00Z,destination=ATL&origin=MTY&endRange=2025-10-14T23:59:59Z&startRange=2025-05-15T09:00:00Z,3.0,297.0,1.0,33.0,<Response [200]>
,,,,,,RIX,,,,,VNO,,,,2025-10-14T23:59:59Z,2025-05-15T09:00:00Z,destination=RIX&origin=VNO&endRange=2025-10-14T23:59:59Z&startRange=2025-05-15T09:00:00Z,3.0,297.0,1.0,33.0,<Response [200]>
,,,,,,ACA,,,,,MEX,,,,2025-10-14T23:59:59Z,2025-05-15T09:00:00Z,destination=ACA&origin=MEX&endRange=2025-10-14T23:59:59Z&startRange=2025-05-15T09:00:00Z,3.0,295.0,1.0,33.0,<Response [200]>
,,,,,,GRU,,,,,IGU,,,,2025-10-14T23:59:59Z,2025-05-15T09:00:00Z,destination=GRU&origin=IGU&endRange=2025-10-14T23:59:59Z&startRange=2025-05-15T09:00:00Z,3.0,294.0,1.0,33.0,<Response [200]>
,,,,,,ROS,,,,,AEP,,,,2025-10-14T23:59:59Z,2025-05-15T09:00:00Z,destination=ROS&origin=AEP&endRange=2025-10-14T23:59:59Z&startRange=2025-05-15T09:00:00Z,3.0,294.0,1.0,33.0,<Response [200]>
,,,,,,YWG,,,,,YYC,,,,2025-10-14T23:59:59Z,2025-05-15T09:00:00Z,destination=YWG&origin=YYC&endRange=2025-10-14T23:59:59Z&startRange=2025-05-15T09:00:00Z,3.0,294.0,1.0,33.0,<Response [200]>
,,,,,,YYC,,,,,YEG,,,,2025-10-14T23:59:59Z,2025-05-15T09:00:00Z,destination=YYC&origin=YEG&endRange=2025-10-14T23:59:59Z&startRange=2025-05-15T09:00:00Z,3.0,294.0,1.0,33.0,<Response [200]>
,,,,,,FLN,,,,,GRU,,,,2025-10-14T23:59:59Z,2025-05-15T09:00:00Z,destination=FLN&origin=GRU&endRange=2025-10-14T23:59:59Z&startRange=2025-05-15T09:00:00Z,3.0,283.0,1.0,33.0,<Response [200]>
,,,,,,AMD,,,,,DEL,,,,2025-10-14T23:59:59Z,2025-05-15T09:00:00Z,destination=AMD&origin=DEL&endRange=2025-10-14T23:59:59Z&startRange=2025-05-15T09:00:00Z,3.0,283.0,1.0,33.0,<Response [200]>
,,,,,,LGK,,,,,KUL,,,,2025-10-14T23:59:59Z,2025-05-15T09:00:00Z,destination=LGK&origin=KUL&endRange=2025-10-14T23:59:59Z&startRange=2025-05-15T09:00:00Z,3.0,282.0,1.0,33.0,<Response [200]>
,,,,,,POA,,,,,GRU,,,,2025-10-14T23:59:59Z,2025-05-15T09:00:00Z,destination=POA&origin=GRU&endRange=2025-10-14T23:59:59Z&startRange=2025-05-15T09:00:00Z,3.0,282.0,1.0,33.0,<Response [200]>
,,,,,,IGU,,,,,GRU,,,,2025-10-14T23:59:59Z,2025-05-15T09:00:00Z,destination=IGU&origin=GRU&endRange=2025-10-14T23:59:59Z&startRange=2025-05-15T09:00:00Z,3.0,282.0,1.0,33.0,<Response [200]>
,,,,,,GYN,,,,,GRU,,,,2025-10-14T23:59:59Z,2025-05-15T09:00:00Z,destination=GYN&origin=GRU&endRange=2025-10-14T23:59:59Z&startRange=2025-05-15T09:00:00Z,3.0,281.0,1.0,33.0,<Response [200]>
,,,,,,RIX,,,,,TMP,,,,2025-10-14T23:59:59Z,2025-05-15T09:00:00Z,destination=RIX&origin=TMP&endRange=2025-10-14T23:59:59Z&startRange=2025-05-15T09:00:00Z,3.0,281.0,1.0,33.0,<Response [200]>
,,,,,,TUL,,,,,SLC,,,,2025-10-14T23:59:59Z,2025-05-15T09:00:00Z,destination=TUL&origin=SLC&endRange=2025-10-14T23:59:59Z&startRange=2025-05-15T09:00:00Z,3.0,280.0,1.0,33.0,<Response [200]>
,,,,,,MEM,,,,,SLC,,,,2025-10-14T23:59:59Z,2025-05-15T09:00:00Z,destination=MEM&origin=SLC&endRange=2025-10-14T23:59:59Z&startRange=2025-05-15T09:00:00Z,3.0,291.0,1.0,33.0,<Response [200]>
,,,,,,PPT,,,,,LAX,,,,2025-10-14T23:59:59Z,2025-05-15T09:00:00Z,destination=PPT&origin=LAX&endRange=2025-10-14T23:59:59Z&startRange=2025-05-15T09:00:00Z,3.0,289.0,1.0,33.0,<Response [200]>
,,,,,,REC,,,,,GRU,,,,2025-10-14T23:59:59Z,2025-05-15T09:00:00Z,destination=REC&origin=GRU&endRange=2025-10-14T23:59:59Z&startRange=2025-05-15T09:00:00Z,3.0,289.0,1.0,33.0,<Response [200]>
,,,,,,CNF,,,,,GRU,,,,2025-10-14T23:59:59Z,2025-05-15T09:00:00Z,destination=CNF&origin=GRU&endRange=2025-10-14T23:59:59Z&startRange=2025-05-15T09:00:00Z,3.0,289.0,1.0,33.0,<Response [200]>
,,,,,,KUL,,,,,HKT,,,,2025-10-14T23:59:59Z,2025-05-15T09:00:00Z,destination=KUL&origin=HKT&endRange=2025-10-14T23:59:59Z&startRange=2025-05-15T09:00:00Z,3.0,289.0,1.0,33.0,<Response [200]>
,,,,,,MSP,,,,,ABQ,,,,2025-10-14T23:59:59Z,2025-05-15T09:00:00Z,destination=MSP&origin=ABQ&endRange=2025-10-14T23:59:59Z&startRange=2025-05-15T09:00:00Z,3.0,288.0,1.0,33.0,<Response [200]>
,,,,,,MEX,,,,,CME,,,,2025-10-14T23:59:59Z,2025-05-15T09:00:00Z,destination=MEX&origin=CME&endRange=2025-10-14T23:59:59Z&startRange=2025-05-15T09:00:00Z,3.0,288.0,1.0,33.0,<Response [200]>
,,,,,,CWB,,,,,GRU,,,,2025-10-14T23:59:59Z,2025-05-15T09:00:00Z,destination=CWB&origin=GRU&endRange=2025-10-14T23:59:59Z&startRange=2025-05-15T09:00:00Z,3.0,288.0,1.0,33.0,<Response [200]>
,,,,,,AMM,,,,,AUH,,,,2025-10-14T23:59:59Z,2025-05-15T09:00:00Z,destination=AMM&origin=AUH&endRange=2025-10-14T23:59:59Z&startRange=2025-05-15T09:00:00Z,3.0,276.0,1.0,33.0,<Response [200]>
,,,,,,FOC,,,,,XIY,,,,2025-10-14T23:59:59Z,2025-05-15T09:00:00Z,destination=FOC&origin=XIY&endRange=2025-10-14T23:59:59Z&startRange=2025-05-15T09:00:00Z,3.0,276.0,1.0,33.0,<Response [200]>
,,,,,,AJU,,,,,GRU,,,,2025-10-14T23:59:59Z,2025-05-15T09:00:00Z,destination=AJU&origin=GRU&endRange=2025-10-14T23:59:59Z&startRange=2025-05-15T09:00:00Z,3.0,276.0,1.0,33.0,<Response [200]>
,,,,,,CNF,,,,,GIG,,,,2025-10-14T23:59:59Z,2025-05-15T09:00:00Z,destination=CNF&origin=GIG&endRange=2025-10-14T23:59:59Z&startRange=2025-05-15T09:00:00Z,3.0,262.0,1.0,33.0,<Response [200]>
,,,,,,GRU,,,,,AJU,,,,2025-10-14T23:59:59Z,2025-05-15T09:00:00Z,destination=GRU&origin=AJU&endRange=2025-10-14T23:59:59Z&startRange=2025-05-15T09:00:00Z,3.0,275.0,1.0,33.0,<Response [200]>
,,,,,,SYD,,,,,DRW,,,,2025-10-14T23:59:59Z,2025-05-15T09:00:00Z,destination=SYD&origin=DRW&endRange=2025-10-14T23:59:59Z&startRange=2025-05-15T09:00:00Z,3.0,275.0,1.0,33.0,<Response [200]>
,,,,,,CVG,,,,,SEA,,,,2025-10-14T23:59:59Z,2025-05-15T09:00:00Z,destination=CVG&origin=SEA&endRange=2025-10-14T23:59:59Z&startRange=2025-05-15T09:00:00Z,3.0,275.0,1.0,33.0,<Response [200]>
,,,,,,AEP,,,,,GIG,,,,2025-10-14T23:59:59Z,2025-05-15T09:00:00Z,destination=AEP&origin=GIG&endRange=2025-10-14T23:59:59Z&startRange=2025-05-15T09:00:00Z,3.0,274.0,1.0,33.0,<Response [200]>
,,,,,,NAT,,,,,GRU,,,,2025-10-14T23:59:59Z,2025-05-15T09:00:00Z,destination=NAT&origin=GRU&endRange=2025-10-14T23:59:59Z&startRange=2025-05-15T09:00:00Z,3.0,285.0,1.0,33.0,<Response [200]>
,,,,,,BOG,,,,,ATL,,,,2025-10-14T23:59:59Z,2025-05-15T09:00:00Z,destination=BOG&origin=ATL&endRange=2025-10-14T23:59:59Z&startRange=2025-05-15T09:00:00Z,3.0,285.0,1.0,33.0,<Response [200]>
,,,,,,BLR,,,,,PNQ,,,,2025-10-14T23:59:59Z,2025-05-15T09:00:00Z,destination=BLR&origin=PNQ&endRange=2025-10-14T23:59:59Z&startRange=2025-05-15T09:00:00Z,3.0,284.0,1.0,33.0,<Response [200]>
,,,,,,YUL,,,,,JFK,,,,2025-10-14T23:59:59Z,2025-05-15T09:00:00Z,destination=YUL&origin=JFK&endRange=2025-10-14T23:59:59Z&startRange=2025-05-15T09:00:00Z,3.0,284.0,1.0,33.0,<Response [200]>
,,,,,,TLL,,,,,RIX,,,,2025-10-14T23:59:59Z,2025-05-15T09:00:00Z,destination=TLL&origin=RIX&endRange=2025-10-14T23:59:59Z&startRange=2025-05-15T09:00:00Z,3.0,284.0,1.0,33.0,<Response [200]>
,,,,,,VAR,,,,,SOF,,,,2025-10-14T23:59:59Z,2025-05-15T09:00:00Z,destination=VAR&origin=SOF&endRange=2025-10-14T23:59:59Z&startRange=2025-05-15T09:00:00Z,3.0,284.0,1.0,33.0,<Response [200]>
,,,,,,KUL,,,,,LGK,,,,2025-10-14T23:59:59Z,2025-05-15T09:00:00Z,destination=KUL&origin=LGK&endRange=2025-10-14T23:59:59Z&startRange=2025-05-15T09:00:00Z,3.0,283.0,1.0,33.0,<Response [200]>
,,,,,,MSP,,,,,PSP,,,,2025-10-14T23:59:59Z,2025-05-15T09:00:00Z,destination=MSP&origin=PSP&endRange=2025-10-14T23:59:59Z&startRange=2025-05-15T09:00:00Z,3.0,283.0,1.0,33.0,<Response [200]>
,,,,,,DTW,,,,,CUN,,,,2025-10-14T23:59:59Z,2025-05-15T09:00:00Z,destination=DTW&origin=CUN&endRange=2025-10-14T23:59:59Z&startRange=2025-05-15T09:00:00Z,3.0,271.0,1.0,33.0,<Response [200]>
,,,,,,SGN,,,,,PQC,,,,2025-10-14T23:59:59Z,2025-05-15T09:00:00Z,destination=SGN&origin=PQC&endRange=2025-10-14T23:59:59Z&startRange=2025-05-15T09:00:00Z,3.0,271.0,1.0,33.0,<Response [200]>
,,,,,,BOS,,,,,SDF,,,,2025-10-14T23:59:59Z,2025-05-15T09:00:00Z,destination=BOS&origin=SDF&endRange=2025-10-14T23:59:59Z&startRange=2025-05-15T09:00:00Z,3.0,271.0,1.0,33.0,<Response [200]>
,,,,,,LCA,,,,,BEG,,,,2025-10-14T23:59:59Z,2025-05-15T09:00:00Z,destination=LCA&origin=BEG&endRange=2025-10-14T23:59:59Z&startRange=2025-05-15T09:00:00Z,3.0,270.0,1.0,33.0,<Response [200]>
,,,,,,KMG,,,,,FOC,,,,2025-10-14T23:59:59Z,2025-05-15T09:00:00Z,destination=KMG&origin=FOC&endRange=2025-10-14T23:59:59Z&startRange=2025-05-15T09:00:00Z,3.0,270.0,1.0,33.0,<Response [200]>
,,,,,,IAH,,,,,LAX,,,,2025-10-14T23:59:59Z,2025-05-15T09:00:00Z,destination=IAH&origin=LAX&endRange=2025-10-14T23:59:59Z&startRange=2025-05-15T09:00:00Z,3.0,269.0,1.0,33.0,<Response [200]>
,,,,,,CGB,,,,,GRU,,,,2025-10-14T23:59:59Z,2025-05-15T09:00:00Z,destination=CGB&origin=GRU&endRange=2025-10-14T23:59:59Z&startRange=2025-05-15T09:00:00Z,3.0,269.0,1.0,33.0,<Response [200]>
,,,,,,VTE,,,,,PNH,,,,2025-10-14T23:59:59Z,2025-05-15T09:00:00Z,destination=VTE&origin=PNH&endRange=2025-10-14T23:59:59Z&startRange=2025-05-15T09:00:00Z,3.0,269.0,1.0,33.0,<Response [200]>
,,,,,,PVG,,,,,INC,,,,2025-10-14T23:59:59Z,2025-05-15T09:00:00Z,destination=PVG&origin=INC&endRange=2025-10-14T23:59:59Z&startRange=2025-05-15T09:00:00Z,3.0,278.0,1.0,33.0,<Response [200]>
,,,,,,TPE,,,,,FUK,,,,2025-10-14T23:59:59Z,2025-05-15T09:00:00Z,destination=TPE&origin=FUK&endRange=2025-10-14T23:59:59Z&startRange=2025-05-15T09:00:00Z,3.0,278.0,1.0,33.0,<Response [200]>
,,,,,,OMA,,,,,SLC,,,,2025-10-14T23:59:59Z,2025-05-15T09:00:00Z,destination=OMA&origin=SLC&endRange=2025-10-14T23:59:59Z&startRange=2025-05-15T09:00:00Z,3.0,278.0,1.0,33.0,<Response [200]>
,,,,,,LAX,,,,,PPT,,,,2025-10-14T23:59:59Z,2025-05-15T09:00:00Z,destination=LAX&origin=PPT&endRange=2025-10-14T23:59:59Z&startRange=2025-05-15T09:00:00Z,3.0,277.0,1.0,33.0,<Response [200]>
,,,,,,KWE,,,,,XMN,,,,2025-10-14T23:59:59Z,2025-05-15T09:00:00Z,destination=KWE&origin=XMN&endRange=2025-10-14T23:59:59Z&startRange=2025-05-15T09:00:00Z,3.0,277.0,1.0,33.0,<Response [200]>
,,,,,,VNO,,,,,RIX,,,,2025-10-14T23:59:59Z,2025-05-15T09:00:00Z,destination=VNO&origin=RIX&endRange=2025-10-14T23:59:59Z&startRange=2025-05-15T09:00:00Z,3.0,277.0,1.0,33.0,<Response [200]>
,,,,,,GRU,,,,,VIX,,,,2025-10-14T23:59:59Z,2025-05-15T09:00:00Z,destination=GRU&origin=VIX&endRange=2025-10-14T23:59:59Z&startRange=2025-05-15T09:00:00Z,3.0,276.0,1.0,33.0,<Response [200]>
,,,,,,LAS,,,,,SMF,,,,2025-10-14T23:59:59Z,2025-05-15T09:00:00Z,destination=LAS&origin=SMF&endRange=2025-10-14T23:59:59Z&startRange=2025-05-15T09:00:00Z,3.0,276.0,1.0,33.0,<Response [200]>
,,,,,,HAN,,,,,CXR,,,,2025-10-14T23:59:59Z,2025-05-15T09:00:00Z,destination=HAN&origin=CXR&endRange=2025-10-14T23:59:59Z&startRange=2025-05-15T09:00:00Z,3.0,265.0,1.0,33.0,<Response [200]>
,,,,,,PTY,,,,,SDQ,,,,2025-10-14T23:59:59Z,2025-05-15T09:00:00Z,destination=PTY&origin=SDQ&endRange=2025-10-14T23:59:59Z&startRange=2025-05-15T09:00:00Z,3.0,264.0,1.0,33.0,<Response [200]>
,,,,,,TSN,,,,,XMN,,,,2025-10-14T23:59:59Z,2025-05-15T09:00:00Z,destination=TSN&origin=XMN&endRange=2025-10-14T23:59:59Z&startRange=2025-05-15T09:00:00Z,3.0,264.0,1.0,33.0,<Response [200]>
,,,,,,AEP,,,,,USH,,,,2025-10-14T23:59:59Z,2025-05-15T09:00:00Z,destination=AEP&origin=USH&endRange=2025-10-14T23:59:59Z&startRange=2025-05-15T09:00:00Z,3.0,264.0,1.0,33.0,<Response [200]>
,,,,,,MAO,,,,,GRU,,,,2025-10-14T23:59:59Z,2025-05-15T09:00:00Z,destination=MAO&origin=GRU&endRange=2025-10-14T23:59:59Z&startRange=2025-05-15T09:00:00Z,3.0,263.0,1.0,33.0,<Response [200]>
,,,,,,ZHA,,,,,PVG,,,,2025-10-14T23:59:59Z,2025-05-15T09:00:00Z,destination=ZHA&origin=PVG&endRange=2025-10-14T23:59:59Z&startRange=2025-05-15T09:00:00Z,3.0,263.0,1.0,33.0,<Response [200]>
,,,,,,SHA,,,,,FOC,,,,2025-10-14T23:59:59Z,2025-05-15T09:00:00Z,destination=SHA&origin=FOC&endRange=2025-10-14T23:59:59Z&startRange=2025-05-15T09:00:00Z,3.0,263.0,1.0,33.0,<Response [200]>
,,,,,,XIY,,,,,NKG,,,,2025-10-14T23:59:59Z,2025-05-15T09:00:00Z,destination=XIY&origin=NKG&endRange=2025-10-14T23:59:59Z&startRange=2025-05-15T09:00:00Z,3.0,298.0,1.0,33.0,<Response [200]>
,,,,,,STT,,,,,ATL,,,,2025-10-14T23:59:59Z,2025-05-15T09:00:00Z,destination=STT&origin=ATL&endRange=2025-10-14T23:59:59Z&startRange=2025-05-15T09:00:00Z,3.0,274.0,1.0,33.0,<Response [200]>
,,,,,,KUL,,,,,PNH,,,,2025-10-14T23:59:59Z,2025-05-15T09:00:00Z,destination=KUL&origin=PNH&endRange=2025-10-14T23:59:59Z&startRange=2025-05-15T09:00:00Z,3.0,273.0,1.0,33.0,<Response [200]>
,,,,,,SHA,,,,,CKG,,,,2025-10-14T23:59:59Z,2025-05-15T09:00:00Z,destination=SHA&origin=CKG&endRange=2025-10-14T23:59:59Z&startRange=2025-05-15T09:00:00Z,3.0,273.0,1.0,33.0,<Response [200]>
,,,,,,ZCL,,,,,MEX,,,,2025-10-14T23:59:59Z,2025-05-15T09:00:00Z,destination=ZCL&origin=MEX&endRange=2025-10-14T23:59:59Z&startRange=2025-05-15T09:00:00Z,3.0,272.0,1.0,33.0,<Response [200]>
,,,,,,HAN,,,,,HUI,,,,2025-10-14T23:59:59Z,2025-05-15T09:00:00Z,destination=HAN&origin=HUI&endRange=2025-10-14T23:59:59Z&startRange=2025-05-15T09:00:00Z,3.0,272.0,1.0,33.0,<Response [200]>
,,,,,,JNU,,,,,SEA,,,,2025-10-14T23:59:59Z,2025-05-15T09:00:00Z,destination=JNU&origin=SEA&endRange=2025-10-14T23:59:59Z&startRange=2025-05-15T09:00:00Z,3.0,272.0,1.0,33.0,<Response [200]>
,,,,,,VIX,,,,,GRU,,,,2025-10-14T23:59:59Z,2025-05-15T09:00:00Z,destination=VIX&origin=GRU&endRange=2025-10-14T23:59:59Z&startRange=2025-05-15T09:00:00Z,3.0,272.0,1.0,33.0,<Response [200]>
,,,,,,CXR,,,,,HAN,,,,2025-10-14T23:59:59Z,2025-05-15T09:00:00Z,destination=CXR&origin=HAN&endRange=2025-10-14T23:59:59Z&startRange=2025-05-15T09:00:00Z,3.0,271.0,1.0,33.0,<Response [200]>
,,,,,,YYZ,,,,,LGA,,,,2025-10-14T23:59:59Z,2025-05-15T09:00:00Z,destination=YYZ&origin=LGA&endRange=2025-10-14T23:59:59Z&startRange=2025-05-15T09:00:00Z,3.0,260.0,1.0,33.0,<Response [200]>
,,,,,,KOA,,,,,SEA,,,,2025-10-14T23:59:59Z,2025-05-15T09:00:00Z,destination=KOA&origin=SEA&endRange=2025-10-14T23:59:59Z&startRange=2025-05-15T09:00:00Z,3.0,259.0,1.0,33.0,<Response [200]>
,,,,,,MEX,,,,,ZCL,,,,2025-10-14T23:59:59Z,2025-05-15T09:00:00Z,destination=MEX&origin=ZCL&endRange=2025-10-14T23:59:59Z&startRange=2025-05-15T09:00:00Z,3.0,259.0,1.0,33.0,<Response [200]>
,,,,,,LAS,,,,,YVR,,,,2025-10-14T23:59:59Z,2025-05-15T09:00:00Z,destination=LAS&origin=YVR&endRange=2025-10-14T23:59:59Z&startRange=2025-05-15T09:00:00Z,3.0,258.0,1.0,33.0,<Response [200]>
,,,,,,PKX,,,,,HGH,,,,2025-10-14T23:59:59Z,2025-05-15T09:00:00Z,destination=PKX&origin=HGH&endRange=2025-10-14T23:59:59Z&startRange=2025-05-15T09:00:00Z,3.0,258.0,1.0,33.0,<Response [200]>
,,,,,,YYC,,,,,YYJ,,,,2025-10-14T23:59:59Z,2025-05-15T09:00:00Z,destination=YYC&origin=YYJ&endRange=2025-10-14T23:59:59Z&startRange=2025-05-15T09:00:00Z,3.0,257.0,1.0,33.0,<Response [200]>
,,,,,,DTW,,,,,SNA,,,,2025-10-14T23:59:59Z,2025-05-15T09:00:00Z,destination=DTW&origin=SNA&endRange=2025-10-14T23:59:59Z&startRange=2025-05-15T09:00:00Z,3.0,257.0,1.0,33.0,<Response [200]>
,,,,,,XIY,,,,,KMG,,,,2025-10-14T23:59:59Z,2025-05-15T09:00:00Z,destination=XIY&origin=KMG&endRange=2025-10-14T23:59:59Z&startRange=2025-05-15T09:00:00Z,3.0,257.0,1.0,33.0,<Response [200]>
,,,,,,PNH,,,,,VTE,,,,2025-10-14T23:59:59Z,2025-05-15T09:00:00Z,destination=PNH&origin=VTE&endRange=2025-10-14T23:59:59Z&startRange=2025-05-15T09:00:00Z,3.0,269.0,1.0,33.0,<Response [200]>
,,,,,,TPA,,,,,LAX,,,,2025-10-14T23:59:59Z,2025-05-15T09:00:00Z,destination=TPA&origin=LAX&endRange=2025-10-14T23:59:59Z&startRange=2025-05-15T09:00:00Z,3.0,268.0,1.0,33.0,<Response [200]>
,,,,,,MCZ,,,,,GIG,,,,2025-10-14T23:59:59Z,2025-05-15T09:00:00Z,destination=MCZ&origin=GIG&endRange=2025-10-14T23:59:59Z&startRange=2025-05-15T09:00:00Z,3.0,268.0,1.0,33.0,<Response [200]>
,,,,,,MYR,,,,,DTW,,,,2025-10-14T23:59:59Z,2025-05-15T09:00:00Z,destination=MYR&origin=DTW&endRange=2025-10-14T23:59:59Z&startRange=2025-05-15T09:00:00Z,3.0,268.0,1.0,33.0,<Response [200]>
,,,,,,CGR,,,,,GRU,,,,2025-10-14T23:59:59Z,2025-05-15T09:00:00Z,destination=CGR&origin=GRU&endRange=2025-10-14T23:59:59Z&startRange=2025-05-15T09:00:00Z,3.0,268.0,1.0,33.0,<Response [200]>
,,,,,,CWB,,,,,GIG,,,,2025-10-14T23:59:59Z,2025-05-15T09:00:00Z,destination=CWB&origin=GIG&endRange=2025-10-14T23:59:59Z&startRange=2025-05-15T09:00:00Z,3.0,267.0,1.0,33.0,<Response [200]>
,,,,,,ATL,,,,,GRB,,,,2025-10-14T23:59:59Z,2025-05-15T09:00:00Z,destination=ATL&origin=GRB&endRange=2025-10-14T23:59:59Z&startRange=2025-05-15T09:00:00Z,3.0,266.0,1.0,33.0,<Response [200]>
,,,,,,PIT,,,,,LGA,,,,2025-10-14T23:59:59Z,2025-05-15T09:00:00Z,destination=PIT&origin=LGA&endRange=2025-10-14T23:59:59Z&startRange=2025-05-15T09:00:00Z,3.0,266.0,1.0,33.0,<Response [200]>
,,,,,,SJC,,,,,DTW,,,,2025-10-14T23:59:59Z,2025-05-15T09:00:00Z,destination=SJC&origin=DTW&endRange=2025-10-14T23:59:59Z&startRange=2025-05-15T09:00:00Z,3.0,255.0,1.0,33.0,<Response [200]>
,,,,,,SYD,,,,,PVG,,,,2025-10-14T23:59:59Z,2025-05-15T09:00:00Z,destination=SYD&origin=PVG&endRange=2025-10-14T23:59:59Z&startRange=2025-05-15T09:00:00Z,3.0,254.0,1.0,33.0,<Response [200]>
,,,,,,TRF,,,,,SVG,,,,2025-10-14T23:59:59Z,2025-05-15T09:00:00Z,destination=TRF&origin=SVG&endRange=2025-10-14T23:59:59Z&startRange=2025-05-15T09:00:00Z,3.0,254.0,1.0,33.0,<Response [200]>
,,,,,,GIG,,,,,SSA,,,,2025-10-14T23:59:59Z,2025-05-15T09:00:00Z,destination=GIG&origin=SSA&endRange=2025-10-14T23:59:59Z&startRange=2025-05-15T09:00:00Z,3.0,253.0,1.0,33.0,<Response [200]>
,,,,,,PVG,,,,,ZHA,,,,2025-10-14T23:59:59Z,2025-05-15T09:00:00Z,destination=PVG&origin=ZHA&endRange=2025-10-14T23:59:59Z&startRange=2025-05-15T09:00:00Z,3.0,252.0,1.0,33.0,<Response [200]>
,,,,,,CAN,,,,,HGH,,,,2025-10-14T23:59:59Z,2025-05-15T09:00:00Z,destination=CAN&origin=HGH&endRange=2025-10-14T23:59:59Z&startRange=2025-05-15T09:00:00Z,3.0,252.0,1.0,33.0,<Response [200]>
,,,,,,COR,,,,,AEP,,,,2025-10-14T23:59:59Z,2025-05-15T09:00:00Z,destination=COR&origin=AEP&endRange=2025-10-14T23:59:59Z&startRange=2025-05-15T09:00:00Z,3.0,251.0,1.0,33.0,<Response [200]>
,,,,,,GIG,,,,,VCP,,,,2025-10-14T23:59:59Z,2025-05-15T09:00:00Z,destination=GIG&origin=VCP&endRange=2025-10-14T23:59:59Z&startRange=2025-05-15T09:00:00Z,3.0,251.0,1.0,33.0,<Response [200]>
,,,,,,KUL,,,,,PER,,,,2025-10-14T23:59:59Z,2025-05-15T09:00:00Z,destination=KUL&origin=PER&endRange=2025-10-14T23:59:59Z&startRange=2025-05-15T09:00:00Z,3.0,262.0,1.0,33.0,<Response [200]>
,,,,,,PER,,,,,KUL,,,,2025-10-14T23:59:59Z,2025-05-15T09:00:00Z,destination=PER&origin=KUL&endRange=2025-10-14T23:59:59Z&startRange=2025-05-15T09:00:00Z,3.0,262.0,1.0,33.0,<Response [200]>
,,,,,,AEP,,,,,MVD,,,,2025-10-14T23:59:59Z,2025-05-15T09:00:00Z,destination=AEP&origin=MVD&endRange=2025-10-14T23:59:59Z&startRange=2025-05-15T09:00:00Z,3.0,262.0,1.0,33.0,<Response [200]>
,,,,,,YYJ,,,,,YYC,,,,2025-10-14T23:59:59Z,2025-05-15T09:00:00Z,destination=YYJ&origin=YYC&endRange=2025-10-14T23:59:59Z&startRange=2025-05-15T09:00:00Z,3.0,262.0,1.0,33.0,<Response [200]>
,,,,,,YEG,,,,,YWG,,,,2025-10-14T23:59:59Z,2025-05-15T09:00:00Z,destination=YEG&origin=YWG&endRange=2025-10-14T23:59:59Z&startRange=2025-05-15T09:00:00Z,3.0,261.0,1.0,33.0,<Response [200]>
,,,,,,YXX,,,,,YYC,,,,2025-10-14T23:59:59Z,2025-05-15T09:00:00Z,destination=YXX&origin=YYC&endRange=2025-10-14T23:59:59Z&startRange=2025-05-15T09:00:00Z,3.0,261.0,1.0,33.0,<Response [200]>
,,,,,,CGK,,,,,AUH,,,,2025-10-14T23:59:59Z,2025-05-15T09:00:00Z,destination=CGK&origin=AUH&endRange=2025-10-14T23:59:59Z&startRange=2025-05-15T09:00:00Z,3.0,261.0,1.0,33.0,<Response [200]>
,,,,,,CGO,,,,,XMN,,,,2025-10-14T23:59:59Z,2025-05-15T09:00:00Z,destination=CGO&origin=XMN&endRange=2025-10-14T23:59:59Z&startRange=2025-05-15T09:00:00Z,3.0,261.0,1.0,33.0,<Response [200]>
,,,,,,TPA,,,,,RDU,,,,2025-10-14T23:59:59Z,2025-05-15T09:00:00Z,destination=TPA&origin=RDU&endRange=2025-10-14T23:59:59Z&startRange=2025-05-15T09:00:00Z,3.0,246.0,1.0,33.0,<Response [200]>
,,,,,,BKK,,,,,PNH,,,,2025-10-14T23:59:59Z,2025-05-15T09:00:00Z,destination=BKK&origin=PNH&endRange=2025-10-14T23:59:59Z&startRange=2025-05-15T09:00:00Z,3.0,246.0,1.0,33.0,<Response [200]>
,,,,,,BOS,,,,,PBI,,,,2025-10-14T23:59:59Z,2025-05-15T09:00:00Z,destination=BOS&origin=PBI&endRange=2025-10-14T23:59:59Z&startRange=2025-05-15T09:00:00Z,3.0,246.0,1.0,33.0,<Response [200]>
,,,,,,LGA,,,,,ALB,,,,2025-10-14T23:59:59Z,2025-05-15T09:00:00Z,destination=LGA&origin=ALB&endRange=2025-10-14T23:59:59Z&startRange=2025-05-15T09:00:00Z,3.0,244.0,1.0,33.0,<Response [200]>
,,,,,,MBJ,,,,,YYZ,,,,2025-10-14T23:59:59Z,2025-05-15T09:00:00Z,destination=MBJ&origin=YYZ&endRange=2025-10-14T23:59:59Z&startRange=2025-05-15T09:00:00Z,3.0,243.0,1.0,33.0,<Response [200]>
,,,,,,IND,,,,,LAX,,,,2025-10-14T23:59:59Z,2025-05-15T09:00:00Z,destination=IND&origin=LAX&endRange=2025-10-14T23:59:59Z&startRange=2025-05-15T09:00:00Z,3.0,243.0,1.0,33.0,<Response [200]>
,,,,,,CXR,,,,,SGN,,,,2025-10-14T23:59:59Z,2025-05-15T09:00:00Z,destination=CXR&origin=SGN&endRange=2025-10-14T23:59:59Z&startRange=2025-05-15T09:00:00Z,3.0,242.0,1.0,33.0,<Response [200]>
,,,,,,ATL,,,,,VCE,,,,2025-10-14T23:59:59Z,2025-05-15T09:00:00Z,destination=ATL&origin=VCE&endRange=2025-10-14T23:59:59Z&startRange=2025-05-15T09:00:00Z,3.0,242.0,1.0,33.0,<Response [200]>
,,,,,,DXB,,,,,JED,,,,2025-10-14T23:59:59Z,2025-05-15T09:00:00Z,destination=DXB&origin=JED&endRange=2025-10-14T23:59:59Z&startRange=2025-05-15T09:00:00Z,3.0,256.0,1.0,33.0,<Response [200]>
,,,,,,YWG,,,,,YYZ,,,,2025-10-14T23:59:59Z,2025-05-15T09:00:00Z,destination=YWG&origin=YYZ&endRange=2025-10-14T23:59:59Z&startRange=2025-05-15T09:00:00Z,3.0,256.0,1.0,33.0,<Response [200]>
,,,,,,HUX,,,,,MEX,,,,2025-10-14T23:59:59Z,2025-05-15T09:00:00Z,destination=HUX&origin=MEX&endRange=2025-10-14T23:59:59Z&startRange=2025-05-15T09:00:00Z,3.0,256.0,1.0,33.0,<Response [200]>
,,,,,,XMN,,,,,WUH,,,,2025-10-14T23:59:59Z,2025-05-15T09:00:00Z,destination=XMN&origin=WUH&endRange=2025-10-14T23:59:59Z&startRange=2025-05-15T09:00:00Z,3.0,256.0,1.0,33.0,<Response [200]>
,,,,,,HGH,,,,,PKX,,,,2025-10-14T23:59:59Z,2025-05-15T09:00:00Z,destination=HGH&origin=PKX&endRange=2025-10-14T23:59:59Z&startRange=2025-05-15T09:00:00Z,3.0,256.0,1.0,33.0,<Response [200]>
,,,,,,GRB,,,,,ATL,,,,2025-10-14T23:59:59Z,2025-05-15T09:00:00Z,destination=GRB&origin=ATL&endRange=2025-10-14T23:59:59Z&startRange=2025-05-15T09:00:00Z,3.0,256.0,1.0,33.0,<Response [200]>
,,,,,,PUS,,,,,GMP,,,,2025-10-14T23:59:59Z,2025-05-15T09:00:00Z,destination=PUS&origin=GMP&endRange=2025-10-14T23:59:59Z&startRange=2025-05-15T09:00:00Z,3.0,255.0,1.0,33.0,<Response [200]>
,,,,,,CRD,,,,,AEP,,,,2025-10-14T23:59:59Z,2025-05-15T09:00:00Z,destination=CRD&origin=AEP&endRange=2025-10-14T23:59:59Z&startRange=2025-05-15T09:00:00Z,3.0,255.0,1.0,33.0,<Response [200]>
,,,,,,MSP,,,,,PVD,,,,2025-10-14T23:59:59Z,2025-05-15T09:00:00Z,destination=MSP&origin=PVD&endRange=2025-10-14T23:59:59Z&startRange=2025-05-15T09:00:00Z,3.0,263.0,1.0,33.0,<Response [200]>
,,,,,,NBO,,,,,HRE,,,,2025-10-14T23:59:59Z,2025-05-15T09:00:00Z,destination=NBO&origin=HRE&endRange=2025-10-14T23:59:59Z&startRange=2025-05-15T09:00:00Z,3.0,239.0,1.0,33.0,<Response [200]>
,,,,,,HGH,,,,,XMN,,,,2025-10-14T23:59:59Z,2025-05-15T09:00:00Z,destination=HGH&origin=XMN&endRange=2025-10-14T23:59:59Z&startRange=2025-05-15T09:00:00Z,3.0,239.0,1.0,33.0,<Response [200]>
,,,,,,XMN,,,,,TAO,,,,2025-10-14T23:59:59Z,2025-05-15T09:00:00Z,destination=XMN&origin=TAO&endRange=2025-10-14T23:59:59Z&startRange=2025-05-15T09:00:00Z,3.0,239.0,1.0,33.0,<Response [200]>
,,,,,,LAX,,,,,YVR,,,,2025-10-14T23:59:59Z,2025-05-15T09:00:00Z,destination=LAX&origin=YVR&endRange=2025-10-14T23:59:59Z&startRange=2025-05-15T09:00:00Z,3.0,239.0,1.0,33.0,<Response [200]>
,,,,,,XMN,,,,,PKX,,,,2025-10-14T23:59:59Z,2025-05-15T09:00:00Z,destination=XMN&origin=PKX&endRange=2025-10-14T23:59:59Z&startRange=2025-05-15T09:00:00Z,3.0,239.0,1.0,33.0,<Response [200]>
,,,,,,YYZ,,,,,MBJ,,,,2025-10-14T23:59:59Z,2025-05-15T09:00:00Z,destination=YYZ&origin=MBJ&endRange=2025-10-14T23:59:59Z&startRange=2025-05-15T09:00:00Z,3.0,238.0,1.0,33.0,<Response [200]>
,,,,,,SAV,,,,,BOS,,,,2025-10-14T23:59:59Z,2025-05-15T09:00:00Z,destination=SAV&origin=BOS&endRange=2025-10-14T23:59:59Z&startRange=2025-05-15T09:00:00Z,3.0,248.0,1.0,33.0,<Response [200]>
,,,,,,FOC,,,,,SHA,,,,2025-10-14T23:59:59Z,2025-05-15T09:00:00Z,destination=FOC&origin=SHA&endRange=2025-10-14T23:59:59Z&startRange=2025-05-15T09:00:00Z,3.0,248.0,1.0,33.0,<Response [200]>
,,,,,,LGA,,,,,CVG,,,,2025-10-14T23:59:59Z,2025-05-15T09:00:00Z,destination=LGA&origin=CVG&endRange=2025-10-14T23:59:59Z&startRange=2025-05-15T09:00:00Z,3.0,247.0,1.0,33.0,<Response [200]>
,,,,,,JFK,,,,,MXP,,,,2025-10-14T23:59:59Z,2025-05-15T09:00:00Z,destination=JFK&origin=MXP&endRange=2025-10-14T23:59:59Z&startRange=2025-05-15T09:00:00Z,3.0,247.0,1.0,33.0,<Response [200]>
,,,,,,MXP,,,,,JFK,,,,2025-10-14T23:59:59Z,2025-05-15T09:00:00Z,destination=MXP&origin=JFK&endRange=2025-10-14T23:59:59Z&startRange=2025-05-15T09:00:00Z,3.0,247.0,1.0,33.0,<Response [200]>
,,,,,,WUH,,,,,XMN,,,,2025-10-14T23:59:59Z,2025-05-15T09:00:00Z,destination=WUH&origin=XMN&endRange=2025-10-14T23:59:59Z&startRange=2025-05-15T09:00:00Z,3.0,247.0,1.0,33.0,<Response [200]>
,,,,,,LGA,,,,,IAH,,,,2025-10-14T23:59:59Z,2025-05-15T09:00:00Z,destination=LGA&origin=IAH&endRange=2025-10-14T23:59:59Z&startRange=2025-05-15T09:00:00Z,3.0,235.0,1.0,33.0,<Response [200]>
,,,,,,ANC,,,,,SLC,,,,2025-10-14T23:59:59Z,2025-05-15T09:00:00Z,destination=ANC&origin=SLC&endRange=2025-10-14T23:59:59Z&startRange=2025-05-15T09:00:00Z,3.0,235.0,1.0,33.0,<Response [200]>
,,,,,,SXM,,,,,EUX,,,,2025-10-14T23:59:59Z,2025-05-15T09:00:00Z,destination=SXM&origin=EUX&endRange=2025-10-14T23:59:59Z&startRange=2025-05-15T09:00:00Z,3.0,234.0,1.0,33.0,<Response [200]>
,,,,,,BOS,,,,,SAN,,,,2025-10-14T23:59:59Z,2025-05-15T09:00:00Z,destination=BOS&origin=SAN&endRange=2025-10-14T23:59:59Z&startRange=2025-05-15T09:00:00Z,3.0,234.0,1.0,33.0,<Response [200]>
,,,,,,KMG,,,,,XIY,,,,2025-10-14T23:59:59Z,2025-05-15T09:00:00Z,destination=KMG&origin=XIY&endRange=2025-10-14T23:59:59Z&startRange=2025-05-15T09:00:00Z,3.0,234.0,1.0,33.0,<Response [200]>
,,,,,,DTW,,,,,MYR,,,,2025-10-14T23:59:59Z,2025-05-15T09:00:00Z,destination=DTW&origin=MYR&endRange=2025-10-14T23:59:59Z&startRange=2025-05-15T09:00:00Z,3.0,242.0,1.0,33.0,<Response [200]>
,,,,,,VCE,,,,,ATL,,,,2025-10-14T23:59:59Z,2025-05-15T09:00:00Z,destination=VCE&origin=ATL&endRange=2025-10-14T23:59:59Z&startRange=2025-05-15T09:00:00Z,3.0,242.0,1.0,33.0,<Response [200]>
,,,,,,LGA,,,,,STL,,,,2025-10-14T23:59:59Z,2025-05-15T09:00:00Z,destination=LGA&origin=STL&endRange=2025-10-14T23:59:59Z&startRange=2025-05-15T09:00:00Z,3.0,241.0,1.0,33.0,<Response [200]>
,,,,,,ASU,,,,,AEP,,,,2025-10-14T23:59:59Z,2025-05-15T09:00:00Z,destination=ASU&origin=AEP&endRange=2025-10-14T23:59:59Z&startRange=2025-05-15T09:00:00Z,3.0,241.0,1.0,33.0,<Response [200]>
,,,,,,PEN,,,,,KUL,,,,2025-10-14T23:59:59Z,2025-05-15T09:00:00Z,destination=PEN&origin=KUL&endRange=2025-10-14T23:59:59Z&startRange=2025-05-15T09:00:00Z,3.0,241.0,1.0,33.0,<Response [200]>
,,,,,,AEP,,,,,ASU,,,,2025-10-14T23:59:59Z,2025-05-15T09:00:00Z,destination=AEP&origin=ASU&endRange=2025-10-14T23:59:59Z&startRange=2025-05-15T09:00:00Z,3.0,241.0,1.0,33.0,<Response [200]>
,,,,,,AEP,,,,,FMA,,,,2025-10-14T23:59:59Z,2025-05-15T09:00:00Z,destination=AEP&origin=FMA&endRange=2025-10-14T23:59:59Z&startRange=2025-05-15T09:00:00Z,3.0,240.0,1.0,33.0,<Response [200]>
,,,,,,NQN,,,,,AEP,,,,2025-10-14T23:59:59Z,2025-05-15T09:00:00Z,destination=NQN&origin=AEP&endRange=2025-10-14T23:59:59Z&startRange=2025-05-15T09:00:00Z,3.0,240.0,1.0,33.0,<Response [200]>
,,,,,,XMN,,,,,HGH,,,,2025-10-14T23:59:59Z,2025-05-15T09:00:00Z,destination=XMN&origin=HGH&endRange=2025-10-14T23:59:59Z&startRange=2025-05-15T09:00:00Z,3.0,240.0,1.0,33.0,<Response [200]>
,,,,,,KMG,,,,,NKG,,,,2025-10-14T23:59:59Z,2025-05-15T09:00:00Z,destination=KMG&origin=NKG&endRange=2025-10-14T23:59:59Z&startRange=2025-05-15T09:00:00Z,3.0,240.0,1.0,33.0,<Response [200]>
,,,,,,PVG,,,,,SYD,,,,2025-10-14T23:59:59Z,2025-05-15T09:00:00Z,destination=PVG&origin=SYD&endRange=2025-10-14T23:59:59Z&startRange=2025-05-15T09:00:00Z,3.0,229.0,1.0,33.0,<Response [200]>
,,,,,,CME,,,,,MEX,,,,2025-10-14T23:59:59Z,2025-05-15T09:00:00Z,destination=CME&origin=MEX&endRange=2025-10-14T23:59:59Z&startRange=2025-05-15T09:00:00Z,3.0,229.0,1.0,33.0,<Response [200]>
,,,,,,PVG,,,,,KIX,,,,2025-10-14T23:59:59Z,2025-05-15T09:00:00Z,destination=PVG&origin=KIX&endRange=2025-10-14T23:59:59Z&startRange=2025-05-15T09:00:00Z,3.0,229.0,1.0,33.0,<Response [200]>
,,,,,,TFU,,,,,PKX,,,,2025-10-14T23:59:59Z,2025-05-15T09:00:00Z,destination=TFU&origin=PKX&endRange=2025-10-14T23:59:59Z&startRange=2025-05-15T09:00:00Z,3.0,229.0,1.0,33.0,<Response [200]>
,,,,,,FAI,,,,,MSP,,,,2025-10-14T23:59:59Z,2025-05-15T09:00:00Z,destination=FAI&origin=MSP&endRange=2025-10-14T23:59:59Z&startRange=2025-05-15T09:00:00Z,3.0,228.0,1.0,33.0,<Response [200]>
,,,,,,SGN,,,,,CXR,,,,2025-10-14T23:59:59Z,2025-05-15T09:00:00Z,destination=SGN&origin=CXR&endRange=2025-10-14T23:59:59Z&startRange=2025-05-15T09:00:00Z,3.0,238.0,1.0,33.0,<Response [200]>
,,,,,,SAB,,,,,SXM,,,,2025-10-14T23:59:59Z,2025-05-15T09:00:00Z,destination=SAB&origin=SXM&endRange=2025-10-14T23:59:59Z&startRange=2025-05-15T09:00:00Z,3.0,238.0,1.0,33.0,<Response [200]>
,,,,,,HRE,,,,,NBO,,,,2025-10-14T23:59:59Z,2025-05-15T09:00:00Z,destination=HRE&origin=NBO&endRange=2025-10-14T23:59:59Z&startRange=2025-05-15T09:00:00Z,3.0,238.0,1.0,33.0,<Response [200]>
,,,,,,PVD,,,,,MSP,,,,2025-10-14T23:59:59Z,2025-05-15T09:00:00Z,destination=PVD&origin=MSP&endRange=2025-10-14T23:59:59Z&startRange=2025-05-15T09:00:00Z,3.0,238.0,1.0,33.0,<Response [200]>
,,,,,,FOC,,,,,KMG,,,,2025-10-14T23:59:59Z,2025-05-15T09:00:00Z,destination=FOC&origin=KMG&endRange=2025-10-14T23:59:59Z&startRange=2025-05-15T09:00:00Z,3.0,237.0,1.0,33.0,<Response [200]>
,,,,,,BOS,,,,,SAV,,,,2025-10-14T23:59:59Z,2025-05-15T09:00:00Z,destination=BOS&origin=SAV&endRange=2025-10-14T23:59:59Z&startRange=2025-05-15T09:00:00Z,3.0,237.0,1.0,33.0,<Response [200]>
,,,,,,MEL,,,,,PVG,,,,2025-10-14T23:59:59Z,2025-05-15T09:00:00Z,destination=MEL&origin=PVG&endRange=2025-10-14T23:59:59Z&startRange=2025-05-15T09:00:00Z,3.0,237.0,1.0,33.0,<Response [200]>
,,,,,,SDQ,,,,,PTY,,,,2025-10-14T23:59:59Z,2025-05-15T09:00:00Z,destination=SDQ&origin=PTY&endRange=2025-10-14T23:59:59Z&startRange=2025-05-15T09:00:00Z,3.0,237.0,1.0,33.0,<Response [200]>
,,,,,,AEP,,,,,ROS,,,,2025-10-14T23:59:59Z,2025-05-15T09:00:00Z,destination=AEP&origin=ROS&endRange=2025-10-14T23:59:59Z&startRange=2025-05-15T09:00:00Z,3.0,236.0,1.0,33.0,<Response [200]>
,,,,,,SCL,,,,,AEP,,,,2025-10-14T23:59:59Z,2025-05-15T09:00:00Z,destination=SCL&origin=AEP&endRange=2025-10-14T23:59:59Z&startRange=2025-05-15T09:00:00Z,3.0,236.0,1.0,33.0,<Response [200]>
,,,,,,YQR,,,,,YYC,,,,2025-10-14T23:59:59Z,2025-05-15T09:00:00Z,destination=YQR&origin=YYC&endRange=2025-10-14T23:59:59Z&startRange=2025-05-15T09:00:00Z,3.0,235.0,1.0,33.0,<Response [200]>
,,,,,,HKG,,,,,PVG,,,,2025-10-14T23:59:59Z,2025-05-15T09:00:00Z,destination=HKG&origin=PVG&endRange=2025-10-14T23:59:59Z&startRange=2025-05-15T09:00:00Z,3.0,223.0,1.0,33.0,<Response [200]>
,,,,,,PKX,,,,,KWE,,,,2025-10-14T23:59:59Z,2025-05-15T09:00:00Z,destination=PKX&origin=KWE&endRange=2025-10-14T23:59:59Z&startRange=2025-05-15T09:00:00Z,3.0,222.0,1.0,33.0,<Response [200]>
,,,,,,CVG,,,,,EWR,,,,2025-10-14T23:59:59Z,2025-05-15T09:00:00Z,destination=CVG&origin=EWR&endRange=2025-10-14T23:59:59Z&startRange=2025-05-15T09:00:00Z,3.0,222.0,1.0,33.0,<Response [200]>
,,,,,,RDU,,,,,LGA,,,,2025-10-14T23:59:59Z,2025-05-15T09:00:00Z,destination=RDU&origin=LGA&endRange=2025-10-14T23:59:59Z&startRange=2025-05-15T09:00:00Z,3.0,222.0,1.0,33.0,<Response [200]>
,,,,,,GIG,,,,,IGU,,,,2025-10-14T23:59:59Z,2025-05-15T09:00:00Z,destination=GIG&origin=IGU&endRange=2025-10-14T23:59:59Z&startRange=2025-05-15T09:00:00Z,3.0,221.0,1.0,33.0,<Response [200]>
,,,,,,SEA,,,,,TUS,,,,2025-10-14T23:59:59Z,2025-05-15T09:00:00Z,destination=SEA&origin=TUS&endRange=2025-10-14T23:59:59Z&startRange=2025-05-15T09:00:00Z,3.0,233.0,1.0,33.0,<Response [200]>
,,,,,,PVG,,,,,HKG,,,,2025-10-14T23:59:59Z,2025-05-15T09:00:00Z,destination=PVG&origin=HKG&endRange=2025-10-14T23:59:59Z&startRange=2025-05-15T09:00:00Z,3.0,232.0,1.0,33.0,<Response [200]>
,,,,,,LUN,,,,,HRE,,,,2025-10-14T23:59:59Z,2025-05-15T09:00:00Z,destination=LUN&origin=HRE&endRange=2025-10-14T23:59:59Z&startRange=2025-05-15T09:00:00Z,3.0,232.0,1.0,33.0,<Response [200]>
,,,,,,PLQ,,,,,RIX,,,,2025-10-14T23:59:59Z,2025-05-15T09:00:00Z,destination=PLQ&origin=RIX&endRange=2025-10-14T23:59:59Z&startRange=2025-05-15T09:00:00Z,3.0,232.0,1.0,33.0,<Response [200]>
,,,,,,HRE,,,,,LUN,,,,2025-10-14T23:59:59Z,2025-05-15T09:00:00Z,destination=HRE&origin=LUN&endRange=2025-10-14T23:59:59Z&startRange=2025-05-15T09:00:00Z,3.0,231.0,1.0,33.0,<Response [200]>
,,,,,,LUN,,,,,NBO,,,,2025-10-14T23:59:59Z,2025-05-15T09:00:00Z,destination=LUN&origin=NBO&endRange=2025-10-14T23:59:59Z&startRange=2025-05-15T09:00:00Z,3.0,231.0,1.0,33.0,<Response [200]>
,,,,,,NBO,,,,,LUN,,,,2025-10-14T23:59:59Z,2025-05-15T09:00:00Z,destination=NBO&origin=LUN&endRange=2025-10-14T23:59:59Z&startRange=2025-05-15T09:00:00Z,3.0,231.0,1.0,33.0,<Response [200]>
,,,,,,SXM,,,,,SAB,,,,2025-10-14T23:59:59Z,2025-05-15T09:00:00Z,destination=SXM&origin=SAB&endRange=2025-10-14T23:59:59Z&startRange=2025-05-15T09:00:00Z,3.0,230.0,1.0,33.0,<Response [200]>
,,,,,,PKX,,,,,CSX,,,,2025-10-14T23:59:59Z,2025-05-15T09:00:00Z,destination=PKX&origin=CSX&endRange=2025-10-14T23:59:59Z&startRange=2025-05-15T09:00:00Z,3.0,230.0,1.0,33.0,<Response [200]>
,,,,,,SMF,,,,,LAS,,,,2025-10-14T23:59:59Z,2025-05-15T09:00:00Z,destination=SMF&origin=LAS&endRange=2025-10-14T23:59:59Z&startRange=2025-05-15T09:00:00Z,3.0,229.0,1.0,33.0,<Response [200]>
,,,,,,HAV,,,,,PTY,,,,2025-10-14T23:59:59Z,2025-05-15T09:00:00Z,destination=HAV&origin=PTY&endRange=2025-10-14T23:59:59Z&startRange=2025-05-15T09:00:00Z,3.0,229.0,1.0,33.0,<Response [200]>
,,,,,,DTW,,,,,HSV,,,,2025-10-14T23:59:59Z,2025-05-15T09:00:00Z,destination=DTW&origin=HSV&endRange=2025-10-14T23:59:59Z&startRange=2025-05-15T09:00:00Z,3.0,218.0,1.0,33.0,<Response [200]>
,,,,,,CSX,,,,,PKX,,,,2025-10-14T23:59:59Z,2025-05-15T09:00:00Z,destination=CSX&origin=PKX&endRange=2025-10-14T23:59:59Z&startRange=2025-05-15T09:00:00Z,3.0,218.0,1.0,33.0,<Response [200]>
,,,,,,BKK,,,,,SIN,,,,2025-10-14T23:59:59Z,2025-05-15T09:00:00Z,destination=BKK&origin=SIN&endRange=2025-10-14T23:59:59Z&startRange=2025-05-15T09:00:00Z,3.0,217.0,1.0,33.0,<Response [200]>
,,,,,,HAS,,,,,RUH,,,,2025-10-14T23:59:59Z,2025-05-15T09:00:00Z,destination=HAS&origin=RUH&endRange=2025-10-14T23:59:59Z&startRange=2025-05-15T09:00:00Z,3.0,217.0,1.0,33.0,<Response [200]>
,,,,,,PER,,,,,DPS,,,,2025-10-14T23:59:59Z,2025-05-15T09:00:00Z,destination=PER&origin=DPS&endRange=2025-10-14T23:59:59Z&startRange=2025-05-15T09:00:00Z,3.0,217.0,1.0,33.0,<Response [200]>
,,,,,,HAK,,,,,PKX,,,,2025-10-14T23:59:59Z,2025-05-15T09:00:00Z,destination=HAK&origin=PKX&endRange=2025-10-14T23:59:59Z&startRange=2025-05-15T09:00:00Z,3.0,228.0,1.0,33.0,<Response [200]>
,,,,,,BEY,,,,,LCA,,,,2025-10-14T23:59:59Z,2025-05-15T09:00:00Z,destination=BEY&origin=LCA&endRange=2025-10-14T23:59:59Z&startRange=2025-05-15T09:00:00Z,3.0,226.0,1.0,33.0,<Response [200]>
,,,,,,EUX,,,,,SXM,,,,2025-10-14T23:59:59Z,2025-05-15T09:00:00Z,destination=EUX&origin=SXM&endRange=2025-10-14T23:59:59Z&startRange=2025-05-15T09:00:00Z,3.0,226.0,1.0,33.0,<Response [200]>
,,,,,,KWE,,,,,PKX,,,,2025-10-14T23:59:59Z,2025-05-15T09:00:00Z,destination=KWE&origin=PKX&endRange=2025-10-14T23:59:59Z&startRange=2025-05-15T09:00:00Z,3.0,226.0,1.0,33.0,<Response [200]>
,,,,,,XIY,,,,,LXA,,,,2025-10-14T23:59:59Z,2025-05-15T09:00:00Z,destination=XIY&origin=LXA&endRange=2025-10-14T23:59:59Z&startRange=2025-05-15T09:00:00Z,3.0,224.0,1.0,33.0,<Response [200]>
,,,,,,KMG,,,,,WUH,,,,2025-10-14T23:59:59Z,2025-05-15T09:00:00Z,destination=KMG&origin=WUH&endRange=2025-10-14T23:59:59Z&startRange=2025-05-15T09:00:00Z,3.0,224.0,1.0,33.0,<Response [200]>
,,,,,,PKX,,,,,TFU,,,,2025-10-14T23:59:59Z,2025-05-15T09:00:00Z,destination=PKX&origin=TFU&endRange=2025-10-14T23:59:59Z&startRange=2025-05-15T09:00:00Z,3.0,224.0,1.0,33.0,<Response [200]>
,,,,,,YUL,,,,,MSP,,,,2025-10-14T23:59:59Z,2025-05-15T09:00:00Z,destination=YUL&origin=MSP&endRange=2025-10-14T23:59:59Z&startRange=2025-05-15T09:00:00Z,3.0,224.0,1.0,33.0,<Response [200]>
,,,,,,ATL,,,,,EDI,,,,2025-10-14T23:59:59Z,2025-05-15T09:00:00Z,destination=ATL&origin=EDI&endRange=2025-10-14T23:59:59Z&startRange=2025-05-15T09:00:00Z,3.0,223.0,1.0,33.0,<Response [200]>
,,,,,,GIG,,,,,POA,,,,2025-10-14T23:59:59Z,2025-05-15T09:00:00Z,destination=GIG&origin=POA&endRange=2025-10-14T23:59:59Z&startRange=2025-05-15T09:00:00Z,3.0,223.0,1.0,33.0,<Response [200]>
,,,,,,WUH,,,,,KMG,,,,2025-10-14T23:59:59Z,2025-05-15T09:00:00Z,destination=WUH&origin=KMG&endRange=2025-10-14T23:59:59Z&startRange=2025-05-15T09:00:00Z,3.0,223.0,1.0,33.0,<Response [200]>
,,,,,,BEG,,,,,LCA,,,,2025-10-14T23:59:59Z,2025-05-15T09:00:00Z,destination=BEG&origin=LCA&endRange=2025-10-14T23:59:59Z&startRange=2025-05-15T09:00:00Z,3.0,215.0,1.0,33.0,<Response [200]>
,,,,,,ATL,,,,,HNL,,,,2025-10-14T23:59:59Z,2025-05-15T09:00:00Z,destination=ATL&origin=HNL&endRange=2025-10-14T23:59:59Z&startRange=2025-05-15T09:00:00Z,3.0,215.0,1.0,33.0,<Response [200]>
,,,,,,MSP,,,,,CUN,,,,2025-10-14T23:59:59Z,2025-05-15T09:00:00Z,destination=MSP&origin=CUN&endRange=2025-10-14T23:59:59Z&startRange=2025-05-15T09:00:00Z,3.0,214.0,1.0,33.0,<Response [200]>
,,,,,,PVG,,,,,MEL,,,,2025-10-14T23:59:59Z,2025-05-15T09:00:00Z,destination=PVG&origin=MEL&endRange=2025-10-14T23:59:59Z&startRange=2025-05-15T09:00:00Z,3.0,214.0,1.0,33.0,<Response [200]>
,,,,,,XNN,,,,,PVG,,,,2025-10-14T23:59:59Z,2025-05-15T09:00:00Z,destination=XNN&origin=PVG&endRange=2025-10-14T23:59:59Z&startRange=2025-05-15T09:00:00Z,3.0,214.0,1.0,33.0,<Response [200]>
,,,,,,MEL,,,,,AUH,,,,2025-10-14T23:59:59Z,2025-05-15T09:00:00Z,destination=MEL&origin=AUH&endRange=2025-10-14T23:59:59Z&startRange=2025-05-15T09:00:00Z,3.0,221.0,1.0,33.0,<Response [200]>
,,,,,,EDI,,,,,ATL,,,,2025-10-14T23:59:59Z,2025-05-15T09:00:00Z,destination=EDI&origin=ATL&endRange=2025-10-14T23:59:59Z&startRange=2025-05-15T09:00:00Z,3.0,220.0,1.0,33.0,<Response [200]>
,,,,,,TAO,,,,,WUH,,,,2025-10-14T23:59:59Z,2025-05-15T09:00:00Z,destination=TAO&origin=WUH&endRange=2025-10-14T23:59:59Z&startRange=2025-05-15T09:00:00Z,3.0,220.0,1.0,33.0,<Response [200]>
,,,,,,HAN,,,,,PNH,,,,2025-10-14T23:59:59Z,2025-05-15T09:00:00Z,destination=HAN&origin=PNH&endRange=2025-10-14T23:59:59Z&startRange=2025-05-15T09:00:00Z,3.0,220.0,1.0,33.0,<Response [200]>
,,,,,,PTY,,,,,BAQ,,,,2025-10-14T23:59:59Z,2025-05-15T09:00:00Z,destination=PTY&origin=BAQ&endRange=2025-10-14T23:59:59Z&startRange=2025-05-15T09:00:00Z,3.0,219.0,1.0,33.0,<Response [200]>
,,,,,,ORF,,,,,BOS,,,,2025-10-14T23:59:59Z,2025-05-15T09:00:00Z,destination=ORF&origin=BOS&endRange=2025-10-14T23:59:59Z&startRange=2025-05-15T09:00:00Z,3.0,219.0,1.0,33.0,<Response [200]>
,,,,,,SAP,,,,,PTY,,,,2025-10-14T23:59:59Z,2025-05-15T09:00:00Z,destination=SAP&origin=PTY&endRange=2025-10-14T23:59:59Z&startRange=2025-05-15T09:00:00Z,3.0,219.0,1.0,33.0,<Response [200]>
,,,,,,HYD,,,,,BLR,,,,2025-10-14T23:59:59Z,2025-05-15T09:00:00Z,destination=HYD&origin=BLR&endRange=2025-10-14T23:59:59Z&startRange=2025-05-15T09:00:00Z,3.0,218.0,1.0,33.0,<Response [200]>
,,,,,,BLR,,,,,HYD,,,,2025-10-14T23:59:59Z,2025-05-15T09:00:00Z,destination=BLR&origin=HYD&endRange=2025-10-14T23:59:59Z&startRange=2025-05-15T09:00:00Z,3.0,218.0,1.0,33.0,<Response [200]>
,,,,,,BLR,,,,,CCU,,,,2025-10-14T23:59:59Z,2025-05-15T09:00:00Z,destination=BLR&origin=CCU&endRange=2025-10-14T23:59:59Z&startRange=2025-05-15T09:00:00Z,3.0,218.0,1.0,33.0,<Response [200]>
,,,,,,BKI,,,,,KUL,,,,2025-10-14T23:59:59Z,2025-05-15T09:00:00Z,destination=BKI&origin=KUL&endRange=2025-10-14T23:59:59Z&startRange=2025-05-15T09:00:00Z,3.0,218.0,1.0,33.0,<Response [200]>
,,,,,,FDF,,,,,PTP,,,,2025-10-14T23:59:59Z,2025-05-15T09:00:00Z,destination=FDF&origin=PTP&endRange=2025-10-14T23:59:59Z&startRange=2025-05-15T09:00:00Z,3.0,208.0,1.0,33.0,<Response [200]>
,,,,,,PVG,,,,,XNN,,,,2025-10-14T23:59:59Z,2025-05-15T09:00:00Z,destination=PVG&origin=XNN&endRange=2025-10-14T23:59:59Z&startRange=2025-05-15T09:00:00Z,3.0,208.0,1.0,33.0,<Response [200]>
,,,,,,YUL,,,,,YYC,,,,2025-10-14T23:59:59Z,2025-05-15T09:00:00Z,destination=YUL&origin=YYC&endRange=2025-10-14T23:59:59Z&startRange=2025-05-15T09:00:00Z,3.0,208.0,1.0,33.0,<Response [200]>
,,,,,,VCL,,,,,SGN,,,,2025-10-14T23:59:59Z,2025-05-15T09:00:00Z,destination=VCL&origin=SGN&endRange=2025-10-14T23:59:59Z&startRange=2025-05-15T09:00:00Z,3.0,208.0,1.0,33.0,<Response [200]>
,,,,,,PTP,,,,,FDF,,,,2025-10-14T23:59:59Z,2025-05-15T09:00:00Z,destination=PTP&origin=FDF&endRange=2025-10-14T23:59:59Z&startRange=2025-05-15T09:00:00Z,3.0,207.0,1.0,33.0,<Response [200]>
,,,,,,LAX,,,,,CVG,,,,2025-10-14T23:59:59Z,2025-05-15T09:00:00Z,destination=LAX&origin=CVG&endRange=2025-10-14T23:59:59Z&startRange=2025-05-15T09:00:00Z,3.0,217.0,1.0,33.0,<Response [200]>
,,,,,,POS,,,,,PTY,,,,2025-10-14T23:59:59Z,2025-05-15T09:00:00Z,destination=POS&origin=PTY&endRange=2025-10-14T23:59:59Z&startRange=2025-05-15T09:00:00Z,3.0,217.0,1.0,33.0,<Response [200]>
,,,,,,AMD,,,,,BLR,,,,2025-10-14T23:59:59Z,2025-05-15T09:00:00Z,destination=AMD&origin=BLR&endRange=2025-10-14T23:59:59Z&startRange=2025-05-15T09:00:00Z,3.0,217.0,1.0,33.0,<Response [200]>
,,,,,,TAO,,,,,SHA,,,,2025-10-14T23:59:59Z,2025-05-15T09:00:00Z,destination=TAO&origin=SHA&endRange=2025-10-14T23:59:59Z&startRange=2025-05-15T09:00:00Z,3.0,217.0,1.0,33.0,<Response [200]>
,,,,,,PTY,,,,,SJU,,,,2025-10-14T23:59:59Z,2025-05-15T09:00:00Z,destination=PTY&origin=SJU&endRange=2025-10-14T23:59:59Z&startRange=2025-05-15T09:00:00Z,3.0,216.0,1.0,33.0,<Response [200]>
,,,,,,DPS,,,,,PER,,,,2025-10-14T23:59:59Z,2025-05-15T09:00:00Z,destination=DPS&origin=PER&endRange=2025-10-14T23:59:59Z&startRange=2025-05-15T09:00:00Z,3.0,216.0,1.0,33.0,<Response [200]>
,,,,,,WUH,,,,,TAO,,,,2025-10-14T23:59:59Z,2025-05-15T09:00:00Z,destination=WUH&origin=TAO&endRange=2025-10-14T23:59:59Z&startRange=2025-05-15T09:00:00Z,3.0,216.0,1.0,33.0,<Response [200]>
,,,,,,YYC,,,,,SLC,,,,2025-10-14T23:59:59Z,2025-05-15T09:00:00Z,destination=YYC&origin=SLC&endRange=2025-10-14T23:59:59Z&startRange=2025-05-15T09:00:00Z,3.0,216.0,1.0,33.0,<Response [200]>
,,,,,,RUH,,,,,GIZ,,,,2025-10-14T23:59:59Z,2025-05-15T09:00:00Z,destination=RUH&origin=GIZ&endRange=2025-10-14T23:59:59Z&startRange=2025-05-15T09:00:00Z,3.0,215.0,1.0,33.0,<Response [200]>
,,,,,,GIZ,,,,,RUH,,,,2025-10-14T23:59:59Z,2025-05-15T09:00:00Z,destination=GIZ&origin=RUH&endRange=2025-10-14T23:59:59Z&startRange=2025-05-15T09:00:00Z,3.0,215.0,1.0,33.0,<Response [200]>
,,,,,,EZE,,,,,MDZ,,,,2025-10-14T23:59:59Z,2025-05-15T09:00:00Z,destination=EZE&origin=MDZ&endRange=2025-10-14T23:59:59Z&startRange=2025-05-15T09:00:00Z,3.0,215.0,1.0,33.0,<Response [200]>
,,,,,,FOC,,,,,KWE,,,,2025-10-14T23:59:59Z,2025-05-15T09:00:00Z,destination=FOC&origin=KWE&endRange=2025-10-14T23:59:59Z&startRange=2025-05-15T09:00:00Z,3.0,203.0,1.0,33.0,<Response [200]>
,,,,,,AEP,,,,,RES,,,,2025-10-14T23:59:59Z,2025-05-15T09:00:00Z,destination=AEP&origin=RES&endRange=2025-10-14T23:59:59Z&startRange=2025-05-15T09:00:00Z,3.0,202.0,1.0,33.0,<Response [200]>
,,,,,,RES,,,,,AEP,,,,2025-10-14T23:59:59Z,2025-05-15T09:00:00Z,destination=RES&origin=AEP&endRange=2025-10-14T23:59:59Z&startRange=2025-05-15T09:00:00Z,3.0,202.0,1.0,33.0,<Response [200]>
,,,,,,KMG,,,,,SHA,,,,2025-10-14T23:59:59Z,2025-05-15T09:00:00Z,destination=KMG&origin=SHA&endRange=2025-10-14T23:59:59Z&startRange=2025-05-15T09:00:00Z,3.0,202.0,1.0,33.0,<Response [200]>
,,,,,,CTU,,,,,SHA,,,,2025-10-14T23:59:59Z,2025-05-15T09:00:00Z,destination=CTU&origin=SHA&endRange=2025-10-14T23:59:59Z&startRange=2025-05-15T09:00:00Z,3.0,202.0,1.0,33.0,<Response [200]>
,,,,,,PKX,,,,,FOC,,,,2025-10-14T23:59:59Z,2025-05-15T09:00:00Z,destination=PKX&origin=FOC&endRange=2025-10-14T23:59:59Z&startRange=2025-05-15T09:00:00Z,3.0,214.0,1.0,33.0,<Response [200]>
,,,,,,CGH,,,,,SSA,,,,2025-10-14T23:59:59Z,2025-05-15T09:00:00Z,destination=CGH&origin=SSA&endRange=2025-10-14T23:59:59Z&startRange=2025-05-15T09:00:00Z,3.0,213.0,1.0,33.0,<Response [200]>
,,,,,,FAI,,,,,SEA,,,,2025-10-14T23:59:59Z,2025-05-15T09:00:00Z,destination=FAI&origin=SEA&endRange=2025-10-14T23:59:59Z&startRange=2025-05-15T09:00:00Z,3.0,213.0,1.0,33.0,<Response [200]>
,,,,,,MEX,,,,,JFK,,,,2025-10-14T23:59:59Z,2025-05-15T09:00:00Z,destination=MEX&origin=JFK&endRange=2025-10-14T23:59:59Z&startRange=2025-05-15T09:00:00Z,3.0,212.0,1.0,33.0,<Response [200]>
,,,,,,SEA,,,,,FAI,,,,2025-10-14T23:59:59Z,2025-05-15T09:00:00Z,destination=SEA&origin=FAI&endRange=2025-10-14T23:59:59Z&startRange=2025-05-15T09:00:00Z,3.0,211.0,1.0,33.0,<Response [200]>
,,,,,,NBO,,,,,DZA,,,,2025-10-14T23:59:59Z,2025-05-15T09:00:00Z,destination=NBO&origin=DZA&endRange=2025-10-14T23:59:59Z&startRange=2025-05-15T09:00:00Z,3.0,210.0,1.0,33.0,<Response [200]>
,,,,,,KMG,,,,,LXA,,,,2025-10-14T23:59:59Z,2025-05-15T09:00:00Z,destination=KMG&origin=LXA&endRange=2025-10-14T23:59:59Z&startRange=2025-05-15T09:00:00Z,3.0,210.0,1.0,33.0,<Response [200]>
,,,,,,SLC,,,,,HNL,,,,2025-10-14T23:59:59Z,2025-05-15T09:00:00Z,destination=SLC&origin=HNL&endRange=2025-10-14T23:59:59Z&startRange=2025-05-15T09:00:00Z,3.0,210.0,1.0,33.0,<Response [200]>
,,,,,,RUH,,,,,ELQ,,,,2025-10-14T23:59:59Z,2025-05-15T09:00:00Z,destination=RUH&origin=ELQ&endRange=2025-10-14T23:59:59Z&startRange=2025-05-15T09:00:00Z,3.0,209.0,1.0,33.0,<Response [200]>
,,,,,,YYC,,,,,MSP,,,,2025-10-14T23:59:59Z,2025-05-15T09:00:00Z,destination=YYC&origin=MSP&endRange=2025-10-14T23:59:59Z&startRange=2025-05-15T09:00:00Z,3.0,209.0,1.0,33.0,<Response [200]>
,,,,,,SHA,,,,,CTU,,,,2025-10-14T23:59:59Z,2025-05-15T09:00:00Z,destination=SHA&origin=CTU&endRange=2025-10-14T23:59:59Z&startRange=2025-05-15T09:00:00Z,3.0,209.0,1.0,33.0,<Response [200]>
,,,,,,FOC,,,,,PKX,,,,2025-10-14T23:59:59Z,2025-05-15T09:00:00Z,destination=FOC&origin=PKX&endRange=2025-10-14T23:59:59Z&startRange=2025-05-15T09:00:00Z,3.0,221.0,1.0,33.0,<Response [200]>
,,,,,,AEP,,,,,NQN,,,,2025-10-14T23:59:59Z,2025-05-15T09:00:00Z,destination=AEP&origin=NQN&endRange=2025-10-14T23:59:59Z&startRange=2025-05-15T09:00:00Z,3.0,268.0,1.0,33.0,<Response [200]>
,,,,,,CGQ,,,,,PKX,,,,2025-10-14T23:59:59Z,2025-05-15T09:00:00Z,destination=CGQ&origin=PKX&endRange=2025-10-14T23:59:59Z&startRange=2025-05-15T09:00:00Z,3.0,207.0,1.0,33.0,<Response [200]>
,,,,,,MSP,,,,,CHS,,,,2025-10-14T23:59:59Z,2025-05-15T09:00:00Z,destination=MSP&origin=CHS&endRange=2025-10-14T23:59:59Z&startRange=2025-05-15T09:00:00Z,3.0,207.0,1.0,33.0,<Response [200]>
,,,,,,AEP,,,,,TUC,,,,2025-10-14T23:59:59Z,2025-05-15T09:00:00Z,destination=AEP&origin=TUC&endRange=2025-10-14T23:59:59Z&startRange=2025-05-15T09:00:00Z,3.0,207.0,1.0,33.0,<Response [200]>
,,,,,,PVG,,,,,TNA,,,,2025-10-14T23:59:59Z,2025-05-15T09:00:00Z,destination=PVG&origin=TNA&endRange=2025-10-14T23:59:59Z&startRange=2025-05-15T09:00:00Z,3.0,207.0,1.0,33.0,<Response [200]>
,,,,,,YYZ,,,,,BNA,,,,2025-10-14T23:59:59Z,2025-05-15T09:00:00Z,destination=YYZ&origin=BNA&endRange=2025-10-14T23:59:59Z&startRange=2025-05-15T09:00:00Z,3.0,207.0,1.0,33.0,<Response [200]>
,,,,,,GIG,,,,,CNF,,,,2025-10-14T23:59:59Z,2025-05-15T09:00:00Z,destination=GIG&origin=CNF&endRange=2025-10-14T23:59:59Z&startRange=2025-05-15T09:00:00Z,3.0,206.0,1.0,33.0,<Response [200]>
,,,,,,CAY,,,,,FDF,,,,2025-10-14T23:59:59Z,2025-05-15T09:00:00Z,destination=CAY&origin=FDF&endRange=2025-10-14T23:59:59Z&startRange=2025-05-15T09:00:00Z,3.0,205.0,1.0,33.0,<Response [200]>
,,,,,,PKX,,,,,CGQ,,,,2025-10-14T23:59:59Z,2025-05-15T09:00:00Z,destination=PKX&origin=CGQ&endRange=2025-10-14T23:59:59Z&startRange=2025-05-15T09:00:00Z,3.0,205.0,1.0,33.0,<Response [200]>
,,,,,,FDF,,,,,CAY,,,,2025-10-14T23:59:59Z,2025-05-15T09:00:00Z,destination=FDF&origin=CAY&endRange=2025-10-14T23:59:59Z&startRange=2025-05-15T09:00:00Z,3.0,204.0,1.0,33.0,<Response [200]>
,,,,,,EIS,,,,,SXM,,,,2025-10-14T23:59:59Z,2025-05-15T09:00:00Z,destination=EIS&origin=SXM&endRange=2025-10-14T23:59:59Z&startRange=2025-05-15T09:00:00Z,3.0,203.0,1.0,33.0,<Response [200]>
,,,,,,CVG,,,,,LGA,,,,2025-10-14T23:59:59Z,2025-05-15T09:00:00Z,destination=CVG&origin=LGA&endRange=2025-10-14T23:59:59Z&startRange=2025-05-15T09:00:00Z,3.0,203.0,1.0,33.0,<Response [200]>
,,,,,,ICN,,,,,NRT,,,,2025-10-14T23:59:59Z,2025-05-15T09:00:00Z,destination=ICN&origin=NRT&endRange=2025-10-14T23:59:59Z&startRange=2025-05-15T09:00:00Z,3.0,294.0,1.0,33.0,<Response [200]>
,,,,,,PTY,,,,,XPL,,,,2025-10-14T23:59:59Z,2025-05-15T09:00:00Z,destination=PTY&origin=XPL&endRange=2025-10-14T23:59:59Z&startRange=2025-05-15T09:00:00Z,3.0,293.0,1.0,33.0,<Response [200]>
,,,,,,TPA,,,,,LGA,,,,2025-10-14T23:59:59Z,2025-05-15T09:00:00Z,destination=TPA&origin=LGA&endRange=2025-10-14T23:59:59Z&startRange=2025-05-15T09:00:00Z,3.0,232.0,1.0,33.0,<Response [200]>
,,,,,,TNA,,,,,PVG,,,,2025-10-14T23:59:59Z,2025-05-15T09:00:00Z,destination=TNA&origin=PVG&endRange=2025-10-14T23:59:59Z&startRange=2025-05-15T09:00:00Z,3.0,243.0,1.0,33.0,<Response [200]>
,,,,,,KUL,,,,,HAN,,,,2025-10-14T23:59:59Z,2025-05-15T09:00:00Z,destination=KUL&origin=HAN&endRange=2025-10-14T23:59:59Z&startRange=2025-05-15T09:00:00Z,3.0,217.0,1.0,33.0,<Response [200]>
,,,,,,PTY,,,,,CLO,,,,2025-10-14T23:59:59Z,2025-05-15T09:00:00Z,destination=PTY&origin=CLO&endRange=2025-10-14T23:59:59Z&startRange=2025-05-15T09:00:00Z,3.0,293.0,1.0,33.0,<Response [200]>
,,,,,,AEP,,,,,IGR,,,,2025-10-14T23:59:59Z,2025-05-15T09:00:00Z,destination=AEP&origin=IGR&endRange=2025-10-14T23:59:59Z&startRange=2025-05-15T09:00:00Z,3.0,292.0,1.0,33.0,<Response [200]>
,,,,,,CTS,,,,,ICN,,,,2025-10-14T23:59:59Z,2025-05-15T09:00:00Z,destination=CTS&origin=ICN&endRange=2025-10-14T23:59:59Z&startRange=2025-05-15T09:00:00Z,3.0,292.0,1.0,33.0,<Response [200]>
,,,,,,ICN,,,,,CTS,,,,2025-10-14T23:59:59Z,2025-05-15T09:00:00Z,destination=ICN&origin=CTS&endRange=2025-10-14T23:59:59Z&startRange=2025-05-15T09:00:00Z,3.0,292.0,1.0,33.0,<Response [200]>
,,,,,,LGA,,,,,MCO,,,,2025-10-14T23:59:59Z,2025-05-15T09:00:00Z,destination=LGA&origin=MCO&endRange=2025-10-14T23:59:59Z&startRange=2025-05-15T09:00:00Z,3.0,223.0,1.0,33.0,<Response [200]>
,,,,,,CKG,,,,,XMN,,,,2025-10-14T23:59:59Z,2025-05-15T09:00:00Z,destination=CKG&origin=XMN&endRange=2025-10-14T23:59:59Z&startRange=2025-05-15T09:00:00Z,3.0,206.0,1.0,33.0,<Response [200]>
,,,,,,ILM,,,,,MSP,,,,2025-10-14T23:59:59Z,2025-05-15T09:00:00Z,destination=ILM&origin=MSP&endRange=2025-10-14T23:59:59Z&startRange=2025-05-15T09:00:00Z,3.0,275.0,1.0,33.0,<Response [200]>
,,,,,,MSP,,,,,ILM,,,,2025-10-14T23:59:59Z,2025-05-15T09:00:00Z,destination=MSP&origin=ILM&endRange=2025-10-14T23:59:59Z&startRange=2025-05-15T09:00:00Z,3.0,264.0,1.0,33.0,<Response [200]>
,,,,,,MVD,,,,,AEP,,,,2025-10-14T23:59:59Z,2025-05-15T09:00:00Z,destination=MVD&origin=AEP&endRange=2025-10-14T23:59:59Z&startRange=2025-05-15T09:00:00Z,3.0,243.0,1.0,33.0,<Response [200]>
,,,,,,TPA,,,,,SLC,,,,2025-10-14T23:59:59Z,2025-05-15T09:00:00Z,destination=TPA&origin=SLC&endRange=2025-10-14T23:59:59Z&startRange=2025-05-15T09:00:00Z,3.0,245.0,1.0,33.0,<Response [200]>
,,,,,,JFK,,,,,CUN,,,,2025-10-14T23:59:59Z,2025-05-15T09:00:00Z,destination=JFK&origin=CUN&endRange=2025-10-14T23:59:59Z&startRange=2025-05-15T09:00:00Z,3.0,201.0,1.0,33.0,<Response [200]>
,,,,,,LAX,,,,,IND,,,,2025-10-14T23:59:59Z,2025-05-15T09:00:00Z,destination=LAX&origin=IND&endRange=2025-10-14T23:59:59Z&startRange=2025-05-15T09:00:00Z,3.0,201.0,1.0,33.0,<Response [200]>
,,,,,,MEX,,,,,ZIH,,,,2025-10-14T23:59:59Z,2025-05-15T09:00:00Z,destination=MEX&origin=ZIH&endRange=2025-10-14T23:59:59Z&startRange=2025-05-15T09:00:00Z,3.0,300.0,1.0,33.0,<Response [200]>
,,,,,,LAX,,,,,KOA,,,,2025-10-14T23:59:59Z,2025-05-15T09:00:00Z,destination=LAX&origin=KOA&endRange=2025-10-14T23:59:59Z&startRange=2025-05-15T09:00:00Z,3.0,300.0,1.0,33.0,<Response [200]>
,,,,,,HIJ,,,,,HND,,,,2025-10-14T23:59:59Z,2025-05-15T09:00:00Z,destination=HIJ&origin=HND&endRange=2025-10-14T23:59:59Z&startRange=2025-05-15T09:00:00Z,3.0,299.0,1.0,33.0,<Response [200]>
,,,,,,OKC,,,,,SLC,,,,2025-10-14T23:59:59Z,2025-05-15T09:00:00Z,destination=OKC&origin=SLC&endRange=2025-10-14T23:59:59Z&startRange=2025-05-15T09:00:00Z,3.0,299.0,1.0,33.0,<Response [200]>
,,,,,,SLC,,,,,TUL,,,,2025-10-14T23:59:59Z,2025-05-15T09:00:00Z,destination=SLC&origin=TUL&endRange=2025-10-14T23:59:59Z&startRange=2025-05-15T09:00:00Z,3.0,298.0,1.0,33.0,<Response [200]>
,,,,,,ATL,,,,,GEG,,,,2025-10-14T23:59:59Z,2025-05-15T09:00:00Z,destination=ATL&origin=GEG&endRange=2025-10-14T23:59:59Z&startRange=2025-05-15T09:00:00Z,3.0,298.0,1.0,33.0,<Response [200]>
,,,,,,TGD,,,,,BEG,,,,2025-10-14T23:59:59Z,2025-05-15T09:00:00Z,destination=TGD&origin=BEG&endRange=2025-10-14T23:59:59Z&startRange=2025-05-15T09:00:00Z,5.0,458.0,2.0,40.0,<Response [200]>
,,,,,,BEG,,,,,TGD,,,,2025-10-14T23:59:59Z,2025-05-15T09:00:00Z,destination=BEG&origin=TGD&endRange=2025-10-14T23:59:59Z&startRange=2025-05-15T09:00:00Z,5.0,458.0,2.0,40.0,<Response [200]>
,,,,,,KUL,,,,,KCH,,,,2025-10-14T23:59:59Z,2025-05-15T09:00:00Z,destination=KUL&origin=KCH&endRange=2025-10-14T23:59:59Z&startRange=2025-05-15T09:00:00Z,2.0,151.0,1.0,50.0,<Response [200]>
,,,,,,CCJ,,,,,DEL,,,,2025-10-14T23:59:59Z,2025-05-15T09:00:00Z,destination=CCJ&origin=DEL&endRange=2025-10-14T23:59:59Z&startRange=2025-05-15T09:00:00Z,2.0,153.0,1.0,50.0,<Response [200]>
,,,,,,MXP,,,,,ATL,,,,2025-10-14T23:59:59Z,2025-05-15T09:00:00Z,destination=MXP&origin=ATL&endRange=2025-10-14T23:59:59Z&startRange=2025-05-15T09:00:00Z,2.0,153.0,1.0,50.0,<Response [200]>
,,,,,,KUL,,,,,BKI,,,,2025-10-14T23:59:59Z,2025-05-15T09:00:00Z,destination=KUL&origin=BKI&endRange=2025-10-14T23:59:59Z&startRange=2025-05-15T09:00:00Z,2.0,143.0,1.0,50.0,<Response [200]>
,,,,,,PKX,,,,,LHW,,,,2025-10-14T23:59:59Z,2025-05-15T09:00:00Z,destination=PKX&origin=LHW&endRange=2025-10-14T23:59:59Z&startRange=2025-05-15T09:00:00Z,2.0,115.0,1.0,50.0,<Response [200]>
,,,,,,CAN,,,,,SWA,,,,2025-10-14T23:59:59Z,2025-05-15T09:00:00Z,destination=CAN&origin=SWA&endRange=2025-10-14T23:59:59Z&startRange=2025-05-15T09:00:00Z,2.0,153.0,1.0,50.0,<Response [200]>
,,,,,,NBO,,,,,APL,,,,2025-10-14T23:59:59Z,2025-05-15T09:00:00Z,destination=NBO&origin=APL&endRange=2025-10-14T23:59:59Z&startRange=2025-05-15T09:00:00Z,2.0,135.0,1.0,50.0,<Response [200]>
,,,,,,MSP,,,,,OKC,,,,2025-10-14T23:59:59Z,2025-05-15T09:00:00Z,destination=MSP&origin=OKC&endRange=2025-10-14T23:59:59Z&startRange=2025-05-15T09:00:00Z,2.0,155.0,1.0,50.0,<Response [200]>
,,,,,,LAS,,,,,YYC,,,,2025-10-14T23:59:59Z,2025-05-15T09:00:00Z,destination=LAS&origin=YYC&endRange=2025-10-14T23:59:59Z&startRange=2025-05-15T09:00:00Z,2.0,179.0,1.0,50.0,<Response [200]>
,,,,,,HBA,,,,,SYD,,,,2025-10-14T23:59:59Z,2025-05-15T09:00:00Z,destination=HBA&origin=SYD&endRange=2025-10-14T23:59:59Z&startRange=2025-05-15T09:00:00Z,2.0,153.0,1.0,50.0,<Response [200]>
,,,,,,LAX,,,,,GDL,,,,2025-10-14T23:59:59Z,2025-05-15T09:00:00Z,destination=LAX&origin=GDL&endRange=2025-10-14T23:59:59Z&startRange=2025-05-15T09:00:00Z,2.0,160.0,1.0,50.0,<Response [200]>
,,,,,,PKX,,,,,URC,,,,2025-10-14T23:59:59Z,2025-05-15T09:00:00Z,destination=PKX&origin=URC&endRange=2025-10-14T23:59:59Z&startRange=2025-05-15T09:00:00Z,2.0,190.0,1.0,50.0,<Response [200]>
,,,,,,PKX,,,,,SHA,,,,2025-10-14T23:59:59Z,2025-05-15T09:00:00Z,destination=PKX&origin=SHA&endRange=2025-10-14T23:59:59Z&startRange=2025-05-15T09:00:00Z,2.0,151.0,1.0,50.0,<Response [200]>
,,,,,,KWE,,,,,PVG,,,,2025-10-14T23:59:59Z,2025-05-15T09:00:00Z,destination=KWE&origin=PVG&endRange=2025-10-14T23:59:59Z&startRange=2025-05-15T09:00:00Z,2.0,161.0,1.0,50.0,<Response [200]>
,,,,,,KWE,,,,,CAN,,,,2025-10-14T23:59:59Z,2025-05-15T09:00:00Z,destination=KWE&origin=CAN&endRange=2025-10-14T23:59:59Z&startRange=2025-05-15T09:00:00Z,2.0,152.0,1.0,50.0,<Response [200]>
,,,,,,HRB,,,,,PKX,,,,2025-10-14T23:59:59Z,2025-05-15T09:00:00Z,destination=HRB&origin=PKX&endRange=2025-10-14T23:59:59Z&startRange=2025-05-15T09:00:00Z,2.0,185.0,1.0,50.0,<Response [200]>
,,,,,,NKG,,,,,CKG,,,,2025-10-14T23:59:59Z,2025-05-15T09:00:00Z,destination=NKG&origin=CKG&endRange=2025-10-14T23:59:59Z&startRange=2025-05-15T09:00:00Z,2.0,185.0,1.0,50.0,<Response [200]>
,,,,,,MEM,,,,,LAX,,,,2025-10-14T23:59:59Z,2025-05-15T09:00:00Z,destination=MEM&origin=LAX&endRange=2025-10-14T23:59:59Z&startRange=2025-05-15T09:00:00Z,2.0,185.0,1.0,50.0,<Response [200]>
,,,,,,ATL,,,,,SDQ,,,,2025-10-14T23:59:59Z,2025-05-15T09:00:00Z,destination=ATL&origin=SDQ&endRange=2025-10-14T23:59:59Z&startRange=2025-05-15T09:00:00Z,2.0,153.0,1.0,50.0,<Response [200]>
,,,,,,ATL,,,,,SAP,,,,2025-10-14T23:59:59Z,2025-05-15T09:00:00Z,destination=ATL&origin=SAP&endRange=2025-10-14T23:59:59Z&startRange=2025-05-15T09:00:00Z,2.0,153.0,1.0,50.0,<Response [200]>
,,,,,,BZE,,,,,ATL,,,,2025-10-14T23:59:59Z,2025-05-15T09:00:00Z,destination=BZE&origin=ATL&endRange=2025-10-14T23:59:59Z&startRange=2025-05-15T09:00:00Z,2.0,151.0,1.0,50.0,<Response [200]>
,,,,,,RNO,,,,,MSP,,,,2025-10-14T23:59:59Z,2025-05-15T09:00:00Z,destination=RNO&origin=MSP&endRange=2025-10-14T23:59:59Z&startRange=2025-05-15T09:00:00Z,2.0,130.0,1.0,50.0,<Response [200]>
,,,,,,MSP,,,,,FAI,,,,2025-10-14T23:59:59Z,2025-05-15T09:00:00Z,destination=MSP&origin=FAI&endRange=2025-10-14T23:59:59Z&startRange=2025-05-15T09:00:00Z,2.0,117.0,1.0,50.0,<Response [200]>
,,,,,,CUN,,,,,YYZ,,,,2025-10-14T23:59:59Z,2025-05-15T09:00:00Z,destination=CUN&origin=YYZ&endRange=2025-10-14T23:59:59Z&startRange=2025-05-15T09:00:00Z,2.0,156.0,1.0,50.0,<Response [200]>
,,,,,,IDR,,,,,DEL,,,,2025-10-14T23:59:59Z,2025-05-15T09:00:00Z,destination=IDR&origin=DEL&endRange=2025-10-14T23:59:59Z&startRange=2025-05-15T09:00:00Z,2.0,153.0,1.0,50.0,<Response [200]>
,,,,,,ICN,,,,,TAE,,,,2025-10-14T23:59:59Z,2025-05-15T09:00:00Z,destination=ICN&origin=TAE&endRange=2025-10-14T23:59:59Z&startRange=2025-05-15T09:00:00Z,2.0,153.0,1.0,50.0,<Response [200]>
,,,,,,ICN,,,,,SYD,,,,2025-10-14T23:59:59Z,2025-05-15T09:00:00Z,destination=ICN&origin=SYD&endRange=2025-10-14T23:59:59Z&startRange=2025-05-15T09:00:00Z,2.0,153.0,1.0,50.0,<Response [200]>
,,,,,,ICN,,,,,DPS,,,,2025-10-14T23:59:59Z,2025-05-15T09:00:00Z,destination=ICN&origin=DPS&endRange=2025-10-14T23:59:59Z&startRange=2025-05-15T09:00:00Z,2.0,183.0,1.0,50.0,<Response [200]>
,,,,,,ATL,,,,,LIR,,,,2025-10-14T23:59:59Z,2025-05-15T09:00:00Z,destination=ATL&origin=LIR&endRange=2025-10-14T23:59:59Z&startRange=2025-05-15T09:00:00Z,2.0,165.0,1.0,50.0,<Response [200]>
,,,,,,SYD,,,,,HND,,,,2025-10-14T23:59:59Z,2025-05-15T09:00:00Z,destination=SYD&origin=HND&endRange=2025-10-14T23:59:59Z&startRange=2025-05-15T09:00:00Z,2.0,152.0,1.0,50.0,<Response [200]>
,,,,,,ATL,,,,,GUA,,,,2025-10-14T23:59:59Z,2025-05-15T09:00:00Z,destination=ATL&origin=GUA&endRange=2025-10-14T23:59:59Z&startRange=2025-05-15T09:00:00Z,2.0,153.0,1.0,50.0,<Response [200]>
,,,,,,URC,,,,,PKX,,,,2025-10-14T23:59:59Z,2025-05-15T09:00:00Z,destination=URC&origin=PKX&endRange=2025-10-14T23:59:59Z&startRange=2025-05-15T09:00:00Z,2.0,180.0,1.0,50.0,<Response [200]>
,,,,,,NBO,,,,,HAH,,,,2025-10-14T23:59:59Z,2025-05-15T09:00:00Z,destination=NBO&origin=HAH&endRange=2025-10-14T23:59:59Z&startRange=2025-05-15T09:00:00Z,2.0,175.0,1.0,50.0,<Response [200]>
,,,,,,HAH,,,,,NBO,,,,2025-10-14T23:59:59Z,2025-05-15T09:00:00Z,destination=HAH&origin=NBO&endRange=2025-10-14T23:59:59Z&startRange=2025-05-15T09:00:00Z,2.0,175.0,1.0,50.0,<Response [200]>
,,,,,,MEX,,,,,IAH,,,,2025-10-14T23:59:59Z,2025-05-15T09:00:00Z,destination=MEX&origin=IAH&endRange=2025-10-14T23:59:59Z&startRange=2025-05-15T09:00:00Z,2.0,177.0,1.0,50.0,<Response [200]>
,,,,,,PKX,,,,,HRB,,,,2025-10-14T23:59:59Z,2025-05-15T09:00:00Z,destination=PKX&origin=HRB&endRange=2025-10-14T23:59:59Z&startRange=2025-05-15T09:00:00Z,2.0,185.0,1.0,50.0,<Response [200]>
,,,,,,BEL,,,,,GRU,,,,2025-10-14T23:59:59Z,2025-05-15T09:00:00Z,destination=BEL&origin=GRU&endRange=2025-10-14T23:59:59Z&startRange=2025-05-15T09:00:00Z,2.0,185.0,1.0,50.0,<Response [200]>
,,,,,,HFE,,,,,KMG,,,,2025-10-14T23:59:59Z,2025-05-15T09:00:00Z,destination=HFE&origin=KMG&endRange=2025-10-14T23:59:59Z&startRange=2025-05-15T09:00:00Z,2.0,122.0,1.0,50.0,<Response [200]>
,,,,,,LGA,,,,,ROC,,,,2025-10-14T23:59:59Z,2025-05-15T09:00:00Z,destination=LGA&origin=ROC&endRange=2025-10-14T23:59:59Z&startRange=2025-05-15T09:00:00Z,2.0,114.0,1.0,50.0,<Response [200]>
,,,,,,HRB,,,,,SHA,,,,2025-10-14T23:59:59Z,2025-05-15T09:00:00Z,destination=HRB&origin=SHA&endRange=2025-10-14T23:59:59Z&startRange=2025-05-15T09:00:00Z,2.0,132.0,1.0,50.0,<Response [200]>
,,,,,,REX,,,,,MEX,,,,2025-10-14T23:59:59Z,2025-05-15T09:00:00Z,destination=REX&origin=MEX&endRange=2025-10-14T23:59:59Z&startRange=2025-05-15T09:00:00Z,2.0,185.0,1.0,50.0,<Response [200]>
,,,,,,CTU,,,,,PKX,,,,2025-10-14T23:59:59Z,2025-05-15T09:00:00Z,destination=CTU&origin=PKX&endRange=2025-10-14T23:59:59Z&startRange=2025-05-15T09:00:00Z,2.0,185.0,1.0,50.0,<Response [200]>
,,,,,,SKG,,,,,BEG,,,,2025-10-14T23:59:59Z,2025-05-15T09:00:00Z,destination=SKG&origin=BEG&endRange=2025-10-14T23:59:59Z&startRange=2025-05-15T09:00:00Z,2.0,186.0,1.0,50.0,<Response [200]>
,,,,,,BEG,,,,,SKG,,,,2025-10-14T23:59:59Z,2025-05-15T09:00:00Z,destination=BEG&origin=SKG&endRange=2025-10-14T23:59:59Z&startRange=2025-05-15T09:00:00Z,2.0,186.0,1.0,50.0,<Response [200]>
,,,,,,SYX,,,,,PKX,,,,2025-10-14T23:59:59Z,2025-05-15T09:00:00Z,destination=SYX&origin=PKX&endRange=2025-10-14T23:59:59Z&startRange=2025-05-15T09:00:00Z,2.0,179.0,1.0,50.0,<Response [200]>
,,,,,,YYC,,,,,SFO,,,,2025-10-14T23:59:59Z,2025-05-15T09:00:00Z,destination=YYC&origin=SFO&endRange=2025-10-14T23:59:59Z&startRange=2025-05-15T09:00:00Z,2.0,179.0,1.0,50.0,<Response [200]>
,,,,,,IGR,,,,,EZE,,,,2025-10-14T23:59:59Z,2025-05-15T09:00:00Z,destination=IGR&origin=EZE&endRange=2025-10-14T23:59:59Z&startRange=2025-05-15T09:00:00Z,2.0,179.0,1.0,50.0,<Response [200]>
,,,,,,PVG,,,,,LHW,,,,2025-10-14T23:59:59Z,2025-05-15T09:00:00Z,destination=PVG&origin=LHW&endRange=2025-10-14T23:59:59Z&startRange=2025-05-15T09:00:00Z,2.0,180.0,1.0,50.0,<Response [200]>
,,,,,,LAX,,,,,YYC,,,,2025-10-14T23:59:59Z,2025-05-15T09:00:00Z,destination=LAX&origin=YYC&endRange=2025-10-14T23:59:59Z&startRange=2025-05-15T09:00:00Z,2.0,173.0,1.0,50.0,<Response [200]>
,,,,,,AKL,,,,,KUL,,,,2025-10-14T23:59:59Z,2025-05-15T09:00:00Z,destination=AKL&origin=KUL&endRange=2025-10-14T23:59:59Z&startRange=2025-05-15T09:00:00Z,2.0,174.0,1.0,50.0,<Response [200]>
,,,,,,TFU,,,,,FOC,,,,2025-10-14T23:59:59Z,2025-05-15T09:00:00Z,destination=TFU&origin=FOC&endRange=2025-10-14T23:59:59Z&startRange=2025-05-15T09:00:00Z,2.0,174.0,1.0,50.0,<Response [200]>
,,,,,,YYC,,,,,LAS,,,,2025-10-14T23:59:59Z,2025-05-15T09:00:00Z,destination=YYC&origin=LAS&endRange=2025-10-14T23:59:59Z&startRange=2025-05-15T09:00:00Z,2.0,180.0,1.0,50.0,<Response [200]>
,,,,,,SHE,,,,,CAN,,,,2025-10-14T23:59:59Z,2025-05-15T09:00:00Z,destination=SHE&origin=CAN&endRange=2025-10-14T23:59:59Z&startRange=2025-05-15T09:00:00Z,2.0,181.0,1.0,50.0,<Response [200]>
,,,,,,PTY,,,,,ATL,,,,2025-10-14T23:59:59Z,2025-05-15T09:00:00Z,destination=PTY&origin=ATL&endRange=2025-10-14T23:59:59Z&startRange=2025-05-15T09:00:00Z,2.0,181.0,1.0,50.0,<Response [200]>
,,,,,,SWA,,,,,PKX,,,,2025-10-14T23:59:59Z,2025-05-15T09:00:00Z,destination=SWA&origin=PKX&endRange=2025-10-14T23:59:59Z&startRange=2025-05-15T09:00:00Z,2.0,181.0,1.0,50.0,<Response [200]>
,,,,,,PKX,,,,,SWA,,,,2025-10-14T23:59:59Z,2025-05-15T09:00:00Z,destination=PKX&origin=SWA&endRange=2025-10-14T23:59:59Z&startRange=2025-05-15T09:00:00Z,2.0,181.0,1.0,50.0,<Response [200]>
,,,,,,RDU,,,,,AUS,,,,2025-10-14T23:59:59Z,2025-05-15T09:00:00Z,destination=RDU&origin=AUS&endRange=2025-10-14T23:59:59Z&startRange=2025-05-15T09:00:00Z,2.0,182.0,1.0,50.0,<Response [200]>
,,,,,,KIX,,,,,PVG,,,,2025-10-14T23:59:59Z,2025-05-15T09:00:00Z,destination=KIX&origin=PVG&endRange=2025-10-14T23:59:59Z&startRange=2025-05-15T09:00:00Z,2.0,182.0,1.0,50.0,<Response [200]>
,,,,,,INC,,,,,PVG,,,,2025-10-14T23:59:59Z,2025-05-15T09:00:00Z,destination=INC&origin=PVG&endRange=2025-10-14T23:59:59Z&startRange=2025-05-15T09:00:00Z,2.0,182.0,1.0,50.0,<Response [200]>
,,,,,,YWG,,,,,YEG,,,,2025-10-14T23:59:59Z,2025-05-15T09:00:00Z,destination=YWG&origin=YEG&endRange=2025-10-14T23:59:59Z&startRange=2025-05-15T09:00:00Z,2.0,183.0,1.0,50.0,<Response [200]>
,,,,,,PKX,,,,,CTU,,,,2025-10-14T23:59:59Z,2025-05-15T09:00:00Z,destination=PKX&origin=CTU&endRange=2025-10-14T23:59:59Z&startRange=2025-05-15T09:00:00Z,2.0,183.0,1.0,50.0,<Response [200]>
,,,,,,MSY,,,,,SLC,,,,2025-10-14T23:59:59Z,2025-05-15T09:00:00Z,destination=MSY&origin=SLC&endRange=2025-10-14T23:59:59Z&startRange=2025-05-15T09:00:00Z,2.0,175.0,1.0,50.0,<Response [200]>
,,,,,,YYC,,,,,YKA,,,,2025-10-14T23:59:59Z,2025-05-15T09:00:00Z,destination=YYC&origin=YKA&endRange=2025-10-14T23:59:59Z&startRange=2025-05-15T09:00:00Z,2.0,175.0,1.0,50.0,<Response [200]>
,,,,,,AUH,,,,,LHE,,,,2025-10-14T23:59:59Z,2025-05-15T09:00:00Z,destination=AUH&origin=LHE&endRange=2025-10-14T23:59:59Z&startRange=2025-05-15T09:00:00Z,2.0,175.0,1.0,50.0,<Response [200]>
,,,,,,PTY,,,,,GEO,,,,2025-10-14T23:59:59Z,2025-05-15T09:00:00Z,destination=PTY&origin=GEO&endRange=2025-10-14T23:59:59Z&startRange=2025-05-15T09:00:00Z,2.0,169.0,1.0,50.0,<Response [200]>
,,,,,,MDZ,,,,,EZE,,,,2025-10-14T23:59:59Z,2025-05-15T09:00:00Z,destination=MDZ&origin=EZE&endRange=2025-10-14T23:59:59Z&startRange=2025-05-15T09:00:00Z,2.0,169.0,1.0,50.0,<Response [200]>
,,,,,,SUB,,,,,SIN,,,,2025-10-14T23:59:59Z,2025-05-15T09:00:00Z,destination=SUB&origin=SIN&endRange=2025-10-14T23:59:59Z&startRange=2025-05-15T09:00:00Z,2.0,169.0,1.0,50.0,<Response [200]>
,,,,,,HAN,,,,,KUL,,,,2025-10-14T23:59:59Z,2025-05-15T09:00:00Z,destination=HAN&origin=KUL&endRange=2025-10-14T23:59:59Z&startRange=2025-05-15T09:00:00Z,2.0,177.0,1.0,50.0,<Response [200]>
,,,,,,AEP,,,,,JUJ,,,,2025-10-14T23:59:59Z,2025-05-15T09:00:00Z,destination=AEP&origin=JUJ&endRange=2025-10-14T23:59:59Z&startRange=2025-05-15T09:00:00Z,2.0,177.0,1.0,50.0,<Response [200]>
,,,,,,PXM,,,,,MEX,,,,2025-10-14T23:59:59Z,2025-05-15T09:00:00Z,destination=PXM&origin=MEX&endRange=2025-10-14T23:59:59Z&startRange=2025-05-15T09:00:00Z,2.0,177.0,1.0,50.0,<Response [200]>
,,,,,,ICN,,,,,KIX,,,,2025-10-14T23:59:59Z,2025-05-15T09:00:00Z,destination=ICN&origin=KIX&endRange=2025-10-14T23:59:59Z&startRange=2025-05-15T09:00:00Z,2.0,178.0,1.0,50.0,<Response [200]>
,,,,,,IGU,,,,,GIG,,,,2025-10-14T23:59:59Z,2025-05-15T09:00:00Z,destination=IGU&origin=GIG&endRange=2025-10-14T23:59:59Z&startRange=2025-05-15T09:00:00Z,2.0,178.0,1.0,50.0,<Response [200]>
,,,,,,CLT,,,,,LGA,,,,2025-10-14T23:59:59Z,2025-05-15T09:00:00Z,destination=CLT&origin=LGA&endRange=2025-10-14T23:59:59Z&startRange=2025-05-15T09:00:00Z,2.0,178.0,1.0,50.0,<Response [200]>
,,,,,,GIG,,,,,AJU,,,,2025-10-14T23:59:59Z,2025-05-15T09:00:00Z,destination=GIG&origin=AJU&endRange=2025-10-14T23:59:59Z&startRange=2025-05-15T09:00:00Z,2.0,178.0,1.0,50.0,<Response [200]>
,,,,,,MED,,,,,JED,,,,2025-10-14T23:59:59Z,2025-05-15T09:00:00Z,destination=MED&origin=JED&endRange=2025-10-14T23:59:59Z&startRange=2025-05-15T09:00:00Z,2.0,178.0,1.0,50.0,<Response [200]>
,,,,,,MSP,,,,,BUF,,,,2025-10-14T23:59:59Z,2025-05-15T09:00:00Z,destination=MSP&origin=BUF&endRange=2025-10-14T23:59:59Z&startRange=2025-05-15T09:00:00Z,2.0,178.0,1.0,50.0,<Response [200]>
,,,,,,TPE,,,,,HAN,,,,2025-10-14T23:59:59Z,2025-05-15T09:00:00Z,destination=TPE&origin=HAN&endRange=2025-10-14T23:59:59Z&startRange=2025-05-15T09:00:00Z,2.0,179.0,1.0,50.0,<Response [200]>
,,,,,,GIG,,,,,BSB,,,,2025-10-14T23:59:59Z,2025-05-15T09:00:00Z,destination=GIG&origin=BSB&endRange=2025-10-14T23:59:59Z&startRange=2025-05-15T09:00:00Z,2.0,173.0,1.0,50.0,<Response [200]>
,,,,,,YYZ,,,,,YUL,,,,2025-10-14T23:59:59Z,2025-05-15T09:00:00Z,destination=YYZ&origin=YUL&endRange=2025-10-14T23:59:59Z&startRange=2025-05-15T09:00:00Z,2.0,173.0,1.0,50.0,<Response [200]>
,,,,,,TUC,,,,,AEP,,,,2025-10-14T23:59:59Z,2025-05-15T09:00:00Z,destination=TUC&origin=AEP&endRange=2025-10-14T23:59:59Z&startRange=2025-05-15T09:00:00Z,2.0,173.0,1.0,50.0,<Response [200]>
,,,,,,YUL,,,,,YYZ,,,,2025-10-14T23:59:59Z,2025-05-15T09:00:00Z,destination=YUL&origin=YYZ&endRange=2025-10-14T23:59:59Z&startRange=2025-05-15T09:00:00Z,2.0,166.0,1.0,50.0,<Response [200]>
,,,,,,KEF,,,,,DTW,,,,2025-10-14T23:59:59Z,2025-05-15T09:00:00Z,destination=KEF&origin=DTW&endRange=2025-10-14T23:59:59Z&startRange=2025-05-15T09:00:00Z,2.0,166.0,1.0,50.0,<Response [200]>
,,,,,,EWR,,,,,CVG,,,,2025-10-14T23:59:59Z,2025-05-15T09:00:00Z,destination=EWR&origin=CVG&endRange=2025-10-14T23:59:59Z&startRange=2025-05-15T09:00:00Z,2.0,166.0,1.0,50.0,<Response [200]>
,,,,,,SIN,,,,,DRW,,,,2025-10-14T23:59:59Z,2025-05-15T09:00:00Z,destination=SIN&origin=DRW&endRange=2025-10-14T23:59:59Z&startRange=2025-05-15T09:00:00Z,2.0,174.0,1.0,50.0,<Response [200]>
,,,,,,CVG,,,,,TPA,,,,2025-10-14T23:59:59Z,2025-05-15T09:00:00Z,destination=CVG&origin=TPA&endRange=2025-10-14T23:59:59Z&startRange=2025-05-15T09:00:00Z,2.0,174.0,1.0,50.0,<Response [200]>
,,,,,,HFE,,,,,PVG,,,,2025-10-14T23:59:59Z,2025-05-15T09:00:00Z,destination=HFE&origin=PVG&endRange=2025-10-14T23:59:59Z&startRange=2025-05-15T09:00:00Z,2.0,174.0,1.0,50.0,<Response [200]>
,,,,,,CUN,,,,,JFK,,,,2025-10-14T23:59:59Z,2025-05-15T09:00:00Z,destination=CUN&origin=JFK&endRange=2025-10-14T23:59:59Z&startRange=2025-05-15T09:00:00Z,2.0,174.0,1.0,50.0,<Response [200]>
,,,,,,XMN,,,,,KWE,,,,2025-10-14T23:59:59Z,2025-05-15T09:00:00Z,destination=XMN&origin=KWE&endRange=2025-10-14T23:59:59Z&startRange=2025-05-15T09:00:00Z,2.0,175.0,1.0,50.0,<Response [200]>
,,,,,,PKX,,,,,XMN,,,,2025-10-14T23:59:59Z,2025-05-15T09:00:00Z,destination=PKX&origin=XMN&endRange=2025-10-14T23:59:59Z&startRange=2025-05-15T09:00:00Z,2.0,175.0,1.0,50.0,<Response [200]>
,,,,,,HAN,,,,,TPE,,,,2025-10-14T23:59:59Z,2025-05-15T09:00:00Z,destination=HAN&origin=TPE&endRange=2025-10-14T23:59:59Z&startRange=2025-05-15T09:00:00Z,2.0,175.0,1.0,50.0,<Response [200]>
,,,,,,CKG,,,,,NKG,,,,2025-10-14T23:59:59Z,2025-05-15T09:00:00Z,destination=CKG&origin=NKG&endRange=2025-10-14T23:59:59Z&startRange=2025-05-15T09:00:00Z,2.0,175.0,1.0,50.0,<Response [200]>
,,,,,,PVG,,,,,HFE,,,,2025-10-14T23:59:59Z,2025-05-15T09:00:00Z,destination=PVG&origin=HFE&endRange=2025-10-14T23:59:59Z&startRange=2025-05-15T09:00:00Z,2.0,175.0,1.0,50.0,<Response [200]>
,,,,,,PTY,,,,,POS,,,,2025-10-14T23:59:59Z,2025-05-15T09:00:00Z,destination=PTY&origin=POS&endRange=2025-10-14T23:59:59Z&startRange=2025-05-15T09:00:00Z,2.0,175.0,1.0,50.0,<Response [200]>
,,,,,,KHN,,,,,JHG,,,,2025-10-14T23:59:59Z,2025-05-15T09:00:00Z,destination=KHN&origin=JHG&endRange=2025-10-14T23:59:59Z&startRange=2025-05-15T09:00:00Z,2.0,168.0,1.0,50.0,<Response [200]>
,,,,,,GRU,,,,,SLZ,,,,2025-10-14T23:59:59Z,2025-05-15T09:00:00Z,destination=GRU&origin=SLZ&endRange=2025-10-14T23:59:59Z&startRange=2025-05-15T09:00:00Z,2.0,169.0,1.0,50.0,<Response [200]>
,,,,,,BKK,,,,,XMN,,,,2025-10-14T23:59:59Z,2025-05-15T09:00:00Z,destination=BKK&origin=XMN&endRange=2025-10-14T23:59:59Z&startRange=2025-05-15T09:00:00Z,2.0,169.0,1.0,50.0,<Response [200]>
,,,,,,XIY,,,,,TSN,,,,2025-10-14T23:59:59Z,2025-05-15T09:00:00Z,destination=XIY&origin=TSN&endRange=2025-10-14T23:59:59Z&startRange=2025-05-15T09:00:00Z,2.0,162.0,1.0,50.0,<Response [200]>
,,,,,,CGQ,,,,,XIY,,,,2025-10-14T23:59:59Z,2025-05-15T09:00:00Z,destination=CGQ&origin=XIY&endRange=2025-10-14T23:59:59Z&startRange=2025-05-15T09:00:00Z,2.0,162.0,1.0,50.0,<Response [200]>
,,,,,,NBO,,,,,TNR,,,,2025-10-14T23:59:59Z,2025-05-15T09:00:00Z,destination=NBO&origin=TNR&endRange=2025-10-14T23:59:59Z&startRange=2025-05-15T09:00:00Z,2.0,162.0,1.0,50.0,<Response [200]>
,,,,,,SJD,,,,,ATL,,,,2025-10-14T23:59:59Z,2025-05-15T09:00:00Z,destination=SJD&origin=ATL&endRange=2025-10-14T23:59:59Z&startRange=2025-05-15T09:00:00Z,2.0,170.0,1.0,50.0,<Response [200]>
,,,,,,TPE,,,,,MNL,,,,2025-10-14T23:59:59Z,2025-05-15T09:00:00Z,destination=TPE&origin=MNL&endRange=2025-10-14T23:59:59Z&startRange=2025-05-15T09:00:00Z,2.0,171.0,1.0,50.0,<Response [200]>
,,,,,,MNL,,,,,TPE,,,,2025-10-14T23:59:59Z,2025-05-15T09:00:00Z,destination=MNL&origin=TPE&endRange=2025-10-14T23:59:59Z&startRange=2025-05-15T09:00:00Z,2.0,171.0,1.0,50.0,<Response [200]>
,,,,,,XIY,,,,,HRB,,,,2025-10-14T23:59:59Z,2025-05-15T09:00:00Z,destination=XIY&origin=HRB&endRange=2025-10-14T23:59:59Z&startRange=2025-05-15T09:00:00Z,2.0,172.0,1.0,50.0,<Response [200]>
,,,,,,YYZ,,,,,CUN,,,,2025-10-14T23:59:59Z,2025-05-15T09:00:00Z,destination=YYZ&origin=CUN&endRange=2025-10-14T23:59:59Z&startRange=2025-05-15T09:00:00Z,2.0,172.0,1.0,50.0,<Response [200]>
,,,,,,NKG,,,,,SZX,,,,2025-10-14T23:59:59Z,2025-05-15T09:00:00Z,destination=NKG&origin=SZX&endRange=2025-10-14T23:59:59Z&startRange=2025-05-15T09:00:00Z,2.0,173.0,1.0,50.0,<Response [200]>
,,,,,,TPA,,,,,CVG,,,,2025-10-14T23:59:59Z,2025-05-15T09:00:00Z,destination=TPA&origin=CVG&endRange=2025-10-14T23:59:59Z&startRange=2025-05-15T09:00:00Z,2.0,173.0,1.0,50.0,<Response [200]>
,,,,,,TFU,,,,,HGH,,,,2025-10-14T23:59:59Z,2025-05-15T09:00:00Z,destination=TFU&origin=HGH&endRange=2025-10-14T23:59:59Z&startRange=2025-05-15T09:00:00Z,2.0,173.0,1.0,50.0,<Response [200]>
,,,,,,ATL,,,,,SJO,,,,2025-10-14T23:59:59Z,2025-05-15T09:00:00Z,destination=ATL&origin=SJO&endRange=2025-10-14T23:59:59Z&startRange=2025-05-15T09:00:00Z,2.0,173.0,1.0,50.0,<Response [200]>
,,,,,,LIR,,,,,ATL,,,,2025-10-14T23:59:59Z,2025-05-15T09:00:00Z,destination=LIR&origin=ATL&endRange=2025-10-14T23:59:59Z&startRange=2025-05-15T09:00:00Z,2.0,173.0,1.0,50.0,<Response [200]>
,,,,,,BOS,,,,,SAT,,,,2025-10-14T23:59:59Z,2025-05-15T09:00:00Z,destination=BOS&origin=SAT&endRange=2025-10-14T23:59:59Z&startRange=2025-05-15T09:00:00Z,2.0,165.0,1.0,50.0,<Response [200]>
,,,,,,TPE,,,,,PUS,,,,2025-10-14T23:59:59Z,2025-05-15T09:00:00Z,destination=TPE&origin=PUS&endRange=2025-10-14T23:59:59Z&startRange=2025-05-15T09:00:00Z,2.0,165.0,1.0,50.0,<Response [200]>
,,,,,,RUH,,,,,HAS,,,,2025-10-14T23:59:59Z,2025-05-15T09:00:00Z,destination=RUH&origin=HAS&endRange=2025-10-14T23:59:59Z&startRange=2025-05-15T09:00:00Z,2.0,165.0,1.0,50.0,<Response [200]>
,,,,,,HAK,,,,,XMN,,,,2025-10-14T23:59:59Z,2025-05-15T09:00:00Z,destination=HAK&origin=XMN&endRange=2025-10-14T23:59:59Z&startRange=2025-05-15T09:00:00Z,2.0,159.0,1.0,50.0,<Response [200]>
,,,,,,PVG,,,,,TSN,,,,2025-10-14T23:59:59Z,2025-05-15T09:00:00Z,destination=PVG&origin=TSN&endRange=2025-10-14T23:59:59Z&startRange=2025-05-15T09:00:00Z,2.0,159.0,1.0,50.0,<Response [200]>
,,,,,,XIY,,,,,TAO,,,,2025-10-14T23:59:59Z,2025-05-15T09:00:00Z,destination=XIY&origin=TAO&endRange=2025-10-14T23:59:59Z&startRange=2025-05-15T09:00:00Z,2.0,159.0,1.0,50.0,<Response [200]>
,,,,,,MIA,,,,,RDU,,,,2025-10-14T23:59:59Z,2025-05-15T09:00:00Z,destination=MIA&origin=RDU&endRange=2025-10-14T23:59:59Z&startRange=2025-05-15T09:00:00Z,2.0,166.0,1.0,50.0,<Response [200]>
,,,,,,DTW,,,,,KEF,,,,2025-10-14T23:59:59Z,2025-05-15T09:00:00Z,destination=DTW&origin=KEF&endRange=2025-10-14T23:59:59Z&startRange=2025-05-15T09:00:00Z,2.0,166.0,1.0,50.0,<Response [200]>
,,,,,,MSP,,,,,RNO,,,,2025-10-14T23:59:59Z,2025-05-15T09:00:00Z,destination=MSP&origin=RNO&endRange=2025-10-14T23:59:59Z&startRange=2025-05-15T09:00:00Z,2.0,167.0,1.0,50.0,<Response [200]>
,,,,,,EBB,,,,,KGL,,,,2025-10-14T23:59:59Z,2025-05-15T09:00:00Z,destination=EBB&origin=KGL&endRange=2025-10-14T23:59:59Z&startRange=2025-05-15T09:00:00Z,2.0,167.0,1.0,50.0,<Response [200]>
,,,,,,CAN,,,,,CGQ,,,,2025-10-14T23:59:59Z,2025-05-15T09:00:00Z,destination=CAN&origin=CGQ&endRange=2025-10-14T23:59:59Z&startRange=2025-05-15T09:00:00Z,2.0,168.0,1.0,50.0,<Response [200]>
,,,,,,JHG,,,,,KHN,,,,2025-10-14T23:59:59Z,2025-05-15T09:00:00Z,destination=JHG&origin=KHN&endRange=2025-10-14T23:59:59Z&startRange=2025-05-15T09:00:00Z,2.0,168.0,1.0,50.0,<Response [200]>
,,,,,,DPS,,,,,ICN,,,,2025-10-14T23:59:59Z,2025-05-15T09:00:00Z,destination=DPS&origin=ICN&endRange=2025-10-14T23:59:59Z&startRange=2025-05-15T09:00:00Z,2.0,168.0,1.0,50.0,<Response [200]>
,,,,,,ATL,,,,,SJD,,,,2025-10-14T23:59:59Z,2025-05-15T09:00:00Z,destination=ATL&origin=SJD&endRange=2025-10-14T23:59:59Z&startRange=2025-05-15T09:00:00Z,2.0,168.0,1.0,50.0,<Response [200]>
,,,,,,JFK,,,,,NAS,,,,2025-10-14T23:59:59Z,2025-05-15T09:00:00Z,destination=JFK&origin=NAS&endRange=2025-10-14T23:59:59Z&startRange=2025-05-15T09:00:00Z,2.0,168.0,1.0,50.0,<Response [200]>
,,,,,,NGO,,,,,TPE,,,,2025-10-14T23:59:59Z,2025-05-15T09:00:00Z,destination=NGO&origin=TPE&endRange=2025-10-14T23:59:59Z&startRange=2025-05-15T09:00:00Z,2.0,168.0,1.0,50.0,<Response [200]>
,,,,,,MVD,,,,,GRU,,,,2025-10-14T23:59:59Z,2025-05-15T09:00:00Z,destination=MVD&origin=GRU&endRange=2025-10-14T23:59:59Z&startRange=2025-05-15T09:00:00Z,2.0,161.0,1.0,50.0,<Response [200]>
,,,,,,GRU,,,,,MVD,,,,2025-10-14T23:59:59Z,2025-05-15T09:00:00Z,destination=GRU&origin=MVD&endRange=2025-10-14T23:59:59Z&startRange=2025-05-15T09:00:00Z,2.0,161.0,1.0,50.0,<Response [200]>
,,,,,,XMN,,,,,NNG,,,,2025-10-14T23:59:59Z,2025-05-15T09:00:00Z,destination=XMN&origin=NNG&endRange=2025-10-14T23:59:59Z&startRange=2025-05-15T09:00:00Z,2.0,162.0,1.0,50.0,<Response [200]>
,,,,,,JFK,,,,,HNL,,,,2025-10-14T23:59:59Z,2025-05-15T09:00:00Z,destination=JFK&origin=HNL&endRange=2025-10-14T23:59:59Z&startRange=2025-05-15T09:00:00Z,2.0,154.0,1.0,50.0,<Response [200]>
,,,,,,TPE,,,,,NGO,,,,2025-10-14T23:59:59Z,2025-05-15T09:00:00Z,destination=TPE&origin=NGO&endRange=2025-10-14T23:59:59Z&startRange=2025-05-15T09:00:00Z,2.0,154.0,1.0,50.0,<Response [200]>
,,,,,,LGA,,,,,YYZ,,,,2025-10-14T23:59:59Z,2025-05-15T09:00:00Z,destination=LGA&origin=YYZ&endRange=2025-10-14T23:59:59Z&startRange=2025-05-15T09:00:00Z,2.0,154.0,1.0,50.0,<Response [200]>
,,,,,,EZE,,,,,SCL,,,,2025-10-14T23:59:59Z,2025-05-15T09:00:00Z,destination=EZE&origin=SCL&endRange=2025-10-14T23:59:59Z&startRange=2025-05-15T09:00:00Z,2.0,162.0,1.0,50.0,<Response [200]>
,,,,,,PVG,,,,,KWE,,,,2025-10-14T23:59:59Z,2025-05-15T09:00:00Z,destination=PVG&origin=KWE&endRange=2025-10-14T23:59:59Z&startRange=2025-05-15T09:00:00Z,2.0,162.0,1.0,50.0,<Response [200]>
,,,,,,FOC,,,,,NKG,,,,2025-10-14T23:59:59Z,2025-05-15T09:00:00Z,destination=FOC&origin=NKG&endRange=2025-10-14T23:59:59Z&startRange=2025-05-15T09:00:00Z,2.0,164.0,1.0,50.0,<Response [200]>
,,,,,,SZX,,,,,NKG,,,,2025-10-14T23:59:59Z,2025-05-15T09:00:00Z,destination=SZX&origin=NKG&endRange=2025-10-14T23:59:59Z&startRange=2025-05-15T09:00:00Z,2.0,165.0,1.0,50.0,<Response [200]>
,,,,,,TFU,,,,,XMN,,,,2025-10-14T23:59:59Z,2025-05-15T09:00:00Z,destination=TFU&origin=XMN&endRange=2025-10-14T23:59:59Z&startRange=2025-05-15T09:00:00Z,2.0,165.0,1.0,50.0,<Response [200]>
,,,,,,XMN,,,,,TFU,,,,2025-10-14T23:59:59Z,2025-05-15T09:00:00Z,destination=XMN&origin=TFU&endRange=2025-10-14T23:59:59Z&startRange=2025-05-15T09:00:00Z,2.0,165.0,1.0,50.0,<Response [200]>
,,,,,,PVG,,,,,DSN,,,,2025-10-14T23:59:59Z,2025-05-15T09:00:00Z,destination=PVG&origin=DSN&endRange=2025-10-14T23:59:59Z&startRange=2025-05-15T09:00:00Z,2.0,165.0,1.0,50.0,<Response [200]>
,,,,,,POA,,,,,GIG,,,,2025-10-14T23:59:59Z,2025-05-15T09:00:00Z,destination=POA&origin=GIG&endRange=2025-10-14T23:59:59Z&startRange=2025-05-15T09:00:00Z,2.0,165.0,1.0,50.0,<Response [200]>
,,,,,,TPE,,,,,SGN,,,,2025-10-14T23:59:59Z,2025-05-15T09:00:00Z,destination=TPE&origin=SGN&endRange=2025-10-14T23:59:59Z&startRange=2025-05-15T09:00:00Z,2.0,165.0,1.0,50.0,<Response [200]>
,,,,,,CGQ,,,,,CAN,,,,2025-10-14T23:59:59Z,2025-05-15T09:00:00Z,destination=CGQ&origin=CAN&endRange=2025-10-14T23:59:59Z&startRange=2025-05-15T09:00:00Z,2.0,165.0,1.0,50.0,<Response [200]>
,,,,,,BRC,,,,,AEP,,,,2025-10-14T23:59:59Z,2025-05-15T09:00:00Z,destination=BRC&origin=AEP&endRange=2025-10-14T23:59:59Z&startRange=2025-05-15T09:00:00Z,2.0,158.0,1.0,50.0,<Response [200]>
,,,,,,PSS,,,,,AEP,,,,2025-10-14T23:59:59Z,2025-05-15T09:00:00Z,destination=PSS&origin=AEP&endRange=2025-10-14T23:59:59Z&startRange=2025-05-15T09:00:00Z,2.0,158.0,1.0,50.0,<Response [200]>
,,,,,,SJO,,,,,MEX,,,,2025-10-14T23:59:59Z,2025-05-15T09:00:00Z,destination=SJO&origin=MEX&endRange=2025-10-14T23:59:59Z&startRange=2025-05-15T09:00:00Z,2.0,159.0,1.0,50.0,<Response [200]>
,,,,,,ATL,,,,,MXP,,,,2025-10-14T23:59:59Z,2025-05-15T09:00:00Z,destination=ATL&origin=MXP&endRange=2025-10-14T23:59:59Z&startRange=2025-05-15T09:00:00Z,2.0,153.0,1.0,50.0,<Response [200]>
,,,,,,SCL,,,,,EZE,,,,2025-10-14T23:59:59Z,2025-05-15T09:00:00Z,destination=SCL&origin=EZE&endRange=2025-10-14T23:59:59Z&startRange=2025-05-15T09:00:00Z,2.0,153.0,1.0,50.0,<Response [200]>
,,,,,,CAN,,,,,DLC,,,,2025-10-14T23:59:59Z,2025-05-15T09:00:00Z,destination=CAN&origin=DLC&endRange=2025-10-14T23:59:59Z&startRange=2025-05-15T09:00:00Z,2.0,153.0,1.0,50.0,<Response [200]>
,,,,,,VIX,,,,,GIG,,,,2025-10-14T23:59:59Z,2025-05-15T09:00:00Z,destination=VIX&origin=GIG&endRange=2025-10-14T23:59:59Z&startRange=2025-05-15T09:00:00Z,2.0,159.0,1.0,50.0,<Response [200]>
,,,,,,SLZ,,,,,GRU,,,,2025-10-14T23:59:59Z,2025-05-15T09:00:00Z,destination=SLZ&origin=GRU&endRange=2025-10-14T23:59:59Z&startRange=2025-05-15T09:00:00Z,2.0,159.0,1.0,50.0,<Response [200]>
,,,,,,MEX,,,,,ORD,,,,2025-10-14T23:59:59Z,2025-05-15T09:00:00Z,destination=MEX&origin=ORD&endRange=2025-10-14T23:59:59Z&startRange=2025-05-15T09:00:00Z,2.0,159.0,1.0,50.0,<Response [200]>
,,,,,,SHA,,,,,TSN,,,,2025-10-14T23:59:59Z,2025-05-15T09:00:00Z,destination=SHA&origin=TSN&endRange=2025-10-14T23:59:59Z&startRange=2025-05-15T09:00:00Z,2.0,159.0,1.0,50.0,<Response [200]>
,,,,,,GIG,,,,,GYN,,,,2025-10-14T23:59:59Z,2025-05-15T09:00:00Z,destination=GIG&origin=GYN&endRange=2025-10-14T23:59:59Z&startRange=2025-05-15T09:00:00Z,2.0,159.0,1.0,50.0,<Response [200]>
,,,,,,TNR,,,,,NBO,,,,2025-10-14T23:59:59Z,2025-05-15T09:00:00Z,destination=TNR&origin=NBO&endRange=2025-10-14T23:59:59Z&startRange=2025-05-15T09:00:00Z,2.0,159.0,1.0,50.0,<Response [200]>
,,,,,,PHX,,,,,YYC,,,,2025-10-14T23:59:59Z,2025-05-15T09:00:00Z,destination=PHX&origin=YYC&endRange=2025-10-14T23:59:59Z&startRange=2025-05-15T09:00:00Z,2.0,160.0,1.0,50.0,<Response [200]>
,,,,,,NKG,,,,,SHE,,,,2025-10-14T23:59:59Z,2025-05-15T09:00:00Z,destination=NKG&origin=SHE&endRange=2025-10-14T23:59:59Z&startRange=2025-05-15T09:00:00Z,2.0,160.0,1.0,50.0,<Response [200]>
,,,,,,BOS,,,,,SJU,,,,2025-10-14T23:59:59Z,2025-05-15T09:00:00Z,destination=BOS&origin=SJU&endRange=2025-10-14T23:59:59Z&startRange=2025-05-15T09:00:00Z,2.0,160.0,1.0,50.0,<Response [200]>
,,,,,,TYN,,,,,XMN,,,,2025-10-14T23:59:59Z,2025-05-15T09:00:00Z,destination=TYN&origin=XMN&endRange=2025-10-14T23:59:59Z&startRange=2025-05-15T09:00:00Z,2.0,161.0,1.0,50.0,<Response [200]>
,,,,,,LAX,,,,,SYD,,,,2025-10-14T23:59:59Z,2025-05-15T09:00:00Z,destination=LAX&origin=SYD&endRange=2025-10-14T23:59:59Z&startRange=2025-05-15T09:00:00Z,2.0,153.0,1.0,50.0,<Response [200]>
,,,,,,SHA,,,,,TAO,,,,2025-10-14T23:59:59Z,2025-05-15T09:00:00Z,destination=SHA&origin=TAO&endRange=2025-10-14T23:59:59Z&startRange=2025-05-15T09:00:00Z,2.0,154.0,1.0,50.0,<Response [200]>
,,,,,,PVG,,,,,NRT,,,,2025-10-14T23:59:59Z,2025-05-15T09:00:00Z,destination=PVG&origin=NRT&endRange=2025-10-14T23:59:59Z&startRange=2025-05-15T09:00:00Z,2.0,154.0,1.0,50.0,<Response [200]>
,,,,,,YYC,,,,,YWG,,,,2025-10-14T23:59:59Z,2025-05-15T09:00:00Z,destination=YYC&origin=YWG&endRange=2025-10-14T23:59:59Z&startRange=2025-05-15T09:00:00Z,2.0,153.0,1.0,50.0,<Response [200]>
,,,,,,YYC,,,,,YQR,,,,2025-10-14T23:59:59Z,2025-05-15T09:00:00Z,destination=YYC&origin=YQR&endRange=2025-10-14T23:59:59Z&startRange=2025-05-15T09:00:00Z,2.0,153.0,1.0,50.0,<Response [200]>
,,,,,,PTY,,,,,ASU,,,,2025-10-14T23:59:59Z,2025-05-15T09:00:00Z,destination=PTY&origin=ASU&endRange=2025-10-14T23:59:59Z&startRange=2025-05-15T09:00:00Z,2.0,153.0,1.0,50.0,<Response [200]>
,,,,,,KOA,,,,,LAX,,,,2025-10-14T23:59:59Z,2025-05-15T09:00:00Z,destination=KOA&origin=LAX&endRange=2025-10-14T23:59:59Z&startRange=2025-05-15T09:00:00Z,2.0,154.0,1.0,50.0,<Response [200]>
,,,,,,OKC,,,,,MSP,,,,2025-10-14T23:59:59Z,2025-05-15T09:00:00Z,destination=OKC&origin=MSP&endRange=2025-10-14T23:59:59Z&startRange=2025-05-15T09:00:00Z,2.0,155.0,1.0,50.0,<Response [200]>
,,,,,,UVF,,,,,ATL,,,,2025-10-14T23:59:59Z,2025-05-15T09:00:00Z,destination=UVF&origin=ATL&endRange=2025-10-14T23:59:59Z&startRange=2025-05-15T09:00:00Z,2.0,155.0,1.0,50.0,<Response [200]>
,,,,,,SSA,,,,,CNF,,,,2025-10-14T23:59:59Z,2025-05-15T09:00:00Z,destination=SSA&origin=CNF&endRange=2025-10-14T23:59:59Z&startRange=2025-05-15T09:00:00Z,2.0,155.0,1.0,50.0,<Response [200]>
,,,,,,SEA,,,,,HNL,,,,2025-10-14T23:59:59Z,2025-05-15T09:00:00Z,destination=SEA&origin=HNL&endRange=2025-10-14T23:59:59Z&startRange=2025-05-15T09:00:00Z,2.0,156.0,1.0,50.0,<Response [200]>
,,,,,,GRU,,,,,MAO,,,,2025-10-14T23:59:59Z,2025-05-15T09:00:00Z,destination=GRU&origin=MAO&endRange=2025-10-14T23:59:59Z&startRange=2025-05-15T09:00:00Z,2.0,156.0,1.0,50.0,<Response [200]>
,,,,,,PKX,,,,,WUH,,,,2025-10-14T23:59:59Z,2025-05-15T09:00:00Z,destination=PKX&origin=WUH&endRange=2025-10-14T23:59:59Z&startRange=2025-05-15T09:00:00Z,2.0,157.0,1.0,50.0,<Response [200]>
,,,,,,FOC,,,,,TFU,,,,2025-10-14T23:59:59Z,2025-05-15T09:00:00Z,destination=FOC&origin=TFU&endRange=2025-10-14T23:59:59Z&startRange=2025-05-15T09:00:00Z,2.0,157.0,1.0,50.0,<Response [200]>
,,,,,,JPA,,,,,GIG,,,,2025-10-14T23:59:59Z,2025-05-15T09:00:00Z,destination=JPA&origin=GIG&endRange=2025-10-14T23:59:59Z&startRange=2025-05-15T09:00:00Z,2.0,157.0,1.0,50.0,<Response [200]>
,,,,,,JFK,,,,,PUJ,,,,2025-10-14T23:59:59Z,2025-05-15T09:00:00Z,destination=JFK&origin=PUJ&endRange=2025-10-14T23:59:59Z&startRange=2025-05-15T09:00:00Z,2.0,157.0,1.0,50.0,<Response [200]>
,,,,,,BOM,,,,,KTM,,,,2025-10-14T23:59:59Z,2025-05-15T09:00:00Z,destination=BOM&origin=KTM&endRange=2025-10-14T23:59:59Z&startRange=2025-05-15T09:00:00Z,2.0,153.0,1.0,50.0,<Response [200]>
,,,,,,JFK,,,,,ACC,,,,2025-10-14T23:59:59Z,2025-05-15T09:00:00Z,destination=JFK&origin=ACC&endRange=2025-10-14T23:59:59Z&startRange=2025-05-15T09:00:00Z,2.0,153.0,1.0,50.0,<Response [200]>
,,,,,,YYZ,,,,,YOW,,,,2025-10-14T23:59:59Z,2025-05-15T09:00:00Z,destination=YYZ&origin=YOW&endRange=2025-10-14T23:59:59Z&startRange=2025-05-15T09:00:00Z,2.0,153.0,1.0,50.0,<Response [200]>
,,,,,,BDQ,,,,,BOM,,,,2025-10-14T23:59:59Z,2025-05-15T09:00:00Z,destination=BDQ&origin=BOM&endRange=2025-10-14T23:59:59Z&startRange=2025-05-15T09:00:00Z,2.0,153.0,1.0,50.0,<Response [200]>
,,,,,,SJU,,,,,PTY,,,,2025-10-14T23:59:59Z,2025-05-15T09:00:00Z,destination=SJU&origin=PTY&endRange=2025-10-14T23:59:59Z&startRange=2025-05-15T09:00:00Z,2.0,153.0,1.0,50.0,<Response [200]>
,,,,,,BKK,,,,,CNX,,,,2025-10-14T23:59:59Z,2025-05-15T09:00:00Z,destination=BKK&origin=CNX&endRange=2025-10-14T23:59:59Z&startRange=2025-05-15T09:00:00Z,2.0,153.0,1.0,50.0,<Response [200]>
,,,,,,SYD,,,,,HKG,,,,2025-10-14T23:59:59Z,2025-05-15T09:00:00Z,destination=SYD&origin=HKG&endRange=2025-10-14T23:59:59Z&startRange=2025-05-15T09:00:00Z,2.0,153.0,1.0,50.0,<Response [200]>
,,,,,,SYD,,,,,BKK,,,,2025-10-14T23:59:59Z,2025-05-15T09:00:00Z,destination=SYD&origin=BKK&endRange=2025-10-14T23:59:59Z&startRange=2025-05-15T09:00:00Z,2.0,153.0,1.0,50.0,<Response [200]>
,,,,,,DEL,,,,,MAA,,,,2025-10-14T23:59:59Z,2025-05-15T09:00:00Z,destination=DEL&origin=MAA&endRange=2025-10-14T23:59:59Z&startRange=2025-05-15T09:00:00Z,2.0,153.0,1.0,50.0,<Response [200]>
,,,,,,PER,,,,,SIN,,,,2025-10-14T23:59:59Z,2025-05-15T09:00:00Z,destination=PER&origin=SIN&endRange=2025-10-14T23:59:59Z&startRange=2025-05-15T09:00:00Z,2.0,153.0,1.0,50.0,<Response [200]>
,,,,,,ATL,,,,,SAL,,,,2025-10-14T23:59:59Z,2025-05-15T09:00:00Z,destination=ATL&origin=SAL&endRange=2025-10-14T23:59:59Z&startRange=2025-05-15T09:00:00Z,2.0,153.0,1.0,50.0,<Response [200]>
,,,,,,ATL,,,,,QRO,,,,2025-10-14T23:59:59Z,2025-05-15T09:00:00Z,destination=ATL&origin=QRO&endRange=2025-10-14T23:59:59Z&startRange=2025-05-15T09:00:00Z,2.0,153.0,1.0,50.0,<Response [200]>
,,,,,,KUL,,,,,PEN,,,,2025-10-14T23:59:59Z,2025-05-15T09:00:00Z,destination=KUL&origin=PEN&endRange=2025-10-14T23:59:59Z&startRange=2025-05-15T09:00:00Z,2.0,153.0,1.0,50.0,<Response [200]>
,,,,,,NNG,,,,,PKX,,,,2025-10-14T23:59:59Z,2025-05-15T09:00:00Z,destination=NNG&origin=PKX&endRange=2025-10-14T23:59:59Z&startRange=2025-05-15T09:00:00Z,2.0,153.0,1.0,50.0,<Response [200]>
,,,,,,BON,,,,,AUA,,,,2025-10-14T23:59:59Z,2025-05-15T09:00:00Z,destination=BON&origin=AUA&endRange=2025-10-14T23:59:59Z&startRange=2025-05-15T09:00:00Z,2.0,153.0,1.0,50.0,<Response [200]>
,,,,,,CTG,,,,,BOG,,,,2025-10-14T23:59:59Z,2025-05-15T09:00:00Z,destination=CTG&origin=BOG&endRange=2025-10-14T23:59:59Z&startRange=2025-05-15T09:00:00Z,2.0,153.0,1.0,50.0,<Response [200]>
,,,,,,YYC,,,,,LAX,,,,2025-10-14T23:59:59Z,2025-05-15T09:00:00Z,destination=YYC&origin=LAX&endRange=2025-10-14T23:59:59Z&startRange=2025-05-15T09:00:00Z,2.0,153.0,1.0,50.0,<Response [200]>
,,,,,,YYT,,,,,YYZ,,,,2025-10-14T23:59:59Z,2025-05-15T09:00:00Z,destination=YYT&origin=YYZ&endRange=2025-10-14T23:59:59Z&startRange=2025-05-15T09:00:00Z,2.0,153.0,1.0,50.0,<Response [200]>
,,,,,,CAN,,,,,YIW,,,,2025-10-14T23:59:59Z,2025-05-15T09:00:00Z,destination=CAN&origin=YIW&endRange=2025-10-14T23:59:59Z&startRange=2025-05-15T09:00:00Z,2.0,153.0,1.0,50.0,<Response [200]>
,,,,,,BOM,,,,,GOI,,,,2025-10-14T23:59:59Z,2025-05-15T09:00:00Z,destination=BOM&origin=GOI&endRange=2025-10-14T23:59:59Z&startRange=2025-05-15T09:00:00Z,2.0,153.0,1.0,50.0,<Response [200]>
,,,,,,XMN,,,,,BKK,,,,2025-10-14T23:59:59Z,2025-05-15T09:00:00Z,destination=XMN&origin=BKK&endRange=2025-10-14T23:59:59Z&startRange=2025-05-15T09:00:00Z,2.0,153.0,1.0,50.0,<Response [200]>
,,,,,,SDQ,,,,,ATL,,,,2025-10-14T23:59:59Z,2025-05-15T09:00:00Z,destination=SDQ&origin=ATL&endRange=2025-10-14T23:59:59Z&startRange=2025-05-15T09:00:00Z,2.0,153.0,1.0,50.0,<Response [200]>
,,,,,,BLR,,,,,ATQ,,,,2025-10-14T23:59:59Z,2025-05-15T09:00:00Z,destination=BLR&origin=ATQ&endRange=2025-10-14T23:59:59Z&startRange=2025-05-15T09:00:00Z,2.0,153.0,1.0,50.0,<Response [200]>
,,,,,,BOM,,,,,CCU,,,,2025-10-14T23:59:59Z,2025-05-15T09:00:00Z,destination=BOM&origin=CCU&endRange=2025-10-14T23:59:59Z&startRange=2025-05-15T09:00:00Z,2.0,153.0,1.0,50.0,<Response [200]>
,,,,,,BOS,,,,,EDI,,,,2025-10-14T23:59:59Z,2025-05-15T09:00:00Z,destination=BOS&origin=EDI&endRange=2025-10-14T23:59:59Z&startRange=2025-05-15T09:00:00Z,2.0,153.0,1.0,50.0,<Response [200]>
,,,,,,AUH,,,,,DPS,,,,2025-10-14T23:59:59Z,2025-05-15T09:00:00Z,destination=AUH&origin=DPS&endRange=2025-10-14T23:59:59Z&startRange=2025-05-15T09:00:00Z,2.0,153.0,1.0,50.0,<Response [200]>
,,,,,,PNH,,,,,SGN,,,,2025-10-14T23:59:59Z,2025-05-15T09:00:00Z,destination=PNH&origin=SGN&endRange=2025-10-14T23:59:59Z&startRange=2025-05-15T09:00:00Z,2.0,153.0,1.0,50.0,<Response [200]>
,,,,,,DEL,,,,,KTM,,,,2025-10-14T23:59:59Z,2025-05-15T09:00:00Z,destination=DEL&origin=KTM&endRange=2025-10-14T23:59:59Z&startRange=2025-05-15T09:00:00Z,2.0,153.0,1.0,50.0,<Response [200]>
,,,,,,TAE,,,,,ICN,,,,2025-10-14T23:59:59Z,2025-05-15T09:00:00Z,destination=TAE&origin=ICN&endRange=2025-10-14T23:59:59Z&startRange=2025-05-15T09:00:00Z,2.0,153.0,1.0,50.0,<Response [200]>
,,,,,,HAN,,,,,VTE,,,,2025-10-14T23:59:59Z,2025-05-15T09:00:00Z,destination=HAN&origin=VTE&endRange=2025-10-14T23:59:59Z&startRange=2025-05-15T09:00:00Z,2.0,153.0,1.0,50.0,<Response [200]>
,,,,,,PNH,,,,,BKK,,,,2025-10-14T23:59:59Z,2025-05-15T09:00:00Z,destination=PNH&origin=BKK&endRange=2025-10-14T23:59:59Z&startRange=2025-05-15T09:00:00Z,2.0,153.0,1.0,50.0,<Response [200]>
,,,,,,SYD,,,,,ICN,,,,2025-10-14T23:59:59Z,2025-05-15T09:00:00Z,destination=SYD&origin=ICN&endRange=2025-10-14T23:59:59Z&startRange=2025-05-15T09:00:00Z,2.0,153.0,1.0,50.0,<Response [200]>
,,,,,,JFK,,,,,VCE,,,,2025-10-14T23:59:59Z,2025-05-15T09:00:00Z,destination=JFK&origin=VCE&endRange=2025-10-14T23:59:59Z&startRange=2025-05-15T09:00:00Z,2.0,153.0,1.0,50.0,<Response [200]>
,,,,,,JFK,,,,,MBJ,,,,2025-10-14T23:59:59Z,2025-05-15T09:00:00Z,destination=JFK&origin=MBJ&endRange=2025-10-14T23:59:59Z&startRange=2025-05-15T09:00:00Z,2.0,153.0,1.0,50.0,<Response [200]>
,,,,,,BNE,,,,,SIN,,,,2025-10-14T23:59:59Z,2025-05-15T09:00:00Z,destination=BNE&origin=SIN&endRange=2025-10-14T23:59:59Z&startRange=2025-05-15T09:00:00Z,2.0,153.0,1.0,50.0,<Response [200]>
,,,,,,YLW,,,,,YYC,,,,2025-10-14T23:59:59Z,2025-05-15T09:00:00Z,destination=YLW&origin=YYC&endRange=2025-10-14T23:59:59Z&startRange=2025-05-15T09:00:00Z,2.0,153.0,1.0,50.0,<Response [200]>
,,,,,,YIW,,,,,PKX,,,,2025-10-14T23:59:59Z,2025-05-15T09:00:00Z,destination=YIW&origin=PKX&endRange=2025-10-14T23:59:59Z&startRange=2025-05-15T09:00:00Z,2.0,153.0,1.0,50.0,<Response [200]>
,,,,,,DEL,,,,,CCJ,,,,2025-10-14T23:59:59Z,2025-05-15T09:00:00Z,destination=DEL&origin=CCJ&endRange=2025-10-14T23:59:59Z&startRange=2025-05-15T09:00:00Z,2.0,153.0,1.0,50.0,<Response [200]>
,,,,,,ASU,,,,,GRU,,,,2025-10-14T23:59:59Z,2025-05-15T09:00:00Z,destination=ASU&origin=GRU&endRange=2025-10-14T23:59:59Z&startRange=2025-05-15T09:00:00Z,2.0,153.0,1.0,50.0,<Response [200]>
,,,,,,VCE,,,,,JFK,,,,2025-10-14T23:59:59Z,2025-05-15T09:00:00Z,destination=VCE&origin=JFK&endRange=2025-10-14T23:59:59Z&startRange=2025-05-15T09:00:00Z,2.0,153.0,1.0,50.0,<Response [200]>
,,,,,,SIN,,,,,AUH,,,,2025-10-14T23:59:59Z,2025-05-15T09:00:00Z,destination=SIN&origin=AUH&endRange=2025-10-14T23:59:59Z&startRange=2025-05-15T09:00:00Z,2.0,153.0,1.0,50.0,<Response [200]>
,,,,,,ORD,,,,,MEX,,,,2025-10-14T23:59:59Z,2025-05-15T09:00:00Z,destination=ORD&origin=MEX&endRange=2025-10-14T23:59:59Z&startRange=2025-05-15T09:00:00Z,2.0,153.0,1.0,50.0,<Response [200]>
,,,,,,BKK,,,,,SYD,,,,2025-10-14T23:59:59Z,2025-05-15T09:00:00Z,destination=BKK&origin=SYD&endRange=2025-10-14T23:59:59Z&startRange=2025-05-15T09:00:00Z,2.0,153.0,1.0,50.0,<Response [200]>
,,,,,,ACC,,,,,JFK,,,,2025-10-14T23:59:59Z,2025-05-15T09:00:00Z,destination=ACC&origin=JFK&endRange=2025-10-14T23:59:59Z&startRange=2025-05-15T09:00:00Z,2.0,153.0,1.0,50.0,<Response [200]>
,,,,,,SJO,,,,,GUA,,,,2025-10-14T23:59:59Z,2025-05-15T09:00:00Z,destination=SJO&origin=GUA&endRange=2025-10-14T23:59:59Z&startRange=2025-05-15T09:00:00Z,2.0,153.0,1.0,50.0,<Response [200]>
,,,,,,NKG,,,,,PVG,,,,2025-10-14T23:59:59Z,2025-05-15T09:00:00Z,destination=NKG&origin=PVG&endRange=2025-10-14T23:59:59Z&startRange=2025-05-15T09:00:00Z,2.0,153.0,1.0,50.0,<Response [200]>
,,,,,,MAA,,,,,BLR,,,,2025-10-14T23:59:59Z,2025-05-15T09:00:00Z,destination=MAA&origin=BLR&endRange=2025-10-14T23:59:59Z&startRange=2025-05-15T09:00:00Z,2.0,153.0,1.0,50.0,<Response [200]>
,,,,,,NAP,,,,,JFK,,,,2025-10-14T23:59:59Z,2025-05-15T09:00:00Z,destination=NAP&origin=JFK&endRange=2025-10-14T23:59:59Z&startRange=2025-05-15T09:00:00Z,2.0,153.0,1.0,50.0,<Response [200]>
,,,,,,BOM,,,,,AMD,,,,2025-10-14T23:59:59Z,2025-05-15T09:00:00Z,destination=BOM&origin=AMD&endRange=2025-10-14T23:59:59Z&startRange=2025-05-15T09:00:00Z,2.0,153.0,1.0,50.0,<Response [200]>
,,,,,,CNS,,,,,SYD,,,,2025-10-14T23:59:59Z,2025-05-15T09:00:00Z,destination=CNS&origin=SYD&endRange=2025-10-14T23:59:59Z&startRange=2025-05-15T09:00:00Z,2.0,153.0,1.0,50.0,<Response [200]>
,,,,,,MEX,,,,,MLM,,,,2025-10-14T23:59:59Z,2025-05-15T09:00:00Z,destination=MEX&origin=MLM&endRange=2025-10-14T23:59:59Z&startRange=2025-05-15T09:00:00Z,2.0,153.0,1.0,50.0,<Response [200]>
,,,,,,BEG,,,,,SJJ,,,,2025-10-14T23:59:59Z,2025-05-15T09:00:00Z,destination=BEG&origin=SJJ&endRange=2025-10-14T23:59:59Z&startRange=2025-05-15T09:00:00Z,2.0,153.0,1.0,50.0,<Response [200]>
,,,,,,XMN,,,,,KMG,,,,2025-10-14T23:59:59Z,2025-05-15T09:00:00Z,destination=XMN&origin=KMG&endRange=2025-10-14T23:59:59Z&startRange=2025-05-15T09:00:00Z,2.0,153.0,1.0,50.0,<Response [200]>
,,,,,,DLC,,,,,PKX,,,,2025-10-14T23:59:59Z,2025-05-15T09:00:00Z,destination=DLC&origin=PKX&endRange=2025-10-14T23:59:59Z&startRange=2025-05-15T09:00:00Z,2.0,153.0,1.0,50.0,<Response [200]>
,,,,,,JFK,,,,,EDI,,,,2025-10-14T23:59:59Z,2025-05-15T09:00:00Z,destination=JFK&origin=EDI&endRange=2025-10-14T23:59:59Z&startRange=2025-05-15T09:00:00Z,2.0,153.0,1.0,50.0,<Response [200]>
,,,,,,GOI,,,,,BOM,,,,2025-10-14T23:59:59Z,2025-05-15T09:00:00Z,destination=GOI&origin=BOM&endRange=2025-10-14T23:59:59Z&startRange=2025-05-15T09:00:00Z,2.0,153.0,1.0,50.0,<Response [200]>
,,,,,,GUA,,,,,ATL,,,,2025-10-14T23:59:59Z,2025-05-15T09:00:00Z,destination=GUA&origin=ATL&endRange=2025-10-14T23:59:59Z&startRange=2025-05-15T09:00:00Z,2.0,153.0,1.0,50.0,<Response [200]>
,,,,,,LKO,,,,,BOM,,,,2025-10-14T23:59:59Z,2025-05-15T09:00:00Z,destination=LKO&origin=BOM&endRange=2025-10-14T23:59:59Z&startRange=2025-05-15T09:00:00Z,2.0,153.0,1.0,50.0,<Response [200]>
,,,,,,AUH,,,,,DEL,,,,2025-10-14T23:59:59Z,2025-05-15T09:00:00Z,destination=AUH&origin=DEL&endRange=2025-10-14T23:59:59Z&startRange=2025-05-15T09:00:00Z,2.0,153.0,1.0,50.0,<Response [200]>
,,,,,,AUH,,,,,KUL,,,,2025-10-14T23:59:59Z,2025-05-15T09:00:00Z,destination=AUH&origin=KUL&endRange=2025-10-14T23:59:59Z&startRange=2025-05-15T09:00:00Z,2.0,153.0,1.0,50.0,<Response [200]>
,,,,,,DXB,,,,,BAH,,,,2025-10-14T23:59:59Z,2025-05-15T09:00:00Z,destination=DXB&origin=BAH&endRange=2025-10-14T23:59:59Z&startRange=2025-05-15T09:00:00Z,2.0,153.0,1.0,50.0,<Response [200]>
,,,,,,AUH,,,,,SIN,,,,2025-10-14T23:59:59Z,2025-05-15T09:00:00Z,destination=AUH&origin=SIN&endRange=2025-10-14T23:59:59Z&startRange=2025-05-15T09:00:00Z,2.0,153.0,1.0,50.0,<Response [200]>
,,,,,,KIN,,,,,ATL,,,,2025-10-14T23:59:59Z,2025-05-15T09:00:00Z,destination=KIN&origin=ATL&endRange=2025-10-14T23:59:59Z&startRange=2025-05-15T09:00:00Z,2.0,153.0,1.0,50.0,<Response [200]>
,,,,,,EDI,,,,,BOS,,,,2025-10-14T23:59:59Z,2025-05-15T09:00:00Z,destination=EDI&origin=BOS&endRange=2025-10-14T23:59:59Z&startRange=2025-05-15T09:00:00Z,2.0,153.0,1.0,50.0,<Response [200]>
,,,,,,LCA,,,,,BEY,,,,2025-10-14T23:59:59Z,2025-05-15T09:00:00Z,destination=LCA&origin=BEY&endRange=2025-10-14T23:59:59Z&startRange=2025-05-15T09:00:00Z,2.0,153.0,1.0,50.0,<Response [200]>
,,,,,,AMD,,,,,BOM,,,,2025-10-14T23:59:59Z,2025-05-15T09:00:00Z,destination=AMD&origin=BOM&endRange=2025-10-14T23:59:59Z&startRange=2025-05-15T09:00:00Z,2.0,153.0,1.0,50.0,<Response [200]>
,,,,,,DEL,,,,,IDR,,,,2025-10-14T23:59:59Z,2025-05-15T09:00:00Z,destination=DEL&origin=IDR&endRange=2025-10-14T23:59:59Z&startRange=2025-05-15T09:00:00Z,2.0,153.0,1.0,50.0,<Response [200]>
,,,,,,SYD,,,,,CNS,,,,2025-10-14T23:59:59Z,2025-05-15T09:00:00Z,destination=SYD&origin=CNS&endRange=2025-10-14T23:59:59Z&startRange=2025-05-15T09:00:00Z,2.0,152.0,1.0,50.0,<Response [200]>
,,,,,,DRW,,,,,SIN,,,,2025-10-14T23:59:59Z,2025-05-15T09:00:00Z,destination=DRW&origin=SIN&endRange=2025-10-14T23:59:59Z&startRange=2025-05-15T09:00:00Z,2.0,152.0,1.0,50.0,<Response [200]>
,,,,,,PVG,,,,,BHY,,,,2025-10-14T23:59:59Z,2025-05-15T09:00:00Z,destination=PVG&origin=BHY&endRange=2025-10-14T23:59:59Z&startRange=2025-05-15T09:00:00Z,2.0,152.0,1.0,50.0,<Response [200]>
,,,,,,DEL,,,,,BOM,,,,2025-10-14T23:59:59Z,2025-05-15T09:00:00Z,destination=DEL&origin=BOM&endRange=2025-10-14T23:59:59Z&startRange=2025-05-15T09:00:00Z,2.0,153.0,1.0,50.0,<Response [200]>
,,,,,,MLM,,,,,MEX,,,,2025-10-14T23:59:59Z,2025-05-15T09:00:00Z,destination=MLM&origin=MEX&endRange=2025-10-14T23:59:59Z&startRange=2025-05-15T09:00:00Z,2.0,153.0,1.0,50.0,<Response [200]>
,,,,,,SAL,,,,,ATL,,,,2025-10-14T23:59:59Z,2025-05-15T09:00:00Z,destination=SAL&origin=ATL&endRange=2025-10-14T23:59:59Z&startRange=2025-05-15T09:00:00Z,2.0,153.0,1.0,50.0,<Response [200]>
,,,,,,SAP,,,,,ATL,,,,2025-10-14T23:59:59Z,2025-05-15T09:00:00Z,destination=SAP&origin=ATL&endRange=2025-10-14T23:59:59Z&startRange=2025-05-15T09:00:00Z,2.0,153.0,1.0,50.0,<Response [200]>
,,,,,,TRV,,,,,BLR,,,,2025-10-14T23:59:59Z,2025-05-15T09:00:00Z,destination=TRV&origin=BLR&endRange=2025-10-14T23:59:59Z&startRange=2025-05-15T09:00:00Z,2.0,153.0,1.0,50.0,<Response [200]>
,,,,,,AUH,,,,,HKT,,,,2025-10-14T23:59:59Z,2025-05-15T09:00:00Z,destination=AUH&origin=HKT&endRange=2025-10-14T23:59:59Z&startRange=2025-05-15T09:00:00Z,2.0,153.0,1.0,50.0,<Response [200]>
,,,,,,DRW,,,,,SYD,,,,2025-10-14T23:59:59Z,2025-05-15T09:00:00Z,destination=DRW&origin=SYD&endRange=2025-10-14T23:59:59Z&startRange=2025-05-15T09:00:00Z,2.0,153.0,1.0,50.0,<Response [200]>
,,,,,,DPS,,,,,AUH,,,,2025-10-14T23:59:59Z,2025-05-15T09:00:00Z,destination=DPS&origin=AUH&endRange=2025-10-14T23:59:59Z&startRange=2025-05-15T09:00:00Z,2.0,153.0,1.0,50.0,<Response [200]>
,,,,,,MEX,,,,,SAL,,,,2025-10-14T23:59:59Z,2025-05-15T09:00:00Z,destination=MEX&origin=SAL&endRange=2025-10-14T23:59:59Z&startRange=2025-05-15T09:00:00Z,2.0,153.0,1.0,50.0,<Response [200]>
,,,,,,BOM,,,,,BDQ,,,,2025-10-14T23:59:59Z,2025-05-15T09:00:00Z,destination=BOM&origin=BDQ&endRange=2025-10-14T23:59:59Z&startRange=2025-05-15T09:00:00Z,2.0,153.0,1.0,50.0,<Response [200]>
,,,,,,TIV,,,,,BEG,,,,2025-10-14T23:59:59Z,2025-05-15T09:00:00Z,destination=TIV&origin=BEG&endRange=2025-10-14T23:59:59Z&startRange=2025-05-15T09:00:00Z,2.0,153.0,1.0,50.0,<Response [200]>
,,,,,,SJJ,,,,,BEG,,,,2025-10-14T23:59:59Z,2025-05-15T09:00:00Z,destination=SJJ&origin=BEG&endRange=2025-10-14T23:59:59Z&startRange=2025-05-15T09:00:00Z,2.0,153.0,1.0,50.0,<Response [200]>
,,,,,,BEG,,,,,TIV,,,,2025-10-14T23:59:59Z,2025-05-15T09:00:00Z,destination=BEG&origin=TIV&endRange=2025-10-14T23:59:59Z&startRange=2025-05-15T09:00:00Z,2.0,153.0,1.0,50.0,<Response [200]>
,,,,,,BLR,,,,,CMB,,,,2025-10-14T23:59:59Z,2025-05-15T09:00:00Z,destination=BLR&origin=CMB&endRange=2025-10-14T23:59:59Z&startRange=2025-05-15T09:00:00Z,2.0,152.0,1.0,50.0,<Response [200]>
,,,,,,NGO,,,,,NRT,,,,2025-10-14T23:59:59Z,2025-05-15T09:00:00Z,destination=NGO&origin=NRT&endRange=2025-10-14T23:59:59Z&startRange=2025-05-15T09:00:00Z,2.0,152.0,1.0,50.0,<Response [200]>
,,,,,,SIN,,,,,PER,,,,2025-10-14T23:59:59Z,2025-05-15T09:00:00Z,destination=SIN&origin=PER&endRange=2025-10-14T23:59:59Z&startRange=2025-05-15T09:00:00Z,2.0,152.0,1.0,50.0,<Response [200]>
,,,,,,SEA,,,,,KOA,,,,2025-10-14T23:59:59Z,2025-05-15T09:00:00Z,destination=SEA&origin=KOA&endRange=2025-10-14T23:59:59Z&startRange=2025-05-15T09:00:00Z,2.0,153.0,1.0,50.0,<Response [200]>
,,,,,,GRU,,,,,BEL,,,,2025-10-14T23:59:59Z,2025-05-15T09:00:00Z,destination=GRU&origin=BEL&endRange=2025-10-14T23:59:59Z&startRange=2025-05-15T09:00:00Z,2.0,153.0,1.0,50.0,<Response [200]>
,,,,,,KBV,,,,,BKK,,,,2025-10-14T23:59:59Z,2025-05-15T09:00:00Z,destination=KBV&origin=BKK&endRange=2025-10-14T23:59:59Z&startRange=2025-05-15T09:00:00Z,2.0,153.0,1.0,50.0,<Response [200]>
,,,,,,JRO,,,,,NBO,,,,2025-10-14T23:59:59Z,2025-05-15T09:00:00Z,destination=JRO&origin=NBO&endRange=2025-10-14T23:59:59Z&startRange=2025-05-15T09:00:00Z,2.0,153.0,1.0,50.0,<Response [200]>
,,,,,,NRT,,,,,PVG,,,,2025-10-14T23:59:59Z,2025-05-15T09:00:00Z,destination=NRT&origin=PVG&endRange=2025-10-14T23:59:59Z&startRange=2025-05-15T09:00:00Z,2.0,153.0,1.0,50.0,<Response [200]>
,,,,,,YYZ,,,,,YQR,,,,2025-10-14T23:59:59Z,2025-05-15T09:00:00Z,destination=YYZ&origin=YQR&endRange=2025-10-14T23:59:59Z&startRange=2025-05-15T09:00:00Z,2.0,153.0,1.0,50.0,<Response [200]>
,,,,,,YYZ,,,,,YYT,,,,2025-10-14T23:59:59Z,2025-05-15T09:00:00Z,destination=YYZ&origin=YYT&endRange=2025-10-14T23:59:59Z&startRange=2025-05-15T09:00:00Z,2.0,153.0,1.0,50.0,<Response [200]>
,,,,,,YYC,,,,,PHX,,,,2025-10-14T23:59:59Z,2025-05-15T09:00:00Z,destination=YYC&origin=PHX&endRange=2025-10-14T23:59:59Z&startRange=2025-05-15T09:00:00Z,2.0,153.0,1.0,50.0,<Response [200]>
,,,,,,QRO,,,,,ATL,,,,2025-10-14T23:59:59Z,2025-05-15T09:00:00Z,destination=QRO&origin=ATL&endRange=2025-10-14T23:59:59Z&startRange=2025-05-15T09:00:00Z,2.0,153.0,1.0,50.0,<Response [200]>
,,,,,,ATL,,,,,UVF,,,,2025-10-14T23:59:59Z,2025-05-15T09:00:00Z,destination=ATL&origin=UVF&endRange=2025-10-14T23:59:59Z&startRange=2025-05-15T09:00:00Z,2.0,153.0,1.0,50.0,<Response [200]>
,,,,,,KTM,,,,,DEL,,,,2025-10-14T23:59:59Z,2025-05-15T09:00:00Z,destination=KTM&origin=DEL&endRange=2025-10-14T23:59:59Z&startRange=2025-05-15T09:00:00Z,2.0,152.0,1.0,50.0,<Response [200]>
,,,,,,CGK,,,,,SGN,,,,2025-10-14T23:59:59Z,2025-05-15T09:00:00Z,destination=CGK&origin=SGN&endRange=2025-10-14T23:59:59Z&startRange=2025-05-15T09:00:00Z,2.0,152.0,1.0,50.0,<Response [200]>
,,,,,,SYD,,,,,LAX,,,,2025-10-14T23:59:59Z,2025-05-15T09:00:00Z,destination=SYD&origin=LAX&endRange=2025-10-14T23:59:59Z&startRange=2025-05-15T09:00:00Z,2.0,152.0,1.0,50.0,<Response [200]>
,,,,,,PNQ,,,,,DEL,,,,2025-10-14T23:59:59Z,2025-05-15T09:00:00Z,destination=PNQ&origin=DEL&endRange=2025-10-14T23:59:59Z&startRange=2025-05-15T09:00:00Z,2.0,152.0,1.0,50.0,<Response [200]>
,,,,,,BKK,,,,,KBV,,,,2025-10-14T23:59:59Z,2025-05-15T09:00:00Z,destination=BKK&origin=KBV&endRange=2025-10-14T23:59:59Z&startRange=2025-05-15T09:00:00Z,2.0,152.0,1.0,50.0,<Response [200]>
,,,,,,ATQ,,,,,BLR,,,,2025-10-14T23:59:59Z,2025-05-15T09:00:00Z,destination=ATQ&origin=BLR&endRange=2025-10-14T23:59:59Z&startRange=2025-05-15T09:00:00Z,2.0,152.0,1.0,50.0,<Response [200]>
,,,,,,CTG,,,,,PTY,,,,2025-10-14T23:59:59Z,2025-05-15T09:00:00Z,destination=CTG&origin=PTY&endRange=2025-10-14T23:59:59Z&startRange=2025-05-15T09:00:00Z,2.0,152.0,1.0,50.0,<Response [200]>
,,,,,,INC,,,,,KWE,,,,2025-10-14T23:59:59Z,2025-05-15T09:00:00Z,destination=INC&origin=KWE&endRange=2025-10-14T23:59:59Z&startRange=2025-05-15T09:00:00Z,2.0,152.0,1.0,50.0,<Response [200]>
,,,,,,MEX,,,,,REX,,,,2025-10-14T23:59:59Z,2025-05-15T09:00:00Z,destination=MEX&origin=REX&endRange=2025-10-14T23:59:59Z&startRange=2025-05-15T09:00:00Z,2.0,152.0,1.0,50.0,<Response [200]>
,,,,,,DTW,,,,,MEX,,,,2025-10-14T23:59:59Z,2025-05-15T09:00:00Z,destination=DTW&origin=MEX&endRange=2025-10-14T23:59:59Z&startRange=2025-05-15T09:00:00Z,2.0,152.0,1.0,50.0,<Response [200]>
,,,,,,GUA,,,,,SJO,,,,2025-10-14T23:59:59Z,2025-05-15T09:00:00Z,destination=GUA&origin=SJO&endRange=2025-10-14T23:59:59Z&startRange=2025-05-15T09:00:00Z,2.0,152.0,1.0,50.0,<Response [200]>
,,,,,,NNG,,,,,CAN,,,,2025-10-14T23:59:59Z,2025-05-15T09:00:00Z,destination=NNG&origin=CAN&endRange=2025-10-14T23:59:59Z&startRange=2025-05-15T09:00:00Z,2.0,152.0,1.0,50.0,<Response [200]>
,,,,,,VCP,,,,,GIG,,,,2025-10-14T23:59:59Z,2025-05-15T09:00:00Z,destination=VCP&origin=GIG&endRange=2025-10-14T23:59:59Z&startRange=2025-05-15T09:00:00Z,2.0,152.0,1.0,50.0,<Response [200]>
,,,,,,CAN,,,,,HRB,,,,2025-10-14T23:59:59Z,2025-05-15T09:00:00Z,destination=CAN&origin=HRB&endRange=2025-10-14T23:59:59Z&startRange=2025-05-15T09:00:00Z,2.0,152.0,1.0,50.0,<Response [200]>
,,,,,,SWA,,,,,CAN,,,,2025-10-14T23:59:59Z,2025-05-15T09:00:00Z,destination=SWA&origin=CAN&endRange=2025-10-14T23:59:59Z&startRange=2025-05-15T09:00:00Z,2.0,152.0,1.0,50.0,<Response [200]>
,,,,,,TMP,,,,,RIX,,,,2025-10-14T23:59:59Z,2025-05-15T09:00:00Z,destination=TMP&origin=RIX&endRange=2025-10-14T23:59:59Z&startRange=2025-05-15T09:00:00Z,2.0,153.0,1.0,50.0,<Response [200]>
,,,,,,YKA,,,,,YYC,,,,2025-10-14T23:59:59Z,2025-05-15T09:00:00Z,destination=YKA&origin=YYC&endRange=2025-10-14T23:59:59Z&startRange=2025-05-15T09:00:00Z,2.0,152.0,1.0,50.0,<Response [200]>
,,,,,,CSX,,,,,CAN,,,,2025-10-14T23:59:59Z,2025-05-15T09:00:00Z,destination=CSX&origin=CAN&endRange=2025-10-14T23:59:59Z&startRange=2025-05-15T09:00:00Z,2.0,152.0,1.0,50.0,<Response [200]>
,,,,,,CCU,,,,,BOM,,,,2025-10-14T23:59:59Z,2025-05-15T09:00:00Z,destination=CCU&origin=BOM&endRange=2025-10-14T23:59:59Z&startRange=2025-05-15T09:00:00Z,2.0,152.0,1.0,50.0,<Response [200]>
,,,,,,NAT,,,,,GIG,,,,2025-10-14T23:59:59Z,2025-05-15T09:00:00Z,destination=NAT&origin=GIG&endRange=2025-10-14T23:59:59Z&startRange=2025-05-15T09:00:00Z,2.0,151.0,1.0,50.0,<Response [200]>
,,,,,,HKG,,,,,USM,,,,2025-10-14T23:59:59Z,2025-05-15T09:00:00Z,destination=HKG&origin=USM&endRange=2025-10-14T23:59:59Z&startRange=2025-05-15T09:00:00Z,2.0,151.0,1.0,50.0,<Response [200]>
,,,,,,CAN,,,,,NNG,,,,2025-10-14T23:59:59Z,2025-05-15T09:00:00Z,destination=CAN&origin=NNG&endRange=2025-10-14T23:59:59Z&startRange=2025-05-15T09:00:00Z,2.0,151.0,1.0,50.0,<Response [200]>
,,,,,,SIN,,,,,BNE,,,,2025-10-14T23:59:59Z,2025-05-15T09:00:00Z,destination=SIN&origin=BNE&endRange=2025-10-14T23:59:59Z&startRange=2025-05-15T09:00:00Z,2.0,152.0,1.0,50.0,<Response [200]>
,,,,,,JFK,,,,,NAP,,,,2025-10-14T23:59:59Z,2025-05-15T09:00:00Z,destination=JFK&origin=NAP&endRange=2025-10-14T23:59:59Z&startRange=2025-05-15T09:00:00Z,2.0,152.0,1.0,50.0,<Response [200]>
,,,,,,BKK,,,,,LPQ,,,,2025-10-14T23:59:59Z,2025-05-15T09:00:00Z,destination=BKK&origin=LPQ&endRange=2025-10-14T23:59:59Z&startRange=2025-05-15T09:00:00Z,2.0,152.0,1.0,50.0,<Response [200]>
,,,,,,ASU,,,,,PTY,,,,2025-10-14T23:59:59Z,2025-05-15T09:00:00Z,destination=ASU&origin=PTY&endRange=2025-10-14T23:59:59Z&startRange=2025-05-15T09:00:00Z,2.0,152.0,1.0,50.0,<Response [200]>
,,,,,,MLE,,,,,BLR,,,,2025-10-14T23:59:59Z,2025-05-15T09:00:00Z,destination=MLE&origin=BLR&endRange=2025-10-14T23:59:59Z&startRange=2025-05-15T09:00:00Z,2.0,152.0,1.0,50.0,<Response [200]>
,,,,,,OKA,,,,,ICN,,,,2025-10-14T23:59:59Z,2025-05-15T09:00:00Z,destination=OKA&origin=ICN&endRange=2025-10-14T23:59:59Z&startRange=2025-05-15T09:00:00Z,2.0,152.0,1.0,50.0,<Response [200]>
,,,,,,PKX,,,,,YIW,,,,2025-10-14T23:59:59Z,2025-05-15T09:00:00Z,destination=PKX&origin=YIW&endRange=2025-10-14T23:59:59Z&startRange=2025-05-15T09:00:00Z,2.0,152.0,1.0,50.0,<Response [200]>
,,,,,,PKX,,,,,NNG,,,,2025-10-14T23:59:59Z,2025-05-15T09:00:00Z,destination=PKX&origin=NNG&endRange=2025-10-14T23:59:59Z&startRange=2025-05-15T09:00:00Z,2.0,152.0,1.0,50.0,<Response [200]>
,,,,,,CNX,,,,,BKK,,,,2025-10-14T23:59:59Z,2025-05-15T09:00:00Z,destination=CNX&origin=BKK&endRange=2025-10-14T23:59:59Z&startRange=2025-05-15T09:00:00Z,2.0,152.0,1.0,50.0,<Response [200]>
,,,,,,BAH,,,,,DXB,,,,2025-10-14T23:59:59Z,2025-05-15T09:00:00Z,destination=BAH&origin=DXB&endRange=2025-10-14T23:59:59Z&startRange=2025-05-15T09:00:00Z,2.0,152.0,1.0,50.0,<Response [200]>
,,,,,,HRB,,,,,HEK,,,,2025-10-14T23:59:59Z,2025-05-15T09:00:00Z,destination=HRB&origin=HEK&endRange=2025-10-14T23:59:59Z&startRange=2025-05-15T09:00:00Z,2.0,151.0,1.0,50.0,<Response [200]>
,,,,,,VTE,,,,,HAN,,,,2025-10-14T23:59:59Z,2025-05-15T09:00:00Z,destination=VTE&origin=HAN&endRange=2025-10-14T23:59:59Z&startRange=2025-05-15T09:00:00Z,2.0,152.0,1.0,50.0,<Response [200]>
,,,,,,YQR,,,,,YYZ,,,,2025-10-14T23:59:59Z,2025-05-15T09:00:00Z,destination=YQR&origin=YYZ&endRange=2025-10-14T23:59:59Z&startRange=2025-05-15T09:00:00Z,2.0,152.0,1.0,50.0,<Response [200]>
,,,,,,YVR,,,,,HNL,,,,2025-10-14T23:59:59Z,2025-05-15T09:00:00Z,destination=YVR&origin=HNL&endRange=2025-10-14T23:59:59Z&startRange=2025-05-15T09:00:00Z,2.0,148.0,1.0,50.0,<Response [200]>
,,,,,,PTY,,,,,MVD,,,,2025-10-14T23:59:59Z,2025-05-15T09:00:00Z,destination=PTY&origin=MVD&endRange=2025-10-14T23:59:59Z&startRange=2025-05-15T09:00:00Z,2.0,148.0,1.0,50.0,<Response [200]>
,,,,,,DAR,,,,,JRO,,,,2025-10-14T23:59:59Z,2025-05-15T09:00:00Z,destination=DAR&origin=JRO&endRange=2025-10-14T23:59:59Z&startRange=2025-05-15T09:00:00Z,2.0,148.0,1.0,50.0,<Response [200]>
,,,,,,DEL,,,,,AUH,,,,2025-10-14T23:59:59Z,2025-05-15T09:00:00Z,destination=DEL&origin=AUH&endRange=2025-10-14T23:59:59Z&startRange=2025-05-15T09:00:00Z,2.0,152.0,1.0,50.0,<Response [200]>
,,,,,,LPQ,,,,,BKK,,,,2025-10-14T23:59:59Z,2025-05-15T09:00:00Z,destination=LPQ&origin=BKK&endRange=2025-10-14T23:59:59Z&startRange=2025-05-15T09:00:00Z,2.0,152.0,1.0,50.0,<Response [200]>
,,,,,,HKG,,,,,SYD,,,,2025-10-14T23:59:59Z,2025-05-15T09:00:00Z,destination=HKG&origin=SYD&endRange=2025-10-14T23:59:59Z&startRange=2025-05-15T09:00:00Z,2.0,152.0,1.0,50.0,<Response [200]>
,,,,,,ELQ,,,,,RUH,,,,2025-10-14T23:59:59Z,2025-05-15T09:00:00Z,destination=ELQ&origin=RUH&endRange=2025-10-14T23:59:59Z&startRange=2025-05-15T09:00:00Z,2.0,152.0,1.0,50.0,<Response [200]>
,,,,,,EDI,,,,,JFK,,,,2025-10-14T23:59:59Z,2025-05-15T09:00:00Z,destination=EDI&origin=JFK&endRange=2025-10-14T23:59:59Z&startRange=2025-05-15T09:00:00Z,2.0,152.0,1.0,50.0,<Response [200]>
,,,,,,HRB,,,,,CAN,,,,2025-10-14T23:59:59Z,2025-05-15T09:00:00Z,destination=HRB&origin=CAN&endRange=2025-10-14T23:59:59Z&startRange=2025-05-15T09:00:00Z,2.0,152.0,1.0,50.0,<Response [200]>
,,,,,,HEK,,,,,HRB,,,,2025-10-14T23:59:59Z,2025-05-15T09:00:00Z,destination=HEK&origin=HRB&endRange=2025-10-14T23:59:59Z&startRange=2025-05-15T09:00:00Z,2.0,152.0,1.0,50.0,<Response [200]>
,,,,,,CAN,,,,,CSX,,,,2025-10-14T23:59:59Z,2025-05-15T09:00:00Z,destination=CAN&origin=CSX&endRange=2025-10-14T23:59:59Z&startRange=2025-05-15T09:00:00Z,2.0,152.0,1.0,50.0,<Response [200]>
,,,,,,ICN,,,,,OKA,,,,2025-10-14T23:59:59Z,2025-05-15T09:00:00Z,destination=ICN&origin=OKA&endRange=2025-10-14T23:59:59Z&startRange=2025-05-15T09:00:00Z,2.0,152.0,1.0,50.0,<Response [200]>
,,,,,,YOW,,,,,YYZ,,,,2025-10-14T23:59:59Z,2025-05-15T09:00:00Z,destination=YOW&origin=YYZ&endRange=2025-10-14T23:59:59Z&startRange=2025-05-15T09:00:00Z,2.0,152.0,1.0,50.0,<Response [200]>
,,,,,,URC,,,,,CAN,,,,2025-10-14T23:59:59Z,2025-05-15T09:00:00Z,destination=URC&origin=CAN&endRange=2025-10-14T23:59:59Z&startRange=2025-05-15T09:00:00Z,2.0,150.0,1.0,50.0,<Response [200]>
,,,,,,BJX,,,,,ATL,,,,2025-10-14T23:59:59Z,2025-05-15T09:00:00Z,destination=BJX&origin=ATL&endRange=2025-10-14T23:59:59Z&startRange=2025-05-15T09:00:00Z,2.0,150.0,1.0,50.0,<Response [200]>
,,,,,,BZV,,,,,FIH,,,,2025-10-14T23:59:59Z,2025-05-15T09:00:00Z,destination=BZV&origin=FIH&endRange=2025-10-14T23:59:59Z&startRange=2025-05-15T09:00:00Z,2.0,150.0,1.0,50.0,<Response [200]>
,,,,,,HKG,,,,,MEL,,,,2025-10-14T23:59:59Z,2025-05-15T09:00:00Z,destination=HKG&origin=MEL&endRange=2025-10-14T23:59:59Z&startRange=2025-05-15T09:00:00Z,2.0,146.0,1.0,50.0,<Response [200]>
,,,,,,MEL,,,,,HKG,,,,2025-10-14T23:59:59Z,2025-05-15T09:00:00Z,destination=MEL&origin=HKG&endRange=2025-10-14T23:59:59Z&startRange=2025-05-15T09:00:00Z,2.0,146.0,1.0,50.0,<Response [200]>
,,,,,,MVD,,,,,PTY,,,,2025-10-14T23:59:59Z,2025-05-15T09:00:00Z,destination=MVD&origin=PTY&endRange=2025-10-14T23:59:59Z&startRange=2025-05-15T09:00:00Z,2.0,146.0,1.0,50.0,<Response [200]>
,,,,,,YIW,,,,,CAN,,,,2025-10-14T23:59:59Z,2025-05-15T09:00:00Z,destination=YIW&origin=CAN&endRange=2025-10-14T23:59:59Z&startRange=2025-05-15T09:00:00Z,2.0,151.0,1.0,50.0,<Response [200]>
,,,,,,BAQ,,,,,PTY,,,,2025-10-14T23:59:59Z,2025-05-15T09:00:00Z,destination=BAQ&origin=PTY&endRange=2025-10-14T23:59:59Z&startRange=2025-05-15T09:00:00Z,2.0,151.0,1.0,50.0,<Response [200]>
,,,,,,USM,,,,,HKG,,,,2025-10-14T23:59:59Z,2025-05-15T09:00:00Z,destination=USM&origin=HKG&endRange=2025-10-14T23:59:59Z&startRange=2025-05-15T09:00:00Z,2.0,151.0,1.0,50.0,<Response [200]>
,,,,,,PKX,,,,,SHE,,,,2025-10-14T23:59:59Z,2025-05-15T09:00:00Z,destination=PKX&origin=SHE&endRange=2025-10-14T23:59:59Z&startRange=2025-05-15T09:00:00Z,2.0,151.0,1.0,50.0,<Response [200]>
,,,,,,HND,,,,,SYD,,,,2025-10-14T23:59:59Z,2025-05-15T09:00:00Z,destination=HND&origin=SYD&endRange=2025-10-14T23:59:59Z&startRange=2025-05-15T09:00:00Z,2.0,151.0,1.0,50.0,<Response [200]>
,,,,,,TSN,,,,,SHA,,,,2025-10-14T23:59:59Z,2025-05-15T09:00:00Z,destination=TSN&origin=SHA&endRange=2025-10-14T23:59:59Z&startRange=2025-05-15T09:00:00Z,2.0,151.0,1.0,50.0,<Response [200]>
,,,,,,PTY,,,,,SAP,,,,2025-10-14T23:59:59Z,2025-05-15T09:00:00Z,destination=PTY&origin=SAP&endRange=2025-10-14T23:59:59Z&startRange=2025-05-15T09:00:00Z,2.0,151.0,1.0,50.0,<Response [200]>
,,,,,,SDF,,,,,BOS,,,,2025-10-14T23:59:59Z,2025-05-15T09:00:00Z,destination=SDF&origin=BOS&endRange=2025-10-14T23:59:59Z&startRange=2025-05-15T09:00:00Z,2.0,151.0,1.0,50.0,<Response [200]>
,,,,,,SHE,,,,,PKX,,,,2025-10-14T23:59:59Z,2025-05-15T09:00:00Z,destination=SHE&origin=PKX&endRange=2025-10-14T23:59:59Z&startRange=2025-05-15T09:00:00Z,2.0,151.0,1.0,50.0,<Response [200]>
,,,,,,KCH,,,,,KUL,,,,2025-10-14T23:59:59Z,2025-05-15T09:00:00Z,destination=KCH&origin=KUL&endRange=2025-10-14T23:59:59Z&startRange=2025-05-15T09:00:00Z,2.0,151.0,1.0,50.0,<Response [200]>
,,,,,,FIH,,,,,BZV,,,,2025-10-14T23:59:59Z,2025-05-15T09:00:00Z,destination=FIH&origin=BZV&endRange=2025-10-14T23:59:59Z&startRange=2025-05-15T09:00:00Z,2.0,147.0,1.0,50.0,<Response [200]>
,,,,,,FOC,,,,,CSX,,,,2025-10-14T23:59:59Z,2025-05-15T09:00:00Z,destination=FOC&origin=CSX&endRange=2025-10-14T23:59:59Z&startRange=2025-05-15T09:00:00Z,2.0,148.0,1.0,50.0,<Response [200]>
,,,,,,HNL,,,,,YVR,,,,2025-10-14T23:59:59Z,2025-05-15T09:00:00Z,destination=HNL&origin=YVR&endRange=2025-10-14T23:59:59Z&startRange=2025-05-15T09:00:00Z,2.0,148.0,1.0,50.0,<Response [200]>
,,,,,,PTY,,,,,PEI,,,,2025-10-14T23:59:59Z,2025-05-15T09:00:00Z,destination=PTY&origin=PEI&endRange=2025-10-14T23:59:59Z&startRange=2025-05-15T09:00:00Z,2.0,142.0,1.0,50.0,<Response [200]>
,,,,,,GRU,,,,,ASU,,,,2025-10-14T23:59:59Z,2025-05-15T09:00:00Z,destination=GRU&origin=ASU&endRange=2025-10-14T23:59:59Z&startRange=2025-05-15T09:00:00Z,2.0,142.0,1.0,50.0,<Response [200]>
,,,,,,ATL,,,,,ANC,,,,2025-10-14T23:59:59Z,2025-05-15T09:00:00Z,destination=ATL&origin=ANC&endRange=2025-10-14T23:59:59Z&startRange=2025-05-15T09:00:00Z,2.0,142.0,1.0,50.0,<Response [200]>
,,,,,,CTS,,,,,TPE,,,,2025-10-14T23:59:59Z,2025-05-15T09:00:00Z,destination=CTS&origin=TPE&endRange=2025-10-14T23:59:59Z&startRange=2025-05-15T09:00:00Z,2.0,149.0,1.0,50.0,<Response [200]>
,,,,,,KEF,,,,,JFK,,,,2025-10-14T23:59:59Z,2025-05-15T09:00:00Z,destination=KEF&origin=JFK&endRange=2025-10-14T23:59:59Z&startRange=2025-05-15T09:00:00Z,2.0,149.0,1.0,50.0,<Response [200]>
,,,,,,TPE,,,,,CTS,,,,2025-10-14T23:59:59Z,2025-05-15T09:00:00Z,destination=TPE&origin=CTS&endRange=2025-10-14T23:59:59Z&startRange=2025-05-15T09:00:00Z,2.0,149.0,1.0,50.0,<Response [200]>
,,,,,,SYX,,,,,CAN,,,,2025-10-14T23:59:59Z,2025-05-15T09:00:00Z,destination=SYX&origin=CAN&endRange=2025-10-14T23:59:59Z&startRange=2025-05-15T09:00:00Z,2.0,149.0,1.0,50.0,<Response [200]>
,,,,,,YUL,,,,,LGA,,,,2025-10-14T23:59:59Z,2025-05-15T09:00:00Z,destination=YUL&origin=LGA&endRange=2025-10-14T23:59:59Z&startRange=2025-05-15T09:00:00Z,2.0,149.0,1.0,50.0,<Response [200]>
,,,,,,USH,,,,,EZE,,,,2025-10-14T23:59:59Z,2025-05-15T09:00:00Z,destination=USH&origin=EZE&endRange=2025-10-14T23:59:59Z&startRange=2025-05-15T09:00:00Z,2.0,149.0,1.0,50.0,<Response [200]>
,,,,,,CTS,,,,,KIX,,,,2025-10-14T23:59:59Z,2025-05-15T09:00:00Z,destination=CTS&origin=KIX&endRange=2025-10-14T23:59:59Z&startRange=2025-05-15T09:00:00Z,2.0,150.0,1.0,50.0,<Response [200]>
,,,,,,ATL,,,,,BJX,,,,2025-10-14T23:59:59Z,2025-05-15T09:00:00Z,destination=ATL&origin=BJX&endRange=2025-10-14T23:59:59Z&startRange=2025-05-15T09:00:00Z,2.0,150.0,1.0,50.0,<Response [200]>
,,,,,,JFK,,,,,KEF,,,,2025-10-14T23:59:59Z,2025-05-15T09:00:00Z,destination=JFK&origin=KEF&endRange=2025-10-14T23:59:59Z&startRange=2025-05-15T09:00:00Z,2.0,150.0,1.0,50.0,<Response [200]>
,,,,,,PTY,,,,,CTG,,,,2025-10-14T23:59:59Z,2025-05-15T09:00:00Z,destination=PTY&origin=CTG&endRange=2025-10-14T23:59:59Z&startRange=2025-05-15T09:00:00Z,2.0,150.0,1.0,50.0,<Response [200]>
,,,,,,FOR,,,,,SSA,,,,2025-10-14T23:59:59Z,2025-05-15T09:00:00Z,destination=FOR&origin=SSA&endRange=2025-10-14T23:59:59Z&startRange=2025-05-15T09:00:00Z,2.0,145.0,1.0,50.0,<Response [200]>
,,,,,,IAD,,,,,CLT,,,,2025-10-14T23:59:59Z,2025-05-15T09:00:00Z,destination=IAD&origin=CLT&endRange=2025-10-14T23:59:59Z&startRange=2025-05-15T09:00:00Z,2.0,146.0,1.0,50.0,<Response [200]>
,,,,,,ICN,,,,,MTY,,,,2025-10-14T23:59:59Z,2025-05-15T09:00:00Z,destination=ICN&origin=MTY&endRange=2025-10-14T23:59:59Z&startRange=2025-05-15T09:00:00Z,2.0,146.0,1.0,50.0,<Response [200]>
,,,,,,WUH,,,,,TYN,,,,2025-10-14T23:59:59Z,2025-05-15T09:00:00Z,destination=WUH&origin=TYN&endRange=2025-10-14T23:59:59Z&startRange=2025-05-15T09:00:00Z,2.0,140.0,1.0,50.0,<Response [200]>
,,,,,,DLA,,,,,NBO,,,,2025-10-14T23:59:59Z,2025-05-15T09:00:00Z,destination=DLA&origin=NBO&endRange=2025-10-14T23:59:59Z&startRange=2025-05-15T09:00:00Z,2.0,140.0,1.0,50.0,<Response [200]>
,,,,,,HAK,,,,,CAN,,,,2025-10-14T23:59:59Z,2025-05-15T09:00:00Z,destination=HAK&origin=CAN&endRange=2025-10-14T23:59:59Z&startRange=2025-05-15T09:00:00Z,2.0,140.0,1.0,50.0,<Response [200]>
,,,,,,SAN,,,,,BOS,,,,2025-10-14T23:59:59Z,2025-05-15T09:00:00Z,destination=SAN&origin=BOS&endRange=2025-10-14T23:59:59Z&startRange=2025-05-15T09:00:00Z,2.0,146.0,1.0,50.0,<Response [200]>
,,,,,,SEA,,,,,JNU,,,,2025-10-14T23:59:59Z,2025-05-15T09:00:00Z,destination=SEA&origin=JNU&endRange=2025-10-14T23:59:59Z&startRange=2025-05-15T09:00:00Z,2.0,146.0,1.0,50.0,<Response [200]>
,,,,,,PRG,,,,,JFK,,,,2025-10-14T23:59:59Z,2025-05-15T09:00:00Z,destination=PRG&origin=JFK&endRange=2025-10-14T23:59:59Z&startRange=2025-05-15T09:00:00Z,2.0,146.0,1.0,50.0,<Response [200]>
,,,,,,SHE,,,,,XIY,,,,2025-10-14T23:59:59Z,2025-05-15T09:00:00Z,destination=SHE&origin=XIY&endRange=2025-10-14T23:59:59Z&startRange=2025-05-15T09:00:00Z,2.0,146.0,1.0,50.0,<Response [200]>
,,,,,,XIY,,,,,CGQ,,,,2025-10-14T23:59:59Z,2025-05-15T09:00:00Z,destination=XIY&origin=CGQ&endRange=2025-10-14T23:59:59Z&startRange=2025-05-15T09:00:00Z,2.0,146.0,1.0,50.0,<Response [200]>
,,,,,,RUH,,,,,TIF,,,,2025-10-14T23:59:59Z,2025-05-15T09:00:00Z,destination=RUH&origin=TIF&endRange=2025-10-14T23:59:59Z&startRange=2025-05-15T09:00:00Z,2.0,146.0,1.0,50.0,<Response [200]>
,,,,,,GIG,,,,,NAT,,,,2025-10-14T23:59:59Z,2025-05-15T09:00:00Z,destination=GIG&origin=NAT&endRange=2025-10-14T23:59:59Z&startRange=2025-05-15T09:00:00Z,2.0,147.0,1.0,50.0,<Response [200]>
,,,,,,GIG,,,,,JPA,,,,2025-10-14T23:59:59Z,2025-05-15T09:00:00Z,destination=GIG&origin=JPA&endRange=2025-10-14T23:59:59Z&startRange=2025-05-15T09:00:00Z,2.0,147.0,1.0,50.0,<Response [200]>
,,,,,,CAN,,,,,TAO,,,,2025-10-14T23:59:59Z,2025-05-15T09:00:00Z,destination=CAN&origin=TAO&endRange=2025-10-14T23:59:59Z&startRange=2025-05-15T09:00:00Z,2.0,147.0,1.0,50.0,<Response [200]>
,,,,,,JFK,,,,,PRG,,,,2025-10-14T23:59:59Z,2025-05-15T09:00:00Z,destination=JFK&origin=PRG&endRange=2025-10-14T23:59:59Z&startRange=2025-05-15T09:00:00Z,2.0,147.0,1.0,50.0,<Response [200]>
,,,,,,DSN,,,,,PVG,,,,2025-10-14T23:59:59Z,2025-05-15T09:00:00Z,destination=DSN&origin=PVG&endRange=2025-10-14T23:59:59Z&startRange=2025-05-15T09:00:00Z,2.0,141.0,1.0,50.0,<Response [200]>
,,,,,,XMN,,,,,KUL,,,,2025-10-14T23:59:59Z,2025-05-15T09:00:00Z,destination=XMN&origin=KUL&endRange=2025-10-14T23:59:59Z&startRange=2025-05-15T09:00:00Z,2.0,142.0,1.0,50.0,<Response [200]>
,,,,,,KWE,,,,,HGH,,,,2025-10-14T23:59:59Z,2025-05-15T09:00:00Z,destination=KWE&origin=HGH&endRange=2025-10-14T23:59:59Z&startRange=2025-05-15T09:00:00Z,2.0,142.0,1.0,50.0,<Response [200]>
,,,,,,SJU,,,,,BOS,,,,2025-10-14T23:59:59Z,2025-05-15T09:00:00Z,destination=SJU&origin=BOS&endRange=2025-10-14T23:59:59Z&startRange=2025-05-15T09:00:00Z,2.0,135.0,1.0,50.0,<Response [200]>
,,,,,,RUH,,,,,AMM,,,,2025-10-14T23:59:59Z,2025-05-15T09:00:00Z,destination=RUH&origin=AMM&endRange=2025-10-14T23:59:59Z&startRange=2025-05-15T09:00:00Z,2.0,135.0,1.0,50.0,<Response [200]>
,,,,,,NKG,,,,,TFU,,,,2025-10-14T23:59:59Z,2025-05-15T09:00:00Z,destination=NKG&origin=TFU&endRange=2025-10-14T23:59:59Z&startRange=2025-05-15T09:00:00Z,2.0,136.0,1.0,50.0,<Response [200]>
,,,,,,SSA,,,,,FOR,,,,2025-10-14T23:59:59Z,2025-05-15T09:00:00Z,destination=SSA&origin=FOR&endRange=2025-10-14T23:59:59Z&startRange=2025-05-15T09:00:00Z,2.0,143.0,1.0,50.0,<Response [200]>
,,,,,,PVG,,,,,NKG,,,,2025-10-14T23:59:59Z,2025-05-15T09:00:00Z,destination=PVG&origin=NKG&endRange=2025-10-14T23:59:59Z&startRange=2025-05-15T09:00:00Z,2.0,143.0,1.0,50.0,<Response [200]>
,,,,,,LHW,,,,,NKG,,,,2025-10-14T23:59:59Z,2025-05-15T09:00:00Z,destination=LHW&origin=NKG&endRange=2025-10-14T23:59:59Z&startRange=2025-05-15T09:00:00Z,2.0,144.0,1.0,50.0,<Response [200]>
,,,,,,TQO,,,,,ATL,,,,2025-10-14T23:59:59Z,2025-05-15T09:00:00Z,destination=TQO&origin=ATL&endRange=2025-10-14T23:59:59Z&startRange=2025-05-15T09:00:00Z,2.0,144.0,1.0,50.0,<Response [200]>
,,,,,,ATL,,,,,TQO,,,,2025-10-14T23:59:59Z,2025-05-15T09:00:00Z,destination=ATL&origin=TQO&endRange=2025-10-14T23:59:59Z&startRange=2025-05-15T09:00:00Z,2.0,144.0,1.0,50.0,<Response [200]>
,,,,,,LLW,,,,,NBO,,,,2025-10-14T23:59:59Z,2025-05-15T09:00:00Z,destination=LLW&origin=NBO&endRange=2025-10-14T23:59:59Z&startRange=2025-05-15T09:00:00Z,2.0,144.0,1.0,50.0,<Response [200]>
,,,,,,HRB,,,,,XIY,,,,2025-10-14T23:59:59Z,2025-05-15T09:00:00Z,destination=HRB&origin=XIY&endRange=2025-10-14T23:59:59Z&startRange=2025-05-15T09:00:00Z,2.0,145.0,1.0,50.0,<Response [200]>
,,,,,,JFK,,,,,CTA,,,,2025-10-14T23:59:59Z,2025-05-15T09:00:00Z,destination=JFK&origin=CTA&endRange=2025-10-14T23:59:59Z&startRange=2025-05-15T09:00:00Z,2.0,145.0,1.0,50.0,<Response [200]>
,,,,,,KMG,,,,,NGB,,,,2025-10-14T23:59:59Z,2025-05-15T09:00:00Z,destination=KMG&origin=NGB&endRange=2025-10-14T23:59:59Z&startRange=2025-05-15T09:00:00Z,2.0,145.0,1.0,50.0,<Response [200]>
,,,,,,SXM,,,,,ANU,,,,2025-10-14T23:59:59Z,2025-05-15T09:00:00Z,destination=SXM&origin=ANU&endRange=2025-10-14T23:59:59Z&startRange=2025-05-15T09:00:00Z,2.0,145.0,1.0,50.0,<Response [200]>
,,,,,,KNO,,,,,KUL,,,,2025-10-14T23:59:59Z,2025-05-15T09:00:00Z,destination=KNO&origin=KUL&endRange=2025-10-14T23:59:59Z&startRange=2025-05-15T09:00:00Z,2.0,139.0,1.0,50.0,<Response [200]>
,,,,,,KUL,,,,,KNO,,,,2025-10-14T23:59:59Z,2025-05-15T09:00:00Z,destination=KUL&origin=KNO&endRange=2025-10-14T23:59:59Z&startRange=2025-05-15T09:00:00Z,2.0,139.0,1.0,50.0,<Response [200]>
,,,,,,TUU,,,,,RUH,,,,2025-10-14T23:59:59Z,2025-05-15T09:00:00Z,destination=TUU&origin=RUH&endRange=2025-10-14T23:59:59Z&startRange=2025-05-15T09:00:00Z,2.0,139.0,1.0,50.0,<Response [200]>
,,,,,,CCU,,,,,AUH,,,,2025-10-14T23:59:59Z,2025-05-15T09:00:00Z,destination=CCU&origin=AUH&endRange=2025-10-14T23:59:59Z&startRange=2025-05-15T09:00:00Z,2.0,132.0,1.0,50.0,<Response [200]>
,,,,,,ATL,,,,,SLP,,,,2025-10-14T23:59:59Z,2025-05-15T09:00:00Z,destination=ATL&origin=SLP&endRange=2025-10-14T23:59:59Z&startRange=2025-05-15T09:00:00Z,2.0,132.0,1.0,50.0,<Response [200]>
,,,,,,NGB,,,,,KMG,,,,2025-10-14T23:59:59Z,2025-05-15T09:00:00Z,destination=NGB&origin=KMG&endRange=2025-10-14T23:59:59Z&startRange=2025-05-15T09:00:00Z,2.0,133.0,1.0,50.0,<Response [200]>
,,,,,,ATL,,,,,BZE,,,,2025-10-14T23:59:59Z,2025-05-15T09:00:00Z,destination=ATL&origin=BZE&endRange=2025-10-14T23:59:59Z&startRange=2025-05-15T09:00:00Z,2.0,140.0,1.0,50.0,<Response [200]>
,,,,,,BJM,,,,,NBO,,,,2025-10-14T23:59:59Z,2025-05-15T09:00:00Z,destination=BJM&origin=NBO&endRange=2025-10-14T23:59:59Z&startRange=2025-05-15T09:00:00Z,2.0,140.0,1.0,50.0,<Response [200]>
,,,,,,SHA,,,,,PKX,,,,2025-10-14T23:59:59Z,2025-05-15T09:00:00Z,destination=SHA&origin=PKX&endRange=2025-10-14T23:59:59Z&startRange=2025-05-15T09:00:00Z,2.0,140.0,1.0,50.0,<Response [200]>
,,,,,,NBO,,,,,BJM,,,,2025-10-14T23:59:59Z,2025-05-15T09:00:00Z,destination=NBO&origin=BJM&endRange=2025-10-14T23:59:59Z&startRange=2025-05-15T09:00:00Z,2.0,140.0,1.0,50.0,<Response [200]>
,,,,,,YWG,,,,,YVR,,,,2025-10-14T23:59:59Z,2025-05-15T09:00:00Z,destination=YWG&origin=YVR&endRange=2025-10-14T23:59:59Z&startRange=2025-05-15T09:00:00Z,2.0,140.0,1.0,50.0,<Response [200]>
,,,,,,TFU,,,,,NKG,,,,2025-10-14T23:59:59Z,2025-05-15T09:00:00Z,destination=TFU&origin=NKG&endRange=2025-10-14T23:59:59Z&startRange=2025-05-15T09:00:00Z,2.0,141.0,1.0,50.0,<Response [200]>
,,,,,,NKG,,,,,TYN,,,,2025-10-14T23:59:59Z,2025-05-15T09:00:00Z,destination=NKG&origin=TYN&endRange=2025-10-14T23:59:59Z&startRange=2025-05-15T09:00:00Z,2.0,141.0,1.0,50.0,<Response [200]>
,,,,,,TSN,,,,,XIY,,,,2025-10-14T23:59:59Z,2025-05-15T09:00:00Z,destination=TSN&origin=XIY&endRange=2025-10-14T23:59:59Z&startRange=2025-05-15T09:00:00Z,2.0,141.0,1.0,50.0,<Response [200]>
,,,,,,AEP,,,,,CNQ,,,,2025-10-14T23:59:59Z,2025-05-15T09:00:00Z,destination=AEP&origin=CNQ&endRange=2025-10-14T23:59:59Z&startRange=2025-05-15T09:00:00Z,2.0,141.0,1.0,50.0,<Response [200]>
,,,,,,PKX,,,,,KHN,,,,2025-10-14T23:59:59Z,2025-05-15T09:00:00Z,destination=PKX&origin=KHN&endRange=2025-10-14T23:59:59Z&startRange=2025-05-15T09:00:00Z,2.0,141.0,1.0,50.0,<Response [200]>
,,,,,,TFU,,,,,SHA,,,,2025-10-14T23:59:59Z,2025-05-15T09:00:00Z,destination=TFU&origin=SHA&endRange=2025-10-14T23:59:59Z&startRange=2025-05-15T09:00:00Z,2.0,135.0,1.0,50.0,<Response [200]>
,,,,,,AUH,,,,,AMM,,,,2025-10-14T23:59:59Z,2025-05-15T09:00:00Z,destination=AUH&origin=AMM&endRange=2025-10-14T23:59:59Z&startRange=2025-05-15T09:00:00Z,2.0,135.0,1.0,50.0,<Response [200]>
,,,,,,APL,,,,,LLW,,,,2025-10-14T23:59:59Z,2025-05-15T09:00:00Z,destination=APL&origin=LLW&endRange=2025-10-14T23:59:59Z&startRange=2025-05-15T09:00:00Z,2.0,135.0,1.0,50.0,<Response [200]>
,,,,,,BLR,,,,,MAA,,,,2025-10-14T23:59:59Z,2025-05-15T09:00:00Z,destination=BLR&origin=MAA&endRange=2025-10-14T23:59:59Z&startRange=2025-05-15T09:00:00Z,2.0,130.0,1.0,50.0,<Response [200]>
,,,,,,YEG,,,,,LAS,,,,2025-10-14T23:59:59Z,2025-05-15T09:00:00Z,destination=YEG&origin=LAS&endRange=2025-10-14T23:59:59Z&startRange=2025-05-15T09:00:00Z,2.0,130.0,1.0,50.0,<Response [200]>
,,,,,,THE,,,,,GRU,,,,2025-10-14T23:59:59Z,2025-05-15T09:00:00Z,destination=THE&origin=GRU&endRange=2025-10-14T23:59:59Z&startRange=2025-05-15T09:00:00Z,2.0,130.0,1.0,50.0,<Response [200]>
,,,,,,PNH,,,,,KUL,,,,2025-10-14T23:59:59Z,2025-05-15T09:00:00Z,destination=PNH&origin=KUL&endRange=2025-10-14T23:59:59Z&startRange=2025-05-15T09:00:00Z,2.0,136.0,1.0,50.0,<Response [200]>
,,,,,,RDU,,,,,CVG,,,,2025-10-14T23:59:59Z,2025-05-15T09:00:00Z,destination=RDU&origin=CVG&endRange=2025-10-14T23:59:59Z&startRange=2025-05-15T09:00:00Z,2.0,136.0,1.0,50.0,<Response [200]>
,,,,,,GYE,,,,,UIO,,,,2025-10-14T23:59:59Z,2025-05-15T09:00:00Z,destination=GYE&origin=UIO&endRange=2025-10-14T23:59:59Z&startRange=2025-05-15T09:00:00Z,2.0,136.0,1.0,50.0,<Response [200]>
,,,,,,SHA,,,,,TFU,,,,2025-10-14T23:59:59Z,2025-05-15T09:00:00Z,destination=SHA&origin=TFU&endRange=2025-10-14T23:59:59Z&startRange=2025-05-15T09:00:00Z,2.0,137.0,1.0,50.0,<Response [200]>
,,,,,,HKT,,,,,KUL,,,,2025-10-14T23:59:59Z,2025-05-15T09:00:00Z,destination=HKT&origin=KUL&endRange=2025-10-14T23:59:59Z&startRange=2025-05-15T09:00:00Z,2.0,137.0,1.0,50.0,<Response [200]>
,,,,,,JFK,,,,,BDA,,,,2025-10-14T23:59:59Z,2025-05-15T09:00:00Z,destination=JFK&origin=BDA&endRange=2025-10-14T23:59:59Z&startRange=2025-05-15T09:00:00Z,2.0,137.0,1.0,50.0,<Response [200]>
,,,,,,SHE,,,,,NKG,,,,2025-10-14T23:59:59Z,2025-05-15T09:00:00Z,destination=SHE&origin=NKG&endRange=2025-10-14T23:59:59Z&startRange=2025-05-15T09:00:00Z,2.0,137.0,1.0,50.0,<Response [200]>
,,,,,,PTY,,,,,MBJ,,,,2025-10-14T23:59:59Z,2025-05-15T09:00:00Z,destination=PTY&origin=MBJ&endRange=2025-10-14T23:59:59Z&startRange=2025-05-15T09:00:00Z,2.0,137.0,1.0,50.0,<Response [200]>
,,,,,,MBJ,,,,,PTY,,,,2025-10-14T23:59:59Z,2025-05-15T09:00:00Z,destination=MBJ&origin=PTY&endRange=2025-10-14T23:59:59Z&startRange=2025-05-15T09:00:00Z,2.0,137.0,1.0,50.0,<Response [200]>
,,,,,,NBO,,,,,DLA,,,,2025-10-14T23:59:59Z,2025-05-15T09:00:00Z,destination=NBO&origin=DLA&endRange=2025-10-14T23:59:59Z&startRange=2025-05-15T09:00:00Z,2.0,139.0,1.0,50.0,<Response [200]>
,,,,,,CAN,,,,,SYX,,,,2025-10-14T23:59:59Z,2025-05-15T09:00:00Z,destination=CAN&origin=SYX&endRange=2025-10-14T23:59:59Z&startRange=2025-05-15T09:00:00Z,2.0,131.0,1.0,50.0,<Response [200]>
,,,,,,PKX,,,,,NGB,,,,2025-10-14T23:59:59Z,2025-05-15T09:00:00Z,destination=PKX&origin=NGB&endRange=2025-10-14T23:59:59Z&startRange=2025-05-15T09:00:00Z,2.0,132.0,1.0,50.0,<Response [200]>
,,,,,,RNO,,,,,ATL,,,,2025-10-14T23:59:59Z,2025-05-15T09:00:00Z,destination=RNO&origin=ATL&endRange=2025-10-14T23:59:59Z&startRange=2025-05-15T09:00:00Z,2.0,132.0,1.0,50.0,<Response [200]>
,,,,,,PUJ,,,,,JFK,,,,2025-10-14T23:59:59Z,2025-05-15T09:00:00Z,destination=PUJ&origin=JFK&endRange=2025-10-14T23:59:59Z&startRange=2025-05-15T09:00:00Z,2.0,125.0,1.0,50.0,<Response [200]>
,,,,,,EZE,,,,,IGR,,,,2025-10-14T23:59:59Z,2025-05-15T09:00:00Z,destination=EZE&origin=IGR&endRange=2025-10-14T23:59:59Z&startRange=2025-05-15T09:00:00Z,2.0,125.0,1.0,50.0,<Response [200]>
,,,,,,YEG,,,,,YOW,,,,2025-10-14T23:59:59Z,2025-05-15T09:00:00Z,destination=YEG&origin=YOW&endRange=2025-10-14T23:59:59Z&startRange=2025-05-15T09:00:00Z,2.0,126.0,1.0,50.0,<Response [200]>
,,,,,,PKX,,,,,SYX,,,,2025-10-14T23:59:59Z,2025-05-15T09:00:00Z,destination=PKX&origin=SYX&endRange=2025-10-14T23:59:59Z&startRange=2025-05-15T09:00:00Z,2.0,133.0,1.0,50.0,<Response [200]>
,,,,,,YWG,,,,,YOW,,,,2025-10-14T23:59:59Z,2025-05-15T09:00:00Z,destination=YWG&origin=YOW&endRange=2025-10-14T23:59:59Z&startRange=2025-05-15T09:00:00Z,2.0,133.0,1.0,50.0,<Response [200]>
,,,,,,ATL,,,,,PVR,,,,2025-10-14T23:59:59Z,2025-05-15T09:00:00Z,destination=ATL&origin=PVR&endRange=2025-10-14T23:59:59Z&startRange=2025-05-15T09:00:00Z,2.0,133.0,1.0,50.0,<Response [200]>
,,,,,,PVR,,,,,ATL,,,,2025-10-14T23:59:59Z,2025-05-15T09:00:00Z,destination=PVR&origin=ATL&endRange=2025-10-14T23:59:59Z&startRange=2025-05-15T09:00:00Z,2.0,133.0,1.0,50.0,<Response [200]>
,,,,,,ORD,,,,,GDL,,,,2025-10-14T23:59:59Z,2025-05-15T09:00:00Z,destination=ORD&origin=GDL&endRange=2025-10-14T23:59:59Z&startRange=2025-05-15T09:00:00Z,2.0,133.0,1.0,50.0,<Response [200]>
,,,,,,NBO,,,,,LOS,,,,2025-10-14T23:59:59Z,2025-05-15T09:00:00Z,destination=NBO&origin=LOS&endRange=2025-10-14T23:59:59Z&startRange=2025-05-15T09:00:00Z,2.0,133.0,1.0,50.0,<Response [200]>
,,,,,,TYN,,,,,WUH,,,,2025-10-14T23:59:59Z,2025-05-15T09:00:00Z,destination=TYN&origin=WUH&endRange=2025-10-14T23:59:59Z&startRange=2025-05-15T09:00:00Z,2.0,134.0,1.0,50.0,<Response [200]>
,,,,,,SSA,,,,,AJU,,,,2025-10-14T23:59:59Z,2025-05-15T09:00:00Z,destination=SSA&origin=AJU&endRange=2025-10-14T23:59:59Z&startRange=2025-05-15T09:00:00Z,2.0,134.0,1.0,50.0,<Response [200]>
,,,,,,HUI,,,,,HAN,,,,2025-10-14T23:59:59Z,2025-05-15T09:00:00Z,destination=HUI&origin=HAN&endRange=2025-10-14T23:59:59Z&startRange=2025-05-15T09:00:00Z,2.0,134.0,1.0,50.0,<Response [200]>
,,,,,,LGA,,,,,RDU,,,,2025-10-14T23:59:59Z,2025-05-15T09:00:00Z,destination=LGA&origin=RDU&endRange=2025-10-14T23:59:59Z&startRange=2025-05-15T09:00:00Z,2.0,134.0,1.0,50.0,<Response [200]>
,,,,,,RIX,,,,,PLQ,,,,2025-10-14T23:59:59Z,2025-05-15T09:00:00Z,destination=RIX&origin=PLQ&endRange=2025-10-14T23:59:59Z&startRange=2025-05-15T09:00:00Z,2.0,130.0,1.0,50.0,<Response [200]>
,,,,,,BLR,,,,,AMD,,,,2025-10-14T23:59:59Z,2025-05-15T09:00:00Z,destination=BLR&origin=AMD&endRange=2025-10-14T23:59:59Z&startRange=2025-05-15T09:00:00Z,2.0,130.0,1.0,50.0,<Response [200]>
,,,,,,BLR,,,,,TRV,,,,2025-10-14T23:59:59Z,2025-05-15T09:00:00Z,destination=BLR&origin=TRV&endRange=2025-10-14T23:59:59Z&startRange=2025-05-15T09:00:00Z,2.0,130.0,1.0,50.0,<Response [200]>
,,,,,,TYN,,,,,NKG,,,,2025-10-14T23:59:59Z,2025-05-15T09:00:00Z,destination=TYN&origin=NKG&endRange=2025-10-14T23:59:59Z&startRange=2025-05-15T09:00:00Z,2.0,121.0,1.0,50.0,<Response [200]>
,,,,,,EZE,,,,,COR,,,,2025-10-14T23:59:59Z,2025-05-15T09:00:00Z,destination=EZE&origin=COR&endRange=2025-10-14T23:59:59Z&startRange=2025-05-15T09:00:00Z,2.0,121.0,1.0,50.0,<Response [200]>
,,,,,,TIF,,,,,RUH,,,,2025-10-14T23:59:59Z,2025-05-15T09:00:00Z,destination=TIF&origin=RUH&endRange=2025-10-14T23:59:59Z&startRange=2025-05-15T09:00:00Z,2.0,121.0,1.0,50.0,<Response [200]>
,,,,,,YOW,,,,,YEG,,,,2025-10-14T23:59:59Z,2025-05-15T09:00:00Z,destination=YOW&origin=YEG&endRange=2025-10-14T23:59:59Z&startRange=2025-05-15T09:00:00Z,2.0,130.0,1.0,50.0,<Response [200]>
,,,,,,YLW,,,,,YEG,,,,2025-10-14T23:59:59Z,2025-05-15T09:00:00Z,destination=YLW&origin=YEG&endRange=2025-10-14T23:59:59Z&startRange=2025-05-15T09:00:00Z,2.0,130.0,1.0,50.0,<Response [200]>
,,,,,,MFE,,,,,AUS,,,,2025-10-14T23:59:59Z,2025-05-15T09:00:00Z,destination=MFE&origin=AUS&endRange=2025-10-14T23:59:59Z&startRange=2025-05-15T09:00:00Z,2.0,130.0,1.0,50.0,<Response [200]>
,,,,,,AJF,,,,,RUH,,,,2025-10-14T23:59:59Z,2025-05-15T09:00:00Z,destination=AJF&origin=RUH&endRange=2025-10-14T23:59:59Z&startRange=2025-05-15T09:00:00Z,2.0,130.0,1.0,50.0,<Response [200]>
,,,,,,GRU,,,,,THE,,,,2025-10-14T23:59:59Z,2025-05-15T09:00:00Z,destination=GRU&origin=THE&endRange=2025-10-14T23:59:59Z&startRange=2025-05-15T09:00:00Z,2.0,131.0,1.0,50.0,<Response [200]>
,,,,,,CHS,,,,,LGA,,,,2025-10-14T23:59:59Z,2025-05-15T09:00:00Z,destination=CHS&origin=LGA&endRange=2025-10-14T23:59:59Z&startRange=2025-05-15T09:00:00Z,2.0,131.0,1.0,50.0,<Response [200]>
,,,,,,SYD,,,,,HBA,,,,2025-10-14T23:59:59Z,2025-05-15T09:00:00Z,destination=SYD&origin=HBA&endRange=2025-10-14T23:59:59Z&startRange=2025-05-15T09:00:00Z,2.0,131.0,1.0,50.0,<Response [200]>
,,,,,,AUH,,,,,CCU,,,,2025-10-14T23:59:59Z,2025-05-15T09:00:00Z,destination=AUH&origin=CCU&endRange=2025-10-14T23:59:59Z&startRange=2025-05-15T09:00:00Z,2.0,131.0,1.0,50.0,<Response [200]>
,,,,,,MBJ,,,,,JFK,,,,2025-10-14T23:59:59Z,2025-05-15T09:00:00Z,destination=MBJ&origin=JFK&endRange=2025-10-14T23:59:59Z&startRange=2025-05-15T09:00:00Z,2.0,131.0,1.0,50.0,<Response [200]>
,,,,,,ANC,,,,,DTW,,,,2025-10-14T23:59:59Z,2025-05-15T09:00:00Z,destination=ANC&origin=DTW&endRange=2025-10-14T23:59:59Z&startRange=2025-05-15T09:00:00Z,2.0,131.0,1.0,50.0,<Response [200]>
,,,,,,SVG,,,,,TRF,,,,2025-10-14T23:59:59Z,2025-05-15T09:00:00Z,destination=SVG&origin=TRF&endRange=2025-10-14T23:59:59Z&startRange=2025-05-15T09:00:00Z,2.0,125.0,1.0,50.0,<Response [200]>
,,,,,,YVR,,,,,LAS,,,,2025-10-14T23:59:59Z,2025-05-15T09:00:00Z,destination=YVR&origin=LAS&endRange=2025-10-14T23:59:59Z&startRange=2025-05-15T09:00:00Z,2.0,125.0,1.0,50.0,<Response [200]>
,,,,,,SSA,,,,,CGH,,,,2025-10-14T23:59:59Z,2025-05-15T09:00:00Z,destination=SSA&origin=CGH&endRange=2025-10-14T23:59:59Z&startRange=2025-05-15T09:00:00Z,2.0,125.0,1.0,50.0,<Response [200]>
,,,,,,GIG,,,,,EZE,,,,2025-10-14T23:59:59Z,2025-05-15T09:00:00Z,destination=GIG&origin=EZE&endRange=2025-10-14T23:59:59Z&startRange=2025-05-15T09:00:00Z,2.0,114.0,1.0,50.0,<Response [200]>
,,,,,,SGN,,,,,PNH,,,,2025-10-14T23:59:59Z,2025-05-15T09:00:00Z,destination=SGN&origin=PNH&endRange=2025-10-14T23:59:59Z&startRange=2025-05-15T09:00:00Z,2.0,116.0,1.0,50.0,<Response [200]>
,,,,,,BNA,,,,,YYZ,,,,2025-10-14T23:59:59Z,2025-05-15T09:00:00Z,destination=BNA&origin=YYZ&endRange=2025-10-14T23:59:59Z&startRange=2025-05-15T09:00:00Z,2.0,116.0,1.0,50.0,<Response [200]>
,,,,,,XIY,,,,,SZX,,,,2025-10-14T23:59:59Z,2025-05-15T09:00:00Z,destination=XIY&origin=SZX&endRange=2025-10-14T23:59:59Z&startRange=2025-05-15T09:00:00Z,2.0,126.0,1.0,50.0,<Response [200]>
,,,,,,YYJ,,,,,YEG,,,,2025-10-14T23:59:59Z,2025-05-15T09:00:00Z,destination=YYJ&origin=YEG&endRange=2025-10-14T23:59:59Z&startRange=2025-05-15T09:00:00Z,2.0,127.0,1.0,50.0,<Response [200]>
,,,,,,KMG,,,,,TAO,,,,2025-10-14T23:59:59Z,2025-05-15T09:00:00Z,destination=KMG&origin=TAO&endRange=2025-10-14T23:59:59Z&startRange=2025-05-15T09:00:00Z,2.0,127.0,1.0,50.0,<Response [200]>
,,,,,,ICN,,,,,PVG,,,,2025-10-14T23:59:59Z,2025-05-15T09:00:00Z,destination=ICN&origin=PVG&endRange=2025-10-14T23:59:59Z&startRange=2025-05-15T09:00:00Z,2.0,127.0,1.0,50.0,<Response [200]>
,,,,,,EAM,,,,,RUH,,,,2025-10-14T23:59:59Z,2025-05-15T09:00:00Z,destination=EAM&origin=RUH&endRange=2025-10-14T23:59:59Z&startRange=2025-05-15T09:00:00Z,2.0,127.0,1.0,50.0,<Response [200]>
,,,,,,LHW,,,,,PKX,,,,2025-10-14T23:59:59Z,2025-05-15T09:00:00Z,destination=LHW&origin=PKX&endRange=2025-10-14T23:59:59Z&startRange=2025-05-15T09:00:00Z,2.0,128.0,1.0,50.0,<Response [200]>
,,,,,,PVG,,,,,ICN,,,,2025-10-14T23:59:59Z,2025-05-15T09:00:00Z,destination=PVG&origin=ICN&endRange=2025-10-14T23:59:59Z&startRange=2025-05-15T09:00:00Z,2.0,128.0,1.0,50.0,<Response [200]>
,,,,,,HNL,,,,,JFK,,,,2025-10-14T23:59:59Z,2025-05-15T09:00:00Z,destination=HNL&origin=JFK&endRange=2025-10-14T23:59:59Z&startRange=2025-05-15T09:00:00Z,2.0,128.0,1.0,50.0,<Response [200]>
,,,,,,EZE,,,,,GIG,,,,2025-10-14T23:59:59Z,2025-05-15T09:00:00Z,destination=EZE&origin=GIG&endRange=2025-10-14T23:59:59Z&startRange=2025-05-15T09:00:00Z,2.0,128.0,1.0,50.0,<Response [200]>
,,,,,,RUH,,,,,TUU,,,,2025-10-14T23:59:59Z,2025-05-15T09:00:00Z,destination=RUH&origin=TUU&endRange=2025-10-14T23:59:59Z&startRange=2025-05-15T09:00:00Z,2.0,128.0,1.0,50.0,<Response [200]>
,,,,,,NKG,,,,,SYX,,,,2025-10-14T23:59:59Z,2025-05-15T09:00:00Z,destination=NKG&origin=SYX&endRange=2025-10-14T23:59:59Z&startRange=2025-05-15T09:00:00Z,2.0,120.0,1.0,50.0,<Response [200]>
,,,,,,LHW,,,,,HGH,,,,2025-10-14T23:59:59Z,2025-05-15T09:00:00Z,destination=LHW&origin=HGH&endRange=2025-10-14T23:59:59Z&startRange=2025-05-15T09:00:00Z,2.0,120.0,1.0,50.0,<Response [200]>
,,,,,,MAO,,,,,GIG,,,,2025-10-14T23:59:59Z,2025-05-15T09:00:00Z,destination=MAO&origin=GIG&endRange=2025-10-14T23:59:59Z&startRange=2025-05-15T09:00:00Z,2.0,120.0,1.0,50.0,<Response [200]>
,,,,,,WNZ,,,,,XIY,,,,2025-10-14T23:59:59Z,2025-05-15T09:00:00Z,destination=WNZ&origin=XIY&endRange=2025-10-14T23:59:59Z&startRange=2025-05-15T09:00:00Z,2.0,111.0,1.0,50.0,<Response [200]>
,,,,,,SZX,,,,,XIY,,,,2025-10-14T23:59:59Z,2025-05-15T09:00:00Z,destination=SZX&origin=XIY&endRange=2025-10-14T23:59:59Z&startRange=2025-05-15T09:00:00Z,2.0,111.0,1.0,50.0,<Response [200]>
,,,,,,MSP,,,,,KEF,,,,2025-10-14T23:59:59Z,2025-05-15T09:00:00Z,destination=MSP&origin=KEF&endRange=2025-10-14T23:59:59Z&startRange=2025-05-15T09:00:00Z,2.0,111.0,1.0,50.0,<Response [200]>
,,,,,,NBO,,,,,JRO,,,,2025-10-14T23:59:59Z,2025-05-15T09:00:00Z,destination=NBO&origin=JRO&endRange=2025-10-14T23:59:59Z&startRange=2025-05-15T09:00:00Z,2.0,122.0,1.0,50.0,<Response [200]>
,,,,,,NBO,,,,,JUB,,,,2025-10-14T23:59:59Z,2025-05-15T09:00:00Z,destination=NBO&origin=JUB&endRange=2025-10-14T23:59:59Z&startRange=2025-05-15T09:00:00Z,2.0,122.0,1.0,50.0,<Response [200]>
,,,,,,RUH,,,,,EAM,,,,2025-10-14T23:59:59Z,2025-05-15T09:00:00Z,destination=RUH&origin=EAM&endRange=2025-10-14T23:59:59Z&startRange=2025-05-15T09:00:00Z,2.0,122.0,1.0,50.0,<Response [200]>
,,,,,,GYN,,,,,GIG,,,,2025-10-14T23:59:59Z,2025-05-15T09:00:00Z,destination=GYN&origin=GIG&endRange=2025-10-14T23:59:59Z&startRange=2025-05-15T09:00:00Z,2.0,123.0,1.0,50.0,<Response [200]>
,,,,,,ANU,,,,,EIS,,,,2025-10-14T23:59:59Z,2025-05-15T09:00:00Z,destination=ANU&origin=EIS&endRange=2025-10-14T23:59:59Z&startRange=2025-05-15T09:00:00Z,2.0,123.0,1.0,50.0,<Response [200]>
,,,,,,ICN,,,,,NKG,,,,2025-10-14T23:59:59Z,2025-05-15T09:00:00Z,destination=ICN&origin=NKG&endRange=2025-10-14T23:59:59Z&startRange=2025-05-15T09:00:00Z,2.0,123.0,1.0,50.0,<Response [200]>
,,,,,,RUH,,,,,AQI,,,,2025-10-14T23:59:59Z,2025-05-15T09:00:00Z,destination=RUH&origin=AQI&endRange=2025-10-14T23:59:59Z&startRange=2025-05-15T09:00:00Z,2.0,123.0,1.0,50.0,<Response [200]>
,,,,,,SXM,,,,,SKB,,,,2025-10-14T23:59:59Z,2025-05-15T09:00:00Z,destination=SXM&origin=SKB&endRange=2025-10-14T23:59:59Z&startRange=2025-05-15T09:00:00Z,2.0,124.0,1.0,50.0,<Response [200]>
,,,,,,CVG,,,,,LAX,,,,2025-10-14T23:59:59Z,2025-05-15T09:00:00Z,destination=CVG&origin=LAX&endRange=2025-10-14T23:59:59Z&startRange=2025-05-15T09:00:00Z,2.0,124.0,1.0,50.0,<Response [200]>
,,,,,,NKG,,,,,ICN,,,,2025-10-14T23:59:59Z,2025-05-15T09:00:00Z,destination=NKG&origin=ICN&endRange=2025-10-14T23:59:59Z&startRange=2025-05-15T09:00:00Z,2.0,124.0,1.0,50.0,<Response [200]>
,,,,,,YLW,,,,,YYZ,,,,2025-10-14T23:59:59Z,2025-05-15T09:00:00Z,destination=YLW&origin=YYZ&endRange=2025-10-14T23:59:59Z&startRange=2025-05-15T09:00:00Z,2.0,114.0,1.0,50.0,<Response [200]>
,,,,,,TUC,,,,,EZE,,,,2025-10-14T23:59:59Z,2025-05-15T09:00:00Z,destination=TUC&origin=EZE&endRange=2025-10-14T23:59:59Z&startRange=2025-05-15T09:00:00Z,2.0,114.0,1.0,50.0,<Response [200]>
,,,,,,SYX,,,,,NKG,,,,2025-10-14T23:59:59Z,2025-05-15T09:00:00Z,destination=SYX&origin=NKG&endRange=2025-10-14T23:59:59Z&startRange=2025-05-15T09:00:00Z,2.0,114.0,1.0,50.0,<Response [200]>
,,,,,,INC,,,,,XMN,,,,2025-10-14T23:59:59Z,2025-05-15T09:00:00Z,destination=INC&origin=XMN&endRange=2025-10-14T23:59:59Z&startRange=2025-05-15T09:00:00Z,2.0,108.0,1.0,50.0,<Response [200]>
,,,,,,PVG,,,,,OKA,,,,2025-10-14T23:59:59Z,2025-05-15T09:00:00Z,destination=PVG&origin=OKA&endRange=2025-10-14T23:59:59Z&startRange=2025-05-15T09:00:00Z,2.0,108.0,1.0,50.0,<Response [200]>
,,,,,,INC,,,,,SHA,,,,2025-10-14T23:59:59Z,2025-05-15T09:00:00Z,destination=INC&origin=SHA&endRange=2025-10-14T23:59:59Z&startRange=2025-05-15T09:00:00Z,2.0,108.0,1.0,50.0,<Response [200]>
,,,,,,FOC,,,,,CGO,,,,2025-10-14T23:59:59Z,2025-05-15T09:00:00Z,destination=FOC&origin=CGO&endRange=2025-10-14T23:59:59Z&startRange=2025-05-15T09:00:00Z,2.0,118.0,1.0,50.0,<Response [200]>
,,,,,,SHA,,,,,CGQ,,,,2025-10-14T23:59:59Z,2025-05-15T09:00:00Z,destination=SHA&origin=CGQ&endRange=2025-10-14T23:59:59Z&startRange=2025-05-15T09:00:00Z,2.0,118.0,1.0,50.0,<Response [200]>
,,,,,,XMN,,,,,LYG,,,,2025-10-14T23:59:59Z,2025-05-15T09:00:00Z,destination=XMN&origin=LYG&endRange=2025-10-14T23:59:59Z&startRange=2025-05-15T09:00:00Z,2.0,118.0,1.0,50.0,<Response [200]>
,,,,,,LYG,,,,,HRB,,,,2025-10-14T23:59:59Z,2025-05-15T09:00:00Z,destination=LYG&origin=HRB&endRange=2025-10-14T23:59:59Z&startRange=2025-05-15T09:00:00Z,2.0,118.0,1.0,50.0,<Response [200]>
,,,,,,BEL,,,,,GIG,,,,2025-10-14T23:59:59Z,2025-05-15T09:00:00Z,destination=BEL&origin=GIG&endRange=2025-10-14T23:59:59Z&startRange=2025-05-15T09:00:00Z,2.0,118.0,1.0,50.0,<Response [200]>
,,,,,,MEX,,,,,IAD,,,,2025-10-14T23:59:59Z,2025-05-15T09:00:00Z,destination=MEX&origin=IAD&endRange=2025-10-14T23:59:59Z&startRange=2025-05-15T09:00:00Z,2.0,118.0,1.0,50.0,<Response [200]>
,,,,,,HRB,,,,,LYG,,,,2025-10-14T23:59:59Z,2025-05-15T09:00:00Z,destination=HRB&origin=LYG&endRange=2025-10-14T23:59:59Z&startRange=2025-05-15T09:00:00Z,2.0,119.0,1.0,50.0,<Response [200]>
,,,,,,LYG,,,,,XMN,,,,2025-10-14T23:59:59Z,2025-05-15T09:00:00Z,destination=LYG&origin=XMN&endRange=2025-10-14T23:59:59Z&startRange=2025-05-15T09:00:00Z,2.0,119.0,1.0,50.0,<Response [200]>
,,,,,,SLP,,,,,ATL,,,,2025-10-14T23:59:59Z,2025-05-15T09:00:00Z,destination=SLP&origin=ATL&endRange=2025-10-14T23:59:59Z&startRange=2025-05-15T09:00:00Z,2.0,119.0,1.0,50.0,<Response [200]>
,,,,,,RUH,,,,,AJF,,,,2025-10-14T23:59:59Z,2025-05-15T09:00:00Z,destination=RUH&origin=AJF&endRange=2025-10-14T23:59:59Z&startRange=2025-05-15T09:00:00Z,2.0,119.0,1.0,50.0,<Response [200]>
,,,,,,KEF,,,,,MSP,,,,2025-10-14T23:59:59Z,2025-05-15T09:00:00Z,destination=KEF&origin=MSP&endRange=2025-10-14T23:59:59Z&startRange=2025-05-15T09:00:00Z,2.0,110.0,1.0,50.0,<Response [200]>
,,,,,,POS,,,,,SXM,,,,2025-10-14T23:59:59Z,2025-05-15T09:00:00Z,destination=POS&origin=SXM&endRange=2025-10-14T23:59:59Z&startRange=2025-05-15T09:00:00Z,2.0,110.0,1.0,50.0,<Response [200]>
,,,,,,YXX,,,,,YEG,,,,2025-10-14T23:59:59Z,2025-05-15T09:00:00Z,destination=YXX&origin=YEG&endRange=2025-10-14T23:59:59Z&startRange=2025-05-15T09:00:00Z,2.0,111.0,1.0,50.0,<Response [200]>
,,,,,,LAX,,,,,YEG,,,,2025-10-14T23:59:59Z,2025-05-15T09:00:00Z,destination=LAX&origin=YEG&endRange=2025-10-14T23:59:59Z&startRange=2025-05-15T09:00:00Z,2.0,104.0,1.0,50.0,<Response [200]>
,,,,,,YOW,,,,,YWG,,,,2025-10-14T23:59:59Z,2025-05-15T09:00:00Z,destination=YOW&origin=YWG&endRange=2025-10-14T23:59:59Z&startRange=2025-05-15T09:00:00Z,2.0,104.0,1.0,50.0,<Response [200]>
,,,,,,NBO,,,,,SEZ,,,,2025-10-14T23:59:59Z,2025-05-15T09:00:00Z,destination=NBO&origin=SEZ&endRange=2025-10-14T23:59:59Z&startRange=2025-05-15T09:00:00Z,2.0,104.0,1.0,50.0,<Response [200]>
,,,,,,JED,,,,,CGK,,,,2025-10-14T23:59:59Z,2025-05-15T09:00:00Z,destination=JED&origin=CGK&endRange=2025-10-14T23:59:59Z&startRange=2025-05-15T09:00:00Z,2.0,112.0,1.0,50.0,<Response [200]>
,,,,,,PSP,,,,,MSP,,,,2025-10-14T23:59:59Z,2025-05-15T09:00:00Z,destination=PSP&origin=MSP&endRange=2025-10-14T23:59:59Z&startRange=2025-05-15T09:00:00Z,2.0,112.0,1.0,50.0,<Response [200]>
,,,,,,SNN,,,,,JFK,,,,2025-10-14T23:59:59Z,2025-05-15T09:00:00Z,destination=SNN&origin=JFK&endRange=2025-10-14T23:59:59Z&startRange=2025-05-15T09:00:00Z,2.0,113.0,1.0,50.0,<Response [200]>
,,,,,,BHY,,,,,PVG,,,,2025-10-14T23:59:59Z,2025-05-15T09:00:00Z,destination=BHY&origin=PVG&endRange=2025-10-14T23:59:59Z&startRange=2025-05-15T09:00:00Z,2.0,113.0,1.0,50.0,<Response [200]>
,,,,,,JFK,,,,,SNN,,,,2025-10-14T23:59:59Z,2025-05-15T09:00:00Z,destination=JFK&origin=SNN&endRange=2025-10-14T23:59:59Z&startRange=2025-05-15T09:00:00Z,2.0,113.0,1.0,50.0,<Response [200]>
,,,,,,KHN,,,,,TAO,,,,2025-10-14T23:59:59Z,2025-05-15T09:00:00Z,destination=KHN&origin=TAO&endRange=2025-10-14T23:59:59Z&startRange=2025-05-15T09:00:00Z,2.0,113.0,1.0,50.0,<Response [200]>
,,,,,,ADD,,,,,NBO,,,,2025-10-14T23:59:59Z,2025-05-15T09:00:00Z,destination=ADD&origin=NBO&endRange=2025-10-14T23:59:59Z&startRange=2025-05-15T09:00:00Z,2.0,114.0,1.0,50.0,<Response [200]>
,,,,,,HRB,,,,,NKG,,,,2025-10-14T23:59:59Z,2025-05-15T09:00:00Z,destination=HRB&origin=NKG&endRange=2025-10-14T23:59:59Z&startRange=2025-05-15T09:00:00Z,2.0,114.0,1.0,50.0,<Response [200]>
,,,,,,NBO,,,,,ADD,,,,2025-10-14T23:59:59Z,2025-05-15T09:00:00Z,destination=NBO&origin=ADD&endRange=2025-10-14T23:59:59Z&startRange=2025-05-15T09:00:00Z,2.0,114.0,1.0,50.0,<Response [200]>
,,,,,,YQR,,,,,YEG,,,,2025-10-14T23:59:59Z,2025-05-15T09:00:00Z,destination=YQR&origin=YEG&endRange=2025-10-14T23:59:59Z&startRange=2025-05-15T09:00:00Z,2.0,114.0,1.0,50.0,<Response [200]>
,,,,,,SYD,,,,,TPE,,,,2025-10-14T23:59:59Z,2025-05-15T09:00:00Z,destination=SYD&origin=TPE&endRange=2025-10-14T23:59:59Z&startRange=2025-05-15T09:00:00Z,2.0,107.0,1.0,50.0,<Response [200]>
,,,,,,TPE,,,,,SYD,,,,2025-10-14T23:59:59Z,2025-05-15T09:00:00Z,destination=TPE&origin=SYD&endRange=2025-10-14T23:59:59Z&startRange=2025-05-15T09:00:00Z,2.0,107.0,1.0,50.0,<Response [200]>
,,,,,,PVG,,,,,KWL,,,,2025-10-14T23:59:59Z,2025-05-15T09:00:00Z,destination=PVG&origin=KWL&endRange=2025-10-14T23:59:59Z&startRange=2025-05-15T09:00:00Z,2.0,108.0,1.0,50.0,<Response [200]>
,,,,,,SRQ,,,,,MSP,,,,2025-10-14T23:59:59Z,2025-05-15T09:00:00Z,destination=SRQ&origin=MSP&endRange=2025-10-14T23:59:59Z&startRange=2025-05-15T09:00:00Z,2.0,105.0,1.0,50.0,<Response [200]>
,,,,,,IAD,,,,,RDU,,,,2025-10-14T23:59:59Z,2025-05-15T09:00:00Z,destination=IAD&origin=RDU&endRange=2025-10-14T23:59:59Z&startRange=2025-05-15T09:00:00Z,2.0,161.0,1.0,50.0,<Response [200]>
,,,,,,AUS,,,,,MAF,,,,2025-10-14T23:59:59Z,2025-05-15T09:00:00Z,destination=AUS&origin=MAF&endRange=2025-10-14T23:59:59Z&startRange=2025-05-15T09:00:00Z,2.0,101.0,1.0,50.0,<Response [200]>
,,,,,,FAT,,,,,ATL,,,,2025-10-14T23:59:59Z,2025-05-15T09:00:00Z,destination=FAT&origin=ATL&endRange=2025-10-14T23:59:59Z&startRange=2025-05-15T09:00:00Z,2.0,108.0,1.0,50.0,<Response [200]>
,,,,,,HIJ,,,,,TPE,,,,2025-10-14T23:59:59Z,2025-05-15T09:00:00Z,destination=HIJ&origin=TPE&endRange=2025-10-14T23:59:59Z&startRange=2025-05-15T09:00:00Z,2.0,108.0,1.0,50.0,<Response [200]>
,,,,,,DPS,,,,,BNE,,,,2025-10-14T23:59:59Z,2025-05-15T09:00:00Z,destination=DPS&origin=BNE&endRange=2025-10-14T23:59:59Z&startRange=2025-05-15T09:00:00Z,2.0,108.0,1.0,50.0,<Response [200]>
,,,,,,DPS,,,,,ADL,,,,2025-10-14T23:59:59Z,2025-05-15T09:00:00Z,destination=DPS&origin=ADL&endRange=2025-10-14T23:59:59Z&startRange=2025-05-15T09:00:00Z,2.0,108.0,1.0,50.0,<Response [200]>
,,,,,,KUL,,,,,ADL,,,,2025-10-14T23:59:59Z,2025-05-15T09:00:00Z,destination=KUL&origin=ADL&endRange=2025-10-14T23:59:59Z&startRange=2025-05-15T09:00:00Z,2.0,109.0,1.0,50.0,<Response [200]>
,,,,,,ADL,,,,,KUL,,,,2025-10-14T23:59:59Z,2025-05-15T09:00:00Z,destination=ADL&origin=KUL&endRange=2025-10-14T23:59:59Z&startRange=2025-05-15T09:00:00Z,2.0,109.0,1.0,50.0,<Response [200]>
,,,,,,MNL,,,,,SIN,,,,2025-10-14T23:59:59Z,2025-05-15T09:00:00Z,destination=MNL&origin=SIN&endRange=2025-10-14T23:59:59Z&startRange=2025-05-15T09:00:00Z,2.0,109.0,1.0,50.0,<Response [200]>
,,,,,,LGW,,,,,JFK,,,,2025-10-14T23:59:59Z,2025-05-15T09:00:00Z,destination=LGW&origin=JFK&endRange=2025-10-14T23:59:59Z&startRange=2025-05-15T09:00:00Z,2.0,109.0,1.0,50.0,<Response [200]>
,,,,,,JFK,,,,,LGW,,,,2025-10-14T23:59:59Z,2025-05-15T09:00:00Z,destination=JFK&origin=LGW&endRange=2025-10-14T23:59:59Z&startRange=2025-05-15T09:00:00Z,2.0,109.0,1.0,50.0,<Response [200]>
,,,,,,XIY,,,,,WNZ,,,,2025-10-14T23:59:59Z,2025-05-15T09:00:00Z,destination=XIY&origin=WNZ&endRange=2025-10-14T23:59:59Z&startRange=2025-05-15T09:00:00Z,2.0,110.0,1.0,50.0,<Response [200]>
,,,,,,MAF,,,,,AUS,,,,2025-10-14T23:59:59Z,2025-05-15T09:00:00Z,destination=MAF&origin=AUS&endRange=2025-10-14T23:59:59Z&startRange=2025-05-15T09:00:00Z,2.0,103.0,1.0,50.0,<Response [200]>
,,,,,,CAN,,,,,BKK,,,,2025-10-14T23:59:59Z,2025-05-15T09:00:00Z,destination=CAN&origin=BKK&endRange=2025-10-14T23:59:59Z&startRange=2025-05-15T09:00:00Z,2.0,104.0,1.0,50.0,<Response [200]>
,,,,,,DTW,,,,,SJU,,,,2025-10-14T23:59:59Z,2025-05-15T09:00:00Z,destination=DTW&origin=SJU&endRange=2025-10-14T23:59:59Z&startRange=2025-05-15T09:00:00Z,2.0,104.0,1.0,50.0,<Response [200]>
,,,,,,SHE,,,,,HGH,,,,2025-10-14T23:59:59Z,2025-05-15T09:00:00Z,destination=SHE&origin=HGH&endRange=2025-10-14T23:59:59Z&startRange=2025-05-15T09:00:00Z,2.0,183.0,1.0,50.0,<Response [200]>
,,,,,,SIN,,,,,XMN,,,,2025-10-14T23:59:59Z,2025-05-15T09:00:00Z,destination=SIN&origin=XMN&endRange=2025-10-14T23:59:59Z&startRange=2025-05-15T09:00:00Z,2.0,115.0,1.0,50.0,<Response [200]>
,,,,,,YEG,,,,,YXX,,,,2025-10-14T23:59:59Z,2025-05-15T09:00:00Z,destination=YEG&origin=YXX&endRange=2025-10-14T23:59:59Z&startRange=2025-05-15T09:00:00Z,2.0,114.0,1.0,50.0,<Response [200]>
,,,,,,YEG,,,,,LAX,,,,2025-10-14T23:59:59Z,2025-05-15T09:00:00Z,destination=YEG&origin=LAX&endRange=2025-10-14T23:59:59Z&startRange=2025-05-15T09:00:00Z,2.0,125.0,1.0,50.0,<Response [200]>
,,,,,,PTY,,,,,BGA,,,,2025-10-14T23:59:59Z,2025-05-15T09:00:00Z,destination=PTY&origin=BGA&endRange=2025-10-14T23:59:59Z&startRange=2025-05-15T09:00:00Z,2.0,105.0,1.0,50.0,<Response [200]>
,,,,,,COO,,,,,BKO,,,,2025-10-14T23:59:59Z,2025-05-15T09:00:00Z,destination=COO&origin=BKO&endRange=2025-10-14T23:59:59Z&startRange=2025-05-15T09:00:00Z,2.0,105.0,1.0,50.0,<Response [200]>
,,,,,,BGA,,,,,PTY,,,,2025-10-14T23:59:59Z,2025-05-15T09:00:00Z,destination=BGA&origin=PTY&endRange=2025-10-14T23:59:59Z&startRange=2025-05-15T09:00:00Z,2.0,106.0,1.0,50.0,<Response [200]>
,,,,,,BKO,,,,,COO,,,,2025-10-14T23:59:59Z,2025-05-15T09:00:00Z,destination=BKO&origin=COO&endRange=2025-10-14T23:59:59Z&startRange=2025-05-15T09:00:00Z,2.0,106.0,1.0,50.0,<Response [200]>
,,,,,,XIY,,,,,CKG,,,,2025-10-14T23:59:59Z,2025-05-15T09:00:00Z,destination=XIY&origin=CKG&endRange=2025-10-14T23:59:59Z&startRange=2025-05-15T09:00:00Z,2.0,107.0,1.0,50.0,<Response [200]>
,,,,,,EZE,,,,,USH,,,,2025-10-14T23:59:59Z,2025-05-15T09:00:00Z,destination=EZE&origin=USH&endRange=2025-10-14T23:59:59Z&startRange=2025-05-15T09:00:00Z,2.0,107.0,1.0,50.0,<Response [200]>
,,,,,,TPE,,,,,HIJ,,,,2025-10-14T23:59:59Z,2025-05-15T09:00:00Z,destination=TPE&origin=HIJ&endRange=2025-10-14T23:59:59Z&startRange=2025-05-15T09:00:00Z,2.0,107.0,1.0,50.0,<Response [200]>
,,,,,,SGN,,,,,VCL,,,,2025-10-14T23:59:59Z,2025-05-15T09:00:00Z,destination=SGN&origin=VCL&endRange=2025-10-14T23:59:59Z&startRange=2025-05-15T09:00:00Z,2.0,107.0,1.0,50.0,<Response [200]>
,,,,,,PKX,,,,,DLC,,,,2025-10-14T23:59:59Z,2025-05-15T09:00:00Z,destination=PKX&origin=DLC&endRange=2025-10-14T23:59:59Z&startRange=2025-05-15T09:00:00Z,2.0,107.0,1.0,50.0,<Response [200]>
,,,,,,CKG,,,,,XIY,,,,2025-10-14T23:59:59Z,2025-05-15T09:00:00Z,destination=CKG&origin=XIY&endRange=2025-10-14T23:59:59Z&startRange=2025-05-15T09:00:00Z,2.0,107.0,1.0,50.0,<Response [200]>
,,,,,,HAN,,,,,PVG,,,,2025-10-14T23:59:59Z,2025-05-15T09:00:00Z,destination=HAN&origin=PVG&endRange=2025-10-14T23:59:59Z&startRange=2025-05-15T09:00:00Z,2.0,101.0,1.0,50.0,<Response [200]>
,,,,,,CKG,,,,,HGH,,,,2025-10-14T23:59:59Z,2025-05-15T09:00:00Z,destination=CKG&origin=HGH&endRange=2025-10-14T23:59:59Z&startRange=2025-05-15T09:00:00Z,2.0,122.0,1.0,50.0,<Response [200]>
,,,,,,ZNZ,,,,,DAR,,,,2025-10-14T23:59:59Z,2025-05-15T09:00:00Z,destination=ZNZ&origin=DAR&endRange=2025-10-14T23:59:59Z&startRange=2025-05-15T09:00:00Z,2.0,187.0,1.0,50.0,<Response [200]>
,,,,,,YEG,,,,,YYJ,,,,2025-10-14T23:59:59Z,2025-05-15T09:00:00Z,destination=YEG&origin=YYJ&endRange=2025-10-14T23:59:59Z&startRange=2025-05-15T09:00:00Z,2.0,187.0,1.0,50.0,<Response [200]>
,,,,,,SJO,,,,,ATL,,,,2025-10-14T23:59:59Z,2025-05-15T09:00:00Z,destination=SJO&origin=ATL&endRange=2025-10-14T23:59:59Z&startRange=2025-05-15T09:00:00Z,2.0,187.0,1.0,50.0,<Response [200]>
,,,,,,GIG,,,,,MCZ,,,,2025-10-14T23:59:59Z,2025-05-15T09:00:00Z,destination=GIG&origin=MCZ&endRange=2025-10-14T23:59:59Z&startRange=2025-05-15T09:00:00Z,2.0,187.0,1.0,50.0,<Response [200]>
,,,,,,OKA,,,,,PVG,,,,2025-10-14T23:59:59Z,2025-05-15T09:00:00Z,destination=OKA&origin=PVG&endRange=2025-10-14T23:59:59Z&startRange=2025-05-15T09:00:00Z,2.0,101.0,1.0,50.0,<Response [200]>
,,,,,,SEZ,,,,,NBO,,,,2025-10-14T23:59:59Z,2025-05-15T09:00:00Z,destination=SEZ&origin=NBO&endRange=2025-10-14T23:59:59Z&startRange=2025-05-15T09:00:00Z,2.0,101.0,1.0,50.0,<Response [200]>
,,,,,,XIY,,,,,DSN,,,,2025-10-14T23:59:59Z,2025-05-15T09:00:00Z,destination=XIY&origin=DSN&endRange=2025-10-14T23:59:59Z&startRange=2025-05-15T09:00:00Z,2.0,102.0,1.0,50.0,<Response [200]>
,,,,,,SJU,,,,,DTW,,,,2025-10-14T23:59:59Z,2025-05-15T09:00:00Z,destination=SJU&origin=DTW&endRange=2025-10-14T23:59:59Z&startRange=2025-05-15T09:00:00Z,2.0,102.0,1.0,50.0,<Response [200]>
,,,,,,SSA,,,,,VIX,,,,2025-10-14T23:59:59Z,2025-05-15T09:00:00Z,destination=SSA&origin=VIX&endRange=2025-10-14T23:59:59Z&startRange=2025-05-15T09:00:00Z,2.0,102.0,1.0,50.0,<Response [200]>
,,,,,,BRC,,,,,EZE,,,,2025-10-14T23:59:59Z,2025-05-15T09:00:00Z,destination=BRC&origin=EZE&endRange=2025-10-14T23:59:59Z&startRange=2025-05-15T09:00:00Z,2.0,102.0,1.0,50.0,<Response [200]>
,,,,,,KIN,,,,,PTY,,,,2025-10-14T23:59:59Z,2025-05-15T09:00:00Z,destination=KIN&origin=PTY&endRange=2025-10-14T23:59:59Z&startRange=2025-05-15T09:00:00Z,2.0,103.0,1.0,50.0,<Response [200]>
,,,,,,LGA,,,,,CLT,,,,2025-10-14T23:59:59Z,2025-05-15T09:00:00Z,destination=LGA&origin=CLT&endRange=2025-10-14T23:59:59Z&startRange=2025-05-15T09:00:00Z,2.0,103.0,1.0,50.0,<Response [200]>
,,,,,,PTY,,,,,KIN,,,,2025-10-14T23:59:59Z,2025-05-15T09:00:00Z,destination=PTY&origin=KIN&endRange=2025-10-14T23:59:59Z&startRange=2025-05-15T09:00:00Z,2.0,103.0,1.0,50.0,<Response [200]>
,,,,,,NAS,,,,,JFK,,,,2025-10-14T23:59:59Z,2025-05-15T09:00:00Z,destination=NAS&origin=JFK&endRange=2025-10-14T23:59:59Z&startRange=2025-05-15T09:00:00Z,2.0,103.0,1.0,50.0,<Response [200]>
,,,,,,SHA,,,,,DLC,,,,2025-10-14T23:59:59Z,2025-05-15T09:00:00Z,destination=SHA&origin=DLC&endRange=2025-10-14T23:59:59Z&startRange=2025-05-15T09:00:00Z,2.0,104.0,1.0,50.0,<Response [200]>
,,,,,,XMN,,,,,TNA,,,,2025-10-14T23:59:59Z,2025-05-15T09:00:00Z,destination=XMN&origin=TNA&endRange=2025-10-14T23:59:59Z&startRange=2025-05-15T09:00:00Z,2.0,149.0,1.0,50.0,<Response [200]>
,,,,,,ATL,,,,,BGR,,,,2025-10-14T23:59:59Z,2025-05-15T09:00:00Z,destination=ATL&origin=BGR&endRange=2025-10-14T23:59:59Z&startRange=2025-05-15T09:00:00Z,2.0,169.0,1.0,50.0,<Response [200]>
,,,,,,TSN,,,,,FOC,,,,2025-10-14T23:59:59Z,2025-05-15T09:00:00Z,destination=TSN&origin=FOC&endRange=2025-10-14T23:59:59Z&startRange=2025-05-15T09:00:00Z,2.0,151.0,1.0,50.0,<Response [200]>
,,,,,,KMG,,,,,HFE,,,,2025-10-14T23:59:59Z,2025-05-15T09:00:00Z,destination=KMG&origin=HFE&endRange=2025-10-14T23:59:59Z&startRange=2025-05-15T09:00:00Z,2.0,106.0,1.0,50.0,<Response [200]>
,,,,,,UPG,,,,,CGK,,,,2025-10-14T23:59:59Z,2025-05-15T09:00:00Z,destination=UPG&origin=CGK&endRange=2025-10-14T23:59:59Z&startRange=2025-05-15T09:00:00Z,2.0,144.0,1.0,50.0,<Response [200]>
,,,,,,ZLO,,,,,MEX,,,,2025-10-14T23:59:59Z,2025-05-15T09:00:00Z,destination=ZLO&origin=MEX&endRange=2025-10-14T23:59:59Z&startRange=2025-05-15T09:00:00Z,2.0,193.0,1.0,50.0,<Response [200]>
,,,,,,MEX,,,,,PXM,,,,2025-10-14T23:59:59Z,2025-05-15T09:00:00Z,destination=MEX&origin=PXM&endRange=2025-10-14T23:59:59Z&startRange=2025-05-15T09:00:00Z,2.0,193.0,1.0,50.0,<Response [200]>
,,,,,,GIG,,,,,CGH,,,,2025-10-14T23:59:59Z,2025-05-15T09:00:00Z,destination=GIG&origin=CGH&endRange=2025-10-14T23:59:59Z&startRange=2025-05-15T09:00:00Z,2.0,193.0,1.0,50.0,<Response [200]>
,,,,,,GIG,,,,,CWB,,,,2025-10-14T23:59:59Z,2025-05-15T09:00:00Z,destination=GIG&origin=CWB&endRange=2025-10-14T23:59:59Z&startRange=2025-05-15T09:00:00Z,2.0,193.0,1.0,50.0,<Response [200]>
,,,,,,GIG,,,,,VIX,,,,2025-10-14T23:59:59Z,2025-05-15T09:00:00Z,destination=GIG&origin=VIX&endRange=2025-10-14T23:59:59Z&startRange=2025-05-15T09:00:00Z,2.0,193.0,1.0,50.0,<Response [200]>
,,,,,,TPE,,,,,ICN,,,,2025-10-14T23:59:59Z,2025-05-15T09:00:00Z,destination=TPE&origin=ICN&endRange=2025-10-14T23:59:59Z&startRange=2025-05-15T09:00:00Z,2.0,194.0,1.0,50.0,<Response [200]>
,,,,,,CNQ,,,,,AEP,,,,2025-10-14T23:59:59Z,2025-05-15T09:00:00Z,destination=CNQ&origin=AEP&endRange=2025-10-14T23:59:59Z&startRange=2025-05-15T09:00:00Z,2.0,194.0,1.0,50.0,<Response [200]>
,,,,,,GIG,,,,,FOR,,,,2025-10-14T23:59:59Z,2025-05-15T09:00:00Z,destination=GIG&origin=FOR&endRange=2025-10-14T23:59:59Z&startRange=2025-05-15T09:00:00Z,2.0,195.0,1.0,50.0,<Response [200]>
,,,,,,XMN,,,,,TYN,,,,2025-10-14T23:59:59Z,2025-05-15T09:00:00Z,destination=XMN&origin=TYN&endRange=2025-10-14T23:59:59Z&startRange=2025-05-15T09:00:00Z,2.0,196.0,1.0,50.0,<Response [200]>
,,,,,,SEA,,,,,AUS,,,,2025-10-14T23:59:59Z,2025-05-15T09:00:00Z,destination=SEA&origin=AUS&endRange=2025-10-14T23:59:59Z&startRange=2025-05-15T09:00:00Z,2.0,196.0,1.0,50.0,<Response [200]>
,,,,,,CSX,,,,,XIY,,,,2025-10-14T23:59:59Z,2025-05-15T09:00:00Z,destination=CSX&origin=XIY&endRange=2025-10-14T23:59:59Z&startRange=2025-05-15T09:00:00Z,2.0,186.0,1.0,50.0,<Response [200]>
,,,,,,KUL,,,,,XMN,,,,2025-10-14T23:59:59Z,2025-05-15T09:00:00Z,destination=KUL&origin=XMN&endRange=2025-10-14T23:59:59Z&startRange=2025-05-15T09:00:00Z,2.0,186.0,1.0,50.0,<Response [200]>
,,,,,,TAO,,,,,KMG,,,,2025-10-14T23:59:59Z,2025-05-15T09:00:00Z,destination=TAO&origin=KMG&endRange=2025-10-14T23:59:59Z&startRange=2025-05-15T09:00:00Z,2.0,121.0,1.0,50.0,<Response [200]>
,,,,,,TAO,,,,,KHN,,,,2025-10-14T23:59:59Z,2025-05-15T09:00:00Z,destination=TAO&origin=KHN&endRange=2025-10-14T23:59:59Z&startRange=2025-05-15T09:00:00Z,2.0,108.0,1.0,50.0,<Response [200]>
,,,,,,FOC,,,,,WUH,,,,2025-10-14T23:59:59Z,2025-05-15T09:00:00Z,destination=FOC&origin=WUH&endRange=2025-10-14T23:59:59Z&startRange=2025-05-15T09:00:00Z,2.0,155.0,1.0,50.0,<Response [200]>
,,,,,,FOC,,,,,TSN,,,,2025-10-14T23:59:59Z,2025-05-15T09:00:00Z,destination=FOC&origin=TSN&endRange=2025-10-14T23:59:59Z&startRange=2025-05-15T09:00:00Z,2.0,136.0,1.0,50.0,<Response [200]>
,,,,,,TAO,,,,,HGH,,,,2025-10-14T23:59:59Z,2025-05-15T09:00:00Z,destination=TAO&origin=HGH&endRange=2025-10-14T23:59:59Z&startRange=2025-05-15T09:00:00Z,2.0,136.0,1.0,50.0,<Response [200]>
,,,,,,TFU,,,,,LXA,,,,2025-10-14T23:59:59Z,2025-05-15T09:00:00Z,destination=TFU&origin=LXA&endRange=2025-10-14T23:59:59Z&startRange=2025-05-15T09:00:00Z,2.0,104.0,1.0,50.0,<Response [200]>
,,,,,,SKB,,,,,SXM,,,,2025-10-14T23:59:59Z,2025-05-15T09:00:00Z,destination=SKB&origin=SXM&endRange=2025-10-14T23:59:59Z&startRange=2025-05-15T09:00:00Z,2.0,117.0,1.0,50.0,<Response [200]>
,,,,,,SLC,,,,,MEM,,,,2025-10-14T23:59:59Z,2025-05-15T09:00:00Z,destination=SLC&origin=MEM&endRange=2025-10-14T23:59:59Z&startRange=2025-05-15T09:00:00Z,2.0,181.0,1.0,50.0,<Response [200]>
,,,,,,LHW,,,,,SHA,,,,2025-10-14T23:59:59Z,2025-05-15T09:00:00Z,destination=LHW&origin=SHA&endRange=2025-10-14T23:59:59Z&startRange=2025-05-15T09:00:00Z,2.0,128.0,1.0,50.0,<Response [200]>
,,,,,,HFE,,,,,XIY,,,,2025-10-14T23:59:59Z,2025-05-15T09:00:00Z,destination=HFE&origin=XIY&endRange=2025-10-14T23:59:59Z&startRange=2025-05-15T09:00:00Z,2.0,135.0,1.0,50.0,<Response [200]>
,,,,,,YNT,,,,,YNJ,,,,2025-10-14T23:59:59Z,2025-05-15T09:00:00Z,destination=YNT&origin=YNJ&endRange=2025-10-14T23:59:59Z&startRange=2025-05-15T09:00:00Z,2.0,112.0,1.0,50.0,<Response [200]>
,,,,,,HET,,,,,XMN,,,,2025-10-14T23:59:59Z,2025-05-15T09:00:00Z,destination=HET&origin=XMN&endRange=2025-10-14T23:59:59Z&startRange=2025-05-15T09:00:00Z,2.0,122.0,1.0,50.0,<Response [200]>
,,,,,,HGH,,,,,KWE,,,,2025-10-14T23:59:59Z,2025-05-15T09:00:00Z,destination=HGH&origin=KWE&endRange=2025-10-14T23:59:59Z&startRange=2025-05-15T09:00:00Z,2.0,137.0,1.0,50.0,<Response [200]>
,,,,,,CGO,,,,,FOC,,,,2025-10-14T23:59:59Z,2025-05-15T09:00:00Z,destination=CGO&origin=FOC&endRange=2025-10-14T23:59:59Z&startRange=2025-05-15T09:00:00Z,2.0,120.0,1.0,50.0,<Response [200]>
,,,,,,CAN,,,,,XIY,,,,2025-10-14T23:59:59Z,2025-05-15T09:00:00Z,destination=CAN&origin=XIY&endRange=2025-10-14T23:59:59Z&startRange=2025-05-15T09:00:00Z,2.0,124.0,1.0,50.0,<Response [200]>
,,,,,,TYN,,,,,FOC,,,,2025-10-14T23:59:59Z,2025-05-15T09:00:00Z,destination=TYN&origin=FOC&endRange=2025-10-14T23:59:59Z&startRange=2025-05-15T09:00:00Z,2.0,137.0,1.0,50.0,<Response [200]>
,,,,,,RDU,,,,,EWR,,,,2025-10-14T23:59:59Z,2025-05-15T09:00:00Z,destination=RDU&origin=EWR&endRange=2025-10-14T23:59:59Z&startRange=2025-05-15T09:00:00Z,2.0,132.0,1.0,50.0,<Response [200]>
,,,,,,KMG,,,,,TYN,,,,2025-10-14T23:59:59Z,2025-05-15T09:00:00Z,destination=KMG&origin=TYN&endRange=2025-10-14T23:59:59Z&startRange=2025-05-15T09:00:00Z,2.0,101.0,1.0,50.0,<Response [200]>
,,,,,,ATL,,,,,KIN,,,,2025-10-14T23:59:59Z,2025-05-15T09:00:00Z,destination=ATL&origin=KIN&endRange=2025-10-14T23:59:59Z&startRange=2025-05-15T09:00:00Z,2.0,153.0,1.0,50.0,<Response [200]>
,,,,,,ICN,,,,,HND,,,,2025-10-14T23:59:59Z,2025-05-15T09:00:00Z,destination=ICN&origin=HND&endRange=2025-10-14T23:59:59Z&startRange=2025-05-15T09:00:00Z,2.0,153.0,1.0,50.0,<Response [200]>
,,,,,,HYD,,,,,BOM,,,,2025-10-14T23:59:59Z,2025-05-15T09:00:00Z,destination=HYD&origin=BOM&endRange=2025-10-14T23:59:59Z&startRange=2025-05-15T09:00:00Z,2.0,153.0,1.0,50.0,<Response [200]>
,,,,,,CSX,,,,,FOC,,,,2025-10-14T23:59:59Z,2025-05-15T09:00:00Z,destination=CSX&origin=FOC&endRange=2025-10-14T23:59:59Z&startRange=2025-05-15T09:00:00Z,2.0,138.0,1.0,50.0,<Response [200]>
,,,,,,CAN,,,,,KWE,,,,2025-10-14T23:59:59Z,2025-05-15T09:00:00Z,destination=CAN&origin=KWE&endRange=2025-10-14T23:59:59Z&startRange=2025-05-15T09:00:00Z,2.0,146.0,1.0,50.0,<Response [200]>
,,,,,,WUH,,,,,PKX,,,,2025-10-14T23:59:59Z,2025-05-15T09:00:00Z,destination=WUH&origin=PKX&endRange=2025-10-14T23:59:59Z&startRange=2025-05-15T09:00:00Z,2.0,153.0,1.0,50.0,<Response [200]>
,,,,,,JMU,,,,,PVG,,,,2025-10-14T23:59:59Z,2025-05-15T09:00:00Z,destination=JMU&origin=PVG&endRange=2025-10-14T23:59:59Z&startRange=2025-05-15T09:00:00Z,2.0,110.0,1.0,50.0,<Response [200]>
,,,,,,JJN,,,,,SHA,,,,2025-10-14T23:59:59Z,2025-05-15T09:00:00Z,destination=JJN&origin=SHA&endRange=2025-10-14T23:59:59Z&startRange=2025-05-15T09:00:00Z,2.0,112.0,1.0,50.0,<Response [200]>
,,,,,,MIA,,,,,SLC,,,,2025-10-14T23:59:59Z,2025-05-15T09:00:00Z,destination=MIA&origin=SLC&endRange=2025-10-14T23:59:59Z&startRange=2025-05-15T09:00:00Z,2.0,114.0,1.0,50.0,<Response [200]>
,,,,,,BOS,,,,,MYR,,,,2025-10-14T23:59:59Z,2025-05-15T09:00:00Z,destination=BOS&origin=MYR&endRange=2025-10-14T23:59:59Z&startRange=2025-05-15T09:00:00Z,2.0,107.0,1.0,50.0,<Response [200]>
,,,,,,XIY,,,,,SHE,,,,2025-10-14T23:59:59Z,2025-05-15T09:00:00Z,destination=XIY&origin=SHE&endRange=2025-10-14T23:59:59Z&startRange=2025-05-15T09:00:00Z,2.0,118.0,1.0,50.0,<Response [200]>
,,,,,,XIY,,,,,HFE,,,,2025-10-14T23:59:59Z,2025-05-15T09:00:00Z,destination=XIY&origin=HFE&endRange=2025-10-14T23:59:59Z&startRange=2025-05-15T09:00:00Z,2.0,118.0,1.0,50.0,<Response [200]>
,,,,,,SHA,,,,,HRB,,,,2025-10-14T23:59:59Z,2025-05-15T09:00:00Z,destination=SHA&origin=HRB&endRange=2025-10-14T23:59:59Z&startRange=2025-05-15T09:00:00Z,2.0,120.0,1.0,50.0,<Response [200]>
,,,,,,NKG,,,,,CSX,,,,2025-10-14T23:59:59Z,2025-05-15T09:00:00Z,destination=NKG&origin=CSX&endRange=2025-10-14T23:59:59Z&startRange=2025-05-15T09:00:00Z,2.0,117.0,1.0,50.0,<Response [200]>
,,,,,,ATL,,,,,RNO,,,,2025-10-14T23:59:59Z,2025-05-15T09:00:00Z,destination=ATL&origin=RNO&endRange=2025-10-14T23:59:59Z&startRange=2025-05-15T09:00:00Z,2.0,199.0,1.0,50.0,<Response [200]>
,,,,,,WUH,,,,,FOC,,,,2025-10-14T23:59:59Z,2025-05-15T09:00:00Z,destination=WUH&origin=FOC&endRange=2025-10-14T23:59:59Z&startRange=2025-05-15T09:00:00Z,2.0,200.0,1.0,50.0,<Response [200]>
,,,,,,HAN,,,,,VCA,,,,2025-10-14T23:59:59Z,2025-05-15T09:00:00Z,destination=HAN&origin=VCA&endRange=2025-10-14T23:59:59Z&startRange=2025-05-15T09:00:00Z,2.0,200.0,1.0,50.0,<Response [200]>
,,,,,,YYC,,,,,YXX,,,,2025-10-14T23:59:59Z,2025-05-15T09:00:00Z,destination=YYC&origin=YXX&endRange=2025-10-14T23:59:59Z&startRange=2025-05-15T09:00:00Z,2.0,200.0,1.0,50.0,<Response [200]>
,,,,,,NKG,,,,,KMG,,,,2025-10-14T23:59:59Z,2025-05-15T09:00:00Z,destination=NKG&origin=KMG&endRange=2025-10-14T23:59:59Z&startRange=2025-05-15T09:00:00Z,2.0,191.0,1.0,50.0,<Response [200]>
,,,,,,FOR,,,,,GIG,,,,2025-10-14T23:59:59Z,2025-05-15T09:00:00Z,destination=FOR&origin=GIG&endRange=2025-10-14T23:59:59Z&startRange=2025-05-15T09:00:00Z,2.0,191.0,1.0,50.0,<Response [200]>
,,,,,,INC,,,,,CAN,,,,2025-10-14T23:59:59Z,2025-05-15T09:00:00Z,destination=INC&origin=CAN&endRange=2025-10-14T23:59:59Z&startRange=2025-05-15T09:00:00Z,2.0,192.0,1.0,50.0,<Response [200]>
,,,,,,HGH,,,,,CKG,,,,2025-10-14T23:59:59Z,2025-05-15T09:00:00Z,destination=HGH&origin=CKG&endRange=2025-10-14T23:59:59Z&startRange=2025-05-15T09:00:00Z,2.0,192.0,1.0,50.0,<Response [200]>
,,,,,,SFO,,,,,YYC,,,,2025-10-14T23:59:59Z,2025-05-15T09:00:00Z,destination=SFO&origin=YYC&endRange=2025-10-14T23:59:59Z&startRange=2025-05-15T09:00:00Z,2.0,192.0,1.0,50.0,<Response [200]>
,,,,,,PQC,,,,,HAN,,,,2025-10-14T23:59:59Z,2025-05-15T09:00:00Z,destination=PQC&origin=HAN&endRange=2025-10-14T23:59:59Z&startRange=2025-05-15T09:00:00Z,2.0,192.0,1.0,50.0,<Response [200]>
,,,,,,PVG,,,,,JMU,,,,2025-10-14T23:59:59Z,2025-05-15T09:00:00Z,destination=PVG&origin=JMU&endRange=2025-10-14T23:59:59Z&startRange=2025-05-15T09:00:00Z,2.0,110.0,1.0,50.0,<Response [200]>
,,,,,,NKG,,,,,LHW,,,,2025-10-14T23:59:59Z,2025-05-15T09:00:00Z,destination=NKG&origin=LHW&endRange=2025-10-14T23:59:59Z&startRange=2025-05-15T09:00:00Z,2.0,143.0,1.0,50.0,<Response [200]>
,,,,,,NGB,,,,,PKX,,,,2025-10-14T23:59:59Z,2025-05-15T09:00:00Z,destination=NGB&origin=PKX&endRange=2025-10-14T23:59:59Z&startRange=2025-05-15T09:00:00Z,2.0,112.0,1.0,50.0,<Response [200]>
,,,,,,CAN,,,,,SHE,,,,2025-10-14T23:59:59Z,2025-05-15T09:00:00Z,destination=CAN&origin=SHE&endRange=2025-10-14T23:59:59Z&startRange=2025-05-15T09:00:00Z,2.0,126.0,1.0,50.0,<Response [200]>
,,,,,,TNA,,,,,XMN,,,,2025-10-14T23:59:59Z,2025-05-15T09:00:00Z,destination=TNA&origin=XMN&endRange=2025-10-14T23:59:59Z&startRange=2025-05-15T09:00:00Z,2.0,140.0,1.0,50.0,<Response [200]>
,,,,,,CSX,,,,,NKG,,,,2025-10-14T23:59:59Z,2025-05-15T09:00:00Z,destination=CSX&origin=NKG&endRange=2025-10-14T23:59:59Z&startRange=2025-05-15T09:00:00Z,2.0,120.0,1.0,50.0,<Response [200]>
,,,,,,AUH,,,,,MEL,,,,2025-10-14T23:59:59Z,2025-05-15T09:00:00Z,destination=AUH&origin=MEL&endRange=2025-10-14T23:59:59Z&startRange=2025-05-15T09:00:00Z,2.0,197.0,1.0,50.0,<Response [200]>
,,,,,,SLC,,,,,MSY,,,,2025-10-14T23:59:59Z,2025-05-15T09:00:00Z,destination=SLC&origin=MSY&endRange=2025-10-14T23:59:59Z&startRange=2025-05-15T09:00:00Z,2.0,197.0,1.0,50.0,<Response [200]>
,,,,,,SHA,,,,,KMG,,,,2025-10-14T23:59:59Z,2025-05-15T09:00:00Z,destination=SHA&origin=KMG&endRange=2025-10-14T23:59:59Z&startRange=2025-05-15T09:00:00Z,2.0,197.0,1.0,50.0,<Response [200]>
,,,,,,VCA,,,,,HAN,,,,2025-10-14T23:59:59Z,2025-05-15T09:00:00Z,destination=VCA&origin=HAN&endRange=2025-10-14T23:59:59Z&startRange=2025-05-15T09:00:00Z,2.0,197.0,1.0,50.0,<Response [200]>
,,,,,,AEP,,,,,FTE,,,,2025-10-14T23:59:59Z,2025-05-15T09:00:00Z,destination=AEP&origin=FTE&endRange=2025-10-14T23:59:59Z&startRange=2025-05-15T09:00:00Z,2.0,197.0,1.0,50.0,<Response [200]>
,,,,,,SYD,,,,,AUH,,,,2025-10-14T23:59:59Z,2025-05-15T09:00:00Z,destination=SYD&origin=AUH&endRange=2025-10-14T23:59:59Z&startRange=2025-05-15T09:00:00Z,2.0,197.0,1.0,50.0,<Response [200]>
,,,,,,HGH,,,,,TFU,,,,2025-10-14T23:59:59Z,2025-05-15T09:00:00Z,destination=HGH&origin=TFU&endRange=2025-10-14T23:59:59Z&startRange=2025-05-15T09:00:00Z,2.0,135.0,1.0,50.0,<Response [200]>
,,,,,,HNL,,,,,DTW,,,,2025-10-14T23:59:59Z,2025-05-15T09:00:00Z,destination=HNL&origin=DTW&endRange=2025-10-14T23:59:59Z&startRange=2025-05-15T09:00:00Z,2.0,153.0,1.0,50.0,<Response [200]>
,,,,,,ABQ,,,,,MSP,,,,2025-10-14T23:59:59Z,2025-05-15T09:00:00Z,destination=ABQ&origin=MSP&endRange=2025-10-14T23:59:59Z&startRange=2025-05-15T09:00:00Z,2.0,192.0,1.0,50.0,<Response [200]>
,,,,,,HGH,,,,,HET,,,,2025-10-14T23:59:59Z,2025-05-15T09:00:00Z,destination=HGH&origin=HET&endRange=2025-10-14T23:59:59Z&startRange=2025-05-15T09:00:00Z,2.0,115.0,1.0,50.0,<Response [200]>
,,,,,,HND,,,,,ICN,,,,2025-10-14T23:59:59Z,2025-05-15T09:00:00Z,destination=HND&origin=ICN&endRange=2025-10-14T23:59:59Z&startRange=2025-05-15T09:00:00Z,2.0,153.0,1.0,50.0,<Response [200]>
,,,,,,ADL,,,,,DPS,,,,2025-10-14T23:59:59Z,2025-05-15T09:00:00Z,destination=ADL&origin=DPS&endRange=2025-10-14T23:59:59Z&startRange=2025-05-15T09:00:00Z,2.0,109.0,1.0,50.0,<Response [200]>
,,,,,,XMN,,,,,CKG,,,,2025-10-14T23:59:59Z,2025-05-15T09:00:00Z,destination=XMN&origin=CKG&endRange=2025-10-14T23:59:59Z&startRange=2025-05-15T09:00:00Z,2.0,198.0,1.0,50.0,<Response [200]>
,,,,,,ATL,,,,,FAT,,,,2025-10-14T23:59:59Z,2025-05-15T09:00:00Z,destination=ATL&origin=FAT&endRange=2025-10-14T23:59:59Z&startRange=2025-05-15T09:00:00Z,2.0,198.0,1.0,50.0,<Response [200]>
,,,,,,SIN,,,,,SUB,,,,2025-10-14T23:59:59Z,2025-05-15T09:00:00Z,destination=SIN&origin=SUB&endRange=2025-10-14T23:59:59Z&startRange=2025-05-15T09:00:00Z,2.0,198.0,1.0,50.0,<Response [200]>
,,,,,,AUH,,,,,SYD,,,,2025-10-14T23:59:59Z,2025-05-15T09:00:00Z,destination=AUH&origin=SYD&endRange=2025-10-14T23:59:59Z&startRange=2025-05-15T09:00:00Z,2.0,198.0,1.0,50.0,<Response [200]>
,,,,,,TAO,,,,,CAN,,,,2025-10-14T23:59:59Z,2025-05-15T09:00:00Z,destination=TAO&origin=CAN&endRange=2025-10-14T23:59:59Z&startRange=2025-05-15T09:00:00Z,2.0,141.0,1.0,50.0,<Response [200]>
,,,,,,GRU,,,,,CGR,,,,2025-10-14T23:59:59Z,2025-05-15T09:00:00Z,destination=GRU&origin=CGR&endRange=2025-10-14T23:59:59Z&startRange=2025-05-15T09:00:00Z,2.0,180.0,1.0,50.0,<Response [200]>
,,,,,,XIY,,,,,CSX,,,,2025-10-14T23:59:59Z,2025-05-15T09:00:00Z,destination=XIY&origin=CSX&endRange=2025-10-14T23:59:59Z&startRange=2025-05-15T09:00:00Z,2.0,187.0,1.0,50.0,<Response [200]>
,,,,,,DAR,,,,,ZNZ,,,,2025-10-14T23:59:59Z,2025-05-15T09:00:00Z,destination=DAR&origin=ZNZ&endRange=2025-10-14T23:59:59Z&startRange=2025-05-15T09:00:00Z,2.0,187.0,1.0,50.0,<Response [200]>
,,,,,,BEG,,,,,SOF,,,,2025-10-14T23:59:59Z,2025-05-15T09:00:00Z,destination=BEG&origin=SOF&endRange=2025-10-14T23:59:59Z&startRange=2025-05-15T09:00:00Z,2.0,188.0,1.0,50.0,<Response [200]>
,,,,,,RDU,,,,,LAX,,,,2025-10-14T23:59:59Z,2025-05-15T09:00:00Z,destination=RDU&origin=LAX&endRange=2025-10-14T23:59:59Z&startRange=2025-05-15T09:00:00Z,2.0,188.0,1.0,50.0,<Response [200]>
,,,,,,CAN,,,,,XMN,,,,2025-10-14T23:59:59Z,2025-05-15T09:00:00Z,destination=CAN&origin=XMN&endRange=2025-10-14T23:59:59Z&startRange=2025-05-15T09:00:00Z,2.0,188.0,1.0,50.0,<Response [200]>
,,,,,,JUJ,,,,,AEP,,,,2025-10-14T23:59:59Z,2025-05-15T09:00:00Z,destination=JUJ&origin=AEP&endRange=2025-10-14T23:59:59Z&startRange=2025-05-15T09:00:00Z,2.0,188.0,1.0,50.0,<Response [200]>
,,,,,,YEG,,,,,YQR,,,,2025-10-14T23:59:59Z,2025-05-15T09:00:00Z,destination=YEG&origin=YQR&endRange=2025-10-14T23:59:59Z&startRange=2025-05-15T09:00:00Z,2.0,189.0,1.0,50.0,<Response [200]>
,,,,,,PVG,,,,,XMN,,,,2025-10-14T23:59:59Z,2025-05-15T09:00:00Z,destination=PVG&origin=XMN&endRange=2025-10-14T23:59:59Z&startRange=2025-05-15T09:00:00Z,2.0,190.0,1.0,50.0,<Response [200]>
,,,,,,REC,,,,,GIG,,,,2025-10-14T23:59:59Z,2025-05-15T09:00:00Z,destination=REC&origin=GIG&endRange=2025-10-14T23:59:59Z&startRange=2025-05-15T09:00:00Z,2.0,191.0,1.0,50.0,<Response [200]>
,,,,,,BOS,,,,,MSY,,,,2025-10-14T23:59:59Z,2025-05-15T09:00:00Z,destination=BOS&origin=MSY&endRange=2025-10-14T23:59:59Z&startRange=2025-05-15T09:00:00Z,2.0,191.0,1.0,50.0,<Response [200]>
,,,,,,XMN,,,,,CAN,,,,2025-10-14T23:59:59Z,2025-05-15T09:00:00Z,destination=XMN&origin=CAN&endRange=2025-10-14T23:59:59Z&startRange=2025-05-15T09:00:00Z,2.0,183.0,1.0,50.0,<Response [200]>
,,,,,,MKE,,,,,SLC,,,,2025-10-14T23:59:59Z,2025-05-15T09:00:00Z,destination=MKE&origin=SLC&endRange=2025-10-14T23:59:59Z&startRange=2025-05-15T09:00:00Z,2.0,184.0,1.0,50.0,<Response [200]>
,,,,,,ATL,,,,,PTY,,,,2025-10-14T23:59:59Z,2025-05-15T09:00:00Z,destination=ATL&origin=PTY&endRange=2025-10-14T23:59:59Z&startRange=2025-05-15T09:00:00Z,2.0,184.0,1.0,50.0,<Response [200]>
,,,,,,CTA,,,,,JFK,,,,2025-10-14T23:59:59Z,2025-05-15T09:00:00Z,destination=CTA&origin=JFK&endRange=2025-10-14T23:59:59Z&startRange=2025-05-15T09:00:00Z,2.0,146.0,1.0,50.0,<Response [200]>
,,,,,,HET,,,,,HGH,,,,2025-10-14T23:59:59Z,2025-05-15T09:00:00Z,destination=HET&origin=HGH&endRange=2025-10-14T23:59:59Z&startRange=2025-05-15T09:00:00Z,2.0,116.0,1.0,50.0,<Response [200]>
,,,,,,PEI,,,,,PTY,,,,2025-10-14T23:59:59Z,2025-05-15T09:00:00Z,destination=PEI&origin=PTY&endRange=2025-10-14T23:59:59Z&startRange=2025-05-15T09:00:00Z,2.0,153.0,1.0,50.0,<Response [200]>
,,,,,,CJB,,,,,DEL,,,,2025-10-14T23:59:59Z,2025-05-15T09:00:00Z,destination=CJB&origin=DEL&endRange=2025-10-14T23:59:59Z&startRange=2025-05-15T09:00:00Z,2.0,153.0,1.0,50.0,<Response [200]>
,,,,,,GDL,,,,,LAX,,,,2025-10-14T23:59:59Z,2025-05-15T09:00:00Z,destination=GDL&origin=LAX&endRange=2025-10-14T23:59:59Z&startRange=2025-05-15T09:00:00Z,2.0,132.0,1.0,50.0,<Response [200]>
,,,,,,GDL,,,,,SFO,,,,2025-10-14T23:59:59Z,2025-05-15T09:00:00Z,destination=GDL&origin=SFO&endRange=2025-10-14T23:59:59Z&startRange=2025-05-15T09:00:00Z,2.0,133.0,1.0,50.0,<Response [200]>
,,,,,,FMA,,,,,AEP,,,,2025-10-14T23:59:59Z,2025-05-15T09:00:00Z,destination=FMA&origin=AEP&endRange=2025-10-14T23:59:59Z&startRange=2025-05-15T09:00:00Z,2.0,134.0,1.0,50.0,<Response [200]>
,,,,,,LAX,,,,,SJD,,,,2025-10-14T23:59:59Z,2025-05-15T09:00:00Z,destination=LAX&origin=SJD&endRange=2025-10-14T23:59:59Z&startRange=2025-05-15T09:00:00Z,2.0,153.0,1.0,50.0,<Response [200]>
,,,,,,MSP,,,,,MEX,,,,2025-10-14T23:59:59Z,2025-05-15T09:00:00Z,destination=MSP&origin=MEX&endRange=2025-10-14T23:59:59Z&startRange=2025-05-15T09:00:00Z,2.0,152.0,1.0,50.0,<Response [200]>
,,,,,,KUL,,,,,AKL,,,,2025-10-14T23:59:59Z,2025-05-15T09:00:00Z,destination=KUL&origin=AKL&endRange=2025-10-14T23:59:59Z&startRange=2025-05-15T09:00:00Z,2.0,174.0,1.0,50.0,<Response [200]>
,,,,,,TIA,,,,,BEG,,,,2025-10-14T23:59:59Z,2025-05-15T09:00:00Z,destination=TIA&origin=BEG&endRange=2025-10-14T23:59:59Z&startRange=2025-05-15T09:00:00Z,3.0,248.0,2.0,67.0,<Response [200]>
,,,,,,BEG,,,,,TIA,,,,2025-10-14T23:59:59Z,2025-05-15T09:00:00Z,destination=BEG&origin=TIA&endRange=2025-10-14T23:59:59Z&startRange=2025-05-15T09:00:00Z,3.0,248.0,2.0,67.0,<Response [200]>
,,,,,,SKP,,,,,BEG,,,,2025-10-14T23:59:59Z,2025-05-15T09:00:00Z,destination=SKP&origin=BEG&endRange=2025-10-14T23:59:59Z&startRange=2025-05-15T09:00:00Z,3.0,292.0,2.0,67.0,<Response [200]>
,,,,,,BEG,,,,,SKP,,,,2025-10-14T23:59:59Z,2025-05-15T09:00:00Z,destination=BEG&origin=SKP&endRange=2025-10-14T23:59:59Z&startRange=2025-05-15T09:00:00Z,3.0,292.0,2.0,67.0,<Response [200]>
,,,,,,PKX,,,,,SIN,,,,2025-10-14T23:59:59Z,2025-05-15T09:00:00Z,destination=PKX&origin=SIN&endRange=2025-10-14T23:59:59Z&startRange=2025-05-15T09:00:00Z,1.0,59.0,1.0,100.0,<Response [200]>
,,,,,,FOC,,,,,NTG,,,,2025-10-14T23:59:59Z,2025-05-15T09:00:00Z,destination=FOC&origin=NTG&endRange=2025-10-14T23:59:59Z&startRange=2025-05-15T09:00:00Z,1.0,50.0,1.0,100.0,<Response [200]>
,,,,,,FOC,,,,,NNG,,,,2025-10-14T23:59:59Z,2025-05-15T09:00:00Z,destination=FOC&origin=NNG&endRange=2025-10-14T23:59:59Z&startRange=2025-05-15T09:00:00Z,1.0,78.0,1.0,100.0,<Response [200]>
,,,,,,CGQ,,,,,SHA,,,,2025-10-14T23:59:59Z,2025-05-15T09:00:00Z,destination=CGQ&origin=SHA&endRange=2025-10-14T23:59:59Z&startRange=2025-05-15T09:00:00Z,1.0,96.0,1.0,100.0,<Response [200]>
,,,,,,SWA,,,,,XIY,,,,2025-10-14T23:59:59Z,2025-05-15T09:00:00Z,destination=SWA&origin=XIY&endRange=2025-10-14T23:59:59Z&startRange=2025-05-15T09:00:00Z,1.0,70.0,1.0,100.0,<Response [200]>
,,,,,,SWA,,,,,TYN,,,,2025-10-14T23:59:59Z,2025-05-15T09:00:00Z,destination=SWA&origin=TYN&endRange=2025-10-14T23:59:59Z&startRange=2025-05-15T09:00:00Z,1.0,17.0,1.0,100.0,<Response [200]>
,,,,,,SVO,,,,,HAN,,,,2025-10-14T23:59:59Z,2025-05-15T09:00:00Z,destination=SVO&origin=HAN&endRange=2025-10-14T23:59:59Z&startRange=2025-05-15T09:00:00Z,1.0,19.0,1.0,100.0,<Response [200]>
,,,,,,COK,,,,,BLR,,,,2025-10-14T23:59:59Z,2025-05-15T09:00:00Z,destination=COK&origin=BLR&endRange=2025-10-14T23:59:59Z&startRange=2025-05-15T09:00:00Z,1.0,65.0,1.0,100.0,<Response [200]>
,,,,,,FDF,,,,,PUJ,,,,2025-10-14T23:59:59Z,2025-05-15T09:00:00Z,destination=FDF&origin=PUJ&endRange=2025-10-14T23:59:59Z&startRange=2025-05-15T09:00:00Z,1.0,12.0,1.0,100.0,<Response [200]>
,,,,,,COK,,,,,AUH,,,,2025-10-14T23:59:59Z,2025-05-15T09:00:00Z,destination=COK&origin=AUH&endRange=2025-10-14T23:59:59Z&startRange=2025-05-15T09:00:00Z,1.0,99.0,1.0,100.0,<Response [200]>
,,,,,,ACE,,,,,NTE,,,,2025-10-14T23:59:59Z,2025-05-15T09:00:00Z,destination=ACE&origin=NTE&endRange=2025-10-14T23:59:59Z&startRange=2025-05-15T09:00:00Z,1.0,3.0,1.0,100.0,<Response [200]>
,,,,,,YYZ,,,,,RSW,,,,2025-10-14T23:59:59Z,2025-05-15T09:00:00Z,destination=YYZ&origin=RSW&endRange=2025-10-14T23:59:59Z&startRange=2025-05-15T09:00:00Z,1.0,30.0,1.0,100.0,<Response [200]>
,,,,,,HGH,,,,,ICN,,,,2025-10-14T23:59:59Z,2025-05-15T09:00:00Z,destination=HGH&origin=ICN&endRange=2025-10-14T23:59:59Z&startRange=2025-05-15T09:00:00Z,1.0,70.0,1.0,100.0,<Response [200]>
,,,,,,CLO,,,,,MEX,,,,2025-10-14T23:59:59Z,2025-05-15T09:00:00Z,destination=CLO&origin=MEX&endRange=2025-10-14T23:59:59Z&startRange=2025-05-15T09:00:00Z,1.0,6.0,1.0,100.0,<Response [200]>
,,,,,,STX,,,,,ATL,,,,2025-10-14T23:59:59Z,2025-05-15T09:00:00Z,destination=STX&origin=ATL&endRange=2025-10-14T23:59:59Z&startRange=2025-05-15T09:00:00Z,1.0,16.0,1.0,100.0,<Response [200]>
,,,,,,NBO,,,,,BKK,,,,2025-10-14T23:59:59Z,2025-05-15T09:00:00Z,destination=NBO&origin=BKK&endRange=2025-10-14T23:59:59Z&startRange=2025-05-15T09:00:00Z,1.0,71.0,1.0,100.0,<Response [200]>
,,,,,,NOU,,,,,SIN,,,,2025-10-14T23:59:59Z,2025-05-15T09:00:00Z,destination=NOU&origin=SIN&endRange=2025-10-14T23:59:59Z&startRange=2025-05-15T09:00:00Z,1.0,71.0,1.0,100.0,<Response [200]>
,,,,,,BHY,,,,,SHA,,,,2025-10-14T23:59:59Z,2025-05-15T09:00:00Z,destination=BHY&origin=SHA&endRange=2025-10-14T23:59:59Z&startRange=2025-05-15T09:00:00Z,1.0,71.0,1.0,100.0,<Response [200]>
,,,,,,HFE,,,,,KWL,,,,2025-10-14T23:59:59Z,2025-05-15T09:00:00Z,destination=HFE&origin=KWL&endRange=2025-10-14T23:59:59Z&startRange=2025-05-15T09:00:00Z,1.0,71.0,1.0,100.0,<Response [200]>
,,,,,,YCU,,,,,XMN,,,,2025-10-14T23:59:59Z,2025-05-15T09:00:00Z,destination=YCU&origin=XMN&endRange=2025-10-14T23:59:59Z&startRange=2025-05-15T09:00:00Z,1.0,71.0,1.0,100.0,<Response [200]>
,,,,,,NKG,,,,,PKX,,,,2025-10-14T23:59:59Z,2025-05-15T09:00:00Z,destination=NKG&origin=PKX&endRange=2025-10-14T23:59:59Z&startRange=2025-05-15T09:00:00Z,1.0,72.0,1.0,100.0,<Response [200]>
,,,,,,DNH,,,,,XIY,,,,2025-10-14T23:59:59Z,2025-05-15T09:00:00Z,destination=DNH&origin=XIY&endRange=2025-10-14T23:59:59Z&startRange=2025-05-15T09:00:00Z,1.0,72.0,1.0,100.0,<Response [200]>
,,,,,,JED,,,,,IST,,,,2025-10-14T23:59:59Z,2025-05-15T09:00:00Z,destination=JED&origin=IST&endRange=2025-10-14T23:59:59Z&startRange=2025-05-15T09:00:00Z,1.0,72.0,1.0,100.0,<Response [200]>
,,,,,,SSA,,,,,JPA,,,,2025-10-14T23:59:59Z,2025-05-15T09:00:00Z,destination=SSA&origin=JPA&endRange=2025-10-14T23:59:59Z&startRange=2025-05-15T09:00:00Z,1.0,73.0,1.0,100.0,<Response [200]>
,,,,,,FOC,,,,,KWL,,,,2025-10-14T23:59:59Z,2025-05-15T09:00:00Z,destination=FOC&origin=KWL&endRange=2025-10-14T23:59:59Z&startRange=2025-05-15T09:00:00Z,1.0,73.0,1.0,100.0,<Response [200]>
,,,,,,TYN,,,,,DLC,,,,2025-10-14T23:59:59Z,2025-05-15T09:00:00Z,destination=TYN&origin=DLC&endRange=2025-10-14T23:59:59Z&startRange=2025-05-15T09:00:00Z,1.0,73.0,1.0,100.0,<Response [200]>
,,,,,,DLC,,,,,TYN,,,,2025-10-14T23:59:59Z,2025-05-15T09:00:00Z,destination=DLC&origin=TYN&endRange=2025-10-14T23:59:59Z&startRange=2025-05-15T09:00:00Z,1.0,73.0,1.0,100.0,<Response [200]>
,,,,,,INC,,,,,PKX,,,,2025-10-14T23:59:59Z,2025-05-15T09:00:00Z,destination=INC&origin=PKX&endRange=2025-10-14T23:59:59Z&startRange=2025-05-15T09:00:00Z,1.0,73.0,1.0,100.0,<Response [200]>
,,,,,,BOO,,,,,TOS,,,,2025-10-14T23:59:59Z,2025-05-15T09:00:00Z,destination=BOO&origin=TOS&endRange=2025-10-14T23:59:59Z&startRange=2025-05-15T09:00:00Z,1.0,74.0,1.0,100.0,<Response [200]>
,,,,,,PTY,,,,,PBM,,,,2025-10-14T23:59:59Z,2025-05-15T09:00:00Z,destination=PTY&origin=PBM&endRange=2025-10-14T23:59:59Z&startRange=2025-05-15T09:00:00Z,1.0,74.0,1.0,100.0,<Response [200]>
,,,,,,NNG,,,,,NKG,,,,2025-10-14T23:59:59Z,2025-05-15T09:00:00Z,destination=NNG&origin=NKG&endRange=2025-10-14T23:59:59Z&startRange=2025-05-15T09:00:00Z,1.0,74.0,1.0,100.0,<Response [200]>
,,,,,,BKK,,,,,NBO,,,,2025-10-14T23:59:59Z,2025-05-15T09:00:00Z,destination=BKK&origin=NBO&endRange=2025-10-14T23:59:59Z&startRange=2025-05-15T09:00:00Z,1.0,67.0,1.0,100.0,<Response [200]>
,,,,,,PNS,,,,,DTW,,,,2025-10-14T23:59:59Z,2025-05-15T09:00:00Z,destination=PNS&origin=DTW&endRange=2025-10-14T23:59:59Z&startRange=2025-05-15T09:00:00Z,1.0,67.0,1.0,100.0,<Response [200]>
,,,,,,CTG,,,,,ATL,,,,2025-10-14T23:59:59Z,2025-05-15T09:00:00Z,destination=CTG&origin=ATL&endRange=2025-10-14T23:59:59Z&startRange=2025-05-15T09:00:00Z,1.0,67.0,1.0,100.0,<Response [200]>
,,,,,,AQI,,,,,RUH,,,,2025-10-14T23:59:59Z,2025-05-15T09:00:00Z,destination=AQI&origin=RUH&endRange=2025-10-14T23:59:59Z&startRange=2025-05-15T09:00:00Z,1.0,68.0,1.0,100.0,<Response [200]>
,,,,,,MIA,,,,,PTP,,,,2025-10-14T23:59:59Z,2025-05-15T09:00:00Z,destination=MIA&origin=PTP&endRange=2025-10-14T23:59:59Z&startRange=2025-05-15T09:00:00Z,1.0,68.0,1.0,100.0,<Response [200]>
,,,,,,PTP,,,,,MIA,,,,2025-10-14T23:59:59Z,2025-05-15T09:00:00Z,destination=PTP&origin=MIA&endRange=2025-10-14T23:59:59Z&startRange=2025-05-15T09:00:00Z,1.0,68.0,1.0,100.0,<Response [200]>
,,,,,,JUJ,,,,,EZE,,,,2025-10-14T23:59:59Z,2025-05-15T09:00:00Z,destination=JUJ&origin=EZE&endRange=2025-10-14T23:59:59Z&startRange=2025-05-15T09:00:00Z,1.0,69.0,1.0,100.0,<Response [200]>
,,,,,,HFE,,,,,YCU,,,,2025-10-14T23:59:59Z,2025-05-15T09:00:00Z,destination=HFE&origin=YCU&endRange=2025-10-14T23:59:59Z&startRange=2025-05-15T09:00:00Z,1.0,69.0,1.0,100.0,<Response [200]>
,,,,,,ICN,,,,,HGH,,,,2025-10-14T23:59:59Z,2025-05-15T09:00:00Z,destination=ICN&origin=HGH&endRange=2025-10-14T23:59:59Z&startRange=2025-05-15T09:00:00Z,1.0,69.0,1.0,100.0,<Response [200]>
,,,,,,DTW,,,,,MTY,,,,2025-10-14T23:59:59Z,2025-05-15T09:00:00Z,destination=DTW&origin=MTY&endRange=2025-10-14T23:59:59Z&startRange=2025-05-15T09:00:00Z,1.0,69.0,1.0,100.0,<Response [200]>
,,,,,,KWL,,,,,FOC,,,,2025-10-14T23:59:59Z,2025-05-15T09:00:00Z,destination=KWL&origin=FOC&endRange=2025-10-14T23:59:59Z&startRange=2025-05-15T09:00:00Z,1.0,70.0,1.0,100.0,<Response [200]>
,,,,,,PKX,,,,,XNN,,,,2025-10-14T23:59:59Z,2025-05-15T09:00:00Z,destination=PKX&origin=XNN&endRange=2025-10-14T23:59:59Z&startRange=2025-05-15T09:00:00Z,1.0,70.0,1.0,100.0,<Response [200]>
,,,,,,HAN,,,,,KIX,,,,2025-10-14T23:59:59Z,2025-05-15T09:00:00Z,destination=HAN&origin=KIX&endRange=2025-10-14T23:59:59Z&startRange=2025-05-15T09:00:00Z,1.0,70.0,1.0,100.0,<Response [200]>
,,,,,,JMU,,,,,TAO,,,,2025-10-14T23:59:59Z,2025-05-15T09:00:00Z,destination=JMU&origin=TAO&endRange=2025-10-14T23:59:59Z&startRange=2025-05-15T09:00:00Z,1.0,70.0,1.0,100.0,<Response [200]>
,,,,,,SIN,,,,,NOU,,,,2025-10-14T23:59:59Z,2025-05-15T09:00:00Z,destination=SIN&origin=NOU&endRange=2025-10-14T23:59:59Z&startRange=2025-05-15T09:00:00Z,1.0,70.0,1.0,100.0,<Response [200]>
,,,,,,YYZ,,,,,TPA,,,,2025-10-14T23:59:59Z,2025-05-15T09:00:00Z,destination=YYZ&origin=TPA&endRange=2025-10-14T23:59:59Z&startRange=2025-05-15T09:00:00Z,1.0,71.0,1.0,100.0,<Response [200]>
,,,,,,BNE,,,,,DPS,,,,2025-10-14T23:59:59Z,2025-05-15T09:00:00Z,destination=BNE&origin=DPS&endRange=2025-10-14T23:59:59Z&startRange=2025-05-15T09:00:00Z,1.0,62.0,1.0,100.0,<Response [200]>
,,,,,,RUH,,,,,HBE,,,,2025-10-14T23:59:59Z,2025-05-15T09:00:00Z,destination=RUH&origin=HBE&endRange=2025-10-14T23:59:59Z&startRange=2025-05-15T09:00:00Z,1.0,62.0,1.0,100.0,<Response [200]>
,,,,,,YVR,,,,,YWG,,,,2025-10-14T23:59:59Z,2025-05-15T09:00:00Z,destination=YVR&origin=YWG&endRange=2025-10-14T23:59:59Z&startRange=2025-05-15T09:00:00Z,1.0,64.0,1.0,100.0,<Response [200]>
,,,,,,SIN,,,,,KHH,,,,2025-10-14T23:59:59Z,2025-05-15T09:00:00Z,destination=SIN&origin=KHH&endRange=2025-10-14T23:59:59Z&startRange=2025-05-15T09:00:00Z,1.0,65.0,1.0,100.0,<Response [200]>
,,,,,,PPT,,,,,SFO,,,,2025-10-14T23:59:59Z,2025-05-15T09:00:00Z,destination=PPT&origin=SFO&endRange=2025-10-14T23:59:59Z&startRange=2025-05-15T09:00:00Z,1.0,65.0,1.0,100.0,<Response [200]>
,,,,,,YVR,,,,,YOW,,,,2025-10-14T23:59:59Z,2025-05-15T09:00:00Z,destination=YVR&origin=YOW&endRange=2025-10-14T23:59:59Z&startRange=2025-05-15T09:00:00Z,1.0,65.0,1.0,100.0,<Response [200]>
,,,,,,VAR,,,,,BEG,,,,2025-10-14T23:59:59Z,2025-05-15T09:00:00Z,destination=VAR&origin=BEG&endRange=2025-10-14T23:59:59Z&startRange=2025-05-15T09:00:00Z,1.0,66.0,1.0,100.0,<Response [200]>
,,,,,,BEG,,,,,VAR,,,,2025-10-14T23:59:59Z,2025-05-15T09:00:00Z,destination=BEG&origin=VAR&endRange=2025-10-14T23:59:59Z&startRange=2025-05-15T09:00:00Z,1.0,66.0,1.0,100.0,<Response [200]>
,,,,,,PVG,,,,,JJN,,,,2025-10-14T23:59:59Z,2025-05-15T09:00:00Z,destination=PVG&origin=JJN&endRange=2025-10-14T23:59:59Z&startRange=2025-05-15T09:00:00Z,1.0,66.0,1.0,100.0,<Response [200]>
,,,,,,SID,,,,,BVC,,,,2025-10-14T23:59:59Z,2025-05-15T09:00:00Z,destination=SID&origin=BVC&endRange=2025-10-14T23:59:59Z&startRange=2025-05-15T09:00:00Z,1.0,66.0,1.0,100.0,<Response [200]>
,,,,,,MGA,,,,,SJO,,,,2025-10-14T23:59:59Z,2025-05-15T09:00:00Z,destination=MGA&origin=SJO&endRange=2025-10-14T23:59:59Z&startRange=2025-05-15T09:00:00Z,1.0,66.0,1.0,100.0,<Response [200]>
,,,,,,JJN,,,,,PVG,,,,2025-10-14T23:59:59Z,2025-05-15T09:00:00Z,destination=JJN&origin=PVG&endRange=2025-10-14T23:59:59Z&startRange=2025-05-15T09:00:00Z,1.0,66.0,1.0,100.0,<Response [200]>
,,,,,,KHH,,,,,SIN,,,,2025-10-14T23:59:59Z,2025-05-15T09:00:00Z,destination=KHH&origin=SIN&endRange=2025-10-14T23:59:59Z&startRange=2025-05-15T09:00:00Z,1.0,66.0,1.0,100.0,<Response [200]>
,,,,,,PNQ,,,,,BLR,,,,2025-10-14T23:59:59Z,2025-05-15T09:00:00Z,destination=PNQ&origin=BLR&endRange=2025-10-14T23:59:59Z&startRange=2025-05-15T09:00:00Z,1.0,66.0,1.0,100.0,<Response [200]>
,,,,,,SFO,,,,,PPT,,,,2025-10-14T23:59:59Z,2025-05-15T09:00:00Z,destination=SFO&origin=PPT&endRange=2025-10-14T23:59:59Z&startRange=2025-05-15T09:00:00Z,1.0,66.0,1.0,100.0,<Response [200]>
,,,,,,DTW,,,,,PNS,,,,2025-10-14T23:59:59Z,2025-05-15T09:00:00Z,destination=DTW&origin=PNS&endRange=2025-10-14T23:59:59Z&startRange=2025-05-15T09:00:00Z,1.0,67.0,1.0,100.0,<Response [200]>
,,,,,,ATL,,,,,CTG,,,,2025-10-14T23:59:59Z,2025-05-15T09:00:00Z,destination=ATL&origin=CTG&endRange=2025-10-14T23:59:59Z&startRange=2025-05-15T09:00:00Z,1.0,53.0,1.0,100.0,<Response [200]>
,,,,,,KWL,,,,,XIY,,,,2025-10-14T23:59:59Z,2025-05-15T09:00:00Z,destination=KWL&origin=XIY&endRange=2025-10-14T23:59:59Z&startRange=2025-05-15T09:00:00Z,1.0,54.0,1.0,100.0,<Response [200]>
,,,,,,BRU,,,,,ATL,,,,2025-10-14T23:59:59Z,2025-05-15T09:00:00Z,destination=BRU&origin=ATL&endRange=2025-10-14T23:59:59Z&startRange=2025-05-15T09:00:00Z,1.0,55.0,1.0,100.0,<Response [200]>
,,,,,,AUS,,,,,MSY,,,,2025-10-14T23:59:59Z,2025-05-15T09:00:00Z,destination=AUS&origin=MSY&endRange=2025-10-14T23:59:59Z&startRange=2025-05-15T09:00:00Z,1.0,55.0,1.0,100.0,<Response [200]>
,,,,,,FTE,,,,,USH,,,,2025-10-14T23:59:59Z,2025-05-15T09:00:00Z,destination=FTE&origin=USH&endRange=2025-10-14T23:59:59Z&startRange=2025-05-15T09:00:00Z,1.0,57.0,1.0,100.0,<Response [200]>
,,,,,,JRO,,,,,ZNZ,,,,2025-10-14T23:59:59Z,2025-05-15T09:00:00Z,destination=JRO&origin=ZNZ&endRange=2025-10-14T23:59:59Z&startRange=2025-05-15T09:00:00Z,1.0,57.0,1.0,100.0,<Response [200]>
,,,,,,FAE,,,,,KEF,,,,2025-10-14T23:59:59Z,2025-05-15T09:00:00Z,destination=FAE&origin=KEF&endRange=2025-10-14T23:59:59Z&startRange=2025-05-15T09:00:00Z,1.0,59.0,1.0,100.0,<Response [200]>
,,,,,,FAE,,,,,BLL,,,,2025-10-14T23:59:59Z,2025-05-15T09:00:00Z,destination=FAE&origin=BLL&endRange=2025-10-14T23:59:59Z&startRange=2025-05-15T09:00:00Z,1.0,60.0,1.0,100.0,<Response [200]>
,,,,,,PNR,,,,,LAD,,,,2025-10-14T23:59:59Z,2025-05-15T09:00:00Z,destination=PNR&origin=LAD&endRange=2025-10-14T23:59:59Z&startRange=2025-05-15T09:00:00Z,1.0,60.0,1.0,100.0,<Response [200]>
,,,,,,SHA,,,,,LYI,,,,2025-10-14T23:59:59Z,2025-05-15T09:00:00Z,destination=SHA&origin=LYI&endRange=2025-10-14T23:59:59Z&startRange=2025-05-15T09:00:00Z,1.0,60.0,1.0,100.0,<Response [200]>
,,,,,,SHA,,,,,XNN,,,,2025-10-14T23:59:59Z,2025-05-15T09:00:00Z,destination=SHA&origin=XNN&endRange=2025-10-14T23:59:59Z&startRange=2025-05-15T09:00:00Z,1.0,60.0,1.0,100.0,<Response [200]>
,,,,,,LAD,,,,,PNR,,,,2025-10-14T23:59:59Z,2025-05-15T09:00:00Z,destination=LAD&origin=PNR&endRange=2025-10-14T23:59:59Z&startRange=2025-05-15T09:00:00Z,1.0,60.0,1.0,100.0,<Response [200]>
,,,,,,LFW,,,,,ABV,,,,2025-10-14T23:59:59Z,2025-05-15T09:00:00Z,destination=LFW&origin=ABV&endRange=2025-10-14T23:59:59Z&startRange=2025-05-15T09:00:00Z,1.0,60.0,1.0,100.0,<Response [200]>
,,,,,,DLA,,,,,SSG,,,,2025-10-14T23:59:59Z,2025-05-15T09:00:00Z,destination=DLA&origin=SSG&endRange=2025-10-14T23:59:59Z&startRange=2025-05-15T09:00:00Z,1.0,60.0,1.0,100.0,<Response [200]>
,,,,,,RUH,,,,,BAH,,,,2025-10-14T23:59:59Z,2025-05-15T09:00:00Z,destination=RUH&origin=BAH&endRange=2025-10-14T23:59:59Z&startRange=2025-05-15T09:00:00Z,1.0,60.0,1.0,100.0,<Response [200]>
,,,,,,JJN,,,,,HFE,,,,2025-10-14T23:59:59Z,2025-05-15T09:00:00Z,destination=JJN&origin=HFE&endRange=2025-10-14T23:59:59Z&startRange=2025-05-15T09:00:00Z,1.0,62.0,1.0,100.0,<Response [200]>
,,,,,,ROS,,,,,EZE,,,,2025-10-14T23:59:59Z,2025-05-15T09:00:00Z,destination=ROS&origin=EZE&endRange=2025-10-14T23:59:59Z&startRange=2025-05-15T09:00:00Z,1.0,45.0,1.0,100.0,<Response [200]>
,,,,,,AUS,,,,,RDU,,,,2025-10-14T23:59:59Z,2025-05-15T09:00:00Z,destination=AUS&origin=RDU&endRange=2025-10-14T23:59:59Z&startRange=2025-05-15T09:00:00Z,1.0,46.0,1.0,100.0,<Response [200]>
,,,,,,BAH,,,,,RUH,,,,2025-10-14T23:59:59Z,2025-05-15T09:00:00Z,destination=BAH&origin=RUH&endRange=2025-10-14T23:59:59Z&startRange=2025-05-15T09:00:00Z,1.0,46.0,1.0,100.0,<Response [200]>
,,,,,,KWI,,,,,RUH,,,,2025-10-14T23:59:59Z,2025-05-15T09:00:00Z,destination=KWI&origin=RUH&endRange=2025-10-14T23:59:59Z&startRange=2025-05-15T09:00:00Z,1.0,46.0,1.0,100.0,<Response [200]>
,,,,,,SLA,,,,,ROS,,,,2025-10-14T23:59:59Z,2025-05-15T09:00:00Z,destination=SLA&origin=ROS&endRange=2025-10-14T23:59:59Z&startRange=2025-05-15T09:00:00Z,1.0,47.0,1.0,100.0,<Response [200]>
,,,,,,BKK,,,,,NOU,,,,2025-10-14T23:59:59Z,2025-05-15T09:00:00Z,destination=BKK&origin=NOU&endRange=2025-10-14T23:59:59Z&startRange=2025-05-15T09:00:00Z,1.0,47.0,1.0,100.0,<Response [200]>
,,,,,,CGK,,,,,JED,,,,2025-10-14T23:59:59Z,2025-05-15T09:00:00Z,destination=CGK&origin=JED&endRange=2025-10-14T23:59:59Z&startRange=2025-05-15T09:00:00Z,1.0,48.0,1.0,100.0,<Response [200]>
,,,,,,NOU,,,,,BKK,,,,2025-10-14T23:59:59Z,2025-05-15T09:00:00Z,destination=NOU&origin=BKK&endRange=2025-10-14T23:59:59Z&startRange=2025-05-15T09:00:00Z,1.0,48.0,1.0,100.0,<Response [200]>
,,,,,,ZUH,,,,,XIY,,,,2025-10-14T23:59:59Z,2025-05-15T09:00:00Z,destination=ZUH&origin=XIY&endRange=2025-10-14T23:59:59Z&startRange=2025-05-15T09:00:00Z,1.0,49.0,1.0,100.0,<Response [200]>
,,,,,,RUH,,,,,RSI,,,,2025-10-14T23:59:59Z,2025-05-15T09:00:00Z,destination=RUH&origin=RSI&endRange=2025-10-14T23:59:59Z&startRange=2025-05-15T09:00:00Z,1.0,49.0,1.0,100.0,<Response [200]>
,,,,,,PNR,,,,,BZV,,,,2025-10-14T23:59:59Z,2025-05-15T09:00:00Z,destination=PNR&origin=BZV&endRange=2025-10-14T23:59:59Z&startRange=2025-05-15T09:00:00Z,1.0,49.0,1.0,100.0,<Response [200]>
,,,,,,MED,,,,,CAI,,,,2025-10-14T23:59:59Z,2025-05-15T09:00:00Z,destination=MED&origin=CAI&endRange=2025-10-14T23:59:59Z&startRange=2025-05-15T09:00:00Z,1.0,49.0,1.0,100.0,<Response [200]>
,,,,,,BKK,,,,,PKX,,,,2025-10-14T23:59:59Z,2025-05-15T09:00:00Z,destination=BKK&origin=PKX&endRange=2025-10-14T23:59:59Z&startRange=2025-05-15T09:00:00Z,1.0,51.0,1.0,100.0,<Response [200]>
,,,,,,KMQ,,,,,ICN,,,,2025-10-14T23:59:59Z,2025-05-15T09:00:00Z,destination=KMQ&origin=ICN&endRange=2025-10-14T23:59:59Z&startRange=2025-05-15T09:00:00Z,1.0,51.0,1.0,100.0,<Response [200]>
,,,,,,PKX,,,,,BKK,,,,2025-10-14T23:59:59Z,2025-05-15T09:00:00Z,destination=PKX&origin=BKK&endRange=2025-10-14T23:59:59Z&startRange=2025-05-15T09:00:00Z,1.0,51.0,1.0,100.0,<Response [200]>
,,,,,,NRT,,,,,HAN,,,,2025-10-14T23:59:59Z,2025-05-15T09:00:00Z,destination=NRT&origin=HAN&endRange=2025-10-14T23:59:59Z&startRange=2025-05-15T09:00:00Z,1.0,51.0,1.0,100.0,<Response [200]>
,,,,,,NBO,,,,,LGW,,,,2025-10-14T23:59:59Z,2025-05-15T09:00:00Z,destination=NBO&origin=LGW&endRange=2025-10-14T23:59:59Z&startRange=2025-05-15T09:00:00Z,1.0,39.0,1.0,100.0,<Response [200]>
,,,,,,DSN,,,,,KHN,,,,2025-10-14T23:59:59Z,2025-05-15T09:00:00Z,destination=DSN&origin=KHN&endRange=2025-10-14T23:59:59Z&startRange=2025-05-15T09:00:00Z,1.0,40.0,1.0,100.0,<Response [200]>
,,,,,,SYX,,,,,SHA,,,,2025-10-14T23:59:59Z,2025-05-15T09:00:00Z,destination=SYX&origin=SHA&endRange=2025-10-14T23:59:59Z&startRange=2025-05-15T09:00:00Z,1.0,40.0,1.0,100.0,<Response [200]>
,,,,,,HGH,,,,,CTU,,,,2025-10-14T23:59:59Z,2025-05-15T09:00:00Z,destination=HGH&origin=CTU&endRange=2025-10-14T23:59:59Z&startRange=2025-05-15T09:00:00Z,1.0,40.0,1.0,100.0,<Response [200]>
,,,,,,COK,,,,,RUH,,,,2025-10-14T23:59:59Z,2025-05-15T09:00:00Z,destination=COK&origin=RUH&endRange=2025-10-14T23:59:59Z&startRange=2025-05-15T09:00:00Z,1.0,41.0,1.0,100.0,<Response [200]>
,,,,,,RUH,,,,,SSH,,,,2025-10-14T23:59:59Z,2025-05-15T09:00:00Z,destination=RUH&origin=SSH&endRange=2025-10-14T23:59:59Z&startRange=2025-05-15T09:00:00Z,1.0,41.0,1.0,100.0,<Response [200]>
,,,,,,RUH,,,,,COK,,,,2025-10-14T23:59:59Z,2025-05-15T09:00:00Z,destination=RUH&origin=COK&endRange=2025-10-14T23:59:59Z&startRange=2025-05-15T09:00:00Z,1.0,41.0,1.0,100.0,<Response [200]>
,,,,,,NSI,,,,,NDJ,,,,2025-10-14T23:59:59Z,2025-05-15T09:00:00Z,destination=NSI&origin=NDJ&endRange=2025-10-14T23:59:59Z&startRange=2025-05-15T09:00:00Z,1.0,41.0,1.0,100.0,<Response [200]>
,,,,,,CAI,,,,,MED,,,,2025-10-14T23:59:59Z,2025-05-15T09:00:00Z,destination=CAI&origin=MED&endRange=2025-10-14T23:59:59Z&startRange=2025-05-15T09:00:00Z,1.0,41.0,1.0,100.0,<Response [200]>
,,,,,,KIX,,,,,SGN,,,,2025-10-14T23:59:59Z,2025-05-15T09:00:00Z,destination=KIX&origin=SGN&endRange=2025-10-14T23:59:59Z&startRange=2025-05-15T09:00:00Z,1.0,43.0,1.0,100.0,<Response [200]>
,,,,,,GRU,,,,,MDZ,,,,2025-10-14T23:59:59Z,2025-05-15T09:00:00Z,destination=GRU&origin=MDZ&endRange=2025-10-14T23:59:59Z&startRange=2025-05-15T09:00:00Z,1.0,44.0,1.0,100.0,<Response [200]>
,,,,,,CMN,,,,,JED,,,,2025-10-14T23:59:59Z,2025-05-15T09:00:00Z,destination=CMN&origin=JED&endRange=2025-10-14T23:59:59Z&startRange=2025-05-15T09:00:00Z,1.0,44.0,1.0,100.0,<Response [200]>
,,,,,,NUM,,,,,RUH,,,,2025-10-14T23:59:59Z,2025-05-15T09:00:00Z,destination=NUM&origin=RUH&endRange=2025-10-14T23:59:59Z&startRange=2025-05-15T09:00:00Z,1.0,44.0,1.0,100.0,<Response [200]>
,,,,,,JED,,,,,CMN,,,,2025-10-14T23:59:59Z,2025-05-15T09:00:00Z,destination=JED&origin=CMN&endRange=2025-10-14T23:59:59Z&startRange=2025-05-15T09:00:00Z,1.0,44.0,1.0,100.0,<Response [200]>
,,,,,,HND,,,,,HAN,,,,2025-10-14T23:59:59Z,2025-05-15T09:00:00Z,destination=HND&origin=HAN&endRange=2025-10-14T23:59:59Z&startRange=2025-05-15T09:00:00Z,1.0,45.0,1.0,100.0,<Response [200]>
,,,,,,TLV,,,,,LCA,,,,2025-10-14T23:59:59Z,2025-05-15T09:00:00Z,destination=TLV&origin=LCA&endRange=2025-10-14T23:59:59Z&startRange=2025-05-15T09:00:00Z,1.0,45.0,1.0,100.0,<Response [200]>
,,,,,,SID,,,,,RAI,,,,2025-10-14T23:59:59Z,2025-05-15T09:00:00Z,destination=SID&origin=RAI&endRange=2025-10-14T23:59:59Z&startRange=2025-05-15T09:00:00Z,1.0,23.0,1.0,100.0,<Response [200]>
,,,,,,URC,,,,,TNA,,,,2025-10-14T23:59:59Z,2025-05-15T09:00:00Z,destination=URC&origin=TNA&endRange=2025-10-14T23:59:59Z&startRange=2025-05-15T09:00:00Z,1.0,26.0,1.0,100.0,<Response [200]>
,,,,,,TNA,,,,,JJN,,,,2025-10-14T23:59:59Z,2025-05-15T09:00:00Z,destination=TNA&origin=JJN&endRange=2025-10-14T23:59:59Z&startRange=2025-05-15T09:00:00Z,1.0,26.0,1.0,100.0,<Response [200]>
,,,,,,KWI,,,,,JED,,,,2025-10-14T23:59:59Z,2025-05-15T09:00:00Z,destination=KWI&origin=JED&endRange=2025-10-14T23:59:59Z&startRange=2025-05-15T09:00:00Z,1.0,27.0,1.0,100.0,<Response [200]>
,,,,,,PER,,,,,SYD,,,,2025-10-14T23:59:59Z,2025-05-15T09:00:00Z,destination=PER&origin=SYD&endRange=2025-10-14T23:59:59Z&startRange=2025-05-15T09:00:00Z,1.0,28.0,1.0,100.0,<Response [200]>
,,,,,,WUX,,,,,ICN,,,,2025-10-14T23:59:59Z,2025-05-15T09:00:00Z,destination=WUX&origin=ICN&endRange=2025-10-14T23:59:59Z&startRange=2025-05-15T09:00:00Z,1.0,29.0,1.0,100.0,<Response [200]>
,,,,,,SYD,,,,,PER,,,,2025-10-14T23:59:59Z,2025-05-15T09:00:00Z,destination=SYD&origin=PER&endRange=2025-10-14T23:59:59Z&startRange=2025-05-15T09:00:00Z,1.0,29.0,1.0,100.0,<Response [200]>
,,,,,,DTW,,,,,ANC,,,,2025-10-14T23:59:59Z,2025-05-15T09:00:00Z,destination=DTW&origin=ANC&endRange=2025-10-14T23:59:59Z&startRange=2025-05-15T09:00:00Z,1.0,30.0,1.0,100.0,<Response [200]>
,,,,,,LAS,,,,,SJC,,,,2025-10-14T23:59:59Z,2025-05-15T09:00:00Z,destination=LAS&origin=SJC&endRange=2025-10-14T23:59:59Z&startRange=2025-05-15T09:00:00Z,1.0,30.0,1.0,100.0,<Response [200]>
,,,,,,SSH,,,,,RUH,,,,2025-10-14T23:59:59Z,2025-05-15T09:00:00Z,destination=SSH&origin=RUH&endRange=2025-10-14T23:59:59Z&startRange=2025-05-15T09:00:00Z,1.0,31.0,1.0,100.0,<Response [200]>
,,,,,,SIN,,,,,MNL,,,,2025-10-14T23:59:59Z,2025-05-15T09:00:00Z,destination=SIN&origin=MNL&endRange=2025-10-14T23:59:59Z&startRange=2025-05-15T09:00:00Z,1.0,31.0,1.0,100.0,<Response [200]>
,,,,,,IST,,,,,RUH,,,,2025-10-14T23:59:59Z,2025-05-15T09:00:00Z,destination=IST&origin=RUH&endRange=2025-10-14T23:59:59Z&startRange=2025-05-15T09:00:00Z,1.0,35.0,1.0,100.0,<Response [200]>
,,,,,,NUM,,,,,DMM,,,,2025-10-14T23:59:59Z,2025-05-15T09:00:00Z,destination=NUM&origin=DMM&endRange=2025-10-14T23:59:59Z&startRange=2025-05-15T09:00:00Z,1.0,38.0,1.0,100.0,<Response [200]>
,,,,,,SHA,,,,,BHY,,,,2025-10-14T23:59:59Z,2025-05-15T09:00:00Z,destination=SHA&origin=BHY&endRange=2025-10-14T23:59:59Z&startRange=2025-05-15T09:00:00Z,1.0,38.0,1.0,100.0,<Response [200]>
,,,,,,GEO,,,,,SXM,,,,2025-10-14T23:59:59Z,2025-05-15T09:00:00Z,destination=GEO&origin=SXM&endRange=2025-10-14T23:59:59Z&startRange=2025-05-15T09:00:00Z,1.0,38.0,1.0,100.0,<Response [200]>
,,,,,,HAN,,,,,BLR,,,,2025-10-14T23:59:59Z,2025-05-15T09:00:00Z,destination=HAN&origin=BLR&endRange=2025-10-14T23:59:59Z&startRange=2025-05-15T09:00:00Z,1.0,39.0,1.0,100.0,<Response [200]>
,,,,,,CGO,,,,,DSN,,,,2025-10-14T23:59:59Z,2025-05-15T09:00:00Z,destination=CGO&origin=DSN&endRange=2025-10-14T23:59:59Z&startRange=2025-05-15T09:00:00Z,1.0,66.0,1.0,100.0,<Response [200]>
,,,,,,HFE,,,,,TYN,,,,2025-10-14T23:59:59Z,2025-05-15T09:00:00Z,destination=HFE&origin=TYN&endRange=2025-10-14T23:59:59Z&startRange=2025-05-15T09:00:00Z,1.0,66.0,1.0,100.0,<Response [200]>
,,,,,,AUS,,,,,HRL,,,,2025-10-14T23:59:59Z,2025-05-15T09:00:00Z,destination=AUS&origin=HRL&endRange=2025-10-14T23:59:59Z&startRange=2025-05-15T09:00:00Z,1.0,66.0,1.0,100.0,<Response [200]>
,,,,,,HRL,,,,,AUS,,,,2025-10-14T23:59:59Z,2025-05-15T09:00:00Z,destination=HRL&origin=AUS&endRange=2025-10-14T23:59:59Z&startRange=2025-05-15T09:00:00Z,1.0,66.0,1.0,100.0,<Response [200]>
,,,,,,SJO,,,,,MGA,,,,2025-10-14T23:59:59Z,2025-05-15T09:00:00Z,destination=SJO&origin=MGA&endRange=2025-10-14T23:59:59Z&startRange=2025-05-15T09:00:00Z,1.0,66.0,1.0,100.0,<Response [200]>
,,,,,,BRU,,,,,KGL,,,,2025-10-14T23:59:59Z,2025-05-15T09:00:00Z,destination=BRU&origin=KGL&endRange=2025-10-14T23:59:59Z&startRange=2025-05-15T09:00:00Z,1.0,6.0,1.0,100.0,<Response [200]>
,,,,,,JMU,,,,,PKX,,,,2025-10-14T23:59:59Z,2025-05-15T09:00:00Z,destination=JMU&origin=PKX&endRange=2025-10-14T23:59:59Z&startRange=2025-05-15T09:00:00Z,1.0,8.0,1.0,100.0,<Response [200]>
,,,,,,PKX,,,,,JMU,,,,2025-10-14T23:59:59Z,2025-05-15T09:00:00Z,destination=PKX&origin=JMU&endRange=2025-10-14T23:59:59Z&startRange=2025-05-15T09:00:00Z,1.0,8.0,1.0,100.0,<Response [200]>
,,,,,,IAD,,,,,ORF,,,,2025-10-14T23:59:59Z,2025-05-15T09:00:00Z,destination=IAD&origin=ORF&endRange=2025-10-14T23:59:59Z&startRange=2025-05-15T09:00:00Z,1.0,9.0,1.0,100.0,<Response [200]>
,,,,,,KMG,,,,,MLE,,,,2025-10-14T23:59:59Z,2025-05-15T09:00:00Z,destination=KMG&origin=MLE&endRange=2025-10-14T23:59:59Z&startRange=2025-05-15T09:00:00Z,1.0,10.0,1.0,100.0,<Response [200]>
,,,,,,NGO,,,,,HAN,,,,2025-10-14T23:59:59Z,2025-05-15T09:00:00Z,destination=NGO&origin=HAN&endRange=2025-10-14T23:59:59Z&startRange=2025-05-15T09:00:00Z,1.0,15.0,1.0,100.0,<Response [200]>
,,,,,,LHE,,,,,JED,,,,2025-10-14T23:59:59Z,2025-05-15T09:00:00Z,destination=LHE&origin=JED&endRange=2025-10-14T23:59:59Z&startRange=2025-05-15T09:00:00Z,1.0,19.0,1.0,100.0,<Response [200]>
,,,,,,JED,,,,,LHE,,,,2025-10-14T23:59:59Z,2025-05-15T09:00:00Z,destination=JED&origin=LHE&endRange=2025-10-14T23:59:59Z&startRange=2025-05-15T09:00:00Z,1.0,20.0,1.0,100.0,<Response [200]>
,,,,,,DLA,,,,,NDJ,,,,2025-10-14T23:59:59Z,2025-05-15T09:00:00Z,destination=DLA&origin=NDJ&endRange=2025-10-14T23:59:59Z&startRange=2025-05-15T09:00:00Z,1.0,20.0,1.0,100.0,<Response [200]>
,,,,,,PKX,,,,,WUS,,,,2025-10-14T23:59:59Z,2025-05-15T09:00:00Z,destination=PKX&origin=WUS&endRange=2025-10-14T23:59:59Z&startRange=2025-05-15T09:00:00Z,1.0,21.0,1.0,100.0,<Response [200]>
,,,,,,NSI,,,,,BGF,,,,2025-10-14T23:59:59Z,2025-05-15T09:00:00Z,destination=NSI&origin=BGF&endRange=2025-10-14T23:59:59Z&startRange=2025-05-15T09:00:00Z,1.0,21.0,1.0,100.0,<Response [200]>
,,,,,,CRK,,,,,SIN,,,,2025-10-14T23:59:59Z,2025-05-15T09:00:00Z,destination=CRK&origin=SIN&endRange=2025-10-14T23:59:59Z&startRange=2025-05-15T09:00:00Z,1.0,61.0,1.0,100.0,<Response [200]>
,,,,,,SHA,,,,,HET,,,,2025-10-14T23:59:59Z,2025-05-15T09:00:00Z,destination=SHA&origin=HET&endRange=2025-10-14T23:59:59Z&startRange=2025-05-15T09:00:00Z,1.0,61.0,1.0,100.0,<Response [200]>
,,,,,,NKG,,,,,JJN,,,,2025-10-14T23:59:59Z,2025-05-15T09:00:00Z,destination=NKG&origin=JJN&endRange=2025-10-14T23:59:59Z&startRange=2025-05-15T09:00:00Z,1.0,62.0,1.0,100.0,<Response [200]>
,,,,,,PSP,,,,,YVR,,,,2025-10-14T23:59:59Z,2025-05-15T09:00:00Z,destination=PSP&origin=YVR&endRange=2025-10-14T23:59:59Z&startRange=2025-05-15T09:00:00Z,1.0,62.0,1.0,100.0,<Response [200]>
,,,,,,CNS,,,,,DPS,,,,2025-10-14T23:59:59Z,2025-05-15T09:00:00Z,destination=CNS&origin=DPS&endRange=2025-10-14T23:59:59Z&startRange=2025-05-15T09:00:00Z,1.0,62.0,1.0,100.0,<Response [200]>
,,,,,,DCA,,,,,RDU,,,,2025-10-14T23:59:59Z,2025-05-15T09:00:00Z,destination=DCA&origin=RDU&endRange=2025-10-14T23:59:59Z&startRange=2025-05-15T09:00:00Z,1.0,63.0,1.0,100.0,<Response [200]>
,,,,,,REC,,,,,SSA,,,,2025-10-14T23:59:59Z,2025-05-15T09:00:00Z,destination=REC&origin=SSA&endRange=2025-10-14T23:59:59Z&startRange=2025-05-15T09:00:00Z,1.0,63.0,1.0,100.0,<Response [200]>
,,,,,,HAN,,,,,HND,,,,2025-10-14T23:59:59Z,2025-05-15T09:00:00Z,destination=HAN&origin=HND&endRange=2025-10-14T23:59:59Z&startRange=2025-05-15T09:00:00Z,1.0,63.0,1.0,100.0,<Response [200]>
,,,,,,VFA,,,,,CPT,,,,2025-10-14T23:59:59Z,2025-05-15T09:00:00Z,destination=VFA&origin=CPT&endRange=2025-10-14T23:59:59Z&startRange=2025-05-15T09:00:00Z,1.0,65.0,1.0,100.0,<Response [200]>
,,,,,,NBO,,,,,VFA,,,,2025-10-14T23:59:59Z,2025-05-15T09:00:00Z,destination=NBO&origin=VFA&endRange=2025-10-14T23:59:59Z&startRange=2025-05-15T09:00:00Z,1.0,65.0,1.0,100.0,<Response [200]>
,,,,,,CGO,,,,,CAN,,,,2025-10-14T23:59:59Z,2025-05-15T09:00:00Z,destination=CGO&origin=CAN&endRange=2025-10-14T23:59:59Z&startRange=2025-05-15T09:00:00Z,1.0,65.0,1.0,100.0,<Response [200]>
,,,,,,YOW,,,,,YVR,,,,2025-10-14T23:59:59Z,2025-05-15T09:00:00Z,destination=YOW&origin=YVR&endRange=2025-10-14T23:59:59Z&startRange=2025-05-15T09:00:00Z,1.0,65.0,1.0,100.0,<Response [200]>
,,,,,,KOJ,,,,,ICN,,,,2025-10-14T23:59:59Z,2025-05-15T09:00:00Z,destination=KOJ&origin=ICN&endRange=2025-10-14T23:59:59Z&startRange=2025-05-15T09:00:00Z,1.0,66.0,1.0,100.0,<Response [200]>
,,,,,,CAN,,,,,CGO,,,,2025-10-14T23:59:59Z,2025-05-15T09:00:00Z,destination=CAN&origin=CGO&endRange=2025-10-14T23:59:59Z&startRange=2025-05-15T09:00:00Z,1.0,66.0,1.0,100.0,<Response [200]>
,,,,,,NBO,,,,,LVI,,,,2025-10-14T23:59:59Z,2025-05-15T09:00:00Z,destination=NBO&origin=LVI&endRange=2025-10-14T23:59:59Z&startRange=2025-05-15T09:00:00Z,1.0,66.0,1.0,100.0,<Response [200]>
,,,,,,LVI,,,,,CPT,,,,2025-10-14T23:59:59Z,2025-05-15T09:00:00Z,destination=LVI&origin=CPT&endRange=2025-10-14T23:59:59Z&startRange=2025-05-15T09:00:00Z,1.0,66.0,1.0,100.0,<Response [200]>
,,,,,,CGK,,,,,XMN,,,,2025-10-14T23:59:59Z,2025-05-15T09:00:00Z,destination=CGK&origin=XMN&endRange=2025-10-14T23:59:59Z&startRange=2025-05-15T09:00:00Z,1.0,53.0,1.0,100.0,<Response [200]>
,,,,,,HET,,,,,WUH,,,,2025-10-14T23:59:59Z,2025-05-15T09:00:00Z,destination=HET&origin=WUH&endRange=2025-10-14T23:59:59Z&startRange=2025-05-15T09:00:00Z,1.0,54.0,1.0,100.0,<Response [200]>
,,,,,,ULH,,,,,RUH,,,,2025-10-14T23:59:59Z,2025-05-15T09:00:00Z,destination=ULH&origin=RUH&endRange=2025-10-14T23:59:59Z&startRange=2025-05-15T09:00:00Z,1.0,54.0,1.0,100.0,<Response [200]>
,,,,,,ATL,,,,,BRU,,,,2025-10-14T23:59:59Z,2025-05-15T09:00:00Z,destination=ATL&origin=BRU&endRange=2025-10-14T23:59:59Z&startRange=2025-05-15T09:00:00Z,1.0,54.0,1.0,100.0,<Response [200]>
,,,,,,CSX,,,,,TYN,,,,2025-10-14T23:59:59Z,2025-05-15T09:00:00Z,destination=CSX&origin=TYN&endRange=2025-10-14T23:59:59Z&startRange=2025-05-15T09:00:00Z,1.0,54.0,1.0,100.0,<Response [200]>
,,,,,,GUA,,,,,MGA,,,,2025-10-14T23:59:59Z,2025-05-15T09:00:00Z,destination=GUA&origin=MGA&endRange=2025-10-14T23:59:59Z&startRange=2025-05-15T09:00:00Z,1.0,55.0,1.0,100.0,<Response [200]>
,,,,,,DLA,,,,,KGL,,,,2025-10-14T23:59:59Z,2025-05-15T09:00:00Z,destination=DLA&origin=KGL&endRange=2025-10-14T23:59:59Z&startRange=2025-05-15T09:00:00Z,1.0,55.0,1.0,100.0,<Response [200]>
,,,,,,DLA,,,,,ABJ,,,,2025-10-14T23:59:59Z,2025-05-15T09:00:00Z,destination=DLA&origin=ABJ&endRange=2025-10-14T23:59:59Z&startRange=2025-05-15T09:00:00Z,1.0,55.0,1.0,100.0,<Response [200]>
,,,,,,ABJ,,,,,DLA,,,,2025-10-14T23:59:59Z,2025-05-15T09:00:00Z,destination=ABJ&origin=DLA&endRange=2025-10-14T23:59:59Z&startRange=2025-05-15T09:00:00Z,1.0,55.0,1.0,100.0,<Response [200]>
,,,,,,XNN,,,,,SHA,,,,2025-10-14T23:59:59Z,2025-05-15T09:00:00Z,destination=XNN&origin=SHA&endRange=2025-10-14T23:59:59Z&startRange=2025-05-15T09:00:00Z,1.0,56.0,1.0,100.0,<Response [200]>
,,,,,,RSI,,,,,RUH,,,,2025-10-14T23:59:59Z,2025-05-15T09:00:00Z,destination=RSI&origin=RUH&endRange=2025-10-14T23:59:59Z&startRange=2025-05-15T09:00:00Z,1.0,57.0,1.0,100.0,<Response [200]>
,,,,,,JNB,,,,,NBO,,,,2025-10-14T23:59:59Z,2025-05-15T09:00:00Z,destination=JNB&origin=NBO&endRange=2025-10-14T23:59:59Z&startRange=2025-05-15T09:00:00Z,1.0,58.0,1.0,100.0,<Response [200]>
,,,,,,ICN,,,,,TPE,,,,2025-10-14T23:59:59Z,2025-05-15T09:00:00Z,destination=ICN&origin=TPE&endRange=2025-10-14T23:59:59Z&startRange=2025-05-15T09:00:00Z,1.0,58.0,1.0,100.0,<Response [200]>
,,,,,,SGN,,,,,PER,,,,2025-10-14T23:59:59Z,2025-05-15T09:00:00Z,destination=SGN&origin=PER&endRange=2025-10-14T23:59:59Z&startRange=2025-05-15T09:00:00Z,1.0,59.0,1.0,100.0,<Response [200]>
,,,,,,COR,,,,,GIG,,,,2025-10-14T23:59:59Z,2025-05-15T09:00:00Z,destination=COR&origin=GIG&endRange=2025-10-14T23:59:59Z&startRange=2025-05-15T09:00:00Z,1.0,59.0,1.0,100.0,<Response [200]>
,,,,,,LBV,,,,,DLA,,,,2025-10-14T23:59:59Z,2025-05-15T09:00:00Z,destination=LBV&origin=DLA&endRange=2025-10-14T23:59:59Z&startRange=2025-05-15T09:00:00Z,1.0,60.0,1.0,100.0,<Response [200]>
,,,,,,DMM,,,,,NUM,,,,2025-10-14T23:59:59Z,2025-05-15T09:00:00Z,destination=DMM&origin=NUM&endRange=2025-10-14T23:59:59Z&startRange=2025-05-15T09:00:00Z,1.0,47.0,1.0,100.0,<Response [200]>
,,,,,,FOC,,,,,ICN,,,,2025-10-14T23:59:59Z,2025-05-15T09:00:00Z,destination=FOC&origin=ICN&endRange=2025-10-14T23:59:59Z&startRange=2025-05-15T09:00:00Z,1.0,48.0,1.0,100.0,<Response [200]>
,,,,,,WXN,,,,,LHW,,,,2025-10-14T23:59:59Z,2025-05-15T09:00:00Z,destination=WXN&origin=LHW&endRange=2025-10-14T23:59:59Z&startRange=2025-05-15T09:00:00Z,1.0,48.0,1.0,100.0,<Response [200]>
,,,,,,XMN,,,,,WXN,,,,2025-10-14T23:59:59Z,2025-05-15T09:00:00Z,destination=XMN&origin=WXN&endRange=2025-10-14T23:59:59Z&startRange=2025-05-15T09:00:00Z,1.0,48.0,1.0,100.0,<Response [200]>
,,,,,,MDZ,,,,,GRU,,,,2025-10-14T23:59:59Z,2025-05-15T09:00:00Z,destination=MDZ&origin=GRU&endRange=2025-10-14T23:59:59Z&startRange=2025-05-15T09:00:00Z,1.0,48.0,1.0,100.0,<Response [200]>
,,,,,,CKG,,,,,WUH,,,,2025-10-14T23:59:59Z,2025-05-15T09:00:00Z,destination=CKG&origin=WUH&endRange=2025-10-14T23:59:59Z&startRange=2025-05-15T09:00:00Z,1.0,49.0,1.0,100.0,<Response [200]>
,,,,,,SIN,,,,,SGN,,,,2025-10-14T23:59:59Z,2025-05-15T09:00:00Z,destination=SIN&origin=SGN&endRange=2025-10-14T23:59:59Z&startRange=2025-05-15T09:00:00Z,1.0,49.0,1.0,100.0,<Response [200]>
,,,,,,NTG,,,,,HRB,,,,2025-10-14T23:59:59Z,2025-05-15T09:00:00Z,destination=NTG&origin=HRB&endRange=2025-10-14T23:59:59Z&startRange=2025-05-15T09:00:00Z,1.0,50.0,1.0,100.0,<Response [200]>
,,,,,,TPE,,,,,KIX,,,,2025-10-14T23:59:59Z,2025-05-15T09:00:00Z,destination=TPE&origin=KIX&endRange=2025-10-14T23:59:59Z&startRange=2025-05-15T09:00:00Z,1.0,50.0,1.0,100.0,<Response [200]>
,,,,,,DAT,,,,,PVG,,,,2025-10-14T23:59:59Z,2025-05-15T09:00:00Z,destination=DAT&origin=PVG&endRange=2025-10-14T23:59:59Z&startRange=2025-05-15T09:00:00Z,1.0,50.0,1.0,100.0,<Response [200]>
,,,,,,FTE,,,,,EZE,,,,2025-10-14T23:59:59Z,2025-05-15T09:00:00Z,destination=FTE&origin=EZE&endRange=2025-10-14T23:59:59Z&startRange=2025-05-15T09:00:00Z,1.0,51.0,1.0,100.0,<Response [200]>
,,,,,,SGN,,,,,SIN,,,,2025-10-14T23:59:59Z,2025-05-15T09:00:00Z,destination=SGN&origin=SIN&endRange=2025-10-14T23:59:59Z&startRange=2025-05-15T09:00:00Z,1.0,51.0,1.0,100.0,<Response [200]>
,,,,,,HAN,,,,,NRT,,,,2025-10-14T23:59:59Z,2025-05-15T09:00:00Z,destination=HAN&origin=NRT&endRange=2025-10-14T23:59:59Z&startRange=2025-05-15T09:00:00Z,1.0,51.0,1.0,100.0,<Response [200]>
,,,,,,KIJ,,,,,ICN,,,,2025-10-14T23:59:59Z,2025-05-15T09:00:00Z,destination=KIJ&origin=ICN&endRange=2025-10-14T23:59:59Z&startRange=2025-05-15T09:00:00Z,1.0,52.0,1.0,100.0,<Response [200]>
,,,,,,MEM,,,,,AUS,,,,2025-10-14T23:59:59Z,2025-05-15T09:00:00Z,destination=MEM&origin=AUS&endRange=2025-10-14T23:59:59Z&startRange=2025-05-15T09:00:00Z,1.0,52.0,1.0,100.0,<Response [200]>
,,,,,,WUH,,,,,SHE,,,,2025-10-14T23:59:59Z,2025-05-15T09:00:00Z,destination=WUH&origin=SHE&endRange=2025-10-14T23:59:59Z&startRange=2025-05-15T09:00:00Z,1.0,53.0,1.0,100.0,<Response [200]>
,,,,,,KUF,,,,,SVO,,,,2025-10-14T23:59:59Z,2025-05-15T09:00:00Z,destination=KUF&origin=SVO&endRange=2025-10-14T23:59:59Z&startRange=2025-05-15T09:00:00Z,1.0,43.0,1.0,100.0,<Response [200]>
,,,,,,EDI,,,,,FAE,,,,2025-10-14T23:59:59Z,2025-05-15T09:00:00Z,destination=EDI&origin=FAE&endRange=2025-10-14T23:59:59Z&startRange=2025-05-15T09:00:00Z,1.0,43.0,1.0,100.0,<Response [200]>
,,,,,,SLZ,,,,,GIG,,,,2025-10-14T23:59:59Z,2025-05-15T09:00:00Z,destination=SLZ&origin=GIG&endRange=2025-10-14T23:59:59Z&startRange=2025-05-15T09:00:00Z,1.0,43.0,1.0,100.0,<Response [200]>
,,,,,,RUH,,,,,DAC,,,,2025-10-14T23:59:59Z,2025-05-15T09:00:00Z,destination=RUH&origin=DAC&endRange=2025-10-14T23:59:59Z&startRange=2025-05-15T09:00:00Z,1.0,43.0,1.0,100.0,<Response [200]>
,,,,,,SVO,,,,,KUF,,,,2025-10-14T23:59:59Z,2025-05-15T09:00:00Z,destination=SVO&origin=KUF&endRange=2025-10-14T23:59:59Z&startRange=2025-05-15T09:00:00Z,1.0,44.0,1.0,100.0,<Response [200]>
,,,,,,YYJ,,,,,YYZ,,,,2025-10-14T23:59:59Z,2025-05-15T09:00:00Z,destination=YYJ&origin=YYZ&endRange=2025-10-14T23:59:59Z&startRange=2025-05-15T09:00:00Z,1.0,44.0,1.0,100.0,<Response [200]>
,,,,,,ROS,,,,,SLA,,,,2025-10-14T23:59:59Z,2025-05-15T09:00:00Z,destination=ROS&origin=SLA&endRange=2025-10-14T23:59:59Z&startRange=2025-05-15T09:00:00Z,1.0,44.0,1.0,100.0,<Response [200]>
,,,,,,PER,,,,,MRU,,,,2025-10-14T23:59:59Z,2025-05-15T09:00:00Z,destination=PER&origin=MRU&endRange=2025-10-14T23:59:59Z&startRange=2025-05-15T09:00:00Z,1.0,44.0,1.0,100.0,<Response [200]>
,,,,,,SVO,,,,,LED,,,,2025-10-14T23:59:59Z,2025-05-15T09:00:00Z,destination=SVO&origin=LED&endRange=2025-10-14T23:59:59Z&startRange=2025-05-15T09:00:00Z,1.0,45.0,1.0,100.0,<Response [200]>
,,,,,,CGK,,,,,PKU,,,,2025-10-14T23:59:59Z,2025-05-15T09:00:00Z,destination=CGK&origin=PKU&endRange=2025-10-14T23:59:59Z&startRange=2025-05-15T09:00:00Z,1.0,45.0,1.0,100.0,<Response [200]>
,,,,,,RUH,,,,,ULH,,,,2025-10-14T23:59:59Z,2025-05-15T09:00:00Z,destination=RUH&origin=ULH&endRange=2025-10-14T23:59:59Z&startRange=2025-05-15T09:00:00Z,1.0,45.0,1.0,100.0,<Response [200]>
,,,,,,VTE,,,,,PVG,,,,2025-10-14T23:59:59Z,2025-05-15T09:00:00Z,destination=VTE&origin=PVG&endRange=2025-10-14T23:59:59Z&startRange=2025-05-15T09:00:00Z,1.0,46.0,1.0,100.0,<Response [200]>
,,,,,,RUH,,,,,NUM,,,,2025-10-14T23:59:59Z,2025-05-15T09:00:00Z,destination=RUH&origin=NUM&endRange=2025-10-14T23:59:59Z&startRange=2025-05-15T09:00:00Z,1.0,46.0,1.0,100.0,<Response [200]>
,,,,,,LED,,,,,SVO,,,,2025-10-14T23:59:59Z,2025-05-15T09:00:00Z,destination=LED&origin=SVO&endRange=2025-10-14T23:59:59Z&startRange=2025-05-15T09:00:00Z,1.0,47.0,1.0,100.0,<Response [200]>
,,,,,,TYN,,,,,CSX,,,,2025-10-14T23:59:59Z,2025-05-15T09:00:00Z,destination=TYN&origin=CSX&endRange=2025-10-14T23:59:59Z&startRange=2025-05-15T09:00:00Z,1.0,47.0,1.0,100.0,<Response [200]>
,,,,,,PUJ,,,,,GRU,,,,2025-10-14T23:59:59Z,2025-05-15T09:00:00Z,destination=PUJ&origin=GRU&endRange=2025-10-14T23:59:59Z&startRange=2025-05-15T09:00:00Z,1.0,47.0,1.0,100.0,<Response [200]>
,,,,,,TYN,,,,,TAO,,,,2025-10-14T23:59:59Z,2025-05-15T09:00:00Z,destination=TYN&origin=TAO&endRange=2025-10-14T23:59:59Z&startRange=2025-05-15T09:00:00Z,1.0,35.0,1.0,100.0,<Response [200]>
,,,,,,TAO,,,,,TYN,,,,2025-10-14T23:59:59Z,2025-05-15T09:00:00Z,destination=TAO&origin=TYN&endRange=2025-10-14T23:59:59Z&startRange=2025-05-15T09:00:00Z,1.0,36.0,1.0,100.0,<Response [200]>
,,,,,,BHY,,,,,YIH,,,,2025-10-14T23:59:59Z,2025-05-15T09:00:00Z,destination=BHY&origin=YIH&endRange=2025-10-14T23:59:59Z&startRange=2025-05-15T09:00:00Z,1.0,36.0,1.0,100.0,<Response [200]>
,,,,,,MEL,,,,,TPE,,,,2025-10-14T23:59:59Z,2025-05-15T09:00:00Z,destination=MEL&origin=TPE&endRange=2025-10-14T23:59:59Z&startRange=2025-05-15T09:00:00Z,1.0,36.0,1.0,100.0,<Response [200]>
,,,,,,FOC,,,,,CGK,,,,2025-10-14T23:59:59Z,2025-05-15T09:00:00Z,destination=FOC&origin=CGK&endRange=2025-10-14T23:59:59Z&startRange=2025-05-15T09:00:00Z,1.0,37.0,1.0,100.0,<Response [200]>
,,,,,,YIH,,,,,TYN,,,,2025-10-14T23:59:59Z,2025-05-15T09:00:00Z,destination=YIH&origin=TYN&endRange=2025-10-14T23:59:59Z&startRange=2025-05-15T09:00:00Z,1.0,37.0,1.0,100.0,<Response [200]>
,,,,,,ATL,,,,,RTB,,,,2025-10-14T23:59:59Z,2025-05-15T09:00:00Z,destination=ATL&origin=RTB&endRange=2025-10-14T23:59:59Z&startRange=2025-05-15T09:00:00Z,1.0,38.0,1.0,100.0,<Response [200]>
,,,,,,JED,,,,,TUU,,,,2025-10-14T23:59:59Z,2025-05-15T09:00:00Z,destination=JED&origin=TUU&endRange=2025-10-14T23:59:59Z&startRange=2025-05-15T09:00:00Z,1.0,38.0,1.0,100.0,<Response [200]>
,,,,,,CTU,,,,,HGH,,,,2025-10-14T23:59:59Z,2025-05-15T09:00:00Z,destination=CTU&origin=HGH&endRange=2025-10-14T23:59:59Z&startRange=2025-05-15T09:00:00Z,1.0,38.0,1.0,100.0,<Response [200]>
,,,,,,XMN,,,,,TPE,,,,2025-10-14T23:59:59Z,2025-05-15T09:00:00Z,destination=XMN&origin=TPE&endRange=2025-10-14T23:59:59Z&startRange=2025-05-15T09:00:00Z,1.0,40.0,1.0,100.0,<Response [200]>
,,,,,,PVG,,,,,VTE,,,,2025-10-14T23:59:59Z,2025-05-15T09:00:00Z,destination=PVG&origin=VTE&endRange=2025-10-14T23:59:59Z&startRange=2025-05-15T09:00:00Z,1.0,40.0,1.0,100.0,<Response [200]>
,,,,,,HGH,,,,,DLC,,,,2025-10-14T23:59:59Z,2025-05-15T09:00:00Z,destination=HGH&origin=DLC&endRange=2025-10-14T23:59:59Z&startRange=2025-05-15T09:00:00Z,1.0,41.0,1.0,100.0,<Response [200]>
,,,,,,SKB,,,,,EIS,,,,2025-10-14T23:59:59Z,2025-05-15T09:00:00Z,destination=SKB&origin=EIS&endRange=2025-10-14T23:59:59Z&startRange=2025-05-15T09:00:00Z,1.0,41.0,1.0,100.0,<Response [200]>
,,,,,,FAE,,,,,EDI,,,,2025-10-14T23:59:59Z,2025-05-15T09:00:00Z,destination=FAE&origin=EDI&endRange=2025-10-14T23:59:59Z&startRange=2025-05-15T09:00:00Z,1.0,42.0,1.0,100.0,<Response [200]>
,,,,,,TSN,,,,,ZUH,,,,2025-10-14T23:59:59Z,2025-05-15T09:00:00Z,destination=TSN&origin=ZUH&endRange=2025-10-14T23:59:59Z&startRange=2025-05-15T09:00:00Z,1.0,42.0,1.0,100.0,<Response [200]>
,,,,,,CGK,,,,,PVG,,,,2025-10-14T23:59:59Z,2025-05-15T09:00:00Z,destination=CGK&origin=PVG&endRange=2025-10-14T23:59:59Z&startRange=2025-05-15T09:00:00Z,1.0,42.0,1.0,100.0,<Response [200]>
,,,,,,LBV,,,,,NSI,,,,2025-10-14T23:59:59Z,2025-05-15T09:00:00Z,destination=LBV&origin=NSI&endRange=2025-10-14T23:59:59Z&startRange=2025-05-15T09:00:00Z,1.0,29.0,1.0,100.0,<Response [200]>
,,,,,,NSI,,,,,LBV,,,,2025-10-14T23:59:59Z,2025-05-15T09:00:00Z,destination=NSI&origin=LBV&endRange=2025-10-14T23:59:59Z&startRange=2025-05-15T09:00:00Z,1.0,29.0,1.0,100.0,<Response [200]>
,,,,,,ADD,,,,,NSI,,,,2025-10-14T23:59:59Z,2025-05-15T09:00:00Z,destination=ADD&origin=NSI&endRange=2025-10-14T23:59:59Z&startRange=2025-05-15T09:00:00Z,1.0,29.0,1.0,100.0,<Response [200]>
,,,,,,ADD,,,,,LBV,,,,2025-10-14T23:59:59Z,2025-05-15T09:00:00Z,destination=ADD&origin=LBV&endRange=2025-10-14T23:59:59Z&startRange=2025-05-15T09:00:00Z,1.0,30.0,1.0,100.0,<Response [200]>
,,,,,,HRB,,,,,YNZ,,,,2025-10-14T23:59:59Z,2025-05-15T09:00:00Z,destination=HRB&origin=YNZ&endRange=2025-10-14T23:59:59Z&startRange=2025-05-15T09:00:00Z,1.0,30.0,1.0,100.0,<Response [200]>
,,,,,,YNZ,,,,,XMN,,,,2025-10-14T23:59:59Z,2025-05-15T09:00:00Z,destination=YNZ&origin=XMN&endRange=2025-10-14T23:59:59Z&startRange=2025-05-15T09:00:00Z,1.0,30.0,1.0,100.0,<Response [200]>
,,,,,,HAN,,,,,DEL,,,,2025-10-14T23:59:59Z,2025-05-15T09:00:00Z,destination=HAN&origin=DEL&endRange=2025-10-14T23:59:59Z&startRange=2025-05-15T09:00:00Z,1.0,30.0,1.0,100.0,<Response [200]>
,,,,,,VOG,,,,,SVO,,,,2025-10-14T23:59:59Z,2025-05-15T09:00:00Z,destination=VOG&origin=SVO&endRange=2025-10-14T23:59:59Z&startRange=2025-05-15T09:00:00Z,1.0,31.0,1.0,100.0,<Response [200]>
,,,,,,FOC,,,,,MFM,,,,2025-10-14T23:59:59Z,2025-05-15T09:00:00Z,destination=FOC&origin=MFM&endRange=2025-10-14T23:59:59Z&startRange=2025-05-15T09:00:00Z,1.0,32.0,1.0,100.0,<Response [200]>
,,,,,,JED,,,,,KWI,,,,2025-10-14T23:59:59Z,2025-05-15T09:00:00Z,destination=JED&origin=KWI&endRange=2025-10-14T23:59:59Z&startRange=2025-05-15T09:00:00Z,1.0,32.0,1.0,100.0,<Response [200]>
,,,,,,HFE,,,,,BAR,,,,2025-10-14T23:59:59Z,2025-05-15T09:00:00Z,destination=HFE&origin=BAR&endRange=2025-10-14T23:59:59Z&startRange=2025-05-15T09:00:00Z,1.0,33.0,1.0,100.0,<Response [200]>
,,,,,,YIH,,,,,BHY,,,,2025-10-14T23:59:59Z,2025-05-15T09:00:00Z,destination=YIH&origin=BHY&endRange=2025-10-14T23:59:59Z&startRange=2025-05-15T09:00:00Z,1.0,33.0,1.0,100.0,<Response [200]>
,,,,,,TYN,,,,,YIH,,,,2025-10-14T23:59:59Z,2025-05-15T09:00:00Z,destination=TYN&origin=YIH&endRange=2025-10-14T23:59:59Z&startRange=2025-05-15T09:00:00Z,1.0,33.0,1.0,100.0,<Response [200]>
,,,,,,DTW,,,,,PUJ,,,,2025-10-14T23:59:59Z,2025-05-15T09:00:00Z,destination=DTW&origin=PUJ&endRange=2025-10-14T23:59:59Z&startRange=2025-05-15T09:00:00Z,1.0,33.0,1.0,100.0,<Response [200]>
,,,,,,EZE,,,,,PSS,,,,2025-10-14T23:59:59Z,2025-05-15T09:00:00Z,destination=EZE&origin=PSS&endRange=2025-10-14T23:59:59Z&startRange=2025-05-15T09:00:00Z,1.0,34.0,1.0,100.0,<Response [200]>
,,,,,,ADD,,,,,JED,,,,2025-10-14T23:59:59Z,2025-05-15T09:00:00Z,destination=ADD&origin=JED&endRange=2025-10-14T23:59:59Z&startRange=2025-05-15T09:00:00Z,1.0,35.0,1.0,100.0,<Response [200]>
,,,,,,DAC,,,,,RUH,,,,2025-10-14T23:59:59Z,2025-05-15T09:00:00Z,destination=DAC&origin=RUH&endRange=2025-10-14T23:59:59Z&startRange=2025-05-15T09:00:00Z,1.0,20.0,1.0,100.0,<Response [200]>
,,,,,,ISB,,,,,JED,,,,2025-10-14T23:59:59Z,2025-05-15T09:00:00Z,destination=ISB&origin=JED&endRange=2025-10-14T23:59:59Z&startRange=2025-05-15T09:00:00Z,1.0,20.0,1.0,100.0,<Response [200]>
,,,,,,RAI,,,,,VXE,,,,2025-10-14T23:59:59Z,2025-05-15T09:00:00Z,destination=RAI&origin=VXE&endRange=2025-10-14T23:59:59Z&startRange=2025-05-15T09:00:00Z,1.0,21.0,1.0,100.0,<Response [200]>
,,,,,,PNH,,,,,FOC,,,,2025-10-14T23:59:59Z,2025-05-15T09:00:00Z,destination=PNH&origin=FOC&endRange=2025-10-14T23:59:59Z&startRange=2025-05-15T09:00:00Z,1.0,22.0,1.0,100.0,<Response [200]>
,,,,,,GIG,,,,,COR,,,,2025-10-14T23:59:59Z,2025-05-15T09:00:00Z,destination=GIG&origin=COR&endRange=2025-10-14T23:59:59Z&startRange=2025-05-15T09:00:00Z,1.0,22.0,1.0,100.0,<Response [200]>
,,,,,,XMN,,,,,MEL,,,,2025-10-14T23:59:59Z,2025-05-15T09:00:00Z,destination=XMN&origin=MEL&endRange=2025-10-14T23:59:59Z&startRange=2025-05-15T09:00:00Z,1.0,22.0,1.0,100.0,<Response [200]>
,,,,,,FOC,,,,,HKG,,,,2025-10-14T23:59:59Z,2025-05-15T09:00:00Z,destination=FOC&origin=HKG&endRange=2025-10-14T23:59:59Z&startRange=2025-05-15T09:00:00Z,1.0,23.0,1.0,100.0,<Response [200]>
,,,,,,SFO,,,,,SGN,,,,2025-10-14T23:59:59Z,2025-05-15T09:00:00Z,destination=SFO&origin=SGN&endRange=2025-10-14T23:59:59Z&startRange=2025-05-15T09:00:00Z,1.0,24.0,1.0,100.0,<Response [200]>
,,,,,,FOC,,,,,KIX,,,,2025-10-14T23:59:59Z,2025-05-15T09:00:00Z,destination=FOC&origin=KIX&endRange=2025-10-14T23:59:59Z&startRange=2025-05-15T09:00:00Z,1.0,25.0,1.0,100.0,<Response [200]>
,,,,,,YNZ,,,,,HRB,,,,2025-10-14T23:59:59Z,2025-05-15T09:00:00Z,destination=YNZ&origin=HRB&endRange=2025-10-14T23:59:59Z&startRange=2025-05-15T09:00:00Z,1.0,26.0,1.0,100.0,<Response [200]>
,,,,,,XMN,,,,,YNZ,,,,2025-10-14T23:59:59Z,2025-05-15T09:00:00Z,destination=XMN&origin=YNZ&endRange=2025-10-14T23:59:59Z&startRange=2025-05-15T09:00:00Z,1.0,26.0,1.0,100.0,<Response [200]>
,,,,,,BEG,,,,,OHD,,,,2025-10-14T23:59:59Z,2025-05-15T09:00:00Z,destination=BEG&origin=OHD&endRange=2025-10-14T23:59:59Z&startRange=2025-05-15T09:00:00Z,1.0,28.0,1.0,100.0,<Response [200]>
,,,,,,NSI,,,,,ADD,,,,2025-10-14T23:59:59Z,2025-05-15T09:00:00Z,destination=NSI&origin=ADD&endRange=2025-10-14T23:59:59Z&startRange=2025-05-15T09:00:00Z,1.0,28.0,1.0,100.0,<Response [200]>
,,,,,,OHD,,,,,BEG,,,,2025-10-14T23:59:59Z,2025-05-15T09:00:00Z,destination=OHD&origin=BEG&endRange=2025-10-14T23:59:59Z&startRange=2025-05-15T09:00:00Z,1.0,29.0,1.0,100.0,<Response [200]>
,,,,,,LBV,,,,,ADD,,,,2025-10-14T23:59:59Z,2025-05-15T09:00:00Z,destination=LBV&origin=ADD&endRange=2025-10-14T23:59:59Z&startRange=2025-05-15T09:00:00Z,1.0,29.0,1.0,100.0,<Response [200]>
,,,,,,ICN,,,,,WUX,,,,2025-10-14T23:59:59Z,2025-05-15T09:00:00Z,destination=ICN&origin=WUX&endRange=2025-10-14T23:59:59Z&startRange=2025-05-15T09:00:00Z,1.0,29.0,1.0,100.0,<Response [200]>
,,,,,,JED,,,,,NBO,,,,2025-10-14T23:59:59Z,2025-05-15T09:00:00Z,destination=JED&origin=NBO&endRange=2025-10-14T23:59:59Z&startRange=2025-05-15T09:00:00Z,1.0,14.0,1.0,100.0,<Response [200]>
,,,,,,LJG,,,,,TAO,,,,2025-10-14T23:59:59Z,2025-05-15T09:00:00Z,destination=LJG&origin=TAO&endRange=2025-10-14T23:59:59Z&startRange=2025-05-15T09:00:00Z,1.0,15.0,1.0,100.0,<Response [200]>
,,,,,,OVB,,,,,AER,,,,2025-10-14T23:59:59Z,2025-05-15T09:00:00Z,destination=OVB&origin=AER&endRange=2025-10-14T23:59:59Z&startRange=2025-05-15T09:00:00Z,1.0,16.0,1.0,100.0,<Response [200]>
,,,,,,NOU,,,,,SYD,,,,2025-10-14T23:59:59Z,2025-05-15T09:00:00Z,destination=NOU&origin=SYD&endRange=2025-10-14T23:59:59Z&startRange=2025-05-15T09:00:00Z,1.0,16.0,1.0,100.0,<Response [200]>
,,,,,,JUB,,,,,NBO,,,,2025-10-14T23:59:59Z,2025-05-15T09:00:00Z,destination=JUB&origin=NBO&endRange=2025-10-14T23:59:59Z&startRange=2025-05-15T09:00:00Z,1.0,16.0,1.0,100.0,<Response [200]>
,,,,,,RUH,,,,,IST,,,,2025-10-14T23:59:59Z,2025-05-15T09:00:00Z,destination=RUH&origin=IST&endRange=2025-10-14T23:59:59Z&startRange=2025-05-15T09:00:00Z,1.0,16.0,1.0,100.0,<Response [200]>
,,,,,,TYN,,,,,SWA,,,,2025-10-14T23:59:59Z,2025-05-15T09:00:00Z,destination=TYN&origin=SWA&endRange=2025-10-14T23:59:59Z&startRange=2025-05-15T09:00:00Z,1.0,17.0,1.0,100.0,<Response [200]>
,,,,,,SGN,,,,,HKG,,,,2025-10-14T23:59:59Z,2025-05-15T09:00:00Z,destination=SGN&origin=HKG&endRange=2025-10-14T23:59:59Z&startRange=2025-05-15T09:00:00Z,1.0,17.0,1.0,100.0,<Response [200]>
,,,,,,PQC,,,,,VCA,,,,2025-10-14T23:59:59Z,2025-05-15T09:00:00Z,destination=PQC&origin=VCA&endRange=2025-10-14T23:59:59Z&startRange=2025-05-15T09:00:00Z,1.0,17.0,1.0,100.0,<Response [200]>
,,,,,,JED,,,,,ISB,,,,2025-10-14T23:59:59Z,2025-05-15T09:00:00Z,destination=JED&origin=ISB&endRange=2025-10-14T23:59:59Z&startRange=2025-05-15T09:00:00Z,1.0,17.0,1.0,100.0,<Response [200]>
,,,,,,PNH,,,,,TPE,,,,2025-10-14T23:59:59Z,2025-05-15T09:00:00Z,destination=PNH&origin=TPE&endRange=2025-10-14T23:59:59Z&startRange=2025-05-15T09:00:00Z,1.0,19.0,1.0,100.0,<Response [200]>
,,,,,,MEX,,,,,HAV,,,,2025-10-14T23:59:59Z,2025-05-15T09:00:00Z,destination=MEX&origin=HAV&endRange=2025-10-14T23:59:59Z&startRange=2025-05-15T09:00:00Z,1.0,19.0,1.0,100.0,<Response [200]>
,,,,,,HAN,,,,,NGO,,,,2025-10-14T23:59:59Z,2025-05-15T09:00:00Z,destination=HAN&origin=NGO&endRange=2025-10-14T23:59:59Z&startRange=2025-05-15T09:00:00Z,1.0,19.0,1.0,100.0,<Response [200]>
,,,,,,MXP,,,,,HAN,,,,2025-10-14T23:59:59Z,2025-05-15T09:00:00Z,destination=MXP&origin=HAN&endRange=2025-10-14T23:59:59Z&startRange=2025-05-15T09:00:00Z,1.0,19.0,1.0,100.0,<Response [200]>
,,,,,,SVO,,,,,VOG,,,,2025-10-14T23:59:59Z,2025-05-15T09:00:00Z,destination=SVO&origin=VOG&endRange=2025-10-14T23:59:59Z&startRange=2025-05-15T09:00:00Z,1.0,20.0,1.0,100.0,<Response [200]>
,,,,,,JED,,,,,AMM,,,,2025-10-14T23:59:59Z,2025-05-15T09:00:00Z,destination=JED&origin=AMM&endRange=2025-10-14T23:59:59Z&startRange=2025-05-15T09:00:00Z,1.0,20.0,1.0,100.0,<Response [200]>
,,,,,,AJA,,,,,BOD,,,,2025-10-14T23:59:59Z,2025-05-15T09:00:00Z,destination=AJA&origin=BOD&endRange=2025-10-14T23:59:59Z&startRange=2025-05-15T09:00:00Z,1.0,9.0,1.0,100.0,<Response [200]>
,,,,,,NGO,,,,,SGN,,,,2025-10-14T23:59:59Z,2025-05-15T09:00:00Z,destination=NGO&origin=SGN&endRange=2025-10-14T23:59:59Z&startRange=2025-05-15T09:00:00Z,1.0,9.0,1.0,100.0,<Response [200]>
,,,,,,PUF,,,,,AJA,,,,2025-10-14T23:59:59Z,2025-05-15T09:00:00Z,destination=PUF&origin=AJA&endRange=2025-10-14T23:59:59Z&startRange=2025-05-15T09:00:00Z,1.0,10.0,1.0,100.0,<Response [200]>
,,,,,,WUH,,,,,SYD,,,,2025-10-14T23:59:59Z,2025-05-15T09:00:00Z,destination=WUH&origin=SYD&endRange=2025-10-14T23:59:59Z&startRange=2025-05-15T09:00:00Z,1.0,10.0,1.0,100.0,<Response [200]>
,,,,,,FOC,,,,,HFE,,,,2025-10-14T23:59:59Z,2025-05-15T09:00:00Z,destination=FOC&origin=HFE&endRange=2025-10-14T23:59:59Z&startRange=2025-05-15T09:00:00Z,1.0,11.0,1.0,100.0,<Response [200]>
,,,,,,NRT,,,,,WUH,,,,2025-10-14T23:59:59Z,2025-05-15T09:00:00Z,destination=NRT&origin=WUH&endRange=2025-10-14T23:59:59Z&startRange=2025-05-15T09:00:00Z,1.0,12.0,1.0,100.0,<Response [200]>
,,,,,,HAV,,,,,MEX,,,,2025-10-14T23:59:59Z,2025-05-15T09:00:00Z,destination=HAV&origin=MEX&endRange=2025-10-14T23:59:59Z&startRange=2025-05-15T09:00:00Z,1.0,12.0,1.0,100.0,<Response [200]>
,,,,,,ICN,,,,,SIN,,,,2025-10-14T23:59:59Z,2025-05-15T09:00:00Z,destination=ICN&origin=SIN&endRange=2025-10-14T23:59:59Z&startRange=2025-05-15T09:00:00Z,1.0,12.0,1.0,100.0,<Response [200]>
,,,,,,SZX,,,,,INC,,,,2025-10-14T23:59:59Z,2025-05-15T09:00:00Z,destination=SZX&origin=INC&endRange=2025-10-14T23:59:59Z&startRange=2025-05-15T09:00:00Z,1.0,13.0,1.0,100.0,<Response [200]>
,,,,,,ICN,,,,,CXR,,,,2025-10-14T23:59:59Z,2025-05-15T09:00:00Z,destination=ICN&origin=CXR&endRange=2025-10-14T23:59:59Z&startRange=2025-05-15T09:00:00Z,1.0,13.0,1.0,100.0,<Response [200]>
,,,,,,INC,,,,,SZX,,,,2025-10-14T23:59:59Z,2025-05-15T09:00:00Z,destination=INC&origin=SZX&endRange=2025-10-14T23:59:59Z&startRange=2025-05-15T09:00:00Z,1.0,13.0,1.0,100.0,<Response [200]>
,,,,,,CXR,,,,,ICN,,,,2025-10-14T23:59:59Z,2025-05-15T09:00:00Z,destination=CXR&origin=ICN&endRange=2025-10-14T23:59:59Z&startRange=2025-05-15T09:00:00Z,1.0,13.0,1.0,100.0,<Response [200]>
,,,,,,LXR,,,,,HRG,,,,2025-10-14T23:59:59Z,2025-05-15T09:00:00Z,destination=LXR&origin=HRG&endRange=2025-10-14T23:59:59Z&startRange=2025-05-15T09:00:00Z,1.0,13.0,1.0,100.0,<Response [200]>
,,,,,,ZHA,,,,,SHA,,,,2025-10-14T23:59:59Z,2025-05-15T09:00:00Z,destination=ZHA&origin=SHA&endRange=2025-10-14T23:59:59Z&startRange=2025-05-15T09:00:00Z,1.0,14.0,1.0,100.0,<Response [200]>
,,,,,,XMN,,,,,KIX,,,,2025-10-14T23:59:59Z,2025-05-15T09:00:00Z,destination=XMN&origin=KIX&endRange=2025-10-14T23:59:59Z&startRange=2025-05-15T09:00:00Z,1.0,14.0,1.0,100.0,<Response [200]>
,,,,,,NBO,,,,,JED,,,,2025-10-14T23:59:59Z,2025-05-15T09:00:00Z,destination=NBO&origin=JED&endRange=2025-10-14T23:59:59Z&startRange=2025-05-15T09:00:00Z,1.0,14.0,1.0,100.0,<Response [200]>
,,,,,,NUM,,,,,IST,,,,2025-10-14T23:59:59Z,2025-05-15T09:00:00Z,destination=NUM&origin=IST&endRange=2025-10-14T23:59:59Z&startRange=2025-05-15T09:00:00Z,1.0,3.0,1.0,100.0,<Response [200]>
,,,,,,MED,,,,,ORN,,,,2025-10-14T23:59:59Z,2025-05-15T09:00:00Z,destination=MED&origin=ORN&endRange=2025-10-14T23:59:59Z&startRange=2025-05-15T09:00:00Z,1.0,5.0,1.0,100.0,<Response [200]>
,,,,,,NQZ,,,,,SVO,,,,2025-10-14T23:59:59Z,2025-05-15T09:00:00Z,destination=NQZ&origin=SVO&endRange=2025-10-14T23:59:59Z&startRange=2025-05-15T09:00:00Z,1.0,6.0,1.0,100.0,<Response [200]>
,,,,,,PNH,,,,,ICN,,,,2025-10-14T23:59:59Z,2025-05-15T09:00:00Z,destination=PNH&origin=ICN&endRange=2025-10-14T23:59:59Z&startRange=2025-05-15T09:00:00Z,1.0,6.0,1.0,100.0,<Response [200]>
,,,,,,MNL,,,,,JED,,,,2025-10-14T23:59:59Z,2025-05-15T09:00:00Z,destination=MNL&origin=JED&endRange=2025-10-14T23:59:59Z&startRange=2025-05-15T09:00:00Z,1.0,6.0,1.0,100.0,<Response [200]>
,,,,,,JED,,,,,MNL,,,,2025-10-14T23:59:59Z,2025-05-15T09:00:00Z,destination=JED&origin=MNL&endRange=2025-10-14T23:59:59Z&startRange=2025-05-15T09:00:00Z,1.0,6.0,1.0,100.0,<Response [200]>
,,,,,,ICN,,,,,SZX,,,,2025-10-14T23:59:59Z,2025-05-15T09:00:00Z,destination=ICN&origin=SZX&endRange=2025-10-14T23:59:59Z&startRange=2025-05-15T09:00:00Z,1.0,7.0,1.0,100.0,<Response [200]>
,,,,,,VCA,,,,,PQC,,,,2025-10-14T23:59:59Z,2025-05-15T09:00:00Z,destination=VCA&origin=PQC&endRange=2025-10-14T23:59:59Z&startRange=2025-05-15T09:00:00Z,1.0,7.0,1.0,100.0,<Response [200]>
,,,,,,COK,,,,,JED,,,,2025-10-14T23:59:59Z,2025-05-15T09:00:00Z,destination=COK&origin=JED&endRange=2025-10-14T23:59:59Z&startRange=2025-05-15T09:00:00Z,1.0,7.0,1.0,100.0,<Response [200]>
,,,,,,PQC,,,,,PVG,,,,2025-10-14T23:59:59Z,2025-05-15T09:00:00Z,destination=PQC&origin=PVG&endRange=2025-10-14T23:59:59Z&startRange=2025-05-15T09:00:00Z,1.0,8.0,1.0,100.0,<Response [200]>
,,,,,,MED,,,,,CZL,,,,2025-10-14T23:59:59Z,2025-05-15T09:00:00Z,destination=MED&origin=CZL&endRange=2025-10-14T23:59:59Z&startRange=2025-05-15T09:00:00Z,1.0,8.0,1.0,100.0,<Response [200]>
,,,,,,FSC,,,,,BOD,,,,2025-10-14T23:59:59Z,2025-05-15T09:00:00Z,destination=FSC&origin=BOD&endRange=2025-10-14T23:59:59Z&startRange=2025-05-15T09:00:00Z,1.0,9.0,1.0,100.0,<Response [200]>
,,,,,,FSC,,,,,BIQ,,,,2025-10-14T23:59:59Z,2025-05-15T09:00:00Z,destination=FSC&origin=BIQ&endRange=2025-10-14T23:59:59Z&startRange=2025-05-15T09:00:00Z,1.0,9.0,1.0,100.0,<Response [200]>
,,,,,,BOD,,,,,FSC,,,,2025-10-14T23:59:59Z,2025-05-15T09:00:00Z,destination=BOD&origin=FSC&endRange=2025-10-14T23:59:59Z&startRange=2025-05-15T09:00:00Z,1.0,9.0,1.0,100.0,<Response [200]>
,,,,,,BOD,,,,,AJA,,,,2025-10-14T23:59:59Z,2025-05-15T09:00:00Z,destination=BOD&origin=AJA&endRange=2025-10-14T23:59:59Z&startRange=2025-05-15T09:00:00Z,1.0,9.0,1.0,100.0,<Response [200]>
,,,,,,BIQ,,,,,FSC,,,,2025-10-14T23:59:59Z,2025-05-15T09:00:00Z,destination=BIQ&origin=FSC&endRange=2025-10-14T23:59:59Z&startRange=2025-05-15T09:00:00Z,1.0,9.0,1.0,100.0,<Response [200]>
,,,,,,LIL,,,,,BOD,,,,2025-10-14T23:59:59Z,2025-05-15T09:00:00Z,destination=LIL&origin=BOD&endRange=2025-10-14T23:59:59Z&startRange=2025-05-15T09:00:00Z,1.0,1.0,1.0,100.0,<Response [200]>
,,,,,,VCE,,,,,FLR,,,,2025-10-14T23:59:59Z,2025-05-15T09:00:00Z,destination=VCE&origin=FLR&endRange=2025-10-14T23:59:59Z&startRange=2025-05-15T09:00:00Z,1.0,1.0,1.0,100.0,<Response [200]>
,,,,,,LAS,,,,,GLA,,,,2025-10-14T23:59:59Z,2025-05-15T09:00:00Z,destination=LAS&origin=GLA&endRange=2025-10-14T23:59:59Z&startRange=2025-05-15T09:00:00Z,1.0,1.0,1.0,100.0,<Response [200]>
,,,,,,BRU,,,,,NAP,,,,2025-10-14T23:59:59Z,2025-05-15T09:00:00Z,destination=BRU&origin=NAP&endRange=2025-10-14T23:59:59Z&startRange=2025-05-15T09:00:00Z,1.0,1.0,1.0,100.0,<Response [200]>
,,,,,,NTE,,,,,ACE,,,,2025-10-14T23:59:59Z,2025-05-15T09:00:00Z,destination=NTE&origin=ACE&endRange=2025-10-14T23:59:59Z&startRange=2025-05-15T09:00:00Z,1.0,3.0,1.0,100.0,<Response [200]>
,,,,,,SYD,,,,,XMN,,,,2025-10-14T23:59:59Z,2025-05-15T09:00:00Z,destination=SYD&origin=XMN&endRange=2025-10-14T23:59:59Z&startRange=2025-05-15T09:00:00Z,1.0,3.0,1.0,100.0,<Response [200]>
,,,,,,RUH,,,,,KWI,,,,2025-10-14T23:59:59Z,2025-05-15T09:00:00Z,destination=RUH&origin=KWI&endRange=2025-10-14T23:59:59Z&startRange=2025-05-15T09:00:00Z,1.0,74.0,1.0,100.0,<Response [200]>
,,,,,,SOF,,,,,BOJ,,,,2025-10-14T23:59:59Z,2025-05-15T09:00:00Z,destination=SOF&origin=BOJ&endRange=2025-10-14T23:59:59Z&startRange=2025-05-15T09:00:00Z,1.0,75.0,1.0,100.0,<Response [200]>
,,,,,,BOJ,,,,,SOF,,,,2025-10-14T23:59:59Z,2025-05-15T09:00:00Z,destination=BOJ&origin=SOF&endRange=2025-10-14T23:59:59Z&startRange=2025-05-15T09:00:00Z,1.0,75.0,1.0,100.0,<Response [200]>
,,,,,,WUX,,,,,FOC,,,,2025-10-14T23:59:59Z,2025-05-15T09:00:00Z,destination=WUX&origin=FOC&endRange=2025-10-14T23:59:59Z&startRange=2025-05-15T09:00:00Z,1.0,75.0,1.0,100.0,<Response [200]>
,,,,,,XMN,,,,,SYX,,,,2025-10-14T23:59:59Z,2025-05-15T09:00:00Z,destination=XMN&origin=SYX&endRange=2025-10-14T23:59:59Z&startRange=2025-05-15T09:00:00Z,1.0,75.0,1.0,100.0,<Response [200]>
,,,,,,XIY,,,,,WUH,,,,2025-10-14T23:59:59Z,2025-05-15T09:00:00Z,destination=XIY&origin=WUH&endRange=2025-10-14T23:59:59Z&startRange=2025-05-15T09:00:00Z,1.0,75.0,1.0,100.0,<Response [200]>
,,,,,,PKX,,,,,NKG,,,,2025-10-14T23:59:59Z,2025-05-15T09:00:00Z,destination=PKX&origin=NKG&endRange=2025-10-14T23:59:59Z&startRange=2025-05-15T09:00:00Z,1.0,75.0,1.0,100.0,<Response [200]>
,,,,,,WUX,,,,,CKG,,,,2025-10-14T23:59:59Z,2025-05-15T09:00:00Z,destination=WUX&origin=CKG&endRange=2025-10-14T23:59:59Z&startRange=2025-05-15T09:00:00Z,1.0,75.0,1.0,100.0,<Response [200]>
,,,,,,TPA,,,,,YYZ,,,,2025-10-14T23:59:59Z,2025-05-15T09:00:00Z,destination=TPA&origin=YYZ&endRange=2025-10-14T23:59:59Z&startRange=2025-05-15T09:00:00Z,1.0,76.0,1.0,100.0,<Response [200]>
,,,,,,AUS,,,,,MFE,,,,2025-10-14T23:59:59Z,2025-05-15T09:00:00Z,destination=AUS&origin=MFE&endRange=2025-10-14T23:59:59Z&startRange=2025-05-15T09:00:00Z,1.0,76.0,1.0,100.0,<Response [200]>
,,,,,,LYI,,,,,SHA,,,,2025-10-14T23:59:59Z,2025-05-15T09:00:00Z,destination=LYI&origin=SHA&endRange=2025-10-14T23:59:59Z&startRange=2025-05-15T09:00:00Z,1.0,77.0,1.0,100.0,<Response [200]>
,,,,,,PKX,,,,,INC,,,,2025-10-14T23:59:59Z,2025-05-15T09:00:00Z,destination=PKX&origin=INC&endRange=2025-10-14T23:59:59Z&startRange=2025-05-15T09:00:00Z,1.0,78.0,1.0,100.0,<Response [200]>
,,,,,,DOH,,,,,RUH,,,,2025-10-14T23:59:59Z,2025-05-15T09:00:00Z,destination=DOH&origin=RUH&endRange=2025-10-14T23:59:59Z&startRange=2025-05-15T09:00:00Z,1.0,78.0,1.0,100.0,<Response [200]>
,,,,,,PVG,,,,,BNE,,,,2025-10-14T23:59:59Z,2025-05-15T09:00:00Z,destination=PVG&origin=BNE&endRange=2025-10-14T23:59:59Z&startRange=2025-05-15T09:00:00Z,1.0,79.0,1.0,100.0,<Response [200]>
,,,,,,XMN,,,,,INC,,,,2025-10-14T23:59:59Z,2025-05-15T09:00:00Z,destination=XMN&origin=INC&endRange=2025-10-14T23:59:59Z&startRange=2025-05-15T09:00:00Z,1.0,79.0,1.0,100.0,<Response [200]>
,,,,,,NKG,,,,,NNG,,,,2025-10-14T23:59:59Z,2025-05-15T09:00:00Z,destination=NKG&origin=NNG&endRange=2025-10-14T23:59:59Z&startRange=2025-05-15T09:00:00Z,1.0,79.0,1.0,100.0,<Response [200]>
,,,,,,CVG,,,,,RSW,,,,2025-10-14T23:59:59Z,2025-05-15T09:00:00Z,destination=CVG&origin=RSW&endRange=2025-10-14T23:59:59Z&startRange=2025-05-15T09:00:00Z,1.0,61.0,1.0,100.0,<Response [200]>
,,,,,,JMU,,,,,DLC,,,,2025-10-14T23:59:59Z,2025-05-15T09:00:00Z,destination=JMU&origin=DLC&endRange=2025-10-14T23:59:59Z&startRange=2025-05-15T09:00:00Z,1.0,79.0,1.0,100.0,<Response [200]>
,,,,,,RUH,,,,,DOH,,,,2025-10-14T23:59:59Z,2025-05-15T09:00:00Z,destination=RUH&origin=DOH&endRange=2025-10-14T23:59:59Z&startRange=2025-05-15T09:00:00Z,1.0,79.0,1.0,100.0,<Response [200]>
,,,,,,IST,,,,,JED,,,,2025-10-14T23:59:59Z,2025-05-15T09:00:00Z,destination=IST&origin=JED&endRange=2025-10-14T23:59:59Z&startRange=2025-05-15T09:00:00Z,1.0,79.0,1.0,100.0,<Response [200]>
,,,,,,ICN,,,,,AKL,,,,2025-10-14T23:59:59Z,2025-05-15T09:00:00Z,destination=ICN&origin=AKL&endRange=2025-10-14T23:59:59Z&startRange=2025-05-15T09:00:00Z,1.0,80.0,1.0,100.0,<Response [200]>
,,,,,,TYN,,,,,CKG,,,,2025-10-14T23:59:59Z,2025-05-15T09:00:00Z,destination=TYN&origin=CKG&endRange=2025-10-14T23:59:59Z&startRange=2025-05-15T09:00:00Z,1.0,80.0,1.0,100.0,<Response [200]>
,,,,,,BNE,,,,,PVG,,,,2025-10-14T23:59:59Z,2025-05-15T09:00:00Z,destination=BNE&origin=PVG&endRange=2025-10-14T23:59:59Z&startRange=2025-05-15T09:00:00Z,1.0,80.0,1.0,100.0,<Response [200]>
,,,,,,AKL,,,,,ICN,,,,2025-10-14T23:59:59Z,2025-05-15T09:00:00Z,destination=AKL&origin=ICN&endRange=2025-10-14T23:59:59Z&startRange=2025-05-15T09:00:00Z,1.0,80.0,1.0,100.0,<Response [200]>
,,,,,,EZE,,,,,BRC,,,,2025-10-14T23:59:59Z,2025-05-15T09:00:00Z,destination=EZE&origin=BRC&endRange=2025-10-14T23:59:59Z&startRange=2025-05-15T09:00:00Z,1.0,81.0,1.0,100.0,<Response [200]>
,,,,,,FOC,,,,,WUX,,,,2025-10-14T23:59:59Z,2025-05-15T09:00:00Z,destination=FOC&origin=WUX&endRange=2025-10-14T23:59:59Z&startRange=2025-05-15T09:00:00Z,1.0,81.0,1.0,100.0,<Response [200]>
,,,,,,CKG,,,,,TYN,,,,2025-10-14T23:59:59Z,2025-05-15T09:00:00Z,destination=CKG&origin=TYN&endRange=2025-10-14T23:59:59Z&startRange=2025-05-15T09:00:00Z,1.0,81.0,1.0,100.0,<Response [200]>
,,,,,,XIY,,,,,DNH,,,,2025-10-14T23:59:59Z,2025-05-15T09:00:00Z,destination=XIY&origin=DNH&endRange=2025-10-14T23:59:59Z&startRange=2025-05-15T09:00:00Z,1.0,81.0,1.0,100.0,<Response [200]>
,,,,,,BOM,,,,,LKO,,,,2025-10-14T23:59:59Z,2025-05-15T09:00:00Z,destination=BOM&origin=LKO&endRange=2025-10-14T23:59:59Z&startRange=2025-05-15T09:00:00Z,1.0,81.0,1.0,100.0,<Response [200]>
,,,,,,CRL,,,,,BIA,,,,2025-10-14T23:59:59Z,2025-05-15T09:00:00Z,destination=CRL&origin=BIA&endRange=2025-10-14T23:59:59Z&startRange=2025-05-15T09:00:00Z,1.0,82.0,1.0,100.0,<Response [200]>
,,,,,,XNN,,,,,PKX,,,,2025-10-14T23:59:59Z,2025-05-15T09:00:00Z,destination=XNN&origin=PKX&endRange=2025-10-14T23:59:59Z&startRange=2025-05-15T09:00:00Z,1.0,82.0,1.0,100.0,<Response [200]>
,,,,,,CKG,,,,,WUX,,,,2025-10-14T23:59:59Z,2025-05-15T09:00:00Z,destination=CKG&origin=WUX&endRange=2025-10-14T23:59:59Z&startRange=2025-05-15T09:00:00Z,1.0,82.0,1.0,100.0,<Response [200]>
,,,,,,PNH,,,,,XMN,,,,2025-10-14T23:59:59Z,2025-05-15T09:00:00Z,destination=PNH&origin=XMN&endRange=2025-10-14T23:59:59Z&startRange=2025-05-15T09:00:00Z,1.0,83.0,1.0,100.0,<Response [200]>
,,,,,,MSY,,,,,AUS,,,,2025-10-14T23:59:59Z,2025-05-15T09:00:00Z,destination=MSY&origin=AUS&endRange=2025-10-14T23:59:59Z&startRange=2025-05-15T09:00:00Z,1.0,55.0,1.0,100.0,<Response [200]>
,,,,,,HBE,,,,,RUH,,,,2025-10-14T23:59:59Z,2025-05-15T09:00:00Z,destination=HBE&origin=RUH&endRange=2025-10-14T23:59:59Z&startRange=2025-05-15T09:00:00Z,1.0,62.0,1.0,100.0,<Response [200]>
,,,,,,YYZ,,,,,FLL,,,,2025-10-14T23:59:59Z,2025-05-15T09:00:00Z,destination=YYZ&origin=FLL&endRange=2025-10-14T23:59:59Z&startRange=2025-05-15T09:00:00Z,1.0,83.0,1.0,100.0,<Response [200]>
,,,,,,ATL,,,,,NAP,,,,2025-10-14T23:59:59Z,2025-05-15T09:00:00Z,destination=ATL&origin=NAP&endRange=2025-10-14T23:59:59Z&startRange=2025-05-15T09:00:00Z,1.0,83.0,1.0,100.0,<Response [200]>
,,,,,,KMG,,,,,LUM,,,,2025-10-14T23:59:59Z,2025-05-15T09:00:00Z,destination=KMG&origin=LUM&endRange=2025-10-14T23:59:59Z&startRange=2025-05-15T09:00:00Z,1.0,83.0,1.0,100.0,<Response [200]>
,,,,,,HAK,,,,,PVG,,,,2025-10-14T23:59:59Z,2025-05-15T09:00:00Z,destination=HAK&origin=PVG&endRange=2025-10-14T23:59:59Z&startRange=2025-05-15T09:00:00Z,1.0,83.0,1.0,100.0,<Response [200]>
,,,,,,MXP,,,,,BOS,,,,2025-10-14T23:59:59Z,2025-05-15T09:00:00Z,destination=MXP&origin=BOS&endRange=2025-10-14T23:59:59Z&startRange=2025-05-15T09:00:00Z,1.0,83.0,1.0,100.0,<Response [200]>
,,,,,,BOS,,,,,MXP,,,,2025-10-14T23:59:59Z,2025-05-15T09:00:00Z,destination=BOS&origin=MXP&endRange=2025-10-14T23:59:59Z&startRange=2025-05-15T09:00:00Z,1.0,83.0,1.0,100.0,<Response [200]>
,,,,,,MEL,,,,,CGK,,,,2025-10-14T23:59:59Z,2025-05-15T09:00:00Z,destination=MEL&origin=CGK&endRange=2025-10-14T23:59:59Z&startRange=2025-05-15T09:00:00Z,1.0,83.0,1.0,100.0,<Response [200]>
,,,,,,NAP,,,,,ATL,,,,2025-10-14T23:59:59Z,2025-05-15T09:00:00Z,destination=NAP&origin=ATL&endRange=2025-10-14T23:59:59Z&startRange=2025-05-15T09:00:00Z,1.0,83.0,1.0,100.0,<Response [200]>
,,,,,,SHA,,,,,WEH,,,,2025-10-14T23:59:59Z,2025-05-15T09:00:00Z,destination=SHA&origin=WEH&endRange=2025-10-14T23:59:59Z&startRange=2025-05-15T09:00:00Z,1.0,83.0,1.0,100.0,<Response [200]>
,,,,,,NKC,,,,,CKY,,,,2025-10-14T23:59:59Z,2025-05-15T09:00:00Z,destination=NKC&origin=CKY&endRange=2025-10-14T23:59:59Z&startRange=2025-05-15T09:00:00Z,1.0,83.0,1.0,100.0,<Response [200]>
,,,,,,EZE,,,,,TUC,,,,2025-10-14T23:59:59Z,2025-05-15T09:00:00Z,destination=EZE&origin=TUC&endRange=2025-10-14T23:59:59Z&startRange=2025-05-15T09:00:00Z,1.0,83.0,1.0,100.0,<Response [200]>
,,,,,,BIA,,,,,CRL,,,,2025-10-14T23:59:59Z,2025-05-15T09:00:00Z,destination=BIA&origin=CRL&endRange=2025-10-14T23:59:59Z&startRange=2025-05-15T09:00:00Z,1.0,84.0,1.0,100.0,<Response [200]>
,,,,,,LUM,,,,,KMG,,,,2025-10-14T23:59:59Z,2025-05-15T09:00:00Z,destination=LUM&origin=KMG&endRange=2025-10-14T23:59:59Z&startRange=2025-05-15T09:00:00Z,1.0,84.0,1.0,100.0,<Response [200]>
,,,,,,LHW,,,,,PVG,,,,2025-10-14T23:59:59Z,2025-05-15T09:00:00Z,destination=LHW&origin=PVG&endRange=2025-10-14T23:59:59Z&startRange=2025-05-15T09:00:00Z,1.0,84.0,1.0,100.0,<Response [200]>
,,,,,,BSB,,,,,SSA,,,,2025-10-14T23:59:59Z,2025-05-15T09:00:00Z,destination=BSB&origin=SSA&endRange=2025-10-14T23:59:59Z&startRange=2025-05-15T09:00:00Z,1.0,84.0,1.0,100.0,<Response [200]>
,,,,,,PVG,,,,,WNZ,,,,2025-10-14T23:59:59Z,2025-05-15T09:00:00Z,destination=PVG&origin=WNZ&endRange=2025-10-14T23:59:59Z&startRange=2025-05-15T09:00:00Z,1.0,84.0,1.0,100.0,<Response [200]>
,,,,,,TAO,,,,,JMU,,,,2025-10-14T23:59:59Z,2025-05-15T09:00:00Z,destination=TAO&origin=JMU&endRange=2025-10-14T23:59:59Z&startRange=2025-05-15T09:00:00Z,1.0,70.0,1.0,100.0,<Response [200]>
,,,,,,PVG,,,,,HAK,,,,2025-10-14T23:59:59Z,2025-05-15T09:00:00Z,destination=PVG&origin=HAK&endRange=2025-10-14T23:59:59Z&startRange=2025-05-15T09:00:00Z,1.0,84.0,1.0,100.0,<Response [200]>
,,,,,,JJN,,,,,XIY,,,,2025-10-14T23:59:59Z,2025-05-15T09:00:00Z,destination=JJN&origin=XIY&endRange=2025-10-14T23:59:59Z&startRange=2025-05-15T09:00:00Z,1.0,85.0,1.0,100.0,<Response [200]>
,,,,,,FBM,,,,,NLA,,,,2025-10-14T23:59:59Z,2025-05-15T09:00:00Z,destination=FBM&origin=NLA&endRange=2025-10-14T23:59:59Z&startRange=2025-05-15T09:00:00Z,1.0,85.0,1.0,100.0,<Response [200]>
,,,,,,XIY,,,,,XNN,,,,2025-10-14T23:59:59Z,2025-05-15T09:00:00Z,destination=XIY&origin=XNN&endRange=2025-10-14T23:59:59Z&startRange=2025-05-15T09:00:00Z,1.0,85.0,1.0,100.0,<Response [200]>
,,,,,,FBM,,,,,NBO,,,,2025-10-14T23:59:59Z,2025-05-15T09:00:00Z,destination=FBM&origin=NBO&endRange=2025-10-14T23:59:59Z&startRange=2025-05-15T09:00:00Z,1.0,85.0,1.0,100.0,<Response [200]>
,,,,,,NBO,,,,,FBM,,,,2025-10-14T23:59:59Z,2025-05-15T09:00:00Z,destination=NBO&origin=FBM&endRange=2025-10-14T23:59:59Z&startRange=2025-05-15T09:00:00Z,1.0,85.0,1.0,100.0,<Response [200]>
,,,,,,NBO,,,,,NLA,,,,2025-10-14T23:59:59Z,2025-05-15T09:00:00Z,destination=NBO&origin=NLA&endRange=2025-10-14T23:59:59Z&startRange=2025-05-15T09:00:00Z,1.0,85.0,1.0,100.0,<Response [200]>
,,,,,,NLA,,,,,NBO,,,,2025-10-14T23:59:59Z,2025-05-15T09:00:00Z,destination=NLA&origin=NBO&endRange=2025-10-14T23:59:59Z&startRange=2025-05-15T09:00:00Z,1.0,85.0,1.0,100.0,<Response [200]>
,,,,,,NLA,,,,,FBM,,,,2025-10-14T23:59:59Z,2025-05-15T09:00:00Z,destination=NLA&origin=FBM&endRange=2025-10-14T23:59:59Z&startRange=2025-05-15T09:00:00Z,1.0,85.0,1.0,100.0,<Response [200]>
,,,,,,YYZ,,,,,LAS,,,,2025-10-14T23:59:59Z,2025-05-15T09:00:00Z,destination=YYZ&origin=LAS&endRange=2025-10-14T23:59:59Z&startRange=2025-05-15T09:00:00Z,1.0,85.0,1.0,100.0,<Response [200]>
,,,,,,CAN,,,,,HAK,,,,2025-10-14T23:59:59Z,2025-05-15T09:00:00Z,destination=CAN&origin=HAK&endRange=2025-10-14T23:59:59Z&startRange=2025-05-15T09:00:00Z,1.0,85.0,1.0,100.0,<Response [200]>
,,,,,,FOC,,,,,LHW,,,,2025-10-14T23:59:59Z,2025-05-15T09:00:00Z,destination=FOC&origin=LHW&endRange=2025-10-14T23:59:59Z&startRange=2025-05-15T09:00:00Z,1.0,86.0,1.0,100.0,<Response [200]>
,,,,,,KOW,,,,,PVG,,,,2025-10-14T23:59:59Z,2025-05-15T09:00:00Z,destination=KOW&origin=PVG&endRange=2025-10-14T23:59:59Z&startRange=2025-05-15T09:00:00Z,1.0,86.0,1.0,100.0,<Response [200]>
,,,,,,PKX,,,,,HFE,,,,2025-10-14T23:59:59Z,2025-05-15T09:00:00Z,destination=PKX&origin=HFE&endRange=2025-10-14T23:59:59Z&startRange=2025-05-15T09:00:00Z,1.0,86.0,1.0,100.0,<Response [200]>
,,,,,,SSA,,,,,REC,,,,2025-10-14T23:59:59Z,2025-05-15T09:00:00Z,destination=SSA&origin=REC&endRange=2025-10-14T23:59:59Z&startRange=2025-05-15T09:00:00Z,1.0,86.0,1.0,100.0,<Response [200]>
,,,,,,SSA,,,,,NAT,,,,2025-10-14T23:59:59Z,2025-05-15T09:00:00Z,destination=SSA&origin=NAT&endRange=2025-10-14T23:59:59Z&startRange=2025-05-15T09:00:00Z,1.0,86.0,1.0,100.0,<Response [200]>
,,,,,,NNG,,,,,FOC,,,,2025-10-14T23:59:59Z,2025-05-15T09:00:00Z,destination=NNG&origin=FOC&endRange=2025-10-14T23:59:59Z&startRange=2025-05-15T09:00:00Z,1.0,93.0,1.0,100.0,<Response [200]>
,,,,,,NKG,,,,,YCU,,,,2025-10-14T23:59:59Z,2025-05-15T09:00:00Z,destination=NKG&origin=YCU&endRange=2025-10-14T23:59:59Z&startRange=2025-05-15T09:00:00Z,1.0,47.0,1.0,100.0,<Response [200]>
,,,,,,NKG,,,,,WEH,,,,2025-10-14T23:59:59Z,2025-05-15T09:00:00Z,destination=NKG&origin=WEH&endRange=2025-10-14T23:59:59Z&startRange=2025-05-15T09:00:00Z,1.0,39.0,1.0,100.0,<Response [200]>
,,,,,,PTP,,,,,PUJ,,,,2025-10-14T23:59:59Z,2025-05-15T09:00:00Z,destination=PTP&origin=PUJ&endRange=2025-10-14T23:59:59Z&startRange=2025-05-15T09:00:00Z,1.0,14.0,1.0,100.0,<Response [200]>
,,,,,,NNG,,,,,NGB,,,,2025-10-14T23:59:59Z,2025-05-15T09:00:00Z,destination=NNG&origin=NGB&endRange=2025-10-14T23:59:59Z&startRange=2025-05-15T09:00:00Z,1.0,35.0,1.0,100.0,<Response [200]>
,,,,,,HET,,,,,YCU,,,,2025-10-14T23:59:59Z,2025-05-15T09:00:00Z,destination=HET&origin=YCU&endRange=2025-10-14T23:59:59Z&startRange=2025-05-15T09:00:00Z,1.0,71.0,1.0,100.0,<Response [200]>
,,,,,,TFU,,,,,HFE,,,,2025-10-14T23:59:59Z,2025-05-15T09:00:00Z,destination=TFU&origin=HFE&endRange=2025-10-14T23:59:59Z&startRange=2025-05-15T09:00:00Z,1.0,56.0,1.0,100.0,<Response [200]>
,,,,,,TAO,,,,,SHE,,,,2025-10-14T23:59:59Z,2025-05-15T09:00:00Z,destination=TAO&origin=SHE&endRange=2025-10-14T23:59:59Z&startRange=2025-05-15T09:00:00Z,1.0,71.0,1.0,100.0,<Response [200]>
,,,,,,NKG,,,,,CGQ,,,,2025-10-14T23:59:59Z,2025-05-15T09:00:00Z,destination=NKG&origin=CGQ&endRange=2025-10-14T23:59:59Z&startRange=2025-05-15T09:00:00Z,1.0,58.0,1.0,100.0,<Response [200]>
,,,,,,TAO,,,,,LJG,,,,2025-10-14T23:59:59Z,2025-05-15T09:00:00Z,destination=TAO&origin=LJG&endRange=2025-10-14T23:59:59Z&startRange=2025-05-15T09:00:00Z,1.0,16.0,1.0,100.0,<Response [200]>
,,,,,,TAO,,,,,KWE,,,,2025-10-14T23:59:59Z,2025-05-15T09:00:00Z,destination=TAO&origin=KWE&endRange=2025-10-14T23:59:59Z&startRange=2025-05-15T09:00:00Z,1.0,14.0,1.0,100.0,<Response [200]>
,,,,,,PTY,,,,,SNU,,,,2025-10-14T23:59:59Z,2025-05-15T09:00:00Z,destination=PTY&origin=SNU&endRange=2025-10-14T23:59:59Z&startRange=2025-05-15T09:00:00Z,1.0,44.0,1.0,100.0,<Response [200]>
,,,,,,FOR,,,,,CAY,,,,2025-10-14T23:59:59Z,2025-05-15T09:00:00Z,destination=FOR&origin=CAY&endRange=2025-10-14T23:59:59Z&startRange=2025-05-15T09:00:00Z,1.0,22.0,1.0,100.0,<Response [200]>
,,,,,,ZUH,,,,,XMN,,,,2025-10-14T23:59:59Z,2025-05-15T09:00:00Z,destination=ZUH&origin=XMN&endRange=2025-10-14T23:59:59Z&startRange=2025-05-15T09:00:00Z,1.0,68.0,1.0,100.0,<Response [200]>
,,,,,,FOC,,,,,TPE,,,,2025-10-14T23:59:59Z,2025-05-15T09:00:00Z,destination=FOC&origin=TPE&endRange=2025-10-14T23:59:59Z&startRange=2025-05-15T09:00:00Z,1.0,16.0,1.0,100.0,<Response [200]>
,,,,,,FOC,,,,,TNA,,,,2025-10-14T23:59:59Z,2025-05-15T09:00:00Z,destination=FOC&origin=TNA&endRange=2025-10-14T23:59:59Z&startRange=2025-05-15T09:00:00Z,1.0,88.0,1.0,100.0,<Response [200]>
,,,,,,NNG,,,,,KHN,,,,2025-10-14T23:59:59Z,2025-05-15T09:00:00Z,destination=NNG&origin=KHN&endRange=2025-10-14T23:59:59Z&startRange=2025-05-15T09:00:00Z,1.0,42.0,1.0,100.0,<Response [200]>
,,,,,,NGB,,,,,CSX,,,,2025-10-14T23:59:59Z,2025-05-15T09:00:00Z,destination=NGB&origin=CSX&endRange=2025-10-14T23:59:59Z&startRange=2025-05-15T09:00:00Z,1.0,32.0,1.0,100.0,<Response [200]>
,,,,,,TFU,,,,,TYN,,,,2025-10-14T23:59:59Z,2025-05-15T09:00:00Z,destination=TFU&origin=TYN&endRange=2025-10-14T23:59:59Z&startRange=2025-05-15T09:00:00Z,1.0,44.0,1.0,100.0,<Response [200]>
,,,,,,NDG,,,,,TAO,,,,2025-10-14T23:59:59Z,2025-05-15T09:00:00Z,destination=NDG&origin=TAO&endRange=2025-10-14T23:59:59Z&startRange=2025-05-15T09:00:00Z,1.0,91.0,1.0,100.0,<Response [200]>
,,,,,,TFU,,,,,JHG,,,,2025-10-14T23:59:59Z,2025-05-15T09:00:00Z,destination=TFU&origin=JHG&endRange=2025-10-14T23:59:59Z&startRange=2025-05-15T09:00:00Z,1.0,31.0,1.0,100.0,<Response [200]>
,,,,,,PVG,,,,,HAN,,,,2025-10-14T23:59:59Z,2025-05-15T09:00:00Z,destination=PVG&origin=HAN&endRange=2025-10-14T23:59:59Z&startRange=2025-05-15T09:00:00Z,1.0,67.0,1.0,100.0,<Response [200]>
,,,,,,PVG,,,,,DAT,,,,2025-10-14T23:59:59Z,2025-05-15T09:00:00Z,destination=PVG&origin=DAT&endRange=2025-10-14T23:59:59Z&startRange=2025-05-15T09:00:00Z,1.0,49.0,1.0,100.0,<Response [200]>
,,,,,,FOC,,,,,PNH,,,,2025-10-14T23:59:59Z,2025-05-15T09:00:00Z,destination=FOC&origin=PNH&endRange=2025-10-14T23:59:59Z&startRange=2025-05-15T09:00:00Z,1.0,23.0,1.0,100.0,<Response [200]>
,,,,,,PVG,,,,,CJU,,,,2025-10-14T23:59:59Z,2025-05-15T09:00:00Z,destination=PVG&origin=CJU&endRange=2025-10-14T23:59:59Z&startRange=2025-05-15T09:00:00Z,1.0,46.0,1.0,100.0,<Response [200]>
,,,,,,PUS,,,,,PVG,,,,2025-10-14T23:59:59Z,2025-05-15T09:00:00Z,destination=PUS&origin=PVG&endRange=2025-10-14T23:59:59Z&startRange=2025-05-15T09:00:00Z,1.0,40.0,1.0,100.0,<Response [200]>
,,,,,,PUS,,,,,HAN,,,,2025-10-14T23:59:59Z,2025-05-15T09:00:00Z,destination=PUS&origin=HAN&endRange=2025-10-14T23:59:59Z&startRange=2025-05-15T09:00:00Z,1.0,6.0,1.0,100.0,<Response [200]>
,,,,,,LAS,,,,,ICN,,,,2025-10-14T23:59:59Z,2025-05-15T09:00:00Z,destination=LAS&origin=ICN&endRange=2025-10-14T23:59:59Z&startRange=2025-05-15T09:00:00Z,1.0,4.0,1.0,100.0,<Response [200]>
,,,,,,NKG,,,,,HRB,,,,2025-10-14T23:59:59Z,2025-05-15T09:00:00Z,destination=NKG&origin=HRB&endRange=2025-10-14T23:59:59Z&startRange=2025-05-15T09:00:00Z,1.0,80.0,1.0,100.0,<Response [200]>
,,,,,,NKG,,,,,HET,,,,2025-10-14T23:59:59Z,2025-05-15T09:00:00Z,destination=NKG&origin=HET&endRange=2025-10-14T23:59:59Z&startRange=2025-05-15T09:00:00Z,1.0,68.0,1.0,100.0,<Response [200]>
,,,,,,NBO,,,,,JNB,,,,2025-10-14T23:59:59Z,2025-05-15T09:00:00Z,destination=NBO&origin=JNB&endRange=2025-10-14T23:59:59Z&startRange=2025-05-15T09:00:00Z,1.0,57.0,1.0,100.0,<Response [200]>
,,,,,,NBO,,,,,CAI,,,,2025-10-14T23:59:59Z,2025-05-15T09:00:00Z,destination=NBO&origin=CAI&endRange=2025-10-14T23:59:59Z&startRange=2025-05-15T09:00:00Z,1.0,1.0,1.0,100.0,<Response [200]>
,,,,,,KWE,,,,,TAO,,,,2025-10-14T23:59:59Z,2025-05-15T09:00:00Z,destination=KWE&origin=TAO&endRange=2025-10-14T23:59:59Z&startRange=2025-05-15T09:00:00Z,1.0,14.0,1.0,100.0,<Response [200]>
,,,,,,KWE,,,,,SHA,,,,2025-10-14T23:59:59Z,2025-05-15T09:00:00Z,destination=KWE&origin=SHA&endRange=2025-10-14T23:59:59Z&startRange=2025-05-15T09:00:00Z,1.0,78.0,1.0,100.0,<Response [200]>
,,,,,,KUL,,,,,TPE,,,,2025-10-14T23:59:59Z,2025-05-15T09:00:00Z,destination=KUL&origin=TPE&endRange=2025-10-14T23:59:59Z&startRange=2025-05-15T09:00:00Z,1.0,3.0,1.0,100.0,<Response [200]>
,,,,,,KUL,,,,,RUH,,,,2025-10-14T23:59:59Z,2025-05-15T09:00:00Z,destination=KUL&origin=RUH&endRange=2025-10-14T23:59:59Z&startRange=2025-05-15T09:00:00Z,1.0,2.0,1.0,100.0,<Response [200]>
,,,,,,NBO,,,,,BGF,,,,2025-10-14T23:59:59Z,2025-05-15T09:00:00Z,destination=NBO&origin=BGF&endRange=2025-10-14T23:59:59Z&startRange=2025-05-15T09:00:00Z,1.0,84.0,1.0,100.0,<Response [200]>
,,,,,,PVG,,,,,SGN,,,,2025-10-14T23:59:59Z,2025-05-15T09:00:00Z,destination=PVG&origin=SGN&endRange=2025-10-14T23:59:59Z&startRange=2025-05-15T09:00:00Z,1.0,41.0,1.0,100.0,<Response [200]>
,,,,,,PVG,,,,,PQC,,,,2025-10-14T23:59:59Z,2025-05-15T09:00:00Z,destination=PVG&origin=PQC&endRange=2025-10-14T23:59:59Z&startRange=2025-05-15T09:00:00Z,1.0,7.0,1.0,100.0,<Response [200]>
,,,,,,NBO,,,,,MRU,,,,2025-10-14T23:59:59Z,2025-05-15T09:00:00Z,destination=NBO&origin=MRU&endRange=2025-10-14T23:59:59Z&startRange=2025-05-15T09:00:00Z,1.0,16.0,1.0,100.0,<Response [200]>
,,,,,,NGB,,,,,XIY,,,,2025-10-14T23:59:59Z,2025-05-15T09:00:00Z,destination=NGB&origin=XIY&endRange=2025-10-14T23:59:59Z&startRange=2025-05-15T09:00:00Z,1.0,63.0,1.0,100.0,<Response [200]>
,,,,,,NGB,,,,,SGN,,,,2025-10-14T23:59:59Z,2025-05-15T09:00:00Z,destination=NGB&origin=SGN&endRange=2025-10-14T23:59:59Z&startRange=2025-05-15T09:00:00Z,1.0,16.0,1.0,100.0,<Response [200]>
,,,,,,NGB,,,,,NNG,,,,2025-10-14T23:59:59Z,2025-05-15T09:00:00Z,destination=NGB&origin=NNG&endRange=2025-10-14T23:59:59Z&startRange=2025-05-15T09:00:00Z,1.0,35.0,1.0,100.0,<Response [200]>
,,,,,,KWL,,,,,LJG,,,,2025-10-14T23:59:59Z,2025-05-15T09:00:00Z,destination=KWL&origin=LJG&endRange=2025-10-14T23:59:59Z&startRange=2025-05-15T09:00:00Z,1.0,22.0,1.0,100.0,<Response [200]>
,,,,,,NGB,,,,,KHN,,,,2025-10-14T23:59:59Z,2025-05-15T09:00:00Z,destination=NGB&origin=KHN&endRange=2025-10-14T23:59:59Z&startRange=2025-05-15T09:00:00Z,1.0,15.0,1.0,100.0,<Response [200]>
,,,,,,SSA,,,,,GYN,,,,2025-10-14T23:59:59Z,2025-05-15T09:00:00Z,destination=SSA&origin=GYN&endRange=2025-10-14T23:59:59Z&startRange=2025-05-15T09:00:00Z,1.0,86.0,1.0,100.0,<Response [200]>
,,,,,,DZA,,,,,NBO,,,,2025-10-14T23:59:59Z,2025-05-15T09:00:00Z,destination=DZA&origin=NBO&endRange=2025-10-14T23:59:59Z&startRange=2025-05-15T09:00:00Z,1.0,86.0,1.0,100.0,<Response [200]>
,,,,,,CKY,,,,,NKC,,,,2025-10-14T23:59:59Z,2025-05-15T09:00:00Z,destination=CKY&origin=NKC&endRange=2025-10-14T23:59:59Z&startRange=2025-05-15T09:00:00Z,1.0,86.0,1.0,100.0,<Response [200]>
,,,,,,ICN,,,,,BNE,,,,2025-10-14T23:59:59Z,2025-05-15T09:00:00Z,destination=ICN&origin=BNE&endRange=2025-10-14T23:59:59Z&startRange=2025-05-15T09:00:00Z,1.0,87.0,1.0,100.0,<Response [200]>
,,,,,,BNE,,,,,ICN,,,,2025-10-14T23:59:59Z,2025-05-15T09:00:00Z,destination=BNE&origin=ICN&endRange=2025-10-14T23:59:59Z&startRange=2025-05-15T09:00:00Z,1.0,87.0,1.0,100.0,<Response [200]>
,,,,,,ATL,,,,,BDA,,,,2025-10-14T23:59:59Z,2025-05-15T09:00:00Z,destination=ATL&origin=BDA&endRange=2025-10-14T23:59:59Z&startRange=2025-05-15T09:00:00Z,1.0,87.0,1.0,100.0,<Response [200]>
,,,,,,GEO,,,,,PTY,,,,2025-10-14T23:59:59Z,2025-05-15T09:00:00Z,destination=GEO&origin=PTY&endRange=2025-10-14T23:59:59Z&startRange=2025-05-15T09:00:00Z,1.0,88.0,1.0,100.0,<Response [200]>
,,,,,,BOS,,,,,CUN,,,,2025-10-14T23:59:59Z,2025-05-15T09:00:00Z,destination=BOS&origin=CUN&endRange=2025-10-14T23:59:59Z&startRange=2025-05-15T09:00:00Z,1.0,88.0,1.0,100.0,<Response [200]>
,,,,,,CGK,,,,,SYD,,,,2025-10-14T23:59:59Z,2025-05-15T09:00:00Z,destination=CGK&origin=SYD&endRange=2025-10-14T23:59:59Z&startRange=2025-05-15T09:00:00Z,1.0,88.0,1.0,100.0,<Response [200]>
,,,,,,CGK,,,,,MEL,,,,2025-10-14T23:59:59Z,2025-05-15T09:00:00Z,destination=CGK&origin=MEL&endRange=2025-10-14T23:59:59Z&startRange=2025-05-15T09:00:00Z,1.0,88.0,1.0,100.0,<Response [200]>
,,,,,,SGN,,,,,MNL,,,,2025-10-14T23:59:59Z,2025-05-15T09:00:00Z,destination=SGN&origin=MNL&endRange=2025-10-14T23:59:59Z&startRange=2025-05-15T09:00:00Z,1.0,88.0,1.0,100.0,<Response [200]>
,,,,,,BDA,,,,,JFK,,,,2025-10-14T23:59:59Z,2025-05-15T09:00:00Z,destination=BDA&origin=JFK&endRange=2025-10-14T23:59:59Z&startRange=2025-05-15T09:00:00Z,1.0,88.0,1.0,100.0,<Response [200]>
,,,,,,PVG,,,,,FUK,,,,2025-10-14T23:59:59Z,2025-05-15T09:00:00Z,destination=PVG&origin=FUK&endRange=2025-10-14T23:59:59Z&startRange=2025-05-15T09:00:00Z,1.0,88.0,1.0,100.0,<Response [200]>
,,,,,,TOS,,,,,BOO,,,,2025-10-14T23:59:59Z,2025-05-15T09:00:00Z,destination=TOS&origin=BOO&endRange=2025-10-14T23:59:59Z&startRange=2025-05-15T09:00:00Z,1.0,88.0,1.0,100.0,<Response [200]>
,,,,,,FOR,,,,,BSB,,,,2025-10-14T23:59:59Z,2025-05-15T09:00:00Z,destination=FOR&origin=BSB&endRange=2025-10-14T23:59:59Z&startRange=2025-05-15T09:00:00Z,1.0,89.0,1.0,100.0,<Response [200]>
,,,,,,SSA,,,,,MCZ,,,,2025-10-14T23:59:59Z,2025-05-15T09:00:00Z,destination=SSA&origin=MCZ&endRange=2025-10-14T23:59:59Z&startRange=2025-05-15T09:00:00Z,1.0,89.0,1.0,100.0,<Response [200]>
,,,,,,TPE,,,,,BKK,,,,2025-10-14T23:59:59Z,2025-05-15T09:00:00Z,destination=TPE&origin=BKK&endRange=2025-10-14T23:59:59Z&startRange=2025-05-15T09:00:00Z,1.0,93.0,1.0,100.0,<Response [200]>
,,,,,,MYR,,,,,BOS,,,,2025-10-14T23:59:59Z,2025-05-15T09:00:00Z,destination=MYR&origin=BOS&endRange=2025-10-14T23:59:59Z&startRange=2025-05-15T09:00:00Z,1.0,55.0,1.0,100.0,<Response [200]>
,,,,,,KOW,,,,,HFE,,,,2025-10-14T23:59:59Z,2025-05-15T09:00:00Z,destination=KOW&origin=HFE&endRange=2025-10-14T23:59:59Z&startRange=2025-05-15T09:00:00Z,1.0,42.0,1.0,100.0,<Response [200]>
,,,,,,KOW,,,,,BHY,,,,2025-10-14T23:59:59Z,2025-05-15T09:00:00Z,destination=KOW&origin=BHY&endRange=2025-10-14T23:59:59Z&startRange=2025-05-15T09:00:00Z,1.0,24.0,1.0,100.0,<Response [200]>
,,,,,,CPT,,,,,VFA,,,,2025-10-14T23:59:59Z,2025-05-15T09:00:00Z,destination=CPT&origin=VFA&endRange=2025-10-14T23:59:59Z&startRange=2025-05-15T09:00:00Z,1.0,65.0,1.0,100.0,<Response [200]>
,,,,,,CPT,,,,,MRU,,,,2025-10-14T23:59:59Z,2025-05-15T09:00:00Z,destination=CPT&origin=MRU&endRange=2025-10-14T23:59:59Z&startRange=2025-05-15T09:00:00Z,1.0,50.0,1.0,100.0,<Response [200]>
,,,,,,KUL,,,,,ICN,,,,2025-10-14T23:59:59Z,2025-05-15T09:00:00Z,destination=KUL&origin=ICN&endRange=2025-10-14T23:59:59Z&startRange=2025-05-15T09:00:00Z,1.0,5.0,1.0,100.0,<Response [200]>
,,,,,,PXO,,,,,FNC,,,,2025-10-14T23:59:59Z,2025-05-15T09:00:00Z,destination=PXO&origin=FNC&endRange=2025-10-14T23:59:59Z&startRange=2025-05-15T09:00:00Z,1.0,1.0,1.0,100.0,<Response [200]>
,,,,,,TNA,,,,,XIY,,,,2025-10-14T23:59:59Z,2025-05-15T09:00:00Z,destination=TNA&origin=XIY&endRange=2025-10-14T23:59:59Z&startRange=2025-05-15T09:00:00Z,1.0,90.0,1.0,100.0,<Response [200]>
,,,,,,TNA,,,,,SHA,,,,2025-10-14T23:59:59Z,2025-05-15T09:00:00Z,destination=TNA&origin=SHA&endRange=2025-10-14T23:59:59Z&startRange=2025-05-15T09:00:00Z,1.0,86.0,1.0,100.0,<Response [200]>
,,,,,,TNA,,,,,FOC,,,,2025-10-14T23:59:59Z,2025-05-15T09:00:00Z,destination=TNA&origin=FOC&endRange=2025-10-14T23:59:59Z&startRange=2025-05-15T09:00:00Z,1.0,87.0,1.0,100.0,<Response [200]>
,,,,,,TNA,,,,,DLC,,,,2025-10-14T23:59:59Z,2025-05-15T09:00:00Z,destination=TNA&origin=DLC&endRange=2025-10-14T23:59:59Z&startRange=2025-05-15T09:00:00Z,1.0,83.0,1.0,100.0,<Response [200]>
,,,,,,PVG,,,,,ZYI,,,,2025-10-14T23:59:59Z,2025-05-15T09:00:00Z,destination=PVG&origin=ZYI&endRange=2025-10-14T23:59:59Z&startRange=2025-05-15T09:00:00Z,1.0,37.0,1.0,100.0,<Response [200]>
,,,,,,CSX,,,,,TFU,,,,2025-10-14T23:59:59Z,2025-05-15T09:00:00Z,destination=CSX&origin=TFU&endRange=2025-10-14T23:59:59Z&startRange=2025-05-15T09:00:00Z,1.0,86.0,1.0,100.0,<Response [200]>
,,,,,,TPE,,,,,XMN,,,,2025-10-14T23:59:59Z,2025-05-15T09:00:00Z,destination=TPE&origin=XMN&endRange=2025-10-14T23:59:59Z&startRange=2025-05-15T09:00:00Z,1.0,25.0,1.0,100.0,<Response [200]>
,,,,,,CSX,,,,,NGB,,,,2025-10-14T23:59:59Z,2025-05-15T09:00:00Z,destination=CSX&origin=NGB&endRange=2025-10-14T23:59:59Z&startRange=2025-05-15T09:00:00Z,1.0,32.0,1.0,100.0,<Response [200]>
,,,,,,MVD,,,,,GIG,,,,2025-10-14T23:59:59Z,2025-05-15T09:00:00Z,destination=MVD&origin=GIG&endRange=2025-10-14T23:59:59Z&startRange=2025-05-15T09:00:00Z,1.0,65.0,1.0,100.0,<Response [200]>
,,,,,,TPE,,,,,PNH,,,,2025-10-14T23:59:59Z,2025-05-15T09:00:00Z,destination=TPE&origin=PNH&endRange=2025-10-14T23:59:59Z&startRange=2025-05-15T09:00:00Z,1.0,9.0,1.0,100.0,<Response [200]>
,,,,,,MUX,,,,,JED,,,,2025-10-14T23:59:59Z,2025-05-15T09:00:00Z,destination=MUX&origin=JED&endRange=2025-10-14T23:59:59Z&startRange=2025-05-15T09:00:00Z,1.0,6.0,1.0,100.0,<Response [200]>
,,,,,,TPE,,,,,MEL,,,,2025-10-14T23:59:59Z,2025-05-15T09:00:00Z,destination=TPE&origin=MEL&endRange=2025-10-14T23:59:59Z&startRange=2025-05-15T09:00:00Z,1.0,37.0,1.0,100.0,<Response [200]>
,,,,,,TPE,,,,,KUL,,,,2025-10-14T23:59:59Z,2025-05-15T09:00:00Z,destination=TPE&origin=KUL&endRange=2025-10-14T23:59:59Z&startRange=2025-05-15T09:00:00Z,1.0,3.0,1.0,100.0,<Response [200]>
,,,,,,CAY,,,,,BEL,,,,2025-10-14T23:59:59Z,2025-05-15T09:00:00Z,destination=CAY&origin=BEL&endRange=2025-10-14T23:59:59Z&startRange=2025-05-15T09:00:00Z,1.0,22.0,1.0,100.0,<Response [200]>
,,,,,,TPE,,,,,HKG,,,,2025-10-14T23:59:59Z,2025-05-15T09:00:00Z,destination=TPE&origin=HKG&endRange=2025-10-14T23:59:59Z&startRange=2025-05-15T09:00:00Z,1.0,96.0,1.0,100.0,<Response [200]>
,,,,,,CAN,,,,,WUH,,,,2025-10-14T23:59:59Z,2025-05-15T09:00:00Z,destination=CAN&origin=WUH&endRange=2025-10-14T23:59:59Z&startRange=2025-05-15T09:00:00Z,1.0,69.0,1.0,100.0,<Response [200]>
,,,,,,TPE,,,,,FOC,,,,2025-10-14T23:59:59Z,2025-05-15T09:00:00Z,destination=TPE&origin=FOC&endRange=2025-10-14T23:59:59Z&startRange=2025-05-15T09:00:00Z,1.0,15.0,1.0,100.0,<Response [200]>
,,,,,,CAN,,,,,CTU,,,,2025-10-14T23:59:59Z,2025-05-15T09:00:00Z,destination=CAN&origin=CTU&endRange=2025-10-14T23:59:59Z&startRange=2025-05-15T09:00:00Z,1.0,19.0,1.0,100.0,<Response [200]>
,,,,,,CSX,,,,,INC,,,,2025-10-14T23:59:59Z,2025-05-15T09:00:00Z,destination=CSX&origin=INC&endRange=2025-10-14T23:59:59Z&startRange=2025-05-15T09:00:00Z,1.0,30.0,1.0,100.0,<Response [200]>
,,,,,,TYN,,,,,CAN,,,,2025-10-14T23:59:59Z,2025-05-15T09:00:00Z,destination=TYN&origin=CAN&endRange=2025-10-14T23:59:59Z&startRange=2025-05-15T09:00:00Z,1.0,50.0,1.0,100.0,<Response [200]>
,,,,,,TUU,,,,,JED,,,,2025-10-14T23:59:59Z,2025-05-15T09:00:00Z,destination=TUU&origin=JED&endRange=2025-10-14T23:59:59Z&startRange=2025-05-15T09:00:00Z,1.0,37.0,1.0,100.0,<Response [200]>
,,,,,,CSX,,,,,HLD,,,,2025-10-14T23:59:59Z,2025-05-15T09:00:00Z,destination=CSX&origin=HLD&endRange=2025-10-14T23:59:59Z&startRange=2025-05-15T09:00:00Z,1.0,10.0,1.0,100.0,<Response [200]>
,,,,,,ATL,,,,,ANU,,,,2025-10-14T23:59:59Z,2025-05-15T09:00:00Z,destination=ATL&origin=ANU&endRange=2025-10-14T23:59:59Z&startRange=2025-05-15T09:00:00Z,1.0,16.0,1.0,100.0,<Response [200]>
,,,,,,MSP,,,,,SYR,,,,2025-10-14T23:59:59Z,2025-05-15T09:00:00Z,destination=MSP&origin=SYR&endRange=2025-10-14T23:59:59Z&startRange=2025-05-15T09:00:00Z,1.0,74.0,1.0,100.0,<Response [200]>
,,,,,,MSP,,,,,SJU,,,,2025-10-14T23:59:59Z,2025-05-15T09:00:00Z,destination=MSP&origin=SJU&endRange=2025-10-14T23:59:59Z&startRange=2025-05-15T09:00:00Z,1.0,22.0,1.0,100.0,<Response [200]>
,,,,,,CAN,,,,,CKG,,,,2025-10-14T23:59:59Z,2025-05-15T09:00:00Z,destination=CAN&origin=CKG&endRange=2025-10-14T23:59:59Z&startRange=2025-05-15T09:00:00Z,1.0,24.0,1.0,100.0,<Response [200]>
,,,,,,RIC,,,,,LGA,,,,2025-10-14T23:59:59Z,2025-05-15T09:00:00Z,destination=RIC&origin=LGA&endRange=2025-10-14T23:59:59Z&startRange=2025-05-15T09:00:00Z,1.0,17.0,1.0,100.0,<Response [200]>
,,,,,,TSA,,,,,XMN,,,,2025-10-14T23:59:59Z,2025-05-15T09:00:00Z,destination=TSA&origin=XMN&endRange=2025-10-14T23:59:59Z&startRange=2025-05-15T09:00:00Z,1.0,63.0,1.0,100.0,<Response [200]>
,,,,,,CTA,,,,,PMO,,,,2025-10-14T23:59:59Z,2025-05-15T09:00:00Z,destination=CTA&origin=PMO&endRange=2025-10-14T23:59:59Z&startRange=2025-05-15T09:00:00Z,1.0,1.0,1.0,100.0,<Response [200]>
,,,,,,DAD,,,,,BKK,,,,2025-10-14T23:59:59Z,2025-05-15T09:00:00Z,destination=DAD&origin=BKK&endRange=2025-10-14T23:59:59Z&startRange=2025-05-15T09:00:00Z,1.0,2.0,1.0,100.0,<Response [200]>
,,,,,,CZL,,,,,MED,,,,2025-10-14T23:59:59Z,2025-05-15T09:00:00Z,destination=CZL&origin=MED&endRange=2025-10-14T23:59:59Z&startRange=2025-05-15T09:00:00Z,1.0,1.0,1.0,100.0,<Response [200]>
,,,,,,CZL,,,,,JED,,,,2025-10-14T23:59:59Z,2025-05-15T09:00:00Z,destination=CZL&origin=JED&endRange=2025-10-14T23:59:59Z&startRange=2025-05-15T09:00:00Z,1.0,6.0,1.0,100.0,<Response [200]>
,,,,,,CXR,,,,,DAD,,,,2025-10-14T23:59:59Z,2025-05-15T09:00:00Z,destination=CXR&origin=DAD&endRange=2025-10-14T23:59:59Z&startRange=2025-05-15T09:00:00Z,1.0,12.0,1.0,100.0,<Response [200]>
,,,,,,KMG,,,,,JHG,,,,2025-10-14T23:59:59Z,2025-05-15T09:00:00Z,destination=KMG&origin=JHG&endRange=2025-10-14T23:59:59Z&startRange=2025-05-15T09:00:00Z,1.0,43.0,1.0,100.0,<Response [200]>
,,,,,,KMG,,,,,HKT,,,,2025-10-14T23:59:59Z,2025-05-15T09:00:00Z,destination=KMG&origin=HKT&endRange=2025-10-14T23:59:59Z&startRange=2025-05-15T09:00:00Z,1.0,35.0,1.0,100.0,<Response [200]>
,,,,,,ROS,,,,,GIG,,,,2025-10-14T23:59:59Z,2025-05-15T09:00:00Z,destination=ROS&origin=GIG&endRange=2025-10-14T23:59:59Z&startRange=2025-05-15T09:00:00Z,1.0,55.0,1.0,100.0,<Response [200]>
,,,,,,CAI,,,,,SIN,,,,2025-10-14T23:59:59Z,2025-05-15T09:00:00Z,destination=CAI&origin=SIN&endRange=2025-10-14T23:59:59Z&startRange=2025-05-15T09:00:00Z,1.0,1.0,1.0,100.0,<Response [200]>
,,,,,,KMG,,,,,DAT,,,,2025-10-14T23:59:59Z,2025-05-15T09:00:00Z,destination=KMG&origin=DAT&endRange=2025-10-14T23:59:59Z&startRange=2025-05-15T09:00:00Z,1.0,24.0,1.0,100.0,<Response [200]>
,,,,,,CAI,,,,,DXB,,,,2025-10-14T23:59:59Z,2025-05-15T09:00:00Z,destination=CAI&origin=DXB&endRange=2025-10-14T23:59:59Z&startRange=2025-05-15T09:00:00Z,1.0,1.0,1.0,100.0,<Response [200]>
,,,,,,CAN,,,,,INC,,,,2025-10-14T23:59:59Z,2025-05-15T09:00:00Z,destination=CAN&origin=INC&endRange=2025-10-14T23:59:59Z&startRange=2025-05-15T09:00:00Z,1.0,40.0,1.0,100.0,<Response [200]>
,,,,,,TYN,,,,,KWE,,,,2025-10-14T23:59:59Z,2025-05-15T09:00:00Z,destination=TYN&origin=KWE&endRange=2025-10-14T23:59:59Z&startRange=2025-05-15T09:00:00Z,1.0,13.0,1.0,100.0,<Response [200]>
,,,,,,TYN,,,,,KMG,,,,2025-10-14T23:59:59Z,2025-05-15T09:00:00Z,destination=TYN&origin=KMG&endRange=2025-10-14T23:59:59Z&startRange=2025-05-15T09:00:00Z,1.0,95.0,1.0,100.0,<Response [200]>
,,,,,,TYN,,,,,KHN,,,,2025-10-14T23:59:59Z,2025-05-15T09:00:00Z,destination=TYN&origin=KHN&endRange=2025-10-14T23:59:59Z&startRange=2025-05-15T09:00:00Z,1.0,51.0,1.0,100.0,<Response [200]>
,,,,,,TYN,,,,,HFE,,,,2025-10-14T23:59:59Z,2025-05-15T09:00:00Z,destination=TYN&origin=HFE&endRange=2025-10-14T23:59:59Z&startRange=2025-05-15T09:00:00Z,1.0,62.0,1.0,100.0,<Response [200]>
,,,,,,RSW,,,,,YYZ,,,,2025-10-14T23:59:59Z,2025-05-15T09:00:00Z,destination=RSW&origin=YYZ&endRange=2025-10-14T23:59:59Z&startRange=2025-05-15T09:00:00Z,1.0,30.0,1.0,100.0,<Response [200]>
,,,,,,URC,,,,,XMN,,,,2025-10-14T23:59:59Z,2025-05-15T09:00:00Z,destination=URC&origin=XMN&endRange=2025-10-14T23:59:59Z&startRange=2025-05-15T09:00:00Z,1.0,54.0,1.0,100.0,<Response [200]>
,,,,,,DBV,,,,,TIA,,,,2025-10-14T23:59:59Z,2025-05-15T09:00:00Z,destination=DBV&origin=TIA&endRange=2025-10-14T23:59:59Z&startRange=2025-05-15T09:00:00Z,1.0,1.0,1.0,100.0,<Response [200]>
,,,,,,DAT,,,,,NKG,,,,2025-10-14T23:59:59Z,2025-05-15T09:00:00Z,destination=DAT&origin=NKG&endRange=2025-10-14T23:59:59Z&startRange=2025-05-15T09:00:00Z,1.0,37.0,1.0,100.0,<Response [200]>
,,,,,,DAD,,,,,VCA,,,,2025-10-14T23:59:59Z,2025-05-15T09:00:00Z,destination=DAD&origin=VCA&endRange=2025-10-14T23:59:59Z&startRange=2025-05-15T09:00:00Z,1.0,2.0,1.0,100.0,<Response [200]>
,,,,,,DAD,,,,,HPH,,,,2025-10-14T23:59:59Z,2025-05-15T09:00:00Z,destination=DAD&origin=HPH&endRange=2025-10-14T23:59:59Z&startRange=2025-05-15T09:00:00Z,1.0,3.0,1.0,100.0,<Response [200]>
,,,,,,TYN,,,,,TFU,,,,2025-10-14T23:59:59Z,2025-05-15T09:00:00Z,destination=TYN&origin=TFU&endRange=2025-10-14T23:59:59Z&startRange=2025-05-15T09:00:00Z,1.0,61.0,1.0,100.0,<Response [200]>
,,,,,,KIX,,,,,XMN,,,,2025-10-14T23:59:59Z,2025-05-15T09:00:00Z,destination=KIX&origin=XMN&endRange=2025-10-14T23:59:59Z&startRange=2025-05-15T09:00:00Z,1.0,14.0,1.0,100.0,<Response [200]>
,,,,,,KIX,,,,,TPE,,,,2025-10-14T23:59:59Z,2025-05-15T09:00:00Z,destination=KIX&origin=TPE&endRange=2025-10-14T23:59:59Z&startRange=2025-05-15T09:00:00Z,1.0,49.0,1.0,100.0,<Response [200]>
,,,,,,KIX,,,,,KHH,,,,2025-10-14T23:59:59Z,2025-05-15T09:00:00Z,destination=KIX&origin=KHH&endRange=2025-10-14T23:59:59Z&startRange=2025-05-15T09:00:00Z,1.0,11.0,1.0,100.0,<Response [200]>
,,,,,,KIX,,,,,FOC,,,,2025-10-14T23:59:59Z,2025-05-15T09:00:00Z,destination=KIX&origin=FOC&endRange=2025-10-14T23:59:59Z&startRange=2025-05-15T09:00:00Z,1.0,25.0,1.0,100.0,<Response [200]>
,,,,,,DAD,,,,,CXR,,,,2025-10-14T23:59:59Z,2025-05-15T09:00:00Z,destination=DAD&origin=CXR&endRange=2025-10-14T23:59:59Z&startRange=2025-05-15T09:00:00Z,1.0,8.0,1.0,100.0,<Response [200]>
,,,,,,KHN,,,,,TYN,,,,2025-10-14T23:59:59Z,2025-05-15T09:00:00Z,destination=KHN&origin=TYN&endRange=2025-10-14T23:59:59Z&startRange=2025-05-15T09:00:00Z,1.0,55.0,1.0,100.0,<Response [200]>
,,,,,,KMG,,,,,PNH,,,,2025-10-14T23:59:59Z,2025-05-15T09:00:00Z,destination=KMG&origin=PNH&endRange=2025-10-14T23:59:59Z&startRange=2025-05-15T09:00:00Z,1.0,33.0,1.0,100.0,<Response [200]>
,,,,,,DLC,,,,,HIA,,,,2025-10-14T23:59:59Z,2025-05-15T09:00:00Z,destination=DLC&origin=HIA&endRange=2025-10-14T23:59:59Z&startRange=2025-05-15T09:00:00Z,1.0,53.0,1.0,100.0,<Response [200]>
,,,,,,RUH,,,,,LHE,,,,2025-10-14T23:59:59Z,2025-05-15T09:00:00Z,destination=RUH&origin=LHE&endRange=2025-10-14T23:59:59Z&startRange=2025-05-15T09:00:00Z,1.0,6.0,1.0,100.0,<Response [200]>
,,,,,,RUH,,,,,KHI,,,,2025-10-14T23:59:59Z,2025-05-15T09:00:00Z,destination=RUH&origin=KHI&endRange=2025-10-14T23:59:59Z&startRange=2025-05-15T09:00:00Z,1.0,10.0,1.0,100.0,<Response [200]>
,,,,,,RUH,,,,,ISB,,,,2025-10-14T23:59:59Z,2025-05-15T09:00:00Z,destination=RUH&origin=ISB&endRange=2025-10-14T23:59:59Z&startRange=2025-05-15T09:00:00Z,1.0,11.0,1.0,100.0,<Response [200]>
,,,,,,KHN,,,,,NNG,,,,2025-10-14T23:59:59Z,2025-05-15T09:00:00Z,destination=KHN&origin=NNG&endRange=2025-10-14T23:59:59Z&startRange=2025-05-15T09:00:00Z,1.0,34.0,1.0,100.0,<Response [200]>
,,,,,,KHN,,,,,NGB,,,,2025-10-14T23:59:59Z,2025-05-15T09:00:00Z,destination=KHN&origin=NGB&endRange=2025-10-14T23:59:59Z&startRange=2025-05-15T09:00:00Z,1.0,15.0,1.0,100.0,<Response [200]>
,,,,,,KHN,,,,,HAK,,,,2025-10-14T23:59:59Z,2025-05-15T09:00:00Z,destination=KHN&origin=HAK&endRange=2025-10-14T23:59:59Z&startRange=2025-05-15T09:00:00Z,1.0,38.0,1.0,100.0,<Response [200]>
,,,,,,KHI,,,,,RUH,,,,2025-10-14T23:59:59Z,2025-05-15T09:00:00Z,destination=KHI&origin=RUH&endRange=2025-10-14T23:59:59Z&startRange=2025-05-15T09:00:00Z,1.0,10.0,1.0,100.0,<Response [200]>
,,,,,,KHI,,,,,JED,,,,2025-10-14T23:59:59Z,2025-05-15T09:00:00Z,destination=KHI&origin=JED&endRange=2025-10-14T23:59:59Z&startRange=2025-05-15T09:00:00Z,1.0,18.0,1.0,100.0,<Response [200]>
,,,,,,KHH,,,,,PVG,,,,2025-10-14T23:59:59Z,2025-05-15T09:00:00Z,destination=KHH&origin=PVG&endRange=2025-10-14T23:59:59Z&startRange=2025-05-15T09:00:00Z,1.0,14.0,1.0,100.0,<Response [200]>
,,,,,,KHH,,,,,BKK,,,,2025-10-14T23:59:59Z,2025-05-15T09:00:00Z,destination=KHH&origin=BKK&endRange=2025-10-14T23:59:59Z&startRange=2025-05-15T09:00:00Z,1.0,11.0,1.0,100.0,<Response [200]>
,,,,,,KGL,,,,,DLA,,,,2025-10-14T23:59:59Z,2025-05-15T09:00:00Z,destination=KGL&origin=DLA&endRange=2025-10-14T23:59:59Z&startRange=2025-05-15T09:00:00Z,1.0,52.0,1.0,100.0,<Response [200]>
,,,,,,KGL,,,,,BRU,,,,2025-10-14T23:59:59Z,2025-05-15T09:00:00Z,destination=KGL&origin=BRU&endRange=2025-10-14T23:59:59Z&startRange=2025-05-15T09:00:00Z,1.0,67.0,1.0,100.0,<Response [200]>
,,,,,,DEL,,,,,JED,,,,2025-10-14T23:59:59Z,2025-05-15T09:00:00Z,destination=DEL&origin=JED&endRange=2025-10-14T23:59:59Z&startRange=2025-05-15T09:00:00Z,1.0,14.0,1.0,100.0,<Response [200]>
,,,,,,VCA,,,,,DAD,,,,2025-10-14T23:59:59Z,2025-05-15T09:00:00Z,destination=VCA&origin=DAD&endRange=2025-10-14T23:59:59Z&startRange=2025-05-15T09:00:00Z,1.0,3.0,1.0,100.0,<Response [200]>
,,,,,,RTB,,,,,ATL,,,,2025-10-14T23:59:59Z,2025-05-15T09:00:00Z,destination=RTB&origin=ATL&endRange=2025-10-14T23:59:59Z&startRange=2025-05-15T09:00:00Z,1.0,23.0,1.0,100.0,<Response [200]>
,,,,,,WUH,,,,,DSN,,,,2025-10-14T23:59:59Z,2025-05-15T09:00:00Z,destination=WUH&origin=DSN&endRange=2025-10-14T23:59:59Z&startRange=2025-05-15T09:00:00Z,1.0,60.0,1.0,100.0,<Response [200]>
,,,,,,WUH,,,,,CAN,,,,2025-10-14T23:59:59Z,2025-05-15T09:00:00Z,destination=WUH&origin=CAN&endRange=2025-10-14T23:59:59Z&startRange=2025-05-15T09:00:00Z,1.0,61.0,1.0,100.0,<Response [200]>
,,,,,,DLC,,,,,HGH,,,,2025-10-14T23:59:59Z,2025-05-15T09:00:00Z,destination=DLC&origin=HGH&endRange=2025-10-14T23:59:59Z&startRange=2025-05-15T09:00:00Z,1.0,51.0,1.0,100.0,<Response [200]>
,,,,,,DLA,,,,,LBV,,,,2025-10-14T23:59:59Z,2025-05-15T09:00:00Z,destination=DLA&origin=LBV&endRange=2025-10-14T23:59:59Z&startRange=2025-05-15T09:00:00Z,1.0,57.0,1.0,100.0,<Response [200]>
,,,,,,WEH,,,,,XIY,,,,2025-10-14T23:59:59Z,2025-05-15T09:00:00Z,destination=WEH&origin=XIY&endRange=2025-10-14T23:59:59Z&startRange=2025-05-15T09:00:00Z,1.0,25.0,1.0,100.0,<Response [200]>
,,,,,,WEH,,,,,SHA,,,,2025-10-14T23:59:59Z,2025-05-15T09:00:00Z,destination=WEH&origin=SHA&endRange=2025-10-14T23:59:59Z&startRange=2025-05-15T09:00:00Z,1.0,82.0,1.0,100.0,<Response [200]>
,,,,,,WEH,,,,,NKG,,,,2025-10-14T23:59:59Z,2025-05-15T09:00:00Z,destination=WEH&origin=NKG&endRange=2025-10-14T23:59:59Z&startRange=2025-05-15T09:00:00Z,1.0,39.0,1.0,100.0,<Response [200]>
,,,,,,VXE,,,,,RAI,,,,2025-10-14T23:59:59Z,2025-05-15T09:00:00Z,destination=VXE&origin=RAI&endRange=2025-10-14T23:59:59Z&startRange=2025-05-15T09:00:00Z,1.0,17.0,1.0,100.0,<Response [200]>
,,,,,,DLA,,,,,BGF,,,,2025-10-14T23:59:59Z,2025-05-15T09:00:00Z,destination=DLA&origin=BGF&endRange=2025-10-14T23:59:59Z&startRange=2025-05-15T09:00:00Z,1.0,84.0,1.0,100.0,<Response [200]>
,,,,,,MSN,,,,,BOS,,,,2025-10-14T23:59:59Z,2025-05-15T09:00:00Z,destination=MSN&origin=BOS&endRange=2025-10-14T23:59:59Z&startRange=2025-05-15T09:00:00Z,1.0,1.0,1.0,100.0,<Response [200]>
,,,,,,MRU,,,,,CPT,,,,2025-10-14T23:59:59Z,2025-05-15T09:00:00Z,destination=MRU&origin=CPT&endRange=2025-10-14T23:59:59Z&startRange=2025-05-15T09:00:00Z,1.0,51.0,1.0,100.0,<Response [200]>
,,,,,,KAN,,,,,JED,,,,2025-10-14T23:59:59Z,2025-05-15T09:00:00Z,destination=KAN&origin=JED&endRange=2025-10-14T23:59:59Z&startRange=2025-05-15T09:00:00Z,1.0,15.0,1.0,100.0,<Response [200]>
,,,,,,VIE,,,,,HKG,,,,2025-10-14T23:59:59Z,2025-05-15T09:00:00Z,destination=VIE&origin=HKG&endRange=2025-10-14T23:59:59Z&startRange=2025-05-15T09:00:00Z,1.0,1.0,1.0,100.0,<Response [200]>
,,,,,,VFA,,,,,NBO,,,,2025-10-14T23:59:59Z,2025-05-15T09:00:00Z,destination=VFA&origin=NBO&endRange=2025-10-14T23:59:59Z&startRange=2025-05-15T09:00:00Z,1.0,65.0,1.0,100.0,<Response [200]>
,,,,,,DFW,,,,,IAH,,,,2025-10-14T23:59:59Z,2025-05-15T09:00:00Z,destination=DFW&origin=IAH&endRange=2025-10-14T23:59:59Z&startRange=2025-05-15T09:00:00Z,1.0,2.0,1.0,100.0,<Response [200]>
,,,,,,DLC,,,,,TNA,,,,2025-10-14T23:59:59Z,2025-05-15T09:00:00Z,destination=DLC&origin=TNA&endRange=2025-10-14T23:59:59Z&startRange=2025-05-15T09:00:00Z,1.0,76.0,1.0,100.0,<Response [200]>
,,,,,,BOS,,,,,MSN,,,,2025-10-14T23:59:59Z,2025-05-15T09:00:00Z,destination=BOS&origin=MSN&endRange=2025-10-14T23:59:59Z&startRange=2025-05-15T09:00:00Z,1.0,1.0,1.0,100.0,<Response [200]>
,,,,,,DPS,,,,,XMN,,,,2025-10-14T23:59:59Z,2025-05-15T09:00:00Z,destination=DPS&origin=XMN&endRange=2025-10-14T23:59:59Z&startRange=2025-05-15T09:00:00Z,1.0,7.0,1.0,100.0,<Response [200]>
,,,,,,DPS,,,,,CNS,,,,2025-10-14T23:59:59Z,2025-05-15T09:00:00Z,destination=DPS&origin=CNS&endRange=2025-10-14T23:59:59Z&startRange=2025-05-15T09:00:00Z,1.0,62.0,1.0,100.0,<Response [200]>
,,,,,,DLC,,,,,XMN,,,,2025-10-14T23:59:59Z,2025-05-15T09:00:00Z,destination=DLC&origin=XMN&endRange=2025-10-14T23:59:59Z&startRange=2025-05-15T09:00:00Z,1.0,94.0,1.0,100.0,<Response [200]>
,,,,,,JJN,,,,,WUH,,,,2025-10-14T23:59:59Z,2025-05-15T09:00:00Z,destination=JJN&origin=WUH&endRange=2025-10-14T23:59:59Z&startRange=2025-05-15T09:00:00Z,1.0,41.0,1.0,100.0,<Response [200]>
,,,,,,MNL,,,,,SGN,,,,2025-10-14T23:59:59Z,2025-05-15T09:00:00Z,destination=MNL&origin=SGN&endRange=2025-10-14T23:59:59Z&startRange=2025-05-15T09:00:00Z,1.0,10.0,1.0,100.0,<Response [200]>
,,,,,,MNL,,,,,HAN,,,,2025-10-14T23:59:59Z,2025-05-15T09:00:00Z,destination=MNL&origin=HAN&endRange=2025-10-14T23:59:59Z&startRange=2025-05-15T09:00:00Z,1.0,17.0,1.0,100.0,<Response [200]>
,,,,,,WUH,,,,,NRT,,,,2025-10-14T23:59:59Z,2025-05-15T09:00:00Z,destination=WUH&origin=NRT&endRange=2025-10-14T23:59:59Z&startRange=2025-05-15T09:00:00Z,1.0,8.0,1.0,100.0,<Response [200]>
,,,,,,WUH,,,,,LHW,,,,2025-10-14T23:59:59Z,2025-05-15T09:00:00Z,destination=WUH&origin=LHW&endRange=2025-10-14T23:59:59Z&startRange=2025-05-15T09:00:00Z,1.0,58.0,1.0,100.0,<Response [200]>
,,,,,,WUH,,,,,JJN,,,,2025-10-14T23:59:59Z,2025-05-15T09:00:00Z,destination=WUH&origin=JJN&endRange=2025-10-14T23:59:59Z&startRange=2025-05-15T09:00:00Z,1.0,40.0,1.0,100.0,<Response [200]>
,,,,,,WUH,,,,,INC,,,,2025-10-14T23:59:59Z,2025-05-15T09:00:00Z,destination=WUH&origin=INC&endRange=2025-10-14T23:59:59Z&startRange=2025-05-15T09:00:00Z,1.0,66.0,1.0,100.0,<Response [200]>
,,,,,,WUH,,,,,HET,,,,2025-10-14T23:59:59Z,2025-05-15T09:00:00Z,destination=WUH&origin=HET&endRange=2025-10-14T23:59:59Z&startRange=2025-05-15T09:00:00Z,1.0,52.0,1.0,100.0,<Response [200]>
,,,,,,WUH,,,,,HAN,,,,2025-10-14T23:59:59Z,2025-05-15T09:00:00Z,destination=WUH&origin=HAN&endRange=2025-10-14T23:59:59Z&startRange=2025-05-15T09:00:00Z,1.0,10.0,1.0,100.0,<Response [200]>
,,,,,,XNN,,,,,XIY,,,,2025-10-14T23:59:59Z,2025-05-15T09:00:00Z,destination=XNN&origin=XIY&endRange=2025-10-14T23:59:59Z&startRange=2025-05-15T09:00:00Z,1.0,89.0,1.0,100.0,<Response [200]>
,,,,,,BLL,,,,,FAE,,,,2025-10-14T23:59:59Z,2025-05-15T09:00:00Z,destination=BLL&origin=FAE&endRange=2025-10-14T23:59:59Z&startRange=2025-05-15T09:00:00Z,1.0,90.0,1.0,100.0,<Response [200]>
,,,,,,AJA,,,,,CRL,,,,2025-10-14T23:59:59Z,2025-05-15T09:00:00Z,destination=AJA&origin=CRL&endRange=2025-10-14T23:59:59Z&startRange=2025-05-15T09:00:00Z,1.0,90.0,1.0,100.0,<Response [200]>
,,,,,,FOC,,,,,HAK,,,,2025-10-14T23:59:59Z,2025-05-15T09:00:00Z,destination=FOC&origin=HAK&endRange=2025-10-14T23:59:59Z&startRange=2025-05-15T09:00:00Z,1.0,90.0,1.0,100.0,<Response [200]>
,,,,,,TFU,,,,,CSX,,,,2025-10-14T23:59:59Z,2025-05-15T09:00:00Z,destination=TFU&origin=CSX&endRange=2025-10-14T23:59:59Z&startRange=2025-05-15T09:00:00Z,1.0,90.0,1.0,100.0,<Response [200]>
,,,,,,HAK,,,,,FOC,,,,2025-10-14T23:59:59Z,2025-05-15T09:00:00Z,destination=HAK&origin=FOC&endRange=2025-10-14T23:59:59Z&startRange=2025-05-15T09:00:00Z,1.0,90.0,1.0,100.0,<Response [200]>
,,,,,,BSB,,,,,FOR,,,,2025-10-14T23:59:59Z,2025-05-15T09:00:00Z,destination=BSB&origin=FOR&endRange=2025-10-14T23:59:59Z&startRange=2025-05-15T09:00:00Z,1.0,90.0,1.0,100.0,<Response [200]>
,,,,,,SYD,,,,,CGK,,,,2025-10-14T23:59:59Z,2025-05-15T09:00:00Z,destination=SYD&origin=CGK&endRange=2025-10-14T23:59:59Z&startRange=2025-05-15T09:00:00Z,1.0,90.0,1.0,100.0,<Response [200]>
,,,,,,DTW,,,,,QRO,,,,2025-10-14T23:59:59Z,2025-05-15T09:00:00Z,destination=DTW&origin=QRO&endRange=2025-10-14T23:59:59Z&startRange=2025-05-15T09:00:00Z,1.0,90.0,1.0,100.0,<Response [200]>
,,,,,,GIG,,,,,GRU,,,,2025-10-14T23:59:59Z,2025-05-15T09:00:00Z,destination=GIG&origin=GRU&endRange=2025-10-14T23:59:59Z&startRange=2025-05-15T09:00:00Z,1.0,90.0,1.0,100.0,<Response [200]>
,,,,,,CRL,,,,,AJA,,,,2025-10-14T23:59:59Z,2025-05-15T09:00:00Z,destination=CRL&origin=AJA&endRange=2025-10-14T23:59:59Z&startRange=2025-05-15T09:00:00Z,1.0,91.0,1.0,100.0,<Response [200]>
,,,,,,TAO,,,,,NDG,,,,2025-10-14T23:59:59Z,2025-05-15T09:00:00Z,destination=TAO&origin=NDG&endRange=2025-10-14T23:59:59Z&startRange=2025-05-15T09:00:00Z,1.0,91.0,1.0,100.0,<Response [200]>
,,,,,,YCU,,,,,PVG,,,,2025-10-14T23:59:59Z,2025-05-15T09:00:00Z,destination=YCU&origin=PVG&endRange=2025-10-14T23:59:59Z&startRange=2025-05-15T09:00:00Z,1.0,91.0,1.0,100.0,<Response [200]>
,,,,,,HGH,,,,,LHW,,,,2025-10-14T23:59:59Z,2025-05-15T09:00:00Z,destination=HGH&origin=LHW&endRange=2025-10-14T23:59:59Z&startRange=2025-05-15T09:00:00Z,1.0,91.0,1.0,100.0,<Response [200]>
,,,,,,MSY,,,,,BOS,,,,2025-10-14T23:59:59Z,2025-05-15T09:00:00Z,destination=MSY&origin=BOS&endRange=2025-10-14T23:59:59Z&startRange=2025-05-15T09:00:00Z,1.0,92.0,1.0,100.0,<Response [200]>
,,,,,,PVG,,,,,YCU,,,,2025-10-14T23:59:59Z,2025-05-15T09:00:00Z,destination=PVG&origin=YCU&endRange=2025-10-14T23:59:59Z&startRange=2025-05-15T09:00:00Z,1.0,92.0,1.0,100.0,<Response [200]>
,,,,,,JJN,,,,,CKG,,,,2025-10-14T23:59:59Z,2025-05-15T09:00:00Z,destination=JJN&origin=CKG&endRange=2025-10-14T23:59:59Z&startRange=2025-05-15T09:00:00Z,1.0,63.0,1.0,100.0,<Response [200]>
,,,,,,JHG,,,,,TFU,,,,2025-10-14T23:59:59Z,2025-05-15T09:00:00Z,destination=JHG&origin=TFU&endRange=2025-10-14T23:59:59Z&startRange=2025-05-15T09:00:00Z,1.0,31.0,1.0,100.0,<Response [200]>
,,,,,,JHG,,,,,KMG,,,,2025-10-14T23:59:59Z,2025-05-15T09:00:00Z,destination=JHG&origin=KMG&endRange=2025-10-14T23:59:59Z&startRange=2025-05-15T09:00:00Z,1.0,58.0,1.0,100.0,<Response [200]>
,,,,,,DTW,,,,,BGR,,,,2025-10-14T23:59:59Z,2025-05-15T09:00:00Z,destination=DTW&origin=BGR&endRange=2025-10-14T23:59:59Z&startRange=2025-05-15T09:00:00Z,1.0,24.0,1.0,100.0,<Response [200]>
,,,,,,MFM,,,,,XMN,,,,2025-10-14T23:59:59Z,2025-05-15T09:00:00Z,destination=MFM&origin=XMN&endRange=2025-10-14T23:59:59Z&startRange=2025-05-15T09:00:00Z,1.0,38.0,1.0,100.0,<Response [200]>
,,,,,,MFM,,,,,HFE,,,,2025-10-14T23:59:59Z,2025-05-15T09:00:00Z,destination=MFM&origin=HFE&endRange=2025-10-14T23:59:59Z&startRange=2025-05-15T09:00:00Z,1.0,15.0,1.0,100.0,<Response [200]>
,,,,,,MFM,,,,,FOC,,,,2025-10-14T23:59:59Z,2025-05-15T09:00:00Z,destination=MFM&origin=FOC&endRange=2025-10-14T23:59:59Z&startRange=2025-05-15T09:00:00Z,1.0,31.0,1.0,100.0,<Response [200]>
,,,,,,WXN,,,,,XMN,,,,2025-10-14T23:59:59Z,2025-05-15T09:00:00Z,destination=WXN&origin=XMN&endRange=2025-10-14T23:59:59Z&startRange=2025-05-15T09:00:00Z,1.0,18.0,1.0,100.0,<Response [200]>
,,,,,,WUS,,,,,PKX,,,,2025-10-14T23:59:59Z,2025-05-15T09:00:00Z,destination=WUS&origin=PKX&endRange=2025-10-14T23:59:59Z&startRange=2025-05-15T09:00:00Z,1.0,30.0,1.0,100.0,<Response [200]>
,,,,,,DSN,,,,,WUH,,,,2025-10-14T23:59:59Z,2025-05-15T09:00:00Z,destination=DSN&origin=WUH&endRange=2025-10-14T23:59:59Z&startRange=2025-05-15T09:00:00Z,1.0,76.0,1.0,100.0,<Response [200]>
,,,,,,DSN,,,,,HFE,,,,2025-10-14T23:59:59Z,2025-05-15T09:00:00Z,destination=DSN&origin=HFE&endRange=2025-10-14T23:59:59Z&startRange=2025-05-15T09:00:00Z,1.0,47.0,1.0,100.0,<Response [200]>
,,,,,,BOS,,,,,ILM,,,,2025-10-14T23:59:59Z,2025-05-15T09:00:00Z,destination=BOS&origin=ILM&endRange=2025-10-14T23:59:59Z&startRange=2025-05-15T09:00:00Z,1.0,48.0,1.0,100.0,<Response [200]>
,,,,,,SAW,,,,,AYT,,,,2025-10-14T23:59:59Z,2025-05-15T09:00:00Z,destination=SAW&origin=AYT&endRange=2025-10-14T23:59:59Z&startRange=2025-05-15T09:00:00Z,1.0,1.0,1.0,100.0,<Response [200]>
,,,,,,ANU,,,,,ATL,,,,2025-10-14T23:59:59Z,2025-05-15T09:00:00Z,destination=ANU&origin=ATL&endRange=2025-10-14T23:59:59Z&startRange=2025-05-15T09:00:00Z,1.0,16.0,1.0,100.0,<Response [200]>
,,,,,,XIY,,,,,TNA,,,,2025-10-14T23:59:59Z,2025-05-15T09:00:00Z,destination=XIY&origin=TNA&endRange=2025-10-14T23:59:59Z&startRange=2025-05-15T09:00:00Z,1.0,88.0,1.0,100.0,<Response [200]>
,,,,,,XIY,,,,,SWA,,,,2025-10-14T23:59:59Z,2025-05-15T09:00:00Z,destination=XIY&origin=SWA&endRange=2025-10-14T23:59:59Z&startRange=2025-05-15T09:00:00Z,1.0,69.0,1.0,100.0,<Response [200]>
,,,,,,MEX,,,,,CLO,,,,2025-10-14T23:59:59Z,2025-05-15T09:00:00Z,destination=MEX&origin=CLO&endRange=2025-10-14T23:59:59Z&startRange=2025-05-15T09:00:00Z,1.0,5.0,1.0,100.0,<Response [200]>
,,,,,,XIY,,,,,NGB,,,,2025-10-14T23:59:59Z,2025-05-15T09:00:00Z,destination=XIY&origin=NGB&endRange=2025-10-14T23:59:59Z&startRange=2025-05-15T09:00:00Z,1.0,62.0,1.0,100.0,<Response [200]>
,,,,,,XIY,,,,,KWL,,,,2025-10-14T23:59:59Z,2025-05-15T09:00:00Z,destination=XIY&origin=KWL&endRange=2025-10-14T23:59:59Z&startRange=2025-05-15T09:00:00Z,1.0,57.0,1.0,100.0,<Response [200]>
,,,,,,GIZ,,,,,JED,,,,2025-10-14T23:59:59Z,2025-05-15T09:00:00Z,destination=GIZ&origin=JED&endRange=2025-10-14T23:59:59Z&startRange=2025-05-15T09:00:00Z,1.0,11.0,1.0,100.0,<Response [200]>
,,,,,,GIG,,,,,ROS,,,,2025-10-14T23:59:59Z,2025-05-15T09:00:00Z,destination=GIG&origin=ROS&endRange=2025-10-14T23:59:59Z&startRange=2025-05-15T09:00:00Z,1.0,22.0,1.0,100.0,<Response [200]>
,,,,,,BOM,,,,,HAN,,,,2025-10-14T23:59:59Z,2025-05-15T09:00:00Z,destination=BOM&origin=HAN&endRange=2025-10-14T23:59:59Z&startRange=2025-05-15T09:00:00Z,1.0,27.0,1.0,100.0,<Response [200]>
,,,,,,MEX,,,,,SFO,,,,2025-10-14T23:59:59Z,2025-05-15T09:00:00Z,destination=MEX&origin=SFO&endRange=2025-10-14T23:59:59Z&startRange=2025-05-15T09:00:00Z,1.0,23.0,1.0,100.0,<Response [200]>
,,,,,,XIY,,,,,HKG,,,,2025-10-14T23:59:59Z,2025-05-15T09:00:00Z,destination=XIY&origin=HKG&endRange=2025-10-14T23:59:59Z&startRange=2025-05-15T09:00:00Z,1.0,18.0,1.0,100.0,<Response [200]>
,,,,,,XIY,,,,,HAK,,,,2025-10-14T23:59:59Z,2025-05-15T09:00:00Z,destination=XIY&origin=HAK&endRange=2025-10-14T23:59:59Z&startRange=2025-05-15T09:00:00Z,1.0,57.0,1.0,100.0,<Response [200]>
,,,,,,SDR,,,,,BIO,,,,2025-10-14T23:59:59Z,2025-05-15T09:00:00Z,destination=SDR&origin=BIO&endRange=2025-10-14T23:59:59Z&startRange=2025-05-15T09:00:00Z,1.0,1.0,1.0,100.0,<Response [200]>
,,,,,,JJN,,,,,MFM,,,,2025-10-14T23:59:59Z,2025-05-15T09:00:00Z,destination=JJN&origin=MFM&endRange=2025-10-14T23:59:59Z&startRange=2025-05-15T09:00:00Z,1.0,20.0,1.0,100.0,<Response [200]>
,,,,,,JJN,,,,,CZX,,,,2025-10-14T23:59:59Z,2025-05-15T09:00:00Z,destination=JJN&origin=CZX&endRange=2025-10-14T23:59:59Z&startRange=2025-05-15T09:00:00Z,1.0,14.0,1.0,100.0,<Response [200]>
,,,,,,SGN,,,,,SFO,,,,2025-10-14T23:59:59Z,2025-05-15T09:00:00Z,destination=SGN&origin=SFO&endRange=2025-10-14T23:59:59Z&startRange=2025-05-15T09:00:00Z,1.0,24.0,1.0,100.0,<Response [200]>
,,,,,,SGN,,,,,PVG,,,,2025-10-14T23:59:59Z,2025-05-15T09:00:00Z,destination=SGN&origin=PVG&endRange=2025-10-14T23:59:59Z&startRange=2025-05-15T09:00:00Z,1.0,38.0,1.0,100.0,<Response [200]>
,,,,,,SGN,,,,,NGB,,,,2025-10-14T23:59:59Z,2025-05-15T09:00:00Z,destination=SGN&origin=NGB&endRange=2025-10-14T23:59:59Z&startRange=2025-05-15T09:00:00Z,1.0,16.0,1.0,100.0,<Response [200]>
,,,,,,GRU,,,,,PUJ,,,,2025-10-14T23:59:59Z,2025-05-15T09:00:00Z,destination=GRU&origin=PUJ&endRange=2025-10-14T23:59:59Z&startRange=2025-05-15T09:00:00Z,1.0,57.0,1.0,100.0,<Response [200]>
,,,,,,BLQ,,,,,VCE,,,,2025-10-14T23:59:59Z,2025-05-15T09:00:00Z,destination=BLQ&origin=VCE&endRange=2025-10-14T23:59:59Z&startRange=2025-05-15T09:00:00Z,1.0,1.0,1.0,100.0,<Response [200]>
,,,,,,BKK,,,,,TPE,,,,2025-10-14T23:59:59Z,2025-05-15T09:00:00Z,destination=BKK&origin=TPE&endRange=2025-10-14T23:59:59Z&startRange=2025-05-15T09:00:00Z,1.0,92.0,1.0,100.0,<Response [200]>
,,,,,,MEL,,,,,HAN,,,,2025-10-14T23:59:59Z,2025-05-15T09:00:00Z,destination=MEL&origin=HAN&endRange=2025-10-14T23:59:59Z&startRange=2025-05-15T09:00:00Z,1.0,60.0,1.0,100.0,<Response [200]>
,,,,,,DYG,,,,,LHW,,,,2025-10-14T23:59:59Z,2025-05-15T09:00:00Z,destination=DYG&origin=LHW&endRange=2025-10-14T23:59:59Z&startRange=2025-05-15T09:00:00Z,1.0,20.0,1.0,100.0,<Response [200]>
,,,,,,DXB,,,,,NBO,,,,2025-10-14T23:59:59Z,2025-05-15T09:00:00Z,destination=DXB&origin=NBO&endRange=2025-10-14T23:59:59Z&startRange=2025-05-15T09:00:00Z,1.0,3.0,1.0,100.0,<Response [200]>
,,,,,,SFO,,,,,MEX,,,,2025-10-14T23:59:59Z,2025-05-15T09:00:00Z,destination=SFO&origin=MEX&endRange=2025-10-14T23:59:59Z&startRange=2025-05-15T09:00:00Z,1.0,15.0,1.0,100.0,<Response [200]>
,,,,,,SFO,,,,,GDL,,,,2025-10-14T23:59:59Z,2025-05-15T09:00:00Z,destination=SFO&origin=GDL&endRange=2025-10-14T23:59:59Z&startRange=2025-05-15T09:00:00Z,1.0,64.0,1.0,100.0,<Response [200]>
,,,,,,XIY,,,,,WEH,,,,2025-10-14T23:59:59Z,2025-05-15T09:00:00Z,destination=XIY&origin=WEH&endRange=2025-10-14T23:59:59Z&startRange=2025-05-15T09:00:00Z,1.0,19.0,1.0,100.0,<Response [200]>
,,,,,,GRU,,,,,GIG,,,,2025-10-14T23:59:59Z,2025-05-15T09:00:00Z,destination=GRU&origin=GIG&endRange=2025-10-14T23:59:59Z&startRange=2025-05-15T09:00:00Z,1.0,39.0,1.0,100.0,<Response [200]>
,,,,,,MEL,,,,,NKG,,,,2025-10-14T23:59:59Z,2025-05-15T09:00:00Z,destination=MEL&origin=NKG&endRange=2025-10-14T23:59:59Z&startRange=2025-05-15T09:00:00Z,1.0,8.0,1.0,100.0,<Response [200]>
,,,,,,GOA,,,,,PSA,,,,2025-10-14T23:59:59Z,2025-05-15T09:00:00Z,destination=GOA&origin=PSA&endRange=2025-10-14T23:59:59Z&startRange=2025-05-15T09:00:00Z,1.0,1.0,1.0,100.0,<Response [200]>
,,,,,,BOD,,,,,ALG,,,,2025-10-14T23:59:59Z,2025-05-15T09:00:00Z,destination=BOD&origin=ALG&endRange=2025-10-14T23:59:59Z&startRange=2025-05-15T09:00:00Z,1.0,1.0,1.0,100.0,<Response [200]>
,,,,,,XMN,,,,,MNL,,,,2025-10-14T23:59:59Z,2025-05-15T09:00:00Z,destination=XMN&origin=MNL&endRange=2025-10-14T23:59:59Z&startRange=2025-05-15T09:00:00Z,1.0,40.0,1.0,100.0,<Response [200]>
,,,,,,XMN,,,,,MFM,,,,2025-10-14T23:59:59Z,2025-05-15T09:00:00Z,destination=XMN&origin=MFM&endRange=2025-10-14T23:59:59Z&startRange=2025-05-15T09:00:00Z,1.0,38.0,1.0,100.0,<Response [200]>
,,,,,,ECP,,,,,AUS,,,,2025-10-14T23:59:59Z,2025-05-15T09:00:00Z,destination=ECP&origin=AUS&endRange=2025-10-14T23:59:59Z&startRange=2025-05-15T09:00:00Z,1.0,20.0,1.0,100.0,<Response [200]>
,,,,,,MCO,,,,,EDI,,,,2025-10-14T23:59:59Z,2025-05-15T09:00:00Z,destination=MCO&origin=EDI&endRange=2025-10-14T23:59:59Z&startRange=2025-05-15T09:00:00Z,1.0,43.0,1.0,100.0,<Response [200]>
,,,,,,SHA,,,,,KHN,,,,2025-10-14T23:59:59Z,2025-05-15T09:00:00Z,destination=SHA&origin=KHN&endRange=2025-10-14T23:59:59Z&startRange=2025-05-15T09:00:00Z,1.0,57.0,1.0,100.0,<Response [200]>
,,,,,,XMN,,,,,KWL,,,,2025-10-14T23:59:59Z,2025-05-15T09:00:00Z,destination=XMN&origin=KWL&endRange=2025-10-14T23:59:59Z&startRange=2025-05-15T09:00:00Z,1.0,24.0,1.0,100.0,<Response [200]>
,,,,,,SGN,,,,,XMN,,,,2025-10-14T23:59:59Z,2025-05-15T09:00:00Z,destination=SGN&origin=XMN&endRange=2025-10-14T23:59:59Z&startRange=2025-05-15T09:00:00Z,1.0,69.0,1.0,100.0,<Response [200]>
,,,,,,XMN,,,,,DPS,,,,2025-10-14T23:59:59Z,2025-05-15T09:00:00Z,destination=XMN&origin=DPS&endRange=2025-10-14T23:59:59Z&startRange=2025-05-15T09:00:00Z,1.0,7.0,1.0,100.0,<Response [200]>
,,,,,,MED,,,,,ALG,,,,2025-10-14T23:59:59Z,2025-05-15T09:00:00Z,destination=MED&origin=ALG&endRange=2025-10-14T23:59:59Z&startRange=2025-05-15T09:00:00Z,1.0,7.0,1.0,100.0,<Response [200]>
,,,,,,XMN,,,,,CGK,,,,2025-10-14T23:59:59Z,2025-05-15T09:00:00Z,destination=XMN&origin=CGK&endRange=2025-10-14T23:59:59Z&startRange=2025-05-15T09:00:00Z,1.0,35.0,1.0,100.0,<Response [200]>
,,,,,,XIY,,,,,ZUH,,,,2025-10-14T23:59:59Z,2025-05-15T09:00:00Z,destination=XIY&origin=ZUH&endRange=2025-10-14T23:59:59Z&startRange=2025-05-15T09:00:00Z,1.0,51.0,1.0,100.0,<Response [200]>
,,,,,,XIY,,,,,YIW,,,,2025-10-14T23:59:59Z,2025-05-15T09:00:00Z,destination=XIY&origin=YIW&endRange=2025-10-14T23:59:59Z&startRange=2025-05-15T09:00:00Z,1.0,52.0,1.0,100.0,<Response [200]>
,,,,,,EDI,,,,,MCO,,,,2025-10-14T23:59:59Z,2025-05-15T09:00:00Z,destination=EDI&origin=MCO&endRange=2025-10-14T23:59:59Z&startRange=2025-05-15T09:00:00Z,1.0,43.0,1.0,100.0,<Response [200]>
,,,,,,SIN,,,,,HAN,,,,2025-10-14T23:59:59Z,2025-05-15T09:00:00Z,destination=SIN&origin=HAN&endRange=2025-10-14T23:59:59Z&startRange=2025-05-15T09:00:00Z,1.0,42.0,1.0,100.0,<Response [200]>
,,,,,,JED,,,,,MUX,,,,2025-10-14T23:59:59Z,2025-05-15T09:00:00Z,destination=JED&origin=MUX&endRange=2025-10-14T23:59:59Z&startRange=2025-05-15T09:00:00Z,1.0,6.0,1.0,100.0,<Response [200]>
,,,,,,HAK,,,,,KHN,,,,2025-10-14T23:59:59Z,2025-05-15T09:00:00Z,destination=HAK&origin=KHN&endRange=2025-10-14T23:59:59Z&startRange=2025-05-15T09:00:00Z,1.0,32.0,1.0,100.0,<Response [200]>
,,,,,,BKK,,,,,ICN,,,,2025-10-14T23:59:59Z,2025-05-15T09:00:00Z,destination=BKK&origin=ICN&endRange=2025-10-14T23:59:59Z&startRange=2025-05-15T09:00:00Z,1.0,39.0,1.0,100.0,<Response [200]>
,,,,,,XMN,,,,,TSA,,,,2025-10-14T23:59:59Z,2025-05-15T09:00:00Z,destination=XMN&origin=TSA&endRange=2025-10-14T23:59:59Z&startRange=2025-05-15T09:00:00Z,1.0,14.0,1.0,100.0,<Response [200]>
,,,,,,ESB,,,,,SIN,,,,2025-10-14T23:59:59Z,2025-05-15T09:00:00Z,destination=ESB&origin=SIN&endRange=2025-10-14T23:59:59Z&startRange=2025-05-15T09:00:00Z,1.0,1.0,1.0,100.0,<Response [200]>
,,,,,,SHA,,,,,TNA,,,,2025-10-14T23:59:59Z,2025-05-15T09:00:00Z,destination=SHA&origin=TNA&endRange=2025-10-14T23:59:59Z&startRange=2025-05-15T09:00:00Z,1.0,83.0,1.0,100.0,<Response [200]>
,,,,,,SHA,,,,,SYX,,,,2025-10-14T23:59:59Z,2025-05-15T09:00:00Z,destination=SHA&origin=SYX&endRange=2025-10-14T23:59:59Z&startRange=2025-05-15T09:00:00Z,1.0,40.0,1.0,100.0,<Response [200]>
,,,,,,XMN,,,,,SGN,,,,2025-10-14T23:59:59Z,2025-05-15T09:00:00Z,destination=XMN&origin=SGN&endRange=2025-10-14T23:59:59Z&startRange=2025-05-15T09:00:00Z,1.0,68.0,1.0,100.0,<Response [200]>
,,,,,,XMN,,,,,PNH,,,,2025-10-14T23:59:59Z,2025-05-15T09:00:00Z,destination=XMN&origin=PNH&endRange=2025-10-14T23:59:59Z&startRange=2025-05-15T09:00:00Z,1.0,90.0,1.0,100.0,<Response [200]>
,,,,,,XMN,,,,,PEN,,,,2025-10-14T23:59:59Z,2025-05-15T09:00:00Z,destination=XMN&origin=PEN&endRange=2025-10-14T23:59:59Z&startRange=2025-05-15T09:00:00Z,1.0,15.0,1.0,100.0,<Response [200]>
,,,,,,XMN,,,,,NRT,,,,2025-10-14T23:59:59Z,2025-05-15T09:00:00Z,destination=XMN&origin=NRT&endRange=2025-10-14T23:59:59Z&startRange=2025-05-15T09:00:00Z,1.0,28.0,1.0,100.0,<Response [200]>
,,,,,,SHA,,,,,SWA,,,,2025-10-14T23:59:59Z,2025-05-15T09:00:00Z,destination=SHA&origin=SWA&endRange=2025-10-14T23:59:59Z&startRange=2025-05-15T09:00:00Z,1.0,86.0,1.0,100.0,<Response [200]>
,,,,,,SHA,,,,,LYA,,,,2025-10-14T23:59:59Z,2025-05-15T09:00:00Z,destination=SHA&origin=LYA&endRange=2025-10-14T23:59:59Z&startRange=2025-05-15T09:00:00Z,1.0,40.0,1.0,100.0,<Response [200]>
,,,,,,BHY,,,,,HGH,,,,2025-10-14T23:59:59Z,2025-05-15T09:00:00Z,destination=BHY&origin=HGH&endRange=2025-10-14T23:59:59Z&startRange=2025-05-15T09:00:00Z,1.0,47.0,1.0,100.0,<Response [200]>
,,,,,,BGR,,,,,DTW,,,,2025-10-14T23:59:59Z,2025-05-15T09:00:00Z,destination=BGR&origin=DTW&endRange=2025-10-14T23:59:59Z&startRange=2025-05-15T09:00:00Z,1.0,29.0,1.0,100.0,<Response [200]>
,,,,,,BGR,,,,,ATL,,,,2025-10-14T23:59:59Z,2025-05-15T09:00:00Z,destination=BGR&origin=ATL&endRange=2025-10-14T23:59:59Z&startRange=2025-05-15T09:00:00Z,1.0,27.0,1.0,100.0,<Response [200]>
,,,,,,XNN,,,,,YNT,,,,2025-10-14T23:59:59Z,2025-05-15T09:00:00Z,destination=XNN&origin=YNT&endRange=2025-10-14T23:59:59Z&startRange=2025-05-15T09:00:00Z,1.0,9.0,1.0,100.0,<Response [200]>
,,,,,,GUM,,,,,ICN,,,,2025-10-14T23:59:59Z,2025-05-15T09:00:00Z,destination=GUM&origin=ICN&endRange=2025-10-14T23:59:59Z&startRange=2025-05-15T09:00:00Z,1.0,19.0,1.0,100.0,<Response [200]>
,,,,,,JED,,,,,KHI,,,,2025-10-14T23:59:59Z,2025-05-15T09:00:00Z,destination=JED&origin=KHI&endRange=2025-10-14T23:59:59Z&startRange=2025-05-15T09:00:00Z,1.0,20.0,1.0,100.0,<Response [200]>
,,,,,,JED,,,,,KAN,,,,2025-10-14T23:59:59Z,2025-05-15T09:00:00Z,destination=JED&origin=KAN&endRange=2025-10-14T23:59:59Z&startRange=2025-05-15T09:00:00Z,1.0,13.0,1.0,100.0,<Response [200]>
,,,,,,JED,,,,,GIZ,,,,2025-10-14T23:59:59Z,2025-05-15T09:00:00Z,destination=JED&origin=GIZ&endRange=2025-10-14T23:59:59Z&startRange=2025-05-15T09:00:00Z,1.0,11.0,1.0,100.0,<Response [200]>
,,,,,,JED,,,,,ELQ,,,,2025-10-14T23:59:59Z,2025-05-15T09:00:00Z,destination=JED&origin=ELQ&endRange=2025-10-14T23:59:59Z&startRange=2025-05-15T09:00:00Z,1.0,17.0,1.0,100.0,<Response [200]>
,,,,,,JED,,,,,DEL,,,,2025-10-14T23:59:59Z,2025-05-15T09:00:00Z,destination=JED&origin=DEL&endRange=2025-10-14T23:59:59Z&startRange=2025-05-15T09:00:00Z,1.0,19.0,1.0,100.0,<Response [200]>
,,,,,,SIN,,,,,ICN,,,,2025-10-14T23:59:59Z,2025-05-15T09:00:00Z,destination=SIN&origin=ICN&endRange=2025-10-14T23:59:59Z&startRange=2025-05-15T09:00:00Z,1.0,12.0,1.0,100.0,<Response [200]>
,,,,,,XMN,,,,,ZUH,,,,2025-10-14T23:59:59Z,2025-05-15T09:00:00Z,destination=XMN&origin=ZUH&endRange=2025-10-14T23:59:59Z&startRange=2025-05-15T09:00:00Z,1.0,72.0,1.0,100.0,<Response [200]>
,,,,,,SIN,,,,,HGH,,,,2025-10-14T23:59:59Z,2025-05-15T09:00:00Z,destination=SIN&origin=HGH&endRange=2025-10-14T23:59:59Z&startRange=2025-05-15T09:00:00Z,1.0,52.0,1.0,100.0,<Response [200]>
,,,,,,XMN,,,,,YCU,,,,2025-10-14T23:59:59Z,2025-05-15T09:00:00Z,destination=XMN&origin=YCU&endRange=2025-10-14T23:59:59Z&startRange=2025-05-15T09:00:00Z,1.0,62.0,1.0,100.0,<Response [200]>
,,,,,,XMN,,,,,XNN,,,,2025-10-14T23:59:59Z,2025-05-15T09:00:00Z,destination=XMN&origin=XNN&endRange=2025-10-14T23:59:59Z&startRange=2025-05-15T09:00:00Z,1.0,38.0,1.0,100.0,<Response [200]>
,,,,,,BES,,,,,ATL,,,,2025-10-14T23:59:59Z,2025-05-15T09:00:00Z,destination=BES&origin=ATL&endRange=2025-10-14T23:59:59Z&startRange=2025-05-15T09:00:00Z,1.0,1.0,1.0,100.0,<Response [200]>
,,,,,,YEG,,,,,PHX,,,,2025-10-14T23:59:59Z,2025-05-15T09:00:00Z,destination=YEG&origin=PHX&endRange=2025-10-14T23:59:59Z&startRange=2025-05-15T09:00:00Z,1.0,31.0,1.0,100.0,<Response [200]>
,,,,,,LYA,,,,,SHA,,,,2025-10-14T23:59:59Z,2025-05-15T09:00:00Z,destination=LYA&origin=SHA&endRange=2025-10-14T23:59:59Z&startRange=2025-05-15T09:00:00Z,1.0,54.0,1.0,100.0,<Response [200]>
,,,,,,JED,,,,,AJF,,,,2025-10-14T23:59:59Z,2025-05-15T09:00:00Z,destination=JED&origin=AJF&endRange=2025-10-14T23:59:59Z&startRange=2025-05-15T09:00:00Z,1.0,16.0,1.0,100.0,<Response [200]>
,,,,,,JAX,,,,,AUS,,,,2025-10-14T23:59:59Z,2025-05-15T09:00:00Z,destination=JAX&origin=AUS&endRange=2025-10-14T23:59:59Z&startRange=2025-05-15T09:00:00Z,1.0,10.0,1.0,100.0,<Response [200]>
,,,,,,JJN,,,,,TFU,,,,2025-10-14T23:59:59Z,2025-05-15T09:00:00Z,destination=JJN&origin=TFU&endRange=2025-10-14T23:59:59Z&startRange=2025-05-15T09:00:00Z,1.0,47.0,1.0,100.0,<Response [200]>
,,,,,,SLC,,,,,GDL,,,,2025-10-14T23:59:59Z,2025-05-15T09:00:00Z,destination=SLC&origin=GDL&endRange=2025-10-14T23:59:59Z&startRange=2025-05-15T09:00:00Z,1.0,69.0,1.0,100.0,<Response [200]>
,,,,,,SLC,,,,,CUN,,,,2025-10-14T23:59:59Z,2025-05-15T09:00:00Z,destination=SLC&origin=CUN&endRange=2025-10-14T23:59:59Z&startRange=2025-05-15T09:00:00Z,1.0,70.0,1.0,100.0,<Response [200]>
,,,,,,YCU,,,,,HFE,,,,2025-10-14T23:59:59Z,2025-05-15T09:00:00Z,destination=YCU&origin=HFE&endRange=2025-10-14T23:59:59Z&startRange=2025-05-15T09:00:00Z,1.0,57.0,1.0,100.0,<Response [200]>
,,,,,,YCU,,,,,HET,,,,2025-10-14T23:59:59Z,2025-05-15T09:00:00Z,destination=YCU&origin=HET&endRange=2025-10-14T23:59:59Z&startRange=2025-05-15T09:00:00Z,1.0,62.0,1.0,100.0,<Response [200]>
,,,,,,SJU,,,,,MSP,,,,2025-10-14T23:59:59Z,2025-05-15T09:00:00Z,destination=SJU&origin=MSP&endRange=2025-10-14T23:59:59Z&startRange=2025-05-15T09:00:00Z,1.0,22.0,1.0,100.0,<Response [200]>
,,,,,,BHY,,,,,WUH,,,,2025-10-14T23:59:59Z,2025-05-15T09:00:00Z,destination=BHY&origin=WUH&endRange=2025-10-14T23:59:59Z&startRange=2025-05-15T09:00:00Z,1.0,52.0,1.0,100.0,<Response [200]>
,,,,,,BHY,,,,,KOW,,,,2025-10-14T23:59:59Z,2025-05-15T09:00:00Z,destination=BHY&origin=KOW&endRange=2025-10-14T23:59:59Z&startRange=2025-05-15T09:00:00Z,1.0,24.0,1.0,100.0,<Response [200]>
,,,,,,AUH,,,,,SEZ,,,,2025-10-14T23:59:59Z,2025-05-15T09:00:00Z,destination=AUH&origin=SEZ&endRange=2025-10-14T23:59:59Z&startRange=2025-05-15T09:00:00Z,1.0,44.0,1.0,100.0,<Response [200]>
,,,,,,SLC,,,,,PVR,,,,2025-10-14T23:59:59Z,2025-05-15T09:00:00Z,destination=SLC&origin=PVR&endRange=2025-10-14T23:59:59Z&startRange=2025-05-15T09:00:00Z,1.0,70.0,1.0,100.0,<Response [200]>
,,,,,,INC,,,,,NGB,,,,2025-10-14T23:59:59Z,2025-05-15T09:00:00Z,destination=INC&origin=NGB&endRange=2025-10-14T23:59:59Z&startRange=2025-05-15T09:00:00Z,1.0,29.0,1.0,100.0,<Response [200]>
,,,,,,YNB,,,,,RUH,,,,2025-10-14T23:59:59Z,2025-05-15T09:00:00Z,destination=YNB&origin=RUH&endRange=2025-10-14T23:59:59Z&startRange=2025-05-15T09:00:00Z,1.0,44.0,1.0,100.0,<Response [200]>
,,,,,,EWR,,,,,BGR,,,,2025-10-14T23:59:59Z,2025-05-15T09:00:00Z,destination=EWR&origin=BGR&endRange=2025-10-14T23:59:59Z&startRange=2025-05-15T09:00:00Z,1.0,1.0,1.0,100.0,<Response [200]>
,,,,,,YIW,,,,,XIY,,,,2025-10-14T23:59:59Z,2025-05-15T09:00:00Z,destination=YIW&origin=XIY&endRange=2025-10-14T23:59:59Z&startRange=2025-05-15T09:00:00Z,1.0,49.0,1.0,100.0,<Response [200]>
,,,,,,BEL,,,,,CAY,,,,2025-10-14T23:59:59Z,2025-05-15T09:00:00Z,destination=BEL&origin=CAY&endRange=2025-10-14T23:59:59Z&startRange=2025-05-15T09:00:00Z,1.0,22.0,1.0,100.0,<Response [200]>
,,,,,,BDA,,,,,ATL,,,,2025-10-14T23:59:59Z,2025-05-15T09:00:00Z,destination=BDA&origin=ATL&endRange=2025-10-14T23:59:59Z&startRange=2025-05-15T09:00:00Z,1.0,23.0,1.0,100.0,<Response [200]>
,,,,,,BAR,,,,,HFE,,,,2025-10-14T23:59:59Z,2025-05-15T09:00:00Z,destination=BAR&origin=HFE&endRange=2025-10-14T23:59:59Z&startRange=2025-05-15T09:00:00Z,1.0,42.0,1.0,100.0,<Response [200]>
,,,,,,HAN,,,,,BOM,,,,2025-10-14T23:59:59Z,2025-05-15T09:00:00Z,destination=HAN&origin=BOM&endRange=2025-10-14T23:59:59Z&startRange=2025-05-15T09:00:00Z,1.0,20.0,1.0,100.0,<Response [200]>
,,,,,,SLC,,,,,MEX,,,,2025-10-14T23:59:59Z,2025-05-15T09:00:00Z,destination=SLC&origin=MEX&endRange=2025-10-14T23:59:59Z&startRange=2025-05-15T09:00:00Z,1.0,80.0,1.0,100.0,<Response [200]>
,,,,,,ISB,,,,,RUH,,,,2025-10-14T23:59:59Z,2025-05-15T09:00:00Z,destination=ISB&origin=RUH&endRange=2025-10-14T23:59:59Z&startRange=2025-05-15T09:00:00Z,1.0,6.0,1.0,100.0,<Response [200]>
,,,,,,BGF,,,,,NBO,,,,2025-10-14T23:59:59Z,2025-05-15T09:00:00Z,destination=BGF&origin=NBO&endRange=2025-10-14T23:59:59Z&startRange=2025-05-15T09:00:00Z,1.0,84.0,1.0,100.0,<Response [200]>
,,,,,,BGF,,,,,DLA,,,,2025-10-14T23:59:59Z,2025-05-15T09:00:00Z,destination=BGF&origin=DLA&endRange=2025-10-14T23:59:59Z&startRange=2025-05-15T09:00:00Z,1.0,84.0,1.0,100.0,<Response [200]>
,,,,,,SSA,,,,,SLZ,,,,2025-10-14T23:59:59Z,2025-05-15T09:00:00Z,destination=SSA&origin=SLZ&endRange=2025-10-14T23:59:59Z&startRange=2025-05-15T09:00:00Z,1.0,92.0,1.0,100.0,<Response [200]>
,,,,,,LXA,,,,,TFU,,,,2025-10-14T23:59:59Z,2025-05-15T09:00:00Z,destination=LXA&origin=TFU&endRange=2025-10-14T23:59:59Z&startRange=2025-05-15T09:00:00Z,1.0,92.0,1.0,100.0,<Response [200]>
,,,,,,PVG,,,,,KOW,,,,2025-10-14T23:59:59Z,2025-05-15T09:00:00Z,destination=PVG&origin=KOW&endRange=2025-10-14T23:59:59Z&startRange=2025-05-15T09:00:00Z,1.0,93.0,1.0,100.0,<Response [200]>
,,,,,,FIH,,,,,NBO,,,,2025-10-14T23:59:59Z,2025-05-15T09:00:00Z,destination=FIH&origin=NBO&endRange=2025-10-14T23:59:59Z&startRange=2025-05-15T09:00:00Z,1.0,93.0,1.0,100.0,<Response [200]>
,,,,,,HKG,,,,,TPE,,,,2025-10-14T23:59:59Z,2025-05-15T09:00:00Z,destination=HKG&origin=TPE&endRange=2025-10-14T23:59:59Z&startRange=2025-05-15T09:00:00Z,1.0,94.0,1.0,100.0,<Response [200]>
,,,,,,XIY,,,,,URC,,,,2025-10-14T23:59:59Z,2025-05-15T09:00:00Z,destination=XIY&origin=URC&endRange=2025-10-14T23:59:59Z&startRange=2025-05-15T09:00:00Z,1.0,94.0,1.0,100.0,<Response [200]>
,,,,,,SSA,,,,,BSB,,,,2025-10-14T23:59:59Z,2025-05-15T09:00:00Z,destination=SSA&origin=BSB&endRange=2025-10-14T23:59:59Z&startRange=2025-05-15T09:00:00Z,1.0,94.0,1.0,100.0,<Response [200]>
,,,,,,EZE,,,,,FTE,,,,2025-10-14T23:59:59Z,2025-05-15T09:00:00Z,destination=EZE&origin=FTE&endRange=2025-10-14T23:59:59Z&startRange=2025-05-15T09:00:00Z,1.0,94.0,1.0,100.0,<Response [200]>
,,,,,,LXA,,,,,KMG,,,,2025-10-14T23:59:59Z,2025-05-15T09:00:00Z,destination=LXA&origin=KMG&endRange=2025-10-14T23:59:59Z&startRange=2025-05-15T09:00:00Z,1.0,94.0,1.0,100.0,<Response [200]>
,,,,,,LAS,,,,,YEG,,,,2025-10-14T23:59:59Z,2025-05-15T09:00:00Z,destination=LAS&origin=YEG&endRange=2025-10-14T23:59:59Z&startRange=2025-05-15T09:00:00Z,1.0,94.0,1.0,100.0,<Response [200]>
,,,,,,NBO,,,,,FIH,,,,2025-10-14T23:59:59Z,2025-05-15T09:00:00Z,destination=NBO&origin=FIH&endRange=2025-10-14T23:59:59Z&startRange=2025-05-15T09:00:00Z,1.0,94.0,1.0,100.0,<Response [200]>
,,,,,,AMM,,,,,RUH,,,,2025-10-14T23:59:59Z,2025-05-15T09:00:00Z,destination=AMM&origin=RUH&endRange=2025-10-14T23:59:59Z&startRange=2025-05-15T09:00:00Z,1.0,94.0,1.0,100.0,<Response [200]>
,,,,,,RGN,,,,,KUL,,,,2025-10-14T23:59:59Z,2025-05-15T09:00:00Z,destination=RGN&origin=KUL&endRange=2025-10-14T23:59:59Z&startRange=2025-05-15T09:00:00Z,1.0,95.0,1.0,100.0,<Response [200]>
,,,,,,KUL,,,,,RGN,,,,2025-10-14T23:59:59Z,2025-05-15T09:00:00Z,destination=KUL&origin=RGN&endRange=2025-10-14T23:59:59Z&startRange=2025-05-15T09:00:00Z,1.0,95.0,1.0,100.0,<Response [200]>
,,,,,,DLC,,,,,CAN,,,,2025-10-14T23:59:59Z,2025-05-15T09:00:00Z,destination=DLC&origin=CAN&endRange=2025-10-14T23:59:59Z&startRange=2025-05-15T09:00:00Z,1.0,95.0,1.0,100.0,<Response [200]>
,,,,,,BKK,,,,,CAN,,,,2025-10-14T23:59:59Z,2025-05-15T09:00:00Z,destination=BKK&origin=CAN&endRange=2025-10-14T23:59:59Z&startRange=2025-05-15T09:00:00Z,1.0,96.0,1.0,100.0,<Response [200]>
,,,,,,AUS,,,,,JAX,,,,2025-10-14T23:59:59Z,2025-05-15T09:00:00Z,destination=AUS&origin=JAX&endRange=2025-10-14T23:59:59Z&startRange=2025-05-15T09:00:00Z,1.0,10.0,1.0,100.0,<Response [200]>
,,,,,,ZUH,,,,,TSN,,,,2025-10-14T23:59:59Z,2025-05-15T09:00:00Z,destination=ZUH&origin=TSN&endRange=2025-10-14T23:59:59Z&startRange=2025-05-15T09:00:00Z,1.0,42.0,1.0,100.0,<Response [200]>
,,,,,,LHW,,,,,WXN,,,,2025-10-14T23:59:59Z,2025-05-15T09:00:00Z,destination=LHW&origin=WXN&endRange=2025-10-14T23:59:59Z&startRange=2025-05-15T09:00:00Z,1.0,18.0,1.0,100.0,<Response [200]>
,,,,,,HKG,,,,,FOC,,,,2025-10-14T23:59:59Z,2025-05-15T09:00:00Z,destination=HKG&origin=FOC&endRange=2025-10-14T23:59:59Z&startRange=2025-05-15T09:00:00Z,1.0,23.0,1.0,100.0,<Response [200]>
,,,,,,LHW,,,,,DYG,,,,2025-10-14T23:59:59Z,2025-05-15T09:00:00Z,destination=LHW&origin=DYG&endRange=2025-10-14T23:59:59Z&startRange=2025-05-15T09:00:00Z,1.0,20.0,1.0,100.0,<Response [200]>
,,,,,,AMM,,,,,JED,,,,2025-10-14T23:59:59Z,2025-05-15T09:00:00Z,destination=AMM&origin=JED&endRange=2025-10-14T23:59:59Z&startRange=2025-05-15T09:00:00Z,1.0,15.0,1.0,100.0,<Response [200]>
,,,,,,ALG,,,,,JED,,,,2025-10-14T23:59:59Z,2025-05-15T09:00:00Z,destination=ALG&origin=JED&endRange=2025-10-14T23:59:59Z&startRange=2025-05-15T09:00:00Z,1.0,11.0,1.0,100.0,<Response [200]>
,,,,,,LHW,,,,,CSX,,,,2025-10-14T23:59:59Z,2025-05-15T09:00:00Z,destination=LHW&origin=CSX&endRange=2025-10-14T23:59:59Z&startRange=2025-05-15T09:00:00Z,1.0,32.0,1.0,100.0,<Response [200]>
,,,,,,YNZ,,,,,CKG,,,,2025-10-14T23:59:59Z,2025-05-15T09:00:00Z,destination=YNZ&origin=CKG&endRange=2025-10-14T23:59:59Z&startRange=2025-05-15T09:00:00Z,1.0,52.0,1.0,100.0,<Response [200]>
,,,,,,YNT,,,,,XNN,,,,2025-10-14T23:59:59Z,2025-05-15T09:00:00Z,destination=YNT&origin=XNN&endRange=2025-10-14T23:59:59Z&startRange=2025-05-15T09:00:00Z,1.0,9.0,1.0,100.0,<Response [200]>
,,,,,,LHW,,,,,CGO,,,,2025-10-14T23:59:59Z,2025-05-15T09:00:00Z,destination=LHW&origin=CGO&endRange=2025-10-14T23:59:59Z&startRange=2025-05-15T09:00:00Z,1.0,79.0,1.0,100.0,<Response [200]>
,,,,,,AUS,,,,,ECP,,,,2025-10-14T23:59:59Z,2025-05-15T09:00:00Z,destination=AUS&origin=ECP&endRange=2025-10-14T23:59:59Z&startRange=2025-05-15T09:00:00Z,1.0,20.0,1.0,100.0,<Response [200]>
,,,,,,INV,,,,,GLA,,,,2025-10-14T23:59:59Z,2025-05-15T09:00:00Z,destination=INV&origin=GLA&endRange=2025-10-14T23:59:59Z&startRange=2025-05-15T09:00:00Z,1.0,1.0,1.0,100.0,<Response [200]>
,,,,,,AKL,,,,,NOU,,,,2025-10-14T23:59:59Z,2025-05-15T09:00:00Z,destination=AKL&origin=NOU&endRange=2025-10-14T23:59:59Z&startRange=2025-05-15T09:00:00Z,1.0,32.0,1.0,100.0,<Response [200]>
,,,,,,AJU,,,,,GIG,,,,2025-10-14T23:59:59Z,2025-05-15T09:00:00Z,destination=AJU&origin=GIG&endRange=2025-10-14T23:59:59Z&startRange=2025-05-15T09:00:00Z,1.0,34.0,1.0,100.0,<Response [200]>
,,,,,,AJF,,,,,JED,,,,2025-10-14T23:59:59Z,2025-05-15T09:00:00Z,destination=AJF&origin=JED&endRange=2025-10-14T23:59:59Z&startRange=2025-05-15T09:00:00Z,1.0,18.0,1.0,100.0,<Response [200]>
,,,,,,CGK,,,,,FOC,,,,2025-10-14T23:59:59Z,2025-05-15T09:00:00Z,destination=CGK&origin=FOC&endRange=2025-10-14T23:59:59Z&startRange=2025-05-15T09:00:00Z,1.0,47.0,1.0,100.0,<Response [200]>
,,,,,,EZE,,,,,CRD,,,,2025-10-14T23:59:59Z,2025-05-15T09:00:00Z,destination=EZE&origin=CRD&endRange=2025-10-14T23:59:59Z&startRange=2025-05-15T09:00:00Z,1.0,44.0,1.0,100.0,<Response [200]>
,,,,,,ZYI,,,,,PVG,,,,2025-10-14T23:59:59Z,2025-05-15T09:00:00Z,destination=ZYI&origin=PVG&endRange=2025-10-14T23:59:59Z&startRange=2025-05-15T09:00:00Z,1.0,37.0,1.0,100.0,<Response [200]>
,,,,,,ILM,,,,,BOS,,,,2025-10-14T23:59:59Z,2025-05-15T09:00:00Z,destination=ILM&origin=BOS&endRange=2025-10-14T23:59:59Z&startRange=2025-05-15T09:00:00Z,1.0,48.0,1.0,100.0,<Response [200]>
,,,,,,ICN,,,,,YNT,,,,2025-10-14T23:59:59Z,2025-05-15T09:00:00Z,destination=ICN&origin=YNT&endRange=2025-10-14T23:59:59Z&startRange=2025-05-15T09:00:00Z,1.0,62.0,1.0,100.0,<Response [200]>
,,,,,,HIA,,,,,XMN,,,,2025-10-14T23:59:59Z,2025-05-15T09:00:00Z,destination=HIA&origin=XMN&endRange=2025-10-14T23:59:59Z&startRange=2025-05-15T09:00:00Z,1.0,52.0,1.0,100.0,<Response [200]>
,,,,,,HGH,,,,,SIN,,,,2025-10-14T23:59:59Z,2025-05-15T09:00:00Z,destination=HGH&origin=SIN&endRange=2025-10-14T23:59:59Z&startRange=2025-05-15T09:00:00Z,1.0,26.0,1.0,100.0,<Response [200]>
,,,,,,LHE,,,,,RUH,,,,2025-10-14T23:59:59Z,2025-05-15T09:00:00Z,destination=LHE&origin=RUH&endRange=2025-10-14T23:59:59Z&startRange=2025-05-15T09:00:00Z,1.0,8.0,1.0,100.0,<Response [200]>
,,,,,,ICN,,,,,PNH,,,,2025-10-14T23:59:59Z,2025-05-15T09:00:00Z,destination=ICN&origin=PNH&endRange=2025-10-14T23:59:59Z&startRange=2025-05-15T09:00:00Z,1.0,6.0,1.0,100.0,<Response [200]>
,,,,,,SLC,,,,,SJD,,,,2025-10-14T23:59:59Z,2025-05-15T09:00:00Z,destination=SLC&origin=SJD&endRange=2025-10-14T23:59:59Z&startRange=2025-05-15T09:00:00Z,1.0,71.0,1.0,100.0,<Response [200]>
,,,,,,HGH,,,,,JHG,,,,2025-10-14T23:59:59Z,2025-05-15T09:00:00Z,destination=HGH&origin=JHG&endRange=2025-10-14T23:59:59Z&startRange=2025-05-15T09:00:00Z,1.0,18.0,1.0,100.0,<Response [200]>
,,,,,,ICN,,,,,KUL,,,,2025-10-14T23:59:59Z,2025-05-15T09:00:00Z,destination=ICN&origin=KUL&endRange=2025-10-14T23:59:59Z&startRange=2025-05-15T09:00:00Z,1.0,14.0,1.0,100.0,<Response [200]>
,,,,,,ICN,,,,,KMG,,,,2025-10-14T23:59:59Z,2025-05-15T09:00:00Z,destination=ICN&origin=KMG&endRange=2025-10-14T23:59:59Z&startRange=2025-05-15T09:00:00Z,1.0,38.0,1.0,100.0,<Response [200]>
,,,,,,ICN,,,,,GUM,,,,2025-10-14T23:59:59Z,2025-05-15T09:00:00Z,destination=ICN&origin=GUM&endRange=2025-10-14T23:59:59Z&startRange=2025-05-15T09:00:00Z,1.0,19.0,1.0,100.0,<Response [200]>
,,,,,,SNU,,,,,PTY,,,,2025-10-14T23:59:59Z,2025-05-15T09:00:00Z,destination=SNU&origin=PTY&endRange=2025-10-14T23:59:59Z&startRange=2025-05-15T09:00:00Z,1.0,44.0,1.0,100.0,<Response [200]>
,,,,,,ICN,,,,,BKK,,,,2025-10-14T23:59:59Z,2025-05-15T09:00:00Z,destination=ICN&origin=BKK&endRange=2025-10-14T23:59:59Z&startRange=2025-05-15T09:00:00Z,1.0,35.0,1.0,100.0,<Response [200]>
,,,,,,ATL,,,,,STX,,,,2025-10-14T23:59:59Z,2025-05-15T09:00:00Z,destination=ATL&origin=STX&endRange=2025-10-14T23:59:59Z&startRange=2025-05-15T09:00:00Z,1.0,16.0,1.0,100.0,<Response [200]>
,,,,,,IAH,,,,,MAF,,,,2025-10-14T23:59:59Z,2025-05-15T09:00:00Z,destination=IAH&origin=MAF&endRange=2025-10-14T23:59:59Z&startRange=2025-05-15T09:00:00Z,1.0,2.0,1.0,100.0,<Response [200]>
,,,,,,EZE,,,,,ROS,,,,2025-10-14T23:59:59Z,2025-05-15T09:00:00Z,destination=EZE&origin=ROS&endRange=2025-10-14T23:59:59Z&startRange=2025-05-15T09:00:00Z,1.0,51.0,1.0,100.0,<Response [200]>
,,,,,,EZE,,,,,NQN,,,,2025-10-14T23:59:59Z,2025-05-15T09:00:00Z,destination=EZE&origin=NQN&endRange=2025-10-14T23:59:59Z&startRange=2025-05-15T09:00:00Z,1.0,31.0,1.0,100.0,<Response [200]>
,,,,,,HAN,,,,,SYD,,,,2025-10-14T23:59:59Z,2025-05-15T09:00:00Z,destination=HAN&origin=SYD&endRange=2025-10-14T23:59:59Z&startRange=2025-05-15T09:00:00Z,1.0,59.0,1.0,100.0,<Response [200]>
,,,,,,HAN,,,,,SIN,,,,2025-10-14T23:59:59Z,2025-05-15T09:00:00Z,destination=HAN&origin=SIN&endRange=2025-10-14T23:59:59Z&startRange=2025-05-15T09:00:00Z,1.0,42.0,1.0,100.0,<Response [200]>
,,,,,,HAN,,,,,PUS,,,,2025-10-14T23:59:59Z,2025-05-15T09:00:00Z,destination=HAN&origin=PUS&endRange=2025-10-14T23:59:59Z&startRange=2025-05-15T09:00:00Z,1.0,5.0,1.0,100.0,<Response [200]>
,,,,,,HAN,,,,,PQC,,,,2025-10-14T23:59:59Z,2025-05-15T09:00:00Z,destination=HAN&origin=PQC&endRange=2025-10-14T23:59:59Z&startRange=2025-05-15T09:00:00Z,1.0,65.0,1.0,100.0,<Response [200]>
,,,,,,EZE,,,,,JUJ,,,,2025-10-14T23:59:59Z,2025-05-15T09:00:00Z,destination=EZE&origin=JUJ&endRange=2025-10-14T23:59:59Z&startRange=2025-05-15T09:00:00Z,1.0,70.0,1.0,100.0,<Response [200]>
,,,,,,CKG,,,,,XNN,,,,2025-10-14T23:59:59Z,2025-05-15T09:00:00Z,destination=CKG&origin=XNN&endRange=2025-10-14T23:59:59Z&startRange=2025-05-15T09:00:00Z,1.0,28.0,1.0,100.0,<Response [200]>
,,,,,,HPH,,,,,DAD,,,,2025-10-14T23:59:59Z,2025-05-15T09:00:00Z,destination=HPH&origin=DAD&endRange=2025-10-14T23:59:59Z&startRange=2025-05-15T09:00:00Z,1.0,3.0,1.0,100.0,<Response [200]>
,,,,,,HYD,,,,,JED,,,,2025-10-14T23:59:59Z,2025-05-15T09:00:00Z,destination=HYD&origin=JED&endRange=2025-10-14T23:59:59Z&startRange=2025-05-15T09:00:00Z,1.0,5.0,1.0,100.0,<Response [200]>
,,,,,,HRG,,,,,LXR,,,,2025-10-14T23:59:59Z,2025-05-15T09:00:00Z,destination=HRG&origin=LXR&endRange=2025-10-14T23:59:59Z&startRange=2025-05-15T09:00:00Z,1.0,14.0,1.0,100.0,<Response [200]>
,,,,,,AEP,,,,,RGA,,,,2025-10-14T23:59:59Z,2025-05-15T09:00:00Z,destination=AEP&origin=RGA&endRange=2025-10-14T23:59:59Z&startRange=2025-05-15T09:00:00Z,1.0,18.0,1.0,100.0,<Response [200]>
,,,,,,PEK,,,,,TPE,,,,2025-10-14T23:59:59Z,2025-05-15T09:00:00Z,destination=PEK&origin=TPE&endRange=2025-10-14T23:59:59Z&startRange=2025-05-15T09:00:00Z,1.0,16.0,1.0,100.0,<Response [200]>
,,,,,,CKG,,,,,CAN,,,,2025-10-14T23:59:59Z,2025-05-15T09:00:00Z,destination=CKG&origin=CAN&endRange=2025-10-14T23:59:59Z&startRange=2025-05-15T09:00:00Z,1.0,24.0,1.0,100.0,<Response [200]>
,,,,,,HET,,,,,NKG,,,,2025-10-14T23:59:59Z,2025-05-15T09:00:00Z,destination=HET&origin=NKG&endRange=2025-10-14T23:59:59Z&startRange=2025-05-15T09:00:00Z,1.0,57.0,1.0,100.0,<Response [200]>
,,,,,,CGQ,,,,,NKG,,,,2025-10-14T23:59:59Z,2025-05-15T09:00:00Z,destination=CGQ&origin=NKG&endRange=2025-10-14T23:59:59Z&startRange=2025-05-15T09:00:00Z,1.0,45.0,1.0,100.0,<Response [200]>
,,,,,,CGO,,,,,URC,,,,2025-10-14T23:59:59Z,2025-05-15T09:00:00Z,destination=CGO&origin=URC&endRange=2025-10-14T23:59:59Z&startRange=2025-05-15T09:00:00Z,1.0,36.0,1.0,100.0,<Response [200]>
,,,,,,HAN,,,,,MNL,,,,2025-10-14T23:59:59Z,2025-05-15T09:00:00Z,destination=HAN&origin=MNL&endRange=2025-10-14T23:59:59Z&startRange=2025-05-15T09:00:00Z,1.0,17.0,1.0,100.0,<Response [200]>
,,,,,,CGO,,,,,LHW,,,,2025-10-14T23:59:59Z,2025-05-15T09:00:00Z,destination=CGO&origin=LHW&endRange=2025-10-14T23:59:59Z&startRange=2025-05-15T09:00:00Z,1.0,78.0,1.0,100.0,<Response [200]>
,,,,,,MEX,,,,,SAP,,,,2025-10-14T23:59:59Z,2025-05-15T09:00:00Z,destination=MEX&origin=SAP&endRange=2025-10-14T23:59:59Z&startRange=2025-05-15T09:00:00Z,1.0,96.0,1.0,100.0,<Response [200]>
,,,,,,XIY,,,,,JJN,,,,2025-10-14T23:59:59Z,2025-05-15T09:00:00Z,destination=XIY&origin=JJN&endRange=2025-10-14T23:59:59Z&startRange=2025-05-15T09:00:00Z,1.0,96.0,1.0,100.0,<Response [200]>
,,,,,,PVG,,,,,TFU,,,,2025-10-14T23:59:59Z,2025-05-15T09:00:00Z,destination=PVG&origin=TFU&endRange=2025-10-14T23:59:59Z&startRange=2025-05-15T09:00:00Z,1.0,97.0,1.0,100.0,<Response [200]>
,,,,,,SHA,,,,,INC,,,,2025-10-14T23:59:59Z,2025-05-15T09:00:00Z,destination=SHA&origin=INC&endRange=2025-10-14T23:59:59Z&startRange=2025-05-15T09:00:00Z,1.0,97.0,1.0,100.0,<Response [200]>
,,,,,,JFK,,,,,BRU,,,,2025-10-14T23:59:59Z,2025-05-15T09:00:00Z,destination=JFK&origin=BRU&endRange=2025-10-14T23:59:59Z&startRange=2025-05-15T09:00:00Z,1.0,98.0,1.0,100.0,<Response [200]>
,,,,,,BRU,,,,,JFK,,,,2025-10-14T23:59:59Z,2025-05-15T09:00:00Z,destination=BRU&origin=JFK&endRange=2025-10-14T23:59:59Z&startRange=2025-05-15T09:00:00Z,1.0,98.0,1.0,100.0,<Response [200]>
,,,,,,FUK,,,,,PVG,,,,2025-10-14T23:59:59Z,2025-05-15T09:00:00Z,destination=FUK&origin=PVG&endRange=2025-10-14T23:59:59Z&startRange=2025-05-15T09:00:00Z,1.0,99.0,1.0,100.0,<Response [200]>
,,,,,,KWL,,,,,PVG,,,,2025-10-14T23:59:59Z,2025-05-15T09:00:00Z,destination=KWL&origin=PVG&endRange=2025-10-14T23:59:59Z&startRange=2025-05-15T09:00:00Z,1.0,99.0,1.0,100.0,<Response [200]>
,,,,,,COR,,,,,EZE,,,,2025-10-14T23:59:59Z,2025-05-15T09:00:00Z,destination=COR&origin=EZE&endRange=2025-10-14T23:59:59Z&startRange=2025-05-15T09:00:00Z,1.0,99.0,1.0,100.0,<Response [200]>
,,,,,,FAI,,,,,SLC,,,,2025-10-14T23:59:59Z,2025-05-15T09:00:00Z,destination=FAI&origin=SLC&endRange=2025-10-14T23:59:59Z&startRange=2025-05-15T09:00:00Z,1.0,100.0,1.0,100.0,<Response [200]>
,,,,,,DSN,,,,,XIY,,,,2025-10-14T23:59:59Z,2025-05-15T09:00:00Z,destination=DSN&origin=XIY&endRange=2025-10-14T23:59:59Z&startRange=2025-05-15T09:00:00Z,1.0,100.0,1.0,100.0,<Response [200]>
,,,,,,HGH,,,,,TAO,,,,2025-10-14T23:59:59Z,2025-05-15T09:00:00Z,destination=HGH&origin=TAO&endRange=2025-10-14T23:59:59Z&startRange=2025-05-15T09:00:00Z,1.0,100.0,1.0,100.0,<Response [200]>
,,,,,,RUH,,,,,YNB,,,,2025-10-14T23:59:59Z,2025-05-15T09:00:00Z,destination=RUH&origin=YNB&endRange=2025-10-14T23:59:59Z&startRange=2025-05-15T09:00:00Z,1.0,100.0,1.0,100.0,<Response [200]>
,,,,,,STT,,,,,JFK,,,,2025-10-14T23:59:59Z,2025-05-15T09:00:00Z,destination=STT&origin=JFK&endRange=2025-10-14T23:59:59Z&startRange=2025-05-15T09:00:00Z,1.0,51.0,1.0,100.0,<Response [200]>
,,,,,,CMH,,,,,SLC,,,,2025-10-14T23:59:59Z,2025-05-15T09:00:00Z,destination=CMH&origin=SLC&endRange=2025-10-14T23:59:59Z&startRange=2025-05-15T09:00:00Z,1.0,25.0,1.0,100.0,<Response [200]>
,,,,,,HKG,,,,,SGN,,,,2025-10-14T23:59:59Z,2025-05-15T09:00:00Z,destination=HKG&origin=SGN&endRange=2025-10-14T23:59:59Z&startRange=2025-05-15T09:00:00Z,1.0,17.0,1.0,100.0,<Response [200]>
,,,,,,ABJ,,,,,BKO,,,,2025-10-14T23:59:59Z,2025-05-15T09:00:00Z,destination=ABJ&origin=BKO&endRange=2025-10-14T23:59:59Z&startRange=2025-05-15T09:00:00Z,1.0,11.0,1.0,100.0,<Response [200]>
,,,,,,CMB,,,,,BLR,,,,2025-10-14T23:59:59Z,2025-05-15T09:00:00Z,destination=CMB&origin=BLR&endRange=2025-10-14T23:59:59Z&startRange=2025-05-15T09:00:00Z,1.0,65.0,1.0,100.0,<Response [200]>
,,,,,,HFE,,,,,PKX,,,,2025-10-14T23:59:59Z,2025-05-15T09:00:00Z,destination=HFE&origin=PKX&endRange=2025-10-14T23:59:59Z&startRange=2025-05-15T09:00:00Z,1.0,78.0,1.0,100.0,<Response [200]>
,,,,,,HFE,,,,,MFM,,,,2025-10-14T23:59:59Z,2025-05-15T09:00:00Z,destination=HFE&origin=MFM&endRange=2025-10-14T23:59:59Z&startRange=2025-05-15T09:00:00Z,1.0,18.0,1.0,100.0,<Response [200]>
,,,,,,ORN,,,,,JED,,,,2025-10-14T23:59:59Z,2025-05-15T09:00:00Z,destination=ORN&origin=JED&endRange=2025-10-14T23:59:59Z&startRange=2025-05-15T09:00:00Z,1.0,5.0,1.0,100.0,<Response [200]>
,,,,,,HFE,,,,,KOW,,,,2025-10-14T23:59:59Z,2025-05-15T09:00:00Z,destination=HFE&origin=KOW&endRange=2025-10-14T23:59:59Z&startRange=2025-05-15T09:00:00Z,1.0,42.0,1.0,100.0,<Response [200]>
,,,,,,HFE,,,,,JJN,,,,2025-10-14T23:59:59Z,2025-05-15T09:00:00Z,destination=HFE&origin=JJN&endRange=2025-10-14T23:59:59Z&startRange=2025-05-15T09:00:00Z,1.0,54.0,1.0,100.0,<Response [200]>
,,,,,,LGA,,,,,RIC,,,,2025-10-14T23:59:59Z,2025-05-15T09:00:00Z,destination=LGA&origin=RIC&endRange=2025-10-14T23:59:59Z&startRange=2025-05-15T09:00:00Z,1.0,17.0,1.0,100.0,<Response [200]>
,,,,,,CKG,,,,,YNZ,,,,2025-10-14T23:59:59Z,2025-05-15T09:00:00Z,destination=CKG&origin=YNZ&endRange=2025-10-14T23:59:59Z&startRange=2025-05-15T09:00:00Z,1.0,33.0,1.0,100.0,<Response [200]>
,,,,,,SOF,,,,,BEG,,,,2025-10-14T23:59:59Z,2025-05-15T09:00:00Z,destination=SOF&origin=BEG&endRange=2025-10-14T23:59:59Z&startRange=2025-05-15T09:00:00Z,2.0,188.0,2.0,100.0,<Response [200]>
