aircraftRegistration,aircraftType,arrivalCity,carrierCode,consumerHost,departureCity,destination,flightNumber,movementType,operatingAirlineCode,operationalSuffix,origin,serviceType,timeOriginType,timeType,endRange,startRange,call_parameters,nb_of_pages_already_retrieved,totalPages,completion,totalFlights,response,message,timestamp
,,,,,,CDG,,,,,ALG,,,,2025-10-14T23:59:59Z,2025-05-15T09:00:00Z,destination=CDG&origin=ALG&endRange=2025-10-14T23:59:59Z&startRange=2025-05-15T09:00:00Z,4.0,21.0,19%,2039.0,<Response [200]>,,
,,,,,,ALG,,,,,CDG,,,,2025-10-14T23:59:59Z,2025-05-15T09:00:00Z,destination=ALG&origin=CDG&endRange=2025-10-14T23:59:59Z&startRange=2025-05-15T09:00:00Z,1.0,20.0,5%,1910.0,<Response [200]>,,
,,,,,,JFK,,,,,CDG,,,,2025-10-14T23:59:59Z,2025-05-15T09:00:00Z,destination=JFK&origin=CDG&endRange=2025-10-14T23:59:59Z&startRange=2025-05-15T09:00:00Z,1.0,19.0,5%,1854.0,<Response [200]>,,
,,,,,,CDG,,,,,JFK,,,,2025-10-14T23:59:59Z,2025-05-15T09:00:00Z,destination=CDG&origin=JFK&endRange=2025-10-14T23:59:59Z&startRange=2025-05-15T09:00:00Z,1.0,19.0,5%,1821.0,<Response [200]>,,
,,,,,,ORY,,,,,ALG,,,,2025-10-14T23:59:59Z,2025-05-15T09:00:00Z,destination=ORY&origin=ALG&endRange=2025-10-14T23:59:59Z&startRange=2025-05-15T09:00:00Z,1.0,14.0,7%,1309.0,<Response [200]>,,
,,,,,,ORY,,,,,CMN,,,,2025-10-14T23:59:59Z,2025-05-15T09:00:00Z,destination=ORY&origin=CMN&endRange=2025-10-14T23:59:59Z&startRange=2025-05-15T09:00:00Z,1.0,12.0,8%,1118.0,<Response [200]>,,
,,,,,,JFK,,,,,LHR,,,,2025-10-14T23:59:59Z,2025-05-15T09:00:00Z,destination=JFK&origin=LHR&endRange=2025-10-14T23:59:59Z&startRange=2025-05-15T09:00:00Z,1.0,13.0,8%,1260.0,<Response [200]>,,
,,,,,,ALG,,,,,ORY,,,,2025-10-14T23:59:59Z,2025-05-15T09:00:00Z,destination=ALG&origin=ORY&endRange=2025-10-14T23:59:59Z&startRange=2025-05-15T09:00:00Z,1.0,13.0,8%,1287.0,<Response [200]>,,
,,,,,,BNA,,,,,ATL,,,,2025-10-14T23:59:59Z,2025-05-15T09:00:00Z,destination=BNA&origin=ATL&endRange=2025-10-14T23:59:59Z&startRange=2025-05-15T09:00:00Z,1.0,30.0,3%,2978.0,<Response [200]>,,
,,,,,,TUN,,,,,CDG,,,,2025-10-14T23:59:59Z,2025-05-15T09:00:00Z,destination=TUN&origin=CDG&endRange=2025-10-14T23:59:59Z&startRange=2025-05-15T09:00:00Z,1.0,12.0,8%,1135.0,<Response [200]>,,
,,,,,,RDU,,,,,ATL,,,,2025-10-14T23:59:59Z,2025-05-15T09:00:00Z,destination=RDU&origin=ATL&endRange=2025-10-14T23:59:59Z&startRange=2025-05-15T09:00:00Z,1.0,33.0,3%,3257.0,<Response [200]>,,
,,,,,,CMN,,,,,ORY,,,,2025-10-14T23:59:59Z,2025-05-15T09:00:00Z,destination=CMN&origin=ORY&endRange=2025-10-14T23:59:59Z&startRange=2025-05-15T09:00:00Z,1.0,11.0,9%,1097.0,<Response [200]>,,
,,,,,,LHR,,,,,JFK,,,,2025-10-14T23:59:59Z,2025-05-15T09:00:00Z,destination=LHR&origin=JFK&endRange=2025-10-14T23:59:59Z&startRange=2025-05-15T09:00:00Z,1.0,13.0,8%,1257.0,<Response [200]>,,
,,,,,,YUL,,,,,CDG,,,,2025-10-14T23:59:59Z,2025-05-15T09:00:00Z,destination=YUL&origin=CDG&endRange=2025-10-14T23:59:59Z&startRange=2025-05-15T09:00:00Z,1.0,11.0,9%,1058.0,<Response [200]>,,
,,,,,,ATL,,,,,TYS,,,,2025-10-14T23:59:59Z,2025-05-15T09:00:00Z,destination=ATL&origin=TYS&endRange=2025-10-14T23:59:59Z&startRange=2025-05-15T09:00:00Z,1.0,27.0,4%,2642.0,<Response [200]>,,
,,,,,,IST,,,,,CDG,,,,2025-10-14T23:59:59Z,2025-05-15T09:00:00Z,destination=IST&origin=CDG&endRange=2025-10-14T23:59:59Z&startRange=2025-05-15T09:00:00Z,1.0,12.0,8%,1139.0,<Response [200]>,,
,,,,,,CDG,,,,,YUL,,,,2025-10-14T23:59:59Z,2025-05-15T09:00:00Z,destination=CDG&origin=YUL&endRange=2025-10-14T23:59:59Z&startRange=2025-05-15T09:00:00Z,1.0,11.0,9%,1060.0,<Response [200]>,,
,,,,,,CDG,,,,,TUN,,,,2025-10-14T23:59:59Z,2025-05-15T09:00:00Z,destination=CDG&origin=TUN&endRange=2025-10-14T23:59:59Z&startRange=2025-05-15T09:00:00Z,1.0,12.0,8%,1148.0,<Response [200]>,,
,,,,,,GSP,,,,,ATL,,,,2025-10-14T23:59:59Z,2025-05-15T09:00:00Z,destination=GSP&origin=ATL&endRange=2025-10-14T23:59:59Z&startRange=2025-05-15T09:00:00Z,1.0,22.0,5%,2158.0,<Response [200]>,,
,,,,,,TYS,,,,,ATL,,,,2025-10-14T23:59:59Z,2025-05-15T09:00:00Z,destination=TYS&origin=ATL&endRange=2025-10-14T23:59:59Z&startRange=2025-05-15T09:00:00Z,1.0,26.0,4%,2576.0,<Response [200]>,,
,,,,,,MCO,,,,,ATL,,,,2025-10-14T23:59:59Z,2025-05-15T09:00:00Z,destination=MCO&origin=ATL&endRange=2025-10-14T23:59:59Z&startRange=2025-05-15T09:00:00Z,1.0,41.0,2%,4064.0,<Response [200]>,,
,,,,,,CDG,,,,,IST,,,,2025-10-14T23:59:59Z,2025-05-15T09:00:00Z,destination=CDG&origin=IST&endRange=2025-10-14T23:59:59Z&startRange=2025-05-15T09:00:00Z,1.0,12.0,8%,1139.0,<Response [200]>,,
,,,,,,TUN,,,,,ORY,,,,2025-10-14T23:59:59Z,2025-05-15T09:00:00Z,destination=TUN&origin=ORY&endRange=2025-10-14T23:59:59Z&startRange=2025-05-15T09:00:00Z,1.0,12.0,8%,1161.0,<Response [200]>,,
,,,,,,ATL,,,,,LGA,,,,2025-10-14T23:59:59Z,2025-05-15T09:00:00Z,destination=ATL&origin=LGA&endRange=2025-10-14T23:59:59Z&startRange=2025-05-15T09:00:00Z,1.0,31.0,3%,3049.0,<Response [200]>,,
,,,,,,CDG,,,,,CMN,,,,2025-10-14T23:59:59Z,2025-05-15T09:00:00Z,destination=CDG&origin=CMN&endRange=2025-10-14T23:59:59Z&startRange=2025-05-15T09:00:00Z,1.0,10.0,10%,981.0,<Response [200]>,,
,,,,,,JAX,,,,,ATL,,,,2025-10-14T23:59:59Z,2025-05-15T09:00:00Z,destination=JAX&origin=ATL&endRange=2025-10-14T23:59:59Z&startRange=2025-05-15T09:00:00Z,1.0,28.0,4%,2783.0,<Response [200]>,,
,,,,,,ORY,,,,,TUN,,,,2025-10-14T23:59:59Z,2025-05-15T09:00:00Z,destination=ORY&origin=TUN&endRange=2025-10-14T23:59:59Z&startRange=2025-05-15T09:00:00Z,1.0,12.0,8%,1190.0,<Response [200]>,,
,,,,,,LAX,,,,,ATL,,,,2025-10-14T23:59:59Z,2025-05-15T09:00:00Z,destination=LAX&origin=ATL&endRange=2025-10-14T23:59:59Z&startRange=2025-05-15T09:00:00Z,1.0,46.0,2%,4548.0,<Response [200]>,,
,,,,,,ORY,,,,,RAK,,,,2025-10-14T23:59:59Z,2025-05-15T09:00:00Z,destination=ORY&origin=RAK&endRange=2025-10-14T23:59:59Z&startRange=2025-05-15T09:00:00Z,1.0,12.0,8%,1109.0,<Response [200]>,,
,,,,,,CDG,,,,,LAX,,,,2025-10-14T23:59:59Z,2025-05-15T09:00:00Z,destination=CDG&origin=LAX&endRange=2025-10-14T23:59:59Z&startRange=2025-05-15T09:00:00Z,1.0,10.0,10%,992.0,<Response [200]>,,
,,,,,,RAK,,,,,ORY,,,,2025-10-14T23:59:59Z,2025-05-15T09:00:00Z,destination=RAK&origin=ORY&endRange=2025-10-14T23:59:59Z&startRange=2025-05-15T09:00:00Z,1.0,12.0,8%,1105.0,<Response [200]>,,
,,,,,,CMN,,,,,CDG,,,,2025-10-14T23:59:59Z,2025-05-15T09:00:00Z,destination=CMN&origin=CDG&endRange=2025-10-14T23:59:59Z&startRange=2025-05-15T09:00:00Z,1.0,10.0,10%,979.0,<Response [200]>,,
,,,,,,ATL,,,,,SFO,,,,2025-10-14T23:59:59Z,2025-05-15T09:00:00Z,destination=ATL&origin=SFO&endRange=2025-10-14T23:59:59Z&startRange=2025-05-15T09:00:00Z,1.0,36.0,3%,3575.0,<Response [200]>,,
,,,,,,LAX,,,,,CDG,,,,2025-10-14T23:59:59Z,2025-05-15T09:00:00Z,destination=LAX&origin=CDG&endRange=2025-10-14T23:59:59Z&startRange=2025-05-15T09:00:00Z,1.0,10.0,10%,997.0,<Response [200]>,,
,,,,,,TLV,,,,,CDG,,,,2025-10-14T23:59:59Z,2025-05-15T09:00:00Z,destination=TLV&origin=CDG&endRange=2025-10-14T23:59:59Z&startRange=2025-05-15T09:00:00Z,1.0,9.0,11%,852.0,<Response [200]>,,
,,,,,,ATL,,,,,RDU,,,,2025-10-14T23:59:59Z,2025-05-15T09:00:00Z,destination=ATL&origin=RDU&endRange=2025-10-14T23:59:59Z&startRange=2025-05-15T09:00:00Z,1.0,30.0,3%,2903.0,<Response [200]>,,
,,,,,,ATL,,,,,HSV,,,,2025-10-14T23:59:59Z,2025-05-15T09:00:00Z,destination=ATL&origin=HSV&endRange=2025-10-14T23:59:59Z&startRange=2025-05-15T09:00:00Z,1.0,21.0,5%,2012.0,<Response [200]>,,
,,,,,,ORY,,,,,DJE,,,,2025-10-14T23:59:59Z,2025-05-15T09:00:00Z,destination=ORY&origin=DJE&endRange=2025-10-14T23:59:59Z&startRange=2025-05-15T09:00:00Z,1.0,9.0,11%,883.0,<Response [200]>,,
,,,,,,IST,,,,,AMS,,,,2025-10-14T23:59:59Z,2025-05-15T09:00:00Z,destination=IST&origin=AMS&endRange=2025-10-14T23:59:59Z&startRange=2025-05-15T09:00:00Z,1.0,10.0,10%,922.0,<Response [200]>,,
,,,,,,CLE,,,,,ATL,,,,2025-10-14T23:59:59Z,2025-05-15T09:00:00Z,destination=CLE&origin=ATL&endRange=2025-10-14T23:59:59Z&startRange=2025-05-15T09:00:00Z,1.0,25.0,4%,2406.0,<Response [200]>,,
,,,,,,FLL,,,,,ATL,,,,2025-10-14T23:59:59Z,2025-05-15T09:00:00Z,destination=FLL&origin=ATL&endRange=2025-10-14T23:59:59Z&startRange=2025-05-15T09:00:00Z,1.0,31.0,3%,3088.0,<Response [200]>,,
,,,,,,ATL,,,,,PHL,,,,2025-10-14T23:59:59Z,2025-05-15T09:00:00Z,destination=ATL&origin=PHL&endRange=2025-10-14T23:59:59Z&startRange=2025-05-15T09:00:00Z,1.0,23.0,4%,2233.0,<Response [200]>,,
,,,,,,CDG,,,,,TLV,,,,2025-10-14T23:59:59Z,2025-05-15T09:00:00Z,destination=CDG&origin=TLV&endRange=2025-10-14T23:59:59Z&startRange=2025-05-15T09:00:00Z,1.0,9.0,11%,838.0,<Response [200]>,,
,,,,,,DJE,,,,,ORY,,,,2025-10-14T23:59:59Z,2025-05-15T09:00:00Z,destination=DJE&origin=ORY&endRange=2025-10-14T23:59:59Z&startRange=2025-05-15T09:00:00Z,1.0,9.0,11%,861.0,<Response [200]>,,
,,,,,,ATL,,,,,DFW,,,,2025-10-14T23:59:59Z,2025-05-15T09:00:00Z,destination=ATL&origin=DFW&endRange=2025-10-14T23:59:59Z&startRange=2025-05-15T09:00:00Z,1.0,25.0,4%,2459.0,<Response [200]>,,
,,,,,,IND,,,,,ATL,,,,2025-10-14T23:59:59Z,2025-05-15T09:00:00Z,destination=IND&origin=ATL&endRange=2025-10-14T23:59:59Z&startRange=2025-05-15T09:00:00Z,1.0,26.0,4%,2516.0,<Response [200]>,,
,,,,,,ATL,,,,,LAS,,,,2025-10-14T23:59:59Z,2025-05-15T09:00:00Z,destination=ATL&origin=LAS&endRange=2025-10-14T23:59:59Z&startRange=2025-05-15T09:00:00Z,1.0,41.0,2%,4038.0,<Response [200]>,,
,,,,,,PHL,,,,,ATL,,,,2025-10-14T23:59:59Z,2025-05-15T09:00:00Z,destination=PHL&origin=ATL&endRange=2025-10-14T23:59:59Z&startRange=2025-05-15T09:00:00Z,1.0,29.0,3%,2811.0,<Response [200]>,,
,,,,,,ATL,,,,,BNA,,,,2025-10-14T23:59:59Z,2025-05-15T09:00:00Z,destination=ATL&origin=BNA&endRange=2025-10-14T23:59:59Z&startRange=2025-05-15T09:00:00Z,1.0,26.0,4%,2543.0,<Response [200]>,,
,,,,,,JFK,,,,,SFO,,,,2025-10-14T23:59:59Z,2025-05-15T09:00:00Z,destination=JFK&origin=SFO&endRange=2025-10-14T23:59:59Z&startRange=2025-05-15T09:00:00Z,1.0,26.0,4%,2506.0,<Response [200]>,,
,,,,,,AMS,,,,,IST,,,,2025-10-14T23:59:59Z,2025-05-15T09:00:00Z,destination=AMS&origin=IST&endRange=2025-10-14T23:59:59Z&startRange=2025-05-15T09:00:00Z,1.0,10.0,10%,922.0,<Response [200]>,,
,,,,,,DCA,,,,,ATL,,,,2025-10-14T23:59:59Z,2025-05-15T09:00:00Z,destination=DCA&origin=ATL&endRange=2025-10-14T23:59:59Z&startRange=2025-05-15T09:00:00Z,1.0,30.0,3%,2990.0,<Response [200]>,,
,,,,,,ORF,,,,,ATL,,,,2025-10-14T23:59:59Z,2025-05-15T09:00:00Z,destination=ORF&origin=ATL&endRange=2025-10-14T23:59:59Z&startRange=2025-05-15T09:00:00Z,1.0,23.0,4%,2290.0,<Response [200]>,,
,,,,,,SAW,,,,,AMS,,,,2025-10-14T23:59:59Z,2025-05-15T09:00:00Z,destination=SAW&origin=AMS&endRange=2025-10-14T23:59:59Z&startRange=2025-05-15T09:00:00Z,1.0,8.0,12%,798.0,<Response [200]>,,
,,,,,,PNS,,,,,ATL,,,,2025-10-14T23:59:59Z,2025-05-15T09:00:00Z,destination=PNS&origin=ATL&endRange=2025-10-14T23:59:59Z&startRange=2025-05-15T09:00:00Z,1.0,21.0,5%,2095.0,<Response [200]>,,
,,,,,,AMS,,,,,SAW,,,,2025-10-14T23:59:59Z,2025-05-15T09:00:00Z,destination=AMS&origin=SAW&endRange=2025-10-14T23:59:59Z&startRange=2025-05-15T09:00:00Z,1.0,8.0,12%,796.0,<Response [200]>,,
,,,,,,DFW,,,,,ATL,,,,2025-10-14T23:59:59Z,2025-05-15T09:00:00Z,destination=DFW&origin=ATL&endRange=2025-10-14T23:59:59Z&startRange=2025-05-15T09:00:00Z,1.0,25.0,4%,2404.0,<Response [200]>,,
,,,,,,STL,,,,,ATL,,,,2025-10-14T23:59:59Z,2025-05-15T09:00:00Z,destination=STL&origin=ATL&endRange=2025-10-14T23:59:59Z&startRange=2025-05-15T09:00:00Z,1.0,24.0,4%,2348.0,<Response [200]>,,
,,,,,,AMS,,,,,JFK,,,,2025-10-14T23:59:59Z,2025-05-15T09:00:00Z,destination=AMS&origin=JFK&endRange=2025-10-14T23:59:59Z&startRange=2025-05-15T09:00:00Z,1.0,10.0,10%,917.0,<Response [200]>,,
,,,,,,ATL,,,,,MCO,,,,2025-10-14T23:59:59Z,2025-05-15T09:00:00Z,destination=ATL&origin=MCO&endRange=2025-10-14T23:59:59Z&startRange=2025-05-15T09:00:00Z,1.0,40.0,2%,3996.0,<Response [200]>,,
,,,,,,MCI,,,,,ATL,,,,2025-10-14T23:59:59Z,2025-05-15T09:00:00Z,destination=MCI&origin=ATL&endRange=2025-10-14T23:59:59Z&startRange=2025-05-15T09:00:00Z,1.0,29.0,3%,2892.0,<Response [200]>,,
,,,,,,LGA,,,,,ATL,,,,2025-10-14T23:59:59Z,2025-05-15T09:00:00Z,destination=LGA&origin=ATL&endRange=2025-10-14T23:59:59Z&startRange=2025-05-15T09:00:00Z,1.0,31.0,3%,3085.0,<Response [200]>,,
,,,,,,SFO,,,,,ATL,,,,2025-10-14T23:59:59Z,2025-05-15T09:00:00Z,destination=SFO&origin=ATL&endRange=2025-10-14T23:59:59Z&startRange=2025-05-15T09:00:00Z,1.0,30.0,3%,2916.0,<Response [200]>,,
,,,,,,ATL,,,,,CLE,,,,2025-10-14T23:59:59Z,2025-05-15T09:00:00Z,destination=ATL&origin=CLE&endRange=2025-10-14T23:59:59Z&startRange=2025-05-15T09:00:00Z,1.0,26.0,4%,2538.0,<Response [200]>,,
,,,,,,BHM,,,,,ATL,,,,2025-10-14T23:59:59Z,2025-05-15T09:00:00Z,destination=BHM&origin=ATL&endRange=2025-10-14T23:59:59Z&startRange=2025-05-15T09:00:00Z,1.0,23.0,4%,2216.0,<Response [200]>,,
,,,,,,JFK,,,,,ATL,,,,2025-10-14T23:59:59Z,2025-05-15T09:00:00Z,destination=JFK&origin=ATL&endRange=2025-10-14T23:59:59Z&startRange=2025-05-15T09:00:00Z,1.0,70.0,1%,6945.0,<Response [200]>,,
,,,,,,JFK,,,,,AMS,,,,2025-10-14T23:59:59Z,2025-05-15T09:00:00Z,destination=JFK&origin=AMS&endRange=2025-10-14T23:59:59Z&startRange=2025-05-15T09:00:00Z,1.0,9.0,11%,853.0,<Response [200]>,,
,,,,,,EWR,,,,,ATL,,,,2025-10-14T23:59:59Z,2025-05-15T09:00:00Z,destination=EWR&origin=ATL&endRange=2025-10-14T23:59:59Z&startRange=2025-05-15T09:00:00Z,1.0,24.0,4%,2323.0,<Response [200]>,,
,,,,,,ATL,,,,,AUS,,,,2025-10-14T23:59:59Z,2025-05-15T09:00:00Z,destination=ATL&origin=AUS&endRange=2025-10-14T23:59:59Z&startRange=2025-05-15T09:00:00Z,1.0,29.0,3%,2817.0,<Response [200]>,,
,,,,,,CAE,,,,,ATL,,,,2025-10-14T23:59:59Z,2025-05-15T09:00:00Z,destination=CAE&origin=ATL&endRange=2025-10-14T23:59:59Z&startRange=2025-05-15T09:00:00Z,1.0,19.0,5%,1822.0,<Response [200]>,,
,,,,,,ATL,,,,,MEM,,,,2025-10-14T23:59:59Z,2025-05-15T09:00:00Z,destination=ATL&origin=MEM&endRange=2025-10-14T23:59:59Z&startRange=2025-05-15T09:00:00Z,1.0,20.0,5%,1919.0,<Response [200]>,,
,,,,,,ATL,,,,,FLL,,,,2025-10-14T23:59:59Z,2025-05-15T09:00:00Z,destination=ATL&origin=FLL&endRange=2025-10-14T23:59:59Z&startRange=2025-05-15T09:00:00Z,1.0,28.0,4%,2735.0,<Response [200]>,,
,,,,,,CMH,,,,,ATL,,,,2025-10-14T23:59:59Z,2025-05-15T09:00:00Z,destination=CMH&origin=ATL&endRange=2025-10-14T23:59:59Z&startRange=2025-05-15T09:00:00Z,1.0,22.0,5%,2181.0,<Response [200]>,,
,,,,,,TPA,,,,,ATL,,,,2025-10-14T23:59:59Z,2025-05-15T09:00:00Z,destination=TPA&origin=ATL&endRange=2025-10-14T23:59:59Z&startRange=2025-05-15T09:00:00Z,1.0,28.0,4%,2785.0,<Response [200]>,,
,,,,,,IAD,,,,,DTW,,,,2025-10-14T23:59:59Z,2025-05-15T09:00:00Z,destination=IAD&origin=DTW&endRange=2025-10-14T23:59:59Z&startRange=2025-05-15T09:00:00Z,1.0,18.0,6%,1783.0,<Response [200]>,,
,,,,,,PTP,,,,,ORY,,,,2025-10-14T23:59:59Z,2025-05-15T09:00:00Z,destination=PTP&origin=ORY&endRange=2025-10-14T23:59:59Z&startRange=2025-05-15T09:00:00Z,1.0,6.0,17%,573.0,<Response [200]>,,
,,,,,,LAS,,,,,DTW,,,,2025-10-14T23:59:59Z,2025-05-15T09:00:00Z,destination=LAS&origin=DTW&endRange=2025-10-14T23:59:59Z&startRange=2025-05-15T09:00:00Z,1.0,18.0,6%,1767.0,<Response [200]>,,
,,,,,,HSV,,,,,ATL,,,,2025-10-14T23:59:59Z,2025-05-15T09:00:00Z,destination=HSV&origin=ATL&endRange=2025-10-14T23:59:59Z&startRange=2025-05-15T09:00:00Z,1.0,21.0,5%,2089.0,<Response [200]>,,
,,,,,,AUS,,,,,ATL,,,,2025-10-14T23:59:59Z,2025-05-15T09:00:00Z,destination=AUS&origin=ATL&endRange=2025-10-14T23:59:59Z&startRange=2025-05-15T09:00:00Z,1.0,27.0,4%,2627.0,<Response [200]>,,
,,,,,,LAS,,,,,ATL,,,,2025-10-14T23:59:59Z,2025-05-15T09:00:00Z,destination=LAS&origin=ATL&endRange=2025-10-14T23:59:59Z&startRange=2025-05-15T09:00:00Z,1.0,38.0,3%,3715.0,<Response [200]>,,
,,,,,,ATL,,,,,CAE,,,,2025-10-14T23:59:59Z,2025-05-15T09:00:00Z,destination=ATL&origin=CAE&endRange=2025-10-14T23:59:59Z&startRange=2025-05-15T09:00:00Z,1.0,17.0,6%,1655.0,<Response [200]>,,
,,,,,,HAN,,,,,SGN,,,,2025-10-14T23:59:59Z,2025-05-15T09:00:00Z,destination=HAN&origin=SGN&endRange=2025-10-14T23:59:59Z&startRange=2025-05-15T09:00:00Z,1.0,24.0,4%,2375.0,<Response [200]>,,
,,,,,,ATL,,,,,CDG,,,,2025-10-14T23:59:59Z,2025-05-15T09:00:00Z,destination=ATL&origin=CDG&endRange=2025-10-14T23:59:59Z&startRange=2025-05-15T09:00:00Z,1.0,8.0,12%,779.0,<Response [200]>,,
,,,,,,ATL,,,,,LAX,,,,2025-10-14T23:59:59Z,2025-05-15T09:00:00Z,destination=ATL&origin=LAX&endRange=2025-10-14T23:59:59Z&startRange=2025-05-15T09:00:00Z,1.0,44.0,2%,4387.0,<Response [200]>,,
,,,,,,ORD,,,,,ATL,,,,2025-10-14T23:59:59Z,2025-05-15T09:00:00Z,destination=ORD&origin=ATL&endRange=2025-10-14T23:59:59Z&startRange=2025-05-15T09:00:00Z,1.0,30.0,3%,2934.0,<Response [200]>,,
,,,,,,SDF,,,,,ATL,,,,2025-10-14T23:59:59Z,2025-05-15T09:00:00Z,destination=SDF&origin=ATL&endRange=2025-10-14T23:59:59Z&startRange=2025-05-15T09:00:00Z,1.0,19.0,5%,1859.0,<Response [200]>,,
,,,,,,SFO,,,,,SEA,,,,2025-10-14T23:59:59Z,2025-05-15T09:00:00Z,destination=SFO&origin=SEA&endRange=2025-10-14T23:59:59Z&startRange=2025-05-15T09:00:00Z,1.0,20.0,5%,1922.0,<Response [200]>,,
,,,,,,MSP,,,,,LAS,,,,2025-10-14T23:59:59Z,2025-05-15T09:00:00Z,destination=MSP&origin=LAS&endRange=2025-10-14T23:59:59Z&startRange=2025-05-15T09:00:00Z,1.0,18.0,6%,1728.0,<Response [200]>,,
,,,,,,GSO,,,,,ATL,,,,2025-10-14T23:59:59Z,2025-05-15T09:00:00Z,destination=GSO&origin=ATL&endRange=2025-10-14T23:59:59Z&startRange=2025-05-15T09:00:00Z,1.0,20.0,5%,1977.0,<Response [200]>,,
,,,,,,ATL,,,,,PNS,,,,2025-10-14T23:59:59Z,2025-05-15T09:00:00Z,destination=ATL&origin=PNS&endRange=2025-10-14T23:59:59Z&startRange=2025-05-15T09:00:00Z,1.0,18.0,6%,1745.0,<Response [200]>,,
,,,,,,ATL,,,,,JFK,,,,2025-10-14T23:59:59Z,2025-05-15T09:00:00Z,destination=ATL&origin=JFK&endRange=2025-10-14T23:59:59Z&startRange=2025-05-15T09:00:00Z,1.0,56.0,2%,5526.0,<Response [200]>,,
,,,,,,ATL,,,,,DTW,,,,2025-10-14T23:59:59Z,2025-05-15T09:00:00Z,destination=ATL&origin=DTW&endRange=2025-10-14T23:59:59Z&startRange=2025-05-15T09:00:00Z,1.0,103.0,1%,10216.0,<Response [200]>,,
,,,,,,ATL,,,,,DCA,,,,2025-10-14T23:59:59Z,2025-05-15T09:00:00Z,destination=ATL&origin=DCA&endRange=2025-10-14T23:59:59Z&startRange=2025-05-15T09:00:00Z,1.0,27.0,4%,2613.0,<Response [200]>,,
,,,,,,ORY,,,,,PTP,,,,2025-10-14T23:59:59Z,2025-05-15T09:00:00Z,destination=ORY&origin=PTP&endRange=2025-10-14T23:59:59Z&startRange=2025-05-15T09:00:00Z,1.0,6.0,17%,578.0,<Response [200]>,,
,,,,,,CDG,,,,,ATL,,,,2025-10-14T23:59:59Z,2025-05-15T09:00:00Z,destination=CDG&origin=ATL&endRange=2025-10-14T23:59:59Z&startRange=2025-05-15T09:00:00Z,1.0,8.0,12%,771.0,<Response [200]>,,
,,,,,,LAX,,,,,JFK,,,,2025-10-14T23:59:59Z,2025-05-15T09:00:00Z,destination=LAX&origin=JFK&endRange=2025-10-14T23:59:59Z&startRange=2025-05-15T09:00:00Z,1.0,25.0,4%,2445.0,<Response [200]>,,
,,,,,,ATL,,,,,STL,,,,2025-10-14T23:59:59Z,2025-05-15T09:00:00Z,destination=ATL&origin=STL&endRange=2025-10-14T23:59:59Z&startRange=2025-05-15T09:00:00Z,1.0,22.0,5%,2171.0,<Response [200]>,,
,,,,,,PIT,,,,,ATL,,,,2025-10-14T23:59:59Z,2025-05-15T09:00:00Z,destination=PIT&origin=ATL&endRange=2025-10-14T23:59:59Z&startRange=2025-05-15T09:00:00Z,1.0,21.0,5%,2086.0,<Response [200]>,,
,,,,,,ATL,,,,,ORD,,,,2025-10-14T23:59:59Z,2025-05-15T09:00:00Z,destination=ATL&origin=ORD&endRange=2025-10-14T23:59:59Z&startRange=2025-05-15T09:00:00Z,1.0,33.0,3%,3254.0,<Response [200]>,,
,,,,,,PBI,,,,,ATL,,,,2025-10-14T23:59:59Z,2025-05-15T09:00:00Z,destination=PBI&origin=ATL&endRange=2025-10-14T23:59:59Z&startRange=2025-05-15T09:00:00Z,1.0,23.0,4%,2205.0,<Response [200]>,,
,,,,,,YYZ,,,,,AMS,,,,2025-10-14T23:59:59Z,2025-05-15T09:00:00Z,destination=YYZ&origin=AMS&endRange=2025-10-14T23:59:59Z&startRange=2025-05-15T09:00:00Z,1.0,6.0,17%,595.0,<Response [200]>,,
,,,,,,MEM,,,,,ATL,,,,2025-10-14T23:59:59Z,2025-05-15T09:00:00Z,destination=MEM&origin=ATL&endRange=2025-10-14T23:59:59Z&startRange=2025-05-15T09:00:00Z,1.0,26.0,4%,2506.0,<Response [200]>,,
,,,,,,ORY,,,,,AGA,,,,2025-10-14T23:59:59Z,2025-05-15T09:00:00Z,destination=ORY&origin=AGA&endRange=2025-10-14T23:59:59Z&startRange=2025-05-15T09:00:00Z,1.0,7.0,14%,690.0,<Response [200]>,,
,,,,,,YYZ,,,,,CDG,,,,2025-10-14T23:59:59Z,2025-05-15T09:00:00Z,destination=YYZ&origin=CDG&endRange=2025-10-14T23:59:59Z&startRange=2025-05-15T09:00:00Z,1.0,7.0,14%,612.0,<Response [200]>,,
,,,,,,ATL,,,,,SRQ,,,,2025-10-14T23:59:59Z,2025-05-15T09:00:00Z,destination=ATL&origin=SRQ&endRange=2025-10-14T23:59:59Z&startRange=2025-05-15T09:00:00Z,1.0,16.0,6%,1537.0,<Response [200]>,,
,,,,,,IND,,,,,DTW,,,,2025-10-14T23:59:59Z,2025-05-15T09:00:00Z,destination=IND&origin=DTW&endRange=2025-10-14T23:59:59Z&startRange=2025-05-15T09:00:00Z,1.0,17.0,6%,1646.0,<Response [200]>,,
,,,,,,BOS,,,,,ATL,,,,2025-10-14T23:59:59Z,2025-05-15T09:00:00Z,destination=BOS&origin=ATL&endRange=2025-10-14T23:59:59Z&startRange=2025-05-15T09:00:00Z,1.0,34.0,3%,3314.0,<Response [200]>,,
,,,,,,MSP,,,,,MSN,,,,2025-10-14T23:59:59Z,2025-05-15T09:00:00Z,destination=MSP&origin=MSN&endRange=2025-10-14T23:59:59Z&startRange=2025-05-15T09:00:00Z,1.0,17.0,6%,1688.0,<Response [200]>,,
,,,,,,AGA,,,,,ORY,,,,2025-10-14T23:59:59Z,2025-05-15T09:00:00Z,destination=AGA&origin=ORY&endRange=2025-10-14T23:59:59Z&startRange=2025-05-15T09:00:00Z,1.0,7.0,14%,686.0,<Response [200]>,,
,,,,,,ATL,,,,,SAN,,,,2025-10-14T23:59:59Z,2025-05-15T09:00:00Z,destination=ATL&origin=SAN&endRange=2025-10-14T23:59:59Z&startRange=2025-05-15T09:00:00Z,1.0,21.0,5%,2010.0,<Response [200]>,,
,,,,,,CLT,,,,,ATL,,,,2025-10-14T23:59:59Z,2025-05-15T09:00:00Z,destination=CLT&origin=ATL&endRange=2025-10-14T23:59:59Z&startRange=2025-05-15T09:00:00Z,1.0,24.0,4%,2393.0,<Response [200]>,,
,,,,,,LAX,,,,,LAS,,,,2025-10-14T23:59:59Z,2025-05-15T09:00:00Z,destination=LAX&origin=LAS&endRange=2025-10-14T23:59:59Z&startRange=2025-05-15T09:00:00Z,1.0,17.0,6%,1632.0,<Response [200]>,,
,,,,,,ATL,,,,,BOS,,,,2025-10-14T23:59:59Z,2025-05-15T09:00:00Z,destination=ATL&origin=BOS&endRange=2025-10-14T23:59:59Z&startRange=2025-05-15T09:00:00Z,1.0,34.0,3%,3367.0,<Response [200]>,,
,,,,,,BWI,,,,,ATL,,,,2025-10-14T23:59:59Z,2025-05-15T09:00:00Z,destination=BWI&origin=ATL&endRange=2025-10-14T23:59:59Z&startRange=2025-05-15T09:00:00Z,1.0,24.0,4%,2340.0,<Response [200]>,,
,,,,,,ATL,,,,,ORF,,,,2025-10-14T23:59:59Z,2025-05-15T09:00:00Z,destination=ATL&origin=ORF&endRange=2025-10-14T23:59:59Z&startRange=2025-05-15T09:00:00Z,1.0,16.0,6%,1576.0,<Response [200]>,,
,,,,,,FDF,,,,,ORY,,,,2025-10-14T23:59:59Z,2025-05-15T09:00:00Z,destination=FDF&origin=ORY&endRange=2025-10-14T23:59:59Z&startRange=2025-05-15T09:00:00Z,1.0,6.0,17%,513.0,<Response [200]>,,
,,,,,,CVG,,,,,DTW,,,,2025-10-14T23:59:59Z,2025-05-15T09:00:00Z,destination=CVG&origin=DTW&endRange=2025-10-14T23:59:59Z&startRange=2025-05-15T09:00:00Z,1.0,22.0,5%,2178.0,<Response [200]>,,
,,,,,,ATL,,,,,BHM,,,,2025-10-14T23:59:59Z,2025-05-15T09:00:00Z,destination=ATL&origin=BHM&endRange=2025-10-14T23:59:59Z&startRange=2025-05-15T09:00:00Z,1.0,17.0,6%,1646.0,<Response [200]>,,
,,,,,,ATL,,,,,GSO,,,,2025-10-14T23:59:59Z,2025-05-15T09:00:00Z,destination=ATL&origin=GSO&endRange=2025-10-14T23:59:59Z&startRange=2025-05-15T09:00:00Z,1.0,16.0,6%,1522.0,<Response [200]>,,
,,,,,,JFK,,,,,LAX,,,,2025-10-14T23:59:59Z,2025-05-15T09:00:00Z,destination=JFK&origin=LAX&endRange=2025-10-14T23:59:59Z&startRange=2025-05-15T09:00:00Z,1.0,27.0,4%,2622.0,<Response [200]>,,
,,,,,,ATL,,,,,YYZ,,,,2025-10-14T23:59:59Z,2025-05-15T09:00:00Z,destination=ATL&origin=YYZ&endRange=2025-10-14T23:59:59Z&startRange=2025-05-15T09:00:00Z,1.0,14.0,7%,1353.0,<Response [200]>,,
,,,,,,BOS,,,,,CDG,,,,2025-10-14T23:59:59Z,2025-05-15T09:00:00Z,destination=BOS&origin=CDG&endRange=2025-10-14T23:59:59Z&startRange=2025-05-15T09:00:00Z,1.0,7.0,14%,618.0,<Response [200]>,,
,,,,,,ATL,,,,,MCI,,,,2025-10-14T23:59:59Z,2025-05-15T09:00:00Z,destination=ATL&origin=MCI&endRange=2025-10-14T23:59:59Z&startRange=2025-05-15T09:00:00Z,1.0,24.0,4%,2369.0,<Response [200]>,,
,,,,,,ATL,,,,,MSP,,,,2025-10-14T23:59:59Z,2025-05-15T09:00:00Z,destination=ATL&origin=MSP&endRange=2025-10-14T23:59:59Z&startRange=2025-05-15T09:00:00Z,1.0,114.0,1%,11317.0,<Response [200]>,,
,,,,,,GRR,,,,,DTW,,,,2025-10-14T23:59:59Z,2025-05-15T09:00:00Z,destination=GRR&origin=DTW&endRange=2025-10-14T23:59:59Z&startRange=2025-05-15T09:00:00Z,1.0,18.0,6%,1781.0,<Response [200]>,,
,,,,,,DMM,,,,,RUH,,,,2025-10-14T23:59:59Z,2025-05-15T09:00:00Z,destination=DMM&origin=RUH&endRange=2025-10-14T23:59:59Z&startRange=2025-05-15T09:00:00Z,1.0,6.0,17%,538.0,<Response [200]>,,
,,,,,,MSP,,,,,PHX,,,,2025-10-14T23:59:59Z,2025-05-15T09:00:00Z,destination=MSP&origin=PHX&endRange=2025-10-14T23:59:59Z&startRange=2025-05-15T09:00:00Z,1.0,18.0,6%,1779.0,<Response [200]>,,
,,,,,,RIC,,,,,ATL,,,,2025-10-14T23:59:59Z,2025-05-15T09:00:00Z,destination=RIC&origin=ATL&endRange=2025-10-14T23:59:59Z&startRange=2025-05-15T09:00:00Z,1.0,20.0,5%,1971.0,<Response [200]>,,
,,,,,,DTW,,,,,PIT,,,,2025-10-14T23:59:59Z,2025-05-15T09:00:00Z,destination=DTW&origin=PIT&endRange=2025-10-14T23:59:59Z&startRange=2025-05-15T09:00:00Z,1.0,15.0,7%,1450.0,<Response [200]>,,
,,,,,,ATL,,,,,EWR,,,,2025-10-14T23:59:59Z,2025-05-15T09:00:00Z,destination=ATL&origin=EWR&endRange=2025-10-14T23:59:59Z&startRange=2025-05-15T09:00:00Z,1.0,21.0,5%,2038.0,<Response [200]>,,
,,,,,,ATL,,,,,PIT,,,,2025-10-14T23:59:59Z,2025-05-15T09:00:00Z,destination=ATL&origin=PIT&endRange=2025-10-14T23:59:59Z&startRange=2025-05-15T09:00:00Z,1.0,18.0,6%,1782.0,<Response [200]>,,
,,,,,,DTW,,,,,ATL,,,,2025-10-14T23:59:59Z,2025-05-15T09:00:00Z,destination=DTW&origin=ATL&endRange=2025-10-14T23:59:59Z&startRange=2025-05-15T09:00:00Z,1.0,84.0,1%,8370.0,<Response [200]>,,
,,,,,,CVG,,,,,ATL,,,,2025-10-14T23:59:59Z,2025-05-15T09:00:00Z,destination=CVG&origin=ATL&endRange=2025-10-14T23:59:59Z&startRange=2025-05-15T09:00:00Z,1.0,28.0,4%,2785.0,<Response [200]>,,
,,,,,,CVG,,,,,MSP,,,,2025-10-14T23:59:59Z,2025-05-15T09:00:00Z,destination=CVG&origin=MSP&endRange=2025-10-14T23:59:59Z&startRange=2025-05-15T09:00:00Z,1.0,22.0,5%,2119.0,<Response [200]>,,
,,,,,,SLC,,,,,ATL,,,,2025-10-14T23:59:59Z,2025-05-15T09:00:00Z,destination=SLC&origin=ATL&endRange=2025-10-14T23:59:59Z&startRange=2025-05-15T09:00:00Z,1.0,63.0,2%,6230.0,<Response [200]>,,
,,,,,,MSY,,,,,ATL,,,,2025-10-14T23:59:59Z,2025-05-15T09:00:00Z,destination=MSY&origin=ATL&endRange=2025-10-14T23:59:59Z&startRange=2025-05-15T09:00:00Z,1.0,20.0,5%,1950.0,<Response [200]>,,
,,,,,,SLC,,,,,PHX,,,,2025-10-14T23:59:59Z,2025-05-15T09:00:00Z,destination=SLC&origin=PHX&endRange=2025-10-14T23:59:59Z&startRange=2025-05-15T09:00:00Z,1.0,19.0,5%,1867.0,<Response [200]>,,
,,,,,,LAS,,,,,MSP,,,,2025-10-14T23:59:59Z,2025-05-15T09:00:00Z,destination=LAS&origin=MSP&endRange=2025-10-14T23:59:59Z&startRange=2025-05-15T09:00:00Z,1.0,21.0,5%,2027.0,<Response [200]>,,
,,,,,,MKE,,,,,ATL,,,,2025-10-14T23:59:59Z,2025-05-15T09:00:00Z,destination=MKE&origin=ATL&endRange=2025-10-14T23:59:59Z&startRange=2025-05-15T09:00:00Z,1.0,19.0,5%,1866.0,<Response [200]>,,
,,,,,,ORF,,,,,DTW,,,,2025-10-14T23:59:59Z,2025-05-15T09:00:00Z,destination=ORF&origin=DTW&endRange=2025-10-14T23:59:59Z&startRange=2025-05-15T09:00:00Z,1.0,13.0,8%,1288.0,<Response [200]>,,
,,,,,,CDG,,,,,YYZ,,,,2025-10-14T23:59:59Z,2025-05-15T09:00:00Z,destination=CDG&origin=YYZ&endRange=2025-10-14T23:59:59Z&startRange=2025-05-15T09:00:00Z,1.0,7.0,14%,604.0,<Response [200]>,,
,,,,,,ATL,,,,,SDF,,,,2025-10-14T23:59:59Z,2025-05-15T09:00:00Z,destination=ATL&origin=SDF&endRange=2025-10-14T23:59:59Z&startRange=2025-05-15T09:00:00Z,1.0,16.0,6%,1570.0,<Response [200]>,,
,,,,,,LHR,,,,,ATL,,,,2025-10-14T23:59:59Z,2025-05-15T09:00:00Z,destination=LHR&origin=ATL&endRange=2025-10-14T23:59:59Z&startRange=2025-05-15T09:00:00Z,1.0,7.0,14%,610.0,<Response [200]>,,
,,,,,,ATL,,,,,CMH,,,,2025-10-14T23:59:59Z,2025-05-15T09:00:00Z,destination=ATL&origin=CMH&endRange=2025-10-14T23:59:59Z&startRange=2025-05-15T09:00:00Z,1.0,17.0,6%,1648.0,<Response [200]>,,
,,,,,,MSP,,,,,MCO,,,,2025-10-14T23:59:59Z,2025-05-15T09:00:00Z,destination=MSP&origin=MCO&endRange=2025-10-14T23:59:59Z&startRange=2025-05-15T09:00:00Z,1.0,19.0,5%,1893.0,<Response [200]>,,
,,,,,,SEA,,,,,SFO,,,,2025-10-14T23:59:59Z,2025-05-15T09:00:00Z,destination=SEA&origin=SFO&endRange=2025-10-14T23:59:59Z&startRange=2025-05-15T09:00:00Z,1.0,22.0,5%,2164.0,<Response [200]>,,
,,,,,,ORY,,,,,FDF,,,,2025-10-14T23:59:59Z,2025-05-15T09:00:00Z,destination=ORY&origin=FDF&endRange=2025-10-14T23:59:59Z&startRange=2025-05-15T09:00:00Z,1.0,6.0,17%,515.0,<Response [200]>,,
,,,,,,ATL,,,,,GSP,,,,2025-10-14T23:59:59Z,2025-05-15T09:00:00Z,destination=ATL&origin=GSP&endRange=2025-10-14T23:59:59Z&startRange=2025-05-15T09:00:00Z,1.0,15.0,7%,1478.0,<Response [200]>,,
,,,,,,ATL,,,,,TPA,,,,2025-10-14T23:59:59Z,2025-05-15T09:00:00Z,destination=ATL&origin=TPA&endRange=2025-10-14T23:59:59Z&startRange=2025-05-15T09:00:00Z,1.0,24.0,4%,2322.0,<Response [200]>,,
,,,,,,BOS,,,,,DCA,,,,2025-10-14T23:59:59Z,2025-05-15T09:00:00Z,destination=BOS&origin=DCA&endRange=2025-10-14T23:59:59Z&startRange=2025-05-15T09:00:00Z,1.0,19.0,5%,1894.0,<Response [200]>,,
,,,,,,ATL,,,,,SAV,,,,2025-10-14T23:59:59Z,2025-05-15T09:00:00Z,destination=ATL&origin=SAV&endRange=2025-10-14T23:59:59Z&startRange=2025-05-15T09:00:00Z,1.0,18.0,6%,1728.0,<Response [200]>,,
,,,,,,JFK,,,,,RDU,,,,2025-10-14T23:59:59Z,2025-05-15T09:00:00Z,destination=JFK&origin=RDU&endRange=2025-10-14T23:59:59Z&startRange=2025-05-15T09:00:00Z,1.0,14.0,7%,1314.0,<Response [200]>,,
,,,,,,MCO,,,,,MSP,,,,2025-10-14T23:59:59Z,2025-05-15T09:00:00Z,destination=MCO&origin=MSP&endRange=2025-10-14T23:59:59Z&startRange=2025-05-15T09:00:00Z,1.0,24.0,4%,2311.0,<Response [200]>,,
,,,,,,DXB,,,,,CDG,,,,2025-10-14T23:59:59Z,2025-05-15T09:00:00Z,destination=DXB&origin=CDG&endRange=2025-10-14T23:59:59Z&startRange=2025-05-15T09:00:00Z,1.0,7.0,14%,613.0,<Response [200]>,,
,,,,,,SGN,,,,,HAN,,,,2025-10-14T23:59:59Z,2025-05-15T09:00:00Z,destination=SGN&origin=HAN&endRange=2025-10-14T23:59:59Z&startRange=2025-05-15T09:00:00Z,1.0,25.0,4%,2406.0,<Response [200]>,,
,,,,,,SFO,,,,,LAX,,,,2025-10-14T23:59:59Z,2025-05-15T09:00:00Z,destination=SFO&origin=LAX&endRange=2025-10-14T23:59:59Z&startRange=2025-05-15T09:00:00Z,1.0,17.0,6%,1674.0,<Response [200]>,,
,,,,,,MSP,,,,,ATL,,,,2025-10-14T23:59:59Z,2025-05-15T09:00:00Z,destination=MSP&origin=ATL&endRange=2025-10-14T23:59:59Z&startRange=2025-05-15T09:00:00Z,1.0,104.0,1%,10306.0,<Response [200]>,,
,,,,,,JFK,,,,,CLT,,,,2025-10-14T23:59:59Z,2025-05-15T09:00:00Z,destination=JFK&origin=CLT&endRange=2025-10-14T23:59:59Z&startRange=2025-05-15T09:00:00Z,1.0,18.0,6%,1713.0,<Response [200]>,,
,,,,,,JFK,,,,,MCO,,,,2025-10-14T23:59:59Z,2025-05-15T09:00:00Z,destination=JFK&origin=MCO&endRange=2025-10-14T23:59:59Z&startRange=2025-05-15T09:00:00Z,1.0,16.0,6%,1598.0,<Response [200]>,,
,,,,,,TLH,,,,,ATL,,,,2025-10-14T23:59:59Z,2025-05-15T09:00:00Z,destination=TLH&origin=ATL&endRange=2025-10-14T23:59:59Z&startRange=2025-05-15T09:00:00Z,1.0,20.0,5%,1946.0,<Response [200]>,,
,,,,,,AMS,,,,,YYZ,,,,2025-10-14T23:59:59Z,2025-05-15T09:00:00Z,destination=AMS&origin=YYZ&endRange=2025-10-14T23:59:59Z&startRange=2025-05-15T09:00:00Z,1.0,6.0,17%,589.0,<Response [200]>,,
,,,,,,CLE,,,,,DTW,,,,2025-10-14T23:59:59Z,2025-05-15T09:00:00Z,destination=CLE&origin=DTW&endRange=2025-10-14T23:59:59Z&startRange=2025-05-15T09:00:00Z,1.0,18.0,6%,1769.0,<Response [200]>,,
,,,,,,ATL,,,,,JAN,,,,2025-10-14T23:59:59Z,2025-05-15T09:00:00Z,destination=ATL&origin=JAN&endRange=2025-10-14T23:59:59Z&startRange=2025-05-15T09:00:00Z,1.0,17.0,6%,1690.0,<Response [200]>,,
,,,,,,ATL,,,,,LHR,,,,2025-10-14T23:59:59Z,2025-05-15T09:00:00Z,destination=ATL&origin=LHR&endRange=2025-10-14T23:59:59Z&startRange=2025-05-15T09:00:00Z,1.0,7.0,14%,611.0,<Response [200]>,,
,,,,,,ATL,,,,,BWI,,,,2025-10-14T23:59:59Z,2025-05-15T09:00:00Z,destination=ATL&origin=BWI&endRange=2025-10-14T23:59:59Z&startRange=2025-05-15T09:00:00Z,1.0,19.0,5%,1893.0,<Response [200]>,,
,,,,,,ATL,,,,,DEN,,,,2025-10-14T23:59:59Z,2025-05-15T09:00:00Z,destination=ATL&origin=DEN&endRange=2025-10-14T23:59:59Z&startRange=2025-05-15T09:00:00Z,1.0,22.0,5%,2187.0,<Response [200]>,,
,,,,,,SAN,,,,,ATL,,,,2025-10-14T23:59:59Z,2025-05-15T09:00:00Z,destination=SAN&origin=ATL&endRange=2025-10-14T23:59:59Z&startRange=2025-05-15T09:00:00Z,1.0,24.0,4%,2349.0,<Response [200]>,,
,,,,,,CHS,,,,,ATL,,,,2025-10-14T23:59:59Z,2025-05-15T09:00:00Z,destination=CHS&origin=ATL&endRange=2025-10-14T23:59:59Z&startRange=2025-05-15T09:00:00Z,1.0,21.0,5%,2087.0,<Response [200]>,,
,,,,,,SLC,,,,,PDX,,,,2025-10-14T23:59:59Z,2025-05-15T09:00:00Z,destination=SLC&origin=PDX&endRange=2025-10-14T23:59:59Z&startRange=2025-05-15T09:00:00Z,1.0,16.0,6%,1520.0,<Response [200]>,,
,,,,,,ATL,,,,,SLC,,,,2025-10-14T23:59:59Z,2025-05-15T09:00:00Z,destination=ATL&origin=SLC&endRange=2025-10-14T23:59:59Z&startRange=2025-05-15T09:00:00Z,1.0,59.0,2%,5866.0,<Response [200]>,,
,,,,,,IAD,,,,,CDG,,,,2025-10-14T23:59:59Z,2025-05-15T09:00:00Z,destination=IAD&origin=CDG&endRange=2025-10-14T23:59:59Z&startRange=2025-05-15T09:00:00Z,1.0,7.0,14%,615.0,<Response [200]>,,
,,,,,,DTW,,,,,ORD,,,,2025-10-14T23:59:59Z,2025-05-15T09:00:00Z,destination=DTW&origin=ORD&endRange=2025-10-14T23:59:59Z&startRange=2025-05-15T09:00:00Z,1.0,20.0,5%,1960.0,<Response [200]>,,
,,,,,,CDG,,,,,HND,,,,2025-10-14T23:59:59Z,2025-05-15T09:00:00Z,destination=CDG&origin=HND&endRange=2025-10-14T23:59:59Z&startRange=2025-05-15T09:00:00Z,1.0,7.0,14%,631.0,<Response [200]>,,
,,,,,,STL,,,,,MSP,,,,2025-10-14T23:59:59Z,2025-05-15T09:00:00Z,destination=STL&origin=MSP&endRange=2025-10-14T23:59:59Z&startRange=2025-05-15T09:00:00Z,1.0,16.0,6%,1546.0,<Response [200]>,,
,,,,,,DTW,,,,,IAD,,,,2025-10-14T23:59:59Z,2025-05-15T09:00:00Z,destination=DTW&origin=IAD&endRange=2025-10-14T23:59:59Z&startRange=2025-05-15T09:00:00Z,1.0,12.0,8%,1178.0,<Response [200]>,,
,,,,,,MCO,,,,,JFK,,,,2025-10-14T23:59:59Z,2025-05-15T09:00:00Z,destination=MCO&origin=JFK&endRange=2025-10-14T23:59:59Z&startRange=2025-05-15T09:00:00Z,1.0,18.0,6%,1708.0,<Response [200]>,,
,,,,,,BUF,,,,,DTW,,,,2025-10-14T23:59:59Z,2025-05-15T09:00:00Z,destination=BUF&origin=DTW&endRange=2025-10-14T23:59:59Z&startRange=2025-05-15T09:00:00Z,1.0,16.0,6%,1572.0,<Response [200]>,,
,,,,,,AMS,,,,,ATL,,,,2025-10-14T23:59:59Z,2025-05-15T09:00:00Z,destination=AMS&origin=ATL&endRange=2025-10-14T23:59:59Z&startRange=2025-05-15T09:00:00Z,1.0,7.0,14%,613.0,<Response [200]>,,
,,,,,,DXB,,,,,AMS,,,,2025-10-14T23:59:59Z,2025-05-15T09:00:00Z,destination=DXB&origin=AMS&endRange=2025-10-14T23:59:59Z&startRange=2025-05-15T09:00:00Z,1.0,6.0,17%,568.0,<Response [200]>,,
,,,,,,ATL,,,,,RSW,,,,2025-10-14T23:59:59Z,2025-05-15T09:00:00Z,destination=ATL&origin=RSW&endRange=2025-10-14T23:59:59Z&startRange=2025-05-15T09:00:00Z,1.0,17.0,6%,1659.0,<Response [200]>,,
,,,,,,DTW,,,,,CVG,,,,2025-10-14T23:59:59Z,2025-05-15T09:00:00Z,destination=DTW&origin=CVG&endRange=2025-10-14T23:59:59Z&startRange=2025-05-15T09:00:00Z,1.0,17.0,6%,1639.0,<Response [200]>,,
,,,,,,DAL,,,,,ATL,,,,2025-10-14T23:59:59Z,2025-05-15T09:00:00Z,destination=DAL&origin=ATL&endRange=2025-10-14T23:59:59Z&startRange=2025-05-15T09:00:00Z,1.0,13.0,8%,1283.0,<Response [200]>,,
,,,,,,SLC,,,,,SNA,,,,2025-10-14T23:59:59Z,2025-05-15T09:00:00Z,destination=SLC&origin=SNA&endRange=2025-10-14T23:59:59Z&startRange=2025-05-15T09:00:00Z,1.0,15.0,7%,1432.0,<Response [200]>,,
,,,,,,SEA,,,,,SLC,,,,2025-10-14T23:59:59Z,2025-05-15T09:00:00Z,destination=SEA&origin=SLC&endRange=2025-10-14T23:59:59Z&startRange=2025-05-15T09:00:00Z,1.0,24.0,4%,2381.0,<Response [200]>,,
,,,,,,CDG,,,,,ORN,,,,2025-10-14T23:59:59Z,2025-05-15T09:00:00Z,destination=CDG&origin=ORN&endRange=2025-10-14T23:59:59Z&startRange=2025-05-15T09:00:00Z,1.0,6.0,17%,512.0,<Response [200]>,,
,,,,,,DCA,,,,,BOS,,,,2025-10-14T23:59:59Z,2025-05-15T09:00:00Z,destination=DCA&origin=BOS&endRange=2025-10-14T23:59:59Z&startRange=2025-05-15T09:00:00Z,1.0,18.0,6%,1771.0,<Response [200]>,,
,,,,,,HND,,,,,CDG,,,,2025-10-14T23:59:59Z,2025-05-15T09:00:00Z,destination=HND&origin=CDG&endRange=2025-10-14T23:59:59Z&startRange=2025-05-15T09:00:00Z,1.0,7.0,14%,638.0,<Response [200]>,,
,,,,,,ORY,,,,,OUD,,,,2025-10-14T23:59:59Z,2025-05-15T09:00:00Z,destination=ORY&origin=OUD&endRange=2025-10-14T23:59:59Z&startRange=2025-05-15T09:00:00Z,1.0,6.0,17%,522.0,<Response [200]>,,
,,,,,,LGA,,,,,ORD,,,,2025-10-14T23:59:59Z,2025-05-15T09:00:00Z,destination=LGA&origin=ORD&endRange=2025-10-14T23:59:59Z&startRange=2025-05-15T09:00:00Z,1.0,9.0,11%,893.0,<Response [200]>,,
,,,,,,ATL,,,,,TLH,,,,2025-10-14T23:59:59Z,2025-05-15T09:00:00Z,destination=ATL&origin=TLH&endRange=2025-10-14T23:59:59Z&startRange=2025-05-15T09:00:00Z,1.0,17.0,6%,1695.0,<Response [200]>,,
,,,,,,BOS,,,,,AMS,,,,2025-10-14T23:59:59Z,2025-05-15T09:00:00Z,destination=BOS&origin=AMS&endRange=2025-10-14T23:59:59Z&startRange=2025-05-15T09:00:00Z,1.0,6.0,17%,553.0,<Response [200]>,,
,,,,,,YYZ,,,,,ATL,,,,2025-10-14T23:59:59Z,2025-05-15T09:00:00Z,destination=YYZ&origin=ATL&endRange=2025-10-14T23:59:59Z&startRange=2025-05-15T09:00:00Z,1.0,15.0,7%,1470.0,<Response [200]>,,
,,,,,,KGL,,,,,AMS,,,,2025-10-14T23:59:59Z,2025-05-15T09:00:00Z,destination=KGL&origin=AMS&endRange=2025-10-14T23:59:59Z&startRange=2025-05-15T09:00:00Z,1.0,2.0,50%,167.0,<Response [200]>,,
,,,,,,SAV,,,,,ATL,,,,2025-10-14T23:59:59Z,2025-05-15T09:00:00Z,destination=SAV&origin=ATL&endRange=2025-10-14T23:59:59Z&startRange=2025-05-15T09:00:00Z,1.0,19.0,5%,1835.0,<Response [200]>,,
,,,,,,MCO,,,,,DTW,,,,2025-10-14T23:59:59Z,2025-05-15T09:00:00Z,destination=MCO&origin=DTW&endRange=2025-10-14T23:59:59Z&startRange=2025-05-15T09:00:00Z,1.0,23.0,4%,2218.0,<Response [200]>,,
,,,,,,JAN,,,,,ATL,,,,2025-10-14T23:59:59Z,2025-05-15T09:00:00Z,destination=JAN&origin=ATL&endRange=2025-10-14T23:59:59Z&startRange=2025-05-15T09:00:00Z,1.0,18.0,6%,1779.0,<Response [200]>,,
,,,,,,BOS,,,,,LGA,,,,2025-10-14T23:59:59Z,2025-05-15T09:00:00Z,destination=BOS&origin=LGA&endRange=2025-10-14T23:59:59Z&startRange=2025-05-15T09:00:00Z,1.0,19.0,5%,1892.0,<Response [200]>,,
,,,,,,ATL,,,,,IAD,,,,2025-10-14T23:59:59Z,2025-05-15T09:00:00Z,destination=ATL&origin=IAD&endRange=2025-10-14T23:59:59Z&startRange=2025-05-15T09:00:00Z,1.0,19.0,5%,1899.0,<Response [200]>,,
,,,,,,ATL,,,,,RIC,,,,2025-10-14T23:59:59Z,2025-05-15T09:00:00Z,destination=ATL&origin=RIC&endRange=2025-10-14T23:59:59Z&startRange=2025-05-15T09:00:00Z,1.0,17.0,6%,1658.0,<Response [200]>,,
,,,,,,EBB,,,,,KGL,,,,2025-10-14T23:59:59Z,2025-05-15T09:00:00Z,destination=EBB&origin=KGL&endRange=2025-10-14T23:59:59Z&startRange=2025-05-15T09:00:00Z,1.0,2.0,50%,167.0,<Response [200]>,,
,,,,,,AMS,,,,,EBB,,,,2025-10-14T23:59:59Z,2025-05-15T09:00:00Z,destination=AMS&origin=EBB&endRange=2025-10-14T23:59:59Z&startRange=2025-05-15T09:00:00Z,1.0,2.0,50%,167.0,<Response [200]>,,
,,,,,,JED,,,,,RUH,,,,2025-10-14T23:59:59Z,2025-05-15T09:00:00Z,destination=JED&origin=RUH&endRange=2025-10-14T23:59:59Z&startRange=2025-05-15T09:00:00Z,1.0,14.0,7%,1302.0,<Response [200]>,,
,,,,,,ATL,,,,,BDL,,,,2025-10-14T23:59:59Z,2025-05-15T09:00:00Z,destination=ATL&origin=BDL&endRange=2025-10-14T23:59:59Z&startRange=2025-05-15T09:00:00Z,1.0,17.0,6%,1638.0,<Response [200]>,,
,,,,,,SLC,,,,,MSP,,,,2025-10-14T23:59:59Z,2025-05-15T09:00:00Z,destination=SLC&origin=MSP&endRange=2025-10-14T23:59:59Z&startRange=2025-05-15T09:00:00Z,1.0,45.0,2%,4403.0,<Response [200]>,,
,,,,,,SLC,,,,,SEA,,,,2025-10-14T23:59:59Z,2025-05-15T09:00:00Z,destination=SLC&origin=SEA&endRange=2025-10-14T23:59:59Z&startRange=2025-05-15T09:00:00Z,1.0,28.0,4%,2726.0,<Response [200]>,,
,,,,,,MSP,,,,,STL,,,,2025-10-14T23:59:59Z,2025-05-15T09:00:00Z,destination=MSP&origin=STL&endRange=2025-10-14T23:59:59Z&startRange=2025-05-15T09:00:00Z,1.0,16.0,6%,1581.0,<Response [200]>,,
,,,,,,ATL,,,,,CHS,,,,2025-10-14T23:59:59Z,2025-05-15T09:00:00Z,destination=ATL&origin=CHS&endRange=2025-10-14T23:59:59Z&startRange=2025-05-15T09:00:00Z,1.0,14.0,7%,1377.0,<Response [200]>,,
,,,,,,ATL,,,,,MSY,,,,2025-10-14T23:59:59Z,2025-05-15T09:00:00Z,destination=ATL&origin=MSY&endRange=2025-10-14T23:59:59Z&startRange=2025-05-15T09:00:00Z,1.0,20.0,5%,1917.0,<Response [200]>,,
,,,,,,ORD,,,,,MSP,,,,2025-10-14T23:59:59Z,2025-05-15T09:00:00Z,destination=ORD&origin=MSP&endRange=2025-10-14T23:59:59Z&startRange=2025-05-15T09:00:00Z,1.0,21.0,5%,2020.0,<Response [200]>,,
,,,,,,ORD,,,,,LGA,,,,2025-10-14T23:59:59Z,2025-05-15T09:00:00Z,destination=ORD&origin=LGA&endRange=2025-10-14T23:59:59Z&startRange=2025-05-15T09:00:00Z,1.0,10.0,10%,983.0,<Response [200]>,,
,,,,,,ATL,,,,,AMS,,,,2025-10-14T23:59:59Z,2025-05-15T09:00:00Z,destination=ATL&origin=AMS&endRange=2025-10-14T23:59:59Z&startRange=2025-05-15T09:00:00Z,1.0,7.0,14%,615.0,<Response [200]>,,
,,,,,,PHX,,,,,MSP,,,,2025-10-14T23:59:59Z,2025-05-15T09:00:00Z,destination=PHX&origin=MSP&endRange=2025-10-14T23:59:59Z&startRange=2025-05-15T09:00:00Z,1.0,16.0,6%,1548.0,<Response [200]>,,
,,,,,,OUD,,,,,ORY,,,,2025-10-14T23:59:59Z,2025-05-15T09:00:00Z,destination=OUD&origin=ORY&endRange=2025-10-14T23:59:59Z&startRange=2025-05-15T09:00:00Z,1.0,6.0,17%,510.0,<Response [200]>,,
,,,,,,CDG,,,,,IAD,,,,2025-10-14T23:59:59Z,2025-05-15T09:00:00Z,destination=CDG&origin=IAD&endRange=2025-10-14T23:59:59Z&startRange=2025-05-15T09:00:00Z,1.0,7.0,14%,612.0,<Response [200]>,,
,,,,,,CDG,,,,,BOS,,,,2025-10-14T23:59:59Z,2025-05-15T09:00:00Z,destination=CDG&origin=BOS&endRange=2025-10-14T23:59:59Z&startRange=2025-05-15T09:00:00Z,1.0,7.0,14%,612.0,<Response [200]>,,
,,,,,,CDG,,,,,RBA,,,,2025-10-14T23:59:59Z,2025-05-15T09:00:00Z,destination=CDG&origin=RBA&endRange=2025-10-14T23:59:59Z&startRange=2025-05-15T09:00:00Z,1.0,7.0,14%,629.0,<Response [200]>,,
,,,,,,JFK,,,,,SLC,,,,2025-10-14T23:59:59Z,2025-05-15T09:00:00Z,destination=JFK&origin=SLC&endRange=2025-10-14T23:59:59Z&startRange=2025-05-15T09:00:00Z,1.0,20.0,5%,1956.0,<Response [200]>,,
,,,,,,DTW,,,,,MCO,,,,2025-10-14T23:59:59Z,2025-05-15T09:00:00Z,destination=DTW&origin=MCO&endRange=2025-10-14T23:59:59Z&startRange=2025-05-15T09:00:00Z,1.0,22.0,5%,2134.0,<Response [200]>,,
,,,,,,SYR,,,,,DTW,,,,2025-10-14T23:59:59Z,2025-05-15T09:00:00Z,destination=SYR&origin=DTW&endRange=2025-10-14T23:59:59Z&startRange=2025-05-15T09:00:00Z,1.0,12.0,8%,1122.0,<Response [200]>,,
,,,,,,PDX,,,,,SLC,,,,2025-10-14T23:59:59Z,2025-05-15T09:00:00Z,destination=PDX&origin=SLC&endRange=2025-10-14T23:59:59Z&startRange=2025-05-15T09:00:00Z,1.0,14.0,7%,1373.0,<Response [200]>,,
,,,,,,PDX,,,,,SEA,,,,2025-10-14T23:59:59Z,2025-05-15T09:00:00Z,destination=PDX&origin=SEA&endRange=2025-10-14T23:59:59Z&startRange=2025-05-15T09:00:00Z,1.0,14.0,7%,1379.0,<Response [200]>,,
,,,,,,MCI,,,,,MSP,,,,2025-10-14T23:59:59Z,2025-05-15T09:00:00Z,destination=MCI&origin=MSP&endRange=2025-10-14T23:59:59Z&startRange=2025-05-15T09:00:00Z,1.0,17.0,6%,1666.0,<Response [200]>,,
,,,,,,ATL,,,,,HOU,,,,2025-10-14T23:59:59Z,2025-05-15T09:00:00Z,destination=ATL&origin=HOU&endRange=2025-10-14T23:59:59Z&startRange=2025-05-15T09:00:00Z,1.0,14.0,7%,1358.0,<Response [200]>,,
,,,,,,ATL,,,,,IAH,,,,2025-10-14T23:59:59Z,2025-05-15T09:00:00Z,destination=ATL&origin=IAH&endRange=2025-10-14T23:59:59Z&startRange=2025-05-15T09:00:00Z,1.0,22.0,5%,2145.0,<Response [200]>,,
,,,,,,JFK,,,,,ORD,,,,2025-10-14T23:59:59Z,2025-05-15T09:00:00Z,destination=JFK&origin=ORD&endRange=2025-10-14T23:59:59Z&startRange=2025-05-15T09:00:00Z,1.0,17.0,6%,1674.0,<Response [200]>,,
,,,,,,DTW,,,,,JFK,,,,2025-10-14T23:59:59Z,2025-05-15T09:00:00Z,destination=DTW&origin=JFK&endRange=2025-10-14T23:59:59Z&startRange=2025-05-15T09:00:00Z,1.0,37.0,3%,3685.0,<Response [200]>,,
,,,,,,DOH,,,,,CDG,,,,2025-10-14T23:59:59Z,2025-05-15T09:00:00Z,destination=DOH&origin=CDG&endRange=2025-10-14T23:59:59Z&startRange=2025-05-15T09:00:00Z,1.0,6.0,17%,578.0,<Response [200]>,,
,,,,,,RBA,,,,,CDG,,,,2025-10-14T23:59:59Z,2025-05-15T09:00:00Z,destination=RBA&origin=CDG&endRange=2025-10-14T23:59:59Z&startRange=2025-05-15T09:00:00Z,1.0,7.0,14%,623.0,<Response [200]>,,
,,,,,,AYT,,,,,AMS,,,,2025-10-14T23:59:59Z,2025-05-15T09:00:00Z,destination=AYT&origin=AMS&endRange=2025-10-14T23:59:59Z&startRange=2025-05-15T09:00:00Z,1.0,5.0,20%,462.0,<Response [200]>,,
,,,,,,MSP,,,,,ORD,,,,2025-10-14T23:59:59Z,2025-05-15T09:00:00Z,destination=MSP&origin=ORD&endRange=2025-10-14T23:59:59Z&startRange=2025-05-15T09:00:00Z,1.0,23.0,4%,2231.0,<Response [200]>,,
,,,,,,AMS,,,,,DAR,,,,2025-10-14T23:59:59Z,2025-05-15T09:00:00Z,destination=AMS&origin=DAR&endRange=2025-10-14T23:59:59Z&startRange=2025-05-15T09:00:00Z,1.0,2.0,50%,188.0,<Response [200]>,,
,,,,,,AMS,,,,,BOS,,,,2025-10-14T23:59:59Z,2025-05-15T09:00:00Z,destination=AMS&origin=BOS&endRange=2025-10-14T23:59:59Z&startRange=2025-05-15T09:00:00Z,1.0,6.0,17%,551.0,<Response [200]>,,
,,,,,,PHX,,,,,SLC,,,,2025-10-14T23:59:59Z,2025-05-15T09:00:00Z,destination=PHX&origin=SLC&endRange=2025-10-14T23:59:59Z&startRange=2025-05-15T09:00:00Z,1.0,18.0,6%,1724.0,<Response [200]>,,
,,,,,,AMS,,,,,AYT,,,,2025-10-14T23:59:59Z,2025-05-15T09:00:00Z,destination=AMS&origin=AYT&endRange=2025-10-14T23:59:59Z&startRange=2025-05-15T09:00:00Z,1.0,5.0,20%,456.0,<Response [200]>,,
,,,,,,MEX,,,,,MTY,,,,2025-10-14T23:59:59Z,2025-05-15T09:00:00Z,destination=MEX&origin=MTY&endRange=2025-10-14T23:59:59Z&startRange=2025-05-15T09:00:00Z,1.0,15.0,7%,1500.0,<Response [200]>,,
,,,,,,CDG,,,,,DXB,,,,2025-10-14T23:59:59Z,2025-05-15T09:00:00Z,destination=CDG&origin=DXB&endRange=2025-10-14T23:59:59Z&startRange=2025-05-15T09:00:00Z,1.0,7.0,14%,611.0,<Response [200]>,,
,,,,,,ATL,,,,,MKE,,,,2025-10-14T23:59:59Z,2025-05-15T09:00:00Z,destination=ATL&origin=MKE&endRange=2025-10-14T23:59:59Z&startRange=2025-05-15T09:00:00Z,1.0,19.0,5%,1819.0,<Response [200]>,,
,,,,,,JFK,,,,,MIA,,,,2025-10-14T23:59:59Z,2025-05-15T09:00:00Z,destination=JFK&origin=MIA&endRange=2025-10-14T23:59:59Z&startRange=2025-05-15T09:00:00Z,1.0,14.0,7%,1336.0,<Response [200]>,,
,,,,,,SIN,,,,,CDG,,,,2025-10-14T23:59:59Z,2025-05-15T09:00:00Z,destination=SIN&origin=CDG&endRange=2025-10-14T23:59:59Z&startRange=2025-05-15T09:00:00Z,1.0,6.0,17%,526.0,<Response [200]>,,
,,,,,,DTW,,,,,SEA,,,,2025-10-14T23:59:59Z,2025-05-15T09:00:00Z,destination=DTW&origin=SEA&endRange=2025-10-14T23:59:59Z&startRange=2025-05-15T09:00:00Z,1.0,18.0,6%,1731.0,<Response [200]>,,
,,,,,,ATL,,,,,PHX,,,,2025-10-14T23:59:59Z,2025-05-15T09:00:00Z,destination=ATL&origin=PHX&endRange=2025-10-14T23:59:59Z&startRange=2025-05-15T09:00:00Z,1.0,20.0,5%,1969.0,<Response [200]>,,
,,,,,,LGA,,,,,BOS,,,,2025-10-14T23:59:59Z,2025-05-15T09:00:00Z,destination=LGA&origin=BOS&endRange=2025-10-14T23:59:59Z&startRange=2025-05-15T09:00:00Z,1.0,18.0,6%,1720.0,<Response [200]>,,
,,,,,,ATL,,,,,SAT,,,,2025-10-14T23:59:59Z,2025-05-15T09:00:00Z,destination=ATL&origin=SAT&endRange=2025-10-14T23:59:59Z&startRange=2025-05-15T09:00:00Z,1.0,22.0,5%,2115.0,<Response [200]>,,
,,,,,,MEX,,,,,GDL,,,,2025-10-14T23:59:59Z,2025-05-15T09:00:00Z,destination=MEX&origin=GDL&endRange=2025-10-14T23:59:59Z&startRange=2025-05-15T09:00:00Z,1.0,13.0,8%,1207.0,<Response [200]>,,
,,,,,,AUA,,,,,AMS,,,,2025-10-14T23:59:59Z,2025-05-15T09:00:00Z,destination=AUA&origin=AMS&endRange=2025-10-14T23:59:59Z&startRange=2025-05-15T09:00:00Z,1.0,2.0,50%,197.0,<Response [200]>,,
,,,,,,ATL,,,,,CVG,,,,2025-10-14T23:59:59Z,2025-05-15T09:00:00Z,destination=ATL&origin=CVG&endRange=2025-10-14T23:59:59Z&startRange=2025-05-15T09:00:00Z,1.0,21.0,5%,2079.0,<Response [200]>,,
,,,,,,MEX,,,,,CUN,,,,2025-10-14T23:59:59Z,2025-05-15T09:00:00Z,destination=MEX&origin=CUN&endRange=2025-10-14T23:59:59Z&startRange=2025-05-15T09:00:00Z,1.0,15.0,7%,1481.0,<Response [200]>,,
,,,,,,TLV,,,,,AMS,,,,2025-10-14T23:59:59Z,2025-05-15T09:00:00Z,destination=TLV&origin=AMS&endRange=2025-10-14T23:59:59Z&startRange=2025-05-15T09:00:00Z,1.0,5.0,20%,481.0,<Response [200]>,,
,,,,,,SEA,,,,,LAS,,,,2025-10-14T23:59:59Z,2025-05-15T09:00:00Z,destination=SEA&origin=LAS&endRange=2025-10-14T23:59:59Z&startRange=2025-05-15T09:00:00Z,1.0,15.0,7%,1495.0,<Response [200]>,,
,,,,,,AMS,,,,,BON,,,,2025-10-14T23:59:59Z,2025-05-15T09:00:00Z,destination=AMS&origin=BON&endRange=2025-10-14T23:59:59Z&startRange=2025-05-15T09:00:00Z,1.0,4.0,25%,305.0,<Response [200]>,,
,,,,,,GEG,,,,,SEA,,,,2025-10-14T23:59:59Z,2025-05-15T09:00:00Z,destination=GEG&origin=SEA&endRange=2025-10-14T23:59:59Z&startRange=2025-05-15T09:00:00Z,1.0,15.0,7%,1452.0,<Response [200]>,,
,,,,,,CTG,,,,,BOG,,,,2025-10-14T23:59:59Z,2025-05-15T09:00:00Z,destination=CTG&origin=BOG&endRange=2025-10-14T23:59:59Z&startRange=2025-05-15T09:00:00Z,1.0,2.0,50%,153.0,<Response [200]>,,
,,,,,,BOG,,,,,AMS,,,,2025-10-14T23:59:59Z,2025-05-15T09:00:00Z,destination=BOG&origin=AMS&endRange=2025-10-14T23:59:59Z&startRange=2025-05-15T09:00:00Z,1.0,2.0,50%,152.0,<Response [200]>,,
,,,,,,BOS,,,,,BNA,,,,2025-10-14T23:59:59Z,2025-05-15T09:00:00Z,destination=BOS&origin=BNA&endRange=2025-10-14T23:59:59Z&startRange=2025-05-15T09:00:00Z,1.0,11.0,9%,1081.0,<Response [200]>,,
,,,,,,AMS,,,,,CTG,,,,2025-10-14T23:59:59Z,2025-05-15T09:00:00Z,destination=AMS&origin=CTG&endRange=2025-10-14T23:59:59Z&startRange=2025-05-15T09:00:00Z,1.0,2.0,50%,153.0,<Response [200]>,,
,,,,,,BOS,,,,,JFK,,,,2025-10-14T23:59:59Z,2025-05-15T09:00:00Z,destination=BOS&origin=JFK&endRange=2025-10-14T23:59:59Z&startRange=2025-05-15T09:00:00Z,1.0,24.0,4%,2364.0,<Response [200]>,,
,,,,,,LAX,,,,,SEA,,,,2025-10-14T23:59:59Z,2025-05-15T09:00:00Z,destination=LAX&origin=SEA&endRange=2025-10-14T23:59:59Z&startRange=2025-05-15T09:00:00Z,1.0,22.0,5%,2111.0,<Response [200]>,,
,,,,,,HOU,,,,,ATL,,,,2025-10-14T23:59:59Z,2025-05-15T09:00:00Z,destination=HOU&origin=ATL&endRange=2025-10-14T23:59:59Z&startRange=2025-05-15T09:00:00Z,1.0,14.0,7%,1310.0,<Response [200]>,,
,,,,,,IAD,,,,,ATL,,,,2025-10-14T23:59:59Z,2025-05-15T09:00:00Z,destination=IAD&origin=ATL&endRange=2025-10-14T23:59:59Z&startRange=2025-05-15T09:00:00Z,1.0,19.0,5%,1836.0,<Response [200]>,,
,,,,,,IAH,,,,,ATL,,,,2025-10-14T23:59:59Z,2025-05-15T09:00:00Z,destination=IAH&origin=ATL&endRange=2025-10-14T23:59:59Z&startRange=2025-05-15T09:00:00Z,1.0,19.0,5%,1810.0,<Response [200]>,,
,,,,,,ORN,,,,,CDG,,,,2025-10-14T23:59:59Z,2025-05-15T09:00:00Z,destination=ORN&origin=CDG&endRange=2025-10-14T23:59:59Z&startRange=2025-05-15T09:00:00Z,1.0,5.0,20%,478.0,<Response [200]>,,
,,,,,,MSP,,,,,AMS,,,,2025-10-14T23:59:59Z,2025-05-15T09:00:00Z,destination=MSP&origin=AMS&endRange=2025-10-14T23:59:59Z&startRange=2025-05-15T09:00:00Z,1.0,6.0,17%,554.0,<Response [200]>,,
,,,,,,CDG,,,,,DJE,,,,2025-10-14T23:59:59Z,2025-05-15T09:00:00Z,destination=CDG&origin=DJE&endRange=2025-10-14T23:59:59Z&startRange=2025-05-15T09:00:00Z,1.0,5.0,20%,411.0,<Response [200]>,,
,,,,,,PHL,,,,,DTW,,,,2025-10-14T23:59:59Z,2025-05-15T09:00:00Z,destination=PHL&origin=DTW&endRange=2025-10-14T23:59:59Z&startRange=2025-05-15T09:00:00Z,1.0,19.0,5%,1830.0,<Response [200]>,,
,,,,,,MSP,,,,,SLC,,,,2025-10-14T23:59:59Z,2025-05-15T09:00:00Z,destination=MSP&origin=SLC&endRange=2025-10-14T23:59:59Z&startRange=2025-05-15T09:00:00Z,1.0,34.0,3%,3335.0,<Response [200]>,,
,,,,,,ATL,,,,,TUL,,,,2025-10-14T23:59:59Z,2025-05-15T09:00:00Z,destination=ATL&origin=TUL&endRange=2025-10-14T23:59:59Z&startRange=2025-05-15T09:00:00Z,1.0,13.0,8%,1256.0,<Response [200]>,,
,,,,,,CDG,,,,,DOH,,,,2025-10-14T23:59:59Z,2025-05-15T09:00:00Z,destination=CDG&origin=DOH&endRange=2025-10-14T23:59:59Z&startRange=2025-05-15T09:00:00Z,1.0,6.0,17%,575.0,<Response [200]>,,
,,,,,,AMS,,,,,DXB,,,,2025-10-14T23:59:59Z,2025-05-15T09:00:00Z,destination=AMS&origin=DXB&endRange=2025-10-14T23:59:59Z&startRange=2025-05-15T09:00:00Z,1.0,6.0,17%,568.0,<Response [200]>,,
,,,,,,ATL,,,,,PBI,,,,2025-10-14T23:59:59Z,2025-05-15T09:00:00Z,destination=ATL&origin=PBI&endRange=2025-10-14T23:59:59Z&startRange=2025-05-15T09:00:00Z,1.0,18.0,6%,1710.0,<Response [200]>,,
,,,,,,EWR,,,,,DTW,,,,2025-10-14T23:59:59Z,2025-05-15T09:00:00Z,destination=EWR&origin=DTW&endRange=2025-10-14T23:59:59Z&startRange=2025-05-15T09:00:00Z,1.0,14.0,7%,1327.0,<Response [200]>,,
,,,,,,ATL,,,,,CLT,,,,2025-10-14T23:59:59Z,2025-05-15T09:00:00Z,destination=ATL&origin=CLT&endRange=2025-10-14T23:59:59Z&startRange=2025-05-15T09:00:00Z,1.0,25.0,4%,2418.0,<Response [200]>,,
,,,,,,LAX,,,,,LHR,,,,2025-10-14T23:59:59Z,2025-05-15T09:00:00Z,destination=LAX&origin=LHR&endRange=2025-10-14T23:59:59Z&startRange=2025-05-15T09:00:00Z,1.0,6.0,17%,528.0,<Response [200]>,,
,,,,,,ATL,,,,,ECP,,,,2025-10-14T23:59:59Z,2025-05-15T09:00:00Z,destination=ATL&origin=ECP&endRange=2025-10-14T23:59:59Z&startRange=2025-05-15T09:00:00Z,1.0,13.0,8%,1213.0,<Response [200]>,,
,,,,,,ATL,,,,,DAL,,,,2025-10-14T23:59:59Z,2025-05-15T09:00:00Z,destination=ATL&origin=DAL&endRange=2025-10-14T23:59:59Z&startRange=2025-05-15T09:00:00Z,1.0,14.0,7%,1358.0,<Response [200]>,,
,,,,,,JFK,,,,,BUF,,,,2025-10-14T23:59:59Z,2025-05-15T09:00:00Z,destination=JFK&origin=BUF&endRange=2025-10-14T23:59:59Z&startRange=2025-05-15T09:00:00Z,1.0,14.0,7%,1379.0,<Response [200]>,,
,,,,,,RUH,,,,,JED,,,,2025-10-14T23:59:59Z,2025-05-15T09:00:00Z,destination=RUH&origin=JED&endRange=2025-10-14T23:59:59Z&startRange=2025-05-15T09:00:00Z,1.0,11.0,9%,1007.0,<Response [200]>,,
,,,,,,DEN,,,,,MSP,,,,2025-10-14T23:59:59Z,2025-05-15T09:00:00Z,destination=DEN&origin=MSP&endRange=2025-10-14T23:59:59Z&startRange=2025-05-15T09:00:00Z,1.0,14.0,7%,1378.0,<Response [200]>,,
,,,,,,MSP,,,,,MKE,,,,2025-10-14T23:59:59Z,2025-05-15T09:00:00Z,destination=MSP&origin=MKE&endRange=2025-10-14T23:59:59Z&startRange=2025-05-15T09:00:00Z,1.0,15.0,7%,1482.0,<Response [200]>,,
,,,,,,LAX,,,,,SFO,,,,2025-10-14T23:59:59Z,2025-05-15T09:00:00Z,destination=LAX&origin=SFO&endRange=2025-10-14T23:59:59Z&startRange=2025-05-15T09:00:00Z,1.0,16.0,6%,1591.0,<Response [200]>,,
,,,,,,ORD,,,,,DTW,,,,2025-10-14T23:59:59Z,2025-05-15T09:00:00Z,destination=ORD&origin=DTW&endRange=2025-10-14T23:59:59Z&startRange=2025-05-15T09:00:00Z,1.0,20.0,5%,1910.0,<Response [200]>,,
,,,,,,ICN,,,,,CDG,,,,2025-10-14T23:59:59Z,2025-05-15T09:00:00Z,destination=ICN&origin=CDG&endRange=2025-10-14T23:59:59Z&startRange=2025-05-15T09:00:00Z,1.0,6.0,17%,528.0,<Response [200]>,,
,,,,,,BNA,,,,,MSP,,,,2025-10-14T23:59:59Z,2025-05-15T09:00:00Z,destination=BNA&origin=MSP&endRange=2025-10-14T23:59:59Z&startRange=2025-05-15T09:00:00Z,1.0,13.0,8%,1275.0,<Response [200]>,,
,,,,,,MSP,,,,,CLE,,,,2025-10-14T23:59:59Z,2025-05-15T09:00:00Z,destination=MSP&origin=CLE&endRange=2025-10-14T23:59:59Z&startRange=2025-05-15T09:00:00Z,1.0,16.0,6%,1589.0,<Response [200]>,,
,,,,,,ORN,,,,,ORY,,,,2025-10-14T23:59:59Z,2025-05-15T09:00:00Z,destination=ORN&origin=ORY&endRange=2025-10-14T23:59:59Z&startRange=2025-05-15T09:00:00Z,1.0,5.0,20%,438.0,<Response [200]>,,
,,,,,,SRQ,,,,,ATL,,,,2025-10-14T23:59:59Z,2025-05-15T09:00:00Z,destination=SRQ&origin=ATL&endRange=2025-10-14T23:59:59Z&startRange=2025-05-15T09:00:00Z,1.0,14.0,7%,1302.0,<Response [200]>,,
,,,,,,SLC,,,,,LAS,,,,2025-10-14T23:59:59Z,2025-05-15T09:00:00Z,destination=SLC&origin=LAS&endRange=2025-10-14T23:59:59Z&startRange=2025-05-15T09:00:00Z,1.0,17.0,6%,1698.0,<Response [200]>,,
,,,,,,ATL,,,,,IND,,,,2025-10-14T23:59:59Z,2025-05-15T09:00:00Z,destination=ATL&origin=IND&endRange=2025-10-14T23:59:59Z&startRange=2025-05-15T09:00:00Z,1.0,15.0,7%,1443.0,<Response [200]>,,
,,,,,,RSW,,,,,ATL,,,,2025-10-14T23:59:59Z,2025-05-15T09:00:00Z,destination=RSW&origin=ATL&endRange=2025-10-14T23:59:59Z&startRange=2025-05-15T09:00:00Z,1.0,21.0,5%,2036.0,<Response [200]>,,
,,,,,,SEA,,,,,ATL,,,,2025-10-14T23:59:59Z,2025-05-15T09:00:00Z,destination=SEA&origin=ATL&endRange=2025-10-14T23:59:59Z&startRange=2025-05-15T09:00:00Z,1.0,49.0,2%,4805.0,<Response [200]>,,
,,,,,,BDL,,,,,ATL,,,,2025-10-14T23:59:59Z,2025-05-15T09:00:00Z,destination=BDL&origin=ATL&endRange=2025-10-14T23:59:59Z&startRange=2025-05-15T09:00:00Z,1.0,19.0,5%,1885.0,<Response [200]>,,
,,,,,,LHR,,,,,LAX,,,,2025-10-14T23:59:59Z,2025-05-15T09:00:00Z,destination=LHR&origin=LAX&endRange=2025-10-14T23:59:59Z&startRange=2025-05-15T09:00:00Z,1.0,6.0,17%,526.0,<Response [200]>,,
,,,,,,SAT,,,,,ATL,,,,2025-10-14T23:59:59Z,2025-05-15T09:00:00Z,destination=SAT&origin=ATL&endRange=2025-10-14T23:59:59Z&startRange=2025-05-15T09:00:00Z,1.0,17.0,6%,1631.0,<Response [200]>,,
,,,,,,RDU,,,,,MSP,,,,2025-10-14T23:59:59Z,2025-05-15T09:00:00Z,destination=RDU&origin=MSP&endRange=2025-10-14T23:59:59Z&startRange=2025-05-15T09:00:00Z,1.0,16.0,6%,1590.0,<Response [200]>,,
,,,,,,AMS,,,,,MSP,,,,2025-10-14T23:59:59Z,2025-05-15T09:00:00Z,destination=AMS&origin=MSP&endRange=2025-10-14T23:59:59Z&startRange=2025-05-15T09:00:00Z,1.0,6.0,17%,550.0,<Response [200]>,,
,,,,,,JFK,,,,,CLE,,,,2025-10-14T23:59:59Z,2025-05-15T09:00:00Z,destination=JFK&origin=CLE&endRange=2025-10-14T23:59:59Z&startRange=2025-05-15T09:00:00Z,1.0,15.0,7%,1473.0,<Response [200]>,,
,,,,,,CDG,,,,,NBO,,,,2025-10-14T23:59:59Z,2025-05-15T09:00:00Z,destination=CDG&origin=NBO&endRange=2025-10-14T23:59:59Z&startRange=2025-05-15T09:00:00Z,1.0,5.0,20%,440.0,<Response [200]>,,
,,,,,,SEA,,,,,PDX,,,,2025-10-14T23:59:59Z,2025-05-15T09:00:00Z,destination=SEA&origin=PDX&endRange=2025-10-14T23:59:59Z&startRange=2025-05-15T09:00:00Z,1.0,13.0,8%,1281.0,<Response [200]>,,
,,,,,,JFK,,,,,JAX,,,,2025-10-14T23:59:59Z,2025-05-15T09:00:00Z,destination=JFK&origin=JAX&endRange=2025-10-14T23:59:59Z&startRange=2025-05-15T09:00:00Z,1.0,12.0,8%,1158.0,<Response [200]>,,
,,,,,,ATL,,,,,MYR,,,,2025-10-14T23:59:59Z,2025-05-15T09:00:00Z,destination=ATL&origin=MYR&endRange=2025-10-14T23:59:59Z&startRange=2025-05-15T09:00:00Z,1.0,14.0,7%,1389.0,<Response [200]>,,
,,,,,,LIT,,,,,ATL,,,,2025-10-14T23:59:59Z,2025-05-15T09:00:00Z,destination=LIT&origin=ATL&endRange=2025-10-14T23:59:59Z&startRange=2025-05-15T09:00:00Z,1.0,13.0,8%,1300.0,<Response [200]>,,
,,,,,,ANC,,,,,SEA,,,,2025-10-14T23:59:59Z,2025-05-15T09:00:00Z,destination=ANC&origin=SEA&endRange=2025-10-14T23:59:59Z&startRange=2025-05-15T09:00:00Z,1.0,12.0,8%,1123.0,<Response [200]>,,
,,,,,,ATL,,,,,ILM,,,,2025-10-14T23:59:59Z,2025-05-15T09:00:00Z,destination=ATL&origin=ILM&endRange=2025-10-14T23:59:59Z&startRange=2025-05-15T09:00:00Z,1.0,13.0,8%,1228.0,<Response [200]>,,
,,,,,,DTW,,,,,GRR,,,,2025-10-14T23:59:59Z,2025-05-15T09:00:00Z,destination=DTW&origin=GRR&endRange=2025-10-14T23:59:59Z&startRange=2025-05-15T09:00:00Z,1.0,13.0,8%,1246.0,<Response [200]>,,
,,,,,,MKE,,,,,MSP,,,,2025-10-14T23:59:59Z,2025-05-15T09:00:00Z,destination=MKE&origin=MSP&endRange=2025-10-14T23:59:59Z&startRange=2025-05-15T09:00:00Z,1.0,18.0,6%,1708.0,<Response [200]>,,
,,,,,,BON,,,,,AUA,,,,2025-10-14T23:59:59Z,2025-05-15T09:00:00Z,destination=BON&origin=AUA&endRange=2025-10-14T23:59:59Z&startRange=2025-05-15T09:00:00Z,1.0,2.0,50%,153.0,<Response [200]>,,
,,,,,,ILM,,,,,ATL,,,,2025-10-14T23:59:59Z,2025-05-15T09:00:00Z,destination=ILM&origin=ATL&endRange=2025-10-14T23:59:59Z&startRange=2025-05-15T09:00:00Z,1.0,13.0,8%,1277.0,<Response [200]>,,
,,,,,,JFK,,,,,BOS,,,,2025-10-14T23:59:59Z,2025-05-15T09:00:00Z,destination=JFK&origin=BOS&endRange=2025-10-14T23:59:59Z&startRange=2025-05-15T09:00:00Z,1.0,29.0,3%,2825.0,<Response [200]>,,
,,,,,,ATL,,,,,DAY,,,,2025-10-14T23:59:59Z,2025-05-15T09:00:00Z,destination=ATL&origin=DAY&endRange=2025-10-14T23:59:59Z&startRange=2025-05-15T09:00:00Z,1.0,12.0,8%,1105.0,<Response [200]>,,
,,,,,,MEX,,,,,CDG,,,,2025-10-14T23:59:59Z,2025-05-15T09:00:00Z,destination=MEX&origin=CDG&endRange=2025-10-14T23:59:59Z&startRange=2025-05-15T09:00:00Z,1.0,5.0,20%,493.0,<Response [200]>,,
,,,,,,LAX,,,,,SLC,,,,2025-10-14T23:59:59Z,2025-05-15T09:00:00Z,destination=LAX&origin=SLC&endRange=2025-10-14T23:59:59Z&startRange=2025-05-15T09:00:00Z,1.0,24.0,4%,2360.0,<Response [200]>,,
,,,,,,JAX,,,,,JFK,,,,2025-10-14T23:59:59Z,2025-05-15T09:00:00Z,destination=JAX&origin=JFK&endRange=2025-10-14T23:59:59Z&startRange=2025-05-15T09:00:00Z,1.0,13.0,8%,1298.0,<Response [200]>,,
,,,,,,JFK,,,,,ROC,,,,2025-10-14T23:59:59Z,2025-05-15T09:00:00Z,destination=JFK&origin=ROC&endRange=2025-10-14T23:59:59Z&startRange=2025-05-15T09:00:00Z,1.0,11.0,9%,1064.0,<Response [200]>,,
,,,,,,TUL,,,,,ATL,,,,2025-10-14T23:59:59Z,2025-05-15T09:00:00Z,destination=TUL&origin=ATL&endRange=2025-10-14T23:59:59Z&startRange=2025-05-15T09:00:00Z,1.0,13.0,8%,1293.0,<Response [200]>,,
,,,,,,ATL,,,,,MIA,,,,2025-10-14T23:59:59Z,2025-05-15T09:00:00Z,destination=ATL&origin=MIA&endRange=2025-10-14T23:59:59Z&startRange=2025-05-15T09:00:00Z,1.0,22.0,5%,2148.0,<Response [200]>,,
,,,,,,SFO,,,,,MSP,,,,2025-10-14T23:59:59Z,2025-05-15T09:00:00Z,destination=SFO&origin=MSP&endRange=2025-10-14T23:59:59Z&startRange=2025-05-15T09:00:00Z,1.0,14.0,7%,1364.0,<Response [200]>,,
,,,,,,MSN,,,,,DTW,,,,2025-10-14T23:59:59Z,2025-05-15T09:00:00Z,destination=MSN&origin=DTW&endRange=2025-10-14T23:59:59Z&startRange=2025-05-15T09:00:00Z,1.0,10.0,10%,990.0,<Response [200]>,,
,,,,,,DEN,,,,,ATL,,,,2025-10-14T23:59:59Z,2025-05-15T09:00:00Z,destination=DEN&origin=ATL&endRange=2025-10-14T23:59:59Z&startRange=2025-05-15T09:00:00Z,1.0,22.0,5%,2176.0,<Response [200]>,,
,,,,,,BNA,,,,,BOS,,,,2025-10-14T23:59:59Z,2025-05-15T09:00:00Z,destination=BNA&origin=BOS&endRange=2025-10-14T23:59:59Z&startRange=2025-05-15T09:00:00Z,1.0,12.0,8%,1154.0,<Response [200]>,,
,,,,,,SEA,,,,,PHX,,,,2025-10-14T23:59:59Z,2025-05-15T09:00:00Z,destination=SEA&origin=PHX&endRange=2025-10-14T23:59:59Z&startRange=2025-05-15T09:00:00Z,1.0,13.0,8%,1218.0,<Response [200]>,,
,,,,,,DTW,,,,,DCA,,,,2025-10-14T23:59:59Z,2025-05-15T09:00:00Z,destination=DTW&origin=DCA&endRange=2025-10-14T23:59:59Z&startRange=2025-05-15T09:00:00Z,1.0,17.0,6%,1636.0,<Response [200]>,,
,,,,,,ORY,,,,,ORN,,,,2025-10-14T23:59:59Z,2025-05-15T09:00:00Z,destination=ORY&origin=ORN&endRange=2025-10-14T23:59:59Z&startRange=2025-05-15T09:00:00Z,1.0,5.0,20%,440.0,<Response [200]>,,
,,,,,,ORD,,,,,CDG,,,,2025-10-14T23:59:59Z,2025-05-15T09:00:00Z,destination=ORD&origin=CDG&endRange=2025-10-14T23:59:59Z&startRange=2025-05-15T09:00:00Z,1.0,5.0,20%,420.0,<Response [200]>,,
,,,,,,CDG,,,,,SIN,,,,2025-10-14T23:59:59Z,2025-05-15T09:00:00Z,destination=CDG&origin=SIN&endRange=2025-10-14T23:59:59Z&startRange=2025-05-15T09:00:00Z,1.0,6.0,17%,526.0,<Response [200]>,,
,,,,,,ATL,,,,,MLB,,,,2025-10-14T23:59:59Z,2025-05-15T09:00:00Z,destination=ATL&origin=MLB&endRange=2025-10-14T23:59:59Z&startRange=2025-05-15T09:00:00Z,1.0,10.0,10%,926.0,<Response [200]>,,
,,,,,,ATL,,,,,GPT,,,,2025-10-14T23:59:59Z,2025-05-15T09:00:00Z,destination=ATL&origin=GPT&endRange=2025-10-14T23:59:59Z&startRange=2025-05-15T09:00:00Z,1.0,12.0,8%,1199.0,<Response [200]>,,
,,,,,,CDG,,,,,ICN,,,,2025-10-14T23:59:59Z,2025-05-15T09:00:00Z,destination=CDG&origin=ICN&endRange=2025-10-14T23:59:59Z&startRange=2025-05-15T09:00:00Z,1.0,6.0,17%,527.0,<Response [200]>,,
,,,,,,MIA,,,,,ATL,,,,2025-10-14T23:59:59Z,2025-05-15T09:00:00Z,destination=MIA&origin=ATL&endRange=2025-10-14T23:59:59Z&startRange=2025-05-15T09:00:00Z,1.0,24.0,4%,2331.0,<Response [200]>,,
,,,,,,SEA,,,,,SMF,,,,2025-10-14T23:59:59Z,2025-05-15T09:00:00Z,destination=SEA&origin=SMF&endRange=2025-10-14T23:59:59Z&startRange=2025-05-15T09:00:00Z,1.0,10.0,10%,913.0,<Response [200]>,,
,,,,,,ORY,,,,,RBA,,,,2025-10-14T23:59:59Z,2025-05-15T09:00:00Z,destination=ORY&origin=RBA&endRange=2025-10-14T23:59:59Z&startRange=2025-05-15T09:00:00Z,1.0,5.0,20%,438.0,<Response [200]>,,
,,,,,,DTW,,,,,IND,,,,2025-10-14T23:59:59Z,2025-05-15T09:00:00Z,destination=DTW&origin=IND&endRange=2025-10-14T23:59:59Z&startRange=2025-05-15T09:00:00Z,1.0,11.0,9%,1003.0,<Response [200]>,,
,,,,,,BZV,,,,,CDG,,,,2025-10-14T23:59:59Z,2025-05-15T09:00:00Z,destination=BZV&origin=CDG&endRange=2025-10-14T23:59:59Z&startRange=2025-05-15T09:00:00Z,1.0,3.0,33%,244.0,<Response [200]>,,
,,,,,,IST,,,,,ORY,,,,2025-10-14T23:59:59Z,2025-05-15T09:00:00Z,destination=IST&origin=ORY&endRange=2025-10-14T23:59:59Z&startRange=2025-05-15T09:00:00Z,1.0,5.0,20%,463.0,<Response [200]>,,
,,,,,,SAN,,,,,SEA,,,,2025-10-14T23:59:59Z,2025-05-15T09:00:00Z,destination=SAN&origin=SEA&endRange=2025-10-14T23:59:59Z&startRange=2025-05-15T09:00:00Z,1.0,13.0,8%,1298.0,<Response [200]>,,
,,,,,,EYW,,,,,ATL,,,,2025-10-14T23:59:59Z,2025-05-15T09:00:00Z,destination=EYW&origin=ATL&endRange=2025-10-14T23:59:59Z&startRange=2025-05-15T09:00:00Z,1.0,10.0,10%,967.0,<Response [200]>,,
,,,,,,ORY,,,,,IST,,,,2025-10-14T23:59:59Z,2025-05-15T09:00:00Z,destination=ORY&origin=IST&endRange=2025-10-14T23:59:59Z&startRange=2025-05-15T09:00:00Z,1.0,5.0,20%,463.0,<Response [200]>,,
,,,,,,JFK,,,,,LAS,,,,2025-10-14T23:59:59Z,2025-05-15T09:00:00Z,destination=JFK&origin=LAS&endRange=2025-10-14T23:59:59Z&startRange=2025-05-15T09:00:00Z,1.0,18.0,6%,1792.0,<Response [200]>,,
,,,,,,SFO,,,,,JFK,,,,2025-10-14T23:59:59Z,2025-05-15T09:00:00Z,destination=SFO&origin=JFK&endRange=2025-10-14T23:59:59Z&startRange=2025-05-15T09:00:00Z,1.0,17.0,6%,1639.0,<Response [200]>,,
,,,,,,PDX,,,,,ATL,,,,2025-10-14T23:59:59Z,2025-05-15T09:00:00Z,destination=PDX&origin=ATL&endRange=2025-10-14T23:59:59Z&startRange=2025-05-15T09:00:00Z,1.0,13.0,8%,1296.0,<Response [200]>,,
,,,,,,DTW,,,,,PHL,,,,2025-10-14T23:59:59Z,2025-05-15T09:00:00Z,destination=DTW&origin=PHL&endRange=2025-10-14T23:59:59Z&startRange=2025-05-15T09:00:00Z,1.0,15.0,7%,1413.0,<Response [200]>,,
,,,,,,MSP,,,,,LAX,,,,2025-10-14T23:59:59Z,2025-05-15T09:00:00Z,destination=MSP&origin=LAX&endRange=2025-10-14T23:59:59Z&startRange=2025-05-15T09:00:00Z,1.0,19.0,5%,1857.0,<Response [200]>,,
,,,,,,YYZ,,,,,DTW,,,,2025-10-14T23:59:59Z,2025-05-15T09:00:00Z,destination=YYZ&origin=DTW&endRange=2025-10-14T23:59:59Z&startRange=2025-05-15T09:00:00Z,1.0,12.0,8%,1121.0,<Response [200]>,,
,,,,,,CDG,,,,,CAI,,,,2025-10-14T23:59:59Z,2025-05-15T09:00:00Z,destination=CDG&origin=CAI&endRange=2025-10-14T23:59:59Z&startRange=2025-05-15T09:00:00Z,1.0,5.0,20%,434.0,<Response [200]>,,
,,,,,,BOS,,,,,LHR,,,,2025-10-14T23:59:59Z,2025-05-15T09:00:00Z,destination=BOS&origin=LHR&endRange=2025-10-14T23:59:59Z&startRange=2025-05-15T09:00:00Z,1.0,5.0,20%,460.0,<Response [200]>,,
,,,,,,PIT,,,,,DTW,,,,2025-10-14T23:59:59Z,2025-05-15T09:00:00Z,destination=PIT&origin=DTW&endRange=2025-10-14T23:59:59Z&startRange=2025-05-15T09:00:00Z,1.0,16.0,6%,1515.0,<Response [200]>,,
,,,,,,KUL,,,,,SIN,,,,2025-10-14T23:59:59Z,2025-05-15T09:00:00Z,destination=KUL&origin=SIN&endRange=2025-10-14T23:59:59Z&startRange=2025-05-15T09:00:00Z,1.0,10.0,10%,996.0,<Response [200]>,,
,,,,,,ATL,,,,,JAX,,,,2025-10-14T23:59:59Z,2025-05-15T09:00:00Z,destination=ATL&origin=JAX&endRange=2025-10-14T23:59:59Z&startRange=2025-05-15T09:00:00Z,1.0,15.0,7%,1402.0,<Response [200]>,,
,,,,,,CAI,,,,,CDG,,,,2025-10-14T23:59:59Z,2025-05-15T09:00:00Z,destination=CAI&origin=CDG&endRange=2025-10-14T23:59:59Z&startRange=2025-05-15T09:00:00Z,1.0,5.0,20%,435.0,<Response [200]>,,
,,,,,,DTW,,,,,MSN,,,,2025-10-14T23:59:59Z,2025-05-15T09:00:00Z,destination=DTW&origin=MSN&endRange=2025-10-14T23:59:59Z&startRange=2025-05-15T09:00:00Z,1.0,11.0,9%,1030.0,<Response [200]>,,
,,,,,,DTW,,,,,LAS,,,,2025-10-14T23:59:59Z,2025-05-15T09:00:00Z,destination=DTW&origin=LAS&endRange=2025-10-14T23:59:59Z&startRange=2025-05-15T09:00:00Z,1.0,14.0,7%,1349.0,<Response [200]>,,
,,,,,,ATL,,,,,OMA,,,,2025-10-14T23:59:59Z,2025-05-15T09:00:00Z,destination=ATL&origin=OMA&endRange=2025-10-14T23:59:59Z&startRange=2025-05-15T09:00:00Z,1.0,12.0,8%,1149.0,<Response [200]>,,
,,,,,,MBA,,,,,NBO,,,,2025-10-14T23:59:59Z,2025-05-15T09:00:00Z,destination=MBA&origin=NBO&endRange=2025-10-14T23:59:59Z&startRange=2025-05-15T09:00:00Z,1.0,10.0,10%,918.0,<Response [200]>,,
,,,,,,TNG,,,,,ORY,,,,2025-10-14T23:59:59Z,2025-05-15T09:00:00Z,destination=TNG&origin=ORY&endRange=2025-10-14T23:59:59Z&startRange=2025-05-15T09:00:00Z,1.0,4.0,25%,364.0,<Response [200]>,,
,,,,,,JFK,,,,,RIC,,,,2025-10-14T23:59:59Z,2025-05-15T09:00:00Z,destination=JFK&origin=RIC&endRange=2025-10-14T23:59:59Z&startRange=2025-05-15T09:00:00Z,1.0,12.0,8%,1104.0,<Response [200]>,,
,,,,,,RAK,,,,,CDG,,,,2025-10-14T23:59:59Z,2025-05-15T09:00:00Z,destination=RAK&origin=CDG&endRange=2025-10-14T23:59:59Z&startRange=2025-05-15T09:00:00Z,1.0,7.0,14%,639.0,<Response [200]>,,
,,,,,,LAS,,,,,LAX,,,,2025-10-14T23:59:59Z,2025-05-15T09:00:00Z,destination=LAS&origin=LAX&endRange=2025-10-14T23:59:59Z&startRange=2025-05-15T09:00:00Z,1.0,16.0,6%,1583.0,<Response [200]>,,
,,,,,,TOS,,,,,BOO,,,,2025-10-14T23:59:59Z,2025-05-15T09:00:00Z,destination=TOS&origin=BOO&endRange=2025-10-14T23:59:59Z&startRange=2025-05-15T09:00:00Z,1.0,1.0,100%,88.0,<Response [200]>,,
,,,,,,SLC,,,,,GEG,,,,2025-10-14T23:59:59Z,2025-05-15T09:00:00Z,destination=SLC&origin=GEG&endRange=2025-10-14T23:59:59Z&startRange=2025-05-15T09:00:00Z,1.0,13.0,8%,1257.0,<Response [200]>,,
,,,,,,MSP,,,,,SEA,,,,2025-10-14T23:59:59Z,2025-05-15T09:00:00Z,destination=MSP&origin=SEA&endRange=2025-10-14T23:59:59Z&startRange=2025-05-15T09:00:00Z,1.0,23.0,4%,2204.0,<Response [200]>,,
,,,,,,CDG,,,,,BEY,,,,2025-10-14T23:59:59Z,2025-05-15T09:00:00Z,destination=CDG&origin=BEY&endRange=2025-10-14T23:59:59Z&startRange=2025-05-15T09:00:00Z,1.0,5.0,20%,467.0,<Response [200]>,,
,,,,,,BOI,,,,,SLC,,,,2025-10-14T23:59:59Z,2025-05-15T09:00:00Z,destination=BOI&origin=SLC&endRange=2025-10-14T23:59:59Z&startRange=2025-05-15T09:00:00Z,1.0,13.0,8%,1259.0,<Response [200]>,,
,,,,,,CDG,,,,,GRU,,,,2025-10-14T23:59:59Z,2025-05-15T09:00:00Z,destination=CDG&origin=GRU&endRange=2025-10-14T23:59:59Z&startRange=2025-05-15T09:00:00Z,1.0,5.0,20%,459.0,<Response [200]>,,
,,,,,,BNA,,,,,JFK,,,,2025-10-14T23:59:59Z,2025-05-15T09:00:00Z,destination=BNA&origin=JFK&endRange=2025-10-14T23:59:59Z&startRange=2025-05-15T09:00:00Z,1.0,12.0,8%,1198.0,<Response [200]>,,
,,,,,,DAY,,,,,ATL,,,,2025-10-14T23:59:59Z,2025-05-15T09:00:00Z,destination=DAY&origin=ATL&endRange=2025-10-14T23:59:59Z&startRange=2025-05-15T09:00:00Z,1.0,11.0,9%,1094.0,<Response [200]>,,
,,,,,,RBA,,,,,ORY,,,,2025-10-14T23:59:59Z,2025-05-15T09:00:00Z,destination=RBA&origin=ORY&endRange=2025-10-14T23:59:59Z&startRange=2025-05-15T09:00:00Z,1.0,5.0,20%,435.0,<Response [200]>,,
,,,,,,ATL,,,,,LIT,,,,2025-10-14T23:59:59Z,2025-05-15T09:00:00Z,destination=ATL&origin=LIT&endRange=2025-10-14T23:59:59Z&startRange=2025-05-15T09:00:00Z,1.0,12.0,8%,1118.0,<Response [200]>,,
,,,,,,DTW,,,,,LAX,,,,2025-10-14T23:59:59Z,2025-05-15T09:00:00Z,destination=DTW&origin=LAX&endRange=2025-10-14T23:59:59Z&startRange=2025-05-15T09:00:00Z,1.0,23.0,4%,2228.0,<Response [200]>,,
,,,,,,EWR,,,,,CDG,,,,2025-10-14T23:59:59Z,2025-05-15T09:00:00Z,destination=EWR&origin=CDG&endRange=2025-10-14T23:59:59Z&startRange=2025-05-15T09:00:00Z,1.0,5.0,20%,467.0,<Response [200]>,,
,,,,,,ORY,,,,,TNG,,,,2025-10-14T23:59:59Z,2025-05-15T09:00:00Z,destination=ORY&origin=TNG&endRange=2025-10-14T23:59:59Z&startRange=2025-05-15T09:00:00Z,1.0,4.0,25%,364.0,<Response [200]>,,
,,,,,,MSN,,,,,MSP,,,,2025-10-14T23:59:59Z,2025-05-15T09:00:00Z,destination=MSN&origin=MSP&endRange=2025-10-14T23:59:59Z&startRange=2025-05-15T09:00:00Z,1.0,16.0,6%,1522.0,<Response [200]>,,
,,,,,,IND,,,,,MSP,,,,2025-10-14T23:59:59Z,2025-05-15T09:00:00Z,destination=IND&origin=MSP&endRange=2025-10-14T23:59:59Z&startRange=2025-05-15T09:00:00Z,1.0,12.0,8%,1135.0,<Response [200]>,,
,,,,,,MIR,,,,,ORY,,,,2025-10-14T23:59:59Z,2025-05-15T09:00:00Z,destination=MIR&origin=ORY&endRange=2025-10-14T23:59:59Z&startRange=2025-05-15T09:00:00Z,1.0,5.0,20%,436.0,<Response [200]>,,
,,,,,,MSP,,,,,SAN,,,,2025-10-14T23:59:59Z,2025-05-15T09:00:00Z,destination=MSP&origin=SAN&endRange=2025-10-14T23:59:59Z&startRange=2025-05-15T09:00:00Z,1.0,15.0,7%,1469.0,<Response [200]>,,
,,,,,,MEX,,,,,TIJ,,,,2025-10-14T23:59:59Z,2025-05-15T09:00:00Z,destination=MEX&origin=TIJ&endRange=2025-10-14T23:59:59Z&startRange=2025-05-15T09:00:00Z,1.0,11.0,9%,1076.0,<Response [200]>,,
,,,,,,ROC,,,,,DTW,,,,2025-10-14T23:59:59Z,2025-05-15T09:00:00Z,destination=ROC&origin=DTW&endRange=2025-10-14T23:59:59Z&startRange=2025-05-15T09:00:00Z,1.0,10.0,10%,904.0,<Response [200]>,,
,,,,,,DTW,,,,,CMH,,,,2025-10-14T23:59:59Z,2025-05-15T09:00:00Z,destination=DTW&origin=CMH&endRange=2025-10-14T23:59:59Z&startRange=2025-05-15T09:00:00Z,1.0,14.0,7%,1324.0,<Response [200]>,,
,,,,,,LHR,,,,,BOS,,,,2025-10-14T23:59:59Z,2025-05-15T09:00:00Z,destination=LHR&origin=BOS&endRange=2025-10-14T23:59:59Z&startRange=2025-05-15T09:00:00Z,1.0,5.0,20%,458.0,<Response [200]>,,
,,,,,,SYD,,,,,SIN,,,,2025-10-14T23:59:59Z,2025-05-15T09:00:00Z,destination=SYD&origin=SIN&endRange=2025-10-14T23:59:59Z&startRange=2025-05-15T09:00:00Z,1.0,7.0,14%,663.0,<Response [200]>,,
,,,,,,JFK,,,,,CMH,,,,2025-10-14T23:59:59Z,2025-05-15T09:00:00Z,destination=JFK&origin=CMH&endRange=2025-10-14T23:59:59Z&startRange=2025-05-15T09:00:00Z,1.0,12.0,8%,1115.0,<Response [200]>,,
,,,,,,PHX,,,,,SEA,,,,2025-10-14T23:59:59Z,2025-05-15T09:00:00Z,destination=PHX&origin=SEA&endRange=2025-10-14T23:59:59Z&startRange=2025-05-15T09:00:00Z,1.0,14.0,7%,1373.0,<Response [200]>,,
,,,,,,CHS,,,,,JFK,,,,2025-10-14T23:59:59Z,2025-05-15T09:00:00Z,destination=CHS&origin=JFK&endRange=2025-10-14T23:59:59Z&startRange=2025-05-15T09:00:00Z,1.0,12.0,8%,1185.0,<Response [200]>,,
,,,,,,MEM,,,,,DTW,,,,2025-10-14T23:59:59Z,2025-05-15T09:00:00Z,destination=MEM&origin=DTW&endRange=2025-10-14T23:59:59Z&startRange=2025-05-15T09:00:00Z,1.0,11.0,9%,1057.0,<Response [200]>,,
,,,,,,AMS,,,,,DMM,,,,2025-10-14T23:59:59Z,2025-05-15T09:00:00Z,destination=AMS&origin=DMM&endRange=2025-10-14T23:59:59Z&startRange=2025-05-15T09:00:00Z,1.0,2.0,50%,146.0,<Response [200]>,,
,,,,,,ORY,,,,,MIR,,,,2025-10-14T23:59:59Z,2025-05-15T09:00:00Z,destination=ORY&origin=MIR&endRange=2025-10-14T23:59:59Z&startRange=2025-05-15T09:00:00Z,1.0,5.0,20%,437.0,<Response [200]>,,
,,,,,,DTW,,,,,CLE,,,,2025-10-14T23:59:59Z,2025-05-15T09:00:00Z,destination=DTW&origin=CLE&endRange=2025-10-14T23:59:59Z&startRange=2025-05-15T09:00:00Z,1.0,14.0,7%,1349.0,<Response [200]>,,
,,,,,,PWM,,,,,DTW,,,,2025-10-14T23:59:59Z,2025-05-15T09:00:00Z,destination=PWM&origin=DTW&endRange=2025-10-14T23:59:59Z&startRange=2025-05-15T09:00:00Z,1.0,10.0,10%,907.0,<Response [200]>,,
,,,,,,RUH,,,,,AMS,,,,2025-10-14T23:59:59Z,2025-05-15T09:00:00Z,destination=RUH&origin=AMS&endRange=2025-10-14T23:59:59Z&startRange=2025-05-15T09:00:00Z,1.0,2.0,50%,146.0,<Response [200]>,,
,,,,,,MSP,,,,,MCI,,,,2025-10-14T23:59:59Z,2025-05-15T09:00:00Z,destination=MSP&origin=MCI&endRange=2025-10-14T23:59:59Z&startRange=2025-05-15T09:00:00Z,1.0,13.0,8%,1229.0,<Response [200]>,,
,,,,,,JRO,,,,,AMS,,,,2025-10-14T23:59:59Z,2025-05-15T09:00:00Z,destination=JRO&origin=AMS&endRange=2025-10-14T23:59:59Z&startRange=2025-05-15T09:00:00Z,1.0,2.0,50%,147.0,<Response [200]>,,
,,,,,,KGL,,,,,CDG,,,,2025-10-14T23:59:59Z,2025-05-15T09:00:00Z,destination=KGL&origin=CDG&endRange=2025-10-14T23:59:59Z&startRange=2025-05-15T09:00:00Z,1.0,1.0,100%,69.0,<Response [200]>,,
,,,,,,CDG,,,,,RAK,,,,2025-10-14T23:59:59Z,2025-05-15T09:00:00Z,destination=CDG&origin=RAK&endRange=2025-10-14T23:59:59Z&startRange=2025-05-15T09:00:00Z,1.0,7.0,14%,645.0,<Response [200]>,,
,,,,,,DTW,,,,,MSP,,,,2025-10-14T23:59:59Z,2025-05-15T09:00:00Z,destination=DTW&origin=MSP&endRange=2025-10-14T23:59:59Z&startRange=2025-05-15T09:00:00Z,1.0,48.0,2%,4735.0,<Response [200]>,,
,,,,,,SLC,,,,,JFK,,,,2025-10-14T23:59:59Z,2025-05-15T09:00:00Z,destination=SLC&origin=JFK&endRange=2025-10-14T23:59:59Z&startRange=2025-05-15T09:00:00Z,1.0,22.0,5%,2182.0,<Response [200]>,,
,,,,,,SIN,,,,,KUL,,,,2025-10-14T23:59:59Z,2025-05-15T09:00:00Z,destination=SIN&origin=KUL&endRange=2025-10-14T23:59:59Z&startRange=2025-05-15T09:00:00Z,1.0,10.0,10%,956.0,<Response [200]>,,
,,,,,,DAR,,,,,JRO,,,,2025-10-14T23:59:59Z,2025-05-15T09:00:00Z,destination=DAR&origin=JRO&endRange=2025-10-14T23:59:59Z&startRange=2025-05-15T09:00:00Z,1.0,2.0,50%,148.0,<Response [200]>,,
,,,,,,JFK,,,,,SAN,,,,2025-10-14T23:59:59Z,2025-05-15T09:00:00Z,destination=JFK&origin=SAN&endRange=2025-10-14T23:59:59Z&startRange=2025-05-15T09:00:00Z,1.0,13.0,8%,1209.0,<Response [200]>,,
,,,,,,RIC,,,,,BOS,,,,2025-10-14T23:59:59Z,2025-05-15T09:00:00Z,destination=RIC&origin=BOS&endRange=2025-10-14T23:59:59Z&startRange=2025-05-15T09:00:00Z,1.0,12.0,8%,1173.0,<Response [200]>,,
,,,,,,JFK,,,,,DCA,,,,2025-10-14T23:59:59Z,2025-05-15T09:00:00Z,destination=JFK&origin=DCA&endRange=2025-10-14T23:59:59Z&startRange=2025-05-15T09:00:00Z,1.0,11.0,9%,1079.0,<Response [200]>,,
,,,,,,AMS,,,,,TLV,,,,2025-10-14T23:59:59Z,2025-05-15T09:00:00Z,destination=AMS&origin=TLV&endRange=2025-10-14T23:59:59Z&startRange=2025-05-15T09:00:00Z,1.0,5.0,20%,480.0,<Response [200]>,,
,,,,,,SNA,,,,,SLC,,,,2025-10-14T23:59:59Z,2025-05-15T09:00:00Z,destination=SNA&origin=SLC&endRange=2025-10-14T23:59:59Z&startRange=2025-05-15T09:00:00Z,1.0,13.0,8%,1296.0,<Response [200]>,,
,,,,,,SNA,,,,,ATL,,,,2025-10-14T23:59:59Z,2025-05-15T09:00:00Z,destination=SNA&origin=ATL&endRange=2025-10-14T23:59:59Z&startRange=2025-05-15T09:00:00Z,1.0,13.0,8%,1247.0,<Response [200]>,,
,,,,,,DTW,,,,,BUF,,,,2025-10-14T23:59:59Z,2025-05-15T09:00:00Z,destination=DTW&origin=BUF&endRange=2025-10-14T23:59:59Z&startRange=2025-05-15T09:00:00Z,1.0,15.0,7%,1455.0,<Response [200]>,,
,,,,,,SEA,,,,,ANC,,,,2025-10-14T23:59:59Z,2025-05-15T09:00:00Z,destination=SEA&origin=ANC&endRange=2025-10-14T23:59:59Z&startRange=2025-05-15T09:00:00Z,1.0,11.0,9%,1094.0,<Response [200]>,,
,,,,,,SEA,,,,,SAN,,,,2025-10-14T23:59:59Z,2025-05-15T09:00:00Z,destination=SEA&origin=SAN&endRange=2025-10-14T23:59:59Z&startRange=2025-05-15T09:00:00Z,1.0,12.0,8%,1176.0,<Response [200]>,,
,,,,,,BEY,,,,,CDG,,,,2025-10-14T23:59:59Z,2025-05-15T09:00:00Z,destination=BEY&origin=CDG&endRange=2025-10-14T23:59:59Z&startRange=2025-05-15T09:00:00Z,1.0,5.0,20%,464.0,<Response [200]>,,
,,,,,,DJE,,,,,CDG,,,,2025-10-14T23:59:59Z,2025-05-15T09:00:00Z,destination=DJE&origin=CDG&endRange=2025-10-14T23:59:59Z&startRange=2025-05-15T09:00:00Z,1.0,4.0,25%,390.0,<Response [200]>,,
,,,,,,LAS,,,,,SLC,,,,2025-10-14T23:59:59Z,2025-05-15T09:00:00Z,destination=LAS&origin=SLC&endRange=2025-10-14T23:59:59Z&startRange=2025-05-15T09:00:00Z,1.0,14.0,7%,1366.0,<Response [200]>,,
,,,,,,ECP,,,,,ATL,,,,2025-10-14T23:59:59Z,2025-05-15T09:00:00Z,destination=ECP&origin=ATL&endRange=2025-10-14T23:59:59Z&startRange=2025-05-15T09:00:00Z,1.0,13.0,8%,1220.0,<Response [200]>,,
,,,,,,MSP,,,,,BOS,,,,2025-10-14T23:59:59Z,2025-05-15T09:00:00Z,destination=MSP&origin=BOS&endRange=2025-10-14T23:59:59Z&startRange=2025-05-15T09:00:00Z,1.0,21.0,5%,2047.0,<Response [200]>,,
,,,,,,CDG,,,,,MEX,,,,2025-10-14T23:59:59Z,2025-05-15T09:00:00Z,destination=CDG&origin=MEX&endRange=2025-10-14T23:59:59Z&startRange=2025-05-15T09:00:00Z,1.0,5.0,20%,490.0,<Response [200]>,,
,,,,,,PVG,,,,,CDG,,,,2025-10-14T23:59:59Z,2025-05-15T09:00:00Z,destination=PVG&origin=CDG&endRange=2025-10-14T23:59:59Z&startRange=2025-05-15T09:00:00Z,1.0,5.0,20%,416.0,<Response [200]>,,
,,,,,,SIN,,,,,SYD,,,,2025-10-14T23:59:59Z,2025-05-15T09:00:00Z,destination=SIN&origin=SYD&endRange=2025-10-14T23:59:59Z&startRange=2025-05-15T09:00:00Z,1.0,9.0,11%,822.0,<Response [200]>,,
,,,,,,GYE,,,,,UIO,,,,2025-10-14T23:59:59Z,2025-05-15T09:00:00Z,destination=GYE&origin=UIO&endRange=2025-10-14T23:59:59Z&startRange=2025-05-15T09:00:00Z,1.0,2.0,50%,136.0,<Response [200]>,,
,,,,,,DCA,,,,,MSP,,,,2025-10-14T23:59:59Z,2025-05-15T09:00:00Z,destination=DCA&origin=MSP&endRange=2025-10-14T23:59:59Z&startRange=2025-05-15T09:00:00Z,1.0,12.0,8%,1191.0,<Response [200]>,,
,,,,,,AMS,,,,,DTW,,,,2025-10-14T23:59:59Z,2025-05-15T09:00:00Z,destination=AMS&origin=DTW&endRange=2025-10-14T23:59:59Z&startRange=2025-05-15T09:00:00Z,1.0,5.0,20%,463.0,<Response [200]>,,
,,,,,,AMS,,,,,GYE,,,,2025-10-14T23:59:59Z,2025-05-15T09:00:00Z,destination=AMS&origin=GYE&endRange=2025-10-14T23:59:59Z&startRange=2025-05-15T09:00:00Z,1.0,2.0,50%,133.0,<Response [200]>,,
,,,,,,MSP,,,,,IAH,,,,2025-10-14T23:59:59Z,2025-05-15T09:00:00Z,destination=MSP&origin=IAH&endRange=2025-10-14T23:59:59Z&startRange=2025-05-15T09:00:00Z,1.0,13.0,8%,1214.0,<Response [200]>,,
,,,,,,MSP,,,,,RDU,,,,2025-10-14T23:59:59Z,2025-05-15T09:00:00Z,destination=MSP&origin=RDU&endRange=2025-10-14T23:59:59Z&startRange=2025-05-15T09:00:00Z,1.0,16.0,6%,1547.0,<Response [200]>,,
,,,,,,SLC,,,,,SFO,,,,2025-10-14T23:59:59Z,2025-05-15T09:00:00Z,destination=SLC&origin=SFO&endRange=2025-10-14T23:59:59Z&startRange=2025-05-15T09:00:00Z,1.0,13.0,8%,1219.0,<Response [200]>,,
,,,,,,JFK,,,,,DEN,,,,2025-10-14T23:59:59Z,2025-05-15T09:00:00Z,destination=JFK&origin=DEN&endRange=2025-10-14T23:59:59Z&startRange=2025-05-15T09:00:00Z,1.0,13.0,8%,1243.0,<Response [200]>,,
,,,,,,JFK,,,,,SEA,,,,2025-10-14T23:59:59Z,2025-05-15T09:00:00Z,destination=JFK&origin=SEA&endRange=2025-10-14T23:59:59Z&startRange=2025-05-15T09:00:00Z,1.0,22.0,5%,2132.0,<Response [200]>,,
,,,,,,BDL,,,,,DTW,,,,2025-10-14T23:59:59Z,2025-05-15T09:00:00Z,destination=BDL&origin=DTW&endRange=2025-10-14T23:59:59Z&startRange=2025-05-15T09:00:00Z,1.0,13.0,8%,1237.0,<Response [200]>,,
,,,,,,ONT,,,,,SLC,,,,2025-10-14T23:59:59Z,2025-05-15T09:00:00Z,destination=ONT&origin=SLC&endRange=2025-10-14T23:59:59Z&startRange=2025-05-15T09:00:00Z,1.0,10.0,10%,923.0,<Response [200]>,,
,,,,,,CLT,,,,,MSP,,,,2025-10-14T23:59:59Z,2025-05-15T09:00:00Z,destination=CLT&origin=MSP&endRange=2025-10-14T23:59:59Z&startRange=2025-05-15T09:00:00Z,1.0,13.0,8%,1208.0,<Response [200]>,,
,,,,,,CDG,,,,,EWR,,,,2025-10-14T23:59:59Z,2025-05-15T09:00:00Z,destination=CDG&origin=EWR&endRange=2025-10-14T23:59:59Z&startRange=2025-05-15T09:00:00Z,1.0,5.0,20%,464.0,<Response [200]>,,
,,,,,,CDG,,,,,DTW,,,,2025-10-14T23:59:59Z,2025-05-15T09:00:00Z,destination=CDG&origin=DTW&endRange=2025-10-14T23:59:59Z&startRange=2025-05-15T09:00:00Z,1.0,4.0,25%,399.0,<Response [200]>,,
,,,,,,BUF,,,,,ATL,,,,2025-10-14T23:59:59Z,2025-05-15T09:00:00Z,destination=BUF&origin=ATL&endRange=2025-10-14T23:59:59Z&startRange=2025-05-15T09:00:00Z,1.0,11.0,9%,1005.0,<Response [200]>,,
,,,,,,MCO,,,,,BOS,,,,2025-10-14T23:59:59Z,2025-05-15T09:00:00Z,destination=MCO&origin=BOS&endRange=2025-10-14T23:59:59Z&startRange=2025-05-15T09:00:00Z,1.0,14.0,7%,1323.0,<Response [200]>,,
,,,,,,MIA,,,,,JFK,,,,2025-10-14T23:59:59Z,2025-05-15T09:00:00Z,destination=MIA&origin=JFK&endRange=2025-10-14T23:59:59Z&startRange=2025-05-15T09:00:00Z,1.0,10.0,10%,924.0,<Response [200]>,,
,,,,,,NBO,,,,,MBA,,,,2025-10-14T23:59:59Z,2025-05-15T09:00:00Z,destination=NBO&origin=MBA&endRange=2025-10-14T23:59:59Z&startRange=2025-05-15T09:00:00Z,1.0,10.0,10%,914.0,<Response [200]>,,
,,,,,,UIO,,,,,AMS,,,,2025-10-14T23:59:59Z,2025-05-15T09:00:00Z,destination=UIO&origin=AMS&endRange=2025-10-14T23:59:59Z&startRange=2025-05-15T09:00:00Z,1.0,2.0,50%,132.0,<Response [200]>,,
,,,,,,DTW,,,,,AMS,,,,2025-10-14T23:59:59Z,2025-05-15T09:00:00Z,destination=DTW&origin=AMS&endRange=2025-10-14T23:59:59Z&startRange=2025-05-15T09:00:00Z,1.0,5.0,20%,457.0,<Response [200]>,,
,,,,,,JFK,,,,,SYR,,,,2025-10-14T23:59:59Z,2025-05-15T09:00:00Z,destination=JFK&origin=SYR&endRange=2025-10-14T23:59:59Z&startRange=2025-05-15T09:00:00Z,1.0,9.0,11%,885.0,<Response [200]>,,
,,,,,,GEG,,,,,SLC,,,,2025-10-14T23:59:59Z,2025-05-15T09:00:00Z,destination=GEG&origin=SLC&endRange=2025-10-14T23:59:59Z&startRange=2025-05-15T09:00:00Z,1.0,13.0,8%,1227.0,<Response [200]>,,
,,,,,,PDX,,,,,LAX,,,,2025-10-14T23:59:59Z,2025-05-15T09:00:00Z,destination=PDX&origin=LAX&endRange=2025-10-14T23:59:59Z&startRange=2025-05-15T09:00:00Z,1.0,13.0,8%,1211.0,<Response [200]>,,
,,,,,,SEA,,,,,DTW,,,,2025-10-14T23:59:59Z,2025-05-15T09:00:00Z,destination=SEA&origin=DTW&endRange=2025-10-14T23:59:59Z&startRange=2025-05-15T09:00:00Z,1.0,21.0,5%,2039.0,<Response [200]>,,
,,,,,,MKE,,,,,DTW,,,,2025-10-14T23:59:59Z,2025-05-15T09:00:00Z,destination=MKE&origin=DTW&endRange=2025-10-14T23:59:59Z&startRange=2025-05-15T09:00:00Z,1.0,15.0,7%,1414.0,<Response [200]>,,
,,,,,,SMF,,,,,SEA,,,,2025-10-14T23:59:59Z,2025-05-15T09:00:00Z,destination=SMF&origin=SEA&endRange=2025-10-14T23:59:59Z&startRange=2025-05-15T09:00:00Z,1.0,11.0,9%,1048.0,<Response [200]>,,
,,,,,,CVG,,,,,BOS,,,,2025-10-14T23:59:59Z,2025-05-15T09:00:00Z,destination=CVG&origin=BOS&endRange=2025-10-14T23:59:59Z&startRange=2025-05-15T09:00:00Z,1.0,14.0,7%,1341.0,<Response [200]>,,
,,,,,,MSP,,,,,CLT,,,,2025-10-14T23:59:59Z,2025-05-15T09:00:00Z,destination=MSP&origin=CLT&endRange=2025-10-14T23:59:59Z&startRange=2025-05-15T09:00:00Z,1.0,12.0,8%,1195.0,<Response [200]>,,
,,,,,,GRU,,,,,CDG,,,,2025-10-14T23:59:59Z,2025-05-15T09:00:00Z,destination=GRU&origin=CDG&endRange=2025-10-14T23:59:59Z&startRange=2025-05-15T09:00:00Z,1.0,5.0,20%,459.0,<Response [200]>,,
,,,,,,PDX,,,,,MSP,,,,2025-10-14T23:59:59Z,2025-05-15T09:00:00Z,destination=PDX&origin=MSP&endRange=2025-10-14T23:59:59Z&startRange=2025-05-15T09:00:00Z,1.0,12.0,8%,1170.0,<Response [200]>,,
,,,,,,TPA,,,,,DTW,,,,2025-10-14T23:59:59Z,2025-05-15T09:00:00Z,destination=TPA&origin=DTW&endRange=2025-10-14T23:59:59Z&startRange=2025-05-15T09:00:00Z,1.0,13.0,8%,1295.0,<Response [200]>,,
,,,,,,BUF,,,,,JFK,,,,2025-10-14T23:59:59Z,2025-05-15T09:00:00Z,destination=BUF&origin=JFK&endRange=2025-10-14T23:59:59Z&startRange=2025-05-15T09:00:00Z,1.0,13.0,8%,1232.0,<Response [200]>,,
,,,,,,SJC,,,,,LAX,,,,2025-10-14T23:59:59Z,2025-05-15T09:00:00Z,destination=SJC&origin=LAX&endRange=2025-10-14T23:59:59Z&startRange=2025-05-15T09:00:00Z,1.0,11.0,9%,1053.0,<Response [200]>,,
,,,,,,LAS,,,,,SEA,,,,2025-10-14T23:59:59Z,2025-05-15T09:00:00Z,destination=LAS&origin=SEA&endRange=2025-10-14T23:59:59Z&startRange=2025-05-15T09:00:00Z,1.0,14.0,7%,1363.0,<Response [200]>,,
,,,,,,JFK,,,,,AUS,,,,2025-10-14T23:59:59Z,2025-05-15T09:00:00Z,destination=JFK&origin=AUS&endRange=2025-10-14T23:59:59Z&startRange=2025-05-15T09:00:00Z,1.0,12.0,8%,1150.0,<Response [200]>,,
,,,,,,JFK,,,,,BNA,,,,2025-10-14T23:59:59Z,2025-05-15T09:00:00Z,destination=JFK&origin=BNA&endRange=2025-10-14T23:59:59Z&startRange=2025-05-15T09:00:00Z,1.0,12.0,8%,1111.0,<Response [200]>,,
,,,,,,CDG,,,,,CDG,,,,2025-10-14T23:59:59Z,2025-05-15T09:00:00Z,destination=CDG&origin=CDG&endRange=2025-10-14T23:59:59Z&startRange=2025-05-15T09:00:00Z,1.0,75.0,1%,7450.0,<Response [200]>,,
,,,,,,LAX,,,,,MSP,,,,2025-10-14T23:59:59Z,2025-05-15T09:00:00Z,destination=LAX&origin=MSP&endRange=2025-10-14T23:59:59Z&startRange=2025-05-15T09:00:00Z,1.0,20.0,5%,1945.0,<Response [200]>,,2025-10-25T15:40:44.619733
,,,,,,LAX,,,,,SJC,,,,2025-10-14T23:59:59Z,2025-05-15T09:00:00Z,destination=LAX&origin=SJC&endRange=2025-10-14T23:59:59Z&startRange=2025-05-15T09:00:00Z,1.0,11.0,9%,1032.0,<Response [200]>,,2025-10-25T15:40:47.962231
,,,,,,ORD,,,,,BOS,,,,2025-10-14T23:59:59Z,2025-05-15T09:00:00Z,destination=ORD&origin=BOS&endRange=2025-10-14T23:59:59Z&startRange=2025-05-15T09:00:00Z,1.0,15.0,7%,1481.0,<Response [200]>,,2025-10-25T15:40:55.501921
,,,,,,ATL,,,,,DSM,,,,2025-10-14T23:59:59Z,2025-05-15T09:00:00Z,destination=ATL&origin=DSM&endRange=2025-10-14T23:59:59Z&startRange=2025-05-15T09:00:00Z,1.0,9.0,11%,877.0,<Response [200]>,,2025-10-25T15:41:01.661710
,,,,,,ATL,,,,,OKC,,,,2025-10-14T23:59:59Z,2025-05-15T09:00:00Z,destination=ATL&origin=OKC&endRange=2025-10-14T23:59:59Z&startRange=2025-05-15T09:00:00Z,1.0,10.0,10%,965.0,<Response [200]>,,2025-10-25T15:41:04.723865
,,,,,,SXM,,,,,AMS,,,,2025-10-14T23:59:59Z,2025-05-15T09:00:00Z,destination=SXM&origin=AMS&endRange=2025-10-14T23:59:59Z&startRange=2025-05-15T09:00:00Z,1.0,2.0,50%,147.0,<Response [200]>,,2025-10-25T15:41:08.380469
,,,,,,ATL,,,,,MSN,,,,2025-10-14T23:59:59Z,2025-05-15T09:00:00Z,destination=ATL&origin=MSN&endRange=2025-10-14T23:59:59Z&startRange=2025-05-15T09:00:00Z,1.0,12.0,8%,1157.0,<Response [200]>,,2025-10-25T15:41:12.864410
,,,,,,CMH,,,,,DTW,,,,2025-10-14T23:59:59Z,2025-05-15T09:00:00Z,destination=CMH&origin=DTW&endRange=2025-10-14T23:59:59Z&startRange=2025-05-15T09:00:00Z,1.0,15.0,7%,1429.0,<Response [200]>,,2025-10-25T15:41:19.543105
,,,,,,DTW,,,,,MKE,,,,2025-10-14T23:59:59Z,2025-05-15T09:00:00Z,destination=DTW&origin=MKE&endRange=2025-10-14T23:59:59Z&startRange=2025-05-15T09:00:00Z,1.0,13.0,8%,1237.0,<Response [200]>,,2025-10-25T15:41:24.533391
,,,,,,SLC,,,,,BOI,,,,2025-10-14T23:59:59Z,2025-05-15T09:00:00Z,destination=SLC&origin=BOI&endRange=2025-10-14T23:59:59Z&startRange=2025-05-15T09:00:00Z,1.0,12.0,8%,1144.0,<Response [200]>,,2025-10-25T15:41:28.503388
,,,,,,CDG,,,,,ORD,,,,2025-10-14T23:59:59Z,2025-05-15T09:00:00Z,destination=CDG&origin=ORD&endRange=2025-10-14T23:59:59Z&startRange=2025-05-15T09:00:00Z,1.0,5.0,20%,419.0,<Response [200]>,,2025-10-25T15:41:33.439647
,,,,,,JFK,,,,,YYZ,,,,2025-10-14T23:59:59Z,2025-05-15T09:00:00Z,destination=JFK&origin=YYZ&endRange=2025-10-14T23:59:59Z&startRange=2025-05-15T09:00:00Z,1.0,13.0,8%,1269.0,<Response [200]>,,2025-10-25T15:41:39.177042
,,,,,,JFK,,,,,PHX,,,,2025-10-14T23:59:59Z,2025-05-15T09:00:00Z,destination=JFK&origin=PHX&endRange=2025-10-14T23:59:59Z&startRange=2025-05-15T09:00:00Z,1.0,14.0,7%,1369.0,<Response [200]>,,2025-10-25T15:41:45.311301
,,,,,,SEA,,,,,ONT,,,,2025-10-14T23:59:59Z,2025-05-15T09:00:00Z,destination=SEA&origin=ONT&endRange=2025-10-14T23:59:59Z&startRange=2025-05-15T09:00:00Z,1.0,12.0,8%,1170.0,<Response [200]>,,2025-10-25T15:41:49.268434
,,,,,,JFK,,,,,SAV,,,,2025-10-14T23:59:59Z,2025-05-15T09:00:00Z,destination=JFK&origin=SAV&endRange=2025-10-14T23:59:59Z&startRange=2025-05-15T09:00:00Z,1.0,10.0,10%,991.0,<Response [200]>,,2025-10-25T15:41:53.726629
,,,,,,DTW,,,,,LGA,,,,2025-10-14T23:59:59Z,2025-05-15T09:00:00Z,destination=DTW&origin=LGA&endRange=2025-10-14T23:59:59Z&startRange=2025-05-15T09:00:00Z,1.0,13.0,8%,1296.0,<Response [200]>,,2025-10-25T15:41:59.774433
,,,,,,CDG,,,,,PEK,,,,2025-10-14T23:59:59Z,2025-05-15T09:00:00Z,destination=CDG&origin=PEK&endRange=2025-10-14T23:59:59Z&startRange=2025-05-15T09:00:00Z,1.0,5.0,20%,416.0,<Response [200]>,,2025-10-25T15:42:02.765790
,,,,,,MCI,,,,,DTW,,,,2025-10-14T23:59:59Z,2025-05-15T09:00:00Z,destination=MCI&origin=DTW&endRange=2025-10-14T23:59:59Z&startRange=2025-05-15T09:00:00Z,1.0,13.0,8%,1292.0,<Response [200]>,,2025-10-25T15:42:08.895419
,,,,,,DTW,,,,,CDG,,,,2025-10-14T23:59:59Z,2025-05-15T09:00:00Z,destination=DTW&origin=CDG&endRange=2025-10-14T23:59:59Z&startRange=2025-05-15T09:00:00Z,1.0,5.0,20%,401.0,<Response [200]>,,2025-10-25T15:42:45.525091
,,,,,,ONT,,,,,SEA,,,,2025-10-14T23:59:59Z,2025-05-15T09:00:00Z,destination=ONT&origin=SEA&endRange=2025-10-14T23:59:59Z&startRange=2025-05-15T09:00:00Z,1.0,13.0,8%,1262.0,<Response [200]>,,2025-10-25T15:42:48.564951
,,,,,,DTW,,,,,CLT,,,,2025-10-14T23:59:59Z,2025-05-15T09:00:00Z,destination=DTW&origin=CLT&endRange=2025-10-14T23:59:59Z&startRange=2025-05-15T09:00:00Z,1.0,16.0,6%,1512.0,<Response [200]>,,2025-10-25T15:42:53.623071
,,,,,,CLT,,,,,JFK,,,,2025-10-14T23:59:59Z,2025-05-15T09:00:00Z,destination=CLT&origin=JFK&endRange=2025-10-14T23:59:59Z&startRange=2025-05-15T09:00:00Z,1.0,12.0,8%,1126.0,<Response [200]>,,2025-10-25T15:42:57.373771
,,,,,,TPA,,,,,MSP,,,,2025-10-14T23:59:59Z,2025-05-15T09:00:00Z,destination=TPA&origin=MSP&endRange=2025-10-14T23:59:59Z&startRange=2025-05-15T09:00:00Z,1.0,13.0,8%,1219.0,<Response [200]>,,2025-10-25T15:43:03.318732
,,,,,,ORY,,,,,BJA,,,,2025-10-14T23:59:59Z,2025-05-15T09:00:00Z,destination=ORY&origin=BJA&endRange=2025-10-14T23:59:59Z&startRange=2025-05-15T09:00:00Z,1.0,4.0,25%,337.0,<Response [200]>,,2025-10-25T15:43:05.860321
,,,,,,DTW,,,,,YYZ,,,,2025-10-14T23:59:59Z,2025-05-15T09:00:00Z,destination=DTW&origin=YYZ&endRange=2025-10-14T23:59:59Z&startRange=2025-05-15T09:00:00Z,1.0,15.0,7%,1415.0,<Response [200]>,,2025-10-25T15:43:08.855356
,,,,,,DCA,,,,,DTW,,,,2025-10-14T23:59:59Z,2025-05-15T09:00:00Z,destination=DCA&origin=DTW&endRange=2025-10-14T23:59:59Z&startRange=2025-05-15T09:00:00Z,1.0,16.0,6%,1530.0,<Response [200]>,,2025-10-25T15:43:14.581810
,,,,,,DEN,,,,,SEA,,,,2025-10-14T23:59:59Z,2025-05-15T09:00:00Z,destination=DEN&origin=SEA&endRange=2025-10-14T23:59:59Z&startRange=2025-05-15T09:00:00Z,1.0,14.0,7%,1366.0,<Response [200]>,,2025-10-25T15:43:20.173125
,,,,,,PTY,,,,,SJO,,,,2025-10-14T23:59:59Z,2025-05-15T09:00:00Z,destination=PTY&origin=SJO&endRange=2025-10-14T23:59:59Z&startRange=2025-05-15T09:00:00Z,1.0,10.0,10%,965.0,<Response [200]>,,2025-10-25T15:43:23.290959
,,,,,,BOS,,,,,MSP,,,,2025-10-14T23:59:59Z,2025-05-15T09:00:00Z,destination=BOS&origin=MSP&endRange=2025-10-14T23:59:59Z&startRange=2025-05-15T09:00:00Z,1.0,18.0,6%,1799.0,<Response [200]>,,2025-10-25T15:43:37.506671
,,,,,,ORD,,,,,JFK,,,,2025-10-14T23:59:59Z,2025-05-15T09:00:00Z,destination=ORD&origin=JFK&endRange=2025-10-14T23:59:59Z&startRange=2025-05-15T09:00:00Z,1.0,14.0,7%,1359.0,<Response [200]>,,2025-10-25T15:43:41.645914
,,,,,,DTW,,,,,MEM,,,,2025-10-14T23:59:59Z,2025-05-15T09:00:00Z,destination=DTW&origin=MEM&endRange=2025-10-14T23:59:59Z&startRange=2025-05-15T09:00:00Z,1.0,8.0,12%,795.0,<Response [200]>,,2025-10-25T15:43:45.365664
,,,,,,GPT,,,,,ATL,,,,2025-10-14T23:59:59Z,2025-05-15T09:00:00Z,destination=GPT&origin=ATL&endRange=2025-10-14T23:59:59Z&startRange=2025-05-15T09:00:00Z,1.0,11.0,9%,1080.0,<Response [200]>,,2025-10-25T15:43:48.355870
,,,,,,LAX,,,,,AUS,,,,2025-10-14T23:59:59Z,2025-05-15T09:00:00Z,destination=LAX&origin=AUS&endRange=2025-10-14T23:59:59Z&startRange=2025-05-15T09:00:00Z,1.0,11.0,9%,1048.0,<Response [200]>,,2025-10-25T15:43:53.750729
,,,,,,MSP,,,,,CVG,,,,2025-10-14T23:59:59Z,2025-05-15T09:00:00Z,destination=MSP&origin=CVG&endRange=2025-10-14T23:59:59Z&startRange=2025-05-15T09:00:00Z,1.0,12.0,8%,1183.0,<Response [200]>,,2025-10-25T15:48:20.267331
,,,,,,IND,,,,,JFK,,,,2025-10-14T23:59:59Z,2025-05-15T09:00:00Z,destination=IND&origin=JFK&endRange=2025-10-14T23:59:59Z&startRange=2025-05-15T09:00:00Z,1.0,10.0,10%,978.0,<Response [200]>,,2025-10-25T15:48:25.686289
,,,,,,LHR,,,,,MCO,,,,2025-10-14T23:59:59Z,2025-05-15T09:00:00Z,destination=LHR&origin=MCO&endRange=2025-10-14T23:59:59Z&startRange=2025-05-15T09:00:00Z,1.0,4.0,25%,332.0,<Response [200]>,,2025-10-25T15:48:33.797975
,,,,,,BKK,,,,,CDG,,,,2025-10-14T23:59:59Z,2025-05-15T09:00:00Z,destination=BKK&origin=CDG&endRange=2025-10-14T23:59:59Z&startRange=2025-05-15T09:00:00Z,1.0,4.0,25%,339.0,<Response [200]>,,2025-10-25T15:48:38.401324
,,,,,,JFK,,,,,FLL,,,,2025-10-14T23:59:59Z,2025-05-15T09:00:00Z,destination=JFK&origin=FLL&endRange=2025-10-14T23:59:59Z&startRange=2025-05-15T09:00:00Z,1.0,15.0,7%,1431.0,<Response [200]>,,2025-10-25T15:48:43.869820
,,,,,,ATL,,,,,SNA,,,,2025-10-14T23:59:59Z,2025-05-15T09:00:00Z,destination=ATL&origin=SNA&endRange=2025-10-14T23:59:59Z&startRange=2025-05-15T09:00:00Z,1.0,14.0,7%,1315.0,<Response [200]>,,2025-10-25T15:48:48.651339
,,,,,,MTY,,,,,MEX,,,,2025-10-14T23:59:59Z,2025-05-15T09:00:00Z,destination=MTY&origin=MEX&endRange=2025-10-14T23:59:59Z&startRange=2025-05-15T09:00:00Z,1.0,12.0,8%,1114.0,<Response [200]>,,2025-10-25T15:48:59.235853
,,,,,,PEK,,,,,CDG,,,,2025-10-14T23:59:59Z,2025-05-15T09:00:00Z,destination=PEK&origin=CDG&endRange=2025-10-14T23:59:59Z&startRange=2025-05-15T09:00:00Z,1.0,5.0,20%,416.0,<Response [200]>,,2025-10-25T15:49:02.296524
,,,,,,SLC,,,,,ONT,,,,2025-10-14T23:59:59Z,2025-05-15T09:00:00Z,destination=SLC&origin=ONT&endRange=2025-10-14T23:59:59Z&startRange=2025-05-15T09:00:00Z,1.0,9.0,11%,886.0,<Response [200]>,,2025-10-25T15:49:06.470495
,,,,,,DTW,,,,,IAH,,,,2025-10-14T23:59:59Z,2025-05-15T09:00:00Z,destination=DTW&origin=IAH&endRange=2025-10-14T23:59:59Z&startRange=2025-05-15T09:00:00Z,1.0,11.0,9%,1099.0,<Response [200]>,,2025-10-25T15:49:11.726200
,,,,,,BOS,,,,,CVG,,,,2025-10-14T23:59:59Z,2025-05-15T09:00:00Z,destination=BOS&origin=CVG&endRange=2025-10-14T23:59:59Z&startRange=2025-05-15T09:00:00Z,1.0,11.0,9%,1011.0,<Response [200]>,,2025-10-25T15:49:14.589706
,,,,,,CDG,,,,,PVG,,,,2025-10-14T23:59:59Z,2025-05-15T09:00:00Z,destination=CDG&origin=PVG&endRange=2025-10-14T23:59:59Z&startRange=2025-05-15T09:00:00Z,1.0,5.0,20%,415.0,<Response [200]>,,2025-10-25T15:49:24.916426
,,,,,,RST,,,,,MSP,,,,2025-10-14T23:59:59Z,2025-05-15T09:00:00Z,destination=RST&origin=MSP&endRange=2025-10-14T23:59:59Z&startRange=2025-05-15T09:00:00Z,1.0,7.0,14%,683.0,<Response [200]>,,2025-10-25T15:49:27.857459
,,,,,,CDG,,,,,SFO,,,,2025-10-14T23:59:59Z,2025-05-15T09:00:00Z,destination=CDG&origin=SFO&endRange=2025-10-14T23:59:59Z&startRange=2025-05-15T09:00:00Z,1.0,5.0,20%,427.0,<Response [200]>,,2025-10-25T15:49:37.113203
,,,,,,SJO,,,,,PTY,,,,2025-10-14T23:59:59Z,2025-05-15T09:00:00Z,destination=SJO&origin=PTY&endRange=2025-10-14T23:59:59Z&startRange=2025-05-15T09:00:00Z,1.0,9.0,11%,894.0,<Response [200]>,,2025-10-25T15:49:40.250179
,,,,,,RIC,,,,,JFK,,,,2025-10-14T23:59:59Z,2025-05-15T09:00:00Z,destination=RIC&origin=JFK&endRange=2025-10-14T23:59:59Z&startRange=2025-05-15T09:00:00Z,1.0,9.0,11%,830.0,<Response [200]>,,2025-10-25T15:49:45.623623
,,,,,,PHL,,,,,MSP,,,,2025-10-14T23:59:59Z,2025-05-15T09:00:00Z,destination=PHL&origin=MSP&endRange=2025-10-14T23:59:59Z&startRange=2025-05-15T09:00:00Z,1.0,18.0,6%,1747.0,<Response [200]>,,2025-10-25T15:49:51.695764
,,,,,,MSP,,,,,LGA,,,,2025-10-14T23:59:59Z,2025-05-15T09:00:00Z,destination=MSP&origin=LGA&endRange=2025-10-14T23:59:59Z&startRange=2025-05-15T09:00:00Z,1.0,21.0,5%,2034.0,<Response [200]>,,2025-10-25T15:49:58.371413
,,,,,,ATL,,,,,SEA,,,,2025-10-14T23:59:59Z,2025-05-15T09:00:00Z,destination=ATL&origin=SEA&endRange=2025-10-14T23:59:59Z&startRange=2025-05-15T09:00:00Z,1.0,47.0,2%,4675.0,<Response [200]>,,2025-10-25T15:50:15.371483
,,,,,,GRR,,,,,MSP,,,,2025-10-14T23:59:59Z,2025-05-15T09:00:00Z,destination=GRR&origin=MSP&endRange=2025-10-14T23:59:59Z&startRange=2025-05-15T09:00:00Z,1.0,10.0,10%,985.0,<Response [200]>,,2025-10-25T15:50:19.552376
,,,,,,BOS,,,,,RIC,,,,2025-10-14T23:59:59Z,2025-05-15T09:00:00Z,destination=BOS&origin=RIC&endRange=2025-10-14T23:59:59Z&startRange=2025-05-15T09:00:00Z,1.0,10.0,10%,909.0,<Response [200]>,,2025-10-25T15:50:23.494863
,,,,,,DTW,,,,,EWR,,,,2025-10-14T23:59:59Z,2025-05-15T09:00:00Z,destination=DTW&origin=EWR&endRange=2025-10-14T23:59:59Z&startRange=2025-05-15T09:00:00Z,1.0,13.0,8%,1211.0,<Response [200]>,,2025-10-25T15:50:28.854548
,,,,,,ATL,,,,,GRR,,,,2025-10-14T23:59:59Z,2025-05-15T09:00:00Z,destination=ATL&origin=GRR&endRange=2025-10-14T23:59:59Z&startRange=2025-05-15T09:00:00Z,1.0,10.0,10%,961.0,<Response [200]>,,2025-10-25T15:50:31.694048
,,,,,,DTW,,,,,BDL,,,,2025-10-14T23:59:59Z,2025-05-15T09:00:00Z,destination=DTW&origin=BDL&endRange=2025-10-14T23:59:59Z&startRange=2025-05-15T09:00:00Z,1.0,10.0,10%,930.0,<Response [200]>,,2025-10-25T15:50:35.701317
,,,,,,SEA,,,,,YVR,,,,2025-10-14T23:59:59Z,2025-05-15T09:00:00Z,destination=SEA&origin=YVR&endRange=2025-10-14T23:59:59Z&startRange=2025-05-15T09:00:00Z,1.0,12.0,8%,1149.0,<Response [200]>,,2025-10-25T15:50:40.846706
,,,,,,OKC,,,,,ATL,,,,2025-10-14T23:59:59Z,2025-05-15T09:00:00Z,destination=OKC&origin=ATL&endRange=2025-10-14T23:59:59Z&startRange=2025-05-15T09:00:00Z,1.0,10.0,10%,940.0,<Response [200]>,,2025-10-25T15:50:44.964235
,,,,,,SLC,,,,,BOS,,,,2025-10-14T23:59:59Z,2025-05-15T09:00:00Z,destination=SLC&origin=BOS&endRange=2025-10-14T23:59:59Z&startRange=2025-05-15T09:00:00Z,1.0,11.0,9%,1080.0,<Response [200]>,,2025-10-25T15:51:01.078724
,,,,,,SLC,,,,,SJC,,,,2025-10-14T23:59:59Z,2025-05-15T09:00:00Z,destination=SLC&origin=SJC&endRange=2025-10-14T23:59:59Z&startRange=2025-05-15T09:00:00Z,1.0,12.0,8%,1129.0,<Response [200]>,,2025-10-25T15:51:05.444902
,,,,,,OMA,,,,,MSP,,,,2025-10-14T23:59:59Z,2025-05-15T09:00:00Z,destination=OMA&origin=MSP&endRange=2025-10-14T23:59:59Z&startRange=2025-05-15T09:00:00Z,1.0,12.0,8%,1162.0,<Response [200]>,,2025-10-25T15:51:09.678694
,,,,,,JFK,,,,,DTW,,,,2025-10-14T23:59:59Z,2025-05-15T09:00:00Z,destination=JFK&origin=DTW&endRange=2025-10-14T23:59:59Z&startRange=2025-05-15T09:00:00Z,1.0,55.0,2%,5464.0,<Response [200]>,,2025-10-25T15:51:35.353599
,,,,,,JFK,,,,,TPA,,,,2025-10-14T23:59:59Z,2025-05-15T09:00:00Z,destination=JFK&origin=TPA&endRange=2025-10-14T23:59:59Z&startRange=2025-05-15T09:00:00Z,1.0,10.0,10%,961.0,<Response [200]>,,2025-10-25T15:51:40.482117
,,,,,,ATL,,,,,TUS,,,,2025-10-14T23:59:59Z,2025-05-15T09:00:00Z,destination=ATL&origin=TUS&endRange=2025-10-14T23:59:59Z&startRange=2025-05-15T09:00:00Z,1.0,9.0,11%,822.0,<Response [200]>,,2025-10-25T15:51:44.002340
,,,,,,FLL,,,,,DTW,,,,2025-10-14T23:59:59Z,2025-05-15T09:00:00Z,destination=FLL&origin=DTW&endRange=2025-10-14T23:59:59Z&startRange=2025-05-15T09:00:00Z,1.0,12.0,8%,1120.0,<Response [200]>,,2025-10-25T15:51:49.228359
,,,,,,PHX,,,,,ATL,,,,2025-10-14T23:59:59Z,2025-05-15T09:00:00Z,destination=PHX&origin=ATL&endRange=2025-10-14T23:59:59Z&startRange=2025-05-15T09:00:00Z,1.0,20.0,5%,1944.0,<Response [200]>,,2025-10-25T15:51:54.987145
,,,,,,LGA,,,,,DTW,,,,2025-10-14T23:59:59Z,2025-05-15T09:00:00Z,destination=LGA&origin=DTW&endRange=2025-10-14T23:59:59Z&startRange=2025-05-15T09:00:00Z,1.0,15.0,7%,1496.0,<Response [200]>,,2025-10-25T15:51:59.539600
,,,,,,YVR,,,,,SEA,,,,2025-10-14T23:59:59Z,2025-05-15T09:00:00Z,destination=YVR&origin=SEA&endRange=2025-10-14T23:59:59Z&startRange=2025-05-15T09:00:00Z,1.0,11.0,9%,1069.0,<Response [200]>,,2025-10-25T15:52:04.066209
,,,,,,LAX,,,,,PHX,,,,2025-10-14T23:59:59Z,2025-05-15T09:00:00Z,destination=LAX&origin=PHX&endRange=2025-10-14T23:59:59Z&startRange=2025-05-15T09:00:00Z,1.0,12.0,8%,1190.0,<Response [200]>,,2025-10-25T15:52:17.483433
,,,,,,RDU,,,,,JFK,,,,2025-10-14T23:59:59Z,2025-05-15T09:00:00Z,destination=RDU&origin=JFK&endRange=2025-10-14T23:59:59Z&startRange=2025-05-15T09:00:00Z,1.0,12.0,8%,1141.0,<Response [200]>,,2025-10-25T15:52:23.365194
,,,,,,MSN,,,,,ATL,,,,2025-10-14T23:59:59Z,2025-05-15T09:00:00Z,destination=MSN&origin=ATL&endRange=2025-10-14T23:59:59Z&startRange=2025-05-15T09:00:00Z,1.0,13.0,8%,1297.0,<Response [200]>,,2025-10-25T15:52:27.404827
,,,,,,ALB,,,,,DTW,,,,2025-10-14T23:59:59Z,2025-05-15T09:00:00Z,destination=ALB&origin=DTW&endRange=2025-10-14T23:59:59Z&startRange=2025-05-15T09:00:00Z,1.0,10.0,10%,904.0,<Response [200]>,,2025-10-25T15:52:30.644690
,,,,,,MSP,,,,,DFW,,,,2025-10-14T23:59:59Z,2025-05-15T09:00:00Z,destination=MSP&origin=DFW&endRange=2025-10-14T23:59:59Z&startRange=2025-05-15T09:00:00Z,1.0,11.0,9%,1100.0,<Response [200]>,,2025-10-25T15:52:36.872330
,,,,,,MSP,,,,,DEN,,,,2025-10-14T23:59:59Z,2025-05-15T09:00:00Z,destination=MSP&origin=DEN&endRange=2025-10-14T23:59:59Z&startRange=2025-05-15T09:00:00Z,1.0,12.0,8%,1166.0,<Response [200]>,,2025-10-25T15:52:41.791820
,,,,,,CLT,,,,,DTW,,,,2025-10-14T23:59:59Z,2025-05-15T09:00:00Z,destination=CLT&origin=DTW&endRange=2025-10-14T23:59:59Z&startRange=2025-05-15T09:00:00Z,1.0,16.0,6%,1530.0,<Response [200]>,,2025-10-25T15:53:12.733887
,,,,,,SFO,,,,,SLC,,,,2025-10-14T23:59:59Z,2025-05-15T09:00:00Z,destination=SFO&origin=SLC&endRange=2025-10-14T23:59:59Z&startRange=2025-05-15T09:00:00Z,1.0,12.0,8%,1158.0,<Response [200]>,,2025-10-25T15:53:33.583437
,,,,,,EWR,,,,,MSP,,,,2025-10-14T23:59:59Z,2025-05-15T09:00:00Z,destination=EWR&origin=MSP&endRange=2025-10-14T23:59:59Z&startRange=2025-05-15T09:00:00Z,1.0,10.0,10%,992.0,<Response [200]>,,2025-10-25T15:53:39.639456
,,,,,,AUS,,,,,DTW,,,,2025-10-14T23:59:59Z,2025-05-15T09:00:00Z,destination=AUS&origin=DTW&endRange=2025-10-14T23:59:59Z&startRange=2025-05-15T09:00:00Z,1.0,10.0,10%,944.0,<Response [200]>,,2025-10-25T15:53:44.526644
,,,,,,SLC,,,,,SAN,,,,2025-10-14T23:59:59Z,2025-05-15T09:00:00Z,destination=SLC&origin=SAN&endRange=2025-10-14T23:59:59Z&startRange=2025-05-15T09:00:00Z,1.0,14.0,7%,1325.0,<Response [200]>,,2025-10-25T15:53:56.539503
,,,,,,MSP,,,,,SFO,,,,2025-10-14T23:59:59Z,2025-05-15T09:00:00Z,destination=MSP&origin=SFO&endRange=2025-10-14T23:59:59Z&startRange=2025-05-15T09:00:00Z,1.0,12.0,8%,1144.0,<Response [200]>,,2025-10-25T15:54:02.048518
,,,,,,BOI,,,,,SEA,,,,2025-10-14T23:59:59Z,2025-05-15T09:00:00Z,destination=BOI&origin=SEA&endRange=2025-10-14T23:59:59Z&startRange=2025-05-15T09:00:00Z,1.0,10.0,10%,996.0,<Response [200]>,,2025-10-25T15:54:05.867006
,,,,,,SEA,,,,,GEG,,,,2025-10-14T23:59:59Z,2025-05-15T09:00:00Z,destination=SEA&origin=GEG&endRange=2025-10-14T23:59:59Z&startRange=2025-05-15T09:00:00Z,1.0,10.0,10%,977.0,<Response [200]>,,2025-10-25T15:54:16.981633
,,,,,,SEA,,,,,BOI,,,,2025-10-14T23:59:59Z,2025-05-15T09:00:00Z,destination=SEA&origin=BOI&endRange=2025-10-14T23:59:59Z&startRange=2025-05-15T09:00:00Z,1.0,10.0,10%,998.0,<Response [200]>,,2025-10-25T15:54:20.642833
,,,,,,IAH,,,,,SLC,,,,2025-10-14T23:59:59Z,2025-05-15T09:00:00Z,destination=IAH&origin=SLC&endRange=2025-10-14T23:59:59Z&startRange=2025-05-15T09:00:00Z,1.0,11.0,9%,1075.0,<Response [200]>,,2025-10-25T15:54:24.487424
,,,,,,IAD,,,,,JFK,,,,2025-10-14T23:59:59Z,2025-05-15T09:00:00Z,destination=IAD&origin=JFK&endRange=2025-10-14T23:59:59Z&startRange=2025-05-15T09:00:00Z,1.0,11.0,9%,1005.0,<Response [200]>,,2025-10-25T15:54:28.859862
,,,,,,ATL,,,,,BUF,,,,2025-10-14T23:59:59Z,2025-05-15T09:00:00Z,destination=ATL&origin=BUF&endRange=2025-10-14T23:59:59Z&startRange=2025-05-15T09:00:00Z,1.0,10.0,10%,984.0,<Response [200]>,,2025-10-25T15:54:33.656220
,,,,,,LAX,,,,,PPT,,,,2025-10-14T23:59:59Z,2025-05-15T09:00:00Z,destination=LAX&origin=PPT&endRange=2025-10-14T23:59:59Z&startRange=2025-05-15T09:00:00Z,1.0,3.0,33%,277.0,<Response [200]>,,2025-10-25T15:54:36.162947
,,,,,,BHM,,,,,DTW,,,,2025-10-14T23:59:59Z,2025-05-15T09:00:00Z,destination=BHM&origin=DTW&endRange=2025-10-14T23:59:59Z&startRange=2025-05-15T09:00:00Z,1.0,9.0,11%,850.0,<Response [200]>,,2025-10-25T15:54:40.284660
,,,,,,BJA,,,,,ORY,,,,2025-10-14T23:59:59Z,2025-05-15T09:00:00Z,destination=BJA&origin=ORY&endRange=2025-10-14T23:59:59Z&startRange=2025-05-15T09:00:00Z,1.0,4.0,25%,332.0,<Response [200]>,,2025-10-25T15:54:42.995119
,,,,,,MRU,,,,,CDG,,,,2025-10-14T23:59:59Z,2025-05-15T09:00:00Z,destination=MRU&origin=CDG&endRange=2025-10-14T23:59:59Z&startRange=2025-05-15T09:00:00Z,1.0,3.0,33%,267.0,<Response [200]>,,2025-10-25T15:54:45.775846
,,,,,,RIC,,,,,DTW,,,,2025-10-14T23:59:59Z,2025-05-15T09:00:00Z,destination=RIC&origin=DTW&endRange=2025-10-14T23:59:59Z&startRange=2025-05-15T09:00:00Z,1.0,13.0,8%,1273.0,<Response [200]>,,2025-10-25T15:54:50.547556
,,,,,,IND,,,,,BOS,,,,2025-10-14T23:59:59Z,2025-05-15T09:00:00Z,destination=IND&origin=BOS&endRange=2025-10-14T23:59:59Z&startRange=2025-05-15T09:00:00Z,1.0,9.0,11%,815.0,<Response [200]>,,2025-10-25T15:54:55.485979
,,,,,,BAH,,,,,AUH,,,,2025-10-14T23:59:59Z,2025-05-15T09:00:00Z,destination=BAH&origin=AUH&endRange=2025-10-14T23:59:59Z&startRange=2025-05-15T09:00:00Z,1.0,8.0,12%,744.0,<Response [200]>,,2025-10-25T15:54:58.328008
,,,,,,MSP,,,,,PDX,,,,2025-10-14T23:59:59Z,2025-05-15T09:00:00Z,destination=MSP&origin=PDX&endRange=2025-10-14T23:59:59Z&startRange=2025-05-15T09:00:00Z,1.0,13.0,8%,1211.0,<Response [200]>,,2025-10-25T15:55:02.620607
,,,,,,EWR,,,,,ORY,,,,2025-10-14T23:59:59Z,2025-05-15T09:00:00Z,destination=EWR&origin=ORY&endRange=2025-10-14T23:59:59Z&startRange=2025-05-15T09:00:00Z,1.0,4.0,25%,328.0,<Response [200]>,,2025-10-25T15:55:06.121719
,,,,,,MCO,,,,,LHR,,,,2025-10-14T23:59:59Z,2025-05-15T09:00:00Z,destination=MCO&origin=LHR&endRange=2025-10-14T23:59:59Z&startRange=2025-05-15T09:00:00Z,1.0,4.0,25%,331.0,<Response [200]>,,2025-10-25T15:55:13.898831
,,,,,,AUS,,,,,JFK,,,,2025-10-14T23:59:59Z,2025-05-15T09:00:00Z,destination=AUS&origin=JFK&endRange=2025-10-14T23:59:59Z&startRange=2025-05-15T09:00:00Z,1.0,9.0,11%,868.0,<Response [200]>,,2025-10-25T15:55:16.889507
,,,,,,ATW,,,,,MSP,,,,2025-10-14T23:59:59Z,2025-05-15T09:00:00Z,destination=ATW&origin=MSP&endRange=2025-10-14T23:59:59Z&startRange=2025-05-15T09:00:00Z,1.0,7.0,14%,648.0,<Response [200]>,,2025-10-25T15:55:20.093520
,,,,,,DTW,,,,,BHM,,,,2025-10-14T23:59:59Z,2025-05-15T09:00:00Z,destination=DTW&origin=BHM&endRange=2025-10-14T23:59:59Z&startRange=2025-05-15T09:00:00Z,1.0,7.0,14%,644.0,<Response [200]>,,2025-10-25T15:55:24.356782
,,,,,,DTW,,,,,TPA,,,,2025-10-14T23:59:59Z,2025-05-15T09:00:00Z,destination=DTW&origin=TPA&endRange=2025-10-14T23:59:59Z&startRange=2025-05-15T09:00:00Z,1.0,13.0,8%,1210.0,<Response [200]>,,2025-10-25T15:55:28.290947
,,,,,,MYR,,,,,ATL,,,,2025-10-14T23:59:59Z,2025-05-15T09:00:00Z,destination=MYR&origin=ATL&endRange=2025-10-14T23:59:59Z&startRange=2025-05-15T09:00:00Z,1.0,14.0,7%,1317.0,<Response [200]>,,2025-10-25T15:55:32.380702
,,,,,,NBO,,,,,AMS,,,,2025-10-14T23:59:59Z,2025-05-15T09:00:00Z,destination=NBO&origin=AMS&endRange=2025-10-14T23:59:59Z&startRange=2025-05-15T09:00:00Z,1.0,3.0,33%,299.0,<Response [200]>,,2025-10-25T15:55:37.655361
,,,,,,OMA,,,,,ATL,,,,2025-10-14T23:59:59Z,2025-05-15T09:00:00Z,destination=OMA&origin=ATL&endRange=2025-10-14T23:59:59Z&startRange=2025-05-15T09:00:00Z,1.0,10.0,10%,985.0,<Response [200]>,,2025-10-25T15:55:41.461378
,,,,,,CHS,,,,,DTW,,,,2025-10-14T23:59:59Z,2025-05-15T09:00:00Z,destination=CHS&origin=DTW&endRange=2025-10-14T23:59:59Z&startRange=2025-05-15T09:00:00Z,1.0,9.0,11%,865.0,<Response [200]>,,2025-10-25T15:55:46.036529
,,,,,,JED,,,,,AUH,,,,2025-10-14T23:59:59Z,2025-05-15T09:00:00Z,destination=JED&origin=AUH&endRange=2025-10-14T23:59:59Z&startRange=2025-05-15T09:00:00Z,1.0,8.0,12%,725.0,<Response [200]>,,2025-10-25T15:55:50.142899
,,,,,,DTW,,,,,ORF,,,,2025-10-14T23:59:59Z,2025-05-15T09:00:00Z,destination=DTW&origin=ORF&endRange=2025-10-14T23:59:59Z&startRange=2025-05-15T09:00:00Z,1.0,9.0,11%,824.0,<Response [200]>,,2025-10-25T15:55:54.707641
,,,,,,SAN,,,,,SLC,,,,2025-10-14T23:59:59Z,2025-05-15T09:00:00Z,destination=SAN&origin=SLC&endRange=2025-10-14T23:59:59Z&startRange=2025-05-15T09:00:00Z,1.0,13.0,8%,1223.0,<Response [200]>,,2025-10-25T15:56:04.699773
,,,,,,BOS,,,,,IND,,,,2025-10-14T23:59:59Z,2025-05-15T09:00:00Z,destination=BOS&origin=IND&endRange=2025-10-14T23:59:59Z&startRange=2025-05-15T09:00:00Z,1.0,7.0,14%,697.0,<Response [200]>,,2025-10-25T15:56:07.851790
,,,,,,MIA,,,,,LHR,,,,2025-10-14T23:59:59Z,2025-05-15T09:00:00Z,destination=MIA&origin=LHR&endRange=2025-10-14T23:59:59Z&startRange=2025-05-15T09:00:00Z,1.0,4.0,25%,305.0,<Response [200]>,,2025-10-25T15:56:10.703326
,,,,,,PIT,,,,,MSP,,,,2025-10-14T23:59:59Z,2025-05-15T09:00:00Z,destination=PIT&origin=MSP&endRange=2025-10-14T23:59:59Z&startRange=2025-05-15T09:00:00Z,1.0,10.0,10%,946.0,<Response [200]>,,2025-10-25T15:56:16.529234
,,,,,,SAN,,,,,DTW,,,,2025-10-14T23:59:59Z,2025-05-15T09:00:00Z,destination=SAN&origin=DTW&endRange=2025-10-14T23:59:59Z&startRange=2025-05-15T09:00:00Z,1.0,9.0,11%,895.0,<Response [200]>,,2025-10-25T15:56:21.847015
,,,,,,MEX,,,,,OAX,,,,2025-10-14T23:59:59Z,2025-05-15T09:00:00Z,destination=MEX&origin=OAX&endRange=2025-10-14T23:59:59Z&startRange=2025-05-15T09:00:00Z,1.0,8.0,12%,778.0,<Response [200]>,,2025-10-25T15:56:25.792193
,,,,,,YYZ,,,,,JFK,,,,2025-10-14T23:59:59Z,2025-05-15T09:00:00Z,destination=YYZ&origin=JFK&endRange=2025-10-14T23:59:59Z&startRange=2025-05-15T09:00:00Z,1.0,7.0,14%,690.0,<Response [200]>,,2025-10-25T15:56:32.041013
,,,,,,MSP,,,,,GRR,,,,2025-10-14T23:59:59Z,2025-05-15T09:00:00Z,destination=MSP&origin=GRR&endRange=2025-10-14T23:59:59Z&startRange=2025-05-15T09:00:00Z,1.0,9.0,11%,856.0,<Response [200]>,,2025-10-25T15:56:36.296796
,,,,,,KWI,,,,,AUH,,,,2025-10-14T23:59:59Z,2025-05-15T09:00:00Z,destination=KWI&origin=AUH&endRange=2025-10-14T23:59:59Z&startRange=2025-05-15T09:00:00Z,1.0,8.0,12%,764.0,<Response [200]>,,2025-10-25T15:56:39.140685
,,,,,,LAN,,,,,DTW,,,,2025-10-14T23:59:59Z,2025-05-15T09:00:00Z,destination=LAN&origin=DTW&endRange=2025-10-14T23:59:59Z&startRange=2025-05-15T09:00:00Z,1.0,6.0,17%,585.0,<Response [200]>,,2025-10-25T15:56:41.859772
,,,,,,BOS,,,,,RDU,,,,2025-10-14T23:59:59Z,2025-05-15T09:00:00Z,destination=BOS&origin=RDU&endRange=2025-10-14T23:59:59Z&startRange=2025-05-15T09:00:00Z,1.0,11.0,9%,1043.0,<Response [200]>,,2025-10-25T15:56:47.387221
,,,,,,DTW,,,,,MDW,,,,2025-10-14T23:59:59Z,2025-05-15T09:00:00Z,destination=DTW&origin=MDW&endRange=2025-10-14T23:59:59Z&startRange=2025-05-15T09:00:00Z,1.0,8.0,12%,737.0,<Response [200]>,,2025-10-25T15:56:50.976951
,,,,,,CLE,,,,,MSP,,,,2025-10-14T23:59:59Z,2025-05-15T09:00:00Z,destination=CLE&origin=MSP&endRange=2025-10-14T23:59:59Z&startRange=2025-05-15T09:00:00Z,1.0,12.0,8%,1163.0,<Response [200]>,,2025-10-25T15:56:55.980255
,,,,,,DEN,,,,,JFK,,,,2025-10-14T23:59:59Z,2025-05-15T09:00:00Z,destination=DEN&origin=JFK&endRange=2025-10-14T23:59:59Z&startRange=2025-05-15T09:00:00Z,1.0,9.0,11%,882.0,<Response [200]>,,2025-10-25T15:57:00.813588
,,,,,,MSP,,,,,EWR,,,,2025-10-14T23:59:59Z,2025-05-15T09:00:00Z,destination=MSP&origin=EWR&endRange=2025-10-14T23:59:59Z&startRange=2025-05-15T09:00:00Z,1.0,10.0,10%,902.0,<Response [200]>,,2025-10-25T15:57:05.116910
,,,,,,SFO,,,,,LHR,,,,2025-10-14T23:59:59Z,2025-05-15T09:00:00Z,destination=SFO&origin=LHR&endRange=2025-10-14T23:59:59Z&startRange=2025-05-15T09:00:00Z,1.0,4.0,25%,302.0,<Response [200]>,,2025-10-25T15:57:09.261966
,,,,,,MSP,,,,,BNA,,,,2025-10-14T23:59:59Z,2025-05-15T09:00:00Z,destination=MSP&origin=BNA&endRange=2025-10-14T23:59:59Z&startRange=2025-05-15T09:00:00Z,1.0,11.0,9%,1031.0,<Response [200]>,,2025-10-25T15:57:14.701147
,,,,,,SEA,,,,,MSP,,,,2025-10-14T23:59:59Z,2025-05-15T09:00:00Z,destination=SEA&origin=MSP&endRange=2025-10-14T23:59:59Z&startRange=2025-05-15T09:00:00Z,1.0,19.0,5%,1821.0,<Response [200]>,,2025-10-25T15:57:45.613157
,,,,,,LAX,,,,,SMF,,,,2025-10-14T23:59:59Z,2025-05-15T09:00:00Z,destination=LAX&origin=SMF&endRange=2025-10-14T23:59:59Z&startRange=2025-05-15T09:00:00Z,1.0,9.0,11%,822.0,<Response [200]>,,2025-10-25T15:57:49.272353
,,,,,,JFK,,,,,PWM,,,,2025-10-14T23:59:59Z,2025-05-15T09:00:00Z,destination=JFK&origin=PWM&endRange=2025-10-14T23:59:59Z&startRange=2025-05-15T09:00:00Z,1.0,8.0,12%,793.0,<Response [200]>,,2025-10-25T15:57:52.556468
,,,,,,OMA,,,,,DTW,,,,2025-10-14T23:59:59Z,2025-05-15T09:00:00Z,destination=OMA&origin=DTW&endRange=2025-10-14T23:59:59Z&startRange=2025-05-15T09:00:00Z,1.0,9.0,11%,894.0,<Response [200]>,,2025-10-25T15:57:56.565216
,,,,,,JFK,,,,,CVG,,,,2025-10-14T23:59:59Z,2025-05-15T09:00:00Z,destination=JFK&origin=CVG&endRange=2025-10-14T23:59:59Z&startRange=2025-05-15T09:00:00Z,1.0,17.0,6%,1616.0,<Response [200]>,,2025-10-25T15:58:19.472341
,,,,,,SEA,,,,,SJC,,,,2025-10-14T23:59:59Z,2025-05-15T09:00:00Z,destination=SEA&origin=SJC&endRange=2025-10-14T23:59:59Z&startRange=2025-05-15T09:00:00Z,1.0,11.0,9%,1017.0,<Response [200]>,,2025-10-25T15:58:23.569371
,,,,,,DSS,,,,,CDG,,,,2025-10-14T23:59:59Z,2025-05-15T09:00:00Z,destination=DSS&origin=CDG&endRange=2025-10-14T23:59:59Z&startRange=2025-05-15T09:00:00Z,1.0,4.0,25%,352.0,<Response [200]>,,2025-10-25T15:58:26.204228
,,,,,,DTW,,,,,BOS,,,,2025-10-14T23:59:59Z,2025-05-15T09:00:00Z,destination=DTW&origin=BOS&endRange=2025-10-14T23:59:59Z&startRange=2025-05-15T09:00:00Z,1.0,19.0,5%,1818.0,<Response [200]>,,2025-10-25T15:58:40.128575
,,,,,,BWI,,,,,DTW,,,,2025-10-14T23:59:59Z,2025-05-15T09:00:00Z,destination=BWI&origin=DTW&endRange=2025-10-14T23:59:59Z&startRange=2025-05-15T09:00:00Z,1.0,11.0,9%,1011.0,<Response [200]>,,2025-10-25T15:58:44.325511
,,,,,,MEX,,,,,CUU,,,,2025-10-14T23:59:59Z,2025-05-15T09:00:00Z,destination=MEX&origin=CUU&endRange=2025-10-14T23:59:59Z&startRange=2025-05-15T09:00:00Z,1.0,9.0,11%,844.0,<Response [200]>,,2025-10-25T15:58:49.332003
,,,,,,ORY,,,,,FEZ,,,,2025-10-14T23:59:59Z,2025-05-15T09:00:00Z,destination=ORY&origin=FEZ&endRange=2025-10-14T23:59:59Z&startRange=2025-05-15T09:00:00Z,1.0,3.0,33%,246.0,<Response [200]>,,2025-10-25T15:58:52.104502
,,,,,,ATL,,,,,ROC,,,,2025-10-14T23:59:59Z,2025-05-15T09:00:00Z,destination=ATL&origin=ROC&endRange=2025-10-14T23:59:59Z&startRange=2025-05-15T09:00:00Z,1.0,9.0,11%,849.0,<Response [200]>,,2025-10-25T15:58:55.382177
,,,,,,ATL,,,,,EYW,,,,2025-10-14T23:59:59Z,2025-05-15T09:00:00Z,destination=ATL&origin=EYW&endRange=2025-10-14T23:59:59Z&startRange=2025-05-15T09:00:00Z,1.0,9.0,11%,852.0,<Response [200]>,,2025-10-25T15:58:58.481942
,,,,,,ORD,,,,,AMS,,,,2025-10-14T23:59:59Z,2025-05-15T09:00:00Z,destination=ORD&origin=AMS&endRange=2025-10-14T23:59:59Z&startRange=2025-05-15T09:00:00Z,1.0,4.0,25%,309.0,<Response [200]>,,2025-10-25T15:59:05.038299
,,,,,,DEN,,,,,SLC,,,,2025-10-14T23:59:59Z,2025-05-15T09:00:00Z,destination=DEN&origin=SLC&endRange=2025-10-14T23:59:59Z&startRange=2025-05-15T09:00:00Z,1.0,12.0,8%,1180.0,<Response [200]>,,2025-10-25T15:59:09.584841
,,,,,,FLL,,,,,JFK,,,,2025-10-14T23:59:59Z,2025-05-15T09:00:00Z,destination=FLL&origin=JFK&endRange=2025-10-14T23:59:59Z&startRange=2025-05-15T09:00:00Z,1.0,11.0,9%,1061.0,<Response [200]>,,2025-10-25T15:59:14.369792
,,,,,,CDG,,,,,BZV,,,,2025-10-14T23:59:59Z,2025-05-15T09:00:00Z,destination=CDG&origin=BZV&endRange=2025-10-14T23:59:59Z&startRange=2025-05-15T09:00:00Z,1.0,3.0,33%,248.0,<Response [200]>,,2025-10-25T15:59:17.009209
,,,,,,LAX,,,,,MCO,,,,2025-10-14T23:59:59Z,2025-05-15T09:00:00Z,destination=LAX&origin=MCO&endRange=2025-10-14T23:59:59Z&startRange=2025-05-15T09:00:00Z,1.0,7.0,14%,686.0,<Response [200]>,,2025-10-25T15:59:23.244696
,,,,,,CDG,,,,,DSS,,,,2025-10-14T23:59:59Z,2025-05-15T09:00:00Z,destination=CDG&origin=DSS&endRange=2025-10-14T23:59:59Z&startRange=2025-05-15T09:00:00Z,1.0,4.0,25%,347.0,<Response [200]>,,2025-10-25T15:59:25.940891
,,,,,,DFW,,,,,MSP,,,,2025-10-14T23:59:59Z,2025-05-15T09:00:00Z,destination=DFW&origin=MSP&endRange=2025-10-14T23:59:59Z&startRange=2025-05-15T09:00:00Z,1.0,10.0,10%,972.0,<Response [200]>,,2025-10-25T15:59:30.561874
,,,,,,DOH,,,,,AMS,,,,2025-10-14T23:59:59Z,2025-05-15T09:00:00Z,destination=DOH&origin=AMS&endRange=2025-10-14T23:59:59Z&startRange=2025-05-15T09:00:00Z,1.0,3.0,33%,294.0,<Response [200]>,,2025-10-25T15:59:33.918316
,,,,,,LAX,,,,,DFW,,,,2025-10-14T23:59:59Z,2025-05-15T09:00:00Z,destination=LAX&origin=DFW&endRange=2025-10-14T23:59:59Z&startRange=2025-05-15T09:00:00Z,1.0,8.0,12%,771.0,<Response [200]>,,2025-10-25T15:59:37.951240
,,,,,,BNA,,,,,DTW,,,,2025-10-14T23:59:59Z,2025-05-15T09:00:00Z,destination=BNA&origin=DTW&endRange=2025-10-14T23:59:59Z&startRange=2025-05-15T09:00:00Z,1.0,11.0,9%,1059.0,<Response [200]>,,2025-10-25T15:59:42.517654
,,,,,,HKG,,,,,AMS,,,,2025-10-14T23:59:59Z,2025-05-15T09:00:00Z,destination=HKG&origin=AMS&endRange=2025-10-14T23:59:59Z&startRange=2025-05-15T09:00:00Z,1.0,3.0,33%,284.0,<Response [200]>,,2025-10-25T15:59:46.054260
,,,,,,CDG,,,,,BKK,,,,2025-10-14T23:59:59Z,2025-05-15T09:00:00Z,destination=CDG&origin=BKK&endRange=2025-10-14T23:59:59Z&startRange=2025-05-15T09:00:00Z,1.0,4.0,25%,335.0,<Response [200]>,,2025-10-25T15:59:50.468448
,,,,,,GSP,,,,,DTW,,,,2025-10-14T23:59:59Z,2025-05-15T09:00:00Z,destination=GSP&origin=DTW&endRange=2025-10-14T23:59:59Z&startRange=2025-05-15T09:00:00Z,1.0,9.0,11%,837.0,<Response [200]>,,2025-10-25T15:59:54.472993
,,,,,,MSP,,,,,DSM,,,,2025-10-14T23:59:59Z,2025-05-15T09:00:00Z,destination=MSP&origin=DSM&endRange=2025-10-14T23:59:59Z&startRange=2025-05-15T09:00:00Z,1.0,7.0,14%,693.0,<Response [200]>,,2025-10-25T15:59:58.118410
,,,,,,SFO,,,,,AMS,,,,2025-10-14T23:59:59Z,2025-05-15T09:00:00Z,destination=SFO&origin=AMS&endRange=2025-10-14T23:59:59Z&startRange=2025-05-15T09:00:00Z,1.0,4.0,25%,365.0,<Response [200]>,,2025-10-25T16:00:04.801479
,,,,,,POS,,,,,SXM,,,,2025-10-14T23:59:59Z,2025-05-15T09:00:00Z,destination=POS&origin=SXM&endRange=2025-10-14T23:59:59Z&startRange=2025-05-15T09:00:00Z,1.0,2.0,50%,110.0,<Response [200]>,,2025-10-25T16:00:07.646326
,,,,,,ATL,,,,,PDX,,,,2025-10-14T23:59:59Z,2025-05-15T09:00:00Z,destination=ATL&origin=PDX&endRange=2025-10-14T23:59:59Z&startRange=2025-05-15T09:00:00Z,1.0,14.0,7%,1333.0,<Response [200]>,,2025-10-25T16:00:13.759182
,,,,,,GRR,,,,,ATL,,,,2025-10-14T23:59:59Z,2025-05-15T09:00:00Z,destination=GRR&origin=ATL&endRange=2025-10-14T23:59:59Z&startRange=2025-05-15T09:00:00Z,1.0,9.0,11%,827.0,<Response [200]>,,2025-10-25T16:00:16.991285
,,,,,,ORD,,,,,SEA,,,,2025-10-14T23:59:59Z,2025-05-15T09:00:00Z,destination=ORD&origin=SEA&endRange=2025-10-14T23:59:59Z&startRange=2025-05-15T09:00:00Z,1.0,9.0,11%,832.0,<Response [200]>,,2025-10-25T16:00:20.478178
,,,,,,CLE,,,,,BOS,,,,2025-10-14T23:59:59Z,2025-05-15T09:00:00Z,destination=CLE&origin=BOS&endRange=2025-10-14T23:59:59Z&startRange=2025-05-15T09:00:00Z,1.0,10.0,10%,940.0,<Response [200]>,,2025-10-25T16:00:24.623593
,,,,,,SEA,,,,,LHR,,,,2025-10-14T23:59:59Z,2025-05-15T09:00:00Z,destination=SEA&origin=LHR&endRange=2025-10-14T23:59:59Z&startRange=2025-05-15T09:00:00Z,1.0,4.0,25%,306.0,<Response [200]>,,2025-10-25T16:00:30.974650
,,,,,,LAX,,,,,PDX,,,,2025-10-14T23:59:59Z,2025-05-15T09:00:00Z,destination=LAX&origin=PDX&endRange=2025-10-14T23:59:59Z&startRange=2025-05-15T09:00:00Z,1.0,11.0,9%,1097.0,<Response [200]>,,2025-10-25T16:00:33.793021
,,,,,,SJC,,,,,SEA,,,,2025-10-14T23:59:59Z,2025-05-15T09:00:00Z,destination=SJC&origin=SEA&endRange=2025-10-14T23:59:59Z&startRange=2025-05-15T09:00:00Z,1.0,10.0,10%,936.0,<Response [200]>,,2025-10-25T16:00:46.398949
,,,,,,ABJ,,,,,CDG,,,,2025-10-14T23:59:59Z,2025-05-15T09:00:00Z,destination=ABJ&origin=CDG&endRange=2025-10-14T23:59:59Z&startRange=2025-05-15T09:00:00Z,1.0,4.0,25%,316.0,<Response [200]>,,2025-10-25T16:00:49.672696
,,,,,,ONT,,,,,ATL,,,,2025-10-14T23:59:59Z,2025-05-15T09:00:00Z,destination=ONT&origin=ATL&endRange=2025-10-14T23:59:59Z&startRange=2025-05-15T09:00:00Z,1.0,12.0,8%,1146.0,<Response [200]>,,2025-10-25T16:00:52.995740
,,,,,,SMF,,,,,LAX,,,,2025-10-14T23:59:59Z,2025-05-15T09:00:00Z,destination=SMF&origin=LAX&endRange=2025-10-14T23:59:59Z&startRange=2025-05-15T09:00:00Z,1.0,9.0,11%,874.0,<Response [200]>,,2025-10-25T16:00:56.619736
,,,,,,CGK,,,,,KUL,,,,2025-10-14T23:59:59Z,2025-05-15T09:00:00Z,destination=CGK&origin=KUL&endRange=2025-10-14T23:59:59Z&startRange=2025-05-15T09:00:00Z,1.0,4.0,25%,308.0,<Response [200]>,,2025-10-25T16:01:00.850361
,,,,,,ATL,,,,,PVD,,,,2025-10-14T23:59:59Z,2025-05-15T09:00:00Z,destination=ATL&origin=PVD&endRange=2025-10-14T23:59:59Z&startRange=2025-05-15T09:00:00Z,1.0,7.0,14%,646.0,<Response [200]>,,2025-10-25T16:01:04.341659
,,,,,,MEX,,,,,BJX,,,,2025-10-14T23:59:59Z,2025-05-15T09:00:00Z,destination=MEX&origin=BJX&endRange=2025-10-14T23:59:59Z&startRange=2025-05-15T09:00:00Z,1.0,7.0,14%,669.0,<Response [200]>,,2025-10-25T16:01:07.089693
,,,,,,AMS,,,,,POS,,,,2025-10-14T23:59:59Z,2025-05-15T09:00:00Z,destination=AMS&origin=POS&endRange=2025-10-14T23:59:59Z&startRange=2025-05-15T09:00:00Z,1.0,2.0,50%,111.0,<Response [200]>,,2025-10-25T16:01:09.982929
,,,,,,HAN,,,,,DAD,,,,2025-10-14T23:59:59Z,2025-05-15T09:00:00Z,destination=HAN&origin=DAD&endRange=2025-10-14T23:59:59Z&startRange=2025-05-15T09:00:00Z,1.0,10.0,10%,914.0,<Response [200]>,,2025-10-25T16:01:13.271010
,,,,,,MLB,,,,,ATL,,,,2025-10-14T23:59:59Z,2025-05-15T09:00:00Z,destination=MLB&origin=ATL&endRange=2025-10-14T23:59:59Z&startRange=2025-05-15T09:00:00Z,1.0,8.0,12%,768.0,<Response [200]>,,2025-10-25T16:01:16.534733
,,,,,,JFK,,,,,PIT,,,,2025-10-14T23:59:59Z,2025-05-15T09:00:00Z,destination=JFK&origin=PIT&endRange=2025-10-14T23:59:59Z&startRange=2025-05-15T09:00:00Z,1.0,11.0,9%,1024.0,<Response [200]>,,2025-10-25T16:01:21.553156
,,,,,,SLC,,,,,DFW,,,,2025-10-14T23:59:59Z,2025-05-15T09:00:00Z,destination=SLC&origin=DFW&endRange=2025-10-14T23:59:59Z&startRange=2025-05-15T09:00:00Z,1.0,15.0,7%,1405.0,<Response [200]>,,2025-10-25T16:01:24.834820
,,,,,,MSP,,,,,JFK,,,,2025-10-14T23:59:59Z,2025-05-15T09:00:00Z,destination=MSP&origin=JFK&endRange=2025-10-14T23:59:59Z&startRange=2025-05-15T09:00:00Z,1.0,21.0,5%,2078.0,<Response [200]>,,2025-10-25T16:01:45.732336
,,,,,,SFO,,,,,DTW,,,,2025-10-14T23:59:59Z,2025-05-15T09:00:00Z,destination=SFO&origin=DTW&endRange=2025-10-14T23:59:59Z&startRange=2025-05-15T09:00:00Z,1.0,16.0,6%,1512.0,<Response [200]>,,2025-10-25T16:01:48.907782
,,,,,,AMS,,,,,ADB,,,,2025-10-14T23:59:59Z,2025-05-15T09:00:00Z,destination=AMS&origin=ADB&endRange=2025-10-14T23:59:59Z&startRange=2025-05-15T09:00:00Z,1.0,3.0,33%,209.0,<Response [200]>,,2025-10-25T16:01:52.345663
,,,,,,PPT,,,,,LAX,,,,2025-10-14T23:59:59Z,2025-05-15T09:00:00Z,destination=PPT&origin=LAX&endRange=2025-10-14T23:59:59Z&startRange=2025-05-15T09:00:00Z,1.0,3.0,33%,289.0,<Response [200]>,,2025-10-25T16:01:55.520050
,,,,,,YUL,,,,,AMS,,,,2025-10-14T23:59:59Z,2025-05-15T09:00:00Z,destination=YUL&origin=AMS&endRange=2025-10-14T23:59:59Z&startRange=2025-05-15T09:00:00Z,1.0,4.0,25%,302.0,<Response [200]>,,2025-10-25T16:01:59.403486
,,,,,,CDG,,,,,FIH,,,,2025-10-14T23:59:59Z,2025-05-15T09:00:00Z,destination=CDG&origin=FIH&endRange=2025-10-14T23:59:59Z&startRange=2025-05-15T09:00:00Z,1.0,2.0,50%,150.0,<Response [200]>,,2025-10-25T16:02:02.113639
,,,,,,SAN,,,,,MSP,,,,2025-10-14T23:59:59Z,2025-05-15T09:00:00Z,destination=SAN&origin=MSP&endRange=2025-10-14T23:59:59Z&startRange=2025-05-15T09:00:00Z,1.0,15.0,7%,1401.0,<Response [200]>,,2025-10-25T16:02:08.083415
,,,,,,DEN,,,,,DTW,,,,2025-10-14T23:59:59Z,2025-05-15T09:00:00Z,destination=DEN&origin=DTW&endRange=2025-10-14T23:59:59Z&startRange=2025-05-15T09:00:00Z,1.0,9.0,11%,807.0,<Response [200]>,,2025-10-25T16:02:12.103315
,,,,,,IAD,,,,,AMS,,,,2025-10-14T23:59:59Z,2025-05-15T09:00:00Z,destination=IAD&origin=AMS&endRange=2025-10-14T23:59:59Z&startRange=2025-05-15T09:00:00Z,1.0,4.0,25%,310.0,<Response [200]>,,2025-10-25T16:02:16.601192
,,,,,,HKG,,,,,CDG,,,,2025-10-14T23:59:59Z,2025-05-15T09:00:00Z,destination=HKG&origin=CDG&endRange=2025-10-14T23:59:59Z&startRange=2025-05-15T09:00:00Z,1.0,4.0,25%,306.0,<Response [200]>,,2025-10-25T16:02:19.922772
,,,,,,CDG,,,,,MRU,,,,2025-10-14T23:59:59Z,2025-05-15T09:00:00Z,destination=CDG&origin=MRU&endRange=2025-10-14T23:59:59Z&startRange=2025-05-15T09:00:00Z,1.0,3.0,33%,267.0,<Response [200]>,,2025-10-25T16:02:24.043139
,,,,,,HND,,,,,KMQ,,,,2025-10-14T23:59:59Z,2025-05-15T09:00:00Z,destination=HND&origin=KMQ&endRange=2025-10-14T23:59:59Z&startRange=2025-05-15T09:00:00Z,1.0,7.0,14%,608.0,<Response [200]>,,2025-10-25T16:02:26.634319
,,,,,,SFO,,,,,CDG,,,,2025-10-14T23:59:59Z,2025-05-15T09:00:00Z,destination=SFO&origin=CDG&endRange=2025-10-14T23:59:59Z&startRange=2025-05-15T09:00:00Z,1.0,5.0,20%,425.0,<Response [200]>,,2025-10-25T16:02:30.038723
,,,,,,JFK,,,,,PBI,,,,2025-10-14T23:59:59Z,2025-05-15T09:00:00Z,destination=JFK&origin=PBI&endRange=2025-10-14T23:59:59Z&startRange=2025-05-15T09:00:00Z,1.0,8.0,12%,730.0,<Response [200]>,,2025-10-25T16:02:33.901155
,,,,,,JFK,,,,,CHS,,,,2025-10-14T23:59:59Z,2025-05-15T09:00:00Z,destination=JFK&origin=CHS&endRange=2025-10-14T23:59:59Z&startRange=2025-05-15T09:00:00Z,1.0,7.0,14%,692.0,<Response [200]>,,2025-10-25T16:02:37.501903
,,,,,,MEM,,,,,MSP,,,,2025-10-14T23:59:59Z,2025-05-15T09:00:00Z,destination=MEM&origin=MSP&endRange=2025-10-14T23:59:59Z&startRange=2025-05-15T09:00:00Z,1.0,14.0,7%,1331.0,<Response [200]>,,2025-10-25T16:02:43.269874
,,,,,,PBI,,,,,JFK,,,,2025-10-14T23:59:59Z,2025-05-15T09:00:00Z,destination=PBI&origin=JFK&endRange=2025-10-14T23:59:59Z&startRange=2025-05-15T09:00:00Z,1.0,8.0,12%,707.0,<Response [200]>,,2025-10-25T16:02:46.242702
,,,,,,AMS,,,,,SFO,,,,2025-10-14T23:59:59Z,2025-05-15T09:00:00Z,destination=AMS&origin=SFO&endRange=2025-10-14T23:59:59Z&startRange=2025-05-15T09:00:00Z,1.0,4.0,25%,363.0,<Response [200]>,,2025-10-25T16:02:51.537343
,,,,,,MIR,,,,,CDG,,,,2025-10-14T23:59:59Z,2025-05-15T09:00:00Z,destination=MIR&origin=CDG&endRange=2025-10-14T23:59:59Z&startRange=2025-05-15T09:00:00Z,1.0,3.0,33%,249.0,<Response [200]>,,2025-10-25T16:02:54.368335
,,,,,,DTW,,,,,SLC,,,,2025-10-14T23:59:59Z,2025-05-15T09:00:00Z,destination=DTW&origin=SLC&endRange=2025-10-14T23:59:59Z&startRange=2025-05-15T09:00:00Z,1.0,21.0,5%,2092.0,<Response [200]>,,2025-10-25T16:03:13.705204
,,,,,,MEX,,,,,VER,,,,2025-10-14T23:59:59Z,2025-05-15T09:00:00Z,destination=MEX&origin=VER&endRange=2025-10-14T23:59:59Z&startRange=2025-05-15T09:00:00Z,1.0,8.0,12%,772.0,<Response [200]>,,2025-10-25T16:03:16.686901
,,,,,,DTW,,,,,AUS,,,,2025-10-14T23:59:59Z,2025-05-15T09:00:00Z,destination=DTW&origin=AUS&endRange=2025-10-14T23:59:59Z&startRange=2025-05-15T09:00:00Z,1.0,11.0,9%,1043.0,<Response [200]>,,2025-10-25T16:03:22.898030
,,,,,,SEA,,,,,SNA,,,,2025-10-14T23:59:59Z,2025-05-15T09:00:00Z,destination=SEA&origin=SNA&endRange=2025-10-14T23:59:59Z&startRange=2025-05-15T09:00:00Z,1.0,10.0,10%,976.0,<Response [200]>,,2025-10-25T16:03:26.912985
,,,,,,LHR,,,,,SFO,,,,2025-10-14T23:59:59Z,2025-05-15T09:00:00Z,destination=LHR&origin=SFO&endRange=2025-10-14T23:59:59Z&startRange=2025-05-15T09:00:00Z,1.0,4.0,25%,301.0,<Response [200]>,,2025-10-25T16:03:33.398207
,,,,,,TUS,,,,,ATL,,,,2025-10-14T23:59:59Z,2025-05-15T09:00:00Z,destination=TUS&origin=ATL&endRange=2025-10-14T23:59:59Z&startRange=2025-05-15T09:00:00Z,1.0,7.0,14%,696.0,<Response [200]>,,2025-10-25T16:03:36.664890
,,,,,,PWM,,,,,JFK,,,,2025-10-14T23:59:59Z,2025-05-15T09:00:00Z,destination=PWM&origin=JFK&endRange=2025-10-14T23:59:59Z&startRange=2025-05-15T09:00:00Z,1.0,8.0,12%,799.0,<Response [200]>,,2025-10-25T16:03:40.197185
,,,,,,SIN,,,,,AMS,,,,2025-10-14T23:59:59Z,2025-05-15T09:00:00Z,destination=SIN&origin=AMS&endRange=2025-10-14T23:59:59Z&startRange=2025-05-15T09:00:00Z,1.0,4.0,25%,307.0,<Response [200]>,,2025-10-25T16:03:44.990470
,,,,,,SLC,,,,,LAX,,,,2025-10-14T23:59:59Z,2025-05-15T09:00:00Z,destination=SLC&origin=LAX&endRange=2025-10-14T23:59:59Z&startRange=2025-05-15T09:00:00Z,1.0,16.0,6%,1555.0,<Response [200]>,,2025-10-25T16:03:58.558820
,,,,,,AMS,,,,,DEL,,,,2025-10-14T23:59:59Z,2025-05-15T09:00:00Z,destination=AMS&origin=DEL&endRange=2025-10-14T23:59:59Z&startRange=2025-05-15T09:00:00Z,1.0,4.0,25%,305.0,<Response [200]>,,2025-10-25T16:04:04.931841
,,,,,,AMS,,,,,CMN,,,,2025-10-14T23:59:59Z,2025-05-15T09:00:00Z,destination=AMS&origin=CMN&endRange=2025-10-14T23:59:59Z&startRange=2025-05-15T09:00:00Z,1.0,3.0,33%,271.0,<Response [200]>,,2025-10-25T16:04:08.483207
,,,,,,FIH,,,,,BZV,,,,2025-10-14T23:59:59Z,2025-05-15T09:00:00Z,destination=FIH&origin=BZV&endRange=2025-10-14T23:59:59Z&startRange=2025-05-15T09:00:00Z,1.0,2.0,50%,147.0,<Response [200]>,,2025-10-25T16:04:11.411441
,,,,,,CDG,,,,,HKG,,,,2025-10-14T23:59:59Z,2025-05-15T09:00:00Z,destination=CDG&origin=HKG&endRange=2025-10-14T23:59:59Z&startRange=2025-05-15T09:00:00Z,1.0,4.0,25%,305.0,<Response [200]>,,2025-10-25T16:04:14.901366
,,,,,,DAD,,,,,HAN,,,,2025-10-14T23:59:59Z,2025-05-15T09:00:00Z,destination=DAD&origin=HAN&endRange=2025-10-14T23:59:59Z&startRange=2025-05-15T09:00:00Z,1.0,9.0,11%,895.0,<Response [200]>,,2025-10-25T16:04:19.260337
,,,,,,SIN,,,,,CGK,,,,2025-10-14T23:59:59Z,2025-05-15T09:00:00Z,destination=SIN&origin=CGK&endRange=2025-10-14T23:59:59Z&startRange=2025-05-15T09:00:00Z,1.0,8.0,12%,770.0,<Response [200]>,,2025-10-25T16:04:23.465877
,,,,,,LAX,,,,,AMS,,,,2025-10-14T23:59:59Z,2025-05-15T09:00:00Z,destination=LAX&origin=AMS&endRange=2025-10-14T23:59:59Z&startRange=2025-05-15T09:00:00Z,1.0,4.0,25%,305.0,<Response [200]>,,2025-10-25T16:04:36.830562
,,,,,,GRB,,,,,MSP,,,,2025-10-14T23:59:59Z,2025-05-15T09:00:00Z,destination=GRB&origin=MSP&endRange=2025-10-14T23:59:59Z&startRange=2025-05-15T09:00:00Z,1.0,7.0,14%,654.0,<Response [200]>,,2025-10-25T16:04:40.558902
,,,,,,ATL,,,,,NAS,,,,2025-10-14T23:59:59Z,2025-05-15T09:00:00Z,destination=ATL&origin=NAS&endRange=2025-10-14T23:59:59Z&startRange=2025-05-15T09:00:00Z,1.0,8.0,12%,772.0,<Response [200]>,,2025-10-25T16:04:43.679548
,,,,,,GRB,,,,,DTW,,,,2025-10-14T23:59:59Z,2025-05-15T09:00:00Z,destination=GRB&origin=DTW&endRange=2025-10-14T23:59:59Z&startRange=2025-05-15T09:00:00Z,1.0,7.0,14%,648.0,<Response [200]>,,2025-10-25T16:04:46.872094
,,,,,,SAW,,,,,ORY,,,,2025-10-14T23:59:59Z,2025-05-15T09:00:00Z,destination=SAW&origin=ORY&endRange=2025-10-14T23:59:59Z&startRange=2025-05-15T09:00:00Z,1.0,4.0,25%,306.0,<Response [200]>,,2025-10-25T16:04:50.303092
,,,,,,DTW,,,,,SFO,,,,2025-10-14T23:59:59Z,2025-05-15T09:00:00Z,destination=DTW&origin=SFO&endRange=2025-10-14T23:59:59Z&startRange=2025-05-15T09:00:00Z,1.0,12.0,8%,1187.0,<Response [200]>,,2025-10-25T16:04:53.905151
,,,,,,TLM,,,,,ORY,,,,2025-10-14T23:59:59Z,2025-05-15T09:00:00Z,destination=TLM&origin=ORY&endRange=2025-10-14T23:59:59Z&startRange=2025-05-15T09:00:00Z,1.0,3.0,33%,240.0,<Response [200]>,,2025-10-25T16:04:56.459485
,,,,,,DTW,,,,,DEN,,,,2025-10-14T23:59:59Z,2025-05-15T09:00:00Z,destination=DTW&origin=DEN&endRange=2025-10-14T23:59:59Z&startRange=2025-05-15T09:00:00Z,1.0,8.0,12%,771.0,<Response [200]>,,2025-10-25T16:05:00.562669
,,,,,,CGK,,,,,DPS,,,,2025-10-14T23:59:59Z,2025-05-15T09:00:00Z,destination=CGK&origin=DPS&endRange=2025-10-14T23:59:59Z&startRange=2025-05-15T09:00:00Z,1.0,9.0,11%,825.0,<Response [200]>,,2025-10-25T16:05:04.343456
,,,,,,DTW,,,,,SDF,,,,2025-10-14T23:59:59Z,2025-05-15T09:00:00Z,destination=DTW&origin=SDF&endRange=2025-10-14T23:59:59Z&startRange=2025-05-15T09:00:00Z,1.0,7.0,14%,665.0,<Response [200]>,,2025-10-25T16:05:08.704912
,,,,,,ORY,,,,,SAW,,,,2025-10-14T23:59:59Z,2025-05-15T09:00:00Z,destination=ORY&origin=SAW&endRange=2025-10-14T23:59:59Z&startRange=2025-05-15T09:00:00Z,1.0,4.0,25%,306.0,<Response [200]>,,2025-10-25T16:05:11.646391
,,,,,,DTW,,,,,BWI,,,,2025-10-14T23:59:59Z,2025-05-15T09:00:00Z,destination=DTW&origin=BWI&endRange=2025-10-14T23:59:59Z&startRange=2025-05-15T09:00:00Z,1.0,7.0,14%,682.0,<Response [200]>,,2025-10-25T16:05:15.774837
,,,,,,ORY,,,,,TLM,,,,2025-10-14T23:59:59Z,2025-05-15T09:00:00Z,destination=ORY&origin=TLM&endRange=2025-10-14T23:59:59Z&startRange=2025-05-15T09:00:00Z,1.0,3.0,33%,239.0,<Response [200]>,,2025-10-25T16:05:18.490117
,,,,,,MEX,,,,,AMS,,,,2025-10-14T23:59:59Z,2025-05-15T09:00:00Z,destination=MEX&origin=AMS&endRange=2025-10-14T23:59:59Z&startRange=2025-05-15T09:00:00Z,1.0,4.0,25%,307.0,<Response [200]>,,2025-10-25T16:05:32.277651
,,,,,,AMS,,,,,LAX,,,,2025-10-14T23:59:59Z,2025-05-15T09:00:00Z,destination=AMS&origin=LAX&endRange=2025-10-14T23:59:59Z&startRange=2025-05-15T09:00:00Z,1.0,4.0,25%,306.0,<Response [200]>,,2025-10-25T16:05:37.150230
,,,,,,SLC,,,,,SAT,,,,2025-10-14T23:59:59Z,2025-05-15T09:00:00Z,destination=SLC&origin=SAT&endRange=2025-10-14T23:59:59Z&startRange=2025-05-15T09:00:00Z,1.0,11.0,9%,1052.0,<Response [200]>,,2025-10-25T16:05:41.633528
,,,,,,ICN,,,,,AMS,,,,2025-10-14T23:59:59Z,2025-05-15T09:00:00Z,destination=ICN&origin=AMS&endRange=2025-10-14T23:59:59Z&startRange=2025-05-15T09:00:00Z,1.0,3.0,33%,282.0,<Response [200]>,,2025-10-25T16:05:46.113286
,,,,,,MCT,,,,,AUH,,,,2025-10-14T23:59:59Z,2025-05-15T09:00:00Z,destination=MCT&origin=AUH&endRange=2025-10-14T23:59:59Z&startRange=2025-05-15T09:00:00Z,1.0,8.0,12%,742.0,<Response [200]>,,2025-10-25T16:05:49.287957
,,,,,,BZV,,,,,FIH,,,,2025-10-14T23:59:59Z,2025-05-15T09:00:00Z,destination=BZV&origin=FIH&endRange=2025-10-14T23:59:59Z&startRange=2025-05-15T09:00:00Z,1.0,2.0,50%,150.0,<Response [200]>,,2025-10-25T16:05:52.072852
,,,,,,DSM,,,,,MSP,,,,2025-10-14T23:59:59Z,2025-05-15T09:00:00Z,destination=DSM&origin=MSP&endRange=2025-10-14T23:59:59Z&startRange=2025-05-15T09:00:00Z,1.0,8.0,12%,772.0,<Response [200]>,,2025-10-25T16:05:56.166330
,,,,,,SEA,,,,,DEN,,,,2025-10-14T23:59:59Z,2025-05-15T09:00:00Z,destination=SEA&origin=DEN&endRange=2025-10-14T23:59:59Z&startRange=2025-05-15T09:00:00Z,1.0,11.0,9%,1093.0,<Response [200]>,,2025-10-25T16:05:59.319651
,,,,,,NBO,,,,,CDG,,,,2025-10-14T23:59:59Z,2025-05-15T09:00:00Z,destination=NBO&origin=CDG&endRange=2025-10-14T23:59:59Z&startRange=2025-05-15T09:00:00Z,1.0,4.0,25%,305.0,<Response [200]>,,2025-10-25T16:06:04.350289
,,,,,,DSM,,,,,ATL,,,,2025-10-14T23:59:59Z,2025-05-15T09:00:00Z,destination=DSM&origin=ATL&endRange=2025-10-14T23:59:59Z&startRange=2025-05-15T09:00:00Z,1.0,8.0,12%,719.0,<Response [200]>,,2025-10-25T16:06:06.963642
,,,,,,DLH,,,,,MSP,,,,2025-10-14T23:59:59Z,2025-05-15T09:00:00Z,destination=DLH&origin=MSP&endRange=2025-10-14T23:59:59Z&startRange=2025-05-15T09:00:00Z,1.0,9.0,11%,831.0,<Response [200]>,,2025-10-25T16:06:10.123094
,,,,,,SLC,,,,,ORD,,,,2025-10-14T23:59:59Z,2025-05-15T09:00:00Z,destination=SLC&origin=ORD&endRange=2025-10-14T23:59:59Z&startRange=2025-05-15T09:00:00Z,1.0,13.0,8%,1295.0,<Response [200]>,,2025-10-25T16:06:17.473368
,,,,,,SEA,,,,,LAX,,,,2025-10-14T23:59:59Z,2025-05-15T09:00:00Z,destination=SEA&origin=LAX&endRange=2025-10-14T23:59:59Z&startRange=2025-05-15T09:00:00Z,1.0,15.0,7%,1427.0,<Response [200]>,,2025-10-25T16:06:21.339472
,,,,,,DEL,,,,,CDG,,,,2025-10-14T23:59:59Z,2025-05-15T09:00:00Z,destination=DEL&origin=CDG&endRange=2025-10-14T23:59:59Z&startRange=2025-05-15T09:00:00Z,1.0,4.0,25%,390.0,<Response [200]>,,2025-10-25T16:06:24.394381
,,,,,,AMS,,,,,DOH,,,,2025-10-14T23:59:59Z,2025-05-15T09:00:00Z,destination=AMS&origin=DOH&endRange=2025-10-14T23:59:59Z&startRange=2025-05-15T09:00:00Z,1.0,3.0,33%,292.0,<Response [200]>,,2025-10-25T16:06:27.543699
,,,,,,CDG,,,,,AUH,,,,2025-10-14T23:59:59Z,2025-05-15T09:00:00Z,destination=CDG&origin=AUH&endRange=2025-10-14T23:59:59Z&startRange=2025-05-15T09:00:00Z,1.0,4.0,25%,314.0,<Response [200]>,,2025-10-25T16:06:33.083275
,,,,,,LAX,,,,,SAN,,,,2025-10-14T23:59:59Z,2025-05-15T09:00:00Z,destination=LAX&origin=SAN&endRange=2025-10-14T23:59:59Z&startRange=2025-05-15T09:00:00Z,1.0,13.0,8%,1239.0,<Response [200]>,,2025-10-25T16:06:37.744758
,,,,,,FIH,,,,,CDG,,,,2025-10-14T23:59:59Z,2025-05-15T09:00:00Z,destination=FIH&origin=CDG&endRange=2025-10-14T23:59:59Z&startRange=2025-05-15T09:00:00Z,1.0,2.0,50%,143.0,<Response [200]>,,2025-10-25T16:06:40.848805
,,,,,,BDL,,,,,MSP,,,,2025-10-14T23:59:59Z,2025-05-15T09:00:00Z,destination=BDL&origin=MSP&endRange=2025-10-14T23:59:59Z&startRange=2025-05-15T09:00:00Z,1.0,14.0,7%,1333.0,<Response [200]>,,2025-10-25T16:06:45.302135
,,,,,,MSP,,,,,IND,,,,2025-10-14T23:59:59Z,2025-05-15T09:00:00Z,destination=MSP&origin=IND&endRange=2025-10-14T23:59:59Z&startRange=2025-05-15T09:00:00Z,1.0,10.0,10%,904.0,<Response [200]>,,2025-10-25T16:06:50.300982
,,,,,,DFW,,,,,CDG,,,,2025-10-14T23:59:59Z,2025-05-15T09:00:00Z,destination=DFW&origin=CDG&endRange=2025-10-14T23:59:59Z&startRange=2025-05-15T09:00:00Z,1.0,3.0,33%,292.0,<Response [200]>,,2025-10-25T16:06:55.165626
,,,,,,SLC,,,,,DEN,,,,2025-10-14T23:59:59Z,2025-05-15T09:00:00Z,destination=SLC&origin=DEN&endRange=2025-10-14T23:59:59Z&startRange=2025-05-15T09:00:00Z,1.0,14.0,7%,1313.0,<Response [200]>,,2025-10-25T16:06:57.946082
,,,,,,LAX,,,,,DTW,,,,2025-10-14T23:59:59Z,2025-05-15T09:00:00Z,destination=LAX&origin=DTW&endRange=2025-10-14T23:59:59Z&startRange=2025-05-15T09:00:00Z,1.0,24.0,4%,2309.0,<Response [200]>,,2025-10-25T16:07:32.111295
,,,,,,PVG,,,,,AMS,,,,2025-10-14T23:59:59Z,2025-05-15T09:00:00Z,destination=PVG&origin=AMS&endRange=2025-10-14T23:59:59Z&startRange=2025-05-15T09:00:00Z,1.0,4.0,25%,306.0,<Response [200]>,,2025-10-25T16:07:42.961512
,,,,,,PHX,,,,,DTW,,,,2025-10-14T23:59:59Z,2025-05-15T09:00:00Z,destination=PHX&origin=DTW&endRange=2025-10-14T23:59:59Z&startRange=2025-05-15T09:00:00Z,1.0,13.0,8%,1221.0,<Response [200]>,,2025-10-25T16:07:48.452549
,,,,,,PVG,,,,,HRB,,,,2025-10-14T23:59:59Z,2025-05-15T09:00:00Z,destination=PVG&origin=HRB&endRange=2025-10-14T23:59:59Z&startRange=2025-05-15T09:00:00Z,1.0,7.0,14%,673.0,<Response [200]>,,2025-10-25T16:07:51.431158
,,,,,,YYC,,,,,YVR,,,,2025-10-14T23:59:59Z,2025-05-15T09:00:00Z,destination=YYC&origin=YVR&endRange=2025-10-14T23:59:59Z&startRange=2025-05-15T09:00:00Z,1.0,7.0,14%,686.0,<Response [200]>,,2025-10-25T16:07:55.915223
,,,,,,GRU,,,,,FLN,,,,2025-10-14T23:59:59Z,2025-05-15T09:00:00Z,destination=GRU&origin=FLN&endRange=2025-10-14T23:59:59Z&startRange=2025-05-15T09:00:00Z,1.0,6.0,17%,547.0,<Response [200]>,,2025-10-25T16:08:00.888331
,,,,,,TPA,,,,,JFK,,,,2025-10-14T23:59:59Z,2025-05-15T09:00:00Z,destination=TPA&origin=JFK&endRange=2025-10-14T23:59:59Z&startRange=2025-05-15T09:00:00Z,1.0,8.0,12%,705.0,<Response [200]>,,2025-10-25T16:08:06.682810
,,,,,,ATL,,,,,CUN,,,,2025-10-14T23:59:59Z,2025-05-15T09:00:00Z,destination=ATL&origin=CUN&endRange=2025-10-14T23:59:59Z&startRange=2025-05-15T09:00:00Z,1.0,8.0,12%,775.0,<Response [200]>,,2025-10-25T16:08:14.187822
,,,,,,CDG,,,,,MSP,,,,2025-10-14T23:59:59Z,2025-05-15T09:00:00Z,destination=CDG&origin=MSP&endRange=2025-10-14T23:59:59Z&startRange=2025-05-15T09:00:00Z,1.0,3.0,33%,284.0,<Response [200]>,,2025-10-25T16:08:57.488025
,,,,,,CDG,,,,,MIA,,,,2025-10-14T23:59:59Z,2025-05-15T09:00:00Z,destination=CDG&origin=MIA&endRange=2025-10-14T23:59:59Z&startRange=2025-05-15T09:00:00Z,1.0,3.0,33%,266.0,<Response [200]>,,2025-10-25T16:09:02.742324
,,,,,,MSP,,,,,SNA,,,,2025-10-14T23:59:59Z,2025-05-15T09:00:00Z,destination=MSP&origin=SNA&endRange=2025-10-14T23:59:59Z&startRange=2025-05-15T09:00:00Z,1.0,9.0,11%,844.0,<Response [200]>,,2025-10-25T16:09:07.213167
,,,,,,IAH,,,,,AMS,,,,2025-10-14T23:59:59Z,2025-05-15T09:00:00Z,destination=IAH&origin=AMS&endRange=2025-10-14T23:59:59Z&startRange=2025-05-15T09:00:00Z,1.0,4.0,25%,312.0,<Response [200]>,,2025-10-25T16:09:11.408906
,,,,,,LHR,,,,,MIA,,,,2025-10-14T23:59:59Z,2025-05-15T09:00:00Z,destination=LHR&origin=MIA&endRange=2025-10-14T23:59:59Z&startRange=2025-05-15T09:00:00Z,1.0,4.0,25%,304.0,<Response [200]>,,2025-10-25T16:09:18.261226
,,,,,,AMS,,,,,SEA,,,,2025-10-14T23:59:59Z,2025-05-15T09:00:00Z,destination=AMS&origin=SEA&endRange=2025-10-14T23:59:59Z&startRange=2025-05-15T09:00:00Z,1.0,4.0,25%,305.0,<Response [200]>,,2025-10-25T16:09:35.028263
,,,,,,KUL,,,,,CGK,,,,2025-10-14T23:59:59Z,2025-05-15T09:00:00Z,destination=KUL&origin=CGK&endRange=2025-10-14T23:59:59Z&startRange=2025-05-15T09:00:00Z,1.0,5.0,20%,461.0,<Response [200]>,,2025-10-25T16:09:39.711394
,,,,,,DEL,,,,,AMS,,,,2025-10-14T23:59:59Z,2025-05-15T09:00:00Z,destination=DEL&origin=AMS&endRange=2025-10-14T23:59:59Z&startRange=2025-05-15T09:00:00Z,1.0,4.0,25%,305.0,<Response [200]>,,2025-10-25T16:09:42.705457
,,,,,,PHX,,,,,JFK,,,,2025-10-14T23:59:59Z,2025-05-15T09:00:00Z,destination=PHX&origin=JFK&endRange=2025-10-14T23:59:59Z&startRange=2025-05-15T09:00:00Z,1.0,10.0,10%,939.0,<Response [200]>,,2025-10-25T16:55:55.919777
,,,,,,SAV,,,,,JFK,,,,2025-10-14T23:59:59Z,2025-05-15T09:00:00Z,destination=SAV&origin=JFK&endRange=2025-10-14T23:59:59Z&startRange=2025-05-15T09:00:00Z,1.0,8.0,12%,733.0,<Response [200]>,,2025-10-25T16:56:09.195078
,,,,,,MSP,,,,,FLL,,,,2025-10-14T23:59:59Z,2025-05-15T09:00:00Z,destination=MSP&origin=FLL&endRange=2025-10-14T23:59:59Z&startRange=2025-05-15T09:00:00Z,1,9,11%,884,<Response [200]>,,2025-10-25T16:58:42.415990
,,,,,,DTW,,,,,MCI,,,,2025-10-14T23:59:59Z,2025-05-15T09:00:00Z,destination=DTW&origin=MCI&endRange=2025-10-14T23:59:59Z&startRange=2025-05-15T09:00:00Z,1,10,10%,925,<Response [200]>,,2025-10-25T16:58:56.570429
,,,,,,SLC,,,,,SMF,,,,2025-10-14T23:59:59Z,2025-05-15T09:00:00Z,destination=SLC&origin=SMF&endRange=2025-10-14T23:59:59Z&startRange=2025-05-15T09:00:00Z,1,10,10%,917,<Response [200]>,,2025-10-25T16:59:10.135725
