aircraftRegistration,aircraftType,arrivalCity,carrierCode,consumerHost,departureCity,destination,flightNumber,movementType,operatingAirlineCode,operationalSuffix,origin,serviceType,timeOriginType,timeType,endRange,startRange,call_parameters,nb_of_pages_already_retrieved,totalPages,completion,totalFlights,response,message,timestamp
,,,,,,ORY,,,,,PMI,,,,2025-10-14T23:59:59Z,2025-05-15T09:00:00Z,destination=ORY&origin=PMI&endRange=2025-10-14T23:59:59Z&startRange=2025-05-15T09:00:00Z,1.0,9.0,11%,854.0,<Response [200]>,,2025-10-20T10:13:46.967173
,,,,,,OSL,,,,,ARN,,,,2025-10-14T23:59:59Z,2025-05-15T09:00:00Z,destination=OSL&origin=ARN&endRange=2025-10-14T23:59:59Z&startRange=2025-05-15T09:00:00Z,1.0,9.0,11%,886.0,<Response [200]>,,2025-10-20T10:13:46.967173
,,,,,,PMI,,,,,ORY,,,,2025-10-14T23:59:59Z,2025-05-15T09:00:00Z,destination=PMI&origin=ORY&endRange=2025-10-14T23:59:59Z&startRange=2025-05-15T09:00:00Z,1.0,9.0,11%,851.0,<Response [200]>,,2025-10-20T17:47:55.665673
,,,,,,VBY,,,,,ARN,,,,2025-10-14T23:59:59Z,2025-05-15T09:00:00Z,destination=VBY&origin=ARN&endRange=2025-10-14T23:59:59Z&startRange=2025-05-15T09:00:00Z,1.0,9.0,11%,801.0,<Response [200]>,,
,,,,,,AMS,,,,,AGP,,,,2025-10-14T23:59:59Z,2025-05-15T09:00:00Z,destination=AMS&origin=AGP&endRange=2025-10-14T23:59:59Z&startRange=2025-05-15T09:00:00Z,2.0,17.0,12%,1633.0,<Response [200]>,,2025-10-19T14:16:16.413076
,,,,,,AMS,,,,,LCY,,,,2025-10-14T23:59:59Z,2025-05-15T09:00:00Z,destination=AMS&origin=LCY&endRange=2025-10-14T23:59:59Z&startRange=2025-05-15T09:00:00Z,2.0,17.0,12%,1632.0,<Response [200]>,,
,,,,,,AMS,,,,,MAD,,,,2025-10-14T23:59:59Z,2025-05-15T09:00:00Z,destination=AMS&origin=MAD&endRange=2025-10-14T23:59:59Z&startRange=2025-05-15T09:00:00Z,2.0,17.0,12%,1693.0,<Response [200]>,,
,,,,,,AMS,,,,,MAN,,,,2025-10-14T23:59:59Z,2025-05-15T09:00:00Z,destination=AMS&origin=MAN&endRange=2025-10-14T23:59:59Z&startRange=2025-05-15T09:00:00Z,2.0,17.0,12%,1631.0,<Response [200]>,,
,,,,,,AGP,,,,,AMS,,,,2025-10-14T23:59:59Z,2025-05-15T09:00:00Z,destination=AGP&origin=AMS&endRange=2025-10-14T23:59:59Z&startRange=2025-05-15T09:00:00Z,2.0,16.0,12%,1591.0,<Response [200]>,,
,,,,,,AMS,,,,,LIN,,,,2025-10-14T23:59:59Z,2025-05-15T09:00:00Z,destination=AMS&origin=LIN&endRange=2025-10-14T23:59:59Z&startRange=2025-05-15T09:00:00Z,2.0,16.0,12%,1538.0,<Response [200]>,,
,,,,,,ARN,,,,,MMX,,,,2025-10-14T23:59:59Z,2025-05-15T09:00:00Z,destination=ARN&origin=MMX&endRange=2025-10-14T23:59:59Z&startRange=2025-05-15T09:00:00Z,1.0,8.0,12%,704.0,<Response [200]>,,2025-10-20T10:25:22.637687
,,,,,,BSL,,,,,AMS,,,,2025-10-14T23:59:59Z,2025-05-15T09:00:00Z,destination=BSL&origin=AMS&endRange=2025-10-14T23:59:59Z&startRange=2025-05-15T09:00:00Z,1.0,8.0,12%,721.0,<Response [200]>,,2025-10-19T14:34:02.771776
,,,,,,BUD,,,,,AMS,,,,2025-10-14T23:59:59Z,2025-05-15T09:00:00Z,destination=BUD&origin=AMS&endRange=2025-10-14T23:59:59Z&startRange=2025-05-15T09:00:00Z,1.0,8.0,12%,764.0,<Response [200]>,,2025-10-19T14:34:02.771776
,,,,,,CDG,,,,,HAM,,,,2025-10-14T23:59:59Z,2025-05-15T09:00:00Z,destination=CDG&origin=HAM&endRange=2025-10-14T23:59:59Z&startRange=2025-05-15T09:00:00Z,1.0,8.0,12%,790.0,<Response [200]>,,2025-10-19T14:34:02.771776
,,,,,,CDG,,,,,LYS,,,,2025-10-14T23:59:59Z,2025-05-15T09:00:00Z,destination=CDG&origin=LYS&endRange=2025-10-14T23:59:59Z&startRange=2025-05-15T09:00:00Z,1.0,8.0,12%,799.0,<Response [200]>,,2025-10-19T14:39:52.077216
,,,,,,CDG,,,,,NTE,,,,2025-10-14T23:59:59Z,2025-05-15T09:00:00Z,destination=CDG&origin=NTE&endRange=2025-10-14T23:59:59Z&startRange=2025-05-15T09:00:00Z,1.0,8.0,12%,707.0,<Response [200]>,,2025-10-19T14:39:52.077216
,,,,,,CDG,,,,,OTP,,,,2025-10-14T23:59:59Z,2025-05-15T09:00:00Z,destination=CDG&origin=OTP&endRange=2025-10-14T23:59:59Z&startRange=2025-05-15T09:00:00Z,1.0,8.0,12%,775.0,<Response [200]>,,2025-10-19T14:39:52.077216
,,,,,,CDG,,,,,PRG,,,,2025-10-14T23:59:59Z,2025-05-15T09:00:00Z,destination=CDG&origin=PRG&endRange=2025-10-14T23:59:59Z&startRange=2025-05-15T09:00:00Z,1.0,8.0,12%,788.0,<Response [200]>,,2025-10-19T14:39:52.077216
,,,,,,CPH,,,,,ARN,,,,2025-10-14T23:59:59Z,2025-05-15T09:00:00Z,destination=CPH&origin=ARN&endRange=2025-10-14T23:59:59Z&startRange=2025-05-15T09:00:00Z,1.0,8.0,12%,773.0,<Response [200]>,,2025-10-19T14:39:52.077216
,,,,,,CTA,,,,,LIN,,,,2025-10-14T23:59:59Z,2025-05-15T09:00:00Z,destination=CTA&origin=LIN&endRange=2025-10-14T23:59:59Z&startRange=2025-05-15T09:00:00Z,1.0,8.0,12%,716.0,<Response [200]>,,2025-10-19T14:39:52.077216
,,,,,,DUS,,,,,AMS,,,,2025-10-14T23:59:59Z,2025-05-15T09:00:00Z,destination=DUS&origin=AMS&endRange=2025-10-14T23:59:59Z&startRange=2025-05-15T09:00:00Z,1.0,8.0,12%,763.0,<Response [200]>,,2025-10-19T14:39:52.077216
,,,,,,FCO,,,,,LIN,,,,2025-10-14T23:59:59Z,2025-05-15T09:00:00Z,destination=FCO&origin=LIN&endRange=2025-10-14T23:59:59Z&startRange=2025-05-15T09:00:00Z,1.0,8.0,12%,741.0,<Response [200]>,,2025-10-19T14:39:52.077216
,,,,,,FLR,,,,,AMS,,,,2025-10-14T23:59:59Z,2025-05-15T09:00:00Z,destination=FLR&origin=AMS&endRange=2025-10-14T23:59:59Z&startRange=2025-05-15T09:00:00Z,1.0,8.0,12%,763.0,<Response [200]>,,2025-10-19T14:39:52.077216
,,,,,,GLA,,,,,AMS,,,,2025-10-14T23:59:59Z,2025-05-15T09:00:00Z,destination=GLA&origin=AMS&endRange=2025-10-14T23:59:59Z&startRange=2025-05-15T09:00:00Z,1.0,8.0,12%,728.0,<Response [200]>,,2025-10-19T14:39:52.077216
,,,,,,GOT,,,,,AMS,,,,2025-10-14T23:59:59Z,2025-05-15T09:00:00Z,destination=GOT&origin=AMS&endRange=2025-10-14T23:59:59Z&startRange=2025-05-15T09:00:00Z,1.0,8.0,12%,764.0,<Response [200]>,,2025-10-19T14:39:52.077216
,,,,,,HAM,,,,,AMS,,,,2025-10-14T23:59:59Z,2025-05-15T09:00:00Z,destination=HAM&origin=AMS&endRange=2025-10-14T23:59:59Z&startRange=2025-05-15T09:00:00Z,1.0,8.0,12%,766.0,<Response [200]>,,2025-10-20T09:45:51.804586
,,,,,,HAM,,,,,CDG,,,,2025-10-14T23:59:59Z,2025-05-15T09:00:00Z,destination=HAM&origin=CDG&endRange=2025-10-14T23:59:59Z&startRange=2025-05-15T09:00:00Z,1.0,8.0,12%,789.0,<Response [200]>,,2025-10-20T09:45:51.804586
,,,,,,HEL,,,,,AMS,,,,2025-10-14T23:59:59Z,2025-05-15T09:00:00Z,destination=HEL&origin=AMS&endRange=2025-10-14T23:59:59Z&startRange=2025-05-15T09:00:00Z,1.0,8.0,12%,765.0,<Response [200]>,,2025-10-20T09:45:51.804586
,,,,,,IBZ,,,,,AMS,,,,2025-10-14T23:59:59Z,2025-05-15T09:00:00Z,destination=IBZ&origin=AMS&endRange=2025-10-14T23:59:59Z&startRange=2025-05-15T09:00:00Z,1.0,8.0,12%,713.0,<Response [200]>,,2025-10-20T09:45:51.804586
,,,,,,LGW,,,,,AMS,,,,2025-10-14T23:59:59Z,2025-05-15T09:00:00Z,destination=LGW&origin=AMS&endRange=2025-10-14T23:59:59Z&startRange=2025-05-15T09:00:00Z,1.0,8.0,12%,749.0,<Response [200]>,,2025-10-20T09:45:51.804586
,,,,,,LIN,,,,,FCO,,,,2025-10-14T23:59:59Z,2025-05-15T09:00:00Z,destination=LIN&origin=FCO&endRange=2025-10-14T23:59:59Z&startRange=2025-05-15T09:00:00Z,1.0,8.0,12%,713.0,<Response [200]>,,2025-10-20T09:45:51.804586
,,,,,,LIN,,,,,ORY,,,,2025-10-14T23:59:59Z,2025-05-15T09:00:00Z,destination=LIN&origin=ORY&endRange=2025-10-14T23:59:59Z&startRange=2025-05-15T09:00:00Z,1.0,8.0,12%,748.0,<Response [200]>,,2025-10-20T09:45:51.804586
,,,,,,LLA,,,,,ARN,,,,2025-10-14T23:59:59Z,2025-05-15T09:00:00Z,destination=LLA&origin=ARN&endRange=2025-10-14T23:59:59Z&startRange=2025-05-15T09:00:00Z,1.0,8.0,12%,764.0,<Response [200]>,,2025-10-20T09:45:51.804586
,,,,,,LYS,,,,,CDG,,,,2025-10-14T23:59:59Z,2025-05-15T09:00:00Z,destination=LYS&origin=CDG&endRange=2025-10-14T23:59:59Z&startRange=2025-05-15T09:00:00Z,1.0,8.0,12%,792.0,<Response [200]>,,2025-10-20T09:45:51.804586
,,,,,,MMX,,,,,ARN,,,,2025-10-14T23:59:59Z,2025-05-15T09:00:00Z,destination=MMX&origin=ARN&endRange=2025-10-14T23:59:59Z&startRange=2025-05-15T09:00:00Z,1.0,8.0,12%,706.0,<Response [200]>,,2025-10-20T09:45:51.804586
,,,,,,NTE,,,,,CDG,,,,2025-10-14T23:59:59Z,2025-05-15T09:00:00Z,destination=NTE&origin=CDG&endRange=2025-10-14T23:59:59Z&startRange=2025-05-15T09:00:00Z,1.0,8.0,12%,714.0,<Response [200]>,,2025-10-20T09:45:51.804586
,,,,,,ORY,,,,,LIN,,,,2025-10-14T23:59:59Z,2025-05-15T09:00:00Z,destination=ORY&origin=LIN&endRange=2025-10-14T23:59:59Z&startRange=2025-05-15T09:00:00Z,1.0,8.0,12%,751.0,<Response [200]>,,2025-10-20T10:13:46.967173
,,,,,,OTP,,,,,AMS,,,,2025-10-14T23:59:59Z,2025-05-15T09:00:00Z,destination=OTP&origin=AMS&endRange=2025-10-14T23:59:59Z&startRange=2025-05-15T09:00:00Z,1.0,8.0,12%,758.0,<Response [200]>,,2025-10-20T10:13:46.967173
,,,,,,OTP,,,,,CDG,,,,2025-10-14T23:59:59Z,2025-05-15T09:00:00Z,destination=OTP&origin=CDG&endRange=2025-10-14T23:59:59Z&startRange=2025-05-15T09:00:00Z,1.0,8.0,12%,777.0,<Response [200]>,,2025-10-20T10:27:40.242346
,,,,,,PMI,,,,,MAD,,,,2025-10-14T23:59:59Z,2025-05-15T09:00:00Z,destination=PMI&origin=MAD&endRange=2025-10-14T23:59:59Z&startRange=2025-05-15T09:00:00Z,1.0,8.0,12%,784.0,<Response [200]>,,2025-10-20T17:47:33.942089
,,,,,,PRG,,,,,CDG,,,,2025-10-14T23:59:59Z,2025-05-15T09:00:00Z,destination=PRG&origin=CDG&endRange=2025-10-14T23:59:59Z&startRange=2025-05-15T09:00:00Z,1.0,8.0,12%,790.0,<Response [200]>,,2025-10-20T17:51:11.168014
,,,,,,STR,,,,,AMS,,,,2025-10-14T23:59:59Z,2025-05-15T09:00:00Z,destination=STR&origin=AMS&endRange=2025-10-14T23:59:59Z&startRange=2025-05-15T09:00:00Z,1.0,8.0,12%,763.0,<Response [200]>,,
,,,,,,SVG,,,,,AMS,,,,2025-10-14T23:59:59Z,2025-05-15T09:00:00Z,destination=SVG&origin=AMS&endRange=2025-10-14T23:59:59Z&startRange=2025-05-15T09:00:00Z,1.0,8.0,12%,797.0,<Response [200]>,,
,,,,,,TOS,,,,,OSL,,,,2025-10-14T23:59:59Z,2025-05-15T09:00:00Z,destination=TOS&origin=OSL&endRange=2025-10-14T23:59:59Z&startRange=2025-05-15T09:00:00Z,1.0,8.0,12%,782.0,<Response [200]>,,
,,,,,,AMS,,,,,LIS,,,,2025-10-14T23:59:59Z,2025-05-15T09:00:00Z,destination=AMS&origin=LIS&endRange=2025-10-14T23:59:59Z&startRange=2025-05-15T09:00:00Z,2.0,15.0,13%,1429.0,<Response [200]>,,
,,,,,,AMS,,,,,ARN,,,,2025-10-14T23:59:59Z,2025-05-15T09:00:00Z,destination=AMS&origin=ARN&endRange=2025-10-14T23:59:59Z&startRange=2025-05-15T09:00:00Z,2.0,14.0,14%,1377.0,<Response [200]>,,
,,,,,,AMS,,,,,OSL,,,,2025-10-14T23:59:59Z,2025-05-15T09:00:00Z,destination=AMS&origin=OSL&endRange=2025-10-14T23:59:59Z&startRange=2025-05-15T09:00:00Z,2.0,14.0,14%,1384.0,<Response [200]>,,
,,,,,,ARN,,,,,UME,,,,2025-10-14T23:59:59Z,2025-05-15T09:00:00Z,destination=ARN&origin=UME&endRange=2025-10-14T23:59:59Z&startRange=2025-05-15T09:00:00Z,1.0,7.0,14%,683.0,<Response [200]>,,2025-10-20T10:25:22.637687
,,,,,,BGO,,,,,AMS,,,,2025-10-14T23:59:59Z,2025-05-15T09:00:00Z,destination=BGO&origin=AMS&endRange=2025-10-14T23:59:59Z&startRange=2025-05-15T09:00:00Z,1.0,7.0,14%,620.0,<Response [200]>,,2025-10-19T14:34:02.771776
,,,,,,BIQ,,,,,CDG,,,,2025-10-14T23:59:59Z,2025-05-15T09:00:00Z,destination=BIQ&origin=CDG&endRange=2025-10-14T23:59:59Z&startRange=2025-05-15T09:00:00Z,1.0,7.0,14%,626.0,<Response [200]>,,2025-10-19T14:34:02.771776
,,,,,,BRU,,,,,AMS,,,,2025-10-14T23:59:59Z,2025-05-15T09:00:00Z,destination=BRU&origin=AMS&endRange=2025-10-14T23:59:59Z&startRange=2025-05-15T09:00:00Z,1.0,7.0,14%,606.0,<Response [200]>,,2025-10-19T14:34:02.771776
,,,,,,CDG,,,,,BHX,,,,2025-10-14T23:59:59Z,2025-05-15T09:00:00Z,destination=CDG&origin=BHX&endRange=2025-10-14T23:59:59Z&startRange=2025-05-15T09:00:00Z,1.0,7.0,14%,694.0,<Response [200]>,,2025-10-19T14:34:02.771776
,,,,,,CDG,,,,,BIQ,,,,2025-10-14T23:59:59Z,2025-05-15T09:00:00Z,destination=CDG&origin=BIQ&endRange=2025-10-14T23:59:59Z&startRange=2025-05-15T09:00:00Z,1.0,7.0,14%,623.0,<Response [200]>,,2025-10-19T14:34:02.771776
,,,,,,CDG,,,,,DUS,,,,2025-10-14T23:59:59Z,2025-05-15T09:00:00Z,destination=CDG&origin=DUS&endRange=2025-10-14T23:59:59Z&startRange=2025-05-15T09:00:00Z,1.0,7.0,14%,656.0,<Response [200]>,,2025-10-19T14:34:02.771776
,,,,,,CDG,,,,,LGW,,,,2025-10-14T23:59:59Z,2025-05-15T09:00:00Z,destination=CDG&origin=LGW&endRange=2025-10-14T23:59:59Z&startRange=2025-05-15T09:00:00Z,1.0,7.0,14%,638.0,<Response [200]>,,2025-10-19T14:39:52.077216
,,,,,,DUS,,,,,CDG,,,,2025-10-14T23:59:59Z,2025-05-15T09:00:00Z,destination=DUS&origin=CDG&endRange=2025-10-14T23:59:59Z&startRange=2025-05-15T09:00:00Z,1.0,7.0,14%,657.0,<Response [200]>,,2025-10-19T14:39:52.077216
,,,,,,LCG,,,,,MAD,,,,2025-10-14T23:59:59Z,2025-05-15T09:00:00Z,destination=LCG&origin=MAD&endRange=2025-10-14T23:59:59Z&startRange=2025-05-15T09:00:00Z,1.0,7.0,14%,610.0,<Response [200]>,,2025-10-20T09:45:51.804586
,,,,,,LGW,,,,,CDG,,,,2025-10-14T23:59:59Z,2025-05-15T09:00:00Z,destination=LGW&origin=CDG&endRange=2025-10-14T23:59:59Z&startRange=2025-05-15T09:00:00Z,1.0,7.0,14%,636.0,<Response [200]>,,2025-10-20T09:45:51.804586
,,,,,,LIN,,,,,BRI,,,,2025-10-14T23:59:59Z,2025-05-15T09:00:00Z,destination=LIN&origin=BRI&endRange=2025-10-14T23:59:59Z&startRange=2025-05-15T09:00:00Z,1.0,7.0,14%,662.0,<Response [200]>,,2025-10-20T09:45:51.804586
,,,,,,LIN,,,,,PMO,,,,2025-10-14T23:59:59Z,2025-05-15T09:00:00Z,destination=LIN&origin=PMO&endRange=2025-10-14T23:59:59Z&startRange=2025-05-15T09:00:00Z,1.0,7.0,14%,683.0,<Response [200]>,,2025-10-20T09:45:51.804586
,,,,,,LTN,,,,,AMS,,,,2025-10-14T23:59:59Z,2025-05-15T09:00:00Z,destination=LTN&origin=AMS&endRange=2025-10-14T23:59:59Z&startRange=2025-05-15T09:00:00Z,1.0,7.0,14%,637.0,<Response [200]>,,2025-10-20T09:45:51.804586
,,,,,,MAD,,,,,PMI,,,,2025-10-14T23:59:59Z,2025-05-15T09:00:00Z,destination=MAD&origin=PMI&endRange=2025-10-14T23:59:59Z&startRange=2025-05-15T09:00:00Z,1.0,7.0,14%,654.0,<Response [200]>,,2025-10-20T09:45:51.804586
,,,,,,MAD,,,,,VGO,,,,2025-10-14T23:59:59Z,2025-05-15T09:00:00Z,destination=MAD&origin=VGO&endRange=2025-10-14T23:59:59Z&startRange=2025-05-15T09:00:00Z,1.0,7.0,14%,609.0,<Response [200]>,,2025-10-20T09:45:51.804586
,,,,,,MXP,,,,,AMS,,,,2025-10-14T23:59:59Z,2025-05-15T09:00:00Z,destination=MXP&origin=AMS&endRange=2025-10-14T23:59:59Z&startRange=2025-05-15T09:00:00Z,1.0,7.0,14%,634.0,<Response [200]>,,2025-10-20T09:45:51.804586
,,,,,,NUE,,,,,AMS,,,,2025-10-14T23:59:59Z,2025-05-15T09:00:00Z,destination=NUE&origin=AMS&endRange=2025-10-14T23:59:59Z&startRange=2025-05-15T09:00:00Z,1.0,7.0,14%,651.0,<Response [200]>,,2025-10-20T09:45:51.804586
,,,,,,NWI,,,,,AMS,,,,2025-10-14T23:59:59Z,2025-05-15T09:00:00Z,destination=NWI&origin=AMS&endRange=2025-10-14T23:59:59Z&startRange=2025-05-15T09:00:00Z,1.0,7.0,14%,607.0,<Response [200]>,,2025-10-20T09:45:51.804586
,,,,,,ORY,,,,,ALC,,,,2025-10-14T23:59:59Z,2025-05-15T09:00:00Z,destination=ORY&origin=ALC&endRange=2025-10-14T23:59:59Z&startRange=2025-05-15T09:00:00Z,1.0,7.0,14%,681.0,<Response [200]>,,2025-10-20T09:45:51.804586
,,,,,,ORY,,,,,BER,,,,2025-10-14T23:59:59Z,2025-05-15T09:00:00Z,destination=ORY&origin=BER&endRange=2025-10-14T23:59:59Z&startRange=2025-05-15T09:00:00Z,1.0,7.0,14%,681.0,<Response [200]>,,2025-10-20T09:45:51.804586
,,,,,,ORY,,,,,VLC,,,,2025-10-14T23:59:59Z,2025-05-15T09:00:00Z,destination=ORY&origin=VLC&endRange=2025-10-14T23:59:59Z&startRange=2025-05-15T09:00:00Z,1.0,7.0,14%,638.0,<Response [200]>,,2025-10-20T10:13:46.967173
,,,,,,OSL,,,,,TOS,,,,2025-10-14T23:59:59Z,2025-05-15T09:00:00Z,destination=OSL&origin=TOS&endRange=2025-10-14T23:59:59Z&startRange=2025-05-15T09:00:00Z,1.0,7.0,14%,688.0,<Response [200]>,,2025-10-20T10:13:46.967173
,,,,,,PMO,,,,,LIN,,,,2025-10-14T23:59:59Z,2025-05-15T09:00:00Z,destination=PMO&origin=LIN&endRange=2025-10-14T23:59:59Z&startRange=2025-05-15T09:00:00Z,1.0,7.0,14%,679.0,<Response [200]>,,2025-10-20T17:49:22.497557
,,,,,,UME,,,,,ARN,,,,2025-10-14T23:59:59Z,2025-05-15T09:00:00Z,destination=UME&origin=ARN&endRange=2025-10-14T23:59:59Z&startRange=2025-05-15T09:00:00Z,1.0,7.0,14%,638.0,<Response [200]>,,
,,,,,,VGO,,,,,MAD,,,,2025-10-14T23:59:59Z,2025-05-15T09:00:00Z,destination=VGO&origin=MAD&endRange=2025-10-14T23:59:59Z&startRange=2025-05-15T09:00:00Z,1.0,7.0,14%,608.0,<Response [200]>,,
,,,,,,VLC,,,,,ORY,,,,2025-10-14T23:59:59Z,2025-05-15T09:00:00Z,destination=VLC&origin=ORY&endRange=2025-10-14T23:59:59Z&startRange=2025-05-15T09:00:00Z,1.0,7.0,14%,625.0,<Response [200]>,,
,,,,,,AMS,,,,,BER,,,,2025-10-14T23:59:59Z,2025-05-15T09:00:00Z,destination=AMS&origin=BER&endRange=2025-10-14T23:59:59Z&startRange=2025-05-15T09:00:00Z,2.0,13.0,15%,1250.0,<Response [200]>,,
,,,,,,AMS,,,,,VIE,,,,2025-10-14T23:59:59Z,2025-05-15T09:00:00Z,destination=AMS&origin=VIE&endRange=2025-10-14T23:59:59Z&startRange=2025-05-15T09:00:00Z,2.0,13.0,15%,1295.0,<Response [200]>,,2025-10-20T10:25:22.637687
,,,,,,AMS,,,,,WAW,,,,2025-10-14T23:59:59Z,2025-05-15T09:00:00Z,destination=AMS&origin=WAW&endRange=2025-10-14T23:59:59Z&startRange=2025-05-15T09:00:00Z,2.0,13.0,15%,1221.0,<Response [200]>,,2025-10-20T10:25:22.637687
,,,,,,AMS,,,,,EDI,,,,2025-10-14T23:59:59Z,2025-05-15T09:00:00Z,destination=AMS&origin=EDI&endRange=2025-10-14T23:59:59Z&startRange=2025-05-15T09:00:00Z,2.0,12.0,17%,1120.0,<Response [200]>,,
,,,,,,AMS,,,,,PRG,,,,2025-10-14T23:59:59Z,2025-05-15T09:00:00Z,destination=AMS&origin=PRG&endRange=2025-10-14T23:59:59Z&startRange=2025-05-15T09:00:00Z,2.0,12.0,17%,1106.0,<Response [200]>,,
,,,,,,BIO,,,,,AMS,,,,2025-10-14T23:59:59Z,2025-05-15T09:00:00Z,destination=BIO&origin=AMS&endRange=2025-10-14T23:59:59Z&startRange=2025-05-15T09:00:00Z,1.0,6.0,17%,589.0,<Response [200]>,,2025-10-19T14:34:02.771776
,,,,,,BIO,,,,,MAD,,,,2025-10-14T23:59:59Z,2025-05-15T09:00:00Z,destination=BIO&origin=MAD&endRange=2025-10-14T23:59:59Z&startRange=2025-05-15T09:00:00Z,1.0,6.0,17%,546.0,<Response [200]>,,2025-10-19T14:34:02.771776
,,,,,,BLQ,,,,,AMS,,,,2025-10-14T23:59:59Z,2025-05-15T09:00:00Z,destination=BLQ&origin=AMS&endRange=2025-10-14T23:59:59Z&startRange=2025-05-15T09:00:00Z,1.0,6.0,17%,555.0,<Response [200]>,,2025-10-19T14:34:02.771776
,,,,,,BLQ,,,,,CDG,,,,2025-10-14T23:59:59Z,2025-05-15T09:00:00Z,destination=BLQ&origin=CDG&endRange=2025-10-14T23:59:59Z&startRange=2025-05-15T09:00:00Z,1.0,6.0,17%,556.0,<Response [200]>,,2025-10-19T14:34:02.771776
,,,,,,BOD,,,,,AMS,,,,2025-10-14T23:59:59Z,2025-05-15T09:00:00Z,destination=BOD&origin=AMS&endRange=2025-10-14T23:59:59Z&startRange=2025-05-15T09:00:00Z,1.0,6.0,17%,507.0,<Response [200]>,,2025-10-19T14:34:02.771776
,,,,,,BRE,,,,,AMS,,,,2025-10-14T23:59:59Z,2025-05-15T09:00:00Z,destination=BRE&origin=AMS&endRange=2025-10-14T23:59:59Z&startRange=2025-05-15T09:00:00Z,1.0,6.0,17%,589.0,<Response [200]>,,2025-10-19T14:34:02.771776
,,,,,,BRI,,,,,LIN,,,,2025-10-14T23:59:59Z,2025-05-15T09:00:00Z,destination=BRI&origin=LIN&endRange=2025-10-14T23:59:59Z&startRange=2025-05-15T09:00:00Z,1.0,6.0,17%,585.0,<Response [200]>,,2025-10-19T14:34:02.771776
,,,,,,CDG,,,,,AGP,,,,2025-10-14T23:59:59Z,2025-05-15T09:00:00Z,destination=CDG&origin=AGP&endRange=2025-10-14T23:59:59Z&startRange=2025-05-15T09:00:00Z,1.0,6.0,17%,507.0,<Response [200]>,,2025-10-19T14:34:02.771776
,,,,,,CDG,,,,,BES,,,,2025-10-14T23:59:59Z,2025-05-15T09:00:00Z,destination=CDG&origin=BES&endRange=2025-10-14T23:59:59Z&startRange=2025-05-15T09:00:00Z,1.0,6.0,17%,584.0,<Response [200]>,,2025-10-19T14:34:02.771776
,,,,,,CDG,,,,,BLQ,,,,2025-10-14T23:59:59Z,2025-05-15T09:00:00Z,destination=CDG&origin=BLQ&endRange=2025-10-14T23:59:59Z&startRange=2025-05-15T09:00:00Z,1.0,6.0,17%,553.0,<Response [200]>,,2025-10-19T14:34:02.771776
,,,,,,CDG,,,,,KEF,,,,2025-10-14T23:59:59Z,2025-05-15T09:00:00Z,destination=CDG&origin=KEF&endRange=2025-10-14T23:59:59Z&startRange=2025-05-15T09:00:00Z,1.0,6.0,17%,553.0,<Response [200]>,,2025-10-19T14:39:52.077216
,,,,,,CDG,,,,,PUF,,,,2025-10-14T23:59:59Z,2025-05-15T09:00:00Z,destination=CDG&origin=PUF&endRange=2025-10-14T23:59:59Z&startRange=2025-05-15T09:00:00Z,1.0,6.0,17%,517.0,<Response [200]>,,2025-10-19T14:39:52.077216
,,,,,,CPH,,,,,AAR,,,,2025-10-14T23:59:59Z,2025-05-15T09:00:00Z,destination=CPH&origin=AAR&endRange=2025-10-14T23:59:59Z&startRange=2025-05-15T09:00:00Z,1.0,6.0,17%,550.0,<Response [200]>,,2025-10-19T14:39:52.077216
,,,,,,CPH,,,,,FAE,,,,2025-10-14T23:59:59Z,2025-05-15T09:00:00Z,destination=CPH&origin=FAE&endRange=2025-10-14T23:59:59Z&startRange=2025-05-15T09:00:00Z,1.0,6.0,17%,526.0,<Response [200]>,,2025-10-19T14:39:52.077216
,,,,,,CPH,,,,,SVG,,,,2025-10-14T23:59:59Z,2025-05-15T09:00:00Z,destination=CPH&origin=SVG&endRange=2025-10-14T23:59:59Z&startRange=2025-05-15T09:00:00Z,1.0,6.0,17%,563.0,<Response [200]>,,2025-10-19T14:39:52.077216
,,,,,,FAE,,,,,CPH,,,,2025-10-14T23:59:59Z,2025-05-15T09:00:00Z,destination=FAE&origin=CPH&endRange=2025-10-14T23:59:59Z&startRange=2025-05-15T09:00:00Z,1.0,6.0,17%,540.0,<Response [200]>,,2025-10-19T14:39:52.077216
,,,,,,FAO,,,,,ORY,,,,2025-10-14T23:59:59Z,2025-05-15T09:00:00Z,destination=FAO&origin=ORY&endRange=2025-10-14T23:59:59Z&startRange=2025-05-15T09:00:00Z,1.0,6.0,17%,557.0,<Response [200]>,,2025-10-19T14:39:52.077216
,,,,,,FCO,,,,,BDS,,,,2025-10-14T23:59:59Z,2025-05-15T09:00:00Z,destination=FCO&origin=BDS&endRange=2025-10-14T23:59:59Z&startRange=2025-05-15T09:00:00Z,1.0,6.0,17%,532.0,<Response [200]>,,2025-10-19T14:39:52.077216
,,,,,,FCO,,,,,FLR,,,,2025-10-14T23:59:59Z,2025-05-15T09:00:00Z,destination=FCO&origin=FLR&endRange=2025-10-14T23:59:59Z&startRange=2025-05-15T09:00:00Z,1.0,6.0,17%,549.0,<Response [200]>,,2025-10-19T14:39:52.077216
,,,,,,FCO,,,,,NAP,,,,2025-10-14T23:59:59Z,2025-05-15T09:00:00Z,destination=FCO&origin=NAP&endRange=2025-10-14T23:59:59Z&startRange=2025-05-15T09:00:00Z,1.0,6.0,17%,511.0,<Response [200]>,,2025-10-19T14:39:52.077216
,,,,,,FLR,,,,,FCO,,,,2025-10-14T23:59:59Z,2025-05-15T09:00:00Z,destination=FLR&origin=FCO&endRange=2025-10-14T23:59:59Z&startRange=2025-05-15T09:00:00Z,1.0,6.0,17%,507.0,<Response [200]>,,2025-10-19T14:39:52.077216
,,,,,,GDN,,,,,AMS,,,,2025-10-14T23:59:59Z,2025-05-15T09:00:00Z,destination=GDN&origin=AMS&endRange=2025-10-14T23:59:59Z&startRange=2025-05-15T09:00:00Z,1.0,6.0,17%,593.0,<Response [200]>,,2025-10-19T14:39:52.077216
,,,,,,GOT,,,,,ARN,,,,2025-10-14T23:59:59Z,2025-05-15T09:00:00Z,destination=GOT&origin=ARN&endRange=2025-10-14T23:59:59Z&startRange=2025-05-15T09:00:00Z,1.0,6.0,17%,551.0,<Response [200]>,,2025-10-19T14:39:52.077216
,,,,,,HAJ,,,,,AMS,,,,2025-10-14T23:59:59Z,2025-05-15T09:00:00Z,destination=HAJ&origin=AMS&endRange=2025-10-14T23:59:59Z&startRange=2025-05-15T09:00:00Z,1.0,6.0,17%,543.0,<Response [200]>,,2025-10-20T09:45:51.804586
,,,,,,HER,,,,,AMS,,,,2025-10-14T23:59:59Z,2025-05-15T09:00:00Z,destination=HER&origin=AMS&endRange=2025-10-14T23:59:59Z&startRange=2025-05-15T09:00:00Z,1.0,6.0,17%,536.0,<Response [200]>,,2025-10-20T09:45:51.804586
,,,,,,HER,,,,,ORY,,,,2025-10-14T23:59:59Z,2025-05-15T09:00:00Z,destination=HER&origin=ORY&endRange=2025-10-14T23:59:59Z&startRange=2025-05-15T09:00:00Z,1.0,6.0,17%,511.0,<Response [200]>,,2025-10-20T09:45:51.804586
,,,,,,IBZ,,,,,ORY,,,,2025-10-14T23:59:59Z,2025-05-15T09:00:00Z,destination=IBZ&origin=ORY&endRange=2025-10-14T23:59:59Z&startRange=2025-05-15T09:00:00Z,1.0,6.0,17%,597.0,<Response [200]>,,2025-10-20T09:45:51.804586
,,,,,,KEF,,,,,AMS,,,,2025-10-14T23:59:59Z,2025-05-15T09:00:00Z,destination=KEF&origin=AMS&endRange=2025-10-14T23:59:59Z&startRange=2025-05-15T09:00:00Z,1.0,6.0,17%,569.0,<Response [200]>,,2025-10-20T09:45:51.804586
,,,,,,KEF,,,,,CDG,,,,2025-10-14T23:59:59Z,2025-05-15T09:00:00Z,destination=KEF&origin=CDG&endRange=2025-10-14T23:59:59Z&startRange=2025-05-15T09:00:00Z,1.0,6.0,17%,554.0,<Response [200]>,,2025-10-20T09:45:51.804586
,,,,,,LIN,,,,,NAP,,,,2025-10-14T23:59:59Z,2025-05-15T09:00:00Z,destination=LIN&origin=NAP&endRange=2025-10-14T23:59:59Z&startRange=2025-05-15T09:00:00Z,1.0,6.0,17%,583.0,<Response [200]>,,2025-10-20T09:45:51.804586
,,,,,,LUX,,,,,AMS,,,,2025-10-14T23:59:59Z,2025-05-15T09:00:00Z,destination=LUX&origin=AMS&endRange=2025-10-14T23:59:59Z&startRange=2025-05-15T09:00:00Z,1.0,6.0,17%,521.0,<Response [200]>,,2025-10-20T09:45:51.804586
,,,,,,MXP,,,,,ORY,,,,2025-10-14T23:59:59Z,2025-05-15T09:00:00Z,destination=MXP&origin=ORY&endRange=2025-10-14T23:59:59Z&startRange=2025-05-15T09:00:00Z,1.0,6.0,17%,516.0,<Response [200]>,,2025-10-20T09:45:51.804586
,,,,,,NAP,,,,,FCO,,,,2025-10-14T23:59:59Z,2025-05-15T09:00:00Z,destination=NAP&origin=FCO&endRange=2025-10-14T23:59:59Z&startRange=2025-05-15T09:00:00Z,1.0,6.0,17%,506.0,<Response [200]>,,2025-10-20T09:45:51.804586
,,,,,,NAP,,,,,LIN,,,,2025-10-14T23:59:59Z,2025-05-15T09:00:00Z,destination=NAP&origin=LIN&endRange=2025-10-14T23:59:59Z&startRange=2025-05-15T09:00:00Z,1.0,6.0,17%,573.0,<Response [200]>,,2025-10-20T09:45:51.804586
,,,,,,NAP,,,,,ORY,,,,2025-10-14T23:59:59Z,2025-05-15T09:00:00Z,destination=NAP&origin=ORY&endRange=2025-10-14T23:59:59Z&startRange=2025-05-15T09:00:00Z,1.0,6.0,17%,550.0,<Response [200]>,,2025-10-20T09:45:51.804586
,,,,,,ORY,,,,,FAO,,,,2025-10-14T23:59:59Z,2025-05-15T09:00:00Z,destination=ORY&origin=FAO&endRange=2025-10-14T23:59:59Z&startRange=2025-05-15T09:00:00Z,1.0,6.0,17%,559.0,<Response [200]>,,2025-10-20T10:13:46.967173
,,,,,,ORY,,,,,HER,,,,2025-10-14T23:59:59Z,2025-05-15T09:00:00Z,destination=ORY&origin=HER&endRange=2025-10-14T23:59:59Z&startRange=2025-05-15T09:00:00Z,1.0,6.0,17%,512.0,<Response [200]>,,2025-10-20T10:13:46.967173
,,,,,,ORY,,,,,IBZ,,,,2025-10-14T23:59:59Z,2025-05-15T09:00:00Z,destination=ORY&origin=IBZ&endRange=2025-10-14T23:59:59Z&startRange=2025-05-15T09:00:00Z,1.0,6.0,17%,600.0,<Response [200]>,,2025-10-20T10:13:46.967173
,,,,,,ORY,,,,,MXP,,,,2025-10-14T23:59:59Z,2025-05-15T09:00:00Z,destination=ORY&origin=MXP&endRange=2025-10-14T23:59:59Z&startRange=2025-05-15T09:00:00Z,1.0,6.0,17%,522.0,<Response [200]>,,2025-10-20T10:13:46.967173
,,,,,,ORY,,,,,NAP,,,,2025-10-14T23:59:59Z,2025-05-15T09:00:00Z,destination=ORY&origin=NAP&endRange=2025-10-14T23:59:59Z&startRange=2025-05-15T09:00:00Z,1.0,6.0,17%,554.0,<Response [200]>,,2025-10-20T10:13:46.967173
,,,,,,OSL,,,,,SVG,,,,2025-10-14T23:59:59Z,2025-05-15T09:00:00Z,destination=OSL&origin=SVG&endRange=2025-10-14T23:59:59Z&startRange=2025-05-15T09:00:00Z,1.0,6.0,17%,568.0,<Response [200]>,,2025-10-20T10:13:46.967173
,,,,,,PUF,,,,,CDG,,,,2025-10-14T23:59:59Z,2025-05-15T09:00:00Z,destination=PUF&origin=CDG&endRange=2025-10-14T23:59:59Z&startRange=2025-05-15T09:00:00Z,1.0,6.0,17%,518.0,<Response [200]>,,2025-10-20T17:53:20.395587
,,,,,,SPU,,,,,AMS,,,,2025-10-14T23:59:59Z,2025-05-15T09:00:00Z,destination=SPU&origin=AMS&endRange=2025-10-14T23:59:59Z&startRange=2025-05-15T09:00:00Z,1.0,6.0,17%,575.0,<Response [200]>,,2025-10-20T18:10:32.332070
,,,,,,SVG,,,,,CPH,,,,2025-10-14T23:59:59Z,2025-05-15T09:00:00Z,destination=SVG&origin=CPH&endRange=2025-10-14T23:59:59Z&startRange=2025-05-15T09:00:00Z,1.0,6.0,17%,548.0,<Response [200]>,,
,,,,,,TFN,,,,,MAD,,,,2025-10-14T23:59:59Z,2025-05-15T09:00:00Z,destination=TFN&origin=MAD&endRange=2025-10-14T23:59:59Z&startRange=2025-05-15T09:00:00Z,1.0,6.0,17%,541.0,<Response [200]>,,
,,,,,,TLS,,,,,AMS,,,,2025-10-14T23:59:59Z,2025-05-15T09:00:00Z,destination=TLS&origin=AMS&endRange=2025-10-14T23:59:59Z&startRange=2025-05-15T09:00:00Z,1.0,6.0,17%,541.0,<Response [200]>,,
,,,,,,TRD,,,,,CPH,,,,2025-10-14T23:59:59Z,2025-05-15T09:00:00Z,destination=TRD&origin=CPH&endRange=2025-10-14T23:59:59Z&startRange=2025-05-15T09:00:00Z,1.0,6.0,17%,503.0,<Response [200]>,,
,,,,,,VCE,,,,,AMS,,,,2025-10-14T23:59:59Z,2025-05-15T09:00:00Z,destination=VCE&origin=AMS&endRange=2025-10-14T23:59:59Z&startRange=2025-05-15T09:00:00Z,1.0,6.0,17%,584.0,<Response [200]>,,
,,,,,,AMS,,,,,BCN,,,,2025-10-14T23:59:59Z,2025-05-15T09:00:00Z,destination=AMS&origin=BCN&endRange=2025-10-14T23:59:59Z&startRange=2025-05-15T09:00:00Z,4.0,24.0,17%,2341.0,<Response [200]>,,2025-10-22T10:41:43.996073
,,,,,,AMS,,,,,FCO,,,,2025-10-14T23:59:59Z,2025-05-15T09:00:00Z,destination=AMS&origin=FCO&endRange=2025-10-14T23:59:59Z&startRange=2025-05-15T09:00:00Z,2.0,11.0,18%,1066.0,<Response [200]>,,
,,,,,,AMS,,,,,GVA,,,,2025-10-14T23:59:59Z,2025-05-15T09:00:00Z,destination=AMS&origin=GVA&endRange=2025-10-14T23:59:59Z&startRange=2025-05-15T09:00:00Z,2.0,11.0,18%,1061.0,<Response [200]>,,
,,,,,,AMS,,,,,LYS,,,,2025-10-14T23:59:59Z,2025-05-15T09:00:00Z,destination=AMS&origin=LYS&endRange=2025-10-14T23:59:59Z&startRange=2025-05-15T09:00:00Z,2.0,11.0,18%,1068.0,<Response [200]>,,
,,,,,,BER,,,,,CDG,,,,2025-10-14T23:59:59Z,2025-05-15T09:00:00Z,destination=BER&origin=CDG&endRange=2025-10-14T23:59:59Z&startRange=2025-05-15T09:00:00Z,2.0,11.0,18%,1054.0,<Response [200]>,,
,,,,,,ALC,,,,,AMS,,,,2025-10-14T23:59:59Z,2025-05-15T09:00:00Z,destination=ALC&origin=AMS&endRange=2025-10-14T23:59:59Z&startRange=2025-05-15T09:00:00Z,2.0,10.0,20%,905.0,<Response [200]>,,2025-10-19T14:16:16.413076
,,,,,,AMS,,,,,ALC,,,,2025-10-14T23:59:59Z,2025-05-15T09:00:00Z,destination=AMS&origin=ALC&endRange=2025-10-14T23:59:59Z&startRange=2025-05-15T09:00:00Z,2.0,10.0,20%,915.0,<Response [200]>,,2025-10-19T14:27:35.929608
,,,,,,AMS,,,,,ATH,,,,2025-10-14T23:59:59Z,2025-05-15T09:00:00Z,destination=AMS&origin=ATH&endRange=2025-10-14T23:59:59Z&startRange=2025-05-15T09:00:00Z,2.0,10.0,20%,915.0,<Response [200]>,,
,,,,,,AMS,,,,,BHX,,,,2025-10-14T23:59:59Z,2025-05-15T09:00:00Z,destination=AMS&origin=BHX&endRange=2025-10-14T23:59:59Z&startRange=2025-05-15T09:00:00Z,2.0,10.0,20%,954.0,<Response [200]>,,
,,,,,,AMS,,,,,BRS,,,,2025-10-14T23:59:59Z,2025-05-15T09:00:00Z,destination=AMS&origin=BRS&endRange=2025-10-14T23:59:59Z&startRange=2025-05-15T09:00:00Z,2.0,10.0,20%,985.0,<Response [200]>,,
,,,,,,AMS,,,,,PMI,,,,2025-10-14T23:59:59Z,2025-05-15T09:00:00Z,destination=AMS&origin=PMI&endRange=2025-10-14T23:59:59Z&startRange=2025-05-15T09:00:00Z,2.0,10.0,20%,988.0,<Response [200]>,,
,,,,,,AMS,,,,,VLC,,,,2025-10-14T23:59:59Z,2025-05-15T09:00:00Z,destination=AMS&origin=VLC&endRange=2025-10-14T23:59:59Z&startRange=2025-05-15T09:00:00Z,2.0,10.0,20%,915.0,<Response [200]>,,2025-10-20T10:25:22.637687
,,,,,,AMS,,,,,BFS,,,,2025-10-14T23:59:59Z,2025-05-15T09:00:00Z,destination=AMS&origin=BFS&endRange=2025-10-14T23:59:59Z&startRange=2025-05-15T09:00:00Z,1.0,5.0,20%,411.0,<Response [200]>,,
,,,,,,AMS,,,,,ZAG,,,,2025-10-14T23:59:59Z,2025-05-15T09:00:00Z,destination=AMS&origin=ZAG&endRange=2025-10-14T23:59:59Z&startRange=2025-05-15T09:00:00Z,1.0,5.0,20%,457.0,<Response [200]>,,2025-10-20T10:25:22.637687
,,,,,,AMS,,,,,ZTH,,,,2025-10-14T23:59:59Z,2025-05-15T09:00:00Z,destination=AMS&origin=ZTH&endRange=2025-10-14T23:59:59Z&startRange=2025-05-15T09:00:00Z,1.0,5.0,20%,489.0,<Response [200]>,,2025-10-20T10:25:22.637687
,,,,,,ARN,,,,,HEL,,,,2025-10-14T23:59:59Z,2025-05-15T09:00:00Z,destination=ARN&origin=HEL&endRange=2025-10-14T23:59:59Z&startRange=2025-05-15T09:00:00Z,1.0,5.0,20%,430.0,<Response [200]>,,2025-10-20T10:25:22.637687
,,,,,,ARN,,,,,TLL,,,,2025-10-14T23:59:59Z,2025-05-15T09:00:00Z,destination=ARN&origin=TLL&endRange=2025-10-14T23:59:59Z&startRange=2025-05-15T09:00:00Z,1.0,5.0,20%,405.0,<Response [200]>,,2025-10-20T10:25:22.637687
,,,,,,ATH,,,,,ORY,,,,2025-10-14T23:59:59Z,2025-05-15T09:00:00Z,destination=ATH&origin=ORY&endRange=2025-10-14T23:59:59Z&startRange=2025-05-15T09:00:00Z,1.0,5.0,20%,487.0,<Response [200]>,,2025-10-20T10:25:22.637687
,,,,,,BEG,,,,,AMS,,,,2025-10-14T23:59:59Z,2025-05-15T09:00:00Z,destination=BEG&origin=AMS&endRange=2025-10-14T23:59:59Z&startRange=2025-05-15T09:00:00Z,1.0,5.0,20%,498.0,<Response [200]>,,2025-10-19T14:34:02.771776
,,,,,,BIA,,,,,MRS,,,,2025-10-14T23:59:59Z,2025-05-15T09:00:00Z,destination=BIA&origin=MRS&endRange=2025-10-14T23:59:59Z&startRange=2025-05-15T09:00:00Z,1.0,5.0,20%,486.0,<Response [200]>,,2025-10-19T14:34:02.771776
,,,,,,BIA,,,,,NCE,,,,2025-10-14T23:59:59Z,2025-05-15T09:00:00Z,destination=BIA&origin=NCE&endRange=2025-10-14T23:59:59Z&startRange=2025-05-15T09:00:00Z,1.0,5.0,20%,491.0,<Response [200]>,,2025-10-19T14:34:02.771776
,,,,,,BIQ,,,,,ORY,,,,2025-10-14T23:59:59Z,2025-05-15T09:00:00Z,destination=BIQ&origin=ORY&endRange=2025-10-14T23:59:59Z&startRange=2025-05-15T09:00:00Z,1.0,5.0,20%,401.0,<Response [200]>,,2025-10-19T14:34:02.771776
,,,,,,BLQ,,,,,FCO,,,,2025-10-14T23:59:59Z,2025-05-15T09:00:00Z,destination=BLQ&origin=FCO&endRange=2025-10-14T23:59:59Z&startRange=2025-05-15T09:00:00Z,1.0,5.0,20%,401.0,<Response [200]>,,2025-10-19T14:34:02.771776
,,,,,,BOO,,,,,TRD,,,,2025-10-14T23:59:59Z,2025-05-15T09:00:00Z,destination=BOO&origin=TRD&endRange=2025-10-14T23:59:59Z&startRange=2025-05-15T09:00:00Z,1.0,5.0,20%,409.0,<Response [200]>,,2025-10-19T14:34:02.771776
,,,,,,BRI,,,,,FCO,,,,2025-10-14T23:59:59Z,2025-05-15T09:00:00Z,destination=BRI&origin=FCO&endRange=2025-10-14T23:59:59Z&startRange=2025-05-15T09:00:00Z,1.0,5.0,20%,476.0,<Response [200]>,,2025-10-19T14:34:02.771776
,,,,,,BRU,,,,,CDG,,,,2025-10-14T23:59:59Z,2025-05-15T09:00:00Z,destination=BRU&origin=CDG&endRange=2025-10-14T23:59:59Z&startRange=2025-05-15T09:00:00Z,1.0,5.0,20%,409.0,<Response [200]>,,2025-10-19T14:34:02.771776
,,,,,,BUD,,,,,CDG,,,,2025-10-14T23:59:59Z,2025-05-15T09:00:00Z,destination=BUD&origin=CDG&endRange=2025-10-14T23:59:59Z&startRange=2025-05-15T09:00:00Z,1.0,5.0,20%,497.0,<Response [200]>,,2025-10-19T14:34:02.771776
,,,,,,CDG,,,,,BRU,,,,2025-10-14T23:59:59Z,2025-05-15T09:00:00Z,destination=CDG&origin=BRU&endRange=2025-10-14T23:59:59Z&startRange=2025-05-15T09:00:00Z,1.0,5.0,20%,443.0,<Response [200]>,,2025-10-19T14:34:02.771776
,,,,,,CDG,,,,,BUD,,,,2025-10-14T23:59:59Z,2025-05-15T09:00:00Z,destination=CDG&origin=BUD&endRange=2025-10-14T23:59:59Z&startRange=2025-05-15T09:00:00Z,1.0,5.0,20%,498.0,<Response [200]>,,2025-10-19T14:34:02.771776
,,,,,,CDG,,,,,HAJ,,,,2025-10-14T23:59:59Z,2025-05-15T09:00:00Z,destination=CDG&origin=HAJ&endRange=2025-10-14T23:59:59Z&startRange=2025-05-15T09:00:00Z,1.0,5.0,20%,419.0,<Response [200]>,,2025-10-19T14:34:02.771776
,,,,,,CDG,,,,,HER,,,,2025-10-14T23:59:59Z,2025-05-15T09:00:00Z,destination=CDG&origin=HER&endRange=2025-10-14T23:59:59Z&startRange=2025-05-15T09:00:00Z,1.0,5.0,20%,451.0,<Response [200]>,,2025-10-19T14:39:52.077216
,,,,,,CDG,,,,,LTN,,,,2025-10-14T23:59:59Z,2025-05-15T09:00:00Z,destination=CDG&origin=LTN&endRange=2025-10-14T23:59:59Z&startRange=2025-05-15T09:00:00Z,1.0,5.0,20%,499.0,<Response [200]>,,2025-10-19T14:39:52.077216
,,,,,,CDG,,,,,NAP,,,,2025-10-14T23:59:59Z,2025-05-15T09:00:00Z,destination=CDG&origin=NAP&endRange=2025-10-14T23:59:59Z&startRange=2025-05-15T09:00:00Z,1.0,5.0,20%,485.0,<Response [200]>,,2025-10-19T14:39:52.077216
,,,,,,CDG,,,,,NCL,,,,2025-10-14T23:59:59Z,2025-05-15T09:00:00Z,destination=CDG&origin=NCL&endRange=2025-10-14T23:59:59Z&startRange=2025-05-15T09:00:00Z,1.0,5.0,20%,409.0,<Response [200]>,,2025-10-19T14:39:52.077216
,,,,,,CDG,,,,,SVQ,,,,2025-10-14T23:59:59Z,2025-05-15T09:00:00Z,destination=CDG&origin=SVQ&endRange=2025-10-14T23:59:59Z&startRange=2025-05-15T09:00:00Z,1.0,5.0,20%,408.0,<Response [200]>,,2025-10-19T14:39:52.077216
,,,,,,CDG,,,,,TRN,,,,2025-10-14T23:59:59Z,2025-05-15T09:00:00Z,destination=CDG&origin=TRN&endRange=2025-10-14T23:59:59Z&startRange=2025-05-15T09:00:00Z,1.0,5.0,20%,439.0,<Response [200]>,,2025-10-19T14:39:52.077216
,,,,,,CDG,,,,,VLC,,,,2025-10-14T23:59:59Z,2025-05-15T09:00:00Z,destination=CDG&origin=VLC&endRange=2025-10-14T23:59:59Z&startRange=2025-05-15T09:00:00Z,1.0,5.0,20%,455.0,<Response [200]>,,2025-10-19T14:39:52.077216
,,,,,,CLJ,,,,,OTP,,,,2025-10-14T23:59:59Z,2025-05-15T09:00:00Z,destination=CLJ&origin=OTP&endRange=2025-10-14T23:59:59Z&startRange=2025-05-15T09:00:00Z,1.0,5.0,20%,410.0,<Response [200]>,,2025-10-19T14:39:52.077216
,,,,,,CPH,,,,,TRD,,,,2025-10-14T23:59:59Z,2025-05-15T09:00:00Z,destination=CPH&origin=TRD&endRange=2025-10-14T23:59:59Z&startRange=2025-05-15T09:00:00Z,1.0,5.0,20%,404.0,<Response [200]>,,2025-10-19T14:39:52.077216
,,,,,,CWL,,,,,AMS,,,,2025-10-14T23:59:59Z,2025-05-15T09:00:00Z,destination=CWL&origin=AMS&endRange=2025-10-14T23:59:59Z&startRange=2025-05-15T09:00:00Z,1.0,5.0,20%,474.0,<Response [200]>,,2025-10-19T14:39:52.077216
,,,,,,FAO,,,,,AMS,,,,2025-10-14T23:59:59Z,2025-05-15T09:00:00Z,destination=FAO&origin=AMS&endRange=2025-10-14T23:59:59Z&startRange=2025-05-15T09:00:00Z,1.0,5.0,20%,497.0,<Response [200]>,,2025-10-19T14:39:52.077216
,,,,,,FCO,,,,,AHO,,,,2025-10-14T23:59:59Z,2025-05-15T09:00:00Z,destination=FCO&origin=AHO&endRange=2025-10-14T23:59:59Z&startRange=2025-05-15T09:00:00Z,1.0,5.0,20%,494.0,<Response [200]>,,2025-10-19T14:39:52.077216
,,,,,,FCO,,,,,BLQ,,,,2025-10-14T23:59:59Z,2025-05-15T09:00:00Z,destination=FCO&origin=BLQ&endRange=2025-10-14T23:59:59Z&startRange=2025-05-15T09:00:00Z,1.0,5.0,20%,409.0,<Response [200]>,,2025-10-19T14:39:52.077216
,,,,,,FCO,,,,,BRI,,,,2025-10-14T23:59:59Z,2025-05-15T09:00:00Z,destination=FCO&origin=BRI&endRange=2025-10-14T23:59:59Z&startRange=2025-05-15T09:00:00Z,1.0,5.0,20%,476.0,<Response [200]>,,2025-10-19T14:39:52.077216
,,,,,,FCO,,,,,GOA,,,,2025-10-14T23:59:59Z,2025-05-15T09:00:00Z,destination=FCO&origin=GOA&endRange=2025-10-14T23:59:59Z&startRange=2025-05-15T09:00:00Z,1.0,5.0,20%,497.0,<Response [200]>,,2025-10-19T14:39:52.077216
,,,,,,FCO,,,,,NCE,,,,2025-10-14T23:59:59Z,2025-05-15T09:00:00Z,destination=FCO&origin=NCE&endRange=2025-10-14T23:59:59Z&startRange=2025-05-15T09:00:00Z,1.0,5.0,20%,421.0,<Response [200]>,,2025-10-19T14:39:52.077216
,,,,,,FCO,,,,,SUF,,,,2025-10-14T23:59:59Z,2025-05-15T09:00:00Z,destination=FCO&origin=SUF&endRange=2025-10-14T23:59:59Z&startRange=2025-05-15T09:00:00Z,1.0,5.0,20%,421.0,<Response [200]>,,2025-10-19T14:39:52.077216
,,,,,,FCO,,,,,TRS,,,,2025-10-14T23:59:59Z,2025-05-15T09:00:00Z,destination=FCO&origin=TRS&endRange=2025-10-14T23:59:59Z&startRange=2025-05-15T09:00:00Z,1.0,5.0,20%,452.0,<Response [200]>,,2025-10-19T14:39:52.077216
,,,,,,FCO,,,,,VCE,,,,2025-10-14T23:59:59Z,2025-05-15T09:00:00Z,destination=FCO&origin=VCE&endRange=2025-10-14T23:59:59Z&startRange=2025-05-15T09:00:00Z,1.0,5.0,20%,432.0,<Response [200]>,,2025-10-19T14:39:52.077216
,,,,,,FSC,,,,,MRS,,,,2025-10-14T23:59:59Z,2025-05-15T09:00:00Z,destination=FSC&origin=MRS&endRange=2025-10-14T23:59:59Z&startRange=2025-05-15T09:00:00Z,1.0,5.0,20%,446.0,<Response [200]>,,2025-10-19T14:39:52.077216
,,,,,,FSC,,,,,ORY,,,,2025-10-14T23:59:59Z,2025-05-15T09:00:00Z,destination=FSC&origin=ORY&endRange=2025-10-14T23:59:59Z&startRange=2025-05-15T09:00:00Z,1.0,5.0,20%,412.0,<Response [200]>,,2025-10-19T14:39:52.077216
,,,,,,GOA,,,,,FCO,,,,2025-10-14T23:59:59Z,2025-05-15T09:00:00Z,destination=GOA&origin=FCO&endRange=2025-10-14T23:59:59Z&startRange=2025-05-15T09:00:00Z,1.0,5.0,20%,497.0,<Response [200]>,,2025-10-19T14:39:52.077216
,,,,,,HAJ,,,,,CDG,,,,2025-10-14T23:59:59Z,2025-05-15T09:00:00Z,destination=HAJ&origin=CDG&endRange=2025-10-14T23:59:59Z&startRange=2025-05-15T09:00:00Z,1.0,5.0,20%,420.0,<Response [200]>,,2025-10-20T09:45:51.804586
,,,,,,HEL,,,,,ARN,,,,2025-10-14T23:59:59Z,2025-05-15T09:00:00Z,destination=HEL&origin=ARN&endRange=2025-10-14T23:59:59Z&startRange=2025-05-15T09:00:00Z,1.0,5.0,20%,413.0,<Response [200]>,,2025-10-20T09:45:51.804586
,,,,,,HER,,,,,CDG,,,,2025-10-14T23:59:59Z,2025-05-15T09:00:00Z,destination=HER&origin=CDG&endRange=2025-10-14T23:59:59Z&startRange=2025-05-15T09:00:00Z,1.0,5.0,20%,446.0,<Response [200]>,,2025-10-20T09:45:51.804586
,,,,,,HUY,,,,,AMS,,,,2025-10-14T23:59:59Z,2025-05-15T09:00:00Z,destination=HUY&origin=AMS&endRange=2025-10-14T23:59:59Z&startRange=2025-05-15T09:00:00Z,1.0,5.0,20%,459.0,<Response [200]>,,2025-10-20T09:45:51.804586
,,,,,,IAS,,,,,OTP,,,,2025-10-14T23:59:59Z,2025-05-15T09:00:00Z,destination=IAS&origin=OTP&endRange=2025-10-14T23:59:59Z&startRange=2025-05-15T09:00:00Z,1.0,5.0,20%,423.0,<Response [200]>,,2025-10-20T09:45:51.804586
,,,,,,LBA,,,,,AMS,,,,2025-10-14T23:59:59Z,2025-05-15T09:00:00Z,destination=LBA&origin=AMS&endRange=2025-10-14T23:59:59Z&startRange=2025-05-15T09:00:00Z,1.0,5.0,20%,458.0,<Response [200]>,,2025-10-20T09:45:51.804586
,,,,,,LHR,,,,,LDY,,,,2025-10-14T23:59:59Z,2025-05-15T09:00:00Z,destination=LHR&origin=LDY&endRange=2025-10-14T23:59:59Z&startRange=2025-05-15T09:00:00Z,1.0,5.0,20%,427.0,<Response [200]>,,2025-10-20T09:45:51.804586
,,,,,,LPA,,,,,AMS,,,,2025-10-14T23:59:59Z,2025-05-15T09:00:00Z,destination=LPA&origin=AMS&endRange=2025-10-14T23:59:59Z&startRange=2025-05-15T09:00:00Z,1.0,5.0,20%,437.0,<Response [200]>,,2025-10-20T09:45:51.804586
,,,,,,LTN,,,,,CDG,,,,2025-10-14T23:59:59Z,2025-05-15T09:00:00Z,destination=LTN&origin=CDG&endRange=2025-10-14T23:59:59Z&startRange=2025-05-15T09:00:00Z,1.0,5.0,20%,497.0,<Response [200]>,,2025-10-20T09:45:51.804586
,,,,,,MAD,,,,,LCG,,,,2025-10-14T23:59:59Z,2025-05-15T09:00:00Z,destination=MAD&origin=LCG&endRange=2025-10-14T23:59:59Z&startRange=2025-05-15T09:00:00Z,1.0,5.0,20%,477.0,<Response [200]>,,2025-10-20T09:45:51.804586
,,,,,,MAD,,,,,TFN,,,,2025-10-14T23:59:59Z,2025-05-15T09:00:00Z,destination=MAD&origin=TFN&endRange=2025-10-14T23:59:59Z&startRange=2025-05-15T09:00:00Z,1.0,5.0,20%,415.0,<Response [200]>,,2025-10-20T09:45:51.804586
,,,,,,MRS,,,,,AJA,,,,2025-10-14T23:59:59Z,2025-05-15T09:00:00Z,destination=MRS&origin=AJA&endRange=2025-10-14T23:59:59Z&startRange=2025-05-15T09:00:00Z,1.0,5.0,20%,465.0,<Response [200]>,,2025-10-20T09:45:51.804586
,,,,,,MRS,,,,,AMS,,,,2025-10-14T23:59:59Z,2025-05-15T09:00:00Z,destination=MRS&origin=AMS&endRange=2025-10-14T23:59:59Z&startRange=2025-05-15T09:00:00Z,1.0,5.0,20%,462.0,<Response [200]>,,2025-10-20T09:45:51.804586
,,,,,,MRS,,,,,FSC,,,,2025-10-14T23:59:59Z,2025-05-15T09:00:00Z,destination=MRS&origin=FSC&endRange=2025-10-14T23:59:59Z&startRange=2025-05-15T09:00:00Z,1.0,5.0,20%,445.0,<Response [200]>,,2025-10-20T09:45:51.804586
,,,,,,NAP,,,,,CDG,,,,2025-10-14T23:59:59Z,2025-05-15T09:00:00Z,destination=NAP&origin=CDG&endRange=2025-10-14T23:59:59Z&startRange=2025-05-15T09:00:00Z,1.0,5.0,20%,483.0,<Response [200]>,,2025-10-20T09:45:51.804586
,,,,,,NCE,,,,,AJA,,,,2025-10-14T23:59:59Z,2025-05-15T09:00:00Z,destination=NCE&origin=AJA&endRange=2025-10-14T23:59:59Z&startRange=2025-05-15T09:00:00Z,1.0,5.0,20%,462.0,<Response [200]>,,2025-10-20T09:45:51.804586
,,,,,,NCE,,,,,FCO,,,,2025-10-14T23:59:59Z,2025-05-15T09:00:00Z,destination=NCE&origin=FCO&endRange=2025-10-14T23:59:59Z&startRange=2025-05-15T09:00:00Z,1.0,5.0,20%,419.0,<Response [200]>,,2025-10-20T09:45:51.804586
,,,,,,NCL,,,,,CDG,,,,2025-10-14T23:59:59Z,2025-05-15T09:00:00Z,destination=NCL&origin=CDG&endRange=2025-10-14T23:59:59Z&startRange=2025-05-15T09:00:00Z,1.0,5.0,20%,410.0,<Response [200]>,,2025-10-20T09:45:51.804586
,,,,,,NTE,,,,,AMS,,,,2025-10-14T23:59:59Z,2025-05-15T09:00:00Z,destination=NTE&origin=AMS&endRange=2025-10-14T23:59:59Z&startRange=2025-05-15T09:00:00Z,1.0,5.0,20%,458.0,<Response [200]>,,2025-10-20T09:45:51.804586
,,,,,,ORY,,,,,ATH,,,,2025-10-14T23:59:59Z,2025-05-15T09:00:00Z,destination=ORY&origin=ATH&endRange=2025-10-14T23:59:59Z&startRange=2025-05-15T09:00:00Z,1.0,5.0,20%,486.0,<Response [200]>,,2025-10-20T09:45:51.804586
,,,,,,ORY,,,,,BIQ,,,,2025-10-14T23:59:59Z,2025-05-15T09:00:00Z,destination=ORY&origin=BIQ&endRange=2025-10-14T23:59:59Z&startRange=2025-05-15T09:00:00Z,1.0,5.0,20%,402.0,<Response [200]>,,2025-10-20T09:45:51.804586
,,,,,,ORY,,,,,FSC,,,,2025-10-14T23:59:59Z,2025-05-15T09:00:00Z,destination=ORY&origin=FSC&endRange=2025-10-14T23:59:59Z&startRange=2025-05-15T09:00:00Z,1.0,5.0,20%,412.0,<Response [200]>,,2025-10-20T10:13:46.967173
,,,,,,ORY,,,,,ORY,,,,2025-10-14T23:59:59Z,2025-05-15T09:00:00Z,destination=ORY&origin=ORY&endRange=2025-10-14T23:59:59Z&startRange=2025-05-15T09:00:00Z,1.0,5.0,20%,444.0,<Response [200]>,,2025-10-20T10:13:46.967173
,,,,,,ORY,,,,,PGF,,,,2025-10-14T23:59:59Z,2025-05-15T09:00:00Z,destination=ORY&origin=PGF&endRange=2025-10-14T23:59:59Z&startRange=2025-05-15T09:00:00Z,1.0,5.0,20%,427.0,<Response [200]>,,2025-10-20T10:13:46.967173
,,,,,,ORY,,,,,TLN,,,,2025-10-14T23:59:59Z,2025-05-15T09:00:00Z,destination=ORY&origin=TLN&endRange=2025-10-14T23:59:59Z&startRange=2025-05-15T09:00:00Z,1.0,5.0,20%,415.0,<Response [200]>,,2025-10-20T10:13:46.967173
,,,,,,ORY,,,,,VCE,,,,2025-10-14T23:59:59Z,2025-05-15T09:00:00Z,destination=ORY&origin=VCE&endRange=2025-10-14T23:59:59Z&startRange=2025-05-15T09:00:00Z,1.0,5.0,20%,428.0,<Response [200]>,,2025-10-20T10:13:46.967173
,,,,,,OSL,,,,,AES,,,,2025-10-14T23:59:59Z,2025-05-15T09:00:00Z,destination=OSL&origin=AES&endRange=2025-10-14T23:59:59Z&startRange=2025-05-15T09:00:00Z,1.0,5.0,20%,444.0,<Response [200]>,,2025-10-20T10:13:46.967173
,,,,,,OTP,,,,,IAS,,,,2025-10-14T23:59:59Z,2025-05-15T09:00:00Z,destination=OTP&origin=IAS&endRange=2025-10-14T23:59:59Z&startRange=2025-05-15T09:00:00Z,1.0,5.0,20%,426.0,<Response [200]>,,2025-10-20T10:27:40.242346
,,,,,,PGF,,,,,ORY,,,,2025-10-14T23:59:59Z,2025-05-15T09:00:00Z,destination=PGF&origin=ORY&endRange=2025-10-14T23:59:59Z&startRange=2025-05-15T09:00:00Z,1.0,5.0,20%,424.0,<Response [200]>,,2025-10-20T10:27:40.242346
,,,,,,RIX,,,,,AMS,,,,2025-10-14T23:59:59Z,2025-05-15T09:00:00Z,destination=RIX&origin=AMS&endRange=2025-10-14T23:59:59Z&startRange=2025-05-15T09:00:00Z,1.0,5.0,20%,459.0,<Response [200]>,,2025-10-20T17:58:00.237931
,,,,,,SOF,,,,,VAR,,,,2025-10-14T23:59:59Z,2025-05-15T09:00:00Z,destination=SOF&origin=VAR&endRange=2025-10-14T23:59:59Z&startRange=2025-05-15T09:00:00Z,1.0,5.0,20%,479.0,<Response [200]>,,2025-10-20T18:09:06.272742
,,,,,,SOU,,,,,AMS,,,,2025-10-14T23:59:59Z,2025-05-15T09:00:00Z,destination=SOU&origin=AMS&endRange=2025-10-14T23:59:59Z&startRange=2025-05-15T09:00:00Z,1.0,5.0,20%,491.0,<Response [200]>,,2025-10-20T18:09:27.908848
,,,,,,SUF,,,,,FCO,,,,2025-10-14T23:59:59Z,2025-05-15T09:00:00Z,destination=SUF&origin=FCO&endRange=2025-10-14T23:59:59Z&startRange=2025-05-15T09:00:00Z,1.0,5.0,20%,402.0,<Response [200]>,,
,,,,,,SVG,,,,,OSL,,,,2025-10-14T23:59:59Z,2025-05-15T09:00:00Z,destination=SVG&origin=OSL&endRange=2025-10-14T23:59:59Z&startRange=2025-05-15T09:00:00Z,1.0,5.0,20%,435.0,<Response [200]>,,
,,,,,,SVQ,,,,,CDG,,,,2025-10-14T23:59:59Z,2025-05-15T09:00:00Z,destination=SVQ&origin=CDG&endRange=2025-10-14T23:59:59Z&startRange=2025-05-15T09:00:00Z,1.0,5.0,20%,405.0,<Response [200]>,,
,,,,,,TLN,,,,,ORY,,,,2025-10-14T23:59:59Z,2025-05-15T09:00:00Z,destination=TLN&origin=ORY&endRange=2025-10-14T23:59:59Z&startRange=2025-05-15T09:00:00Z,1.0,5.0,20%,410.0,<Response [200]>,,
,,,,,,TRD,,,,,AMS,,,,2025-10-14T23:59:59Z,2025-05-15T09:00:00Z,destination=TRD&origin=AMS&endRange=2025-10-14T23:59:59Z&startRange=2025-05-15T09:00:00Z,1.0,5.0,20%,461.0,<Response [200]>,,
,,,,,,TRN,,,,,CDG,,,,2025-10-14T23:59:59Z,2025-05-15T09:00:00Z,destination=TRN&origin=CDG&endRange=2025-10-14T23:59:59Z&startRange=2025-05-15T09:00:00Z,1.0,5.0,20%,440.0,<Response [200]>,,
,,,,,,TRN,,,,,FCO,,,,2025-10-14T23:59:59Z,2025-05-15T09:00:00Z,destination=TRN&origin=FCO&endRange=2025-10-14T23:59:59Z&startRange=2025-05-15T09:00:00Z,1.0,5.0,20%,436.0,<Response [200]>,,
,,,,,,TRS,,,,,FCO,,,,2025-10-14T23:59:59Z,2025-05-15T09:00:00Z,destination=TRS&origin=FCO&endRange=2025-10-14T23:59:59Z&startRange=2025-05-15T09:00:00Z,1.0,5.0,20%,449.0,<Response [200]>,,
,,,,,,TSR,,,,,OTP,,,,2025-10-14T23:59:59Z,2025-05-15T09:00:00Z,destination=TSR&origin=OTP&endRange=2025-10-14T23:59:59Z&startRange=2025-05-15T09:00:00Z,1.0,5.0,20%,487.0,<Response [200]>,,
,,,,,,VCE,,,,,FCO,,,,2025-10-14T23:59:59Z,2025-05-15T09:00:00Z,destination=VCE&origin=FCO&endRange=2025-10-14T23:59:59Z&startRange=2025-05-15T09:00:00Z,1.0,5.0,20%,407.0,<Response [200]>,,
,,,,,,VCE,,,,,ORY,,,,2025-10-14T23:59:59Z,2025-05-15T09:00:00Z,destination=VCE&origin=ORY&endRange=2025-10-14T23:59:59Z&startRange=2025-05-15T09:00:00Z,1.0,5.0,20%,425.0,<Response [200]>,,
,,,,,,VLC,,,,,CDG,,,,2025-10-14T23:59:59Z,2025-05-15T09:00:00Z,destination=VLC&origin=CDG&endRange=2025-10-14T23:59:59Z&startRange=2025-05-15T09:00:00Z,1.0,5.0,20%,456.0,<Response [200]>,,
,,,,,,ZAG,,,,,AMS,,,,2025-10-14T23:59:59Z,2025-05-15T09:00:00Z,destination=ZAG&origin=AMS&endRange=2025-10-14T23:59:59Z&startRange=2025-05-15T09:00:00Z,1.0,5.0,20%,458.0,<Response [200]>,,
,,,,,,ZTH,,,,,AMS,,,,2025-10-14T23:59:59Z,2025-05-15T09:00:00Z,destination=ZTH&origin=AMS&endRange=2025-10-14T23:59:59Z&startRange=2025-05-15T09:00:00Z,1.0,5.0,20%,477.0,<Response [200]>,,
,,,,,,AGP,,,,,ORY,,,,2025-10-14T23:59:59Z,2025-05-15T09:00:00Z,destination=AGP&origin=ORY&endRange=2025-10-14T23:59:59Z&startRange=2025-05-15T09:00:00Z,2.0,9.0,22%,876.0,<Response [200]>,,
,,,,,,AJA,,,,,ORY,,,,2025-10-14T23:59:59Z,2025-05-15T09:00:00Z,destination=AJA&origin=ORY&endRange=2025-10-14T23:59:59Z&startRange=2025-05-15T09:00:00Z,2.0,9.0,22%,851.0,<Response [200]>,,
,,,,,,AMS,,,,,BLL,,,,2025-10-14T23:59:59Z,2025-05-15T09:00:00Z,destination=AMS&origin=BLL&endRange=2025-10-14T23:59:59Z&startRange=2025-05-15T09:00:00Z,2.0,9.0,22%,834.0,<Response [200]>,,
,,,,,,AMS,,,,,KRK,,,,2025-10-14T23:59:59Z,2025-05-15T09:00:00Z,destination=AMS&origin=KRK&endRange=2025-10-14T23:59:59Z&startRange=2025-05-15T09:00:00Z,2.0,9.0,22%,806.0,<Response [200]>,,
,,,,,,AMS,,,,,NCE,,,,2025-10-14T23:59:59Z,2025-05-15T09:00:00Z,destination=AMS&origin=NCE&endRange=2025-10-14T23:59:59Z&startRange=2025-05-15T09:00:00Z,2.0,9.0,22%,858.0,<Response [200]>,,
,,,,,,AMS,,,,,NCL,,,,2025-10-14T23:59:59Z,2025-05-15T09:00:00Z,destination=AMS&origin=NCL&endRange=2025-10-14T23:59:59Z&startRange=2025-05-15T09:00:00Z,2.0,9.0,22%,815.0,<Response [200]>,,
,,,,,,AMS,,,,,OPO,,,,2025-10-14T23:59:59Z,2025-05-15T09:00:00Z,destination=AMS&origin=OPO&endRange=2025-10-14T23:59:59Z&startRange=2025-05-15T09:00:00Z,2.0,9.0,22%,802.0,<Response [200]>,,
,,,,,,OSL,,,,,BOO,,,,2025-10-14T23:59:59Z,2025-05-15T09:00:00Z,destination=OSL&origin=BOO&endRange=2025-10-14T23:59:59Z&startRange=2025-05-15T09:00:00Z,2.0,9.0,22%,883.0,<Response [200]>,,
,,,,,,AAL,,,,,CPH,,,,2025-10-14T23:59:59Z,2025-05-15T09:00:00Z,destination=AAL&origin=CPH&endRange=2025-10-14T23:59:59Z&startRange=2025-05-15T09:00:00Z,2.0,8.0,25%,789.0,<Response [200]>,,
,,,,,,ABZ,,,,,AMS,,,,2025-10-14T23:59:59Z,2025-05-15T09:00:00Z,destination=ABZ&origin=AMS&endRange=2025-10-14T23:59:59Z&startRange=2025-05-15T09:00:00Z,2.0,8.0,25%,763.0,<Response [200]>,,
,,,,,,AMS,,,,,ABZ,,,,2025-10-14T23:59:59Z,2025-05-15T09:00:00Z,destination=AMS&origin=ABZ&endRange=2025-10-14T23:59:59Z&startRange=2025-05-15T09:00:00Z,2.0,8.0,25%,761.0,<Response [200]>,,2025-10-19T14:16:16.413076
,,,,,,AMS,,,,,BSL,,,,2025-10-14T23:59:59Z,2025-05-15T09:00:00Z,destination=AMS&origin=BSL&endRange=2025-10-14T23:59:59Z&startRange=2025-05-15T09:00:00Z,2.0,8.0,25%,720.0,<Response [200]>,,
,,,,,,AMS,,,,,BUD,,,,2025-10-14T23:59:59Z,2025-05-15T09:00:00Z,destination=AMS&origin=BUD&endRange=2025-10-14T23:59:59Z&startRange=2025-05-15T09:00:00Z,2.0,8.0,25%,764.0,<Response [200]>,,
,,,,,,AMS,,,,,DUS,,,,2025-10-14T23:59:59Z,2025-05-15T09:00:00Z,destination=AMS&origin=DUS&endRange=2025-10-14T23:59:59Z&startRange=2025-05-15T09:00:00Z,2.0,8.0,25%,761.0,<Response [200]>,,
,,,,,,AMS,,,,,FLR,,,,2025-10-14T23:59:59Z,2025-05-15T09:00:00Z,destination=AMS&origin=FLR&endRange=2025-10-14T23:59:59Z&startRange=2025-05-15T09:00:00Z,2.0,8.0,25%,761.0,<Response [200]>,,
,,,,,,AMS,,,,,GLA,,,,2025-10-14T23:59:59Z,2025-05-15T09:00:00Z,destination=AMS&origin=GLA&endRange=2025-10-14T23:59:59Z&startRange=2025-05-15T09:00:00Z,2.0,8.0,25%,724.0,<Response [200]>,,
,,,,,,AMS,,,,,GOT,,,,2025-10-14T23:59:59Z,2025-05-15T09:00:00Z,destination=AMS&origin=GOT&endRange=2025-10-14T23:59:59Z&startRange=2025-05-15T09:00:00Z,2.0,8.0,25%,762.0,<Response [200]>,,
,,,,,,AMS,,,,,HAM,,,,2025-10-14T23:59:59Z,2025-05-15T09:00:00Z,destination=AMS&origin=HAM&endRange=2025-10-14T23:59:59Z&startRange=2025-05-15T09:00:00Z,2.0,8.0,25%,765.0,<Response [200]>,,
,,,,,,AMS,,,,,HEL,,,,2025-10-14T23:59:59Z,2025-05-15T09:00:00Z,destination=AMS&origin=HEL&endRange=2025-10-14T23:59:59Z&startRange=2025-05-15T09:00:00Z,2.0,8.0,25%,765.0,<Response [200]>,,
,,,,,,AMS,,,,,IBZ,,,,2025-10-14T23:59:59Z,2025-05-15T09:00:00Z,destination=AMS&origin=IBZ&endRange=2025-10-14T23:59:59Z&startRange=2025-05-15T09:00:00Z,2.0,8.0,25%,734.0,<Response [200]>,,
,,,,,,AMS,,,,,LGW,,,,2025-10-14T23:59:59Z,2025-05-15T09:00:00Z,destination=AMS&origin=LGW&endRange=2025-10-14T23:59:59Z&startRange=2025-05-15T09:00:00Z,2.0,8.0,25%,760.0,<Response [200]>,,
,,,,,,AMS,,,,,OTP,,,,2025-10-14T23:59:59Z,2025-05-15T09:00:00Z,destination=AMS&origin=OTP&endRange=2025-10-14T23:59:59Z&startRange=2025-05-15T09:00:00Z,2.0,8.0,25%,758.0,<Response [200]>,,
,,,,,,AMS,,,,,STR,,,,2025-10-14T23:59:59Z,2025-05-15T09:00:00Z,destination=AMS&origin=STR&endRange=2025-10-14T23:59:59Z&startRange=2025-05-15T09:00:00Z,2.0,8.0,25%,761.0,<Response [200]>,,2025-10-20T10:25:22.637687
,,,,,,AMS,,,,,SVG,,,,2025-10-14T23:59:59Z,2025-05-15T09:00:00Z,destination=AMS&origin=SVG&endRange=2025-10-14T23:59:59Z&startRange=2025-05-15T09:00:00Z,2.0,8.0,25%,795.0,<Response [200]>,,2025-10-20T10:25:22.637687
,,,,,,BGO,,,,,AES,,,,2025-10-14T23:59:59Z,2025-05-15T09:00:00Z,destination=BGO&origin=AES&endRange=2025-10-14T23:59:59Z&startRange=2025-05-15T09:00:00Z,1.0,4.0,25%,308.0,<Response [200]>,,2025-10-19T14:34:02.771776
,,,,,,BIO,,,,,CDG,,,,2025-10-14T23:59:59Z,2025-05-15T09:00:00Z,destination=BIO&origin=CDG&endRange=2025-10-14T23:59:59Z&startRange=2025-05-15T09:00:00Z,1.0,4.0,25%,341.0,<Response [200]>,,2025-10-19T14:34:02.771776
,,,,,,BLL,,,,,CDG,,,,2025-10-14T23:59:59Z,2025-05-15T09:00:00Z,destination=BLL&origin=CDG&endRange=2025-10-14T23:59:59Z&startRange=2025-05-15T09:00:00Z,1.0,4.0,25%,335.0,<Response [200]>,,2025-10-19T14:34:02.771776
,,,,,,BRS,,,,,CDG,,,,2025-10-14T23:59:59Z,2025-05-15T09:00:00Z,destination=BRS&origin=CDG&endRange=2025-10-14T23:59:59Z&startRange=2025-05-15T09:00:00Z,1.0,4.0,25%,384.0,<Response [200]>,,2025-10-19T14:34:02.771776
,,,,,,CDG,,,,,BEG,,,,2025-10-14T23:59:59Z,2025-05-15T09:00:00Z,destination=CDG&origin=BEG&endRange=2025-10-14T23:59:59Z&startRange=2025-05-15T09:00:00Z,1.0,4.0,25%,310.0,<Response [200]>,,2025-10-19T14:34:02.771776
,,,,,,CDG,,,,,BIO,,,,2025-10-14T23:59:59Z,2025-05-15T09:00:00Z,destination=CDG&origin=BIO&endRange=2025-10-14T23:59:59Z&startRange=2025-05-15T09:00:00Z,1.0,4.0,25%,342.0,<Response [200]>,,2025-10-19T14:34:02.771776
,,,,,,CDG,,,,,BLL,,,,2025-10-14T23:59:59Z,2025-05-15T09:00:00Z,destination=CDG&origin=BLL&endRange=2025-10-14T23:59:59Z&startRange=2025-05-15T09:00:00Z,1.0,4.0,25%,336.0,<Response [200]>,,2025-10-19T14:34:02.771776
,,,,,,CDG,,,,,BRS,,,,2025-10-14T23:59:59Z,2025-05-15T09:00:00Z,destination=CDG&origin=BRS&endRange=2025-10-14T23:59:59Z&startRange=2025-05-15T09:00:00Z,1.0,4.0,25%,379.0,<Response [200]>,,2025-10-19T14:34:02.771776
,,,,,,CDG,,,,,GLA,,,,2025-10-14T23:59:59Z,2025-05-15T09:00:00Z,destination=CDG&origin=GLA&endRange=2025-10-14T23:59:59Z&startRange=2025-05-15T09:00:00Z,1.0,4.0,25%,344.0,<Response [200]>,,2025-10-19T14:34:02.771776
,,,,,,CDG,,,,,GOT,,,,2025-10-14T23:59:59Z,2025-05-15T09:00:00Z,destination=CDG&origin=GOT&endRange=2025-10-14T23:59:59Z&startRange=2025-05-15T09:00:00Z,1.0,4.0,25%,347.0,<Response [200]>,,2025-10-19T14:34:02.771776
,,,,,,CDG,,,,,LUX,,,,2025-10-14T23:59:59Z,2025-05-15T09:00:00Z,destination=CDG&origin=LUX&endRange=2025-10-14T23:59:59Z&startRange=2025-05-15T09:00:00Z,1.0,4.0,25%,361.0,<Response [200]>,,2025-10-19T14:39:52.077216
,,,,,,CDG,,,,,PMI,,,,2025-10-14T23:59:59Z,2025-05-15T09:00:00Z,destination=CDG&origin=PMI&endRange=2025-10-14T23:59:59Z&startRange=2025-05-15T09:00:00Z,1.0,4.0,25%,307.0,<Response [200]>,,2025-10-19T14:39:52.077216
,,,,,,CDG,,,,,ZAG,,,,2025-10-14T23:59:59Z,2025-05-15T09:00:00Z,destination=CDG&origin=ZAG&endRange=2025-10-14T23:59:59Z&startRange=2025-05-15T09:00:00Z,1.0,4.0,25%,382.0,<Response [200]>,,2025-10-19T14:39:52.077216
,,,,,,CPH,,,,,HEL,,,,2025-10-14T23:59:59Z,2025-05-15T09:00:00Z,destination=CPH&origin=HEL&endRange=2025-10-14T23:59:59Z&startRange=2025-05-15T09:00:00Z,1.0,4.0,25%,315.0,<Response [200]>,,2025-10-19T14:39:52.077216
,,,,,,CPH,,,,,PLQ,,,,2025-10-14T23:59:59Z,2025-05-15T09:00:00Z,destination=CPH&origin=PLQ&endRange=2025-10-14T23:59:59Z&startRange=2025-05-15T09:00:00Z,1.0,4.0,25%,302.0,<Response [200]>,,2025-10-19T14:39:52.077216
,,,,,,CPH,,,,,VNO,,,,2025-10-14T23:59:59Z,2025-05-15T09:00:00Z,destination=CPH&origin=VNO&endRange=2025-10-14T23:59:59Z&startRange=2025-05-15T09:00:00Z,1.0,4.0,25%,352.0,<Response [200]>,,2025-10-19T14:39:52.077216
,,,,,,FCO,,,,,TRN,,,,2025-10-14T23:59:59Z,2025-05-15T09:00:00Z,destination=FCO&origin=TRN&endRange=2025-10-14T23:59:59Z&startRange=2025-05-15T09:00:00Z,1.0,4.0,25%,399.0,<Response [200]>,,2025-10-19T14:39:52.077216
,,,,,,FLR,,,,,ORY,,,,2025-10-14T23:59:59Z,2025-05-15T09:00:00Z,destination=FLR&origin=ORY&endRange=2025-10-14T23:59:59Z&startRange=2025-05-15T09:00:00Z,1.0,4.0,25%,373.0,<Response [200]>,,2025-10-19T14:39:52.077216
,,,,,,GLA,,,,,CDG,,,,2025-10-14T23:59:59Z,2025-05-15T09:00:00Z,destination=GLA&origin=CDG&endRange=2025-10-14T23:59:59Z&startRange=2025-05-15T09:00:00Z,1.0,4.0,25%,345.0,<Response [200]>,,2025-10-19T14:39:52.077216
,,,,,,GOA,,,,,AMS,,,,2025-10-14T23:59:59Z,2025-05-15T09:00:00Z,destination=GOA&origin=AMS&endRange=2025-10-14T23:59:59Z&startRange=2025-05-15T09:00:00Z,1.0,4.0,25%,349.0,<Response [200]>,,2025-10-19T14:39:52.077216
,,,,,,GOT,,,,,CDG,,,,2025-10-14T23:59:59Z,2025-05-15T09:00:00Z,destination=GOT&origin=CDG&endRange=2025-10-14T23:59:59Z&startRange=2025-05-15T09:00:00Z,1.0,4.0,25%,346.0,<Response [200]>,,2025-10-19T14:39:52.077216
,,,,,,HEL,,,,,CPH,,,,2025-10-14T23:59:59Z,2025-05-15T09:00:00Z,destination=HEL&origin=CPH&endRange=2025-10-14T23:59:59Z&startRange=2025-05-15T09:00:00Z,1.0,4.0,25%,320.0,<Response [200]>,,2025-10-20T09:45:51.804586
,,,,,,HEL,,,,,TLL,,,,2025-10-14T23:59:59Z,2025-05-15T09:00:00Z,destination=HEL&origin=TLL&endRange=2025-10-14T23:59:59Z&startRange=2025-05-15T09:00:00Z,1.0,4.0,25%,384.0,<Response [200]>,,2025-10-20T09:45:51.804586
,,,,,,IBZ,,,,,MAD,,,,2025-10-14T23:59:59Z,2025-05-15T09:00:00Z,destination=IBZ&origin=MAD&endRange=2025-10-14T23:59:59Z&startRange=2025-05-15T09:00:00Z,1.0,4.0,25%,363.0,<Response [200]>,,2025-10-20T09:45:51.804586
,,,,,,INV,,,,,AMS,,,,2025-10-14T23:59:59Z,2025-05-15T09:00:00Z,destination=INV&origin=AMS&endRange=2025-10-14T23:59:59Z&startRange=2025-05-15T09:00:00Z,1.0,4.0,25%,377.0,<Response [200]>,,2025-10-20T09:45:51.804586
,,,,,,KGS,,,,,AMS,,,,2025-10-14T23:59:59Z,2025-05-15T09:00:00Z,destination=KGS&origin=AMS&endRange=2025-10-14T23:59:59Z&startRange=2025-05-15T09:00:00Z,1.0,4.0,25%,363.0,<Response [200]>,,2025-10-20T09:45:51.804586
,,,,,,KRS,,,,,AMS,,,,2025-10-14T23:59:59Z,2025-05-15T09:00:00Z,destination=KRS&origin=AMS&endRange=2025-10-14T23:59:59Z&startRange=2025-05-15T09:00:00Z,1.0,4.0,25%,388.0,<Response [200]>,,2025-10-20T09:45:51.804586
,,,,,,KRS,,,,,OSL,,,,2025-10-14T23:59:59Z,2025-05-15T09:00:00Z,destination=KRS&origin=OSL&endRange=2025-10-14T23:59:59Z&startRange=2025-05-15T09:00:00Z,1.0,4.0,25%,374.0,<Response [200]>,,2025-10-20T09:45:51.804586
,,,,,,KSU,,,,,OSL,,,,2025-10-14T23:59:59Z,2025-05-15T09:00:00Z,destination=KSU&origin=OSL&endRange=2025-10-14T23:59:59Z&startRange=2025-05-15T09:00:00Z,1.0,4.0,25%,332.0,<Response [200]>,,2025-10-20T09:45:51.804586
,,,,,,LGW,,,,,ORY,,,,2025-10-14T23:59:59Z,2025-05-15T09:00:00Z,destination=LGW&origin=ORY&endRange=2025-10-14T23:59:59Z&startRange=2025-05-15T09:00:00Z,1.0,4.0,25%,318.0,<Response [200]>,,2025-10-20T09:45:51.804586
,,,,,,LIN,,,,,AHO,,,,2025-10-14T23:59:59Z,2025-05-15T09:00:00Z,destination=LIN&origin=AHO&endRange=2025-10-14T23:59:59Z&startRange=2025-05-15T09:00:00Z,1.0,4.0,25%,337.0,<Response [200]>,,2025-10-20T09:45:51.804586
,,,,,,LIN,,,,,BDS,,,,2025-10-14T23:59:59Z,2025-05-15T09:00:00Z,destination=LIN&origin=BDS&endRange=2025-10-14T23:59:59Z&startRange=2025-05-15T09:00:00Z,1.0,4.0,25%,304.0,<Response [200]>,,2025-10-20T09:45:51.804586
,,,,,,LIN,,,,,SUF,,,,2025-10-14T23:59:59Z,2025-05-15T09:00:00Z,destination=LIN&origin=SUF&endRange=2025-10-14T23:59:59Z&startRange=2025-05-15T09:00:00Z,1.0,4.0,25%,322.0,<Response [200]>,,2025-10-20T09:45:51.804586
,,,,,,LPA,,,,,MAD,,,,2025-10-14T23:59:59Z,2025-05-15T09:00:00Z,destination=LPA&origin=MAD&endRange=2025-10-14T23:59:59Z&startRange=2025-05-15T09:00:00Z,1.0,4.0,25%,326.0,<Response [200]>,,2025-10-20T09:45:51.804586
,,,,,,LUX,,,,,CDG,,,,2025-10-14T23:59:59Z,2025-05-15T09:00:00Z,destination=LUX&origin=CDG&endRange=2025-10-14T23:59:59Z&startRange=2025-05-15T09:00:00Z,1.0,4.0,25%,362.0,<Response [200]>,,2025-10-20T09:45:51.804586
,,,,,,MAD,,,,,IBZ,,,,2025-10-14T23:59:59Z,2025-05-15T09:00:00Z,destination=MAD&origin=IBZ&endRange=2025-10-14T23:59:59Z&startRange=2025-05-15T09:00:00Z,1.0,4.0,25%,370.0,<Response [200]>,,2025-10-20T09:45:51.804586
,,,,,,MAD,,,,,LPA,,,,2025-10-14T23:59:59Z,2025-05-15T09:00:00Z,destination=MAD&origin=LPA&endRange=2025-10-14T23:59:59Z&startRange=2025-05-15T09:00:00Z,1.0,4.0,25%,346.0,<Response [200]>,,2025-10-20T09:45:51.804586
,,,,,,MAH,,,,,ORY,,,,2025-10-14T23:59:59Z,2025-05-15T09:00:00Z,destination=MAH&origin=ORY&endRange=2025-10-14T23:59:59Z&startRange=2025-05-15T09:00:00Z,1.0,4.0,25%,351.0,<Response [200]>,,2025-10-20T09:45:51.804586
,,,,,,MLA,,,,,ORY,,,,2025-10-14T23:59:59Z,2025-05-15T09:00:00Z,destination=MLA&origin=ORY&endRange=2025-10-14T23:59:59Z&startRange=2025-05-15T09:00:00Z,1.0,4.0,25%,321.0,<Response [200]>,,2025-10-20T09:45:51.804586
,,,,,,MME,,,,,AMS,,,,2025-10-14T23:59:59Z,2025-05-15T09:00:00Z,destination=MME&origin=AMS&endRange=2025-10-14T23:59:59Z&startRange=2025-05-15T09:00:00Z,1.0,4.0,25%,374.0,<Response [200]>,,2025-10-20T09:45:51.804586
,,,,,,MRS,,,,,ORY,,,,2025-10-14T23:59:59Z,2025-05-15T09:00:00Z,destination=MRS&origin=ORY&endRange=2025-10-14T23:59:59Z&startRange=2025-05-15T09:00:00Z,1.0,4.0,25%,378.0,<Response [200]>,,2025-10-20T09:45:51.804586
,,,,,,NAP,,,,,AMS,,,,2025-10-14T23:59:59Z,2025-05-15T09:00:00Z,destination=NAP&origin=AMS&endRange=2025-10-14T23:59:59Z&startRange=2025-05-15T09:00:00Z,1.0,4.0,25%,376.0,<Response [200]>,,2025-10-20T09:45:51.804586
,,,,,,OLB,,,,,ORY,,,,2025-10-14T23:59:59Z,2025-05-15T09:00:00Z,destination=OLB&origin=ORY&endRange=2025-10-14T23:59:59Z&startRange=2025-05-15T09:00:00Z,1.0,4.0,25%,333.0,<Response [200]>,,2025-10-20T09:45:51.804586
,,,,,,ORK,,,,,AMS,,,,2025-10-14T23:59:59Z,2025-05-15T09:00:00Z,destination=ORK&origin=AMS&endRange=2025-10-14T23:59:59Z&startRange=2025-05-15T09:00:00Z,1.0,4.0,25%,354.0,<Response [200]>,,2025-10-20T09:45:51.804586
,,,,,,ORY,,,,,FLR,,,,2025-10-14T23:59:59Z,2025-05-15T09:00:00Z,destination=ORY&origin=FLR&endRange=2025-10-14T23:59:59Z&startRange=2025-05-15T09:00:00Z,1.0,4.0,25%,372.0,<Response [200]>,,2025-10-20T10:13:46.967173
,,,,,,ORY,,,,,LGW,,,,2025-10-14T23:59:59Z,2025-05-15T09:00:00Z,destination=ORY&origin=LGW&endRange=2025-10-14T23:59:59Z&startRange=2025-05-15T09:00:00Z,1.0,4.0,25%,320.0,<Response [200]>,,2025-10-20T10:13:46.967173
,,,,,,ORY,,,,,MAH,,,,2025-10-14T23:59:59Z,2025-05-15T09:00:00Z,destination=ORY&origin=MAH&endRange=2025-10-14T23:59:59Z&startRange=2025-05-15T09:00:00Z,1.0,4.0,25%,351.0,<Response [200]>,,2025-10-20T10:13:46.967173
,,,,,,ORY,,,,,MLA,,,,2025-10-14T23:59:59Z,2025-05-15T09:00:00Z,destination=ORY&origin=MLA&endRange=2025-10-14T23:59:59Z&startRange=2025-05-15T09:00:00Z,1.0,4.0,25%,322.0,<Response [200]>,,2025-10-20T10:13:46.967173
,,,,,,ORY,,,,,MRS,,,,2025-10-14T23:59:59Z,2025-05-15T09:00:00Z,destination=ORY&origin=MRS&endRange=2025-10-14T23:59:59Z&startRange=2025-05-15T09:00:00Z,1.0,4.0,25%,378.0,<Response [200]>,,2025-10-20T10:13:46.967173
,,,,,,ORY,,,,,OLB,,,,2025-10-14T23:59:59Z,2025-05-15T09:00:00Z,destination=ORY&origin=OLB&endRange=2025-10-14T23:59:59Z&startRange=2025-05-15T09:00:00Z,1.0,4.0,25%,333.0,<Response [200]>,,2025-10-20T10:13:46.967173
,,,,,,ORY,,,,,PMO,,,,2025-10-14T23:59:59Z,2025-05-15T09:00:00Z,destination=ORY&origin=PMO&endRange=2025-10-14T23:59:59Z&startRange=2025-05-15T09:00:00Z,1.0,4.0,25%,387.0,<Response [200]>,,2025-10-20T10:13:46.967173
,,,,,,ORY,,,,,SVQ,,,,2025-10-14T23:59:59Z,2025-05-15T09:00:00Z,destination=ORY&origin=SVQ&endRange=2025-10-14T23:59:59Z&startRange=2025-05-15T09:00:00Z,1.0,4.0,25%,328.0,<Response [200]>,,2025-10-20T10:13:46.967173
,,,,,,OSL,,,,,KRS,,,,2025-10-14T23:59:59Z,2025-05-15T09:00:00Z,destination=OSL&origin=KRS&endRange=2025-10-14T23:59:59Z&startRange=2025-05-15T09:00:00Z,1.0,4.0,25%,364.0,<Response [200]>,,2025-10-20T10:13:46.967173
,,,,,,OSL,,,,,KSU,,,,2025-10-14T23:59:59Z,2025-05-15T09:00:00Z,destination=OSL&origin=KSU&endRange=2025-10-14T23:59:59Z&startRange=2025-05-15T09:00:00Z,1.0,4.0,25%,309.0,<Response [200]>,,2025-10-20T10:13:46.967173
,,,,,,OTP,,,,,CLJ,,,,2025-10-14T23:59:59Z,2025-05-15T09:00:00Z,destination=OTP&origin=CLJ&endRange=2025-10-14T23:59:59Z&startRange=2025-05-15T09:00:00Z,1.0,4.0,25%,394.0,<Response [200]>,,2025-10-20T10:27:40.242346
,,,,,,OTP,,,,,RMO,,,,2025-10-14T23:59:59Z,2025-05-15T09:00:00Z,destination=OTP&origin=RMO&endRange=2025-10-14T23:59:59Z&startRange=2025-05-15T09:00:00Z,1.0,4.0,25%,321.0,<Response [200]>,,2025-10-20T10:27:40.242346
,,,,,,OTP,,,,,TSR,,,,2025-10-14T23:59:59Z,2025-05-15T09:00:00Z,destination=OTP&origin=TSR&endRange=2025-10-14T23:59:59Z&startRange=2025-05-15T09:00:00Z,1.0,4.0,25%,377.0,<Response [200]>,,2025-10-20T10:27:40.242346
,,,,,,OUL,,,,,HEL,,,,2025-10-14T23:59:59Z,2025-05-15T09:00:00Z,destination=OUL&origin=HEL&endRange=2025-10-14T23:59:59Z&startRange=2025-05-15T09:00:00Z,1.0,4.0,25%,306.0,<Response [200]>,,2025-10-20T10:27:40.242346
,,,,,,PLQ,,,,,CPH,,,,2025-10-14T23:59:59Z,2025-05-15T09:00:00Z,destination=PLQ&origin=CPH&endRange=2025-10-14T23:59:59Z&startRange=2025-05-15T09:00:00Z,1.0,4.0,25%,305.0,<Response [200]>,,2025-10-20T17:45:01.521132
,,,,,,PMI,,,,,CDG,,,,2025-10-14T23:59:59Z,2025-05-15T09:00:00Z,destination=PMI&origin=CDG&endRange=2025-10-14T23:59:59Z&startRange=2025-05-15T09:00:00Z,1.0,4.0,25%,306.0,<Response [200]>,,2025-10-20T17:46:07.698727
,,,,,,PMO,,,,,ORY,,,,2025-10-14T23:59:59Z,2025-05-15T09:00:00Z,destination=PMO&origin=ORY&endRange=2025-10-14T23:59:59Z&startRange=2025-05-15T09:00:00Z,1.0,4.0,25%,385.0,<Response [200]>,,2025-10-20T17:50:05.556647
,,,,,,POZ,,,,,AMS,,,,2025-10-14T23:59:59Z,2025-05-15T09:00:00Z,destination=POZ&origin=AMS&endRange=2025-10-14T23:59:59Z&startRange=2025-05-15T09:00:00Z,1.0,4.0,25%,306.0,<Response [200]>,,2025-10-20T17:50:27.213479
,,,,,,RHO,,,,,AMS,,,,2025-10-14T23:59:59Z,2025-05-15T09:00:00Z,destination=RHO&origin=AMS&endRange=2025-10-14T23:59:59Z&startRange=2025-05-15T09:00:00Z,1.0,4.0,25%,357.0,<Response [200]>,,2025-10-20T17:56:12.716471
,,,,,,RIX,,,,,TLL,,,,2025-10-14T23:59:59Z,2025-05-15T09:00:00Z,destination=RIX&origin=TLL&endRange=2025-10-14T23:59:59Z&startRange=2025-05-15T09:00:00Z,1.0,4.0,25%,305.0,<Response [200]>,,2025-10-20T17:59:26.471724
,,,,,,RMO,,,,,OTP,,,,2025-10-14T23:59:59Z,2025-05-15T09:00:00Z,destination=RMO&origin=OTP&endRange=2025-10-14T23:59:59Z&startRange=2025-05-15T09:00:00Z,1.0,4.0,25%,369.0,<Response [200]>,,2025-10-20T18:01:35.290735
,,,,,,SUF,,,,,LIN,,,,2025-10-14T23:59:59Z,2025-05-15T09:00:00Z,destination=SUF&origin=LIN&endRange=2025-10-14T23:59:59Z&startRange=2025-05-15T09:00:00Z,1.0,4.0,25%,321.0,<Response [200]>,,
,,,,,,SVQ,,,,,ORY,,,,2025-10-14T23:59:59Z,2025-05-15T09:00:00Z,destination=SVQ&origin=ORY&endRange=2025-10-14T23:59:59Z&startRange=2025-05-15T09:00:00Z,1.0,4.0,25%,327.0,<Response [200]>,,
,,,,,,TFS,,,,,AMS,,,,2025-10-14T23:59:59Z,2025-05-15T09:00:00Z,destination=TFS&origin=AMS&endRange=2025-10-14T23:59:59Z&startRange=2025-05-15T09:00:00Z,1.0,4.0,25%,307.0,<Response [200]>,,
,,,,,,TLL,,,,,AMS,,,,2025-10-14T23:59:59Z,2025-05-15T09:00:00Z,destination=TLL&origin=AMS&endRange=2025-10-14T23:59:59Z&startRange=2025-05-15T09:00:00Z,1.0,4.0,25%,305.0,<Response [200]>,,
,,,,,,TLL,,,,,ARN,,,,2025-10-14T23:59:59Z,2025-05-15T09:00:00Z,destination=TLL&origin=ARN&endRange=2025-10-14T23:59:59Z&startRange=2025-05-15T09:00:00Z,1.0,4.0,25%,376.0,<Response [200]>,,
,,,,,,TLL,,,,,HEL,,,,2025-10-14T23:59:59Z,2025-05-15T09:00:00Z,destination=TLL&origin=HEL&endRange=2025-10-14T23:59:59Z&startRange=2025-05-15T09:00:00Z,1.0,4.0,25%,306.0,<Response [200]>,,
,,,,,,TRF,,,,,BGO,,,,2025-10-14T23:59:59Z,2025-05-15T09:00:00Z,destination=TRF&origin=BGO&endRange=2025-10-14T23:59:59Z&startRange=2025-05-15T09:00:00Z,1.0,4.0,25%,391.0,<Response [200]>,,
,,,,,,TRN,,,,,AMS,,,,2025-10-14T23:59:59Z,2025-05-15T09:00:00Z,destination=TRN&origin=AMS&endRange=2025-10-14T23:59:59Z&startRange=2025-05-15T09:00:00Z,1.0,4.0,25%,305.0,<Response [200]>,,
,,,,,,VNO,,,,,AMS,,,,2025-10-14T23:59:59Z,2025-05-15T09:00:00Z,destination=VNO&origin=AMS&endRange=2025-10-14T23:59:59Z&startRange=2025-05-15T09:00:00Z,1.0,4.0,25%,308.0,<Response [200]>,,
,,,,,,VNO,,,,,CPH,,,,2025-10-14T23:59:59Z,2025-05-15T09:00:00Z,destination=VNO&origin=CPH&endRange=2025-10-14T23:59:59Z&startRange=2025-05-15T09:00:00Z,1.0,4.0,25%,322.0,<Response [200]>,,
,,,,,,WRO,,,,,AMS,,,,2025-10-14T23:59:59Z,2025-05-15T09:00:00Z,destination=WRO&origin=AMS&endRange=2025-10-14T23:59:59Z&startRange=2025-05-15T09:00:00Z,1.0,4.0,25%,306.0,<Response [200]>,,
,,,,,,ZAG,,,,,CDG,,,,2025-10-14T23:59:59Z,2025-05-15T09:00:00Z,destination=ZAG&origin=CDG&endRange=2025-10-14T23:59:59Z&startRange=2025-05-15T09:00:00Z,1.0,4.0,25%,386.0,<Response [200]>,,
,,,,,,AAL,,,,,AMS,,,,2025-10-14T23:59:59Z,2025-05-15T09:00:00Z,destination=AAL&origin=AMS&endRange=2025-10-14T23:59:59Z&startRange=2025-05-15T09:00:00Z,2.0,7.0,29%,602.0,<Response [200]>,,
,,,,,,ALC,,,,,ORY,,,,2025-10-14T23:59:59Z,2025-05-15T09:00:00Z,destination=ALC&origin=ORY&endRange=2025-10-14T23:59:59Z&startRange=2025-05-15T09:00:00Z,2.0,7.0,29%,677.0,<Response [200]>,,
,,,,,,AMS,,,,,BGO,,,,2025-10-14T23:59:59Z,2025-05-15T09:00:00Z,destination=AMS&origin=BGO&endRange=2025-10-14T23:59:59Z&startRange=2025-05-15T09:00:00Z,2.0,7.0,29%,620.0,<Response [200]>,,
,,,,,,AMS,,,,,BRU,,,,2025-10-14T23:59:59Z,2025-05-15T09:00:00Z,destination=AMS&origin=BRU&endRange=2025-10-14T23:59:59Z&startRange=2025-05-15T09:00:00Z,2.0,7.0,29%,606.0,<Response [200]>,,
,,,,,,AMS,,,,,LTN,,,,2025-10-14T23:59:59Z,2025-05-15T09:00:00Z,destination=AMS&origin=LTN&endRange=2025-10-14T23:59:59Z&startRange=2025-05-15T09:00:00Z,2.0,7.0,29%,634.0,<Response [200]>,,
,,,,,,AMS,,,,,MXP,,,,2025-10-14T23:59:59Z,2025-05-15T09:00:00Z,destination=AMS&origin=MXP&endRange=2025-10-14T23:59:59Z&startRange=2025-05-15T09:00:00Z,2.0,7.0,29%,636.0,<Response [200]>,,
,,,,,,AMS,,,,,NUE,,,,2025-10-14T23:59:59Z,2025-05-15T09:00:00Z,destination=AMS&origin=NUE&endRange=2025-10-14T23:59:59Z&startRange=2025-05-15T09:00:00Z,2.0,7.0,29%,649.0,<Response [200]>,,
,,,,,,AMS,,,,,NWI,,,,2025-10-14T23:59:59Z,2025-05-15T09:00:00Z,destination=AMS&origin=NWI&endRange=2025-10-14T23:59:59Z&startRange=2025-05-15T09:00:00Z,2.0,7.0,29%,606.0,<Response [200]>,,
,,,,,,BCN,,,,,PMI,,,,2025-10-14T23:59:59Z,2025-05-15T09:00:00Z,destination=BCN&origin=PMI&endRange=2025-10-14T23:59:59Z&startRange=2025-05-15T09:00:00Z,2.0,7.0,29%,612.0,<Response [200]>,,
,,,,,,BER,,,,,ORY,,,,2025-10-14T23:59:59Z,2025-05-15T09:00:00Z,destination=BER&origin=ORY&endRange=2025-10-14T23:59:59Z&startRange=2025-05-15T09:00:00Z,2.0,7.0,29%,677.0,<Response [200]>,,
,,,,,,BHX,,,,,CDG,,,,2025-10-14T23:59:59Z,2025-05-15T09:00:00Z,destination=BHX&origin=CDG&endRange=2025-10-14T23:59:59Z&startRange=2025-05-15T09:00:00Z,2.0,7.0,29%,697.0,<Response [200]>,,
,,,,,,OSL,,,,,BGO,,,,2025-10-14T23:59:59Z,2025-05-15T09:00:00Z,destination=OSL&origin=BGO&endRange=2025-10-14T23:59:59Z&startRange=2025-05-15T09:00:00Z,2.0,7.0,29%,635.0,<Response [200]>,,
,,,,,,PMI,,,,,BCN,,,,2025-10-14T23:59:59Z,2025-05-15T09:00:00Z,destination=PMI&origin=BCN&endRange=2025-10-14T23:59:59Z&startRange=2025-05-15T09:00:00Z,2.0,7.0,29%,612.0,<Response [200]>,,
,,,,,,AGP,,,,,CDG,,,,2025-10-14T23:59:59Z,2025-05-15T09:00:00Z,destination=AGP&origin=CDG&endRange=2025-10-14T23:59:59Z&startRange=2025-05-15T09:00:00Z,2.0,6.0,33%,514.0,<Response [200]>,,
,,,,,,AMS,,,,,AAL,,,,2025-10-14T23:59:59Z,2025-05-15T09:00:00Z,destination=AMS&origin=AAL&endRange=2025-10-14T23:59:59Z&startRange=2025-05-15T09:00:00Z,2.0,6.0,33%,600.0,<Response [200]>,,2025-10-19T14:16:16.413076
,,,,,,AMS,,,,,BIO,,,,2025-10-14T23:59:59Z,2025-05-15T09:00:00Z,destination=AMS&origin=BIO&endRange=2025-10-14T23:59:59Z&startRange=2025-05-15T09:00:00Z,2.0,6.0,33%,589.0,<Response [200]>,,
,,,,,,AMS,,,,,BLQ,,,,2025-10-14T23:59:59Z,2025-05-15T09:00:00Z,destination=AMS&origin=BLQ&endRange=2025-10-14T23:59:59Z&startRange=2025-05-15T09:00:00Z,2.0,6.0,33%,555.0,<Response [200]>,,
,,,,,,AMS,,,,,BOD,,,,2025-10-14T23:59:59Z,2025-05-15T09:00:00Z,destination=AMS&origin=BOD&endRange=2025-10-14T23:59:59Z&startRange=2025-05-15T09:00:00Z,2.0,6.0,33%,507.0,<Response [200]>,,
,,,,,,AMS,,,,,BRE,,,,2025-10-14T23:59:59Z,2025-05-15T09:00:00Z,destination=AMS&origin=BRE&endRange=2025-10-14T23:59:59Z&startRange=2025-05-15T09:00:00Z,2.0,6.0,33%,589.0,<Response [200]>,,
,,,,,,AMS,,,,,FAO,,,,2025-10-14T23:59:59Z,2025-05-15T09:00:00Z,destination=AMS&origin=FAO&endRange=2025-10-14T23:59:59Z&startRange=2025-05-15T09:00:00Z,2.0,6.0,33%,534.0,<Response [200]>,,
,,,,,,AMS,,,,,GDN,,,,2025-10-14T23:59:59Z,2025-05-15T09:00:00Z,destination=AMS&origin=GDN&endRange=2025-10-14T23:59:59Z&startRange=2025-05-15T09:00:00Z,2.0,6.0,33%,591.0,<Response [200]>,,
,,,,,,AMS,,,,,HAJ,,,,2025-10-14T23:59:59Z,2025-05-15T09:00:00Z,destination=AMS&origin=HAJ&endRange=2025-10-14T23:59:59Z&startRange=2025-05-15T09:00:00Z,2.0,6.0,33%,537.0,<Response [200]>,,
,,,,,,AMS,,,,,HER,,,,2025-10-14T23:59:59Z,2025-05-15T09:00:00Z,destination=AMS&origin=HER&endRange=2025-10-14T23:59:59Z&startRange=2025-05-15T09:00:00Z,2.0,6.0,33%,539.0,<Response [200]>,,
,,,,,,AMS,,,,,KEF,,,,2025-10-14T23:59:59Z,2025-05-15T09:00:00Z,destination=AMS&origin=KEF&endRange=2025-10-14T23:59:59Z&startRange=2025-05-15T09:00:00Z,2.0,6.0,33%,569.0,<Response [200]>,,
,,,,,,AMS,,,,,LUX,,,,2025-10-14T23:59:59Z,2025-05-15T09:00:00Z,destination=AMS&origin=LUX&endRange=2025-10-14T23:59:59Z&startRange=2025-05-15T09:00:00Z,2.0,6.0,33%,518.0,<Response [200]>,,
,,,,,,AMS,,,,,SPU,,,,2025-10-14T23:59:59Z,2025-05-15T09:00:00Z,destination=AMS&origin=SPU&endRange=2025-10-14T23:59:59Z&startRange=2025-05-15T09:00:00Z,2.0,6.0,33%,586.0,<Response [200]>,,2025-10-20T10:25:22.637687
,,,,,,AMS,,,,,TLS,,,,2025-10-14T23:59:59Z,2025-05-15T09:00:00Z,destination=AMS&origin=TLS&endRange=2025-10-14T23:59:59Z&startRange=2025-05-15T09:00:00Z,2.0,6.0,33%,541.0,<Response [200]>,,2025-10-20T10:25:22.637687
,,,,,,AMS,,,,,VCE,,,,2025-10-14T23:59:59Z,2025-05-15T09:00:00Z,destination=AMS&origin=VCE&endRange=2025-10-14T23:59:59Z&startRange=2025-05-15T09:00:00Z,2.0,6.0,33%,583.0,<Response [200]>,,2025-10-20T10:25:22.637687
,,,,,,BES,,,,,CDG,,,,2025-10-14T23:59:59Z,2025-05-15T09:00:00Z,destination=BES&origin=CDG&endRange=2025-10-14T23:59:59Z&startRange=2025-05-15T09:00:00Z,2.0,6.0,33%,579.0,<Response [200]>,,
,,,,,,BGO,,,,,CPH,,,,2025-10-14T23:59:59Z,2025-05-15T09:00:00Z,destination=BGO&origin=CPH&endRange=2025-10-14T23:59:59Z&startRange=2025-05-15T09:00:00Z,2.0,6.0,33%,570.0,<Response [200]>,,
,,,,,,BGO,,,,,TRD,,,,2025-10-14T23:59:59Z,2025-05-15T09:00:00Z,destination=BGO&origin=TRD&endRange=2025-10-14T23:59:59Z&startRange=2025-05-15T09:00:00Z,2.0,6.0,33%,543.0,<Response [200]>,,
,,,,,,CPH,,,,,BGO,,,,2025-10-14T23:59:59Z,2025-05-15T09:00:00Z,destination=CPH&origin=BGO&endRange=2025-10-14T23:59:59Z&startRange=2025-05-15T09:00:00Z,2.0,6.0,33%,570.0,<Response [200]>,,
,,,,,,MAD,,,,,BIO,,,,2025-10-14T23:59:59Z,2025-05-15T09:00:00Z,destination=MAD&origin=BIO&endRange=2025-10-14T23:59:59Z&startRange=2025-05-15T09:00:00Z,2.0,6.0,33%,546.0,<Response [200]>,,
,,,,,,TRD,,,,,BGO,,,,2025-10-14T23:59:59Z,2025-05-15T09:00:00Z,destination=TRD&origin=BGO&endRange=2025-10-14T23:59:59Z&startRange=2025-05-15T09:00:00Z,2.0,6.0,33%,543.0,<Response [200]>,,
,,,,,,AMS,,,,,FNC,,,,2025-10-14T23:59:59Z,2025-05-15T09:00:00Z,destination=AMS&origin=FNC&endRange=2025-10-14T23:59:59Z&startRange=2025-05-15T09:00:00Z,1.0,3.0,33%,248.0,<Response [200]>,,2025-10-19T14:27:35.929608
,,,,,,ARN,,,,,OSD,,,,2025-10-14T23:59:59Z,2025-05-15T09:00:00Z,destination=ARN&origin=OSD&endRange=2025-10-14T23:59:59Z&startRange=2025-05-15T09:00:00Z,1.0,3.0,33%,295.0,<Response [200]>,,2025-10-20T10:25:22.637687
,,,,,,ARN,,,,,TKU,,,,2025-10-14T23:59:59Z,2025-05-15T09:00:00Z,destination=ARN&origin=TKU&endRange=2025-10-14T23:59:59Z&startRange=2025-05-15T09:00:00Z,1.0,3.0,33%,235.0,<Response [200]>,,2025-10-20T10:25:22.637687
,,,,,,BIO,,,,,ORY,,,,2025-10-14T23:59:59Z,2025-05-15T09:00:00Z,destination=BIO&origin=ORY&endRange=2025-10-14T23:59:59Z&startRange=2025-05-15T09:00:00Z,1.0,3.0,33%,218.0,<Response [200]>,,2025-10-19T14:34:02.771776
,,,,,,BIQ,,,,,LYS,,,,2025-10-14T23:59:59Z,2025-05-15T09:00:00Z,destination=BIQ&origin=LYS&endRange=2025-10-14T23:59:59Z&startRange=2025-05-15T09:00:00Z,1.0,3.0,33%,243.0,<Response [200]>,,2025-10-19T14:34:02.771776
,,,,,,BOD,,,,,LYS,,,,2025-10-14T23:59:59Z,2025-05-15T09:00:00Z,destination=BOD&origin=LYS&endRange=2025-10-14T23:59:59Z&startRange=2025-05-15T09:00:00Z,1.0,3.0,33%,270.0,<Response [200]>,,2025-10-19T14:34:02.771776
,,,,,,BSL,,,,,CDG,,,,2025-10-14T23:59:59Z,2025-05-15T09:00:00Z,destination=BSL&origin=CDG&endRange=2025-10-14T23:59:59Z&startRange=2025-05-15T09:00:00Z,1.0,3.0,33%,284.0,<Response [200]>,,2025-10-19T14:34:02.771776
,,,,,,CDG,,,,,BSL,,,,2025-10-14T23:59:59Z,2025-05-15T09:00:00Z,destination=CDG&origin=BSL&endRange=2025-10-14T23:59:59Z&startRange=2025-05-15T09:00:00Z,1.0,3.0,33%,279.0,<Response [200]>,,2025-10-19T14:34:02.771776
,,,,,,CDG,,,,,CTA,,,,2025-10-14T23:59:59Z,2025-05-15T09:00:00Z,destination=CDG&origin=CTA&endRange=2025-10-14T23:59:59Z&startRange=2025-05-15T09:00:00Z,1.0,3.0,33%,228.0,<Response [200]>,,2025-10-19T14:34:02.771776
,,,,,,CDG,,,,,DBV,,,,2025-10-14T23:59:59Z,2025-05-15T09:00:00Z,destination=CDG&origin=DBV&endRange=2025-10-14T23:59:59Z&startRange=2025-05-15T09:00:00Z,1.0,3.0,33%,233.0,<Response [200]>,,2025-10-19T14:34:02.771776
,,,,,,CDG,,,,,IBZ,,,,2025-10-14T23:59:59Z,2025-05-15T09:00:00Z,destination=CDG&origin=IBZ&endRange=2025-10-14T23:59:59Z&startRange=2025-05-15T09:00:00Z,1.0,3.0,33%,205.0,<Response [200]>,,2025-10-19T14:39:52.077216
,,,,,,CDG,,,,,KRK,,,,2025-10-14T23:59:59Z,2025-05-15T09:00:00Z,destination=CDG&origin=KRK&endRange=2025-10-14T23:59:59Z&startRange=2025-05-15T09:00:00Z,1.0,3.0,33%,284.0,<Response [200]>,,2025-10-19T14:39:52.077216
,,,,,,CDG,,,,,MLA,,,,2025-10-14T23:59:59Z,2025-05-15T09:00:00Z,destination=CDG&origin=MLA&endRange=2025-10-14T23:59:59Z&startRange=2025-05-15T09:00:00Z,1.0,3.0,33%,230.0,<Response [200]>,,2025-10-19T14:39:52.077216
,,,,,,CDG,,,,,NUE,,,,2025-10-14T23:59:59Z,2025-05-15T09:00:00Z,destination=CDG&origin=NUE&endRange=2025-10-14T23:59:59Z&startRange=2025-05-15T09:00:00Z,1.0,3.0,33%,286.0,<Response [200]>,,2025-10-19T14:39:52.077216
,,,,,,CDG,,,,,OPO,,,,2025-10-14T23:59:59Z,2025-05-15T09:00:00Z,destination=CDG&origin=OPO&endRange=2025-10-14T23:59:59Z&startRange=2025-05-15T09:00:00Z,1.0,3.0,33%,280.0,<Response [200]>,,2025-10-19T14:39:52.077216
,,,,,,CDG,,,,,RIX,,,,2025-10-14T23:59:59Z,2025-05-15T09:00:00Z,destination=CDG&origin=RIX&endRange=2025-10-14T23:59:59Z&startRange=2025-05-15T09:00:00Z,1.0,3.0,33%,239.0,<Response [200]>,,2025-10-19T14:39:52.077216
,,,,,,CDG,,,,,SPU,,,,2025-10-14T23:59:59Z,2025-05-15T09:00:00Z,destination=CDG&origin=SPU&endRange=2025-10-14T23:59:59Z&startRange=2025-05-15T09:00:00Z,1.0,3.0,33%,265.0,<Response [200]>,,2025-10-19T14:39:52.077216
,,,,,,CDG,,,,,STR,,,,2025-10-14T23:59:59Z,2025-05-15T09:00:00Z,destination=CDG&origin=STR&endRange=2025-10-14T23:59:59Z&startRange=2025-05-15T09:00:00Z,1.0,3.0,33%,257.0,<Response [200]>,,2025-10-19T14:39:52.077216
,,,,,,CPH,,,,,KRS,,,,2025-10-14T23:59:59Z,2025-05-15T09:00:00Z,destination=CPH&origin=KRS&endRange=2025-10-14T23:59:59Z&startRange=2025-05-15T09:00:00Z,1.0,3.0,33%,229.0,<Response [200]>,,2025-10-19T14:39:52.077216
,,,,,,CPH,,,,,TLL,,,,2025-10-14T23:59:59Z,2025-05-15T09:00:00Z,destination=CPH&origin=TLL&endRange=2025-10-14T23:59:59Z&startRange=2025-05-15T09:00:00Z,1.0,3.0,33%,215.0,<Response [200]>,,2025-10-19T14:39:52.077216
,,,,,,CTA,,,,,AMS,,,,2025-10-14T23:59:59Z,2025-05-15T09:00:00Z,destination=CTA&origin=AMS&endRange=2025-10-14T23:59:59Z&startRange=2025-05-15T09:00:00Z,1.0,3.0,33%,255.0,<Response [200]>,,2025-10-19T14:39:52.077216
,,,,,,CTA,,,,,CDG,,,,2025-10-14T23:59:59Z,2025-05-15T09:00:00Z,destination=CTA&origin=CDG&endRange=2025-10-14T23:59:59Z&startRange=2025-05-15T09:00:00Z,1.0,3.0,33%,225.0,<Response [200]>,,2025-10-19T14:39:52.077216
,,,,,,DBV,,,,,AMS,,,,2025-10-14T23:59:59Z,2025-05-15T09:00:00Z,destination=DBV&origin=AMS&endRange=2025-10-14T23:59:59Z&startRange=2025-05-15T09:00:00Z,1.0,3.0,33%,225.0,<Response [200]>,,2025-10-19T14:39:52.077216
,,,,,,DBV,,,,,CDG,,,,2025-10-14T23:59:59Z,2025-05-15T09:00:00Z,destination=DBV&origin=CDG&endRange=2025-10-14T23:59:59Z&startRange=2025-05-15T09:00:00Z,1.0,3.0,33%,233.0,<Response [200]>,,2025-10-19T14:39:52.077216
,,,,,,DUB,,,,,ORY,,,,2025-10-14T23:59:59Z,2025-05-15T09:00:00Z,destination=DUB&origin=ORY&endRange=2025-10-14T23:59:59Z&startRange=2025-05-15T09:00:00Z,1.0,3.0,33%,235.0,<Response [200]>,,2025-10-19T14:39:52.077216
,,,,,,FCO,,,,,TIA,,,,2025-10-14T23:59:59Z,2025-05-15T09:00:00Z,destination=FCO&origin=TIA&endRange=2025-10-14T23:59:59Z&startRange=2025-05-15T09:00:00Z,1.0,3.0,33%,227.0,<Response [200]>,,2025-10-19T14:39:52.077216
,,,,,,FNC,,,,,AMS,,,,2025-10-14T23:59:59Z,2025-05-15T09:00:00Z,destination=FNC&origin=AMS&endRange=2025-10-14T23:59:59Z&startRange=2025-05-15T09:00:00Z,1.0,3.0,33%,242.0,<Response [200]>,,2025-10-19T14:39:52.077216
,,,,,,FSC,,,,,CDG,,,,2025-10-14T23:59:59Z,2025-05-15T09:00:00Z,destination=FSC&origin=CDG&endRange=2025-10-14T23:59:59Z&startRange=2025-05-15T09:00:00Z,1.0,3.0,33%,201.0,<Response [200]>,,2025-10-19T14:39:52.077216
,,,,,,FSC,,,,,NCE,,,,2025-10-14T23:59:59Z,2025-05-15T09:00:00Z,destination=FSC&origin=NCE&endRange=2025-10-14T23:59:59Z&startRange=2025-05-15T09:00:00Z,1.0,3.0,33%,272.0,<Response [200]>,,2025-10-19T14:39:52.077216
,,,,,,HAU,,,,,OSL,,,,2025-10-14T23:59:59Z,2025-05-15T09:00:00Z,destination=HAU&origin=OSL&endRange=2025-10-14T23:59:59Z&startRange=2025-05-15T09:00:00Z,1.0,3.0,33%,277.0,<Response [200]>,,2025-10-20T09:45:51.804586
,,,,,,HEL,,,,,OUL,,,,2025-10-14T23:59:59Z,2025-05-15T09:00:00Z,destination=HEL&origin=OUL&endRange=2025-10-14T23:59:59Z&startRange=2025-05-15T09:00:00Z,1.0,3.0,33%,296.0,<Response [200]>,,2025-10-20T09:45:51.804586
,,,,,,HEL,,,,,RIX,,,,2025-10-14T23:59:59Z,2025-05-15T09:00:00Z,destination=HEL&origin=RIX&endRange=2025-10-14T23:59:59Z&startRange=2025-05-15T09:00:00Z,1.0,3.0,33%,292.0,<Response [200]>,,2025-10-20T09:45:51.804586
,,,,,,HEL,,,,,RVN,,,,2025-10-14T23:59:59Z,2025-05-15T09:00:00Z,destination=HEL&origin=RVN&endRange=2025-10-14T23:59:59Z&startRange=2025-05-15T09:00:00Z,1.0,3.0,33%,233.0,<Response [200]>,,2025-10-20T09:45:51.804586
,,,,,,IBZ,,,,,CDG,,,,2025-10-14T23:59:59Z,2025-05-15T09:00:00Z,destination=IBZ&origin=CDG&endRange=2025-10-14T23:59:59Z&startRange=2025-05-15T09:00:00Z,1.0,3.0,33%,201.0,<Response [200]>,,2025-10-20T09:45:51.804586
,,,,,,JMK,,,,,ORY,,,,2025-10-14T23:59:59Z,2025-05-15T09:00:00Z,destination=JMK&origin=ORY&endRange=2025-10-14T23:59:59Z&startRange=2025-05-15T09:00:00Z,1.0,3.0,33%,205.0,<Response [200]>,,2025-10-20T09:45:51.804586
,,,,,,JTR,,,,,ORY,,,,2025-10-14T23:59:59Z,2025-05-15T09:00:00Z,destination=JTR&origin=ORY&endRange=2025-10-14T23:59:59Z&startRange=2025-05-15T09:00:00Z,1.0,3.0,33%,223.0,<Response [200]>,,2025-10-20T09:45:51.804586
,,,,,,KEF,,,,,CPH,,,,2025-10-14T23:59:59Z,2025-05-15T09:00:00Z,destination=KEF&origin=CPH&endRange=2025-10-14T23:59:59Z&startRange=2025-05-15T09:00:00Z,1.0,3.0,33%,208.0,<Response [200]>,,2025-10-20T09:45:51.804586
,,,,,,KRK,,,,,CDG,,,,2025-10-14T23:59:59Z,2025-05-15T09:00:00Z,destination=KRK&origin=CDG&endRange=2025-10-14T23:59:59Z&startRange=2025-05-15T09:00:00Z,1.0,3.0,33%,285.0,<Response [200]>,,2025-10-20T09:45:51.804586
,,,,,,KRS,,,,,CPH,,,,2025-10-14T23:59:59Z,2025-05-15T09:00:00Z,destination=KRS&origin=CPH&endRange=2025-10-14T23:59:59Z&startRange=2025-05-15T09:00:00Z,1.0,3.0,33%,230.0,<Response [200]>,,2025-10-20T09:45:51.804586
,,,,,,KUO,,,,,HEL,,,,2025-10-14T23:59:59Z,2025-05-15T09:00:00Z,destination=KUO&origin=HEL&endRange=2025-10-14T23:59:59Z&startRange=2025-05-15T09:00:00Z,1.0,3.0,33%,219.0,<Response [200]>,,2025-10-20T09:45:51.804586
,,,,,,LCY,,,,,FCO,,,,2025-10-14T23:59:59Z,2025-05-15T09:00:00Z,destination=LCY&origin=FCO&endRange=2025-10-14T23:59:59Z&startRange=2025-05-15T09:00:00Z,1.0,3.0,33%,260.0,<Response [200]>,,2025-10-20T09:45:51.804586
,,,,,,LIG,,,,,LYS,,,,2025-10-14T23:59:59Z,2025-05-15T09:00:00Z,destination=LIG&origin=LYS&endRange=2025-10-14T23:59:59Z&startRange=2025-05-15T09:00:00Z,1.0,3.0,33%,206.0,<Response [200]>,,2025-10-20T09:45:51.804586
,,,,,,LJU,,,,,AMS,,,,2025-10-14T23:59:59Z,2025-05-15T09:00:00Z,destination=LJU&origin=AMS&endRange=2025-10-14T23:59:59Z&startRange=2025-05-15T09:00:00Z,1.0,3.0,33%,232.0,<Response [200]>,,2025-10-20T09:45:51.804586
,,,,,,LYS,,,,,LIG,,,,2025-10-14T23:59:59Z,2025-05-15T09:00:00Z,destination=LYS&origin=LIG&endRange=2025-10-14T23:59:59Z&startRange=2025-05-15T09:00:00Z,1.0,3.0,33%,206.0,<Response [200]>,,2025-10-20T09:45:51.804586
,,,,,,LYS,,,,,NCE,,,,2025-10-14T23:59:59Z,2025-05-15T09:00:00Z,destination=LYS&origin=NCE&endRange=2025-10-14T23:59:59Z&startRange=2025-05-15T09:00:00Z,1.0,3.0,33%,242.0,<Response [200]>,,2025-10-20T09:45:51.804586
,,,,,,LYS,,,,,NTE,,,,2025-10-14T23:59:59Z,2025-05-15T09:00:00Z,destination=LYS&origin=NTE&endRange=2025-10-14T23:59:59Z&startRange=2025-05-15T09:00:00Z,1.0,3.0,33%,280.0,<Response [200]>,,2025-10-20T09:45:51.804586
,,,,,,LYS,,,,,TLS,,,,2025-10-14T23:59:59Z,2025-05-15T09:00:00Z,destination=LYS&origin=TLS&endRange=2025-10-14T23:59:59Z&startRange=2025-05-15T09:00:00Z,1.0,3.0,33%,271.0,<Response [200]>,,2025-10-20T09:45:51.804586
,,,,,,MLA,,,,,AMS,,,,2025-10-14T23:59:59Z,2025-05-15T09:00:00Z,destination=MLA&origin=AMS&endRange=2025-10-14T23:59:59Z&startRange=2025-05-15T09:00:00Z,1.0,3.0,33%,271.0,<Response [200]>,,2025-10-20T09:45:51.804586
,,,,,,MLA,,,,,CDG,,,,2025-10-14T23:59:59Z,2025-05-15T09:00:00Z,destination=MLA&origin=CDG&endRange=2025-10-14T23:59:59Z&startRange=2025-05-15T09:00:00Z,1.0,3.0,33%,226.0,<Response [200]>,,2025-10-20T09:45:51.804586
,,,,,,MRS,,,,,LYS,,,,2025-10-14T23:59:59Z,2025-05-15T09:00:00Z,destination=MRS&origin=LYS&endRange=2025-10-14T23:59:59Z&startRange=2025-05-15T09:00:00Z,1.0,3.0,33%,273.0,<Response [200]>,,2025-10-20T09:45:51.804586
,,,,,,NCE,,,,,FSC,,,,2025-10-14T23:59:59Z,2025-05-15T09:00:00Z,destination=NCE&origin=FSC&endRange=2025-10-14T23:59:59Z&startRange=2025-05-15T09:00:00Z,1.0,3.0,33%,271.0,<Response [200]>,,2025-10-20T09:45:51.804586
,,,,,,NCE,,,,,LYS,,,,2025-10-14T23:59:59Z,2025-05-15T09:00:00Z,destination=NCE&origin=LYS&endRange=2025-10-14T23:59:59Z&startRange=2025-05-15T09:00:00Z,1.0,3.0,33%,241.0,<Response [200]>,,2025-10-20T09:45:51.804586
,,,,,,NTE,,,,,LYS,,,,2025-10-14T23:59:59Z,2025-05-15T09:00:00Z,destination=NTE&origin=LYS&endRange=2025-10-14T23:59:59Z&startRange=2025-05-15T09:00:00Z,1.0,3.0,33%,278.0,<Response [200]>,,2025-10-20T09:45:51.804586
,,,,,,NUE,,,,,CDG,,,,2025-10-14T23:59:59Z,2025-05-15T09:00:00Z,destination=NUE&origin=CDG&endRange=2025-10-14T23:59:59Z&startRange=2025-05-15T09:00:00Z,1.0,3.0,33%,286.0,<Response [200]>,,2025-10-20T09:45:51.804586
,,,,,,OLB,,,,,AMS,,,,2025-10-14T23:59:59Z,2025-05-15T09:00:00Z,destination=OLB&origin=AMS&endRange=2025-10-14T23:59:59Z&startRange=2025-05-15T09:00:00Z,1.0,3.0,33%,224.0,<Response [200]>,,2025-10-20T09:45:51.804586
,,,,,,OPO,,,,,CDG,,,,2025-10-14T23:59:59Z,2025-05-15T09:00:00Z,destination=OPO&origin=CDG&endRange=2025-10-14T23:59:59Z&startRange=2025-05-15T09:00:00Z,1.0,3.0,33%,279.0,<Response [200]>,,2025-10-20T09:45:51.804586
,,,,,,ORY,,,,,BIO,,,,2025-10-14T23:59:59Z,2025-05-15T09:00:00Z,destination=ORY&origin=BIO&endRange=2025-10-14T23:59:59Z&startRange=2025-05-15T09:00:00Z,1.0,3.0,33%,219.0,<Response [200]>,,2025-10-20T09:45:51.804586
,,,,,,ORY,,,,,DUB,,,,2025-10-14T23:59:59Z,2025-05-15T09:00:00Z,destination=ORY&origin=DUB&endRange=2025-10-14T23:59:59Z&startRange=2025-05-15T09:00:00Z,1.0,3.0,33%,234.0,<Response [200]>,,2025-10-20T10:13:46.967173
,,,,,,ORY,,,,,JMK,,,,2025-10-14T23:59:59Z,2025-05-15T09:00:00Z,destination=ORY&origin=JMK&endRange=2025-10-14T23:59:59Z&startRange=2025-05-15T09:00:00Z,1.0,3.0,33%,207.0,<Response [200]>,,2025-10-20T10:13:46.967173
,,,,,,ORY,,,,,JTR,,,,2025-10-14T23:59:59Z,2025-05-15T09:00:00Z,destination=ORY&origin=JTR&endRange=2025-10-14T23:59:59Z&startRange=2025-05-15T09:00:00Z,1.0,3.0,33%,225.0,<Response [200]>,,2025-10-20T10:13:46.967173
,,,,,,ORY,,,,,PRG,,,,2025-10-14T23:59:59Z,2025-05-15T09:00:00Z,destination=ORY&origin=PRG&endRange=2025-10-14T23:59:59Z&startRange=2025-05-15T09:00:00Z,1.0,3.0,33%,272.0,<Response [200]>,,2025-10-20T10:13:46.967173
,,,,,,ORY,,,,,PUF,,,,2025-10-14T23:59:59Z,2025-05-15T09:00:00Z,destination=ORY&origin=PUF&endRange=2025-10-14T23:59:59Z&startRange=2025-05-15T09:00:00Z,1.0,3.0,33%,298.0,<Response [200]>,,2025-10-20T10:13:46.967173
,,,,,,ORY,,,,,RDZ,,,,2025-10-14T23:59:59Z,2025-05-15T09:00:00Z,destination=ORY&origin=RDZ&endRange=2025-10-14T23:59:59Z&startRange=2025-05-15T09:00:00Z,1.0,3.0,33%,239.0,<Response [200]>,,2025-10-20T10:13:46.967173
,,,,,,ORY,,,,,RHO,,,,2025-10-14T23:59:59Z,2025-05-15T09:00:00Z,destination=ORY&origin=RHO&endRange=2025-10-14T23:59:59Z&startRange=2025-05-15T09:00:00Z,1.0,3.0,33%,240.0,<Response [200]>,,2025-10-20T10:13:46.967173
,,,,,,OSD,,,,,ARN,,,,2025-10-14T23:59:59Z,2025-05-15T09:00:00Z,destination=OSD&origin=ARN&endRange=2025-10-14T23:59:59Z&startRange=2025-05-15T09:00:00Z,1.0,3.0,33%,278.0,<Response [200]>,,2025-10-20T10:13:46.967173
,,,,,,OSL,,,,,HAU,,,,2025-10-14T23:59:59Z,2025-05-15T09:00:00Z,destination=OSL&origin=HAU&endRange=2025-10-14T23:59:59Z&startRange=2025-05-15T09:00:00Z,1.0,3.0,33%,243.0,<Response [200]>,,2025-10-20T10:13:46.967173
,,,,,,OTP,,,,,SCV,,,,2025-10-14T23:59:59Z,2025-05-15T09:00:00Z,destination=OTP&origin=SCV&endRange=2025-10-14T23:59:59Z&startRange=2025-05-15T09:00:00Z,1.0,3.0,33%,211.0,<Response [200]>,,2025-10-20T10:27:40.242346
,,,,,,PLQ,,,,,RIX,,,,2025-10-14T23:59:59Z,2025-05-15T09:00:00Z,destination=PLQ&origin=RIX&endRange=2025-10-14T23:59:59Z&startRange=2025-05-15T09:00:00Z,1.0,3.0,33%,232.0,<Response [200]>,,2025-10-20T17:45:23.152861
,,,,,,PRG,,,,,ORY,,,,2025-10-14T23:59:59Z,2025-05-15T09:00:00Z,destination=PRG&origin=ORY&endRange=2025-10-14T23:59:59Z&startRange=2025-05-15T09:00:00Z,1.0,3.0,33%,275.0,<Response [200]>,,2025-10-20T17:51:32.909636
,,,,,,PSA,,,,,AMS,,,,2025-10-14T23:59:59Z,2025-05-15T09:00:00Z,destination=PSA&origin=AMS&endRange=2025-10-14T23:59:59Z&startRange=2025-05-15T09:00:00Z,1.0,3.0,33%,233.0,<Response [200]>,,2025-10-20T17:52:15.915541
,,,,,,PUF,,,,,ORY,,,,2025-10-14T23:59:59Z,2025-05-15T09:00:00Z,destination=PUF&origin=ORY&endRange=2025-10-14T23:59:59Z&startRange=2025-05-15T09:00:00Z,1.0,3.0,33%,299.0,<Response [200]>,,2025-10-20T17:53:42.026517
,,,,,,PVK,,,,,AMS,,,,2025-10-14T23:59:59Z,2025-05-15T09:00:00Z,destination=PVK&origin=AMS&endRange=2025-10-14T23:59:59Z&startRange=2025-05-15T09:00:00Z,1.0,3.0,33%,247.0,<Response [200]>,,2025-10-20T17:54:25.030878
,,,,,,RDZ,,,,,ORY,,,,2025-10-14T23:59:59Z,2025-05-15T09:00:00Z,destination=RDZ&origin=ORY&endRange=2025-10-14T23:59:59Z&startRange=2025-05-15T09:00:00Z,1.0,3.0,33%,239.0,<Response [200]>,,2025-10-20T17:55:29.520082
,,,,,,RHO,,,,,ORY,,,,2025-10-14T23:59:59Z,2025-05-15T09:00:00Z,destination=RHO&origin=ORY&endRange=2025-10-14T23:59:59Z&startRange=2025-05-15T09:00:00Z,1.0,3.0,33%,239.0,<Response [200]>,,2025-10-20T17:57:38.151866
,,,,,,RIX,,,,,CDG,,,,2025-10-14T23:59:59Z,2025-05-15T09:00:00Z,destination=RIX&origin=CDG&endRange=2025-10-14T23:59:59Z&startRange=2025-05-15T09:00:00Z,1.0,3.0,33%,240.0,<Response [200]>,,2025-10-20T17:58:21.966206
,,,,,,RIX,,,,,HEL,,,,2025-10-14T23:59:59Z,2025-05-15T09:00:00Z,destination=RIX&origin=HEL&endRange=2025-10-14T23:59:59Z&startRange=2025-05-15T09:00:00Z,1.0,3.0,33%,288.0,<Response [200]>,,2025-10-20T17:58:43.534846
,,,,,,RIX,,,,,TMP,,,,2025-10-14T23:59:59Z,2025-05-15T09:00:00Z,destination=RIX&origin=TMP&endRange=2025-10-14T23:59:59Z&startRange=2025-05-15T09:00:00Z,1.0,3.0,33%,281.0,<Response [200]>,,2025-10-20T17:59:48.008543
,,,,,,RIX,,,,,VNO,,,,2025-10-14T23:59:59Z,2025-05-15T09:00:00Z,destination=RIX&origin=VNO&endRange=2025-10-14T23:59:59Z&startRange=2025-05-15T09:00:00Z,1.0,3.0,33%,297.0,<Response [200]>,,2025-10-20T18:00:09.512844
,,,,,,SKG,,,,,AMS,,,,2025-10-14T23:59:59Z,2025-05-15T09:00:00Z,destination=SKG&origin=AMS&endRange=2025-10-14T23:59:59Z&startRange=2025-05-15T09:00:00Z,1.0,3.0,33%,215.0,<Response [200]>,,2025-10-20T18:04:26.878469
,,,,,,SMI,,,,,AMS,,,,2025-10-14T23:59:59Z,2025-05-15T09:00:00Z,destination=SMI&origin=AMS&endRange=2025-10-14T23:59:59Z&startRange=2025-05-15T09:00:00Z,1.0,3.0,33%,207.0,<Response [200]>,,2025-10-20T18:06:35.625687
,,,,,,SPU,,,,,CDG,,,,2025-10-14T23:59:59Z,2025-05-15T09:00:00Z,destination=SPU&origin=CDG&endRange=2025-10-14T23:59:59Z&startRange=2025-05-15T09:00:00Z,1.0,3.0,33%,261.0,<Response [200]>,,
,,,,,,STR,,,,,CDG,,,,2025-10-14T23:59:59Z,2025-05-15T09:00:00Z,destination=STR&origin=CDG&endRange=2025-10-14T23:59:59Z&startRange=2025-05-15T09:00:00Z,1.0,3.0,33%,258.0,<Response [200]>,,
,,,,,,TIA,,,,,FCO,,,,2025-10-14T23:59:59Z,2025-05-15T09:00:00Z,destination=TIA&origin=FCO&endRange=2025-10-14T23:59:59Z&startRange=2025-05-15T09:00:00Z,1.0,3.0,33%,228.0,<Response [200]>,,
,,,,,,TKU,,,,,ARN,,,,2025-10-14T23:59:59Z,2025-05-15T09:00:00Z,destination=TKU&origin=ARN&endRange=2025-10-14T23:59:59Z&startRange=2025-05-15T09:00:00Z,1.0,3.0,33%,276.0,<Response [200]>,,
,,,,,,TLL,,,,,CPH,,,,2025-10-14T23:59:59Z,2025-05-15T09:00:00Z,destination=TLL&origin=CPH&endRange=2025-10-14T23:59:59Z&startRange=2025-05-15T09:00:00Z,1.0,3.0,33%,217.0,<Response [200]>,,
,,,,,,TLL,,,,,RIX,,,,2025-10-14T23:59:59Z,2025-05-15T09:00:00Z,destination=TLL&origin=RIX&endRange=2025-10-14T23:59:59Z&startRange=2025-05-15T09:00:00Z,1.0,3.0,33%,284.0,<Response [200]>,,
,,,,,,TLS,,,,,LYS,,,,2025-10-14T23:59:59Z,2025-05-15T09:00:00Z,destination=TLS&origin=LYS&endRange=2025-10-14T23:59:59Z&startRange=2025-05-15T09:00:00Z,1.0,3.0,33%,275.0,<Response [200]>,,
,,,,,,TOS,,,,,TRD,,,,2025-10-14T23:59:59Z,2025-05-15T09:00:00Z,destination=TOS&origin=TRD&endRange=2025-10-14T23:59:59Z&startRange=2025-05-15T09:00:00Z,1.0,3.0,33%,218.0,<Response [200]>,,
,,,,,,TRF,,,,,SVG,,,,2025-10-14T23:59:59Z,2025-05-15T09:00:00Z,destination=TRF&origin=SVG&endRange=2025-10-14T23:59:59Z&startRange=2025-05-15T09:00:00Z,1.0,3.0,33%,254.0,<Response [200]>,,
,,,,,,VAR,,,,,SOF,,,,2025-10-14T23:59:59Z,2025-05-15T09:00:00Z,destination=VAR&origin=SOF&endRange=2025-10-14T23:59:59Z&startRange=2025-05-15T09:00:00Z,1.0,3.0,33%,284.0,<Response [200]>,,
,,,,,,VNO,,,,,RIX,,,,2025-10-14T23:59:59Z,2025-05-15T09:00:00Z,destination=VNO&origin=RIX&endRange=2025-10-14T23:59:59Z&startRange=2025-05-15T09:00:00Z,1.0,3.0,33%,277.0,<Response [200]>,,
,,,,,,AAR,,,,,CPH,,,,2025-10-14T23:59:59Z,2025-05-15T09:00:00Z,destination=AAR&origin=CPH&endRange=2025-10-14T23:59:59Z&startRange=2025-05-15T09:00:00Z,2.0,5.0,40%,443.0,<Response [200]>,,
,,,,,,AHO,,,,,FCO,,,,2025-10-14T23:59:59Z,2025-05-15T09:00:00Z,destination=AHO&origin=FCO&endRange=2025-10-14T23:59:59Z&startRange=2025-05-15T09:00:00Z,2.0,5.0,40%,483.0,<Response [200]>,,
,,,,,,AJA,,,,,MRS,,,,2025-10-14T23:59:59Z,2025-05-15T09:00:00Z,destination=AJA&origin=MRS&endRange=2025-10-14T23:59:59Z&startRange=2025-05-15T09:00:00Z,2.0,5.0,40%,483.0,<Response [200]>,,
,,,,,,AJA,,,,,NCE,,,,2025-10-14T23:59:59Z,2025-05-15T09:00:00Z,destination=AJA&origin=NCE&endRange=2025-10-14T23:59:59Z&startRange=2025-05-15T09:00:00Z,2.0,5.0,40%,466.0,<Response [200]>,,
,,,,,,AMS,,,,,BEG,,,,2025-10-14T23:59:59Z,2025-05-15T09:00:00Z,destination=AMS&origin=BEG&endRange=2025-10-14T23:59:59Z&startRange=2025-05-15T09:00:00Z,2.0,5.0,40%,498.0,<Response [200]>,,
,,,,,,AMS,,,,,CWL,,,,2025-10-14T23:59:59Z,2025-05-15T09:00:00Z,destination=AMS&origin=CWL&endRange=2025-10-14T23:59:59Z&startRange=2025-05-15T09:00:00Z,2.0,5.0,40%,473.0,<Response [200]>,,
,,,,,,AMS,,,,,HUY,,,,2025-10-14T23:59:59Z,2025-05-15T09:00:00Z,destination=AMS&origin=HUY&endRange=2025-10-14T23:59:59Z&startRange=2025-05-15T09:00:00Z,2.0,5.0,40%,457.0,<Response [200]>,,
,,,,,,AMS,,,,,LBA,,,,2025-10-14T23:59:59Z,2025-05-15T09:00:00Z,destination=AMS&origin=LBA&endRange=2025-10-14T23:59:59Z&startRange=2025-05-15T09:00:00Z,2.0,5.0,40%,456.0,<Response [200]>,,
,,,,,,AMS,,,,,LPA,,,,2025-10-14T23:59:59Z,2025-05-15T09:00:00Z,destination=AMS&origin=LPA&endRange=2025-10-14T23:59:59Z&startRange=2025-05-15T09:00:00Z,2.0,5.0,40%,448.0,<Response [200]>,,
,,,,,,AMS,,,,,MRS,,,,2025-10-14T23:59:59Z,2025-05-15T09:00:00Z,destination=AMS&origin=MRS&endRange=2025-10-14T23:59:59Z&startRange=2025-05-15T09:00:00Z,2.0,5.0,40%,457.0,<Response [200]>,,
,,,,,,AMS,,,,,NTE,,,,2025-10-14T23:59:59Z,2025-05-15T09:00:00Z,destination=AMS&origin=NTE&endRange=2025-10-14T23:59:59Z&startRange=2025-05-15T09:00:00Z,2.0,5.0,40%,457.0,<Response [200]>,,
,,,,,,AMS,,,,,RIX,,,,2025-10-14T23:59:59Z,2025-05-15T09:00:00Z,destination=AMS&origin=RIX&endRange=2025-10-14T23:59:59Z&startRange=2025-05-15T09:00:00Z,2.0,5.0,40%,457.0,<Response [200]>,,
,,,,,,AMS,,,,,SOU,,,,2025-10-14T23:59:59Z,2025-05-15T09:00:00Z,destination=AMS&origin=SOU&endRange=2025-10-14T23:59:59Z&startRange=2025-05-15T09:00:00Z,2.0,5.0,40%,489.0,<Response [200]>,,2025-10-20T10:07:33.243155
,,,,,,AMS,,,,,TRD,,,,2025-10-14T23:59:59Z,2025-05-15T09:00:00Z,destination=AMS&origin=TRD&endRange=2025-10-14T23:59:59Z&startRange=2025-05-15T09:00:00Z,2.0,5.0,40%,458.0,<Response [200]>,,2025-10-20T10:25:22.637687
,,,,,,BDS,,,,,FCO,,,,2025-10-14T23:59:59Z,2025-05-15T09:00:00Z,destination=BDS&origin=FCO&endRange=2025-10-14T23:59:59Z&startRange=2025-05-15T09:00:00Z,2.0,5.0,40%,446.0,<Response [200]>,,
,,,,,,BEG,,,,,TGD,,,,2025-10-14T23:59:59Z,2025-05-15T09:00:00Z,destination=BEG&origin=TGD&endRange=2025-10-14T23:59:59Z&startRange=2025-05-15T09:00:00Z,2.0,5.0,40%,458.0,<Response [200]>,,
,,,,,,BGO,,,,,BOO,,,,2025-10-14T23:59:59Z,2025-05-15T09:00:00Z,destination=BGO&origin=BOO&endRange=2025-10-14T23:59:59Z&startRange=2025-05-15T09:00:00Z,2.0,5.0,40%,454.0,<Response [200]>,,
,,,,,,BGO,,,,,OSL,,,,2025-10-14T23:59:59Z,2025-05-15T09:00:00Z,destination=BGO&origin=OSL&endRange=2025-10-14T23:59:59Z&startRange=2025-05-15T09:00:00Z,2.0,5.0,40%,477.0,<Response [200]>,,
,,,,,,MRS,,,,,BIA,,,,2025-10-14T23:59:59Z,2025-05-15T09:00:00Z,destination=MRS&origin=BIA&endRange=2025-10-14T23:59:59Z&startRange=2025-05-15T09:00:00Z,2.0,5.0,40%,486.0,<Response [200]>,,
,,,,,,NCE,,,,,BIA,,,,2025-10-14T23:59:59Z,2025-05-15T09:00:00Z,destination=NCE&origin=BIA&endRange=2025-10-14T23:59:59Z&startRange=2025-05-15T09:00:00Z,2.0,5.0,40%,491.0,<Response [200]>,,
,,,,,,TGD,,,,,BEG,,,,2025-10-14T23:59:59Z,2025-05-15T09:00:00Z,destination=TGD&origin=BEG&endRange=2025-10-14T23:59:59Z&startRange=2025-05-15T09:00:00Z,2.0,5.0,40%,458.0,<Response [200]>,,
,,,,,,TRD,,,,,BOO,,,,2025-10-14T23:59:59Z,2025-05-15T09:00:00Z,destination=TRD&origin=BOO&endRange=2025-10-14T23:59:59Z&startRange=2025-05-15T09:00:00Z,2.0,5.0,40%,409.0,<Response [200]>,,
,,,,,,AES,,,,,AMS,,,,2025-10-14T23:59:59Z,2025-05-15T09:00:00Z,destination=AES&origin=AMS&endRange=2025-10-14T23:59:59Z&startRange=2025-05-15T09:00:00Z,2.0,4.0,50%,306.0,<Response [200]>,,
,,,,,,AES,,,,,BGO,,,,2025-10-14T23:59:59Z,2025-05-15T09:00:00Z,destination=AES&origin=BGO&endRange=2025-10-14T23:59:59Z&startRange=2025-05-15T09:00:00Z,2.0,4.0,50%,308.0,<Response [200]>,,
,,,,,,AES,,,,,OSL,,,,2025-10-14T23:59:59Z,2025-05-15T09:00:00Z,destination=AES&origin=OSL&endRange=2025-10-14T23:59:59Z&startRange=2025-05-15T09:00:00Z,2.0,4.0,50%,376.0,<Response [200]>,,
,,,,,,AHO,,,,,LIN,,,,2025-10-14T23:59:59Z,2025-05-15T09:00:00Z,destination=AHO&origin=LIN&endRange=2025-10-14T23:59:59Z&startRange=2025-05-15T09:00:00Z,2.0,4.0,50%,334.0,<Response [200]>,,
,,,,,,AMS,,,,,AES,,,,2025-10-14T23:59:59Z,2025-05-15T09:00:00Z,destination=AMS&origin=AES&endRange=2025-10-14T23:59:59Z&startRange=2025-05-15T09:00:00Z,2.0,4.0,50%,305.0,<Response [200]>,,2025-10-19T14:16:16.413076
,,,,,,AMS,,,,,BHD,,,,2025-10-14T23:59:59Z,2025-05-15T09:00:00Z,destination=AMS&origin=BHD&endRange=2025-10-14T23:59:59Z&startRange=2025-05-15T09:00:00Z,2.0,4.0,50%,304.0,<Response [200]>,,
,,,,,,AMS,,,,,GOA,,,,2025-10-14T23:59:59Z,2025-05-15T09:00:00Z,destination=AMS&origin=GOA&endRange=2025-10-14T23:59:59Z&startRange=2025-05-15T09:00:00Z,2.0,4.0,50%,347.0,<Response [200]>,,
,,,,,,AMS,,,,,INV,,,,2025-10-14T23:59:59Z,2025-05-15T09:00:00Z,destination=AMS&origin=INV&endRange=2025-10-14T23:59:59Z&startRange=2025-05-15T09:00:00Z,2.0,4.0,50%,375.0,<Response [200]>,,
,,,,,,AMS,,,,,KGS,,,,2025-10-14T23:59:59Z,2025-05-15T09:00:00Z,destination=AMS&origin=KGS&endRange=2025-10-14T23:59:59Z&startRange=2025-05-15T09:00:00Z,2.0,4.0,50%,367.0,<Response [200]>,,
,,,,,,AMS,,,,,KRS,,,,2025-10-14T23:59:59Z,2025-05-15T09:00:00Z,destination=AMS&origin=KRS&endRange=2025-10-14T23:59:59Z&startRange=2025-05-15T09:00:00Z,2.0,4.0,50%,384.0,<Response [200]>,,
,,,,,,AMS,,,,,MME,,,,2025-10-14T23:59:59Z,2025-05-15T09:00:00Z,destination=AMS&origin=MME&endRange=2025-10-14T23:59:59Z&startRange=2025-05-15T09:00:00Z,2.0,4.0,50%,374.0,<Response [200]>,,
,,,,,,AMS,,,,,NAP,,,,2025-10-14T23:59:59Z,2025-05-15T09:00:00Z,destination=AMS&origin=NAP&endRange=2025-10-14T23:59:59Z&startRange=2025-05-15T09:00:00Z,2.0,4.0,50%,380.0,<Response [200]>,,
,,,,,,AMS,,,,,ORK,,,,2025-10-14T23:59:59Z,2025-05-15T09:00:00Z,destination=AMS&origin=ORK&endRange=2025-10-14T23:59:59Z&startRange=2025-05-15T09:00:00Z,2.0,4.0,50%,352.0,<Response [200]>,,
,,,,,,AMS,,,,,POZ,,,,2025-10-14T23:59:59Z,2025-05-15T09:00:00Z,destination=AMS&origin=POZ&endRange=2025-10-14T23:59:59Z&startRange=2025-05-15T09:00:00Z,2.0,4.0,50%,303.0,<Response [200]>,,
,,,,,,AMS,,,,,RHO,,,,2025-10-14T23:59:59Z,2025-05-15T09:00:00Z,destination=AMS&origin=RHO&endRange=2025-10-14T23:59:59Z&startRange=2025-05-15T09:00:00Z,2.0,4.0,50%,362.0,<Response [200]>,,
,,,,,,AMS,,,,,TFS,,,,2025-10-14T23:59:59Z,2025-05-15T09:00:00Z,destination=AMS&origin=TFS&endRange=2025-10-14T23:59:59Z&startRange=2025-05-15T09:00:00Z,2.0,4.0,50%,309.0,<Response [200]>,,2025-10-20T10:25:22.637687
,,,,,,AMS,,,,,TLL,,,,2025-10-14T23:59:59Z,2025-05-15T09:00:00Z,destination=AMS&origin=TLL&endRange=2025-10-14T23:59:59Z&startRange=2025-05-15T09:00:00Z,2.0,4.0,50%,305.0,<Response [200]>,,2025-10-20T10:25:22.637687
,,,,,,AMS,,,,,TRN,,,,2025-10-14T23:59:59Z,2025-05-15T09:00:00Z,destination=AMS&origin=TRN&endRange=2025-10-14T23:59:59Z&startRange=2025-05-15T09:00:00Z,2.0,4.0,50%,305.0,<Response [200]>,,2025-10-20T10:25:22.637687
,,,,,,AMS,,,,,VNO,,,,2025-10-14T23:59:59Z,2025-05-15T09:00:00Z,destination=AMS&origin=VNO&endRange=2025-10-14T23:59:59Z&startRange=2025-05-15T09:00:00Z,2.0,4.0,50%,307.0,<Response [200]>,,2025-10-20T10:25:22.637687
,,,,,,AMS,,,,,WRO,,,,2025-10-14T23:59:59Z,2025-05-15T09:00:00Z,destination=AMS&origin=WRO&endRange=2025-10-14T23:59:59Z&startRange=2025-05-15T09:00:00Z,2.0,4.0,50%,304.0,<Response [200]>,,2025-10-20T10:25:22.637687
,,,,,,BDS,,,,,LIN,,,,2025-10-14T23:59:59Z,2025-05-15T09:00:00Z,destination=BDS&origin=LIN&endRange=2025-10-14T23:59:59Z&startRange=2025-05-15T09:00:00Z,2.0,4.0,50%,305.0,<Response [200]>,,
,,,,,,BEG,,,,,CDG,,,,2025-10-14T23:59:59Z,2025-05-15T09:00:00Z,destination=BEG&origin=CDG&endRange=2025-10-14T23:59:59Z&startRange=2025-05-15T09:00:00Z,2.0,4.0,50%,310.0,<Response [200]>,,
,,,,,,BGO,,,,,KRS,,,,2025-10-14T23:59:59Z,2025-05-15T09:00:00Z,destination=BGO&origin=KRS&endRange=2025-10-14T23:59:59Z&startRange=2025-05-15T09:00:00Z,2.0,4.0,50%,308.0,<Response [200]>,,
,,,,,,BHD,,,,,AMS,,,,2025-10-14T23:59:59Z,2025-05-15T09:00:00Z,destination=BHD&origin=AMS&endRange=2025-10-14T23:59:59Z&startRange=2025-05-15T09:00:00Z,2.0,4.0,50%,306.0,<Response [200]>,,
,,,,,,BOO,,,,,BGO,,,,2025-10-14T23:59:59Z,2025-05-15T09:00:00Z,destination=BOO&origin=BGO&endRange=2025-10-14T23:59:59Z&startRange=2025-05-15T09:00:00Z,2.0,4.0,50%,360.0,<Response [200]>,,
,,,,,,KRS,,,,,BGO,,,,2025-10-14T23:59:59Z,2025-05-15T09:00:00Z,destination=KRS&origin=BGO&endRange=2025-10-14T23:59:59Z&startRange=2025-05-15T09:00:00Z,2.0,4.0,50%,308.0,<Response [200]>,,
,,,,,,ABZ,,,,,BGO,,,,2025-10-14T23:59:59Z,2025-05-15T09:00:00Z,destination=ABZ&origin=BGO&endRange=2025-10-14T23:59:59Z&startRange=2025-05-15T09:00:00Z,1.0,2.0,50%,128.0,<Response [200]>,,
,,,,,,ACE,,,,,AMS,,,,2025-10-14T23:59:59Z,2025-05-15T09:00:00Z,destination=ACE&origin=AMS&endRange=2025-10-14T23:59:59Z&startRange=2025-05-15T09:00:00Z,1.0,2.0,50%,108.0,<Response [200]>,,
,,,,,,ACE,,,,,ORY,,,,2025-10-14T23:59:59Z,2025-05-15T09:00:00Z,destination=ACE&origin=ORY&endRange=2025-10-14T23:59:59Z&startRange=2025-05-15T09:00:00Z,1.0,2.0,50%,102.0,<Response [200]>,,
,,,,,,AES,,,,,TRD,,,,2025-10-14T23:59:59Z,2025-05-15T09:00:00Z,destination=AES&origin=TRD&endRange=2025-10-14T23:59:59Z&startRange=2025-05-15T09:00:00Z,1.0,2.0,50%,165.0,<Response [200]>,,
,,,,,,AJA,,,,,CDG,,,,2025-10-14T23:59:59Z,2025-05-15T09:00:00Z,destination=AJA&origin=CDG&endRange=2025-10-14T23:59:59Z&startRange=2025-05-15T09:00:00Z,1.0,2.0,50%,157.0,<Response [200]>,,
,,,,,,AJA,,,,,LYS,,,,2025-10-14T23:59:59Z,2025-05-15T09:00:00Z,destination=AJA&origin=LYS&endRange=2025-10-14T23:59:59Z&startRange=2025-05-15T09:00:00Z,1.0,2.0,50%,158.0,<Response [200]>,,
,,,,,,AMS,,,,,ACE,,,,2025-10-14T23:59:59Z,2025-05-15T09:00:00Z,destination=AMS&origin=ACE&endRange=2025-10-14T23:59:59Z&startRange=2025-05-15T09:00:00Z,1.0,2.0,50%,109.0,<Response [200]>,,2025-10-19T14:16:16.413076
,,,,,,AMS,,,,,AOK,,,,2025-10-14T23:59:59Z,2025-05-15T09:00:00Z,destination=AMS&origin=AOK&endRange=2025-10-14T23:59:59Z&startRange=2025-05-15T09:00:00Z,1.0,2.0,50%,108.0,<Response [200]>,,2025-10-19T14:27:35.929608
,,,,,,AMS,,,,,BRI,,,,2025-10-14T23:59:59Z,2025-05-15T09:00:00Z,destination=AMS&origin=BRI&endRange=2025-10-14T23:59:59Z&startRange=2025-05-15T09:00:00Z,1.0,2.0,50%,188.0,<Response [200]>,,
,,,,,,AMS,,,,,CFU,,,,2025-10-14T23:59:59Z,2025-05-15T09:00:00Z,destination=AMS&origin=CFU&endRange=2025-10-14T23:59:59Z&startRange=2025-05-15T09:00:00Z,1.0,2.0,50%,186.0,<Response [200]>,,
,,,,,,AMS,,,,,CHQ,,,,2025-10-14T23:59:59Z,2025-05-15T09:00:00Z,destination=AMS&origin=CHQ&endRange=2025-10-14T23:59:59Z&startRange=2025-05-15T09:00:00Z,1.0,2.0,50%,133.0,<Response [200]>,,
,,,,,,AMS,,,,,EFL,,,,2025-10-14T23:59:59Z,2025-05-15T09:00:00Z,destination=AMS&origin=EFL&endRange=2025-10-14T23:59:59Z&startRange=2025-05-15T09:00:00Z,1.0,2.0,50%,113.0,<Response [200]>,,
,,,,,,AMS,,,,,EXT,,,,2025-10-14T23:59:59Z,2025-05-15T09:00:00Z,destination=AMS&origin=EXT&endRange=2025-10-14T23:59:59Z&startRange=2025-05-15T09:00:00Z,1.0,2.0,50%,153.0,<Response [200]>,,
,,,,,,AMS,,,,,FUE,,,,2025-10-14T23:59:59Z,2025-05-15T09:00:00Z,destination=AMS&origin=FUE&endRange=2025-10-14T23:59:59Z&startRange=2025-05-15T09:00:00Z,1.0,2.0,50%,163.0,<Response [200]>,,
,,,,,,AMS,,,,,GRO,,,,2025-10-14T23:59:59Z,2025-05-15T09:00:00Z,destination=AMS&origin=GRO&endRange=2025-10-14T23:59:59Z&startRange=2025-05-15T09:00:00Z,1.0,2.0,50%,141.0,<Response [200]>,,
,,,,,,AMS,,,,,LPL,,,,2025-10-14T23:59:59Z,2025-05-15T09:00:00Z,destination=AMS&origin=LPL&endRange=2025-10-14T23:59:59Z&startRange=2025-05-15T09:00:00Z,1.0,2.0,50%,133.0,<Response [200]>,,
,,,,,,AMS,,,,,MJT,,,,2025-10-14T23:59:59Z,2025-05-15T09:00:00Z,destination=AMS&origin=MJT&endRange=2025-10-14T23:59:59Z&startRange=2025-05-15T09:00:00Z,1.0,2.0,50%,126.0,<Response [200]>,,
,,,,,,AMS,,,,,SOF,,,,2025-10-14T23:59:59Z,2025-05-15T09:00:00Z,destination=AMS&origin=SOF&endRange=2025-10-14T23:59:59Z&startRange=2025-05-15T09:00:00Z,1.0,2.0,50%,155.0,<Response [200]>,,2025-10-18T16_18_34.796549
,,,,,,AMS,,,,,STN,,,,2025-10-14T23:59:59Z,2025-05-15T09:00:00Z,destination=AMS&origin=STN&endRange=2025-10-14T23:59:59Z&startRange=2025-05-15T09:00:00Z,1.0,2.0,50%,166.0,<Response [200]>,,2025-10-20T10:25:22.637687
,,,,,,AOK,,,,,AMS,,,,2025-10-14T23:59:59Z,2025-05-15T09:00:00Z,destination=AOK&origin=AMS&endRange=2025-10-14T23:59:59Z&startRange=2025-05-15T09:00:00Z,1.0,2.0,50%,105.0,<Response [200]>,,2025-10-19T14:34:02.771776
,,,,,,ARN,,,,,BGO,,,,2025-10-14T23:59:59Z,2025-05-15T09:00:00Z,destination=ARN&origin=BGO&endRange=2025-10-14T23:59:59Z&startRange=2025-05-15T09:00:00Z,1.0,2.0,50%,126.0,<Response [200]>,,2025-10-20T10:25:22.637687
,,,,,,ARN,,,,,CPH,,,,2025-10-14T23:59:59Z,2025-05-15T09:00:00Z,destination=ARN&origin=CPH&endRange=2025-10-14T23:59:59Z&startRange=2025-05-15T09:00:00Z,1.0,2.0,50%,117.0,<Response [200]>,,2025-10-20T10:25:22.637687
,,,,,,ARN,,,,,ORY,,,,2025-10-14T23:59:59Z,2025-05-15T09:00:00Z,destination=ARN&origin=ORY&endRange=2025-10-14T23:59:59Z&startRange=2025-05-15T09:00:00Z,1.0,2.0,50%,106.0,<Response [200]>,,2025-10-20T10:25:22.637687
,,,,,,ARN,,,,,SDL,,,,2025-10-14T23:59:59Z,2025-05-15T09:00:00Z,destination=ARN&origin=SDL&endRange=2025-10-14T23:59:59Z&startRange=2025-05-15T09:00:00Z,1.0,2.0,50%,193.0,<Response [200]>,,2025-10-20T10:25:22.637687
,,,,,,ARN,,,,,TRD,,,,2025-10-14T23:59:59Z,2025-05-15T09:00:00Z,destination=ARN&origin=TRD&endRange=2025-10-14T23:59:59Z&startRange=2025-05-15T09:00:00Z,1.0,2.0,50%,111.0,<Response [200]>,,2025-10-20T10:25:22.637687
,,,,,,ARN,,,,,VAA,,,,2025-10-14T23:59:59Z,2025-05-15T09:00:00Z,destination=ARN&origin=VAA&endRange=2025-10-14T23:59:59Z&startRange=2025-05-15T09:00:00Z,1.0,2.0,50%,186.0,<Response [200]>,,2025-10-20T10:25:22.637687
,,,,,,ARN,,,,,VNO,,,,2025-10-14T23:59:59Z,2025-05-15T09:00:00Z,destination=ARN&origin=VNO&endRange=2025-10-14T23:59:59Z&startRange=2025-05-15T09:00:00Z,1.0,2.0,50%,166.0,<Response [200]>,,2025-10-20T10:25:22.637687
,,,,,,ATH,,,,,FCO,,,,2025-10-14T23:59:59Z,2025-05-15T09:00:00Z,destination=ATH&origin=FCO&endRange=2025-10-14T23:59:59Z&startRange=2025-05-15T09:00:00Z,1.0,2.0,50%,169.0,<Response [200]>,,2025-10-20T10:25:22.637687
,,,,,,BCN,,,,,FCO,,,,2025-10-14T23:59:59Z,2025-05-15T09:00:00Z,destination=BCN&origin=FCO&endRange=2025-10-14T23:59:59Z&startRange=2025-05-15T09:00:00Z,1.0,2.0,50%,111.0,<Response [200]>,,
,,,,,,BCN,,,,,MAD,,,,2025-10-14T23:59:59Z,2025-05-15T09:00:00Z,destination=BCN&origin=MAD&endRange=2025-10-14T23:59:59Z&startRange=2025-05-15T09:00:00Z,1.0,2.0,50%,134.0,<Response [200]>,,
,,,,,,BDS,,,,,ORY,,,,2025-10-14T23:59:59Z,2025-05-15T09:00:00Z,destination=BDS&origin=ORY&endRange=2025-10-14T23:59:59Z&startRange=2025-05-15T09:00:00Z,1.0,2.0,50%,106.0,<Response [200]>,,
,,,,,,BEG,,,,,SJJ,,,,2025-10-14T23:59:59Z,2025-05-15T09:00:00Z,destination=BEG&origin=SJJ&endRange=2025-10-14T23:59:59Z&startRange=2025-05-15T09:00:00Z,1.0,2.0,50%,153.0,<Response [200]>,,
,,,,,,BEG,,,,,SKG,,,,2025-10-14T23:59:59Z,2025-05-15T09:00:00Z,destination=BEG&origin=SKG&endRange=2025-10-14T23:59:59Z&startRange=2025-05-15T09:00:00Z,1.0,2.0,50%,186.0,<Response [200]>,,
,,,,,,BEG,,,,,SOF,,,,2025-10-14T23:59:59Z,2025-05-15T09:00:00Z,destination=BEG&origin=SOF&endRange=2025-10-14T23:59:59Z&startRange=2025-05-15T09:00:00Z,1.0,2.0,50%,188.0,<Response [200]>,,
,,,,,,BEG,,,,,TIV,,,,2025-10-14T23:59:59Z,2025-05-15T09:00:00Z,destination=BEG&origin=TIV&endRange=2025-10-14T23:59:59Z&startRange=2025-05-15T09:00:00Z,1.0,2.0,50%,153.0,<Response [200]>,,
,,,,,,BFS,,,,,AMS,,,,2025-10-14T23:59:59Z,2025-05-15T09:00:00Z,destination=BFS&origin=AMS&endRange=2025-10-14T23:59:59Z&startRange=2025-05-15T09:00:00Z,1.0,2.0,50%,106.0,<Response [200]>,,2025-10-19T14:34:02.771776
,,,,,,BFS,,,,,CDG,,,,2025-10-14T23:59:59Z,2025-05-15T09:00:00Z,destination=BFS&origin=CDG&endRange=2025-10-14T23:59:59Z&startRange=2025-05-15T09:00:00Z,1.0,2.0,50%,130.0,<Response [200]>,,
,,,,,,BGO,,,,,ABZ,,,,2025-10-14T23:59:59Z,2025-05-15T09:00:00Z,destination=BGO&origin=ABZ&endRange=2025-10-14T23:59:59Z&startRange=2025-05-15T09:00:00Z,1.0,2.0,50%,128.0,<Response [200]>,,2025-10-19T14:34:02.771776
,,,,,,BGO,,,,,ARN,,,,2025-10-14T23:59:59Z,2025-05-15T09:00:00Z,destination=BGO&origin=ARN&endRange=2025-10-14T23:59:59Z&startRange=2025-05-15T09:00:00Z,1.0,2.0,50%,116.0,<Response [200]>,,
,,,,,,BGO,,,,,CDG,,,,2025-10-14T23:59:59Z,2025-05-15T09:00:00Z,destination=BGO&origin=CDG&endRange=2025-10-14T23:59:59Z&startRange=2025-05-15T09:00:00Z,1.0,2.0,50%,198.0,<Response [200]>,,
,,,,,,BGO,,,,,TRF,,,,2025-10-14T23:59:59Z,2025-05-15T09:00:00Z,destination=BGO&origin=TRF&endRange=2025-10-14T23:59:59Z&startRange=2025-05-15T09:00:00Z,1.0,2.0,50%,158.0,<Response [200]>,,
,,,,,,BIA,,,,,LYS,,,,2025-10-14T23:59:59Z,2025-05-15T09:00:00Z,destination=BIA&origin=LYS&endRange=2025-10-14T23:59:59Z&startRange=2025-05-15T09:00:00Z,1.0,2.0,50%,147.0,<Response [200]>,,2025-10-19T14:34:02.771776
,,,,,,BRI,,,,,AMS,,,,2025-10-14T23:59:59Z,2025-05-15T09:00:00Z,destination=BRI&origin=AMS&endRange=2025-10-14T23:59:59Z&startRange=2025-05-15T09:00:00Z,1.0,2.0,50%,188.0,<Response [200]>,,2025-10-19T14:34:02.771776
,,,,,,BRI,,,,,CDG,,,,2025-10-14T23:59:59Z,2025-05-15T09:00:00Z,destination=BRI&origin=CDG&endRange=2025-10-14T23:59:59Z&startRange=2025-05-15T09:00:00Z,1.0,2.0,50%,197.0,<Response [200]>,,2025-10-19T14:34:02.771776
,,,,,,BRI,,,,,ORY,,,,2025-10-14T23:59:59Z,2025-05-15T09:00:00Z,destination=BRI&origin=ORY&endRange=2025-10-14T23:59:59Z&startRange=2025-05-15T09:00:00Z,1.0,2.0,50%,163.0,<Response [200]>,,2025-10-19T14:34:02.771776
,,,,,,BRU,,,,,FCO,,,,2025-10-14T23:59:59Z,2025-05-15T09:00:00Z,destination=BRU&origin=FCO&endRange=2025-10-14T23:59:59Z&startRange=2025-05-15T09:00:00Z,1.0,2.0,50%,119.0,<Response [200]>,,2025-10-19T14:34:02.771776
,,,,,,BUD,,,,,ORY,,,,2025-10-14T23:59:59Z,2025-05-15T09:00:00Z,destination=BUD&origin=ORY&endRange=2025-10-14T23:59:59Z&startRange=2025-05-15T09:00:00Z,1.0,2.0,50%,198.0,<Response [200]>,,2025-10-19T14:34:02.771776
,,,,,,CAG,,,,,ORY,,,,2025-10-14T23:59:59Z,2025-05-15T09:00:00Z,destination=CAG&origin=ORY&endRange=2025-10-14T23:59:59Z&startRange=2025-05-15T09:00:00Z,1.0,2.0,50%,112.0,<Response [200]>,,2025-10-19T14:34:02.771776
,,,,,,CDG,,,,,AJA,,,,2025-10-14T23:59:59Z,2025-05-15T09:00:00Z,destination=CDG&origin=AJA&endRange=2025-10-14T23:59:59Z&startRange=2025-05-15T09:00:00Z,1.0,2.0,50%,157.0,<Response [200]>,,2025-10-19T14:34:02.771776
,,,,,,CDG,,,,,BFS,,,,2025-10-14T23:59:59Z,2025-05-15T09:00:00Z,destination=CDG&origin=BFS&endRange=2025-10-14T23:59:59Z&startRange=2025-05-15T09:00:00Z,1.0,2.0,50%,129.0,<Response [200]>,,2025-10-19T14:34:02.771776
,,,,,,CDG,,,,,BGO,,,,2025-10-14T23:59:59Z,2025-05-15T09:00:00Z,destination=CDG&origin=BGO&endRange=2025-10-14T23:59:59Z&startRange=2025-05-15T09:00:00Z,1.0,2.0,50%,199.0,<Response [200]>,,2025-10-19T14:34:02.771776
,,,,,,CDG,,,,,BRI,,,,2025-10-14T23:59:59Z,2025-05-15T09:00:00Z,destination=CDG&origin=BRI&endRange=2025-10-14T23:59:59Z&startRange=2025-05-15T09:00:00Z,1.0,2.0,50%,197.0,<Response [200]>,,2025-10-19T14:34:02.771776
,,,,,,CDG,,,,,CFU,,,,2025-10-14T23:59:59Z,2025-05-15T09:00:00Z,destination=CDG&origin=CFU&endRange=2025-10-14T23:59:59Z&startRange=2025-05-15T09:00:00Z,1.0,2.0,50%,111.0,<Response [200]>,,2025-10-19T14:34:02.771776
,,,,,,CDG,,,,,FNC,,,,2025-10-14T23:59:59Z,2025-05-15T09:00:00Z,destination=CDG&origin=FNC&endRange=2025-10-14T23:59:59Z&startRange=2025-05-15T09:00:00Z,1.0,2.0,50%,102.0,<Response [200]>,,2025-10-19T14:34:02.771776
,,,,,,CDG,,,,,FSC,,,,2025-10-14T23:59:59Z,2025-05-15T09:00:00Z,destination=CDG&origin=FSC&endRange=2025-10-14T23:59:59Z&startRange=2025-05-15T09:00:00Z,1.0,2.0,50%,200.0,<Response [200]>,,2025-10-19T14:34:02.771776
,,,,,,CDG,,,,,LBA,,,,2025-10-14T23:59:59Z,2025-05-15T09:00:00Z,destination=CDG&origin=LBA&endRange=2025-10-14T23:59:59Z&startRange=2025-05-15T09:00:00Z,1.0,2.0,50%,113.0,<Response [200]>,,2025-10-19T14:39:52.077216
,,,,,,CDG,,,,,LJU,,,,2025-10-14T23:59:59Z,2025-05-15T09:00:00Z,destination=CDG&origin=LJU&endRange=2025-10-14T23:59:59Z&startRange=2025-05-15T09:00:00Z,1.0,2.0,50%,174.0,<Response [200]>,,2025-10-19T14:39:52.077216
,,,,,,CDG,,,,,LPA,,,,2025-10-14T23:59:59Z,2025-05-15T09:00:00Z,destination=CDG&origin=LPA&endRange=2025-10-14T23:59:59Z&startRange=2025-05-15T09:00:00Z,1.0,2.0,50%,132.0,<Response [200]>,,2025-10-19T14:39:52.077216
,,,,,,CDG,,,,,OLB,,,,2025-10-14T23:59:59Z,2025-05-15T09:00:00Z,destination=CDG&origin=OLB&endRange=2025-10-14T23:59:59Z&startRange=2025-05-15T09:00:00Z,1.0,2.0,50%,165.0,<Response [200]>,,2025-10-19T14:39:52.077216
,,,,,,CDG,,,,,ORK,,,,2025-10-14T23:59:59Z,2025-05-15T09:00:00Z,destination=CDG&origin=ORK&endRange=2025-10-14T23:59:59Z&startRange=2025-05-15T09:00:00Z,1.0,2.0,50%,162.0,<Response [200]>,,2025-10-19T14:39:52.077216
,,,,,,CDG,,,,,PMO,,,,2025-10-14T23:59:59Z,2025-05-15T09:00:00Z,destination=CDG&origin=PMO&endRange=2025-10-14T23:59:59Z&startRange=2025-05-15T09:00:00Z,1.0,2.0,50%,137.0,<Response [200]>,,2025-10-19T14:39:52.077216
,,,,,,CDG,,,,,SOF,,,,2025-10-14T23:59:59Z,2025-05-15T09:00:00Z,destination=CDG&origin=SOF&endRange=2025-10-14T23:59:59Z&startRange=2025-05-15T09:00:00Z,1.0,2.0,50%,154.0,<Response [200]>,,2025-10-19T14:39:52.077216
,,,,,,CDG,,,,,TLL,,,,2025-10-14T23:59:59Z,2025-05-15T09:00:00Z,destination=CDG&origin=TLL&endRange=2025-10-14T23:59:59Z&startRange=2025-05-15T09:00:00Z,1.0,2.0,50%,106.0,<Response [200]>,,2025-10-19T14:39:52.077216
,,,,,,CDG,,,,,VNO,,,,2025-10-14T23:59:59Z,2025-05-15T09:00:00Z,destination=CDG&origin=VNO&endRange=2025-10-14T23:59:59Z&startRange=2025-05-15T09:00:00Z,1.0,2.0,50%,109.0,<Response [200]>,,2025-10-19T14:39:52.077216
,,,,,,CFU,,,,,AMS,,,,2025-10-14T23:59:59Z,2025-05-15T09:00:00Z,destination=CFU&origin=AMS&endRange=2025-10-14T23:59:59Z&startRange=2025-05-15T09:00:00Z,1.0,2.0,50%,184.0,<Response [200]>,,2025-10-19T14:39:52.077216
,,,,,,CFU,,,,,CDG,,,,2025-10-14T23:59:59Z,2025-05-15T09:00:00Z,destination=CFU&origin=CDG&endRange=2025-10-14T23:59:59Z&startRange=2025-05-15T09:00:00Z,1.0,2.0,50%,110.0,<Response [200]>,,2025-10-19T14:39:52.077216
,,,,,,CFU,,,,,ORY,,,,2025-10-14T23:59:59Z,2025-05-15T09:00:00Z,destination=CFU&origin=ORY&endRange=2025-10-14T23:59:59Z&startRange=2025-05-15T09:00:00Z,1.0,2.0,50%,192.0,<Response [200]>,,2025-10-19T14:39:52.077216
,,,,,,CHQ,,,,,AMS,,,,2025-10-14T23:59:59Z,2025-05-15T09:00:00Z,destination=CHQ&origin=AMS&endRange=2025-10-14T23:59:59Z&startRange=2025-05-15T09:00:00Z,1.0,2.0,50%,131.0,<Response [200]>,,2025-10-19T14:39:52.077216
,,,,,,CHQ,,,,,ORY,,,,2025-10-14T23:59:59Z,2025-05-15T09:00:00Z,destination=CHQ&origin=ORY&endRange=2025-10-14T23:59:59Z&startRange=2025-05-15T09:00:00Z,1.0,2.0,50%,161.0,<Response [200]>,,2025-10-19T14:39:52.077216
,,,,,,CPH,,,,,KEF,,,,2025-10-14T23:59:59Z,2025-05-15T09:00:00Z,destination=CPH&origin=KEF&endRange=2025-10-14T23:59:59Z&startRange=2025-05-15T09:00:00Z,1.0,2.0,50%,175.0,<Response [200]>,,2025-10-19T14:39:52.077216
,,,,,,CPH,,,,,ORY,,,,2025-10-14T23:59:59Z,2025-05-15T09:00:00Z,destination=CPH&origin=ORY&endRange=2025-10-14T23:59:59Z&startRange=2025-05-15T09:00:00Z,1.0,2.0,50%,101.0,<Response [200]>,,2025-10-19T14:39:52.077216
,,,,,,CPH,,,,,TOS,,,,2025-10-14T23:59:59Z,2025-05-15T09:00:00Z,destination=CPH&origin=TOS&endRange=2025-10-14T23:59:59Z&startRange=2025-05-15T09:00:00Z,1.0,2.0,50%,103.0,<Response [200]>,,2025-10-19T14:39:52.077216
,,,,,,CPH,,,,,TRF,,,,2025-10-14T23:59:59Z,2025-05-15T09:00:00Z,destination=CPH&origin=TRF&endRange=2025-10-14T23:59:59Z&startRange=2025-05-15T09:00:00Z,1.0,2.0,50%,130.0,<Response [200]>,,2025-10-19T14:39:52.077216
,,,,,,CTA,,,,,ORY,,,,2025-10-14T23:59:59Z,2025-05-15T09:00:00Z,destination=CTA&origin=ORY&endRange=2025-10-14T23:59:59Z&startRange=2025-05-15T09:00:00Z,1.0,2.0,50%,145.0,<Response [200]>,,2025-10-19T14:39:52.077216
,,,,,,DBV,,,,,ORY,,,,2025-10-14T23:59:59Z,2025-05-15T09:00:00Z,destination=DBV&origin=ORY&endRange=2025-10-14T23:59:59Z&startRange=2025-05-15T09:00:00Z,1.0,2.0,50%,196.0,<Response [200]>,,2025-10-19T14:39:52.077216
,,,,,,DUS,,,,,LIN,,,,2025-10-14T23:59:59Z,2025-05-15T09:00:00Z,destination=DUS&origin=LIN&endRange=2025-10-14T23:59:59Z&startRange=2025-05-15T09:00:00Z,1.0,2.0,50%,133.0,<Response [200]>,,2025-10-19T14:39:52.077216
,,,,,,EFL,,,,,AMS,,,,2025-10-14T23:59:59Z,2025-05-15T09:00:00Z,destination=EFL&origin=AMS&endRange=2025-10-14T23:59:59Z&startRange=2025-05-15T09:00:00Z,1.0,2.0,50%,112.0,<Response [200]>,,2025-10-19T14:39:52.077216
,,,,,,EXT,,,,,AMS,,,,2025-10-14T23:59:59Z,2025-05-15T09:00:00Z,destination=EXT&origin=AMS&endRange=2025-10-14T23:59:59Z&startRange=2025-05-15T09:00:00Z,1.0,2.0,50%,153.0,<Response [200]>,,2025-10-19T14:39:52.077216
,,,,,,FCO,,,,,ATH,,,,2025-10-14T23:59:59Z,2025-05-15T09:00:00Z,destination=FCO&origin=ATH&endRange=2025-10-14T23:59:59Z&startRange=2025-05-15T09:00:00Z,1.0,2.0,50%,179.0,<Response [200]>,,2025-10-19T14:39:52.077216
,,,,,,FCO,,,,,BCN,,,,2025-10-14T23:59:59Z,2025-05-15T09:00:00Z,destination=FCO&origin=BCN&endRange=2025-10-14T23:59:59Z&startRange=2025-05-15T09:00:00Z,1.0,2.0,50%,130.0,<Response [200]>,,2025-10-19T14:39:52.077216
,,,,,,FCO,,,,,BRU,,,,2025-10-14T23:59:59Z,2025-05-15T09:00:00Z,destination=FCO&origin=BRU&endRange=2025-10-14T23:59:59Z&startRange=2025-05-15T09:00:00Z,1.0,2.0,50%,126.0,<Response [200]>,,2025-10-19T14:39:52.077216
,,,,,,FCO,,,,,FRA,,,,2025-10-14T23:59:59Z,2025-05-15T09:00:00Z,destination=FCO&origin=FRA&endRange=2025-10-14T23:59:59Z&startRange=2025-05-15T09:00:00Z,1.0,2.0,50%,111.0,<Response [200]>,,2025-10-19T14:39:52.077216
,,,,,,FCO,,,,,MAD,,,,2025-10-14T23:59:59Z,2025-05-15T09:00:00Z,destination=FCO&origin=MAD&endRange=2025-10-14T23:59:59Z&startRange=2025-05-15T09:00:00Z,1.0,2.0,50%,135.0,<Response [200]>,,2025-10-19T14:39:52.077216
,,,,,,FCO,,,,,MLA,,,,2025-10-14T23:59:59Z,2025-05-15T09:00:00Z,destination=FCO&origin=MLA&endRange=2025-10-14T23:59:59Z&startRange=2025-05-15T09:00:00Z,1.0,2.0,50%,149.0,<Response [200]>,,2025-10-19T14:39:52.077216
,,,,,,FNC,,,,,ORY,,,,2025-10-14T23:59:59Z,2025-05-15T09:00:00Z,destination=FNC&origin=ORY&endRange=2025-10-14T23:59:59Z&startRange=2025-05-15T09:00:00Z,1.0,2.0,50%,173.0,<Response [200]>,,2025-10-19T14:39:52.077216
,,,,,,FRA,,,,,FCO,,,,2025-10-14T23:59:59Z,2025-05-15T09:00:00Z,destination=FRA&origin=FCO&endRange=2025-10-14T23:59:59Z&startRange=2025-05-15T09:00:00Z,1.0,2.0,50%,111.0,<Response [200]>,,2025-10-19T14:39:52.077216
,,,,,,FUE,,,,,AMS,,,,2025-10-14T23:59:59Z,2025-05-15T09:00:00Z,destination=FUE&origin=AMS&endRange=2025-10-14T23:59:59Z&startRange=2025-05-15T09:00:00Z,1.0,2.0,50%,159.0,<Response [200]>,,2025-10-19T14:39:52.077216
,,,,,,FUE,,,,,ORY,,,,2025-10-14T23:59:59Z,2025-05-15T09:00:00Z,destination=FUE&origin=ORY&endRange=2025-10-14T23:59:59Z&startRange=2025-05-15T09:00:00Z,1.0,2.0,50%,124.0,<Response [200]>,,2025-10-19T14:39:52.077216
,,,,,,GRO,,,,,AMS,,,,2025-10-14T23:59:59Z,2025-05-15T09:00:00Z,destination=GRO&origin=AMS&endRange=2025-10-14T23:59:59Z&startRange=2025-05-15T09:00:00Z,1.0,2.0,50%,140.0,<Response [200]>,,2025-10-19T14:39:52.077216
,,,,,,GVA,,,,,ORY,,,,2025-10-14T23:59:59Z,2025-05-15T09:00:00Z,destination=GVA&origin=ORY&endRange=2025-10-14T23:59:59Z&startRange=2025-05-15T09:00:00Z,1.0,2.0,50%,139.0,<Response [200]>,,2025-10-20T09:45:51.804586
,,,,,,HEL,,,,,KAO,,,,2025-10-14T23:59:59Z,2025-05-15T09:00:00Z,destination=HEL&origin=KAO&endRange=2025-10-14T23:59:59Z&startRange=2025-05-15T09:00:00Z,1.0,2.0,50%,126.0,<Response [200]>,,2025-10-20T09:45:51.804586
,,,,,,HEL,,,,,KTT,,,,2025-10-14T23:59:59Z,2025-05-15T09:00:00Z,destination=HEL&origin=KTT&endRange=2025-10-14T23:59:59Z&startRange=2025-05-15T09:00:00Z,1.0,2.0,50%,177.0,<Response [200]>,,2025-10-20T09:45:51.804586
,,,,,,HEL,,,,,KUO,,,,2025-10-14T23:59:59Z,2025-05-15T09:00:00Z,destination=HEL&origin=KUO&endRange=2025-10-14T23:59:59Z&startRange=2025-05-15T09:00:00Z,1.0,2.0,50%,147.0,<Response [200]>,,2025-10-20T09:45:51.804586
,,,,,,HEL,,,,,TAY,,,,2025-10-14T23:59:59Z,2025-05-15T09:00:00Z,destination=HEL&origin=TAY&endRange=2025-10-14T23:59:59Z&startRange=2025-05-15T09:00:00Z,1.0,2.0,50%,131.0,<Response [200]>,,2025-10-20T09:45:51.804586
,,,,,,HEL,,,,,VAA,,,,2025-10-14T23:59:59Z,2025-05-15T09:00:00Z,destination=HEL&origin=VAA&endRange=2025-10-14T23:59:59Z&startRange=2025-05-15T09:00:00Z,1.0,2.0,50%,151.0,<Response [200]>,,2025-10-20T09:45:51.804586
,,,,,,IOM,,,,,LHR,,,,2025-10-14T23:59:59Z,2025-05-15T09:00:00Z,destination=IOM&origin=LHR&endRange=2025-10-14T23:59:59Z&startRange=2025-05-15T09:00:00Z,1.0,2.0,50%,150.0,<Response [200]>,,2025-10-20T09:45:51.804586
,,,,,,KEF,,,,,OSL,,,,2025-10-14T23:59:59Z,2025-05-15T09:00:00Z,destination=KEF&origin=OSL&endRange=2025-10-14T23:59:59Z&startRange=2025-05-15T09:00:00Z,1.0,2.0,50%,140.0,<Response [200]>,,2025-10-20T09:45:51.804586
,,,,,,KRK,,,,,ORY,,,,2025-10-14T23:59:59Z,2025-05-15T09:00:00Z,destination=KRK&origin=ORY&endRange=2025-10-14T23:59:59Z&startRange=2025-05-15T09:00:00Z,1.0,2.0,50%,163.0,<Response [200]>,,2025-10-20T09:45:51.804586
,,,,,,KTT,,,,,HEL,,,,2025-10-14T23:59:59Z,2025-05-15T09:00:00Z,destination=KTT&origin=HEL&endRange=2025-10-14T23:59:59Z&startRange=2025-05-15T09:00:00Z,1.0,2.0,50%,104.0,<Response [200]>,,2025-10-20T09:45:51.804586
,,,,,,LBA,,,,,CDG,,,,2025-10-14T23:59:59Z,2025-05-15T09:00:00Z,destination=LBA&origin=CDG&endRange=2025-10-14T23:59:59Z&startRange=2025-05-15T09:00:00Z,1.0,2.0,50%,112.0,<Response [200]>,,2025-10-20T09:45:51.804586
,,,,,,LDY,,,,,LHR,,,,2025-10-14T23:59:59Z,2025-05-15T09:00:00Z,destination=LDY&origin=LHR&endRange=2025-10-14T23:59:59Z&startRange=2025-05-15T09:00:00Z,1.0,2.0,50%,149.0,<Response [200]>,,2025-10-20T09:45:51.804586
,,,,,,LHR,,,,,IOM,,,,2025-10-14T23:59:59Z,2025-05-15T09:00:00Z,destination=LHR&origin=IOM&endRange=2025-10-14T23:59:59Z&startRange=2025-05-15T09:00:00Z,1.0,2.0,50%,150.0,<Response [200]>,,2025-10-20T09:45:51.804586
,,,,,,LHR,,,,,NCE,,,,2025-10-14T23:59:59Z,2025-05-15T09:00:00Z,destination=LHR&origin=NCE&endRange=2025-10-14T23:59:59Z&startRange=2025-05-15T09:00:00Z,1.0,2.0,50%,152.0,<Response [200]>,,2025-10-20T09:45:51.804586
,,,,,,LHR,,,,,ORY,,,,2025-10-14T23:59:59Z,2025-05-15T09:00:00Z,destination=LHR&origin=ORY&endRange=2025-10-14T23:59:59Z&startRange=2025-05-15T09:00:00Z,1.0,2.0,50%,156.0,<Response [200]>,,2025-10-20T09:45:51.804586
,,,,,,LIN,,,,,DUS,,,,2025-10-14T23:59:59Z,2025-05-15T09:00:00Z,destination=LIN&origin=DUS&endRange=2025-10-14T23:59:59Z&startRange=2025-05-15T09:00:00Z,1.0,2.0,50%,135.0,<Response [200]>,,2025-10-20T09:45:51.804586
,,,,,,LJU,,,,,CDG,,,,2025-10-14T23:59:59Z,2025-05-15T09:00:00Z,destination=LJU&origin=CDG&endRange=2025-10-14T23:59:59Z&startRange=2025-05-15T09:00:00Z,1.0,2.0,50%,173.0,<Response [200]>,,2025-10-20T09:45:51.804586
,,,,,,LPA,,,,,CDG,,,,2025-10-14T23:59:59Z,2025-05-15T09:00:00Z,destination=LPA&origin=CDG&endRange=2025-10-14T23:59:59Z&startRange=2025-05-15T09:00:00Z,1.0,2.0,50%,131.0,<Response [200]>,,2025-10-20T09:45:51.804586
,,,,,,LPL,,,,,AMS,,,,2025-10-14T23:59:59Z,2025-05-15T09:00:00Z,destination=LPL&origin=AMS&endRange=2025-10-14T23:59:59Z&startRange=2025-05-15T09:00:00Z,1.0,2.0,50%,133.0,<Response [200]>,,2025-10-20T09:45:51.804586
,,,,,,LYS,,,,,AJA,,,,2025-10-14T23:59:59Z,2025-05-15T09:00:00Z,destination=LYS&origin=AJA&endRange=2025-10-14T23:59:59Z&startRange=2025-05-15T09:00:00Z,1.0,2.0,50%,150.0,<Response [200]>,,2025-10-20T09:45:51.804586
,,,,,,LYS,,,,,BIA,,,,2025-10-14T23:59:59Z,2025-05-15T09:00:00Z,destination=LYS&origin=BIA&endRange=2025-10-14T23:59:59Z&startRange=2025-05-15T09:00:00Z,1.0,2.0,50%,147.0,<Response [200]>,,
,,,,,,MAD,,,,,BCN,,,,2025-10-14T23:59:59Z,2025-05-15T09:00:00Z,destination=MAD&origin=BCN&endRange=2025-10-14T23:59:59Z&startRange=2025-05-15T09:00:00Z,1.0,2.0,50%,134.0,<Response [200]>,,
,,,,,,MAD,,,,,FCO,,,,2025-10-14T23:59:59Z,2025-05-15T09:00:00Z,destination=MAD&origin=FCO&endRange=2025-10-14T23:59:59Z&startRange=2025-05-15T09:00:00Z,1.0,2.0,50%,120.0,<Response [200]>,,2025-10-20T09:45:51.804586
,,,,,,MJT,,,,,AMS,,,,2025-10-14T23:59:59Z,2025-05-15T09:00:00Z,destination=MJT&origin=AMS&endRange=2025-10-14T23:59:59Z&startRange=2025-05-15T09:00:00Z,1.0,2.0,50%,123.0,<Response [200]>,,2025-10-20T09:45:51.804586
,,,,,,MLA,,,,,FCO,,,,2025-10-14T23:59:59Z,2025-05-15T09:00:00Z,destination=MLA&origin=FCO&endRange=2025-10-14T23:59:59Z&startRange=2025-05-15T09:00:00Z,1.0,2.0,50%,149.0,<Response [200]>,,2025-10-20T09:45:51.804586
,,,,,,NCE,,,,,LHR,,,,2025-10-14T23:59:59Z,2025-05-15T09:00:00Z,destination=NCE&origin=LHR&endRange=2025-10-14T23:59:59Z&startRange=2025-05-15T09:00:00Z,1.0,2.0,50%,152.0,<Response [200]>,,2025-10-20T09:45:51.804586
,,,,,,OLB,,,,,CDG,,,,2025-10-14T23:59:59Z,2025-05-15T09:00:00Z,destination=OLB&origin=CDG&endRange=2025-10-14T23:59:59Z&startRange=2025-05-15T09:00:00Z,1.0,2.0,50%,164.0,<Response [200]>,,2025-10-20T09:45:51.804586
,,,,,,OMR,,,,,OTP,,,,2025-10-14T23:59:59Z,2025-05-15T09:00:00Z,destination=OMR&origin=OTP&endRange=2025-10-14T23:59:59Z&startRange=2025-05-15T09:00:00Z,1.0,2.0,50%,171.0,<Response [200]>,,2025-10-20T09:45:51.804586
,,,,,,ORK,,,,,CDG,,,,2025-10-14T23:59:59Z,2025-05-15T09:00:00Z,destination=ORK&origin=CDG&endRange=2025-10-14T23:59:59Z&startRange=2025-05-15T09:00:00Z,1.0,2.0,50%,162.0,<Response [200]>,,2025-10-20T09:45:51.804586
,,,,,,ORY,,,,,ACE,,,,2025-10-14T23:59:59Z,2025-05-15T09:00:00Z,destination=ORY&origin=ACE&endRange=2025-10-14T23:59:59Z&startRange=2025-05-15T09:00:00Z,1.0,2.0,50%,102.0,<Response [200]>,,2025-10-20T09:45:51.804586
,,,,,,ORY,,,,,ARN,,,,2025-10-14T23:59:59Z,2025-05-15T09:00:00Z,destination=ORY&origin=ARN&endRange=2025-10-14T23:59:59Z&startRange=2025-05-15T09:00:00Z,1.0,2.0,50%,106.0,<Response [200]>,,2025-10-20T09:45:51.804586
,,,,,,ORY,,,,,BDS,,,,2025-10-14T23:59:59Z,2025-05-15T09:00:00Z,destination=ORY&origin=BDS&endRange=2025-10-14T23:59:59Z&startRange=2025-05-15T09:00:00Z,1.0,2.0,50%,106.0,<Response [200]>,,2025-10-20T09:45:51.804586
,,,,,,ORY,,,,,BRI,,,,2025-10-14T23:59:59Z,2025-05-15T09:00:00Z,destination=ORY&origin=BRI&endRange=2025-10-14T23:59:59Z&startRange=2025-05-15T09:00:00Z,1.0,2.0,50%,163.0,<Response [200]>,,2025-10-20T09:45:51.804586
,,,,,,ORY,,,,,BUD,,,,2025-10-14T23:59:59Z,2025-05-15T09:00:00Z,destination=ORY&origin=BUD&endRange=2025-10-14T23:59:59Z&startRange=2025-05-15T09:00:00Z,1.0,2.0,50%,198.0,<Response [200]>,,2025-10-20T10:03:10.149891
,,,,,,ORY,,,,,CAG,,,,2025-10-14T23:59:59Z,2025-05-15T09:00:00Z,destination=ORY&origin=CAG&endRange=2025-10-14T23:59:59Z&startRange=2025-05-15T09:00:00Z,1.0,2.0,50%,112.0,<Response [200]>,,2025-10-20T10:03:10.149891
,,,,,,ORY,,,,,CFU,,,,2025-10-14T23:59:59Z,2025-05-15T09:00:00Z,destination=ORY&origin=CFU&endRange=2025-10-14T23:59:59Z&startRange=2025-05-15T09:00:00Z,1.0,2.0,50%,194.0,<Response [200]>,,2025-10-20T10:13:46.967173
,,,,,,ORY,,,,,CHQ,,,,2025-10-14T23:59:59Z,2025-05-15T09:00:00Z,destination=ORY&origin=CHQ&endRange=2025-10-14T23:59:59Z&startRange=2025-05-15T09:00:00Z,1.0,2.0,50%,161.0,<Response [200]>,,2025-10-20T10:13:46.967173
,,,,,,ORY,,,,,CPH,,,,2025-10-14T23:59:59Z,2025-05-15T09:00:00Z,destination=ORY&origin=CPH&endRange=2025-10-14T23:59:59Z&startRange=2025-05-15T09:00:00Z,1.0,2.0,50%,104.0,<Response [200]>,,2025-10-20T10:13:46.967173
,,,,,,ORY,,,,,CTA,,,,2025-10-14T23:59:59Z,2025-05-15T09:00:00Z,destination=ORY&origin=CTA&endRange=2025-10-14T23:59:59Z&startRange=2025-05-15T09:00:00Z,1.0,2.0,50%,149.0,<Response [200]>,,2025-10-20T10:13:46.967173
,,,,,,ORY,,,,,DBV,,,,2025-10-14T23:59:59Z,2025-05-15T09:00:00Z,destination=ORY&origin=DBV&endRange=2025-10-14T23:59:59Z&startRange=2025-05-15T09:00:00Z,1.0,2.0,50%,197.0,<Response [200]>,,2025-10-20T10:13:46.967173
,,,,,,ORY,,,,,FNC,,,,2025-10-14T23:59:59Z,2025-05-15T09:00:00Z,destination=ORY&origin=FNC&endRange=2025-10-14T23:59:59Z&startRange=2025-05-15T09:00:00Z,1.0,2.0,50%,174.0,<Response [200]>,,2025-10-20T10:13:46.967173
,,,,,,ORY,,,,,FUE,,,,2025-10-14T23:59:59Z,2025-05-15T09:00:00Z,destination=ORY&origin=FUE&endRange=2025-10-14T23:59:59Z&startRange=2025-05-15T09:00:00Z,1.0,2.0,50%,125.0,<Response [200]>,,2025-10-20T10:13:46.967173
,,,,,,ORY,,,,,GVA,,,,2025-10-14T23:59:59Z,2025-05-15T09:00:00Z,destination=ORY&origin=GVA&endRange=2025-10-14T23:59:59Z&startRange=2025-05-15T09:00:00Z,1.0,2.0,50%,140.0,<Response [200]>,,2025-10-20T10:13:46.967173
,,,,,,ORY,,,,,KRK,,,,2025-10-14T23:59:59Z,2025-05-15T09:00:00Z,destination=ORY&origin=KRK&endRange=2025-10-14T23:59:59Z&startRange=2025-05-15T09:00:00Z,1.0,2.0,50%,153.0,<Response [200]>,,2025-10-20T10:13:46.967173
,,,,,,ORY,,,,,LHR,,,,2025-10-14T23:59:59Z,2025-05-15T09:00:00Z,destination=ORY&origin=LHR&endRange=2025-10-14T23:59:59Z&startRange=2025-05-15T09:00:00Z,1.0,2.0,50%,151.0,<Response [200]>,,2025-10-20T10:13:46.967173
,,,,,,ORY,,,,,OVD,,,,2025-10-14T23:59:59Z,2025-05-15T09:00:00Z,destination=ORY&origin=OVD&endRange=2025-10-14T23:59:59Z&startRange=2025-05-15T09:00:00Z,1.0,2.0,50%,109.0,<Response [200]>,,2025-10-20T10:13:46.967173
,,,,,,ORY,,,,,PSA,,,,2025-10-14T23:59:59Z,2025-05-15T09:00:00Z,destination=ORY&origin=PSA&endRange=2025-10-14T23:59:59Z&startRange=2025-05-15T09:00:00Z,1.0,2.0,50%,132.0,<Response [200]>,,2025-10-20T10:13:46.967173
,,,,,,ORY,,,,,SOF,,,,2025-10-14T23:59:59Z,2025-05-15T09:00:00Z,destination=ORY&origin=SOF&endRange=2025-10-14T23:59:59Z&startRange=2025-05-15T09:00:00Z,1.0,2.0,50%,109.0,<Response [200]>,,2025-10-20T10:13:46.967173
,,,,,,ORY,,,,,SPU,,,,2025-10-14T23:59:59Z,2025-05-15T09:00:00Z,destination=ORY&origin=SPU&endRange=2025-10-14T23:59:59Z&startRange=2025-05-15T09:00:00Z,1.0,2.0,50%,189.0,<Response [200]>,,2025-10-20T10:13:46.967173
,,,,,,ORY,,,,,TFS,,,,2025-10-14T23:59:59Z,2025-05-15T09:00:00Z,destination=ORY&origin=TFS&endRange=2025-10-14T23:59:59Z&startRange=2025-05-15T09:00:00Z,1.0,2.0,50%,200.0,<Response [200]>,,2025-10-20T10:13:46.967173
,,,,,,ORY,,,,,TIA,,,,2025-10-14T23:59:59Z,2025-05-15T09:00:00Z,destination=ORY&origin=TIA&endRange=2025-10-14T23:59:59Z&startRange=2025-05-15T09:00:00Z,1.0,2.0,50%,152.0,<Response [200]>,,2025-10-20T10:13:46.967173
,,,,,,ORY,,,,,VIE,,,,2025-10-14T23:59:59Z,2025-05-15T09:00:00Z,destination=ORY&origin=VIE&endRange=2025-10-14T23:59:59Z&startRange=2025-05-15T09:00:00Z,1.0,2.0,50%,107.0,<Response [200]>,,2025-10-20T10:13:46.967173
,,,,,,ORY,,,,,VRN,,,,2025-10-14T23:59:59Z,2025-05-15T09:00:00Z,destination=ORY&origin=VRN&endRange=2025-10-14T23:59:59Z&startRange=2025-05-15T09:00:00Z,1.0,2.0,50%,143.0,<Response [200]>,,2025-10-20T10:13:46.967173
,,,,,,ORY,,,,,WAW,,,,2025-10-14T23:59:59Z,2025-05-15T09:00:00Z,destination=ORY&origin=WAW&endRange=2025-10-14T23:59:59Z&startRange=2025-05-15T09:00:00Z,1.0,2.0,50%,153.0,<Response [200]>,,2025-10-20T10:13:46.967173
,,,,,,OSL,,,,,KEF,,,,2025-10-14T23:59:59Z,2025-05-15T09:00:00Z,destination=OSL&origin=KEF&endRange=2025-10-14T23:59:59Z&startRange=2025-05-15T09:00:00Z,1.0,2.0,50%,148.0,<Response [200]>,,2025-10-20T10:13:46.967173
,,,,,,OTP,,,,,OMR,,,,2025-10-14T23:59:59Z,2025-05-15T09:00:00Z,destination=OTP&origin=OMR&endRange=2025-10-14T23:59:59Z&startRange=2025-05-15T09:00:00Z,1.0,2.0,50%,152.0,<Response [200]>,,2025-10-20T10:27:40.242346
,,,,,,OTP,,,,,SKG,,,,2025-10-14T23:59:59Z,2025-05-15T09:00:00Z,destination=OTP&origin=SKG&endRange=2025-10-14T23:59:59Z&startRange=2025-05-15T09:00:00Z,1.0,2.0,50%,106.0,<Response [200]>,,2025-10-20T10:27:40.242346
,,,,,,OTP,,,,,SOF,,,,2025-10-14T23:59:59Z,2025-05-15T09:00:00Z,destination=OTP&origin=SOF&endRange=2025-10-14T23:59:59Z&startRange=2025-05-15T09:00:00Z,1.0,2.0,50%,122.0,<Response [200]>,,2025-10-20T10:27:40.242346
,,,,,,OVD,,,,,ORY,,,,2025-10-14T23:59:59Z,2025-05-15T09:00:00Z,destination=OVD&origin=ORY&endRange=2025-10-14T23:59:59Z&startRange=2025-05-15T09:00:00Z,1.0,2.0,50%,109.0,<Response [200]>,,2025-10-20T10:27:40.242346
,,,,,,PMO,,,,,CDG,,,,2025-10-14T23:59:59Z,2025-05-15T09:00:00Z,destination=PMO&origin=CDG&endRange=2025-10-14T23:59:59Z&startRange=2025-05-15T09:00:00Z,1.0,2.0,50%,137.0,<Response [200]>,,2025-10-20T17:48:39.019712
,,,,,,PSA,,,,,ORY,,,,2025-10-14T23:59:59Z,2025-05-15T09:00:00Z,destination=PSA&origin=ORY&endRange=2025-10-14T23:59:59Z&startRange=2025-05-15T09:00:00Z,1.0,2.0,50%,132.0,<Response [200]>,,2025-10-20T17:52:37.453948
,,,,,,RIX,,,,,PLQ,,,,2025-10-14T23:59:59Z,2025-05-15T09:00:00Z,destination=RIX&origin=PLQ&endRange=2025-10-14T23:59:59Z&startRange=2025-05-15T09:00:00Z,1.0,2.0,50%,130.0,<Response [200]>,,2025-10-20T17:59:05.037260
,,,,,,RVN,,,,,HEL,,,,2025-10-14T23:59:59Z,2025-05-15T09:00:00Z,destination=RVN&origin=HEL&endRange=2025-10-14T23:59:59Z&startRange=2025-05-15T09:00:00Z,1.0,2.0,50%,165.0,<Response [200]>,,2025-10-20T18:01:56.785428
,,,,,,SCV,,,,,OTP,,,,2025-10-14T23:59:59Z,2025-05-15T09:00:00Z,destination=SCV&origin=OTP&endRange=2025-10-14T23:59:59Z&startRange=2025-05-15T09:00:00Z,1.0,2.0,50%,171.0,<Response [200]>,,2025-10-20T18:03:01.047676
,,,,,,SDL,,,,,ARN,,,,2025-10-14T23:59:59Z,2025-05-15T09:00:00Z,destination=SDL&origin=ARN&endRange=2025-10-14T23:59:59Z&startRange=2025-05-15T09:00:00Z,1.0,2.0,50%,178.0,<Response [200]>,,2025-10-20T18:03:22.599769
,,,,,,SJJ,,,,,BEG,,,,2025-10-14T23:59:59Z,2025-05-15T09:00:00Z,destination=SJJ&origin=BEG&endRange=2025-10-14T23:59:59Z&startRange=2025-05-15T09:00:00Z,1.0,2.0,50%,153.0,<Response [200]>,,
,,,,,,SKG,,,,,BEG,,,,2025-10-14T23:59:59Z,2025-05-15T09:00:00Z,destination=SKG&origin=BEG&endRange=2025-10-14T23:59:59Z&startRange=2025-05-15T09:00:00Z,1.0,2.0,50%,186.0,<Response [200]>,,
,,,,,,SKG,,,,,OTP,,,,2025-10-14T23:59:59Z,2025-05-15T09:00:00Z,destination=SKG&origin=OTP&endRange=2025-10-14T23:59:59Z&startRange=2025-05-15T09:00:00Z,1.0,2.0,50%,106.0,<Response [200]>,,2025-10-20T18:05:31.162251
,,,,,,SOF,,,,,AMS,,,,2025-10-14T23:59:59Z,2025-05-15T09:00:00Z,destination=SOF&origin=AMS&endRange=2025-10-14T23:59:59Z&startRange=2025-05-15T09:00:00Z,1.0,2.0,50%,154.0,<Response [200]>,,2025-10-20T18:07:19.077504
,,,,,,SOF,,,,,CDG,,,,2025-10-14T23:59:59Z,2025-05-15T09:00:00Z,destination=SOF&origin=CDG&endRange=2025-10-14T23:59:59Z&startRange=2025-05-15T09:00:00Z,1.0,2.0,50%,155.0,<Response [200]>,,2025-10-20T18:08:01.990036
,,,,,,SOF,,,,,ORY,,,,2025-10-14T23:59:59Z,2025-05-15T09:00:00Z,destination=SOF&origin=ORY&endRange=2025-10-14T23:59:59Z&startRange=2025-05-15T09:00:00Z,1.0,2.0,50%,110.0,<Response [200]>,,2025-10-20T18:08:23.459956
,,,,,,SOF,,,,,OTP,,,,2025-10-14T23:59:59Z,2025-05-15T09:00:00Z,destination=SOF&origin=OTP&endRange=2025-10-14T23:59:59Z&startRange=2025-05-15T09:00:00Z,1.0,2.0,50%,121.0,<Response [200]>,,2025-10-20T18:08:44.783610
,,,,,,SPU,,,,,ORY,,,,2025-10-14T23:59:59Z,2025-05-15T09:00:00Z,destination=SPU&origin=ORY&endRange=2025-10-14T23:59:59Z&startRange=2025-05-15T09:00:00Z,1.0,2.0,50%,187.0,<Response [200]>,,
,,,,,,STN,,,,,AMS,,,,2025-10-14T23:59:59Z,2025-05-15T09:00:00Z,destination=STN&origin=AMS&endRange=2025-10-14T23:59:59Z&startRange=2025-05-15T09:00:00Z,1.0,2.0,50%,167.0,<Response [200]>,,
,,,,,,SVG,,,,,TRF,,,,2025-10-14T23:59:59Z,2025-05-15T09:00:00Z,destination=SVG&origin=TRF&endRange=2025-10-14T23:59:59Z&startRange=2025-05-15T09:00:00Z,1.0,2.0,50%,125.0,<Response [200]>,,
,,,,,,SVQ,,,,,AMS,,,,2025-10-14T23:59:59Z,2025-05-15T09:00:00Z,destination=SVQ&origin=AMS&endRange=2025-10-14T23:59:59Z&startRange=2025-05-15T09:00:00Z,1.0,2.0,50%,183.0,<Response [200]>,,
,,,,,,TFS,,,,,ORY,,,,2025-10-14T23:59:59Z,2025-05-15T09:00:00Z,destination=TFS&origin=ORY&endRange=2025-10-14T23:59:59Z&startRange=2025-05-15T09:00:00Z,1.0,2.0,50%,196.0,<Response [200]>,,
,,,,,,TIA,,,,,AMS,,,,2025-10-14T23:59:59Z,2025-05-15T09:00:00Z,destination=TIA&origin=AMS&endRange=2025-10-14T23:59:59Z&startRange=2025-05-15T09:00:00Z,1.0,2.0,50%,109.0,<Response [200]>,,
,,,,,,TIA,,,,,ORY,,,,2025-10-14T23:59:59Z,2025-05-15T09:00:00Z,destination=TIA&origin=ORY&endRange=2025-10-14T23:59:59Z&startRange=2025-05-15T09:00:00Z,1.0,2.0,50%,150.0,<Response [200]>,,
,,,,,,TIV,,,,,BEG,,,,2025-10-14T23:59:59Z,2025-05-15T09:00:00Z,destination=TIV&origin=BEG&endRange=2025-10-14T23:59:59Z&startRange=2025-05-15T09:00:00Z,1.0,2.0,50%,153.0,<Response [200]>,,
,,,,,,TLL,,,,,CDG,,,,2025-10-14T23:59:59Z,2025-05-15T09:00:00Z,destination=TLL&origin=CDG&endRange=2025-10-14T23:59:59Z&startRange=2025-05-15T09:00:00Z,1.0,2.0,50%,107.0,<Response [200]>,,
,,,,,,TMP,,,,,RIX,,,,2025-10-14T23:59:59Z,2025-05-15T09:00:00Z,destination=TMP&origin=RIX&endRange=2025-10-14T23:59:59Z&startRange=2025-05-15T09:00:00Z,1.0,2.0,50%,153.0,<Response [200]>,,
,,,,,,TRD,,,,,AES,,,,2025-10-14T23:59:59Z,2025-05-15T09:00:00Z,destination=TRD&origin=AES&endRange=2025-10-14T23:59:59Z&startRange=2025-05-15T09:00:00Z,1.0,2.0,50%,149.0,<Response [200]>,,
,,,,,,TRD,,,,,ARN,,,,2025-10-14T23:59:59Z,2025-05-15T09:00:00Z,destination=TRD&origin=ARN&endRange=2025-10-14T23:59:59Z&startRange=2025-05-15T09:00:00Z,1.0,2.0,50%,168.0,<Response [200]>,,
,,,,,,TRD,,,,,TOS,,,,2025-10-14T23:59:59Z,2025-05-15T09:00:00Z,destination=TRD&origin=TOS&endRange=2025-10-14T23:59:59Z&startRange=2025-05-15T09:00:00Z,1.0,2.0,50%,183.0,<Response [200]>,,
,,,,,,TRF,,,,,CPH,,,,2025-10-14T23:59:59Z,2025-05-15T09:00:00Z,destination=TRF&origin=CPH&endRange=2025-10-14T23:59:59Z&startRange=2025-05-15T09:00:00Z,1.0,2.0,50%,130.0,<Response [200]>,,
,,,,,,VAA,,,,,ARN,,,,2025-10-14T23:59:59Z,2025-05-15T09:00:00Z,destination=VAA&origin=ARN&endRange=2025-10-14T23:59:59Z&startRange=2025-05-15T09:00:00Z,1.0,2.0,50%,191.0,<Response [200]>,,
,,,,,,VAA,,,,,HEL,,,,2025-10-14T23:59:59Z,2025-05-15T09:00:00Z,destination=VAA&origin=HEL&endRange=2025-10-14T23:59:59Z&startRange=2025-05-15T09:00:00Z,1.0,2.0,50%,131.0,<Response [200]>,,
,,,,,,VIE,,,,,ORY,,,,2025-10-14T23:59:59Z,2025-05-15T09:00:00Z,destination=VIE&origin=ORY&endRange=2025-10-14T23:59:59Z&startRange=2025-05-15T09:00:00Z,1.0,2.0,50%,104.0,<Response [200]>,,
,,,,,,VNO,,,,,ARN,,,,2025-10-14T23:59:59Z,2025-05-15T09:00:00Z,destination=VNO&origin=ARN&endRange=2025-10-14T23:59:59Z&startRange=2025-05-15T09:00:00Z,1.0,2.0,50%,167.0,<Response [200]>,,
,,,,,,VNO,,,,,CDG,,,,2025-10-14T23:59:59Z,2025-05-15T09:00:00Z,destination=VNO&origin=CDG&endRange=2025-10-14T23:59:59Z&startRange=2025-05-15T09:00:00Z,1.0,2.0,50%,109.0,<Response [200]>,,
,,,,,,VRN,,,,,AMS,,,,2025-10-14T23:59:59Z,2025-05-15T09:00:00Z,destination=VRN&origin=AMS&endRange=2025-10-14T23:59:59Z&startRange=2025-05-15T09:00:00Z,1.0,2.0,50%,171.0,<Response [200]>,,
,,,,,,VRN,,,,,ORY,,,,2025-10-14T23:59:59Z,2025-05-15T09:00:00Z,destination=VRN&origin=ORY&endRange=2025-10-14T23:59:59Z&startRange=2025-05-15T09:00:00Z,1.0,2.0,50%,144.0,<Response [200]>,,
,,,,,,WAW,,,,,ORY,,,,2025-10-14T23:59:59Z,2025-05-15T09:00:00Z,destination=WAW&origin=ORY&endRange=2025-10-14T23:59:59Z&startRange=2025-05-15T09:00:00Z,1.0,2.0,50%,153.0,<Response [200]>,,
,,,,,,ORY,,,,,MAD,,,,2025-10-14T23:59:59Z,2025-05-15T09:00:00Z,destination=ORY&origin=MAD&endRange=2025-10-14T23:59:59Z&startRange=2025-05-15T09:00:00Z,13.0,21.0,62%,2080.0,<Response [200]>,,2025-10-22T11:05:13.392780
,,,,,,AMS,,,,,CTA,,,,2025-10-14T23:59:59Z,2025-05-15T09:00:00Z,destination=AMS&origin=CTA&endRange=2025-10-14T23:59:59Z&startRange=2025-05-15T09:00:00Z,2.0,3.0,67%,257.0,<Response [200]>,,
,,,,,,AMS,,,,,DBV,,,,2025-10-14T23:59:59Z,2025-05-15T09:00:00Z,destination=AMS&origin=DBV&endRange=2025-10-14T23:59:59Z&startRange=2025-05-15T09:00:00Z,2.0,3.0,67%,228.0,<Response [200]>,,
,,,,,,AMS,,,,,LJU,,,,2025-10-14T23:59:59Z,2025-05-15T09:00:00Z,destination=AMS&origin=LJU&endRange=2025-10-14T23:59:59Z&startRange=2025-05-15T09:00:00Z,2.0,3.0,67%,232.0,<Response [200]>,,
,,,,,,AMS,,,,,MLA,,,,2025-10-14T23:59:59Z,2025-05-15T09:00:00Z,destination=AMS&origin=MLA&endRange=2025-10-14T23:59:59Z&startRange=2025-05-15T09:00:00Z,2.0,3.0,67%,269.0,<Response [200]>,,
,,,,,,AMS,,,,,OLB,,,,2025-10-14T23:59:59Z,2025-05-15T09:00:00Z,destination=AMS&origin=OLB&endRange=2025-10-14T23:59:59Z&startRange=2025-05-15T09:00:00Z,2.0,3.0,67%,227.0,<Response [200]>,,
,,,,,,AMS,,,,,PSA,,,,2025-10-14T23:59:59Z,2025-05-15T09:00:00Z,destination=AMS&origin=PSA&endRange=2025-10-14T23:59:59Z&startRange=2025-05-15T09:00:00Z,2.0,3.0,67%,229.0,<Response [200]>,,
,,,,,,AMS,,,,,PVK,,,,2025-10-14T23:59:59Z,2025-05-15T09:00:00Z,destination=AMS&origin=PVK&endRange=2025-10-14T23:59:59Z&startRange=2025-05-15T09:00:00Z,2.0,3.0,67%,248.0,<Response [200]>,,
,,,,,,AMS,,,,,SKG,,,,2025-10-14T23:59:59Z,2025-05-15T09:00:00Z,destination=AMS&origin=SKG&endRange=2025-10-14T23:59:59Z&startRange=2025-05-15T09:00:00Z,2.0,3.0,67%,223.0,<Response [200]>,,2025-10-20T10:07:33.243155
,,,,,,AMS,,,,,SMI,,,,2025-10-14T23:59:59Z,2025-05-15T09:00:00Z,destination=AMS&origin=SMI&endRange=2025-10-14T23:59:59Z&startRange=2025-05-15T09:00:00Z,2.0,3.0,67%,213.0,<Response [200]>,,2025-10-20T10:07:33.243155
,,,,,,BEG,,,,,SKP,,,,2025-10-14T23:59:59Z,2025-05-15T09:00:00Z,destination=BEG&origin=SKP&endRange=2025-10-14T23:59:59Z&startRange=2025-05-15T09:00:00Z,2.0,3.0,67%,292.0,<Response [200]>,,
,,,,,,BEG,,,,,TIA,,,,2025-10-14T23:59:59Z,2025-05-15T09:00:00Z,destination=BEG&origin=TIA&endRange=2025-10-14T23:59:59Z&startRange=2025-05-15T09:00:00Z,2.0,3.0,67%,248.0,<Response [200]>,,
,,,,,,BES,,,,,LYS,,,,2025-10-14T23:59:59Z,2025-05-15T09:00:00Z,destination=BES&origin=LYS&endRange=2025-10-14T23:59:59Z&startRange=2025-05-15T09:00:00Z,2.0,3.0,67%,240.0,<Response [200]>,,
,,,,,,BGO,,,,,HAU,,,,2025-10-14T23:59:59Z,2025-05-15T09:00:00Z,destination=BGO&origin=HAU&endRange=2025-10-14T23:59:59Z&startRange=2025-05-15T09:00:00Z,2.0,3.0,67%,235.0,<Response [200]>,,
,,,,,,BGO,,,,,KSU,,,,2025-10-14T23:59:59Z,2025-05-15T09:00:00Z,destination=BGO&origin=KSU&endRange=2025-10-14T23:59:59Z&startRange=2025-05-15T09:00:00Z,2.0,3.0,67%,264.0,<Response [200]>,,
,,,,,,BGO,,,,,SVG,,,,2025-10-14T23:59:59Z,2025-05-15T09:00:00Z,destination=BGO&origin=SVG&endRange=2025-10-14T23:59:59Z&startRange=2025-05-15T09:00:00Z,2.0,3.0,67%,244.0,<Response [200]>,,
,,,,,,BGO,,,,,TOS,,,,2025-10-14T23:59:59Z,2025-05-15T09:00:00Z,destination=BGO&origin=TOS&endRange=2025-10-14T23:59:59Z&startRange=2025-05-15T09:00:00Z,2.0,3.0,67%,294.0,<Response [200]>,,
,,,,,,HAU,,,,,BGO,,,,2025-10-14T23:59:59Z,2025-05-15T09:00:00Z,destination=HAU&origin=BGO&endRange=2025-10-14T23:59:59Z&startRange=2025-05-15T09:00:00Z,2.0,3.0,67%,235.0,<Response [200]>,,
,,,,,,KSU,,,,,BGO,,,,2025-10-14T23:59:59Z,2025-05-15T09:00:00Z,destination=KSU&origin=BGO&endRange=2025-10-14T23:59:59Z&startRange=2025-05-15T09:00:00Z,2.0,3.0,67%,264.0,<Response [200]>,,
,,,,,,LYS,,,,,BES,,,,2025-10-14T23:59:59Z,2025-05-15T09:00:00Z,destination=LYS&origin=BES&endRange=2025-10-14T23:59:59Z&startRange=2025-05-15T09:00:00Z,2.0,3.0,67%,240.0,<Response [200]>,,
,,,,,,LYS,,,,,BIQ,,,,2025-10-14T23:59:59Z,2025-05-15T09:00:00Z,destination=LYS&origin=BIQ&endRange=2025-10-14T23:59:59Z&startRange=2025-05-15T09:00:00Z,2.0,3.0,67%,243.0,<Response [200]>,,
,,,,,,LYS,,,,,BOD,,,,2025-10-14T23:59:59Z,2025-05-15T09:00:00Z,destination=LYS&origin=BOD&endRange=2025-10-14T23:59:59Z&startRange=2025-05-15T09:00:00Z,2.0,3.0,67%,270.0,<Response [200]>,,
,,,,,,SKP,,,,,BEG,,,,2025-10-14T23:59:59Z,2025-05-15T09:00:00Z,destination=SKP&origin=BEG&endRange=2025-10-14T23:59:59Z&startRange=2025-05-15T09:00:00Z,2.0,3.0,67%,292.0,<Response [200]>,,
,,,,,,SVG,,,,,BGO,,,,2025-10-14T23:59:59Z,2025-05-15T09:00:00Z,destination=SVG&origin=BGO&endRange=2025-10-14T23:59:59Z&startRange=2025-05-15T09:00:00Z,2.0,3.0,67%,244.0,<Response [200]>,,
,,,,,,TIA,,,,,BEG,,,,2025-10-14T23:59:59Z,2025-05-15T09:00:00Z,destination=TIA&origin=BEG&endRange=2025-10-14T23:59:59Z&startRange=2025-05-15T09:00:00Z,2.0,3.0,67%,248.0,<Response [200]>,,
,,,,,,TOS,,,,,BGO,,,,2025-10-14T23:59:59Z,2025-05-15T09:00:00Z,destination=TOS&origin=BGO&endRange=2025-10-14T23:59:59Z&startRange=2025-05-15T09:00:00Z,2.0,3.0,67%,294.0,<Response [200]>,,
,,,,,,AMS,,,,,SVQ,,,,2025-10-14T23:59:59Z,2025-05-15T09:00:00Z,destination=AMS&origin=SVQ&endRange=2025-10-14T23:59:59Z&startRange=2025-05-15T09:00:00Z,2.0,2.0,100%,183.0,<Response [200]>,,2025-10-20T10:25:22.637687
,,,,,,AMS,,,,,TIA,,,,2025-10-14T23:59:59Z,2025-05-15T09:00:00Z,destination=AMS&origin=TIA&endRange=2025-10-14T23:59:59Z&startRange=2025-05-15T09:00:00Z,2.0,2.0,100%,121.0,<Response [200]>,,2025-10-20T10:25:22.637687
,,,,,,AMS,,,,,VRN,,,,2025-10-14T23:59:59Z,2025-05-15T09:00:00Z,destination=AMS&origin=VRN&endRange=2025-10-14T23:59:59Z&startRange=2025-05-15T09:00:00Z,2.0,2.0,100%,171.0,<Response [200]>,,2025-10-20T10:25:22.637687
,,,,,,SOF,,,,,BEG,,,,2025-10-14T23:59:59Z,2025-05-15T09:00:00Z,destination=SOF&origin=BEG&endRange=2025-10-14T23:59:59Z&startRange=2025-05-15T09:00:00Z,2.0,2.0,100%,188.0,<Response [200]>,,
,,,,,,AAL,,,,,OSL,,,,2025-10-14T23:59:59Z,2025-05-15T09:00:00Z,destination=AAL&origin=OSL&endRange=2025-10-14T23:59:59Z&startRange=2025-05-15T09:00:00Z,1.0,1.0,100%,85.0,<Response [200]>,,2025-10-19T14:16:16.413076
,,,,,,AAR,,,,,OSL,,,,2025-10-14T23:59:59Z,2025-05-15T09:00:00Z,destination=AAR&origin=OSL&endRange=2025-10-14T23:59:59Z&startRange=2025-05-15T09:00:00Z,1.0,1.0,100%,90.0,<Response [200]>,,2025-10-19T14:16:16.413076
,,,,,,ACE,,,,,CDG,,,,2025-10-14T23:59:59Z,2025-05-15T09:00:00Z,destination=ACE&origin=CDG&endRange=2025-10-14T23:59:59Z&startRange=2025-05-15T09:00:00Z,1.0,1.0,100%,97.0,<Response [200]>,,2025-10-19T14:16:16.413076
,,,,,,ACE,,,,,MAD,,,,2025-10-14T23:59:59Z,2025-05-15T09:00:00Z,destination=ACE&origin=MAD&endRange=2025-10-14T23:59:59Z&startRange=2025-05-15T09:00:00Z,1.0,1.0,100%,72.0,<Response [200]>,,2025-10-19T14:16:16.413076
,,,,,,AES,,,,,CPH,,,,2025-10-14T23:59:59Z,2025-05-15T09:00:00Z,destination=AES&origin=CPH&endRange=2025-10-14T23:59:59Z&startRange=2025-05-15T09:00:00Z,1.0,1.0,100%,54.0,<Response [200]>,,2025-10-19T14:16:16.413076
,,,,,,AEY,,,,,AMS,,,,2025-10-14T23:59:59Z,2025-05-15T09:00:00Z,destination=AEY&origin=AMS&endRange=2025-10-14T23:59:59Z&startRange=2025-05-15T09:00:00Z,1.0,1.0,100%,11.0,<Response [200]>,,2025-10-19T14:16:16.413076
,,,,,,AGP,,,,,LYS,,,,2025-10-14T23:59:59Z,2025-05-15T09:00:00Z,destination=AGP&origin=LYS&endRange=2025-10-14T23:59:59Z&startRange=2025-05-15T09:00:00Z,1.0,1.0,100%,43.0,<Response [200]>,,2025-10-19T14:16:16.413076
,,,,,,AHO,,,,,CDG,,,,2025-10-14T23:59:59Z,2025-05-15T09:00:00Z,destination=AHO&origin=CDG&endRange=2025-10-14T23:59:59Z&startRange=2025-05-15T09:00:00Z,1.0,1.0,100%,5.0,<Response [200]>,,2025-10-19T14:16:16.413076
,,,,,,AHO,,,,,ORY,,,,2025-10-14T23:59:59Z,2025-05-15T09:00:00Z,destination=AHO&origin=ORY&endRange=2025-10-14T23:59:59Z&startRange=2025-05-15T09:00:00Z,1.0,1.0,100%,44.0,<Response [200]>,,2025-10-19T14:16:16.413076
,,,,,,AJA,,,,,BOD,,,,2025-10-14T23:59:59Z,2025-05-15T09:00:00Z,destination=AJA&origin=BOD&endRange=2025-10-14T23:59:59Z&startRange=2025-05-15T09:00:00Z,1.0,1.0,100%,9.0,<Response [200]>,,2025-10-19T14:16:16.413076
,,,,,,AJA,,,,,CRL,,,,2025-10-14T23:59:59Z,2025-05-15T09:00:00Z,destination=AJA&origin=CRL&endRange=2025-10-14T23:59:59Z&startRange=2025-05-15T09:00:00Z,1.0,1.0,100%,90.0,<Response [200]>,,2025-10-19T14:16:16.413076
,,,,,,AJA,,,,,FCO,,,,2025-10-14T23:59:59Z,2025-05-15T09:00:00Z,destination=AJA&origin=FCO&endRange=2025-10-14T23:59:59Z&startRange=2025-05-15T09:00:00Z,1.0,1.0,100%,45.0,<Response [200]>,,2025-10-19T14:16:16.413076
,,,,,,AJA,,,,,TLS,,,,2025-10-14T23:59:59Z,2025-05-15T09:00:00Z,destination=AJA&origin=TLS&endRange=2025-10-14T23:59:59Z&startRange=2025-05-15T09:00:00Z,1.0,1.0,100%,90.0,<Response [200]>,,2025-10-19T14:16:16.413076
,,,,,,ALC,,,,,MAD,,,,2025-10-14T23:59:59Z,2025-05-15T09:00:00Z,destination=ALC&origin=MAD&endRange=2025-10-14T23:59:59Z&startRange=2025-05-15T09:00:00Z,1.0,1.0,100%,20.0,<Response [200]>,,2025-10-19T14:16:16.413076
,,,,,,AMS,,,,,AEY,,,,2025-10-14T23:59:59Z,2025-05-15T09:00:00Z,destination=AMS&origin=AEY&endRange=2025-10-14T23:59:59Z&startRange=2025-05-15T09:00:00Z,1.0,1.0,100%,11.0,<Response [200]>,,2025-10-19T14:16:16.413076
,,,,,,AMS,,,,,BIQ,,,,2025-10-14T23:59:59Z,2025-05-15T09:00:00Z,destination=AMS&origin=BIQ&endRange=2025-10-14T23:59:59Z&startRange=2025-05-15T09:00:00Z,1.0,1.0,100%,83.0,<Response [200]>,,2025-10-19T14:27:35.929608
,,,,,,AMS,,,,,BOJ,,,,2025-10-14T23:59:59Z,2025-05-15T09:00:00Z,destination=AMS&origin=BOJ&endRange=2025-10-14T23:59:59Z&startRange=2025-05-15T09:00:00Z,1.0,1.0,100%,52.0,<Response [200]>,,2025-10-19T14:27:35.929608
,,,,,,AMS,,,,,CAG,,,,2025-10-14T23:59:59Z,2025-05-15T09:00:00Z,destination=AMS&origin=CAG&endRange=2025-10-14T23:59:59Z&startRange=2025-05-15T09:00:00Z,1.0,1.0,100%,93.0,<Response [200]>,,2025-10-19T14:27:35.929608
,,,,,,AMS,,,,,GRX,,,,2025-10-14T23:59:59Z,2025-05-15T09:00:00Z,destination=AMS&origin=GRX&endRange=2025-10-14T23:59:59Z&startRange=2025-05-15T09:00:00Z,1.0,1.0,100%,87.0,<Response [200]>,,2025-10-19T14:27:35.929608
,,,,,,AMS,,,,,INN,,,,2025-10-14T23:59:59Z,2025-05-15T09:00:00Z,destination=AMS&origin=INN&endRange=2025-10-14T23:59:59Z&startRange=2025-05-15T09:00:00Z,1.0,1.0,100%,43.0,<Response [200]>,,2025-10-19T14:27:35.929608
,,,,,,AMS,,,,,JMK,,,,2025-10-14T23:59:59Z,2025-05-15T09:00:00Z,destination=AMS&origin=JMK&endRange=2025-10-14T23:59:59Z&startRange=2025-05-15T09:00:00Z,1.0,1.0,100%,44.0,<Response [200]>,,2025-10-19T14:27:35.929608
,,,,,,AMS,,,,,JTR,,,,2025-10-14T23:59:59Z,2025-05-15T09:00:00Z,destination=AMS&origin=JTR&endRange=2025-10-14T23:59:59Z&startRange=2025-05-15T09:00:00Z,1.0,1.0,100%,64.0,<Response [200]>,,2025-10-19T14:27:35.929608
,,,,,,AMS,,,,,KLX,,,,2025-10-14T23:59:59Z,2025-05-15T09:00:00Z,destination=AMS&origin=KLX&endRange=2025-10-14T23:59:59Z&startRange=2025-05-15T09:00:00Z,1.0,1.0,100%,64.0,<Response [200]>,,2025-10-19T14:27:35.929608
,,,,,,AMS,,,,,MAH,,,,2025-10-14T23:59:59Z,2025-05-15T09:00:00Z,destination=AMS&origin=MAH&endRange=2025-10-14T23:59:59Z&startRange=2025-05-15T09:00:00Z,1.0,1.0,100%,67.0,<Response [200]>,,2025-10-19T14:27:35.929608
,,,,,,AMS,,,,,OHD,,,,2025-10-14T23:59:59Z,2025-05-15T09:00:00Z,destination=AMS&origin=OHD&endRange=2025-10-14T23:59:59Z&startRange=2025-05-15T09:00:00Z,1.0,1.0,100%,61.0,<Response [200]>,,2025-10-19T14:27:35.929608
,,,,,,AMS,,,,,ORY,,,,2025-10-14T23:59:59Z,2025-05-15T09:00:00Z,destination=AMS&origin=ORY&endRange=2025-10-14T23:59:59Z&startRange=2025-05-15T09:00:00Z,1.0,1.0,100%,97.0,<Response [200]>,,2025-10-19T14:27:35.929608
,,,,,,AMS,,,,,OVD,,,,2025-10-14T23:59:59Z,2025-05-15T09:00:00Z,destination=AMS&origin=OVD&endRange=2025-10-14T23:59:59Z&startRange=2025-05-15T09:00:00Z,1.0,1.0,100%,57.0,<Response [200]>,,2025-10-19T14:27:35.929608
,,,,,,AMS,,,,,PDL,,,,2025-10-14T23:59:59Z,2025-05-15T09:00:00Z,destination=AMS&origin=PDL&endRange=2025-10-14T23:59:59Z&startRange=2025-05-15T09:00:00Z,1.0,1.0,100%,46.0,<Response [200]>,,2025-10-19T14:27:35.929608
,,,,,,AMS,,,,,PLQ,,,,2025-10-14T23:59:59Z,2025-05-15T09:00:00Z,destination=AMS&origin=PLQ&endRange=2025-10-14T23:59:59Z&startRange=2025-05-15T09:00:00Z,1.0,1.0,100%,35.0,<Response [200]>,,2025-10-19T14:27:35.929608
,,,,,,AMS,,,,,PMO,,,,2025-10-14T23:59:59Z,2025-05-15T09:00:00Z,destination=AMS&origin=PMO&endRange=2025-10-14T23:59:59Z&startRange=2025-05-15T09:00:00Z,1.0,1.0,100%,44.0,<Response [200]>,,2025-10-19T14:27:35.929608
,,,,,,AMS,,,,,PUY,,,,2025-10-14T23:59:59Z,2025-05-15T09:00:00Z,destination=AMS&origin=PUY&endRange=2025-10-14T23:59:59Z&startRange=2025-05-15T09:00:00Z,1.0,1.0,100%,21.0,<Response [200]>,,2025-10-19T14:27:35.929608
,,,,,,AMS,,,,,RMO,,,,2025-10-14T23:59:59Z,2025-05-15T09:00:00Z,destination=AMS&origin=RMO&endRange=2025-10-14T23:59:59Z&startRange=2025-05-15T09:00:00Z,1.0,1.0,100%,59.0,<Response [200]>,,2025-10-19T14:27:35.929608
,,,,,,AMS,,,,,SCQ,,,,2025-10-14T23:59:59Z,2025-05-15T09:00:00Z,destination=AMS&origin=SCQ&endRange=2025-10-14T23:59:59Z&startRange=2025-05-15T09:00:00Z,1.0,1.0,100%,36.0,<Response [200]>,,2025-10-19T14:27:35.929608
,,,,,,AMS,,,,,SEN,,,,2025-10-14T23:59:59Z,2025-05-15T09:00:00Z,destination=AMS&origin=SEN&endRange=2025-10-14T23:59:59Z&startRange=2025-05-15T09:00:00Z,1.0,1.0,100%,97.0,<Response [200]>,,2025-10-18T16_18_34.796549
,,,,,,AMS,,,,,SKP,,,,2025-10-14T23:59:59Z,2025-05-15T09:00:00Z,destination=AMS&origin=SKP&endRange=2025-10-14T23:59:59Z&startRange=2025-05-15T09:00:00Z,1.0,1.0,100%,44.0,<Response [200]>,,2025-10-18T16_18_34.796549
,,,,,,AMS,,,,,SPC,,,,2025-10-14T23:59:59Z,2025-05-15T09:00:00Z,destination=AMS&origin=SPC&endRange=2025-10-14T23:59:59Z&startRange=2025-05-15T09:00:00Z,1.0,1.0,100%,22.0,<Response [200]>,,2025-10-18T16_18_34.796549
,,,,,,AMS,,,,,SZG,,,,2025-10-14T23:59:59Z,2025-05-15T09:00:00Z,destination=AMS&origin=SZG&endRange=2025-10-14T23:59:59Z&startRange=2025-05-15T09:00:00Z,1.0,1.0,100%,44.0,<Response [200]>,,2025-10-18T16_18_34.796549
,,,,,,AOI,,,,,ORY,,,,2025-10-14T23:59:59Z,2025-05-15T09:00:00Z,destination=AOI&origin=ORY&endRange=2025-10-14T23:59:59Z&startRange=2025-05-15T09:00:00Z,1.0,1.0,100%,43.0,<Response [200]>,,2025-10-18T16_18_34.796549
,,,,,,ARN,,,,,GOT,,,,2025-10-14T23:59:59Z,2025-05-15T09:00:00Z,destination=ARN&origin=GOT&endRange=2025-10-14T23:59:59Z&startRange=2025-05-15T09:00:00Z,1.0,1.0,100%,68.0,<Response [200]>,,2025-10-18T16_18_34.796549
,,,,,,ARN,,,,,OSL,,,,2025-10-14T23:59:59Z,2025-05-15T09:00:00Z,destination=ARN&origin=OSL&endRange=2025-10-14T23:59:59Z&startRange=2025-05-15T09:00:00Z,1.0,1.0,100%,63.0,<Response [200]>,,2025-10-18T16_18_34.796549
,,,,,,ARN,,,,,TOS,,,,2025-10-14T23:59:59Z,2025-05-15T09:00:00Z,destination=ARN&origin=TOS&endRange=2025-10-14T23:59:59Z&startRange=2025-05-15T09:00:00Z,1.0,1.0,100%,57.0,<Response [200]>,,2025-10-18T16_18_34.796549
,,,,,,ATH,,,,,LYS,,,,2025-10-14T23:59:59Z,2025-05-15T09:00:00Z,destination=ATH&origin=LYS&endRange=2025-10-14T23:59:59Z&startRange=2025-05-15T09:00:00Z,1.0,1.0,100%,39.0,<Response [200]>,,2025-10-18T16_18_34.796549
,,,,,,ATH,,,,,MAD,,,,2025-10-14T23:59:59Z,2025-05-15T09:00:00Z,destination=ATH&origin=MAD&endRange=2025-10-14T23:59:59Z&startRange=2025-05-15T09:00:00Z,1.0,1.0,100%,11.0,<Response [200]>,,2025-10-18T16_18_34.796549
,,,,,,ATH,,,,,OTP,,,,2025-10-14T23:59:59Z,2025-05-15T09:00:00Z,destination=ATH&origin=OTP&endRange=2025-10-14T23:59:59Z&startRange=2025-05-15T09:00:00Z,1.0,1.0,100%,43.0,<Response [200]>,,2025-10-18T16_18_34.796549
,,,,,,BEG,,,,,LYS,,,,2025-10-14T23:59:59Z,2025-05-15T09:00:00Z,destination=BEG&origin=LYS&endRange=2025-10-14T23:59:59Z&startRange=2025-05-15T09:00:00Z,1.0,1.0,100%,44.0,<Response [200]>,,2025-10-18T16_18_34.796549
,,,,,,BEG,,,,,OHD,,,,2025-10-14T23:59:59Z,2025-05-15T09:00:00Z,destination=BEG&origin=OHD&endRange=2025-10-14T23:59:59Z&startRange=2025-05-15T09:00:00Z,1.0,1.0,100%,28.0,<Response [200]>,,2025-10-18T16_18_34.796549
,,,,,,BEG,,,,,OTP,,,,2025-10-14T23:59:59Z,2025-05-15T09:00:00Z,destination=BEG&origin=OTP&endRange=2025-10-14T23:59:59Z&startRange=2025-05-15T09:00:00Z,1.0,1.0,100%,25.0,<Response [200]>,,2025-10-18T16_18_34.796549
,,,,,,BEG,,,,,VAR,,,,2025-10-14T23:59:59Z,2025-05-15T09:00:00Z,destination=BEG&origin=VAR&endRange=2025-10-14T23:59:59Z&startRange=2025-05-15T09:00:00Z,1.0,1.0,100%,66.0,<Response [200]>,,2025-10-18T16_18_34.796549
,,,,,,BER,,,,,BER,,,,2025-10-14T23:59:59Z,2025-05-15T09:00:00Z,destination=BER&origin=BER&endRange=2025-10-14T23:59:59Z&startRange=2025-05-15T09:00:00Z,1.0,1.0,100%,2.0,<Response [200]>,,2025-10-18T16_18_34.796549
,,,,,,BGO,,,,,FAE,,,,2025-10-14T23:59:59Z,2025-05-15T09:00:00Z,destination=BGO&origin=FAE&endRange=2025-10-14T23:59:59Z&startRange=2025-05-15T09:00:00Z,1.0,1.0,100%,10.0,<Response [200]>,,2025-10-18T16_18_34.796549
,,,,,,BGO,,,,,GOT,,,,2025-10-14T23:59:59Z,2025-05-15T09:00:00Z,destination=BGO&origin=GOT&endRange=2025-10-14T23:59:59Z&startRange=2025-05-15T09:00:00Z,1.0,1.0,100%,57.0,<Response [200]>,,2025-10-18T16_18_34.796549
,,,,,,BIA,,,,,CDG,,,,2025-10-14T23:59:59Z,2025-05-15T09:00:00Z,destination=BIA&origin=CDG&endRange=2025-10-14T23:59:59Z&startRange=2025-05-15T09:00:00Z,1.0,1.0,100%,11.0,<Response [200]>,,2025-10-18T16_18_34.796549
,,,,,,BIA,,,,,CRL,,,,2025-10-14T23:59:59Z,2025-05-15T09:00:00Z,destination=BIA&origin=CRL&endRange=2025-10-14T23:59:59Z&startRange=2025-05-15T09:00:00Z,1.0,1.0,100%,84.0,<Response [200]>,,2025-10-18T16_18_34.796549
,,,,,,BIA,,,,,FCO,,,,2025-10-14T23:59:59Z,2025-05-15T09:00:00Z,destination=BIA&origin=FCO&endRange=2025-10-14T23:59:59Z&startRange=2025-05-15T09:00:00Z,1.0,1.0,100%,33.0,<Response [200]>,,2025-10-19T14:34:02.771776
,,,,,,BIA,,,,,TLS,,,,2025-10-14T23:59:59Z,2025-05-15T09:00:00Z,destination=BIA&origin=TLS&endRange=2025-10-14T23:59:59Z&startRange=2025-05-15T09:00:00Z,1.0,1.0,100%,44.0,<Response [200]>,,2025-10-19T14:34:02.771776
,,,,,,BIO,,,,,PMI,,,,2025-10-14T23:59:59Z,2025-05-15T09:00:00Z,destination=BIO&origin=PMI&endRange=2025-10-14T23:59:59Z&startRange=2025-05-15T09:00:00Z,1.0,1.0,100%,10.0,<Response [200]>,,2025-10-19T14:34:02.771776
,,,,,,BIQ,,,,,AMS,,,,2025-10-14T23:59:59Z,2025-05-15T09:00:00Z,destination=BIQ&origin=AMS&endRange=2025-10-14T23:59:59Z&startRange=2025-05-15T09:00:00Z,1.0,1.0,100%,84.0,<Response [200]>,,2025-10-19T14:34:02.771776
,,,,,,BIQ,,,,,FSC,,,,2025-10-14T23:59:59Z,2025-05-15T09:00:00Z,destination=BIQ&origin=FSC&endRange=2025-10-14T23:59:59Z&startRange=2025-05-15T09:00:00Z,1.0,1.0,100%,9.0,<Response [200]>,,2025-10-19T14:34:02.771776
,,,,,,BLL,,,,,FAE,,,,2025-10-14T23:59:59Z,2025-05-15T09:00:00Z,destination=BLL&origin=FAE&endRange=2025-10-14T23:59:59Z&startRange=2025-05-15T09:00:00Z,1.0,1.0,100%,90.0,<Response [200]>,,2025-10-19T14:34:02.771776
,,,,,,BOD,,,,,AJA,,,,2025-10-14T23:59:59Z,2025-05-15T09:00:00Z,destination=BOD&origin=AJA&endRange=2025-10-14T23:59:59Z&startRange=2025-05-15T09:00:00Z,1.0,1.0,100%,9.0,<Response [200]>,,2025-10-19T14:34:02.771776
,,,,,,BOD,,,,,FSC,,,,2025-10-14T23:59:59Z,2025-05-15T09:00:00Z,destination=BOD&origin=FSC&endRange=2025-10-14T23:59:59Z&startRange=2025-05-15T09:00:00Z,1.0,1.0,100%,9.0,<Response [200]>,,2025-10-19T14:34:02.771776
,,,,,,BOJ,,,,,AMS,,,,2025-10-14T23:59:59Z,2025-05-15T09:00:00Z,destination=BOJ&origin=AMS&endRange=2025-10-14T23:59:59Z&startRange=2025-05-15T09:00:00Z,1.0,1.0,100%,50.0,<Response [200]>,,2025-10-19T14:34:02.771776
,,,,,,BOJ,,,,,SOF,,,,2025-10-14T23:59:59Z,2025-05-15T09:00:00Z,destination=BOJ&origin=SOF&endRange=2025-10-14T23:59:59Z&startRange=2025-05-15T09:00:00Z,1.0,1.0,100%,75.0,<Response [200]>,,2025-10-19T14:34:02.771776
,,,,,,BOO,,,,,TOS,,,,2025-10-14T23:59:59Z,2025-05-15T09:00:00Z,destination=BOO&origin=TOS&endRange=2025-10-14T23:59:59Z&startRange=2025-05-15T09:00:00Z,1.0,1.0,100%,74.0,<Response [200]>,,2025-10-19T14:34:02.771776
,,,,,,BRU,,,,,LIN,,,,2025-10-14T23:59:59Z,2025-05-15T09:00:00Z,destination=BRU&origin=LIN&endRange=2025-10-14T23:59:59Z&startRange=2025-05-15T09:00:00Z,1.0,1.0,100%,89.0,<Response [200]>,,2025-10-19T14:34:02.771776
,,,,,,BRU,,,,,MAD,,,,2025-10-14T23:59:59Z,2025-05-15T09:00:00Z,destination=BRU&origin=MAD&endRange=2025-10-14T23:59:59Z&startRange=2025-05-15T09:00:00Z,1.0,1.0,100%,41.0,<Response [200]>,,2025-10-19T14:34:02.771776
,,,,,,BUD,,,,,OTP,,,,2025-10-14T23:59:59Z,2025-05-15T09:00:00Z,destination=BUD&origin=OTP&endRange=2025-10-14T23:59:59Z&startRange=2025-05-15T09:00:00Z,1.0,1.0,100%,18.0,<Response [200]>,,2025-10-19T14:34:02.771776
,,,,,,CAG,,,,,AMS,,,,2025-10-14T23:59:59Z,2025-05-15T09:00:00Z,destination=CAG&origin=AMS&endRange=2025-10-14T23:59:59Z&startRange=2025-05-15T09:00:00Z,1.0,1.0,100%,93.0,<Response [200]>,,2025-10-19T14:34:02.771776
,,,,,,CAG,,,,,CDG,,,,2025-10-14T23:59:59Z,2025-05-15T09:00:00Z,destination=CAG&origin=CDG&endRange=2025-10-14T23:59:59Z&startRange=2025-05-15T09:00:00Z,1.0,1.0,100%,59.0,<Response [200]>,,2025-10-19T14:34:02.771776
,,,,,,CDG,,,,,ACE,,,,2025-10-14T23:59:59Z,2025-05-15T09:00:00Z,destination=CDG&origin=ACE&endRange=2025-10-14T23:59:59Z&startRange=2025-05-15T09:00:00Z,1.0,1.0,100%,97.0,<Response [200]>,,2025-10-19T14:34:02.771776
,,,,,,CDG,,,,,AHO,,,,2025-10-14T23:59:59Z,2025-05-15T09:00:00Z,destination=CDG&origin=AHO&endRange=2025-10-14T23:59:59Z&startRange=2025-05-15T09:00:00Z,1.0,1.0,100%,5.0,<Response [200]>,,2025-10-19T14:34:02.771776
,,,,,,CDG,,,,,BIA,,,,2025-10-14T23:59:59Z,2025-05-15T09:00:00Z,destination=CDG&origin=BIA&endRange=2025-10-14T23:59:59Z&startRange=2025-05-15T09:00:00Z,1.0,1.0,100%,13.0,<Response [200]>,,2025-10-19T14:34:02.771776
,,,,,,CDG,,,,,CAG,,,,2025-10-14T23:59:59Z,2025-05-15T09:00:00Z,destination=CDG&origin=CAG&endRange=2025-10-14T23:59:59Z&startRange=2025-05-15T09:00:00Z,1.0,1.0,100%,60.0,<Response [200]>,,2025-10-19T14:34:02.771776
,,,,,,CDG,,,,,FAE,,,,2025-10-14T23:59:59Z,2025-05-15T09:00:00Z,destination=CDG&origin=FAE&endRange=2025-10-14T23:59:59Z&startRange=2025-05-15T09:00:00Z,1.0,1.0,100%,60.0,<Response [200]>,,2025-10-19T14:34:02.771776
,,,,,,CDG,,,,,FAO,,,,2025-10-14T23:59:59Z,2025-05-15T09:00:00Z,destination=CDG&origin=FAO&endRange=2025-10-14T23:59:59Z&startRange=2025-05-15T09:00:00Z,1.0,1.0,100%,64.0,<Response [200]>,,2025-10-19T14:34:02.771776
,,,,,,CDG,,,,,FUE,,,,2025-10-14T23:59:59Z,2025-05-15T09:00:00Z,destination=CDG&origin=FUE&endRange=2025-10-14T23:59:59Z&startRange=2025-05-15T09:00:00Z,1.0,1.0,100%,10.0,<Response [200]>,,2025-10-19T14:34:02.771776
,,,,,,CDG,,,,,JER,,,,2025-10-14T23:59:59Z,2025-05-15T09:00:00Z,destination=CDG&origin=JER&endRange=2025-10-14T23:59:59Z&startRange=2025-05-15T09:00:00Z,1.0,1.0,100%,42.0,<Response [200]>,,2025-10-19T14:39:52.077216
,,,,,,CDG,,,,,JMK,,,,2025-10-14T23:59:59Z,2025-05-15T09:00:00Z,destination=CDG&origin=JMK&endRange=2025-10-14T23:59:59Z&startRange=2025-05-15T09:00:00Z,1.0,1.0,100%,94.0,<Response [200]>,,2025-10-19T14:39:52.077216
,,,,,,CDG,,,,,JTR,,,,2025-10-14T23:59:59Z,2025-05-15T09:00:00Z,destination=CDG&origin=JTR&endRange=2025-10-14T23:59:59Z&startRange=2025-05-15T09:00:00Z,1.0,1.0,100%,96.0,<Response [200]>,,2025-10-19T14:39:52.077216
,,,,,,CDG,,,,,KGS,,,,2025-10-14T23:59:59Z,2025-05-15T09:00:00Z,destination=CDG&origin=KGS&endRange=2025-10-14T23:59:59Z&startRange=2025-05-15T09:00:00Z,1.0,1.0,100%,14.0,<Response [200]>,,2025-10-19T14:39:52.077216
,,,,,,CDG,,,,,LPL,,,,2025-10-14T23:59:59Z,2025-05-15T09:00:00Z,destination=CDG&origin=LPL&endRange=2025-10-14T23:59:59Z&startRange=2025-05-15T09:00:00Z,1.0,1.0,100%,98.0,<Response [200]>,,2025-10-19T14:39:52.077216
,,,,,,CDG,,,,,MAH,,,,2025-10-14T23:59:59Z,2025-05-15T09:00:00Z,destination=CDG&origin=MAH&endRange=2025-10-14T23:59:59Z&startRange=2025-05-15T09:00:00Z,1.0,1.0,100%,50.0,<Response [200]>,,2025-10-19T14:39:52.077216
,,,,,,CDG,,,,,PDL,,,,2025-10-14T23:59:59Z,2025-05-15T09:00:00Z,destination=CDG&origin=PDL&endRange=2025-10-14T23:59:59Z&startRange=2025-05-15T09:00:00Z,1.0,1.0,100%,81.0,<Response [200]>,,2025-10-19T14:39:52.077216
,,,,,,CDG,,,,,PRN,,,,2025-10-14T23:59:59Z,2025-05-15T09:00:00Z,destination=CDG&origin=PRN&endRange=2025-10-14T23:59:59Z&startRange=2025-05-15T09:00:00Z,1.0,1.0,100%,39.0,<Response [200]>,,2025-10-19T14:39:52.077216
,,,,,,CDG,,,,,RHO,,,,2025-10-14T23:59:59Z,2025-05-15T09:00:00Z,destination=CDG&origin=RHO&endRange=2025-10-14T23:59:59Z&startRange=2025-05-15T09:00:00Z,1.0,1.0,100%,60.0,<Response [200]>,,2025-10-19T14:39:52.077216
,,,,,,CDG,,,,,RMO,,,,2025-10-14T23:59:59Z,2025-05-15T09:00:00Z,destination=CDG&origin=RMO&endRange=2025-10-14T23:59:59Z&startRange=2025-05-15T09:00:00Z,1.0,1.0,100%,82.0,<Response [200]>,,2025-10-19T14:39:52.077216
,,,,,,CDG,,,,,SCQ,,,,2025-10-14T23:59:59Z,2025-05-15T09:00:00Z,destination=CDG&origin=SCQ&endRange=2025-10-14T23:59:59Z&startRange=2025-05-15T09:00:00Z,1.0,1.0,100%,97.0,<Response [200]>,,2025-10-19T14:39:52.077216
,,,,,,CDG,,,,,SEN,,,,2025-10-14T23:59:59Z,2025-05-15T09:00:00Z,destination=CDG&origin=SEN&endRange=2025-10-14T23:59:59Z&startRange=2025-05-15T09:00:00Z,1.0,1.0,100%,76.0,<Response [200]>,,2025-10-19T14:39:52.077216
,,,,,,CDG,,,,,SKG,,,,2025-10-14T23:59:59Z,2025-05-15T09:00:00Z,destination=CDG&origin=SKG&endRange=2025-10-14T23:59:59Z&startRange=2025-05-15T09:00:00Z,1.0,1.0,100%,58.0,<Response [200]>,,2025-10-19T14:39:52.077216
,,,,,,CDG,,,,,SNN,,,,2025-10-14T23:59:59Z,2025-05-15T09:00:00Z,destination=CDG&origin=SNN&endRange=2025-10-14T23:59:59Z&startRange=2025-05-15T09:00:00Z,1.0,1.0,100%,44.0,<Response [200]>,,2025-10-19T14:39:52.077216
,,,,,,CDG,,,,,SVG,,,,2025-10-14T23:59:59Z,2025-05-15T09:00:00Z,destination=CDG&origin=SVG&endRange=2025-10-14T23:59:59Z&startRange=2025-05-15T09:00:00Z,1.0,1.0,100%,44.0,<Response [200]>,,2025-10-19T14:39:52.077216
,,,,,,CDG,,,,,TFS,,,,2025-10-14T23:59:59Z,2025-05-15T09:00:00Z,destination=CDG&origin=TFS&endRange=2025-10-14T23:59:59Z&startRange=2025-05-15T09:00:00Z,1.0,1.0,100%,85.0,<Response [200]>,,2025-10-19T14:39:52.077216
,,,,,,CDG,,,,,TGD,,,,2025-10-14T23:59:59Z,2025-05-15T09:00:00Z,destination=CDG&origin=TGD&endRange=2025-10-14T23:59:59Z&startRange=2025-05-15T09:00:00Z,1.0,1.0,100%,52.0,<Response [200]>,,2025-10-19T14:39:52.077216
,,,,,,CDG,,,,,TIA,,,,2025-10-14T23:59:59Z,2025-05-15T09:00:00Z,destination=CDG&origin=TIA&endRange=2025-10-14T23:59:59Z&startRange=2025-05-15T09:00:00Z,1.0,1.0,100%,18.0,<Response [200]>,,2025-10-19T14:39:52.077216
,,,,,,CDG,,,,,TOS,,,,2025-10-14T23:59:59Z,2025-05-15T09:00:00Z,destination=CDG&origin=TOS&endRange=2025-10-14T23:59:59Z&startRange=2025-05-15T09:00:00Z,1.0,1.0,100%,20.0,<Response [200]>,,2025-10-19T14:39:52.077216
,,,,,,CDG,,,,,VAR,,,,2025-10-14T23:59:59Z,2025-05-15T09:00:00Z,destination=CDG&origin=VAR&endRange=2025-10-14T23:59:59Z&startRange=2025-05-15T09:00:00Z,1.0,1.0,100%,36.0,<Response [200]>,,2025-10-19T14:39:52.077216
,,,,,,CDG,,,,,VRN,,,,2025-10-14T23:59:59Z,2025-05-15T09:00:00Z,destination=CDG&origin=VRN&endRange=2025-10-14T23:59:59Z&startRange=2025-05-15T09:00:00Z,1.0,1.0,100%,81.0,<Response [200]>,,2025-10-19T14:39:52.077216
,,,,,,CFU,,,,,FCO,,,,2025-10-14T23:59:59Z,2025-05-15T09:00:00Z,destination=CFU&origin=FCO&endRange=2025-10-14T23:59:59Z&startRange=2025-05-15T09:00:00Z,1.0,1.0,100%,13.0,<Response [200]>,,2025-10-19T14:39:52.077216
,,,,,,CGN,,,,,AMS,,,,2025-10-14T23:59:59Z,2025-05-15T09:00:00Z,destination=CGN&origin=AMS&endRange=2025-10-14T23:59:59Z&startRange=2025-05-15T09:00:00Z,1.0,1.0,100%,1.0,<Response [200]>,,2025-10-19T14:39:52.077216
,,,,,,CHQ,,,,,LYS,,,,2025-10-14T23:59:59Z,2025-05-15T09:00:00Z,destination=CHQ&origin=LYS&endRange=2025-10-14T23:59:59Z&startRange=2025-05-15T09:00:00Z,1.0,1.0,100%,30.0,<Response [200]>,,2025-10-19T14:39:52.077216
,,,,,,CPH,,,,,AES,,,,2025-10-14T23:59:59Z,2025-05-15T09:00:00Z,destination=CPH&origin=AES&endRange=2025-10-14T23:59:59Z&startRange=2025-05-15T09:00:00Z,1.0,1.0,100%,54.0,<Response [200]>,,2025-10-19T14:39:52.077216
,,,,,,CPH,,,,,CPH,,,,2025-10-14T23:59:59Z,2025-05-15T09:00:00Z,destination=CPH&origin=CPH&endRange=2025-10-14T23:59:59Z&startRange=2025-05-15T09:00:00Z,1.0,1.0,100%,7.0,<Response [200]>,,2025-10-19T14:39:52.077216
,,,,,,CRL,,,,,AJA,,,,2025-10-14T23:59:59Z,2025-05-15T09:00:00Z,destination=CRL&origin=AJA&endRange=2025-10-14T23:59:59Z&startRange=2025-05-15T09:00:00Z,1.0,1.0,100%,91.0,<Response [200]>,,2025-10-19T14:39:52.077216
,,,,,,CRL,,,,,BIA,,,,2025-10-14T23:59:59Z,2025-05-15T09:00:00Z,destination=CRL&origin=BIA&endRange=2025-10-14T23:59:59Z&startRange=2025-05-15T09:00:00Z,1.0,1.0,100%,82.0,<Response [200]>,,2025-10-19T14:39:52.077216
,,,,,,EDI,,,,,FAE,,,,2025-10-14T23:59:59Z,2025-05-15T09:00:00Z,destination=EDI&origin=FAE&endRange=2025-10-14T23:59:59Z&startRange=2025-05-15T09:00:00Z,1.0,1.0,100%,43.0,<Response [200]>,,2025-10-19T14:39:52.077216
,,,,,,EDI,,,,,ORY,,,,2025-10-14T23:59:59Z,2025-05-15T09:00:00Z,destination=EDI&origin=ORY&endRange=2025-10-14T23:59:59Z&startRange=2025-05-15T09:00:00Z,1.0,1.0,100%,89.0,<Response [200]>,,2025-10-19T14:39:52.077216
,,,,,,EFL,,,,,FCO,,,,2025-10-14T23:59:59Z,2025-05-15T09:00:00Z,destination=EFL&origin=FCO&endRange=2025-10-14T23:59:59Z&startRange=2025-05-15T09:00:00Z,1.0,1.0,100%,4.0,<Response [200]>,,2025-10-19T14:39:52.077216
,,,,,,EFL,,,,,ORY,,,,2025-10-14T23:59:59Z,2025-05-15T09:00:00Z,destination=EFL&origin=ORY&endRange=2025-10-14T23:59:59Z&startRange=2025-05-15T09:00:00Z,1.0,1.0,100%,9.0,<Response [200]>,,2025-10-19T14:39:52.077216
,,,,,,FAE,,,,,BLL,,,,2025-10-14T23:59:59Z,2025-05-15T09:00:00Z,destination=FAE&origin=BLL&endRange=2025-10-14T23:59:59Z&startRange=2025-05-15T09:00:00Z,1.0,1.0,100%,60.0,<Response [200]>,,2025-10-19T14:39:52.077216
,,,,,,FAE,,,,,CDG,,,,2025-10-14T23:59:59Z,2025-05-15T09:00:00Z,destination=FAE&origin=CDG&endRange=2025-10-14T23:59:59Z&startRange=2025-05-15T09:00:00Z,1.0,1.0,100%,58.0,<Response [200]>,,2025-10-19T14:39:52.077216
,,,,,,FAE,,,,,EDI,,,,2025-10-14T23:59:59Z,2025-05-15T09:00:00Z,destination=FAE&origin=EDI&endRange=2025-10-14T23:59:59Z&startRange=2025-05-15T09:00:00Z,1.0,1.0,100%,42.0,<Response [200]>,,2025-10-19T14:39:52.077216
,,,,,,FAE,,,,,KEF,,,,2025-10-14T23:59:59Z,2025-05-15T09:00:00Z,destination=FAE&origin=KEF&endRange=2025-10-14T23:59:59Z&startRange=2025-05-15T09:00:00Z,1.0,1.0,100%,59.0,<Response [200]>,,2025-10-19T14:39:52.077216
,,,,,,FAE,,,,,OSL,,,,2025-10-14T23:59:59Z,2025-05-15T09:00:00Z,destination=FAE&origin=OSL&endRange=2025-10-14T23:59:59Z&startRange=2025-05-15T09:00:00Z,1.0,1.0,100%,43.0,<Response [200]>,,2025-10-19T14:39:52.077216
,,,,,,FAO,,,,,CDG,,,,2025-10-14T23:59:59Z,2025-05-15T09:00:00Z,destination=FAO&origin=CDG&endRange=2025-10-14T23:59:59Z&startRange=2025-05-15T09:00:00Z,1.0,1.0,100%,63.0,<Response [200]>,,2025-10-19T14:39:52.077216
,,,,,,FAO,,,,,LYS,,,,2025-10-14T23:59:59Z,2025-05-15T09:00:00Z,destination=FAO&origin=LYS&endRange=2025-10-14T23:59:59Z&startRange=2025-05-15T09:00:00Z,1.0,1.0,100%,44.0,<Response [200]>,,2025-10-19T14:39:52.077216
,,,,,,FCO,,,,,AJA,,,,2025-10-14T23:59:59Z,2025-05-15T09:00:00Z,destination=FCO&origin=AJA&endRange=2025-10-14T23:59:59Z&startRange=2025-05-15T09:00:00Z,1.0,1.0,100%,45.0,<Response [200]>,,2025-10-19T14:39:52.077216
,,,,,,FCO,,,,,BIA,,,,2025-10-14T23:59:59Z,2025-05-15T09:00:00Z,destination=FCO&origin=BIA&endRange=2025-10-14T23:59:59Z&startRange=2025-05-15T09:00:00Z,1.0,1.0,100%,33.0,<Response [200]>,,2025-10-19T14:39:52.077216
,,,,,,FCO,,,,,CFU,,,,2025-10-14T23:59:59Z,2025-05-15T09:00:00Z,destination=FCO&origin=CFU&endRange=2025-10-14T23:59:59Z&startRange=2025-05-15T09:00:00Z,1.0,1.0,100%,13.0,<Response [200]>,,2025-10-19T14:39:52.077216
,,,,,,FCO,,,,,EFL,,,,2025-10-14T23:59:59Z,2025-05-15T09:00:00Z,destination=FCO&origin=EFL&endRange=2025-10-14T23:59:59Z&startRange=2025-05-15T09:00:00Z,1.0,1.0,100%,4.0,<Response [200]>,,2025-10-19T14:39:52.077216
,,,,,,FCO,,,,,GVA,,,,2025-10-14T23:59:59Z,2025-05-15T09:00:00Z,destination=FCO&origin=GVA&endRange=2025-10-14T23:59:59Z&startRange=2025-05-15T09:00:00Z,1.0,1.0,100%,74.0,<Response [200]>,,2025-10-19T14:39:52.077216
,,,,,,FCO,,,,,HER,,,,2025-10-14T23:59:59Z,2025-05-15T09:00:00Z,destination=FCO&origin=HER&endRange=2025-10-14T23:59:59Z&startRange=2025-05-15T09:00:00Z,1.0,1.0,100%,7.0,<Response [200]>,,2025-10-19T14:39:52.077216
,,,,,,FCO,,,,,IBZ,,,,2025-10-14T23:59:59Z,2025-05-15T09:00:00Z,destination=FCO&origin=IBZ&endRange=2025-10-14T23:59:59Z&startRange=2025-05-15T09:00:00Z,1.0,1.0,100%,25.0,<Response [200]>,,2025-10-19T14:39:52.077216
,,,,,,FCO,,,,,LGW,,,,2025-10-14T23:59:59Z,2025-05-15T09:00:00Z,destination=FCO&origin=LGW&endRange=2025-10-14T23:59:59Z&startRange=2025-05-15T09:00:00Z,1.0,1.0,100%,5.0,<Response [200]>,,2025-10-19T14:39:52.077216
,,,,,,FCO,,,,,MUC,,,,2025-10-14T23:59:59Z,2025-05-15T09:00:00Z,destination=FCO&origin=MUC&endRange=2025-10-14T23:59:59Z&startRange=2025-05-15T09:00:00Z,1.0,1.0,100%,59.0,<Response [200]>,,2025-10-19T14:39:52.077216
,,,,,,FCO,,,,,PMI,,,,2025-10-14T23:59:59Z,2025-05-15T09:00:00Z,destination=FCO&origin=PMI&endRange=2025-10-14T23:59:59Z&startRange=2025-05-15T09:00:00Z,1.0,1.0,100%,15.0,<Response [200]>,,2025-10-19T14:39:52.077216
,,,,,,FCO,,,,,RHO,,,,2025-10-14T23:59:59Z,2025-05-15T09:00:00Z,destination=FCO&origin=RHO&endRange=2025-10-14T23:59:59Z&startRange=2025-05-15T09:00:00Z,1.0,1.0,100%,4.0,<Response [200]>,,2025-10-19T14:39:52.077216
,,,,,,FCO,,,,,SOF,,,,2025-10-14T23:59:59Z,2025-05-15T09:00:00Z,destination=FCO&origin=SOF&endRange=2025-10-14T23:59:59Z&startRange=2025-05-15T09:00:00Z,1.0,1.0,100%,84.0,<Response [200]>,,2025-10-19T14:39:52.077216
,,,,,,FCO,,,,,ZRH,,,,2025-10-14T23:59:59Z,2025-05-15T09:00:00Z,destination=FCO&origin=ZRH&endRange=2025-10-14T23:59:59Z&startRange=2025-05-15T09:00:00Z,1.0,1.0,100%,99.0,<Response [200]>,,2025-10-19T14:39:52.077216
,,,,,,FNC,,,,,CDG,,,,2025-10-14T23:59:59Z,2025-05-15T09:00:00Z,destination=FNC&origin=CDG&endRange=2025-10-14T23:59:59Z&startRange=2025-05-15T09:00:00Z,1.0,1.0,100%,97.0,<Response [200]>,,2025-10-19T14:39:52.077216
,,,,,,FNC,,,,,LYS,,,,2025-10-14T23:59:59Z,2025-05-15T09:00:00Z,destination=FNC&origin=LYS&endRange=2025-10-14T23:59:59Z&startRange=2025-05-15T09:00:00Z,1.0,1.0,100%,22.0,<Response [200]>,,2025-10-19T14:39:52.077216
,,,,,,FRA,,,,,MAD,,,,2025-10-14T23:59:59Z,2025-05-15T09:00:00Z,destination=FRA&origin=MAD&endRange=2025-10-14T23:59:59Z&startRange=2025-05-15T09:00:00Z,1.0,1.0,100%,11.0,<Response [200]>,,2025-10-19T14:39:52.077216
,,,,,,FSC,,,,,BIQ,,,,2025-10-14T23:59:59Z,2025-05-15T09:00:00Z,destination=FSC&origin=BIQ&endRange=2025-10-14T23:59:59Z&startRange=2025-05-15T09:00:00Z,1.0,1.0,100%,9.0,<Response [200]>,,2025-10-19T14:39:52.077216
,,,,,,FSC,,,,,BOD,,,,2025-10-14T23:59:59Z,2025-05-15T09:00:00Z,destination=FSC&origin=BOD&endRange=2025-10-14T23:59:59Z&startRange=2025-05-15T09:00:00Z,1.0,1.0,100%,9.0,<Response [200]>,,2025-10-19T14:39:52.077216
,,,,,,FSC,,,,,LYS,,,,2025-10-14T23:59:59Z,2025-05-15T09:00:00Z,destination=FSC&origin=LYS&endRange=2025-10-14T23:59:59Z&startRange=2025-05-15T09:00:00Z,1.0,1.0,100%,20.0,<Response [200]>,,2025-10-19T14:39:52.077216
,,,,,,FSC,,,,,TLS,,,,2025-10-14T23:59:59Z,2025-05-15T09:00:00Z,destination=FSC&origin=TLS&endRange=2025-10-14T23:59:59Z&startRange=2025-05-15T09:00:00Z,1.0,1.0,100%,9.0,<Response [200]>,,2025-10-19T14:39:52.077216
,,,,,,FUE,,,,,CDG,,,,2025-10-14T23:59:59Z,2025-05-15T09:00:00Z,destination=FUE&origin=CDG&endRange=2025-10-14T23:59:59Z&startRange=2025-05-15T09:00:00Z,1.0,1.0,100%,8.0,<Response [200]>,,2025-10-19T14:39:52.077216
,,,,,,GOA,,,,,ORY,,,,2025-10-14T23:59:59Z,2025-05-15T09:00:00Z,destination=GOA&origin=ORY&endRange=2025-10-14T23:59:59Z&startRange=2025-05-15T09:00:00Z,1.0,1.0,100%,71.0,<Response [200]>,,2025-10-19T14:39:52.077216
,,,,,,GOT,,,,,BGO,,,,2025-10-14T23:59:59Z,2025-05-15T09:00:00Z,destination=GOT&origin=BGO&endRange=2025-10-14T23:59:59Z&startRange=2025-05-15T09:00:00Z,1.0,1.0,100%,54.0,<Response [200]>,,2025-10-19T14:39:52.077216
,,,,,,GRX,,,,,AMS,,,,2025-10-14T23:59:59Z,2025-05-15T09:00:00Z,destination=GRX&origin=AMS&endRange=2025-10-14T23:59:59Z&startRange=2025-05-15T09:00:00Z,1.0,1.0,100%,87.0,<Response [200]>,,2025-10-19T14:39:52.077216
,,,,,,GVA,,,,,FCO,,,,2025-10-14T23:59:59Z,2025-05-15T09:00:00Z,destination=GVA&origin=FCO&endRange=2025-10-14T23:59:59Z&startRange=2025-05-15T09:00:00Z,1.0,1.0,100%,71.0,<Response [200]>,,2025-10-20T09:45:51.804586
,,,,,,HAM,,,,,HAM,,,,2025-10-14T23:59:59Z,2025-05-15T09:00:00Z,destination=HAM&origin=HAM&endRange=2025-10-14T23:59:59Z&startRange=2025-05-15T09:00:00Z,1.0,1.0,100%,6.0,<Response [200]>,,2025-10-20T09:45:51.804586
,,,,,,HAM,,,,,LIN,,,,2025-10-14T23:59:59Z,2025-05-15T09:00:00Z,destination=HAM&origin=LIN&endRange=2025-10-14T23:59:59Z&startRange=2025-05-15T09:00:00Z,1.0,1.0,100%,19.0,<Response [200]>,,2025-10-20T09:45:51.804586
,,,,,,HER,,,,,LIN,,,,2025-10-14T23:59:59Z,2025-05-15T09:00:00Z,destination=HER&origin=LIN&endRange=2025-10-14T23:59:59Z&startRange=2025-05-15T09:00:00Z,1.0,1.0,100%,10.0,<Response [200]>,,2025-10-20T09:45:51.804586
,,,,,,HER,,,,,LYS,,,,2025-10-14T23:59:59Z,2025-05-15T09:00:00Z,destination=HER&origin=LYS&endRange=2025-10-14T23:59:59Z&startRange=2025-05-15T09:00:00Z,1.0,1.0,100%,86.0,<Response [200]>,,2025-10-20T09:45:51.804586
,,,,,,IBZ,,,,,FCO,,,,2025-10-14T23:59:59Z,2025-05-15T09:00:00Z,destination=IBZ&origin=FCO&endRange=2025-10-14T23:59:59Z&startRange=2025-05-15T09:00:00Z,1.0,1.0,100%,24.0,<Response [200]>,,2025-10-20T09:45:51.804586
,,,,,,IBZ,,,,,LIN,,,,2025-10-14T23:59:59Z,2025-05-15T09:00:00Z,destination=IBZ&origin=LIN&endRange=2025-10-14T23:59:59Z&startRange=2025-05-15T09:00:00Z,1.0,1.0,100%,16.0,<Response [200]>,,2025-10-20T09:45:51.804586
,,,,,,INN,,,,,AMS,,,,2025-10-14T23:59:59Z,2025-05-15T09:00:00Z,destination=INN&origin=AMS&endRange=2025-10-14T23:59:59Z&startRange=2025-05-15T09:00:00Z,1.0,1.0,100%,43.0,<Response [200]>,,2025-10-20T09:45:51.804586
,,,,,,JER,,,,,CDG,,,,2025-10-14T23:59:59Z,2025-05-15T09:00:00Z,destination=JER&origin=CDG&endRange=2025-10-14T23:59:59Z&startRange=2025-05-15T09:00:00Z,1.0,1.0,100%,43.0,<Response [200]>,,2025-10-20T09:45:51.804586
,,,,,,JMK,,,,,AMS,,,,2025-10-14T23:59:59Z,2025-05-15T09:00:00Z,destination=JMK&origin=AMS&endRange=2025-10-14T23:59:59Z&startRange=2025-05-15T09:00:00Z,1.0,1.0,100%,44.0,<Response [200]>,,2025-10-20T09:45:51.804586
,,,,,,JMK,,,,,CDG,,,,2025-10-14T23:59:59Z,2025-05-15T09:00:00Z,destination=JMK&origin=CDG&endRange=2025-10-14T23:59:59Z&startRange=2025-05-15T09:00:00Z,1.0,1.0,100%,92.0,<Response [200]>,,2025-10-20T09:45:51.804586
,,,,,,JSI,,,,,ORY,,,,2025-10-14T23:59:59Z,2025-05-15T09:00:00Z,destination=JSI&origin=ORY&endRange=2025-10-14T23:59:59Z&startRange=2025-05-15T09:00:00Z,1.0,1.0,100%,18.0,<Response [200]>,,2025-10-20T09:45:51.804586
,,,,,,JTR,,,,,AMS,,,,2025-10-14T23:59:59Z,2025-05-15T09:00:00Z,destination=JTR&origin=AMS&endRange=2025-10-14T23:59:59Z&startRange=2025-05-15T09:00:00Z,1.0,1.0,100%,63.0,<Response [200]>,,2025-10-20T09:45:51.804586
,,,,,,JTR,,,,,CDG,,,,2025-10-14T23:59:59Z,2025-05-15T09:00:00Z,destination=JTR&origin=CDG&endRange=2025-10-14T23:59:59Z&startRange=2025-05-15T09:00:00Z,1.0,1.0,100%,93.0,<Response [200]>,,2025-10-20T09:45:51.804586
,,,,,,JTR,,,,,LYS,,,,2025-10-14T23:59:59Z,2025-05-15T09:00:00Z,destination=JTR&origin=LYS&endRange=2025-10-14T23:59:59Z&startRange=2025-05-15T09:00:00Z,1.0,1.0,100%,42.0,<Response [200]>,,2025-10-20T09:45:51.804586
,,,,,,KEF,,,,,ORY,,,,2025-10-14T23:59:59Z,2025-05-15T09:00:00Z,destination=KEF&origin=ORY&endRange=2025-10-14T23:59:59Z&startRange=2025-05-15T09:00:00Z,1.0,1.0,100%,81.0,<Response [200]>,,2025-10-20T09:45:51.804586
,,,,,,KGS,,,,,CDG,,,,2025-10-14T23:59:59Z,2025-05-15T09:00:00Z,destination=KGS&origin=CDG&endRange=2025-10-14T23:59:59Z&startRange=2025-05-15T09:00:00Z,1.0,1.0,100%,22.0,<Response [200]>,,2025-10-20T09:45:51.804586
,,,,,,KGS,,,,,ORY,,,,2025-10-14T23:59:59Z,2025-05-15T09:00:00Z,destination=KGS&origin=ORY&endRange=2025-10-14T23:59:59Z&startRange=2025-05-15T09:00:00Z,1.0,1.0,100%,31.0,<Response [200]>,,2025-10-20T09:45:51.804586
,,,,,,KLX,,,,,AMS,,,,2025-10-14T23:59:59Z,2025-05-15T09:00:00Z,destination=KLX&origin=AMS&endRange=2025-10-14T23:59:59Z&startRange=2025-05-15T09:00:00Z,1.0,1.0,100%,65.0,<Response [200]>,,2025-10-20T09:45:51.804586
,,,,,,KLX,,,,,ORY,,,,2025-10-14T23:59:59Z,2025-05-15T09:00:00Z,destination=KLX&origin=ORY&endRange=2025-10-14T23:59:59Z&startRange=2025-05-15T09:00:00Z,1.0,1.0,100%,73.0,<Response [200]>,,2025-10-20T09:45:51.804586
,,,,,,KUF,,,,,SVO,,,,2025-10-14T23:59:59Z,2025-05-15T09:00:00Z,destination=KUF&origin=SVO&endRange=2025-10-14T23:59:59Z&startRange=2025-05-15T09:00:00Z,1.0,1.0,100%,43.0,<Response [200]>,,2025-10-20T09:45:51.804586
,,,,,,LCY,,,,,LIN,,,,2025-10-14T23:59:59Z,2025-05-15T09:00:00Z,destination=LCY&origin=LIN&endRange=2025-10-14T23:59:59Z&startRange=2025-05-15T09:00:00Z,1.0,1.0,100%,33.0,<Response [200]>,,2025-10-20T09:45:51.804586
,,,,,,LED,,,,,SVO,,,,2025-10-14T23:59:59Z,2025-05-15T09:00:00Z,destination=LED&origin=SVO&endRange=2025-10-14T23:59:59Z&startRange=2025-05-15T09:00:00Z,1.0,1.0,100%,47.0,<Response [200]>,,2025-10-20T09:45:51.804586
,,,,,,LGW,,,,,FCO,,,,2025-10-14T23:59:59Z,2025-05-15T09:00:00Z,destination=LGW&origin=FCO&endRange=2025-10-14T23:59:59Z&startRange=2025-05-15T09:00:00Z,1.0,1.0,100%,5.0,<Response [200]>,,2025-10-20T09:45:51.804586
,,,,,,LIN,,,,,BRU,,,,2025-10-14T23:59:59Z,2025-05-15T09:00:00Z,destination=LIN&origin=BRU&endRange=2025-10-14T23:59:59Z&startRange=2025-05-15T09:00:00Z,1.0,1.0,100%,89.0,<Response [200]>,,2025-10-20T09:45:51.804586
,,,,,,LIN,,,,,HAM,,,,2025-10-14T23:59:59Z,2025-05-15T09:00:00Z,destination=LIN&origin=HAM&endRange=2025-10-14T23:59:59Z&startRange=2025-05-15T09:00:00Z,1.0,1.0,100%,19.0,<Response [200]>,,2025-10-20T09:45:51.804586
,,,,,,LIN,,,,,HER,,,,2025-10-14T23:59:59Z,2025-05-15T09:00:00Z,destination=LIN&origin=HER&endRange=2025-10-14T23:59:59Z&startRange=2025-05-15T09:00:00Z,1.0,1.0,100%,9.0,<Response [200]>,,2025-10-20T09:45:51.804586
,,,,,,LIN,,,,,IBZ,,,,2025-10-14T23:59:59Z,2025-05-15T09:00:00Z,destination=LIN&origin=IBZ&endRange=2025-10-14T23:59:59Z&startRange=2025-05-15T09:00:00Z,1.0,1.0,100%,17.0,<Response [200]>,,2025-10-20T09:45:51.804586
,,,,,,LIN,,,,,LCY,,,,2025-10-14T23:59:59Z,2025-05-15T09:00:00Z,destination=LIN&origin=LCY&endRange=2025-10-14T23:59:59Z&startRange=2025-05-15T09:00:00Z,1.0,1.0,100%,32.0,<Response [200]>,,2025-10-20T09:45:51.804586
,,,,,,LIN,,,,,MAH,,,,2025-10-14T23:59:59Z,2025-05-15T09:00:00Z,destination=LIN&origin=MAH&endRange=2025-10-14T23:59:59Z&startRange=2025-05-15T09:00:00Z,1.0,1.0,100%,5.0,<Response [200]>,,2025-10-20T09:45:51.804586
,,,,,,LIN,,,,,PMI,,,,2025-10-14T23:59:59Z,2025-05-15T09:00:00Z,destination=LIN&origin=PMI&endRange=2025-10-14T23:59:59Z&startRange=2025-05-15T09:00:00Z,1.0,1.0,100%,8.0,<Response [200]>,,2025-10-20T09:45:51.804586
,,,,,,LIN,,,,,RHO,,,,2025-10-14T23:59:59Z,2025-05-15T09:00:00Z,destination=LIN&origin=RHO&endRange=2025-10-14T23:59:59Z&startRange=2025-05-15T09:00:00Z,1.0,1.0,100%,10.0,<Response [200]>,,2025-10-20T09:45:51.804586
,,,,,,LIN,,,,,TRS,,,,2025-10-14T23:59:59Z,2025-05-15T09:00:00Z,destination=LIN&origin=TRS&endRange=2025-10-14T23:59:59Z&startRange=2025-05-15T09:00:00Z,1.0,1.0,100%,36.0,<Response [200]>,,2025-10-20T09:45:51.804586
,,,,,,LIS,,,,,MAD,,,,2025-10-14T23:59:59Z,2025-05-15T09:00:00Z,destination=LIS&origin=MAD&endRange=2025-10-14T23:59:59Z&startRange=2025-05-15T09:00:00Z,1.0,1.0,100%,78.0,<Response [200]>,,2025-10-20T09:45:51.804586
,,,,,,LJU,,,,,ORY,,,,2025-10-14T23:59:59Z,2025-05-15T09:00:00Z,destination=LJU&origin=ORY&endRange=2025-10-14T23:59:59Z&startRange=2025-05-15T09:00:00Z,1.0,1.0,100%,73.0,<Response [200]>,,2025-10-20T09:45:51.804586
,,,,,,LPA,,,,,ORY,,,,2025-10-14T23:59:59Z,2025-05-15T09:00:00Z,destination=LPA&origin=ORY&endRange=2025-10-14T23:59:59Z&startRange=2025-05-15T09:00:00Z,1.0,1.0,100%,80.0,<Response [200]>,,2025-10-20T09:45:51.804586
,,,,,,LPL,,,,,CDG,,,,2025-10-14T23:59:59Z,2025-05-15T09:00:00Z,destination=LPL&origin=CDG&endRange=2025-10-14T23:59:59Z&startRange=2025-05-15T09:00:00Z,1.0,1.0,100%,98.0,<Response [200]>,,2025-10-20T09:45:51.804586
,,,,,,LYS,,,,,AGP,,,,2025-10-14T23:59:59Z,2025-05-15T09:00:00Z,destination=LYS&origin=AGP&endRange=2025-10-14T23:59:59Z&startRange=2025-05-15T09:00:00Z,1.0,1.0,100%,43.0,<Response [200]>,,2025-10-20T09:45:51.804586
,,,,,,LYS,,,,,BEG,,,,2025-10-14T23:59:59Z,2025-05-15T09:00:00Z,destination=LYS&origin=BEG&endRange=2025-10-14T23:59:59Z&startRange=2025-05-15T09:00:00Z,1.0,1.0,100%,44.0,<Response [200]>,,2025-10-20T09:45:51.804586
,,,,,,LYS,,,,,CHQ,,,,2025-10-14T23:59:59Z,2025-05-15T09:00:00Z,destination=LYS&origin=CHQ&endRange=2025-10-14T23:59:59Z&startRange=2025-05-15T09:00:00Z,1.0,1.0,100%,15.0,<Response [200]>,,2025-10-20T09:45:51.804586
,,,,,,LYS,,,,,FAO,,,,2025-10-14T23:59:59Z,2025-05-15T09:00:00Z,destination=LYS&origin=FAO&endRange=2025-10-14T23:59:59Z&startRange=2025-05-15T09:00:00Z,1.0,1.0,100%,25.0,<Response [200]>,,2025-10-20T09:45:51.804586
,,,,,,LYS,,,,,FNC,,,,2025-10-14T23:59:59Z,2025-05-15T09:00:00Z,destination=LYS&origin=FNC&endRange=2025-10-14T23:59:59Z&startRange=2025-05-15T09:00:00Z,1.0,1.0,100%,13.0,<Response [200]>,,2025-10-20T09:45:51.804586
,,,,,,LYS,,,,,FSC,,,,2025-10-14T23:59:59Z,2025-05-15T09:00:00Z,destination=LYS&origin=FSC&endRange=2025-10-14T23:59:59Z&startRange=2025-05-15T09:00:00Z,1.0,1.0,100%,18.0,<Response [200]>,,2025-10-20T09:45:51.804586
,,,,,,LYS,,,,,HER,,,,2025-10-14T23:59:59Z,2025-05-15T09:00:00Z,destination=LYS&origin=HER&endRange=2025-10-14T23:59:59Z&startRange=2025-05-15T09:00:00Z,1.0,1.0,100%,45.0,<Response [200]>,,2025-10-20T09:45:51.804586
,,,,,,LYS,,,,,JTR,,,,2025-10-14T23:59:59Z,2025-05-15T09:00:00Z,destination=LYS&origin=JTR&endRange=2025-10-14T23:59:59Z&startRange=2025-05-15T09:00:00Z,1.0,1.0,100%,22.0,<Response [200]>,,2025-10-20T09:45:51.804586
,,,,,,LYS,,,,,MLA,,,,2025-10-14T23:59:59Z,2025-05-15T09:00:00Z,destination=LYS&origin=MLA&endRange=2025-10-14T23:59:59Z&startRange=2025-05-15T09:00:00Z,1.0,1.0,100%,97.0,<Response [200]>,,2025-10-20T09:45:51.804586
,,,,,,LYS,,,,,OPO,,,,2025-10-14T23:59:59Z,2025-05-15T09:00:00Z,destination=LYS&origin=OPO&endRange=2025-10-14T23:59:59Z&startRange=2025-05-15T09:00:00Z,1.0,1.0,100%,64.0,<Response [200]>,,2025-10-20T09:45:51.804586
,,,,,,LYS,,,,,PMI,,,,2025-10-14T23:59:59Z,2025-05-15T09:00:00Z,destination=LYS&origin=PMI&endRange=2025-10-14T23:59:59Z&startRange=2025-05-15T09:00:00Z,1.0,1.0,100%,43.0,<Response [200]>,,2025-10-20T09:45:51.804586
,,,,,,LYS,,,,,RHO,,,,2025-10-14T23:59:59Z,2025-05-15T09:00:00Z,destination=LYS&origin=RHO&endRange=2025-10-14T23:59:59Z&startRange=2025-05-15T09:00:00Z,1.0,1.0,100%,16.0,<Response [200]>,,2025-10-20T09:45:51.804586
,,,,,,LYS,,,,,TIA,,,,2025-10-14T23:59:59Z,2025-05-15T09:00:00Z,destination=LYS&origin=TIA&endRange=2025-10-14T23:59:59Z&startRange=2025-05-15T09:00:00Z,1.0,1.0,100%,13.0,<Response [200]>,,2025-10-20T09:45:51.804586
,,,,,,MAD,,,,,ACE,,,,2025-10-14T23:59:59Z,2025-05-15T09:00:00Z,destination=MAD&origin=ACE&endRange=2025-10-14T23:59:59Z&startRange=2025-05-15T09:00:00Z,1.0,1.0,100%,72.0,<Response [200]>,,2025-10-20T09:45:51.804586
,,,,,,MAD,,,,,ALC,,,,2025-10-14T23:59:59Z,2025-05-15T09:00:00Z,destination=MAD&origin=ALC&endRange=2025-10-14T23:59:59Z&startRange=2025-05-15T09:00:00Z,1.0,1.0,100%,22.0,<Response [200]>,,2025-10-20T09:45:51.804586
,,,,,,MAD,,,,,ATH,,,,2025-10-14T23:59:59Z,2025-05-15T09:00:00Z,destination=MAD&origin=ATH&endRange=2025-10-14T23:59:59Z&startRange=2025-05-15T09:00:00Z,1.0,1.0,100%,10.0,<Response [200]>,,2025-10-20T09:45:51.804586
,,,,,,MAD,,,,,BRU,,,,2025-10-14T23:59:59Z,2025-05-15T09:00:00Z,destination=MAD&origin=BRU&endRange=2025-10-14T23:59:59Z&startRange=2025-05-15T09:00:00Z,1.0,1.0,100%,43.0,<Response [200]>,,2025-10-20T09:45:51.804586
,,,,,,MAD,,,,,FRA,,,,2025-10-14T23:59:59Z,2025-05-15T09:00:00Z,destination=MAD&origin=FRA&endRange=2025-10-14T23:59:59Z&startRange=2025-05-15T09:00:00Z,1.0,1.0,100%,11.0,<Response [200]>,,2025-10-20T09:45:51.804586
,,,,,,MAD,,,,,LIS,,,,2025-10-14T23:59:59Z,2025-05-15T09:00:00Z,destination=MAD&origin=LIS&endRange=2025-10-14T23:59:59Z&startRange=2025-05-15T09:00:00Z,1.0,1.0,100%,78.0,<Response [200]>,,2025-10-20T09:45:51.804586
,,,,,,MAD,,,,,MXP,,,,2025-10-14T23:59:59Z,2025-05-15T09:00:00Z,destination=MAD&origin=MXP&endRange=2025-10-14T23:59:59Z&startRange=2025-05-15T09:00:00Z,1.0,1.0,100%,16.0,<Response [200]>,,2025-10-20T09:45:51.804586
,,,,,,MAD,,,,,OPO,,,,2025-10-14T23:59:59Z,2025-05-15T09:00:00Z,destination=MAD&origin=OPO&endRange=2025-10-14T23:59:59Z&startRange=2025-05-15T09:00:00Z,1.0,1.0,100%,32.0,<Response [200]>,,2025-10-20T09:45:51.804586
,,,,,,MAD,,,,,VCE,,,,2025-10-14T23:59:59Z,2025-05-15T09:00:00Z,destination=MAD&origin=VCE&endRange=2025-10-14T23:59:59Z&startRange=2025-05-15T09:00:00Z,1.0,1.0,100%,36.0,<Response [200]>,,2025-10-22T10:05:05.333951
,,,,,,MAD,,,,,VLC,,,,2025-10-14T23:59:59Z,2025-05-15T09:00:00Z,destination=MAD&origin=VLC&endRange=2025-10-14T23:59:59Z&startRange=2025-05-15T09:00:00Z,1.0,1.0,100%,35.0,<Response [200]>,,2025-10-22T10:05:08.071658
,,,,,,MAD,,,,,ZRH,,,,2025-10-14T23:59:59Z,2025-05-15T09:00:00Z,destination=MAD&origin=ZRH&endRange=2025-10-14T23:59:59Z&startRange=2025-05-15T09:00:00Z,1.0,1.0,100%,69.0,<Response [200]>,,2025-10-22T10:05:10.603884
,,,,,,MAH,,,,,AMS,,,,2025-10-14T23:59:59Z,2025-05-15T09:00:00Z,destination=MAH&origin=AMS&endRange=2025-10-14T23:59:59Z&startRange=2025-05-15T09:00:00Z,1.0,1.0,100%,67.0,<Response [200]>,,2025-10-22T10:05:13.213894
,,,,,,MAH,,,,,CDG,,,,2025-10-14T23:59:59Z,2025-05-15T09:00:00Z,destination=MAH&origin=CDG&endRange=2025-10-14T23:59:59Z&startRange=2025-05-15T09:00:00Z,1.0,1.0,100%,50.0,<Response [200]>,,2025-10-22T10:05:15.728868
,,,,,,MAH,,,,,LIN,,,,2025-10-14T23:59:59Z,2025-05-15T09:00:00Z,destination=MAH&origin=LIN&endRange=2025-10-14T23:59:59Z&startRange=2025-05-15T09:00:00Z,1.0,1.0,100%,6.0,<Response [200]>,,2025-10-22T10:05:18.188798
,,,,,,MLA,,,,,LYS,,,,2025-10-14T23:59:59Z,2025-05-15T09:00:00Z,destination=MLA&origin=LYS&endRange=2025-10-14T23:59:59Z&startRange=2025-05-15T09:00:00Z,1.0,1.0,100%,97.0,<Response [200]>,,2025-10-22T10:05:20.781030
,,,,,,MUC,,,,,FCO,,,,2025-10-14T23:59:59Z,2025-05-15T09:00:00Z,destination=MUC&origin=FCO&endRange=2025-10-14T23:59:59Z&startRange=2025-05-15T09:00:00Z,1.0,1.0,100%,58.0,<Response [200]>,,2025-10-22T10:05:24.180995
,,,,,,MXP,,,,,MAD,,,,2025-10-14T23:59:59Z,2025-05-15T09:00:00Z,destination=MXP&origin=MAD&endRange=2025-10-14T23:59:59Z&startRange=2025-05-15T09:00:00Z,1.0,1.0,100%,16.0,<Response [200]>,,2025-10-22T10:05:27.471498
,,,,,,NCE,,,,,NCE,,,,2025-10-14T23:59:59Z,2025-05-15T09:00:00Z,destination=NCE&origin=NCE&endRange=2025-10-14T23:59:59Z&startRange=2025-05-15T09:00:00Z,1.0,1.0,100%,35.0,<Response [200]>,,2025-10-22T10:05:30.981363
,,,,,,NCE,,,,,OTP,,,,2025-10-14T23:59:59Z,2025-05-15T09:00:00Z,destination=NCE&origin=OTP&endRange=2025-10-14T23:59:59Z&startRange=2025-05-15T09:00:00Z,1.0,1.0,100%,54.0,<Response [200]>,,2025-10-22T10:05:33.698534
,,,,,,NTE,,,,,ACE,,,,2025-10-14T23:59:59Z,2025-05-15T09:00:00Z,destination=NTE&origin=ACE&endRange=2025-10-14T23:59:59Z&startRange=2025-05-15T09:00:00Z,1.0,1.0,100%,3.0,<Response [200]>,,2025-10-22T10:05:36.169971
,,,,,,OHD,,,,,AMS,,,,2025-10-14T23:59:59Z,2025-05-15T09:00:00Z,destination=OHD&origin=AMS&endRange=2025-10-14T23:59:59Z&startRange=2025-05-15T09:00:00Z,1.0,1.0,100%,61.0,<Response [200]>,,2025-10-22T10:05:38.620809
,,,,,,OHD,,,,,BEG,,,,2025-10-14T23:59:59Z,2025-05-15T09:00:00Z,destination=OHD&origin=BEG&endRange=2025-10-14T23:59:59Z&startRange=2025-05-15T09:00:00Z,1.0,1.0,100%,29.0,<Response [200]>,,2025-10-22T10:05:41.080208
,,,,,,OPO,,,,,LYS,,,,2025-10-14T23:59:59Z,2025-05-15T09:00:00Z,destination=OPO&origin=LYS&endRange=2025-10-14T23:59:59Z&startRange=2025-05-15T09:00:00Z,1.0,1.0,100%,72.0,<Response [200]>,,2025-10-22T10:05:44.160033
,,,,,,OPO,,,,,MAD,,,,2025-10-14T23:59:59Z,2025-05-15T09:00:00Z,destination=OPO&origin=MAD&endRange=2025-10-14T23:59:59Z&startRange=2025-05-15T09:00:00Z,1.0,1.0,100%,34.0,<Response [200]>,,2025-10-22T10:05:46.739025
,,,,,,ORY,,,,,AHO,,,,2025-10-14T23:59:59Z,2025-05-15T09:00:00Z,destination=ORY&origin=AHO&endRange=2025-10-14T23:59:59Z&startRange=2025-05-15T09:00:00Z,1.0,1.0,100%,44.0,<Response [200]>,,2025-10-22T10:09:22.455155
,,,,,,ORY,,,,,AMS,,,,2025-10-14T23:59:59Z,2025-05-15T09:00:00Z,destination=ORY&origin=AMS&endRange=2025-10-14T23:59:59Z&startRange=2025-05-15T09:00:00Z,1.0,1.0,100%,100.0,<Response [200]>,,2025-10-22T10:09:31.945945
,,,,,,ORY,,,,,AOI,,,,2025-10-14T23:59:59Z,2025-05-15T09:00:00Z,destination=ORY&origin=AOI&endRange=2025-10-14T23:59:59Z&startRange=2025-05-15T09:00:00Z,1.0,1.0,100%,43.0,<Response [200]>,,2025-10-22T10:05:49.930512
,,,,,,ORY,,,,,CDG,,,,2025-10-14T23:59:59Z,2025-05-15T09:00:00Z,destination=ORY&origin=CDG&endRange=2025-10-14T23:59:59Z&startRange=2025-05-15T09:00:00Z,1.0,1.0,100%,5.0,<Response [200]>,,2025-10-22T10:06:19.769589
,,,,,,ORY,,,,,EDI,,,,2025-10-14T23:59:59Z,2025-05-15T09:00:00Z,destination=ORY&origin=EDI&endRange=2025-10-14T23:59:59Z&startRange=2025-05-15T09:00:00Z,1.0,1.0,100%,89.0,<Response [200]>,,2025-10-22T10:06:22.994729
,,,,,,ORY,,,,,EFL,,,,2025-10-14T23:59:59Z,2025-05-15T09:00:00Z,destination=ORY&origin=EFL&endRange=2025-10-14T23:59:59Z&startRange=2025-05-15T09:00:00Z,1.0,1.0,100%,9.0,<Response [200]>,,2025-10-22T10:06:25.530027
,,,,,,ORY,,,,,GOA,,,,2025-10-14T23:59:59Z,2025-05-15T09:00:00Z,destination=ORY&origin=GOA&endRange=2025-10-14T23:59:59Z&startRange=2025-05-15T09:00:00Z,1.0,1.0,100%,70.0,<Response [200]>,,2025-10-22T10:06:28.101329
,,,,,,ORY,,,,,JSI,,,,2025-10-14T23:59:59Z,2025-05-15T09:00:00Z,destination=ORY&origin=JSI&endRange=2025-10-14T23:59:59Z&startRange=2025-05-15T09:00:00Z,1.0,1.0,100%,18.0,<Response [200]>,,2025-10-22T10:06:30.790900
,,,,,,ORY,,,,,KEF,,,,2025-10-14T23:59:59Z,2025-05-15T09:00:00Z,destination=ORY&origin=KEF&endRange=2025-10-14T23:59:59Z&startRange=2025-05-15T09:00:00Z,1.0,1.0,100%,80.0,<Response [200]>,,2025-10-22T10:06:33.931898
,,,,,,ORY,,,,,KGS,,,,2025-10-14T23:59:59Z,2025-05-15T09:00:00Z,destination=ORY&origin=KGS&endRange=2025-10-14T23:59:59Z&startRange=2025-05-15T09:00:00Z,1.0,1.0,100%,31.0,<Response [200]>,,2025-10-22T10:06:36.676594
,,,,,,ORY,,,,,KLX,,,,2025-10-14T23:59:59Z,2025-05-15T09:00:00Z,destination=ORY&origin=KLX&endRange=2025-10-14T23:59:59Z&startRange=2025-05-15T09:00:00Z,1.0,1.0,100%,72.0,<Response [200]>,,2025-10-22T10:06:39.120754
,,,,,,ORY,,,,,LJU,,,,2025-10-14T23:59:59Z,2025-05-15T09:00:00Z,destination=ORY&origin=LJU&endRange=2025-10-14T23:59:59Z&startRange=2025-05-15T09:00:00Z,1.0,1.0,100%,71.0,<Response [200]>,,2025-10-22T10:06:41.664781
,,,,,,ORY,,,,,LPA,,,,2025-10-14T23:59:59Z,2025-05-15T09:00:00Z,destination=ORY&origin=LPA&endRange=2025-10-14T23:59:59Z&startRange=2025-05-15T09:00:00Z,1.0,1.0,100%,80.0,<Response [200]>,,2025-10-22T10:06:44.312457
,,,,,,ORY,,,,,OSL,,,,2025-10-14T23:59:59Z,2025-05-15T09:00:00Z,destination=ORY&origin=OSL&endRange=2025-10-14T23:59:59Z&startRange=2025-05-15T09:00:00Z,1.0,1.0,100%,62.0,<Response [200]>,,2025-10-22T10:06:49.779843
,,,,,,ORY,,,,,PVK,,,,2025-10-14T23:59:59Z,2025-05-15T09:00:00Z,destination=ORY&origin=PVK&endRange=2025-10-14T23:59:59Z&startRange=2025-05-15T09:00:00Z,1.0,1.0,100%,9.0,<Response [200]>,,2025-10-22T10:06:52.300909
,,,,,,ORY,,,,,QSR,,,,2025-10-14T23:59:59Z,2025-05-15T09:00:00Z,destination=ORY&origin=QSR&endRange=2025-10-14T23:59:59Z&startRange=2025-05-15T09:00:00Z,1.0,1.0,100%,21.0,<Response [200]>,,2025-10-22T10:06:54.901699
,,,,,,ORY,,,,,REU,,,,2025-10-14T23:59:59Z,2025-05-15T09:00:00Z,destination=ORY&origin=REU&endRange=2025-10-14T23:59:59Z&startRange=2025-05-15T09:00:00Z,1.0,1.0,100%,43.0,<Response [200]>,,2025-10-22T10:06:57.429755
,,,,,,ORY,,,,,RMO,,,,2025-10-14T23:59:59Z,2025-05-15T09:00:00Z,destination=ORY&origin=RMO&endRange=2025-10-14T23:59:59Z&startRange=2025-05-15T09:00:00Z,1.0,1.0,100%,19.0,<Response [200]>,,2025-10-22T10:06:59.989985
,,,,,,ORY,,,,,SKG,,,,2025-10-14T23:59:59Z,2025-05-15T09:00:00Z,destination=ORY&origin=SKG&endRange=2025-10-14T23:59:59Z&startRange=2025-05-15T09:00:00Z,1.0,1.0,100%,100.0,<Response [200]>,,2025-10-22T10:07:02.795983
,,,,,,ORY,,,,,SKP,,,,2025-10-14T23:59:59Z,2025-05-15T09:00:00Z,destination=ORY&origin=SKP&endRange=2025-10-14T23:59:59Z&startRange=2025-05-15T09:00:00Z,1.0,1.0,100%,43.0,<Response [200]>,,2025-10-22T10:07:05.496173
,,,,,,ORY,,,,,SOU,,,,2025-10-14T23:59:59Z,2025-05-15T09:00:00Z,destination=ORY&origin=SOU&endRange=2025-10-14T23:59:59Z&startRange=2025-05-15T09:00:00Z,1.0,1.0,100%,44.0,<Response [200]>,,2025-10-22T10:07:07.945060
,,,,,,ORY,,,,,SUF,,,,2025-10-14T23:59:59Z,2025-05-15T09:00:00Z,destination=ORY&origin=SUF&endRange=2025-10-14T23:59:59Z&startRange=2025-05-15T09:00:00Z,1.0,1.0,100%,42.0,<Response [200]>,,2025-10-22T10:07:10.675169
,,,,,,ORY,,,,,TGD,,,,2025-10-14T23:59:59Z,2025-05-15T09:00:00Z,destination=ORY&origin=TGD&endRange=2025-10-14T23:59:59Z&startRange=2025-05-15T09:00:00Z,1.0,1.0,100%,68.0,<Response [200]>,,2025-10-22T10:07:13.304486
,,,,,,ORY,,,,,TIV,,,,2025-10-14T23:59:59Z,2025-05-15T09:00:00Z,destination=ORY&origin=TIV&endRange=2025-10-14T23:59:59Z&startRange=2025-05-15T09:00:00Z,1.0,1.0,100%,69.0,<Response [200]>,,2025-10-22T10:07:15.776987
,,,,,,ORY,,,,,TLL,,,,2025-10-14T23:59:59Z,2025-05-15T09:00:00Z,destination=ORY&origin=TLL&endRange=2025-10-14T23:59:59Z&startRange=2025-05-15T09:00:00Z,1.0,1.0,100%,44.0,<Response [200]>,,2025-10-22T10:07:18.805987
,,,,,,ORY,,,,,TRN,,,,2025-10-14T23:59:59Z,2025-05-15T09:00:00Z,destination=ORY&origin=TRN&endRange=2025-10-14T23:59:59Z&startRange=2025-05-15T09:00:00Z,1.0,1.0,100%,43.0,<Response [200]>,,2025-10-22T10:07:21.375049
,,,,,,ORY,,,,,VAR,,,,2025-10-14T23:59:59Z,2025-05-15T09:00:00Z,destination=ORY&origin=VAR&endRange=2025-10-14T23:59:59Z&startRange=2025-05-15T09:00:00Z,1.0,1.0,100%,21.0,<Response [200]>,,2025-10-22T10:07:23.804185
,,,,,,ORY,,,,,VOL,,,,2025-10-14T23:59:59Z,2025-05-15T09:00:00Z,destination=ORY&origin=VOL&endRange=2025-10-14T23:59:59Z&startRange=2025-05-15T09:00:00Z,1.0,1.0,100%,21.0,<Response [200]>,,2025-10-22T10:07:26.197714
,,,,,,ORY,,,,,ZTH,,,,2025-10-14T23:59:59Z,2025-05-15T09:00:00Z,destination=ORY&origin=ZTH&endRange=2025-10-14T23:59:59Z&startRange=2025-05-15T09:00:00Z,1.0,1.0,100%,42.0,<Response [200]>,,2025-10-22T10:07:28.777078
,,,,,,OSL,,,,,ORY,,,,2025-10-14T23:59:59Z,2025-05-15T09:00:00Z,destination=OSL&origin=ORY&endRange=2025-10-14T23:59:59Z&startRange=2025-05-15T09:00:00Z,1.0,1.0,100%,64.0,<Response [200]>,,2025-10-22T10:07:34.607265
,,,,,,OTP,,,,,ATH,,,,2025-10-14T23:59:59Z,2025-05-15T09:00:00Z,destination=OTP&origin=ATH&endRange=2025-10-14T23:59:59Z&startRange=2025-05-15T09:00:00Z,1.0,1.0,100%,42.0,<Response [200]>,,2025-10-22T10:09:35.702223
,,,,,,OTP,,,,,BEG,,,,2025-10-14T23:59:59Z,2025-05-15T09:00:00Z,destination=OTP&origin=BEG&endRange=2025-10-14T23:59:59Z&startRange=2025-05-15T09:00:00Z,1.0,1.0,100%,26.0,<Response [200]>,,2025-10-22T10:07:38.490854
,,,,,,OTP,,,,,BUD,,,,2025-10-14T23:59:59Z,2025-05-15T09:00:00Z,destination=OTP&origin=BUD&endRange=2025-10-14T23:59:59Z&startRange=2025-05-15T09:00:00Z,1.0,1.0,100%,20.0,<Response [200]>,,2025-10-22T10:07:41.172137
,,,,,,OTP,,,,,NCE,,,,2025-10-14T23:59:59Z,2025-05-15T09:00:00Z,destination=OTP&origin=NCE&endRange=2025-10-14T23:59:59Z&startRange=2025-05-15T09:00:00Z,1.0,1.0,100%,54.0,<Response [200]>,,2025-10-22T10:07:44.289414
,,,,,,OTP,,,,,SUJ,,,,2025-10-14T23:59:59Z,2025-05-15T09:00:00Z,destination=OTP&origin=SUJ&endRange=2025-10-14T23:59:59Z&startRange=2025-05-15T09:00:00Z,1.0,1.0,100%,46.0,<Response [200]>,,2025-10-22T10:07:46.696556
,,,,,,OVB,,,,,AER,,,,2025-10-14T23:59:59Z,2025-05-15T09:00:00Z,destination=OVB&origin=AER&endRange=2025-10-14T23:59:59Z&startRange=2025-05-15T09:00:00Z,1.0,1.0,100%,16.0,<Response [200]>,,2025-10-22T10:07:49.190893
,,,,,,OVD,,,,,AMS,,,,2025-10-14T23:59:59Z,2025-05-15T09:00:00Z,destination=OVD&origin=AMS&endRange=2025-10-14T23:59:59Z&startRange=2025-05-15T09:00:00Z,1.0,1.0,100%,57.0,<Response [200]>,,2025-10-22T10:07:53.046334
,,,,,,PDL,,,,,AMS,,,,2025-10-14T23:59:59Z,2025-05-15T09:00:00Z,destination=PDL&origin=AMS&endRange=2025-10-14T23:59:59Z&startRange=2025-05-15T09:00:00Z,1.0,1.0,100%,45.0,<Response [200]>,,2025-10-22T10:07:55.500175
,,,,,,PDL,,,,,CDG,,,,2025-10-14T23:59:59Z,2025-05-15T09:00:00Z,destination=PDL&origin=CDG&endRange=2025-10-14T23:59:59Z&startRange=2025-05-15T09:00:00Z,1.0,1.0,100%,81.0,<Response [200]>,,2025-10-22T10:07:58.229595
,,,,,,PLQ,,,,,AMS,,,,2025-10-14T23:59:59Z,2025-05-15T09:00:00Z,destination=PLQ&origin=AMS&endRange=2025-10-14T23:59:59Z&startRange=2025-05-15T09:00:00Z,1.0,1.0,100%,35.0,<Response [200]>,,2025-10-22T10:08:00.877681
,,,,,,PMI,,,,,FCO,,,,2025-10-14T23:59:59Z,2025-05-15T09:00:00Z,destination=PMI&origin=FCO&endRange=2025-10-14T23:59:59Z&startRange=2025-05-15T09:00:00Z,1.0,1.0,100%,16.0,<Response [200]>,,2025-10-22T10:08:05.241463
,,,,,,PMI,,,,,LIN,,,,2025-10-14T23:59:59Z,2025-05-15T09:00:00Z,destination=PMI&origin=LIN&endRange=2025-10-14T23:59:59Z&startRange=2025-05-15T09:00:00Z,1.0,1.0,100%,7.0,<Response [200]>,,2025-10-22T10:08:08.299942
,,,,,,PMI,,,,,LYS,,,,2025-10-14T23:59:59Z,2025-05-15T09:00:00Z,destination=PMI&origin=LYS&endRange=2025-10-14T23:59:59Z&startRange=2025-05-15T09:00:00Z,1.0,1.0,100%,43.0,<Response [200]>,,2025-10-22T10:08:13.463589
,,,,,,PMO,,,,,AMS,,,,2025-10-14T23:59:59Z,2025-05-15T09:00:00Z,destination=PMO&origin=AMS&endRange=2025-10-14T23:59:59Z&startRange=2025-05-15T09:00:00Z,1.0,1.0,100%,45.0,<Response [200]>,,2025-10-22T10:08:16.301759
,,,,,,PMO,,,,,LYS,,,,2025-10-14T23:59:59Z,2025-05-15T09:00:00Z,destination=PMO&origin=LYS&endRange=2025-10-14T23:59:59Z&startRange=2025-05-15T09:00:00Z,1.0,1.0,100%,43.0,<Response [200]>,,2025-10-22T10:08:18.877557
,,,,,,PRN,,,,,CDG,,,,2025-10-14T23:59:59Z,2025-05-15T09:00:00Z,destination=PRN&origin=CDG&endRange=2025-10-14T23:59:59Z&startRange=2025-05-15T09:00:00Z,1.0,1.0,100%,39.0,<Response [200]>,,2025-10-22T10:08:21.301801
,,,,,,PUF,,,,,AJA,,,,2025-10-14T23:59:59Z,2025-05-15T09:00:00Z,destination=PUF&origin=AJA&endRange=2025-10-14T23:59:59Z&startRange=2025-05-15T09:00:00Z,1.0,1.0,100%,10.0,<Response [200]>,,2025-10-22T10:08:23.757145
,,,,,,PUY,,,,,AMS,,,,2025-10-14T23:59:59Z,2025-05-15T09:00:00Z,destination=PUY&origin=AMS&endRange=2025-10-14T23:59:59Z&startRange=2025-05-15T09:00:00Z,1.0,1.0,100%,21.0,<Response [200]>,,2025-10-22T10:08:26.199832
,,,,,,PVK,,,,,ORY,,,,2025-10-14T23:59:59Z,2025-05-15T09:00:00Z,destination=PVK&origin=ORY&endRange=2025-10-14T23:59:59Z&startRange=2025-05-15T09:00:00Z,1.0,1.0,100%,9.0,<Response [200]>,,2025-10-22T10:08:28.780478
,,,,,,QSR,,,,,ORY,,,,2025-10-14T23:59:59Z,2025-05-15T09:00:00Z,destination=QSR&origin=ORY&endRange=2025-10-14T23:59:59Z&startRange=2025-05-15T09:00:00Z,1.0,1.0,100%,21.0,<Response [200]>,,2025-10-22T10:08:31.442598
,,,,,,REU,,,,,ORY,,,,2025-10-14T23:59:59Z,2025-05-15T09:00:00Z,destination=REU&origin=ORY&endRange=2025-10-14T23:59:59Z&startRange=2025-05-15T09:00:00Z,1.0,1.0,100%,43.0,<Response [200]>,,2025-10-22T10:08:33.857288
,,,,,,RHO,,,,,CDG,,,,2025-10-14T23:59:59Z,2025-05-15T09:00:00Z,destination=RHO&origin=CDG&endRange=2025-10-14T23:59:59Z&startRange=2025-05-15T09:00:00Z,1.0,1.0,100%,60.0,<Response [200]>,,2025-10-22T10:08:36.526622
,,,,,,RHO,,,,,FCO,,,,2025-10-14T23:59:59Z,2025-05-15T09:00:00Z,destination=RHO&origin=FCO&endRange=2025-10-14T23:59:59Z&startRange=2025-05-15T09:00:00Z,1.0,1.0,100%,7.0,<Response [200]>,,2025-10-22T10:08:38.897171
,,,,,,RHO,,,,,LYS,,,,2025-10-14T23:59:59Z,2025-05-15T09:00:00Z,destination=RHO&origin=LYS&endRange=2025-10-14T23:59:59Z&startRange=2025-05-15T09:00:00Z,1.0,1.0,100%,22.0,<Response [200]>,,2025-10-22T10:08:41.290718
,,,,,,RMO,,,,,AMS,,,,2025-10-14T23:59:59Z,2025-05-15T09:00:00Z,destination=RMO&origin=AMS&endRange=2025-10-14T23:59:59Z&startRange=2025-05-15T09:00:00Z,1.0,1.0,100%,59.0,<Response [200]>,,2025-10-22T10:08:43.937231
,,,,,,RMO,,,,,CDG,,,,2025-10-14T23:59:59Z,2025-05-15T09:00:00Z,destination=RMO&origin=CDG&endRange=2025-10-14T23:59:59Z&startRange=2025-05-15T09:00:00Z,1.0,1.0,100%,83.0,<Response [200]>,,2025-10-22T10:08:46.385559
,,,,,,RMO,,,,,ORY,,,,2025-10-14T23:59:59Z,2025-05-15T09:00:00Z,destination=RMO&origin=ORY&endRange=2025-10-14T23:59:59Z&startRange=2025-05-15T09:00:00Z,1.0,1.0,100%,18.0,<Response [200]>,,2025-10-22T10:08:48.911238
,,,,,,SCQ,,,,,AMS,,,,2025-10-14T23:59:59Z,2025-05-15T09:00:00Z,destination=SCQ&origin=AMS&endRange=2025-10-14T23:59:59Z&startRange=2025-05-15T09:00:00Z,1.0,1.0,100%,36.0,<Response [200]>,,2025-10-22T10:08:51.401421
,,,,,,SCQ,,,,,CDG,,,,2025-10-14T23:59:59Z,2025-05-15T09:00:00Z,destination=SCQ&origin=CDG&endRange=2025-10-14T23:59:59Z&startRange=2025-05-15T09:00:00Z,1.0,1.0,100%,97.0,<Response [200]>,,2025-10-22T10:08:53.824576
,,,,,,SEN,,,,,AMS,,,,2025-10-14T23:59:59Z,2025-05-15T09:00:00Z,destination=SEN&origin=AMS&endRange=2025-10-14T23:59:59Z&startRange=2025-05-15T09:00:00Z,1.0,1.0,100%,97.0,<Response [200]>,,2025-10-22T10:08:56.466464
,,,,,,SEN,,,,,CDG,,,,2025-10-14T23:59:59Z,2025-05-15T09:00:00Z,destination=SEN&origin=CDG&endRange=2025-10-14T23:59:59Z&startRange=2025-05-15T09:00:00Z,1.0,1.0,100%,76.0,<Response [200]>,,2025-10-22T10:08:58.943597
,,,,,,SKG,,,,,CDG,,,,2025-10-14T23:59:59Z,2025-05-15T09:00:00Z,destination=SKG&origin=CDG&endRange=2025-10-14T23:59:59Z&startRange=2025-05-15T09:00:00Z,1.0,1.0,100%,57.0,<Response [200]>,,2025-10-22T10:09:01.661392
,,,,,,SKG,,,,,ORY,,,,2025-10-14T23:59:59Z,2025-05-15T09:00:00Z,destination=SKG&origin=ORY&endRange=2025-10-14T23:59:59Z&startRange=2025-05-15T09:00:00Z,1.0,1.0,100%,98.0,<Response [200]>,,2025-10-22T10:09:04.346384
,,,,,,SKP,,,,,AMS,,,,2025-10-14T23:59:59Z,2025-05-15T09:00:00Z,destination=SKP&origin=AMS&endRange=2025-10-14T23:59:59Z&startRange=2025-05-15T09:00:00Z,1.0,1.0,100%,43.0,<Response [200]>,,2025-10-22T10:09:06.809798
,,,,,,SKP,,,,,ORY,,,,2025-10-14T23:59:59Z,2025-05-15T09:00:00Z,destination=SKP&origin=ORY&endRange=2025-10-14T23:59:59Z&startRange=2025-05-15T09:00:00Z,1.0,1.0,100%,43.0,<Response [200]>,,2025-10-22T10:09:09.331868
,,,,,,SNN,,,,,CDG,,,,2025-10-14T23:59:59Z,2025-05-15T09:00:00Z,destination=SNN&origin=CDG&endRange=2025-10-14T23:59:59Z&startRange=2025-05-15T09:00:00Z,1.0,1.0,100%,44.0,<Response [200]>,,2025-10-22T10:09:11.862252
,,,,,,SOF,,,,,BOJ,,,,2025-10-14T23:59:59Z,2025-05-15T09:00:00Z,destination=SOF&origin=BOJ&endRange=2025-10-14T23:59:59Z&startRange=2025-05-15T09:00:00Z,1.0,1.0,100%,75.0,<Response [200]>,,2025-10-22T10:09:14.514881
,,,,,,SOU,,,,,ORY,,,,2025-10-14T23:59:59Z,2025-05-15T09:00:00Z,destination=SOU&origin=ORY&endRange=2025-10-14T23:59:59Z&startRange=2025-05-15T09:00:00Z,1.0,1.0,100%,44.0,<Response [200]>,,2025-10-22T10:09:17.040822
,,,,,,SPC,,,,,AMS,,,,2025-10-14T23:59:59Z,2025-05-15T09:00:00Z,destination=SPC&origin=AMS&endRange=2025-10-14T23:59:59Z&startRange=2025-05-15T09:00:00Z,1.0,1.0,100%,22.0,<Response [200]>,,2025-10-22T10:09:19.512374
,,,,,,SUF,,,,,ORY,,,,2025-10-14T23:59:59Z,2025-05-15T09:00:00Z,destination=SUF&origin=ORY&endRange=2025-10-14T23:59:59Z&startRange=2025-05-15T09:00:00Z,1.0,1.0,100%,42.0,<Response [200]>,,
,,,,,,SVG,,,,,CDG,,,,2025-10-14T23:59:59Z,2025-05-15T09:00:00Z,destination=SVG&origin=CDG&endRange=2025-10-14T23:59:59Z&startRange=2025-05-15T09:00:00Z,1.0,1.0,100%,44.0,<Response [200]>,,
,,,,,,SVO,,,,,KUF,,,,2025-10-14T23:59:59Z,2025-05-15T09:00:00Z,destination=SVO&origin=KUF&endRange=2025-10-14T23:59:59Z&startRange=2025-05-15T09:00:00Z,1.0,1.0,100%,44.0,<Response [200]>,,
,,,,,,SVO,,,,,LED,,,,2025-10-14T23:59:59Z,2025-05-15T09:00:00Z,destination=SVO&origin=LED&endRange=2025-10-14T23:59:59Z&startRange=2025-05-15T09:00:00Z,1.0,1.0,100%,45.0,<Response [200]>,,
,,,,,,SVO,,,,,VOG,,,,2025-10-14T23:59:59Z,2025-05-15T09:00:00Z,destination=SVO&origin=VOG&endRange=2025-10-14T23:59:59Z&startRange=2025-05-15T09:00:00Z,1.0,1.0,100%,20.0,<Response [200]>,,
,,,,,,SZG,,,,,AMS,,,,2025-10-14T23:59:59Z,2025-05-15T09:00:00Z,destination=SZG&origin=AMS&endRange=2025-10-14T23:59:59Z&startRange=2025-05-15T09:00:00Z,1.0,1.0,100%,44.0,<Response [200]>,,
,,,,,,TAY,,,,,HEL,,,,2025-10-14T23:59:59Z,2025-05-15T09:00:00Z,destination=TAY&origin=HEL&endRange=2025-10-14T23:59:59Z&startRange=2025-05-15T09:00:00Z,1.0,1.0,100%,83.0,<Response [200]>,,
,,,,,,TFS,,,,,CDG,,,,2025-10-14T23:59:59Z,2025-05-15T09:00:00Z,destination=TFS&origin=CDG&endRange=2025-10-14T23:59:59Z&startRange=2025-05-15T09:00:00Z,1.0,1.0,100%,83.0,<Response [200]>,,
,,,,,,TGD,,,,,CDG,,,,2025-10-14T23:59:59Z,2025-05-15T09:00:00Z,destination=TGD&origin=CDG&endRange=2025-10-14T23:59:59Z&startRange=2025-05-15T09:00:00Z,1.0,1.0,100%,51.0,<Response [200]>,,
,,,,,,TGD,,,,,ORY,,,,2025-10-14T23:59:59Z,2025-05-15T09:00:00Z,destination=TGD&origin=ORY&endRange=2025-10-14T23:59:59Z&startRange=2025-05-15T09:00:00Z,1.0,1.0,100%,69.0,<Response [200]>,,
,,,,,,TIA,,,,,CDG,,,,2025-10-14T23:59:59Z,2025-05-15T09:00:00Z,destination=TIA&origin=CDG&endRange=2025-10-14T23:59:59Z&startRange=2025-05-15T09:00:00Z,1.0,1.0,100%,17.0,<Response [200]>,,
,,,,,,TIA,,,,,LYS,,,,2025-10-14T23:59:59Z,2025-05-15T09:00:00Z,destination=TIA&origin=LYS&endRange=2025-10-14T23:59:59Z&startRange=2025-05-15T09:00:00Z,1.0,1.0,100%,18.0,<Response [200]>,,
,,,,,,TIV,,,,,ORY,,,,2025-10-14T23:59:59Z,2025-05-15T09:00:00Z,destination=TIV&origin=ORY&endRange=2025-10-14T23:59:59Z&startRange=2025-05-15T09:00:00Z,1.0,1.0,100%,69.0,<Response [200]>,,
,,,,,,TLL,,,,,ORY,,,,2025-10-14T23:59:59Z,2025-05-15T09:00:00Z,destination=TLL&origin=ORY&endRange=2025-10-14T23:59:59Z&startRange=2025-05-15T09:00:00Z,1.0,1.0,100%,44.0,<Response [200]>,,
,,,,,,TLS,,,,,AJA,,,,2025-10-14T23:59:59Z,2025-05-15T09:00:00Z,destination=TLS&origin=AJA&endRange=2025-10-14T23:59:59Z&startRange=2025-05-15T09:00:00Z,1.0,1.0,100%,88.0,<Response [200]>,,
,,,,,,TLS,,,,,BIA,,,,2025-10-14T23:59:59Z,2025-05-15T09:00:00Z,destination=TLS&origin=BIA&endRange=2025-10-14T23:59:59Z&startRange=2025-05-15T09:00:00Z,1.0,1.0,100%,44.0,<Response [200]>,,
,,,,,,TLS,,,,,FSC,,,,2025-10-14T23:59:59Z,2025-05-15T09:00:00Z,destination=TLS&origin=FSC&endRange=2025-10-14T23:59:59Z&startRange=2025-05-15T09:00:00Z,1.0,1.0,100%,9.0,<Response [200]>,,
,,,,,,TOS,,,,,ARN,,,,2025-10-14T23:59:59Z,2025-05-15T09:00:00Z,destination=TOS&origin=ARN&endRange=2025-10-14T23:59:59Z&startRange=2025-05-15T09:00:00Z,1.0,1.0,100%,57.0,<Response [200]>,,
,,,,,,TOS,,,,,CDG,,,,2025-10-14T23:59:59Z,2025-05-15T09:00:00Z,destination=TOS&origin=CDG&endRange=2025-10-14T23:59:59Z&startRange=2025-05-15T09:00:00Z,1.0,1.0,100%,20.0,<Response [200]>,,
,,,,,,TOS,,,,,CPH,,,,2025-10-14T23:59:59Z,2025-05-15T09:00:00Z,destination=TOS&origin=CPH&endRange=2025-10-14T23:59:59Z&startRange=2025-05-15T09:00:00Z,1.0,1.0,100%,95.0,<Response [200]>,,
,,,,,,TRN,,,,,ORY,,,,2025-10-14T23:59:59Z,2025-05-15T09:00:00Z,destination=TRN&origin=ORY&endRange=2025-10-14T23:59:59Z&startRange=2025-05-15T09:00:00Z,1.0,1.0,100%,43.0,<Response [200]>,,
,,,,,,VAR,,,,,BEG,,,,2025-10-14T23:59:59Z,2025-05-15T09:00:00Z,destination=VAR&origin=BEG&endRange=2025-10-14T23:59:59Z&startRange=2025-05-15T09:00:00Z,1.0,1.0,100%,66.0,<Response [200]>,,
,,,,,,VAR,,,,,CDG,,,,2025-10-14T23:59:59Z,2025-05-15T09:00:00Z,destination=VAR&origin=CDG&endRange=2025-10-14T23:59:59Z&startRange=2025-05-15T09:00:00Z,1.0,1.0,100%,36.0,<Response [200]>,,
,,,,,,VAR,,,,,ORY,,,,2025-10-14T23:59:59Z,2025-05-15T09:00:00Z,destination=VAR&origin=ORY&endRange=2025-10-14T23:59:59Z&startRange=2025-05-15T09:00:00Z,1.0,1.0,100%,21.0,<Response [200]>,,
,,,,,,VCE,,,,,MAD,,,,2025-10-14T23:59:59Z,2025-05-15T09:00:00Z,destination=VCE&origin=MAD&endRange=2025-10-14T23:59:59Z&startRange=2025-05-15T09:00:00Z,1.0,1.0,100%,36.0,<Response [200]>,,
,,,,,,VLC,,,,,MAD,,,,2025-10-14T23:59:59Z,2025-05-15T09:00:00Z,destination=VLC&origin=MAD&endRange=2025-10-14T23:59:59Z&startRange=2025-05-15T09:00:00Z,1.0,1.0,100%,33.0,<Response [200]>,,
,,,,,,VOG,,,,,SVO,,,,2025-10-14T23:59:59Z,2025-05-15T09:00:00Z,destination=VOG&origin=SVO&endRange=2025-10-14T23:59:59Z&startRange=2025-05-15T09:00:00Z,1.0,1.0,100%,31.0,<Response [200]>,,
,,,,,,VOL,,,,,ORY,,,,2025-10-14T23:59:59Z,2025-05-15T09:00:00Z,destination=VOL&origin=ORY&endRange=2025-10-14T23:59:59Z&startRange=2025-05-15T09:00:00Z,1.0,1.0,100%,20.0,<Response [200]>,,
,,,,,,VRN,,,,,CDG,,,,2025-10-14T23:59:59Z,2025-05-15T09:00:00Z,destination=VRN&origin=CDG&endRange=2025-10-14T23:59:59Z&startRange=2025-05-15T09:00:00Z,1.0,1.0,100%,80.0,<Response [200]>,,
,,,,,,ZRH,,,,,FCO,,,,2025-10-14T23:59:59Z,2025-05-15T09:00:00Z,destination=ZRH&origin=FCO&endRange=2025-10-14T23:59:59Z&startRange=2025-05-15T09:00:00Z,1.0,1.0,100%,99.0,<Response [200]>,,
,,,,,,ZRH,,,,,MAD,,,,2025-10-14T23:59:59Z,2025-05-15T09:00:00Z,destination=ZRH&origin=MAD&endRange=2025-10-14T23:59:59Z&startRange=2025-05-15T09:00:00Z,1.0,1.0,100%,69.0,<Response [200]>,,
,,,,,,ZTH,,,,,ORY,,,,2025-10-14T23:59:59Z,2025-05-15T09:00:00Z,destination=ZTH&origin=ORY&endRange=2025-10-14T23:59:59Z&startRange=2025-05-15T09:00:00Z,1.0,1.0,100%,41.0,<Response [200]>,,
,,,,,,AMS,,,,,LHR,,,,2025-10-14T23:59:59Z,2025-05-15T09:00:00Z,destination=AMS&origin=LHR&endRange=2025-10-14T23:59:59Z&startRange=2025-05-15T09:00:00Z,24.0,24.0,100%,2353.0,<Response [200]>,,2025-10-22T10:45:03.896851
,,,,,,BCN,,,,,AMS,,,,2025-10-14T23:59:59Z,2025-05-15T09:00:00Z,destination=BCN&origin=AMS&endRange=2025-10-14T23:59:59Z&startRange=2025-05-15T09:00:00Z,24.0,24.0,100%,2336.0,<Response [200]>,,2025-10-22T10:46:09.360068
,,,,,,LHR,,,,,AMS,,,,2025-10-14T23:59:59Z,2025-05-15T09:00:00Z,destination=LHR&origin=AMS&endRange=2025-10-14T23:59:59Z&startRange=2025-05-15T09:00:00Z,24.0,24.0,100%,2354.0,<Response [200]>,,2025-10-22T10:47:12.231437
,,,,,,NCE,,,,,ORY,,,,2025-10-14T23:59:59Z,2025-05-15T09:00:00Z,destination=NCE&origin=ORY&endRange=2025-10-14T23:59:59Z&startRange=2025-05-15T09:00:00Z,24.0,24.0,100%,2374.0,<Response [200]>,,2025-10-22T10:48:16.385098
,,,,,,ORY,,,,,NCE,,,,2025-10-14T23:59:59Z,2025-05-15T09:00:00Z,destination=ORY&origin=NCE&endRange=2025-10-14T23:59:59Z&startRange=2025-05-15T09:00:00Z,24.0,24.0,100%,2388.0,<Response [200]>,,2025-10-22T10:49:31.607112
,,,,,,LIS,,,,,ORY,,,,2025-10-14T23:59:59Z,2025-05-15T09:00:00Z,destination=LIS&origin=ORY&endRange=2025-10-14T23:59:59Z&startRange=2025-05-15T09:00:00Z,23.0,23.0,100%,2205.0,<Response [200]>,,2025-10-22T10:50:31.555601
,,,,,,ORY,,,,,LIS,,,,2025-10-14T23:59:59Z,2025-05-15T09:00:00Z,destination=ORY&origin=LIS&endRange=2025-10-14T23:59:59Z&startRange=2025-05-15T09:00:00Z,23.0,23.0,100%,2218.0,<Response [200]>,,2025-10-22T10:51:46.858068
,,,,,,AMS,,,,,CDG,,,,2025-10-14T23:59:59Z,2025-05-15T09:00:00Z,destination=AMS&origin=CDG&endRange=2025-10-14T23:59:59Z&startRange=2025-05-15T09:00:00Z,22.0,22.0,100%,2159.0,<Response [200]>,,2025-10-22T10:53:35.692545
,,,,,,CDG,,,,,AMS,,,,2025-10-14T23:59:59Z,2025-05-15T09:00:00Z,destination=CDG&origin=AMS&endRange=2025-10-14T23:59:59Z&startRange=2025-05-15T09:00:00Z,22.0,22.0,100%,2159.0,<Response [200]>,,2025-10-22T10:55:42.387518
,,,,,,AMS,,,,,CPH,,,,2025-10-14T23:59:59Z,2025-05-15T09:00:00Z,destination=AMS&origin=CPH&endRange=2025-10-14T23:59:59Z&startRange=2025-05-15T09:00:00Z,21.0,21.0,100%,2008.0,<Response [200]>,,2025-10-22T10:57:10.866338
,,,,,,AMS,,,,,DUB,,,,2025-10-14T23:59:59Z,2025-05-15T09:00:00Z,destination=AMS&origin=DUB&endRange=2025-10-14T23:59:59Z&startRange=2025-05-15T09:00:00Z,21.0,21.0,100%,2056.0,<Response [200]>,,2025-10-22T10:58:42.008077
,,,,,,CDG,,,,,NCE,,,,2025-10-14T23:59:59Z,2025-05-15T09:00:00Z,destination=CDG&origin=NCE&endRange=2025-10-14T23:59:59Z&startRange=2025-05-15T09:00:00Z,21.0,21.0,100%,2015.0,<Response [200]>,,2025-10-22T11:00:30.479975
,,,,,,CPH,,,,,AMS,,,,2025-10-14T23:59:59Z,2025-05-15T09:00:00Z,destination=CPH&origin=AMS&endRange=2025-10-14T23:59:59Z&startRange=2025-05-15T09:00:00Z,21.0,21.0,100%,2008.0,<Response [200]>,,2025-10-22T11:01:30.969516
,,,,,,DUB,,,,,AMS,,,,2025-10-14T23:59:59Z,2025-05-15T09:00:00Z,destination=DUB&origin=AMS&endRange=2025-10-14T23:59:59Z&startRange=2025-05-15T09:00:00Z,21.0,21.0,100%,2055.0,<Response [200]>,,2025-10-22T11:02:29.171896
,,,,,,MAD,,,,,ORY,,,,2025-10-14T23:59:59Z,2025-05-15T09:00:00Z,destination=MAD&origin=ORY&endRange=2025-10-14T23:59:59Z&startRange=2025-05-15T09:00:00Z,21.0,21.0,100%,2074.0,<Response [200]>,,2025-10-22T11:03:28.939986
,,,,,,NCE,,,,,CDG,,,,2025-10-14T23:59:59Z,2025-05-15T09:00:00Z,destination=NCE&origin=CDG&endRange=2025-10-14T23:59:59Z&startRange=2025-05-15T09:00:00Z,21.0,21.0,100%,2006.0,<Response [200]>,,2025-10-22T11:04:29.025028
,,,,,,BHX,,,,,EMA,,,,2025-10-14T23:59:59Z,2025-05-15T09:00:00Z,destination=BHX&origin=EMA&endRange=2025-10-14T23:59:59Z&startRange=2025-05-15T09:00:00Z,,,,,<Response [404]>,"{""errors"":[{""name"":""FLIGHT NOT FOUND"",""severity"":""INFO""}]}",2025-10-22T10:35:48.949186
,,,,,,CDG,,,,,BCN,,,,2025-10-14T23:59:59Z,2025-05-15T09:00:00Z,destination=CDG&origin=BCN&endRange=2025-10-14T23:59:59Z&startRange=2025-05-15T09:00:00Z,18.0,18.0,100%,1718.0,<Response [200]>,,2025-10-23T11:59:48.396527
,,,,,,CDG,,,,,FRA,,,,2025-10-14T23:59:59Z,2025-05-15T09:00:00Z,destination=CDG&origin=FRA&endRange=2025-10-14T23:59:59Z&startRange=2025-05-15T09:00:00Z,18.0,18.0,100%,1738.0,<Response [200]>,,2025-10-23T12:01:12.202593
,,,,,,FRA,,,,,AMS,,,,2025-10-14T23:59:59Z,2025-05-15T09:00:00Z,destination=FRA&origin=AMS&endRange=2025-10-14T23:59:59Z&startRange=2025-05-15T09:00:00Z,7.0,18.0,39%,1728.0,<Response [500]>,"{""errors"":[{""name"":""INTERNAL_SERVER_ERROR""}]}",2025-10-23T12:01:30.319429
,,,,,,FRA,,,,,CDG,,,,2025-10-14T23:59:59Z,2025-05-15T09:00:00Z,destination=FRA&origin=CDG&endRange=2025-10-14T23:59:59Z&startRange=2025-05-15T09:00:00Z,18.0,18.0,100%,1773.0,<Response [200]>,,2025-10-23T12:02:12.059685
,,,,,,MUC,,,,,AMS,,,,2025-10-14T23:59:59Z,2025-05-15T09:00:00Z,destination=MUC&origin=AMS&endRange=2025-10-14T23:59:59Z&startRange=2025-05-15T09:00:00Z,18.0,18.0,100%,1713.0,<Response [200]>,,2025-10-23T12:02:54.048346
,,,,,,ORY,,,,,BCN,,,,2025-10-14T23:59:59Z,2025-05-15T09:00:00Z,destination=ORY&origin=BCN&endRange=2025-10-14T23:59:59Z&startRange=2025-05-15T09:00:00Z,18.0,18.0,100%,1757.0,<Response [200]>,,2025-10-23T12:03:50.593093
,,,,,,ORY,,,,,TLS,,,,2025-10-14T23:59:59Z,2025-05-15T09:00:00Z,destination=ORY&origin=TLS&endRange=2025-10-14T23:59:59Z&startRange=2025-05-15T09:00:00Z,18.0,18.0,100%,1793.0,<Response [200]>,,2025-10-23T12:04:43.678677
,,,,,,TLS,,,,,ORY,,,,2025-10-14T23:59:59Z,2025-05-15T09:00:00Z,destination=TLS&origin=ORY&endRange=2025-10-14T23:59:59Z&startRange=2025-05-15T09:00:00Z,11.0,18.0,61%,1790.0,<Response [200]>,,2025-10-23T12:05:10.453392
,,,,,,CDG,,,,,FCO,,,,2025-10-14T23:59:59Z,2025-05-15T09:00:00Z,destination=CDG&origin=FCO&endRange=2025-10-14T23:59:59Z&startRange=2025-05-15T09:00:00Z,8.0,17.0,47%,1675.0,<Response [200]>,,2025-10-23T12:05:43.876580
,,,,,,FCO,,,,,CDG,,,,2025-10-14T23:59:59Z,2025-05-15T09:00:00Z,destination=FCO&origin=CDG&endRange=2025-10-14T23:59:59Z&startRange=2025-05-15T09:00:00Z,1.0,17.0,6%,1678.0,<Response [200]>,,2025-10-23T12:05:45.915796
,,,,,,LCY,,,,,AMS,,,,2025-10-14T23:59:59Z,2025-05-15T09:00:00Z,destination=LCY&origin=AMS&endRange=2025-10-14T23:59:59Z&startRange=2025-05-15T09:00:00Z,1.0,17.0,6%,1632.0,<Response [200]>,,2025-10-23T12:05:47.999956
,,,,,,MAD,,,,,AMS,,,,2025-10-14T23:59:59Z,2025-05-15T09:00:00Z,destination=MAD&origin=AMS&endRange=2025-10-14T23:59:59Z&startRange=2025-05-15T09:00:00Z,5.0,17.0,29%,1698.0,<Response [200]>,,2025-10-23T12:06:02.555156
,,,,,,MAN,,,,,AMS,,,,2025-10-14T23:59:59Z,2025-05-15T09:00:00Z,destination=MAN&origin=AMS&endRange=2025-10-14T23:59:59Z&startRange=2025-05-15T09:00:00Z,8.0,17.0,47%,1640.0,<Response [200]>,,2025-10-23T12:06:22.524317
,,,,,,AMS,,,,,ZRH,,,,2025-10-14T23:59:59Z,2025-05-15T09:00:00Z,destination=AMS&origin=ZRH&endRange=2025-10-14T23:59:59Z&startRange=2025-05-15T09:00:00Z,1.0,16.0,6%,1565.0,<Response [200]>,,2025-10-23T12:06:34.792091
,,,,,,CDG,,,,,MUC,,,,2025-10-14T23:59:59Z,2025-05-15T09:00:00Z,destination=CDG&origin=MUC&endRange=2025-10-14T23:59:59Z&startRange=2025-05-15T09:00:00Z,1.0,16.0,6%,1532.0,<Response [200]>,,2025-10-23T12:06:36.909035
,,,,,,FCO,,,,,ORY,,,,2025-10-14T23:59:59Z,2025-05-15T09:00:00Z,destination=FCO&origin=ORY&endRange=2025-10-14T23:59:59Z&startRange=2025-05-15T09:00:00Z,1.0,16.0,6%,1518.0,<Response [200]>,,2025-10-23T12:06:38.950679
,,,,,,LIN,,,,,AMS,,,,2025-10-14T23:59:59Z,2025-05-15T09:00:00Z,destination=LIN&origin=AMS&endRange=2025-10-14T23:59:59Z&startRange=2025-05-15T09:00:00Z,1.0,16.0,6%,1536.0,<Response [200]>,,2025-10-23T12:06:41.017665
,,,,,,MUC,,,,,CDG,,,,2025-10-14T23:59:59Z,2025-05-15T09:00:00Z,destination=MUC&origin=CDG&endRange=2025-10-14T23:59:59Z&startRange=2025-05-15T09:00:00Z,1.0,16.0,6%,1529.0,<Response [200]>,,2025-10-23T12:06:43.049454
,,,,,,ORY,,,,,FCO,,,,2025-10-14T23:59:59Z,2025-05-15T09:00:00Z,destination=ORY&origin=FCO&endRange=2025-10-14T23:59:59Z&startRange=2025-05-15T09:00:00Z,1.0,16.0,6%,1525.0,<Response [200]>,,2025-10-23T12:06:45.077252
,,,,,,ZRH,,,,,AMS,,,,2025-10-14T23:59:59Z,2025-05-15T09:00:00Z,destination=ZRH&origin=AMS&endRange=2025-10-14T23:59:59Z&startRange=2025-05-15T09:00:00Z,1.0,16.0,6%,1565.0,<Response [200]>,,2025-10-23T12:06:47.103729
,,,,,,ATH,,,,,CDG,,,,2025-10-14T23:59:59Z,2025-05-15T09:00:00Z,destination=ATH&origin=CDG&endRange=2025-10-14T23:59:59Z&startRange=2025-05-15T09:00:00Z,1.0,15.0,7%,1422.0,<Response [200]>,,2025-10-23T12:06:49.150300
,,,,,,CDG,,,,,ATH,,,,2025-10-14T23:59:59Z,2025-05-15T09:00:00Z,destination=CDG&origin=ATH&endRange=2025-10-14T23:59:59Z&startRange=2025-05-15T09:00:00Z,1.0,15.0,7%,1420.0,<Response [200]>,,2025-10-23T12:06:51.202875
,,,,,,CDG,,,,,CPH,,,,2025-10-14T23:59:59Z,2025-05-15T09:00:00Z,destination=CDG&origin=CPH&endRange=2025-10-14T23:59:59Z&startRange=2025-05-15T09:00:00Z,1.0,15.0,7%,1482.0,<Response [200]>,,2025-10-23T12:06:53.235309
,,,,,,CPH,,,,,CDG,,,,2025-10-14T23:59:59Z,2025-05-15T09:00:00Z,destination=CPH&origin=CDG&endRange=2025-10-14T23:59:59Z&startRange=2025-05-15T09:00:00Z,1.0,15.0,7%,1484.0,<Response [200]>,,2025-10-23T12:06:55.276520
,,,,,,LIS,,,,,AMS,,,,2025-10-14T23:59:59Z,2025-05-15T09:00:00Z,destination=LIS&origin=AMS&endRange=2025-10-14T23:59:59Z&startRange=2025-05-15T09:00:00Z,1.0,15.0,7%,1425.0,<Response [200]>,,2025-10-23T12:06:57.302924
,,,,,,ARN,,,,,AMS,,,,2025-10-14T23:59:59Z,2025-05-15T09:00:00Z,destination=ARN&origin=AMS&endRange=2025-10-14T23:59:59Z&startRange=2025-05-15T09:00:00Z,1.0,14.0,7%,1378.0,<Response [200]>,,2025-10-23T12:06:59.335779
,,,,,,CDG,,,,,LIN,,,,2025-10-14T23:59:59Z,2025-05-15T09:00:00Z,destination=CDG&origin=LIN&endRange=2025-10-14T23:59:59Z&startRange=2025-05-15T09:00:00Z,1.0,14.0,7%,1311.0,<Response [200]>,,2025-10-23T12:07:01.383324
,,,,,,CDG,,,,,TLS,,,,2025-10-14T23:59:59Z,2025-05-15T09:00:00Z,destination=CDG&origin=TLS&endRange=2025-10-14T23:59:59Z&startRange=2025-05-15T09:00:00Z,14.0,14.0,100%,1308.0,<Response [200]>,,2025-10-23T12:10:14.224533
,,,,,,LIN,,,,,CDG,,,,2025-10-14T23:59:59Z,2025-05-15T09:00:00Z,destination=LIN&origin=CDG&endRange=2025-10-14T23:59:59Z&startRange=2025-05-15T09:00:00Z,14.0,14.0,100%,1310.0,<Response [200]>,,2025-10-23T12:10:48.377509
,,,,,,OSL,,,,,AMS,,,,2025-10-14T23:59:59Z,2025-05-15T09:00:00Z,destination=OSL&origin=AMS&endRange=2025-10-14T23:59:59Z&startRange=2025-05-15T09:00:00Z,14.0,14.0,100%,1387.0,<Response [200]>,,2025-10-23T12:11:23.455236
,,,,,,TLS,,,,,CDG,,,,2025-10-14T23:59:59Z,2025-05-15T09:00:00Z,destination=TLS&origin=CDG&endRange=2025-10-14T23:59:59Z&startRange=2025-05-15T09:00:00Z,14.0,14.0,100%,1305.0,<Response [200]>,,2025-10-23T12:11:55.711710
,,,,,,BER,,,,,AMS,,,,2025-10-14T23:59:59Z,2025-05-15T09:00:00Z,destination=BER&origin=AMS&endRange=2025-10-14T23:59:59Z&startRange=2025-05-15T09:00:00Z,13.0,13.0,100%,1250.0,<Response [200]>,,2025-10-23T12:12:25.246309
,,,,,,CDG,,,,,MAD,,,,2025-10-14T23:59:59Z,2025-05-15T09:00:00Z,destination=CDG&origin=MAD&endRange=2025-10-14T23:59:59Z&startRange=2025-05-15T09:00:00Z,13.0,13.0,100%,1253.0,<Response [200]>,,2025-10-23T12:13:28.657298
,,,,,,CDG,,,,,MRS,,,,2025-10-14T23:59:59Z,2025-05-15T09:00:00Z,destination=CDG&origin=MRS&endRange=2025-10-14T23:59:59Z&startRange=2025-05-15T09:00:00Z,13.0,13.0,100%,1263.0,<Response [200]>,,2025-10-23T12:14:32.226665
,,,,,,CDG,,,,,VIE,,,,2025-10-14T23:59:59Z,2025-05-15T09:00:00Z,destination=CDG&origin=VIE&endRange=2025-10-14T23:59:59Z&startRange=2025-05-15T09:00:00Z,13.0,13.0,100%,1263.0,<Response [200]>,,2025-10-23T12:15:32.916855
,,,,,,MAD,,,,,CDG,,,,2025-10-14T23:59:59Z,2025-05-15T09:00:00Z,destination=MAD&origin=CDG&endRange=2025-10-14T23:59:59Z&startRange=2025-05-15T09:00:00Z,13.0,13.0,100%,1255.0,<Response [200]>,,2025-10-23T12:16:06.139107
,,,,,,MRS,,,,,CDG,,,,2025-10-14T23:59:59Z,2025-05-15T09:00:00Z,destination=MRS&origin=CDG&endRange=2025-10-14T23:59:59Z&startRange=2025-05-15T09:00:00Z,13.0,13.0,100%,1266.0,<Response [200]>,,2025-10-23T12:16:36.518518
,,,,,,VIE,,,,,AMS,,,,2025-10-14T23:59:59Z,2025-05-15T09:00:00Z,destination=VIE&origin=AMS&endRange=2025-10-14T23:59:59Z&startRange=2025-05-15T09:00:00Z,13.0,13.0,100%,1295.0,<Response [200]>,,2025-10-23T12:17:06.321035
,,,,,,VIE,,,,,CDG,,,,2025-10-14T23:59:59Z,2025-05-15T09:00:00Z,destination=VIE&origin=CDG&endRange=2025-10-14T23:59:59Z&startRange=2025-05-15T09:00:00Z,13.0,13.0,100%,1258.0,<Response [200]>,,2025-10-23T12:17:36.184994
,,,,,,WAW,,,,,AMS,,,,2025-10-14T23:59:59Z,2025-05-15T09:00:00Z,destination=WAW&origin=AMS&endRange=2025-10-14T23:59:59Z&startRange=2025-05-15T09:00:00Z,13.0,13.0,100%,1223.0,<Response [200]>,,2025-10-23T12:18:05.972244
,,,,,,CDG,,,,,DUB,,,,2025-10-14T23:59:59Z,2025-05-15T09:00:00Z,destination=CDG&origin=DUB&endRange=2025-10-14T23:59:59Z&startRange=2025-05-15T09:00:00Z,12.0,12.0,100%,1192.0,<Response [200]>,,2025-10-23T12:19:01.369154
,,,,,,CDG,,,,,MAN,,,,2025-10-14T23:59:59Z,2025-05-15T09:00:00Z,destination=CDG&origin=MAN&endRange=2025-10-14T23:59:59Z&startRange=2025-05-15T09:00:00Z,12.0,12.0,100%,1135.0,<Response [200]>,,2025-10-23T12:19:58.373498
,,,,,,CDG,,,,,MXP,,,,2025-10-14T23:59:59Z,2025-05-15T09:00:00Z,destination=CDG&origin=MXP&endRange=2025-10-14T23:59:59Z&startRange=2025-05-15T09:00:00Z,12.0,12.0,100%,1164.0,<Response [200]>,,2025-10-23T12:20:54.770441
,,,,,,CTA,,,,,FCO,,,,2025-10-14T23:59:59Z,2025-05-15T09:00:00Z,destination=CTA&origin=FCO&endRange=2025-10-14T23:59:59Z&startRange=2025-05-15T09:00:00Z,10.0,12.0,83%,1141.0,<Response [403]>,<h1>Developer Inactive</h1>,2025-10-23T12:21:20.728582
,,,,,,DUB,,,,,CDG,,,,2025-10-14T23:59:59Z,2025-05-15T09:00:00Z,destination=DUB&origin=CDG&endRange=2025-10-14T23:59:59Z&startRange=2025-05-15T09:00:00Z,1.0,12.0,8%,1193.0,<Response [403]>,<h1>Developer Inactive</h1>,2025-10-23T12:21:22.749740
,,,,,,EDI,,,,,AMS,,,,2025-10-14T23:59:59Z,2025-05-15T09:00:00Z,destination=EDI&origin=AMS&endRange=2025-10-14T23:59:59Z&startRange=2025-05-15T09:00:00Z,1.0,12.0,8%,1123.0,<Response [403]>,<h1>Developer Inactive</h1>,2025-10-23T12:21:24.754424
,,,,,,FCO,,,,,CTA,,,,2025-10-14T23:59:59Z,2025-05-15T09:00:00Z,destination=FCO&origin=CTA&endRange=2025-10-14T23:59:59Z&startRange=2025-05-15T09:00:00Z,1.0,12.0,8%,1154.0,<Response [403]>,<h1>Developer Inactive</h1>,2025-10-23T12:21:26.789745
,,,,,,MAN,,,,,CDG,,,,2025-10-14T23:59:59Z,2025-05-15T09:00:00Z,destination=MAN&origin=CDG&endRange=2025-10-14T23:59:59Z&startRange=2025-05-15T09:00:00Z,12.0,12.0,100%,1146.0,<Response [200]>,,2025-10-24T13:22:25.121584
,,,,,,MXP,,,,,CDG,,,,2025-10-14T23:59:59Z,2025-05-15T09:00:00Z,destination=MXP&origin=CDG&endRange=2025-10-14T23:59:59Z&startRange=2025-05-15T09:00:00Z,12.0,12.0,100%,1162.0,<Response [200]>,,2025-10-24T13:22:52.686708
,,,,,,PRG,,,,,AMS,,,,2025-10-14T23:59:59Z,2025-05-15T09:00:00Z,destination=PRG&origin=AMS&endRange=2025-10-14T23:59:59Z&startRange=2025-05-15T09:00:00Z,12.0,12.0,100%,1106.0,<Response [200]>,,2025-10-24T13:23:20.871840
,,,,,,TRD,,,,,OSL,,,,2025-10-14T23:59:59Z,2025-05-15T09:00:00Z,destination=TRD&origin=OSL&endRange=2025-10-14T23:59:59Z&startRange=2025-05-15T09:00:00Z,12.0,12.0,100%,1130.0,<Response [200]>,,2025-10-24T13:23:48.262942
,,,,,,BOD,,,,,CDG,,,,2025-10-14T23:59:59Z,2025-05-15T09:00:00Z,destination=BOD&origin=CDG&endRange=2025-10-14T23:59:59Z&startRange=2025-05-15T09:00:00Z,11.0,11.0,100%,1057.0,<Response [200]>,,2025-10-24T13:24:13.845592
,,,,,,CDG,,,,,BER,,,,2025-10-14T23:59:59Z,2025-05-15T09:00:00Z,destination=CDG&origin=BER&endRange=2025-10-14T23:59:59Z&startRange=2025-05-15T09:00:00Z,11.0,11.0,100%,1055.0,<Response [200]>,,2025-10-24T13:25:16.663787
,,,,,,CDG,,,,,BOD,,,,2025-10-14T23:59:59Z,2025-05-15T09:00:00Z,destination=CDG&origin=BOD&endRange=2025-10-14T23:59:59Z&startRange=2025-05-15T09:00:00Z,11.0,11.0,100%,1058.0,<Response [200]>,,2025-10-24T13:26:07.221773
,,,,,,CDG,,,,,FLR,,,,2025-10-14T23:59:59Z,2025-05-15T09:00:00Z,destination=CDG&origin=FLR&endRange=2025-10-14T23:59:59Z&startRange=2025-05-15T09:00:00Z,11.0,11.0,100%,1029.0,<Response [200]>,,2025-10-24T13:26:52.473935
,,,,,,CDG,,,,,GVA,,,,2025-10-14T23:59:59Z,2025-05-15T09:00:00Z,destination=CDG&origin=GVA&endRange=2025-10-14T23:59:59Z&startRange=2025-05-15T09:00:00Z,11.0,11.0,100%,1044.0,<Response [200]>,,2025-10-24T13:27:39.703739
,,,,,,CDG,,,,,OSL,,,,2025-10-14T23:59:59Z,2025-05-15T09:00:00Z,destination=CDG&origin=OSL&endRange=2025-10-14T23:59:59Z&startRange=2025-05-15T09:00:00Z,11.0,11.0,100%,1004.0,<Response [200]>,,2025-10-24T13:28:26.938821
,,,,,,CDG,,,,,ZRH,,,,2025-10-14T23:59:59Z,2025-05-15T09:00:00Z,destination=CDG&origin=ZRH&endRange=2025-10-14T23:59:59Z&startRange=2025-05-15T09:00:00Z,11.0,11.0,100%,1083.0,<Response [200]>,,2025-10-24T13:29:16.354271
,,,,,,FCO,,,,,AMS,,,,2025-10-14T23:59:59Z,2025-05-15T09:00:00Z,destination=FCO&origin=AMS&endRange=2025-10-14T23:59:59Z&startRange=2025-05-15T09:00:00Z,11.0,11.0,100%,1065.0,<Response [200]>,,2025-10-24T13:29:47.047992
,,,,,,FCO,,,,,PMO,,,,2025-10-14T23:59:59Z,2025-05-15T09:00:00Z,destination=FCO&origin=PMO&endRange=2025-10-14T23:59:59Z&startRange=2025-05-15T09:00:00Z,11.0,11.0,100%,1062.0,<Response [200]>,,2025-10-24T13:30:13.100449
,,,,,,FLR,,,,,CDG,,,,2025-10-14T23:59:59Z,2025-05-15T09:00:00Z,destination=FLR&origin=CDG&endRange=2025-10-14T23:59:59Z&startRange=2025-05-15T09:00:00Z,11.0,11.0,100%,1028.0,<Response [200]>,,2025-10-24T13:30:38.078641
,,,,,,GVA,,,,,AMS,,,,2025-10-14T23:59:59Z,2025-05-15T09:00:00Z,destination=GVA&origin=AMS&endRange=2025-10-14T23:59:59Z&startRange=2025-05-15T09:00:00Z,11.0,11.0,100%,1063.0,<Response [200]>,,2025-10-24T13:31:03.364691
,,,,,,GVA,,,,,CDG,,,,2025-10-14T23:59:59Z,2025-05-15T09:00:00Z,destination=GVA&origin=CDG&endRange=2025-10-14T23:59:59Z&startRange=2025-05-15T09:00:00Z,11.0,11.0,100%,1045.0,<Response [200]>,,2025-10-24T13:31:28.301068
,,,,,,LYS,,,,,AMS,,,,2025-10-14T23:59:59Z,2025-05-15T09:00:00Z,destination=LYS&origin=AMS&endRange=2025-10-14T23:59:59Z&startRange=2025-05-15T09:00:00Z,11.0,11.0,100%,1070.0,<Response [200]>,,2025-10-24T13:31:53.730268
,,,,,,OSL,,,,,CDG,,,,2025-10-14T23:59:59Z,2025-05-15T09:00:00Z,destination=OSL&origin=CDG&endRange=2025-10-14T23:59:59Z&startRange=2025-05-15T09:00:00Z,11.0,11.0,100%,1005.0,<Response [200]>,,2025-10-24T13:32:20.806066
,,,,,,PMO,,,,,FCO,,,,2025-10-14T23:59:59Z,2025-05-15T09:00:00Z,destination=PMO&origin=FCO&endRange=2025-10-14T23:59:59Z&startRange=2025-05-15T09:00:00Z,11.0,11.0,100%,1091.0,<Response [200]>,,2025-10-24T13:32:44.635769
,,,,,,ZRH,,,,,CDG,,,,2025-10-14T23:59:59Z,2025-05-15T09:00:00Z,destination=ZRH&origin=CDG&endRange=2025-10-14T23:59:59Z&startRange=2025-05-15T09:00:00Z,11.0,11.0,100%,1082.0,<Response [200]>,,2025-10-24T13:33:11.201068
,,,,,,ATH,,,,,AMS,,,,2025-10-14T23:59:59Z,2025-05-15T09:00:00Z,destination=ATH&origin=AMS&endRange=2025-10-14T23:59:59Z&startRange=2025-05-15T09:00:00Z,10.0,10.0,100%,915.0,<Response [200]>,,2025-10-24T13:33:33.643681
,,,,,,BHX,,,,,AMS,,,,2025-10-14T23:59:59Z,2025-05-15T09:00:00Z,destination=BHX&origin=AMS&endRange=2025-10-14T23:59:59Z&startRange=2025-05-15T09:00:00Z,7.0,10.0,70%,954.0,<Response [500]>,"{""errors"":[{""name"":""INTERNAL_SERVER_ERROR""}]}",2025-10-24T13:33:51.257184
,,,,,,BRS,,,,,AMS,,,,2025-10-14T23:59:59Z,2025-05-15T09:00:00Z,destination=BRS&origin=AMS&endRange=2025-10-14T23:59:59Z&startRange=2025-05-15T09:00:00Z,10.0,10.0,100%,985.0,<Response [200]>,,2025-10-24T13:34:12.747794
,,,,,,CDG,,,,,HEL,,,,2025-10-14T23:59:59Z,2025-05-15T09:00:00Z,destination=CDG&origin=HEL&endRange=2025-10-14T23:59:59Z&startRange=2025-05-15T09:00:00Z,10.0,10.0,100%,902.0,<Response [200]>,,2025-10-24T13:34:56.145231
,,,,,,CDG,,,,,LIS,,,,2025-10-14T23:59:59Z,2025-05-15T09:00:00Z,destination=CDG&origin=LIS&endRange=2025-10-14T23:59:59Z&startRange=2025-05-15T09:00:00Z,10.0,10.0,100%,909.0,<Response [200]>,,2025-10-24T13:35:37.772030
,,,,,,CDG,,,,,VCE,,,,2025-10-14T23:59:59Z,2025-05-15T09:00:00Z,destination=CDG&origin=VCE&endRange=2025-10-14T23:59:59Z&startRange=2025-05-15T09:00:00Z,10.0,10.0,100%,995.0,<Response [200]>,,2025-10-24T13:36:18.488251
,,,,,,CDG,,,,,WAW,,,,2025-10-14T23:59:59Z,2025-05-15T09:00:00Z,destination=CDG&origin=WAW&endRange=2025-10-14T23:59:59Z&startRange=2025-05-15T09:00:00Z,10.0,10.0,100%,993.0,<Response [200]>,,2025-10-24T13:37:04.340767
,,,,,,CPH,,,,,AAL,,,,2025-10-14T23:59:59Z,2025-05-15T09:00:00Z,destination=CPH&origin=AAL&endRange=2025-10-14T23:59:59Z&startRange=2025-05-15T09:00:00Z,10.0,10.0,100%,916.0,<Response [200]>,,2025-10-24T13:37:30.445204
,,,,,,HEL,,,,,CDG,,,,2025-10-14T23:59:59Z,2025-05-15T09:00:00Z,destination=HEL&origin=CDG&endRange=2025-10-14T23:59:59Z&startRange=2025-05-15T09:00:00Z,10.0,10.0,100%,903.0,<Response [200]>,,2025-10-24T13:37:53.566530
,,,,,,OSL,,,,,TRD,,,,2025-10-14T23:59:59Z,2025-05-15T09:00:00Z,destination=OSL&origin=TRD&endRange=2025-10-14T23:59:59Z&startRange=2025-05-15T09:00:00Z,10.0,10.0,100%,978.0,<Response [200]>,,2025-10-24T13:38:15.705278
,,,,,,PMI,,,,,AMS,,,,2025-10-14T23:59:59Z,2025-05-15T09:00:00Z,destination=PMI&origin=AMS&endRange=2025-10-14T23:59:59Z&startRange=2025-05-15T09:00:00Z,10.0,10.0,100%,988.0,<Response [200]>,,2025-10-24T13:38:40.875825
,,,,,,VCE,,,,,CDG,,,,2025-10-14T23:59:59Z,2025-05-15T09:00:00Z,destination=VCE&origin=CDG&endRange=2025-10-14T23:59:59Z&startRange=2025-05-15T09:00:00Z,10.0,10.0,100%,993.0,<Response [200]>,,2025-10-24T13:39:02.855436
,,,,,,VLC,,,,,AMS,,,,2025-10-14T23:59:59Z,2025-05-15T09:00:00Z,destination=VLC&origin=AMS&endRange=2025-10-14T23:59:59Z&startRange=2025-05-15T09:00:00Z,10.0,10.0,100%,913.0,<Response [200]>,,2025-10-24T13:39:24.702383
,,,,,,WAW,,,,,CDG,,,,2025-10-14T23:59:59Z,2025-05-15T09:00:00Z,destination=WAW&origin=CDG&endRange=2025-10-14T23:59:59Z&startRange=2025-05-15T09:00:00Z,10.0,10.0,100%,991.0,<Response [200]>,,2025-10-24T13:39:46.174574
,,,,,,CDG,,,,,LHR,,,,2025-10-14T23:59:59Z,2025-05-15T09:00:00Z,destination=CDG&origin=LHR&endRange=2025-10-14T23:59:59Z&startRange=2025-05-15T09:00:00Z,19.0,19.0,100%,1827.0,<Response [200]>,,2025-10-24T13:41:12.939246
,,,,,,LHR,,,,,CDG,,,,2025-10-14T23:59:59Z,2025-05-15T09:00:00Z,destination=LHR&origin=CDG&endRange=2025-10-14T23:59:59Z&startRange=2025-05-15T09:00:00Z,19.0,19.0,100%,1842.0,<Response [200]>,,2025-10-24T13:41:59.406141
,,,,,,OPO,,,,,ORY,,,,2025-10-14T23:59:59Z,2025-05-15T09:00:00Z,destination=OPO&origin=ORY&endRange=2025-10-14T23:59:59Z&startRange=2025-05-15T09:00:00Z,19.0,19.0,100%,1823.0,<Response [200]>,,2025-10-24T13:42:40.148200
,,,,,,ORY,,,,,OPO,,,,2025-10-14T23:59:59Z,2025-05-15T09:00:00Z,destination=ORY&origin=OPO&endRange=2025-10-14T23:59:59Z&startRange=2025-05-15T09:00:00Z,19.0,19.0,100%,1834.0,<Response [200]>,,2025-10-24T13:43:35.965866
,,,,,,AMS,,,,,AMS,,,,2025-10-14T23:59:59Z,2025-05-15T09:00:00Z,destination=AMS&origin=AMS&endRange=2025-10-14T23:59:59Z&startRange=2025-05-15T09:00:00Z,7.0,18.0,39%,1737.0,<Response [500]>,"{""errors"":[{""name"":""INTERNAL_SERVER_ERROR""}]}",2025-10-24T13:44:13.833413
,,,,,,AMS,,,,,FRA,,,,2025-10-14T23:59:59Z,2025-05-15T09:00:00Z,destination=AMS&origin=FRA&endRange=2025-10-14T23:59:59Z&startRange=2025-05-15T09:00:00Z,18.0,18.0,100%,1730.0,<Response [200]>,,2025-10-24T13:45:20.130606
,,,,,,AMS,,,,,MUC,,,,2025-10-14T23:59:59Z,2025-05-15T09:00:00Z,destination=AMS&origin=MUC&endRange=2025-10-14T23:59:59Z&startRange=2025-05-15T09:00:00Z,18.0,18.0,100%,1709.0,<Response [200]>,,2025-10-24T13:46:26.796302
,,,,,,BCN,,,,,CDG,,,,2025-10-14T23:59:59Z,2025-05-15T09:00:00Z,destination=BCN&origin=CDG&endRange=2025-10-14T23:59:59Z&startRange=2025-05-15T09:00:00Z,18.0,18.0,100%,1713.0,<Response [200]>,,2025-10-24T13:47:11.320907
,,,,,,BCN,,,,,ORY,,,,2025-10-14T23:59:59Z,2025-05-15T09:00:00Z,destination=BCN&origin=ORY&endRange=2025-10-14T23:59:59Z&startRange=2025-05-15T09:00:00Z,18.0,18.0,100%,1749.0,<Response [200]>,,2025-10-24T13:47:50.723087
,,,,,,ARN,,,,,CDG,,,,2025-10-14T23:59:59Z,2025-05-15T09:00:00Z,destination=ARN&origin=CDG&endRange=2025-10-14T23:59:59Z&startRange=2025-05-15T09:00:00Z,9.0,9.0,100%,836.0,<Response [200]>,,2025-10-24T13:48:14.244548
,,,,,,ARN,,,,,LLA,,,,2025-10-14T23:59:59Z,2025-05-15T09:00:00Z,destination=ARN&origin=LLA&endRange=2025-10-14T23:59:59Z&startRange=2025-05-15T09:00:00Z,9.0,9.0,100%,872.0,<Response [200]>,,2025-10-24T13:48:33.455307
,,,,,,ARN,,,,,VBY,,,,2025-10-14T23:59:59Z,2025-05-15T09:00:00Z,destination=ARN&origin=VBY&endRange=2025-10-14T23:59:59Z&startRange=2025-05-15T09:00:00Z,9.0,9.0,100%,872.0,<Response [200]>,,2025-10-24T13:48:52.715599
,,,,,,BIA,,,,,ORY,,,,2025-10-14T23:59:59Z,2025-05-15T09:00:00Z,destination=BIA&origin=ORY&endRange=2025-10-14T23:59:59Z&startRange=2025-05-15T09:00:00Z,9.0,9.0,100%,853.0,<Response [200]>,,2025-10-24T13:49:11.954159
,,,,,,BLL,,,,,AMS,,,,2025-10-14T23:59:59Z,2025-05-15T09:00:00Z,destination=BLL&origin=AMS&endRange=2025-10-14T23:59:59Z&startRange=2025-05-15T09:00:00Z,3.0,9.0,33%,834.0,<Response [200]>,,2025-10-24T13:49:16.884706
,,,,,,BOO,,,,,OSL,,,,2025-10-14T23:59:59Z,2025-05-15T09:00:00Z,destination=BOO&origin=OSL&endRange=2025-10-14T23:59:59Z&startRange=2025-05-15T09:00:00Z,9.0,9.0,100%,883.0,<Response [200]>,,2025-10-25T11:52:18.787806
,,,,,,CDG,,,,,ARN,,,,2025-10-14T23:59:59Z,2025-05-15T09:00:00Z,destination=CDG&origin=ARN&endRange=2025-10-14T23:59:59Z&startRange=2025-05-15T09:00:00Z,9.0,9.0,100%,835.0,<Response [200]>,,2025-10-25T11:53:07.890464
,,,,,,CDG,,,,,EDI,,,,2025-10-14T23:59:59Z,2025-05-15T09:00:00Z,destination=CDG&origin=EDI&endRange=2025-10-14T23:59:59Z&startRange=2025-05-15T09:00:00Z,9.0,9.0,100%,814.0,<Response [200]>,,2025-10-25T11:53:47.819042
,,,,,,EDI,,,,,CDG,,,,2025-10-14T23:59:59Z,2025-05-15T09:00:00Z,destination=EDI&origin=CDG&endRange=2025-10-14T23:59:59Z&startRange=2025-05-15T09:00:00Z,9.0,9.0,100%,815.0,<Response [200]>,,2025-10-25T11:54:07.328843
,,,,,,KRK,,,,,AMS,,,,2025-10-14T23:59:59Z,2025-05-15T09:00:00Z,destination=KRK&origin=AMS&endRange=2025-10-14T23:59:59Z&startRange=2025-05-15T09:00:00Z,9.0,9.0,100%,808.0,<Response [200]>,,2025-10-25T11:54:26.134478
,,,,,,LIN,,,,,CTA,,,,2025-10-14T23:59:59Z,2025-05-15T09:00:00Z,destination=LIN&origin=CTA&endRange=2025-10-14T23:59:59Z&startRange=2025-05-15T09:00:00Z,9.0,9.0,100%,802.0,<Response [200]>,,2025-10-25T11:54:46.340284
,,,,,,LIS,,,,,CDG,,,,2025-10-14T23:59:59Z,2025-05-15T09:00:00Z,destination=LIS&origin=CDG&endRange=2025-10-14T23:59:59Z&startRange=2025-05-15T09:00:00Z,9.0,9.0,100%,900.0,<Response [200]>,,2025-10-25T11:55:07.463365
,,,,,,NCE,,,,,AMS,,,,2025-10-14T23:59:59Z,2025-05-15T09:00:00Z,destination=NCE&origin=AMS&endRange=2025-10-14T23:59:59Z&startRange=2025-05-15T09:00:00Z,9.0,9.0,100%,860.0,<Response [200]>,,2025-10-25T11:55:29.251760
,,,,,,NCL,,,,,AMS,,,,2025-10-14T23:59:59Z,2025-05-15T09:00:00Z,destination=NCL&origin=AMS&endRange=2025-10-14T23:59:59Z&startRange=2025-05-15T09:00:00Z,9.0,9.0,100%,815.0,<Response [200]>,,2025-10-25T11:55:48.667228
,,,,,,OPO,,,,,AMS,,,,2025-10-14T23:59:59Z,2025-05-15T09:00:00Z,destination=OPO&origin=AMS&endRange=2025-10-14T23:59:59Z&startRange=2025-05-15T09:00:00Z,9.0,9.0,100%,802.0,<Response [200]>,,2025-10-25T11:56:09.008380
,,,,,,ORY,,,,,AGP,,,,2025-10-14T23:59:59Z,2025-05-15T09:00:00Z,destination=ORY&origin=AGP&endRange=2025-10-14T23:59:59Z&startRange=2025-05-15T09:00:00Z,1.0,9.0,11%,877.0,<Response [200]>,,2025-10-25T11:56:17.056108
,,,,,,ORY,,,,,AJA,,,,2025-10-14T23:59:59Z,2025-05-15T09:00:00Z,destination=ORY&origin=AJA&endRange=2025-10-14T23:59:59Z&startRange=2025-05-15T09:00:00Z,1.0,9,11%,850,<Response [200]>,,2025-10-25T12:38:16.631097
,,,,,,ORY,,,,,BIA,,,,2025-10-14T23:59:59Z,2025-05-15T09:00:00Z,destination=ORY&origin=BIA&endRange=2025-10-14T23:59:59Z&startRange=2025-05-15T09:00:00Z,1.0,9,11%,847,<Response [200]>,,2025-10-25T12:38:19.855726
