,departure_icao,destination_icao,callsign,departure_continent,departure_subcontinent,departure_country,departure_iata,departure_country_code,departure_region_name,departure_airport,departure_latitude,departure_longitude,destination_continent,destination_subcontinent,destination_country,destination_iata,destination_country_code,destination_region_name,destination_airport,destination_latitude,destination_longitude
29,BIAR,EGHH,1,Europe,Nordic Region,Iceland,AEY,IS,Nordurland eystra,Akureyri Airport,65.66,-18.0727,Europe,United Kingdom,England,BOH,GB,England,Bournemouth Airport,50.78,-1.8425
33,BIEG,BIKF,2,Europe,Nordic Region,Iceland,EGS,IS,Nordurland eystra,Egilsstaoir Airport,65.2833,-14.4014,Europe,Nordic Region,Iceland,KEF,IS,Sudurnes,Keflavík International Airport,63.985,-22.6056
34,BIEG,ENVA,1,Europe,Nordic Region,Iceland,EGS,IS,Nordurland eystra,Egilsstaoir Airport,65.2833,-14.4014,Europe,Nordic Region,Norway,TRD,NO,Nord-Trondelag,Trondheim Airport,63.4578,10.924
40,BIKF,BIAR,1,Europe,Nordic Region,Iceland,KEF,IS,Sudurnes,Keflavík International Airport,63.985,-22.6056,Europe,Nordic Region,Iceland,AEY,IS,Nordurland eystra,Akureyri Airport,65.66,-18.0727
41,BIKF,BIRK,3,Europe,Nordic Region,Iceland,KEF,IS,Sudurnes,Keflavík International Airport,63.985,-22.6056,Europe,Nordic Region,Iceland,RKV,IS,Hofudborgarsvaedi,Reykjavík Airport,64.13,-21.9406
51,BIKF,EBOS,1,Europe,Nordic Region,Iceland,KEF,IS,Sudurnes,Keflavík International Airport,63.985,-22.6056,Europe,Western Europe,Belgium,OST,BE,West-Vlaanderen,Ostend-Bruges International Airport,51.1989,2.86222
52,BIKF,EDDF,1,Europe,Nordic Region,Iceland,KEF,IS,Sudurnes,Keflavík International Airport,63.985,-22.6056,Europe,Central Europe,Germany,FRA,DE,Hessen,Frankfurt Airport,50.0333,8.57056
53,BIKF,EDDH,2,Europe,Nordic Region,Iceland,KEF,IS,Sudurnes,Keflavík International Airport,63.985,-22.6056,Europe,Central Europe,Germany,HAM,DE,Hamburg,Hamburg Airport,53.6304,9.98823
54,BIKF,EDDL,2,Europe,Nordic Region,Iceland,KEF,IS,Sudurnes,Keflavík International Airport,63.985,-22.6056,Europe,Central Europe,Germany,DUS,DE,Nordrhein-Westfalen,Dusseldorf Airport,51.2895,6.76678
55,BIKF,EDDM,2,Europe,Nordic Region,Iceland,KEF,IS,Sudurnes,Keflavík International Airport,63.985,-22.6056,Europe,Central Europe,Germany,MUC,DE,Bayern,Munich Airport,48.3538,11.7861
56,BIKF,EGCC,1,Europe,Nordic Region,Iceland,KEF,IS,Sudurnes,Keflavík International Airport,63.985,-22.6056,Europe,United Kingdom,England,MAN,GB,England,Manchester Airport,53.3537,-2.27495
57,BIKF,EGGD,1,Europe,Nordic Region,Iceland,KEF,IS,Sudurnes,Keflavík International Airport,63.985,-22.6056,Europe,United Kingdom,England,BRS,GB,England,Bristol Airport,51.3827,-2.71909
58,BIKF,EGGP,2,Europe,Nordic Region,Iceland,KEF,IS,Sudurnes,Keflavík International Airport,63.985,-22.6056,Europe,United Kingdom,England,LPL,GB,England,Liverpool John Lennon Airport,53.3336,-2.84972
59,BIKF,EGGW,1,Europe,Nordic Region,Iceland,KEF,IS,Sudurnes,Keflavík International Airport,63.985,-22.6056,Europe,United Kingdom,England,LTN,GB,England,London Luton Airport,51.8747,-0.368333
60,BIKF,EGNT,1,Europe,Nordic Region,Iceland,KEF,IS,Sudurnes,Keflavík International Airport,63.985,-22.6056,Europe,United Kingdom,England,NCL,GB,England,Newcastle Airport,55.0375,-1.69167
61,BIKF,EGNX,3,Europe,Nordic Region,Iceland,KEF,IS,Sudurnes,Keflavík International Airport,63.985,-22.6056,Europe,United Kingdom,England,EMA,GB,England,East Midlands Airport,52.8311,-1.32806
62,BIKF,EGPF,2,Europe,Nordic Region,Iceland,KEF,IS,Sudurnes,Keflavík International Airport,63.985,-22.6056,Europe,United Kingdom,Scotland,GLA,GB,Scotland,Glasgow Airport,55.8719,-4.43306
63,BIKF,EGPH,1,Europe,Nordic Region,Iceland,KEF,IS,Sudurnes,Keflavík International Airport,63.985,-22.6056,Europe,United Kingdom,Scotland,EDI,GB,Scotland,Edinburgh Airport,55.95,-3.3725
64,BIKF,EGPK,2,Europe,Nordic Region,Iceland,KEF,IS,Sudurnes,Keflavík International Airport,63.985,-22.6056,Europe,United Kingdom,Scotland,PIK,GB,Scotland,Glasgow Prestwick Airport,55.5094,-4.58667
65,BIKF,EHAM,4,Europe,Nordic Region,Iceland,KEF,IS,Sudurnes,Keflavík International Airport,63.985,-22.6056,Europe,Western Europe,Netherlands,AMS,NL,Noord-Holland,Amsterdam Airport Schiphol,52.3086,4.76389
66,BIKF,EHBK,1,Europe,Nordic Region,Iceland,KEF,IS,Sudurnes,Keflavík International Airport,63.985,-22.6056,Europe,Western Europe,Netherlands,MST,NL,Limburg,Maastricht Aachen Airport,50.9117,5.77014
67,BIKF,EIDW,2,Europe,Nordic Region,Iceland,KEF,IS,Sudurnes,Keflavík International Airport,63.985,-22.6056,Europe,Western Europe,Ireland,DUB,IE,Dublin,Dublin Airport,53.4213,-6.27007
68,BIKF,EINN,1,Europe,Nordic Region,Iceland,KEF,IS,Sudurnes,Keflavík International Airport,63.985,-22.6056,Europe,Western Europe,Ireland,SNN,IE,Clare,Shannon Airport,52.702,-8.92482
69,BIKF,EKAH,1,Europe,Nordic Region,Iceland,KEF,IS,Sudurnes,Keflavík International Airport,63.985,-22.6056,Europe,Nordic Region,Denmark,AAR,DK,Midtjylland,Aarhus Airport,56.3,10.619
70,BIKF,EKBI,1,Europe,Nordic Region,Iceland,KEF,IS,Sudurnes,Keflavík International Airport,63.985,-22.6056,Europe,Nordic Region,Denmark,BLL,DK,Syddanmark,Billund Airport,55.7403,9.15178
71,BIKF,EKVG,3,Europe,Nordic Region,Iceland,KEF,IS,Sudurnes,Keflavík International Airport,63.985,-22.6056,Europe,Nordic Region,Faroe Islands,FAE,FK,Falkland Islands (Malvinas),Vagar Airport,62.0636,-7.27722
72,BIKF,ENTC,1,Europe,Nordic Region,Iceland,KEF,IS,Sudurnes,Keflavík International Airport,63.985,-22.6056,Europe,Nordic Region,Norway,TOS,NO,Troms,Tromse Airport,69.6833,18.9189
73,BIKF,ENZV,1,Europe,Nordic Region,Iceland,KEF,IS,Sudurnes,Keflavík International Airport,63.985,-22.6056,Europe,Nordic Region,Norway,SVG,NO,Rogaland,Stavanger Airport,58.8767,5.63778
74,BIKF,EPWA,2,Europe,Nordic Region,Iceland,KEF,IS,Sudurnes,Keflavík International Airport,63.985,-22.6056,Europe,Central Europe,Poland,WAW,PL,Mazowieckie,Warsaw Chopin Airport,52.1657,20.9671
75,BIKF,ESSA,1,Europe,Nordic Region,Iceland,KEF,IS,Sudurnes,Keflavík International Airport,63.985,-22.6056,Europe,Nordic Region,Sweden,ARN,SE,Stockholms lan,Stockholm Arlanda Airport,59.6519,17.9186
76,BIKF,EVRA,2,Europe,Nordic Region,Iceland,KEF,IS,Sudurnes,Keflavík International Airport,63.985,-22.6056,Europe,Nordic Region,Latvia,RIX,LV,Riga,Riga International Airport,56.9236,23.9711
77,BIKF,EYVI,1,Europe,Nordic Region,Iceland,KEF,IS,Sudurnes,Keflavík International Airport,63.985,-22.6056,Europe,Nordic Region,Lithuania,VNO,LT,-,Vilnius Airport,54.6341,25.2858
116,BIKF,LBSF,1,Europe,Nordic Region,Iceland,KEF,IS,Sudurnes,Keflavík International Airport,63.985,-22.6056,Europe,Eastern Europe,Bulgaria,SOF,BG,Sofia,Sofia Airport,42.6967,23.4114
117,BIKF,LDDU,1,Europe,Nordic Region,Iceland,KEF,IS,Sudurnes,Keflavík International Airport,63.985,-22.6056,Europe,Southern Europe,Croatia,DBV,HR,Dubrovacko-neretvanska zupanija,Dubrovnik Airport,42.5614,18.2682
118,BIKF,LDRI,1,Europe,Nordic Region,Iceland,KEF,IS,Sudurnes,Keflavík International Airport,63.985,-22.6056,Europe,Southern Europe,Croatia,RJK,HR,Primorsko-goranska zupanija,Rijeka Airport,45.2169,14.5703
119,BIKF,LEMD,1,Europe,Nordic Region,Iceland,KEF,IS,Sudurnes,Keflavík International Airport,63.985,-22.6056,Europe,Southern Europe,Spain,MAD,ES,"Madrid, Comunidad de",Adolfo Suarez Madrid-Barajas Airport,40.4719,-3.56264
120,BIKF,LEPA,1,Europe,Nordic Region,Iceland,KEF,IS,Sudurnes,Keflavík International Airport,63.985,-22.6056,Europe,Southern Europe,Spain,PMI,ES,Illes Balears,Palma de Mallorca Airport,39.5517,2.73881
121,BIKF,LFBZ,1,Europe,Nordic Region,Iceland,KEF,IS,Sudurnes,Keflavík International Airport,63.985,-22.6056,Europe,Western Europe,France,BIQ,FR,Nouvelle-Aquitaine,Biarritz Pays Basque Airport,43.4683,-1.53111
122,BIKF,LFKF,2,Europe,Nordic Region,Iceland,KEF,IS,Sudurnes,Keflavík International Airport,63.985,-22.6056,Europe,Western Europe,France,FSC,FR,Corse,Figari-Sud Corse Airport,41.5006,9.09778
123,BIKF,LFMN,1,Europe,Nordic Region,Iceland,KEF,IS,Sudurnes,Keflavík International Airport,63.985,-22.6056,Europe,Western Europe,France,NCE,FR,Provence-Alpes-Cote-d'Azur,Nice Cote d'Azur Airport,43.6584,7.21587
124,BIKF,LFTH,1,Europe,Nordic Region,Iceland,KEF,IS,Sudurnes,Keflavík International Airport,63.985,-22.6056,Europe,Western Europe,France,TLN,FR,Provence-Alpes-Cote-d'Azur,Toulon-Hyeres Airport (Hyeres Le Palyvestre Airport),43.0973,6.14603
125,BIKF,LHBP,1,Europe,Nordic Region,Iceland,KEF,IS,Sudurnes,Keflavík International Airport,63.985,-22.6056,Europe,Central Europe,Hungary,BUD,HU,Budapest,Budapest Ferenc Liszt International Airport,47.4298,19.2611
126,BIKF,LIPR,1,Europe,Nordic Region,Iceland,KEF,IS,Sudurnes,Keflavík International Airport,63.985,-22.6056,Europe,Southern Europe,Italy,RMI,IT,Emilia-Romagna,Federico Fellini International Airport,44.0203,12.6117
127,BIKF,LIPX,1,Europe,Nordic Region,Iceland,KEF,IS,Sudurnes,Keflavík International Airport,63.985,-22.6056,Europe,Southern Europe,Italy,VRN,IT,Veneto,Verona Villafranca Airport,45.3957,10.8885
128,BIKF,LIRF,1,Europe,Nordic Region,Iceland,KEF,IS,Sudurnes,Keflavík International Airport,63.985,-22.6056,Europe,Southern Europe,Italy,FCO,IT,Lazio,Rome–Fiumicino International Airport,41.8003,12.2389
129,BIKF,LIRI,1,Europe,Nordic Region,Iceland,KEF,IS,Sudurnes,Keflavík International Airport,63.985,-22.6056,Europe,Southern Europe,Italy,QSR,IT,Campania,Salerno Costa d'Amalfi Airport (Pontecagnano Airport),40.6204,14.9113
130,BIKF,LIRP,1,Europe,Nordic Region,Iceland,KEF,IS,Sudurnes,Keflavík International Airport,63.985,-22.6056,Europe,Southern Europe,Italy,PSA,IT,Toscana,Pisa International Airport (Galileo Galilei Airport),43.6839,10.3927
131,BIKF,LKPR,5,Europe,Nordic Region,Iceland,KEF,IS,Sudurnes,Keflavík International Airport,63.985,-22.6056,Europe,Central Europe,Czech Republic,PRG,CZ,Stredocesky kraj,Vaclav Havel Airport Prague,50.1008,14.26
132,BIKF,LOWW,3,Europe,Nordic Region,Iceland,KEF,IS,Sudurnes,Keflavík International Airport,63.985,-22.6056,Europe,Central Europe,Austria,VIE,AT,Niederosterreich,Vienna International Airport,48.1103,16.5697
133,BIKF,LPPT,1,Europe,Nordic Region,Iceland,KEF,IS,Sudurnes,Keflavík International Airport,63.985,-22.6056,Europe,Southern Europe,Portugal,LIS,PT,Lisboa,Lisbon Portela Airport,38.7813,-9.13592
134,BIKF,LRBC,1,Europe,Nordic Region,Iceland,KEF,IS,Sudurnes,Keflavík International Airport,63.985,-22.6056,Europe,Eastern Europe,Romania,BCM,RO,Bacau,Bacau International Airport,46.5219,26.9103
135,BIKF,LSZB,1,Europe,Nordic Region,Iceland,KEF,IS,Sudurnes,Keflavík International Airport,63.985,-22.6056,Europe,Central Europe,Switzerland,BRN,CH,Bern,Bern Airport,46.9141,7.49715
142,BIRK,BIAR,1,Europe,Nordic Region,Iceland,RKV,IS,Hofudborgarsvaedi,Reykjavík Airport,64.13,-21.9406,Europe,Nordic Region,Iceland,AEY,IS,Nordurland eystra,Akureyri Airport,65.66,-18.0727
143,BIRK,BIEG,2,Europe,Nordic Region,Iceland,RKV,IS,Hofudborgarsvaedi,Reykjavík Airport,64.13,-21.9406,Europe,Nordic Region,Iceland,EGS,IS,Nordurland eystra,Egilsstaoir Airport,65.2833,-14.4014
144,BIRK,BIKF,2,Europe,Nordic Region,Iceland,RKV,IS,Hofudborgarsvaedi,Reykjavík Airport,64.13,-21.9406,Europe,Nordic Region,Iceland,KEF,IS,Sudurnes,Keflavík International Airport,63.985,-22.6056
145,BIRK,BIRK,1,Europe,Nordic Region,Iceland,RKV,IS,Hofudborgarsvaedi,Reykjavík Airport,64.13,-21.9406,Europe,Nordic Region,Iceland,RKV,IS,Hofudborgarsvaedi,Reykjavík Airport,64.13,-21.9406
150,BIRK,EBOS,1,Europe,Nordic Region,Iceland,RKV,IS,Hofudborgarsvaedi,Reykjavík Airport,64.13,-21.9406,Europe,Western Europe,Belgium,OST,BE,West-Vlaanderen,Ostend-Bruges International Airport,51.1989,2.86222
151,BIRK,EGPK,1,Europe,Nordic Region,Iceland,RKV,IS,Hofudborgarsvaedi,Reykjavík Airport,64.13,-21.9406,Europe,United Kingdom,Scotland,PIK,GB,Scotland,Glasgow Prestwick Airport,55.5094,-4.58667
152,BIRK,EGSS,1,Europe,Nordic Region,Iceland,RKV,IS,Hofudborgarsvaedi,Reykjavík Airport,64.13,-21.9406,Europe,United Kingdom,England,STN,GB,England,London Stansted Airport,51.885,0.235
153,BIRK,ENBR,1,Europe,Nordic Region,Iceland,RKV,IS,Hofudborgarsvaedi,Reykjavík Airport,64.13,-21.9406,Europe,Nordic Region,Norway,BGO,NO,Hordaland,Bergen Airport,60.2934,5.21814
154,BIRK,ENCN,1,Europe,Nordic Region,Iceland,RKV,IS,Hofudborgarsvaedi,Reykjavík Airport,64.13,-21.9406,Europe,Nordic Region,Norway,KRS,NO,Vest-Agder,Kristiansand Airport,58.2042,8.08537
164,BIRK,LIRA,1,Europe,Nordic Region,Iceland,RKV,IS,Hofudborgarsvaedi,Reykjavík Airport,64.13,-21.9406,Europe,Southern Europe,Italy,CIA,IT,Lazio,Rome-Ciampino International Airport,41.7991,12.5929
165,BIRK,LPPT,1,Europe,Nordic Region,Iceland,RKV,IS,Hofudborgarsvaedi,Reykjavík Airport,64.13,-21.9406,Europe,Southern Europe,Portugal,LIS,PT,Lisboa,Lisbon Portela Airport,38.7813,-9.13592
166,BIRK,LSZR,1,Europe,Nordic Region,Iceland,RKV,IS,Hofudborgarsvaedi,Reykjavík Airport,64.13,-21.9406,Europe,Central Europe,Switzerland,ACH,CH,Sankt Gallen,St. Gallen-Altenrhein Airport,47.485,9.56077
167,BKPR,EDDL,1,Europe,Eastern Europe,Kosovo,PRN,XK,Pristina,Pristina Adem Jashari Airport,42.5745,21.0294,Europe,Central Europe,Germany,DUS,DE,Nordrhein-Westfalen,Dusseldorf Airport,51.2895,6.76678
169,BKPR,LEMD,1,Europe,Eastern Europe,Kosovo,PRN,XK,Pristina,Pristina Adem Jashari Airport,42.5745,21.0294,Europe,Southern Europe,Spain,MAD,ES,"Madrid, Comunidad de",Adolfo Suarez Madrid-Barajas Airport,40.4719,-3.56264
170,BKPR,LIRP,1,Europe,Eastern Europe,Kosovo,PRN,XK,Pristina,Pristina Adem Jashari Airport,42.5745,21.0294,Europe,Southern Europe,Italy,PSA,IT,Toscana,Pisa International Airport (Galileo Galilei Airport),43.6839,10.3927
171,BKPR,LSZB,2,Europe,Eastern Europe,Kosovo,PRN,XK,Pristina,Pristina Adem Jashari Airport,42.5745,21.0294,Europe,Central Europe,Switzerland,BRN,CH,Bern,Bern Airport,46.9141,7.49715
172,BKPR,LSZH,2,Europe,Eastern Europe,Kosovo,PRN,XK,Pristina,Pristina Adem Jashari Airport,42.5745,21.0294,Europe,Central Europe,Switzerland,ZRH,CH,Zurich,Zurich Airport,47.4647,8.54917
459,EBAW,EGPF,1,Europe,Western Europe,Belgium,ANR,BE,Antwerpen,Antwerp International Airport,51.1894,4.46028,Europe,United Kingdom,Scotland,GLA,GB,Scotland,Glasgow Airport,55.8719,-4.43306
460,EBAW,GCTS,1,Europe,Western Europe,Belgium,ANR,BE,Antwerpen,Antwerp International Airport,51.1894,4.46028,Europe,Southern Europe,Spain,TFS,ES,Canarias,Tenerife South Airport,28.046,-16.5728
461,EBAW,LSZB,1,Europe,Western Europe,Belgium,ANR,BE,Antwerpen,Antwerp International Airport,51.1894,4.46028,Europe,Central Europe,Switzerland,BRN,CH,Bern,Bern Airport,46.9141,7.49715
462,EBAW,LSZH,1,Europe,Western Europe,Belgium,ANR,BE,Antwerpen,Antwerp International Airport,51.1894,4.46028,Europe,Central Europe,Switzerland,ZRH,CH,Zurich,Zurich Airport,47.4647,8.54917
463,EBBR,BIKF,1,Europe,Western Europe,Belgium,BRU,BE,Brussels Hoofdstedelijk Gewest,Brussels Airport (Zaventem Airport),50.9014,4.48444,Europe,Nordic Region,Iceland,KEF,IS,Sudurnes,Keflavík International Airport,63.985,-22.6056
471,EBBR,EDDB,5,Europe,Western Europe,Belgium,BRU,BE,Brussels Hoofdstedelijk Gewest,Brussels Airport (Zaventem Airport),50.9014,4.48444,Europe,Central Europe,Germany,BER,DE,Brandenburg,Berlin Brandenburg Airport,52.3514,13.4939
472,EBBR,EDDF,2,Europe,Western Europe,Belgium,BRU,BE,Brussels Hoofdstedelijk Gewest,Brussels Airport (Zaventem Airport),50.9014,4.48444,Europe,Central Europe,Germany,FRA,DE,Hessen,Frankfurt Airport,50.0333,8.57056
473,EBBR,EDDM,2,Europe,Western Europe,Belgium,BRU,BE,Brussels Hoofdstedelijk Gewest,Brussels Airport (Zaventem Airport),50.9014,4.48444,Europe,Central Europe,Germany,MUC,DE,Bayern,Munich Airport,48.3538,11.7861
474,EBBR,EDDP,1,Europe,Western Europe,Belgium,BRU,BE,Brussels Hoofdstedelijk Gewest,Brussels Airport (Zaventem Airport),50.9014,4.48444,Europe,Central Europe,Germany,LEJ,DE,Sachsen,Leipzig/Halle Airport,51.4239,12.2364
475,EBBR,EFHK,2,Europe,Western Europe,Belgium,BRU,BE,Brussels Hoofdstedelijk Gewest,Brussels Airport (Zaventem Airport),50.9014,4.48444,Europe,Nordic Region,Finland,HEL,FI,Uusimaa,Helsinki Airport (Helsinki-Vantaa Airport),60.3172,24.9633
476,EBBR,EGCC,2,Europe,Western Europe,Belgium,BRU,BE,Brussels Hoofdstedelijk Gewest,Brussels Airport (Zaventem Airport),50.9014,4.48444,Europe,United Kingdom,England,MAN,GB,England,Manchester Airport,53.3537,-2.27495
477,EBBR,EIDW,1,Europe,Western Europe,Belgium,BRU,BE,Brussels Hoofdstedelijk Gewest,Brussels Airport (Zaventem Airport),50.9014,4.48444,Europe,Western Europe,Ireland,DUB,IE,Dublin,Dublin Airport,53.4213,-6.27007
478,EBBR,EKCH,3,Europe,Western Europe,Belgium,BRU,BE,Brussels Hoofdstedelijk Gewest,Brussels Airport (Zaventem Airport),50.9014,4.48444,Europe,Nordic Region,Denmark,CPH,DK,Hovedstaden,Copenhagen Airport,55.6179,12.656
479,EBBR,EKVG,1,Europe,Western Europe,Belgium,BRU,BE,Brussels Hoofdstedelijk Gewest,Brussels Airport (Zaventem Airport),50.9014,4.48444,Europe,Nordic Region,Faroe Islands,FAE,FK,Falkland Islands (Malvinas),Vagar Airport,62.0636,-7.27722
480,EBBR,EPWA,1,Europe,Western Europe,Belgium,BRU,BE,Brussels Hoofdstedelijk Gewest,Brussels Airport (Zaventem Airport),50.9014,4.48444,Europe,Central Europe,Poland,WAW,PL,Mazowieckie,Warsaw Chopin Airport,52.1657,20.9671
481,EBBR,ESGG,1,Europe,Western Europe,Belgium,BRU,BE,Brussels Hoofdstedelijk Gewest,Brussels Airport (Zaventem Airport),50.9014,4.48444,Europe,Nordic Region,Sweden,GOT,SE,Vastra Gotalands lan,Goteborg Landvetter Airport,57.6628,12.2798
482,EBBR,ESSA,1,Europe,Western Europe,Belgium,BRU,BE,Brussels Hoofdstedelijk Gewest,Brussels Airport (Zaventem Airport),50.9014,4.48444,Europe,Nordic Region,Sweden,ARN,SE,Stockholms lan,Stockholm Arlanda Airport,59.6519,17.9186
483,EBBR,EVRA,1,Europe,Western Europe,Belgium,BRU,BE,Brussels Hoofdstedelijk Gewest,Brussels Airport (Zaventem Airport),50.9014,4.48444,Europe,Nordic Region,Latvia,RIX,LV,Riga,Riga International Airport,56.9236,23.9711
487,EBBR,GCRR,2,Europe,Western Europe,Belgium,BRU,BE,Brussels Hoofdstedelijk Gewest,Brussels Airport (Zaventem Airport),50.9014,4.48444,Europe,Southern Europe,Spain,ACE,ES,Canarias,Lanzarote Airport,28.9455,-13.6052
500,EBBR,LDZD,1,Europe,Western Europe,Belgium,BRU,BE,Brussels Hoofdstedelijk Gewest,Brussels Airport (Zaventem Airport),50.9014,4.48444,Europe,Southern Europe,Croatia,ZAD,HR,Zadarska zupanija,Zadar Airport,44.1083,15.3467
501,EBBR,LEAL,1,Europe,Western Europe,Belgium,BRU,BE,Brussels Hoofdstedelijk Gewest,Brussels Airport (Zaventem Airport),50.9014,4.48444,Europe,Southern Europe,Spain,ALC,ES,"Valenciana, Comunidad",Alicante-Elche Airport,38.2822,-0.558156
502,EBBR,LEIB,1,Europe,Western Europe,Belgium,BRU,BE,Brussels Hoofdstedelijk Gewest,Brussels Airport (Zaventem Airport),50.9014,4.48444,Europe,Southern Europe,Spain,IBZ,ES,Illes Balears,Ibiza Airport,38.8729,1.37312
503,EBBR,LEMG,2,Europe,Western Europe,Belgium,BRU,BE,Brussels Hoofdstedelijk Gewest,Brussels Airport (Zaventem Airport),50.9014,4.48444,Europe,Southern Europe,Spain,AGP,ES,Andalucia,Malaga Airport,36.6749,-4.49911
504,EBBR,LEPA,3,Europe,Western Europe,Belgium,BRU,BE,Brussels Hoofdstedelijk Gewest,Brussels Airport (Zaventem Airport),50.9014,4.48444,Europe,Southern Europe,Spain,PMI,ES,Illes Balears,Palma de Mallorca Airport,39.5517,2.73881
505,EBBR,LERS,1,Europe,Western Europe,Belgium,BRU,BE,Brussels Hoofdstedelijk Gewest,Brussels Airport (Zaventem Airport),50.9014,4.48444,Europe,Southern Europe,Spain,REU,ES,Catalunya,Reus Airport,41.1474,1.16717
506,EBBR,LEVC,1,Europe,Western Europe,Belgium,BRU,BE,Brussels Hoofdstedelijk Gewest,Brussels Airport (Zaventem Airport),50.9014,4.48444,Europe,Southern Europe,Spain,VLC,ES,"Valenciana, Comunidad",Valencia Airport,39.4893,-0.481625
507,EBBR,LFBO,2,Europe,Western Europe,Belgium,BRU,BE,Brussels Hoofdstedelijk Gewest,Brussels Airport (Zaventem Airport),50.9014,4.48444,Europe,Western Europe,France,TLS,FR,Occitanie,Toulouse-Blagnac Airport,43.6291,1.36382
508,EBBR,LFML,1,Europe,Western Europe,Belgium,BRU,BE,Brussels Hoofdstedelijk Gewest,Brussels Airport (Zaventem Airport),50.9014,4.48444,Europe,Western Europe,France,MRS,FR,Provence-Alpes-Cote-d'Azur,Marseille Provence Airport,43.4393,5.22142
509,EBBR,LFMN,1,Europe,Western Europe,Belgium,BRU,BE,Brussels Hoofdstedelijk Gewest,Brussels Airport (Zaventem Airport),50.9014,4.48444,Europe,Western Europe,France,NCE,FR,Provence-Alpes-Cote-d'Azur,Nice Cote d'Azur Airport,43.6584,7.21587
510,EBBR,LFPG,1,Europe,Western Europe,Belgium,BRU,BE,Brussels Hoofdstedelijk Gewest,Brussels Airport (Zaventem Airport),50.9014,4.48444,Europe,Western Europe,France,CDG,FR,Ile-de-France,Paris Charles de Gaulle Airport,49.0097,2.54778
511,EBBR,LFPO,2,Europe,Western Europe,Belgium,BRU,BE,Brussels Hoofdstedelijk Gewest,Brussels Airport (Zaventem Airport),50.9014,4.48444,Europe,Western Europe,France,ORY,FR,Ile-de-France,Aéroport de Paris-Orly,48.7231,2.35944
512,EBBR,LFTH,1,Europe,Western Europe,Belgium,BRU,BE,Brussels Hoofdstedelijk Gewest,Brussels Airport (Zaventem Airport),50.9014,4.48444,Europe,Western Europe,France,TLN,FR,Provence-Alpes-Cote-d'Azur,Toulon-Hyeres Airport (Hyeres Le Palyvestre Airport),43.0973,6.14603
513,EBBR,LGAV,3,Europe,Western Europe,Belgium,BRU,BE,Brussels Hoofdstedelijk Gewest,Brussels Airport (Zaventem Airport),50.9014,4.48444,Europe,Southern Europe,Greece,ATH,GR,Attiki,Athens International Airport (Eleftherios Venizelos Airport),37.9364,23.9445
514,EBBR,LGIR,1,Europe,Western Europe,Belgium,BRU,BE,Brussels Hoofdstedelijk Gewest,Brussels Airport (Zaventem Airport),50.9014,4.48444,Europe,Southern Europe,Greece,HER,GR,Kriti,Heraklion International Airport (Nikos Kazantzakis Airport),35.3397,25.1803
515,EBBR,LGKO,1,Europe,Western Europe,Belgium,BRU,BE,Brussels Hoofdstedelijk Gewest,Brussels Airport (Zaventem Airport),50.9014,4.48444,Europe,Southern Europe,Greece,KGS,GR,Notio Aigaio,Kos Island International Airport,36.7933,27.0917
516,EBBR,LGSM,1,Europe,Western Europe,Belgium,BRU,BE,Brussels Hoofdstedelijk Gewest,Brussels Airport (Zaventem Airport),50.9014,4.48444,Europe,Southern Europe,Greece,SMI,GR,Voreio Aigaio,Samos International Airport,37.69,26.9117
517,EBBR,LHBP,2,Europe,Western Europe,Belgium,BRU,BE,Brussels Hoofdstedelijk Gewest,Brussels Airport (Zaventem Airport),50.9014,4.48444,Europe,Central Europe,Hungary,BUD,HU,Budapest,Budapest Ferenc Liszt International Airport,47.4298,19.2611
518,EBBR,LIML,2,Europe,Western Europe,Belgium,BRU,BE,Brussels Hoofdstedelijk Gewest,Brussels Airport (Zaventem Airport),50.9014,4.48444,Europe,Southern Europe,Italy,LIN,IT,Lombardia,Milan-Linate Airport,45.4494,9.2783
519,EBBR,LIRF,1,Europe,Western Europe,Belgium,BRU,BE,Brussels Hoofdstedelijk Gewest,Brussels Airport (Zaventem Airport),50.9014,4.48444,Europe,Southern Europe,Italy,FCO,IT,Lazio,Rome–Fiumicino International Airport,41.8003,12.2389
520,EBBR,LIRQ,1,Europe,Western Europe,Belgium,BRU,BE,Brussels Hoofdstedelijk Gewest,Brussels Airport (Zaventem Airport),50.9014,4.48444,Europe,Southern Europe,Italy,FLR,IT,Toscana,Florence Airport,43.81,11.2051
521,EBBR,LOWW,2,Europe,Western Europe,Belgium,BRU,BE,Brussels Hoofdstedelijk Gewest,Brussels Airport (Zaventem Airport),50.9014,4.48444,Europe,Central Europe,Austria,VIE,AT,Niederosterreich,Vienna International Airport,48.1103,16.5697
522,EBBR,LPFR,2,Europe,Western Europe,Belgium,BRU,BE,Brussels Hoofdstedelijk Gewest,Brussels Airport (Zaventem Airport),50.9014,4.48444,Europe,Southern Europe,Portugal,FAO,PT,Faro,Faro Airport,37.0144,-7.96591
523,EBBR,LSGG,5,Europe,Western Europe,Belgium,BRU,BE,Brussels Hoofdstedelijk Gewest,Brussels Airport (Zaventem Airport),50.9014,4.48444,Europe,Central Europe,Switzerland,GVA,CH,Geneve,Geneva Airport,46.2381,6.10895
524,EBBR,LSZH,1,Europe,Western Europe,Belgium,BRU,BE,Brussels Hoofdstedelijk Gewest,Brussels Airport (Zaventem Airport),50.9014,4.48444,Europe,Central Europe,Switzerland,ZRH,CH,Zurich,Zurich Airport,47.4647,8.54917
526,EBBR,LYBE,1,Europe,Western Europe,Belgium,BRU,BE,Brussels Hoofdstedelijk Gewest,Brussels Airport (Zaventem Airport),50.9014,4.48444,Europe,Eastern Europe,Serbia,BEG,RS,Beograd,Belgrade Nikola Tesla Airport,44.8184,20.3091
527,EBBR,LYTV,1,Europe,Western Europe,Belgium,BRU,BE,Brussels Hoofdstedelijk Gewest,Brussels Airport (Zaventem Airport),50.9014,4.48444,Europe,Eastern Europe,Montenegro,TIV,ME,Tivat,Tivat Airport,42.4047,18.7233
535,EBCI,EPWA,1,Europe,Western Europe,Belgium,CRL,BE,Hainaut,Brussels South Charleroi Airport,50.4592,4.45382,Europe,Central Europe,Poland,WAW,PL,Mazowieckie,Warsaw Chopin Airport,52.1657,20.9671
536,EBCI,EVRA,1,Europe,Western Europe,Belgium,CRL,BE,Hainaut,Brussels South Charleroi Airport,50.4592,4.45382,Europe,Nordic Region,Latvia,RIX,LV,Riga,Riga International Airport,56.9236,23.9711
539,EBCI,LEAM,1,Europe,Western Europe,Belgium,CRL,BE,Hainaut,Brussels South Charleroi Airport,50.4592,4.45382,Europe,Southern Europe,Spain,LEI,ES,Andalucia,Almeria Airport,36.8439,-2.3701
540,EBCI,LECH,1,Europe,Western Europe,Belgium,CRL,BE,Hainaut,Brussels South Charleroi Airport,50.4592,4.45382,Europe,Southern Europe,Spain,CDT,ES,"Valenciana, Comunidad",Castellon-Costa Azahar Airport,40.2139,0.073333
541,EBCI,LFML,1,Europe,Western Europe,Belgium,CRL,BE,Hainaut,Brussels South Charleroi Airport,50.4592,4.45382,Europe,Western Europe,France,MRS,FR,Provence-Alpes-Cote-d'Azur,Marseille Provence Airport,43.4393,5.22142
542,EBCI,LFTW,4,Europe,Western Europe,Belgium,CRL,BE,Hainaut,Brussels South Charleroi Airport,50.4592,4.45382,Europe,Western Europe,France,FNI,FR,Occitanie,Nimes-Ales-Camargue-Cevennes Airport (Garons Airport),43.7574,4.41635
543,EBCI,LIRA,1,Europe,Western Europe,Belgium,CRL,BE,Hainaut,Brussels South Charleroi Airport,50.4592,4.45382,Europe,Southern Europe,Italy,CIA,IT,Lazio,Rome-Ciampino International Airport,41.7991,12.5929
544,EBCI,LQBK,1,Europe,Western Europe,Belgium,CRL,BE,Hainaut,Brussels South Charleroi Airport,50.4592,4.45382,Europe,Eastern Europe,Bosnia and Herzegovina,BNX,BA,Republika Srpska,Banja Luka International Airport,44.9414,17.2975
550,EBLG,EKCH,1,Europe,Western Europe,Belgium,LGG,BE,Liege,Liege Airport,50.6374,5.44322,Europe,Nordic Region,Denmark,CPH,DK,Hovedstaden,Copenhagen Airport,55.6179,12.656
565,EBLG,LGAV,1,Europe,Western Europe,Belgium,LGG,BE,Liege,Liege Airport,50.6374,5.44322,Europe,Southern Europe,Greece,ATH,GR,Attiki,Athens International Airport (Eleftherios Venizelos Airport),37.9364,23.9445
566,EBLG,LSZH,1,Europe,Western Europe,Belgium,LGG,BE,Liege,Liege Airport,50.6374,5.44322,Europe,Central Europe,Switzerland,ZRH,CH,Zurich,Zurich Airport,47.4647,8.54917
572,EBOS,EGSS,1,Europe,Western Europe,Belgium,OST,BE,West-Vlaanderen,Ostend-Bruges International Airport,51.1989,2.86222,Europe,United Kingdom,England,STN,GB,England,London Stansted Airport,51.885,0.235
573,EBOS,GCLP,1,Europe,Western Europe,Belgium,OST,BE,West-Vlaanderen,Ostend-Bruges International Airport,51.1989,2.86222,Europe,Southern Europe,Spain,LPA,ES,Canarias,Gran Canaria Airport,27.9319,-15.3866
580,EDDB,EBBR,4,Europe,Central Europe,Germany,BER,DE,Brandenburg,Berlin Brandenburg Airport,52.3514,13.4939,Europe,Western Europe,Belgium,BRU,BE,Brussels Hoofdstedelijk Gewest,Brussels Airport (Zaventem Airport),50.9014,4.48444
581,EDDB,EDDF,2,Europe,Central Europe,Germany,BER,DE,Brandenburg,Berlin Brandenburg Airport,52.3514,13.4939,Europe,Central Europe,Germany,FRA,DE,Hessen,Frankfurt Airport,50.0333,8.57056
582,EDDB,EDDK,2,Europe,Central Europe,Germany,BER,DE,Brandenburg,Berlin Brandenburg Airport,52.3514,13.4939,Europe,Central Europe,Germany,CGN,DE,Nordrhein-Westfalen,Cologne Bonn Airport,50.8659,7.14274
583,EDDB,EDDL,1,Europe,Central Europe,Germany,BER,DE,Brandenburg,Berlin Brandenburg Airport,52.3514,13.4939,Europe,Central Europe,Germany,DUS,DE,Nordrhein-Westfalen,Dusseldorf Airport,51.2895,6.76678
584,EDDB,EDDM,3,Europe,Central Europe,Germany,BER,DE,Brandenburg,Berlin Brandenburg Airport,52.3514,13.4939,Europe,Central Europe,Germany,MUC,DE,Bayern,Munich Airport,48.3538,11.7861
585,EDDB,EDDS,1,Europe,Central Europe,Germany,BER,DE,Brandenburg,Berlin Brandenburg Airport,52.3514,13.4939,Europe,Central Europe,Germany,STR,DE,Baden-Wurttemberg,Stuttgart Airport,48.6899,9.22196
586,EDDB,EFHK,1,Europe,Central Europe,Germany,BER,DE,Brandenburg,Berlin Brandenburg Airport,52.3514,13.4939,Europe,Nordic Region,Finland,HEL,FI,Uusimaa,Helsinki Airport (Helsinki-Vantaa Airport),60.3172,24.9633
587,EDDB,EGGD,1,Europe,Central Europe,Germany,BER,DE,Brandenburg,Berlin Brandenburg Airport,52.3514,13.4939,Europe,United Kingdom,England,BRS,GB,England,Bristol Airport,51.3827,-2.71909
588,EDDB,EGGW,2,Europe,Central Europe,Germany,BER,DE,Brandenburg,Berlin Brandenburg Airport,52.3514,13.4939,Europe,United Kingdom,England,LTN,GB,England,London Luton Airport,51.8747,-0.368333
589,EDDB,EGLC,1,Europe,Central Europe,Germany,BER,DE,Brandenburg,Berlin Brandenburg Airport,52.3514,13.4939,Europe,United Kingdom,England,LCY,GB,England,London City Airport,51.5053,0.055278
590,EDDB,EGLL,1,Europe,Central Europe,Germany,BER,DE,Brandenburg,Berlin Brandenburg Airport,52.3514,13.4939,Europe,United Kingdom,England,LHR,GB,England,Heathrow Airport,51.4775,-0.461389
591,EDDB,EGNT,1,Europe,Central Europe,Germany,BER,DE,Brandenburg,Berlin Brandenburg Airport,52.3514,13.4939,Europe,United Kingdom,England,NCL,GB,England,Newcastle Airport,55.0375,-1.69167
592,EDDB,EGPE,1,Europe,Central Europe,Germany,BER,DE,Brandenburg,Berlin Brandenburg Airport,52.3514,13.4939,Europe,United Kingdom,Scotland,INV,GB,Scotland,Inverness Airport,57.5425,-4.0475
593,EDDB,EKCH,2,Europe,Central Europe,Germany,BER,DE,Brandenburg,Berlin Brandenburg Airport,52.3514,13.4939,Europe,Nordic Region,Denmark,CPH,DK,Hovedstaden,Copenhagen Airport,55.6179,12.656
594,EDDB,ENGM,1,Europe,Central Europe,Germany,BER,DE,Brandenburg,Berlin Brandenburg Airport,52.3514,13.4939,Europe,Nordic Region,Norway,OSL,NO,Akershus,Oslo Airport,60.1939,11.1004
609,EDDB,LBWN,1,Europe,Central Europe,Germany,BER,DE,Brandenburg,Berlin Brandenburg Airport,52.3514,13.4939,Europe,Eastern Europe,Bulgaria,VAR,BG,Varna,Varna Airport,43.2321,27.8251
610,EDDB,LEPA,4,Europe,Central Europe,Germany,BER,DE,Brandenburg,Berlin Brandenburg Airport,52.3514,13.4939,Europe,Southern Europe,Spain,PMI,ES,Illes Balears,Palma de Mallorca Airport,39.5517,2.73881
611,EDDB,LEVC,1,Europe,Central Europe,Germany,BER,DE,Brandenburg,Berlin Brandenburg Airport,52.3514,13.4939,Europe,Southern Europe,Spain,VLC,ES,"Valenciana, Comunidad",Valencia Airport,39.4893,-0.481625
612,EDDB,LFMN,1,Europe,Central Europe,Germany,BER,DE,Brandenburg,Berlin Brandenburg Airport,52.3514,13.4939,Europe,Western Europe,France,NCE,FR,Provence-Alpes-Cote-d'Azur,Nice Cote d'Azur Airport,43.6584,7.21587
613,EDDB,LFPG,2,Europe,Central Europe,Germany,BER,DE,Brandenburg,Berlin Brandenburg Airport,52.3514,13.4939,Europe,Western Europe,France,CDG,FR,Ile-de-France,Paris Charles de Gaulle Airport,49.0097,2.54778
614,EDDB,LFPO,2,Europe,Central Europe,Germany,BER,DE,Brandenburg,Berlin Brandenburg Airport,52.3514,13.4939,Europe,Western Europe,France,ORY,FR,Ile-de-France,Aéroport de Paris-Orly,48.7231,2.35944
615,EDDB,LGKR,1,Europe,Central Europe,Germany,BER,DE,Brandenburg,Berlin Brandenburg Airport,52.3514,13.4939,Europe,Southern Europe,Greece,CFU,GR,Ionia Nisia,Corfu International Airport (Ioannis Kapodistrias Int'l Airport),39.6019,19.9117
616,EDDB,LIML,1,Europe,Central Europe,Germany,BER,DE,Brandenburg,Berlin Brandenburg Airport,52.3514,13.4939,Europe,Southern Europe,Italy,LIN,IT,Lombardia,Milan-Linate Airport,45.4494,9.2783
617,EDDB,LIRI,1,Europe,Central Europe,Germany,BER,DE,Brandenburg,Berlin Brandenburg Airport,52.3514,13.4939,Europe,Southern Europe,Italy,QSR,IT,Campania,Salerno Costa d'Amalfi Airport (Pontecagnano Airport),40.6204,14.9113
618,EDDB,LOWG,1,Europe,Central Europe,Germany,BER,DE,Brandenburg,Berlin Brandenburg Airport,52.3514,13.4939,Europe,Central Europe,Austria,GRZ,AT,Steiermark,Graz Airport,46.9911,15.4396
619,EDDB,LPFR,1,Europe,Central Europe,Germany,BER,DE,Brandenburg,Berlin Brandenburg Airport,52.3514,13.4939,Europe,Southern Europe,Portugal,FAO,PT,Faro,Faro Airport,37.0144,-7.96591
620,EDDB,LSGG,1,Europe,Central Europe,Germany,BER,DE,Brandenburg,Berlin Brandenburg Airport,52.3514,13.4939,Europe,Central Europe,Switzerland,GVA,CH,Geneve,Geneva Airport,46.2381,6.10895
621,EDDB,LSZH,2,Europe,Central Europe,Germany,BER,DE,Brandenburg,Berlin Brandenburg Airport,52.3514,13.4939,Europe,Central Europe,Switzerland,ZRH,CH,Zurich,Zurich Airport,47.4647,8.54917
631,EDDF,BIKF,3,Europe,Central Europe,Germany,FRA,DE,Hessen,Frankfurt Airport,50.0333,8.57056,Europe,Nordic Region,Iceland,KEF,IS,Sudurnes,Keflavík International Airport,63.985,-22.6056
637,EDDF,EBBR,2,Europe,Central Europe,Germany,FRA,DE,Hessen,Frankfurt Airport,50.0333,8.57056,Europe,Western Europe,Belgium,BRU,BE,Brussels Hoofdstedelijk Gewest,Brussels Airport (Zaventem Airport),50.9014,4.48444
638,EDDF,EDDB,4,Europe,Central Europe,Germany,FRA,DE,Hessen,Frankfurt Airport,50.0333,8.57056,Europe,Central Europe,Germany,BER,DE,Brandenburg,Berlin Brandenburg Airport,52.3514,13.4939
639,EDDF,EDDH,5,Europe,Central Europe,Germany,FRA,DE,Hessen,Frankfurt Airport,50.0333,8.57056,Europe,Central Europe,Germany,HAM,DE,Hamburg,Hamburg Airport,53.6304,9.98823
640,EDDF,EDDL,3,Europe,Central Europe,Germany,FRA,DE,Hessen,Frankfurt Airport,50.0333,8.57056,Europe,Central Europe,Germany,DUS,DE,Nordrhein-Westfalen,Dusseldorf Airport,51.2895,6.76678
641,EDDF,EDDM,4,Europe,Central Europe,Germany,FRA,DE,Hessen,Frankfurt Airport,50.0333,8.57056,Europe,Central Europe,Germany,MUC,DE,Bayern,Munich Airport,48.3538,11.7861
642,EDDF,EDDN,2,Europe,Central Europe,Germany,FRA,DE,Hessen,Frankfurt Airport,50.0333,8.57056,Europe,Central Europe,Germany,NUE,DE,Bayern,Nuremberg Airport,49.4987,11.0781
643,EDDF,EDDP,4,Europe,Central Europe,Germany,FRA,DE,Hessen,Frankfurt Airport,50.0333,8.57056,Europe,Central Europe,Germany,LEJ,DE,Sachsen,Leipzig/Halle Airport,51.4239,12.2364
644,EDDF,EDDV,2,Europe,Central Europe,Germany,FRA,DE,Hessen,Frankfurt Airport,50.0333,8.57056,Europe,Central Europe,Germany,HAJ,DE,Niedersachsen,Hannover Airport,52.4611,9.68508
645,EDDF,EDDW,1,Europe,Central Europe,Germany,FRA,DE,Hessen,Frankfurt Airport,50.0333,8.57056,Europe,Central Europe,Germany,BRE,DE,Bremen,Bremen Airport,53.0475,8.78667
646,EDDF,EDFH,1,Europe,Central Europe,Germany,FRA,DE,Hessen,Frankfurt Airport,50.0333,8.57056,Europe,Central Europe,Germany,HHN,DE,Rheinland-Pfalz,Frankfurt-Hahn Airport,49.9487,7.26389
647,EDDF,EFOU,1,Europe,Central Europe,Germany,FRA,DE,Hessen,Frankfurt Airport,50.0333,8.57056,Europe,Nordic Region,Finland,OUL,FI,Pohjois-Pohjanmaa,Oulu Airport,64.9301,25.3546
648,EDDF,EGGW,1,Europe,Central Europe,Germany,FRA,DE,Hessen,Frankfurt Airport,50.0333,8.57056,Europe,United Kingdom,England,LTN,GB,England,London Luton Airport,51.8747,-0.368333
649,EDDF,EGNT,1,Europe,Central Europe,Germany,FRA,DE,Hessen,Frankfurt Airport,50.0333,8.57056,Europe,United Kingdom,England,NCL,GB,England,Newcastle Airport,55.0375,-1.69167
650,EDDF,EGPF,1,Europe,Central Europe,Germany,FRA,DE,Hessen,Frankfurt Airport,50.0333,8.57056,Europe,United Kingdom,Scotland,GLA,GB,Scotland,Glasgow Airport,55.8719,-4.43306
651,EDDF,EGPH,1,Europe,Central Europe,Germany,FRA,DE,Hessen,Frankfurt Airport,50.0333,8.57056,Europe,United Kingdom,Scotland,EDI,GB,Scotland,Edinburgh Airport,55.95,-3.3725
652,EDDF,EHAM,1,Europe,Central Europe,Germany,FRA,DE,Hessen,Frankfurt Airport,50.0333,8.57056,Europe,Western Europe,Netherlands,AMS,NL,Noord-Holland,Amsterdam Airport Schiphol,52.3086,4.76389
653,EDDF,EIDW,1,Europe,Central Europe,Germany,FRA,DE,Hessen,Frankfurt Airport,50.0333,8.57056,Europe,Western Europe,Ireland,DUB,IE,Dublin,Dublin Airport,53.4213,-6.27007
654,EDDF,EKCH,2,Europe,Central Europe,Germany,FRA,DE,Hessen,Frankfurt Airport,50.0333,8.57056,Europe,Nordic Region,Denmark,CPH,DK,Hovedstaden,Copenhagen Airport,55.6179,12.656
655,EDDF,ENBR,1,Europe,Central Europe,Germany,FRA,DE,Hessen,Frankfurt Airport,50.0333,8.57056,Europe,Nordic Region,Norway,BGO,NO,Hordaland,Bergen Airport,60.2934,5.21814
656,EDDF,ENGM,1,Europe,Central Europe,Germany,FRA,DE,Hessen,Frankfurt Airport,50.0333,8.57056,Europe,Nordic Region,Norway,OSL,NO,Akershus,Oslo Airport,60.1939,11.1004
657,EDDF,ENTC,3,Europe,Central Europe,Germany,FRA,DE,Hessen,Frankfurt Airport,50.0333,8.57056,Europe,Nordic Region,Norway,TOS,NO,Troms,Tromse Airport,69.6833,18.9189
658,EDDF,ENZV,1,Europe,Central Europe,Germany,FRA,DE,Hessen,Frankfurt Airport,50.0333,8.57056,Europe,Nordic Region,Norway,SVG,NO,Rogaland,Stavanger Airport,58.8767,5.63778
659,EDDF,EPGD,1,Europe,Central Europe,Germany,FRA,DE,Hessen,Frankfurt Airport,50.0333,8.57056,Europe,Central Europe,Poland,GDN,PL,Pomorskie,Gdansk Lech Walesa Airport,54.3776,18.4662
660,EDDF,EPWA,1,Europe,Central Europe,Germany,FRA,DE,Hessen,Frankfurt Airport,50.0333,8.57056,Europe,Central Europe,Poland,WAW,PL,Mazowieckie,Warsaw Chopin Airport,52.1657,20.9671
661,EDDF,EVRA,4,Europe,Central Europe,Germany,FRA,DE,Hessen,Frankfurt Airport,50.0333,8.57056,Europe,Nordic Region,Latvia,RIX,LV,Riga,Riga International Airport,56.9236,23.9711
665,EDDF,GCLP,1,Europe,Central Europe,Germany,FRA,DE,Hessen,Frankfurt Airport,50.0333,8.57056,Europe,Southern Europe,Spain,LPA,ES,Canarias,Gran Canaria Airport,27.9319,-15.3866
666,EDDF,GCTS,1,Europe,Central Europe,Germany,FRA,DE,Hessen,Frankfurt Airport,50.0333,8.57056,Europe,Southern Europe,Spain,TFS,ES,Canarias,Tenerife South Airport,28.046,-16.5728
697,EDDF,LDRI,1,Europe,Central Europe,Germany,FRA,DE,Hessen,Frankfurt Airport,50.0333,8.57056,Europe,Southern Europe,Croatia,RJK,HR,Primorsko-goranska zupanija,Rijeka Airport,45.2169,14.5703
698,EDDF,LEAL,2,Europe,Central Europe,Germany,FRA,DE,Hessen,Frankfurt Airport,50.0333,8.57056,Europe,Southern Europe,Spain,ALC,ES,"Valenciana, Comunidad",Alicante-Elche Airport,38.2822,-0.558156
699,EDDF,LEAS,1,Europe,Central Europe,Germany,FRA,DE,Hessen,Frankfurt Airport,50.0333,8.57056,Europe,Southern Europe,Spain,OVD,ES,"Asturias, Principado de",Asturias Airport (Oviedo Airport),43.5636,-6.03462
700,EDDF,LEBB,2,Europe,Central Europe,Germany,FRA,DE,Hessen,Frankfurt Airport,50.0333,8.57056,Europe,Southern Europe,Spain,BIO,ES,Pais Vasco,Bilbao Airport,43.3011,-2.91061
701,EDDF,LEBL,2,Europe,Central Europe,Germany,FRA,DE,Hessen,Frankfurt Airport,50.0333,8.57056,Europe,Southern Europe,Spain,BCN,ES,Catalunya,Barcelona El Prat Airport,41.2971,2.07846
702,EDDF,LEJR,2,Europe,Central Europe,Germany,FRA,DE,Hessen,Frankfurt Airport,50.0333,8.57056,Europe,Southern Europe,Spain,XRY,ES,Andalucia,Jerez Airport (La Parra Airport),36.7446,-6.06011
703,EDDF,LEMD,2,Europe,Central Europe,Germany,FRA,DE,Hessen,Frankfurt Airport,50.0333,8.57056,Europe,Southern Europe,Spain,MAD,ES,"Madrid, Comunidad de",Adolfo Suarez Madrid-Barajas Airport,40.4719,-3.56264
704,EDDF,LEPA,5,Europe,Central Europe,Germany,FRA,DE,Hessen,Frankfurt Airport,50.0333,8.57056,Europe,Southern Europe,Spain,PMI,ES,Illes Balears,Palma de Mallorca Airport,39.5517,2.73881
705,EDDF,LEVC,1,Europe,Central Europe,Germany,FRA,DE,Hessen,Frankfurt Airport,50.0333,8.57056,Europe,Southern Europe,Spain,VLC,ES,"Valenciana, Comunidad",Valencia Airport,39.4893,-0.481625
706,EDDF,LEZL,1,Europe,Central Europe,Germany,FRA,DE,Hessen,Frankfurt Airport,50.0333,8.57056,Europe,Southern Europe,Spain,SVQ,ES,Andalucia,Seville Airport,37.418,-5.89311
707,EDDF,LFBO,1,Europe,Central Europe,Germany,FRA,DE,Hessen,Frankfurt Airport,50.0333,8.57056,Europe,Western Europe,France,TLS,FR,Occitanie,Toulouse-Blagnac Airport,43.6291,1.36382
708,EDDF,LFML,3,Europe,Central Europe,Germany,FRA,DE,Hessen,Frankfurt Airport,50.0333,8.57056,Europe,Western Europe,France,MRS,FR,Provence-Alpes-Cote-d'Azur,Marseille Provence Airport,43.4393,5.22142
709,EDDF,LFMN,3,Europe,Central Europe,Germany,FRA,DE,Hessen,Frankfurt Airport,50.0333,8.57056,Europe,Western Europe,France,NCE,FR,Provence-Alpes-Cote-d'Azur,Nice Cote d'Azur Airport,43.6584,7.21587
710,EDDF,LFPG,1,Europe,Central Europe,Germany,FRA,DE,Hessen,Frankfurt Airport,50.0333,8.57056,Europe,Western Europe,France,CDG,FR,Ile-de-France,Paris Charles de Gaulle Airport,49.0097,2.54778
711,EDDF,LFSB,4,Europe,Central Europe,Germany,FRA,DE,Hessen,Frankfurt Airport,50.0333,8.57056,Europe,Western Europe,France,BSL,CH,Basel-City,EuroAirport Basel Mulhouse Freiburg,47.59,7.52916
712,EDDF,LFSB,4,Europe,Central Europe,Germany,FRA,DE,Hessen,Frankfurt Airport,50.0333,8.57056,Europe,Central Europe,Switzerland,BSL,CH,Basel-City,EuroAirport Basel Mulhouse Freiburg,47.59,7.52916
713,EDDF,LGAV,2,Europe,Central Europe,Germany,FRA,DE,Hessen,Frankfurt Airport,50.0333,8.57056,Europe,Southern Europe,Greece,ATH,GR,Attiki,Athens International Airport (Eleftherios Venizelos Airport),37.9364,23.9445
714,EDDF,LGIR,1,Europe,Central Europe,Germany,FRA,DE,Hessen,Frankfurt Airport,50.0333,8.57056,Europe,Southern Europe,Greece,HER,GR,Kriti,Heraklion International Airport (Nikos Kazantzakis Airport),35.3397,25.1803
715,EDDF,LGKO,2,Europe,Central Europe,Germany,FRA,DE,Hessen,Frankfurt Airport,50.0333,8.57056,Europe,Southern Europe,Greece,KGS,GR,Notio Aigaio,Kos Island International Airport,36.7933,27.0917
716,EDDF,LGKR,2,Europe,Central Europe,Germany,FRA,DE,Hessen,Frankfurt Airport,50.0333,8.57056,Europe,Southern Europe,Greece,CFU,GR,Ionia Nisia,Corfu International Airport (Ioannis Kapodistrias Int'l Airport),39.6019,19.9117
717,EDDF,LGMK,1,Europe,Central Europe,Germany,FRA,DE,Hessen,Frankfurt Airport,50.0333,8.57056,Europe,Southern Europe,Greece,JMK,GR,Notio Aigaio,Mykonos Island National Airport,37.4351,25.3481
718,EDDF,LGSA,1,Europe,Central Europe,Germany,FRA,DE,Hessen,Frankfurt Airport,50.0333,8.57056,Europe,Southern Europe,Greece,CHQ,GR,Kriti,Chania International Airport,35.5317,24.1497
719,EDDF,LGSK,2,Europe,Central Europe,Germany,FRA,DE,Hessen,Frankfurt Airport,50.0333,8.57056,Europe,Southern Europe,Greece,JSI,GR,Thessalia,Skiathos Island National Airport,39.1771,23.5037
720,EDDF,LGSM,1,Europe,Central Europe,Germany,FRA,DE,Hessen,Frankfurt Airport,50.0333,8.57056,Europe,Southern Europe,Greece,SMI,GR,Voreio Aigaio,Samos International Airport,37.69,26.9117
721,EDDF,LGSR,1,Europe,Central Europe,Germany,FRA,DE,Hessen,Frankfurt Airport,50.0333,8.57056,Europe,Southern Europe,Greece,JTR,GR,Notio Aigaio,Santorini (Thira) National Airport,36.3992,25.4793
722,EDDF,LICC,1,Europe,Central Europe,Germany,FRA,DE,Hessen,Frankfurt Airport,50.0333,8.57056,Europe,Southern Europe,Italy,CTA,IT,Sicilia,Catania-Fontanarossa Airport,37.4668,15.0664
723,EDDF,LICJ,1,Europe,Central Europe,Germany,FRA,DE,Hessen,Frankfurt Airport,50.0333,8.57056,Europe,Southern Europe,Italy,PMO,IT,Sicilia,Falcone-Borsellino Airport (Punta Raisi Airport),38.176,13.091
724,EDDF,LIEE,1,Europe,Central Europe,Germany,FRA,DE,Hessen,Frankfurt Airport,50.0333,8.57056,Europe,Southern Europe,Italy,CAG,IT,Sardegna,Cagliari Elmas Airport,39.2515,9.05428
725,EDDF,LIEO,1,Europe,Central Europe,Germany,FRA,DE,Hessen,Frankfurt Airport,50.0333,8.57056,Europe,Southern Europe,Italy,OLB,IT,Sardegna,Olbia Costa Smeralda Airport,40.8987,9.51763
726,EDDF,LIMJ,1,Europe,Central Europe,Germany,FRA,DE,Hessen,Frankfurt Airport,50.0333,8.57056,Europe,Southern Europe,Italy,GOA,IT,Liguria,Genoa Cristoforo Colombo Airport,44.4133,8.8375
727,EDDF,LIML,1,Europe,Central Europe,Germany,FRA,DE,Hessen,Frankfurt Airport,50.0333,8.57056,Europe,Southern Europe,Italy,LIN,IT,Lombardia,Milan-Linate Airport,45.4494,9.2783
728,EDDF,LIPE,1,Europe,Central Europe,Germany,FRA,DE,Hessen,Frankfurt Airport,50.0333,8.57056,Europe,Southern Europe,Italy,BLQ,IT,Emilia-Romagna,Bologna Guglielmo Marconi Airport,44.5354,11.2887
729,EDDF,LIRF,1,Europe,Central Europe,Germany,FRA,DE,Hessen,Frankfurt Airport,50.0333,8.57056,Europe,Southern Europe,Italy,FCO,IT,Lazio,Rome–Fiumicino International Airport,41.8003,12.2389
730,EDDF,LIRN,1,Europe,Central Europe,Germany,FRA,DE,Hessen,Frankfurt Airport,50.0333,8.57056,Europe,Southern Europe,Italy,NAP,IT,Campania,Naples International Airport,40.886,14.2908
732,EDDF,LOWG,1,Europe,Central Europe,Germany,FRA,DE,Hessen,Frankfurt Airport,50.0333,8.57056,Europe,Central Europe,Austria,GRZ,AT,Steiermark,Graz Airport,46.9911,15.4396
733,EDDF,LOWS,5,Europe,Central Europe,Germany,FRA,DE,Hessen,Frankfurt Airport,50.0333,8.57056,Europe,Central Europe,Austria,SZG,AT,Salzburg,Salzburg Airport,47.7933,13.0043
734,EDDF,LOWW,11,Europe,Central Europe,Germany,FRA,DE,Hessen,Frankfurt Airport,50.0333,8.57056,Europe,Central Europe,Austria,VIE,AT,Niederosterreich,Vienna International Airport,48.1103,16.5697
735,EDDF,LPMA,3,Europe,Central Europe,Germany,FRA,DE,Hessen,Frankfurt Airport,50.0333,8.57056,Europe,Southern Europe,Portugal,FNC,PT,Regiao Autonoma da Madeira,Madeira Airport,32.6979,-16.7745
736,EDDF,LPPT,3,Europe,Central Europe,Germany,FRA,DE,Hessen,Frankfurt Airport,50.0333,8.57056,Europe,Southern Europe,Portugal,LIS,PT,Lisboa,Lisbon Portela Airport,38.7813,-9.13592
737,EDDF,LQSA,1,Europe,Central Europe,Germany,FRA,DE,Hessen,Frankfurt Airport,50.0333,8.57056,Europe,Eastern Europe,Bosnia and Herzegovina,SJJ,BA,Federacija Bosne i Hercegovine,Sarajevo International Airport,43.8246,18.3315
738,EDDF,LROP,1,Europe,Central Europe,Germany,FRA,DE,Hessen,Frankfurt Airport,50.0333,8.57056,Europe,Eastern Europe,Romania,OTP,RO,Ilfov,Bucharest Henri Coandă International Airport,44.5711,26.085
739,EDDF,LSZH,5,Europe,Central Europe,Germany,FRA,DE,Hessen,Frankfurt Airport,50.0333,8.57056,Europe,Central Europe,Switzerland,ZRH,CH,Zurich,Zurich Airport,47.4647,8.54917
744,EDDF,LUKK,2,Europe,Central Europe,Germany,FRA,DE,Hessen,Frankfurt Airport,50.0333,8.57056,Europe,Eastern Europe,Moldova,RMO,MD,Chisinau,Chisinau International Airport,46.9277,28.931
777,EDDH,EDDB,1,Europe,Central Europe,Germany,HAM,DE,Hamburg,Hamburg Airport,53.6304,9.98823,Europe,Central Europe,Germany,BER,DE,Brandenburg,Berlin Brandenburg Airport,52.3514,13.4939
778,EDDH,EDDF,5,Europe,Central Europe,Germany,HAM,DE,Hamburg,Hamburg Airport,53.6304,9.98823,Europe,Central Europe,Germany,FRA,DE,Hessen,Frankfurt Airport,50.0333,8.57056
779,EDDH,EDDH,1,Europe,Central Europe,Germany,HAM,DE,Hamburg,Hamburg Airport,53.6304,9.98823,Europe,Central Europe,Germany,HAM,DE,Hamburg,Hamburg Airport,53.6304,9.98823
780,EDDH,EDDL,2,Europe,Central Europe,Germany,HAM,DE,Hamburg,Hamburg Airport,53.6304,9.98823,Europe,Central Europe,Germany,DUS,DE,Nordrhein-Westfalen,Dusseldorf Airport,51.2895,6.76678
781,EDDH,EDDM,3,Europe,Central Europe,Germany,HAM,DE,Hamburg,Hamburg Airport,53.6304,9.98823,Europe,Central Europe,Germany,MUC,DE,Bayern,Munich Airport,48.3538,11.7861
782,EDDH,EDDN,2,Europe,Central Europe,Germany,HAM,DE,Hamburg,Hamburg Airport,53.6304,9.98823,Europe,Central Europe,Germany,NUE,DE,Bayern,Nuremberg Airport,49.4987,11.0781
783,EDDH,EDDP,1,Europe,Central Europe,Germany,HAM,DE,Hamburg,Hamburg Airport,53.6304,9.98823,Europe,Central Europe,Germany,LEJ,DE,Sachsen,Leipzig/Halle Airport,51.4239,12.2364
784,EDDH,EDDS,2,Europe,Central Europe,Germany,HAM,DE,Hamburg,Hamburg Airport,53.6304,9.98823,Europe,Central Europe,Germany,STR,DE,Baden-Wurttemberg,Stuttgart Airport,48.6899,9.22196
785,EDDH,EDDW,1,Europe,Central Europe,Germany,HAM,DE,Hamburg,Hamburg Airport,53.6304,9.98823,Europe,Central Europe,Germany,BRE,DE,Bremen,Bremen Airport,53.0475,8.78667
786,EDDH,EDHL,1,Europe,Central Europe,Germany,HAM,DE,Hamburg,Hamburg Airport,53.6304,9.98823,Europe,Central Europe,Germany,LBC,DE,Schleswig-Holstein,Lubeck Airport,53.8054,10.7192
787,EDDH,EDSB,1,Europe,Central Europe,Germany,HAM,DE,Hamburg,Hamburg Airport,53.6304,9.98823,Europe,Central Europe,Germany,FKB,DE,Baden-Wurttemberg,Karlsruhe/Baden-Baden Airport,48.7794,8.0805
788,EDDH,ENGM,1,Europe,Central Europe,Germany,HAM,DE,Hamburg,Hamburg Airport,53.6304,9.98823,Europe,Nordic Region,Norway,OSL,NO,Akershus,Oslo Airport,60.1939,11.1004
789,EDDH,EPGD,1,Europe,Central Europe,Germany,HAM,DE,Hamburg,Hamburg Airport,53.6304,9.98823,Europe,Central Europe,Poland,GDN,PL,Pomorskie,Gdansk Lech Walesa Airport,54.3776,18.4662
790,EDDH,GCTS,1,Europe,Central Europe,Germany,HAM,DE,Hamburg,Hamburg Airport,53.6304,9.98823,Europe,Southern Europe,Spain,TFS,ES,Canarias,Tenerife South Airport,28.046,-16.5728
795,EDDH,LBSF,1,Europe,Central Europe,Germany,HAM,DE,Hamburg,Hamburg Airport,53.6304,9.98823,Europe,Eastern Europe,Bulgaria,SOF,BG,Sofia,Sofia Airport,42.6967,23.4114
796,EDDH,LEBB,1,Europe,Central Europe,Germany,HAM,DE,Hamburg,Hamburg Airport,53.6304,9.98823,Europe,Southern Europe,Spain,BIO,ES,Pais Vasco,Bilbao Airport,43.3011,-2.91061
797,EDDH,LEJR,2,Europe,Central Europe,Germany,HAM,DE,Hamburg,Hamburg Airport,53.6304,9.98823,Europe,Southern Europe,Spain,XRY,ES,Andalucia,Jerez Airport (La Parra Airport),36.7446,-6.06011
798,EDDH,LEMD,1,Europe,Central Europe,Germany,HAM,DE,Hamburg,Hamburg Airport,53.6304,9.98823,Europe,Southern Europe,Spain,MAD,ES,"Madrid, Comunidad de",Adolfo Suarez Madrid-Barajas Airport,40.4719,-3.56264
799,EDDH,LEMG,1,Europe,Central Europe,Germany,HAM,DE,Hamburg,Hamburg Airport,53.6304,9.98823,Europe,Southern Europe,Spain,AGP,ES,Andalucia,Malaga Airport,36.6749,-4.49911
800,EDDH,LEPA,2,Europe,Central Europe,Germany,HAM,DE,Hamburg,Hamburg Airport,53.6304,9.98823,Europe,Southern Europe,Spain,PMI,ES,Illes Balears,Palma de Mallorca Airport,39.5517,2.73881
801,EDDH,LFML,1,Europe,Central Europe,Germany,HAM,DE,Hamburg,Hamburg Airport,53.6304,9.98823,Europe,Western Europe,France,MRS,FR,Provence-Alpes-Cote-d'Azur,Marseille Provence Airport,43.4393,5.22142
802,EDDH,LGIR,1,Europe,Central Europe,Germany,HAM,DE,Hamburg,Hamburg Airport,53.6304,9.98823,Europe,Southern Europe,Greece,HER,GR,Kriti,Heraklion International Airport (Nikos Kazantzakis Airport),35.3397,25.1803
803,EDDH,LGKO,2,Europe,Central Europe,Germany,HAM,DE,Hamburg,Hamburg Airport,53.6304,9.98823,Europe,Southern Europe,Greece,KGS,GR,Notio Aigaio,Kos Island International Airport,36.7933,27.0917
804,EDDH,LGKR,2,Europe,Central Europe,Germany,HAM,DE,Hamburg,Hamburg Airport,53.6304,9.98823,Europe,Southern Europe,Greece,CFU,GR,Ionia Nisia,Corfu International Airport (Ioannis Kapodistrias Int'l Airport),39.6019,19.9117
805,EDDH,LGRP,4,Europe,Central Europe,Germany,HAM,DE,Hamburg,Hamburg Airport,53.6304,9.98823,Europe,Southern Europe,Greece,RHO,GR,Notio Aigaio,Rhodes International Airport,36.4054,28.0862
806,EDDH,LGSA,2,Europe,Central Europe,Germany,HAM,DE,Hamburg,Hamburg Airport,53.6304,9.98823,Europe,Southern Europe,Greece,CHQ,GR,Kriti,Chania International Airport,35.5317,24.1497
807,EDDH,LOWS,1,Europe,Central Europe,Germany,HAM,DE,Hamburg,Hamburg Airport,53.6304,9.98823,Europe,Central Europe,Austria,SZG,AT,Salzburg,Salzburg Airport,47.7933,13.0043
808,EDDH,LROP,1,Europe,Central Europe,Germany,HAM,DE,Hamburg,Hamburg Airport,53.6304,9.98823,Europe,Eastern Europe,Romania,OTP,RO,Ilfov,Bucharest Henri Coandă International Airport,44.5711,26.085
809,EDDH,LSZH,2,Europe,Central Europe,Germany,HAM,DE,Hamburg,Hamburg Airport,53.6304,9.98823,Europe,Central Europe,Switzerland,ZRH,CH,Zurich,Zurich Airport,47.4647,8.54917
813,EDDH,LUKK,1,Europe,Central Europe,Germany,HAM,DE,Hamburg,Hamburg Airport,53.6304,9.98823,Europe,Eastern Europe,Moldova,RMO,MD,Chisinau,Chisinau International Airport,46.9277,28.931
816,EDDK,BIKF,1,Europe,Central Europe,Germany,CGN,DE,Nordrhein-Westfalen,Cologne Bonn Airport,50.8659,7.14274,Europe,Nordic Region,Iceland,KEF,IS,Sudurnes,Keflavík International Airport,63.985,-22.6056
817,EDDK,EDDB,1,Europe,Central Europe,Germany,CGN,DE,Nordrhein-Westfalen,Cologne Bonn Airport,50.8659,7.14274,Europe,Central Europe,Germany,BER,DE,Brandenburg,Berlin Brandenburg Airport,52.3514,13.4939
818,EDDK,EDDK,1,Europe,Central Europe,Germany,CGN,DE,Nordrhein-Westfalen,Cologne Bonn Airport,50.8659,7.14274,Europe,Central Europe,Germany,CGN,DE,Nordrhein-Westfalen,Cologne Bonn Airport,50.8659,7.14274
819,EDDK,EDDM,5,Europe,Central Europe,Germany,CGN,DE,Nordrhein-Westfalen,Cologne Bonn Airport,50.8659,7.14274,Europe,Central Europe,Germany,MUC,DE,Bayern,Munich Airport,48.3538,11.7861
820,EDDK,EDDN,1,Europe,Central Europe,Germany,CGN,DE,Nordrhein-Westfalen,Cologne Bonn Airport,50.8659,7.14274,Europe,Central Europe,Germany,NUE,DE,Bayern,Nuremberg Airport,49.4987,11.0781
821,EDDK,EDDV,1,Europe,Central Europe,Germany,CGN,DE,Nordrhein-Westfalen,Cologne Bonn Airport,50.8659,7.14274,Europe,Central Europe,Germany,HAJ,DE,Niedersachsen,Hannover Airport,52.4611,9.68508
822,EDDK,EGNX,1,Europe,Central Europe,Germany,CGN,DE,Nordrhein-Westfalen,Cologne Bonn Airport,50.8659,7.14274,Europe,United Kingdom,England,EMA,GB,England,East Midlands Airport,52.8311,-1.32806
823,EDDK,EGPH,1,Europe,Central Europe,Germany,CGN,DE,Nordrhein-Westfalen,Cologne Bonn Airport,50.8659,7.14274,Europe,United Kingdom,Scotland,EDI,GB,Scotland,Edinburgh Airport,55.95,-3.3725
824,EDDK,EGSS,1,Europe,Central Europe,Germany,CGN,DE,Nordrhein-Westfalen,Cologne Bonn Airport,50.8659,7.14274,Europe,United Kingdom,England,STN,GB,England,London Stansted Airport,51.885,0.235
825,EDDK,ELLX,1,Europe,Central Europe,Germany,CGN,DE,Nordrhein-Westfalen,Cologne Bonn Airport,50.8659,7.14274,Europe,Western Europe,Luxembourg,LUX,LU,Luxembourg,Luxembourg Findel Airport,49.6233,6.20444
826,EDDK,ESSA,1,Europe,Central Europe,Germany,CGN,DE,Nordrhein-Westfalen,Cologne Bonn Airport,50.8659,7.14274,Europe,Nordic Region,Sweden,ARN,SE,Stockholms lan,Stockholm Arlanda Airport,59.6519,17.9186
827,EDDK,EVRA,1,Europe,Central Europe,Germany,CGN,DE,Nordrhein-Westfalen,Cologne Bonn Airport,50.8659,7.14274,Europe,Nordic Region,Latvia,RIX,LV,Riga,Riga International Airport,56.9236,23.9711
835,EDDK,LBWN,1,Europe,Central Europe,Germany,CGN,DE,Nordrhein-Westfalen,Cologne Bonn Airport,50.8659,7.14274,Europe,Eastern Europe,Bulgaria,VAR,BG,Varna,Varna Airport,43.2321,27.8251
836,EDDK,LDSP,1,Europe,Central Europe,Germany,CGN,DE,Nordrhein-Westfalen,Cologne Bonn Airport,50.8659,7.14274,Europe,Southern Europe,Croatia,SPU,HR,Splitsko-dalmatinska zupanija,Split Airport,43.5389,16.298
837,EDDK,LEBL,2,Europe,Central Europe,Germany,CGN,DE,Nordrhein-Westfalen,Cologne Bonn Airport,50.8659,7.14274,Europe,Southern Europe,Spain,BCN,ES,Catalunya,Barcelona El Prat Airport,41.2971,2.07846
838,EDDK,LEIB,1,Europe,Central Europe,Germany,CGN,DE,Nordrhein-Westfalen,Cologne Bonn Airport,50.8659,7.14274,Europe,Southern Europe,Spain,IBZ,ES,Illes Balears,Ibiza Airport,38.8729,1.37312
839,EDDK,LEMG,1,Europe,Central Europe,Germany,CGN,DE,Nordrhein-Westfalen,Cologne Bonn Airport,50.8659,7.14274,Europe,Southern Europe,Spain,AGP,ES,Andalucia,Malaga Airport,36.6749,-4.49911
840,EDDK,LEPA,11,Europe,Central Europe,Germany,CGN,DE,Nordrhein-Westfalen,Cologne Bonn Airport,50.8659,7.14274,Europe,Southern Europe,Spain,PMI,ES,Illes Balears,Palma de Mallorca Airport,39.5517,2.73881
841,EDDK,LGAV,1,Europe,Central Europe,Germany,CGN,DE,Nordrhein-Westfalen,Cologne Bonn Airport,50.8659,7.14274,Europe,Southern Europe,Greece,ATH,GR,Attiki,Athens International Airport (Eleftherios Venizelos Airport),37.9364,23.9445
842,EDDK,LGIR,1,Europe,Central Europe,Germany,CGN,DE,Nordrhein-Westfalen,Cologne Bonn Airport,50.8659,7.14274,Europe,Southern Europe,Greece,HER,GR,Kriti,Heraklion International Airport (Nikos Kazantzakis Airport),35.3397,25.1803
843,EDDK,LGKV,1,Europe,Central Europe,Germany,CGN,DE,Nordrhein-Westfalen,Cologne Bonn Airport,50.8659,7.14274,Europe,Southern Europe,Greece,KVA,GR,Anatoliki Makedonia kai Thraki,Kavala International Airport (Alexander the Great Airport),40.9133,24.6192
844,EDDK,LGRP,2,Europe,Central Europe,Germany,CGN,DE,Nordrhein-Westfalen,Cologne Bonn Airport,50.8659,7.14274,Europe,Southern Europe,Greece,RHO,GR,Notio Aigaio,Rhodes International Airport,36.4054,28.0862
845,EDDK,LGSA,2,Europe,Central Europe,Germany,CGN,DE,Nordrhein-Westfalen,Cologne Bonn Airport,50.8659,7.14274,Europe,Southern Europe,Greece,CHQ,GR,Kriti,Chania International Airport,35.5317,24.1497
846,EDDK,LIMC,1,Europe,Central Europe,Germany,CGN,DE,Nordrhein-Westfalen,Cologne Bonn Airport,50.8659,7.14274,Europe,Southern Europe,Italy,MXP,IT,Lombardia,Milan-Malpensa Airport,45.6306,8.72811
848,EDDK,LOWG,3,Europe,Central Europe,Germany,CGN,DE,Nordrhein-Westfalen,Cologne Bonn Airport,50.8659,7.14274,Europe,Central Europe,Austria,GRZ,AT,Steiermark,Graz Airport,46.9911,15.4396
849,EDDK,LOWK,3,Europe,Central Europe,Germany,CGN,DE,Nordrhein-Westfalen,Cologne Bonn Airport,50.8659,7.14274,Europe,Central Europe,Austria,KLU,AT,Karnten,Klagenfurt Airport,46.6425,14.3377
850,EDDK,LOWS,1,Europe,Central Europe,Germany,CGN,DE,Nordrhein-Westfalen,Cologne Bonn Airport,50.8659,7.14274,Europe,Central Europe,Austria,SZG,AT,Salzburg,Salzburg Airport,47.7933,13.0043
851,EDDK,LOWW,1,Europe,Central Europe,Germany,CGN,DE,Nordrhein-Westfalen,Cologne Bonn Airport,50.8659,7.14274,Europe,Central Europe,Austria,VIE,AT,Niederosterreich,Vienna International Airport,48.1103,16.5697
852,EDDK,LPPR,1,Europe,Central Europe,Germany,CGN,DE,Nordrhein-Westfalen,Cologne Bonn Airport,50.8659,7.14274,Europe,Southern Europe,Portugal,OPO,PT,Porto,Francisco Sá Carneiro Airport,41.2356,-8.67806
853,EDDK,LPPT,1,Europe,Central Europe,Germany,CGN,DE,Nordrhein-Westfalen,Cologne Bonn Airport,50.8659,7.14274,Europe,Southern Europe,Portugal,LIS,PT,Lisboa,Lisbon Portela Airport,38.7813,-9.13592
854,EDDK,LSZB,2,Europe,Central Europe,Germany,CGN,DE,Nordrhein-Westfalen,Cologne Bonn Airport,50.8659,7.14274,Europe,Central Europe,Switzerland,BRN,CH,Bern,Bern Airport,46.9141,7.49715
861,EDDL,BKPR,1,Europe,Central Europe,Germany,DUS,DE,Nordrhein-Westfalen,Dusseldorf Airport,51.2895,6.76678,Europe,Eastern Europe,Kosovo,PRN,XK,Pristina,Pristina Adem Jashari Airport,42.5745,21.0294
862,EDDL,EDDB,1,Europe,Central Europe,Germany,DUS,DE,Nordrhein-Westfalen,Dusseldorf Airport,51.2895,6.76678,Europe,Central Europe,Germany,BER,DE,Brandenburg,Berlin Brandenburg Airport,52.3514,13.4939
863,EDDL,EDDF,1,Europe,Central Europe,Germany,DUS,DE,Nordrhein-Westfalen,Dusseldorf Airport,51.2895,6.76678,Europe,Central Europe,Germany,FRA,DE,Hessen,Frankfurt Airport,50.0333,8.57056
864,EDDL,EDDH,1,Europe,Central Europe,Germany,DUS,DE,Nordrhein-Westfalen,Dusseldorf Airport,51.2895,6.76678,Europe,Central Europe,Germany,HAM,DE,Hamburg,Hamburg Airport,53.6304,9.98823
865,EDDL,EDDM,7,Europe,Central Europe,Germany,DUS,DE,Nordrhein-Westfalen,Dusseldorf Airport,51.2895,6.76678,Europe,Central Europe,Germany,MUC,DE,Bayern,Munich Airport,48.3538,11.7861
866,EDDL,EDDN,1,Europe,Central Europe,Germany,DUS,DE,Nordrhein-Westfalen,Dusseldorf Airport,51.2895,6.76678,Europe,Central Europe,Germany,NUE,DE,Bayern,Nuremberg Airport,49.4987,11.0781
867,EDDL,EDLW,1,Europe,Central Europe,Germany,DUS,DE,Nordrhein-Westfalen,Dusseldorf Airport,51.2895,6.76678,Europe,Central Europe,Germany,DTM,DE,Nordrhein-Westfalen,Dortmund Airport,51.5183,7.61224
868,EDDL,EGBB,1,Europe,Central Europe,Germany,DUS,DE,Nordrhein-Westfalen,Dusseldorf Airport,51.2895,6.76678,Europe,United Kingdom,England,BHX,GB,England,Birmingham Airport,52.4539,-1.74803
869,EDDL,EGGW,1,Europe,Central Europe,Germany,DUS,DE,Nordrhein-Westfalen,Dusseldorf Airport,51.2895,6.76678,Europe,United Kingdom,England,LTN,GB,England,London Luton Airport,51.8747,-0.368333
870,EDDL,EGHQ,1,Europe,Central Europe,Germany,DUS,DE,Nordrhein-Westfalen,Dusseldorf Airport,51.2895,6.76678,Europe,United Kingdom,England,NQY,GB,England,Cornwall Airport Newquay,50.4406,-4.99541
871,EDDL,EGKK,1,Europe,Central Europe,Germany,DUS,DE,Nordrhein-Westfalen,Dusseldorf Airport,51.2895,6.76678,Europe,United Kingdom,England,LGW,GB,England,Gatwick Airport,51.1481,-0.190278
872,EDDL,EGLL,3,Europe,Central Europe,Germany,DUS,DE,Nordrhein-Westfalen,Dusseldorf Airport,51.2895,6.76678,Europe,United Kingdom,England,LHR,GB,England,Heathrow Airport,51.4775,-0.461389
873,EDDL,EGNT,1,Europe,Central Europe,Germany,DUS,DE,Nordrhein-Westfalen,Dusseldorf Airport,51.2895,6.76678,Europe,United Kingdom,England,NCL,GB,England,Newcastle Airport,55.0375,-1.69167
874,EDDL,EGPH,2,Europe,Central Europe,Germany,DUS,DE,Nordrhein-Westfalen,Dusseldorf Airport,51.2895,6.76678,Europe,United Kingdom,Scotland,EDI,GB,Scotland,Edinburgh Airport,55.95,-3.3725
875,EDDL,EGSS,1,Europe,Central Europe,Germany,DUS,DE,Nordrhein-Westfalen,Dusseldorf Airport,51.2895,6.76678,Europe,United Kingdom,England,STN,GB,England,London Stansted Airport,51.885,0.235
876,EDDL,EHAM,1,Europe,Central Europe,Germany,DUS,DE,Nordrhein-Westfalen,Dusseldorf Airport,51.2895,6.76678,Europe,Western Europe,Netherlands,AMS,NL,Noord-Holland,Amsterdam Airport Schiphol,52.3086,4.76389
877,EDDL,EKCH,2,Europe,Central Europe,Germany,DUS,DE,Nordrhein-Westfalen,Dusseldorf Airport,51.2895,6.76678,Europe,Nordic Region,Denmark,CPH,DK,Hovedstaden,Copenhagen Airport,55.6179,12.656
878,EDDL,EPGD,1,Europe,Central Europe,Germany,DUS,DE,Nordrhein-Westfalen,Dusseldorf Airport,51.2895,6.76678,Europe,Central Europe,Poland,GDN,PL,Pomorskie,Gdansk Lech Walesa Airport,54.3776,18.4662
879,EDDL,EPKK,1,Europe,Central Europe,Germany,DUS,DE,Nordrhein-Westfalen,Dusseldorf Airport,51.2895,6.76678,Europe,Central Europe,Poland,KRK,PL,Malopolskie,John Paul II International Airport Krakow-Balice,50.0777,19.7848
880,EDDL,EPWA,1,Europe,Central Europe,Germany,DUS,DE,Nordrhein-Westfalen,Dusseldorf Airport,51.2895,6.76678,Europe,Central Europe,Poland,WAW,PL,Mazowieckie,Warsaw Chopin Airport,52.1657,20.9671
881,EDDL,ESSA,2,Europe,Central Europe,Germany,DUS,DE,Nordrhein-Westfalen,Dusseldorf Airport,51.2895,6.76678,Europe,Nordic Region,Sweden,ARN,SE,Stockholms lan,Stockholm Arlanda Airport,59.6519,17.9186
882,EDDL,GCFV,6,Europe,Central Europe,Germany,DUS,DE,Nordrhein-Westfalen,Dusseldorf Airport,51.2895,6.76678,Europe,Southern Europe,Spain,FUE,ES,Canarias,Fuerteventura Airport,28.4527,-13.8638
883,EDDL,GCLP,2,Europe,Central Europe,Germany,DUS,DE,Nordrhein-Westfalen,Dusseldorf Airport,51.2895,6.76678,Europe,Southern Europe,Spain,LPA,ES,Canarias,Gran Canaria Airport,27.9319,-15.3866
894,EDDL,LDSP,4,Europe,Central Europe,Germany,DUS,DE,Nordrhein-Westfalen,Dusseldorf Airport,51.2895,6.76678,Europe,Southern Europe,Croatia,SPU,HR,Splitsko-dalmatinska zupanija,Split Airport,43.5389,16.298
895,EDDL,LEBB,2,Europe,Central Europe,Germany,DUS,DE,Nordrhein-Westfalen,Dusseldorf Airport,51.2895,6.76678,Europe,Southern Europe,Spain,BIO,ES,Pais Vasco,Bilbao Airport,43.3011,-2.91061
896,EDDL,LEBL,2,Europe,Central Europe,Germany,DUS,DE,Nordrhein-Westfalen,Dusseldorf Airport,51.2895,6.76678,Europe,Southern Europe,Spain,BCN,ES,Catalunya,Barcelona El Prat Airport,41.2971,2.07846
897,EDDL,LEIB,1,Europe,Central Europe,Germany,DUS,DE,Nordrhein-Westfalen,Dusseldorf Airport,51.2895,6.76678,Europe,Southern Europe,Spain,IBZ,ES,Illes Balears,Ibiza Airport,38.8729,1.37312
898,EDDL,LEJR,3,Europe,Central Europe,Germany,DUS,DE,Nordrhein-Westfalen,Dusseldorf Airport,51.2895,6.76678,Europe,Southern Europe,Spain,XRY,ES,Andalucia,Jerez Airport (La Parra Airport),36.7446,-6.06011
899,EDDL,LEMD,1,Europe,Central Europe,Germany,DUS,DE,Nordrhein-Westfalen,Dusseldorf Airport,51.2895,6.76678,Europe,Southern Europe,Spain,MAD,ES,"Madrid, Comunidad de",Adolfo Suarez Madrid-Barajas Airport,40.4719,-3.56264
900,EDDL,LEPA,16,Europe,Central Europe,Germany,DUS,DE,Nordrhein-Westfalen,Dusseldorf Airport,51.2895,6.76678,Europe,Southern Europe,Spain,PMI,ES,Illes Balears,Palma de Mallorca Airport,39.5517,2.73881
901,EDDL,LEVC,1,Europe,Central Europe,Germany,DUS,DE,Nordrhein-Westfalen,Dusseldorf Airport,51.2895,6.76678,Europe,Southern Europe,Spain,VLC,ES,"Valenciana, Comunidad",Valencia Airport,39.4893,-0.481625
902,EDDL,LFMN,3,Europe,Central Europe,Germany,DUS,DE,Nordrhein-Westfalen,Dusseldorf Airport,51.2895,6.76678,Europe,Western Europe,France,NCE,FR,Provence-Alpes-Cote-d'Azur,Nice Cote d'Azur Airport,43.6584,7.21587
903,EDDL,LGIR,9,Europe,Central Europe,Germany,DUS,DE,Nordrhein-Westfalen,Dusseldorf Airport,51.2895,6.76678,Europe,Southern Europe,Greece,HER,GR,Kriti,Heraklion International Airport (Nikos Kazantzakis Airport),35.3397,25.1803
904,EDDL,LGKL,1,Europe,Central Europe,Germany,DUS,DE,Nordrhein-Westfalen,Dusseldorf Airport,51.2895,6.76678,Europe,Southern Europe,Greece,KLX,GR,Peloponnisos,Kalamata International Airport,37.0683,22.0255
905,EDDL,LGKO,3,Europe,Central Europe,Germany,DUS,DE,Nordrhein-Westfalen,Dusseldorf Airport,51.2895,6.76678,Europe,Southern Europe,Greece,KGS,GR,Notio Aigaio,Kos Island International Airport,36.7933,27.0917
906,EDDL,LGKR,4,Europe,Central Europe,Germany,DUS,DE,Nordrhein-Westfalen,Dusseldorf Airport,51.2895,6.76678,Europe,Southern Europe,Greece,CFU,GR,Ionia Nisia,Corfu International Airport (Ioannis Kapodistrias Int'l Airport),39.6019,19.9117
907,EDDL,LGMK,1,Europe,Central Europe,Germany,DUS,DE,Nordrhein-Westfalen,Dusseldorf Airport,51.2895,6.76678,Europe,Southern Europe,Greece,JMK,GR,Notio Aigaio,Mykonos Island National Airport,37.4351,25.3481
908,EDDL,LGRP,1,Europe,Central Europe,Germany,DUS,DE,Nordrhein-Westfalen,Dusseldorf Airport,51.2895,6.76678,Europe,Southern Europe,Greece,RHO,GR,Notio Aigaio,Rhodes International Airport,36.4054,28.0862
909,EDDL,LGSA,2,Europe,Central Europe,Germany,DUS,DE,Nordrhein-Westfalen,Dusseldorf Airport,51.2895,6.76678,Europe,Southern Europe,Greece,CHQ,GR,Kriti,Chania International Airport,35.5317,24.1497
910,EDDL,LGSM,2,Europe,Central Europe,Germany,DUS,DE,Nordrhein-Westfalen,Dusseldorf Airport,51.2895,6.76678,Europe,Southern Europe,Greece,SMI,GR,Voreio Aigaio,Samos International Airport,37.69,26.9117
911,EDDL,LGSR,1,Europe,Central Europe,Germany,DUS,DE,Nordrhein-Westfalen,Dusseldorf Airport,51.2895,6.76678,Europe,Southern Europe,Greece,JTR,GR,Notio Aigaio,Santorini (Thira) National Airport,36.3992,25.4793
912,EDDL,LGTS,1,Europe,Central Europe,Germany,DUS,DE,Nordrhein-Westfalen,Dusseldorf Airport,51.2895,6.76678,Europe,Southern Europe,Greece,SKG,GR,Kentriki Makedonia,Thessaloniki Airport,40.5197,22.9709
913,EDDL,LGZA,2,Europe,Central Europe,Germany,DUS,DE,Nordrhein-Westfalen,Dusseldorf Airport,51.2895,6.76678,Europe,Southern Europe,Greece,ZTH,GR,Ionia Nisia,Zakynthos International Airport (Dionysios SolomosAirport),37.7509,20.8843
914,EDDL,LICA,1,Europe,Central Europe,Germany,DUS,DE,Nordrhein-Westfalen,Dusseldorf Airport,51.2895,6.76678,Europe,Southern Europe,Italy,SUF,IT,Calabria,Lamezia Terme International Airport,38.9054,16.2423
915,EDDL,LICC,1,Europe,Central Europe,Germany,DUS,DE,Nordrhein-Westfalen,Dusseldorf Airport,51.2895,6.76678,Europe,Southern Europe,Italy,CTA,IT,Sicilia,Catania-Fontanarossa Airport,37.4668,15.0664
916,EDDL,LIEO,2,Europe,Central Europe,Germany,DUS,DE,Nordrhein-Westfalen,Dusseldorf Airport,51.2895,6.76678,Europe,Southern Europe,Italy,OLB,IT,Sardegna,Olbia Costa Smeralda Airport,40.8987,9.51763
917,EDDL,LIMJ,1,Europe,Central Europe,Germany,DUS,DE,Nordrhein-Westfalen,Dusseldorf Airport,51.2895,6.76678,Europe,Southern Europe,Italy,GOA,IT,Liguria,Genoa Cristoforo Colombo Airport,44.4133,8.8375
918,EDDL,LIPE,1,Europe,Central Europe,Germany,DUS,DE,Nordrhein-Westfalen,Dusseldorf Airport,51.2895,6.76678,Europe,Southern Europe,Italy,BLQ,IT,Emilia-Romagna,Bologna Guglielmo Marconi Airport,44.5354,11.2887
919,EDDL,LJLJ,1,Europe,Central Europe,Germany,DUS,DE,Nordrhein-Westfalen,Dusseldorf Airport,51.2895,6.76678,Europe,Southern Europe,Slovenia,LJU,SI,Cerklje na Gorenjskem,Ljubljana Joze Pucnik Airport (Brnik Airport),46.2237,14.4576
920,EDDL,LMML,1,Europe,Central Europe,Germany,DUS,DE,Nordrhein-Westfalen,Dusseldorf Airport,51.2895,6.76678,Europe,Southern Europe,Malta,MLA,MT,Luqa,Malta International Airport (Luqa Airport),35.8575,14.4775
921,EDDL,LOWS,1,Europe,Central Europe,Germany,DUS,DE,Nordrhein-Westfalen,Dusseldorf Airport,51.2895,6.76678,Europe,Central Europe,Austria,SZG,AT,Salzburg,Salzburg Airport,47.7933,13.0043
922,EDDL,LPFR,3,Europe,Central Europe,Germany,DUS,DE,Nordrhein-Westfalen,Dusseldorf Airport,51.2895,6.76678,Europe,Southern Europe,Portugal,FAO,PT,Faro,Faro Airport,37.0144,-7.96591
923,EDDL,LPMA,4,Europe,Central Europe,Germany,DUS,DE,Nordrhein-Westfalen,Dusseldorf Airport,51.2895,6.76678,Europe,Southern Europe,Portugal,FNC,PT,Regiao Autonoma da Madeira,Madeira Airport,32.6979,-16.7745
924,EDDL,LPPR,1,Europe,Central Europe,Germany,DUS,DE,Nordrhein-Westfalen,Dusseldorf Airport,51.2895,6.76678,Europe,Southern Europe,Portugal,OPO,PT,Porto,Francisco Sá Carneiro Airport,41.2356,-8.67806
925,EDDL,LPPT,1,Europe,Central Europe,Germany,DUS,DE,Nordrhein-Westfalen,Dusseldorf Airport,51.2895,6.76678,Europe,Southern Europe,Portugal,LIS,PT,Lisboa,Lisbon Portela Airport,38.7813,-9.13592
926,EDDL,LQMO,1,Europe,Central Europe,Germany,DUS,DE,Nordrhein-Westfalen,Dusseldorf Airport,51.2895,6.76678,Europe,Eastern Europe,Bosnia and Herzegovina,OMO,BA,Federacija Bosne i Hercegovine,Mostar Airport,43.2829,17.8459
927,EDDL,LSGG,1,Europe,Central Europe,Germany,DUS,DE,Nordrhein-Westfalen,Dusseldorf Airport,51.2895,6.76678,Europe,Central Europe,Switzerland,GVA,CH,Geneve,Geneva Airport,46.2381,6.10895
928,EDDL,LSZH,1,Europe,Central Europe,Germany,DUS,DE,Nordrhein-Westfalen,Dusseldorf Airport,51.2895,6.76678,Europe,Central Europe,Switzerland,ZRH,CH,Zurich,Zurich Airport,47.4647,8.54917
942,EDDL,LUKK,1,Europe,Central Europe,Germany,DUS,DE,Nordrhein-Westfalen,Dusseldorf Airport,51.2895,6.76678,Europe,Eastern Europe,Moldova,RMO,MD,Chisinau,Chisinau International Airport,46.9277,28.931
943,EDDL,LYBE,1,Europe,Central Europe,Germany,DUS,DE,Nordrhein-Westfalen,Dusseldorf Airport,51.2895,6.76678,Europe,Eastern Europe,Serbia,BEG,RS,Beograd,Belgrade Nikola Tesla Airport,44.8184,20.3091
948,EDDM,BIKF,7,Europe,Central Europe,Germany,MUC,DE,Bayern,Munich Airport,48.3538,11.7861,Europe,Nordic Region,Iceland,KEF,IS,Sudurnes,Keflavík International Airport,63.985,-22.6056
952,EDDM,EBBR,3,Europe,Central Europe,Germany,MUC,DE,Bayern,Munich Airport,48.3538,11.7861,Europe,Western Europe,Belgium,BRU,BE,Brussels Hoofdstedelijk Gewest,Brussels Airport (Zaventem Airport),50.9014,4.48444
953,EDDM,EDDB,2,Europe,Central Europe,Germany,MUC,DE,Bayern,Munich Airport,48.3538,11.7861,Europe,Central Europe,Germany,BER,DE,Brandenburg,Berlin Brandenburg Airport,52.3514,13.4939
954,EDDM,EDDF,3,Europe,Central Europe,Germany,MUC,DE,Bayern,Munich Airport,48.3538,11.7861,Europe,Central Europe,Germany,FRA,DE,Hessen,Frankfurt Airport,50.0333,8.57056
955,EDDM,EDDH,7,Europe,Central Europe,Germany,MUC,DE,Bayern,Munich Airport,48.3538,11.7861,Europe,Central Europe,Germany,HAM,DE,Hamburg,Hamburg Airport,53.6304,9.98823
956,EDDM,EDDK,8,Europe,Central Europe,Germany,MUC,DE,Bayern,Munich Airport,48.3538,11.7861,Europe,Central Europe,Germany,CGN,DE,Nordrhein-Westfalen,Cologne Bonn Airport,50.8659,7.14274
957,EDDM,EDDL,7,Europe,Central Europe,Germany,MUC,DE,Bayern,Munich Airport,48.3538,11.7861,Europe,Central Europe,Germany,DUS,DE,Nordrhein-Westfalen,Dusseldorf Airport,51.2895,6.76678
958,EDDM,EDDM,1,Europe,Central Europe,Germany,MUC,DE,Bayern,Munich Airport,48.3538,11.7861,Europe,Central Europe,Germany,MUC,DE,Bayern,Munich Airport,48.3538,11.7861
959,EDDM,EDDN,1,Europe,Central Europe,Germany,MUC,DE,Bayern,Munich Airport,48.3538,11.7861,Europe,Central Europe,Germany,NUE,DE,Bayern,Nuremberg Airport,49.4987,11.0781
960,EDDM,EDDV,3,Europe,Central Europe,Germany,MUC,DE,Bayern,Munich Airport,48.3538,11.7861,Europe,Central Europe,Germany,HAJ,DE,Niedersachsen,Hannover Airport,52.4611,9.68508
961,EDDM,EDDW,2,Europe,Central Europe,Germany,MUC,DE,Bayern,Munich Airport,48.3538,11.7861,Europe,Central Europe,Germany,BRE,DE,Bremen,Bremen Airport,53.0475,8.78667
962,EDDM,EFHK,2,Europe,Central Europe,Germany,MUC,DE,Bayern,Munich Airport,48.3538,11.7861,Europe,Nordic Region,Finland,HEL,FI,Uusimaa,Helsinki Airport (Helsinki-Vantaa Airport),60.3172,24.9633
963,EDDM,EGBB,1,Europe,Central Europe,Germany,MUC,DE,Bayern,Munich Airport,48.3538,11.7861,Europe,United Kingdom,England,BHX,GB,England,Birmingham Airport,52.4539,-1.74803
964,EDDM,EGGW,3,Europe,Central Europe,Germany,MUC,DE,Bayern,Munich Airport,48.3538,11.7861,Europe,United Kingdom,England,LTN,GB,England,London Luton Airport,51.8747,-0.368333
965,EDDM,EGLL,1,Europe,Central Europe,Germany,MUC,DE,Bayern,Munich Airport,48.3538,11.7861,Europe,United Kingdom,England,LHR,GB,England,Heathrow Airport,51.4775,-0.461389
966,EDDM,EGNM,1,Europe,Central Europe,Germany,MUC,DE,Bayern,Munich Airport,48.3538,11.7861,Europe,United Kingdom,England,LBA,GB,England,Leeds Bradford Airport,53.8659,-1.66057
967,EDDM,EGNX,1,Europe,Central Europe,Germany,MUC,DE,Bayern,Munich Airport,48.3538,11.7861,Europe,United Kingdom,England,EMA,GB,England,East Midlands Airport,52.8311,-1.32806
968,EDDM,EGPH,1,Europe,Central Europe,Germany,MUC,DE,Bayern,Munich Airport,48.3538,11.7861,Europe,United Kingdom,Scotland,EDI,GB,Scotland,Edinburgh Airport,55.95,-3.3725
969,EDDM,EHAM,1,Europe,Central Europe,Germany,MUC,DE,Bayern,Munich Airport,48.3538,11.7861,Europe,Western Europe,Netherlands,AMS,NL,Noord-Holland,Amsterdam Airport Schiphol,52.3086,4.76389
970,EDDM,EHBK,1,Europe,Central Europe,Germany,MUC,DE,Bayern,Munich Airport,48.3538,11.7861,Europe,Western Europe,Netherlands,MST,NL,Limburg,Maastricht Aachen Airport,50.9117,5.77014
971,EDDM,EINN,1,Europe,Central Europe,Germany,MUC,DE,Bayern,Munich Airport,48.3538,11.7861,Europe,Western Europe,Ireland,SNN,IE,Clare,Shannon Airport,52.702,-8.92482
972,EDDM,EKCH,2,Europe,Central Europe,Germany,MUC,DE,Bayern,Munich Airport,48.3538,11.7861,Europe,Nordic Region,Denmark,CPH,DK,Hovedstaden,Copenhagen Airport,55.6179,12.656
973,EDDM,ENGM,1,Europe,Central Europe,Germany,MUC,DE,Bayern,Munich Airport,48.3538,11.7861,Europe,Nordic Region,Norway,OSL,NO,Akershus,Oslo Airport,60.1939,11.1004
974,EDDM,EPKK,1,Europe,Central Europe,Germany,MUC,DE,Bayern,Munich Airport,48.3538,11.7861,Europe,Central Europe,Poland,KRK,PL,Malopolskie,John Paul II International Airport Krakow-Balice,50.0777,19.7848
975,EDDM,EPWA,1,Europe,Central Europe,Germany,MUC,DE,Bayern,Munich Airport,48.3538,11.7861,Europe,Central Europe,Poland,WAW,PL,Mazowieckie,Warsaw Chopin Airport,52.1657,20.9671
977,EDDM,GCFV,1,Europe,Central Europe,Germany,MUC,DE,Bayern,Munich Airport,48.3538,11.7861,Europe,Southern Europe,Spain,FUE,ES,Canarias,Fuerteventura Airport,28.4527,-13.8638
1005,EDDM,LDDU,1,Europe,Central Europe,Germany,MUC,DE,Bayern,Munich Airport,48.3538,11.7861,Europe,Southern Europe,Croatia,DBV,HR,Dubrovacko-neretvanska zupanija,Dubrovnik Airport,42.5614,18.2682
1006,EDDM,LDSP,2,Europe,Central Europe,Germany,MUC,DE,Bayern,Munich Airport,48.3538,11.7861,Europe,Southern Europe,Croatia,SPU,HR,Splitsko-dalmatinska zupanija,Split Airport,43.5389,16.298
1007,EDDM,LDZA,1,Europe,Central Europe,Germany,MUC,DE,Bayern,Munich Airport,48.3538,11.7861,Europe,Southern Europe,Croatia,ZAG,HR,Grad Zagreb,Zagreb Airport,45.7429,16.0688
1008,EDDM,LEBB,2,Europe,Central Europe,Germany,MUC,DE,Bayern,Munich Airport,48.3538,11.7861,Europe,Southern Europe,Spain,BIO,ES,Pais Vasco,Bilbao Airport,43.3011,-2.91061
1009,EDDM,LEIB,1,Europe,Central Europe,Germany,MUC,DE,Bayern,Munich Airport,48.3538,11.7861,Europe,Southern Europe,Spain,IBZ,ES,Illes Balears,Ibiza Airport,38.8729,1.37312
1010,EDDM,LEJR,1,Europe,Central Europe,Germany,MUC,DE,Bayern,Munich Airport,48.3538,11.7861,Europe,Southern Europe,Spain,XRY,ES,Andalucia,Jerez Airport (La Parra Airport),36.7446,-6.06011
1011,EDDM,LEMH,1,Europe,Central Europe,Germany,MUC,DE,Bayern,Munich Airport,48.3538,11.7861,Europe,Southern Europe,Spain,MAH,ES,Illes Balears,Menorca Airport (Mahon Airport),39.8626,4.21865
1012,EDDM,LEPA,8,Europe,Central Europe,Germany,MUC,DE,Bayern,Munich Airport,48.3538,11.7861,Europe,Southern Europe,Spain,PMI,ES,Illes Balears,Palma de Mallorca Airport,39.5517,2.73881
1013,EDDM,LFBL,1,Europe,Central Europe,Germany,MUC,DE,Bayern,Munich Airport,48.3538,11.7861,Europe,Western Europe,France,LIG,FR,Nouvelle-Aquitaine,Limoges - Bellegarde Airport,45.8628,1.17944
1014,EDDM,LFLL,1,Europe,Central Europe,Germany,MUC,DE,Bayern,Munich Airport,48.3538,11.7861,Europe,Western Europe,France,LYS,FR,Auvergne-Rhone-Alpes,Lyon-Saint-Exupery Airport,45.7256,5.08111
1015,EDDM,LFMN,5,Europe,Central Europe,Germany,MUC,DE,Bayern,Munich Airport,48.3538,11.7861,Europe,Western Europe,France,NCE,FR,Provence-Alpes-Cote-d'Azur,Nice Cote d'Azur Airport,43.6584,7.21587
1016,EDDM,LFPG,1,Europe,Central Europe,Germany,MUC,DE,Bayern,Munich Airport,48.3538,11.7861,Europe,Western Europe,France,CDG,FR,Ile-de-France,Paris Charles de Gaulle Airport,49.0097,2.54778
1017,EDDM,LFSB,1,Europe,Central Europe,Germany,MUC,DE,Bayern,Munich Airport,48.3538,11.7861,Europe,Western Europe,France,BSL,CH,Basel-City,EuroAirport Basel Mulhouse Freiburg,47.59,7.52916
1018,EDDM,LFSB,1,Europe,Central Europe,Germany,MUC,DE,Bayern,Munich Airport,48.3538,11.7861,Europe,Central Europe,Switzerland,BSL,CH,Basel-City,EuroAirport Basel Mulhouse Freiburg,47.59,7.52916
1019,EDDM,LGAV,3,Europe,Central Europe,Germany,MUC,DE,Bayern,Munich Airport,48.3538,11.7861,Europe,Southern Europe,Greece,ATH,GR,Attiki,Athens International Airport (Eleftherios Venizelos Airport),37.9364,23.9445
1020,EDDM,LGIR,4,Europe,Central Europe,Germany,MUC,DE,Bayern,Munich Airport,48.3538,11.7861,Europe,Southern Europe,Greece,HER,GR,Kriti,Heraklion International Airport (Nikos Kazantzakis Airport),35.3397,25.1803
1021,EDDM,LGKF,1,Europe,Central Europe,Germany,MUC,DE,Bayern,Munich Airport,48.3538,11.7861,Europe,Southern Europe,Greece,EFL,GR,Ionia Nisia,Kefalonia International Airport,38.1201,20.5005
1022,EDDM,LGKL,1,Europe,Central Europe,Germany,MUC,DE,Bayern,Munich Airport,48.3538,11.7861,Europe,Southern Europe,Greece,KLX,GR,Peloponnisos,Kalamata International Airport,37.0683,22.0255
1023,EDDM,LGKR,2,Europe,Central Europe,Germany,MUC,DE,Bayern,Munich Airport,48.3538,11.7861,Europe,Southern Europe,Greece,CFU,GR,Ionia Nisia,Corfu International Airport (Ioannis Kapodistrias Int'l Airport),39.6019,19.9117
1024,EDDM,LGKV,2,Europe,Central Europe,Germany,MUC,DE,Bayern,Munich Airport,48.3538,11.7861,Europe,Southern Europe,Greece,KVA,GR,Anatoliki Makedonia kai Thraki,Kavala International Airport (Alexander the Great Airport),40.9133,24.6192
1025,EDDM,LGMK,5,Europe,Central Europe,Germany,MUC,DE,Bayern,Munich Airport,48.3538,11.7861,Europe,Southern Europe,Greece,JMK,GR,Notio Aigaio,Mykonos Island National Airport,37.4351,25.3481
1026,EDDM,LGPZ,1,Europe,Central Europe,Germany,MUC,DE,Bayern,Munich Airport,48.3538,11.7861,Europe,Southern Europe,Greece,PVK,GR,Ionia Nisia,Aktion National Airport,38.9255,20.7653
1027,EDDM,LGRP,1,Europe,Central Europe,Germany,MUC,DE,Bayern,Munich Airport,48.3538,11.7861,Europe,Southern Europe,Greece,RHO,GR,Notio Aigaio,Rhodes International Airport,36.4054,28.0862
1028,EDDM,LGSM,2,Europe,Central Europe,Germany,MUC,DE,Bayern,Munich Airport,48.3538,11.7861,Europe,Southern Europe,Greece,SMI,GR,Voreio Aigaio,Samos International Airport,37.69,26.9117
1029,EDDM,LGSR,3,Europe,Central Europe,Germany,MUC,DE,Bayern,Munich Airport,48.3538,11.7861,Europe,Southern Europe,Greece,JTR,GR,Notio Aigaio,Santorini (Thira) National Airport,36.3992,25.4793
1030,EDDM,LHDC,1,Europe,Central Europe,Germany,MUC,DE,Bayern,Munich Airport,48.3538,11.7861,Europe,Central Europe,Hungary,DEB,HU,Hajdu-Bihar,Debrecen International Airport,47.4889,21.6153
1031,EDDM,LIBD,5,Europe,Central Europe,Germany,MUC,DE,Bayern,Munich Airport,48.3538,11.7861,Europe,Southern Europe,Italy,BRI,IT,Puglia,Bari Karol Wojtyla Airport,41.1389,16.7606
1032,EDDM,LICJ,1,Europe,Central Europe,Germany,MUC,DE,Bayern,Munich Airport,48.3538,11.7861,Europe,Southern Europe,Italy,PMO,IT,Sicilia,Falcone-Borsellino Airport (Punta Raisi Airport),38.176,13.091
1033,EDDM,LICT,1,Europe,Central Europe,Germany,MUC,DE,Bayern,Munich Airport,48.3538,11.7861,Europe,Southern Europe,Italy,TPS,IT,Sicilia,Vincenzo Florio Airport,37.9114,12.488
1034,EDDM,LIEE,1,Europe,Central Europe,Germany,MUC,DE,Bayern,Munich Airport,48.3538,11.7861,Europe,Southern Europe,Italy,CAG,IT,Sardegna,Cagliari Elmas Airport,39.2515,9.05428
1035,EDDM,LIEO,2,Europe,Central Europe,Germany,MUC,DE,Bayern,Munich Airport,48.3538,11.7861,Europe,Southern Europe,Italy,OLB,IT,Sardegna,Olbia Costa Smeralda Airport,40.8987,9.51763
1036,EDDM,LIMC,3,Europe,Central Europe,Germany,MUC,DE,Bayern,Munich Airport,48.3538,11.7861,Europe,Southern Europe,Italy,MXP,IT,Lombardia,Milan-Malpensa Airport,45.6306,8.72811
1037,EDDM,LIMJ,1,Europe,Central Europe,Germany,MUC,DE,Bayern,Munich Airport,48.3538,11.7861,Europe,Southern Europe,Italy,GOA,IT,Liguria,Genoa Cristoforo Colombo Airport,44.4133,8.8375
1038,EDDM,LIPZ,1,Europe,Central Europe,Germany,MUC,DE,Bayern,Munich Airport,48.3538,11.7861,Europe,Southern Europe,Italy,VCE,IT,Veneto,Venice Marco Polo Airport,45.5053,12.3519
1039,EDDM,LIRF,1,Europe,Central Europe,Germany,MUC,DE,Bayern,Munich Airport,48.3538,11.7861,Europe,Southern Europe,Italy,FCO,IT,Lazio,Rome–Fiumicino International Airport,41.8003,12.2389
1040,EDDM,LKPR,1,Europe,Central Europe,Germany,MUC,DE,Bayern,Munich Airport,48.3538,11.7861,Europe,Central Europe,Czech Republic,PRG,CZ,Stredocesky kraj,Vaclav Havel Airport Prague,50.1008,14.26
1042,EDDM,LMML,2,Europe,Central Europe,Germany,MUC,DE,Bayern,Munich Airport,48.3538,11.7861,Europe,Southern Europe,Malta,MLA,MT,Luqa,Malta International Airport (Luqa Airport),35.8575,14.4775
1043,EDDM,LOWG,2,Europe,Central Europe,Germany,MUC,DE,Bayern,Munich Airport,48.3538,11.7861,Europe,Central Europe,Austria,GRZ,AT,Steiermark,Graz Airport,46.9911,15.4396
1044,EDDM,LOWW,4,Europe,Central Europe,Germany,MUC,DE,Bayern,Munich Airport,48.3538,11.7861,Europe,Central Europe,Austria,VIE,AT,Niederosterreich,Vienna International Airport,48.1103,16.5697
1045,EDDM,LPMA,5,Europe,Central Europe,Germany,MUC,DE,Bayern,Munich Airport,48.3538,11.7861,Europe,Southern Europe,Portugal,FNC,PT,Regiao Autonoma da Madeira,Madeira Airport,32.6979,-16.7745
1046,EDDM,LPPT,1,Europe,Central Europe,Germany,MUC,DE,Bayern,Munich Airport,48.3538,11.7861,Europe,Southern Europe,Portugal,LIS,PT,Lisboa,Lisbon Portela Airport,38.7813,-9.13592
1047,EDDM,LROP,1,Europe,Central Europe,Germany,MUC,DE,Bayern,Munich Airport,48.3538,11.7861,Europe,Eastern Europe,Romania,OTP,RO,Ilfov,Bucharest Henri Coandă International Airport,44.5711,26.085
1048,EDDM,LSZB,1,Europe,Central Europe,Germany,MUC,DE,Bayern,Munich Airport,48.3538,11.7861,Europe,Central Europe,Switzerland,BRN,CH,Bern,Bern Airport,46.9141,7.49715
1049,EDDM,LSZH,6,Europe,Central Europe,Germany,MUC,DE,Bayern,Munich Airport,48.3538,11.7861,Europe,Central Europe,Switzerland,ZRH,CH,Zurich,Zurich Airport,47.4647,8.54917
1053,EDDM,LYTV,1,Europe,Central Europe,Germany,MUC,DE,Bayern,Munich Airport,48.3538,11.7861,Europe,Eastern Europe,Montenegro,TIV,ME,Tivat,Tivat Airport,42.4047,18.7233
1066,EDDM,UUWW,1,Europe,Central Europe,Germany,MUC,DE,Bayern,Munich Airport,48.3538,11.7861,Europe,Eastern Europe,Russia,VKO,RU,Moskva,Vnukovo International Airport,55.5979,37.2709
1074,EDDN,EBAW,1,Europe,Central Europe,Germany,NUE,DE,Bayern,Nuremberg Airport,49.4987,11.0781,Europe,Western Europe,Belgium,ANR,BE,Antwerpen,Antwerp International Airport,51.1894,4.46028
1075,EDDN,EDDB,1,Europe,Central Europe,Germany,NUE,DE,Bayern,Nuremberg Airport,49.4987,11.0781,Europe,Central Europe,Germany,BER,DE,Brandenburg,Berlin Brandenburg Airport,52.3514,13.4939
1076,EDDN,EDDF,1,Europe,Central Europe,Germany,NUE,DE,Bayern,Nuremberg Airport,49.4987,11.0781,Europe,Central Europe,Germany,FRA,DE,Hessen,Frankfurt Airport,50.0333,8.57056
1077,EDDN,EDDH,1,Europe,Central Europe,Germany,NUE,DE,Bayern,Nuremberg Airport,49.4987,11.0781,Europe,Central Europe,Germany,HAM,DE,Hamburg,Hamburg Airport,53.6304,9.98823
1078,EDDN,EDDM,2,Europe,Central Europe,Germany,NUE,DE,Bayern,Nuremberg Airport,49.4987,11.0781,Europe,Central Europe,Germany,MUC,DE,Bayern,Munich Airport,48.3538,11.7861
1079,EDDN,EDDN,1,Europe,Central Europe,Germany,NUE,DE,Bayern,Nuremberg Airport,49.4987,11.0781,Europe,Central Europe,Germany,NUE,DE,Bayern,Nuremberg Airport,49.4987,11.0781
1080,EDDN,EDDP,1,Europe,Central Europe,Germany,NUE,DE,Bayern,Nuremberg Airport,49.4987,11.0781,Europe,Central Europe,Germany,LEJ,DE,Sachsen,Leipzig/Halle Airport,51.4239,12.2364
1081,EDDN,EDDV,1,Europe,Central Europe,Germany,NUE,DE,Bayern,Nuremberg Airport,49.4987,11.0781,Europe,Central Europe,Germany,HAJ,DE,Niedersachsen,Hannover Airport,52.4611,9.68508
1082,EDDN,EDSB,1,Europe,Central Europe,Germany,NUE,DE,Bayern,Nuremberg Airport,49.4987,11.0781,Europe,Central Europe,Germany,FKB,DE,Baden-Wurttemberg,Karlsruhe/Baden-Baden Airport,48.7794,8.0805
1087,EDDN,LEPA,4,Europe,Central Europe,Germany,NUE,DE,Bayern,Nuremberg Airport,49.4987,11.0781,Europe,Southern Europe,Spain,PMI,ES,Illes Balears,Palma de Mallorca Airport,39.5517,2.73881
1088,EDDN,LFQQ,1,Europe,Central Europe,Germany,NUE,DE,Bayern,Nuremberg Airport,49.4987,11.0781,Europe,Western Europe,France,LIL,FR,Hauts-de-France,Lille Airport (Lille-Lesquin Airport),50.5633,3.08689
1089,EDDN,LGIR,3,Europe,Central Europe,Germany,NUE,DE,Bayern,Nuremberg Airport,49.4987,11.0781,Europe,Southern Europe,Greece,HER,GR,Kriti,Heraklion International Airport (Nikos Kazantzakis Airport),35.3397,25.1803
1090,EDDN,LKKV,1,Europe,Central Europe,Germany,NUE,DE,Bayern,Nuremberg Airport,49.4987,11.0781,Europe,Central Europe,Czech Republic,KLV,CZ,Karlovarsky kraj,Karlovy Vary Airport,50.203,12.915
1091,EDDN,LPMA,2,Europe,Central Europe,Germany,NUE,DE,Bayern,Nuremberg Airport,49.4987,11.0781,Europe,Southern Europe,Portugal,FNC,PT,Regiao Autonoma da Madeira,Madeira Airport,32.6979,-16.7745
1095,EDDN,LUKK,2,Europe,Central Europe,Germany,NUE,DE,Bayern,Nuremberg Airport,49.4987,11.0781,Europe,Eastern Europe,Moldova,RMO,MD,Chisinau,Chisinau International Airport,46.9277,28.931
1097,EDDP,EBBR,2,Europe,Central Europe,Germany,LEJ,DE,Sachsen,Leipzig/Halle Airport,51.4239,12.2364,Europe,Western Europe,Belgium,BRU,BE,Brussels Hoofdstedelijk Gewest,Brussels Airport (Zaventem Airport),50.9014,4.48444
1098,EDDP,EDDF,9,Europe,Central Europe,Germany,LEJ,DE,Sachsen,Leipzig/Halle Airport,51.4239,12.2364,Europe,Central Europe,Germany,FRA,DE,Hessen,Frankfurt Airport,50.0333,8.57056
1099,EDDP,EDDN,1,Europe,Central Europe,Germany,LEJ,DE,Sachsen,Leipzig/Halle Airport,51.4239,12.2364,Europe,Central Europe,Germany,NUE,DE,Bayern,Nuremberg Airport,49.4987,11.0781
1100,EDDP,EDDS,1,Europe,Central Europe,Germany,LEJ,DE,Sachsen,Leipzig/Halle Airport,51.4239,12.2364,Europe,Central Europe,Germany,STR,DE,Baden-Wurttemberg,Stuttgart Airport,48.6899,9.22196
1101,EDDP,EDDV,1,Europe,Central Europe,Germany,LEJ,DE,Sachsen,Leipzig/Halle Airport,51.4239,12.2364,Europe,Central Europe,Germany,HAJ,DE,Niedersachsen,Hannover Airport,52.4611,9.68508
1102,EDDP,EDNY,1,Europe,Central Europe,Germany,LEJ,DE,Sachsen,Leipzig/Halle Airport,51.4239,12.2364,Europe,Central Europe,Germany,FDH,DE,Baden-Wurttemberg,Friedrichshafen Airport (Bodensee Airport),47.6713,9.51149
1103,EDDP,EGCC,1,Europe,Central Europe,Germany,LEJ,DE,Sachsen,Leipzig/Halle Airport,51.4239,12.2364,Europe,United Kingdom,England,MAN,GB,England,Manchester Airport,53.3537,-2.27495
1104,EDDP,EGNX,1,Europe,Central Europe,Germany,LEJ,DE,Sachsen,Leipzig/Halle Airport,51.4239,12.2364,Europe,United Kingdom,England,EMA,GB,England,East Midlands Airport,52.8311,-1.32806
1109,EDDP,LEJR,1,Europe,Central Europe,Germany,LEJ,DE,Sachsen,Leipzig/Halle Airport,51.4239,12.2364,Europe,Southern Europe,Spain,XRY,ES,Andalucia,Jerez Airport (La Parra Airport),36.7446,-6.06011
1110,EDDP,LEPA,2,Europe,Central Europe,Germany,LEJ,DE,Sachsen,Leipzig/Halle Airport,51.4239,12.2364,Europe,Southern Europe,Spain,PMI,ES,Illes Balears,Palma de Mallorca Airport,39.5517,2.73881
1111,EDDP,LGIR,2,Europe,Central Europe,Germany,LEJ,DE,Sachsen,Leipzig/Halle Airport,51.4239,12.2364,Europe,Southern Europe,Greece,HER,GR,Kriti,Heraklion International Airport (Nikos Kazantzakis Airport),35.3397,25.1803
1112,EDDP,LGKO,1,Europe,Central Europe,Germany,LEJ,DE,Sachsen,Leipzig/Halle Airport,51.4239,12.2364,Europe,Southern Europe,Greece,KGS,GR,Notio Aigaio,Kos Island International Airport,36.7933,27.0917
1113,EDDP,LGKR,1,Europe,Central Europe,Germany,LEJ,DE,Sachsen,Leipzig/Halle Airport,51.4239,12.2364,Europe,Southern Europe,Greece,CFU,GR,Ionia Nisia,Corfu International Airport (Ioannis Kapodistrias Int'l Airport),39.6019,19.9117
1114,EDDP,LHBP,1,Europe,Central Europe,Germany,LEJ,DE,Sachsen,Leipzig/Halle Airport,51.4239,12.2364,Europe,Central Europe,Hungary,BUD,HU,Budapest,Budapest Ferenc Liszt International Airport,47.4298,19.2611
1115,EDDP,LIMC,1,Europe,Central Europe,Germany,LEJ,DE,Sachsen,Leipzig/Halle Airport,51.4239,12.2364,Europe,Southern Europe,Italy,MXP,IT,Lombardia,Milan-Malpensa Airport,45.6306,8.72811
1116,EDDP,LOWS,1,Europe,Central Europe,Germany,LEJ,DE,Sachsen,Leipzig/Halle Airport,51.4239,12.2364,Europe,Central Europe,Austria,SZG,AT,Salzburg,Salzburg Airport,47.7933,13.0043
1125,EDDS,BIKF,1,Europe,Central Europe,Germany,STR,DE,Baden-Wurttemberg,Stuttgart Airport,48.6899,9.22196,Europe,Nordic Region,Iceland,KEF,IS,Sudurnes,Keflavík International Airport,63.985,-22.6056
1127,EDDS,EDDB,1,Europe,Central Europe,Germany,STR,DE,Baden-Wurttemberg,Stuttgart Airport,48.6899,9.22196,Europe,Central Europe,Germany,BER,DE,Brandenburg,Berlin Brandenburg Airport,52.3514,13.4939
1128,EDDS,EDDH,1,Europe,Central Europe,Germany,STR,DE,Baden-Wurttemberg,Stuttgart Airport,48.6899,9.22196,Europe,Central Europe,Germany,HAM,DE,Hamburg,Hamburg Airport,53.6304,9.98823
1129,EDDS,EDDL,1,Europe,Central Europe,Germany,STR,DE,Baden-Wurttemberg,Stuttgart Airport,48.6899,9.22196,Europe,Central Europe,Germany,DUS,DE,Nordrhein-Westfalen,Dusseldorf Airport,51.2895,6.76678
1130,EDDS,EDDM,1,Europe,Central Europe,Germany,STR,DE,Baden-Wurttemberg,Stuttgart Airport,48.6899,9.22196,Europe,Central Europe,Germany,MUC,DE,Bayern,Munich Airport,48.3538,11.7861
1131,EDDS,EIDW,1,Europe,Central Europe,Germany,STR,DE,Baden-Wurttemberg,Stuttgart Airport,48.6899,9.22196,Europe,Western Europe,Ireland,DUB,IE,Dublin,Dublin Airport,53.4213,-6.27007
1136,EDDS,LDSP,1,Europe,Central Europe,Germany,STR,DE,Baden-Wurttemberg,Stuttgart Airport,48.6899,9.22196,Europe,Southern Europe,Croatia,SPU,HR,Splitsko-dalmatinska zupanija,Split Airport,43.5389,16.298
1137,EDDS,LEPA,1,Europe,Central Europe,Germany,STR,DE,Baden-Wurttemberg,Stuttgart Airport,48.6899,9.22196,Europe,Southern Europe,Spain,PMI,ES,Illes Balears,Palma de Mallorca Airport,39.5517,2.73881
1138,EDDS,LEVC,1,Europe,Central Europe,Germany,STR,DE,Baden-Wurttemberg,Stuttgart Airport,48.6899,9.22196,Europe,Southern Europe,Spain,VLC,ES,"Valenciana, Comunidad",Valencia Airport,39.4893,-0.481625
1139,EDDS,LFMN,1,Europe,Central Europe,Germany,STR,DE,Baden-Wurttemberg,Stuttgart Airport,48.6899,9.22196,Europe,Western Europe,France,NCE,FR,Provence-Alpes-Cote-d'Azur,Nice Cote d'Azur Airport,43.6584,7.21587
1140,EDDS,LGRP,1,Europe,Central Europe,Germany,STR,DE,Baden-Wurttemberg,Stuttgart Airport,48.6899,9.22196,Europe,Southern Europe,Greece,RHO,GR,Notio Aigaio,Rhodes International Airport,36.4054,28.0862
1141,EDDS,LGZA,1,Europe,Central Europe,Germany,STR,DE,Baden-Wurttemberg,Stuttgart Airport,48.6899,9.22196,Europe,Southern Europe,Greece,ZTH,GR,Ionia Nisia,Zakynthos International Airport (Dionysios SolomosAirport),37.7509,20.8843
1142,EDDS,LICA,1,Europe,Central Europe,Germany,STR,DE,Baden-Wurttemberg,Stuttgart Airport,48.6899,9.22196,Europe,Southern Europe,Italy,SUF,IT,Calabria,Lamezia Terme International Airport,38.9054,16.2423
1143,EDDS,LICJ,1,Europe,Central Europe,Germany,STR,DE,Baden-Wurttemberg,Stuttgart Airport,48.6899,9.22196,Europe,Southern Europe,Italy,PMO,IT,Sicilia,Falcone-Borsellino Airport (Punta Raisi Airport),38.176,13.091
1144,EDDS,LIEO,1,Europe,Central Europe,Germany,STR,DE,Baden-Wurttemberg,Stuttgart Airport,48.6899,9.22196,Europe,Southern Europe,Italy,OLB,IT,Sardegna,Olbia Costa Smeralda Airport,40.8987,9.51763
1145,EDDS,LIRF,1,Europe,Central Europe,Germany,STR,DE,Baden-Wurttemberg,Stuttgart Airport,48.6899,9.22196,Europe,Southern Europe,Italy,FCO,IT,Lazio,Rome–Fiumicino International Airport,41.8003,12.2389
1146,EDDS,LOWW,2,Europe,Central Europe,Germany,STR,DE,Baden-Wurttemberg,Stuttgart Airport,48.6899,9.22196,Europe,Central Europe,Austria,VIE,AT,Niederosterreich,Vienna International Airport,48.1103,16.5697
1147,EDDS,LPFR,1,Europe,Central Europe,Germany,STR,DE,Baden-Wurttemberg,Stuttgart Airport,48.6899,9.22196,Europe,Southern Europe,Portugal,FAO,PT,Faro,Faro Airport,37.0144,-7.96591
1148,EDDS,LQMO,1,Europe,Central Europe,Germany,STR,DE,Baden-Wurttemberg,Stuttgart Airport,48.6899,9.22196,Europe,Eastern Europe,Bosnia and Herzegovina,OMO,BA,Federacija Bosne i Hercegovine,Mostar Airport,43.2829,17.8459
1149,EDDS,LSZH,1,Europe,Central Europe,Germany,STR,DE,Baden-Wurttemberg,Stuttgart Airport,48.6899,9.22196,Europe,Central Europe,Switzerland,ZRH,CH,Zurich,Zurich Airport,47.4647,8.54917
1156,EDDV,EDDF,3,Europe,Central Europe,Germany,HAJ,DE,Niedersachsen,Hannover Airport,52.4611,9.68508,Europe,Central Europe,Germany,FRA,DE,Hessen,Frankfurt Airport,50.0333,8.57056
1157,EDDV,EDDK,1,Europe,Central Europe,Germany,HAJ,DE,Niedersachsen,Hannover Airport,52.4611,9.68508,Europe,Central Europe,Germany,CGN,DE,Nordrhein-Westfalen,Cologne Bonn Airport,50.8659,7.14274
1158,EDDV,EDDM,1,Europe,Central Europe,Germany,HAJ,DE,Niedersachsen,Hannover Airport,52.4611,9.68508,Europe,Central Europe,Germany,MUC,DE,Bayern,Munich Airport,48.3538,11.7861
1159,EDDV,EDDP,1,Europe,Central Europe,Germany,HAJ,DE,Niedersachsen,Hannover Airport,52.4611,9.68508,Europe,Central Europe,Germany,LEJ,DE,Sachsen,Leipzig/Halle Airport,51.4239,12.2364
1160,EDDV,EGPF,1,Europe,Central Europe,Germany,HAJ,DE,Niedersachsen,Hannover Airport,52.4611,9.68508,Europe,United Kingdom,Scotland,GLA,GB,Scotland,Glasgow Airport,55.8719,-4.43306
1161,EDDV,EHAM,1,Europe,Central Europe,Germany,HAJ,DE,Niedersachsen,Hannover Airport,52.4611,9.68508,Europe,Western Europe,Netherlands,AMS,NL,Noord-Holland,Amsterdam Airport Schiphol,52.3086,4.76389
1162,EDDV,EKCH,1,Europe,Central Europe,Germany,HAJ,DE,Niedersachsen,Hannover Airport,52.4611,9.68508,Europe,Nordic Region,Denmark,CPH,DK,Hovedstaden,Copenhagen Airport,55.6179,12.656
1163,EDDV,ENTC,1,Europe,Central Europe,Germany,HAJ,DE,Niedersachsen,Hannover Airport,52.4611,9.68508,Europe,Nordic Region,Norway,TOS,NO,Troms,Tromse Airport,69.6833,18.9189
1164,EDDV,ESSA,1,Europe,Central Europe,Germany,HAJ,DE,Niedersachsen,Hannover Airport,52.4611,9.68508,Europe,Nordic Region,Sweden,ARN,SE,Stockholms lan,Stockholm Arlanda Airport,59.6519,17.9186
1165,EDDV,GCFV,1,Europe,Central Europe,Germany,HAJ,DE,Niedersachsen,Hannover Airport,52.4611,9.68508,Europe,Southern Europe,Spain,FUE,ES,Canarias,Fuerteventura Airport,28.4527,-13.8638
1166,EDDV,GCTS,1,Europe,Central Europe,Germany,HAJ,DE,Niedersachsen,Hannover Airport,52.4611,9.68508,Europe,Southern Europe,Spain,TFS,ES,Canarias,Tenerife South Airport,28.046,-16.5728
1169,EDDV,LBBG,2,Europe,Central Europe,Germany,HAJ,DE,Niedersachsen,Hannover Airport,52.4611,9.68508,Europe,Eastern Europe,Bulgaria,BOJ,BG,Burgas,Burgas Airport,42.5696,27.5152
1170,EDDV,LDZA,1,Europe,Central Europe,Germany,HAJ,DE,Niedersachsen,Hannover Airport,52.4611,9.68508,Europe,Southern Europe,Croatia,ZAG,HR,Grad Zagreb,Zagreb Airport,45.7429,16.0688
1171,EDDV,LECO,1,Europe,Central Europe,Germany,HAJ,DE,Niedersachsen,Hannover Airport,52.4611,9.68508,Europe,Southern Europe,Spain,LCG,ES,Galicia,A Coruna Airport,43.3021,-8.37726
1172,EDDV,LEJR,1,Europe,Central Europe,Germany,HAJ,DE,Niedersachsen,Hannover Airport,52.4611,9.68508,Europe,Southern Europe,Spain,XRY,ES,Andalucia,Jerez Airport (La Parra Airport),36.7446,-6.06011
1173,EDDV,LEMD,1,Europe,Central Europe,Germany,HAJ,DE,Niedersachsen,Hannover Airport,52.4611,9.68508,Europe,Southern Europe,Spain,MAD,ES,"Madrid, Comunidad de",Adolfo Suarez Madrid-Barajas Airport,40.4719,-3.56264
1174,EDDV,LEMG,2,Europe,Central Europe,Germany,HAJ,DE,Niedersachsen,Hannover Airport,52.4611,9.68508,Europe,Southern Europe,Spain,AGP,ES,Andalucia,Malaga Airport,36.6749,-4.49911
1175,EDDV,LEPA,8,Europe,Central Europe,Germany,HAJ,DE,Niedersachsen,Hannover Airport,52.4611,9.68508,Europe,Southern Europe,Spain,PMI,ES,Illes Balears,Palma de Mallorca Airport,39.5517,2.73881
1176,EDDV,LFST,1,Europe,Central Europe,Germany,HAJ,DE,Niedersachsen,Hannover Airport,52.4611,9.68508,Europe,Western Europe,France,SXB,FR,Grand-Est,Strasbourg Airport,48.5383,7.62823
1177,EDDV,LGIR,1,Europe,Central Europe,Germany,HAJ,DE,Niedersachsen,Hannover Airport,52.4611,9.68508,Europe,Southern Europe,Greece,HER,GR,Kriti,Heraklion International Airport (Nikos Kazantzakis Airport),35.3397,25.1803
1178,EDDV,LGKO,1,Europe,Central Europe,Germany,HAJ,DE,Niedersachsen,Hannover Airport,52.4611,9.68508,Europe,Southern Europe,Greece,KGS,GR,Notio Aigaio,Kos Island International Airport,36.7933,27.0917
1179,EDDV,LGRP,1,Europe,Central Europe,Germany,HAJ,DE,Niedersachsen,Hannover Airport,52.4611,9.68508,Europe,Southern Europe,Greece,RHO,GR,Notio Aigaio,Rhodes International Airport,36.4054,28.0862
1180,EDDV,LGTS,1,Europe,Central Europe,Germany,HAJ,DE,Niedersachsen,Hannover Airport,52.4611,9.68508,Europe,Southern Europe,Greece,SKG,GR,Kentriki Makedonia,Thessaloniki Airport,40.5197,22.9709
1181,EDDV,LIEO,2,Europe,Central Europe,Germany,HAJ,DE,Niedersachsen,Hannover Airport,52.4611,9.68508,Europe,Southern Europe,Italy,OLB,IT,Sardegna,Olbia Costa Smeralda Airport,40.8987,9.51763
1182,EDDV,LIMC,1,Europe,Central Europe,Germany,HAJ,DE,Niedersachsen,Hannover Airport,52.4611,9.68508,Europe,Southern Europe,Italy,MXP,IT,Lombardia,Milan-Malpensa Airport,45.6306,8.72811
1183,EDDV,LIMF,1,Europe,Central Europe,Germany,HAJ,DE,Niedersachsen,Hannover Airport,52.4611,9.68508,Europe,Southern Europe,Italy,TRN,IT,Piemonte,Turin Airport (Caselle Airport),45.2008,7.64963
1184,EDDV,LOWK,1,Europe,Central Europe,Germany,HAJ,DE,Niedersachsen,Hannover Airport,52.4611,9.68508,Europe,Central Europe,Austria,KLU,AT,Karnten,Klagenfurt Airport,46.6425,14.3377
1185,EDDV,LOWS,1,Europe,Central Europe,Germany,HAJ,DE,Niedersachsen,Hannover Airport,52.4611,9.68508,Europe,Central Europe,Austria,SZG,AT,Salzburg,Salzburg Airport,47.7933,13.0043
1186,EDDV,LPFR,2,Europe,Central Europe,Germany,HAJ,DE,Niedersachsen,Hannover Airport,52.4611,9.68508,Europe,Southern Europe,Portugal,FAO,PT,Faro,Faro Airport,37.0144,-7.96591
1187,EDDV,LPPT,1,Europe,Central Europe,Germany,HAJ,DE,Niedersachsen,Hannover Airport,52.4611,9.68508,Europe,Southern Europe,Portugal,LIS,PT,Lisboa,Lisbon Portela Airport,38.7813,-9.13592
1188,EDDV,LSZB,1,Europe,Central Europe,Germany,HAJ,DE,Niedersachsen,Hannover Airport,52.4611,9.68508,Europe,Central Europe,Switzerland,BRN,CH,Bern,Bern Airport,46.9141,7.49715
1190,EDDW,BIKF,1,Europe,Central Europe,Germany,BRE,DE,Bremen,Bremen Airport,53.0475,8.78667,Europe,Nordic Region,Iceland,KEF,IS,Sudurnes,Keflavík International Airport,63.985,-22.6056
1191,EDDW,EDDH,1,Europe,Central Europe,Germany,BRE,DE,Bremen,Bremen Airport,53.0475,8.78667,Europe,Central Europe,Germany,HAM,DE,Hamburg,Hamburg Airport,53.6304,9.98823
1192,EDDW,EDDV,1,Europe,Central Europe,Germany,BRE,DE,Bremen,Bremen Airport,53.0475,8.78667,Europe,Central Europe,Germany,HAJ,DE,Niedersachsen,Hannover Airport,52.4611,9.68508
1193,EDDW,EGGW,1,Europe,Central Europe,Germany,BRE,DE,Bremen,Bremen Airport,53.0475,8.78667,Europe,United Kingdom,England,LTN,GB,England,London Luton Airport,51.8747,-0.368333
1194,EDDW,LBSF,1,Europe,Central Europe,Germany,BRE,DE,Bremen,Bremen Airport,53.0475,8.78667,Europe,Eastern Europe,Bulgaria,SOF,BG,Sofia,Sofia Airport,42.6967,23.4114
1195,EDDW,LEPA,1,Europe,Central Europe,Germany,BRE,DE,Bremen,Bremen Airport,53.0475,8.78667,Europe,Southern Europe,Spain,PMI,ES,Illes Balears,Palma de Mallorca Airport,39.5517,2.73881
1196,EDDW,LGIR,14,Europe,Central Europe,Germany,BRE,DE,Bremen,Bremen Airport,53.0475,8.78667,Europe,Southern Europe,Greece,HER,GR,Kriti,Heraklion International Airport (Nikos Kazantzakis Airport),35.3397,25.1803
1197,EDDW,LGRP,2,Europe,Central Europe,Germany,BRE,DE,Bremen,Bremen Airport,53.0475,8.78667,Europe,Southern Europe,Greece,RHO,GR,Notio Aigaio,Rhodes International Airport,36.4054,28.0862
1198,EDDW,LICJ,1,Europe,Central Europe,Germany,BRE,DE,Bremen,Bremen Airport,53.0475,8.78667,Europe,Southern Europe,Italy,PMO,IT,Sicilia,Falcone-Borsellino Airport (Punta Raisi Airport),38.176,13.091
1199,EDDW,LUKK,1,Europe,Central Europe,Germany,BRE,DE,Bremen,Bremen Airport,53.0475,8.78667,Europe,Eastern Europe,Moldova,RMO,MD,Chisinau,Chisinau International Airport,46.9277,28.931
1201,EDFH,EDDF,3,Europe,Central Europe,Germany,HHN,DE,Rheinland-Pfalz,Frankfurt-Hahn Airport,49.9487,7.26389,Europe,Central Europe,Germany,FRA,DE,Hessen,Frankfurt Airport,50.0333,8.57056
1202,EDFH,EGSS,1,Europe,Central Europe,Germany,HHN,DE,Rheinland-Pfalz,Frankfurt-Hahn Airport,49.9487,7.26389,Europe,United Kingdom,England,STN,GB,England,London Stansted Airport,51.885,0.235
1203,EDFH,EIDW,1,Europe,Central Europe,Germany,HHN,DE,Rheinland-Pfalz,Frankfurt-Hahn Airport,49.9487,7.26389,Europe,Western Europe,Ireland,DUB,IE,Dublin,Dublin Airport,53.4213,-6.27007
1204,EDFH,ELLX,1,Europe,Central Europe,Germany,HHN,DE,Rheinland-Pfalz,Frankfurt-Hahn Airport,49.9487,7.26389,Europe,Western Europe,Luxembourg,LUX,LU,Luxembourg,Luxembourg Findel Airport,49.6233,6.20444
1214,EDFH,LATI,1,Europe,Central Europe,Germany,HHN,DE,Rheinland-Pfalz,Frankfurt-Hahn Airport,49.9487,7.26389,Europe,Eastern Europe,Albania,TIA,IR,Azarbayjan-e Gharbi,Tirana International Airport,41.4147,19.7206
1215,EDFH,LBSF,1,Europe,Central Europe,Germany,HHN,DE,Rheinland-Pfalz,Frankfurt-Hahn Airport,49.9487,7.26389,Europe,Eastern Europe,Bulgaria,SOF,BG,Sofia,Sofia Airport,42.6967,23.4114
1217,EDFH,LDZD,1,Europe,Central Europe,Germany,HHN,DE,Rheinland-Pfalz,Frankfurt-Hahn Airport,49.9487,7.26389,Europe,Southern Europe,Croatia,ZAD,HR,Zadarska zupanija,Zadar Airport,44.1083,15.3467
1218,EDFH,LEBL,1,Europe,Central Europe,Germany,HHN,DE,Rheinland-Pfalz,Frankfurt-Hahn Airport,49.9487,7.26389,Europe,Southern Europe,Spain,BCN,ES,Catalunya,Barcelona El Prat Airport,41.2971,2.07846
1219,EDFH,LEGE,1,Europe,Central Europe,Germany,HHN,DE,Rheinland-Pfalz,Frankfurt-Hahn Airport,49.9487,7.26389,Europe,Southern Europe,Spain,GRO,ES,Catalunya,Girona-Costa Brava Airport,41.901,2.76055
1220,EDFH,LEPA,1,Europe,Central Europe,Germany,HHN,DE,Rheinland-Pfalz,Frankfurt-Hahn Airport,49.9487,7.26389,Europe,Southern Europe,Spain,PMI,ES,Illes Balears,Palma de Mallorca Airport,39.5517,2.73881
1221,EDFH,LEZL,1,Europe,Central Europe,Germany,HHN,DE,Rheinland-Pfalz,Frankfurt-Hahn Airport,49.9487,7.26389,Europe,Southern Europe,Spain,SVQ,ES,Andalucia,Seville Airport,37.418,-5.89311
1222,EDFH,LHBP,1,Europe,Central Europe,Germany,HHN,DE,Rheinland-Pfalz,Frankfurt-Hahn Airport,49.9487,7.26389,Europe,Central Europe,Hungary,BUD,HU,Budapest,Budapest Ferenc Liszt International Airport,47.4298,19.2611
1223,EDFH,LICA,1,Europe,Central Europe,Germany,HHN,DE,Rheinland-Pfalz,Frankfurt-Hahn Airport,49.9487,7.26389,Europe,Southern Europe,Italy,SUF,IT,Calabria,Lamezia Terme International Airport,38.9054,16.2423
1224,EDFH,LICJ,1,Europe,Central Europe,Germany,HHN,DE,Rheinland-Pfalz,Frankfurt-Hahn Airport,49.9487,7.26389,Europe,Southern Europe,Italy,PMO,IT,Sicilia,Falcone-Borsellino Airport (Punta Raisi Airport),38.176,13.091
1225,EDFH,LIEA,1,Europe,Central Europe,Germany,HHN,DE,Rheinland-Pfalz,Frankfurt-Hahn Airport,49.9487,7.26389,Europe,Southern Europe,Italy,AHO,IT,Sardegna,Alghero-Fertilia Airport,40.6321,8.29077
1226,EDFH,LIME,2,Europe,Central Europe,Germany,HHN,DE,Rheinland-Pfalz,Frankfurt-Hahn Airport,49.9487,7.26389,Europe,Southern Europe,Italy,BGY,IT,Lombardia,Milan Bergamo Airport,45.66546,9.69948
1227,EDFH,LPPR,1,Europe,Central Europe,Germany,HHN,DE,Rheinland-Pfalz,Frankfurt-Hahn Airport,49.9487,7.26389,Europe,Southern Europe,Portugal,OPO,PT,Porto,Francisco Sá Carneiro Airport,41.2356,-8.67806
1228,EDFH,LYNI,1,Europe,Central Europe,Germany,HHN,DE,Rheinland-Pfalz,Frankfurt-Hahn Airport,49.9487,7.26389,Europe,Eastern Europe,Serbia,INI,RS,Nisavski okrug,Nis Constantine the Great Airport,43.3373,21.8537
1229,EDHL,EDDH,1,Europe,Central Europe,Germany,LBC,DE,Schleswig-Holstein,Lubeck Airport,53.8054,10.7192,Europe,Central Europe,Germany,HAM,DE,Hamburg,Hamburg Airport,53.6304,9.98823
1230,EDHL,EGLC,1,Europe,Central Europe,Germany,LBC,DE,Schleswig-Holstein,Lubeck Airport,53.8054,10.7192,Europe,United Kingdom,England,LCY,GB,England,London City Airport,51.5053,0.055278
1231,EDHL,EGSS,1,Europe,Central Europe,Germany,LBC,DE,Schleswig-Holstein,Lubeck Airport,53.8054,10.7192,Europe,United Kingdom,England,STN,GB,England,London Stansted Airport,51.885,0.235
1232,EDHL,LEPA,1,Europe,Central Europe,Germany,LBC,DE,Schleswig-Holstein,Lubeck Airport,53.8054,10.7192,Europe,Southern Europe,Spain,PMI,ES,Illes Balears,Palma de Mallorca Airport,39.5517,2.73881
1233,EDJA,GCTS,1,Europe,Central Europe,Germany,FMM,DE,Bayern,Memmingen Airport,47.9888,10.2395,Europe,Southern Europe,Spain,TFS,ES,Canarias,Tenerife South Airport,28.046,-16.5728
1235,EDJA,LEPA,1,Europe,Central Europe,Germany,FMM,DE,Bayern,Memmingen Airport,47.9888,10.2395,Europe,Southern Europe,Spain,PMI,ES,Illes Balears,Palma de Mallorca Airport,39.5517,2.73881
1236,EDJA,LGIR,8,Europe,Central Europe,Germany,FMM,DE,Bayern,Memmingen Airport,47.9888,10.2395,Europe,Southern Europe,Greece,HER,GR,Kriti,Heraklion International Airport (Nikos Kazantzakis Airport),35.3397,25.1803
1237,EDJA,LHBP,1,Europe,Central Europe,Germany,FMM,DE,Bayern,Memmingen Airport,47.9888,10.2395,Europe,Central Europe,Hungary,BUD,HU,Budapest,Budapest Ferenc Liszt International Airport,47.4298,19.2611
1238,EDJA,LIBR,1,Europe,Central Europe,Germany,FMM,DE,Bayern,Memmingen Airport,47.9888,10.2395,Europe,Southern Europe,Italy,BDS,IT,Puglia,Brindisi - Salento Airport,40.6576,17.947
1239,EDJA,LQBK,1,Europe,Central Europe,Germany,FMM,DE,Bayern,Memmingen Airport,47.9888,10.2395,Europe,Eastern Europe,Bosnia and Herzegovina,BNX,BA,Republika Srpska,Banja Luka International Airport,44.9414,17.2975
1240,EDJA,LQTZ,1,Europe,Central Europe,Germany,FMM,DE,Bayern,Memmingen Airport,47.9888,10.2395,Europe,Eastern Europe,Bosnia and Herzegovina,TZL,BA,Federacija Bosne i Hercegovine,Tuzla International Airport,44.4587,18.7248
1242,EDLV,EDDH,1,Europe,Central Europe,Germany,NRN,DE,Nordrhein-Westfalen,Weeze Airport (Niederrhein Airport),51.6024,6.14217,Europe,Central Europe,Germany,HAM,DE,Hamburg,Hamburg Airport,53.6304,9.98823
1243,EDLV,EGPH,2,Europe,Central Europe,Germany,NRN,DE,Nordrhein-Westfalen,Weeze Airport (Niederrhein Airport),51.6024,6.14217,Europe,United Kingdom,Scotland,EDI,GB,Scotland,Edinburgh Airport,55.95,-3.3725
1244,EDLV,EPSY,1,Europe,Central Europe,Germany,NRN,DE,Nordrhein-Westfalen,Weeze Airport (Niederrhein Airport),51.6024,6.14217,Europe,Central Europe,Poland,SZY,PL,Warminsko-mazurskie,Olsztyn-Mazury Regional Airport,53.4819,20.9377
1249,EDLV,LDZD,1,Europe,Central Europe,Germany,NRN,DE,Nordrhein-Westfalen,Weeze Airport (Niederrhein Airport),51.6024,6.14217,Europe,Southern Europe,Croatia,ZAD,HR,Zadarska zupanija,Zadar Airport,44.1083,15.3467
1250,EDLV,LEAL,1,Europe,Central Europe,Germany,NRN,DE,Nordrhein-Westfalen,Weeze Airport (Niederrhein Airport),51.6024,6.14217,Europe,Southern Europe,Spain,ALC,ES,"Valenciana, Comunidad",Alicante-Elche Airport,38.2822,-0.558156
1251,EDLV,LEGE,1,Europe,Central Europe,Germany,NRN,DE,Nordrhein-Westfalen,Weeze Airport (Niederrhein Airport),51.6024,6.14217,Europe,Southern Europe,Spain,GRO,ES,Catalunya,Girona-Costa Brava Airport,41.901,2.76055
1252,EDLV,LEPA,2,Europe,Central Europe,Germany,NRN,DE,Nordrhein-Westfalen,Weeze Airport (Niederrhein Airport),51.6024,6.14217,Europe,Southern Europe,Spain,PMI,ES,Illes Balears,Palma de Mallorca Airport,39.5517,2.73881
1253,EDLV,LGKR,2,Europe,Central Europe,Germany,NRN,DE,Nordrhein-Westfalen,Weeze Airport (Niederrhein Airport),51.6024,6.14217,Europe,Southern Europe,Greece,CFU,GR,Ionia Nisia,Corfu International Airport (Ioannis Kapodistrias Int'l Airport),39.6019,19.9117
1254,EDLV,LGSA,1,Europe,Central Europe,Germany,NRN,DE,Nordrhein-Westfalen,Weeze Airport (Niederrhein Airport),51.6024,6.14217,Europe,Southern Europe,Greece,CHQ,GR,Kriti,Chania International Airport,35.5317,24.1497
1255,EDLV,LGTS,1,Europe,Central Europe,Germany,NRN,DE,Nordrhein-Westfalen,Weeze Airport (Niederrhein Airport),51.6024,6.14217,Europe,Southern Europe,Greece,SKG,GR,Kentriki Makedonia,Thessaloniki Airport,40.5197,22.9709
1256,EDLV,LIBD,1,Europe,Central Europe,Germany,NRN,DE,Nordrhein-Westfalen,Weeze Airport (Niederrhein Airport),51.6024,6.14217,Europe,Southern Europe,Italy,BRI,IT,Puglia,Bari Karol Wojtyla Airport,41.1389,16.7606
1257,EDLW,EDDV,1,Europe,Central Europe,Germany,DTM,DE,Nordrhein-Westfalen,Dortmund Airport,51.5183,7.61224,Europe,Central Europe,Germany,HAJ,DE,Niedersachsen,Hannover Airport,52.4611,9.68508
1258,EDLW,EPKT,2,Europe,Central Europe,Germany,DTM,DE,Nordrhein-Westfalen,Dortmund Airport,51.5183,7.61224,Europe,Central Europe,Poland,KTW,PL,Slaskie,Katowice International Airport,50.4743,19.08
1259,EDLW,LDSP,1,Europe,Central Europe,Germany,DTM,DE,Nordrhein-Westfalen,Dortmund Airport,51.5183,7.61224,Europe,Southern Europe,Croatia,SPU,HR,Splitsko-dalmatinska zupanija,Split Airport,43.5389,16.298
1260,EDLW,LEPA,1,Europe,Central Europe,Germany,DTM,DE,Nordrhein-Westfalen,Dortmund Airport,51.5183,7.61224,Europe,Southern Europe,Spain,PMI,ES,Illes Balears,Palma de Mallorca Airport,39.5517,2.73881
1261,EDLW,LGTS,1,Europe,Central Europe,Germany,DTM,DE,Nordrhein-Westfalen,Dortmund Airport,51.5183,7.61224,Europe,Southern Europe,Greece,SKG,GR,Kentriki Makedonia,Thessaloniki Airport,40.5197,22.9709
1262,EDLW,LHBP,1,Europe,Central Europe,Germany,DTM,DE,Nordrhein-Westfalen,Dortmund Airport,51.5183,7.61224,Europe,Central Europe,Hungary,BUD,HU,Budapest,Budapest Ferenc Liszt International Airport,47.4298,19.2611
1263,EDLW,LIMF,1,Europe,Central Europe,Germany,DTM,DE,Nordrhein-Westfalen,Dortmund Airport,51.5183,7.61224,Europe,Southern Europe,Italy,TRN,IT,Piemonte,Turin Airport (Caselle Airport),45.2008,7.64963
1264,EDLW,LQBK,1,Europe,Central Europe,Germany,DTM,DE,Nordrhein-Westfalen,Dortmund Airport,51.5183,7.61224,Europe,Eastern Europe,Bosnia and Herzegovina,BNX,BA,Republika Srpska,Banja Luka International Airport,44.9414,17.2975
1265,EDLW,LQTZ,1,Europe,Central Europe,Germany,DTM,DE,Nordrhein-Westfalen,Dortmund Airport,51.5183,7.61224,Europe,Eastern Europe,Bosnia and Herzegovina,TZL,BA,Federacija Bosne i Hercegovine,Tuzla International Airport,44.4587,18.7248
1268,EDNY,EDNY,1,Europe,Central Europe,Germany,FDH,DE,Baden-Wurttemberg,Friedrichshafen Airport (Bodensee Airport),47.6713,9.51149,Europe,Central Europe,Germany,FDH,DE,Baden-Wurttemberg,Friedrichshafen Airport (Bodensee Airport),47.6713,9.51149
1269,EDNY,EGBB,2,Europe,Central Europe,Germany,FDH,DE,Baden-Wurttemberg,Friedrichshafen Airport (Bodensee Airport),47.6713,9.51149,Europe,United Kingdom,England,BHX,GB,England,Birmingham Airport,52.4539,-1.74803
1270,EDNY,EHGG,1,Europe,Central Europe,Germany,FDH,DE,Baden-Wurttemberg,Friedrichshafen Airport (Bodensee Airport),47.6713,9.51149,Europe,Western Europe,Netherlands,GRQ,NL,Drenthe,Groningen Airport Eelde,53.1197,6.57944
1272,EDNY,LDPL,1,Europe,Central Europe,Germany,FDH,DE,Baden-Wurttemberg,Friedrichshafen Airport (Bodensee Airport),47.6713,9.51149,Europe,Southern Europe,Croatia,PUY,HR,Istarska zupanija,Pula Airport,44.8935,13.9222
1273,EDNY,LFLB,1,Europe,Central Europe,Germany,FDH,DE,Baden-Wurttemberg,Friedrichshafen Airport (Bodensee Airport),47.6713,9.51149,Europe,Western Europe,France,CMF,FR,Auvergne-Rhone-Alpes,Chambery-Savoie Airport,45.6381,5.88023
1274,EDNY,LGIR,1,Europe,Central Europe,Germany,FDH,DE,Baden-Wurttemberg,Friedrichshafen Airport (Bodensee Airport),47.6713,9.51149,Europe,Southern Europe,Greece,HER,GR,Kriti,Heraklion International Airport (Nikos Kazantzakis Airport),35.3397,25.1803
1275,EDNY,LGRP,4,Europe,Central Europe,Germany,FDH,DE,Baden-Wurttemberg,Friedrichshafen Airport (Bodensee Airport),47.6713,9.51149,Europe,Southern Europe,Greece,RHO,GR,Notio Aigaio,Rhodes International Airport,36.4054,28.0862
1276,EDNY,LSZB,2,Europe,Central Europe,Germany,FDH,DE,Baden-Wurttemberg,Friedrichshafen Airport (Bodensee Airport),47.6713,9.51149,Europe,Central Europe,Switzerland,BRN,CH,Bern,Bern Airport,46.9141,7.49715
1277,EDNY,LWSK,1,Europe,Central Europe,Germany,FDH,DE,Baden-Wurttemberg,Friedrichshafen Airport (Bodensee Airport),47.6713,9.51149,Europe,Eastern Europe,North Macedonia,SKP,MK,Skopje,Skopje Alexander the Great Airport,41.9616,21.6214
1278,EDNY,LYBE,1,Europe,Central Europe,Germany,FDH,DE,Baden-Wurttemberg,Friedrichshafen Airport (Bodensee Airport),47.6713,9.51149,Europe,Eastern Europe,Serbia,BEG,RS,Beograd,Belgrade Nikola Tesla Airport,44.8184,20.3091
1281,EDSB,EDDF,1,Europe,Central Europe,Germany,FKB,DE,Baden-Wurttemberg,Karlsruhe/Baden-Baden Airport,48.7794,8.0805,Europe,Central Europe,Germany,FRA,DE,Hessen,Frankfurt Airport,50.0333,8.57056
1282,EDSB,EDDM,1,Europe,Central Europe,Germany,FKB,DE,Baden-Wurttemberg,Karlsruhe/Baden-Baden Airport,48.7794,8.0805,Europe,Central Europe,Germany,MUC,DE,Bayern,Munich Airport,48.3538,11.7861
1283,EDSB,EDDS,1,Europe,Central Europe,Germany,FKB,DE,Baden-Wurttemberg,Karlsruhe/Baden-Baden Airport,48.7794,8.0805,Europe,Central Europe,Germany,STR,DE,Baden-Wurttemberg,Stuttgart Airport,48.6899,9.22196
1284,EDSB,EGSS,1,Europe,Central Europe,Germany,FKB,DE,Baden-Wurttemberg,Karlsruhe/Baden-Baden Airport,48.7794,8.0805,Europe,United Kingdom,England,STN,GB,England,London Stansted Airport,51.885,0.235
1288,EDSB,LBSF,1,Europe,Central Europe,Germany,FKB,DE,Baden-Wurttemberg,Karlsruhe/Baden-Baden Airport,48.7794,8.0805,Europe,Eastern Europe,Bulgaria,SOF,BG,Sofia,Sofia Airport,42.6967,23.4114
1289,EDSB,LDZA,1,Europe,Central Europe,Germany,FKB,DE,Baden-Wurttemberg,Karlsruhe/Baden-Baden Airport,48.7794,8.0805,Europe,Southern Europe,Croatia,ZAG,HR,Grad Zagreb,Zagreb Airport,45.7429,16.0688
1290,EDSB,LDZD,1,Europe,Central Europe,Germany,FKB,DE,Baden-Wurttemberg,Karlsruhe/Baden-Baden Airport,48.7794,8.0805,Europe,Southern Europe,Croatia,ZAD,HR,Zadarska zupanija,Zadar Airport,44.1083,15.3467
1291,EDSB,LEGE,2,Europe,Central Europe,Germany,FKB,DE,Baden-Wurttemberg,Karlsruhe/Baden-Baden Airport,48.7794,8.0805,Europe,Southern Europe,Spain,GRO,ES,Catalunya,Girona-Costa Brava Airport,41.901,2.76055
1292,EDSB,LEMG,1,Europe,Central Europe,Germany,FKB,DE,Baden-Wurttemberg,Karlsruhe/Baden-Baden Airport,48.7794,8.0805,Europe,Southern Europe,Spain,AGP,ES,Andalucia,Malaga Airport,36.6749,-4.49911
1293,EDSB,LEPA,2,Europe,Central Europe,Germany,FKB,DE,Baden-Wurttemberg,Karlsruhe/Baden-Baden Airport,48.7794,8.0805,Europe,Southern Europe,Spain,PMI,ES,Illes Balears,Palma de Mallorca Airport,39.5517,2.73881
1294,EDSB,LEVC,1,Europe,Central Europe,Germany,FKB,DE,Baden-Wurttemberg,Karlsruhe/Baden-Baden Airport,48.7794,8.0805,Europe,Southern Europe,Spain,VLC,ES,"Valenciana, Comunidad",Valencia Airport,39.4893,-0.481625
1295,EDSB,LGIR,1,Europe,Central Europe,Germany,FKB,DE,Baden-Wurttemberg,Karlsruhe/Baden-Baden Airport,48.7794,8.0805,Europe,Southern Europe,Greece,HER,GR,Kriti,Heraklion International Airport (Nikos Kazantzakis Airport),35.3397,25.1803
1296,EDSB,LGTS,1,Europe,Central Europe,Germany,FKB,DE,Baden-Wurttemberg,Karlsruhe/Baden-Baden Airport,48.7794,8.0805,Europe,Southern Europe,Greece,SKG,GR,Kentriki Makedonia,Thessaloniki Airport,40.5197,22.9709
1297,EDSB,LICA,1,Europe,Central Europe,Germany,FKB,DE,Baden-Wurttemberg,Karlsruhe/Baden-Baden Airport,48.7794,8.0805,Europe,Southern Europe,Italy,SUF,IT,Calabria,Lamezia Terme International Airport,38.9054,16.2423
1298,EDSB,LICT,1,Europe,Central Europe,Germany,FKB,DE,Baden-Wurttemberg,Karlsruhe/Baden-Baden Airport,48.7794,8.0805,Europe,Southern Europe,Italy,TPS,IT,Sicilia,Vincenzo Florio Airport,37.9114,12.488
1299,EDSB,LIEO,1,Europe,Central Europe,Germany,FKB,DE,Baden-Wurttemberg,Karlsruhe/Baden-Baden Airport,48.7794,8.0805,Europe,Southern Europe,Italy,OLB,IT,Sardegna,Olbia Costa Smeralda Airport,40.8987,9.51763
1300,EDSB,LQBK,2,Europe,Central Europe,Germany,FKB,DE,Baden-Wurttemberg,Karlsruhe/Baden-Baden Airport,48.7794,8.0805,Europe,Eastern Europe,Bosnia and Herzegovina,BNX,BA,Republika Srpska,Banja Luka International Airport,44.9414,17.2975
1301,EDSB,LQMO,1,Europe,Central Europe,Germany,FKB,DE,Baden-Wurttemberg,Karlsruhe/Baden-Baden Airport,48.7794,8.0805,Europe,Eastern Europe,Bosnia and Herzegovina,OMO,BA,Federacija Bosne i Hercegovine,Mostar Airport,43.2829,17.8459
1302,EDSB,LRSV,1,Europe,Central Europe,Germany,FKB,DE,Baden-Wurttemberg,Karlsruhe/Baden-Baden Airport,48.7794,8.0805,Europe,Eastern Europe,Romania,SCV,RO,Suceava,Suceava International Airport (Stefan cel Mare Int'l),47.6875,26.3541
1303,EDSB,LRTR,1,Europe,Central Europe,Germany,FKB,DE,Baden-Wurttemberg,Karlsruhe/Baden-Baden Airport,48.7794,8.0805,Europe,Eastern Europe,Romania,TSR,RO,Timis,Timisoara Traian Vuia International Airport,45.8099,21.3379
1305,EDSB,LWSK,1,Europe,Central Europe,Germany,FKB,DE,Baden-Wurttemberg,Karlsruhe/Baden-Baden Airport,48.7794,8.0805,Europe,Eastern Europe,North Macedonia,SKP,MK,Skopje,Skopje Alexander the Great Airport,41.9616,21.6214
1306,EETN,EPWA,1,Europe,Nordic Region,Estonia,TLL,EE,Harjumaa,Tallinn Airport (Lennart Meri Tallinn Airport),59.4133,24.8328,Europe,Central Europe,Poland,WAW,PL,Mazowieckie,Warsaw Chopin Airport,52.1657,20.9671
1308,EETN,LICA,1,Europe,Nordic Region,Estonia,TLL,EE,Harjumaa,Tallinn Airport (Lennart Meri Tallinn Airport),59.4133,24.8328,Europe,Southern Europe,Italy,SUF,IT,Calabria,Lamezia Terme International Airport,38.9054,16.2423
1309,EETN,LIPQ,1,Europe,Nordic Region,Estonia,TLL,EE,Harjumaa,Tallinn Airport (Lennart Meri Tallinn Airport),59.4133,24.8328,Europe,Southern Europe,Italy,TRS,IT,Friuli-Venezia Giulia,Trieste - Friuli Venezia Giulia Airport,45.8275,13.4722
1310,EETN,LRCL,1,Europe,Nordic Region,Estonia,TLL,EE,Harjumaa,Tallinn Airport (Lennart Meri Tallinn Airport),59.4133,24.8328,Europe,Eastern Europe,Romania,CLJ,RO,Cluj,Cluj-Napoca International Airport,46.7852,23.6862
1314,EFHK,EBBR,2,Europe,Nordic Region,Finland,HEL,FI,Uusimaa,Helsinki Airport (Helsinki-Vantaa Airport),60.3172,24.9633,Europe,Western Europe,Belgium,BRU,BE,Brussels Hoofdstedelijk Gewest,Brussels Airport (Zaventem Airport),50.9014,4.48444
1315,EFHK,EDDB,1,Europe,Nordic Region,Finland,HEL,FI,Uusimaa,Helsinki Airport (Helsinki-Vantaa Airport),60.3172,24.9633,Europe,Central Europe,Germany,BER,DE,Brandenburg,Berlin Brandenburg Airport,52.3514,13.4939
1316,EFHK,EDDM,2,Europe,Nordic Region,Finland,HEL,FI,Uusimaa,Helsinki Airport (Helsinki-Vantaa Airport),60.3172,24.9633,Europe,Central Europe,Germany,MUC,DE,Bayern,Munich Airport,48.3538,11.7861
1317,EFHK,EDDV,1,Europe,Nordic Region,Finland,HEL,FI,Uusimaa,Helsinki Airport (Helsinki-Vantaa Airport),60.3172,24.9633,Europe,Central Europe,Germany,HAJ,DE,Niedersachsen,Hannover Airport,52.4611,9.68508
1318,EFHK,EFRO,1,Europe,Nordic Region,Finland,HEL,FI,Uusimaa,Helsinki Airport (Helsinki-Vantaa Airport),60.3172,24.9633,Europe,Nordic Region,Finland,RVN,FI,Lappi,Rovaniemi Airport,66.5648,25.8304
1319,EFHK,EGAE,1,Europe,Nordic Region,Finland,HEL,FI,Uusimaa,Helsinki Airport (Helsinki-Vantaa Airport),60.3172,24.9633,Europe,United Kingdom,Northern Ireland,LDY,GB,Northern Ireland,City of Derry Airport,55.0428,-7.16111
1320,EFHK,EGLL,3,Europe,Nordic Region,Finland,HEL,FI,Uusimaa,Helsinki Airport (Helsinki-Vantaa Airport),60.3172,24.9633,Europe,United Kingdom,England,LHR,GB,England,Heathrow Airport,51.4775,-0.461389
1321,EFHK,EGPH,1,Europe,Nordic Region,Finland,HEL,FI,Uusimaa,Helsinki Airport (Helsinki-Vantaa Airport),60.3172,24.9633,Europe,United Kingdom,Scotland,EDI,GB,Scotland,Edinburgh Airport,55.95,-3.3725
1322,EFHK,EKCH,1,Europe,Nordic Region,Finland,HEL,FI,Uusimaa,Helsinki Airport (Helsinki-Vantaa Airport),60.3172,24.9633,Europe,Nordic Region,Denmark,CPH,DK,Hovedstaden,Copenhagen Airport,55.6179,12.656
1323,EFHK,ENBR,1,Europe,Nordic Region,Finland,HEL,FI,Uusimaa,Helsinki Airport (Helsinki-Vantaa Airport),60.3172,24.9633,Europe,Nordic Region,Norway,BGO,NO,Hordaland,Bergen Airport,60.2934,5.21814
1324,EFHK,ENTC,2,Europe,Nordic Region,Finland,HEL,FI,Uusimaa,Helsinki Airport (Helsinki-Vantaa Airport),60.3172,24.9633,Europe,Nordic Region,Norway,TOS,NO,Troms,Tromse Airport,69.6833,18.9189
1325,EFHK,ENVA,1,Europe,Nordic Region,Finland,HEL,FI,Uusimaa,Helsinki Airport (Helsinki-Vantaa Airport),60.3172,24.9633,Europe,Nordic Region,Norway,TRD,NO,Nord-Trondelag,Trondheim Airport,63.4578,10.924
1326,EFHK,EPWA,1,Europe,Nordic Region,Finland,HEL,FI,Uusimaa,Helsinki Airport (Helsinki-Vantaa Airport),60.3172,24.9633,Europe,Central Europe,Poland,WAW,PL,Mazowieckie,Warsaw Chopin Airport,52.1657,20.9671
1327,EFHK,ESGG,1,Europe,Nordic Region,Finland,HEL,FI,Uusimaa,Helsinki Airport (Helsinki-Vantaa Airport),60.3172,24.9633,Europe,Nordic Region,Sweden,GOT,SE,Vastra Gotalands lan,Goteborg Landvetter Airport,57.6628,12.2798
1328,EFHK,ESSA,1,Europe,Nordic Region,Finland,HEL,FI,Uusimaa,Helsinki Airport (Helsinki-Vantaa Airport),60.3172,24.9633,Europe,Nordic Region,Sweden,ARN,SE,Stockholms lan,Stockholm Arlanda Airport,59.6519,17.9186
1332,EFHK,LFPG,1,Europe,Nordic Region,Finland,HEL,FI,Uusimaa,Helsinki Airport (Helsinki-Vantaa Airport),60.3172,24.9633,Europe,Western Europe,France,CDG,FR,Ile-de-France,Paris Charles de Gaulle Airport,49.0097,2.54778
1333,EFHK,LGIR,1,Europe,Nordic Region,Finland,HEL,FI,Uusimaa,Helsinki Airport (Helsinki-Vantaa Airport),60.3172,24.9633,Europe,Southern Europe,Greece,HER,GR,Kriti,Heraklion International Airport (Nikos Kazantzakis Airport),35.3397,25.1803
1334,EFHK,LIPX,1,Europe,Nordic Region,Finland,HEL,FI,Uusimaa,Helsinki Airport (Helsinki-Vantaa Airport),60.3172,24.9633,Europe,Southern Europe,Italy,VRN,IT,Veneto,Verona Villafranca Airport,45.3957,10.8885
1335,EFHK,LIPZ,1,Europe,Nordic Region,Finland,HEL,FI,Uusimaa,Helsinki Airport (Helsinki-Vantaa Airport),60.3172,24.9633,Europe,Southern Europe,Italy,VCE,IT,Veneto,Venice Marco Polo Airport,45.5053,12.3519
1336,EFHK,LPFR,1,Europe,Nordic Region,Finland,HEL,FI,Uusimaa,Helsinki Airport (Helsinki-Vantaa Airport),60.3172,24.9633,Europe,Southern Europe,Portugal,FAO,PT,Faro,Faro Airport,37.0144,-7.96591
1341,EFKT,EDDF,1,Europe,Nordic Region,Finland,KTT,FI,Lappi,Kittila Airport,67.701,24.8468,Europe,Central Europe,Germany,FRA,DE,Hessen,Frankfurt Airport,50.0333,8.57056
1342,EFLP,LIME,1,Europe,Nordic Region,Finland,LPP,FI,Etela-Karjala,Lappeenranta Airport,61.0446,28.1447,Europe,Southern Europe,Italy,BGY,IT,Lombardia,Milan Bergamo Airport,45.66546,9.69948
1343,EFMA,ESSA,1,Europe,Nordic Region,Finland,MHQ,FI,Varsinais-Suomi,Mariehamn Airport,60.1222,19.8982,Europe,Nordic Region,Sweden,ARN,SE,Stockholms lan,Stockholm Arlanda Airport,59.6519,17.9186
1344,EFOU,EFKT,1,Europe,Nordic Region,Finland,OUL,FI,Pohjois-Pohjanmaa,Oulu Airport,64.9301,25.3546,Europe,Nordic Region,Finland,KTT,FI,Lappi,Kittila Airport,67.701,24.8468
1345,EFOU,LGSA,3,Europe,Nordic Region,Finland,OUL,FI,Pohjois-Pohjanmaa,Oulu Airport,64.9301,25.3546,Europe,Southern Europe,Greece,CHQ,GR,Kriti,Chania International Airport,35.5317,24.1497
1346,EFRO,EFHK,1,Europe,Nordic Region,Finland,RVN,FI,Lappi,Rovaniemi Airport,66.5648,25.8304,Europe,Nordic Region,Finland,HEL,FI,Uusimaa,Helsinki Airport (Helsinki-Vantaa Airport),60.3172,24.9633
1348,EFTU,EFMA,1,Europe,Nordic Region,Finland,TKU,FI,Varsinais-Suomi,Turku Airport,60.5141,22.2628,Europe,Nordic Region,Finland,MHQ,FI,Varsinais-Suomi,Mariehamn Airport,60.1222,19.8982
1350,EGAA,BIKF,3,Europe,United Kingdom,Northern Ireland,BFS,GB,Northern Ireland,Belfast International Airport,54.6575,-6.21583,Europe,Nordic Region,Iceland,KEF,IS,Sudurnes,Keflavík International Airport,63.985,-22.6056
1351,EGAA,BIRK,3,Europe,United Kingdom,Northern Ireland,BFS,GB,Northern Ireland,Belfast International Airport,54.6575,-6.21583,Europe,Nordic Region,Iceland,RKV,IS,Hofudborgarsvaedi,Reykjavík Airport,64.13,-21.9406
1354,EGAA,EBOS,2,Europe,United Kingdom,Northern Ireland,BFS,GB,Northern Ireland,Belfast International Airport,54.6575,-6.21583,Europe,Western Europe,Belgium,OST,BE,West-Vlaanderen,Ostend-Bruges International Airport,51.1989,2.86222
1355,EGAA,EGHI,1,Europe,United Kingdom,Northern Ireland,BFS,GB,Northern Ireland,Belfast International Airport,54.6575,-6.21583,Europe,United Kingdom,England,SOU,GB,England,Southampton Airport,50.9503,-1.3568
1356,EGAA,EGNT,2,Europe,United Kingdom,Northern Ireland,BFS,GB,Northern Ireland,Belfast International Airport,54.6575,-6.21583,Europe,United Kingdom,England,NCL,GB,England,Newcastle Airport,55.0375,-1.69167
1357,EGAA,EHAM,1,Europe,United Kingdom,Northern Ireland,BFS,GB,Northern Ireland,Belfast International Airport,54.6575,-6.21583,Europe,Western Europe,Netherlands,AMS,NL,Noord-Holland,Amsterdam Airport Schiphol,52.3086,4.76389
1358,EGAA,EICK,1,Europe,United Kingdom,Northern Ireland,BFS,GB,Northern Ireland,Belfast International Airport,54.6575,-6.21583,Europe,Western Europe,Ireland,ORK,IE,Cork,Cork Airport,51.8413,-8.49111
1359,EGAA,EPGD,1,Europe,United Kingdom,Northern Ireland,BFS,GB,Northern Ireland,Belfast International Airport,54.6575,-6.21583,Europe,Central Europe,Poland,GDN,PL,Pomorskie,Gdansk Lech Walesa Airport,54.3776,18.4662
1365,EGAA,LIME,1,Europe,United Kingdom,Northern Ireland,BFS,GB,Northern Ireland,Belfast International Airport,54.6575,-6.21583,Europe,Southern Europe,Italy,BGY,IT,Lombardia,Milan Bergamo Airport,45.66546,9.69948
1366,EGAA,LPFR,1,Europe,United Kingdom,Northern Ireland,BFS,GB,Northern Ireland,Belfast International Airport,54.6575,-6.21583,Europe,Southern Europe,Portugal,FAO,PT,Faro,Faro Airport,37.0144,-7.96591
1367,EGAA,LPPT,1,Europe,United Kingdom,Northern Ireland,BFS,GB,Northern Ireland,Belfast International Airport,54.6575,-6.21583,Europe,Southern Europe,Portugal,LIS,PT,Lisboa,Lisbon Portela Airport,38.7813,-9.13592
1370,EGAC,EGFF,1,Europe,United Kingdom,Northern Ireland,BHD,GB,Northern Ireland,George Best Belfast City Airport,54.6181,-5.8725,Europe,United Kingdom,Wales,CWL,GB,Wales,Cardiff Airport,51.3967,-3.34333
1371,EGAC,EGHI,1,Europe,United Kingdom,Northern Ireland,BHD,GB,Northern Ireland,George Best Belfast City Airport,54.6181,-5.8725,Europe,United Kingdom,England,SOU,GB,England,Southampton Airport,50.9503,-1.3568
1373,EGAC,LEPA,1,Europe,United Kingdom,Northern Ireland,BHD,GB,Northern Ireland,George Best Belfast City Airport,54.6181,-5.8725,Europe,Southern Europe,Spain,PMI,ES,Illes Balears,Palma de Mallorca Airport,39.5517,2.73881
1374,EGAE,EGBB,1,Europe,United Kingdom,Northern Ireland,LDY,GB,Northern Ireland,City of Derry Airport,55.0428,-7.16111,Europe,United Kingdom,England,BHX,GB,England,Birmingham Airport,52.4539,-1.74803
1375,EGAE,EGGW,1,Europe,United Kingdom,Northern Ireland,LDY,GB,Northern Ireland,City of Derry Airport,55.0428,-7.16111,Europe,United Kingdom,England,LTN,GB,England,London Luton Airport,51.8747,-0.368333
1376,EGAE,EGPH,1,Europe,United Kingdom,Northern Ireland,LDY,GB,Northern Ireland,City of Derry Airport,55.0428,-7.16111,Europe,United Kingdom,Scotland,EDI,GB,Scotland,Edinburgh Airport,55.95,-3.3725
1377,EGAE,EGSS,1,Europe,United Kingdom,Northern Ireland,LDY,GB,Northern Ireland,City of Derry Airport,55.0428,-7.16111,Europe,United Kingdom,England,STN,GB,England,London Stansted Airport,51.885,0.235
1378,EGAE,EICK,1,Europe,United Kingdom,Northern Ireland,LDY,GB,Northern Ireland,City of Derry Airport,55.0428,-7.16111,Europe,Western Europe,Ireland,ORK,IE,Cork,Cork Airport,51.8413,-8.49111
1379,EGAE,EINN,1,Europe,United Kingdom,Northern Ireland,LDY,GB,Northern Ireland,City of Derry Airport,55.0428,-7.16111,Europe,Western Europe,Ireland,SNN,IE,Clare,Shannon Airport,52.702,-8.92482
1381,EGAE,LKPR,1,Europe,United Kingdom,Northern Ireland,LDY,GB,Northern Ireland,City of Derry Airport,55.0428,-7.16111,Europe,Central Europe,Czech Republic,PRG,CZ,Stredocesky kraj,Vaclav Havel Airport Prague,50.1008,14.26
1384,EGBB,EDDF,1,Europe,United Kingdom,England,BHX,GB,England,Birmingham Airport,52.4539,-1.74803,Europe,Central Europe,Germany,FRA,DE,Hessen,Frankfurt Airport,50.0333,8.57056
1385,EGBB,EDDL,1,Europe,United Kingdom,England,BHX,GB,England,Birmingham Airport,52.4539,-1.74803,Europe,Central Europe,Germany,DUS,DE,Nordrhein-Westfalen,Dusseldorf Airport,51.2895,6.76678
1386,EGBB,EDDP,1,Europe,United Kingdom,England,BHX,GB,England,Birmingham Airport,52.4539,-1.74803,Europe,Central Europe,Germany,LEJ,DE,Sachsen,Leipzig/Halle Airport,51.4239,12.2364
1387,EGBB,EGCC,1,Europe,United Kingdom,England,BHX,GB,England,Birmingham Airport,52.4539,-1.74803,Europe,United Kingdom,England,MAN,GB,England,Manchester Airport,53.3537,-2.27495
1388,EGBB,EGNT,3,Europe,United Kingdom,England,BHX,GB,England,Birmingham Airport,52.4539,-1.74803,Europe,United Kingdom,England,NCL,GB,England,Newcastle Airport,55.0375,-1.69167
1389,EGBB,EGPD,1,Europe,United Kingdom,England,BHX,GB,England,Birmingham Airport,52.4539,-1.74803,Europe,United Kingdom,Scotland,ABZ,GB,Scotland,Aberdeen Airport,57.2019,-2.19778
1390,EGBB,EHAM,1,Europe,United Kingdom,England,BHX,GB,England,Birmingham Airport,52.4539,-1.74803,Europe,Western Europe,Netherlands,AMS,NL,Noord-Holland,Amsterdam Airport Schiphol,52.3086,4.76389
1391,EGBB,GCFV,2,Europe,United Kingdom,England,BHX,GB,England,Birmingham Airport,52.4539,-1.74803,Europe,Southern Europe,Spain,FUE,ES,Canarias,Fuerteventura Airport,28.4527,-13.8638
1392,EGBB,GCLP,1,Europe,United Kingdom,England,BHX,GB,England,Birmingham Airport,52.4539,-1.74803,Europe,Southern Europe,Spain,LPA,ES,Canarias,Gran Canaria Airport,27.9319,-15.3866
1393,EGBB,GCRR,4,Europe,United Kingdom,England,BHX,GB,England,Birmingham Airport,52.4539,-1.74803,Europe,Southern Europe,Spain,ACE,ES,Canarias,Lanzarote Airport,28.9455,-13.6052
1394,EGBB,GCTS,7,Europe,United Kingdom,England,BHX,GB,England,Birmingham Airport,52.4539,-1.74803,Europe,Southern Europe,Spain,TFS,ES,Canarias,Tenerife South Airport,28.046,-16.5728
1405,EGBB,LBBG,1,Europe,United Kingdom,England,BHX,GB,England,Birmingham Airport,52.4539,-1.74803,Europe,Eastern Europe,Bulgaria,BOJ,BG,Burgas,Burgas Airport,42.5696,27.5152
1408,EGBB,LDPL,3,Europe,United Kingdom,England,BHX,GB,England,Birmingham Airport,52.4539,-1.74803,Europe,Southern Europe,Croatia,PUY,HR,Istarska zupanija,Pula Airport,44.8935,13.9222
1409,EGBB,LEAL,3,Europe,United Kingdom,England,BHX,GB,England,Birmingham Airport,52.4539,-1.74803,Europe,Southern Europe,Spain,ALC,ES,"Valenciana, Comunidad",Alicante-Elche Airport,38.2822,-0.558156
1410,EGBB,LEBL,3,Europe,United Kingdom,England,BHX,GB,England,Birmingham Airport,52.4539,-1.74803,Europe,Southern Europe,Spain,BCN,ES,Catalunya,Barcelona El Prat Airport,41.2971,2.07846
1411,EGBB,LEGE,2,Europe,United Kingdom,England,BHX,GB,England,Birmingham Airport,52.4539,-1.74803,Europe,Southern Europe,Spain,GRO,ES,Catalunya,Girona-Costa Brava Airport,41.901,2.76055
1412,EGBB,LEIB,1,Europe,United Kingdom,England,BHX,GB,England,Birmingham Airport,52.4539,-1.74803,Europe,Southern Europe,Spain,IBZ,ES,Illes Balears,Ibiza Airport,38.8729,1.37312
1413,EGBB,LEMG,1,Europe,United Kingdom,England,BHX,GB,England,Birmingham Airport,52.4539,-1.74803,Europe,Southern Europe,Spain,AGP,ES,Andalucia,Malaga Airport,36.6749,-4.49911
1414,EGBB,LEMH,3,Europe,United Kingdom,England,BHX,GB,England,Birmingham Airport,52.4539,-1.74803,Europe,Southern Europe,Spain,MAH,ES,Illes Balears,Menorca Airport (Mahon Airport),39.8626,4.21865
1415,EGBB,LEPA,3,Europe,United Kingdom,England,BHX,GB,England,Birmingham Airport,52.4539,-1.74803,Europe,Southern Europe,Spain,PMI,ES,Illes Balears,Palma de Mallorca Airport,39.5517,2.73881
1416,EGBB,LERS,2,Europe,United Kingdom,England,BHX,GB,England,Birmingham Airport,52.4539,-1.74803,Europe,Southern Europe,Spain,REU,ES,Catalunya,Reus Airport,41.1474,1.16717
1417,EGBB,LEVC,1,Europe,United Kingdom,England,BHX,GB,England,Birmingham Airport,52.4539,-1.74803,Europe,Southern Europe,Spain,VLC,ES,"Valenciana, Comunidad",Valencia Airport,39.4893,-0.481625
1418,EGBB,LFPG,1,Europe,United Kingdom,England,BHX,GB,England,Birmingham Airport,52.4539,-1.74803,Europe,Western Europe,France,CDG,FR,Ile-de-France,Paris Charles de Gaulle Airport,49.0097,2.54778
1419,EGBB,LGKF,1,Europe,United Kingdom,England,BHX,GB,England,Birmingham Airport,52.4539,-1.74803,Europe,Southern Europe,Greece,EFL,GR,Ionia Nisia,Kefalonia International Airport,38.1201,20.5005
1420,EGBB,LGKO,3,Europe,United Kingdom,England,BHX,GB,England,Birmingham Airport,52.4539,-1.74803,Europe,Southern Europe,Greece,KGS,GR,Notio Aigaio,Kos Island International Airport,36.7933,27.0917
1421,EGBB,LGRP,5,Europe,United Kingdom,England,BHX,GB,England,Birmingham Airport,52.4539,-1.74803,Europe,Southern Europe,Greece,RHO,GR,Notio Aigaio,Rhodes International Airport,36.4054,28.0862
1422,EGBB,LGSA,1,Europe,United Kingdom,England,BHX,GB,England,Birmingham Airport,52.4539,-1.74803,Europe,Southern Europe,Greece,CHQ,GR,Kriti,Chania International Airport,35.5317,24.1497
1423,EGBB,LGSR,1,Europe,United Kingdom,England,BHX,GB,England,Birmingham Airport,52.4539,-1.74803,Europe,Southern Europe,Greece,JTR,GR,Notio Aigaio,Santorini (Thira) National Airport,36.3992,25.4793
1424,EGBB,LGTS,1,Europe,United Kingdom,England,BHX,GB,England,Birmingham Airport,52.4539,-1.74803,Europe,Southern Europe,Greece,SKG,GR,Kentriki Makedonia,Thessaloniki Airport,40.5197,22.9709
1425,EGBB,LIPX,1,Europe,United Kingdom,England,BHX,GB,England,Birmingham Airport,52.4539,-1.74803,Europe,Southern Europe,Italy,VRN,IT,Veneto,Verona Villafranca Airport,45.3957,10.8885
1426,EGBB,LIRN,1,Europe,United Kingdom,England,BHX,GB,England,Birmingham Airport,52.4539,-1.74803,Europe,Southern Europe,Italy,NAP,IT,Campania,Naples International Airport,40.886,14.2908
1427,EGBB,LOWK,1,Europe,United Kingdom,England,BHX,GB,England,Birmingham Airport,52.4539,-1.74803,Europe,Central Europe,Austria,KLU,AT,Karnten,Klagenfurt Airport,46.6425,14.3377
1428,EGBB,LOWS,1,Europe,United Kingdom,England,BHX,GB,England,Birmingham Airport,52.4539,-1.74803,Europe,Central Europe,Austria,SZG,AT,Salzburg,Salzburg Airport,47.7933,13.0043
1433,EGBB,LYTV,1,Europe,United Kingdom,England,BHX,GB,England,Birmingham Airport,52.4539,-1.74803,Europe,Eastern Europe,Montenegro,TIV,ME,Tivat,Tivat Airport,42.4047,18.7233
1442,EGCC,EBBR,2,Europe,United Kingdom,England,MAN,GB,England,Manchester Airport,53.3537,-2.27495,Europe,Western Europe,Belgium,BRU,BE,Brussels Hoofdstedelijk Gewest,Brussels Airport (Zaventem Airport),50.9014,4.48444
1443,EGCC,EDDM,2,Europe,United Kingdom,England,MAN,GB,England,Manchester Airport,53.3537,-2.27495,Europe,Central Europe,Germany,MUC,DE,Bayern,Munich Airport,48.3538,11.7861
1444,EGCC,EGHQ,1,Europe,United Kingdom,England,MAN,GB,England,Manchester Airport,53.3537,-2.27495,Europe,United Kingdom,England,NQY,GB,England,Cornwall Airport Newquay,50.4406,-4.99541
1445,EGCC,EGLL,1,Europe,United Kingdom,England,MAN,GB,England,Manchester Airport,53.3537,-2.27495,Europe,United Kingdom,England,LHR,GB,England,Heathrow Airport,51.4775,-0.461389
1446,EGCC,EGPH,3,Europe,United Kingdom,England,MAN,GB,England,Manchester Airport,53.3537,-2.27495,Europe,United Kingdom,Scotland,EDI,GB,Scotland,Edinburgh Airport,55.95,-3.3725
1447,EGCC,EHAM,1,Europe,United Kingdom,England,MAN,GB,England,Manchester Airport,53.3537,-2.27495,Europe,Western Europe,Netherlands,AMS,NL,Noord-Holland,Amsterdam Airport Schiphol,52.3086,4.76389
1448,EGCC,ELLX,1,Europe,United Kingdom,England,MAN,GB,England,Manchester Airport,53.3537,-2.27495,Europe,Western Europe,Luxembourg,LUX,LU,Luxembourg,Luxembourg Findel Airport,49.6233,6.20444
1449,EGCC,GCFV,1,Europe,United Kingdom,England,MAN,GB,England,Manchester Airport,53.3537,-2.27495,Europe,Southern Europe,Spain,FUE,ES,Canarias,Fuerteventura Airport,28.4527,-13.8638
1450,EGCC,GCLP,2,Europe,United Kingdom,England,MAN,GB,England,Manchester Airport,53.3537,-2.27495,Europe,Southern Europe,Spain,LPA,ES,Canarias,Gran Canaria Airport,27.9319,-15.3866
1451,EGCC,GCRR,3,Europe,United Kingdom,England,MAN,GB,England,Manchester Airport,53.3537,-2.27495,Europe,Southern Europe,Spain,ACE,ES,Canarias,Lanzarote Airport,28.9455,-13.6052
1452,EGCC,GCTS,2,Europe,United Kingdom,England,MAN,GB,England,Manchester Airport,53.3537,-2.27495,Europe,Southern Europe,Spain,TFS,ES,Canarias,Tenerife South Airport,28.046,-16.5728
1468,EGCC,LBBG,1,Europe,United Kingdom,England,MAN,GB,England,Manchester Airport,53.3537,-2.27495,Europe,Eastern Europe,Bulgaria,BOJ,BG,Burgas,Burgas Airport,42.5696,27.5152
1470,EGCC,LDDU,2,Europe,United Kingdom,England,MAN,GB,England,Manchester Airport,53.3537,-2.27495,Europe,Southern Europe,Croatia,DBV,HR,Dubrovacko-neretvanska zupanija,Dubrovnik Airport,42.5614,18.2682
1471,EGCC,LDPL,1,Europe,United Kingdom,England,MAN,GB,England,Manchester Airport,53.3537,-2.27495,Europe,Southern Europe,Croatia,PUY,HR,Istarska zupanija,Pula Airport,44.8935,13.9222
1472,EGCC,LDSP,3,Europe,United Kingdom,England,MAN,GB,England,Manchester Airport,53.3537,-2.27495,Europe,Southern Europe,Croatia,SPU,HR,Splitsko-dalmatinska zupanija,Split Airport,43.5389,16.298
1473,EGCC,LEAL,1,Europe,United Kingdom,England,MAN,GB,England,Manchester Airport,53.3537,-2.27495,Europe,Southern Europe,Spain,ALC,ES,"Valenciana, Comunidad",Alicante-Elche Airport,38.2822,-0.558156
1474,EGCC,LEBL,2,Europe,United Kingdom,England,MAN,GB,England,Manchester Airport,53.3537,-2.27495,Europe,Southern Europe,Spain,BCN,ES,Catalunya,Barcelona El Prat Airport,41.2971,2.07846
1475,EGCC,LEIB,1,Europe,United Kingdom,England,MAN,GB,England,Manchester Airport,53.3537,-2.27495,Europe,Southern Europe,Spain,IBZ,ES,Illes Balears,Ibiza Airport,38.8729,1.37312
1476,EGCC,LEMG,2,Europe,United Kingdom,England,MAN,GB,England,Manchester Airport,53.3537,-2.27495,Europe,Southern Europe,Spain,AGP,ES,Andalucia,Malaga Airport,36.6749,-4.49911
1477,EGCC,LEMH,1,Europe,United Kingdom,England,MAN,GB,England,Manchester Airport,53.3537,-2.27495,Europe,Southern Europe,Spain,MAH,ES,Illes Balears,Menorca Airport (Mahon Airport),39.8626,4.21865
1478,EGCC,LEMI,1,Europe,United Kingdom,England,MAN,GB,England,Manchester Airport,53.3537,-2.27495,Europe,Southern Europe,Spain,RMU,ES,"Murcia, Region de",Region de Murcia International Airport,37.803,-1.125
1479,EGCC,LEPA,1,Europe,United Kingdom,England,MAN,GB,England,Manchester Airport,53.3537,-2.27495,Europe,Southern Europe,Spain,PMI,ES,Illes Balears,Palma de Mallorca Airport,39.5517,2.73881
1480,EGCC,LERS,1,Europe,United Kingdom,England,MAN,GB,England,Manchester Airport,53.3537,-2.27495,Europe,Southern Europe,Spain,REU,ES,Catalunya,Reus Airport,41.1474,1.16717
1481,EGCC,LFBD,1,Europe,United Kingdom,England,MAN,GB,England,Manchester Airport,53.3537,-2.27495,Europe,Western Europe,France,BOD,FR,Nouvelle-Aquitaine,Bordeaux-Merignac Airport,44.8283,-0.715556
1482,EGCC,LFMN,1,Europe,United Kingdom,England,MAN,GB,England,Manchester Airport,53.3537,-2.27495,Europe,Western Europe,France,NCE,FR,Provence-Alpes-Cote-d'Azur,Nice Cote d'Azur Airport,43.6584,7.21587
1483,EGCC,LFPG,1,Europe,United Kingdom,England,MAN,GB,England,Manchester Airport,53.3537,-2.27495,Europe,Western Europe,France,CDG,FR,Ile-de-France,Paris Charles de Gaulle Airport,49.0097,2.54778
1484,EGCC,LGIR,4,Europe,United Kingdom,England,MAN,GB,England,Manchester Airport,53.3537,-2.27495,Europe,Southern Europe,Greece,HER,GR,Kriti,Heraklion International Airport (Nikos Kazantzakis Airport),35.3397,25.1803
1485,EGCC,LGKF,6,Europe,United Kingdom,England,MAN,GB,England,Manchester Airport,53.3537,-2.27495,Europe,Southern Europe,Greece,EFL,GR,Ionia Nisia,Kefalonia International Airport,38.1201,20.5005
1486,EGCC,LGKO,2,Europe,United Kingdom,England,MAN,GB,England,Manchester Airport,53.3537,-2.27495,Europe,Southern Europe,Greece,KGS,GR,Notio Aigaio,Kos Island International Airport,36.7933,27.0917
1487,EGCC,LGKR,5,Europe,United Kingdom,England,MAN,GB,England,Manchester Airport,53.3537,-2.27495,Europe,Southern Europe,Greece,CFU,GR,Ionia Nisia,Corfu International Airport (Ioannis Kapodistrias Int'l Airport),39.6019,19.9117
1488,EGCC,LGPZ,1,Europe,United Kingdom,England,MAN,GB,England,Manchester Airport,53.3537,-2.27495,Europe,Southern Europe,Greece,PVK,GR,Ionia Nisia,Aktion National Airport,38.9255,20.7653
1489,EGCC,LGRP,6,Europe,United Kingdom,England,MAN,GB,England,Manchester Airport,53.3537,-2.27495,Europe,Southern Europe,Greece,RHO,GR,Notio Aigaio,Rhodes International Airport,36.4054,28.0862
1490,EGCC,LGSA,3,Europe,United Kingdom,England,MAN,GB,England,Manchester Airport,53.3537,-2.27495,Europe,Southern Europe,Greece,CHQ,GR,Kriti,Chania International Airport,35.5317,24.1497
1491,EGCC,LGSR,1,Europe,United Kingdom,England,MAN,GB,England,Manchester Airport,53.3537,-2.27495,Europe,Southern Europe,Greece,JTR,GR,Notio Aigaio,Santorini (Thira) National Airport,36.3992,25.4793
1492,EGCC,LGZA,1,Europe,United Kingdom,England,MAN,GB,England,Manchester Airport,53.3537,-2.27495,Europe,Southern Europe,Greece,ZTH,GR,Ionia Nisia,Zakynthos International Airport (Dionysios SolomosAirport),37.7509,20.8843
1493,EGCC,LHBP,1,Europe,United Kingdom,England,MAN,GB,England,Manchester Airport,53.3537,-2.27495,Europe,Central Europe,Hungary,BUD,HU,Budapest,Budapest Ferenc Liszt International Airport,47.4298,19.2611
1494,EGCC,LICA,1,Europe,United Kingdom,England,MAN,GB,England,Manchester Airport,53.3537,-2.27495,Europe,Southern Europe,Italy,SUF,IT,Calabria,Lamezia Terme International Airport,38.9054,16.2423
1495,EGCC,LIRN,1,Europe,United Kingdom,England,MAN,GB,England,Manchester Airport,53.3537,-2.27495,Europe,Southern Europe,Italy,NAP,IT,Campania,Naples International Airport,40.886,14.2908
1496,EGCC,LMML,1,Europe,United Kingdom,England,MAN,GB,England,Manchester Airport,53.3537,-2.27495,Europe,Southern Europe,Malta,MLA,MT,Luqa,Malta International Airport (Luqa Airport),35.8575,14.4775
1497,EGCC,LOWI,1,Europe,United Kingdom,England,MAN,GB,England,Manchester Airport,53.3537,-2.27495,Europe,Central Europe,Austria,INN,AT,Tirol,Innsbruck Airport (Kranebitten Airport),47.2602,11.344
1498,EGCC,LPFR,2,Europe,United Kingdom,England,MAN,GB,England,Manchester Airport,53.3537,-2.27495,Europe,Southern Europe,Portugal,FAO,PT,Faro,Faro Airport,37.0144,-7.96591
1499,EGCC,LPMA,2,Europe,United Kingdom,England,MAN,GB,England,Manchester Airport,53.3537,-2.27495,Europe,Southern Europe,Portugal,FNC,PT,Regiao Autonoma da Madeira,Madeira Airport,32.6979,-16.7745
1500,EGCC,LPPT,1,Europe,United Kingdom,England,MAN,GB,England,Manchester Airport,53.3537,-2.27495,Europe,Southern Europe,Portugal,LIS,PT,Lisboa,Lisbon Portela Airport,38.7813,-9.13592
1501,EGCC,LSGG,2,Europe,United Kingdom,England,MAN,GB,England,Manchester Airport,53.3537,-2.27495,Europe,Central Europe,Switzerland,GVA,CH,Geneve,Geneva Airport,46.2381,6.10895
1506,EGCC,LUKK,1,Europe,United Kingdom,England,MAN,GB,England,Manchester Airport,53.3537,-2.27495,Europe,Eastern Europe,Moldova,RMO,MD,Chisinau,Chisinau International Airport,46.9277,28.931
1507,EGCC,LYTV,2,Europe,United Kingdom,England,MAN,GB,England,Manchester Airport,53.3537,-2.27495,Europe,Eastern Europe,Montenegro,TIV,ME,Tivat,Tivat Airport,42.4047,18.7233
1514,EGFF,EGAC,1,Europe,United Kingdom,Wales,CWL,GB,Wales,Cardiff Airport,51.3967,-3.34333,Europe,United Kingdom,Northern Ireland,BHD,GB,Northern Ireland,George Best Belfast City Airport,54.6181,-5.8725
1515,EGFF,EGPH,1,Europe,United Kingdom,Wales,CWL,GB,Wales,Cardiff Airport,51.3967,-3.34333,Europe,United Kingdom,Scotland,EDI,GB,Scotland,Edinburgh Airport,55.95,-3.3725
1516,EGFF,EHAM,1,Europe,United Kingdom,Wales,CWL,GB,Wales,Cardiff Airport,51.3967,-3.34333,Europe,Western Europe,Netherlands,AMS,NL,Noord-Holland,Amsterdam Airport Schiphol,52.3086,4.76389
1517,EGFF,EIDW,1,Europe,United Kingdom,Wales,CWL,GB,Wales,Cardiff Airport,51.3967,-3.34333,Europe,Western Europe,Ireland,DUB,IE,Dublin,Dublin Airport,53.4213,-6.27007
1518,EGFF,EINN,1,Europe,United Kingdom,Wales,CWL,GB,Wales,Cardiff Airport,51.3967,-3.34333,Europe,Western Europe,Ireland,SNN,IE,Clare,Shannon Airport,52.702,-8.92482
1519,EGFF,GCRR,1,Europe,United Kingdom,Wales,CWL,GB,Wales,Cardiff Airport,51.3967,-3.34333,Europe,Southern Europe,Spain,ACE,ES,Canarias,Lanzarote Airport,28.9455,-13.6052
1520,EGFF,GCTS,1,Europe,United Kingdom,Wales,CWL,GB,Wales,Cardiff Airport,51.3967,-3.34333,Europe,Southern Europe,Spain,TFS,ES,Canarias,Tenerife South Airport,28.046,-16.5728
1522,EGFF,LBBG,1,Europe,United Kingdom,Wales,CWL,GB,Wales,Cardiff Airport,51.3967,-3.34333,Europe,Eastern Europe,Bulgaria,BOJ,BG,Burgas,Burgas Airport,42.5696,27.5152
1524,EGFF,LDDU,1,Europe,United Kingdom,Wales,CWL,GB,Wales,Cardiff Airport,51.3967,-3.34333,Europe,Southern Europe,Croatia,DBV,HR,Dubrovacko-neretvanska zupanija,Dubrovnik Airport,42.5614,18.2682
1525,EGFF,LEMG,1,Europe,United Kingdom,Wales,CWL,GB,Wales,Cardiff Airport,51.3967,-3.34333,Europe,Southern Europe,Spain,AGP,ES,Andalucia,Malaga Airport,36.6749,-4.49911
1526,EGFF,LEPA,1,Europe,United Kingdom,Wales,CWL,GB,Wales,Cardiff Airport,51.3967,-3.34333,Europe,Southern Europe,Spain,PMI,ES,Illes Balears,Palma de Mallorca Airport,39.5517,2.73881
1527,EGFF,LFLL,1,Europe,United Kingdom,Wales,CWL,GB,Wales,Cardiff Airport,51.3967,-3.34333,Europe,Western Europe,France,LYS,FR,Auvergne-Rhone-Alpes,Lyon-Saint-Exupery Airport,45.7256,5.08111
1528,EGFF,LGIR,1,Europe,United Kingdom,Wales,CWL,GB,Wales,Cardiff Airport,51.3967,-3.34333,Europe,Southern Europe,Greece,HER,GR,Kriti,Heraklion International Airport (Nikos Kazantzakis Airport),35.3397,25.1803
1529,EGFF,LPFR,1,Europe,United Kingdom,Wales,CWL,GB,Wales,Cardiff Airport,51.3967,-3.34333,Europe,Southern Europe,Portugal,FAO,PT,Faro,Faro Airport,37.0144,-7.96591
1532,EGGD,EDDB,1,Europe,United Kingdom,England,BRS,GB,England,Bristol Airport,51.3827,-2.71909,Europe,Central Europe,Germany,BER,DE,Brandenburg,Berlin Brandenburg Airport,52.3514,13.4939
1533,EGGD,EGPD,1,Europe,United Kingdom,England,BRS,GB,England,Bristol Airport,51.3827,-2.71909,Europe,United Kingdom,Scotland,ABZ,GB,Scotland,Aberdeen Airport,57.2019,-2.19778
1534,EGGD,EGPE,1,Europe,United Kingdom,England,BRS,GB,England,Bristol Airport,51.3827,-2.71909,Europe,United Kingdom,Scotland,INV,GB,Scotland,Inverness Airport,57.5425,-4.0475
1535,EGGD,EHAM,3,Europe,United Kingdom,England,BRS,GB,England,Bristol Airport,51.3827,-2.71909,Europe,Western Europe,Netherlands,AMS,NL,Noord-Holland,Amsterdam Airport Schiphol,52.3086,4.76389
1536,EGGD,GCLP,1,Europe,United Kingdom,England,BRS,GB,England,Bristol Airport,51.3827,-2.71909,Europe,Southern Europe,Spain,LPA,ES,Canarias,Gran Canaria Airport,27.9319,-15.3866
1537,EGGD,GCTS,1,Europe,United Kingdom,England,BRS,GB,England,Bristol Airport,51.3827,-2.71909,Europe,Southern Europe,Spain,TFS,ES,Canarias,Tenerife South Airport,28.046,-16.5728
1543,EGGD,LEIB,1,Europe,United Kingdom,England,BRS,GB,England,Bristol Airport,51.3827,-2.71909,Europe,Southern Europe,Spain,IBZ,ES,Illes Balears,Ibiza Airport,38.8729,1.37312
1544,EGGD,LEMG,1,Europe,United Kingdom,England,BRS,GB,England,Bristol Airport,51.3827,-2.71909,Europe,Southern Europe,Spain,AGP,ES,Andalucia,Malaga Airport,36.6749,-4.49911
1545,EGGD,LEMI,1,Europe,United Kingdom,England,BRS,GB,England,Bristol Airport,51.3827,-2.71909,Europe,Southern Europe,Spain,RMU,ES,"Murcia, Region de",Region de Murcia International Airport,37.803,-1.125
1546,EGGD,LFML,1,Europe,United Kingdom,England,BRS,GB,England,Bristol Airport,51.3827,-2.71909,Europe,Western Europe,France,MRS,FR,Provence-Alpes-Cote-d'Azur,Marseille Provence Airport,43.4393,5.22142
1547,EGGD,LGRP,1,Europe,United Kingdom,England,BRS,GB,England,Bristol Airport,51.3827,-2.71909,Europe,Southern Europe,Greece,RHO,GR,Notio Aigaio,Rhodes International Airport,36.4054,28.0862
1548,EGGD,LPFR,1,Europe,United Kingdom,England,BRS,GB,England,Bristol Airport,51.3827,-2.71909,Europe,Southern Europe,Portugal,FAO,PT,Faro,Faro Airport,37.0144,-7.96591
1549,EGGP,BIKF,1,Europe,United Kingdom,England,LPL,GB,England,Liverpool John Lennon Airport,53.3336,-2.84972,Europe,Nordic Region,Iceland,KEF,IS,Sudurnes,Keflavík International Airport,63.985,-22.6056
1552,EGGP,EGHQ,2,Europe,United Kingdom,England,LPL,GB,England,Liverpool John Lennon Airport,53.3336,-2.84972,Europe,United Kingdom,England,NQY,GB,England,Cornwall Airport Newquay,50.4406,-4.99541
1553,EGGP,EHAM,1,Europe,United Kingdom,England,LPL,GB,England,Liverpool John Lennon Airport,53.3336,-2.84972,Europe,Western Europe,Netherlands,AMS,NL,Noord-Holland,Amsterdam Airport Schiphol,52.3086,4.76389
1554,EGGP,EIDW,1,Europe,United Kingdom,England,LPL,GB,England,Liverpool John Lennon Airport,53.3336,-2.84972,Europe,Western Europe,Ireland,DUB,IE,Dublin,Dublin Airport,53.4213,-6.27007
1555,EGGP,EIKN,1,Europe,United Kingdom,England,LPL,GB,England,Liverpool John Lennon Airport,53.3336,-2.84972,Europe,Western Europe,Ireland,NOC,IE,Mayo,Ireland West Airport Knock,53.9103,-8.81849
1556,EGGP,EPSC,1,Europe,United Kingdom,England,LPL,GB,England,Liverpool John Lennon Airport,53.3336,-2.84972,Europe,Central Europe,Poland,SZZ,PL,Zachodniopomorskie,Solidarity Szczecin-Goleniow Airport,53.5847,14.9022
1557,EGGP,EPWA,1,Europe,United Kingdom,England,LPL,GB,England,Liverpool John Lennon Airport,53.3336,-2.84972,Europe,Central Europe,Poland,WAW,PL,Mazowieckie,Warsaw Chopin Airport,52.1657,20.9671
1562,EGGP,LEPA,2,Europe,United Kingdom,England,LPL,GB,England,Liverpool John Lennon Airport,53.3336,-2.84972,Europe,Southern Europe,Spain,PMI,ES,Illes Balears,Palma de Mallorca Airport,39.5517,2.73881
1563,EGGP,LGKR,1,Europe,United Kingdom,England,LPL,GB,England,Liverpool John Lennon Airport,53.3336,-2.84972,Europe,Southern Europe,Greece,CFU,GR,Ionia Nisia,Corfu International Airport (Ioannis Kapodistrias Int'l Airport),39.6019,19.9117
1567,EGGW,BIKF,3,Europe,United Kingdom,England,LTN,GB,England,London Luton Airport,51.8747,-0.368333,Europe,Nordic Region,Iceland,KEF,IS,Sudurnes,Keflavík International Airport,63.985,-22.6056
1568,EGGW,BIRK,1,Europe,United Kingdom,England,LTN,GB,England,London Luton Airport,51.8747,-0.368333,Europe,Nordic Region,Iceland,RKV,IS,Hofudborgarsvaedi,Reykjavík Airport,64.13,-21.9406
1577,EGGW,EDDF,1,Europe,United Kingdom,England,LTN,GB,England,London Luton Airport,51.8747,-0.368333,Europe,Central Europe,Germany,FRA,DE,Hessen,Frankfurt Airport,50.0333,8.57056
1578,EGGW,EDDM,1,Europe,United Kingdom,England,LTN,GB,England,London Luton Airport,51.8747,-0.368333,Europe,Central Europe,Germany,MUC,DE,Bayern,Munich Airport,48.3538,11.7861
1579,EGGW,EETN,2,Europe,United Kingdom,England,LTN,GB,England,London Luton Airport,51.8747,-0.368333,Europe,Nordic Region,Estonia,TLL,EE,Harjumaa,Tallinn Airport (Lennart Meri Tallinn Airport),59.4133,24.8328
1580,EGGW,EGCC,1,Europe,United Kingdom,England,LTN,GB,England,London Luton Airport,51.8747,-0.368333,Europe,United Kingdom,England,MAN,GB,England,Manchester Airport,53.3537,-2.27495
1581,EGGW,EGPE,1,Europe,United Kingdom,England,LTN,GB,England,London Luton Airport,51.8747,-0.368333,Europe,United Kingdom,Scotland,INV,GB,Scotland,Inverness Airport,57.5425,-4.0475
1582,EGGW,EGPH,1,Europe,United Kingdom,England,LTN,GB,England,London Luton Airport,51.8747,-0.368333,Europe,United Kingdom,Scotland,EDI,GB,Scotland,Edinburgh Airport,55.95,-3.3725
1583,EGGW,EGSS,1,Europe,United Kingdom,England,LTN,GB,England,London Luton Airport,51.8747,-0.368333,Europe,United Kingdom,England,STN,GB,England,London Stansted Airport,51.885,0.235
1584,EGGW,EHAM,2,Europe,United Kingdom,England,LTN,GB,England,London Luton Airport,51.8747,-0.368333,Europe,Western Europe,Netherlands,AMS,NL,Noord-Holland,Amsterdam Airport Schiphol,52.3086,4.76389
1585,EGGW,EHRD,1,Europe,United Kingdom,England,LTN,GB,England,London Luton Airport,51.8747,-0.368333,Europe,Western Europe,Netherlands,RTM,NL,Zuid-Holland,Rotterdam The Hague Airport,51.9569,4.43722
1586,EGGW,EIDW,1,Europe,United Kingdom,England,LTN,GB,England,London Luton Airport,51.8747,-0.368333,Europe,Western Europe,Ireland,DUB,IE,Dublin,Dublin Airport,53.4213,-6.27007
1587,EGGW,EIKN,3,Europe,United Kingdom,England,LTN,GB,England,London Luton Airport,51.8747,-0.368333,Europe,Western Europe,Ireland,NOC,IE,Mayo,Ireland West Airport Knock,53.9103,-8.81849
1588,EGGW,EIKY,1,Europe,United Kingdom,England,LTN,GB,England,London Luton Airport,51.8747,-0.368333,Europe,Western Europe,Ireland,KIR,IE,Kerry,Kerry Airport (Farranfore Airport),52.1809,-9.52378
1589,EGGW,EKCH,1,Europe,United Kingdom,England,LTN,GB,England,London Luton Airport,51.8747,-0.368333,Europe,Nordic Region,Denmark,CPH,DK,Hovedstaden,Copenhagen Airport,55.6179,12.656
1590,EGGW,ELLX,1,Europe,United Kingdom,England,LTN,GB,England,London Luton Airport,51.8747,-0.368333,Europe,Western Europe,Luxembourg,LUX,LU,Luxembourg,Luxembourg Findel Airport,49.6233,6.20444
1591,EGGW,EPKT,1,Europe,United Kingdom,England,LTN,GB,England,London Luton Airport,51.8747,-0.368333,Europe,Central Europe,Poland,KTW,PL,Slaskie,Katowice International Airport,50.4743,19.08
1592,EGGW,EPRZ,1,Europe,United Kingdom,England,LTN,GB,England,London Luton Airport,51.8747,-0.368333,Europe,Central Europe,Poland,RZE,PL,Podlaskie,Rzeszow-Jasionka Airport,50.11,22.019
1593,EGGW,EPWA,1,Europe,United Kingdom,England,LTN,GB,England,London Luton Airport,51.8747,-0.368333,Europe,Central Europe,Poland,WAW,PL,Mazowieckie,Warsaw Chopin Airport,52.1657,20.9671
1594,EGGW,GCFV,3,Europe,United Kingdom,England,LTN,GB,England,London Luton Airport,51.8747,-0.368333,Europe,Southern Europe,Spain,FUE,ES,Canarias,Fuerteventura Airport,28.4527,-13.8638
1595,EGGW,GCTS,2,Europe,United Kingdom,England,LTN,GB,England,London Luton Airport,51.8747,-0.368333,Europe,Southern Europe,Spain,TFS,ES,Canarias,Tenerife South Airport,28.046,-16.5728
1643,EGGW,LDZA,1,Europe,United Kingdom,England,LTN,GB,England,London Luton Airport,51.8747,-0.368333,Europe,Southern Europe,Croatia,ZAG,HR,Grad Zagreb,Zagreb Airport,45.7429,16.0688
1644,EGGW,LEMG,1,Europe,United Kingdom,England,LTN,GB,England,London Luton Airport,51.8747,-0.368333,Europe,Southern Europe,Spain,AGP,ES,Andalucia,Malaga Airport,36.6749,-4.49911
1645,EGGW,LEPA,3,Europe,United Kingdom,England,LTN,GB,England,London Luton Airport,51.8747,-0.368333,Europe,Southern Europe,Spain,PMI,ES,Illes Balears,Palma de Mallorca Airport,39.5517,2.73881
1646,EGGW,LFBD,1,Europe,United Kingdom,England,LTN,GB,England,London Luton Airport,51.8747,-0.368333,Europe,Western Europe,France,BOD,FR,Nouvelle-Aquitaine,Bordeaux-Merignac Airport,44.8283,-0.715556
1647,EGGW,LFMN,5,Europe,United Kingdom,England,LTN,GB,England,London Luton Airport,51.8747,-0.368333,Europe,Western Europe,France,NCE,FR,Provence-Alpes-Cote-d'Azur,Nice Cote d'Azur Airport,43.6584,7.21587
1648,EGGW,LGAV,1,Europe,United Kingdom,England,LTN,GB,England,London Luton Airport,51.8747,-0.368333,Europe,Southern Europe,Greece,ATH,GR,Attiki,Athens International Airport (Eleftherios Venizelos Airport),37.9364,23.9445
1649,EGGW,LGKR,1,Europe,United Kingdom,England,LTN,GB,England,London Luton Airport,51.8747,-0.368333,Europe,Southern Europe,Greece,CFU,GR,Ionia Nisia,Corfu International Airport (Ioannis Kapodistrias Int'l Airport),39.6019,19.9117
1650,EGGW,LIMC,1,Europe,United Kingdom,England,LTN,GB,England,London Luton Airport,51.8747,-0.368333,Europe,Southern Europe,Italy,MXP,IT,Lombardia,Milan-Malpensa Airport,45.6306,8.72811
1651,EGGW,LIML,1,Europe,United Kingdom,England,LTN,GB,England,London Luton Airport,51.8747,-0.368333,Europe,Southern Europe,Italy,LIN,IT,Lombardia,Milan-Linate Airport,45.4494,9.2783
1652,EGGW,LIPE,1,Europe,United Kingdom,England,LTN,GB,England,London Luton Airport,51.8747,-0.368333,Europe,Southern Europe,Italy,BLQ,IT,Emilia-Romagna,Bologna Guglielmo Marconi Airport,44.5354,11.2887
1653,EGGW,LIRA,1,Europe,United Kingdom,England,LTN,GB,England,London Luton Airport,51.8747,-0.368333,Europe,Southern Europe,Italy,CIA,IT,Lazio,Rome-Ciampino International Airport,41.7991,12.5929
1654,EGGW,LKPR,1,Europe,United Kingdom,England,LTN,GB,England,London Luton Airport,51.8747,-0.368333,Europe,Central Europe,Czech Republic,PRG,CZ,Stredocesky kraj,Vaclav Havel Airport Prague,50.1008,14.26
1656,EGGW,LOWG,2,Europe,United Kingdom,England,LTN,GB,England,London Luton Airport,51.8747,-0.368333,Europe,Central Europe,Austria,GRZ,AT,Steiermark,Graz Airport,46.9911,15.4396
1657,EGGW,LPBJ,1,Europe,United Kingdom,England,LTN,GB,England,London Luton Airport,51.8747,-0.368333,Europe,Southern Europe,Portugal,BYJ,PT,Beja,Beja Airport,38.0789,-7.9324
1658,EGGW,LRBS,1,Europe,United Kingdom,England,LTN,GB,England,London Luton Airport,51.8747,-0.368333,Europe,Eastern Europe,Romania,BBU,RO,Bucuresti,Aurel Vlaicu International Airport,44.496,26.0814
1659,EGGW,LRSB,1,Europe,United Kingdom,England,LTN,GB,England,London Luton Airport,51.8747,-0.368333,Europe,Eastern Europe,Romania,SBZ,RO,Sibiu,Sibiu International Airport,45.7856,24.0913
1660,EGGW,LRSV,1,Europe,United Kingdom,England,LTN,GB,England,London Luton Airport,51.8747,-0.368333,Europe,Eastern Europe,Romania,SCV,RO,Suceava,Suceava International Airport (Stefan cel Mare Int'l),47.6875,26.3541
1661,EGGW,LSGG,4,Europe,United Kingdom,England,LTN,GB,England,London Luton Airport,51.8747,-0.368333,Europe,Central Europe,Switzerland,GVA,CH,Geneve,Geneva Airport,46.2381,6.10895
1662,EGGW,LSZB,1,Europe,United Kingdom,England,LTN,GB,England,London Luton Airport,51.8747,-0.368333,Europe,Central Europe,Switzerland,BRN,CH,Bern,Bern Airport,46.9141,7.49715
1663,EGGW,LSZH,3,Europe,United Kingdom,England,LTN,GB,England,London Luton Airport,51.8747,-0.368333,Europe,Central Europe,Switzerland,ZRH,CH,Zurich,Zurich Airport,47.4647,8.54917
1667,EGGW,LYTV,1,Europe,United Kingdom,England,LTN,GB,England,London Luton Airport,51.8747,-0.368333,Europe,Eastern Europe,Montenegro,TIV,ME,Tivat,Tivat Airport,42.4047,18.7233
1679,EGHH,EDSB,1,Europe,United Kingdom,England,BOH,GB,England,Bournemouth Airport,50.78,-1.8425,Europe,Central Europe,Germany,FKB,DE,Baden-Wurttemberg,Karlsruhe/Baden-Baden Airport,48.7794,8.0805
1680,EGHH,EGPH,1,Europe,United Kingdom,England,BOH,GB,England,Bournemouth Airport,50.78,-1.8425,Europe,United Kingdom,Scotland,EDI,GB,Scotland,Edinburgh Airport,55.95,-3.3725
1681,EGHH,EPWR,1,Europe,United Kingdom,England,BOH,GB,England,Bournemouth Airport,50.78,-1.8425,Europe,Central Europe,Poland,WRO,PL,Dolnoslaskie,Copernicus Airport Wroclaw,51.1027,16.8858
1682,EGHH,GCLP,1,Europe,United Kingdom,England,BOH,GB,England,Bournemouth Airport,50.78,-1.8425,Europe,Southern Europe,Spain,LPA,ES,Canarias,Gran Canaria Airport,27.9319,-15.3866
1683,EGHH,GCRR,1,Europe,United Kingdom,England,BOH,GB,England,Bournemouth Airport,50.78,-1.8425,Europe,Southern Europe,Spain,ACE,ES,Canarias,Lanzarote Airport,28.9455,-13.6052
1685,EGHH,LEAL,1,Europe,United Kingdom,England,BOH,GB,England,Bournemouth Airport,50.78,-1.8425,Europe,Southern Europe,Spain,ALC,ES,"Valenciana, Comunidad",Alicante-Elche Airport,38.2822,-0.558156
1686,EGHH,LEGE,1,Europe,United Kingdom,England,BOH,GB,England,Bournemouth Airport,50.78,-1.8425,Europe,Southern Europe,Spain,GRO,ES,Catalunya,Girona-Costa Brava Airport,41.901,2.76055
1687,EGHH,LEIB,1,Europe,United Kingdom,England,BOH,GB,England,Bournemouth Airport,50.78,-1.8425,Europe,Southern Europe,Spain,IBZ,ES,Illes Balears,Ibiza Airport,38.8729,1.37312
1688,EGHH,LEMG,2,Europe,United Kingdom,England,BOH,GB,England,Bournemouth Airport,50.78,-1.8425,Europe,Southern Europe,Spain,AGP,ES,Andalucia,Malaga Airport,36.6749,-4.49911
1689,EGHH,LEPA,4,Europe,United Kingdom,England,BOH,GB,England,Bournemouth Airport,50.78,-1.8425,Europe,Southern Europe,Spain,PMI,ES,Illes Balears,Palma de Mallorca Airport,39.5517,2.73881
1690,EGHH,LFBE,1,Europe,United Kingdom,England,BOH,GB,England,Bournemouth Airport,50.78,-1.8425,Europe,Western Europe,France,EGC,FR,Nouvelle-Aquitaine,Bergerac Dordogne Perigord Airport,44.8253,0.518611
1691,EGHH,LGIR,1,Europe,United Kingdom,England,BOH,GB,England,Bournemouth Airport,50.78,-1.8425,Europe,Southern Europe,Greece,HER,GR,Kriti,Heraklion International Airport (Nikos Kazantzakis Airport),35.3397,25.1803
1692,EGHH,LGKF,1,Europe,United Kingdom,England,BOH,GB,England,Bournemouth Airport,50.78,-1.8425,Europe,Southern Europe,Greece,EFL,GR,Ionia Nisia,Kefalonia International Airport,38.1201,20.5005
1693,EGHH,LGZA,1,Europe,United Kingdom,England,BOH,GB,England,Bournemouth Airport,50.78,-1.8425,Europe,Southern Europe,Greece,ZTH,GR,Ionia Nisia,Zakynthos International Airport (Dionysios SolomosAirport),37.7509,20.8843
1694,EGHH,LMML,1,Europe,United Kingdom,England,BOH,GB,England,Bournemouth Airport,50.78,-1.8425,Europe,Southern Europe,Malta,MLA,MT,Luqa,Malta International Airport (Luqa Airport),35.8575,14.4775
1695,EGHH,LPFR,1,Europe,United Kingdom,England,BOH,GB,England,Bournemouth Airport,50.78,-1.8425,Europe,Southern Europe,Portugal,FAO,PT,Faro,Faro Airport,37.0144,-7.96591
1696,EGHH,LPMA,1,Europe,United Kingdom,England,BOH,GB,England,Bournemouth Airport,50.78,-1.8425,Europe,Southern Europe,Portugal,FNC,PT,Regiao Autonoma da Madeira,Madeira Airport,32.6979,-16.7745
1701,EGHI,EGAA,1,Europe,United Kingdom,England,SOU,GB,England,Southampton Airport,50.9503,-1.3568,Europe,United Kingdom,Northern Ireland,BFS,GB,Northern Ireland,Belfast International Airport,54.6575,-6.21583
1702,EGHI,EGAC,1,Europe,United Kingdom,England,SOU,GB,England,Southampton Airport,50.9503,-1.3568,Europe,United Kingdom,Northern Ireland,BHD,GB,Northern Ireland,George Best Belfast City Airport,54.6181,-5.8725
1703,EGHI,EGGW,1,Europe,United Kingdom,England,SOU,GB,England,Southampton Airport,50.9503,-1.3568,Europe,United Kingdom,England,LTN,GB,England,London Luton Airport,51.8747,-0.368333
1704,EGHI,EGJJ,2,Europe,United Kingdom,England,SOU,GB,England,Southampton Airport,50.9503,-1.3568,Europe,Western Europe,Jersey,JER,JE,Jersey,Jersey Airport,49.2081,-2.19528
1705,EGHI,EGNT,2,Europe,United Kingdom,England,SOU,GB,England,Southampton Airport,50.9503,-1.3568,Europe,United Kingdom,England,NCL,GB,England,Newcastle Airport,55.0375,-1.69167
1706,EGHI,EGPF,1,Europe,United Kingdom,England,SOU,GB,England,Southampton Airport,50.9503,-1.3568,Europe,United Kingdom,Scotland,GLA,GB,Scotland,Glasgow Airport,55.8719,-4.43306
1707,EGHI,EHAM,2,Europe,United Kingdom,England,SOU,GB,England,Southampton Airport,50.9503,-1.3568,Europe,Western Europe,Netherlands,AMS,NL,Noord-Holland,Amsterdam Airport Schiphol,52.3086,4.76389
1708,EGHI,EIDW,1,Europe,United Kingdom,England,SOU,GB,England,Southampton Airport,50.9503,-1.3568,Europe,Western Europe,Ireland,DUB,IE,Dublin,Dublin Airport,53.4213,-6.27007
1713,EGHI,LEAL,1,Europe,United Kingdom,England,SOU,GB,England,Southampton Airport,50.9503,-1.3568,Europe,Southern Europe,Spain,ALC,ES,"Valenciana, Comunidad",Alicante-Elche Airport,38.2822,-0.558156
1714,EGHI,LEIB,1,Europe,United Kingdom,England,SOU,GB,England,Southampton Airport,50.9503,-1.3568,Europe,Southern Europe,Spain,IBZ,ES,Illes Balears,Ibiza Airport,38.8729,1.37312
1715,EGHI,LEPA,1,Europe,United Kingdom,England,SOU,GB,England,Southampton Airport,50.9503,-1.3568,Europe,Southern Europe,Spain,PMI,ES,Illes Balears,Palma de Mallorca Airport,39.5517,2.73881
1716,EGHI,LFBO,1,Europe,United Kingdom,England,SOU,GB,England,Southampton Airport,50.9503,-1.3568,Europe,Western Europe,France,TLS,FR,Occitanie,Toulouse-Blagnac Airport,43.6291,1.36382
1717,EGHI,LIML,1,Europe,United Kingdom,England,SOU,GB,England,Southampton Airport,50.9503,-1.3568,Europe,Southern Europe,Italy,LIN,IT,Lombardia,Milan-Linate Airport,45.4494,9.2783
1718,EGHQ,EGBB,1,Europe,United Kingdom,England,NQY,GB,England,Cornwall Airport Newquay,50.4406,-4.99541,Europe,United Kingdom,England,BHX,GB,England,Birmingham Airport,52.4539,-1.74803
1719,EGHQ,EGCC,1,Europe,United Kingdom,England,NQY,GB,England,Cornwall Airport Newquay,50.4406,-4.99541,Europe,United Kingdom,England,MAN,GB,England,Manchester Airport,53.3537,-2.27495
1720,EGHQ,EGKK,1,Europe,United Kingdom,England,NQY,GB,England,Cornwall Airport Newquay,50.4406,-4.99541,Europe,United Kingdom,England,LGW,GB,England,Gatwick Airport,51.1481,-0.190278
1721,EGHQ,EGLL,2,Europe,United Kingdom,England,NQY,GB,England,Cornwall Airport Newquay,50.4406,-4.99541,Europe,United Kingdom,England,LHR,GB,England,Heathrow Airport,51.4775,-0.461389
1722,EGHQ,EGMC,2,Europe,United Kingdom,England,NQY,GB,England,Cornwall Airport Newquay,50.4406,-4.99541,Europe,United Kingdom,England,SEN,GB,England,London Southend Airport,51.5703,0.693333
1723,EGHQ,EGPH,1,Europe,United Kingdom,England,NQY,GB,England,Cornwall Airport Newquay,50.4406,-4.99541,Europe,United Kingdom,Scotland,EDI,GB,Scotland,Edinburgh Airport,55.95,-3.3725
1724,EGHQ,EIDW,1,Europe,United Kingdom,England,NQY,GB,England,Cornwall Airport Newquay,50.4406,-4.99541,Europe,Western Europe,Ireland,DUB,IE,Dublin,Dublin Airport,53.4213,-6.27007
1725,EGHQ,EINN,1,Europe,United Kingdom,England,NQY,GB,England,Cornwall Airport Newquay,50.4406,-4.99541,Europe,Western Europe,Ireland,SNN,IE,Clare,Shannon Airport,52.702,-8.92482
1727,EGHQ,LEAL,1,Europe,United Kingdom,England,NQY,GB,England,Cornwall Airport Newquay,50.4406,-4.99541,Europe,Southern Europe,Spain,ALC,ES,"Valenciana, Comunidad",Alicante-Elche Airport,38.2822,-0.558156
1728,EGHQ,LIMC,1,Europe,United Kingdom,England,NQY,GB,England,Cornwall Airport Newquay,50.4406,-4.99541,Europe,Southern Europe,Italy,MXP,IT,Lombardia,Milan-Malpensa Airport,45.6306,8.72811
1729,EGJJ,EGCC,1,Europe,Western Europe,Jersey,JER,JE,Jersey,Jersey Airport,49.2081,-2.19528,Europe,United Kingdom,England,MAN,GB,England,Manchester Airport,53.3537,-2.27495
1730,EGJJ,EGHI,1,Europe,Western Europe,Jersey,JER,JE,Jersey,Jersey Airport,49.2081,-2.19528,Europe,United Kingdom,England,SOU,GB,England,Southampton Airport,50.9503,-1.3568
1731,EGJJ,EGHQ,1,Europe,Western Europe,Jersey,JER,JE,Jersey,Jersey Airport,49.2081,-2.19528,Europe,United Kingdom,England,NQY,GB,England,Cornwall Airport Newquay,50.4406,-4.99541
1732,EGJJ,EGJJ,1,Europe,Western Europe,Jersey,JER,JE,Jersey,Jersey Airport,49.2081,-2.19528,Europe,Western Europe,Jersey,JER,JE,Jersey,Jersey Airport,49.2081,-2.19528
1733,EGJJ,EGMC,2,Europe,Western Europe,Jersey,JER,JE,Jersey,Jersey Airport,49.2081,-2.19528,Europe,United Kingdom,England,SEN,GB,England,London Southend Airport,51.5703,0.693333
1734,EGJJ,EGNM,2,Europe,Western Europe,Jersey,JER,JE,Jersey,Jersey Airport,49.2081,-2.19528,Europe,United Kingdom,England,LBA,GB,England,Leeds Bradford Airport,53.8659,-1.66057
1735,EGJJ,EGNT,1,Europe,Western Europe,Jersey,JER,JE,Jersey,Jersey Airport,49.2081,-2.19528,Europe,United Kingdom,England,NCL,GB,England,Newcastle Airport,55.0375,-1.69167
1736,EGJJ,EGTE,2,Europe,Western Europe,Jersey,JER,JE,Jersey,Jersey Airport,49.2081,-2.19528,Europe,United Kingdom,England,EXT,GB,England,Exeter International Airport,50.7344,-3.41389
1737,EGJJ,EHBK,1,Europe,Western Europe,Jersey,JER,JE,Jersey,Jersey Airport,49.2081,-2.19528,Europe,Western Europe,Netherlands,MST,NL,Limburg,Maastricht Aachen Airport,50.9117,5.77014
1738,EGJJ,EIDW,1,Europe,Western Europe,Jersey,JER,JE,Jersey,Jersey Airport,49.2081,-2.19528,Europe,Western Europe,Ireland,DUB,IE,Dublin,Dublin Airport,53.4213,-6.27007
1740,EGJJ,LEAL,1,Europe,Western Europe,Jersey,JER,JE,Jersey,Jersey Airport,49.2081,-2.19528,Europe,Southern Europe,Spain,ALC,ES,"Valenciana, Comunidad",Alicante-Elche Airport,38.2822,-0.558156
1741,EGJJ,LFPG,1,Europe,Western Europe,Jersey,JER,JE,Jersey,Jersey Airport,49.2081,-2.19528,Europe,Western Europe,France,CDG,FR,Ile-de-France,Paris Charles de Gaulle Airport,49.0097,2.54778
1742,EGJJ,LIEO,1,Europe,Western Europe,Jersey,JER,JE,Jersey,Jersey Airport,49.2081,-2.19528,Europe,Southern Europe,Italy,OLB,IT,Sardegna,Olbia Costa Smeralda Airport,40.8987,9.51763
1750,EGKK,EDNY,1,Europe,United Kingdom,England,LGW,GB,England,Gatwick Airport,51.1481,-0.190278,Europe,Central Europe,Germany,FDH,DE,Baden-Wurttemberg,Friedrichshafen Airport (Bodensee Airport),47.6713,9.51149
1751,EGKK,EGFF,1,Europe,United Kingdom,England,LGW,GB,England,Gatwick Airport,51.1481,-0.190278,Europe,United Kingdom,Wales,CWL,GB,Wales,Cardiff Airport,51.3967,-3.34333
1752,EGKK,EGHQ,1,Europe,United Kingdom,England,LGW,GB,England,Gatwick Airport,51.1481,-0.190278,Europe,United Kingdom,England,NQY,GB,England,Cornwall Airport Newquay,50.4406,-4.99541
1753,EGKK,EGLL,1,Europe,United Kingdom,England,LGW,GB,England,Gatwick Airport,51.1481,-0.190278,Europe,United Kingdom,England,LHR,GB,England,Heathrow Airport,51.4775,-0.461389
1754,EGKK,EGMC,1,Europe,United Kingdom,England,LGW,GB,England,Gatwick Airport,51.1481,-0.190278,Europe,United Kingdom,England,SEN,GB,England,London Southend Airport,51.5703,0.693333
1755,EGKK,EGPH,1,Europe,United Kingdom,England,LGW,GB,England,Gatwick Airport,51.1481,-0.190278,Europe,United Kingdom,Scotland,EDI,GB,Scotland,Edinburgh Airport,55.95,-3.3725
1756,EGKK,EGSS,1,Europe,United Kingdom,England,LGW,GB,England,Gatwick Airport,51.1481,-0.190278,Europe,United Kingdom,England,STN,GB,England,London Stansted Airport,51.885,0.235
1759,EGKK,GCLP,1,Europe,United Kingdom,England,LGW,GB,England,Gatwick Airport,51.1481,-0.190278,Europe,Southern Europe,Spain,LPA,ES,Canarias,Gran Canaria Airport,27.9319,-15.3866
1760,EGKK,GCRR,2,Europe,United Kingdom,England,LGW,GB,England,Gatwick Airport,51.1481,-0.190278,Europe,Southern Europe,Spain,ACE,ES,Canarias,Lanzarote Airport,28.9455,-13.6052
1761,EGKK,GCTS,2,Europe,United Kingdom,England,LGW,GB,England,Gatwick Airport,51.1481,-0.190278,Europe,Southern Europe,Spain,TFS,ES,Canarias,Tenerife South Airport,28.046,-16.5728
1773,EGKK,LDDU,1,Europe,United Kingdom,England,LGW,GB,England,Gatwick Airport,51.1481,-0.190278,Europe,Southern Europe,Croatia,DBV,HR,Dubrovacko-neretvanska zupanija,Dubrovnik Airport,42.5614,18.2682
1774,EGKK,LEAM,1,Europe,United Kingdom,England,LGW,GB,England,Gatwick Airport,51.1481,-0.190278,Europe,Southern Europe,Spain,LEI,ES,Andalucia,Almeria Airport,36.8439,-2.3701
1775,EGKK,LEMH,1,Europe,United Kingdom,England,LGW,GB,England,Gatwick Airport,51.1481,-0.190278,Europe,Southern Europe,Spain,MAH,ES,Illes Balears,Menorca Airport (Mahon Airport),39.8626,4.21865
1776,EGKK,LEPA,2,Europe,United Kingdom,England,LGW,GB,England,Gatwick Airport,51.1481,-0.190278,Europe,Southern Europe,Spain,PMI,ES,Illes Balears,Palma de Mallorca Airport,39.5517,2.73881
1777,EGKK,LFLL,1,Europe,United Kingdom,England,LGW,GB,England,Gatwick Airport,51.1481,-0.190278,Europe,Western Europe,France,LYS,FR,Auvergne-Rhone-Alpes,Lyon-Saint-Exupery Airport,45.7256,5.08111
1778,EGKK,LFLS,1,Europe,United Kingdom,England,LGW,GB,England,Gatwick Airport,51.1481,-0.190278,Europe,Western Europe,France,GNB,FR,Auvergne-Rhone-Alpes,Grenoble-Isere Airport,45.3629,5.32937
1779,EGKK,LFMN,2,Europe,United Kingdom,England,LGW,GB,England,Gatwick Airport,51.1481,-0.190278,Europe,Western Europe,France,NCE,FR,Provence-Alpes-Cote-d'Azur,Nice Cote d'Azur Airport,43.6584,7.21587
1780,EGKK,LFPG,1,Europe,United Kingdom,England,LGW,GB,England,Gatwick Airport,51.1481,-0.190278,Europe,Western Europe,France,CDG,FR,Ile-de-France,Paris Charles de Gaulle Airport,49.0097,2.54778
1781,EGKK,LFSB,1,Europe,United Kingdom,England,LGW,GB,England,Gatwick Airport,51.1481,-0.190278,Europe,Western Europe,France,BSL,CH,Basel-City,EuroAirport Basel Mulhouse Freiburg,47.59,7.52916
1782,EGKK,LFSB,1,Europe,United Kingdom,England,LGW,GB,England,Gatwick Airport,51.1481,-0.190278,Europe,Central Europe,Switzerland,BSL,CH,Basel-City,EuroAirport Basel Mulhouse Freiburg,47.59,7.52916
1783,EGKK,LFST,1,Europe,United Kingdom,England,LGW,GB,England,Gatwick Airport,51.1481,-0.190278,Europe,Western Europe,France,SXB,FR,Grand-Est,Strasbourg Airport,48.5383,7.62823
1784,EGKK,LGAV,1,Europe,United Kingdom,England,LGW,GB,England,Gatwick Airport,51.1481,-0.190278,Europe,Southern Europe,Greece,ATH,GR,Attiki,Athens International Airport (Eleftherios Venizelos Airport),37.9364,23.9445
1785,EGKK,LGKF,1,Europe,United Kingdom,England,LGW,GB,England,Gatwick Airport,51.1481,-0.190278,Europe,Southern Europe,Greece,EFL,GR,Ionia Nisia,Kefalonia International Airport,38.1201,20.5005
1786,EGKK,LGKO,1,Europe,United Kingdom,England,LGW,GB,England,Gatwick Airport,51.1481,-0.190278,Europe,Southern Europe,Greece,KGS,GR,Notio Aigaio,Kos Island International Airport,36.7933,27.0917
1787,EGKK,LGKR,1,Europe,United Kingdom,England,LGW,GB,England,Gatwick Airport,51.1481,-0.190278,Europe,Southern Europe,Greece,CFU,GR,Ionia Nisia,Corfu International Airport (Ioannis Kapodistrias Int'l Airport),39.6019,19.9117
1788,EGKK,LGPZ,2,Europe,United Kingdom,England,LGW,GB,England,Gatwick Airport,51.1481,-0.190278,Europe,Southern Europe,Greece,PVK,GR,Ionia Nisia,Aktion National Airport,38.9255,20.7653
1789,EGKK,LGRP,2,Europe,United Kingdom,England,LGW,GB,England,Gatwick Airport,51.1481,-0.190278,Europe,Southern Europe,Greece,RHO,GR,Notio Aigaio,Rhodes International Airport,36.4054,28.0862
1790,EGKK,LGSA,1,Europe,United Kingdom,England,LGW,GB,England,Gatwick Airport,51.1481,-0.190278,Europe,Southern Europe,Greece,CHQ,GR,Kriti,Chania International Airport,35.5317,24.1497
1791,EGKK,LGZA,1,Europe,United Kingdom,England,LGW,GB,England,Gatwick Airport,51.1481,-0.190278,Europe,Southern Europe,Greece,ZTH,GR,Ionia Nisia,Zakynthos International Airport (Dionysios SolomosAirport),37.7509,20.8843
1792,EGKK,LIBD,1,Europe,United Kingdom,England,LGW,GB,England,Gatwick Airport,51.1481,-0.190278,Europe,Southern Europe,Italy,BRI,IT,Puglia,Bari Karol Wojtyla Airport,41.1389,16.7606
1793,EGKK,LIPX,1,Europe,United Kingdom,England,LGW,GB,England,Gatwick Airport,51.1481,-0.190278,Europe,Southern Europe,Italy,VRN,IT,Veneto,Verona Villafranca Airport,45.3957,10.8885
1794,EGKK,LIRI,1,Europe,United Kingdom,England,LGW,GB,England,Gatwick Airport,51.1481,-0.190278,Europe,Southern Europe,Italy,QSR,IT,Campania,Salerno Costa d'Amalfi Airport (Pontecagnano Airport),40.6204,14.9113
1795,EGKK,LIRP,1,Europe,United Kingdom,England,LGW,GB,England,Gatwick Airport,51.1481,-0.190278,Europe,Southern Europe,Italy,PSA,IT,Toscana,Pisa International Airport (Galileo Galilei Airport),43.6839,10.3927
1796,EGKK,LOWI,2,Europe,United Kingdom,England,LGW,GB,England,Gatwick Airport,51.1481,-0.190278,Europe,Central Europe,Austria,INN,AT,Tirol,Innsbruck Airport (Kranebitten Airport),47.2602,11.344
1797,EGKK,LOWS,1,Europe,United Kingdom,England,LGW,GB,England,Gatwick Airport,51.1481,-0.190278,Europe,Central Europe,Austria,SZG,AT,Salzburg,Salzburg Airport,47.7933,13.0043
1798,EGKK,LOWW,1,Europe,United Kingdom,England,LGW,GB,England,Gatwick Airport,51.1481,-0.190278,Europe,Central Europe,Austria,VIE,AT,Niederosterreich,Vienna International Airport,48.1103,16.5697
1799,EGKK,LPFR,2,Europe,United Kingdom,England,LGW,GB,England,Gatwick Airport,51.1481,-0.190278,Europe,Southern Europe,Portugal,FAO,PT,Faro,Faro Airport,37.0144,-7.96591
1800,EGKK,LPMA,1,Europe,United Kingdom,England,LGW,GB,England,Gatwick Airport,51.1481,-0.190278,Europe,Southern Europe,Portugal,FNC,PT,Regiao Autonoma da Madeira,Madeira Airport,32.6979,-16.7745
1801,EGKK,LSGG,2,Europe,United Kingdom,England,LGW,GB,England,Gatwick Airport,51.1481,-0.190278,Europe,Central Europe,Switzerland,GVA,CH,Geneve,Geneva Airport,46.2381,6.10895
1806,EGKK,LYTV,1,Europe,United Kingdom,England,LGW,GB,England,Gatwick Airport,51.1481,-0.190278,Europe,Eastern Europe,Montenegro,TIV,ME,Tivat,Tivat Airport,42.4047,18.7233
1816,EGLC,EDDL,1,Europe,United Kingdom,England,LCY,GB,England,London City Airport,51.5053,0.055278,Europe,Central Europe,Germany,DUS,DE,Nordrhein-Westfalen,Dusseldorf Airport,51.2895,6.76678
1817,EGLC,EHAM,1,Europe,United Kingdom,England,LCY,GB,England,London City Airport,51.5053,0.055278,Europe,Western Europe,Netherlands,AMS,NL,Noord-Holland,Amsterdam Airport Schiphol,52.3086,4.76389
1818,EGLC,LIRQ,1,Europe,United Kingdom,England,LCY,GB,England,London City Airport,51.5053,0.055278,Europe,Southern Europe,Italy,FLR,IT,Toscana,Florence Airport,43.81,11.2051
1819,EGLC,LKPR,1,Europe,United Kingdom,England,LCY,GB,England,London City Airport,51.5053,0.055278,Europe,Central Europe,Czech Republic,PRG,CZ,Stredocesky kraj,Vaclav Havel Airport Prague,50.1008,14.26
1820,EGLC,LSZH,2,Europe,United Kingdom,England,LCY,GB,England,London City Airport,51.5053,0.055278,Europe,Central Europe,Switzerland,ZRH,CH,Zurich,Zurich Airport,47.4647,8.54917
1827,EGLL,EDDF,1,Europe,United Kingdom,England,LHR,GB,England,Heathrow Airport,51.4775,-0.461389,Europe,Central Europe,Germany,FRA,DE,Hessen,Frankfurt Airport,50.0333,8.57056
1828,EGLL,EDDK,1,Europe,United Kingdom,England,LHR,GB,England,Heathrow Airport,51.4775,-0.461389,Europe,Central Europe,Germany,CGN,DE,Nordrhein-Westfalen,Cologne Bonn Airport,50.8659,7.14274
1829,EGLL,EDDL,2,Europe,United Kingdom,England,LHR,GB,England,Heathrow Airport,51.4775,-0.461389,Europe,Central Europe,Germany,DUS,DE,Nordrhein-Westfalen,Dusseldorf Airport,51.2895,6.76678
1830,EGLL,EDDV,1,Europe,United Kingdom,England,LHR,GB,England,Heathrow Airport,51.4775,-0.461389,Europe,Central Europe,Germany,HAJ,DE,Niedersachsen,Hannover Airport,52.4611,9.68508
1831,EGLL,EFHK,2,Europe,United Kingdom,England,LHR,GB,England,Heathrow Airport,51.4775,-0.461389,Europe,Nordic Region,Finland,HEL,FI,Uusimaa,Helsinki Airport (Helsinki-Vantaa Airport),60.3172,24.9633
1832,EGLL,EGCC,1,Europe,United Kingdom,England,LHR,GB,England,Heathrow Airport,51.4775,-0.461389,Europe,United Kingdom,England,MAN,GB,England,Manchester Airport,53.3537,-2.27495
1833,EGLL,EGFF,1,Europe,United Kingdom,England,LHR,GB,England,Heathrow Airport,51.4775,-0.461389,Europe,United Kingdom,Wales,CWL,GB,Wales,Cardiff Airport,51.3967,-3.34333
1834,EGLL,EGHQ,1,Europe,United Kingdom,England,LHR,GB,England,Heathrow Airport,51.4775,-0.461389,Europe,United Kingdom,England,NQY,GB,England,Cornwall Airport Newquay,50.4406,-4.99541
1835,EGLL,EGKK,1,Europe,United Kingdom,England,LHR,GB,England,Heathrow Airport,51.4775,-0.461389,Europe,United Kingdom,England,LGW,GB,England,Gatwick Airport,51.1481,-0.190278
1836,EGLL,EGNT,1,Europe,United Kingdom,England,LHR,GB,England,Heathrow Airport,51.4775,-0.461389,Europe,United Kingdom,England,NCL,GB,England,Newcastle Airport,55.0375,-1.69167
1837,EGLL,EGPD,1,Europe,United Kingdom,England,LHR,GB,England,Heathrow Airport,51.4775,-0.461389,Europe,United Kingdom,Scotland,ABZ,GB,Scotland,Aberdeen Airport,57.2019,-2.19778
1838,EGLL,EGPE,1,Europe,United Kingdom,England,LHR,GB,England,Heathrow Airport,51.4775,-0.461389,Europe,United Kingdom,Scotland,INV,GB,Scotland,Inverness Airport,57.5425,-4.0475
1839,EGLL,EGPF,1,Europe,United Kingdom,England,LHR,GB,England,Heathrow Airport,51.4775,-0.461389,Europe,United Kingdom,Scotland,GLA,GB,Scotland,Glasgow Airport,55.8719,-4.43306
1840,EGLL,EGPH,1,Europe,United Kingdom,England,LHR,GB,England,Heathrow Airport,51.4775,-0.461389,Europe,United Kingdom,Scotland,EDI,GB,Scotland,Edinburgh Airport,55.95,-3.3725
1841,EGLL,EHAM,1,Europe,United Kingdom,England,LHR,GB,England,Heathrow Airport,51.4775,-0.461389,Europe,Western Europe,Netherlands,AMS,NL,Noord-Holland,Amsterdam Airport Schiphol,52.3086,4.76389
1842,EGLL,EIDW,1,Europe,United Kingdom,England,LHR,GB,England,Heathrow Airport,51.4775,-0.461389,Europe,Western Europe,Ireland,DUB,IE,Dublin,Dublin Airport,53.4213,-6.27007
1843,EGLL,EIKN,1,Europe,United Kingdom,England,LHR,GB,England,Heathrow Airport,51.4775,-0.461389,Europe,Western Europe,Ireland,NOC,IE,Mayo,Ireland West Airport Knock,53.9103,-8.81849
1844,EGLL,EKCH,1,Europe,United Kingdom,England,LHR,GB,England,Heathrow Airport,51.4775,-0.461389,Europe,Nordic Region,Denmark,CPH,DK,Hovedstaden,Copenhagen Airport,55.6179,12.656
1875,EGLL,LDSP,1,Europe,United Kingdom,England,LHR,GB,England,Heathrow Airport,51.4775,-0.461389,Europe,Southern Europe,Croatia,SPU,HR,Splitsko-dalmatinska zupanija,Split Airport,43.5389,16.298
1876,EGLL,LEMD,1,Europe,United Kingdom,England,LHR,GB,England,Heathrow Airport,51.4775,-0.461389,Europe,Southern Europe,Spain,MAD,ES,"Madrid, Comunidad de",Adolfo Suarez Madrid-Barajas Airport,40.4719,-3.56264
1877,EGLL,LEVC,1,Europe,United Kingdom,England,LHR,GB,England,Heathrow Airport,51.4775,-0.461389,Europe,Southern Europe,Spain,VLC,ES,"Valenciana, Comunidad",Valencia Airport,39.4893,-0.481625
1878,EGLL,LFBO,1,Europe,United Kingdom,England,LHR,GB,England,Heathrow Airport,51.4775,-0.461389,Europe,Western Europe,France,TLS,FR,Occitanie,Toulouse-Blagnac Airport,43.6291,1.36382
1879,EGLL,LFKF,3,Europe,United Kingdom,England,LHR,GB,England,Heathrow Airport,51.4775,-0.461389,Europe,Western Europe,France,FSC,FR,Corse,Figari-Sud Corse Airport,41.5006,9.09778
1880,EGLL,LFMN,2,Europe,United Kingdom,England,LHR,GB,England,Heathrow Airport,51.4775,-0.461389,Europe,Western Europe,France,NCE,FR,Provence-Alpes-Cote-d'Azur,Nice Cote d'Azur Airport,43.6584,7.21587
1881,EGLL,LFOK,1,Europe,United Kingdom,England,LHR,GB,England,Heathrow Airport,51.4775,-0.461389,Europe,Western Europe,France,XCR,FR,Grand-Est,Chalons Vatry Airport,48.7806,4.1883
1882,EGLL,LGPZ,1,Europe,United Kingdom,England,LHR,GB,England,Heathrow Airport,51.4775,-0.461389,Europe,Southern Europe,Greece,PVK,GR,Ionia Nisia,Aktion National Airport,38.9255,20.7653
1883,EGLL,LGSR,1,Europe,United Kingdom,England,LHR,GB,England,Heathrow Airport,51.4775,-0.461389,Europe,Southern Europe,Greece,JTR,GR,Notio Aigaio,Santorini (Thira) National Airport,36.3992,25.4793
1884,EGLL,LHBP,1,Europe,United Kingdom,England,LHR,GB,England,Heathrow Airport,51.4775,-0.461389,Europe,Central Europe,Hungary,BUD,HU,Budapest,Budapest Ferenc Liszt International Airport,47.4298,19.2611
1885,EGLL,LIRP,1,Europe,United Kingdom,England,LHR,GB,England,Heathrow Airport,51.4775,-0.461389,Europe,Southern Europe,Italy,PSA,IT,Toscana,Pisa International Airport (Galileo Galilei Airport),43.6839,10.3927
1886,EGLL,LMML,1,Europe,United Kingdom,England,LHR,GB,England,Heathrow Airport,51.4775,-0.461389,Europe,Southern Europe,Malta,MLA,MT,Luqa,Malta International Airport (Luqa Airport),35.8575,14.4775
1887,EGLL,LOWW,5,Europe,United Kingdom,England,LHR,GB,England,Heathrow Airport,51.4775,-0.461389,Europe,Central Europe,Austria,VIE,AT,Niederosterreich,Vienna International Airport,48.1103,16.5697
1888,EGLL,LPFR,1,Europe,United Kingdom,England,LHR,GB,England,Heathrow Airport,51.4775,-0.461389,Europe,Southern Europe,Portugal,FAO,PT,Faro,Faro Airport,37.0144,-7.96591
1889,EGLL,LPPT,2,Europe,United Kingdom,England,LHR,GB,England,Heathrow Airport,51.4775,-0.461389,Europe,Southern Europe,Portugal,LIS,PT,Lisboa,Lisbon Portela Airport,38.7813,-9.13592
1890,EGLL,LROP,4,Europe,United Kingdom,England,LHR,GB,England,Heathrow Airport,51.4775,-0.461389,Europe,Eastern Europe,Romania,OTP,RO,Ilfov,Bucharest Henri Coandă International Airport,44.5711,26.085
1891,EGLL,LSZH,1,Europe,United Kingdom,England,LHR,GB,England,Heathrow Airport,51.4775,-0.461389,Europe,Central Europe,Switzerland,ZRH,CH,Zurich,Zurich Airport,47.4647,8.54917
1893,EGLL,LXGB,1,Europe,United Kingdom,England,LHR,GB,England,Heathrow Airport,51.4775,-0.461389,Europe,Western Europe,Gibraltar,GIB,GI,Gibraltar,Gibraltar International Airport (North Front Airport),36.1512,-5.34966
1916,EGMC,BIKF,2,Europe,United Kingdom,England,SEN,GB,England,London Southend Airport,51.5703,0.693333,Europe,Nordic Region,Iceland,KEF,IS,Sudurnes,Keflavík International Airport,63.985,-22.6056
1918,EGMC,EGHQ,3,Europe,United Kingdom,England,SEN,GB,England,London Southend Airport,51.5703,0.693333,Europe,United Kingdom,England,NQY,GB,England,Cornwall Airport Newquay,50.4406,-4.99541
1919,EGMC,EHAM,1,Europe,United Kingdom,England,SEN,GB,England,London Southend Airport,51.5703,0.693333,Europe,Western Europe,Netherlands,AMS,NL,Noord-Holland,Amsterdam Airport Schiphol,52.3086,4.76389
1920,EGMC,GCLP,1,Europe,United Kingdom,England,SEN,GB,England,London Southend Airport,51.5703,0.693333,Europe,Southern Europe,Spain,LPA,ES,Canarias,Gran Canaria Airport,27.9319,-15.3866
1921,EGMC,GCTS,1,Europe,United Kingdom,England,SEN,GB,England,London Southend Airport,51.5703,0.693333,Europe,Southern Europe,Spain,TFS,ES,Canarias,Tenerife South Airport,28.046,-16.5728
1925,EGMC,LEAL,1,Europe,United Kingdom,England,SEN,GB,England,London Southend Airport,51.5703,0.693333,Europe,Southern Europe,Spain,ALC,ES,"Valenciana, Comunidad",Alicante-Elche Airport,38.2822,-0.558156
1926,EGMC,LEAM,1,Europe,United Kingdom,England,SEN,GB,England,London Southend Airport,51.5703,0.693333,Europe,Southern Europe,Spain,LEI,ES,Andalucia,Almeria Airport,36.8439,-2.3701
1927,EGMC,LEMG,2,Europe,United Kingdom,England,SEN,GB,England,London Southend Airport,51.5703,0.693333,Europe,Southern Europe,Spain,AGP,ES,Andalucia,Malaga Airport,36.6749,-4.49911
1928,EGMC,LEPA,1,Europe,United Kingdom,England,SEN,GB,England,London Southend Airport,51.5703,0.693333,Europe,Southern Europe,Spain,PMI,ES,Illes Balears,Palma de Mallorca Airport,39.5517,2.73881
1929,EGMC,LERS,1,Europe,United Kingdom,England,SEN,GB,England,London Southend Airport,51.5703,0.693333,Europe,Southern Europe,Spain,REU,ES,Catalunya,Reus Airport,41.1474,1.16717
1930,EGMC,LFPG,1,Europe,United Kingdom,England,SEN,GB,England,London Southend Airport,51.5703,0.693333,Europe,Western Europe,France,CDG,FR,Ile-de-France,Paris Charles de Gaulle Airport,49.0097,2.54778
1931,EGMC,LIRN,1,Europe,United Kingdom,England,SEN,GB,England,London Southend Airport,51.5703,0.693333,Europe,Southern Europe,Italy,NAP,IT,Campania,Naples International Airport,40.886,14.2908
1932,EGMC,LIRP,1,Europe,United Kingdom,England,SEN,GB,England,London Southend Airport,51.5703,0.693333,Europe,Southern Europe,Italy,PSA,IT,Toscana,Pisa International Airport (Galileo Galilei Airport),43.6839,10.3927
1933,EGMC,LMML,1,Europe,United Kingdom,England,SEN,GB,England,London Southend Airport,51.5703,0.693333,Europe,Southern Europe,Malta,MLA,MT,Luqa,Malta International Airport (Luqa Airport),35.8575,14.4775
1934,EGMC,LPFR,1,Europe,United Kingdom,England,SEN,GB,England,London Southend Airport,51.5703,0.693333,Europe,Southern Europe,Portugal,FAO,PT,Faro,Faro Airport,37.0144,-7.96591
1937,EGNJ,EHAM,1,Europe,United Kingdom,England,HUY,GB,England,Humberside Airport,53.5744,-0.350833,Europe,Western Europe,Netherlands,AMS,NL,Noord-Holland,Amsterdam Airport Schiphol,52.3086,4.76389
1938,EGNM,BIKF,1,Europe,United Kingdom,England,LBA,GB,England,Leeds Bradford Airport,53.8659,-1.66057,Europe,Nordic Region,Iceland,KEF,IS,Sudurnes,Keflavík International Airport,63.985,-22.6056
1939,EGNM,EGCC,1,Europe,United Kingdom,England,LBA,GB,England,Leeds Bradford Airport,53.8659,-1.66057,Europe,United Kingdom,England,MAN,GB,England,Manchester Airport,53.3537,-2.27495
1940,EGNM,EGJJ,1,Europe,United Kingdom,England,LBA,GB,England,Leeds Bradford Airport,53.8659,-1.66057,Europe,Western Europe,Jersey,JER,JE,Jersey,Jersey Airport,49.2081,-2.19528
1941,EGNM,EIDW,1,Europe,United Kingdom,England,LBA,GB,England,Leeds Bradford Airport,53.8659,-1.66057,Europe,Western Europe,Ireland,DUB,IE,Dublin,Dublin Airport,53.4213,-6.27007
1942,EGNM,EVRA,1,Europe,United Kingdom,England,LBA,GB,England,Leeds Bradford Airport,53.8659,-1.66057,Europe,Nordic Region,Latvia,RIX,LV,Riga,Riga International Airport,56.9236,23.9711
1946,EGNM,LEAL,1,Europe,United Kingdom,England,LBA,GB,England,Leeds Bradford Airport,53.8659,-1.66057,Europe,Southern Europe,Spain,ALC,ES,"Valenciana, Comunidad",Alicante-Elche Airport,38.2822,-0.558156
1947,EGNM,LEIB,1,Europe,United Kingdom,England,LBA,GB,England,Leeds Bradford Airport,53.8659,-1.66057,Europe,Southern Europe,Spain,IBZ,ES,Illes Balears,Ibiza Airport,38.8729,1.37312
1948,EGNM,LEJR,1,Europe,United Kingdom,England,LBA,GB,England,Leeds Bradford Airport,53.8659,-1.66057,Europe,Southern Europe,Spain,XRY,ES,Andalucia,Jerez Airport (La Parra Airport),36.7446,-6.06011
1949,EGNM,LEPA,2,Europe,United Kingdom,England,LBA,GB,England,Leeds Bradford Airport,53.8659,-1.66057,Europe,Southern Europe,Spain,PMI,ES,Illes Balears,Palma de Mallorca Airport,39.5517,2.73881
1950,EGNM,LIRF,1,Europe,United Kingdom,England,LBA,GB,England,Leeds Bradford Airport,53.8659,-1.66057,Europe,Southern Europe,Italy,FCO,IT,Lazio,Rome–Fiumicino International Airport,41.8003,12.2389
1951,EGNM,LMML,2,Europe,United Kingdom,England,LBA,GB,England,Leeds Bradford Airport,53.8659,-1.66057,Europe,Southern Europe,Malta,MLA,MT,Luqa,Malta International Airport (Luqa Airport),35.8575,14.4775
1952,EGNM,LRCL,1,Europe,United Kingdom,England,LBA,GB,England,Leeds Bradford Airport,53.8659,-1.66057,Europe,Eastern Europe,Romania,CLJ,RO,Cluj,Cluj-Napoca International Airport,46.7852,23.6862
1953,EGNM,LROP,1,Europe,United Kingdom,England,LBA,GB,England,Leeds Bradford Airport,53.8659,-1.66057,Europe,Eastern Europe,Romania,OTP,RO,Ilfov,Bucharest Henri Coandă International Airport,44.5711,26.085
1954,EGNM,LSZB,1,Europe,United Kingdom,England,LBA,GB,England,Leeds Bradford Airport,53.8659,-1.66057,Europe,Central Europe,Switzerland,BRN,CH,Bern,Bern Airport,46.9141,7.49715
1955,EGNM,LSZH,1,Europe,United Kingdom,England,LBA,GB,England,Leeds Bradford Airport,53.8659,-1.66057,Europe,Central Europe,Switzerland,ZRH,CH,Zurich,Zurich Airport,47.4647,8.54917
1957,EGNS,EGLC,2,Europe,Western Europe,Isle of Man,IOM,GB,England,Isle of Man Airport,54.0833,-4.62333,Europe,United Kingdom,England,LCY,GB,England,London City Airport,51.5053,0.055278
1958,EGNS,LEMG,1,Europe,Western Europe,Isle of Man,IOM,GB,England,Isle of Man Airport,54.0833,-4.62333,Europe,Southern Europe,Spain,AGP,ES,Andalucia,Malaga Airport,36.6749,-4.49911
1959,EGNT,BIKF,1,Europe,United Kingdom,England,NCL,GB,England,Newcastle Airport,55.0375,-1.69167,Europe,Nordic Region,Iceland,KEF,IS,Sudurnes,Keflavík International Airport,63.985,-22.6056
1961,EGNT,EDDB,1,Europe,United Kingdom,England,NCL,GB,England,Newcastle Airport,55.0375,-1.69167,Europe,Central Europe,Germany,BER,DE,Brandenburg,Berlin Brandenburg Airport,52.3514,13.4939
1962,EGNT,EDDF,1,Europe,United Kingdom,England,NCL,GB,England,Newcastle Airport,55.0375,-1.69167,Europe,Central Europe,Germany,FRA,DE,Hessen,Frankfurt Airport,50.0333,8.57056
1963,EGNT,EDDL,1,Europe,United Kingdom,England,NCL,GB,England,Newcastle Airport,55.0375,-1.69167,Europe,Central Europe,Germany,DUS,DE,Nordrhein-Westfalen,Dusseldorf Airport,51.2895,6.76678
1964,EGNT,EGAA,1,Europe,United Kingdom,England,NCL,GB,England,Newcastle Airport,55.0375,-1.69167,Europe,United Kingdom,Northern Ireland,BFS,GB,Northern Ireland,Belfast International Airport,54.6575,-6.21583
1965,EGNT,EGHI,4,Europe,United Kingdom,England,NCL,GB,England,Newcastle Airport,55.0375,-1.69167,Europe,United Kingdom,England,SOU,GB,England,Southampton Airport,50.9503,-1.3568
1966,EGNT,EGJJ,1,Europe,United Kingdom,England,NCL,GB,England,Newcastle Airport,55.0375,-1.69167,Europe,Western Europe,Jersey,JER,JE,Jersey,Jersey Airport,49.2081,-2.19528
1967,EGNT,EGLL,2,Europe,United Kingdom,England,NCL,GB,England,Newcastle Airport,55.0375,-1.69167,Europe,United Kingdom,England,LHR,GB,England,Heathrow Airport,51.4775,-0.461389
1968,EGNT,EGTE,2,Europe,United Kingdom,England,NCL,GB,England,Newcastle Airport,55.0375,-1.69167,Europe,United Kingdom,England,EXT,GB,England,Exeter International Airport,50.7344,-3.41389
1969,EGNT,EHAM,4,Europe,United Kingdom,England,NCL,GB,England,Newcastle Airport,55.0375,-1.69167,Europe,Western Europe,Netherlands,AMS,NL,Noord-Holland,Amsterdam Airport Schiphol,52.3086,4.76389
1970,EGNT,EIDW,1,Europe,United Kingdom,England,NCL,GB,England,Newcastle Airport,55.0375,-1.69167,Europe,Western Europe,Ireland,DUB,IE,Dublin,Dublin Airport,53.4213,-6.27007
1971,EGNT,EKCH,1,Europe,United Kingdom,England,NCL,GB,England,Newcastle Airport,55.0375,-1.69167,Europe,Nordic Region,Denmark,CPH,DK,Hovedstaden,Copenhagen Airport,55.6179,12.656
1972,EGNT,ENZV,2,Europe,United Kingdom,England,NCL,GB,England,Newcastle Airport,55.0375,-1.69167,Europe,Nordic Region,Norway,SVG,NO,Rogaland,Stavanger Airport,58.8767,5.63778
1973,EGNT,ESSB,1,Europe,United Kingdom,England,NCL,GB,England,Newcastle Airport,55.0375,-1.69167,Europe,Nordic Region,Sweden,BMA,SE,Stockholms lan,Stockholm Bromma Airport,59.3556,17.9436
1974,EGNT,GCFV,1,Europe,United Kingdom,England,NCL,GB,England,Newcastle Airport,55.0375,-1.69167,Europe,Southern Europe,Spain,FUE,ES,Canarias,Fuerteventura Airport,28.4527,-13.8638
1975,EGNT,GCRR,1,Europe,United Kingdom,England,NCL,GB,England,Newcastle Airport,55.0375,-1.69167,Europe,Southern Europe,Spain,ACE,ES,Canarias,Lanzarote Airport,28.9455,-13.6052
1976,EGNT,GCTS,3,Europe,United Kingdom,England,NCL,GB,England,Newcastle Airport,55.0375,-1.69167,Europe,Southern Europe,Spain,TFS,ES,Canarias,Tenerife South Airport,28.046,-16.5728
1984,EGNT,LEAL,2,Europe,United Kingdom,England,NCL,GB,England,Newcastle Airport,55.0375,-1.69167,Europe,Southern Europe,Spain,ALC,ES,"Valenciana, Comunidad",Alicante-Elche Airport,38.2822,-0.558156
1985,EGNT,LEIB,2,Europe,United Kingdom,England,NCL,GB,England,Newcastle Airport,55.0375,-1.69167,Europe,Southern Europe,Spain,IBZ,ES,Illes Balears,Ibiza Airport,38.8729,1.37312
1986,EGNT,LEMG,4,Europe,United Kingdom,England,NCL,GB,England,Newcastle Airport,55.0375,-1.69167,Europe,Southern Europe,Spain,AGP,ES,Andalucia,Malaga Airport,36.6749,-4.49911
1987,EGNT,LEMH,2,Europe,United Kingdom,England,NCL,GB,England,Newcastle Airport,55.0375,-1.69167,Europe,Southern Europe,Spain,MAH,ES,Illes Balears,Menorca Airport (Mahon Airport),39.8626,4.21865
1988,EGNT,LEPA,7,Europe,United Kingdom,England,NCL,GB,England,Newcastle Airport,55.0375,-1.69167,Europe,Southern Europe,Spain,PMI,ES,Illes Balears,Palma de Mallorca Airport,39.5517,2.73881
1989,EGNT,LERS,4,Europe,United Kingdom,England,NCL,GB,England,Newcastle Airport,55.0375,-1.69167,Europe,Southern Europe,Spain,REU,ES,Catalunya,Reus Airport,41.1474,1.16717
1990,EGNT,LFPG,2,Europe,United Kingdom,England,NCL,GB,England,Newcastle Airport,55.0375,-1.69167,Europe,Western Europe,France,CDG,FR,Ile-de-France,Paris Charles de Gaulle Airport,49.0097,2.54778
1991,EGNT,LGKF,1,Europe,United Kingdom,England,NCL,GB,England,Newcastle Airport,55.0375,-1.69167,Europe,Southern Europe,Greece,EFL,GR,Ionia Nisia,Kefalonia International Airport,38.1201,20.5005
1992,EGNT,LGKR,4,Europe,United Kingdom,England,NCL,GB,England,Newcastle Airport,55.0375,-1.69167,Europe,Southern Europe,Greece,CFU,GR,Ionia Nisia,Corfu International Airport (Ioannis Kapodistrias Int'l Airport),39.6019,19.9117
1993,EGNT,LGRP,2,Europe,United Kingdom,England,NCL,GB,England,Newcastle Airport,55.0375,-1.69167,Europe,Southern Europe,Greece,RHO,GR,Notio Aigaio,Rhodes International Airport,36.4054,28.0862
1994,EGNT,LGSA,1,Europe,United Kingdom,England,NCL,GB,England,Newcastle Airport,55.0375,-1.69167,Europe,Southern Europe,Greece,CHQ,GR,Kriti,Chania International Airport,35.5317,24.1497
1995,EGNT,LGSK,1,Europe,United Kingdom,England,NCL,GB,England,Newcastle Airport,55.0375,-1.69167,Europe,Southern Europe,Greece,JSI,GR,Thessalia,Skiathos Island National Airport,39.1771,23.5037
1996,EGNT,LGZA,3,Europe,United Kingdom,England,NCL,GB,England,Newcastle Airport,55.0375,-1.69167,Europe,Southern Europe,Greece,ZTH,GR,Ionia Nisia,Zakynthos International Airport (Dionysios SolomosAirport),37.7509,20.8843
1997,EGNT,LIRF,1,Europe,United Kingdom,England,NCL,GB,England,Newcastle Airport,55.0375,-1.69167,Europe,Southern Europe,Italy,FCO,IT,Lazio,Rome–Fiumicino International Airport,41.8003,12.2389
1998,EGNT,LIRN,2,Europe,United Kingdom,England,NCL,GB,England,Newcastle Airport,55.0375,-1.69167,Europe,Southern Europe,Italy,NAP,IT,Campania,Naples International Airport,40.886,14.2908
1999,EGNT,LKPR,1,Europe,United Kingdom,England,NCL,GB,England,Newcastle Airport,55.0375,-1.69167,Europe,Central Europe,Czech Republic,PRG,CZ,Stredocesky kraj,Vaclav Havel Airport Prague,50.1008,14.26
2000,EGNT,LPFR,3,Europe,United Kingdom,England,NCL,GB,England,Newcastle Airport,55.0375,-1.69167,Europe,Southern Europe,Portugal,FAO,PT,Faro,Faro Airport,37.0144,-7.96591
2006,EGNV,EGPH,1,Europe,United Kingdom,England,MME,GB,England,Teesside International Airport,54.5092,-1.42941,Europe,United Kingdom,Scotland,EDI,GB,Scotland,Edinburgh Airport,55.95,-3.3725
2007,EGNV,EHAM,2,Europe,United Kingdom,England,MME,GB,England,Teesside International Airport,54.5092,-1.42941,Europe,Western Europe,Netherlands,AMS,NL,Noord-Holland,Amsterdam Airport Schiphol,52.3086,4.76389
2008,EGNV,LEMG,1,Europe,United Kingdom,England,MME,GB,England,Teesside International Airport,54.5092,-1.42941,Europe,Southern Europe,Spain,AGP,ES,Andalucia,Malaga Airport,36.6749,-4.49911
2009,EGNV,LEPA,1,Europe,United Kingdom,England,MME,GB,England,Teesside International Airport,54.5092,-1.42941,Europe,Southern Europe,Spain,PMI,ES,Illes Balears,Palma de Mallorca Airport,39.5517,2.73881
2010,EGNX,BIKF,4,Europe,United Kingdom,England,EMA,GB,England,East Midlands Airport,52.8311,-1.32806,Europe,Nordic Region,Iceland,KEF,IS,Sudurnes,Keflavík International Airport,63.985,-22.6056
2011,EGNX,BIRK,1,Europe,United Kingdom,England,EMA,GB,England,East Midlands Airport,52.8311,-1.32806,Europe,Nordic Region,Iceland,RKV,IS,Hofudborgarsvaedi,Reykjavík Airport,64.13,-21.9406
2013,EGNX,EDDM,1,Europe,United Kingdom,England,EMA,GB,England,East Midlands Airport,52.8311,-1.32806,Europe,Central Europe,Germany,MUC,DE,Bayern,Munich Airport,48.3538,11.7861
2014,EGNX,EDDP,2,Europe,United Kingdom,England,EMA,GB,England,East Midlands Airport,52.8311,-1.32806,Europe,Central Europe,Germany,LEJ,DE,Sachsen,Leipzig/Halle Airport,51.4239,12.2364
2015,EGNX,EGAA,2,Europe,United Kingdom,England,EMA,GB,England,East Midlands Airport,52.8311,-1.32806,Europe,United Kingdom,Northern Ireland,BFS,GB,Northern Ireland,Belfast International Airport,54.6575,-6.21583
2016,EGNX,EGHQ,1,Europe,United Kingdom,England,EMA,GB,England,East Midlands Airport,52.8311,-1.32806,Europe,United Kingdom,England,NQY,GB,England,Cornwall Airport Newquay,50.4406,-4.99541
2017,EGNX,EGNT,1,Europe,United Kingdom,England,EMA,GB,England,East Midlands Airport,52.8311,-1.32806,Europe,United Kingdom,England,NCL,GB,England,Newcastle Airport,55.0375,-1.69167
2018,EGNX,EGPH,1,Europe,United Kingdom,England,EMA,GB,England,East Midlands Airport,52.8311,-1.32806,Europe,United Kingdom,Scotland,EDI,GB,Scotland,Edinburgh Airport,55.95,-3.3725
2019,EGNX,GCTS,1,Europe,United Kingdom,England,EMA,GB,England,East Midlands Airport,52.8311,-1.32806,Europe,Southern Europe,Spain,TFS,ES,Canarias,Tenerife South Airport,28.046,-16.5728
2029,EGNX,LEPA,1,Europe,United Kingdom,England,EMA,GB,England,East Midlands Airport,52.8311,-1.32806,Europe,Southern Europe,Spain,PMI,ES,Illes Balears,Palma de Mallorca Airport,39.5517,2.73881
2030,EGNX,LFBO,1,Europe,United Kingdom,England,EMA,GB,England,East Midlands Airport,52.8311,-1.32806,Europe,Western Europe,France,TLS,FR,Occitanie,Toulouse-Blagnac Airport,43.6291,1.36382
2031,EGNX,LGKO,1,Europe,United Kingdom,England,EMA,GB,England,East Midlands Airport,52.8311,-1.32806,Europe,Southern Europe,Greece,KGS,GR,Notio Aigaio,Kos Island International Airport,36.7933,27.0917
2032,EGNX,LGKR,1,Europe,United Kingdom,England,EMA,GB,England,East Midlands Airport,52.8311,-1.32806,Europe,Southern Europe,Greece,CFU,GR,Ionia Nisia,Corfu International Airport (Ioannis Kapodistrias Int'l Airport),39.6019,19.9117
2033,EGNX,LGSK,1,Europe,United Kingdom,England,EMA,GB,England,East Midlands Airport,52.8311,-1.32806,Europe,Southern Europe,Greece,JSI,GR,Thessalia,Skiathos Island National Airport,39.1771,23.5037
2034,EGNX,LIEO,1,Europe,United Kingdom,England,EMA,GB,England,East Midlands Airport,52.8311,-1.32806,Europe,Southern Europe,Italy,OLB,IT,Sardegna,Olbia Costa Smeralda Airport,40.8987,9.51763
2035,EGNX,LIPX,2,Europe,United Kingdom,England,EMA,GB,England,East Midlands Airport,52.8311,-1.32806,Europe,Southern Europe,Italy,VRN,IT,Veneto,Verona Villafranca Airport,45.3957,10.8885
2036,EGNX,LSGG,1,Europe,United Kingdom,England,EMA,GB,England,East Midlands Airport,52.8311,-1.32806,Europe,Central Europe,Switzerland,GVA,CH,Geneve,Geneva Airport,46.2381,6.10895
2039,EGPD,BIKF,1,Europe,United Kingdom,Scotland,ABZ,GB,Scotland,Aberdeen Airport,57.2019,-2.19778,Europe,Nordic Region,Iceland,KEF,IS,Sudurnes,Keflavík International Airport,63.985,-22.6056
2040,EGPD,EGNT,1,Europe,United Kingdom,Scotland,ABZ,GB,Scotland,Aberdeen Airport,57.2019,-2.19778,Europe,United Kingdom,England,NCL,GB,England,Newcastle Airport,55.0375,-1.69167
2041,EGPD,EGNV,1,Europe,United Kingdom,Scotland,ABZ,GB,Scotland,Aberdeen Airport,57.2019,-2.19778,Europe,United Kingdom,England,MME,GB,England,Teesside International Airport,54.5092,-1.42941
2042,EGPD,EGPH,1,Europe,United Kingdom,Scotland,ABZ,GB,Scotland,Aberdeen Airport,57.2019,-2.19778,Europe,United Kingdom,Scotland,EDI,GB,Scotland,Edinburgh Airport,55.95,-3.3725
2043,EGPD,EGSH,1,Europe,United Kingdom,Scotland,ABZ,GB,Scotland,Aberdeen Airport,57.2019,-2.19778,Europe,United Kingdom,England,NWI,GB,England,Norwich International Airport,52.6758,1.28278
2047,EGPE,BIKF,1,Europe,United Kingdom,Scotland,INV,GB,Scotland,Inverness Airport,57.5425,-4.0475,Europe,Nordic Region,Iceland,KEF,IS,Sudurnes,Keflavík International Airport,63.985,-22.6056
2048,EGPE,BIRK,1,Europe,United Kingdom,Scotland,INV,GB,Scotland,Inverness Airport,57.5425,-4.0475,Europe,Nordic Region,Iceland,RKV,IS,Hofudborgarsvaedi,Reykjavík Airport,64.13,-21.9406
2051,EGPE,EGGD,1,Europe,United Kingdom,Scotland,INV,GB,Scotland,Inverness Airport,57.5425,-4.0475,Europe,United Kingdom,England,BRS,GB,England,Bristol Airport,51.3827,-2.71909
2052,EGPE,EGGW,1,Europe,United Kingdom,Scotland,INV,GB,Scotland,Inverness Airport,57.5425,-4.0475,Europe,United Kingdom,England,LTN,GB,England,London Luton Airport,51.8747,-0.368333
2053,EGPE,EGKK,1,Europe,United Kingdom,Scotland,INV,GB,Scotland,Inverness Airport,57.5425,-4.0475,Europe,United Kingdom,England,LGW,GB,England,Gatwick Airport,51.1481,-0.190278
2054,EGPE,EGLL,1,Europe,United Kingdom,Scotland,INV,GB,Scotland,Inverness Airport,57.5425,-4.0475,Europe,United Kingdom,England,LHR,GB,England,Heathrow Airport,51.4775,-0.461389
2055,EGPE,EKVG,1,Europe,United Kingdom,Scotland,INV,GB,Scotland,Inverness Airport,57.5425,-4.0475,Europe,Nordic Region,Faroe Islands,FAE,FK,Falkland Islands (Malvinas),Vagar Airport,62.0636,-7.27722
2064,EGPF,BIKF,1,Europe,United Kingdom,Scotland,GLA,GB,Scotland,Glasgow Airport,55.8719,-4.43306,Europe,Nordic Region,Iceland,KEF,IS,Sudurnes,Keflavík International Airport,63.985,-22.6056
2067,EGPF,EGHI,1,Europe,United Kingdom,Scotland,GLA,GB,Scotland,Glasgow Airport,55.8719,-4.43306,Europe,United Kingdom,England,SOU,GB,England,Southampton Airport,50.9503,-1.3568
2068,EGPF,EGLL,1,Europe,United Kingdom,Scotland,GLA,GB,Scotland,Glasgow Airport,55.8719,-4.43306,Europe,United Kingdom,England,LHR,GB,England,Heathrow Airport,51.4775,-0.461389
2069,EGPF,EGMC,1,Europe,United Kingdom,Scotland,GLA,GB,Scotland,Glasgow Airport,55.8719,-4.43306,Europe,United Kingdom,England,SEN,GB,England,London Southend Airport,51.5703,0.693333
2070,EGPF,EGSS,1,Europe,United Kingdom,Scotland,GLA,GB,Scotland,Glasgow Airport,55.8719,-4.43306,Europe,United Kingdom,England,STN,GB,England,London Stansted Airport,51.885,0.235
2071,EGPF,EICK,1,Europe,United Kingdom,Scotland,GLA,GB,Scotland,Glasgow Airport,55.8719,-4.43306,Europe,Western Europe,Ireland,ORK,IE,Cork,Cork Airport,51.8413,-8.49111
2072,EGPF,EPWR,1,Europe,United Kingdom,Scotland,GLA,GB,Scotland,Glasgow Airport,55.8719,-4.43306,Europe,Central Europe,Poland,WRO,PL,Dolnoslaskie,Copernicus Airport Wroclaw,51.1027,16.8858
2073,EGPF,GCFV,1,Europe,United Kingdom,Scotland,GLA,GB,Scotland,Glasgow Airport,55.8719,-4.43306,Europe,Southern Europe,Spain,FUE,ES,Canarias,Fuerteventura Airport,28.4527,-13.8638
2074,EGPF,GCRR,1,Europe,United Kingdom,Scotland,GLA,GB,Scotland,Glasgow Airport,55.8719,-4.43306,Europe,Southern Europe,Spain,ACE,ES,Canarias,Lanzarote Airport,28.9455,-13.6052
2085,EGPF,LDDU,1,Europe,United Kingdom,Scotland,GLA,GB,Scotland,Glasgow Airport,55.8719,-4.43306,Europe,Southern Europe,Croatia,DBV,HR,Dubrovacko-neretvanska zupanija,Dubrovnik Airport,42.5614,18.2682
2086,EGPF,LEMH,1,Europe,United Kingdom,Scotland,GLA,GB,Scotland,Glasgow Airport,55.8719,-4.43306,Europe,Southern Europe,Spain,MAH,ES,Illes Balears,Menorca Airport (Mahon Airport),39.8626,4.21865
2087,EGPF,LFBD,1,Europe,United Kingdom,Scotland,GLA,GB,Scotland,Glasgow Airport,55.8719,-4.43306,Europe,Western Europe,France,BOD,FR,Nouvelle-Aquitaine,Bordeaux-Merignac Airport,44.8283,-0.715556
2088,EGPF,LGKR,1,Europe,United Kingdom,Scotland,GLA,GB,Scotland,Glasgow Airport,55.8719,-4.43306,Europe,Southern Europe,Greece,CFU,GR,Ionia Nisia,Corfu International Airport (Ioannis Kapodistrias Int'l Airport),39.6019,19.9117
2089,EGPF,LMML,1,Europe,United Kingdom,Scotland,GLA,GB,Scotland,Glasgow Airport,55.8719,-4.43306,Europe,Southern Europe,Malta,MLA,MT,Luqa,Malta International Airport (Luqa Airport),35.8575,14.4775
2090,EGPF,LPPR,1,Europe,United Kingdom,Scotland,GLA,GB,Scotland,Glasgow Airport,55.8719,-4.43306,Europe,Southern Europe,Portugal,OPO,PT,Porto,Francisco Sá Carneiro Airport,41.2356,-8.67806
2091,EGPF,LSZB,2,Europe,United Kingdom,Scotland,GLA,GB,Scotland,Glasgow Airport,55.8719,-4.43306,Europe,Central Europe,Switzerland,BRN,CH,Bern,Bern Airport,46.9141,7.49715
2095,EGPH,BIKF,1,Europe,United Kingdom,Scotland,EDI,GB,Scotland,Edinburgh Airport,55.95,-3.3725,Europe,Nordic Region,Iceland,KEF,IS,Sudurnes,Keflavík International Airport,63.985,-22.6056
2103,EGPH,EDDF,2,Europe,United Kingdom,Scotland,EDI,GB,Scotland,Edinburgh Airport,55.95,-3.3725,Europe,Central Europe,Germany,FRA,DE,Hessen,Frankfurt Airport,50.0333,8.57056
2104,EGPH,EDDK,1,Europe,United Kingdom,Scotland,EDI,GB,Scotland,Edinburgh Airport,55.95,-3.3725,Europe,Central Europe,Germany,CGN,DE,Nordrhein-Westfalen,Cologne Bonn Airport,50.8659,7.14274
2105,EGPH,EDDL,3,Europe,United Kingdom,Scotland,EDI,GB,Scotland,Edinburgh Airport,55.95,-3.3725,Europe,Central Europe,Germany,DUS,DE,Nordrhein-Westfalen,Dusseldorf Airport,51.2895,6.76678
2106,EGPH,EDDM,1,Europe,United Kingdom,Scotland,EDI,GB,Scotland,Edinburgh Airport,55.95,-3.3725,Europe,Central Europe,Germany,MUC,DE,Bayern,Munich Airport,48.3538,11.7861
2107,EGPH,EDDS,1,Europe,United Kingdom,Scotland,EDI,GB,Scotland,Edinburgh Airport,55.95,-3.3725,Europe,Central Europe,Germany,STR,DE,Baden-Wurttemberg,Stuttgart Airport,48.6899,9.22196
2108,EGPH,EDLV,1,Europe,United Kingdom,Scotland,EDI,GB,Scotland,Edinburgh Airport,55.95,-3.3725,Europe,Central Europe,Germany,NRN,DE,Nordrhein-Westfalen,Weeze Airport (Niederrhein Airport),51.6024,6.14217
2109,EGPH,EFHK,1,Europe,United Kingdom,Scotland,EDI,GB,Scotland,Edinburgh Airport,55.95,-3.3725,Europe,Nordic Region,Finland,HEL,FI,Uusimaa,Helsinki Airport (Helsinki-Vantaa Airport),60.3172,24.9633
2110,EGPH,EGAE,1,Europe,United Kingdom,Scotland,EDI,GB,Scotland,Edinburgh Airport,55.95,-3.3725,Europe,United Kingdom,Northern Ireland,LDY,GB,Northern Ireland,City of Derry Airport,55.0428,-7.16111
2111,EGPH,EGCC,3,Europe,United Kingdom,Scotland,EDI,GB,Scotland,Edinburgh Airport,55.95,-3.3725,Europe,United Kingdom,England,MAN,GB,England,Manchester Airport,53.3537,-2.27495
2112,EGPH,EGFF,1,Europe,United Kingdom,Scotland,EDI,GB,Scotland,Edinburgh Airport,55.95,-3.3725,Europe,United Kingdom,Wales,CWL,GB,Wales,Cardiff Airport,51.3967,-3.34333
2113,EGPH,EGHI,1,Europe,United Kingdom,Scotland,EDI,GB,Scotland,Edinburgh Airport,55.95,-3.3725,Europe,United Kingdom,England,SOU,GB,England,Southampton Airport,50.9503,-1.3568
2114,EGPH,EGHQ,1,Europe,United Kingdom,Scotland,EDI,GB,Scotland,Edinburgh Airport,55.95,-3.3725,Europe,United Kingdom,England,NQY,GB,England,Cornwall Airport Newquay,50.4406,-4.99541
2115,EGPH,EGKK,1,Europe,United Kingdom,Scotland,EDI,GB,Scotland,Edinburgh Airport,55.95,-3.3725,Europe,United Kingdom,England,LGW,GB,England,Gatwick Airport,51.1481,-0.190278
2116,EGPH,EGLC,1,Europe,United Kingdom,Scotland,EDI,GB,Scotland,Edinburgh Airport,55.95,-3.3725,Europe,United Kingdom,England,LCY,GB,England,London City Airport,51.5053,0.055278
2117,EGPH,EGPF,1,Europe,United Kingdom,Scotland,EDI,GB,Scotland,Edinburgh Airport,55.95,-3.3725,Europe,United Kingdom,Scotland,GLA,GB,Scotland,Glasgow Airport,55.8719,-4.43306
2118,EGPH,EGPK,1,Europe,United Kingdom,Scotland,EDI,GB,Scotland,Edinburgh Airport,55.95,-3.3725,Europe,United Kingdom,Scotland,PIK,GB,Scotland,Glasgow Prestwick Airport,55.5094,-4.58667
2119,EGPH,EGTE,1,Europe,United Kingdom,Scotland,EDI,GB,Scotland,Edinburgh Airport,55.95,-3.3725,Europe,United Kingdom,England,EXT,GB,England,Exeter International Airport,50.7344,-3.41389
2120,EGPH,EHAM,2,Europe,United Kingdom,Scotland,EDI,GB,Scotland,Edinburgh Airport,55.95,-3.3725,Europe,Western Europe,Netherlands,AMS,NL,Noord-Holland,Amsterdam Airport Schiphol,52.3086,4.76389
2121,EGPH,EICK,1,Europe,United Kingdom,Scotland,EDI,GB,Scotland,Edinburgh Airport,55.95,-3.3725,Europe,Western Europe,Ireland,ORK,IE,Cork,Cork Airport,51.8413,-8.49111
2122,EGPH,EIDW,1,Europe,United Kingdom,Scotland,EDI,GB,Scotland,Edinburgh Airport,55.95,-3.3725,Europe,Western Europe,Ireland,DUB,IE,Dublin,Dublin Airport,53.4213,-6.27007
2123,EGPH,EKCH,1,Europe,United Kingdom,Scotland,EDI,GB,Scotland,Edinburgh Airport,55.95,-3.3725,Europe,Nordic Region,Denmark,CPH,DK,Hovedstaden,Copenhagen Airport,55.6179,12.656
2124,EGPH,EKVG,1,Europe,United Kingdom,Scotland,EDI,GB,Scotland,Edinburgh Airport,55.95,-3.3725,Europe,Nordic Region,Faroe Islands,FAE,FK,Falkland Islands (Malvinas),Vagar Airport,62.0636,-7.27722
2125,EGPH,ENBR,1,Europe,United Kingdom,Scotland,EDI,GB,Scotland,Edinburgh Airport,55.95,-3.3725,Europe,Nordic Region,Norway,BGO,NO,Hordaland,Bergen Airport,60.2934,5.21814
2126,EGPH,EPKK,1,Europe,United Kingdom,Scotland,EDI,GB,Scotland,Edinburgh Airport,55.95,-3.3725,Europe,Central Europe,Poland,KRK,PL,Malopolskie,John Paul II International Airport Krakow-Balice,50.0777,19.7848
2127,EGPH,EPWR,1,Europe,United Kingdom,Scotland,EDI,GB,Scotland,Edinburgh Airport,55.95,-3.3725,Europe,Central Europe,Poland,WRO,PL,Dolnoslaskie,Copernicus Airport Wroclaw,51.1027,16.8858
2128,EGPH,ESSA,1,Europe,United Kingdom,Scotland,EDI,GB,Scotland,Edinburgh Airport,55.95,-3.3725,Europe,Nordic Region,Sweden,ARN,SE,Stockholms lan,Stockholm Arlanda Airport,59.6519,17.9186
2129,EGPH,EVRA,5,Europe,United Kingdom,Scotland,EDI,GB,Scotland,Edinburgh Airport,55.95,-3.3725,Europe,Nordic Region,Latvia,RIX,LV,Riga,Riga International Airport,56.9236,23.9711
2130,EGPH,GCTS,1,Europe,United Kingdom,Scotland,EDI,GB,Scotland,Edinburgh Airport,55.95,-3.3725,Europe,Southern Europe,Spain,TFS,ES,Canarias,Tenerife South Airport,28.046,-16.5728
2145,EGPH,LATI,1,Europe,United Kingdom,Scotland,EDI,GB,Scotland,Edinburgh Airport,55.95,-3.3725,Europe,Eastern Europe,Albania,TIA,IR,Azarbayjan-e Gharbi,Tirana International Airport,41.4147,19.7206
2146,EGPH,LEBL,1,Europe,United Kingdom,Scotland,EDI,GB,Scotland,Edinburgh Airport,55.95,-3.3725,Europe,Southern Europe,Spain,BCN,ES,Catalunya,Barcelona El Prat Airport,41.2971,2.07846
2147,EGPH,LEMD,3,Europe,United Kingdom,Scotland,EDI,GB,Scotland,Edinburgh Airport,55.95,-3.3725,Europe,Southern Europe,Spain,MAD,ES,"Madrid, Comunidad de",Adolfo Suarez Madrid-Barajas Airport,40.4719,-3.56264
2148,EGPH,LEMG,1,Europe,United Kingdom,Scotland,EDI,GB,Scotland,Edinburgh Airport,55.95,-3.3725,Europe,Southern Europe,Spain,AGP,ES,Andalucia,Malaga Airport,36.6749,-4.49911
2149,EGPH,LEZG,1,Europe,United Kingdom,Scotland,EDI,GB,Scotland,Edinburgh Airport,55.95,-3.3725,Europe,Southern Europe,Spain,ZAZ,ES,Aragon,Zaragoza Airport,41.6662,-1.04155
2150,EGPH,LFBZ,1,Europe,United Kingdom,Scotland,EDI,GB,Scotland,Edinburgh Airport,55.95,-3.3725,Europe,Western Europe,France,BIQ,FR,Nouvelle-Aquitaine,Biarritz Pays Basque Airport,43.4683,-1.53111
2151,EGPH,LFMN,1,Europe,United Kingdom,Scotland,EDI,GB,Scotland,Edinburgh Airport,55.95,-3.3725,Europe,Western Europe,France,NCE,FR,Provence-Alpes-Cote-d'Azur,Nice Cote d'Azur Airport,43.6584,7.21587
2152,EGPH,LFMU,1,Europe,United Kingdom,Scotland,EDI,GB,Scotland,Edinburgh Airport,55.95,-3.3725,Europe,Western Europe,France,BZR,FR,Occitanie,Beziers Cap d'Agde Airport,43.3235,3.3539
2153,EGPH,LFPG,1,Europe,United Kingdom,Scotland,EDI,GB,Scotland,Edinburgh Airport,55.95,-3.3725,Europe,Western Europe,France,CDG,FR,Ile-de-France,Paris Charles de Gaulle Airport,49.0097,2.54778
2154,EGPH,LFRS,1,Europe,United Kingdom,Scotland,EDI,GB,Scotland,Edinburgh Airport,55.95,-3.3725,Europe,Western Europe,France,NTE,FR,Pays-de-la-Loire,Nantes Atlantique Airport,47.1532,-1.61073
2155,EGPH,LFSB,1,Europe,United Kingdom,Scotland,EDI,GB,Scotland,Edinburgh Airport,55.95,-3.3725,Europe,Western Europe,France,BSL,CH,Basel-City,EuroAirport Basel Mulhouse Freiburg,47.59,7.52916
2156,EGPH,LFSB,1,Europe,United Kingdom,Scotland,EDI,GB,Scotland,Edinburgh Airport,55.95,-3.3725,Europe,Central Europe,Switzerland,BSL,CH,Basel-City,EuroAirport Basel Mulhouse Freiburg,47.59,7.52916
2157,EGPH,LGAV,1,Europe,United Kingdom,Scotland,EDI,GB,Scotland,Edinburgh Airport,55.95,-3.3725,Europe,Southern Europe,Greece,ATH,GR,Attiki,Athens International Airport (Eleftherios Venizelos Airport),37.9364,23.9445
2158,EGPH,LGKR,1,Europe,United Kingdom,Scotland,EDI,GB,Scotland,Edinburgh Airport,55.95,-3.3725,Europe,Southern Europe,Greece,CFU,GR,Ionia Nisia,Corfu International Airport (Ioannis Kapodistrias Int'l Airport),39.6019,19.9117
2159,EGPH,LICC,1,Europe,United Kingdom,Scotland,EDI,GB,Scotland,Edinburgh Airport,55.95,-3.3725,Europe,Southern Europe,Italy,CTA,IT,Sicilia,Catania-Fontanarossa Airport,37.4668,15.0664
2160,EGPH,LIEO,2,Europe,United Kingdom,Scotland,EDI,GB,Scotland,Edinburgh Airport,55.95,-3.3725,Europe,Southern Europe,Italy,OLB,IT,Sardegna,Olbia Costa Smeralda Airport,40.8987,9.51763
2161,EGPH,LIML,1,Europe,United Kingdom,Scotland,EDI,GB,Scotland,Edinburgh Airport,55.95,-3.3725,Europe,Southern Europe,Italy,LIN,IT,Lombardia,Milan-Linate Airport,45.4494,9.2783
2162,EGPH,LIPE,1,Europe,United Kingdom,Scotland,EDI,GB,Scotland,Edinburgh Airport,55.95,-3.3725,Europe,Southern Europe,Italy,BLQ,IT,Emilia-Romagna,Bologna Guglielmo Marconi Airport,44.5354,11.2887
2163,EGPH,LIRN,1,Europe,United Kingdom,Scotland,EDI,GB,Scotland,Edinburgh Airport,55.95,-3.3725,Europe,Southern Europe,Italy,NAP,IT,Campania,Naples International Airport,40.886,14.2908
2164,EGPH,LIRQ,1,Europe,United Kingdom,Scotland,EDI,GB,Scotland,Edinburgh Airport,55.95,-3.3725,Europe,Southern Europe,Italy,FLR,IT,Toscana,Florence Airport,43.81,11.2051
2165,EGPH,LMML,1,Europe,United Kingdom,Scotland,EDI,GB,Scotland,Edinburgh Airport,55.95,-3.3725,Europe,Southern Europe,Malta,MLA,MT,Luqa,Malta International Airport (Luqa Airport),35.8575,14.4775
2166,EGPH,LOWW,3,Europe,United Kingdom,Scotland,EDI,GB,Scotland,Edinburgh Airport,55.95,-3.3725,Europe,Central Europe,Austria,VIE,AT,Niederosterreich,Vienna International Airport,48.1103,16.5697
2167,EGPH,LPFR,1,Europe,United Kingdom,Scotland,EDI,GB,Scotland,Edinburgh Airport,55.95,-3.3725,Europe,Southern Europe,Portugal,FAO,PT,Faro,Faro Airport,37.0144,-7.96591
2168,EGPH,LSGG,2,Europe,United Kingdom,Scotland,EDI,GB,Scotland,Edinburgh Airport,55.95,-3.3725,Europe,Central Europe,Switzerland,GVA,CH,Geneve,Geneva Airport,46.2381,6.10895
2169,EGPH,LSZH,6,Europe,United Kingdom,Scotland,EDI,GB,Scotland,Edinburgh Airport,55.95,-3.3725,Europe,Central Europe,Switzerland,ZRH,CH,Zurich,Zurich Airport,47.4647,8.54917
2174,EGPK,BIAR,1,Europe,United Kingdom,Scotland,PIK,GB,Scotland,Glasgow Prestwick Airport,55.5094,-4.58667,Europe,Nordic Region,Iceland,AEY,IS,Nordurland eystra,Akureyri Airport,65.66,-18.0727
2175,EGPK,BIKF,3,Europe,United Kingdom,Scotland,PIK,GB,Scotland,Glasgow Prestwick Airport,55.5094,-4.58667,Europe,Nordic Region,Iceland,KEF,IS,Sudurnes,Keflavík International Airport,63.985,-22.6056
2176,EGPK,BIRK,6,Europe,United Kingdom,Scotland,PIK,GB,Scotland,Glasgow Prestwick Airport,55.5094,-4.58667,Europe,Nordic Region,Iceland,RKV,IS,Hofudborgarsvaedi,Reykjavík Airport,64.13,-21.9406
2187,EGPK,LFPG,2,Europe,United Kingdom,Scotland,PIK,GB,Scotland,Glasgow Prestwick Airport,55.5094,-4.58667,Europe,Western Europe,France,CDG,FR,Ile-de-France,Paris Charles de Gaulle Airport,49.0097,2.54778
2188,EGPK,LPPR,2,Europe,United Kingdom,Scotland,PIK,GB,Scotland,Glasgow Prestwick Airport,55.5094,-4.58667,Europe,Southern Europe,Portugal,OPO,PT,Porto,Francisco Sá Carneiro Airport,41.2356,-8.67806
2191,EGSH,EGPD,1,Europe,United Kingdom,England,NWI,GB,England,Norwich International Airport,52.6758,1.28278,Europe,United Kingdom,Scotland,ABZ,GB,Scotland,Aberdeen Airport,57.2019,-2.19778
2192,EGSH,EHAM,1,Europe,United Kingdom,England,NWI,GB,England,Norwich International Airport,52.6758,1.28278,Europe,Western Europe,Netherlands,AMS,NL,Noord-Holland,Amsterdam Airport Schiphol,52.3086,4.76389
2194,EGSH,LEMG,1,Europe,United Kingdom,England,NWI,GB,England,Norwich International Airport,52.6758,1.28278,Europe,Southern Europe,Spain,AGP,ES,Andalucia,Malaga Airport,36.6749,-4.49911
2195,EGSH,LEMH,1,Europe,United Kingdom,England,NWI,GB,England,Norwich International Airport,52.6758,1.28278,Europe,Southern Europe,Spain,MAH,ES,Illes Balears,Menorca Airport (Mahon Airport),39.8626,4.21865
2196,EGSH,LEPA,1,Europe,United Kingdom,England,NWI,GB,England,Norwich International Airport,52.6758,1.28278,Europe,Southern Europe,Spain,PMI,ES,Illes Balears,Palma de Mallorca Airport,39.5517,2.73881
2197,EGSH,LGRP,1,Europe,United Kingdom,England,NWI,GB,England,Norwich International Airport,52.6758,1.28278,Europe,Southern Europe,Greece,RHO,GR,Notio Aigaio,Rhodes International Airport,36.4054,28.0862
2198,EGSH,LMML,1,Europe,United Kingdom,England,NWI,GB,England,Norwich International Airport,52.6758,1.28278,Europe,Southern Europe,Malta,MLA,MT,Luqa,Malta International Airport (Luqa Airport),35.8575,14.4775
2199,EGSS,BIKF,1,Europe,United Kingdom,England,STN,GB,England,London Stansted Airport,51.885,0.235,Europe,Nordic Region,Iceland,KEF,IS,Sudurnes,Keflavík International Airport,63.985,-22.6056
2206,EGSS,EBOS,1,Europe,United Kingdom,England,STN,GB,England,London Stansted Airport,51.885,0.235,Europe,Western Europe,Belgium,OST,BE,West-Vlaanderen,Ostend-Bruges International Airport,51.1989,2.86222
2207,EGSS,EDDH,1,Europe,United Kingdom,England,STN,GB,England,London Stansted Airport,51.885,0.235,Europe,Central Europe,Germany,HAM,DE,Hamburg,Hamburg Airport,53.6304,9.98823
2208,EGSS,EDFH,2,Europe,United Kingdom,England,STN,GB,England,London Stansted Airport,51.885,0.235,Europe,Central Europe,Germany,HHN,DE,Rheinland-Pfalz,Frankfurt-Hahn Airport,49.9487,7.26389
2209,EGSS,EDSB,1,Europe,United Kingdom,England,STN,GB,England,London Stansted Airport,51.885,0.235,Europe,Central Europe,Germany,FKB,DE,Baden-Wurttemberg,Karlsruhe/Baden-Baden Airport,48.7794,8.0805
2210,EGSS,EFTP,1,Europe,United Kingdom,England,STN,GB,England,London Stansted Airport,51.885,0.235,Europe,Nordic Region,Finland,TMP,FI,Pirkanmaa,Tampere-Pirkkala Airport,61.4141,23.6044
2211,EGSS,EGNM,1,Europe,United Kingdom,England,STN,GB,England,London Stansted Airport,51.885,0.235,Europe,United Kingdom,England,LBA,GB,England,Leeds Bradford Airport,53.8659,-1.66057
2212,EGSS,EHAM,1,Europe,United Kingdom,England,STN,GB,England,London Stansted Airport,51.885,0.235,Europe,Western Europe,Netherlands,AMS,NL,Noord-Holland,Amsterdam Airport Schiphol,52.3086,4.76389
2213,EGSS,EICK,1,Europe,United Kingdom,England,STN,GB,England,London Stansted Airport,51.885,0.235,Europe,Western Europe,Ireland,ORK,IE,Cork,Cork Airport,51.8413,-8.49111
2214,EGSS,EIDW,4,Europe,United Kingdom,England,STN,GB,England,London Stansted Airport,51.885,0.235,Europe,Western Europe,Ireland,DUB,IE,Dublin,Dublin Airport,53.4213,-6.27007
2215,EGSS,EIKN,1,Europe,United Kingdom,England,STN,GB,England,London Stansted Airport,51.885,0.235,Europe,Western Europe,Ireland,NOC,IE,Mayo,Ireland West Airport Knock,53.9103,-8.81849
2216,EGSS,EIKY,1,Europe,United Kingdom,England,STN,GB,England,London Stansted Airport,51.885,0.235,Europe,Western Europe,Ireland,KIR,IE,Kerry,Kerry Airport (Farranfore Airport),52.1809,-9.52378
2217,EGSS,EKAH,1,Europe,United Kingdom,England,STN,GB,England,London Stansted Airport,51.885,0.235,Europe,Nordic Region,Denmark,AAR,DK,Midtjylland,Aarhus Airport,56.3,10.619
2218,EGSS,ESSA,1,Europe,United Kingdom,England,STN,GB,England,London Stansted Airport,51.885,0.235,Europe,Nordic Region,Sweden,ARN,SE,Stockholms lan,Stockholm Arlanda Airport,59.6519,17.9186
2219,EGSS,EVRA,5,Europe,United Kingdom,England,STN,GB,England,London Stansted Airport,51.885,0.235,Europe,Nordic Region,Latvia,RIX,LV,Riga,Riga International Airport,56.9236,23.9711
2220,EGSS,GCFV,1,Europe,United Kingdom,England,STN,GB,England,London Stansted Airport,51.885,0.235,Europe,Southern Europe,Spain,FUE,ES,Canarias,Fuerteventura Airport,28.4527,-13.8638
2221,EGSS,GCTS,2,Europe,United Kingdom,England,STN,GB,England,London Stansted Airport,51.885,0.235,Europe,Southern Europe,Spain,TFS,ES,Canarias,Tenerife South Airport,28.046,-16.5728
2249,EGSS,LATI,2,Europe,United Kingdom,England,STN,GB,England,London Stansted Airport,51.885,0.235,Europe,Eastern Europe,Albania,TIA,IR,Azarbayjan-e Gharbi,Tirana International Airport,41.4147,19.7206
2250,EGSS,LBBG,1,Europe,United Kingdom,England,STN,GB,England,London Stansted Airport,51.885,0.235,Europe,Eastern Europe,Bulgaria,BOJ,BG,Burgas,Burgas Airport,42.5696,27.5152
2252,EGSS,LDDU,1,Europe,United Kingdom,England,STN,GB,England,London Stansted Airport,51.885,0.235,Europe,Southern Europe,Croatia,DBV,HR,Dubrovacko-neretvanska zupanija,Dubrovnik Airport,42.5614,18.2682
2253,EGSS,LEIB,3,Europe,United Kingdom,England,STN,GB,England,London Stansted Airport,51.885,0.235,Europe,Southern Europe,Spain,IBZ,ES,Illes Balears,Ibiza Airport,38.8729,1.37312
2254,EGSS,LEMH,2,Europe,United Kingdom,England,STN,GB,England,London Stansted Airport,51.885,0.235,Europe,Southern Europe,Spain,MAH,ES,Illes Balears,Menorca Airport (Mahon Airport),39.8626,4.21865
2255,EGSS,LEPA,5,Europe,United Kingdom,England,STN,GB,England,London Stansted Airport,51.885,0.235,Europe,Southern Europe,Spain,PMI,ES,Illes Balears,Palma de Mallorca Airport,39.5517,2.73881
2256,EGSS,LEZG,1,Europe,United Kingdom,England,STN,GB,England,London Stansted Airport,51.885,0.235,Europe,Southern Europe,Spain,ZAZ,ES,Aragon,Zaragoza Airport,41.6662,-1.04155
2257,EGSS,LFLL,1,Europe,United Kingdom,England,STN,GB,England,London Stansted Airport,51.885,0.235,Europe,Western Europe,France,LYS,FR,Auvergne-Rhone-Alpes,Lyon-Saint-Exupery Airport,45.7256,5.08111
2258,EGSS,LFML,1,Europe,United Kingdom,England,STN,GB,England,London Stansted Airport,51.885,0.235,Europe,Western Europe,France,MRS,FR,Provence-Alpes-Cote-d'Azur,Marseille Provence Airport,43.4393,5.22142
2259,EGSS,LFMN,5,Europe,United Kingdom,England,STN,GB,England,London Stansted Airport,51.885,0.235,Europe,Western Europe,France,NCE,FR,Provence-Alpes-Cote-d'Azur,Nice Cote d'Azur Airport,43.6584,7.21587
2260,EGSS,LFOB,2,Europe,United Kingdom,England,STN,GB,England,London Stansted Airport,51.885,0.235,Europe,Western Europe,France,BVA,FR,Hauts-de-France,Beauvais–Tillé Airport,49.45444,2.11277
2261,EGSS,LFPG,1,Europe,United Kingdom,England,STN,GB,England,London Stansted Airport,51.885,0.235,Europe,Western Europe,France,CDG,FR,Ile-de-France,Paris Charles de Gaulle Airport,49.0097,2.54778
2262,EGSS,LFPO,1,Europe,United Kingdom,England,STN,GB,England,London Stansted Airport,51.885,0.235,Europe,Western Europe,France,ORY,FR,Ile-de-France,Aéroport de Paris-Orly,48.7231,2.35944
2263,EGSS,LGIR,1,Europe,United Kingdom,England,STN,GB,England,London Stansted Airport,51.885,0.235,Europe,Southern Europe,Greece,HER,GR,Kriti,Heraklion International Airport (Nikos Kazantzakis Airport),35.3397,25.1803
2264,EGSS,LGKO,1,Europe,United Kingdom,England,STN,GB,England,London Stansted Airport,51.885,0.235,Europe,Southern Europe,Greece,KGS,GR,Notio Aigaio,Kos Island International Airport,36.7933,27.0917
2265,EGSS,LGKR,1,Europe,United Kingdom,England,STN,GB,England,London Stansted Airport,51.885,0.235,Europe,Southern Europe,Greece,CFU,GR,Ionia Nisia,Corfu International Airport (Ioannis Kapodistrias Int'l Airport),39.6019,19.9117
2266,EGSS,LGSA,1,Europe,United Kingdom,England,STN,GB,England,London Stansted Airport,51.885,0.235,Europe,Southern Europe,Greece,CHQ,GR,Kriti,Chania International Airport,35.5317,24.1497
2267,EGSS,LGTS,1,Europe,United Kingdom,England,STN,GB,England,London Stansted Airport,51.885,0.235,Europe,Southern Europe,Greece,SKG,GR,Kentriki Makedonia,Thessaloniki Airport,40.5197,22.9709
2268,EGSS,LGZA,1,Europe,United Kingdom,England,STN,GB,England,London Stansted Airport,51.885,0.235,Europe,Southern Europe,Greece,ZTH,GR,Ionia Nisia,Zakynthos International Airport (Dionysios SolomosAirport),37.7509,20.8843
2269,EGSS,LHBP,1,Europe,United Kingdom,England,STN,GB,England,London Stansted Airport,51.885,0.235,Europe,Central Europe,Hungary,BUD,HU,Budapest,Budapest Ferenc Liszt International Airport,47.4298,19.2611
2270,EGSS,LIBD,1,Europe,United Kingdom,England,STN,GB,England,London Stansted Airport,51.885,0.235,Europe,Southern Europe,Italy,BRI,IT,Puglia,Bari Karol Wojtyla Airport,41.1389,16.7606
2271,EGSS,LICJ,1,Europe,United Kingdom,England,STN,GB,England,London Stansted Airport,51.885,0.235,Europe,Southern Europe,Italy,PMO,IT,Sicilia,Falcone-Borsellino Airport (Punta Raisi Airport),38.176,13.091
2272,EGSS,LICT,1,Europe,United Kingdom,England,STN,GB,England,London Stansted Airport,51.885,0.235,Europe,Southern Europe,Italy,TPS,IT,Sicilia,Vincenzo Florio Airport,37.9114,12.488
2273,EGSS,LIMC,1,Europe,United Kingdom,England,STN,GB,England,London Stansted Airport,51.885,0.235,Europe,Southern Europe,Italy,MXP,IT,Lombardia,Milan-Malpensa Airport,45.6306,8.72811
2274,EGSS,LIRF,1,Europe,United Kingdom,England,STN,GB,England,London Stansted Airport,51.885,0.235,Europe,Southern Europe,Italy,FCO,IT,Lazio,Rome–Fiumicino International Airport,41.8003,12.2389
2275,EGSS,LIRN,1,Europe,United Kingdom,England,STN,GB,England,London Stansted Airport,51.885,0.235,Europe,Southern Europe,Italy,NAP,IT,Campania,Naples International Airport,40.886,14.2908
2276,EGSS,LKPR,1,Europe,United Kingdom,England,STN,GB,England,London Stansted Airport,51.885,0.235,Europe,Central Europe,Czech Republic,PRG,CZ,Stredocesky kraj,Vaclav Havel Airport Prague,50.1008,14.26
2277,EGSS,LOWG,1,Europe,United Kingdom,England,STN,GB,England,London Stansted Airport,51.885,0.235,Europe,Central Europe,Austria,GRZ,AT,Steiermark,Graz Airport,46.9911,15.4396
2278,EGSS,LOWK,1,Europe,United Kingdom,England,STN,GB,England,London Stansted Airport,51.885,0.235,Europe,Central Europe,Austria,KLU,AT,Karnten,Klagenfurt Airport,46.6425,14.3377
2279,EGSS,LPFR,1,Europe,United Kingdom,England,STN,GB,England,London Stansted Airport,51.885,0.235,Europe,Southern Europe,Portugal,FAO,PT,Faro,Faro Airport,37.0144,-7.96591
2280,EGSS,LPMA,1,Europe,United Kingdom,England,STN,GB,England,London Stansted Airport,51.885,0.235,Europe,Southern Europe,Portugal,FNC,PT,Regiao Autonoma da Madeira,Madeira Airport,32.6979,-16.7745
2281,EGSS,LSGG,1,Europe,United Kingdom,England,STN,GB,England,London Stansted Airport,51.885,0.235,Europe,Central Europe,Switzerland,GVA,CH,Geneve,Geneva Airport,46.2381,6.10895
2282,EGSS,LSZH,1,Europe,United Kingdom,England,STN,GB,England,London Stansted Airport,51.885,0.235,Europe,Central Europe,Switzerland,ZRH,CH,Zurich,Zurich Airport,47.4647,8.54917
2288,EGSS,LUKK,1,Europe,United Kingdom,England,STN,GB,England,London Stansted Airport,51.885,0.235,Europe,Eastern Europe,Moldova,RMO,MD,Chisinau,Chisinau International Airport,46.9277,28.931
2289,EGSS,LYTV,1,Europe,United Kingdom,England,STN,GB,England,London Stansted Airport,51.885,0.235,Europe,Eastern Europe,Montenegro,TIV,ME,Tivat,Tivat Airport,42.4047,18.7233
2290,EGSS,LZTT,1,Europe,United Kingdom,England,STN,GB,England,London Stansted Airport,51.885,0.235,Europe,Central Europe,Slovakia,TAT,SK,Presovsky kraj,Poprad-Tatry Airport,49.0736,20.2411
2305,EGTE,EDNY,1,Europe,United Kingdom,England,EXT,GB,England,Exeter International Airport,50.7344,-3.41389,Europe,Central Europe,Germany,FDH,DE,Baden-Wurttemberg,Friedrichshafen Airport (Bodensee Airport),47.6713,9.51149
2306,EGTE,EGJJ,1,Europe,United Kingdom,England,EXT,GB,England,Exeter International Airport,50.7344,-3.41389,Europe,Western Europe,Jersey,JER,JE,Jersey,Jersey Airport,49.2081,-2.19528
2307,EGTE,EGNT,2,Europe,United Kingdom,England,EXT,GB,England,Exeter International Airport,50.7344,-3.41389,Europe,United Kingdom,England,NCL,GB,England,Newcastle Airport,55.0375,-1.69167
2308,EGTE,EGPH,1,Europe,United Kingdom,England,EXT,GB,England,Exeter International Airport,50.7344,-3.41389,Europe,United Kingdom,Scotland,EDI,GB,Scotland,Edinburgh Airport,55.95,-3.3725
2309,EGTE,EHAM,1,Europe,United Kingdom,England,EXT,GB,England,Exeter International Airport,50.7344,-3.41389,Europe,Western Europe,Netherlands,AMS,NL,Noord-Holland,Amsterdam Airport Schiphol,52.3086,4.76389
2310,EGTE,EHRD,1,Europe,United Kingdom,England,EXT,GB,England,Exeter International Airport,50.7344,-3.41389,Europe,Western Europe,Netherlands,RTM,NL,Zuid-Holland,Rotterdam The Hague Airport,51.9569,4.43722
2311,EGTE,EIDW,1,Europe,United Kingdom,England,EXT,GB,England,Exeter International Airport,50.7344,-3.41389,Europe,Western Europe,Ireland,DUB,IE,Dublin,Dublin Airport,53.4213,-6.27007
2312,EGTE,GCRR,1,Europe,United Kingdom,England,EXT,GB,England,Exeter International Airport,50.7344,-3.41389,Europe,Southern Europe,Spain,ACE,ES,Canarias,Lanzarote Airport,28.9455,-13.6052
2314,EGTE,LEAL,1,Europe,United Kingdom,England,EXT,GB,England,Exeter International Airport,50.7344,-3.41389,Europe,Southern Europe,Spain,ALC,ES,"Valenciana, Comunidad",Alicante-Elche Airport,38.2822,-0.558156
2315,EGTE,LGZA,1,Europe,United Kingdom,England,EXT,GB,England,Exeter International Airport,50.7344,-3.41389,Europe,Southern Europe,Greece,ZTH,GR,Ionia Nisia,Zakynthos International Airport (Dionysios SolomosAirport),37.7509,20.8843
2316,EGTE,LIPY,1,Europe,United Kingdom,England,EXT,GB,England,Exeter International Airport,50.7344,-3.41389,Europe,Southern Europe,Italy,AOI,IT,Marche,Ancona Falconara Airport,43.6163,13.3623
2320,EHAM,BIKF,2,Europe,Western Europe,Netherlands,AMS,NL,Noord-Holland,Amsterdam Airport Schiphol,52.3086,4.76389,Europe,Nordic Region,Iceland,KEF,IS,Sudurnes,Keflavík International Airport,63.985,-22.6056
2328,EHAM,EBBR,1,Europe,Western Europe,Netherlands,AMS,NL,Noord-Holland,Amsterdam Airport Schiphol,52.3086,4.76389,Europe,Western Europe,Belgium,BRU,BE,Brussels Hoofdstedelijk Gewest,Brussels Airport (Zaventem Airport),50.9014,4.48444
2329,EHAM,EDDB,3,Europe,Western Europe,Netherlands,AMS,NL,Noord-Holland,Amsterdam Airport Schiphol,52.3086,4.76389,Europe,Central Europe,Germany,BER,DE,Brandenburg,Berlin Brandenburg Airport,52.3514,13.4939
2330,EHAM,EDDF,1,Europe,Western Europe,Netherlands,AMS,NL,Noord-Holland,Amsterdam Airport Schiphol,52.3086,4.76389,Europe,Central Europe,Germany,FRA,DE,Hessen,Frankfurt Airport,50.0333,8.57056
2331,EHAM,EDDH,1,Europe,Western Europe,Netherlands,AMS,NL,Noord-Holland,Amsterdam Airport Schiphol,52.3086,4.76389,Europe,Central Europe,Germany,HAM,DE,Hamburg,Hamburg Airport,53.6304,9.98823
2332,EHAM,EDDM,2,Europe,Western Europe,Netherlands,AMS,NL,Noord-Holland,Amsterdam Airport Schiphol,52.3086,4.76389,Europe,Central Europe,Germany,MUC,DE,Bayern,Munich Airport,48.3538,11.7861
2333,EHAM,EDDV,1,Europe,Western Europe,Netherlands,AMS,NL,Noord-Holland,Amsterdam Airport Schiphol,52.3086,4.76389,Europe,Central Europe,Germany,HAJ,DE,Niedersachsen,Hannover Airport,52.4611,9.68508
2334,EHAM,EDFH,1,Europe,Western Europe,Netherlands,AMS,NL,Noord-Holland,Amsterdam Airport Schiphol,52.3086,4.76389,Europe,Central Europe,Germany,HHN,DE,Rheinland-Pfalz,Frankfurt-Hahn Airport,49.9487,7.26389
2335,EHAM,EGBB,1,Europe,Western Europe,Netherlands,AMS,NL,Noord-Holland,Amsterdam Airport Schiphol,52.3086,4.76389,Europe,United Kingdom,England,BHX,GB,England,Birmingham Airport,52.4539,-1.74803
2336,EHAM,EGCC,1,Europe,Western Europe,Netherlands,AMS,NL,Noord-Holland,Amsterdam Airport Schiphol,52.3086,4.76389,Europe,United Kingdom,England,MAN,GB,England,Manchester Airport,53.3537,-2.27495
2337,EHAM,EGFF,1,Europe,Western Europe,Netherlands,AMS,NL,Noord-Holland,Amsterdam Airport Schiphol,52.3086,4.76389,Europe,United Kingdom,Wales,CWL,GB,Wales,Cardiff Airport,51.3967,-3.34333
2338,EHAM,EGGD,1,Europe,Western Europe,Netherlands,AMS,NL,Noord-Holland,Amsterdam Airport Schiphol,52.3086,4.76389,Europe,United Kingdom,England,BRS,GB,England,Bristol Airport,51.3827,-2.71909
2339,EHAM,EGHI,2,Europe,Western Europe,Netherlands,AMS,NL,Noord-Holland,Amsterdam Airport Schiphol,52.3086,4.76389,Europe,United Kingdom,England,SOU,GB,England,Southampton Airport,50.9503,-1.3568
2340,EHAM,EGLL,2,Europe,Western Europe,Netherlands,AMS,NL,Noord-Holland,Amsterdam Airport Schiphol,52.3086,4.76389,Europe,United Kingdom,England,LHR,GB,England,Heathrow Airport,51.4775,-0.461389
2341,EHAM,EGNT,3,Europe,Western Europe,Netherlands,AMS,NL,Noord-Holland,Amsterdam Airport Schiphol,52.3086,4.76389,Europe,United Kingdom,England,NCL,GB,England,Newcastle Airport,55.0375,-1.69167
2342,EHAM,EGNV,1,Europe,Western Europe,Netherlands,AMS,NL,Noord-Holland,Amsterdam Airport Schiphol,52.3086,4.76389,Europe,United Kingdom,England,MME,GB,England,Teesside International Airport,54.5092,-1.42941
2343,EHAM,EGPH,1,Europe,Western Europe,Netherlands,AMS,NL,Noord-Holland,Amsterdam Airport Schiphol,52.3086,4.76389,Europe,United Kingdom,Scotland,EDI,GB,Scotland,Edinburgh Airport,55.95,-3.3725
2344,EHAM,EGSH,1,Europe,Western Europe,Netherlands,AMS,NL,Noord-Holland,Amsterdam Airport Schiphol,52.3086,4.76389,Europe,United Kingdom,England,NWI,GB,England,Norwich International Airport,52.6758,1.28278
2345,EHAM,EGSS,1,Europe,Western Europe,Netherlands,AMS,NL,Noord-Holland,Amsterdam Airport Schiphol,52.3086,4.76389,Europe,United Kingdom,England,STN,GB,England,London Stansted Airport,51.885,0.235
2346,EHAM,EGTE,1,Europe,Western Europe,Netherlands,AMS,NL,Noord-Holland,Amsterdam Airport Schiphol,52.3086,4.76389,Europe,United Kingdom,England,EXT,GB,England,Exeter International Airport,50.7344,-3.41389
2347,EHAM,EIDW,1,Europe,Western Europe,Netherlands,AMS,NL,Noord-Holland,Amsterdam Airport Schiphol,52.3086,4.76389,Europe,Western Europe,Ireland,DUB,IE,Dublin,Dublin Airport,53.4213,-6.27007
2348,EHAM,EKCH,1,Europe,Western Europe,Netherlands,AMS,NL,Noord-Holland,Amsterdam Airport Schiphol,52.3086,4.76389,Europe,Nordic Region,Denmark,CPH,DK,Hovedstaden,Copenhagen Airport,55.6179,12.656
2349,EHAM,ELLX,1,Europe,Western Europe,Netherlands,AMS,NL,Noord-Holland,Amsterdam Airport Schiphol,52.3086,4.76389,Europe,Western Europe,Luxembourg,LUX,LU,Luxembourg,Luxembourg Findel Airport,49.6233,6.20444
2350,EHAM,EPKK,1,Europe,Western Europe,Netherlands,AMS,NL,Noord-Holland,Amsterdam Airport Schiphol,52.3086,4.76389,Europe,Central Europe,Poland,KRK,PL,Malopolskie,John Paul II International Airport Krakow-Balice,50.0777,19.7848
2352,EHAM,GCFV,4,Europe,Western Europe,Netherlands,AMS,NL,Noord-Holland,Amsterdam Airport Schiphol,52.3086,4.76389,Europe,Southern Europe,Spain,FUE,ES,Canarias,Fuerteventura Airport,28.4527,-13.8638
2353,EHAM,GCLP,1,Europe,Western Europe,Netherlands,AMS,NL,Noord-Holland,Amsterdam Airport Schiphol,52.3086,4.76389,Europe,Southern Europe,Spain,LPA,ES,Canarias,Gran Canaria Airport,27.9319,-15.3866
2354,EHAM,GCRR,1,Europe,Western Europe,Netherlands,AMS,NL,Noord-Holland,Amsterdam Airport Schiphol,52.3086,4.76389,Europe,Southern Europe,Spain,ACE,ES,Canarias,Lanzarote Airport,28.9455,-13.6052
2387,EHAM,LBBG,1,Europe,Western Europe,Netherlands,AMS,NL,Noord-Holland,Amsterdam Airport Schiphol,52.3086,4.76389,Europe,Eastern Europe,Bulgaria,BOJ,BG,Burgas,Burgas Airport,42.5696,27.5152
2388,EHAM,LEGR,1,Europe,Western Europe,Netherlands,AMS,NL,Noord-Holland,Amsterdam Airport Schiphol,52.3086,4.76389,Europe,Southern Europe,Spain,GRX,ES,Andalucia,Federico Garcia Lorca Airport (Granada Jaen Airport),37.1887,-3.77736
2389,EHAM,LEJR,1,Europe,Western Europe,Netherlands,AMS,NL,Noord-Holland,Amsterdam Airport Schiphol,52.3086,4.76389,Europe,Southern Europe,Spain,XRY,ES,Andalucia,Jerez Airport (La Parra Airport),36.7446,-6.06011
2390,EHAM,LEMD,4,Europe,Western Europe,Netherlands,AMS,NL,Noord-Holland,Amsterdam Airport Schiphol,52.3086,4.76389,Europe,Southern Europe,Spain,MAD,ES,"Madrid, Comunidad de",Adolfo Suarez Madrid-Barajas Airport,40.4719,-3.56264
2391,EHAM,LEPA,1,Europe,Western Europe,Netherlands,AMS,NL,Noord-Holland,Amsterdam Airport Schiphol,52.3086,4.76389,Europe,Southern Europe,Spain,PMI,ES,Illes Balears,Palma de Mallorca Airport,39.5517,2.73881
2392,EHAM,LEVC,3,Europe,Western Europe,Netherlands,AMS,NL,Noord-Holland,Amsterdam Airport Schiphol,52.3086,4.76389,Europe,Southern Europe,Spain,VLC,ES,"Valenciana, Comunidad",Valencia Airport,39.4893,-0.481625
2393,EHAM,LFMK,1,Europe,Western Europe,Netherlands,AMS,NL,Noord-Holland,Amsterdam Airport Schiphol,52.3086,4.76389,Europe,Western Europe,France,CCF,FR,Occitanie,Carcassonne Airport,43.216,2.30632
2394,EHAM,LFMN,1,Europe,Western Europe,Netherlands,AMS,NL,Noord-Holland,Amsterdam Airport Schiphol,52.3086,4.76389,Europe,Western Europe,France,NCE,FR,Provence-Alpes-Cote-d'Azur,Nice Cote d'Azur Airport,43.6584,7.21587
2395,EHAM,LFPG,1,Europe,Western Europe,Netherlands,AMS,NL,Noord-Holland,Amsterdam Airport Schiphol,52.3086,4.76389,Europe,Western Europe,France,CDG,FR,Ile-de-France,Paris Charles de Gaulle Airport,49.0097,2.54778
2396,EHAM,LFPO,1,Europe,Western Europe,Netherlands,AMS,NL,Noord-Holland,Amsterdam Airport Schiphol,52.3086,4.76389,Europe,Western Europe,France,ORY,FR,Ile-de-France,Aéroport de Paris-Orly,48.7231,2.35944
2397,EHAM,LGAV,2,Europe,Western Europe,Netherlands,AMS,NL,Noord-Holland,Amsterdam Airport Schiphol,52.3086,4.76389,Europe,Southern Europe,Greece,ATH,GR,Attiki,Athens International Airport (Eleftherios Venizelos Airport),37.9364,23.9445
2398,EHAM,LGIR,2,Europe,Western Europe,Netherlands,AMS,NL,Noord-Holland,Amsterdam Airport Schiphol,52.3086,4.76389,Europe,Southern Europe,Greece,HER,GR,Kriti,Heraklion International Airport (Nikos Kazantzakis Airport),35.3397,25.1803
2399,EHAM,LGKO,2,Europe,Western Europe,Netherlands,AMS,NL,Noord-Holland,Amsterdam Airport Schiphol,52.3086,4.76389,Europe,Southern Europe,Greece,KGS,GR,Notio Aigaio,Kos Island International Airport,36.7933,27.0917
2400,EHAM,LGKP,1,Europe,Western Europe,Netherlands,AMS,NL,Noord-Holland,Amsterdam Airport Schiphol,52.3086,4.76389,Europe,Southern Europe,Greece,AOK,GR,Notio Aigaio,Karpathos Island National Airport,35.4214,27.146
2401,EHAM,LGKR,1,Europe,Western Europe,Netherlands,AMS,NL,Noord-Holland,Amsterdam Airport Schiphol,52.3086,4.76389,Europe,Southern Europe,Greece,CFU,GR,Ionia Nisia,Corfu International Airport (Ioannis Kapodistrias Int'l Airport),39.6019,19.9117
2402,EHAM,LGMT,1,Europe,Western Europe,Netherlands,AMS,NL,Noord-Holland,Amsterdam Airport Schiphol,52.3086,4.76389,Europe,Southern Europe,Greece,MJT,GR,Voreio Aigaio,Mytilene International Airport,39.0567,26.5983
2403,EHAM,LGRP,1,Europe,Western Europe,Netherlands,AMS,NL,Noord-Holland,Amsterdam Airport Schiphol,52.3086,4.76389,Europe,Southern Europe,Greece,RHO,GR,Notio Aigaio,Rhodes International Airport,36.4054,28.0862
2404,EHAM,LGSA,1,Europe,Western Europe,Netherlands,AMS,NL,Noord-Holland,Amsterdam Airport Schiphol,52.3086,4.76389,Europe,Southern Europe,Greece,CHQ,GR,Kriti,Chania International Airport,35.5317,24.1497
2405,EHAM,LGSM,3,Europe,Western Europe,Netherlands,AMS,NL,Noord-Holland,Amsterdam Airport Schiphol,52.3086,4.76389,Europe,Southern Europe,Greece,SMI,GR,Voreio Aigaio,Samos International Airport,37.69,26.9117
2406,EHAM,LGZA,1,Europe,Western Europe,Netherlands,AMS,NL,Noord-Holland,Amsterdam Airport Schiphol,52.3086,4.76389,Europe,Southern Europe,Greece,ZTH,GR,Ionia Nisia,Zakynthos International Airport (Dionysios SolomosAirport),37.7509,20.8843
2407,EHAM,LHBP,1,Europe,Western Europe,Netherlands,AMS,NL,Noord-Holland,Amsterdam Airport Schiphol,52.3086,4.76389,Europe,Central Europe,Hungary,BUD,HU,Budapest,Budapest Ferenc Liszt International Airport,47.4298,19.2611
2408,EHAM,LICC,1,Europe,Western Europe,Netherlands,AMS,NL,Noord-Holland,Amsterdam Airport Schiphol,52.3086,4.76389,Europe,Southern Europe,Italy,CTA,IT,Sicilia,Catania-Fontanarossa Airport,37.4668,15.0664
2409,EHAM,LIMC,3,Europe,Western Europe,Netherlands,AMS,NL,Noord-Holland,Amsterdam Airport Schiphol,52.3086,4.76389,Europe,Southern Europe,Italy,MXP,IT,Lombardia,Milan-Malpensa Airport,45.6306,8.72811
2410,EHAM,LIML,1,Europe,Western Europe,Netherlands,AMS,NL,Noord-Holland,Amsterdam Airport Schiphol,52.3086,4.76389,Europe,Southern Europe,Italy,LIN,IT,Lombardia,Milan-Linate Airport,45.4494,9.2783
2411,EHAM,LIPX,1,Europe,Western Europe,Netherlands,AMS,NL,Noord-Holland,Amsterdam Airport Schiphol,52.3086,4.76389,Europe,Southern Europe,Italy,VRN,IT,Veneto,Verona Villafranca Airport,45.3957,10.8885
2412,EHAM,LIPZ,1,Europe,Western Europe,Netherlands,AMS,NL,Noord-Holland,Amsterdam Airport Schiphol,52.3086,4.76389,Europe,Southern Europe,Italy,VCE,IT,Veneto,Venice Marco Polo Airport,45.5053,12.3519
2413,EHAM,LIRA,1,Europe,Western Europe,Netherlands,AMS,NL,Noord-Holland,Amsterdam Airport Schiphol,52.3086,4.76389,Europe,Southern Europe,Italy,CIA,IT,Lazio,Rome-Ciampino International Airport,41.7991,12.5929
2414,EHAM,LIRN,2,Europe,Western Europe,Netherlands,AMS,NL,Noord-Holland,Amsterdam Airport Schiphol,52.3086,4.76389,Europe,Southern Europe,Italy,NAP,IT,Campania,Naples International Airport,40.886,14.2908
2415,EHAM,LIRP,1,Europe,Western Europe,Netherlands,AMS,NL,Noord-Holland,Amsterdam Airport Schiphol,52.3086,4.76389,Europe,Southern Europe,Italy,PSA,IT,Toscana,Pisa International Airport (Galileo Galilei Airport),43.6839,10.3927
2416,EHAM,LJLJ,1,Europe,Western Europe,Netherlands,AMS,NL,Noord-Holland,Amsterdam Airport Schiphol,52.3086,4.76389,Europe,Southern Europe,Slovenia,LJU,SI,Cerklje na Gorenjskem,Ljubljana Joze Pucnik Airport (Brnik Airport),46.2237,14.4576
2417,EHAM,LOWG,1,Europe,Western Europe,Netherlands,AMS,NL,Noord-Holland,Amsterdam Airport Schiphol,52.3086,4.76389,Europe,Central Europe,Austria,GRZ,AT,Steiermark,Graz Airport,46.9911,15.4396
2418,EHAM,LPFR,2,Europe,Western Europe,Netherlands,AMS,NL,Noord-Holland,Amsterdam Airport Schiphol,52.3086,4.76389,Europe,Southern Europe,Portugal,FAO,PT,Faro,Faro Airport,37.0144,-7.96591
2419,EHAM,LPPD,1,Europe,Western Europe,Netherlands,AMS,NL,Noord-Holland,Amsterdam Airport Schiphol,52.3086,4.76389,Europe,Southern Europe,Portugal,PDL,PT,Regiao Autonoma dos Acores,Joao Paulo II Airport,37.7412,-25.6979
2420,EHAM,LPPT,6,Europe,Western Europe,Netherlands,AMS,NL,Noord-Holland,Amsterdam Airport Schiphol,52.3086,4.76389,Europe,Southern Europe,Portugal,LIS,PT,Lisboa,Lisbon Portela Airport,38.7813,-9.13592
2421,EHAM,LSGG,1,Europe,Western Europe,Netherlands,AMS,NL,Noord-Holland,Amsterdam Airport Schiphol,52.3086,4.76389,Europe,Central Europe,Switzerland,GVA,CH,Geneve,Geneva Airport,46.2381,6.10895
2422,EHAM,LSZH,1,Europe,Western Europe,Netherlands,AMS,NL,Noord-Holland,Amsterdam Airport Schiphol,52.3086,4.76389,Europe,Central Europe,Switzerland,ZRH,CH,Zurich,Zurich Airport,47.4647,8.54917
2445,EHBK,EBLG,1,Europe,Western Europe,Netherlands,MST,NL,Limburg,Maastricht Aachen Airport,50.9117,5.77014,Europe,Western Europe,Belgium,LGG,BE,Liege,Liege Airport,50.6374,5.44322
2446,EHBK,EGSS,1,Europe,Western Europe,Netherlands,MST,NL,Limburg,Maastricht Aachen Airport,50.9117,5.77014,Europe,United Kingdom,England,STN,GB,England,London Stansted Airport,51.885,0.235
2448,EHBK,LFRD,1,Europe,Western Europe,Netherlands,MST,NL,Limburg,Maastricht Aachen Airport,50.9117,5.77014,Europe,Western Europe,France,DNR,FR,Bretagne,Dinard-Pleurtuit-Saint-Malo Airport,48.5877,-2.07996
2453,EHEH,LGZA,1,Europe,Western Europe,Netherlands,EIN,NL,Noord-Brabant,Eindhoven Airport,51.4501,5.37453,Europe,Southern Europe,Greece,ZTH,GR,Ionia Nisia,Zakynthos International Airport (Dionysios SolomosAirport),37.7509,20.8843
2454,EHGG,GCLP,1,Europe,Western Europe,Netherlands,GRQ,NL,Drenthe,Groningen Airport Eelde,53.1197,6.57944,Europe,Southern Europe,Spain,LPA,ES,Canarias,Gran Canaria Airport,27.9319,-15.3866
2455,EHGG,LEPA,1,Europe,Western Europe,Netherlands,GRQ,NL,Drenthe,Groningen Airport Eelde,53.1197,6.57944,Europe,Southern Europe,Spain,PMI,ES,Illes Balears,Palma de Mallorca Airport,39.5517,2.73881
2456,EHGG,LGAV,1,Europe,Western Europe,Netherlands,GRQ,NL,Drenthe,Groningen Airport Eelde,53.1197,6.57944,Europe,Southern Europe,Greece,ATH,GR,Attiki,Athens International Airport (Eleftherios Venizelos Airport),37.9364,23.9445
2457,EHGG,LGKO,3,Europe,Western Europe,Netherlands,GRQ,NL,Drenthe,Groningen Airport Eelde,53.1197,6.57944,Europe,Southern Europe,Greece,KGS,GR,Notio Aigaio,Kos Island International Airport,36.7933,27.0917
2459,EHRD,EGTE,1,Europe,Western Europe,Netherlands,RTM,NL,Zuid-Holland,Rotterdam The Hague Airport,51.9569,4.43722,Europe,United Kingdom,England,EXT,GB,England,Exeter International Airport,50.7344,-3.41389
2460,EHRD,EHRD,1,Europe,Western Europe,Netherlands,RTM,NL,Zuid-Holland,Rotterdam The Hague Airport,51.9569,4.43722,Europe,Western Europe,Netherlands,RTM,NL,Zuid-Holland,Rotterdam The Hague Airport,51.9569,4.43722
2464,EHRD,GCLP,1,Europe,Western Europe,Netherlands,RTM,NL,Zuid-Holland,Rotterdam The Hague Airport,51.9569,4.43722,Europe,Southern Europe,Spain,LPA,ES,Canarias,Gran Canaria Airport,27.9319,-15.3866
2471,EHRD,LDPL,1,Europe,Western Europe,Netherlands,RTM,NL,Zuid-Holland,Rotterdam The Hague Airport,51.9569,4.43722,Europe,Southern Europe,Croatia,PUY,HR,Istarska zupanija,Pula Airport,44.8935,13.9222
2472,EHRD,LEAL,1,Europe,Western Europe,Netherlands,RTM,NL,Zuid-Holland,Rotterdam The Hague Airport,51.9569,4.43722,Europe,Southern Europe,Spain,ALC,ES,"Valenciana, Comunidad",Alicante-Elche Airport,38.2822,-0.558156
2473,EHRD,LEMG,1,Europe,Western Europe,Netherlands,RTM,NL,Zuid-Holland,Rotterdam The Hague Airport,51.9569,4.43722,Europe,Southern Europe,Spain,AGP,ES,Andalucia,Malaga Airport,36.6749,-4.49911
2474,EHRD,LEPA,1,Europe,Western Europe,Netherlands,RTM,NL,Zuid-Holland,Rotterdam The Hague Airport,51.9569,4.43722,Europe,Southern Europe,Spain,PMI,ES,Illes Balears,Palma de Mallorca Airport,39.5517,2.73881
2475,EHRD,LFBE,1,Europe,Western Europe,Netherlands,RTM,NL,Zuid-Holland,Rotterdam The Hague Airport,51.9569,4.43722,Europe,Western Europe,France,EGC,FR,Nouvelle-Aquitaine,Bergerac Dordogne Perigord Airport,44.8253,0.518611
2476,EHRD,LGKO,1,Europe,Western Europe,Netherlands,RTM,NL,Zuid-Holland,Rotterdam The Hague Airport,51.9569,4.43722,Europe,Southern Europe,Greece,KGS,GR,Notio Aigaio,Kos Island International Airport,36.7933,27.0917
2477,EHRD,LGKR,1,Europe,Western Europe,Netherlands,RTM,NL,Zuid-Holland,Rotterdam The Hague Airport,51.9569,4.43722,Europe,Southern Europe,Greece,CFU,GR,Ionia Nisia,Corfu International Airport (Ioannis Kapodistrias Int'l Airport),39.6019,19.9117
2478,EHRD,LIRF,1,Europe,Western Europe,Netherlands,RTM,NL,Zuid-Holland,Rotterdam The Hague Airport,51.9569,4.43722,Europe,Southern Europe,Italy,FCO,IT,Lazio,Rome–Fiumicino International Airport,41.8003,12.2389
2479,EHRD,LOWW,1,Europe,Western Europe,Netherlands,RTM,NL,Zuid-Holland,Rotterdam The Hague Airport,51.9569,4.43722,Europe,Central Europe,Austria,VIE,AT,Niederosterreich,Vienna International Airport,48.1103,16.5697
2480,EHRD,LPPT,1,Europe,Western Europe,Netherlands,RTM,NL,Zuid-Holland,Rotterdam The Hague Airport,51.9569,4.43722,Europe,Southern Europe,Portugal,LIS,PT,Lisboa,Lisbon Portela Airport,38.7813,-9.13592
2489,EICK,BIKF,1,Europe,Western Europe,Ireland,ORK,IE,Cork,Cork Airport,51.8413,-8.49111,Europe,Nordic Region,Iceland,KEF,IS,Sudurnes,Keflavík International Airport,63.985,-22.6056
2491,EICK,EGPF,2,Europe,Western Europe,Ireland,ORK,IE,Cork,Cork Airport,51.8413,-8.49111,Europe,United Kingdom,Scotland,GLA,GB,Scotland,Glasgow Airport,55.8719,-4.43306
2492,EICK,EIDW,1,Europe,Western Europe,Ireland,ORK,IE,Cork,Cork Airport,51.8413,-8.49111,Europe,Western Europe,Ireland,DUB,IE,Dublin,Dublin Airport,53.4213,-6.27007
2493,EICK,EIKY,1,Europe,Western Europe,Ireland,ORK,IE,Cork,Cork Airport,51.8413,-8.49111,Europe,Western Europe,Ireland,KIR,IE,Kerry,Kerry Airport (Farranfore Airport),52.1809,-9.52378
2499,EICK,LFOB,1,Europe,Western Europe,Ireland,ORK,IE,Cork,Cork Airport,51.8413,-8.49111,Europe,Western Europe,France,BVA,FR,Hauts-de-France,Beauvais–Tillé Airport,49.45444,2.11277
2501,EIDW,BIKF,2,Europe,Western Europe,Ireland,DUB,IE,Dublin,Dublin Airport,53.4213,-6.27007,Europe,Nordic Region,Iceland,KEF,IS,Sudurnes,Keflavík International Airport,63.985,-22.6056
2508,EIDW,EDDF,1,Europe,Western Europe,Ireland,DUB,IE,Dublin,Dublin Airport,53.4213,-6.27007,Europe,Central Europe,Germany,FRA,DE,Hessen,Frankfurt Airport,50.0333,8.57056
2509,EIDW,EDDS,1,Europe,Western Europe,Ireland,DUB,IE,Dublin,Dublin Airport,53.4213,-6.27007,Europe,Central Europe,Germany,STR,DE,Baden-Wurttemberg,Stuttgart Airport,48.6899,9.22196
2510,EIDW,EDDV,1,Europe,Western Europe,Ireland,DUB,IE,Dublin,Dublin Airport,53.4213,-6.27007,Europe,Central Europe,Germany,HAJ,DE,Niedersachsen,Hannover Airport,52.4611,9.68508
2511,EIDW,EDFH,1,Europe,Western Europe,Ireland,DUB,IE,Dublin,Dublin Airport,53.4213,-6.27007,Europe,Central Europe,Germany,HHN,DE,Rheinland-Pfalz,Frankfurt-Hahn Airport,49.9487,7.26389
2512,EIDW,EGAC,1,Europe,Western Europe,Ireland,DUB,IE,Dublin,Dublin Airport,53.4213,-6.27007,Europe,United Kingdom,Northern Ireland,BHD,GB,Northern Ireland,George Best Belfast City Airport,54.6181,-5.8725
2513,EIDW,EGFF,1,Europe,Western Europe,Ireland,DUB,IE,Dublin,Dublin Airport,53.4213,-6.27007,Europe,United Kingdom,Wales,CWL,GB,Wales,Cardiff Airport,51.3967,-3.34333
2514,EIDW,EGGW,2,Europe,Western Europe,Ireland,DUB,IE,Dublin,Dublin Airport,53.4213,-6.27007,Europe,United Kingdom,England,LTN,GB,England,London Luton Airport,51.8747,-0.368333
2515,EIDW,EGHI,1,Europe,Western Europe,Ireland,DUB,IE,Dublin,Dublin Airport,53.4213,-6.27007,Europe,United Kingdom,England,SOU,GB,England,Southampton Airport,50.9503,-1.3568
2516,EIDW,EGHQ,2,Europe,Western Europe,Ireland,DUB,IE,Dublin,Dublin Airport,53.4213,-6.27007,Europe,United Kingdom,England,NQY,GB,England,Cornwall Airport Newquay,50.4406,-4.99541
2517,EIDW,EGLL,3,Europe,Western Europe,Ireland,DUB,IE,Dublin,Dublin Airport,53.4213,-6.27007,Europe,United Kingdom,England,LHR,GB,England,Heathrow Airport,51.4775,-0.461389
2518,EIDW,EGNM,1,Europe,Western Europe,Ireland,DUB,IE,Dublin,Dublin Airport,53.4213,-6.27007,Europe,United Kingdom,England,LBA,GB,England,Leeds Bradford Airport,53.8659,-1.66057
2519,EIDW,EGNT,1,Europe,Western Europe,Ireland,DUB,IE,Dublin,Dublin Airport,53.4213,-6.27007,Europe,United Kingdom,England,NCL,GB,England,Newcastle Airport,55.0375,-1.69167
2520,EIDW,EGNV,1,Europe,Western Europe,Ireland,DUB,IE,Dublin,Dublin Airport,53.4213,-6.27007,Europe,United Kingdom,England,MME,GB,England,Teesside International Airport,54.5092,-1.42941
2521,EIDW,EGPH,1,Europe,Western Europe,Ireland,DUB,IE,Dublin,Dublin Airport,53.4213,-6.27007,Europe,United Kingdom,Scotland,EDI,GB,Scotland,Edinburgh Airport,55.95,-3.3725
2522,EIDW,EGSS,4,Europe,Western Europe,Ireland,DUB,IE,Dublin,Dublin Airport,53.4213,-6.27007,Europe,United Kingdom,England,STN,GB,England,London Stansted Airport,51.885,0.235
2523,EIDW,EGTE,1,Europe,Western Europe,Ireland,DUB,IE,Dublin,Dublin Airport,53.4213,-6.27007,Europe,United Kingdom,England,EXT,GB,England,Exeter International Airport,50.7344,-3.41389
2524,EIDW,EHAM,2,Europe,Western Europe,Ireland,DUB,IE,Dublin,Dublin Airport,53.4213,-6.27007,Europe,Western Europe,Netherlands,AMS,NL,Noord-Holland,Amsterdam Airport Schiphol,52.3086,4.76389
2525,EIDW,EIKY,2,Europe,Western Europe,Ireland,DUB,IE,Dublin,Dublin Airport,53.4213,-6.27007,Europe,Western Europe,Ireland,KIR,IE,Kerry,Kerry Airport (Farranfore Airport),52.1809,-9.52378
2526,EIDW,EINN,1,Europe,Western Europe,Ireland,DUB,IE,Dublin,Dublin Airport,53.4213,-6.27007,Europe,Western Europe,Ireland,SNN,IE,Clare,Shannon Airport,52.702,-8.92482
2527,EIDW,ENGM,1,Europe,Western Europe,Ireland,DUB,IE,Dublin,Dublin Airport,53.4213,-6.27007,Europe,Nordic Region,Norway,OSL,NO,Akershus,Oslo Airport,60.1939,11.1004
2528,EIDW,EPLL,1,Europe,Western Europe,Ireland,DUB,IE,Dublin,Dublin Airport,53.4213,-6.27007,Europe,Central Europe,Poland,LCJ,PL,Lodzkie,Lodz Wladyslaw Reymont Airport,51.7219,19.3981
2529,EIDW,EVRA,3,Europe,Western Europe,Ireland,DUB,IE,Dublin,Dublin Airport,53.4213,-6.27007,Europe,Nordic Region,Latvia,RIX,LV,Riga,Riga International Airport,56.9236,23.9711
2568,EIDW,LEBL,1,Europe,Western Europe,Ireland,DUB,IE,Dublin,Dublin Airport,53.4213,-6.27007,Europe,Southern Europe,Spain,BCN,ES,Catalunya,Barcelona El Prat Airport,41.2971,2.07846
2569,EIDW,LEMD,1,Europe,Western Europe,Ireland,DUB,IE,Dublin,Dublin Airport,53.4213,-6.27007,Europe,Southern Europe,Spain,MAD,ES,"Madrid, Comunidad de",Adolfo Suarez Madrid-Barajas Airport,40.4719,-3.56264
2570,EIDW,LFCR,1,Europe,Western Europe,Ireland,DUB,IE,Dublin,Dublin Airport,53.4213,-6.27007,Europe,Western Europe,France,RDZ,FR,Occitanie,Rodez-Marcillac Airport,44.4079,2.48267
2571,EIDW,LFMN,2,Europe,Western Europe,Ireland,DUB,IE,Dublin,Dublin Airport,53.4213,-6.27007,Europe,Western Europe,France,NCE,FR,Provence-Alpes-Cote-d'Azur,Nice Cote d'Azur Airport,43.6584,7.21587
2572,EIDW,LFPG,1,Europe,Western Europe,Ireland,DUB,IE,Dublin,Dublin Airport,53.4213,-6.27007,Europe,Western Europe,France,CDG,FR,Ile-de-France,Paris Charles de Gaulle Airport,49.0097,2.54778
2573,EIDW,LGIR,1,Europe,Western Europe,Ireland,DUB,IE,Dublin,Dublin Airport,53.4213,-6.27007,Europe,Southern Europe,Greece,HER,GR,Kriti,Heraklion International Airport (Nikos Kazantzakis Airport),35.3397,25.1803
2574,EIDW,LGKR,1,Europe,Western Europe,Ireland,DUB,IE,Dublin,Dublin Airport,53.4213,-6.27007,Europe,Southern Europe,Greece,CFU,GR,Ionia Nisia,Corfu International Airport (Ioannis Kapodistrias Int'l Airport),39.6019,19.9117
2575,EIDW,LHBP,1,Europe,Western Europe,Ireland,DUB,IE,Dublin,Dublin Airport,53.4213,-6.27007,Europe,Central Europe,Hungary,BUD,HU,Budapest,Budapest Ferenc Liszt International Airport,47.4298,19.2611
2576,EIDW,LKPR,1,Europe,Western Europe,Ireland,DUB,IE,Dublin,Dublin Airport,53.4213,-6.27007,Europe,Central Europe,Czech Republic,PRG,CZ,Stredocesky kraj,Vaclav Havel Airport Prague,50.1008,14.26
2577,EIDW,LPFR,1,Europe,Western Europe,Ireland,DUB,IE,Dublin,Dublin Airport,53.4213,-6.27007,Europe,Southern Europe,Portugal,FAO,PT,Faro,Faro Airport,37.0144,-7.96591
2579,EIDW,LUKK,1,Europe,Western Europe,Ireland,DUB,IE,Dublin,Dublin Airport,53.4213,-6.27007,Europe,Eastern Europe,Moldova,RMO,MD,Chisinau,Chisinau International Airport,46.9277,28.931
2584,EIKN,EGGP,1,Europe,Western Europe,Ireland,NOC,IE,Mayo,Ireland West Airport Knock,53.9103,-8.81849,Europe,United Kingdom,England,LPL,GB,England,Liverpool John Lennon Airport,53.3336,-2.84972
2585,EIKN,EGGW,3,Europe,Western Europe,Ireland,NOC,IE,Mayo,Ireland West Airport Knock,53.9103,-8.81849,Europe,United Kingdom,England,LTN,GB,England,London Luton Airport,51.8747,-0.368333
2586,EIKN,EGLL,1,Europe,Western Europe,Ireland,NOC,IE,Mayo,Ireland West Airport Knock,53.9103,-8.81849,Europe,United Kingdom,England,LHR,GB,England,Heathrow Airport,51.4775,-0.461389
2587,EIKN,EGSS,1,Europe,Western Europe,Ireland,NOC,IE,Mayo,Ireland West Airport Knock,53.9103,-8.81849,Europe,United Kingdom,England,STN,GB,England,London Stansted Airport,51.885,0.235
2588,EIKN,EINN,2,Europe,Western Europe,Ireland,NOC,IE,Mayo,Ireland West Airport Knock,53.9103,-8.81849,Europe,Western Europe,Ireland,SNN,IE,Clare,Shannon Airport,52.702,-8.92482
2590,EIKN,LEAL,1,Europe,Western Europe,Ireland,NOC,IE,Mayo,Ireland West Airport Knock,53.9103,-8.81849,Europe,Southern Europe,Spain,ALC,ES,"Valenciana, Comunidad",Alicante-Elche Airport,38.2822,-0.558156
2591,EIKN,LEPA,1,Europe,Western Europe,Ireland,NOC,IE,Mayo,Ireland West Airport Knock,53.9103,-8.81849,Europe,Southern Europe,Spain,PMI,ES,Illes Balears,Palma de Mallorca Airport,39.5517,2.73881
2592,EIKN,LFBL,1,Europe,Western Europe,Ireland,NOC,IE,Mayo,Ireland West Airport Knock,53.9103,-8.81849,Europe,Western Europe,France,LIG,FR,Nouvelle-Aquitaine,Limoges - Bellegarde Airport,45.8628,1.17944
2593,EIKN,LPFR,1,Europe,Western Europe,Ireland,NOC,IE,Mayo,Ireland West Airport Knock,53.9103,-8.81849,Europe,Southern Europe,Portugal,FAO,PT,Faro,Faro Airport,37.0144,-7.96591
2594,EIKN,LSZH,1,Europe,Western Europe,Ireland,NOC,IE,Mayo,Ireland West Airport Knock,53.9103,-8.81849,Europe,Central Europe,Switzerland,ZRH,CH,Zurich,Zurich Airport,47.4647,8.54917
2595,EIKY,BIKF,1,Europe,Western Europe,Ireland,KIR,IE,Kerry,Kerry Airport (Farranfore Airport),52.1809,-9.52378,Europe,Nordic Region,Iceland,KEF,IS,Sudurnes,Keflavík International Airport,63.985,-22.6056
2596,EIKY,EGAA,1,Europe,Western Europe,Ireland,KIR,IE,Kerry,Kerry Airport (Farranfore Airport),52.1809,-9.52378,Europe,United Kingdom,Northern Ireland,BFS,GB,Northern Ireland,Belfast International Airport,54.6575,-6.21583
2597,EIKY,EGGW,2,Europe,Western Europe,Ireland,KIR,IE,Kerry,Kerry Airport (Farranfore Airport),52.1809,-9.52378,Europe,United Kingdom,England,LTN,GB,England,London Luton Airport,51.8747,-0.368333
2598,EIKY,EGSS,1,Europe,Western Europe,Ireland,KIR,IE,Kerry,Kerry Airport (Farranfore Airport),52.1809,-9.52378,Europe,United Kingdom,England,STN,GB,England,London Stansted Airport,51.885,0.235
2599,EIKY,EIDW,2,Europe,Western Europe,Ireland,KIR,IE,Kerry,Kerry Airport (Farranfore Airport),52.1809,-9.52378,Europe,Western Europe,Ireland,DUB,IE,Dublin,Dublin Airport,53.4213,-6.27007
2605,EIKY,LEAL,1,Europe,Western Europe,Ireland,KIR,IE,Kerry,Kerry Airport (Farranfore Airport),52.1809,-9.52378,Europe,Southern Europe,Spain,ALC,ES,"Valenciana, Comunidad",Alicante-Elche Airport,38.2822,-0.558156
2606,EIKY,LPFR,1,Europe,Western Europe,Ireland,KIR,IE,Kerry,Kerry Airport (Farranfore Airport),52.1809,-9.52378,Europe,Southern Europe,Portugal,FAO,PT,Faro,Faro Airport,37.0144,-7.96591
2607,EINN,BIKF,2,Europe,Western Europe,Ireland,SNN,IE,Clare,Shannon Airport,52.702,-8.92482,Europe,Nordic Region,Iceland,KEF,IS,Sudurnes,Keflavík International Airport,63.985,-22.6056
2614,EINN,EDDN,1,Europe,Western Europe,Ireland,SNN,IE,Clare,Shannon Airport,52.702,-8.92482,Europe,Central Europe,Germany,NUE,DE,Bayern,Nuremberg Airport,49.4987,11.0781
2615,EINN,EDFH,2,Europe,Western Europe,Ireland,SNN,IE,Clare,Shannon Airport,52.702,-8.92482,Europe,Central Europe,Germany,HHN,DE,Rheinland-Pfalz,Frankfurt-Hahn Airport,49.9487,7.26389
2616,EINN,EGAE,1,Europe,Western Europe,Ireland,SNN,IE,Clare,Shannon Airport,52.702,-8.92482,Europe,United Kingdom,Northern Ireland,LDY,GB,Northern Ireland,City of Derry Airport,55.0428,-7.16111
2617,EINN,EGGW,1,Europe,Western Europe,Ireland,SNN,IE,Clare,Shannon Airport,52.702,-8.92482,Europe,United Kingdom,England,LTN,GB,England,London Luton Airport,51.8747,-0.368333
2618,EINN,EIDW,2,Europe,Western Europe,Ireland,SNN,IE,Clare,Shannon Airport,52.702,-8.92482,Europe,Western Europe,Ireland,DUB,IE,Dublin,Dublin Airport,53.4213,-6.27007
2619,EINN,EIKN,1,Europe,Western Europe,Ireland,SNN,IE,Clare,Shannon Airport,52.702,-8.92482,Europe,Western Europe,Ireland,NOC,IE,Mayo,Ireland West Airport Knock,53.9103,-8.81849
2620,EINN,EIKY,1,Europe,Western Europe,Ireland,SNN,IE,Clare,Shannon Airport,52.702,-8.92482,Europe,Western Europe,Ireland,KIR,IE,Kerry,Kerry Airport (Farranfore Airport),52.1809,-9.52378
2621,EINN,EINN,1,Europe,Western Europe,Ireland,SNN,IE,Clare,Shannon Airport,52.702,-8.92482,Europe,Western Europe,Ireland,SNN,IE,Clare,Shannon Airport,52.702,-8.92482
2622,EINN,EPKT,1,Europe,Western Europe,Ireland,SNN,IE,Clare,Shannon Airport,52.702,-8.92482,Europe,Central Europe,Poland,KTW,PL,Slaskie,Katowice International Airport,50.4743,19.08
2623,EINN,EYKA,1,Europe,Western Europe,Ireland,SNN,IE,Clare,Shannon Airport,52.702,-8.92482,Europe,Nordic Region,Lithuania,KUN,LT,Kauno apskritis,Kaunas International Airport,54.9639,24.0848
2674,EINN,LBSF,1,Europe,Western Europe,Ireland,SNN,IE,Clare,Shannon Airport,52.702,-8.92482,Europe,Eastern Europe,Bulgaria,SOF,BG,Sofia,Sofia Airport,42.6967,23.4114
2675,EINN,LGAV,2,Europe,Western Europe,Ireland,SNN,IE,Clare,Shannon Airport,52.702,-8.92482,Europe,Southern Europe,Greece,ATH,GR,Attiki,Athens International Airport (Eleftherios Venizelos Airport),37.9364,23.9445
2676,EINN,LGMK,1,Europe,Western Europe,Ireland,SNN,IE,Clare,Shannon Airport,52.702,-8.92482,Europe,Southern Europe,Greece,JMK,GR,Notio Aigaio,Mykonos Island National Airport,37.4351,25.3481
2677,EINN,LGSA,1,Europe,Western Europe,Ireland,SNN,IE,Clare,Shannon Airport,52.702,-8.92482,Europe,Southern Europe,Greece,CHQ,GR,Kriti,Chania International Airport,35.5317,24.1497
2678,EINN,LGTS,1,Europe,Western Europe,Ireland,SNN,IE,Clare,Shannon Airport,52.702,-8.92482,Europe,Southern Europe,Greece,SKG,GR,Kentriki Makedonia,Thessaloniki Airport,40.5197,22.9709
2679,EINN,LIRA,1,Europe,Western Europe,Ireland,SNN,IE,Clare,Shannon Airport,52.702,-8.92482,Europe,Southern Europe,Italy,CIA,IT,Lazio,Rome-Ciampino International Airport,41.7991,12.5929
2680,EINN,LIRI,1,Europe,Western Europe,Ireland,SNN,IE,Clare,Shannon Airport,52.702,-8.92482,Europe,Southern Europe,Italy,QSR,IT,Campania,Salerno Costa d'Amalfi Airport (Pontecagnano Airport),40.6204,14.9113
2682,EINN,LMML,1,Europe,Western Europe,Ireland,SNN,IE,Clare,Shannon Airport,52.702,-8.92482,Europe,Southern Europe,Malta,MLA,MT,Luqa,Malta International Airport (Luqa Airport),35.8575,14.4775
2683,EINN,LSGG,1,Europe,Western Europe,Ireland,SNN,IE,Clare,Shannon Airport,52.702,-8.92482,Europe,Central Europe,Switzerland,GVA,CH,Geneve,Geneva Airport,46.2381,6.10895
2684,EINN,LSZR,2,Europe,Western Europe,Ireland,SNN,IE,Clare,Shannon Airport,52.702,-8.92482,Europe,Central Europe,Switzerland,ACH,CH,Sankt Gallen,St. Gallen-Altenrhein Airport,47.485,9.56077
2694,EKAH,EGGW,1,Europe,Nordic Region,Denmark,AAR,DK,Midtjylland,Aarhus Airport,56.3,10.619,Europe,United Kingdom,England,LTN,GB,England,London Luton Airport,51.8747,-0.368333
2695,EKAH,EGSS,1,Europe,Nordic Region,Denmark,AAR,DK,Midtjylland,Aarhus Airport,56.3,10.619,Europe,United Kingdom,England,STN,GB,England,London Stansted Airport,51.885,0.235
2696,EKAH,EPGD,1,Europe,Nordic Region,Denmark,AAR,DK,Midtjylland,Aarhus Airport,56.3,10.619,Europe,Central Europe,Poland,GDN,PL,Pomorskie,Gdansk Lech Walesa Airport,54.3776,18.4662
2697,EKAH,EVRA,2,Europe,Nordic Region,Denmark,AAR,DK,Midtjylland,Aarhus Airport,56.3,10.619,Europe,Nordic Region,Latvia,RIX,LV,Riga,Riga International Airport,56.9236,23.9711
2699,EKAH,LEMG,1,Europe,Nordic Region,Denmark,AAR,DK,Midtjylland,Aarhus Airport,56.3,10.619,Europe,Southern Europe,Spain,AGP,ES,Andalucia,Malaga Airport,36.6749,-4.49911
2700,EKAH,LGKR,1,Europe,Nordic Region,Denmark,AAR,DK,Midtjylland,Aarhus Airport,56.3,10.619,Europe,Southern Europe,Greece,CFU,GR,Ionia Nisia,Corfu International Airport (Ioannis Kapodistrias Int'l Airport),39.6019,19.9117
2701,EKAH,LOWG,1,Europe,Nordic Region,Denmark,AAR,DK,Midtjylland,Aarhus Airport,56.3,10.619,Europe,Central Europe,Austria,GRZ,AT,Steiermark,Graz Airport,46.9911,15.4396
2705,EKBI,BIKF,7,Europe,Nordic Region,Denmark,BLL,DK,Syddanmark,Billund Airport,55.7403,9.15178,Europe,Nordic Region,Iceland,KEF,IS,Sudurnes,Keflavík International Airport,63.985,-22.6056
2706,EKBI,EBLG,1,Europe,Nordic Region,Denmark,BLL,DK,Syddanmark,Billund Airport,55.7403,9.15178,Europe,Western Europe,Belgium,LGG,BE,Liege,Liege Airport,50.6374,5.44322
2707,EKBI,EDDK,1,Europe,Nordic Region,Denmark,BLL,DK,Syddanmark,Billund Airport,55.7403,9.15178,Europe,Central Europe,Germany,CGN,DE,Nordrhein-Westfalen,Cologne Bonn Airport,50.8659,7.14274
2708,EKBI,EDHL,1,Europe,Nordic Region,Denmark,BLL,DK,Syddanmark,Billund Airport,55.7403,9.15178,Europe,Central Europe,Germany,LBC,DE,Schleswig-Holstein,Lubeck Airport,53.8054,10.7192
2709,EKBI,EDJA,1,Europe,Nordic Region,Denmark,BLL,DK,Syddanmark,Billund Airport,55.7403,9.15178,Europe,Central Europe,Germany,FMM,DE,Bayern,Memmingen Airport,47.9888,10.2395
2710,EKBI,EGGP,1,Europe,Nordic Region,Denmark,BLL,DK,Syddanmark,Billund Airport,55.7403,9.15178,Europe,United Kingdom,England,LPL,GB,England,Liverpool John Lennon Airport,53.3336,-2.84972
2711,EKBI,EKVG,1,Europe,Nordic Region,Denmark,BLL,DK,Syddanmark,Billund Airport,55.7403,9.15178,Europe,Nordic Region,Faroe Islands,FAE,FK,Falkland Islands (Malvinas),Vagar Airport,62.0636,-7.27722
2715,EKBI,LGIR,1,Europe,Nordic Region,Denmark,BLL,DK,Syddanmark,Billund Airport,55.7403,9.15178,Europe,Southern Europe,Greece,HER,GR,Kriti,Heraklion International Airport (Nikos Kazantzakis Airport),35.3397,25.1803
2716,EKBI,LGRP,4,Europe,Nordic Region,Denmark,BLL,DK,Syddanmark,Billund Airport,55.7403,9.15178,Europe,Southern Europe,Greece,RHO,GR,Notio Aigaio,Rhodes International Airport,36.4054,28.0862
2721,EKCH,BIKF,2,Europe,Nordic Region,Denmark,CPH,DK,Hovedstaden,Copenhagen Airport,55.6179,12.656,Europe,Nordic Region,Iceland,KEF,IS,Sudurnes,Keflavík International Airport,63.985,-22.6056
2722,EKCH,EBBR,2,Europe,Nordic Region,Denmark,CPH,DK,Hovedstaden,Copenhagen Airport,55.6179,12.656,Europe,Western Europe,Belgium,BRU,BE,Brussels Hoofdstedelijk Gewest,Brussels Airport (Zaventem Airport),50.9014,4.48444
2723,EKCH,EDDB,1,Europe,Nordic Region,Denmark,CPH,DK,Hovedstaden,Copenhagen Airport,55.6179,12.656,Europe,Central Europe,Germany,BER,DE,Brandenburg,Berlin Brandenburg Airport,52.3514,13.4939
2724,EKCH,EDDF,1,Europe,Nordic Region,Denmark,CPH,DK,Hovedstaden,Copenhagen Airport,55.6179,12.656,Europe,Central Europe,Germany,FRA,DE,Hessen,Frankfurt Airport,50.0333,8.57056
2725,EKCH,EDDH,1,Europe,Nordic Region,Denmark,CPH,DK,Hovedstaden,Copenhagen Airport,55.6179,12.656,Europe,Central Europe,Germany,HAM,DE,Hamburg,Hamburg Airport,53.6304,9.98823
2726,EKCH,EDDL,1,Europe,Nordic Region,Denmark,CPH,DK,Hovedstaden,Copenhagen Airport,55.6179,12.656,Europe,Central Europe,Germany,DUS,DE,Nordrhein-Westfalen,Dusseldorf Airport,51.2895,6.76678
2727,EKCH,EDDM,4,Europe,Nordic Region,Denmark,CPH,DK,Hovedstaden,Copenhagen Airport,55.6179,12.656,Europe,Central Europe,Germany,MUC,DE,Bayern,Munich Airport,48.3538,11.7861
2728,EKCH,EDDV,1,Europe,Nordic Region,Denmark,CPH,DK,Hovedstaden,Copenhagen Airport,55.6179,12.656,Europe,Central Europe,Germany,HAJ,DE,Niedersachsen,Hannover Airport,52.4611,9.68508
2729,EKCH,EFTU,1,Europe,Nordic Region,Denmark,CPH,DK,Hovedstaden,Copenhagen Airport,55.6179,12.656,Europe,Nordic Region,Finland,TKU,FI,Varsinais-Suomi,Turku Airport,60.5141,22.2628
2730,EKCH,EGGW,1,Europe,Nordic Region,Denmark,CPH,DK,Hovedstaden,Copenhagen Airport,55.6179,12.656,Europe,United Kingdom,England,LTN,GB,England,London Luton Airport,51.8747,-0.368333
2731,EKCH,EGKK,1,Europe,Nordic Region,Denmark,CPH,DK,Hovedstaden,Copenhagen Airport,55.6179,12.656,Europe,United Kingdom,England,LGW,GB,England,Gatwick Airport,51.1481,-0.190278
2732,EKCH,EGLL,2,Europe,Nordic Region,Denmark,CPH,DK,Hovedstaden,Copenhagen Airport,55.6179,12.656,Europe,United Kingdom,England,LHR,GB,England,Heathrow Airport,51.4775,-0.461389
2733,EKCH,EGNT,1,Europe,Nordic Region,Denmark,CPH,DK,Hovedstaden,Copenhagen Airport,55.6179,12.656,Europe,United Kingdom,England,NCL,GB,England,Newcastle Airport,55.0375,-1.69167
2734,EKCH,EGPH,1,Europe,Nordic Region,Denmark,CPH,DK,Hovedstaden,Copenhagen Airport,55.6179,12.656,Europe,United Kingdom,Scotland,EDI,GB,Scotland,Edinburgh Airport,55.95,-3.3725
2735,EKCH,EHAM,2,Europe,Nordic Region,Denmark,CPH,DK,Hovedstaden,Copenhagen Airport,55.6179,12.656,Europe,Western Europe,Netherlands,AMS,NL,Noord-Holland,Amsterdam Airport Schiphol,52.3086,4.76389
2736,EKCH,EHBK,1,Europe,Nordic Region,Denmark,CPH,DK,Hovedstaden,Copenhagen Airport,55.6179,12.656,Europe,Western Europe,Netherlands,MST,NL,Limburg,Maastricht Aachen Airport,50.9117,5.77014
2737,EKCH,EKVG,2,Europe,Nordic Region,Denmark,CPH,DK,Hovedstaden,Copenhagen Airport,55.6179,12.656,Europe,Nordic Region,Faroe Islands,FAE,FK,Falkland Islands (Malvinas),Vagar Airport,62.0636,-7.27722
2738,EKCH,ELLX,1,Europe,Nordic Region,Denmark,CPH,DK,Hovedstaden,Copenhagen Airport,55.6179,12.656,Europe,Western Europe,Luxembourg,LUX,LU,Luxembourg,Luxembourg Findel Airport,49.6233,6.20444
2739,EKCH,ENBO,1,Europe,Nordic Region,Denmark,CPH,DK,Hovedstaden,Copenhagen Airport,55.6179,12.656,Europe,Nordic Region,Norway,BOO,NO,Nordland,Bodo Airport,67.2692,14.3653
2740,EKCH,ENHD,1,Europe,Nordic Region,Denmark,CPH,DK,Hovedstaden,Copenhagen Airport,55.6179,12.656,Europe,Nordic Region,Norway,HAU,NO,Rogaland,Haugesund Airport,59.3453,5.20836
2741,EKCH,ESSA,1,Europe,Nordic Region,Denmark,CPH,DK,Hovedstaden,Copenhagen Airport,55.6179,12.656,Europe,Nordic Region,Sweden,ARN,SE,Stockholms lan,Stockholm Arlanda Airport,59.6519,17.9186
2742,EKCH,EVRA,2,Europe,Nordic Region,Denmark,CPH,DK,Hovedstaden,Copenhagen Airport,55.6179,12.656,Europe,Nordic Region,Latvia,RIX,LV,Riga,Riga International Airport,56.9236,23.9711
2757,EKCH,LEBL,1,Europe,Nordic Region,Denmark,CPH,DK,Hovedstaden,Copenhagen Airport,55.6179,12.656,Europe,Southern Europe,Spain,BCN,ES,Catalunya,Barcelona El Prat Airport,41.2971,2.07846
2758,EKCH,LEMD,1,Europe,Nordic Region,Denmark,CPH,DK,Hovedstaden,Copenhagen Airport,55.6179,12.656,Europe,Southern Europe,Spain,MAD,ES,"Madrid, Comunidad de",Adolfo Suarez Madrid-Barajas Airport,40.4719,-3.56264
2759,EKCH,LEPA,1,Europe,Nordic Region,Denmark,CPH,DK,Hovedstaden,Copenhagen Airport,55.6179,12.656,Europe,Southern Europe,Spain,PMI,ES,Illes Balears,Palma de Mallorca Airport,39.5517,2.73881
2760,EKCH,LEPP,1,Europe,Nordic Region,Denmark,CPH,DK,Hovedstaden,Copenhagen Airport,55.6179,12.656,Europe,Southern Europe,Spain,PNA,ES,"Navarra, Comunidad Foral de",Pamplona Airport,42.77,-1.64633
2761,EKCH,LFBO,1,Europe,Nordic Region,Denmark,CPH,DK,Hovedstaden,Copenhagen Airport,55.6179,12.656,Europe,Western Europe,France,TLS,FR,Occitanie,Toulouse-Blagnac Airport,43.6291,1.36382
2762,EKCH,LFPG,1,Europe,Nordic Region,Denmark,CPH,DK,Hovedstaden,Copenhagen Airport,55.6179,12.656,Europe,Western Europe,France,CDG,FR,Ile-de-France,Paris Charles de Gaulle Airport,49.0097,2.54778
2763,EKCH,LFSB,1,Europe,Nordic Region,Denmark,CPH,DK,Hovedstaden,Copenhagen Airport,55.6179,12.656,Europe,Western Europe,France,BSL,CH,Basel-City,EuroAirport Basel Mulhouse Freiburg,47.59,7.52916
2764,EKCH,LFSB,1,Europe,Nordic Region,Denmark,CPH,DK,Hovedstaden,Copenhagen Airport,55.6179,12.656,Europe,Central Europe,Switzerland,BSL,CH,Basel-City,EuroAirport Basel Mulhouse Freiburg,47.59,7.52916
2765,EKCH,LGKR,1,Europe,Nordic Region,Denmark,CPH,DK,Hovedstaden,Copenhagen Airport,55.6179,12.656,Europe,Southern Europe,Greece,CFU,GR,Ionia Nisia,Corfu International Airport (Ioannis Kapodistrias Int'l Airport),39.6019,19.9117
2766,EKCH,LGSA,2,Europe,Nordic Region,Denmark,CPH,DK,Hovedstaden,Copenhagen Airport,55.6179,12.656,Europe,Southern Europe,Greece,CHQ,GR,Kriti,Chania International Airport,35.5317,24.1497
2767,EKCH,LIEE,1,Europe,Nordic Region,Denmark,CPH,DK,Hovedstaden,Copenhagen Airport,55.6179,12.656,Europe,Southern Europe,Italy,CAG,IT,Sardegna,Cagliari Elmas Airport,39.2515,9.05428
2768,EKCH,LIRQ,1,Europe,Nordic Region,Denmark,CPH,DK,Hovedstaden,Copenhagen Airport,55.6179,12.656,Europe,Southern Europe,Italy,FLR,IT,Toscana,Florence Airport,43.81,11.2051
2769,EKCH,LMML,1,Europe,Nordic Region,Denmark,CPH,DK,Hovedstaden,Copenhagen Airport,55.6179,12.656,Europe,Southern Europe,Malta,MLA,MT,Luqa,Malta International Airport (Luqa Airport),35.8575,14.4775
2770,EKCH,LOWW,1,Europe,Nordic Region,Denmark,CPH,DK,Hovedstaden,Copenhagen Airport,55.6179,12.656,Europe,Central Europe,Austria,VIE,AT,Niederosterreich,Vienna International Airport,48.1103,16.5697
2771,EKCH,LSGG,1,Europe,Nordic Region,Denmark,CPH,DK,Hovedstaden,Copenhagen Airport,55.6179,12.656,Europe,Central Europe,Switzerland,GVA,CH,Geneve,Geneva Airport,46.2381,6.10895
2774,EKVG,BIKF,1,Europe,Nordic Region,Faroe Islands,FAE,FK,Falkland Islands (Malvinas),Vagar Airport,62.0636,-7.27722,Europe,Nordic Region,Iceland,KEF,IS,Sudurnes,Keflavík International Airport,63.985,-22.6056
2775,EKVG,EBBR,1,Europe,Nordic Region,Faroe Islands,FAE,FK,Falkland Islands (Malvinas),Vagar Airport,62.0636,-7.27722,Europe,Western Europe,Belgium,BRU,BE,Brussels Hoofdstedelijk Gewest,Brussels Airport (Zaventem Airport),50.9014,4.48444
2776,EKVG,EGPE,1,Europe,Nordic Region,Faroe Islands,FAE,FK,Falkland Islands (Malvinas),Vagar Airport,62.0636,-7.27722,Europe,United Kingdom,Scotland,INV,GB,Scotland,Inverness Airport,57.5425,-4.0475
2777,EKVG,EGPH,1,Europe,Nordic Region,Faroe Islands,FAE,FK,Falkland Islands (Malvinas),Vagar Airport,62.0636,-7.27722,Europe,United Kingdom,Scotland,EDI,GB,Scotland,Edinburgh Airport,55.95,-3.3725
2778,EKVG,EKCH,2,Europe,Nordic Region,Faroe Islands,FAE,FK,Falkland Islands (Malvinas),Vagar Airport,62.0636,-7.27722,Europe,Nordic Region,Denmark,CPH,DK,Hovedstaden,Copenhagen Airport,55.6179,12.656
2780,EKYT,EHAM,2,Europe,Nordic Region,Denmark,AAL,DK,Nordjylland,Aalborg Airport,57.0928,9.84924,Europe,Western Europe,Netherlands,AMS,NL,Noord-Holland,Amsterdam Airport Schiphol,52.3086,4.76389
2781,EKYT,LGPZ,1,Europe,Nordic Region,Denmark,AAL,DK,Nordjylland,Aalborg Airport,57.0928,9.84924,Europe,Southern Europe,Greece,PVK,GR,Ionia Nisia,Aktion National Airport,38.9255,20.7653
2782,EKYT,LGRP,4,Europe,Nordic Region,Denmark,AAL,DK,Nordjylland,Aalborg Airport,57.0928,9.84924,Europe,Southern Europe,Greece,RHO,GR,Notio Aigaio,Rhodes International Airport,36.4054,28.0862
2783,ELLX,EDDB,1,Europe,Western Europe,Luxembourg,LUX,LU,Luxembourg,Luxembourg Findel Airport,49.6233,6.20444,Europe,Central Europe,Germany,BER,DE,Brandenburg,Berlin Brandenburg Airport,52.3514,13.4939
2784,ELLX,EDDH,1,Europe,Western Europe,Luxembourg,LUX,LU,Luxembourg,Luxembourg Findel Airport,49.6233,6.20444,Europe,Central Europe,Germany,HAM,DE,Hamburg,Hamburg Airport,53.6304,9.98823
2785,ELLX,EGCC,1,Europe,Western Europe,Luxembourg,LUX,LU,Luxembourg,Luxembourg Findel Airport,49.6233,6.20444,Europe,United Kingdom,England,MAN,GB,England,Manchester Airport,53.3537,-2.27495
2786,ELLX,EGLC,1,Europe,Western Europe,Luxembourg,LUX,LU,Luxembourg,Luxembourg Findel Airport,49.6233,6.20444,Europe,United Kingdom,England,LCY,GB,England,London City Airport,51.5053,0.055278
2787,ELLX,EIDW,1,Europe,Western Europe,Luxembourg,LUX,LU,Luxembourg,Luxembourg Findel Airport,49.6233,6.20444,Europe,Western Europe,Ireland,DUB,IE,Dublin,Dublin Airport,53.4213,-6.27007
2788,ELLX,EKCH,1,Europe,Western Europe,Luxembourg,LUX,LU,Luxembourg,Luxembourg Findel Airport,49.6233,6.20444,Europe,Nordic Region,Denmark,CPH,DK,Hovedstaden,Copenhagen Airport,55.6179,12.656
2794,ELLX,LEAM,1,Europe,Western Europe,Luxembourg,LUX,LU,Luxembourg,Luxembourg Findel Airport,49.6233,6.20444,Europe,Southern Europe,Spain,LEI,ES,Andalucia,Almeria Airport,36.8439,-2.3701
2795,ELLX,LEDA,1,Europe,Western Europe,Luxembourg,LUX,LU,Luxembourg,Luxembourg Findel Airport,49.6233,6.20444,Europe,Southern Europe,Spain,ILD,ES,Catalunya,Lleida-Alguaire Airport,41.7282,0.535023
2796,ELLX,LEPA,2,Europe,Western Europe,Luxembourg,LUX,LU,Luxembourg,Luxembourg Findel Airport,49.6233,6.20444,Europe,Southern Europe,Spain,PMI,ES,Illes Balears,Palma de Mallorca Airport,39.5517,2.73881
2797,ELLX,LFBD,1,Europe,Western Europe,Luxembourg,LUX,LU,Luxembourg,Luxembourg Findel Airport,49.6233,6.20444,Europe,Western Europe,France,BOD,FR,Nouvelle-Aquitaine,Bordeaux-Merignac Airport,44.8283,-0.715556
2798,ELLX,LFKF,1,Europe,Western Europe,Luxembourg,LUX,LU,Luxembourg,Luxembourg Findel Airport,49.6233,6.20444,Europe,Western Europe,France,FSC,FR,Corse,Figari-Sud Corse Airport,41.5006,9.09778
2799,ELLX,LFMN,1,Europe,Western Europe,Luxembourg,LUX,LU,Luxembourg,Luxembourg Findel Airport,49.6233,6.20444,Europe,Western Europe,France,NCE,FR,Provence-Alpes-Cote-d'Azur,Nice Cote d'Azur Airport,43.6584,7.21587
2800,ELLX,LGSA,1,Europe,Western Europe,Luxembourg,LUX,LU,Luxembourg,Luxembourg Findel Airport,49.6233,6.20444,Europe,Southern Europe,Greece,CHQ,GR,Kriti,Chania International Airport,35.5317,24.1497
2801,ELLX,LIEE,1,Europe,Western Europe,Luxembourg,LUX,LU,Luxembourg,Luxembourg Findel Airport,49.6233,6.20444,Europe,Southern Europe,Italy,CAG,IT,Sardegna,Cagliari Elmas Airport,39.2515,9.05428
2802,ELLX,LIME,1,Europe,Western Europe,Luxembourg,LUX,LU,Luxembourg,Luxembourg Findel Airport,49.6233,6.20444,Europe,Southern Europe,Italy,BGY,IT,Lombardia,Milan Bergamo Airport,45.66546,9.69948
2803,ELLX,LIPZ,1,Europe,Western Europe,Luxembourg,LUX,LU,Luxembourg,Luxembourg Findel Airport,49.6233,6.20444,Europe,Southern Europe,Italy,VCE,IT,Veneto,Venice Marco Polo Airport,45.5053,12.3519
2804,ELLX,LIRQ,1,Europe,Western Europe,Luxembourg,LUX,LU,Luxembourg,Luxembourg Findel Airport,49.6233,6.20444,Europe,Southern Europe,Italy,FLR,IT,Toscana,Florence Airport,43.81,11.2051
2805,ELLX,LMML,2,Europe,Western Europe,Luxembourg,LUX,LU,Luxembourg,Luxembourg Findel Airport,49.6233,6.20444,Europe,Southern Europe,Malta,MLA,MT,Luqa,Malta International Airport (Luqa Airport),35.8575,14.4775
2806,ELLX,LOWW,2,Europe,Western Europe,Luxembourg,LUX,LU,Luxembourg,Luxembourg Findel Airport,49.6233,6.20444,Europe,Central Europe,Austria,VIE,AT,Niederosterreich,Vienna International Airport,48.1103,16.5697
2807,ELLX,LPFR,1,Europe,Western Europe,Luxembourg,LUX,LU,Luxembourg,Luxembourg Findel Airport,49.6233,6.20444,Europe,Southern Europe,Portugal,FAO,PT,Faro,Faro Airport,37.0144,-7.96591
2808,ELLX,LPPR,3,Europe,Western Europe,Luxembourg,LUX,LU,Luxembourg,Luxembourg Findel Airport,49.6233,6.20444,Europe,Southern Europe,Portugal,OPO,PT,Porto,Francisco Sá Carneiro Airport,41.2356,-8.67806
2809,ELLX,LPPT,1,Europe,Western Europe,Luxembourg,LUX,LU,Luxembourg,Luxembourg Findel Airport,49.6233,6.20444,Europe,Southern Europe,Portugal,LIS,PT,Lisboa,Lisbon Portela Airport,38.7813,-9.13592
2810,ELLX,LSZB,1,Europe,Western Europe,Luxembourg,LUX,LU,Luxembourg,Luxembourg Findel Airport,49.6233,6.20444,Europe,Central Europe,Switzerland,BRN,CH,Bern,Bern Airport,46.9141,7.49715
2816,ENAL,LGRP,2,Europe,Nordic Region,Norway,AES,NO,More og Romsdal,Alesund Airport,62.5625,6.1197,Europe,Southern Europe,Greece,RHO,GR,Notio Aigaio,Rhodes International Airport,36.4054,28.0862
2817,ENBO,EGSS,1,Europe,Nordic Region,Norway,BOO,NO,Nordland,Bodo Airport,67.2692,14.3653,Europe,United Kingdom,England,STN,GB,England,London Stansted Airport,51.885,0.235
2819,ENBO,LGSA,5,Europe,Nordic Region,Norway,BOO,NO,Nordland,Bodo Airport,67.2692,14.3653,Europe,Southern Europe,Greece,CHQ,GR,Kriti,Chania International Airport,35.5317,24.1497
2820,ENBR,BIKF,3,Europe,Nordic Region,Norway,BGO,NO,Hordaland,Bergen Airport,60.2934,5.21814,Europe,Nordic Region,Iceland,KEF,IS,Sudurnes,Keflavík International Airport,63.985,-22.6056
2821,ENBR,BIRK,1,Europe,Nordic Region,Norway,BGO,NO,Hordaland,Bergen Airport,60.2934,5.21814,Europe,Nordic Region,Iceland,RKV,IS,Hofudborgarsvaedi,Reykjavík Airport,64.13,-21.9406
2823,ENBR,EDDF,1,Europe,Nordic Region,Norway,BGO,NO,Hordaland,Bergen Airport,60.2934,5.21814,Europe,Central Europe,Germany,FRA,DE,Hessen,Frankfurt Airport,50.0333,8.57056
2824,ENBR,EFHK,1,Europe,Nordic Region,Norway,BGO,NO,Hordaland,Bergen Airport,60.2934,5.21814,Europe,Nordic Region,Finland,HEL,FI,Uusimaa,Helsinki Airport (Helsinki-Vantaa Airport),60.3172,24.9633
2825,ENBR,EGPH,1,Europe,Nordic Region,Norway,BGO,NO,Hordaland,Bergen Airport,60.2934,5.21814,Europe,United Kingdom,Scotland,EDI,GB,Scotland,Edinburgh Airport,55.95,-3.3725
2826,ENBR,ESSB,1,Europe,Nordic Region,Norway,BGO,NO,Hordaland,Bergen Airport,60.2934,5.21814,Europe,Nordic Region,Sweden,BMA,SE,Stockholms lan,Stockholm Bromma Airport,59.3556,17.9436
2829,ENCN,EYVI,1,Europe,Nordic Region,Norway,KRS,NO,Vest-Agder,Kristiansand Airport,58.2042,8.08537,Europe,Nordic Region,Lithuania,VNO,LT,-,Vilnius Airport,54.6341,25.2858
2830,ENCN,LGRP,4,Europe,Nordic Region,Norway,KRS,NO,Vest-Agder,Kristiansand Airport,58.2042,8.08537,Europe,Southern Europe,Greece,RHO,GR,Notio Aigaio,Rhodes International Airport,36.4054,28.0862
2831,ENGM,BIKF,1,Europe,Nordic Region,Norway,OSL,NO,Akershus,Oslo Airport,60.1939,11.1004,Europe,Nordic Region,Iceland,KEF,IS,Sudurnes,Keflavík International Airport,63.985,-22.6056
2834,ENGM,EDDB,1,Europe,Nordic Region,Norway,OSL,NO,Akershus,Oslo Airport,60.1939,11.1004,Europe,Central Europe,Germany,BER,DE,Brandenburg,Berlin Brandenburg Airport,52.3514,13.4939
2835,ENGM,EGAE,1,Europe,Nordic Region,Norway,OSL,NO,Akershus,Oslo Airport,60.1939,11.1004,Europe,United Kingdom,Northern Ireland,LDY,GB,Northern Ireland,City of Derry Airport,55.0428,-7.16111
2836,ENGM,EGSH,1,Europe,Nordic Region,Norway,OSL,NO,Akershus,Oslo Airport,60.1939,11.1004,Europe,United Kingdom,England,NWI,GB,England,Norwich International Airport,52.6758,1.28278
2837,ENGM,EKCH,1,Europe,Nordic Region,Norway,OSL,NO,Akershus,Oslo Airport,60.1939,11.1004,Europe,Nordic Region,Denmark,CPH,DK,Hovedstaden,Copenhagen Airport,55.6179,12.656
2838,ENGM,ENBO,1,Europe,Nordic Region,Norway,OSL,NO,Akershus,Oslo Airport,60.1939,11.1004,Europe,Nordic Region,Norway,BOO,NO,Nordland,Bodo Airport,67.2692,14.3653
2839,ENGM,EPGD,1,Europe,Nordic Region,Norway,OSL,NO,Akershus,Oslo Airport,60.1939,11.1004,Europe,Central Europe,Poland,GDN,PL,Pomorskie,Gdansk Lech Walesa Airport,54.3776,18.4662
2840,ENGM,EPKT,1,Europe,Nordic Region,Norway,OSL,NO,Akershus,Oslo Airport,60.1939,11.1004,Europe,Central Europe,Poland,KTW,PL,Slaskie,Katowice International Airport,50.4743,19.08
2841,ENGM,ESNU,1,Europe,Nordic Region,Norway,OSL,NO,Akershus,Oslo Airport,60.1939,11.1004,Europe,Nordic Region,Sweden,UME,SE,Vasterbottens lan,Umea Airport,63.7918,20.2828
2842,ENGM,ESSA,1,Europe,Nordic Region,Norway,OSL,NO,Akershus,Oslo Airport,60.1939,11.1004,Europe,Nordic Region,Sweden,ARN,SE,Stockholms lan,Stockholm Arlanda Airport,59.6519,17.9186
2843,ENGM,EYVI,1,Europe,Nordic Region,Norway,OSL,NO,Akershus,Oslo Airport,60.1939,11.1004,Europe,Nordic Region,Lithuania,VNO,LT,-,Vilnius Airport,54.6341,25.2858
2844,ENGM,GCLP,2,Europe,Nordic Region,Norway,OSL,NO,Akershus,Oslo Airport,60.1939,11.1004,Europe,Southern Europe,Spain,LPA,ES,Canarias,Gran Canaria Airport,27.9319,-15.3866
2852,ENGM,LDSP,1,Europe,Nordic Region,Norway,OSL,NO,Akershus,Oslo Airport,60.1939,11.1004,Europe,Southern Europe,Croatia,SPU,HR,Splitsko-dalmatinska zupanija,Split Airport,43.5389,16.298
2853,ENGM,LEPA,2,Europe,Nordic Region,Norway,OSL,NO,Akershus,Oslo Airport,60.1939,11.1004,Europe,Southern Europe,Spain,PMI,ES,Illes Balears,Palma de Mallorca Airport,39.5517,2.73881
2854,ENGM,LFPG,1,Europe,Nordic Region,Norway,OSL,NO,Akershus,Oslo Airport,60.1939,11.1004,Europe,Western Europe,France,CDG,FR,Ile-de-France,Paris Charles de Gaulle Airport,49.0097,2.54778
2855,ENGM,LGIR,2,Europe,Nordic Region,Norway,OSL,NO,Akershus,Oslo Airport,60.1939,11.1004,Europe,Southern Europe,Greece,HER,GR,Kriti,Heraklion International Airport (Nikos Kazantzakis Airport),35.3397,25.1803
2856,ENGM,LGKL,1,Europe,Nordic Region,Norway,OSL,NO,Akershus,Oslo Airport,60.1939,11.1004,Europe,Southern Europe,Greece,KLX,GR,Peloponnisos,Kalamata International Airport,37.0683,22.0255
2857,ENGM,LGMT,1,Europe,Nordic Region,Norway,OSL,NO,Akershus,Oslo Airport,60.1939,11.1004,Europe,Southern Europe,Greece,MJT,GR,Voreio Aigaio,Mytilene International Airport,39.0567,26.5983
2858,ENGM,LGPZ,1,Europe,Nordic Region,Norway,OSL,NO,Akershus,Oslo Airport,60.1939,11.1004,Europe,Southern Europe,Greece,PVK,GR,Ionia Nisia,Aktion National Airport,38.9255,20.7653
2859,ENGM,LGRP,14,Europe,Nordic Region,Norway,OSL,NO,Akershus,Oslo Airport,60.1939,11.1004,Europe,Southern Europe,Greece,RHO,GR,Notio Aigaio,Rhodes International Airport,36.4054,28.0862
2860,ENGM,LGSA,10,Europe,Nordic Region,Norway,OSL,NO,Akershus,Oslo Airport,60.1939,11.1004,Europe,Southern Europe,Greece,CHQ,GR,Kriti,Chania International Airport,35.5317,24.1497
2861,ENGM,LGSK,1,Europe,Nordic Region,Norway,OSL,NO,Akershus,Oslo Airport,60.1939,11.1004,Europe,Southern Europe,Greece,JSI,GR,Thessalia,Skiathos Island National Airport,39.1771,23.5037
2862,ENGM,LGSM,1,Europe,Nordic Region,Norway,OSL,NO,Akershus,Oslo Airport,60.1939,11.1004,Europe,Southern Europe,Greece,SMI,GR,Voreio Aigaio,Samos International Airport,37.69,26.9117
2863,ENGM,LICA,1,Europe,Nordic Region,Norway,OSL,NO,Akershus,Oslo Airport,60.1939,11.1004,Europe,Southern Europe,Italy,SUF,IT,Calabria,Lamezia Terme International Airport,38.9054,16.2423
2864,ENGM,LIEE,1,Europe,Nordic Region,Norway,OSL,NO,Akershus,Oslo Airport,60.1939,11.1004,Europe,Southern Europe,Italy,CAG,IT,Sardegna,Cagliari Elmas Airport,39.2515,9.05428
2865,ENGM,LIML,1,Europe,Nordic Region,Norway,OSL,NO,Akershus,Oslo Airport,60.1939,11.1004,Europe,Southern Europe,Italy,LIN,IT,Lombardia,Milan-Linate Airport,45.4494,9.2783
2866,ENGM,LIPQ,1,Europe,Nordic Region,Norway,OSL,NO,Akershus,Oslo Airport,60.1939,11.1004,Europe,Southern Europe,Italy,TRS,IT,Friuli-Venezia Giulia,Trieste - Friuli Venezia Giulia Airport,45.8275,13.4722
2867,ENGM,LIRF,1,Europe,Nordic Region,Norway,OSL,NO,Akershus,Oslo Airport,60.1939,11.1004,Europe,Southern Europe,Italy,FCO,IT,Lazio,Rome–Fiumicino International Airport,41.8003,12.2389
2868,ENGM,LSZH,1,Europe,Nordic Region,Norway,OSL,NO,Akershus,Oslo Airport,60.1939,11.1004,Europe,Central Europe,Switzerland,ZRH,CH,Zurich,Zurich Airport,47.4647,8.54917
2871,ENGM,LUKK,1,Europe,Nordic Region,Norway,OSL,NO,Akershus,Oslo Airport,60.1939,11.1004,Europe,Eastern Europe,Moldova,RMO,MD,Chisinau,Chisinau International Airport,46.9277,28.931
2874,ENHD,EPGD,1,Europe,Nordic Region,Norway,HAU,NO,Rogaland,Haugesund Airport,59.3453,5.20836,Europe,Central Europe,Poland,GDN,PL,Pomorskie,Gdansk Lech Walesa Airport,54.3776,18.4662
2875,ENHD,LEPA,1,Europe,Nordic Region,Norway,HAU,NO,Rogaland,Haugesund Airport,59.3453,5.20836,Europe,Southern Europe,Spain,PMI,ES,Illes Balears,Palma de Mallorca Airport,39.5517,2.73881
2876,ENHD,LGSA,4,Europe,Nordic Region,Norway,HAU,NO,Rogaland,Haugesund Airport,59.3453,5.20836,Europe,Southern Europe,Greece,CHQ,GR,Kriti,Chania International Airport,35.5317,24.1497
2877,ENKB,BIKF,1,Europe,Nordic Region,Norway,KSU,NO,More og Romsdal,Kristiansund Airport,63.1118,7.82452,Europe,Nordic Region,Iceland,KEF,IS,Sudurnes,Keflavík International Airport,63.985,-22.6056
2878,ENTC,EDDF,2,Europe,Nordic Region,Norway,TOS,NO,Troms,Tromse Airport,69.6833,18.9189,Europe,Central Europe,Germany,FRA,DE,Hessen,Frankfurt Airport,50.0333,8.57056
2879,ENTC,EDDV,1,Europe,Nordic Region,Norway,TOS,NO,Troms,Tromse Airport,69.6833,18.9189,Europe,Central Europe,Germany,HAJ,DE,Niedersachsen,Hannover Airport,52.4611,9.68508
2880,ENTC,EFHK,1,Europe,Nordic Region,Norway,TOS,NO,Troms,Tromse Airport,69.6833,18.9189,Europe,Nordic Region,Finland,HEL,FI,Uusimaa,Helsinki Airport (Helsinki-Vantaa Airport),60.3172,24.9633
2883,ENTC,LGSA,4,Europe,Nordic Region,Norway,TOS,NO,Troms,Tromse Airport,69.6833,18.9189,Europe,Southern Europe,Greece,CHQ,GR,Kriti,Chania International Airport,35.5317,24.1497
2884,ENTO,EPSC,1,Europe,Nordic Region,Norway,TRF,NO,Vestfold,Sandefjord Airport,59.1867,10.2586,Europe,Central Europe,Poland,SZZ,PL,Zachodniopomorskie,Solidarity Szczecin-Goleniow Airport,53.5847,14.9022
2885,ENTO,EVRA,4,Europe,Nordic Region,Norway,TRF,NO,Vestfold,Sandefjord Airport,59.1867,10.2586,Europe,Nordic Region,Latvia,RIX,LV,Riga,Riga International Airport,56.9236,23.9711
2886,ENVA,EFHK,1,Europe,Nordic Region,Norway,TRD,NO,Nord-Trondelag,Trondheim Airport,63.4578,10.924,Europe,Nordic Region,Finland,HEL,FI,Uusimaa,Helsinki Airport (Helsinki-Vantaa Airport),60.3172,24.9633
2887,ENVA,ENGM,1,Europe,Nordic Region,Norway,TRD,NO,Nord-Trondelag,Trondheim Airport,63.4578,10.924,Europe,Nordic Region,Norway,OSL,NO,Akershus,Oslo Airport,60.1939,11.1004
2889,ENVA,LGSA,2,Europe,Nordic Region,Norway,TRD,NO,Nord-Trondelag,Trondheim Airport,63.4578,10.924,Europe,Southern Europe,Greece,CHQ,GR,Kriti,Chania International Airport,35.5317,24.1497
2890,ENZV,BIRK,1,Europe,Nordic Region,Norway,SVG,NO,Rogaland,Stavanger Airport,58.8767,5.63778,Europe,Nordic Region,Iceland,RKV,IS,Hofudborgarsvaedi,Reykjavík Airport,64.13,-21.9406
2892,ENZV,EGNT,2,Europe,Nordic Region,Norway,SVG,NO,Rogaland,Stavanger Airport,58.8767,5.63778,Europe,United Kingdom,England,NCL,GB,England,Newcastle Airport,55.0375,-1.69167
2894,ENZV,LEPA,1,Europe,Nordic Region,Norway,SVG,NO,Rogaland,Stavanger Airport,58.8767,5.63778,Europe,Southern Europe,Spain,PMI,ES,Illes Balears,Palma de Mallorca Airport,39.5517,2.73881
2895,ENZV,LFMN,1,Europe,Nordic Region,Norway,SVG,NO,Rogaland,Stavanger Airport,58.8767,5.63778,Europe,Western Europe,France,NCE,FR,Provence-Alpes-Cote-d'Azur,Nice Cote d'Azur Airport,43.6584,7.21587
2896,ENZV,LFPG,1,Europe,Nordic Region,Norway,SVG,NO,Rogaland,Stavanger Airport,58.8767,5.63778,Europe,Western Europe,France,CDG,FR,Ile-de-France,Paris Charles de Gaulle Airport,49.0097,2.54778
2897,ENZV,LGRP,1,Europe,Nordic Region,Norway,SVG,NO,Rogaland,Stavanger Airport,58.8767,5.63778,Europe,Southern Europe,Greece,RHO,GR,Notio Aigaio,Rhodes International Airport,36.4054,28.0862
2898,ENZV,LGSA,4,Europe,Nordic Region,Norway,SVG,NO,Rogaland,Stavanger Airport,58.8767,5.63778,Europe,Southern Europe,Greece,CHQ,GR,Kriti,Chania International Airport,35.5317,24.1497
2900,EPBY,LEPA,1,Europe,Central Europe,Poland,BZG,PL,Kujawsko-pomorskie,Bydgoszcz Ignacy Jan Paderewski Airport,53.0968,17.9777,Europe,Southern Europe,Spain,PMI,ES,Illes Balears,Palma de Mallorca Airport,39.5517,2.73881
2902,EPGD,EDDL,1,Europe,Central Europe,Poland,GDN,PL,Pomorskie,Gdansk Lech Walesa Airport,54.3776,18.4662,Europe,Central Europe,Germany,DUS,DE,Nordrhein-Westfalen,Dusseldorf Airport,51.2895,6.76678
2903,EPGD,EGAA,1,Europe,Central Europe,Poland,GDN,PL,Pomorskie,Gdansk Lech Walesa Airport,54.3776,18.4662,Europe,United Kingdom,Northern Ireland,BFS,GB,Northern Ireland,Belfast International Airport,54.6575,-6.21583
2904,EPGD,EKAH,1,Europe,Central Europe,Poland,GDN,PL,Pomorskie,Gdansk Lech Walesa Airport,54.3776,18.4662,Europe,Nordic Region,Denmark,AAR,DK,Midtjylland,Aarhus Airport,56.3,10.619
2905,EPGD,ENGM,1,Europe,Central Europe,Poland,GDN,PL,Pomorskie,Gdansk Lech Walesa Airport,54.3776,18.4662,Europe,Nordic Region,Norway,OSL,NO,Akershus,Oslo Airport,60.1939,11.1004
2906,EPGD,EPLB,1,Europe,Central Europe,Poland,GDN,PL,Pomorskie,Gdansk Lech Walesa Airport,54.3776,18.4662,Europe,Central Europe,Poland,LUZ,PL,Lubelskie,Lublin Airport,51.2403,22.7136
2907,EPGD,EPWA,1,Europe,Central Europe,Poland,GDN,PL,Pomorskie,Gdansk Lech Walesa Airport,54.3776,18.4662,Europe,Central Europe,Poland,WAW,PL,Mazowieckie,Warsaw Chopin Airport,52.1657,20.9671
2908,EPGD,ESGG,1,Europe,Central Europe,Poland,GDN,PL,Pomorskie,Gdansk Lech Walesa Airport,54.3776,18.4662,Europe,Nordic Region,Sweden,GOT,SE,Vastra Gotalands lan,Goteborg Landvetter Airport,57.6628,12.2798
2909,EPGD,EVRA,4,Europe,Central Europe,Poland,GDN,PL,Pomorskie,Gdansk Lech Walesa Airport,54.3776,18.4662,Europe,Nordic Region,Latvia,RIX,LV,Riga,Riga International Airport,56.9236,23.9711
2914,EPGD,LATI,1,Europe,Central Europe,Poland,GDN,PL,Pomorskie,Gdansk Lech Walesa Airport,54.3776,18.4662,Europe,Eastern Europe,Albania,TIA,IR,Azarbayjan-e Gharbi,Tirana International Airport,41.4147,19.7206
2915,EPGD,LEBL,1,Europe,Central Europe,Poland,GDN,PL,Pomorskie,Gdansk Lech Walesa Airport,54.3776,18.4662,Europe,Southern Europe,Spain,BCN,ES,Catalunya,Barcelona El Prat Airport,41.2971,2.07846
2916,EPGD,LGKO,1,Europe,Central Europe,Poland,GDN,PL,Pomorskie,Gdansk Lech Walesa Airport,54.3776,18.4662,Europe,Southern Europe,Greece,KGS,GR,Notio Aigaio,Kos Island International Airport,36.7933,27.0917
2917,EPGD,LGKR,1,Europe,Central Europe,Poland,GDN,PL,Pomorskie,Gdansk Lech Walesa Airport,54.3776,18.4662,Europe,Southern Europe,Greece,CFU,GR,Ionia Nisia,Corfu International Airport (Ioannis Kapodistrias Int'l Airport),39.6019,19.9117
2921,EPGD,LYPG,2,Europe,Central Europe,Poland,GDN,PL,Pomorskie,Gdansk Lech Walesa Airport,54.3776,18.4662,Europe,Eastern Europe,Montenegro,TGD,ME,Podgorica,Podgorica Airport,42.3594,19.2519
2922,EPKK,EBAW,1,Europe,Central Europe,Poland,KRK,PL,Malopolskie,John Paul II International Airport Krakow-Balice,50.0777,19.7848,Europe,Western Europe,Belgium,ANR,BE,Antwerpen,Antwerp International Airport,51.1894,4.46028
2923,EPKK,EDDL,1,Europe,Central Europe,Poland,KRK,PL,Malopolskie,John Paul II International Airport Krakow-Balice,50.0777,19.7848,Europe,Central Europe,Germany,DUS,DE,Nordrhein-Westfalen,Dusseldorf Airport,51.2895,6.76678
2924,EPKK,EGGW,1,Europe,Central Europe,Poland,KRK,PL,Malopolskie,John Paul II International Airport Krakow-Balice,50.0777,19.7848,Europe,United Kingdom,England,LTN,GB,England,London Luton Airport,51.8747,-0.368333
2925,EPKK,EGKK,2,Europe,Central Europe,Poland,KRK,PL,Malopolskie,John Paul II International Airport Krakow-Balice,50.0777,19.7848,Europe,United Kingdom,England,LGW,GB,England,Gatwick Airport,51.1481,-0.190278
2926,EPKK,EGPH,1,Europe,Central Europe,Poland,KRK,PL,Malopolskie,John Paul II International Airport Krakow-Balice,50.0777,19.7848,Europe,United Kingdom,Scotland,EDI,GB,Scotland,Edinburgh Airport,55.95,-3.3725
2927,EPKK,EVRA,2,Europe,Central Europe,Poland,KRK,PL,Malopolskie,John Paul II International Airport Krakow-Balice,50.0777,19.7848,Europe,Nordic Region,Latvia,RIX,LV,Riga,Riga International Airport,56.9236,23.9711
2932,EPKK,LECH,1,Europe,Central Europe,Poland,KRK,PL,Malopolskie,John Paul II International Airport Krakow-Balice,50.0777,19.7848,Europe,Southern Europe,Spain,CDT,ES,"Valenciana, Comunidad",Castellon-Costa Azahar Airport,40.2139,0.073333
2933,EPKK,LFSB,1,Europe,Central Europe,Poland,KRK,PL,Malopolskie,John Paul II International Airport Krakow-Balice,50.0777,19.7848,Europe,Western Europe,France,BSL,CH,Basel-City,EuroAirport Basel Mulhouse Freiburg,47.59,7.52916
2934,EPKK,LFSB,1,Europe,Central Europe,Poland,KRK,PL,Malopolskie,John Paul II International Airport Krakow-Balice,50.0777,19.7848,Europe,Central Europe,Switzerland,BSL,CH,Basel-City,EuroAirport Basel Mulhouse Freiburg,47.59,7.52916
2935,EPKK,LGIR,4,Europe,Central Europe,Poland,KRK,PL,Malopolskie,John Paul II International Airport Krakow-Balice,50.0777,19.7848,Europe,Southern Europe,Greece,HER,GR,Kriti,Heraklion International Airport (Nikos Kazantzakis Airport),35.3397,25.1803
2936,EPKK,LGRP,1,Europe,Central Europe,Poland,KRK,PL,Malopolskie,John Paul II International Airport Krakow-Balice,50.0777,19.7848,Europe,Southern Europe,Greece,RHO,GR,Notio Aigaio,Rhodes International Airport,36.4054,28.0862
2937,EPKK,LHBP,1,Europe,Central Europe,Poland,KRK,PL,Malopolskie,John Paul II International Airport Krakow-Balice,50.0777,19.7848,Europe,Central Europe,Hungary,BUD,HU,Budapest,Budapest Ferenc Liszt International Airport,47.4298,19.2611
2938,EPKK,LICA,1,Europe,Central Europe,Poland,KRK,PL,Malopolskie,John Paul II International Airport Krakow-Balice,50.0777,19.7848,Europe,Southern Europe,Italy,SUF,IT,Calabria,Lamezia Terme International Airport,38.9054,16.2423
2939,EPKK,LKPR,1,Europe,Central Europe,Poland,KRK,PL,Malopolskie,John Paul II International Airport Krakow-Balice,50.0777,19.7848,Europe,Central Europe,Czech Republic,PRG,CZ,Stredocesky kraj,Vaclav Havel Airport Prague,50.1008,14.26
2941,EPKT,BIKF,1,Europe,Central Europe,Poland,KTW,PL,Slaskie,Katowice International Airport,50.4743,19.08,Europe,Nordic Region,Iceland,KEF,IS,Sudurnes,Keflavík International Airport,63.985,-22.6056
2945,EPKT,EDLW,2,Europe,Central Europe,Poland,KTW,PL,Slaskie,Katowice International Airport,50.4743,19.08,Europe,Central Europe,Germany,DTM,DE,Nordrhein-Westfalen,Dortmund Airport,51.5183,7.61224
2946,EPKT,EPGD,1,Europe,Central Europe,Poland,KTW,PL,Slaskie,Katowice International Airport,50.4743,19.08,Europe,Central Europe,Poland,GDN,PL,Pomorskie,Gdansk Lech Walesa Airport,54.3776,18.4662
2947,EPKT,EPKT,1,Europe,Central Europe,Poland,KTW,PL,Slaskie,Katowice International Airport,50.4743,19.08,Europe,Central Europe,Poland,KTW,PL,Slaskie,Katowice International Airport,50.4743,19.08
2948,EPKT,EPWA,1,Europe,Central Europe,Poland,KTW,PL,Slaskie,Katowice International Airport,50.4743,19.08,Europe,Central Europe,Poland,WAW,PL,Mazowieckie,Warsaw Chopin Airport,52.1657,20.9671
2949,EPKT,GCFV,1,Europe,Central Europe,Poland,KTW,PL,Slaskie,Katowice International Airport,50.4743,19.08,Europe,Southern Europe,Spain,FUE,ES,Canarias,Fuerteventura Airport,28.4527,-13.8638
2955,EPKT,LBBG,1,Europe,Central Europe,Poland,KTW,PL,Slaskie,Katowice International Airport,50.4743,19.08,Europe,Eastern Europe,Bulgaria,BOJ,BG,Burgas,Burgas Airport,42.5696,27.5152
2957,EPKT,LDPL,1,Europe,Central Europe,Poland,KTW,PL,Slaskie,Katowice International Airport,50.4743,19.08,Europe,Southern Europe,Croatia,PUY,HR,Istarska zupanija,Pula Airport,44.8935,13.9222
2958,EPKT,LDSP,1,Europe,Central Europe,Poland,KTW,PL,Slaskie,Katowice International Airport,50.4743,19.08,Europe,Southern Europe,Croatia,SPU,HR,Splitsko-dalmatinska zupanija,Split Airport,43.5389,16.298
2959,EPKT,LEPA,2,Europe,Central Europe,Poland,KTW,PL,Slaskie,Katowice International Airport,50.4743,19.08,Europe,Southern Europe,Spain,PMI,ES,Illes Balears,Palma de Mallorca Airport,39.5517,2.73881
2960,EPKT,LGAV,1,Europe,Central Europe,Poland,KTW,PL,Slaskie,Katowice International Airport,50.4743,19.08,Europe,Southern Europe,Greece,ATH,GR,Attiki,Athens International Airport (Eleftherios Venizelos Airport),37.9364,23.9445
2961,EPKT,LGKL,2,Europe,Central Europe,Poland,KTW,PL,Slaskie,Katowice International Airport,50.4743,19.08,Europe,Southern Europe,Greece,KLX,GR,Peloponnisos,Kalamata International Airport,37.0683,22.0255
2962,EPKT,LGKO,2,Europe,Central Europe,Poland,KTW,PL,Slaskie,Katowice International Airport,50.4743,19.08,Europe,Southern Europe,Greece,KGS,GR,Notio Aigaio,Kos Island International Airport,36.7933,27.0917
2963,EPKT,LGKR,1,Europe,Central Europe,Poland,KTW,PL,Slaskie,Katowice International Airport,50.4743,19.08,Europe,Southern Europe,Greece,CFU,GR,Ionia Nisia,Corfu International Airport (Ioannis Kapodistrias Int'l Airport),39.6019,19.9117
2964,EPKT,LGKV,1,Europe,Central Europe,Poland,KTW,PL,Slaskie,Katowice International Airport,50.4743,19.08,Europe,Southern Europe,Greece,KVA,GR,Anatoliki Makedonia kai Thraki,Kavala International Airport (Alexander the Great Airport),40.9133,24.6192
2965,EPKT,LGMT,1,Europe,Central Europe,Poland,KTW,PL,Slaskie,Katowice International Airport,50.4743,19.08,Europe,Southern Europe,Greece,MJT,GR,Voreio Aigaio,Mytilene International Airport,39.0567,26.5983
2966,EPKT,LGPZ,1,Europe,Central Europe,Poland,KTW,PL,Slaskie,Katowice International Airport,50.4743,19.08,Europe,Southern Europe,Greece,PVK,GR,Ionia Nisia,Aktion National Airport,38.9255,20.7653
2967,EPKT,LGRP,4,Europe,Central Europe,Poland,KTW,PL,Slaskie,Katowice International Airport,50.4743,19.08,Europe,Southern Europe,Greece,RHO,GR,Notio Aigaio,Rhodes International Airport,36.4054,28.0862
2968,EPKT,LGSA,1,Europe,Central Europe,Poland,KTW,PL,Slaskie,Katowice International Airport,50.4743,19.08,Europe,Southern Europe,Greece,CHQ,GR,Kriti,Chania International Airport,35.5317,24.1497
2969,EPKT,LICJ,1,Europe,Central Europe,Poland,KTW,PL,Slaskie,Katowice International Airport,50.4743,19.08,Europe,Southern Europe,Italy,PMO,IT,Sicilia,Falcone-Borsellino Airport (Punta Raisi Airport),38.176,13.091
2970,EPKT,LIPR,1,Europe,Central Europe,Poland,KTW,PL,Slaskie,Katowice International Airport,50.4743,19.08,Europe,Southern Europe,Italy,RMI,IT,Emilia-Romagna,Federico Fellini International Airport,44.0203,12.6117
2971,EPKT,LPFR,1,Europe,Central Europe,Poland,KTW,PL,Slaskie,Katowice International Airport,50.4743,19.08,Europe,Southern Europe,Portugal,FAO,PT,Faro,Faro Airport,37.0144,-7.96591
2975,EPLB,EPGD,1,Europe,Central Europe,Poland,LUZ,PL,Lubelskie,Lublin Airport,51.2403,22.7136,Europe,Central Europe,Poland,GDN,PL,Pomorskie,Gdansk Lech Walesa Airport,54.3776,18.4662
2976,EPLB,EPKT,1,Europe,Central Europe,Poland,LUZ,PL,Lubelskie,Lublin Airport,51.2403,22.7136,Europe,Central Europe,Poland,KTW,PL,Slaskie,Katowice International Airport,50.4743,19.08
2978,EPLB,LIRF,1,Europe,Central Europe,Poland,LUZ,PL,Lubelskie,Lublin Airport,51.2403,22.7136,Europe,Southern Europe,Italy,FCO,IT,Lazio,Rome–Fiumicino International Airport,41.8003,12.2389
2982,EPLL,EDDB,1,Europe,Central Europe,Poland,LCJ,PL,Lodzkie,Lodz Wladyslaw Reymont Airport,51.7219,19.3981,Europe,Central Europe,Germany,BER,DE,Brandenburg,Berlin Brandenburg Airport,52.3514,13.4939
2983,EPLL,EIDW,1,Europe,Central Europe,Poland,LCJ,PL,Lodzkie,Lodz Wladyslaw Reymont Airport,51.7219,19.3981,Europe,Western Europe,Ireland,DUB,IE,Dublin,Dublin Airport,53.4213,-6.27007
2986,EPLL,LATI,1,Europe,Central Europe,Poland,LCJ,PL,Lodzkie,Lodz Wladyslaw Reymont Airport,51.7219,19.3981,Europe,Eastern Europe,Albania,TIA,IR,Azarbayjan-e Gharbi,Tirana International Airport,41.4147,19.7206
2988,EPMO,LHBP,1,Europe,Central Europe,Poland,WMI,PL,Mazowieckie,Warsaw Modlin Airport,52.4511,20.6518,Europe,Central Europe,Hungary,BUD,HU,Budapest,Budapest Ferenc Liszt International Airport,47.4298,19.2611
2989,EPMO,LIBD,1,Europe,Central Europe,Poland,WMI,PL,Mazowieckie,Warsaw Modlin Airport,52.4511,20.6518,Europe,Southern Europe,Italy,BRI,IT,Puglia,Bari Karol Wojtyla Airport,41.1389,16.7606
2990,EPMO,LSGG,1,Europe,Central Europe,Poland,WMI,PL,Mazowieckie,Warsaw Modlin Airport,52.4511,20.6518,Europe,Central Europe,Switzerland,GVA,CH,Geneve,Geneva Airport,46.2381,6.10895
2991,EPPO,BIKF,1,Europe,Central Europe,Poland,POZ,PL,Wielkopolskie,Poznań–Ławica Henryk Wieniawski Airport,52.421,16.8263,Europe,Nordic Region,Iceland,KEF,IS,Sudurnes,Keflavík International Airport,63.985,-22.6056
2993,EPPO,EINN,1,Europe,Central Europe,Poland,POZ,PL,Wielkopolskie,Poznań–Ławica Henryk Wieniawski Airport,52.421,16.8263,Europe,Western Europe,Ireland,SNN,IE,Clare,Shannon Airport,52.702,-8.92482
2994,EPPO,EPGD,1,Europe,Central Europe,Poland,POZ,PL,Wielkopolskie,Poznań–Ławica Henryk Wieniawski Airport,52.421,16.8263,Europe,Central Europe,Poland,GDN,PL,Pomorskie,Gdansk Lech Walesa Airport,54.3776,18.4662
2995,EPPO,EPKT,1,Europe,Central Europe,Poland,POZ,PL,Wielkopolskie,Poznań–Ławica Henryk Wieniawski Airport,52.421,16.8263,Europe,Central Europe,Poland,KTW,PL,Slaskie,Katowice International Airport,50.4743,19.08
2996,EPPO,EPRZ,1,Europe,Central Europe,Poland,POZ,PL,Wielkopolskie,Poznań–Ławica Henryk Wieniawski Airport,52.421,16.8263,Europe,Central Europe,Poland,RZE,PL,Podlaskie,Rzeszow-Jasionka Airport,50.11,22.019
2999,EPPO,LDPL,1,Europe,Central Europe,Poland,POZ,PL,Wielkopolskie,Poznań–Ławica Henryk Wieniawski Airport,52.421,16.8263,Europe,Southern Europe,Croatia,PUY,HR,Istarska zupanija,Pula Airport,44.8935,13.9222
3000,EPPO,LGIR,2,Europe,Central Europe,Poland,POZ,PL,Wielkopolskie,Poznań–Ławica Henryk Wieniawski Airport,52.421,16.8263,Europe,Southern Europe,Greece,HER,GR,Kriti,Heraklion International Airport (Nikos Kazantzakis Airport),35.3397,25.1803
3001,EPPO,LGZA,1,Europe,Central Europe,Poland,POZ,PL,Wielkopolskie,Poznań–Ławica Henryk Wieniawski Airport,52.421,16.8263,Europe,Southern Europe,Greece,ZTH,GR,Ionia Nisia,Zakynthos International Airport (Dionysios SolomosAirport),37.7509,20.8843
3006,EPRZ,EDDF,3,Europe,Central Europe,Poland,RZE,PL,Podlaskie,Rzeszow-Jasionka Airport,50.11,22.019,Europe,Central Europe,Germany,FRA,DE,Hessen,Frankfurt Airport,50.0333,8.57056
3007,EPRZ,EGBB,1,Europe,Central Europe,Poland,RZE,PL,Podlaskie,Rzeszow-Jasionka Airport,50.11,22.019,Europe,United Kingdom,England,BHX,GB,England,Birmingham Airport,52.4539,-1.74803
3013,EPSC,EBBR,1,Europe,Central Europe,Poland,SZZ,PL,Zachodniopomorskie,Solidarity Szczecin-Goleniow Airport,53.5847,14.9022,Europe,Western Europe,Belgium,BRU,BE,Brussels Hoofdstedelijk Gewest,Brussels Airport (Zaventem Airport),50.9014,4.48444
3014,EPSC,EGGP,1,Europe,Central Europe,Poland,SZZ,PL,Zachodniopomorskie,Solidarity Szczecin-Goleniow Airport,53.5847,14.9022,Europe,United Kingdom,England,LPL,GB,England,Liverpool John Lennon Airport,53.3336,-2.84972
3015,EPSC,ENTO,1,Europe,Central Europe,Poland,SZZ,PL,Zachodniopomorskie,Solidarity Szczecin-Goleniow Airport,53.5847,14.9022,Europe,Nordic Region,Norway,TRF,NO,Vestfold,Sandefjord Airport,59.1867,10.2586
3016,EPSC,EPKK,1,Europe,Central Europe,Poland,SZZ,PL,Zachodniopomorskie,Solidarity Szczecin-Goleniow Airport,53.5847,14.9022,Europe,Central Europe,Poland,KRK,PL,Malopolskie,John Paul II International Airport Krakow-Balice,50.0777,19.7848
3017,EPSY,EDLV,1,Europe,Central Europe,Poland,SZY,PL,Warminsko-mazurskie,Olsztyn-Mazury Regional Airport,53.4819,20.9377,Europe,Central Europe,Germany,NRN,DE,Nordrhein-Westfalen,Weeze Airport (Niederrhein Airport),51.6024,6.14217
3018,EPWA,BIKF,1,Europe,Central Europe,Poland,WAW,PL,Mazowieckie,Warsaw Chopin Airport,52.1657,20.9671,Europe,Nordic Region,Iceland,KEF,IS,Sudurnes,Keflavík International Airport,63.985,-22.6056
3022,EPWA,EBBR,1,Europe,Central Europe,Poland,WAW,PL,Mazowieckie,Warsaw Chopin Airport,52.1657,20.9671,Europe,Western Europe,Belgium,BRU,BE,Brussels Hoofdstedelijk Gewest,Brussels Airport (Zaventem Airport),50.9014,4.48444
3023,EPWA,EBCI,1,Europe,Central Europe,Poland,WAW,PL,Mazowieckie,Warsaw Chopin Airport,52.1657,20.9671,Europe,Western Europe,Belgium,CRL,BE,Hainaut,Brussels South Charleroi Airport,50.4592,4.45382
3024,EPWA,EDDF,1,Europe,Central Europe,Poland,WAW,PL,Mazowieckie,Warsaw Chopin Airport,52.1657,20.9671,Europe,Central Europe,Germany,FRA,DE,Hessen,Frankfurt Airport,50.0333,8.57056
3025,EPWA,EDDL,2,Europe,Central Europe,Poland,WAW,PL,Mazowieckie,Warsaw Chopin Airport,52.1657,20.9671,Europe,Central Europe,Germany,DUS,DE,Nordrhein-Westfalen,Dusseldorf Airport,51.2895,6.76678
3026,EPWA,EDDV,1,Europe,Central Europe,Poland,WAW,PL,Mazowieckie,Warsaw Chopin Airport,52.1657,20.9671,Europe,Central Europe,Germany,HAJ,DE,Niedersachsen,Hannover Airport,52.4611,9.68508
3027,EPWA,EDFH,1,Europe,Central Europe,Poland,WAW,PL,Mazowieckie,Warsaw Chopin Airport,52.1657,20.9671,Europe,Central Europe,Germany,HHN,DE,Rheinland-Pfalz,Frankfurt-Hahn Airport,49.9487,7.26389
3028,EPWA,EDNY,1,Europe,Central Europe,Poland,WAW,PL,Mazowieckie,Warsaw Chopin Airport,52.1657,20.9671,Europe,Central Europe,Germany,FDH,DE,Baden-Wurttemberg,Friedrichshafen Airport (Bodensee Airport),47.6713,9.51149
3029,EPWA,EETN,1,Europe,Central Europe,Poland,WAW,PL,Mazowieckie,Warsaw Chopin Airport,52.1657,20.9671,Europe,Nordic Region,Estonia,TLL,EE,Harjumaa,Tallinn Airport (Lennart Meri Tallinn Airport),59.4133,24.8328
3030,EPWA,EFHK,1,Europe,Central Europe,Poland,WAW,PL,Mazowieckie,Warsaw Chopin Airport,52.1657,20.9671,Europe,Nordic Region,Finland,HEL,FI,Uusimaa,Helsinki Airport (Helsinki-Vantaa Airport),60.3172,24.9633
3031,EPWA,EGGP,1,Europe,Central Europe,Poland,WAW,PL,Mazowieckie,Warsaw Chopin Airport,52.1657,20.9671,Europe,United Kingdom,England,LPL,GB,England,Liverpool John Lennon Airport,53.3336,-2.84972
3032,EPWA,EKCH,4,Europe,Central Europe,Poland,WAW,PL,Mazowieckie,Warsaw Chopin Airport,52.1657,20.9671,Europe,Nordic Region,Denmark,CPH,DK,Hovedstaden,Copenhagen Airport,55.6179,12.656
3033,EPWA,ENGM,1,Europe,Central Europe,Poland,WAW,PL,Mazowieckie,Warsaw Chopin Airport,52.1657,20.9671,Europe,Nordic Region,Norway,OSL,NO,Akershus,Oslo Airport,60.1939,11.1004
3034,EPWA,EPPO,3,Europe,Central Europe,Poland,WAW,PL,Mazowieckie,Warsaw Chopin Airport,52.1657,20.9671,Europe,Central Europe,Poland,POZ,PL,Wielkopolskie,Poznań–Ławica Henryk Wieniawski Airport,52.421,16.8263
3035,EPWA,EPRA,1,Europe,Central Europe,Poland,WAW,PL,Mazowieckie,Warsaw Chopin Airport,52.1657,20.9671,Europe,Central Europe,Poland,RDO,PL,Mazowieckie,Radom Airport,51.3892,21.2133
3036,EPWA,EPWA,1,Europe,Central Europe,Poland,WAW,PL,Mazowieckie,Warsaw Chopin Airport,52.1657,20.9671,Europe,Central Europe,Poland,WAW,PL,Mazowieckie,Warsaw Chopin Airport,52.1657,20.9671
3037,EPWA,EPWR,1,Europe,Central Europe,Poland,WAW,PL,Mazowieckie,Warsaw Chopin Airport,52.1657,20.9671,Europe,Central Europe,Poland,WRO,PL,Dolnoslaskie,Copernicus Airport Wroclaw,51.1027,16.8858
3038,EPWA,ESKN,1,Europe,Central Europe,Poland,WAW,PL,Mazowieckie,Warsaw Chopin Airport,52.1657,20.9671,Europe,Nordic Region,Sweden,NYO,SE,Sodermanlands lan,Stockholm Skavsta Airport,58.7886,16.9122
3039,EPWA,EVRA,2,Europe,Central Europe,Poland,WAW,PL,Mazowieckie,Warsaw Chopin Airport,52.1657,20.9671,Europe,Nordic Region,Latvia,RIX,LV,Riga,Riga International Airport,56.9236,23.9711
3040,EPWA,EYKA,1,Europe,Central Europe,Poland,WAW,PL,Mazowieckie,Warsaw Chopin Airport,52.1657,20.9671,Europe,Nordic Region,Lithuania,KUN,LT,Kauno apskritis,Kaunas International Airport,54.9639,24.0848
3041,EPWA,GCLP,1,Europe,Central Europe,Poland,WAW,PL,Mazowieckie,Warsaw Chopin Airport,52.1657,20.9671,Europe,Southern Europe,Spain,LPA,ES,Canarias,Gran Canaria Airport,27.9319,-15.3866
3042,EPWA,GCRR,1,Europe,Central Europe,Poland,WAW,PL,Mazowieckie,Warsaw Chopin Airport,52.1657,20.9671,Europe,Southern Europe,Spain,ACE,ES,Canarias,Lanzarote Airport,28.9455,-13.6052
3043,EPWA,GCTS,4,Europe,Central Europe,Poland,WAW,PL,Mazowieckie,Warsaw Chopin Airport,52.1657,20.9671,Europe,Southern Europe,Spain,TFS,ES,Canarias,Tenerife South Airport,28.046,-16.5728
3057,EPWA,LATI,1,Europe,Central Europe,Poland,WAW,PL,Mazowieckie,Warsaw Chopin Airport,52.1657,20.9671,Europe,Eastern Europe,Albania,TIA,IR,Azarbayjan-e Gharbi,Tirana International Airport,41.4147,19.7206
3058,EPWA,LBBG,1,Europe,Central Europe,Poland,WAW,PL,Mazowieckie,Warsaw Chopin Airport,52.1657,20.9671,Europe,Eastern Europe,Bulgaria,BOJ,BG,Burgas,Burgas Airport,42.5696,27.5152
3059,EPWA,LBWN,1,Europe,Central Europe,Poland,WAW,PL,Mazowieckie,Warsaw Chopin Airport,52.1657,20.9671,Europe,Eastern Europe,Bulgaria,VAR,BG,Varna,Varna Airport,43.2321,27.8251
3062,EPWA,LDSP,1,Europe,Central Europe,Poland,WAW,PL,Mazowieckie,Warsaw Chopin Airport,52.1657,20.9671,Europe,Southern Europe,Croatia,SPU,HR,Splitsko-dalmatinska zupanija,Split Airport,43.5389,16.298
3063,EPWA,LDZA,1,Europe,Central Europe,Poland,WAW,PL,Mazowieckie,Warsaw Chopin Airport,52.1657,20.9671,Europe,Southern Europe,Croatia,ZAG,HR,Grad Zagreb,Zagreb Airport,45.7429,16.0688
3064,EPWA,LEAL,1,Europe,Central Europe,Poland,WAW,PL,Mazowieckie,Warsaw Chopin Airport,52.1657,20.9671,Europe,Southern Europe,Spain,ALC,ES,"Valenciana, Comunidad",Alicante-Elche Airport,38.2822,-0.558156
3065,EPWA,LEAM,1,Europe,Central Europe,Poland,WAW,PL,Mazowieckie,Warsaw Chopin Airport,52.1657,20.9671,Europe,Southern Europe,Spain,LEI,ES,Andalucia,Almeria Airport,36.8439,-2.3701
3066,EPWA,LEBB,1,Europe,Central Europe,Poland,WAW,PL,Mazowieckie,Warsaw Chopin Airport,52.1657,20.9671,Europe,Southern Europe,Spain,BIO,ES,Pais Vasco,Bilbao Airport,43.3011,-2.91061
3067,EPWA,LEGE,1,Europe,Central Europe,Poland,WAW,PL,Mazowieckie,Warsaw Chopin Airport,52.1657,20.9671,Europe,Southern Europe,Spain,GRO,ES,Catalunya,Girona-Costa Brava Airport,41.901,2.76055
3068,EPWA,LEIB,1,Europe,Central Europe,Poland,WAW,PL,Mazowieckie,Warsaw Chopin Airport,52.1657,20.9671,Europe,Southern Europe,Spain,IBZ,ES,Illes Balears,Ibiza Airport,38.8729,1.37312
3069,EPWA,LEJR,1,Europe,Central Europe,Poland,WAW,PL,Mazowieckie,Warsaw Chopin Airport,52.1657,20.9671,Europe,Southern Europe,Spain,XRY,ES,Andalucia,Jerez Airport (La Parra Airport),36.7446,-6.06011
3070,EPWA,LEMG,4,Europe,Central Europe,Poland,WAW,PL,Mazowieckie,Warsaw Chopin Airport,52.1657,20.9671,Europe,Southern Europe,Spain,AGP,ES,Andalucia,Malaga Airport,36.6749,-4.49911
3071,EPWA,LEMH,1,Europe,Central Europe,Poland,WAW,PL,Mazowieckie,Warsaw Chopin Airport,52.1657,20.9671,Europe,Southern Europe,Spain,MAH,ES,Illes Balears,Menorca Airport (Mahon Airport),39.8626,4.21865
3072,EPWA,LEPA,6,Europe,Central Europe,Poland,WAW,PL,Mazowieckie,Warsaw Chopin Airport,52.1657,20.9671,Europe,Southern Europe,Spain,PMI,ES,Illes Balears,Palma de Mallorca Airport,39.5517,2.73881
3073,EPWA,LEVC,1,Europe,Central Europe,Poland,WAW,PL,Mazowieckie,Warsaw Chopin Airport,52.1657,20.9671,Europe,Southern Europe,Spain,VLC,ES,"Valenciana, Comunidad",Valencia Airport,39.4893,-0.481625
3074,EPWA,LEZL,1,Europe,Central Europe,Poland,WAW,PL,Mazowieckie,Warsaw Chopin Airport,52.1657,20.9671,Europe,Southern Europe,Spain,SVQ,ES,Andalucia,Seville Airport,37.418,-5.89311
3075,EPWA,LFBO,1,Europe,Central Europe,Poland,WAW,PL,Mazowieckie,Warsaw Chopin Airport,52.1657,20.9671,Europe,Western Europe,France,TLS,FR,Occitanie,Toulouse-Blagnac Airport,43.6291,1.36382
3076,EPWA,LFPO,1,Europe,Central Europe,Poland,WAW,PL,Mazowieckie,Warsaw Chopin Airport,52.1657,20.9671,Europe,Western Europe,France,ORY,FR,Ile-de-France,Aéroport de Paris-Orly,48.7231,2.35944
3077,EPWA,LGIR,1,Europe,Central Europe,Poland,WAW,PL,Mazowieckie,Warsaw Chopin Airport,52.1657,20.9671,Europe,Southern Europe,Greece,HER,GR,Kriti,Heraklion International Airport (Nikos Kazantzakis Airport),35.3397,25.1803
3078,EPWA,LGKO,1,Europe,Central Europe,Poland,WAW,PL,Mazowieckie,Warsaw Chopin Airport,52.1657,20.9671,Europe,Southern Europe,Greece,KGS,GR,Notio Aigaio,Kos Island International Airport,36.7933,27.0917
3079,EPWA,LGMT,1,Europe,Central Europe,Poland,WAW,PL,Mazowieckie,Warsaw Chopin Airport,52.1657,20.9671,Europe,Southern Europe,Greece,MJT,GR,Voreio Aigaio,Mytilene International Airport,39.0567,26.5983
3080,EPWA,LGRP,1,Europe,Central Europe,Poland,WAW,PL,Mazowieckie,Warsaw Chopin Airport,52.1657,20.9671,Europe,Southern Europe,Greece,RHO,GR,Notio Aigaio,Rhodes International Airport,36.4054,28.0862
3081,EPWA,LGSA,3,Europe,Central Europe,Poland,WAW,PL,Mazowieckie,Warsaw Chopin Airport,52.1657,20.9671,Europe,Southern Europe,Greece,CHQ,GR,Kriti,Chania International Airport,35.5317,24.1497
3082,EPWA,LGSM,1,Europe,Central Europe,Poland,WAW,PL,Mazowieckie,Warsaw Chopin Airport,52.1657,20.9671,Europe,Southern Europe,Greece,SMI,GR,Voreio Aigaio,Samos International Airport,37.69,26.9117
3083,EPWA,LGSR,1,Europe,Central Europe,Poland,WAW,PL,Mazowieckie,Warsaw Chopin Airport,52.1657,20.9671,Europe,Southern Europe,Greece,JTR,GR,Notio Aigaio,Santorini (Thira) National Airport,36.3992,25.4793
3084,EPWA,LGZA,2,Europe,Central Europe,Poland,WAW,PL,Mazowieckie,Warsaw Chopin Airport,52.1657,20.9671,Europe,Southern Europe,Greece,ZTH,GR,Ionia Nisia,Zakynthos International Airport (Dionysios SolomosAirport),37.7509,20.8843
3085,EPWA,LIBD,1,Europe,Central Europe,Poland,WAW,PL,Mazowieckie,Warsaw Chopin Airport,52.1657,20.9671,Europe,Southern Europe,Italy,BRI,IT,Puglia,Bari Karol Wojtyla Airport,41.1389,16.7606
3086,EPWA,LICA,1,Europe,Central Europe,Poland,WAW,PL,Mazowieckie,Warsaw Chopin Airport,52.1657,20.9671,Europe,Southern Europe,Italy,SUF,IT,Calabria,Lamezia Terme International Airport,38.9054,16.2423
3087,EPWA,LICC,2,Europe,Central Europe,Poland,WAW,PL,Mazowieckie,Warsaw Chopin Airport,52.1657,20.9671,Europe,Southern Europe,Italy,CTA,IT,Sicilia,Catania-Fontanarossa Airport,37.4668,15.0664
3088,EPWA,LICJ,1,Europe,Central Europe,Poland,WAW,PL,Mazowieckie,Warsaw Chopin Airport,52.1657,20.9671,Europe,Southern Europe,Italy,PMO,IT,Sicilia,Falcone-Borsellino Airport (Punta Raisi Airport),38.176,13.091
3089,EPWA,LIEE,1,Europe,Central Europe,Poland,WAW,PL,Mazowieckie,Warsaw Chopin Airport,52.1657,20.9671,Europe,Southern Europe,Italy,CAG,IT,Sardegna,Cagliari Elmas Airport,39.2515,9.05428
3090,EPWA,LIEO,3,Europe,Central Europe,Poland,WAW,PL,Mazowieckie,Warsaw Chopin Airport,52.1657,20.9671,Europe,Southern Europe,Italy,OLB,IT,Sardegna,Olbia Costa Smeralda Airport,40.8987,9.51763
3091,EPWA,LIMJ,1,Europe,Central Europe,Poland,WAW,PL,Mazowieckie,Warsaw Chopin Airport,52.1657,20.9671,Europe,Southern Europe,Italy,GOA,IT,Liguria,Genoa Cristoforo Colombo Airport,44.4133,8.8375
3092,EPWA,LIRF,2,Europe,Central Europe,Poland,WAW,PL,Mazowieckie,Warsaw Chopin Airport,52.1657,20.9671,Europe,Southern Europe,Italy,FCO,IT,Lazio,Rome–Fiumicino International Airport,41.8003,12.2389
3093,EPWA,LIRP,1,Europe,Central Europe,Poland,WAW,PL,Mazowieckie,Warsaw Chopin Airport,52.1657,20.9671,Europe,Southern Europe,Italy,PSA,IT,Toscana,Pisa International Airport (Galileo Galilei Airport),43.6839,10.3927
3095,EPWA,LMML,1,Europe,Central Europe,Poland,WAW,PL,Mazowieckie,Warsaw Chopin Airport,52.1657,20.9671,Europe,Southern Europe,Malta,MLA,MT,Luqa,Malta International Airport (Luqa Airport),35.8575,14.4775
3096,EPWA,LOWW,1,Europe,Central Europe,Poland,WAW,PL,Mazowieckie,Warsaw Chopin Airport,52.1657,20.9671,Europe,Central Europe,Austria,VIE,AT,Niederosterreich,Vienna International Airport,48.1103,16.5697
3097,EPWA,LPMA,1,Europe,Central Europe,Poland,WAW,PL,Mazowieckie,Warsaw Chopin Airport,52.1657,20.9671,Europe,Southern Europe,Portugal,FNC,PT,Regiao Autonoma da Madeira,Madeira Airport,32.6979,-16.7745
3098,EPWA,LRBS,1,Europe,Central Europe,Poland,WAW,PL,Mazowieckie,Warsaw Chopin Airport,52.1657,20.9671,Europe,Eastern Europe,Romania,BBU,RO,Bucuresti,Aurel Vlaicu International Airport,44.496,26.0814
3099,EPWA,LSZB,1,Europe,Central Europe,Poland,WAW,PL,Mazowieckie,Warsaw Chopin Airport,52.1657,20.9671,Europe,Central Europe,Switzerland,BRN,CH,Bern,Bern Airport,46.9141,7.49715
3105,EPWA,LWSK,1,Europe,Central Europe,Poland,WAW,PL,Mazowieckie,Warsaw Chopin Airport,52.1657,20.9671,Europe,Eastern Europe,North Macedonia,SKP,MK,Skopje,Skopje Alexander the Great Airport,41.9616,21.6214
3106,EPWA,LYPG,1,Europe,Central Europe,Poland,WAW,PL,Mazowieckie,Warsaw Chopin Airport,52.1657,20.9671,Europe,Eastern Europe,Montenegro,TGD,ME,Podgorica,Podgorica Airport,42.3594,19.2519
3107,EPWA,LYTV,2,Europe,Central Europe,Poland,WAW,PL,Mazowieckie,Warsaw Chopin Airport,52.1657,20.9671,Europe,Eastern Europe,Montenegro,TIV,ME,Tivat,Tivat Airport,42.4047,18.7233
3117,EPWR,EGHH,1,Europe,Central Europe,Poland,WRO,PL,Dolnoslaskie,Copernicus Airport Wroclaw,51.1027,16.8858,Europe,United Kingdom,England,BOH,GB,England,Bournemouth Airport,50.78,-1.8425
3118,EPWR,EGPF,1,Europe,Central Europe,Poland,WRO,PL,Dolnoslaskie,Copernicus Airport Wroclaw,51.1027,16.8858,Europe,United Kingdom,Scotland,GLA,GB,Scotland,Glasgow Airport,55.8719,-4.43306
3119,EPWR,EGPH,1,Europe,Central Europe,Poland,WRO,PL,Dolnoslaskie,Copernicus Airport Wroclaw,51.1027,16.8858,Europe,United Kingdom,Scotland,EDI,GB,Scotland,Edinburgh Airport,55.95,-3.3725
3123,EPWR,LEPA,1,Europe,Central Europe,Poland,WRO,PL,Dolnoslaskie,Copernicus Airport Wroclaw,51.1027,16.8858,Europe,Southern Europe,Spain,PMI,ES,Illes Balears,Palma de Mallorca Airport,39.5517,2.73881
3124,EPWR,LGIR,2,Europe,Central Europe,Poland,WRO,PL,Dolnoslaskie,Copernicus Airport Wroclaw,51.1027,16.8858,Europe,Southern Europe,Greece,HER,GR,Kriti,Heraklion International Airport (Nikos Kazantzakis Airport),35.3397,25.1803
3125,EPWR,LGSA,5,Europe,Central Europe,Poland,WRO,PL,Dolnoslaskie,Copernicus Airport Wroclaw,51.1027,16.8858,Europe,Southern Europe,Greece,CHQ,GR,Kriti,Chania International Airport,35.5317,24.1497
3126,EPWR,LGTS,5,Europe,Central Europe,Poland,WRO,PL,Dolnoslaskie,Copernicus Airport Wroclaw,51.1027,16.8858,Europe,Southern Europe,Greece,SKG,GR,Kentriki Makedonia,Thessaloniki Airport,40.5197,22.9709
3127,EPWR,LGZA,1,Europe,Central Europe,Poland,WRO,PL,Dolnoslaskie,Copernicus Airport Wroclaw,51.1027,16.8858,Europe,Southern Europe,Greece,ZTH,GR,Ionia Nisia,Zakynthos International Airport (Dionysios SolomosAirport),37.7509,20.8843
3128,EPWR,LIPE,1,Europe,Central Europe,Poland,WRO,PL,Dolnoslaskie,Copernicus Airport Wroclaw,51.1027,16.8858,Europe,Southern Europe,Italy,BLQ,IT,Emilia-Romagna,Bologna Guglielmo Marconi Airport,44.5354,11.2887
3130,ESGG,BIAR,1,Europe,Nordic Region,Sweden,GOT,SE,Vastra Gotalands lan,Goteborg Landvetter Airport,57.6628,12.2798,Europe,Nordic Region,Iceland,AEY,IS,Nordurland eystra,Akureyri Airport,65.66,-18.0727
3131,ESGG,EBBR,1,Europe,Nordic Region,Sweden,GOT,SE,Vastra Gotalands lan,Goteborg Landvetter Airport,57.6628,12.2798,Europe,Western Europe,Belgium,BRU,BE,Brussels Hoofdstedelijk Gewest,Brussels Airport (Zaventem Airport),50.9014,4.48444
3132,ESGG,EKBI,1,Europe,Nordic Region,Sweden,GOT,SE,Vastra Gotalands lan,Goteborg Landvetter Airport,57.6628,12.2798,Europe,Nordic Region,Denmark,BLL,DK,Syddanmark,Billund Airport,55.7403,9.15178
3133,ESGG,EPGD,1,Europe,Nordic Region,Sweden,GOT,SE,Vastra Gotalands lan,Goteborg Landvetter Airport,57.6628,12.2798,Europe,Central Europe,Poland,GDN,PL,Pomorskie,Gdansk Lech Walesa Airport,54.3776,18.4662
3134,ESGG,EPWA,1,Europe,Nordic Region,Sweden,GOT,SE,Vastra Gotalands lan,Goteborg Landvetter Airport,57.6628,12.2798,Europe,Central Europe,Poland,WAW,PL,Mazowieckie,Warsaw Chopin Airport,52.1657,20.9671
3135,ESGG,ESMS,1,Europe,Nordic Region,Sweden,GOT,SE,Vastra Gotalands lan,Goteborg Landvetter Airport,57.6628,12.2798,Europe,Nordic Region,Sweden,MMX,SE,Skane lan,Malmo Airport,55.5346,13.3704
3136,ESGG,ESPA,1,Europe,Nordic Region,Sweden,GOT,SE,Vastra Gotalands lan,Goteborg Landvetter Airport,57.6628,12.2798,Europe,Nordic Region,Sweden,LLA,SE,Norrbottens lan,Lulea Airport (Kallax Airport),65.5438,22.122
3137,ESGG,ESSA,1,Europe,Nordic Region,Sweden,GOT,SE,Vastra Gotalands lan,Goteborg Landvetter Airport,57.6628,12.2798,Europe,Nordic Region,Sweden,ARN,SE,Stockholms lan,Stockholm Arlanda Airport,59.6519,17.9186
3138,ESGG,EVRA,1,Europe,Nordic Region,Sweden,GOT,SE,Vastra Gotalands lan,Goteborg Landvetter Airport,57.6628,12.2798,Europe,Nordic Region,Latvia,RIX,LV,Riga,Riga International Airport,56.9236,23.9711
3139,ESGG,GCTS,1,Europe,Nordic Region,Sweden,GOT,SE,Vastra Gotalands lan,Goteborg Landvetter Airport,57.6628,12.2798,Europe,Southern Europe,Spain,TFS,ES,Canarias,Tenerife South Airport,28.046,-16.5728
3143,ESGG,LDPL,1,Europe,Nordic Region,Sweden,GOT,SE,Vastra Gotalands lan,Goteborg Landvetter Airport,57.6628,12.2798,Europe,Southern Europe,Croatia,PUY,HR,Istarska zupanija,Pula Airport,44.8935,13.9222
3144,ESGG,LGAV,1,Europe,Nordic Region,Sweden,GOT,SE,Vastra Gotalands lan,Goteborg Landvetter Airport,57.6628,12.2798,Europe,Southern Europe,Greece,ATH,GR,Attiki,Athens International Airport (Eleftherios Venizelos Airport),37.9364,23.9445
3145,ESGG,LGIR,1,Europe,Nordic Region,Sweden,GOT,SE,Vastra Gotalands lan,Goteborg Landvetter Airport,57.6628,12.2798,Europe,Southern Europe,Greece,HER,GR,Kriti,Heraklion International Airport (Nikos Kazantzakis Airport),35.3397,25.1803
3146,ESGG,LGSM,1,Europe,Nordic Region,Sweden,GOT,SE,Vastra Gotalands lan,Goteborg Landvetter Airport,57.6628,12.2798,Europe,Southern Europe,Greece,SMI,GR,Voreio Aigaio,Samos International Airport,37.69,26.9117
3147,ESGG,LQSA,1,Europe,Nordic Region,Sweden,GOT,SE,Vastra Gotalands lan,Goteborg Landvetter Airport,57.6628,12.2798,Europe,Eastern Europe,Bosnia and Herzegovina,SJJ,BA,Federacija Bosne i Hercegovine,Sarajevo International Airport,43.8246,18.3315
3148,ESGG,LSGG,1,Europe,Nordic Region,Sweden,GOT,SE,Vastra Gotalands lan,Goteborg Landvetter Airport,57.6628,12.2798,Europe,Central Europe,Switzerland,GVA,CH,Geneve,Geneva Airport,46.2381,6.10895
3150,ESKN,LUKK,2,Europe,Nordic Region,Sweden,NYO,SE,Sodermanlands lan,Stockholm Skavsta Airport,58.7886,16.9122,Europe,Eastern Europe,Moldova,RMO,MD,Chisinau,Chisinau International Airport,46.9277,28.931
3151,ESMS,ESSA,2,Europe,Nordic Region,Sweden,MMX,SE,Skane lan,Malmo Airport,55.5346,13.3704,Europe,Nordic Region,Sweden,ARN,SE,Stockholms lan,Stockholm Arlanda Airport,59.6519,17.9186
3155,ESMS,LEIB,1,Europe,Nordic Region,Sweden,MMX,SE,Skane lan,Malmo Airport,55.5346,13.3704,Europe,Southern Europe,Spain,IBZ,ES,Illes Balears,Ibiza Airport,38.8729,1.37312
3156,ESMS,LGIR,1,Europe,Nordic Region,Sweden,MMX,SE,Skane lan,Malmo Airport,55.5346,13.3704,Europe,Southern Europe,Greece,HER,GR,Kriti,Heraklion International Airport (Nikos Kazantzakis Airport),35.3397,25.1803
3157,ESMX,EKBI,1,Europe,Nordic Region,Sweden,VXO,SE,Kronobergs lan,Vaxjo Smaland Airport,56.9291,14.728,Europe,Nordic Region,Denmark,BLL,DK,Syddanmark,Billund Airport,55.7403,9.15178
3158,ESMX,LGRP,2,Europe,Nordic Region,Sweden,VXO,SE,Kronobergs lan,Vaxjo Smaland Airport,56.9291,14.728,Europe,Southern Europe,Greece,RHO,GR,Notio Aigaio,Rhodes International Airport,36.4054,28.0862
3159,ESNN,EKYT,1,Europe,Nordic Region,Sweden,SDL,SE,Vasternorrlands lan,Sundsvall-Timra Airport (Midlanda Airport),62.5281,17.4439,Europe,Nordic Region,Denmark,AAL,DK,Nordjylland,Aalborg Airport,57.0928,9.84924
3160,ESNU,ENGM,1,Europe,Nordic Region,Sweden,UME,SE,Vasterbottens lan,Umea Airport,63.7918,20.2828,Europe,Nordic Region,Norway,OSL,NO,Akershus,Oslo Airport,60.1939,11.1004
3161,ESNU,GCLP,1,Europe,Nordic Region,Sweden,UME,SE,Vasterbottens lan,Umea Airport,63.7918,20.2828,Europe,Southern Europe,Spain,LPA,ES,Canarias,Gran Canaria Airport,27.9319,-15.3866
3162,ESNU,LGRP,1,Europe,Nordic Region,Sweden,UME,SE,Vasterbottens lan,Umea Airport,63.7918,20.2828,Europe,Southern Europe,Greece,RHO,GR,Notio Aigaio,Rhodes International Airport,36.4054,28.0862
3163,ESNU,LGSA,1,Europe,Nordic Region,Sweden,UME,SE,Vasterbottens lan,Umea Airport,63.7918,20.2828,Europe,Southern Europe,Greece,CHQ,GR,Kriti,Chania International Airport,35.5317,24.1497
3165,ESPA,LGRP,2,Europe,Nordic Region,Sweden,LLA,SE,Norrbottens lan,Lulea Airport (Kallax Airport),65.5438,22.122,Europe,Southern Europe,Greece,RHO,GR,Notio Aigaio,Rhodes International Airport,36.4054,28.0862
3166,ESSA,BIKF,1,Europe,Nordic Region,Sweden,ARN,SE,Stockholms lan,Stockholm Arlanda Airport,59.6519,17.9186,Europe,Nordic Region,Iceland,KEF,IS,Sudurnes,Keflavík International Airport,63.985,-22.6056
3169,ESSA,EBLG,1,Europe,Nordic Region,Sweden,ARN,SE,Stockholms lan,Stockholm Arlanda Airport,59.6519,17.9186,Europe,Western Europe,Belgium,LGG,BE,Liege,Liege Airport,50.6374,5.44322
3170,ESSA,EDDF,2,Europe,Nordic Region,Sweden,ARN,SE,Stockholms lan,Stockholm Arlanda Airport,59.6519,17.9186,Europe,Central Europe,Germany,FRA,DE,Hessen,Frankfurt Airport,50.0333,8.57056
3171,ESSA,EDDK,1,Europe,Nordic Region,Sweden,ARN,SE,Stockholms lan,Stockholm Arlanda Airport,59.6519,17.9186,Europe,Central Europe,Germany,CGN,DE,Nordrhein-Westfalen,Cologne Bonn Airport,50.8659,7.14274
3172,ESSA,EGGD,1,Europe,Nordic Region,Sweden,ARN,SE,Stockholms lan,Stockholm Arlanda Airport,59.6519,17.9186,Europe,United Kingdom,England,BRS,GB,England,Bristol Airport,51.3827,-2.71909
3173,ESSA,EGNX,1,Europe,Nordic Region,Sweden,ARN,SE,Stockholms lan,Stockholm Arlanda Airport,59.6519,17.9186,Europe,United Kingdom,England,EMA,GB,England,East Midlands Airport,52.8311,-1.32806
3174,ESSA,EGPE,1,Europe,Nordic Region,Sweden,ARN,SE,Stockholms lan,Stockholm Arlanda Airport,59.6519,17.9186,Europe,United Kingdom,Scotland,INV,GB,Scotland,Inverness Airport,57.5425,-4.0475
3175,ESSA,EGPH,1,Europe,Nordic Region,Sweden,ARN,SE,Stockholms lan,Stockholm Arlanda Airport,59.6519,17.9186,Europe,United Kingdom,Scotland,EDI,GB,Scotland,Edinburgh Airport,55.95,-3.3725
3176,ESSA,EGSS,1,Europe,Nordic Region,Sweden,ARN,SE,Stockholms lan,Stockholm Arlanda Airport,59.6519,17.9186,Europe,United Kingdom,England,STN,GB,England,London Stansted Airport,51.885,0.235
3177,ESSA,EHAM,1,Europe,Nordic Region,Sweden,ARN,SE,Stockholms lan,Stockholm Arlanda Airport,59.6519,17.9186,Europe,Western Europe,Netherlands,AMS,NL,Noord-Holland,Amsterdam Airport Schiphol,52.3086,4.76389
3178,ESSA,EKCH,2,Europe,Nordic Region,Sweden,ARN,SE,Stockholms lan,Stockholm Arlanda Airport,59.6519,17.9186,Europe,Nordic Region,Denmark,CPH,DK,Hovedstaden,Copenhagen Airport,55.6179,12.656
3179,ESSA,ENGM,1,Europe,Nordic Region,Sweden,ARN,SE,Stockholms lan,Stockholm Arlanda Airport,59.6519,17.9186,Europe,Nordic Region,Norway,OSL,NO,Akershus,Oslo Airport,60.1939,11.1004
3180,ESSA,ESGG,1,Europe,Nordic Region,Sweden,ARN,SE,Stockholms lan,Stockholm Arlanda Airport,59.6519,17.9186,Europe,Nordic Region,Sweden,GOT,SE,Vastra Gotalands lan,Goteborg Landvetter Airport,57.6628,12.2798
3181,ESSA,GCLP,4,Europe,Nordic Region,Sweden,ARN,SE,Stockholms lan,Stockholm Arlanda Airport,59.6519,17.9186,Europe,Southern Europe,Spain,LPA,ES,Canarias,Gran Canaria Airport,27.9319,-15.3866
3182,ESSA,GCTS,1,Europe,Nordic Region,Sweden,ARN,SE,Stockholms lan,Stockholm Arlanda Airport,59.6519,17.9186,Europe,Southern Europe,Spain,TFS,ES,Canarias,Tenerife South Airport,28.046,-16.5728
3198,ESSA,LEMG,2,Europe,Nordic Region,Sweden,ARN,SE,Stockholms lan,Stockholm Arlanda Airport,59.6519,17.9186,Europe,Southern Europe,Spain,AGP,ES,Andalucia,Malaga Airport,36.6749,-4.49911
3199,ESSA,LFBZ,1,Europe,Nordic Region,Sweden,ARN,SE,Stockholms lan,Stockholm Arlanda Airport,59.6519,17.9186,Europe,Western Europe,France,BIQ,FR,Nouvelle-Aquitaine,Biarritz Pays Basque Airport,43.4683,-1.53111
3200,ESSA,LFMN,2,Europe,Nordic Region,Sweden,ARN,SE,Stockholms lan,Stockholm Arlanda Airport,59.6519,17.9186,Europe,Western Europe,France,NCE,FR,Provence-Alpes-Cote-d'Azur,Nice Cote d'Azur Airport,43.6584,7.21587
3201,ESSA,LFPG,2,Europe,Nordic Region,Sweden,ARN,SE,Stockholms lan,Stockholm Arlanda Airport,59.6519,17.9186,Europe,Western Europe,France,CDG,FR,Ile-de-France,Paris Charles de Gaulle Airport,49.0097,2.54778
3202,ESSA,LGIR,1,Europe,Nordic Region,Sweden,ARN,SE,Stockholms lan,Stockholm Arlanda Airport,59.6519,17.9186,Europe,Southern Europe,Greece,HER,GR,Kriti,Heraklion International Airport (Nikos Kazantzakis Airport),35.3397,25.1803
3203,ESSA,LGKO,1,Europe,Nordic Region,Sweden,ARN,SE,Stockholms lan,Stockholm Arlanda Airport,59.6519,17.9186,Europe,Southern Europe,Greece,KGS,GR,Notio Aigaio,Kos Island International Airport,36.7933,27.0917
3204,ESSA,LGPZ,1,Europe,Nordic Region,Sweden,ARN,SE,Stockholms lan,Stockholm Arlanda Airport,59.6519,17.9186,Europe,Southern Europe,Greece,PVK,GR,Ionia Nisia,Aktion National Airport,38.9255,20.7653
3205,ESSA,LGRP,3,Europe,Nordic Region,Sweden,ARN,SE,Stockholms lan,Stockholm Arlanda Airport,59.6519,17.9186,Europe,Southern Europe,Greece,RHO,GR,Notio Aigaio,Rhodes International Airport,36.4054,28.0862
3206,ESSA,LGSA,6,Europe,Nordic Region,Sweden,ARN,SE,Stockholms lan,Stockholm Arlanda Airport,59.6519,17.9186,Europe,Southern Europe,Greece,CHQ,GR,Kriti,Chania International Airport,35.5317,24.1497
3207,ESSA,LGSM,1,Europe,Nordic Region,Sweden,ARN,SE,Stockholms lan,Stockholm Arlanda Airport,59.6519,17.9186,Europe,Southern Europe,Greece,SMI,GR,Voreio Aigaio,Samos International Airport,37.69,26.9117
3208,ESSA,LOWW,2,Europe,Nordic Region,Sweden,ARN,SE,Stockholms lan,Stockholm Arlanda Airport,59.6519,17.9186,Europe,Central Europe,Austria,VIE,AT,Niederosterreich,Vienna International Airport,48.1103,16.5697
3209,ESSA,LSZH,4,Europe,Nordic Region,Sweden,ARN,SE,Stockholms lan,Stockholm Arlanda Airport,59.6519,17.9186,Europe,Central Europe,Switzerland,ZRH,CH,Zurich,Zurich Airport,47.4647,8.54917
3216,ESSB,EGPE,1,Europe,Nordic Region,Sweden,BMA,SE,Stockholms lan,Stockholm Bromma Airport,59.3556,17.9436,Europe,United Kingdom,Scotland,INV,GB,Scotland,Inverness Airport,57.5425,-4.0475
3217,ESSB,EGPH,1,Europe,Nordic Region,Sweden,BMA,SE,Stockholms lan,Stockholm Bromma Airport,59.3556,17.9436,Europe,United Kingdom,Scotland,EDI,GB,Scotland,Edinburgh Airport,55.95,-3.3725
3218,ESSB,EKCH,1,Europe,Nordic Region,Sweden,BMA,SE,Stockholms lan,Stockholm Bromma Airport,59.3556,17.9436,Europe,Nordic Region,Denmark,CPH,DK,Hovedstaden,Copenhagen Airport,55.6179,12.656
3223,ESSB,LEBL,1,Europe,Nordic Region,Sweden,BMA,SE,Stockholms lan,Stockholm Bromma Airport,59.3556,17.9436,Europe,Southern Europe,Spain,BCN,ES,Catalunya,Barcelona El Prat Airport,41.2971,2.07846
3224,ESSB,LIRA,1,Europe,Nordic Region,Sweden,BMA,SE,Stockholms lan,Stockholm Bromma Airport,59.3556,17.9436,Europe,Southern Europe,Italy,CIA,IT,Lazio,Rome-Ciampino International Airport,41.7991,12.5929
3226,ESSP,LGSA,1,Europe,Nordic Region,Sweden,NRK,SE,Ostergotlands lan,Norrkoping Airport,58.5863,16.2506,Europe,Southern Europe,Greece,CHQ,GR,Kriti,Chania International Airport,35.5317,24.1497
3227,ESSV,ENCN,1,Europe,Nordic Region,Sweden,VBY,SE,Gotlands lan,Visby Airport,57.6628,18.3462,Europe,Nordic Region,Norway,KRS,NO,Vest-Agder,Kristiansand Airport,58.2042,8.08537
3228,EVRA,BIKF,1,Europe,Nordic Region,Latvia,RIX,LV,Riga,Riga International Airport,56.9236,23.9711,Europe,Nordic Region,Iceland,KEF,IS,Sudurnes,Keflavík International Airport,63.985,-22.6056
3231,EVRA,EBCI,1,Europe,Nordic Region,Latvia,RIX,LV,Riga,Riga International Airport,56.9236,23.9711,Europe,Western Europe,Belgium,CRL,BE,Hainaut,Brussels South Charleroi Airport,50.4592,4.45382
3232,EVRA,EDDF,2,Europe,Nordic Region,Latvia,RIX,LV,Riga,Riga International Airport,56.9236,23.9711,Europe,Central Europe,Germany,FRA,DE,Hessen,Frankfurt Airport,50.0333,8.57056
3233,EVRA,EDDK,1,Europe,Nordic Region,Latvia,RIX,LV,Riga,Riga International Airport,56.9236,23.9711,Europe,Central Europe,Germany,CGN,DE,Nordrhein-Westfalen,Cologne Bonn Airport,50.8659,7.14274
3234,EVRA,EGNM,2,Europe,Nordic Region,Latvia,RIX,LV,Riga,Riga International Airport,56.9236,23.9711,Europe,United Kingdom,England,LBA,GB,England,Leeds Bradford Airport,53.8659,-1.66057
3235,EVRA,EGPH,4,Europe,Nordic Region,Latvia,RIX,LV,Riga,Riga International Airport,56.9236,23.9711,Europe,United Kingdom,Scotland,EDI,GB,Scotland,Edinburgh Airport,55.95,-3.3725
3236,EVRA,EGSS,5,Europe,Nordic Region,Latvia,RIX,LV,Riga,Riga International Airport,56.9236,23.9711,Europe,United Kingdom,England,STN,GB,England,London Stansted Airport,51.885,0.235
3237,EVRA,EIDW,3,Europe,Nordic Region,Latvia,RIX,LV,Riga,Riga International Airport,56.9236,23.9711,Europe,Western Europe,Ireland,DUB,IE,Dublin,Dublin Airport,53.4213,-6.27007
3238,EVRA,EKAH,2,Europe,Nordic Region,Latvia,RIX,LV,Riga,Riga International Airport,56.9236,23.9711,Europe,Nordic Region,Denmark,AAR,DK,Midtjylland,Aarhus Airport,56.3,10.619
3239,EVRA,ENGM,1,Europe,Nordic Region,Latvia,RIX,LV,Riga,Riga International Airport,56.9236,23.9711,Europe,Nordic Region,Norway,OSL,NO,Akershus,Oslo Airport,60.1939,11.1004
3240,EVRA,ENTO,5,Europe,Nordic Region,Latvia,RIX,LV,Riga,Riga International Airport,56.9236,23.9711,Europe,Nordic Region,Norway,TRF,NO,Vestfold,Sandefjord Airport,59.1867,10.2586
3241,EVRA,EPGD,6,Europe,Nordic Region,Latvia,RIX,LV,Riga,Riga International Airport,56.9236,23.9711,Europe,Central Europe,Poland,GDN,PL,Pomorskie,Gdansk Lech Walesa Airport,54.3776,18.4662
3242,EVRA,EPKK,3,Europe,Nordic Region,Latvia,RIX,LV,Riga,Riga International Airport,56.9236,23.9711,Europe,Central Europe,Poland,KRK,PL,Malopolskie,John Paul II International Airport Krakow-Balice,50.0777,19.7848
3243,EVRA,EPWA,1,Europe,Nordic Region,Latvia,RIX,LV,Riga,Riga International Airport,56.9236,23.9711,Europe,Central Europe,Poland,WAW,PL,Mazowieckie,Warsaw Chopin Airport,52.1657,20.9671
3244,EVRA,ESGG,1,Europe,Nordic Region,Latvia,RIX,LV,Riga,Riga International Airport,56.9236,23.9711,Europe,Nordic Region,Sweden,GOT,SE,Vastra Gotalands lan,Goteborg Landvetter Airport,57.6628,12.2798
3247,EVRA,LEBL,2,Europe,Nordic Region,Latvia,RIX,LV,Riga,Riga International Airport,56.9236,23.9711,Europe,Southern Europe,Spain,BCN,ES,Catalunya,Barcelona El Prat Airport,41.2971,2.07846
3248,EVRA,LEMG,1,Europe,Nordic Region,Latvia,RIX,LV,Riga,Riga International Airport,56.9236,23.9711,Europe,Southern Europe,Spain,AGP,ES,Andalucia,Malaga Airport,36.6749,-4.49911
3249,EVRA,LFOB,7,Europe,Nordic Region,Latvia,RIX,LV,Riga,Riga International Airport,56.9236,23.9711,Europe,Western Europe,France,BVA,FR,Hauts-de-France,Beauvais–Tillé Airport,49.45444,2.11277
3250,EVRA,LGAV,4,Europe,Nordic Region,Latvia,RIX,LV,Riga,Riga International Airport,56.9236,23.9711,Europe,Southern Europe,Greece,ATH,GR,Attiki,Athens International Airport (Eleftherios Venizelos Airport),37.9364,23.9445
3251,EVRA,LHBP,1,Europe,Nordic Region,Latvia,RIX,LV,Riga,Riga International Airport,56.9236,23.9711,Europe,Central Europe,Hungary,BUD,HU,Budapest,Budapest Ferenc Liszt International Airport,47.4298,19.2611
3252,EVRA,LIME,1,Europe,Nordic Region,Latvia,RIX,LV,Riga,Riga International Airport,56.9236,23.9711,Europe,Southern Europe,Italy,BGY,IT,Lombardia,Milan Bergamo Airport,45.66546,9.69948
3253,EVRA,LIRF,2,Europe,Nordic Region,Latvia,RIX,LV,Riga,Riga International Airport,56.9236,23.9711,Europe,Southern Europe,Italy,FCO,IT,Lazio,Rome–Fiumicino International Airport,41.8003,12.2389
3254,EVRA,LKPR,2,Europe,Nordic Region,Latvia,RIX,LV,Riga,Riga International Airport,56.9236,23.9711,Europe,Central Europe,Czech Republic,PRG,CZ,Stredocesky kraj,Vaclav Havel Airport Prague,50.1008,14.26
3255,EVRA,LRSV,1,Europe,Nordic Region,Latvia,RIX,LV,Riga,Riga International Airport,56.9236,23.9711,Europe,Eastern Europe,Romania,SCV,RO,Suceava,Suceava International Airport (Stefan cel Mare Int'l),47.6875,26.3541
3260,EYKA,EETN,1,Europe,Nordic Region,Lithuania,KUN,LT,Kauno apskritis,Kaunas International Airport,54.9639,24.0848,Europe,Nordic Region,Estonia,TLL,EE,Harjumaa,Tallinn Airport (Lennart Meri Tallinn Airport),59.4133,24.8328
3262,EYPA,EBOS,1,Europe,Nordic Region,Lithuania,PLQ,LT,Klaipedos apskritis,Palanga International Airport,55.9732,21.0939,Europe,Western Europe,Belgium,OST,BE,West-Vlaanderen,Ostend-Bruges International Airport,51.1989,2.86222
3263,EYVI,BIKF,1,Europe,Nordic Region,Lithuania,VNO,LT,-,Vilnius Airport,54.6341,25.2858,Europe,Nordic Region,Iceland,KEF,IS,Sudurnes,Keflavík International Airport,63.985,-22.6056
3264,EYVI,EDDV,1,Europe,Nordic Region,Lithuania,VNO,LT,-,Vilnius Airport,54.6341,25.2858,Europe,Central Europe,Germany,HAJ,DE,Niedersachsen,Hannover Airport,52.4611,9.68508
3265,EYVI,EDNY,1,Europe,Nordic Region,Lithuania,VNO,LT,-,Vilnius Airport,54.6341,25.2858,Europe,Central Europe,Germany,FDH,DE,Baden-Wurttemberg,Friedrichshafen Airport (Bodensee Airport),47.6713,9.51149
3266,EYVI,ENGM,1,Europe,Nordic Region,Lithuania,VNO,LT,-,Vilnius Airport,54.6341,25.2858,Europe,Nordic Region,Norway,OSL,NO,Akershus,Oslo Airport,60.1939,11.1004
3268,EYVI,LMML,1,Europe,Nordic Region,Lithuania,VNO,LT,-,Vilnius Airport,54.6341,25.2858,Europe,Southern Europe,Malta,MLA,MT,Luqa,Malta International Airport (Luqa Airport),35.8575,14.4775
3289,GCFV,EBBR,2,Europe,Southern Europe,Spain,FUE,ES,Canarias,Fuerteventura Airport,28.4527,-13.8638,Europe,Western Europe,Belgium,BRU,BE,Brussels Hoofdstedelijk Gewest,Brussels Airport (Zaventem Airport),50.9014,4.48444
3290,GCFV,EDDL,6,Europe,Southern Europe,Spain,FUE,ES,Canarias,Fuerteventura Airport,28.4527,-13.8638,Europe,Central Europe,Germany,DUS,DE,Nordrhein-Westfalen,Dusseldorf Airport,51.2895,6.76678
3291,GCFV,EDDM,1,Europe,Southern Europe,Spain,FUE,ES,Canarias,Fuerteventura Airport,28.4527,-13.8638,Europe,Central Europe,Germany,MUC,DE,Bayern,Munich Airport,48.3538,11.7861
3292,GCFV,EDDV,1,Europe,Southern Europe,Spain,FUE,ES,Canarias,Fuerteventura Airport,28.4527,-13.8638,Europe,Central Europe,Germany,HAJ,DE,Niedersachsen,Hannover Airport,52.4611,9.68508
3293,GCFV,EGBB,1,Europe,Southern Europe,Spain,FUE,ES,Canarias,Fuerteventura Airport,28.4527,-13.8638,Europe,United Kingdom,England,BHX,GB,England,Birmingham Airport,52.4539,-1.74803
3294,GCFV,EGCC,1,Europe,Southern Europe,Spain,FUE,ES,Canarias,Fuerteventura Airport,28.4527,-13.8638,Europe,United Kingdom,England,MAN,GB,England,Manchester Airport,53.3537,-2.27495
3295,GCFV,EGGW,3,Europe,Southern Europe,Spain,FUE,ES,Canarias,Fuerteventura Airport,28.4527,-13.8638,Europe,United Kingdom,England,LTN,GB,England,London Luton Airport,51.8747,-0.368333
3296,GCFV,EGPF,1,Europe,Southern Europe,Spain,FUE,ES,Canarias,Fuerteventura Airport,28.4527,-13.8638,Europe,United Kingdom,Scotland,GLA,GB,Scotland,Glasgow Airport,55.8719,-4.43306
3297,GCFV,EHAM,3,Europe,Southern Europe,Spain,FUE,ES,Canarias,Fuerteventura Airport,28.4527,-13.8638,Europe,Western Europe,Netherlands,AMS,NL,Noord-Holland,Amsterdam Airport Schiphol,52.3086,4.76389
3298,GCFV,EPKT,1,Europe,Southern Europe,Spain,FUE,ES,Canarias,Fuerteventura Airport,28.4527,-13.8638,Europe,Central Europe,Poland,KTW,PL,Slaskie,Katowice International Airport,50.4743,19.08
3299,GCFV,GCXO,1,Europe,Southern Europe,Spain,FUE,ES,Canarias,Fuerteventura Airport,28.4527,-13.8638,Europe,Southern Europe,Spain,TFN,ES,Canarias,Tenerife North Airport,28.4847,-16.3439
3300,GCFV,LEZL,1,Europe,Southern Europe,Spain,FUE,ES,Canarias,Fuerteventura Airport,28.4527,-13.8638,Europe,Southern Europe,Spain,SVQ,ES,Andalucia,Seville Airport,37.418,-5.89311
3301,GCFV,LIMC,1,Europe,Southern Europe,Spain,FUE,ES,Canarias,Fuerteventura Airport,28.4527,-13.8638,Europe,Southern Europe,Italy,MXP,IT,Lombardia,Milan-Malpensa Airport,45.6306,8.72811
3302,GCFV,LPPR,1,Europe,Southern Europe,Spain,FUE,ES,Canarias,Fuerteventura Airport,28.4527,-13.8638,Europe,Southern Europe,Portugal,OPO,PT,Porto,Francisco Sá Carneiro Airport,41.2356,-8.67806
3303,GCLA,EDDF,1,Europe,Southern Europe,Spain,SPC,ES,Canarias,La Palma Airport,28.6265,-17.7556,Europe,Central Europe,Germany,FRA,DE,Hessen,Frankfurt Airport,50.0333,8.57056
3304,GCLA,EDDH,1,Europe,Southern Europe,Spain,SPC,ES,Canarias,La Palma Airport,28.6265,-17.7556,Europe,Central Europe,Germany,HAM,DE,Hamburg,Hamburg Airport,53.6304,9.98823
3305,GCLA,LEMD,1,Europe,Southern Europe,Spain,SPC,ES,Canarias,La Palma Airport,28.6265,-17.7556,Europe,Southern Europe,Spain,MAD,ES,"Madrid, Comunidad de",Adolfo Suarez Madrid-Barajas Airport,40.4719,-3.56264
3306,GCLP,EBOS,1,Europe,Southern Europe,Spain,LPA,ES,Canarias,Gran Canaria Airport,27.9319,-15.3866,Europe,Western Europe,Belgium,OST,BE,West-Vlaanderen,Ostend-Bruges International Airport,51.1989,2.86222
3307,GCLP,EDDF,2,Europe,Southern Europe,Spain,LPA,ES,Canarias,Gran Canaria Airport,27.9319,-15.3866,Europe,Central Europe,Germany,FRA,DE,Hessen,Frankfurt Airport,50.0333,8.57056
3308,GCLP,EDDH,1,Europe,Southern Europe,Spain,LPA,ES,Canarias,Gran Canaria Airport,27.9319,-15.3866,Europe,Central Europe,Germany,HAM,DE,Hamburg,Hamburg Airport,53.6304,9.98823
3309,GCLP,EDDL,1,Europe,Southern Europe,Spain,LPA,ES,Canarias,Gran Canaria Airport,27.9319,-15.3866,Europe,Central Europe,Germany,DUS,DE,Nordrhein-Westfalen,Dusseldorf Airport,51.2895,6.76678
3310,GCLP,EDDM,1,Europe,Southern Europe,Spain,LPA,ES,Canarias,Gran Canaria Airport,27.9319,-15.3866,Europe,Central Europe,Germany,MUC,DE,Bayern,Munich Airport,48.3538,11.7861
3311,GCLP,EDDV,1,Europe,Southern Europe,Spain,LPA,ES,Canarias,Gran Canaria Airport,27.9319,-15.3866,Europe,Central Europe,Germany,HAJ,DE,Niedersachsen,Hannover Airport,52.4611,9.68508
3312,GCLP,EFVA,1,Europe,Southern Europe,Spain,LPA,ES,Canarias,Gran Canaria Airport,27.9319,-15.3866,Europe,Nordic Region,Finland,VAA,FI,Pohjanmaa,Vaasa Airport,63.0507,21.7622
3313,GCLP,EGBB,1,Europe,Southern Europe,Spain,LPA,ES,Canarias,Gran Canaria Airport,27.9319,-15.3866,Europe,United Kingdom,England,BHX,GB,England,Birmingham Airport,52.4539,-1.74803
3314,GCLP,EGCC,2,Europe,Southern Europe,Spain,LPA,ES,Canarias,Gran Canaria Airport,27.9319,-15.3866,Europe,United Kingdom,England,MAN,GB,England,Manchester Airport,53.3537,-2.27495
3315,GCLP,EGHH,1,Europe,Southern Europe,Spain,LPA,ES,Canarias,Gran Canaria Airport,27.9319,-15.3866,Europe,United Kingdom,England,BOH,GB,England,Bournemouth Airport,50.78,-1.8425
3316,GCLP,EGNX,1,Europe,Southern Europe,Spain,LPA,ES,Canarias,Gran Canaria Airport,27.9319,-15.3866,Europe,United Kingdom,England,EMA,GB,England,East Midlands Airport,52.8311,-1.32806
3317,GCLP,EHAM,1,Europe,Southern Europe,Spain,LPA,ES,Canarias,Gran Canaria Airport,27.9319,-15.3866,Europe,Western Europe,Netherlands,AMS,NL,Noord-Holland,Amsterdam Airport Schiphol,52.3086,4.76389
3318,GCLP,EHGG,2,Europe,Southern Europe,Spain,LPA,ES,Canarias,Gran Canaria Airport,27.9319,-15.3866,Europe,Western Europe,Netherlands,GRQ,NL,Drenthe,Groningen Airport Eelde,53.1197,6.57944
3319,GCLP,EHRD,1,Europe,Southern Europe,Spain,LPA,ES,Canarias,Gran Canaria Airport,27.9319,-15.3866,Europe,Western Europe,Netherlands,RTM,NL,Zuid-Holland,Rotterdam The Hague Airport,51.9569,4.43722
3320,GCLP,EPWA,1,Europe,Southern Europe,Spain,LPA,ES,Canarias,Gran Canaria Airport,27.9319,-15.3866,Europe,Central Europe,Poland,WAW,PL,Mazowieckie,Warsaw Chopin Airport,52.1657,20.9671
3321,GCLP,GCTS,1,Europe,Southern Europe,Spain,LPA,ES,Canarias,Gran Canaria Airport,27.9319,-15.3866,Europe,Southern Europe,Spain,TFS,ES,Canarias,Tenerife South Airport,28.046,-16.5728
3326,GCLP,LEBL,2,Europe,Southern Europe,Spain,LPA,ES,Canarias,Gran Canaria Airport,27.9319,-15.3866,Europe,Southern Europe,Spain,BCN,ES,Catalunya,Barcelona El Prat Airport,41.2971,2.07846
3327,GCLP,LEVD,1,Europe,Southern Europe,Spain,LPA,ES,Canarias,Gran Canaria Airport,27.9319,-15.3866,Europe,Southern Europe,Spain,VLL,ES,Castilla y Leon,Valladolid Airport,41.7061,-4.85194
3328,GCLP,LFSB,1,Europe,Southern Europe,Spain,LPA,ES,Canarias,Gran Canaria Airport,27.9319,-15.3866,Europe,Western Europe,France,BSL,CH,Basel-City,EuroAirport Basel Mulhouse Freiburg,47.59,7.52916
3329,GCLP,LFSB,1,Europe,Southern Europe,Spain,LPA,ES,Canarias,Gran Canaria Airport,27.9319,-15.3866,Europe,Central Europe,Switzerland,BSL,CH,Basel-City,EuroAirport Basel Mulhouse Freiburg,47.59,7.52916
3330,GCLP,LGKR,1,Europe,Southern Europe,Spain,LPA,ES,Canarias,Gran Canaria Airport,27.9319,-15.3866,Europe,Southern Europe,Greece,CFU,GR,Ionia Nisia,Corfu International Airport (Ioannis Kapodistrias Int'l Airport),39.6019,19.9117
3331,GCLP,LIPE,1,Europe,Southern Europe,Spain,LPA,ES,Canarias,Gran Canaria Airport,27.9319,-15.3866,Europe,Southern Europe,Italy,BLQ,IT,Emilia-Romagna,Bologna Guglielmo Marconi Airport,44.5354,11.2887
3332,GCLP,LPPR,1,Europe,Southern Europe,Spain,LPA,ES,Canarias,Gran Canaria Airport,27.9319,-15.3866,Europe,Southern Europe,Portugal,OPO,PT,Porto,Francisco Sá Carneiro Airport,41.2356,-8.67806
3333,GCLP,LSGG,1,Europe,Southern Europe,Spain,LPA,ES,Canarias,Gran Canaria Airport,27.9319,-15.3866,Europe,Central Europe,Switzerland,GVA,CH,Geneve,Geneva Airport,46.2381,6.10895
3334,GCLP,LSZH,1,Europe,Southern Europe,Spain,LPA,ES,Canarias,Gran Canaria Airport,27.9319,-15.3866,Europe,Central Europe,Switzerland,ZRH,CH,Zurich,Zurich Airport,47.4647,8.54917
3338,GCRR,EGBB,4,Europe,Southern Europe,Spain,ACE,ES,Canarias,Lanzarote Airport,28.9455,-13.6052,Europe,United Kingdom,England,BHX,GB,England,Birmingham Airport,52.4539,-1.74803
3339,GCRR,EGCC,3,Europe,Southern Europe,Spain,ACE,ES,Canarias,Lanzarote Airport,28.9455,-13.6052,Europe,United Kingdom,England,MAN,GB,England,Manchester Airport,53.3537,-2.27495
3340,GCRR,EGFF,1,Europe,Southern Europe,Spain,ACE,ES,Canarias,Lanzarote Airport,28.9455,-13.6052,Europe,United Kingdom,Wales,CWL,GB,Wales,Cardiff Airport,51.3967,-3.34333
3341,GCRR,EGHH,1,Europe,Southern Europe,Spain,ACE,ES,Canarias,Lanzarote Airport,28.9455,-13.6052,Europe,United Kingdom,England,BOH,GB,England,Bournemouth Airport,50.78,-1.8425
3342,GCRR,EGKK,1,Europe,Southern Europe,Spain,ACE,ES,Canarias,Lanzarote Airport,28.9455,-13.6052,Europe,United Kingdom,England,LGW,GB,England,Gatwick Airport,51.1481,-0.190278
3343,GCRR,EGNT,1,Europe,Southern Europe,Spain,ACE,ES,Canarias,Lanzarote Airport,28.9455,-13.6052,Europe,United Kingdom,England,NCL,GB,England,Newcastle Airport,55.0375,-1.69167
3344,GCRR,EGPF,1,Europe,Southern Europe,Spain,ACE,ES,Canarias,Lanzarote Airport,28.9455,-13.6052,Europe,United Kingdom,Scotland,GLA,GB,Scotland,Glasgow Airport,55.8719,-4.43306
3345,GCRR,EGTE,1,Europe,Southern Europe,Spain,ACE,ES,Canarias,Lanzarote Airport,28.9455,-13.6052,Europe,United Kingdom,England,EXT,GB,England,Exeter International Airport,50.7344,-3.41389
3346,GCRR,EHEH,1,Europe,Southern Europe,Spain,ACE,ES,Canarias,Lanzarote Airport,28.9455,-13.6052,Europe,Western Europe,Netherlands,EIN,NL,Noord-Brabant,Eindhoven Airport,51.4501,5.37453
3347,GCRR,EPWA,1,Europe,Southern Europe,Spain,ACE,ES,Canarias,Lanzarote Airport,28.9455,-13.6052,Europe,Central Europe,Poland,WAW,PL,Mazowieckie,Warsaw Chopin Airport,52.1657,20.9671
3348,GCRR,GCFV,2,Europe,Southern Europe,Spain,ACE,ES,Canarias,Lanzarote Airport,28.9455,-13.6052,Europe,Southern Europe,Spain,FUE,ES,Canarias,Fuerteventura Airport,28.4527,-13.8638
3349,GCTS,EBAW,1,Europe,Southern Europe,Spain,TFS,ES,Canarias,Tenerife South Airport,28.046,-16.5728,Europe,Western Europe,Belgium,ANR,BE,Antwerpen,Antwerp International Airport,51.1894,4.46028
3350,GCTS,EDDF,2,Europe,Southern Europe,Spain,TFS,ES,Canarias,Tenerife South Airport,28.046,-16.5728,Europe,Central Europe,Germany,FRA,DE,Hessen,Frankfurt Airport,50.0333,8.57056
3351,GCTS,EDDH,1,Europe,Southern Europe,Spain,TFS,ES,Canarias,Tenerife South Airport,28.046,-16.5728,Europe,Central Europe,Germany,HAM,DE,Hamburg,Hamburg Airport,53.6304,9.98823
3352,GCTS,EDDN,1,Europe,Southern Europe,Spain,TFS,ES,Canarias,Tenerife South Airport,28.046,-16.5728,Europe,Central Europe,Germany,NUE,DE,Bayern,Nuremberg Airport,49.4987,11.0781
3353,GCTS,EDJA,1,Europe,Southern Europe,Spain,TFS,ES,Canarias,Tenerife South Airport,28.046,-16.5728,Europe,Central Europe,Germany,FMM,DE,Bayern,Memmingen Airport,47.9888,10.2395
3354,GCTS,EGBB,5,Europe,Southern Europe,Spain,TFS,ES,Canarias,Tenerife South Airport,28.046,-16.5728,Europe,United Kingdom,England,BHX,GB,England,Birmingham Airport,52.4539,-1.74803
3355,GCTS,EGCC,2,Europe,Southern Europe,Spain,TFS,ES,Canarias,Tenerife South Airport,28.046,-16.5728,Europe,United Kingdom,England,MAN,GB,England,Manchester Airport,53.3537,-2.27495
3356,GCTS,EGFF,1,Europe,Southern Europe,Spain,TFS,ES,Canarias,Tenerife South Airport,28.046,-16.5728,Europe,United Kingdom,Wales,CWL,GB,Wales,Cardiff Airport,51.3967,-3.34333
3357,GCTS,EGGW,3,Europe,Southern Europe,Spain,TFS,ES,Canarias,Tenerife South Airport,28.046,-16.5728,Europe,United Kingdom,England,LTN,GB,England,London Luton Airport,51.8747,-0.368333
3358,GCTS,EGKK,1,Europe,Southern Europe,Spain,TFS,ES,Canarias,Tenerife South Airport,28.046,-16.5728,Europe,United Kingdom,England,LGW,GB,England,Gatwick Airport,51.1481,-0.190278
3359,GCTS,EGNT,3,Europe,Southern Europe,Spain,TFS,ES,Canarias,Tenerife South Airport,28.046,-16.5728,Europe,United Kingdom,England,NCL,GB,England,Newcastle Airport,55.0375,-1.69167
3360,GCTS,EGNX,1,Europe,Southern Europe,Spain,TFS,ES,Canarias,Tenerife South Airport,28.046,-16.5728,Europe,United Kingdom,England,EMA,GB,England,East Midlands Airport,52.8311,-1.32806
3361,GCTS,EGPH,1,Europe,Southern Europe,Spain,TFS,ES,Canarias,Tenerife South Airport,28.046,-16.5728,Europe,United Kingdom,Scotland,EDI,GB,Scotland,Edinburgh Airport,55.95,-3.3725
3362,GCTS,EGSS,1,Europe,Southern Europe,Spain,TFS,ES,Canarias,Tenerife South Airport,28.046,-16.5728,Europe,United Kingdom,England,STN,GB,England,London Stansted Airport,51.885,0.235
3363,GCTS,ELLX,1,Europe,Southern Europe,Spain,TFS,ES,Canarias,Tenerife South Airport,28.046,-16.5728,Europe,Western Europe,Luxembourg,LUX,LU,Luxembourg,Luxembourg Findel Airport,49.6233,6.20444
3364,GCTS,EPWA,3,Europe,Southern Europe,Spain,TFS,ES,Canarias,Tenerife South Airport,28.046,-16.5728,Europe,Central Europe,Poland,WAW,PL,Mazowieckie,Warsaw Chopin Airport,52.1657,20.9671
3365,GCTS,GCRR,1,Europe,Southern Europe,Spain,TFS,ES,Canarias,Tenerife South Airport,28.046,-16.5728,Europe,Southern Europe,Spain,ACE,ES,Canarias,Lanzarote Airport,28.9455,-13.6052
3368,GCTS,LEBL,1,Europe,Southern Europe,Spain,TFS,ES,Canarias,Tenerife South Airport,28.046,-16.5728,Europe,Southern Europe,Spain,BCN,ES,Catalunya,Barcelona El Prat Airport,41.2971,2.07846
3369,GCTS,LEVC,1,Europe,Southern Europe,Spain,TFS,ES,Canarias,Tenerife South Airport,28.046,-16.5728,Europe,Southern Europe,Spain,VLC,ES,"Valenciana, Comunidad",Valencia Airport,39.4893,-0.481625
3370,GCTS,LFMN,4,Europe,Southern Europe,Spain,TFS,ES,Canarias,Tenerife South Airport,28.046,-16.5728,Europe,Western Europe,France,NCE,FR,Provence-Alpes-Cote-d'Azur,Nice Cote d'Azur Airport,43.6584,7.21587
3371,GCTS,LSZH,1,Europe,Southern Europe,Spain,TFS,ES,Canarias,Tenerife South Airport,28.046,-16.5728,Europe,Central Europe,Switzerland,ZRH,CH,Zurich,Zurich Airport,47.4647,8.54917
3372,GCXO,GCFV,2,Europe,Southern Europe,Spain,TFN,ES,Canarias,Tenerife North Airport,28.4847,-16.3439,Europe,Southern Europe,Spain,FUE,ES,Canarias,Fuerteventura Airport,28.4527,-13.8638
3373,GCXO,LEPP,1,Europe,Southern Europe,Spain,TFN,ES,Canarias,Tenerife North Airport,28.4847,-16.3439,Europe,Southern Europe,Spain,PNA,ES,"Navarra, Comunidad Foral de",Pamplona Airport,42.77,-1.64633
3374,GCXO,LEZG,1,Europe,Southern Europe,Spain,TFN,ES,Canarias,Tenerife North Airport,28.4847,-16.3439,Europe,Southern Europe,Spain,ZAZ,ES,Aragon,Zaragoza Airport,41.6662,-1.04155
4980,LATI,EDDN,1,Europe,Eastern Europe,Albania,TIA,IR,Azarbayjan-e Gharbi,Tirana International Airport,41.4147,19.7206,Europe,Central Europe,Germany,NUE,DE,Bayern,Nuremberg Airport,49.4987,11.0781
4981,LATI,EDFH,1,Europe,Eastern Europe,Albania,TIA,IR,Azarbayjan-e Gharbi,Tirana International Airport,41.4147,19.7206,Europe,Central Europe,Germany,HHN,DE,Rheinland-Pfalz,Frankfurt-Hahn Airport,49.9487,7.26389
4982,LATI,EGPH,1,Europe,Eastern Europe,Albania,TIA,IR,Azarbayjan-e Gharbi,Tirana International Airport,41.4147,19.7206,Europe,United Kingdom,Scotland,EDI,GB,Scotland,Edinburgh Airport,55.95,-3.3725
4983,LATI,EGSS,1,Europe,Eastern Europe,Albania,TIA,IR,Azarbayjan-e Gharbi,Tirana International Airport,41.4147,19.7206,Europe,United Kingdom,England,STN,GB,England,London Stansted Airport,51.885,0.235
4984,LATI,EPGD,1,Europe,Eastern Europe,Albania,TIA,IR,Azarbayjan-e Gharbi,Tirana International Airport,41.4147,19.7206,Europe,Central Europe,Poland,GDN,PL,Pomorskie,Gdansk Lech Walesa Airport,54.3776,18.4662
4985,LATI,EPLL,1,Europe,Eastern Europe,Albania,TIA,IR,Azarbayjan-e Gharbi,Tirana International Airport,41.4147,19.7206,Europe,Central Europe,Poland,LCJ,PL,Lodzkie,Lodz Wladyslaw Reymont Airport,51.7219,19.3981
4986,LATI,EPRZ,1,Europe,Eastern Europe,Albania,TIA,IR,Azarbayjan-e Gharbi,Tirana International Airport,41.4147,19.7206,Europe,Central Europe,Poland,RZE,PL,Podlaskie,Rzeszow-Jasionka Airport,50.11,22.019
4987,LATI,EPWA,1,Europe,Eastern Europe,Albania,TIA,IR,Azarbayjan-e Gharbi,Tirana International Airport,41.4147,19.7206,Europe,Central Europe,Poland,WAW,PL,Mazowieckie,Warsaw Chopin Airport,52.1657,20.9671
4990,LATI,LFPO,1,Europe,Eastern Europe,Albania,TIA,IR,Azarbayjan-e Gharbi,Tirana International Airport,41.4147,19.7206,Europe,Western Europe,France,ORY,FR,Ile-de-France,Aéroport de Paris-Orly,48.7231,2.35944
4991,LATI,LFSB,1,Europe,Eastern Europe,Albania,TIA,IR,Azarbayjan-e Gharbi,Tirana International Airport,41.4147,19.7206,Europe,Western Europe,France,BSL,CH,Basel-City,EuroAirport Basel Mulhouse Freiburg,47.59,7.52916
4992,LATI,LFSB,1,Europe,Eastern Europe,Albania,TIA,IR,Azarbayjan-e Gharbi,Tirana International Airport,41.4147,19.7206,Europe,Central Europe,Switzerland,BSL,CH,Basel-City,EuroAirport Basel Mulhouse Freiburg,47.59,7.52916
4993,LATI,LHDC,1,Europe,Eastern Europe,Albania,TIA,IR,Azarbayjan-e Gharbi,Tirana International Airport,41.4147,19.7206,Europe,Central Europe,Hungary,DEB,HU,Hajdu-Bihar,Debrecen International Airport,47.4889,21.6153
4994,LATI,LUKK,1,Europe,Eastern Europe,Albania,TIA,IR,Azarbayjan-e Gharbi,Tirana International Airport,41.4147,19.7206,Europe,Eastern Europe,Moldova,RMO,MD,Chisinau,Chisinau International Airport,46.9277,28.931
4998,LBBG,EDDL,1,Europe,Eastern Europe,Bulgaria,BOJ,BG,Burgas,Burgas Airport,42.5696,27.5152,Europe,Central Europe,Germany,DUS,DE,Nordrhein-Westfalen,Dusseldorf Airport,51.2895,6.76678
4999,LBBG,EDDV,2,Europe,Eastern Europe,Bulgaria,BOJ,BG,Burgas,Burgas Airport,42.5696,27.5152,Europe,Central Europe,Germany,HAJ,DE,Niedersachsen,Hannover Airport,52.4611,9.68508
5000,LBBG,EGBB,2,Europe,Eastern Europe,Bulgaria,BOJ,BG,Burgas,Burgas Airport,42.5696,27.5152,Europe,United Kingdom,England,BHX,GB,England,Birmingham Airport,52.4539,-1.74803
5001,LBBG,EGCC,1,Europe,Eastern Europe,Bulgaria,BOJ,BG,Burgas,Burgas Airport,42.5696,27.5152,Europe,United Kingdom,England,MAN,GB,England,Manchester Airport,53.3537,-2.27495
5002,LBBG,EGFF,1,Europe,Eastern Europe,Bulgaria,BOJ,BG,Burgas,Burgas Airport,42.5696,27.5152,Europe,United Kingdom,Wales,CWL,GB,Wales,Cardiff Airport,51.3967,-3.34333
5003,LBBG,EGSS,1,Europe,Eastern Europe,Bulgaria,BOJ,BG,Burgas,Burgas Airport,42.5696,27.5152,Europe,United Kingdom,England,STN,GB,England,London Stansted Airport,51.885,0.235
5004,LBBG,EPLB,1,Europe,Eastern Europe,Bulgaria,BOJ,BG,Burgas,Burgas Airport,42.5696,27.5152,Europe,Central Europe,Poland,LUZ,PL,Lubelskie,Lublin Airport,51.2403,22.7136
5005,LBBG,EPWA,1,Europe,Eastern Europe,Bulgaria,BOJ,BG,Burgas,Burgas Airport,42.5696,27.5152,Europe,Central Europe,Poland,WAW,PL,Mazowieckie,Warsaw Chopin Airport,52.1657,20.9671
5006,LBBG,LHBP,1,Europe,Eastern Europe,Bulgaria,BOJ,BG,Burgas,Burgas Airport,42.5696,27.5152,Europe,Central Europe,Hungary,BUD,HU,Budapest,Budapest Ferenc Liszt International Airport,47.4298,19.2611
5007,LBBG,LIBD,1,Europe,Eastern Europe,Bulgaria,BOJ,BG,Burgas,Burgas Airport,42.5696,27.5152,Europe,Southern Europe,Italy,BRI,IT,Puglia,Bari Karol Wojtyla Airport,41.1389,16.7606
5008,LBBG,LKMT,1,Europe,Eastern Europe,Bulgaria,BOJ,BG,Burgas,Burgas Airport,42.5696,27.5152,Europe,Central Europe,Czech Republic,OSR,CZ,Moravskoslezsky kraj,Leos Janacek Airport,49.6963,18.1111
5009,LBBG,LZIB,1,Europe,Eastern Europe,Bulgaria,BOJ,BG,Burgas,Burgas Airport,42.5696,27.5152,Europe,Central Europe,Slovakia,BTS,SK,Bratislavsky kraj,M. R. Stefanik Airport,48.1702,17.2127
5012,LBSF,BIKF,1,Europe,Eastern Europe,Bulgaria,SOF,BG,Sofia,Sofia Airport,42.6967,23.4114,Europe,Nordic Region,Iceland,KEF,IS,Sudurnes,Keflavík International Airport,63.985,-22.6056
5014,LBSF,EDDH,1,Europe,Eastern Europe,Bulgaria,SOF,BG,Sofia,Sofia Airport,42.6967,23.4114,Europe,Central Europe,Germany,HAM,DE,Hamburg,Hamburg Airport,53.6304,9.98823
5015,LBSF,EDFH,1,Europe,Eastern Europe,Bulgaria,SOF,BG,Sofia,Sofia Airport,42.6967,23.4114,Europe,Central Europe,Germany,HHN,DE,Rheinland-Pfalz,Frankfurt-Hahn Airport,49.9487,7.26389
5016,LBSF,EDSB,1,Europe,Eastern Europe,Bulgaria,SOF,BG,Sofia,Sofia Airport,42.6967,23.4114,Europe,Central Europe,Germany,FKB,DE,Baden-Wurttemberg,Karlsruhe/Baden-Baden Airport,48.7794,8.0805
5017,LBSF,EINN,4,Europe,Eastern Europe,Bulgaria,SOF,BG,Sofia,Sofia Airport,42.6967,23.4114,Europe,Western Europe,Ireland,SNN,IE,Clare,Shannon Airport,52.702,-8.92482
5018,LBSF,ENGM,1,Europe,Eastern Europe,Bulgaria,SOF,BG,Sofia,Sofia Airport,42.6967,23.4114,Europe,Nordic Region,Norway,OSL,NO,Akershus,Oslo Airport,60.1939,11.1004
5022,LBSF,LDDU,1,Europe,Eastern Europe,Bulgaria,SOF,BG,Sofia,Sofia Airport,42.6967,23.4114,Europe,Southern Europe,Croatia,DBV,HR,Dubrovacko-neretvanska zupanija,Dubrovnik Airport,42.5614,18.2682
5023,LBSF,LEMD,1,Europe,Eastern Europe,Bulgaria,SOF,BG,Sofia,Sofia Airport,42.6967,23.4114,Europe,Southern Europe,Spain,MAD,ES,"Madrid, Comunidad de",Adolfo Suarez Madrid-Barajas Airport,40.4719,-3.56264
5024,LBSF,LFPO,1,Europe,Eastern Europe,Bulgaria,SOF,BG,Sofia,Sofia Airport,42.6967,23.4114,Europe,Western Europe,France,ORY,FR,Ile-de-France,Aéroport de Paris-Orly,48.7231,2.35944
5025,LBSF,LGAV,1,Europe,Eastern Europe,Bulgaria,SOF,BG,Sofia,Sofia Airport,42.6967,23.4114,Europe,Southern Europe,Greece,ATH,GR,Attiki,Athens International Airport (Eleftherios Venizelos Airport),37.9364,23.9445
5026,LBSF,LIRA,1,Europe,Eastern Europe,Bulgaria,SOF,BG,Sofia,Sofia Airport,42.6967,23.4114,Europe,Southern Europe,Italy,CIA,IT,Lazio,Rome-Ciampino International Airport,41.7991,12.5929
5028,LBSF,LPMA,1,Europe,Eastern Europe,Bulgaria,SOF,BG,Sofia,Sofia Airport,42.6967,23.4114,Europe,Southern Europe,Portugal,FNC,PT,Regiao Autonoma da Madeira,Madeira Airport,32.6979,-16.7745
5029,LBSF,LSZH,1,Europe,Eastern Europe,Bulgaria,SOF,BG,Sofia,Sofia Airport,42.6967,23.4114,Europe,Central Europe,Switzerland,ZRH,CH,Zurich,Zurich Airport,47.4647,8.54917
5033,LBWN,EDDB,1,Europe,Eastern Europe,Bulgaria,VAR,BG,Varna,Varna Airport,43.2321,27.8251,Europe,Central Europe,Germany,BER,DE,Brandenburg,Berlin Brandenburg Airport,52.3514,13.4939
5034,LBWN,EDDK,1,Europe,Eastern Europe,Bulgaria,VAR,BG,Varna,Varna Airport,43.2321,27.8251,Europe,Central Europe,Germany,CGN,DE,Nordrhein-Westfalen,Cologne Bonn Airport,50.8659,7.14274
5035,LBWN,EPWA,1,Europe,Eastern Europe,Bulgaria,VAR,BG,Varna,Varna Airport,43.2321,27.8251,Europe,Central Europe,Poland,WAW,PL,Mazowieckie,Warsaw Chopin Airport,52.1657,20.9671
5036,LBWN,LFPO,3,Europe,Eastern Europe,Bulgaria,VAR,BG,Varna,Varna Airport,43.2321,27.8251,Europe,Western Europe,France,ORY,FR,Ile-de-France,Aéroport de Paris-Orly,48.7231,2.35944
5091,LDDU,EGCC,2,Europe,Southern Europe,Croatia,DBV,HR,Dubrovacko-neretvanska zupanija,Dubrovnik Airport,42.5614,18.2682,Europe,United Kingdom,England,MAN,GB,England,Manchester Airport,53.3537,-2.27495
5092,LDDU,EGFF,1,Europe,Southern Europe,Croatia,DBV,HR,Dubrovacko-neretvanska zupanija,Dubrovnik Airport,42.5614,18.2682,Europe,United Kingdom,Wales,CWL,GB,Wales,Cardiff Airport,51.3967,-3.34333
5093,LDDU,EGPF,1,Europe,Southern Europe,Croatia,DBV,HR,Dubrovacko-neretvanska zupanija,Dubrovnik Airport,42.5614,18.2682,Europe,United Kingdom,Scotland,GLA,GB,Scotland,Glasgow Airport,55.8719,-4.43306
5094,LDDU,EGSS,1,Europe,Southern Europe,Croatia,DBV,HR,Dubrovacko-neretvanska zupanija,Dubrovnik Airport,42.5614,18.2682,Europe,United Kingdom,England,STN,GB,England,London Stansted Airport,51.885,0.235
5103,LDDU,LEMD,1,Europe,Southern Europe,Croatia,DBV,HR,Dubrovacko-neretvanska zupanija,Dubrovnik Airport,42.5614,18.2682,Europe,Southern Europe,Spain,MAD,ES,"Madrid, Comunidad de",Adolfo Suarez Madrid-Barajas Airport,40.4719,-3.56264
5104,LDDU,LFMN,1,Europe,Southern Europe,Croatia,DBV,HR,Dubrovacko-neretvanska zupanija,Dubrovnik Airport,42.5614,18.2682,Europe,Western Europe,France,NCE,FR,Provence-Alpes-Cote-d'Azur,Nice Cote d'Azur Airport,43.6584,7.21587
5105,LDDU,LFPO,3,Europe,Southern Europe,Croatia,DBV,HR,Dubrovacko-neretvanska zupanija,Dubrovnik Airport,42.5614,18.2682,Europe,Western Europe,France,ORY,FR,Ile-de-France,Aéroport de Paris-Orly,48.7231,2.35944
5106,LDDU,LGKF,1,Europe,Southern Europe,Croatia,DBV,HR,Dubrovacko-neretvanska zupanija,Dubrovnik Airport,42.5614,18.2682,Europe,Southern Europe,Greece,EFL,GR,Ionia Nisia,Kefalonia International Airport,38.1201,20.5005
5107,LDDU,LIRA,1,Europe,Southern Europe,Croatia,DBV,HR,Dubrovacko-neretvanska zupanija,Dubrovnik Airport,42.5614,18.2682,Europe,Southern Europe,Italy,CIA,IT,Lazio,Rome-Ciampino International Airport,41.7991,12.5929
5108,LDDU,LIRF,1,Europe,Southern Europe,Croatia,DBV,HR,Dubrovacko-neretvanska zupanija,Dubrovnik Airport,42.5614,18.2682,Europe,Southern Europe,Italy,FCO,IT,Lazio,Rome–Fiumicino International Airport,41.8003,12.2389
5109,LDDU,LRSV,1,Europe,Southern Europe,Croatia,DBV,HR,Dubrovacko-neretvanska zupanija,Dubrovnik Airport,42.5614,18.2682,Europe,Eastern Europe,Romania,SCV,RO,Suceava,Suceava International Airport (Stefan cel Mare Int'l),47.6875,26.3541
5111,LDDU,LYTV,2,Europe,Southern Europe,Croatia,DBV,HR,Dubrovacko-neretvanska zupanija,Dubrovnik Airport,42.5614,18.2682,Europe,Eastern Europe,Montenegro,TIV,ME,Tivat,Tivat Airport,42.4047,18.7233
5112,LDLO,EYVI,1,Europe,Southern Europe,Croatia,LSZ,HR,Primorsko-goranska zupanija,Losinj Airport,44.5658,14.3931,Europe,Nordic Region,Lithuania,VNO,LT,-,Vilnius Airport,54.6341,25.2858
5113,LDLO,LOWS,1,Europe,Southern Europe,Croatia,LSZ,HR,Primorsko-goranska zupanija,Losinj Airport,44.5658,14.3931,Europe,Central Europe,Austria,SZG,AT,Salzburg,Salzburg Airport,47.7933,13.0043
5115,LDPL,EDDV,1,Europe,Southern Europe,Croatia,PUY,HR,Istarska zupanija,Pula Airport,44.8935,13.9222,Europe,Central Europe,Germany,HAJ,DE,Niedersachsen,Hannover Airport,52.4611,9.68508
5116,LDPL,EGBB,3,Europe,Southern Europe,Croatia,PUY,HR,Istarska zupanija,Pula Airport,44.8935,13.9222,Europe,United Kingdom,England,BHX,GB,England,Birmingham Airport,52.4539,-1.74803
5117,LDPL,EGCC,1,Europe,Southern Europe,Croatia,PUY,HR,Istarska zupanija,Pula Airport,44.8935,13.9222,Europe,United Kingdom,England,MAN,GB,England,Manchester Airport,53.3537,-2.27495
5118,LDPL,EHRD,1,Europe,Southern Europe,Croatia,PUY,HR,Istarska zupanija,Pula Airport,44.8935,13.9222,Europe,Western Europe,Netherlands,RTM,NL,Zuid-Holland,Rotterdam The Hague Airport,51.9569,4.43722
5119,LDPL,EPKT,1,Europe,Southern Europe,Croatia,PUY,HR,Istarska zupanija,Pula Airport,44.8935,13.9222,Europe,Central Europe,Poland,KTW,PL,Slaskie,Katowice International Airport,50.4743,19.08
5120,LDPL,EPPO,1,Europe,Southern Europe,Croatia,PUY,HR,Istarska zupanija,Pula Airport,44.8935,13.9222,Europe,Central Europe,Poland,POZ,PL,Wielkopolskie,Poznań–Ławica Henryk Wieniawski Airport,52.421,16.8263
5121,LDPL,ESGG,1,Europe,Southern Europe,Croatia,PUY,HR,Istarska zupanija,Pula Airport,44.8935,13.9222,Europe,Nordic Region,Sweden,GOT,SE,Vastra Gotalands lan,Goteborg Landvetter Airport,57.6628,12.2798
5123,LDPL,LDDU,2,Europe,Southern Europe,Croatia,PUY,HR,Istarska zupanija,Pula Airport,44.8935,13.9222,Europe,Southern Europe,Croatia,DBV,HR,Dubrovacko-neretvanska zupanija,Dubrovnik Airport,42.5614,18.2682
5124,LDPL,LJPZ,1,Europe,Southern Europe,Croatia,PUY,HR,Istarska zupanija,Pula Airport,44.8935,13.9222,Europe,Southern Europe,Slovenia,POW,SI,Piran,Portoroz Airport,45.4734,13.615
5125,LDRI,EGHI,1,Europe,Southern Europe,Croatia,RJK,HR,Primorsko-goranska zupanija,Rijeka Airport,45.2169,14.5703,Europe,United Kingdom,England,SOU,GB,England,Southampton Airport,50.9503,-1.3568
5128,LDRI,LGTS,1,Europe,Southern Europe,Croatia,RJK,HR,Primorsko-goranska zupanija,Rijeka Airport,45.2169,14.5703,Europe,Southern Europe,Greece,SKG,GR,Kentriki Makedonia,Thessaloniki Airport,40.5197,22.9709
5129,LDSP,BIKF,1,Europe,Southern Europe,Croatia,SPU,HR,Splitsko-dalmatinska zupanija,Split Airport,43.5389,16.298,Europe,Nordic Region,Iceland,KEF,IS,Sudurnes,Keflavík International Airport,63.985,-22.6056
5131,LDSP,EDDK,1,Europe,Southern Europe,Croatia,SPU,HR,Splitsko-dalmatinska zupanija,Split Airport,43.5389,16.298,Europe,Central Europe,Germany,CGN,DE,Nordrhein-Westfalen,Cologne Bonn Airport,50.8659,7.14274
5132,LDSP,EDDL,2,Europe,Southern Europe,Croatia,SPU,HR,Splitsko-dalmatinska zupanija,Split Airport,43.5389,16.298,Europe,Central Europe,Germany,DUS,DE,Nordrhein-Westfalen,Dusseldorf Airport,51.2895,6.76678
5133,LDSP,EDDM,1,Europe,Southern Europe,Croatia,SPU,HR,Splitsko-dalmatinska zupanija,Split Airport,43.5389,16.298,Europe,Central Europe,Germany,MUC,DE,Bayern,Munich Airport,48.3538,11.7861
5134,LDSP,EDLW,1,Europe,Southern Europe,Croatia,SPU,HR,Splitsko-dalmatinska zupanija,Split Airport,43.5389,16.298,Europe,Central Europe,Germany,DTM,DE,Nordrhein-Westfalen,Dortmund Airport,51.5183,7.61224
5135,LDSP,EGCC,3,Europe,Southern Europe,Croatia,SPU,HR,Splitsko-dalmatinska zupanija,Split Airport,43.5389,16.298,Europe,United Kingdom,England,MAN,GB,England,Manchester Airport,53.3537,-2.27495
5136,LDSP,EGLL,2,Europe,Southern Europe,Croatia,SPU,HR,Splitsko-dalmatinska zupanija,Split Airport,43.5389,16.298,Europe,United Kingdom,England,LHR,GB,England,Heathrow Airport,51.4775,-0.461389
5137,LDSP,EGSS,1,Europe,Southern Europe,Croatia,SPU,HR,Splitsko-dalmatinska zupanija,Split Airport,43.5389,16.298,Europe,United Kingdom,England,STN,GB,England,London Stansted Airport,51.885,0.235
5138,LDSP,EHAM,1,Europe,Southern Europe,Croatia,SPU,HR,Splitsko-dalmatinska zupanija,Split Airport,43.5389,16.298,Europe,Western Europe,Netherlands,AMS,NL,Noord-Holland,Amsterdam Airport Schiphol,52.3086,4.76389
5139,LDSP,EINN,1,Europe,Southern Europe,Croatia,SPU,HR,Splitsko-dalmatinska zupanija,Split Airport,43.5389,16.298,Europe,Western Europe,Ireland,SNN,IE,Clare,Shannon Airport,52.702,-8.92482
5140,LDSP,ENGM,1,Europe,Southern Europe,Croatia,SPU,HR,Splitsko-dalmatinska zupanija,Split Airport,43.5389,16.298,Europe,Nordic Region,Norway,OSL,NO,Akershus,Oslo Airport,60.1939,11.1004
5141,LDSP,EPLB,1,Europe,Southern Europe,Croatia,SPU,HR,Splitsko-dalmatinska zupanija,Split Airport,43.5389,16.298,Europe,Central Europe,Poland,LUZ,PL,Lubelskie,Lublin Airport,51.2403,22.7136
5142,LDSP,EPWA,1,Europe,Southern Europe,Croatia,SPU,HR,Splitsko-dalmatinska zupanija,Split Airport,43.5389,16.298,Europe,Central Europe,Poland,WAW,PL,Mazowieckie,Warsaw Chopin Airport,52.1657,20.9671
5143,LDSP,ESSA,1,Europe,Southern Europe,Croatia,SPU,HR,Splitsko-dalmatinska zupanija,Split Airport,43.5389,16.298,Europe,Nordic Region,Sweden,ARN,SE,Stockholms lan,Stockholm Arlanda Airport,59.6519,17.9186
5150,LDSP,LDDU,1,Europe,Southern Europe,Croatia,SPU,HR,Splitsko-dalmatinska zupanija,Split Airport,43.5389,16.298,Europe,Southern Europe,Croatia,DBV,HR,Dubrovacko-neretvanska zupanija,Dubrovnik Airport,42.5614,18.2682
5151,LDSP,LEMD,1,Europe,Southern Europe,Croatia,SPU,HR,Splitsko-dalmatinska zupanija,Split Airport,43.5389,16.298,Europe,Southern Europe,Spain,MAD,ES,"Madrid, Comunidad de",Adolfo Suarez Madrid-Barajas Airport,40.4719,-3.56264
5152,LDSP,LFPO,1,Europe,Southern Europe,Croatia,SPU,HR,Splitsko-dalmatinska zupanija,Split Airport,43.5389,16.298,Europe,Western Europe,France,ORY,FR,Ile-de-France,Aéroport de Paris-Orly,48.7231,2.35944
5153,LDSP,LFTH,1,Europe,Southern Europe,Croatia,SPU,HR,Splitsko-dalmatinska zupanija,Split Airport,43.5389,16.298,Europe,Western Europe,France,TLN,FR,Provence-Alpes-Cote-d'Azur,Toulon-Hyeres Airport (Hyeres Le Palyvestre Airport),43.0973,6.14603
5154,LDSP,LGAV,2,Europe,Southern Europe,Croatia,SPU,HR,Splitsko-dalmatinska zupanija,Split Airport,43.5389,16.298,Europe,Southern Europe,Greece,ATH,GR,Attiki,Athens International Airport (Eleftherios Venizelos Airport),37.9364,23.9445
5155,LDSP,LSGG,1,Europe,Southern Europe,Croatia,SPU,HR,Splitsko-dalmatinska zupanija,Split Airport,43.5389,16.298,Europe,Central Europe,Switzerland,GVA,CH,Geneve,Geneva Airport,46.2381,6.10895
5157,LDZA,EDDF,1,Europe,Southern Europe,Croatia,ZAG,HR,Grad Zagreb,Zagreb Airport,45.7429,16.0688,Europe,Central Europe,Germany,FRA,DE,Hessen,Frankfurt Airport,50.0333,8.57056
5158,LDZA,EDDM,1,Europe,Southern Europe,Croatia,ZAG,HR,Grad Zagreb,Zagreb Airport,45.7429,16.0688,Europe,Central Europe,Germany,MUC,DE,Bayern,Munich Airport,48.3538,11.7861
5159,LDZA,EDDV,1,Europe,Southern Europe,Croatia,ZAG,HR,Grad Zagreb,Zagreb Airport,45.7429,16.0688,Europe,Central Europe,Germany,HAJ,DE,Niedersachsen,Hannover Airport,52.4611,9.68508
5160,LDZA,EDSB,1,Europe,Southern Europe,Croatia,ZAG,HR,Grad Zagreb,Zagreb Airport,45.7429,16.0688,Europe,Central Europe,Germany,FKB,DE,Baden-Wurttemberg,Karlsruhe/Baden-Baden Airport,48.7794,8.0805
5161,LDZA,EPWA,1,Europe,Southern Europe,Croatia,ZAG,HR,Grad Zagreb,Zagreb Airport,45.7429,16.0688,Europe,Central Europe,Poland,WAW,PL,Mazowieckie,Warsaw Chopin Airport,52.1657,20.9671
5164,LDZD,EBBR,1,Europe,Southern Europe,Croatia,ZAD,HR,Zadarska zupanija,Zadar Airport,44.1083,15.3467,Europe,Western Europe,Belgium,BRU,BE,Brussels Hoofdstedelijk Gewest,Brussels Airport (Zaventem Airport),50.9014,4.48444
5165,LDZD,EDDN,1,Europe,Southern Europe,Croatia,ZAD,HR,Zadarska zupanija,Zadar Airport,44.1083,15.3467,Europe,Central Europe,Germany,NUE,DE,Bayern,Nuremberg Airport,49.4987,11.0781
5166,LDZD,EDFH,1,Europe,Southern Europe,Croatia,ZAD,HR,Zadarska zupanija,Zadar Airport,44.1083,15.3467,Europe,Central Europe,Germany,HHN,DE,Rheinland-Pfalz,Frankfurt-Hahn Airport,49.9487,7.26389
5167,LDZD,EDLV,1,Europe,Southern Europe,Croatia,ZAD,HR,Zadarska zupanija,Zadar Airport,44.1083,15.3467,Europe,Central Europe,Germany,NRN,DE,Nordrhein-Westfalen,Weeze Airport (Niederrhein Airport),51.6024,6.14217
5168,LDZD,EDSB,1,Europe,Southern Europe,Croatia,ZAD,HR,Zadarska zupanija,Zadar Airport,44.1083,15.3467,Europe,Central Europe,Germany,FKB,DE,Baden-Wurttemberg,Karlsruhe/Baden-Baden Airport,48.7794,8.0805
5171,LDZD,LDDU,2,Europe,Southern Europe,Croatia,ZAD,HR,Zadarska zupanija,Zadar Airport,44.1083,15.3467,Europe,Southern Europe,Croatia,DBV,HR,Dubrovacko-neretvanska zupanija,Dubrovnik Airport,42.5614,18.2682
5172,LDZD,LDRI,1,Europe,Southern Europe,Croatia,ZAD,HR,Zadarska zupanija,Zadar Airport,44.1083,15.3467,Europe,Southern Europe,Croatia,RJK,HR,Primorsko-goranska zupanija,Rijeka Airport,45.2169,14.5703
5173,LDZD,LFMN,2,Europe,Southern Europe,Croatia,ZAD,HR,Zadarska zupanija,Zadar Airport,44.1083,15.3467,Europe,Western Europe,France,NCE,FR,Provence-Alpes-Cote-d'Azur,Nice Cote d'Azur Airport,43.6584,7.21587
5174,LDZD,LSZA,1,Europe,Southern Europe,Croatia,ZAD,HR,Zadarska zupanija,Zadar Airport,44.1083,15.3467,Europe,Central Europe,Switzerland,LUG,CH,Ticino,Lugano Airport,46.0043,8.91058
5175,LDZD,LSZH,1,Europe,Southern Europe,Croatia,ZAD,HR,Zadarska zupanija,Zadar Airport,44.1083,15.3467,Europe,Central Europe,Switzerland,ZRH,CH,Zurich,Zurich Airport,47.4647,8.54917
5176,LEAL,BIAR,1,Europe,Southern Europe,Spain,ALC,ES,"Valenciana, Comunidad",Alicante-Elche Airport,38.2822,-0.558156,Europe,Nordic Region,Iceland,AEY,IS,Nordurland eystra,Akureyri Airport,65.66,-18.0727
5177,LEAL,BIKF,1,Europe,Southern Europe,Spain,ALC,ES,"Valenciana, Comunidad",Alicante-Elche Airport,38.2822,-0.558156,Europe,Nordic Region,Iceland,KEF,IS,Sudurnes,Keflavík International Airport,63.985,-22.6056
5178,LEAL,EBBR,1,Europe,Southern Europe,Spain,ALC,ES,"Valenciana, Comunidad",Alicante-Elche Airport,38.2822,-0.558156,Europe,Western Europe,Belgium,BRU,BE,Brussels Hoofdstedelijk Gewest,Brussels Airport (Zaventem Airport),50.9014,4.48444
5179,LEAL,EBOS,1,Europe,Southern Europe,Spain,ALC,ES,"Valenciana, Comunidad",Alicante-Elche Airport,38.2822,-0.558156,Europe,Western Europe,Belgium,OST,BE,West-Vlaanderen,Ostend-Bruges International Airport,51.1989,2.86222
5180,LEAL,EDDF,2,Europe,Southern Europe,Spain,ALC,ES,"Valenciana, Comunidad",Alicante-Elche Airport,38.2822,-0.558156,Europe,Central Europe,Germany,FRA,DE,Hessen,Frankfurt Airport,50.0333,8.57056
5181,LEAL,EDDL,1,Europe,Southern Europe,Spain,ALC,ES,"Valenciana, Comunidad",Alicante-Elche Airport,38.2822,-0.558156,Europe,Central Europe,Germany,DUS,DE,Nordrhein-Westfalen,Dusseldorf Airport,51.2895,6.76678
5182,LEAL,EDLV,1,Europe,Southern Europe,Spain,ALC,ES,"Valenciana, Comunidad",Alicante-Elche Airport,38.2822,-0.558156,Europe,Central Europe,Germany,NRN,DE,Nordrhein-Westfalen,Weeze Airport (Niederrhein Airport),51.6024,6.14217
5183,LEAL,EGBB,2,Europe,Southern Europe,Spain,ALC,ES,"Valenciana, Comunidad",Alicante-Elche Airport,38.2822,-0.558156,Europe,United Kingdom,England,BHX,GB,England,Birmingham Airport,52.4539,-1.74803
5184,LEAL,EGCC,3,Europe,Southern Europe,Spain,ALC,ES,"Valenciana, Comunidad",Alicante-Elche Airport,38.2822,-0.558156,Europe,United Kingdom,England,MAN,GB,England,Manchester Airport,53.3537,-2.27495
5185,LEAL,EGHH,1,Europe,Southern Europe,Spain,ALC,ES,"Valenciana, Comunidad",Alicante-Elche Airport,38.2822,-0.558156,Europe,United Kingdom,England,BOH,GB,England,Bournemouth Airport,50.78,-1.8425
5186,LEAL,EGHI,1,Europe,Southern Europe,Spain,ALC,ES,"Valenciana, Comunidad",Alicante-Elche Airport,38.2822,-0.558156,Europe,United Kingdom,England,SOU,GB,England,Southampton Airport,50.9503,-1.3568
5187,LEAL,EGHQ,1,Europe,Southern Europe,Spain,ALC,ES,"Valenciana, Comunidad",Alicante-Elche Airport,38.2822,-0.558156,Europe,United Kingdom,England,NQY,GB,England,Cornwall Airport Newquay,50.4406,-4.99541
5188,LEAL,EGNT,2,Europe,Southern Europe,Spain,ALC,ES,"Valenciana, Comunidad",Alicante-Elche Airport,38.2822,-0.558156,Europe,United Kingdom,England,NCL,GB,England,Newcastle Airport,55.0375,-1.69167
5189,LEAL,EGTE,1,Europe,Southern Europe,Spain,ALC,ES,"Valenciana, Comunidad",Alicante-Elche Airport,38.2822,-0.558156,Europe,United Kingdom,England,EXT,GB,England,Exeter International Airport,50.7344,-3.41389
5190,LEAL,EHAM,1,Europe,Southern Europe,Spain,ALC,ES,"Valenciana, Comunidad",Alicante-Elche Airport,38.2822,-0.558156,Europe,Western Europe,Netherlands,AMS,NL,Noord-Holland,Amsterdam Airport Schiphol,52.3086,4.76389
5191,LEAL,EIKN,1,Europe,Southern Europe,Spain,ALC,ES,"Valenciana, Comunidad",Alicante-Elche Airport,38.2822,-0.558156,Europe,Western Europe,Ireland,NOC,IE,Mayo,Ireland West Airport Knock,53.9103,-8.81849
5192,LEAL,EIKY,1,Europe,Southern Europe,Spain,ALC,ES,"Valenciana, Comunidad",Alicante-Elche Airport,38.2822,-0.558156,Europe,Western Europe,Ireland,KIR,IE,Kerry,Kerry Airport (Farranfore Airport),52.1809,-9.52378
5193,LEAL,EKAH,1,Europe,Southern Europe,Spain,ALC,ES,"Valenciana, Comunidad",Alicante-Elche Airport,38.2822,-0.558156,Europe,Nordic Region,Denmark,AAR,DK,Midtjylland,Aarhus Airport,56.3,10.619
5194,LEAL,EKVG,1,Europe,Southern Europe,Spain,ALC,ES,"Valenciana, Comunidad",Alicante-Elche Airport,38.2822,-0.558156,Europe,Nordic Region,Faroe Islands,FAE,FK,Falkland Islands (Malvinas),Vagar Airport,62.0636,-7.27722
5195,LEAL,EKYT,1,Europe,Southern Europe,Spain,ALC,ES,"Valenciana, Comunidad",Alicante-Elche Airport,38.2822,-0.558156,Europe,Nordic Region,Denmark,AAL,DK,Nordjylland,Aalborg Airport,57.0928,9.84924
5196,LEAL,ENAL,1,Europe,Southern Europe,Spain,ALC,ES,"Valenciana, Comunidad",Alicante-Elche Airport,38.2822,-0.558156,Europe,Nordic Region,Norway,AES,NO,More og Romsdal,Alesund Airport,62.5625,6.1197
5197,LEAL,ENBR,1,Europe,Southern Europe,Spain,ALC,ES,"Valenciana, Comunidad",Alicante-Elche Airport,38.2822,-0.558156,Europe,Nordic Region,Norway,BGO,NO,Hordaland,Bergen Airport,60.2934,5.21814
5198,LEAL,ENHD,1,Europe,Southern Europe,Spain,ALC,ES,"Valenciana, Comunidad",Alicante-Elche Airport,38.2822,-0.558156,Europe,Nordic Region,Norway,HAU,NO,Rogaland,Haugesund Airport,59.3453,5.20836
5199,LEAL,ENVA,1,Europe,Southern Europe,Spain,ALC,ES,"Valenciana, Comunidad",Alicante-Elche Airport,38.2822,-0.558156,Europe,Nordic Region,Norway,TRD,NO,Nord-Trondelag,Trondheim Airport,63.4578,10.924
5200,LEAL,ENZV,1,Europe,Southern Europe,Spain,ALC,ES,"Valenciana, Comunidad",Alicante-Elche Airport,38.2822,-0.558156,Europe,Nordic Region,Norway,SVG,NO,Rogaland,Stavanger Airport,58.8767,5.63778
5201,LEAL,EPBY,1,Europe,Southern Europe,Spain,ALC,ES,"Valenciana, Comunidad",Alicante-Elche Airport,38.2822,-0.558156,Europe,Central Europe,Poland,BZG,PL,Kujawsko-pomorskie,Bydgoszcz Ignacy Jan Paderewski Airport,53.0968,17.9777
5202,LEAL,EPWA,1,Europe,Southern Europe,Spain,ALC,ES,"Valenciana, Comunidad",Alicante-Elche Airport,38.2822,-0.558156,Europe,Central Europe,Poland,WAW,PL,Mazowieckie,Warsaw Chopin Airport,52.1657,20.9671
5203,LEAL,ESGG,1,Europe,Southern Europe,Spain,ALC,ES,"Valenciana, Comunidad",Alicante-Elche Airport,38.2822,-0.558156,Europe,Nordic Region,Sweden,GOT,SE,Vastra Gotalands lan,Goteborg Landvetter Airport,57.6628,12.2798
5204,LEAL,ESKN,1,Europe,Southern Europe,Spain,ALC,ES,"Valenciana, Comunidad",Alicante-Elche Airport,38.2822,-0.558156,Europe,Nordic Region,Sweden,NYO,SE,Sodermanlands lan,Stockholm Skavsta Airport,58.7886,16.9122
5205,LEAL,EVRA,1,Europe,Southern Europe,Spain,ALC,ES,"Valenciana, Comunidad",Alicante-Elche Airport,38.2822,-0.558156,Europe,Nordic Region,Latvia,RIX,LV,Riga,Riga International Airport,56.9236,23.9711
5206,LEAL,GCLP,1,Europe,Southern Europe,Spain,ALC,ES,"Valenciana, Comunidad",Alicante-Elche Airport,38.2822,-0.558156,Europe,Southern Europe,Spain,LPA,ES,Canarias,Gran Canaria Airport,27.9319,-15.3866
5210,LEAL,LFSB,1,Europe,Southern Europe,Spain,ALC,ES,"Valenciana, Comunidad",Alicante-Elche Airport,38.2822,-0.558156,Europe,Western Europe,France,BSL,CH,Basel-City,EuroAirport Basel Mulhouse Freiburg,47.59,7.52916
5211,LEAL,LFSB,1,Europe,Southern Europe,Spain,ALC,ES,"Valenciana, Comunidad",Alicante-Elche Airport,38.2822,-0.558156,Europe,Central Europe,Switzerland,BSL,CH,Basel-City,EuroAirport Basel Mulhouse Freiburg,47.59,7.52916
5212,LEAL,LHBP,1,Europe,Southern Europe,Spain,ALC,ES,"Valenciana, Comunidad",Alicante-Elche Airport,38.2822,-0.558156,Europe,Central Europe,Hungary,BUD,HU,Budapest,Budapest Ferenc Liszt International Airport,47.4298,19.2611
5213,LEAL,LRCL,1,Europe,Southern Europe,Spain,ALC,ES,"Valenciana, Comunidad",Alicante-Elche Airport,38.2822,-0.558156,Europe,Eastern Europe,Romania,CLJ,RO,Cluj,Cluj-Napoca International Airport,46.7852,23.6862
5214,LEAL,LUKK,1,Europe,Southern Europe,Spain,ALC,ES,"Valenciana, Comunidad",Alicante-Elche Airport,38.2822,-0.558156,Europe,Eastern Europe,Moldova,RMO,MD,Chisinau,Chisinau International Airport,46.9277,28.931
5215,LEAM,BIKF,1,Europe,Southern Europe,Spain,LEI,ES,Andalucia,Almeria Airport,36.8439,-2.3701,Europe,Nordic Region,Iceland,KEF,IS,Sudurnes,Keflavík International Airport,63.985,-22.6056
5216,LEAM,EBCI,1,Europe,Southern Europe,Spain,LEI,ES,Andalucia,Almeria Airport,36.8439,-2.3701,Europe,Western Europe,Belgium,CRL,BE,Hainaut,Brussels South Charleroi Airport,50.4592,4.45382
5217,LEAM,EGKK,1,Europe,Southern Europe,Spain,LEI,ES,Andalucia,Almeria Airport,36.8439,-2.3701,Europe,United Kingdom,England,LGW,GB,England,Gatwick Airport,51.1481,-0.190278
5218,LEAM,ELLX,1,Europe,Southern Europe,Spain,LEI,ES,Andalucia,Almeria Airport,36.8439,-2.3701,Europe,Western Europe,Luxembourg,LUX,LU,Luxembourg,Luxembourg Findel Airport,49.6233,6.20444
5219,LEAM,LEAM,2,Europe,Southern Europe,Spain,LEI,ES,Andalucia,Almeria Airport,36.8439,-2.3701,Europe,Southern Europe,Spain,LEI,ES,Andalucia,Almeria Airport,36.8439,-2.3701
5220,LEAM,LEBL,1,Europe,Southern Europe,Spain,LEI,ES,Andalucia,Almeria Airport,36.8439,-2.3701,Europe,Southern Europe,Spain,BCN,ES,Catalunya,Barcelona El Prat Airport,41.2971,2.07846
5221,LEAM,LKPR,1,Europe,Southern Europe,Spain,LEI,ES,Andalucia,Almeria Airport,36.8439,-2.3701,Europe,Central Europe,Czech Republic,PRG,CZ,Stredocesky kraj,Vaclav Havel Airport Prague,50.1008,14.26
5222,LEAM,LKTB,2,Europe,Southern Europe,Spain,LEI,ES,Andalucia,Almeria Airport,36.8439,-2.3701,Europe,Central Europe,Czech Republic,BRQ,CZ,Jihomoravsky kraj,Brno-Turany Airport,49.1513,16.6944
5223,LEAM,LPPR,1,Europe,Southern Europe,Spain,LEI,ES,Andalucia,Almeria Airport,36.8439,-2.3701,Europe,Southern Europe,Portugal,OPO,PT,Porto,Francisco Sá Carneiro Airport,41.2356,-8.67806
5224,LEAS,EDDF,1,Europe,Southern Europe,Spain,OVD,ES,"Asturias, Principado de",Asturias Airport (Oviedo Airport),43.5636,-6.03462,Europe,Central Europe,Germany,FRA,DE,Hessen,Frankfurt Airport,50.0333,8.57056
5227,LEAS,LEMG,1,Europe,Southern Europe,Spain,OVD,ES,"Asturias, Principado de",Asturias Airport (Oviedo Airport),43.5636,-6.03462,Europe,Southern Europe,Spain,AGP,ES,Andalucia,Malaga Airport,36.6749,-4.49911
5228,LEAS,LIBD,1,Europe,Southern Europe,Spain,OVD,ES,"Asturias, Principado de",Asturias Airport (Oviedo Airport),43.5636,-6.03462,Europe,Southern Europe,Italy,BRI,IT,Puglia,Bari Karol Wojtyla Airport,41.1389,16.7606
5229,LEBB,EDDH,1,Europe,Southern Europe,Spain,BIO,ES,Pais Vasco,Bilbao Airport,43.3011,-2.91061,Europe,Central Europe,Germany,HAM,DE,Hamburg,Hamburg Airport,53.6304,9.98823
5230,LEBB,EDDL,1,Europe,Southern Europe,Spain,BIO,ES,Pais Vasco,Bilbao Airport,43.3011,-2.91061,Europe,Central Europe,Germany,DUS,DE,Nordrhein-Westfalen,Dusseldorf Airport,51.2895,6.76678
5231,LEBB,EDDM,2,Europe,Southern Europe,Spain,BIO,ES,Pais Vasco,Bilbao Airport,43.3011,-2.91061,Europe,Central Europe,Germany,MUC,DE,Bayern,Munich Airport,48.3538,11.7861
5232,LEBB,EPWA,1,Europe,Southern Europe,Spain,BIO,ES,Pais Vasco,Bilbao Airport,43.3011,-2.91061,Europe,Central Europe,Poland,WAW,PL,Mazowieckie,Warsaw Chopin Airport,52.1657,20.9671
5233,LEBB,GCLP,1,Europe,Southern Europe,Spain,BIO,ES,Pais Vasco,Bilbao Airport,43.3011,-2.91061,Europe,Southern Europe,Spain,LPA,ES,Canarias,Gran Canaria Airport,27.9319,-15.3866
5234,LEBB,GCRR,1,Europe,Southern Europe,Spain,BIO,ES,Pais Vasco,Bilbao Airport,43.3011,-2.91061,Europe,Southern Europe,Spain,ACE,ES,Canarias,Lanzarote Airport,28.9455,-13.6052
5241,LEBB,LEMG,1,Europe,Southern Europe,Spain,BIO,ES,Pais Vasco,Bilbao Airport,43.3011,-2.91061,Europe,Southern Europe,Spain,AGP,ES,Andalucia,Malaga Airport,36.6749,-4.49911
5242,LEBB,LEZL,1,Europe,Southern Europe,Spain,BIO,ES,Pais Vasco,Bilbao Airport,43.3011,-2.91061,Europe,Southern Europe,Spain,SVQ,ES,Andalucia,Seville Airport,37.418,-5.89311
5243,LEBB,LFMN,1,Europe,Southern Europe,Spain,BIO,ES,Pais Vasco,Bilbao Airport,43.3011,-2.91061,Europe,Western Europe,France,NCE,FR,Provence-Alpes-Cote-d'Azur,Nice Cote d'Azur Airport,43.6584,7.21587
5244,LEBB,LSZH,1,Europe,Southern Europe,Spain,BIO,ES,Pais Vasco,Bilbao Airport,43.3011,-2.91061,Europe,Central Europe,Switzerland,ZRH,CH,Zurich,Zurich Airport,47.4647,8.54917
5248,LEBL,EBBR,1,Europe,Southern Europe,Spain,BCN,ES,Catalunya,Barcelona El Prat Airport,41.2971,2.07846,Europe,Western Europe,Belgium,BRU,BE,Brussels Hoofdstedelijk Gewest,Brussels Airport (Zaventem Airport),50.9014,4.48444
5249,LEBL,EDDB,1,Europe,Southern Europe,Spain,BCN,ES,Catalunya,Barcelona El Prat Airport,41.2971,2.07846,Europe,Central Europe,Germany,BER,DE,Brandenburg,Berlin Brandenburg Airport,52.3514,13.4939
5250,LEBL,EDDK,2,Europe,Southern Europe,Spain,BCN,ES,Catalunya,Barcelona El Prat Airport,41.2971,2.07846,Europe,Central Europe,Germany,CGN,DE,Nordrhein-Westfalen,Cologne Bonn Airport,50.8659,7.14274
5251,LEBL,EDDL,2,Europe,Southern Europe,Spain,BCN,ES,Catalunya,Barcelona El Prat Airport,41.2971,2.07846,Europe,Central Europe,Germany,DUS,DE,Nordrhein-Westfalen,Dusseldorf Airport,51.2895,6.76678
5252,LEBL,EDDM,2,Europe,Southern Europe,Spain,BCN,ES,Catalunya,Barcelona El Prat Airport,41.2971,2.07846,Europe,Central Europe,Germany,MUC,DE,Bayern,Munich Airport,48.3538,11.7861
5253,LEBL,EDFH,1,Europe,Southern Europe,Spain,BCN,ES,Catalunya,Barcelona El Prat Airport,41.2971,2.07846,Europe,Central Europe,Germany,HHN,DE,Rheinland-Pfalz,Frankfurt-Hahn Airport,49.9487,7.26389
5254,LEBL,EDNY,1,Europe,Southern Europe,Spain,BCN,ES,Catalunya,Barcelona El Prat Airport,41.2971,2.07846,Europe,Central Europe,Germany,FDH,DE,Baden-Wurttemberg,Friedrichshafen Airport (Bodensee Airport),47.6713,9.51149
5255,LEBL,EGAE,1,Europe,Southern Europe,Spain,BCN,ES,Catalunya,Barcelona El Prat Airport,41.2971,2.07846,Europe,United Kingdom,Northern Ireland,LDY,GB,Northern Ireland,City of Derry Airport,55.0428,-7.16111
5256,LEBL,EGBB,4,Europe,Southern Europe,Spain,BCN,ES,Catalunya,Barcelona El Prat Airport,41.2971,2.07846,Europe,United Kingdom,England,BHX,GB,England,Birmingham Airport,52.4539,-1.74803
5257,LEBL,EGCC,2,Europe,Southern Europe,Spain,BCN,ES,Catalunya,Barcelona El Prat Airport,41.2971,2.07846,Europe,United Kingdom,England,MAN,GB,England,Manchester Airport,53.3537,-2.27495
5258,LEBL,EGLL,1,Europe,Southern Europe,Spain,BCN,ES,Catalunya,Barcelona El Prat Airport,41.2971,2.07846,Europe,United Kingdom,England,LHR,GB,England,Heathrow Airport,51.4775,-0.461389
5259,LEBL,EGPH,2,Europe,Southern Europe,Spain,BCN,ES,Catalunya,Barcelona El Prat Airport,41.2971,2.07846,Europe,United Kingdom,Scotland,EDI,GB,Scotland,Edinburgh Airport,55.95,-3.3725
5260,LEBL,EHAM,1,Europe,Southern Europe,Spain,BCN,ES,Catalunya,Barcelona El Prat Airport,41.2971,2.07846,Europe,Western Europe,Netherlands,AMS,NL,Noord-Holland,Amsterdam Airport Schiphol,52.3086,4.76389
5261,LEBL,EIKY,1,Europe,Southern Europe,Spain,BCN,ES,Catalunya,Barcelona El Prat Airport,41.2971,2.07846,Europe,Western Europe,Ireland,KIR,IE,Kerry,Kerry Airport (Farranfore Airport),52.1809,-9.52378
5262,LEBL,EKCH,1,Europe,Southern Europe,Spain,BCN,ES,Catalunya,Barcelona El Prat Airport,41.2971,2.07846,Europe,Nordic Region,Denmark,CPH,DK,Hovedstaden,Copenhagen Airport,55.6179,12.656
5263,LEBL,EVRA,2,Europe,Southern Europe,Spain,BCN,ES,Catalunya,Barcelona El Prat Airport,41.2971,2.07846,Europe,Nordic Region,Latvia,RIX,LV,Riga,Riga International Airport,56.9236,23.9711
5264,LEBL,GCLP,1,Europe,Southern Europe,Spain,BCN,ES,Catalunya,Barcelona El Prat Airport,41.2971,2.07846,Europe,Southern Europe,Spain,LPA,ES,Canarias,Gran Canaria Airport,27.9319,-15.3866
5291,LEBL,LEAM,1,Europe,Southern Europe,Spain,BCN,ES,Catalunya,Barcelona El Prat Airport,41.2971,2.07846,Europe,Southern Europe,Spain,LEI,ES,Andalucia,Almeria Airport,36.8439,-2.3701
5292,LEBL,LEBL,2,Europe,Southern Europe,Spain,BCN,ES,Catalunya,Barcelona El Prat Airport,41.2971,2.07846,Europe,Southern Europe,Spain,BCN,ES,Catalunya,Barcelona El Prat Airport,41.2971,2.07846
5293,LEBL,LECO,1,Europe,Southern Europe,Spain,BCN,ES,Catalunya,Barcelona El Prat Airport,41.2971,2.07846,Europe,Southern Europe,Spain,LCG,ES,Galicia,A Coruna Airport,43.3021,-8.37726
5294,LEBL,LEGE,1,Europe,Southern Europe,Spain,BCN,ES,Catalunya,Barcelona El Prat Airport,41.2971,2.07846,Europe,Southern Europe,Spain,GRO,ES,Catalunya,Girona-Costa Brava Airport,41.901,2.76055
5295,LEBL,LEIB,1,Europe,Southern Europe,Spain,BCN,ES,Catalunya,Barcelona El Prat Airport,41.2971,2.07846,Europe,Southern Europe,Spain,IBZ,ES,Illes Balears,Ibiza Airport,38.8729,1.37312
5296,LEBL,LEJR,1,Europe,Southern Europe,Spain,BCN,ES,Catalunya,Barcelona El Prat Airport,41.2971,2.07846,Europe,Southern Europe,Spain,XRY,ES,Andalucia,Jerez Airport (La Parra Airport),36.7446,-6.06011
5297,LEBL,LEMD,1,Europe,Southern Europe,Spain,BCN,ES,Catalunya,Barcelona El Prat Airport,41.2971,2.07846,Europe,Southern Europe,Spain,MAD,ES,"Madrid, Comunidad de",Adolfo Suarez Madrid-Barajas Airport,40.4719,-3.56264
5298,LEBL,LEPA,1,Europe,Southern Europe,Spain,BCN,ES,Catalunya,Barcelona El Prat Airport,41.2971,2.07846,Europe,Southern Europe,Spain,PMI,ES,Illes Balears,Palma de Mallorca Airport,39.5517,2.73881
5299,LEBL,LEVX,1,Europe,Southern Europe,Spain,BCN,ES,Catalunya,Barcelona El Prat Airport,41.2971,2.07846,Europe,Southern Europe,Spain,VGO,ES,Galicia,Vigo-Peinador Airport,42.2318,-8.62677
5300,LEBL,LFMN,1,Europe,Southern Europe,Spain,BCN,ES,Catalunya,Barcelona El Prat Airport,41.2971,2.07846,Europe,Western Europe,France,NCE,FR,Provence-Alpes-Cote-d'Azur,Nice Cote d'Azur Airport,43.6584,7.21587
5301,LEBL,LFOT,1,Europe,Southern Europe,Spain,BCN,ES,Catalunya,Barcelona El Prat Airport,41.2971,2.07846,Europe,Western Europe,France,TUF,FR,Centre-Val de Loire,Tours Val de Loire Airport,47.4322,0.727606
5302,LEBL,LFPG,2,Europe,Southern Europe,Spain,BCN,ES,Catalunya,Barcelona El Prat Airport,41.2971,2.07846,Europe,Western Europe,France,CDG,FR,Ile-de-France,Paris Charles de Gaulle Airport,49.0097,2.54778
5303,LEBL,LFQQ,1,Europe,Southern Europe,Spain,BCN,ES,Catalunya,Barcelona El Prat Airport,41.2971,2.07846,Europe,Western Europe,France,LIL,FR,Hauts-de-France,Lille Airport (Lille-Lesquin Airport),50.5633,3.08689
5304,LEBL,LFST,2,Europe,Southern Europe,Spain,BCN,ES,Catalunya,Barcelona El Prat Airport,41.2971,2.07846,Europe,Western Europe,France,SXB,FR,Grand-Est,Strasbourg Airport,48.5383,7.62823
5305,LEBL,LHBP,1,Europe,Southern Europe,Spain,BCN,ES,Catalunya,Barcelona El Prat Airport,41.2971,2.07846,Europe,Central Europe,Hungary,BUD,HU,Budapest,Budapest Ferenc Liszt International Airport,47.4298,19.2611
5306,LEBL,LHDC,1,Europe,Southern Europe,Spain,BCN,ES,Catalunya,Barcelona El Prat Airport,41.2971,2.07846,Europe,Central Europe,Hungary,DEB,HU,Hajdu-Bihar,Debrecen International Airport,47.4889,21.6153
5307,LEBL,LICJ,1,Europe,Southern Europe,Spain,BCN,ES,Catalunya,Barcelona El Prat Airport,41.2971,2.07846,Europe,Southern Europe,Italy,PMO,IT,Sicilia,Falcone-Borsellino Airport (Punta Raisi Airport),38.176,13.091
5308,LEBL,LIEO,2,Europe,Southern Europe,Spain,BCN,ES,Catalunya,Barcelona El Prat Airport,41.2971,2.07846,Europe,Southern Europe,Italy,OLB,IT,Sardegna,Olbia Costa Smeralda Airport,40.8987,9.51763
5309,LEBL,LIMC,1,Europe,Southern Europe,Spain,BCN,ES,Catalunya,Barcelona El Prat Airport,41.2971,2.07846,Europe,Southern Europe,Italy,MXP,IT,Lombardia,Milan-Malpensa Airport,45.6306,8.72811
5310,LEBL,LIML,1,Europe,Southern Europe,Spain,BCN,ES,Catalunya,Barcelona El Prat Airport,41.2971,2.07846,Europe,Southern Europe,Italy,LIN,IT,Lombardia,Milan-Linate Airport,45.4494,9.2783
5311,LEBL,LIRA,1,Europe,Southern Europe,Spain,BCN,ES,Catalunya,Barcelona El Prat Airport,41.2971,2.07846,Europe,Southern Europe,Italy,CIA,IT,Lazio,Rome-Ciampino International Airport,41.7991,12.5929
5312,LEBL,LIRZ,1,Europe,Southern Europe,Spain,BCN,ES,Catalunya,Barcelona El Prat Airport,41.2971,2.07846,Europe,Southern Europe,Italy,PEG,IT,Umbria,Perugia San Francesco d'Assisi - Umbria International Airport,43.0959,12.5132
5314,LEBL,LMML,1,Europe,Southern Europe,Spain,BCN,ES,Catalunya,Barcelona El Prat Airport,41.2971,2.07846,Europe,Southern Europe,Malta,MLA,MT,Luqa,Malta International Airport (Luqa Airport),35.8575,14.4775
5315,LEBL,LOWS,1,Europe,Southern Europe,Spain,BCN,ES,Catalunya,Barcelona El Prat Airport,41.2971,2.07846,Europe,Central Europe,Austria,SZG,AT,Salzburg,Salzburg Airport,47.7933,13.0043
5316,LEBL,LOWW,3,Europe,Southern Europe,Spain,BCN,ES,Catalunya,Barcelona El Prat Airport,41.2971,2.07846,Europe,Central Europe,Austria,VIE,AT,Niederosterreich,Vienna International Airport,48.1103,16.5697
5317,LEBL,LSZH,1,Europe,Southern Europe,Spain,BCN,ES,Catalunya,Barcelona El Prat Airport,41.2971,2.07846,Europe,Central Europe,Switzerland,ZRH,CH,Zurich,Zurich Airport,47.4647,8.54917
5318,LEBL,LUKK,1,Europe,Southern Europe,Spain,BCN,ES,Catalunya,Barcelona El Prat Airport,41.2971,2.07846,Europe,Eastern Europe,Moldova,RMO,MD,Chisinau,Chisinau International Airport,46.9277,28.931
5319,LEBL,LYTV,1,Europe,Southern Europe,Spain,BCN,ES,Catalunya,Barcelona El Prat Airport,41.2971,2.07846,Europe,Eastern Europe,Montenegro,TIV,ME,Tivat,Tivat Airport,42.4047,18.7233
5320,LEBL,LZIB,1,Europe,Southern Europe,Spain,BCN,ES,Catalunya,Barcelona El Prat Airport,41.2971,2.07846,Europe,Central Europe,Slovakia,BTS,SK,Bratislavsky kraj,M. R. Stefanik Airport,48.1702,17.2127
5333,LECH,EBCI,1,Europe,Southern Europe,Spain,CDT,ES,"Valenciana, Comunidad",Castellon-Costa Azahar Airport,40.2139,0.073333,Europe,Western Europe,Belgium,CRL,BE,Hainaut,Brussels South Charleroi Airport,50.4592,4.45382
5334,LECH,EDDB,1,Europe,Southern Europe,Spain,CDT,ES,"Valenciana, Comunidad",Castellon-Costa Azahar Airport,40.2139,0.073333,Europe,Central Europe,Germany,BER,DE,Brandenburg,Berlin Brandenburg Airport,52.3514,13.4939
5335,LECH,EPKK,1,Europe,Southern Europe,Spain,CDT,ES,"Valenciana, Comunidad",Castellon-Costa Azahar Airport,40.2139,0.073333,Europe,Central Europe,Poland,KRK,PL,Malopolskie,John Paul II International Airport Krakow-Balice,50.0777,19.7848
5336,LECH,LEDA,1,Europe,Southern Europe,Spain,CDT,ES,"Valenciana, Comunidad",Castellon-Costa Azahar Airport,40.2139,0.073333,Europe,Southern Europe,Spain,ILD,ES,Catalunya,Lleida-Alguaire Airport,41.7282,0.535023
5337,LECH,LRCL,1,Europe,Southern Europe,Spain,CDT,ES,"Valenciana, Comunidad",Castellon-Costa Azahar Airport,40.2139,0.073333,Europe,Eastern Europe,Romania,CLJ,RO,Cluj,Cluj-Napoca International Airport,46.7852,23.6862
5338,LECH,LROP,1,Europe,Southern Europe,Spain,CDT,ES,"Valenciana, Comunidad",Castellon-Costa Azahar Airport,40.2139,0.073333,Europe,Eastern Europe,Romania,OTP,RO,Ilfov,Bucharest Henri Coandă International Airport,44.5711,26.085
5341,LECO,LEBL,1,Europe,Southern Europe,Spain,LCG,ES,Galicia,A Coruna Airport,43.3021,-8.37726,Europe,Southern Europe,Spain,BCN,ES,Catalunya,Barcelona El Prat Airport,41.2971,2.07846
5342,LECO,LEMD,1,Europe,Southern Europe,Spain,LCG,ES,Galicia,A Coruna Airport,43.3021,-8.37726,Europe,Southern Europe,Spain,MAD,ES,"Madrid, Comunidad de",Adolfo Suarez Madrid-Barajas Airport,40.4719,-3.56264
5343,LECO,LPPR,1,Europe,Southern Europe,Spain,LCG,ES,Galicia,A Coruna Airport,43.3021,-8.37726,Europe,Southern Europe,Portugal,OPO,PT,Porto,Francisco Sá Carneiro Airport,41.2356,-8.67806
5346,LEDA,LECH,1,Europe,Southern Europe,Spain,ILD,ES,Catalunya,Lleida-Alguaire Airport,41.7282,0.535023,Europe,Southern Europe,Spain,CDT,ES,"Valenciana, Comunidad",Castellon-Costa Azahar Airport,40.2139,0.073333
5347,LEDA,LEDA,1,Europe,Southern Europe,Spain,ILD,ES,Catalunya,Lleida-Alguaire Airport,41.7282,0.535023,Europe,Southern Europe,Spain,ILD,ES,Catalunya,Lleida-Alguaire Airport,41.7282,0.535023
5348,LEDA,LEPA,1,Europe,Southern Europe,Spain,ILD,ES,Catalunya,Lleida-Alguaire Airport,41.7282,0.535023,Europe,Southern Europe,Spain,PMI,ES,Illes Balears,Palma de Mallorca Airport,39.5517,2.73881
5349,LEDA,LEPP,1,Europe,Southern Europe,Spain,ILD,ES,Catalunya,Lleida-Alguaire Airport,41.7282,0.535023,Europe,Southern Europe,Spain,PNA,ES,"Navarra, Comunidad Foral de",Pamplona Airport,42.77,-1.64633
5350,LEDA,LEVT,1,Europe,Southern Europe,Spain,ILD,ES,Catalunya,Lleida-Alguaire Airport,41.7282,0.535023,Europe,Southern Europe,Spain,VIT,ES,Pais Vasco,Vitoria Airport,42.8828,-2.72447
5351,LEDA,LFMP,1,Europe,Southern Europe,Spain,ILD,ES,Catalunya,Lleida-Alguaire Airport,41.7282,0.535023,Europe,Western Europe,France,PGF,FR,Occitanie,Perpignan-Rivesaltes Airport,42.7404,2.87067
5352,LEGE,EBBR,1,Europe,Southern Europe,Spain,GRO,ES,Catalunya,Girona-Costa Brava Airport,41.901,2.76055,Europe,Western Europe,Belgium,BRU,BE,Brussels Hoofdstedelijk Gewest,Brussels Airport (Zaventem Airport),50.9014,4.48444
5353,LEGE,EDFH,1,Europe,Southern Europe,Spain,GRO,ES,Catalunya,Girona-Costa Brava Airport,41.901,2.76055,Europe,Central Europe,Germany,HHN,DE,Rheinland-Pfalz,Frankfurt-Hahn Airport,49.9487,7.26389
5354,LEGE,EDLV,2,Europe,Southern Europe,Spain,GRO,ES,Catalunya,Girona-Costa Brava Airport,41.901,2.76055,Europe,Central Europe,Germany,NRN,DE,Nordrhein-Westfalen,Weeze Airport (Niederrhein Airport),51.6024,6.14217
5355,LEGE,EDSB,2,Europe,Southern Europe,Spain,GRO,ES,Catalunya,Girona-Costa Brava Airport,41.901,2.76055,Europe,Central Europe,Germany,FKB,DE,Baden-Wurttemberg,Karlsruhe/Baden-Baden Airport,48.7794,8.0805
5356,LEGE,EGBB,3,Europe,Southern Europe,Spain,GRO,ES,Catalunya,Girona-Costa Brava Airport,41.901,2.76055,Europe,United Kingdom,England,BHX,GB,England,Birmingham Airport,52.4539,-1.74803
5357,LEGE,EGHH,1,Europe,Southern Europe,Spain,GRO,ES,Catalunya,Girona-Costa Brava Airport,41.901,2.76055,Europe,United Kingdom,England,BOH,GB,England,Bournemouth Airport,50.78,-1.8425
5358,LEGE,ENGM,1,Europe,Southern Europe,Spain,GRO,ES,Catalunya,Girona-Costa Brava Airport,41.901,2.76055,Europe,Nordic Region,Norway,OSL,NO,Akershus,Oslo Airport,60.1939,11.1004
5359,LEGE,EPWA,1,Europe,Southern Europe,Spain,GRO,ES,Catalunya,Girona-Costa Brava Airport,41.901,2.76055,Europe,Central Europe,Poland,WAW,PL,Mazowieckie,Warsaw Chopin Airport,52.1657,20.9671
5364,LEGE,LQSA,1,Europe,Southern Europe,Spain,GRO,ES,Catalunya,Girona-Costa Brava Airport,41.901,2.76055,Europe,Eastern Europe,Bosnia and Herzegovina,SJJ,BA,Federacija Bosne i Hercegovine,Sarajevo International Airport,43.8246,18.3315
5365,LEGE,LSGG,1,Europe,Southern Europe,Spain,GRO,ES,Catalunya,Girona-Costa Brava Airport,41.901,2.76055,Europe,Central Europe,Switzerland,GVA,CH,Geneve,Geneva Airport,46.2381,6.10895
5370,LEGR,EGSS,1,Europe,Southern Europe,Spain,GRX,ES,Andalucia,Federico Garcia Lorca Airport (Granada Jaen Airport),37.1887,-3.77736,Europe,United Kingdom,England,STN,GB,England,London Stansted Airport,51.885,0.235
5371,LEGR,EHAM,1,Europe,Southern Europe,Spain,GRX,ES,Andalucia,Federico Garcia Lorca Airport (Granada Jaen Airport),37.1887,-3.77736,Europe,Western Europe,Netherlands,AMS,NL,Noord-Holland,Amsterdam Airport Schiphol,52.3086,4.76389
5374,LEHC,LSZH,1,Europe,Southern Europe,Spain,HSK,ES,Aragon,Huesca-Pirineos Airport,42.0761,-0.316667,Europe,Central Europe,Switzerland,ZRH,CH,Zurich,Zurich Airport,47.4647,8.54917
5375,LEIB,BIKF,1,Europe,Southern Europe,Spain,IBZ,ES,Illes Balears,Ibiza Airport,38.8729,1.37312,Europe,Nordic Region,Iceland,KEF,IS,Sudurnes,Keflavík International Airport,63.985,-22.6056
5378,LEIB,EBAW,1,Europe,Southern Europe,Spain,IBZ,ES,Illes Balears,Ibiza Airport,38.8729,1.37312,Europe,Western Europe,Belgium,ANR,BE,Antwerpen,Antwerp International Airport,51.1894,4.46028
5379,LEIB,EBBR,2,Europe,Southern Europe,Spain,IBZ,ES,Illes Balears,Ibiza Airport,38.8729,1.37312,Europe,Western Europe,Belgium,BRU,BE,Brussels Hoofdstedelijk Gewest,Brussels Airport (Zaventem Airport),50.9014,4.48444
5380,LEIB,EDDK,1,Europe,Southern Europe,Spain,IBZ,ES,Illes Balears,Ibiza Airport,38.8729,1.37312,Europe,Central Europe,Germany,CGN,DE,Nordrhein-Westfalen,Cologne Bonn Airport,50.8659,7.14274
5381,LEIB,EDDL,1,Europe,Southern Europe,Spain,IBZ,ES,Illes Balears,Ibiza Airport,38.8729,1.37312,Europe,Central Europe,Germany,DUS,DE,Nordrhein-Westfalen,Dusseldorf Airport,51.2895,6.76678
5382,LEIB,EDDM,2,Europe,Southern Europe,Spain,IBZ,ES,Illes Balears,Ibiza Airport,38.8729,1.37312,Europe,Central Europe,Germany,MUC,DE,Bayern,Munich Airport,48.3538,11.7861
5383,LEIB,EGBB,1,Europe,Southern Europe,Spain,IBZ,ES,Illes Balears,Ibiza Airport,38.8729,1.37312,Europe,United Kingdom,England,BHX,GB,England,Birmingham Airport,52.4539,-1.74803
5384,LEIB,EGCC,1,Europe,Southern Europe,Spain,IBZ,ES,Illes Balears,Ibiza Airport,38.8729,1.37312,Europe,United Kingdom,England,MAN,GB,England,Manchester Airport,53.3537,-2.27495
5385,LEIB,EGFF,1,Europe,Southern Europe,Spain,IBZ,ES,Illes Balears,Ibiza Airport,38.8729,1.37312,Europe,United Kingdom,Wales,CWL,GB,Wales,Cardiff Airport,51.3967,-3.34333
5386,LEIB,EGGW,1,Europe,Southern Europe,Spain,IBZ,ES,Illes Balears,Ibiza Airport,38.8729,1.37312,Europe,United Kingdom,England,LTN,GB,England,London Luton Airport,51.8747,-0.368333
5387,LEIB,EGHH,1,Europe,Southern Europe,Spain,IBZ,ES,Illes Balears,Ibiza Airport,38.8729,1.37312,Europe,United Kingdom,England,BOH,GB,England,Bournemouth Airport,50.78,-1.8425
5388,LEIB,EGNM,1,Europe,Southern Europe,Spain,IBZ,ES,Illes Balears,Ibiza Airport,38.8729,1.37312,Europe,United Kingdom,England,LBA,GB,England,Leeds Bradford Airport,53.8659,-1.66057
5389,LEIB,EGNT,1,Europe,Southern Europe,Spain,IBZ,ES,Illes Balears,Ibiza Airport,38.8729,1.37312,Europe,United Kingdom,England,NCL,GB,England,Newcastle Airport,55.0375,-1.69167
5390,LEIB,EGPK,1,Europe,Southern Europe,Spain,IBZ,ES,Illes Balears,Ibiza Airport,38.8729,1.37312,Europe,United Kingdom,Scotland,PIK,GB,Scotland,Glasgow Prestwick Airport,55.5094,-4.58667
5391,LEIB,EGSS,3,Europe,Southern Europe,Spain,IBZ,ES,Illes Balears,Ibiza Airport,38.8729,1.37312,Europe,United Kingdom,England,STN,GB,England,London Stansted Airport,51.885,0.235
5392,LEIB,EHAM,1,Europe,Southern Europe,Spain,IBZ,ES,Illes Balears,Ibiza Airport,38.8729,1.37312,Europe,Western Europe,Netherlands,AMS,NL,Noord-Holland,Amsterdam Airport Schiphol,52.3086,4.76389
5393,LEIB,EHRD,1,Europe,Southern Europe,Spain,IBZ,ES,Illes Balears,Ibiza Airport,38.8729,1.37312,Europe,Western Europe,Netherlands,RTM,NL,Zuid-Holland,Rotterdam The Hague Airport,51.9569,4.43722
5394,LEIB,EPWA,1,Europe,Southern Europe,Spain,IBZ,ES,Illes Balears,Ibiza Airport,38.8729,1.37312,Europe,Central Europe,Poland,WAW,PL,Mazowieckie,Warsaw Chopin Airport,52.1657,20.9671
5407,LEIB,LEAL,1,Europe,Southern Europe,Spain,IBZ,ES,Illes Balears,Ibiza Airport,38.8729,1.37312,Europe,Southern Europe,Spain,ALC,ES,"Valenciana, Comunidad",Alicante-Elche Airport,38.2822,-0.558156
5408,LEIB,LEMD,4,Europe,Southern Europe,Spain,IBZ,ES,Illes Balears,Ibiza Airport,38.8729,1.37312,Europe,Southern Europe,Spain,MAD,ES,"Madrid, Comunidad de",Adolfo Suarez Madrid-Barajas Airport,40.4719,-3.56264
5409,LEIB,LEPA,2,Europe,Southern Europe,Spain,IBZ,ES,Illes Balears,Ibiza Airport,38.8729,1.37312,Europe,Southern Europe,Spain,PMI,ES,Illes Balears,Palma de Mallorca Airport,39.5517,2.73881
5410,LEIB,LEVC,1,Europe,Southern Europe,Spain,IBZ,ES,Illes Balears,Ibiza Airport,38.8729,1.37312,Europe,Southern Europe,Spain,VLC,ES,"Valenciana, Comunidad",Valencia Airport,39.4893,-0.481625
5411,LEIB,LFBO,1,Europe,Southern Europe,Spain,IBZ,ES,Illes Balears,Ibiza Airport,38.8729,1.37312,Europe,Western Europe,France,TLS,FR,Occitanie,Toulouse-Blagnac Airport,43.6291,1.36382
5412,LEIB,LFMN,2,Europe,Southern Europe,Spain,IBZ,ES,Illes Balears,Ibiza Airport,38.8729,1.37312,Europe,Western Europe,France,NCE,FR,Provence-Alpes-Cote-d'Azur,Nice Cote d'Azur Airport,43.6584,7.21587
5413,LEIB,LIMC,1,Europe,Southern Europe,Spain,IBZ,ES,Illes Balears,Ibiza Airport,38.8729,1.37312,Europe,Southern Europe,Italy,MXP,IT,Lombardia,Milan-Malpensa Airport,45.6306,8.72811
5414,LEIB,LIRA,1,Europe,Southern Europe,Spain,IBZ,ES,Illes Balears,Ibiza Airport,38.8729,1.37312,Europe,Southern Europe,Italy,CIA,IT,Lazio,Rome-Ciampino International Airport,41.7991,12.5929
5415,LEIB,LOWW,3,Europe,Southern Europe,Spain,IBZ,ES,Illes Balears,Ibiza Airport,38.8729,1.37312,Europe,Central Europe,Austria,VIE,AT,Niederosterreich,Vienna International Airport,48.1103,16.5697
5418,LEIB,LSZB,1,Europe,Southern Europe,Spain,IBZ,ES,Illes Balears,Ibiza Airport,38.8729,1.37312,Europe,Central Europe,Switzerland,BRN,CH,Bern,Bern Airport,46.9141,7.49715
5419,LEIB,LSZH,1,Europe,Southern Europe,Spain,IBZ,ES,Illes Balears,Ibiza Airport,38.8729,1.37312,Europe,Central Europe,Switzerland,ZRH,CH,Zurich,Zurich Airport,47.4647,8.54917
5423,LEJR,EBBR,1,Europe,Southern Europe,Spain,XRY,ES,Andalucia,Jerez Airport (La Parra Airport),36.7446,-6.06011,Europe,Western Europe,Belgium,BRU,BE,Brussels Hoofdstedelijk Gewest,Brussels Airport (Zaventem Airport),50.9014,4.48444
5424,LEJR,EDDF,3,Europe,Southern Europe,Spain,XRY,ES,Andalucia,Jerez Airport (La Parra Airport),36.7446,-6.06011,Europe,Central Europe,Germany,FRA,DE,Hessen,Frankfurt Airport,50.0333,8.57056
5425,LEJR,EDDH,2,Europe,Southern Europe,Spain,XRY,ES,Andalucia,Jerez Airport (La Parra Airport),36.7446,-6.06011,Europe,Central Europe,Germany,HAM,DE,Hamburg,Hamburg Airport,53.6304,9.98823
5426,LEJR,EDDL,2,Europe,Southern Europe,Spain,XRY,ES,Andalucia,Jerez Airport (La Parra Airport),36.7446,-6.06011,Europe,Central Europe,Germany,DUS,DE,Nordrhein-Westfalen,Dusseldorf Airport,51.2895,6.76678
5427,LEJR,EDDM,1,Europe,Southern Europe,Spain,XRY,ES,Andalucia,Jerez Airport (La Parra Airport),36.7446,-6.06011,Europe,Central Europe,Germany,MUC,DE,Bayern,Munich Airport,48.3538,11.7861
5428,LEJR,EDDP,2,Europe,Southern Europe,Spain,XRY,ES,Andalucia,Jerez Airport (La Parra Airport),36.7446,-6.06011,Europe,Central Europe,Germany,LEJ,DE,Sachsen,Leipzig/Halle Airport,51.4239,12.2364
5429,LEJR,EDDV,1,Europe,Southern Europe,Spain,XRY,ES,Andalucia,Jerez Airport (La Parra Airport),36.7446,-6.06011,Europe,Central Europe,Germany,HAJ,DE,Niedersachsen,Hannover Airport,52.4611,9.68508
5430,LEJR,EGNM,2,Europe,Southern Europe,Spain,XRY,ES,Andalucia,Jerez Airport (La Parra Airport),36.7446,-6.06011,Europe,United Kingdom,England,LBA,GB,England,Leeds Bradford Airport,53.8659,-1.66057
5431,LEJR,EHAM,1,Europe,Southern Europe,Spain,XRY,ES,Andalucia,Jerez Airport (La Parra Airport),36.7446,-6.06011,Europe,Western Europe,Netherlands,AMS,NL,Noord-Holland,Amsterdam Airport Schiphol,52.3086,4.76389
5432,LEJR,EPWA,1,Europe,Southern Europe,Spain,XRY,ES,Andalucia,Jerez Airport (La Parra Airport),36.7446,-6.06011,Europe,Central Europe,Poland,WAW,PL,Mazowieckie,Warsaw Chopin Airport,52.1657,20.9671
5434,LEJR,LEBL,1,Europe,Southern Europe,Spain,XRY,ES,Andalucia,Jerez Airport (La Parra Airport),36.7446,-6.06011,Europe,Southern Europe,Spain,BCN,ES,Catalunya,Barcelona El Prat Airport,41.2971,2.07846
5435,LEJR,LEGR,1,Europe,Southern Europe,Spain,XRY,ES,Andalucia,Jerez Airport (La Parra Airport),36.7446,-6.06011,Europe,Southern Europe,Spain,GRX,ES,Andalucia,Federico Garcia Lorca Airport (Granada Jaen Airport),37.1887,-3.77736
5436,LEJR,LEJR,2,Europe,Southern Europe,Spain,XRY,ES,Andalucia,Jerez Airport (La Parra Airport),36.7446,-6.06011,Europe,Southern Europe,Spain,XRY,ES,Andalucia,Jerez Airport (La Parra Airport),36.7446,-6.06011
5437,LEMD,BKPR,1,Europe,Southern Europe,Spain,MAD,ES,"Madrid, Comunidad de",Adolfo Suarez Madrid-Barajas Airport,40.4719,-3.56264,Europe,Eastern Europe,Kosovo,PRN,XK,Pristina,Pristina Adem Jashari Airport,42.5745,21.0294
5441,LEMD,EBBR,3,Europe,Southern Europe,Spain,MAD,ES,"Madrid, Comunidad de",Adolfo Suarez Madrid-Barajas Airport,40.4719,-3.56264,Europe,Western Europe,Belgium,BRU,BE,Brussels Hoofdstedelijk Gewest,Brussels Airport (Zaventem Airport),50.9014,4.48444
5442,LEMD,EDDB,2,Europe,Southern Europe,Spain,MAD,ES,"Madrid, Comunidad de",Adolfo Suarez Madrid-Barajas Airport,40.4719,-3.56264,Europe,Central Europe,Germany,BER,DE,Brandenburg,Berlin Brandenburg Airport,52.3514,13.4939
5443,LEMD,EDDF,3,Europe,Southern Europe,Spain,MAD,ES,"Madrid, Comunidad de",Adolfo Suarez Madrid-Barajas Airport,40.4719,-3.56264,Europe,Central Europe,Germany,FRA,DE,Hessen,Frankfurt Airport,50.0333,8.57056
5444,LEMD,EDDH,1,Europe,Southern Europe,Spain,MAD,ES,"Madrid, Comunidad de",Adolfo Suarez Madrid-Barajas Airport,40.4719,-3.56264,Europe,Central Europe,Germany,HAM,DE,Hamburg,Hamburg Airport,53.6304,9.98823
5445,LEMD,EDDL,1,Europe,Southern Europe,Spain,MAD,ES,"Madrid, Comunidad de",Adolfo Suarez Madrid-Barajas Airport,40.4719,-3.56264,Europe,Central Europe,Germany,DUS,DE,Nordrhein-Westfalen,Dusseldorf Airport,51.2895,6.76678
5446,LEMD,EDDM,3,Europe,Southern Europe,Spain,MAD,ES,"Madrid, Comunidad de",Adolfo Suarez Madrid-Barajas Airport,40.4719,-3.56264,Europe,Central Europe,Germany,MUC,DE,Bayern,Munich Airport,48.3538,11.7861
5447,LEMD,EDDV,1,Europe,Southern Europe,Spain,MAD,ES,"Madrid, Comunidad de",Adolfo Suarez Madrid-Barajas Airport,40.4719,-3.56264,Europe,Central Europe,Germany,HAJ,DE,Niedersachsen,Hannover Airport,52.4611,9.68508
5448,LEMD,EGCC,1,Europe,Southern Europe,Spain,MAD,ES,"Madrid, Comunidad de",Adolfo Suarez Madrid-Barajas Airport,40.4719,-3.56264,Europe,United Kingdom,England,MAN,GB,England,Manchester Airport,53.3537,-2.27495
5449,LEMD,EGLL,5,Europe,Southern Europe,Spain,MAD,ES,"Madrid, Comunidad de",Adolfo Suarez Madrid-Barajas Airport,40.4719,-3.56264,Europe,United Kingdom,England,LHR,GB,England,Heathrow Airport,51.4775,-0.461389
5450,LEMD,EGPH,2,Europe,Southern Europe,Spain,MAD,ES,"Madrid, Comunidad de",Adolfo Suarez Madrid-Barajas Airport,40.4719,-3.56264,Europe,United Kingdom,Scotland,EDI,GB,Scotland,Edinburgh Airport,55.95,-3.3725
5451,LEMD,EGSS,1,Europe,Southern Europe,Spain,MAD,ES,"Madrid, Comunidad de",Adolfo Suarez Madrid-Barajas Airport,40.4719,-3.56264,Europe,United Kingdom,England,STN,GB,England,London Stansted Airport,51.885,0.235
5452,LEMD,EHAM,5,Europe,Southern Europe,Spain,MAD,ES,"Madrid, Comunidad de",Adolfo Suarez Madrid-Barajas Airport,40.4719,-3.56264,Europe,Western Europe,Netherlands,AMS,NL,Noord-Holland,Amsterdam Airport Schiphol,52.3086,4.76389
5453,LEMD,ELLX,1,Europe,Southern Europe,Spain,MAD,ES,"Madrid, Comunidad de",Adolfo Suarez Madrid-Barajas Airport,40.4719,-3.56264,Europe,Western Europe,Luxembourg,LUX,LU,Luxembourg,Luxembourg Findel Airport,49.6233,6.20444
5454,LEMD,GCLP,1,Europe,Southern Europe,Spain,MAD,ES,"Madrid, Comunidad de",Adolfo Suarez Madrid-Barajas Airport,40.4719,-3.56264,Europe,Southern Europe,Spain,LPA,ES,Canarias,Gran Canaria Airport,27.9319,-15.3866
5455,LEMD,GCTS,1,Europe,Southern Europe,Spain,MAD,ES,"Madrid, Comunidad de",Adolfo Suarez Madrid-Barajas Airport,40.4719,-3.56264,Europe,Southern Europe,Spain,TFS,ES,Canarias,Tenerife South Airport,28.046,-16.5728
5456,LEMD,GCXO,1,Europe,Southern Europe,Spain,MAD,ES,"Madrid, Comunidad de",Adolfo Suarez Madrid-Barajas Airport,40.4719,-3.56264,Europe,Southern Europe,Spain,TFN,ES,Canarias,Tenerife North Airport,28.4847,-16.3439
5482,LEMD,LEAS,1,Europe,Southern Europe,Spain,MAD,ES,"Madrid, Comunidad de",Adolfo Suarez Madrid-Barajas Airport,40.4719,-3.56264,Europe,Southern Europe,Spain,OVD,ES,"Asturias, Principado de",Asturias Airport (Oviedo Airport),43.5636,-6.03462
5483,LEMD,LEBL,1,Europe,Southern Europe,Spain,MAD,ES,"Madrid, Comunidad de",Adolfo Suarez Madrid-Barajas Airport,40.4719,-3.56264,Europe,Southern Europe,Spain,BCN,ES,Catalunya,Barcelona El Prat Airport,41.2971,2.07846
5484,LEMD,LECO,3,Europe,Southern Europe,Spain,MAD,ES,"Madrid, Comunidad de",Adolfo Suarez Madrid-Barajas Airport,40.4719,-3.56264,Europe,Southern Europe,Spain,LCG,ES,Galicia,A Coruna Airport,43.3021,-8.37726
5485,LEMD,LEDA,1,Europe,Southern Europe,Spain,MAD,ES,"Madrid, Comunidad de",Adolfo Suarez Madrid-Barajas Airport,40.4719,-3.56264,Europe,Southern Europe,Spain,ILD,ES,Catalunya,Lleida-Alguaire Airport,41.7282,0.535023
5486,LEMD,LEJR,1,Europe,Southern Europe,Spain,MAD,ES,"Madrid, Comunidad de",Adolfo Suarez Madrid-Barajas Airport,40.4719,-3.56264,Europe,Southern Europe,Spain,XRY,ES,Andalucia,Jerez Airport (La Parra Airport),36.7446,-6.06011
5487,LEMD,LEMD,2,Europe,Southern Europe,Spain,MAD,ES,"Madrid, Comunidad de",Adolfo Suarez Madrid-Barajas Airport,40.4719,-3.56264,Europe,Southern Europe,Spain,MAD,ES,"Madrid, Comunidad de",Adolfo Suarez Madrid-Barajas Airport,40.4719,-3.56264
5488,LEMD,LEMI,1,Europe,Southern Europe,Spain,MAD,ES,"Madrid, Comunidad de",Adolfo Suarez Madrid-Barajas Airport,40.4719,-3.56264,Europe,Southern Europe,Spain,RMU,ES,"Murcia, Region de",Region de Murcia International Airport,37.803,-1.125
5489,LEMD,LEPA,1,Europe,Southern Europe,Spain,MAD,ES,"Madrid, Comunidad de",Adolfo Suarez Madrid-Barajas Airport,40.4719,-3.56264,Europe,Southern Europe,Spain,PMI,ES,Illes Balears,Palma de Mallorca Airport,39.5517,2.73881
5490,LEMD,LEVD,1,Europe,Southern Europe,Spain,MAD,ES,"Madrid, Comunidad de",Adolfo Suarez Madrid-Barajas Airport,40.4719,-3.56264,Europe,Southern Europe,Spain,VLL,ES,Castilla y Leon,Valladolid Airport,41.7061,-4.85194
5491,LEMD,LEVX,2,Europe,Southern Europe,Spain,MAD,ES,"Madrid, Comunidad de",Adolfo Suarez Madrid-Barajas Airport,40.4719,-3.56264,Europe,Southern Europe,Spain,VGO,ES,Galicia,Vigo-Peinador Airport,42.2318,-8.62677
5492,LEMD,LEZG,1,Europe,Southern Europe,Spain,MAD,ES,"Madrid, Comunidad de",Adolfo Suarez Madrid-Barajas Airport,40.4719,-3.56264,Europe,Southern Europe,Spain,ZAZ,ES,Aragon,Zaragoza Airport,41.6662,-1.04155
5493,LEMD,LFBO,1,Europe,Southern Europe,Spain,MAD,ES,"Madrid, Comunidad de",Adolfo Suarez Madrid-Barajas Airport,40.4719,-3.56264,Europe,Western Europe,France,TLS,FR,Occitanie,Toulouse-Blagnac Airport,43.6291,1.36382
5494,LEMD,LFLS,1,Europe,Southern Europe,Spain,MAD,ES,"Madrid, Comunidad de",Adolfo Suarez Madrid-Barajas Airport,40.4719,-3.56264,Europe,Western Europe,France,GNB,FR,Auvergne-Rhone-Alpes,Grenoble-Isere Airport,45.3629,5.32937
5495,LEMD,LFMH,1,Europe,Southern Europe,Spain,MAD,ES,"Madrid, Comunidad de",Adolfo Suarez Madrid-Barajas Airport,40.4719,-3.56264,Europe,Western Europe,France,EBU,FR,Auvergne-Rhone-Alpes,Saint-Etienne-Boutheon Airport,45.5406,4.29639
5496,LEMD,LFMN,3,Europe,Southern Europe,Spain,MAD,ES,"Madrid, Comunidad de",Adolfo Suarez Madrid-Barajas Airport,40.4719,-3.56264,Europe,Western Europe,France,NCE,FR,Provence-Alpes-Cote-d'Azur,Nice Cote d'Azur Airport,43.6584,7.21587
5497,LEMD,LFPG,3,Europe,Southern Europe,Spain,MAD,ES,"Madrid, Comunidad de",Adolfo Suarez Madrid-Barajas Airport,40.4719,-3.56264,Europe,Western Europe,France,CDG,FR,Ile-de-France,Paris Charles de Gaulle Airport,49.0097,2.54778
5498,LEMD,LFSB,1,Europe,Southern Europe,Spain,MAD,ES,"Madrid, Comunidad de",Adolfo Suarez Madrid-Barajas Airport,40.4719,-3.56264,Europe,Western Europe,France,BSL,CH,Basel-City,EuroAirport Basel Mulhouse Freiburg,47.59,7.52916
5499,LEMD,LFSB,1,Europe,Southern Europe,Spain,MAD,ES,"Madrid, Comunidad de",Adolfo Suarez Madrid-Barajas Airport,40.4719,-3.56264,Europe,Central Europe,Switzerland,BSL,CH,Basel-City,EuroAirport Basel Mulhouse Freiburg,47.59,7.52916
5500,LEMD,LFST,1,Europe,Southern Europe,Spain,MAD,ES,"Madrid, Comunidad de",Adolfo Suarez Madrid-Barajas Airport,40.4719,-3.56264,Europe,Western Europe,France,SXB,FR,Grand-Est,Strasbourg Airport,48.5383,7.62823
5501,LEMD,LGKR,1,Europe,Southern Europe,Spain,MAD,ES,"Madrid, Comunidad de",Adolfo Suarez Madrid-Barajas Airport,40.4719,-3.56264,Europe,Southern Europe,Greece,CFU,GR,Ionia Nisia,Corfu International Airport (Ioannis Kapodistrias Int'l Airport),39.6019,19.9117
5502,LEMD,LICC,1,Europe,Southern Europe,Spain,MAD,ES,"Madrid, Comunidad de",Adolfo Suarez Madrid-Barajas Airport,40.4719,-3.56264,Europe,Southern Europe,Italy,CTA,IT,Sicilia,Catania-Fontanarossa Airport,37.4668,15.0664
5503,LEMD,LIEO,1,Europe,Southern Europe,Spain,MAD,ES,"Madrid, Comunidad de",Adolfo Suarez Madrid-Barajas Airport,40.4719,-3.56264,Europe,Southern Europe,Italy,OLB,IT,Sardegna,Olbia Costa Smeralda Airport,40.8987,9.51763
5504,LEMD,LIMC,3,Europe,Southern Europe,Spain,MAD,ES,"Madrid, Comunidad de",Adolfo Suarez Madrid-Barajas Airport,40.4719,-3.56264,Europe,Southern Europe,Italy,MXP,IT,Lombardia,Milan-Malpensa Airport,45.6306,8.72811
5505,LEMD,LIPQ,1,Europe,Southern Europe,Spain,MAD,ES,"Madrid, Comunidad de",Adolfo Suarez Madrid-Barajas Airport,40.4719,-3.56264,Europe,Southern Europe,Italy,TRS,IT,Friuli-Venezia Giulia,Trieste - Friuli Venezia Giulia Airport,45.8275,13.4722
5506,LEMD,LIRA,1,Europe,Southern Europe,Spain,MAD,ES,"Madrid, Comunidad de",Adolfo Suarez Madrid-Barajas Airport,40.4719,-3.56264,Europe,Southern Europe,Italy,CIA,IT,Lazio,Rome-Ciampino International Airport,41.7991,12.5929
5507,LEMD,LIRF,1,Europe,Southern Europe,Spain,MAD,ES,"Madrid, Comunidad de",Adolfo Suarez Madrid-Barajas Airport,40.4719,-3.56264,Europe,Southern Europe,Italy,FCO,IT,Lazio,Rome–Fiumicino International Airport,41.8003,12.2389
5508,LEMD,LIRN,1,Europe,Southern Europe,Spain,MAD,ES,"Madrid, Comunidad de",Adolfo Suarez Madrid-Barajas Airport,40.4719,-3.56264,Europe,Southern Europe,Italy,NAP,IT,Campania,Naples International Airport,40.886,14.2908
5509,LEMD,LIRP,1,Europe,Southern Europe,Spain,MAD,ES,"Madrid, Comunidad de",Adolfo Suarez Madrid-Barajas Airport,40.4719,-3.56264,Europe,Southern Europe,Italy,PSA,IT,Toscana,Pisa International Airport (Galileo Galilei Airport),43.6839,10.3927
5510,LEMD,LOWS,1,Europe,Southern Europe,Spain,MAD,ES,"Madrid, Comunidad de",Adolfo Suarez Madrid-Barajas Airport,40.4719,-3.56264,Europe,Central Europe,Austria,SZG,AT,Salzburg,Salzburg Airport,47.7933,13.0043
5511,LEMD,LOWW,1,Europe,Southern Europe,Spain,MAD,ES,"Madrid, Comunidad de",Adolfo Suarez Madrid-Barajas Airport,40.4719,-3.56264,Europe,Central Europe,Austria,VIE,AT,Niederosterreich,Vienna International Airport,48.1103,16.5697
5512,LEMD,LSGG,2,Europe,Southern Europe,Spain,MAD,ES,"Madrid, Comunidad de",Adolfo Suarez Madrid-Barajas Airport,40.4719,-3.56264,Europe,Central Europe,Switzerland,GVA,CH,Geneve,Geneva Airport,46.2381,6.10895
5513,LEMD,LSZH,2,Europe,Southern Europe,Spain,MAD,ES,"Madrid, Comunidad de",Adolfo Suarez Madrid-Barajas Airport,40.4719,-3.56264,Europe,Central Europe,Switzerland,ZRH,CH,Zurich,Zurich Airport,47.4647,8.54917
5535,LEMG,BIRK,1,Europe,Southern Europe,Spain,AGP,ES,Andalucia,Malaga Airport,36.6749,-4.49911,Europe,Nordic Region,Iceland,RKV,IS,Hofudborgarsvaedi,Reykjavík Airport,64.13,-21.9406
5540,LEMG,EBBR,1,Europe,Southern Europe,Spain,AGP,ES,Andalucia,Malaga Airport,36.6749,-4.49911,Europe,Western Europe,Belgium,BRU,BE,Brussels Hoofdstedelijk Gewest,Brussels Airport (Zaventem Airport),50.9014,4.48444
5541,LEMG,EBOS,1,Europe,Southern Europe,Spain,AGP,ES,Andalucia,Malaga Airport,36.6749,-4.49911,Europe,Western Europe,Belgium,OST,BE,West-Vlaanderen,Ostend-Bruges International Airport,51.1989,2.86222
5542,LEMG,EDDH,1,Europe,Southern Europe,Spain,AGP,ES,Andalucia,Malaga Airport,36.6749,-4.49911,Europe,Central Europe,Germany,HAM,DE,Hamburg,Hamburg Airport,53.6304,9.98823
5543,LEMG,EDDK,1,Europe,Southern Europe,Spain,AGP,ES,Andalucia,Malaga Airport,36.6749,-4.49911,Europe,Central Europe,Germany,CGN,DE,Nordrhein-Westfalen,Cologne Bonn Airport,50.8659,7.14274
5544,LEMG,EDDM,1,Europe,Southern Europe,Spain,AGP,ES,Andalucia,Malaga Airport,36.6749,-4.49911,Europe,Central Europe,Germany,MUC,DE,Bayern,Munich Airport,48.3538,11.7861
5545,LEMG,EDDV,2,Europe,Southern Europe,Spain,AGP,ES,Andalucia,Malaga Airport,36.6749,-4.49911,Europe,Central Europe,Germany,HAJ,DE,Niedersachsen,Hannover Airport,52.4611,9.68508
5546,LEMG,EDSB,1,Europe,Southern Europe,Spain,AGP,ES,Andalucia,Malaga Airport,36.6749,-4.49911,Europe,Central Europe,Germany,FKB,DE,Baden-Wurttemberg,Karlsruhe/Baden-Baden Airport,48.7794,8.0805
5547,LEMG,EGBB,1,Europe,Southern Europe,Spain,AGP,ES,Andalucia,Malaga Airport,36.6749,-4.49911,Europe,United Kingdom,England,BHX,GB,England,Birmingham Airport,52.4539,-1.74803
5548,LEMG,EGCC,1,Europe,Southern Europe,Spain,AGP,ES,Andalucia,Malaga Airport,36.6749,-4.49911,Europe,United Kingdom,England,MAN,GB,England,Manchester Airport,53.3537,-2.27495
5549,LEMG,EGFF,1,Europe,Southern Europe,Spain,AGP,ES,Andalucia,Malaga Airport,36.6749,-4.49911,Europe,United Kingdom,Wales,CWL,GB,Wales,Cardiff Airport,51.3967,-3.34333
5550,LEMG,EGGD,1,Europe,Southern Europe,Spain,AGP,ES,Andalucia,Malaga Airport,36.6749,-4.49911,Europe,United Kingdom,England,BRS,GB,England,Bristol Airport,51.3827,-2.71909
5551,LEMG,EGGP,1,Europe,Southern Europe,Spain,AGP,ES,Andalucia,Malaga Airport,36.6749,-4.49911,Europe,United Kingdom,England,LPL,GB,England,Liverpool John Lennon Airport,53.3336,-2.84972
5552,LEMG,EGHH,2,Europe,Southern Europe,Spain,AGP,ES,Andalucia,Malaga Airport,36.6749,-4.49911,Europe,United Kingdom,England,BOH,GB,England,Bournemouth Airport,50.78,-1.8425
5553,LEMG,EGHI,1,Europe,Southern Europe,Spain,AGP,ES,Andalucia,Malaga Airport,36.6749,-4.49911,Europe,United Kingdom,England,SOU,GB,England,Southampton Airport,50.9503,-1.3568
5554,LEMG,EGJJ,4,Europe,Southern Europe,Spain,AGP,ES,Andalucia,Malaga Airport,36.6749,-4.49911,Europe,Western Europe,Jersey,JER,JE,Jersey,Jersey Airport,49.2081,-2.19528
5555,LEMG,EGNT,3,Europe,Southern Europe,Spain,AGP,ES,Andalucia,Malaga Airport,36.6749,-4.49911,Europe,United Kingdom,England,NCL,GB,England,Newcastle Airport,55.0375,-1.69167
5556,LEMG,EGNV,1,Europe,Southern Europe,Spain,AGP,ES,Andalucia,Malaga Airport,36.6749,-4.49911,Europe,United Kingdom,England,MME,GB,England,Teesside International Airport,54.5092,-1.42941
5557,LEMG,EGPH,2,Europe,Southern Europe,Spain,AGP,ES,Andalucia,Malaga Airport,36.6749,-4.49911,Europe,United Kingdom,Scotland,EDI,GB,Scotland,Edinburgh Airport,55.95,-3.3725
5558,LEMG,EGSH,1,Europe,Southern Europe,Spain,AGP,ES,Andalucia,Malaga Airport,36.6749,-4.49911,Europe,United Kingdom,England,NWI,GB,England,Norwich International Airport,52.6758,1.28278
5559,LEMG,EGSS,1,Europe,Southern Europe,Spain,AGP,ES,Andalucia,Malaga Airport,36.6749,-4.49911,Europe,United Kingdom,England,STN,GB,England,London Stansted Airport,51.885,0.235
5560,LEMG,EHAM,2,Europe,Southern Europe,Spain,AGP,ES,Andalucia,Malaga Airport,36.6749,-4.49911,Europe,Western Europe,Netherlands,AMS,NL,Noord-Holland,Amsterdam Airport Schiphol,52.3086,4.76389
5561,LEMG,EHRD,1,Europe,Southern Europe,Spain,AGP,ES,Andalucia,Malaga Airport,36.6749,-4.49911,Europe,Western Europe,Netherlands,RTM,NL,Zuid-Holland,Rotterdam The Hague Airport,51.9569,4.43722
5562,LEMG,EIDW,1,Europe,Southern Europe,Spain,AGP,ES,Andalucia,Malaga Airport,36.6749,-4.49911,Europe,Western Europe,Ireland,DUB,IE,Dublin,Dublin Airport,53.4213,-6.27007
5563,LEMG,EKAH,1,Europe,Southern Europe,Spain,AGP,ES,Andalucia,Malaga Airport,36.6749,-4.49911,Europe,Nordic Region,Denmark,AAR,DK,Midtjylland,Aarhus Airport,56.3,10.619
5564,LEMG,EPWA,3,Europe,Southern Europe,Spain,AGP,ES,Andalucia,Malaga Airport,36.6749,-4.49911,Europe,Central Europe,Poland,WAW,PL,Mazowieckie,Warsaw Chopin Airport,52.1657,20.9671
5565,LEMG,ESSA,1,Europe,Southern Europe,Spain,AGP,ES,Andalucia,Malaga Airport,36.6749,-4.49911,Europe,Nordic Region,Sweden,ARN,SE,Stockholms lan,Stockholm Arlanda Airport,59.6519,17.9186
5579,LEMG,LDRI,1,Europe,Southern Europe,Spain,AGP,ES,Andalucia,Malaga Airport,36.6749,-4.49911,Europe,Southern Europe,Croatia,RJK,HR,Primorsko-goranska zupanija,Rijeka Airport,45.2169,14.5703
5580,LEMG,LEAS,1,Europe,Southern Europe,Spain,AGP,ES,Andalucia,Malaga Airport,36.6749,-4.49911,Europe,Southern Europe,Spain,OVD,ES,"Asturias, Principado de",Asturias Airport (Oviedo Airport),43.5636,-6.03462
5581,LEMG,LEBB,1,Europe,Southern Europe,Spain,AGP,ES,Andalucia,Malaga Airport,36.6749,-4.49911,Europe,Southern Europe,Spain,BIO,ES,Pais Vasco,Bilbao Airport,43.3011,-2.91061
5582,LEMG,LEIB,1,Europe,Southern Europe,Spain,AGP,ES,Andalucia,Malaga Airport,36.6749,-4.49911,Europe,Southern Europe,Spain,IBZ,ES,Illes Balears,Ibiza Airport,38.8729,1.37312
5583,LEMG,LEJR,1,Europe,Southern Europe,Spain,AGP,ES,Andalucia,Malaga Airport,36.6749,-4.49911,Europe,Southern Europe,Spain,XRY,ES,Andalucia,Jerez Airport (La Parra Airport),36.7446,-6.06011
5584,LEMG,LEMD,1,Europe,Southern Europe,Spain,AGP,ES,Andalucia,Malaga Airport,36.6749,-4.49911,Europe,Southern Europe,Spain,MAD,ES,"Madrid, Comunidad de",Adolfo Suarez Madrid-Barajas Airport,40.4719,-3.56264
5585,LEMG,LEPA,1,Europe,Southern Europe,Spain,AGP,ES,Andalucia,Malaga Airport,36.6749,-4.49911,Europe,Southern Europe,Spain,PMI,ES,Illes Balears,Palma de Mallorca Airport,39.5517,2.73881
5586,LEMG,LEVT,1,Europe,Southern Europe,Spain,AGP,ES,Andalucia,Malaga Airport,36.6749,-4.49911,Europe,Southern Europe,Spain,VIT,ES,Pais Vasco,Vitoria Airport,42.8828,-2.72447
5587,LEMG,LFMN,2,Europe,Southern Europe,Spain,AGP,ES,Andalucia,Malaga Airport,36.6749,-4.49911,Europe,Western Europe,France,NCE,FR,Provence-Alpes-Cote-d'Azur,Nice Cote d'Azur Airport,43.6584,7.21587
5588,LEMG,LFPO,1,Europe,Southern Europe,Spain,AGP,ES,Andalucia,Malaga Airport,36.6749,-4.49911,Europe,Western Europe,France,ORY,FR,Ile-de-France,Aéroport de Paris-Orly,48.7231,2.35944
5589,LEMG,LFQQ,1,Europe,Southern Europe,Spain,AGP,ES,Andalucia,Malaga Airport,36.6749,-4.49911,Europe,Western Europe,France,LIL,FR,Hauts-de-France,Lille Airport (Lille-Lesquin Airport),50.5633,3.08689
5590,LEMG,LHBP,1,Europe,Southern Europe,Spain,AGP,ES,Andalucia,Malaga Airport,36.6749,-4.49911,Europe,Central Europe,Hungary,BUD,HU,Budapest,Budapest Ferenc Liszt International Airport,47.4298,19.2611
5591,LEMG,LIMC,1,Europe,Southern Europe,Spain,AGP,ES,Andalucia,Malaga Airport,36.6749,-4.49911,Europe,Southern Europe,Italy,MXP,IT,Lombardia,Milan-Malpensa Airport,45.6306,8.72811
5592,LEMG,LIME,1,Europe,Southern Europe,Spain,AGP,ES,Andalucia,Malaga Airport,36.6749,-4.49911,Europe,Southern Europe,Italy,BGY,IT,Lombardia,Milan Bergamo Airport,45.66546,9.69948
5593,LEMG,LPBJ,1,Europe,Southern Europe,Spain,AGP,ES,Andalucia,Malaga Airport,36.6749,-4.49911,Europe,Southern Europe,Portugal,BYJ,PT,Beja,Beja Airport,38.0789,-7.9324
5594,LEMG,LPFR,1,Europe,Southern Europe,Spain,AGP,ES,Andalucia,Malaga Airport,36.6749,-4.49911,Europe,Southern Europe,Portugal,FAO,PT,Faro,Faro Airport,37.0144,-7.96591
5595,LEMG,LSGG,1,Europe,Southern Europe,Spain,AGP,ES,Andalucia,Malaga Airport,36.6749,-4.49911,Europe,Central Europe,Switzerland,GVA,CH,Geneve,Geneva Airport,46.2381,6.10895
5600,LEMH,EDDL,1,Europe,Southern Europe,Spain,MAH,ES,Illes Balears,Menorca Airport (Mahon Airport),39.8626,4.21865,Europe,Central Europe,Germany,DUS,DE,Nordrhein-Westfalen,Dusseldorf Airport,51.2895,6.76678
5601,LEMH,EDDM,1,Europe,Southern Europe,Spain,MAH,ES,Illes Balears,Menorca Airport (Mahon Airport),39.8626,4.21865,Europe,Central Europe,Germany,MUC,DE,Bayern,Munich Airport,48.3538,11.7861
5602,LEMH,EGBB,2,Europe,Southern Europe,Spain,MAH,ES,Illes Balears,Menorca Airport (Mahon Airport),39.8626,4.21865,Europe,United Kingdom,England,BHX,GB,England,Birmingham Airport,52.4539,-1.74803
5603,LEMH,EGFF,1,Europe,Southern Europe,Spain,MAH,ES,Illes Balears,Menorca Airport (Mahon Airport),39.8626,4.21865,Europe,United Kingdom,Wales,CWL,GB,Wales,Cardiff Airport,51.3967,-3.34333
5604,LEMH,EGHH,1,Europe,Southern Europe,Spain,MAH,ES,Illes Balears,Menorca Airport (Mahon Airport),39.8626,4.21865,Europe,United Kingdom,England,BOH,GB,England,Bournemouth Airport,50.78,-1.8425
5605,LEMH,EGKK,1,Europe,Southern Europe,Spain,MAH,ES,Illes Balears,Menorca Airport (Mahon Airport),39.8626,4.21865,Europe,United Kingdom,England,LGW,GB,England,Gatwick Airport,51.1481,-0.190278
5606,LEMH,EGNT,2,Europe,Southern Europe,Spain,MAH,ES,Illes Balears,Menorca Airport (Mahon Airport),39.8626,4.21865,Europe,United Kingdom,England,NCL,GB,England,Newcastle Airport,55.0375,-1.69167
5607,LEMH,EGPF,1,Europe,Southern Europe,Spain,MAH,ES,Illes Balears,Menorca Airport (Mahon Airport),39.8626,4.21865,Europe,United Kingdom,Scotland,GLA,GB,Scotland,Glasgow Airport,55.8719,-4.43306
5608,LEMH,EGSH,2,Europe,Southern Europe,Spain,MAH,ES,Illes Balears,Menorca Airport (Mahon Airport),39.8626,4.21865,Europe,United Kingdom,England,NWI,GB,England,Norwich International Airport,52.6758,1.28278
5609,LEMH,EGSS,2,Europe,Southern Europe,Spain,MAH,ES,Illes Balears,Menorca Airport (Mahon Airport),39.8626,4.21865,Europe,United Kingdom,England,STN,GB,England,London Stansted Airport,51.885,0.235
5610,LEMH,EGTE,1,Europe,Southern Europe,Spain,MAH,ES,Illes Balears,Menorca Airport (Mahon Airport),39.8626,4.21865,Europe,United Kingdom,England,EXT,GB,England,Exeter International Airport,50.7344,-3.41389
5611,LEMH,EPKT,1,Europe,Southern Europe,Spain,MAH,ES,Illes Balears,Menorca Airport (Mahon Airport),39.8626,4.21865,Europe,Central Europe,Poland,KTW,PL,Slaskie,Katowice International Airport,50.4743,19.08
5612,LEMH,EPPO,1,Europe,Southern Europe,Spain,MAH,ES,Illes Balears,Menorca Airport (Mahon Airport),39.8626,4.21865,Europe,Central Europe,Poland,POZ,PL,Wielkopolskie,Poznań–Ławica Henryk Wieniawski Airport,52.421,16.8263
5613,LEMH,EPWA,1,Europe,Southern Europe,Spain,MAH,ES,Illes Balears,Menorca Airport (Mahon Airport),39.8626,4.21865,Europe,Central Europe,Poland,WAW,PL,Mazowieckie,Warsaw Chopin Airport,52.1657,20.9671
5614,LEMH,EPWR,1,Europe,Southern Europe,Spain,MAH,ES,Illes Balears,Menorca Airport (Mahon Airport),39.8626,4.21865,Europe,Central Europe,Poland,WRO,PL,Dolnoslaskie,Copernicus Airport Wroclaw,51.1027,16.8858
5615,LEMH,GCLP,1,Europe,Southern Europe,Spain,MAH,ES,Illes Balears,Menorca Airport (Mahon Airport),39.8626,4.21865,Europe,Southern Europe,Spain,LPA,ES,Canarias,Gran Canaria Airport,27.9319,-15.3866
5617,LEMH,LEZL,1,Europe,Southern Europe,Spain,MAH,ES,Illes Balears,Menorca Airport (Mahon Airport),39.8626,4.21865,Europe,Southern Europe,Spain,SVQ,ES,Andalucia,Seville Airport,37.418,-5.89311
5618,LEMH,LSGG,1,Europe,Southern Europe,Spain,MAH,ES,Illes Balears,Menorca Airport (Mahon Airport),39.8626,4.21865,Europe,Central Europe,Switzerland,GVA,CH,Geneve,Geneva Airport,46.2381,6.10895
5619,LEMH,LSZH,1,Europe,Southern Europe,Spain,MAH,ES,Illes Balears,Menorca Airport (Mahon Airport),39.8626,4.21865,Europe,Central Europe,Switzerland,ZRH,CH,Zurich,Zurich Airport,47.4647,8.54917
5621,LEMI,EGCC,1,Europe,Southern Europe,Spain,RMU,ES,"Murcia, Region de",Region de Murcia International Airport,37.803,-1.125,Europe,United Kingdom,England,MAN,GB,England,Manchester Airport,53.3537,-2.27495
5622,LEMI,EGGD,1,Europe,Southern Europe,Spain,RMU,ES,"Murcia, Region de",Region de Murcia International Airport,37.803,-1.125,Europe,United Kingdom,England,BRS,GB,England,Bristol Airport,51.3827,-2.71909
5624,LEPA,BIKF,1,Europe,Southern Europe,Spain,PMI,ES,Illes Balears,Palma de Mallorca Airport,39.5517,2.73881,Europe,Nordic Region,Iceland,KEF,IS,Sudurnes,Keflavík International Airport,63.985,-22.6056
5628,LEPA,EBBR,1,Europe,Southern Europe,Spain,PMI,ES,Illes Balears,Palma de Mallorca Airport,39.5517,2.73881,Europe,Western Europe,Belgium,BRU,BE,Brussels Hoofdstedelijk Gewest,Brussels Airport (Zaventem Airport),50.9014,4.48444
5629,LEPA,EBCI,1,Europe,Southern Europe,Spain,PMI,ES,Illes Balears,Palma de Mallorca Airport,39.5517,2.73881,Europe,Western Europe,Belgium,CRL,BE,Hainaut,Brussels South Charleroi Airport,50.4592,4.45382
5630,LEPA,EDDB,2,Europe,Southern Europe,Spain,PMI,ES,Illes Balears,Palma de Mallorca Airport,39.5517,2.73881,Europe,Central Europe,Germany,BER,DE,Brandenburg,Berlin Brandenburg Airport,52.3514,13.4939
5631,LEPA,EDDF,4,Europe,Southern Europe,Spain,PMI,ES,Illes Balears,Palma de Mallorca Airport,39.5517,2.73881,Europe,Central Europe,Germany,FRA,DE,Hessen,Frankfurt Airport,50.0333,8.57056
5632,LEPA,EDDH,2,Europe,Southern Europe,Spain,PMI,ES,Illes Balears,Palma de Mallorca Airport,39.5517,2.73881,Europe,Central Europe,Germany,HAM,DE,Hamburg,Hamburg Airport,53.6304,9.98823
5633,LEPA,EDDK,8,Europe,Southern Europe,Spain,PMI,ES,Illes Balears,Palma de Mallorca Airport,39.5517,2.73881,Europe,Central Europe,Germany,CGN,DE,Nordrhein-Westfalen,Cologne Bonn Airport,50.8659,7.14274
5634,LEPA,EDDL,15,Europe,Southern Europe,Spain,PMI,ES,Illes Balears,Palma de Mallorca Airport,39.5517,2.73881,Europe,Central Europe,Germany,DUS,DE,Nordrhein-Westfalen,Dusseldorf Airport,51.2895,6.76678
5635,LEPA,EDDM,6,Europe,Southern Europe,Spain,PMI,ES,Illes Balears,Palma de Mallorca Airport,39.5517,2.73881,Europe,Central Europe,Germany,MUC,DE,Bayern,Munich Airport,48.3538,11.7861
5636,LEPA,EDDN,4,Europe,Southern Europe,Spain,PMI,ES,Illes Balears,Palma de Mallorca Airport,39.5517,2.73881,Europe,Central Europe,Germany,NUE,DE,Bayern,Nuremberg Airport,49.4987,11.0781
5637,LEPA,EDDP,2,Europe,Southern Europe,Spain,PMI,ES,Illes Balears,Palma de Mallorca Airport,39.5517,2.73881,Europe,Central Europe,Germany,LEJ,DE,Sachsen,Leipzig/Halle Airport,51.4239,12.2364
5638,LEPA,EDDV,5,Europe,Southern Europe,Spain,PMI,ES,Illes Balears,Palma de Mallorca Airport,39.5517,2.73881,Europe,Central Europe,Germany,HAJ,DE,Niedersachsen,Hannover Airport,52.4611,9.68508
5639,LEPA,EDDW,2,Europe,Southern Europe,Spain,PMI,ES,Illes Balears,Palma de Mallorca Airport,39.5517,2.73881,Europe,Central Europe,Germany,BRE,DE,Bremen,Bremen Airport,53.0475,8.78667
5640,LEPA,EDFH,1,Europe,Southern Europe,Spain,PMI,ES,Illes Balears,Palma de Mallorca Airport,39.5517,2.73881,Europe,Central Europe,Germany,HHN,DE,Rheinland-Pfalz,Frankfurt-Hahn Airport,49.9487,7.26389
5641,LEPA,EDJA,1,Europe,Southern Europe,Spain,PMI,ES,Illes Balears,Palma de Mallorca Airport,39.5517,2.73881,Europe,Central Europe,Germany,FMM,DE,Bayern,Memmingen Airport,47.9888,10.2395
5642,LEPA,EDLV,2,Europe,Southern Europe,Spain,PMI,ES,Illes Balears,Palma de Mallorca Airport,39.5517,2.73881,Europe,Central Europe,Germany,NRN,DE,Nordrhein-Westfalen,Weeze Airport (Niederrhein Airport),51.6024,6.14217
5643,LEPA,EDLW,3,Europe,Southern Europe,Spain,PMI,ES,Illes Balears,Palma de Mallorca Airport,39.5517,2.73881,Europe,Central Europe,Germany,DTM,DE,Nordrhein-Westfalen,Dortmund Airport,51.5183,7.61224
5644,LEPA,EDSB,2,Europe,Southern Europe,Spain,PMI,ES,Illes Balears,Palma de Mallorca Airport,39.5517,2.73881,Europe,Central Europe,Germany,FKB,DE,Baden-Wurttemberg,Karlsruhe/Baden-Baden Airport,48.7794,8.0805
5645,LEPA,EGAC,1,Europe,Southern Europe,Spain,PMI,ES,Illes Balears,Palma de Mallorca Airport,39.5517,2.73881,Europe,United Kingdom,Northern Ireland,BHD,GB,Northern Ireland,George Best Belfast City Airport,54.6181,-5.8725
5646,LEPA,EGBB,3,Europe,Southern Europe,Spain,PMI,ES,Illes Balears,Palma de Mallorca Airport,39.5517,2.73881,Europe,United Kingdom,England,BHX,GB,England,Birmingham Airport,52.4539,-1.74803
5647,LEPA,EGCC,1,Europe,Southern Europe,Spain,PMI,ES,Illes Balears,Palma de Mallorca Airport,39.5517,2.73881,Europe,United Kingdom,England,MAN,GB,England,Manchester Airport,53.3537,-2.27495
5648,LEPA,EGFF,1,Europe,Southern Europe,Spain,PMI,ES,Illes Balears,Palma de Mallorca Airport,39.5517,2.73881,Europe,United Kingdom,Wales,CWL,GB,Wales,Cardiff Airport,51.3967,-3.34333
5649,LEPA,EGGP,2,Europe,Southern Europe,Spain,PMI,ES,Illes Balears,Palma de Mallorca Airport,39.5517,2.73881,Europe,United Kingdom,England,LPL,GB,England,Liverpool John Lennon Airport,53.3336,-2.84972
5650,LEPA,EGGW,2,Europe,Southern Europe,Spain,PMI,ES,Illes Balears,Palma de Mallorca Airport,39.5517,2.73881,Europe,United Kingdom,England,LTN,GB,England,London Luton Airport,51.8747,-0.368333
5651,LEPA,EGHH,5,Europe,Southern Europe,Spain,PMI,ES,Illes Balears,Palma de Mallorca Airport,39.5517,2.73881,Europe,United Kingdom,England,BOH,GB,England,Bournemouth Airport,50.78,-1.8425
5652,LEPA,EGHI,1,Europe,Southern Europe,Spain,PMI,ES,Illes Balears,Palma de Mallorca Airport,39.5517,2.73881,Europe,United Kingdom,England,SOU,GB,England,Southampton Airport,50.9503,-1.3568
5653,LEPA,EGKK,2,Europe,Southern Europe,Spain,PMI,ES,Illes Balears,Palma de Mallorca Airport,39.5517,2.73881,Europe,United Kingdom,England,LGW,GB,England,Gatwick Airport,51.1481,-0.190278
5654,LEPA,EGLL,2,Europe,Southern Europe,Spain,PMI,ES,Illes Balears,Palma de Mallorca Airport,39.5517,2.73881,Europe,United Kingdom,England,LHR,GB,England,Heathrow Airport,51.4775,-0.461389
5655,LEPA,EGNM,3,Europe,Southern Europe,Spain,PMI,ES,Illes Balears,Palma de Mallorca Airport,39.5517,2.73881,Europe,United Kingdom,England,LBA,GB,England,Leeds Bradford Airport,53.8659,-1.66057
5656,LEPA,EGNT,6,Europe,Southern Europe,Spain,PMI,ES,Illes Balears,Palma de Mallorca Airport,39.5517,2.73881,Europe,United Kingdom,England,NCL,GB,England,Newcastle Airport,55.0375,-1.69167
5657,LEPA,EGNV,1,Europe,Southern Europe,Spain,PMI,ES,Illes Balears,Palma de Mallorca Airport,39.5517,2.73881,Europe,United Kingdom,England,MME,GB,England,Teesside International Airport,54.5092,-1.42941
5658,LEPA,EGSH,1,Europe,Southern Europe,Spain,PMI,ES,Illes Balears,Palma de Mallorca Airport,39.5517,2.73881,Europe,United Kingdom,England,NWI,GB,England,Norwich International Airport,52.6758,1.28278
5659,LEPA,EGSS,4,Europe,Southern Europe,Spain,PMI,ES,Illes Balears,Palma de Mallorca Airport,39.5517,2.73881,Europe,United Kingdom,England,STN,GB,England,London Stansted Airport,51.885,0.235
5660,LEPA,EHAM,1,Europe,Southern Europe,Spain,PMI,ES,Illes Balears,Palma de Mallorca Airport,39.5517,2.73881,Europe,Western Europe,Netherlands,AMS,NL,Noord-Holland,Amsterdam Airport Schiphol,52.3086,4.76389
5661,LEPA,EHEH,2,Europe,Southern Europe,Spain,PMI,ES,Illes Balears,Palma de Mallorca Airport,39.5517,2.73881,Europe,Western Europe,Netherlands,EIN,NL,Noord-Brabant,Eindhoven Airport,51.4501,5.37453
5662,LEPA,EHGG,2,Europe,Southern Europe,Spain,PMI,ES,Illes Balears,Palma de Mallorca Airport,39.5517,2.73881,Europe,Western Europe,Netherlands,GRQ,NL,Drenthe,Groningen Airport Eelde,53.1197,6.57944
5663,LEPA,EIKN,1,Europe,Southern Europe,Spain,PMI,ES,Illes Balears,Palma de Mallorca Airport,39.5517,2.73881,Europe,Western Europe,Ireland,NOC,IE,Mayo,Ireland West Airport Knock,53.9103,-8.81849
5664,LEPA,ENGM,1,Europe,Southern Europe,Spain,PMI,ES,Illes Balears,Palma de Mallorca Airport,39.5517,2.73881,Europe,Nordic Region,Norway,OSL,NO,Akershus,Oslo Airport,60.1939,11.1004
5665,LEPA,ENZV,2,Europe,Southern Europe,Spain,PMI,ES,Illes Balears,Palma de Mallorca Airport,39.5517,2.73881,Europe,Nordic Region,Norway,SVG,NO,Rogaland,Stavanger Airport,58.8767,5.63778
5666,LEPA,EPBY,1,Europe,Southern Europe,Spain,PMI,ES,Illes Balears,Palma de Mallorca Airport,39.5517,2.73881,Europe,Central Europe,Poland,BZG,PL,Kujawsko-pomorskie,Bydgoszcz Ignacy Jan Paderewski Airport,53.0968,17.9777
5667,LEPA,EPKT,5,Europe,Southern Europe,Spain,PMI,ES,Illes Balears,Palma de Mallorca Airport,39.5517,2.73881,Europe,Central Europe,Poland,KTW,PL,Slaskie,Katowice International Airport,50.4743,19.08
5668,LEPA,EPWA,2,Europe,Southern Europe,Spain,PMI,ES,Illes Balears,Palma de Mallorca Airport,39.5517,2.73881,Europe,Central Europe,Poland,WAW,PL,Mazowieckie,Warsaw Chopin Airport,52.1657,20.9671
5669,LEPA,EPWR,1,Europe,Southern Europe,Spain,PMI,ES,Illes Balears,Palma de Mallorca Airport,39.5517,2.73881,Europe,Central Europe,Poland,WRO,PL,Dolnoslaskie,Copernicus Airport Wroclaw,51.1027,16.8858
5684,LEPA,LEGE,1,Europe,Southern Europe,Spain,PMI,ES,Illes Balears,Palma de Mallorca Airport,39.5517,2.73881,Europe,Southern Europe,Spain,GRO,ES,Catalunya,Girona-Costa Brava Airport,41.901,2.76055
5685,LEPA,LEIB,1,Europe,Southern Europe,Spain,PMI,ES,Illes Balears,Palma de Mallorca Airport,39.5517,2.73881,Europe,Southern Europe,Spain,IBZ,ES,Illes Balears,Ibiza Airport,38.8729,1.37312
5686,LEPA,LEMD,1,Europe,Southern Europe,Spain,PMI,ES,Illes Balears,Palma de Mallorca Airport,39.5517,2.73881,Europe,Southern Europe,Spain,MAD,ES,"Madrid, Comunidad de",Adolfo Suarez Madrid-Barajas Airport,40.4719,-3.56264
5687,LEPA,LEST,2,Europe,Southern Europe,Spain,PMI,ES,Illes Balears,Palma de Mallorca Airport,39.5517,2.73881,Europe,Southern Europe,Spain,SCQ,ES,Galicia,Santiago de Compostela Airport,42.8963,-8.41514
5688,LEPA,LEVC,1,Europe,Southern Europe,Spain,PMI,ES,Illes Balears,Palma de Mallorca Airport,39.5517,2.73881,Europe,Southern Europe,Spain,VLC,ES,"Valenciana, Comunidad",Valencia Airport,39.4893,-0.481625
5689,LEPA,LEVT,1,Europe,Southern Europe,Spain,PMI,ES,Illes Balears,Palma de Mallorca Airport,39.5517,2.73881,Europe,Southern Europe,Spain,VIT,ES,Pais Vasco,Vitoria Airport,42.8828,-2.72447
5690,LEPA,LEZG,2,Europe,Southern Europe,Spain,PMI,ES,Illes Balears,Palma de Mallorca Airport,39.5517,2.73881,Europe,Southern Europe,Spain,ZAZ,ES,Aragon,Zaragoza Airport,41.6662,-1.04155
5691,LEPA,LEZL,2,Europe,Southern Europe,Spain,PMI,ES,Illes Balears,Palma de Mallorca Airport,39.5517,2.73881,Europe,Southern Europe,Spain,SVQ,ES,Andalucia,Seville Airport,37.418,-5.89311
5692,LEPA,LFCR,1,Europe,Southern Europe,Spain,PMI,ES,Illes Balears,Palma de Mallorca Airport,39.5517,2.73881,Europe,Western Europe,France,RDZ,FR,Occitanie,Rodez-Marcillac Airport,44.4079,2.48267
5693,LEPA,LFQQ,1,Europe,Southern Europe,Spain,PMI,ES,Illes Balears,Palma de Mallorca Airport,39.5517,2.73881,Europe,Western Europe,France,LIL,FR,Hauts-de-France,Lille Airport (Lille-Lesquin Airport),50.5633,3.08689
5694,LEPA,LGAV,1,Europe,Southern Europe,Spain,PMI,ES,Illes Balears,Palma de Mallorca Airport,39.5517,2.73881,Europe,Southern Europe,Greece,ATH,GR,Attiki,Athens International Airport (Eleftherios Venizelos Airport),37.9364,23.9445
5695,LEPA,LIBD,1,Europe,Southern Europe,Spain,PMI,ES,Illes Balears,Palma de Mallorca Airport,39.5517,2.73881,Europe,Southern Europe,Italy,BRI,IT,Puglia,Bari Karol Wojtyla Airport,41.1389,16.7606
5696,LEPA,LIRN,1,Europe,Southern Europe,Spain,PMI,ES,Illes Balears,Palma de Mallorca Airport,39.5517,2.73881,Europe,Southern Europe,Italy,NAP,IT,Campania,Naples International Airport,40.886,14.2908
5697,LEPA,LKMT,1,Europe,Southern Europe,Spain,PMI,ES,Illes Balears,Palma de Mallorca Airport,39.5517,2.73881,Europe,Central Europe,Czech Republic,OSR,CZ,Moravskoslezsky kraj,Leos Janacek Airport,49.6963,18.1111
5698,LEPA,LKPR,1,Europe,Southern Europe,Spain,PMI,ES,Illes Balears,Palma de Mallorca Airport,39.5517,2.73881,Europe,Central Europe,Czech Republic,PRG,CZ,Stredocesky kraj,Vaclav Havel Airport Prague,50.1008,14.26
5700,LEPA,LOWG,1,Europe,Southern Europe,Spain,PMI,ES,Illes Balears,Palma de Mallorca Airport,39.5517,2.73881,Europe,Central Europe,Austria,GRZ,AT,Steiermark,Graz Airport,46.9911,15.4396
5701,LEPA,LOWK,1,Europe,Southern Europe,Spain,PMI,ES,Illes Balears,Palma de Mallorca Airport,39.5517,2.73881,Europe,Central Europe,Austria,KLU,AT,Karnten,Klagenfurt Airport,46.6425,14.3377
5702,LEPA,LOWS,1,Europe,Southern Europe,Spain,PMI,ES,Illes Balears,Palma de Mallorca Airport,39.5517,2.73881,Europe,Central Europe,Austria,SZG,AT,Salzburg,Salzburg Airport,47.7933,13.0043
5703,LEPA,LOWW,1,Europe,Southern Europe,Spain,PMI,ES,Illes Balears,Palma de Mallorca Airport,39.5517,2.73881,Europe,Central Europe,Austria,VIE,AT,Niederosterreich,Vienna International Airport,48.1103,16.5697
5704,LEPA,LPBJ,1,Europe,Southern Europe,Spain,PMI,ES,Illes Balears,Palma de Mallorca Airport,39.5517,2.73881,Europe,Southern Europe,Portugal,BYJ,PT,Beja,Beja Airport,38.0789,-7.9324
5705,LEPA,LPPR,2,Europe,Southern Europe,Spain,PMI,ES,Illes Balears,Palma de Mallorca Airport,39.5517,2.73881,Europe,Southern Europe,Portugal,OPO,PT,Porto,Francisco Sá Carneiro Airport,41.2356,-8.67806
5706,LEPA,LRIA,1,Europe,Southern Europe,Spain,PMI,ES,Illes Balears,Palma de Mallorca Airport,39.5517,2.73881,Europe,Eastern Europe,Romania,IAS,RO,Iasi,Iasi International Airport,47.1785,27.6206
5707,LEPA,LROP,1,Europe,Southern Europe,Spain,PMI,ES,Illes Balears,Palma de Mallorca Airport,39.5517,2.73881,Europe,Eastern Europe,Romania,OTP,RO,Ilfov,Bucharest Henri Coandă International Airport,44.5711,26.085
5708,LEPA,LRSB,1,Europe,Southern Europe,Spain,PMI,ES,Illes Balears,Palma de Mallorca Airport,39.5517,2.73881,Europe,Eastern Europe,Romania,SBZ,RO,Sibiu,Sibiu International Airport,45.7856,24.0913
5709,LEPA,LSZB,1,Europe,Southern Europe,Spain,PMI,ES,Illes Balears,Palma de Mallorca Airport,39.5517,2.73881,Europe,Central Europe,Switzerland,BRN,CH,Bern,Bern Airport,46.9141,7.49715
5710,LEPA,LSZH,3,Europe,Southern Europe,Spain,PMI,ES,Illes Balears,Palma de Mallorca Airport,39.5517,2.73881,Europe,Central Europe,Switzerland,ZRH,CH,Zurich,Zurich Airport,47.4647,8.54917
5711,LEPA,LSZR,2,Europe,Southern Europe,Spain,PMI,ES,Illes Balears,Palma de Mallorca Airport,39.5517,2.73881,Europe,Central Europe,Switzerland,ACH,CH,Sankt Gallen,St. Gallen-Altenrhein Airport,47.485,9.56077
5712,LEPA,LUKK,3,Europe,Southern Europe,Spain,PMI,ES,Illes Balears,Palma de Mallorca Airport,39.5517,2.73881,Europe,Eastern Europe,Moldova,RMO,MD,Chisinau,Chisinau International Airport,46.9277,28.931
5713,LEPP,GCXO,2,Europe,Southern Europe,Spain,PNA,ES,"Navarra, Comunidad Foral de",Pamplona Airport,42.77,-1.64633,Europe,Southern Europe,Spain,TFN,ES,Canarias,Tenerife North Airport,28.4847,-16.3439
5715,LEPP,LEDA,1,Europe,Southern Europe,Spain,PNA,ES,"Navarra, Comunidad Foral de",Pamplona Airport,42.77,-1.64633,Europe,Southern Europe,Spain,ILD,ES,Catalunya,Lleida-Alguaire Airport,41.7282,0.535023
5716,LERS,EGBB,1,Europe,Southern Europe,Spain,REU,ES,Catalunya,Reus Airport,41.1474,1.16717,Europe,United Kingdom,England,BHX,GB,England,Birmingham Airport,52.4539,-1.74803
5717,LERS,EGCC,1,Europe,Southern Europe,Spain,REU,ES,Catalunya,Reus Airport,41.1474,1.16717,Europe,United Kingdom,England,MAN,GB,England,Manchester Airport,53.3537,-2.27495
5718,LERS,EGFF,1,Europe,Southern Europe,Spain,REU,ES,Catalunya,Reus Airport,41.1474,1.16717,Europe,United Kingdom,Wales,CWL,GB,Wales,Cardiff Airport,51.3967,-3.34333
5719,LERS,EGGD,1,Europe,Southern Europe,Spain,REU,ES,Catalunya,Reus Airport,41.1474,1.16717,Europe,United Kingdom,England,BRS,GB,England,Bristol Airport,51.3827,-2.71909
5720,LERS,EGNT,4,Europe,Southern Europe,Spain,REU,ES,Catalunya,Reus Airport,41.1474,1.16717,Europe,United Kingdom,England,NCL,GB,England,Newcastle Airport,55.0375,-1.69167
5721,LERS,EGPF,1,Europe,Southern Europe,Spain,REU,ES,Catalunya,Reus Airport,41.1474,1.16717,Europe,United Kingdom,Scotland,GLA,GB,Scotland,Glasgow Airport,55.8719,-4.43306
5725,LERS,LEGE,1,Europe,Southern Europe,Spain,REU,ES,Catalunya,Reus Airport,41.1474,1.16717,Europe,Southern Europe,Spain,GRO,ES,Catalunya,Girona-Costa Brava Airport,41.901,2.76055
5726,LERS,LFPO,1,Europe,Southern Europe,Spain,REU,ES,Catalunya,Reus Airport,41.1474,1.16717,Europe,Western Europe,France,ORY,FR,Ile-de-France,Aéroport de Paris-Orly,48.7231,2.35944
5729,LEST,EBAW,1,Europe,Southern Europe,Spain,SCQ,ES,Galicia,Santiago de Compostela Airport,42.8963,-8.41514,Europe,Western Europe,Belgium,ANR,BE,Antwerpen,Antwerp International Airport,51.1894,4.46028
5733,LEST,LEPA,2,Europe,Southern Europe,Spain,SCQ,ES,Galicia,Santiago de Compostela Airport,42.8963,-8.41514,Europe,Southern Europe,Spain,PMI,ES,Illes Balears,Palma de Mallorca Airport,39.5517,2.73881
5734,LEST,LEVC,1,Europe,Southern Europe,Spain,SCQ,ES,Galicia,Santiago de Compostela Airport,42.8963,-8.41514,Europe,Southern Europe,Spain,VLC,ES,"Valenciana, Comunidad",Valencia Airport,39.4893,-0.481625
5735,LEST,LEZG,1,Europe,Southern Europe,Spain,SCQ,ES,Galicia,Santiago de Compostela Airport,42.8963,-8.41514,Europe,Southern Europe,Spain,ZAZ,ES,Aragon,Zaragoza Airport,41.6662,-1.04155
5736,LEST,LGAV,1,Europe,Southern Europe,Spain,SCQ,ES,Galicia,Santiago de Compostela Airport,42.8963,-8.41514,Europe,Southern Europe,Greece,ATH,GR,Attiki,Athens International Airport (Eleftherios Venizelos Airport),37.9364,23.9445
5737,LEST,LKPR,1,Europe,Southern Europe,Spain,SCQ,ES,Galicia,Santiago de Compostela Airport,42.8963,-8.41514,Europe,Central Europe,Czech Republic,PRG,CZ,Stredocesky kraj,Vaclav Havel Airport Prague,50.1008,14.26
5739,LEVC,EBBR,1,Europe,Southern Europe,Spain,VLC,ES,"Valenciana, Comunidad",Valencia Airport,39.4893,-0.481625,Europe,Western Europe,Belgium,BRU,BE,Brussels Hoofdstedelijk Gewest,Brussels Airport (Zaventem Airport),50.9014,4.48444
5740,LEVC,EDDF,1,Europe,Southern Europe,Spain,VLC,ES,"Valenciana, Comunidad",Valencia Airport,39.4893,-0.481625,Europe,Central Europe,Germany,FRA,DE,Hessen,Frankfurt Airport,50.0333,8.57056
5741,LEVC,EDDL,1,Europe,Southern Europe,Spain,VLC,ES,"Valenciana, Comunidad",Valencia Airport,39.4893,-0.481625,Europe,Central Europe,Germany,DUS,DE,Nordrhein-Westfalen,Dusseldorf Airport,51.2895,6.76678
5742,LEVC,EDSB,1,Europe,Southern Europe,Spain,VLC,ES,"Valenciana, Comunidad",Valencia Airport,39.4893,-0.481625,Europe,Central Europe,Germany,FKB,DE,Baden-Wurttemberg,Karlsruhe/Baden-Baden Airport,48.7794,8.0805
5743,LEVC,EGBB,1,Europe,Southern Europe,Spain,VLC,ES,"Valenciana, Comunidad",Valencia Airport,39.4893,-0.481625,Europe,United Kingdom,England,BHX,GB,England,Birmingham Airport,52.4539,-1.74803
5744,LEVC,EGLL,1,Europe,Southern Europe,Spain,VLC,ES,"Valenciana, Comunidad",Valencia Airport,39.4893,-0.481625,Europe,United Kingdom,England,LHR,GB,England,Heathrow Airport,51.4775,-0.461389
5745,LEVC,EPWA,1,Europe,Southern Europe,Spain,VLC,ES,"Valenciana, Comunidad",Valencia Airport,39.4893,-0.481625,Europe,Central Europe,Poland,WAW,PL,Mazowieckie,Warsaw Chopin Airport,52.1657,20.9671
5746,LEVC,GCXO,1,Europe,Southern Europe,Spain,VLC,ES,"Valenciana, Comunidad",Valencia Airport,39.4893,-0.481625,Europe,Southern Europe,Spain,TFN,ES,Canarias,Tenerife North Airport,28.4847,-16.3439
5751,LEVC,LATI,1,Europe,Southern Europe,Spain,VLC,ES,"Valenciana, Comunidad",Valencia Airport,39.4893,-0.481625,Europe,Eastern Europe,Albania,TIA,IR,Azarbayjan-e Gharbi,Tirana International Airport,41.4147,19.7206
5752,LEVC,LEIB,2,Europe,Southern Europe,Spain,VLC,ES,"Valenciana, Comunidad",Valencia Airport,39.4893,-0.481625,Europe,Southern Europe,Spain,IBZ,ES,Illes Balears,Ibiza Airport,38.8729,1.37312
5753,LEVC,LEMD,2,Europe,Southern Europe,Spain,VLC,ES,"Valenciana, Comunidad",Valencia Airport,39.4893,-0.481625,Europe,Southern Europe,Spain,MAD,ES,"Madrid, Comunidad de",Adolfo Suarez Madrid-Barajas Airport,40.4719,-3.56264
5754,LEVC,LEST,1,Europe,Southern Europe,Spain,VLC,ES,"Valenciana, Comunidad",Valencia Airport,39.4893,-0.481625,Europe,Southern Europe,Spain,SCQ,ES,Galicia,Santiago de Compostela Airport,42.8963,-8.41514
5755,LEVC,LEVC,1,Europe,Southern Europe,Spain,VLC,ES,"Valenciana, Comunidad",Valencia Airport,39.4893,-0.481625,Europe,Southern Europe,Spain,VLC,ES,"Valenciana, Comunidad",Valencia Airport,39.4893,-0.481625
5756,LEVC,LFPO,1,Europe,Southern Europe,Spain,VLC,ES,"Valenciana, Comunidad",Valencia Airport,39.4893,-0.481625,Europe,Western Europe,France,ORY,FR,Ile-de-France,Aéroport de Paris-Orly,48.7231,2.35944
5757,LEVC,LFRS,2,Europe,Southern Europe,Spain,VLC,ES,"Valenciana, Comunidad",Valencia Airport,39.4893,-0.481625,Europe,Western Europe,France,NTE,FR,Pays-de-la-Loire,Nantes Atlantique Airport,47.1532,-1.61073
5758,LEVC,LIPY,1,Europe,Southern Europe,Spain,VLC,ES,"Valenciana, Comunidad",Valencia Airport,39.4893,-0.481625,Europe,Southern Europe,Italy,AOI,IT,Marche,Ancona Falconara Airport,43.6163,13.3623
5759,LEVC,LMML,1,Europe,Southern Europe,Spain,VLC,ES,"Valenciana, Comunidad",Valencia Airport,39.4893,-0.481625,Europe,Southern Europe,Malta,MLA,MT,Luqa,Malta International Airport (Luqa Airport),35.8575,14.4775
5760,LEVC,LROP,2,Europe,Southern Europe,Spain,VLC,ES,"Valenciana, Comunidad",Valencia Airport,39.4893,-0.481625,Europe,Eastern Europe,Romania,OTP,RO,Ilfov,Bucharest Henri Coandă International Airport,44.5711,26.085
5761,LEVD,EGPH,1,Europe,Southern Europe,Spain,VLL,ES,Castilla y Leon,Valladolid Airport,41.7061,-4.85194,Europe,United Kingdom,Scotland,EDI,GB,Scotland,Edinburgh Airport,55.95,-3.3725
5762,LEVD,GCLP,1,Europe,Southern Europe,Spain,VLL,ES,Castilla y Leon,Valladolid Airport,41.7061,-4.85194,Europe,Southern Europe,Spain,LPA,ES,Canarias,Gran Canaria Airport,27.9319,-15.3866
5764,LEVD,LFMN,1,Europe,Southern Europe,Spain,VLL,ES,Castilla y Leon,Valladolid Airport,41.7061,-4.85194,Europe,Western Europe,France,NCE,FR,Provence-Alpes-Cote-d'Azur,Nice Cote d'Azur Airport,43.6584,7.21587
5765,LEVD,LJLJ,1,Europe,Southern Europe,Spain,VLL,ES,Castilla y Leon,Valladolid Airport,41.7061,-4.85194,Europe,Southern Europe,Slovenia,LJU,SI,Cerklje na Gorenjskem,Ljubljana Joze Pucnik Airport (Brnik Airport),46.2237,14.4576
5767,LEVT,LEDA,1,Europe,Southern Europe,Spain,VIT,ES,Pais Vasco,Vitoria Airport,42.8828,-2.72447,Europe,Southern Europe,Spain,ILD,ES,Catalunya,Lleida-Alguaire Airport,41.7282,0.535023
5768,LEVT,LEMG,1,Europe,Southern Europe,Spain,VIT,ES,Pais Vasco,Vitoria Airport,42.8828,-2.72447,Europe,Southern Europe,Spain,AGP,ES,Andalucia,Malaga Airport,36.6749,-4.49911
5769,LEVT,LEPA,2,Europe,Southern Europe,Spain,VIT,ES,Pais Vasco,Vitoria Airport,42.8828,-2.72447,Europe,Southern Europe,Spain,PMI,ES,Illes Balears,Palma de Mallorca Airport,39.5517,2.73881
5770,LEVT,LPPT,1,Europe,Southern Europe,Spain,VIT,ES,Pais Vasco,Vitoria Airport,42.8828,-2.72447,Europe,Southern Europe,Portugal,LIS,PT,Lisboa,Lisbon Portela Airport,38.7813,-9.13592
5771,LEVX,GCRR,1,Europe,Southern Europe,Spain,VGO,ES,Galicia,Vigo-Peinador Airport,42.2318,-8.62677,Europe,Southern Europe,Spain,ACE,ES,Canarias,Lanzarote Airport,28.9455,-13.6052
5774,LEVX,LEBL,1,Europe,Southern Europe,Spain,VGO,ES,Galicia,Vigo-Peinador Airport,42.2318,-8.62677,Europe,Southern Europe,Spain,BCN,ES,Catalunya,Barcelona El Prat Airport,41.2971,2.07846
5775,LEVX,LEMD,2,Europe,Southern Europe,Spain,VGO,ES,Galicia,Vigo-Peinador Airport,42.2318,-8.62677,Europe,Southern Europe,Spain,MAD,ES,"Madrid, Comunidad de",Adolfo Suarez Madrid-Barajas Airport,40.4719,-3.56264
5776,LEVX,LEVX,1,Europe,Southern Europe,Spain,VGO,ES,Galicia,Vigo-Peinador Airport,42.2318,-8.62677,Europe,Southern Europe,Spain,VGO,ES,Galicia,Vigo-Peinador Airport,42.2318,-8.62677
5777,LEVX,LEXJ,1,Europe,Southern Europe,Spain,VGO,ES,Galicia,Vigo-Peinador Airport,42.2318,-8.62677,Europe,Southern Europe,Spain,SDR,ES,Cantabria,Santander Airport,43.4271,-3.82001
5779,LEZG,EGBB,1,Europe,Southern Europe,Spain,ZAZ,ES,Aragon,Zaragoza Airport,41.6662,-1.04155,Europe,United Kingdom,England,BHX,GB,England,Birmingham Airport,52.4539,-1.74803
5780,LEZG,EGPH,1,Europe,Southern Europe,Spain,ZAZ,ES,Aragon,Zaragoza Airport,41.6662,-1.04155,Europe,United Kingdom,Scotland,EDI,GB,Scotland,Edinburgh Airport,55.95,-3.3725
5781,LEZG,EGSS,1,Europe,Southern Europe,Spain,ZAZ,ES,Aragon,Zaragoza Airport,41.6662,-1.04155,Europe,United Kingdom,England,STN,GB,England,London Stansted Airport,51.885,0.235
5782,LEZG,GCXO,1,Europe,Southern Europe,Spain,ZAZ,ES,Aragon,Zaragoza Airport,41.6662,-1.04155,Europe,Southern Europe,Spain,TFN,ES,Canarias,Tenerife North Airport,28.4847,-16.3439
5786,LEZG,LBBG,1,Europe,Southern Europe,Spain,ZAZ,ES,Aragon,Zaragoza Airport,41.6662,-1.04155,Europe,Eastern Europe,Bulgaria,BOJ,BG,Burgas,Burgas Airport,42.5696,27.5152
5787,LEZG,LEPA,2,Europe,Southern Europe,Spain,ZAZ,ES,Aragon,Zaragoza Airport,41.6662,-1.04155,Europe,Southern Europe,Spain,PMI,ES,Illes Balears,Palma de Mallorca Airport,39.5517,2.73881
5788,LEZG,LEST,2,Europe,Southern Europe,Spain,ZAZ,ES,Aragon,Zaragoza Airport,41.6662,-1.04155,Europe,Southern Europe,Spain,SCQ,ES,Galicia,Santiago de Compostela Airport,42.8963,-8.41514
5789,LEZG,LGAV,1,Europe,Southern Europe,Spain,ZAZ,ES,Aragon,Zaragoza Airport,41.6662,-1.04155,Europe,Southern Europe,Greece,ATH,GR,Attiki,Athens International Airport (Eleftherios Venizelos Airport),37.9364,23.9445
5790,LEZG,LIME,1,Europe,Southern Europe,Spain,ZAZ,ES,Aragon,Zaragoza Airport,41.6662,-1.04155,Europe,Southern Europe,Italy,BGY,IT,Lombardia,Milan Bergamo Airport,45.66546,9.69948
5791,LEZG,LIRF,2,Europe,Southern Europe,Spain,ZAZ,ES,Aragon,Zaragoza Airport,41.6662,-1.04155,Europe,Southern Europe,Italy,FCO,IT,Lazio,Rome–Fiumicino International Airport,41.8003,12.2389
5792,LEZG,LJLJ,1,Europe,Southern Europe,Spain,ZAZ,ES,Aragon,Zaragoza Airport,41.6662,-1.04155,Europe,Southern Europe,Slovenia,LJU,SI,Cerklje na Gorenjskem,Ljubljana Joze Pucnik Airport (Brnik Airport),46.2237,14.4576
5794,LEZG,LRCL,1,Europe,Southern Europe,Spain,ZAZ,ES,Aragon,Zaragoza Airport,41.6662,-1.04155,Europe,Eastern Europe,Romania,CLJ,RO,Cluj,Cluj-Napoca International Airport,46.7852,23.6862
5795,LEZG,LROP,1,Europe,Southern Europe,Spain,ZAZ,ES,Aragon,Zaragoza Airport,41.6662,-1.04155,Europe,Eastern Europe,Romania,OTP,RO,Ilfov,Bucharest Henri Coandă International Airport,44.5711,26.085
5800,LEZL,EDFH,1,Europe,Southern Europe,Spain,SVQ,ES,Andalucia,Seville Airport,37.418,-5.89311,Europe,Central Europe,Germany,HHN,DE,Rheinland-Pfalz,Frankfurt-Hahn Airport,49.9487,7.26389
5801,LEZL,EGSS,1,Europe,Southern Europe,Spain,SVQ,ES,Andalucia,Seville Airport,37.418,-5.89311,Europe,United Kingdom,England,STN,GB,England,London Stansted Airport,51.885,0.235
5802,LEZL,EPWA,1,Europe,Southern Europe,Spain,SVQ,ES,Andalucia,Seville Airport,37.418,-5.89311,Europe,Central Europe,Poland,WAW,PL,Mazowieckie,Warsaw Chopin Airport,52.1657,20.9671
5803,LEZL,GCFV,1,Europe,Southern Europe,Spain,SVQ,ES,Andalucia,Seville Airport,37.418,-5.89311,Europe,Southern Europe,Spain,FUE,ES,Canarias,Fuerteventura Airport,28.4527,-13.8638
5805,LEZL,LEBB,1,Europe,Southern Europe,Spain,SVQ,ES,Andalucia,Seville Airport,37.418,-5.89311,Europe,Southern Europe,Spain,BIO,ES,Pais Vasco,Bilbao Airport,43.3011,-2.91061
5806,LEZL,LEBL,1,Europe,Southern Europe,Spain,SVQ,ES,Andalucia,Seville Airport,37.418,-5.89311,Europe,Southern Europe,Spain,BCN,ES,Catalunya,Barcelona El Prat Airport,41.2971,2.07846
5807,LEZL,LEMH,1,Europe,Southern Europe,Spain,SVQ,ES,Andalucia,Seville Airport,37.418,-5.89311,Europe,Southern Europe,Spain,MAH,ES,Illes Balears,Menorca Airport (Mahon Airport),39.8626,4.21865
5808,LEZL,LEPA,4,Europe,Southern Europe,Spain,SVQ,ES,Andalucia,Seville Airport,37.418,-5.89311,Europe,Southern Europe,Spain,PMI,ES,Illes Balears,Palma de Mallorca Airport,39.5517,2.73881
5809,LEZL,LEZL,5,Europe,Southern Europe,Spain,SVQ,ES,Andalucia,Seville Airport,37.418,-5.89311,Europe,Southern Europe,Spain,SVQ,ES,Andalucia,Seville Airport,37.418,-5.89311
5810,LEZL,LGAV,1,Europe,Southern Europe,Spain,SVQ,ES,Andalucia,Seville Airport,37.418,-5.89311,Europe,Southern Europe,Greece,ATH,GR,Attiki,Athens International Airport (Eleftherios Venizelos Airport),37.9364,23.9445
5811,LEZL,LROP,1,Europe,Southern Europe,Spain,SVQ,ES,Andalucia,Seville Airport,37.418,-5.89311,Europe,Eastern Europe,Romania,OTP,RO,Ilfov,Bucharest Henri Coandă International Airport,44.5711,26.085
5814,LFBD,BIKF,1,Europe,Western Europe,France,BOD,FR,Nouvelle-Aquitaine,Bordeaux-Merignac Airport,44.8283,-0.715556,Europe,Nordic Region,Iceland,KEF,IS,Sudurnes,Keflavík International Airport,63.985,-22.6056
5817,LFBD,EGPF,1,Europe,Western Europe,France,BOD,FR,Nouvelle-Aquitaine,Bordeaux-Merignac Airport,44.8283,-0.715556,Europe,United Kingdom,Scotland,GLA,GB,Scotland,Glasgow Airport,55.8719,-4.43306
5818,LFBD,EIDW,1,Europe,Western Europe,France,BOD,FR,Nouvelle-Aquitaine,Bordeaux-Merignac Airport,44.8283,-0.715556,Europe,Western Europe,Ireland,DUB,IE,Dublin,Dublin Airport,53.4213,-6.27007
5819,LFBD,ELLX,1,Europe,Western Europe,France,BOD,FR,Nouvelle-Aquitaine,Bordeaux-Merignac Airport,44.8283,-0.715556,Europe,Western Europe,Luxembourg,LUX,LU,Luxembourg,Luxembourg Findel Airport,49.6233,6.20444
5825,LFBD,LFQQ,1,Europe,Western Europe,France,BOD,FR,Nouvelle-Aquitaine,Bordeaux-Merignac Airport,44.8283,-0.715556,Europe,Western Europe,France,LIL,FR,Hauts-de-France,Lille Airport (Lille-Lesquin Airport),50.5633,3.08689
5826,LFBD,LFST,1,Europe,Western Europe,France,BOD,FR,Nouvelle-Aquitaine,Bordeaux-Merignac Airport,44.8283,-0.715556,Europe,Western Europe,France,SXB,FR,Grand-Est,Strasbourg Airport,48.5383,7.62823
5827,LFBD,LIEA,1,Europe,Western Europe,France,BOD,FR,Nouvelle-Aquitaine,Bordeaux-Merignac Airport,44.8283,-0.715556,Europe,Southern Europe,Italy,AHO,IT,Sardegna,Alghero-Fertilia Airport,40.6321,8.29077
5828,LFBD,LPMA,1,Europe,Western Europe,France,BOD,FR,Nouvelle-Aquitaine,Bordeaux-Merignac Airport,44.8283,-0.715556,Europe,Southern Europe,Portugal,FNC,PT,Regiao Autonoma da Madeira,Madeira Airport,32.6979,-16.7745
5831,LFBE,EGHH,1,Europe,Western Europe,France,EGC,FR,Nouvelle-Aquitaine,Bergerac Dordogne Perigord Airport,44.8253,0.518611,Europe,United Kingdom,England,BOH,GB,England,Bournemouth Airport,50.78,-1.8425
5832,LFBE,EHRD,1,Europe,Western Europe,France,EGC,FR,Nouvelle-Aquitaine,Bergerac Dordogne Perigord Airport,44.8253,0.518611,Europe,Western Europe,Netherlands,RTM,NL,Zuid-Holland,Rotterdam The Hague Airport,51.9569,4.43722
5833,LFBE,LFRS,1,Europe,Western Europe,France,EGC,FR,Nouvelle-Aquitaine,Bergerac Dordogne Perigord Airport,44.8253,0.518611,Europe,Western Europe,France,NTE,FR,Pays-de-la-Loire,Nantes Atlantique Airport,47.1532,-1.61073
5835,LFBH,LFBO,1,Europe,Western Europe,France,LRH,FR,Nouvelle-Aquitaine,La Rochelle - Ile de Re Airport,46.1792,-1.19528,Europe,Western Europe,France,TLS,FR,Occitanie,Toulouse-Blagnac Airport,43.6291,1.36382
5836,LFBH,LFML,1,Europe,Western Europe,France,LRH,FR,Nouvelle-Aquitaine,La Rochelle - Ile de Re Airport,46.1792,-1.19528,Europe,Western Europe,France,MRS,FR,Provence-Alpes-Cote-d'Azur,Marseille Provence Airport,43.4393,5.22142
5837,LFBH,LIBR,1,Europe,Western Europe,France,LRH,FR,Nouvelle-Aquitaine,La Rochelle - Ile de Re Airport,46.1792,-1.19528,Europe,Southern Europe,Italy,BDS,IT,Puglia,Brindisi - Salento Airport,40.6576,17.947
5838,LFBH,LPPR,1,Europe,Western Europe,France,LRH,FR,Nouvelle-Aquitaine,La Rochelle - Ile de Re Airport,46.1792,-1.19528,Europe,Southern Europe,Portugal,OPO,PT,Porto,Francisco Sá Carneiro Airport,41.2356,-8.67806
5839,LFBH,LSGG,1,Europe,Western Europe,France,LRH,FR,Nouvelle-Aquitaine,La Rochelle - Ile de Re Airport,46.1792,-1.19528,Europe,Central Europe,Switzerland,GVA,CH,Geneve,Geneva Airport,46.2381,6.10895
5840,LFBL,EDNY,1,Europe,Western Europe,France,LIG,FR,Nouvelle-Aquitaine,Limoges - Bellegarde Airport,45.8628,1.17944,Europe,Central Europe,Germany,FDH,DE,Baden-Wurttemberg,Friedrichshafen Airport (Bodensee Airport),47.6713,9.51149
5841,LFBL,LFPG,1,Europe,Western Europe,France,LIG,FR,Nouvelle-Aquitaine,Limoges - Bellegarde Airport,45.8628,1.17944,Europe,Western Europe,France,CDG,FR,Ile-de-France,Paris Charles de Gaulle Airport,49.0097,2.54778
5842,LFBO,BIKF,4,Europe,Western Europe,France,TLS,FR,Occitanie,Toulouse-Blagnac Airport,43.6291,1.36382,Europe,Nordic Region,Iceland,KEF,IS,Sudurnes,Keflavík International Airport,63.985,-22.6056
5845,LFBO,EBAW,1,Europe,Western Europe,France,TLS,FR,Occitanie,Toulouse-Blagnac Airport,43.6291,1.36382,Europe,Western Europe,Belgium,ANR,BE,Antwerpen,Antwerp International Airport,51.1894,4.46028
5846,LFBO,EBBR,1,Europe,Western Europe,France,TLS,FR,Occitanie,Toulouse-Blagnac Airport,43.6291,1.36382,Europe,Western Europe,Belgium,BRU,BE,Brussels Hoofdstedelijk Gewest,Brussels Airport (Zaventem Airport),50.9014,4.48444
5847,LFBO,EDDF,2,Europe,Western Europe,France,TLS,FR,Occitanie,Toulouse-Blagnac Airport,43.6291,1.36382,Europe,Central Europe,Germany,FRA,DE,Hessen,Frankfurt Airport,50.0333,8.57056
5848,LFBO,EDDM,3,Europe,Western Europe,France,TLS,FR,Occitanie,Toulouse-Blagnac Airport,43.6291,1.36382,Europe,Central Europe,Germany,MUC,DE,Bayern,Munich Airport,48.3538,11.7861
5849,LFBO,EGPH,1,Europe,Western Europe,France,TLS,FR,Occitanie,Toulouse-Blagnac Airport,43.6291,1.36382,Europe,United Kingdom,Scotland,EDI,GB,Scotland,Edinburgh Airport,55.95,-3.3725
5850,LFBO,EHAM,1,Europe,Western Europe,France,TLS,FR,Occitanie,Toulouse-Blagnac Airport,43.6291,1.36382,Europe,Western Europe,Netherlands,AMS,NL,Noord-Holland,Amsterdam Airport Schiphol,52.3086,4.76389
5851,LFBO,EKCH,2,Europe,Western Europe,France,TLS,FR,Occitanie,Toulouse-Blagnac Airport,43.6291,1.36382,Europe,Nordic Region,Denmark,CPH,DK,Hovedstaden,Copenhagen Airport,55.6179,12.656
5852,LFBO,GCRR,1,Europe,Western Europe,France,TLS,FR,Occitanie,Toulouse-Blagnac Airport,43.6291,1.36382,Europe,Southern Europe,Spain,ACE,ES,Canarias,Lanzarote Airport,28.9455,-13.6052
5858,LFBO,LEAL,1,Europe,Western Europe,France,TLS,FR,Occitanie,Toulouse-Blagnac Airport,43.6291,1.36382,Europe,Southern Europe,Spain,ALC,ES,"Valenciana, Comunidad",Alicante-Elche Airport,38.2822,-0.558156
5859,LFBO,LEAS,1,Europe,Western Europe,France,TLS,FR,Occitanie,Toulouse-Blagnac Airport,43.6291,1.36382,Europe,Southern Europe,Spain,OVD,ES,"Asturias, Principado de",Asturias Airport (Oviedo Airport),43.5636,-6.03462
5860,LFBO,LEIB,1,Europe,Western Europe,France,TLS,FR,Occitanie,Toulouse-Blagnac Airport,43.6291,1.36382,Europe,Southern Europe,Spain,IBZ,ES,Illes Balears,Ibiza Airport,38.8729,1.37312
5861,LFBO,LEMD,2,Europe,Western Europe,France,TLS,FR,Occitanie,Toulouse-Blagnac Airport,43.6291,1.36382,Europe,Southern Europe,Spain,MAD,ES,"Madrid, Comunidad de",Adolfo Suarez Madrid-Barajas Airport,40.4719,-3.56264
5862,LFBO,LFBO,10,Europe,Western Europe,France,TLS,FR,Occitanie,Toulouse-Blagnac Airport,43.6291,1.36382,Europe,Western Europe,France,TLS,FR,Occitanie,Toulouse-Blagnac Airport,43.6291,1.36382
5863,LFBO,LFCR,1,Europe,Western Europe,France,TLS,FR,Occitanie,Toulouse-Blagnac Airport,43.6291,1.36382,Europe,Western Europe,France,RDZ,FR,Occitanie,Rodez-Marcillac Airport,44.4079,2.48267
5864,LFBO,LFKB,1,Europe,Western Europe,France,TLS,FR,Occitanie,Toulouse-Blagnac Airport,43.6291,1.36382,Europe,Western Europe,France,BIA,FR,Corse,Bastia - Poretta Airport,42.5527,9.48373
5865,LFBO,LFKF,1,Europe,Western Europe,France,TLS,FR,Occitanie,Toulouse-Blagnac Airport,43.6291,1.36382,Europe,Western Europe,France,FSC,FR,Corse,Figari-Sud Corse Airport,41.5006,9.09778
5866,LFBO,LFKJ,2,Europe,Western Europe,France,TLS,FR,Occitanie,Toulouse-Blagnac Airport,43.6291,1.36382,Europe,Western Europe,France,AJA,FR,Corse,Ajaccio Napoleon Bonaparte Airport,41.9236,8.80292
5867,LFBO,LFLL,1,Europe,Western Europe,France,TLS,FR,Occitanie,Toulouse-Blagnac Airport,43.6291,1.36382,Europe,Western Europe,France,LYS,FR,Auvergne-Rhone-Alpes,Lyon-Saint-Exupery Airport,45.7256,5.08111
5868,LFBO,LFMN,1,Europe,Western Europe,France,TLS,FR,Occitanie,Toulouse-Blagnac Airport,43.6291,1.36382,Europe,Western Europe,France,NCE,FR,Provence-Alpes-Cote-d'Azur,Nice Cote d'Azur Airport,43.6584,7.21587
5869,LFBO,LFMP,1,Europe,Western Europe,France,TLS,FR,Occitanie,Toulouse-Blagnac Airport,43.6291,1.36382,Europe,Western Europe,France,PGF,FR,Occitanie,Perpignan-Rivesaltes Airport,42.7404,2.87067
5870,LFBO,LFOK,2,Europe,Western Europe,France,TLS,FR,Occitanie,Toulouse-Blagnac Airport,43.6291,1.36382,Europe,Western Europe,France,XCR,FR,Grand-Est,Chalons Vatry Airport,48.7806,4.1883
5871,LFBO,LFPG,2,Europe,Western Europe,France,TLS,FR,Occitanie,Toulouse-Blagnac Airport,43.6291,1.36382,Europe,Western Europe,France,CDG,FR,Ile-de-France,Paris Charles de Gaulle Airport,49.0097,2.54778
5872,LFBO,LFPO,4,Europe,Western Europe,France,TLS,FR,Occitanie,Toulouse-Blagnac Airport,43.6291,1.36382,Europe,Western Europe,France,ORY,FR,Ile-de-France,Aéroport de Paris-Orly,48.7231,2.35944
5873,LFBO,LFQQ,1,Europe,Western Europe,France,TLS,FR,Occitanie,Toulouse-Blagnac Airport,43.6291,1.36382,Europe,Western Europe,France,LIL,FR,Hauts-de-France,Lille Airport (Lille-Lesquin Airport),50.5633,3.08689
5874,LFBO,LFST,1,Europe,Western Europe,France,TLS,FR,Occitanie,Toulouse-Blagnac Airport,43.6291,1.36382,Europe,Western Europe,France,SXB,FR,Grand-Est,Strasbourg Airport,48.5383,7.62823
5875,LFBO,LGAV,1,Europe,Western Europe,France,TLS,FR,Occitanie,Toulouse-Blagnac Airport,43.6291,1.36382,Europe,Southern Europe,Greece,ATH,GR,Attiki,Athens International Airport (Eleftherios Venizelos Airport),37.9364,23.9445
5876,LFBO,LIBR,1,Europe,Western Europe,France,TLS,FR,Occitanie,Toulouse-Blagnac Airport,43.6291,1.36382,Europe,Southern Europe,Italy,BDS,IT,Puglia,Brindisi - Salento Airport,40.6576,17.947
5877,LFBO,LIEO,1,Europe,Western Europe,France,TLS,FR,Occitanie,Toulouse-Blagnac Airport,43.6291,1.36382,Europe,Southern Europe,Italy,OLB,IT,Sardegna,Olbia Costa Smeralda Airport,40.8987,9.51763
5878,LFBO,LIRF,1,Europe,Western Europe,France,TLS,FR,Occitanie,Toulouse-Blagnac Airport,43.6291,1.36382,Europe,Southern Europe,Italy,FCO,IT,Lazio,Rome–Fiumicino International Airport,41.8003,12.2389
5879,LFBO,LJLJ,1,Europe,Western Europe,France,TLS,FR,Occitanie,Toulouse-Blagnac Airport,43.6291,1.36382,Europe,Southern Europe,Slovenia,LJU,SI,Cerklje na Gorenjskem,Ljubljana Joze Pucnik Airport (Brnik Airport),46.2237,14.4576
5880,LFBO,LOWS,1,Europe,Western Europe,France,TLS,FR,Occitanie,Toulouse-Blagnac Airport,43.6291,1.36382,Europe,Central Europe,Austria,SZG,AT,Salzburg,Salzburg Airport,47.7933,13.0043
5881,LFBO,LPPR,1,Europe,Western Europe,France,TLS,FR,Occitanie,Toulouse-Blagnac Airport,43.6291,1.36382,Europe,Southern Europe,Portugal,OPO,PT,Porto,Francisco Sá Carneiro Airport,41.2356,-8.67806
5882,LFBO,LPPT,2,Europe,Western Europe,France,TLS,FR,Occitanie,Toulouse-Blagnac Airport,43.6291,1.36382,Europe,Southern Europe,Portugal,LIS,PT,Lisboa,Lisbon Portela Airport,38.7813,-9.13592
5883,LFBO,LSGG,1,Europe,Western Europe,France,TLS,FR,Occitanie,Toulouse-Blagnac Airport,43.6291,1.36382,Europe,Central Europe,Switzerland,GVA,CH,Geneve,Geneva Airport,46.2381,6.10895
5884,LFBO,LSZH,1,Europe,Western Europe,France,TLS,FR,Occitanie,Toulouse-Blagnac Airport,43.6291,1.36382,Europe,Central Europe,Switzerland,ZRH,CH,Zurich,Zurich Airport,47.4647,8.54917
5896,LFBZ,EGGP,1,Europe,Western Europe,France,BIQ,FR,Nouvelle-Aquitaine,Biarritz Pays Basque Airport,43.4683,-1.53111,Europe,United Kingdom,England,LPL,GB,England,Liverpool John Lennon Airport,53.3336,-2.84972
5897,LFBZ,EGGW,1,Europe,Western Europe,France,BIQ,FR,Nouvelle-Aquitaine,Biarritz Pays Basque Airport,43.4683,-1.53111,Europe,United Kingdom,England,LTN,GB,England,London Luton Airport,51.8747,-0.368333
5898,LFBZ,EGPH,1,Europe,Western Europe,France,BIQ,FR,Nouvelle-Aquitaine,Biarritz Pays Basque Airport,43.4683,-1.53111,Europe,United Kingdom,Scotland,EDI,GB,Scotland,Edinburgh Airport,55.95,-3.3725
5899,LFBZ,ESSA,1,Europe,Western Europe,France,BIQ,FR,Nouvelle-Aquitaine,Biarritz Pays Basque Airport,43.4683,-1.53111,Europe,Nordic Region,Sweden,ARN,SE,Stockholms lan,Stockholm Arlanda Airport,59.6519,17.9186
5903,LFBZ,LEMD,1,Europe,Western Europe,France,BIQ,FR,Nouvelle-Aquitaine,Biarritz Pays Basque Airport,43.4683,-1.53111,Europe,Southern Europe,Spain,MAD,ES,"Madrid, Comunidad de",Adolfo Suarez Madrid-Barajas Airport,40.4719,-3.56264
5904,LFBZ,LFLL,2,Europe,Western Europe,France,BIQ,FR,Nouvelle-Aquitaine,Biarritz Pays Basque Airport,43.4683,-1.53111,Europe,Western Europe,France,LYS,FR,Auvergne-Rhone-Alpes,Lyon-Saint-Exupery Airport,45.7256,5.08111
5905,LFBZ,LFML,1,Europe,Western Europe,France,BIQ,FR,Nouvelle-Aquitaine,Biarritz Pays Basque Airport,43.4683,-1.53111,Europe,Western Europe,France,MRS,FR,Provence-Alpes-Cote-d'Azur,Marseille Provence Airport,43.4393,5.22142
5906,LFBZ,LFMN,1,Europe,Western Europe,France,BIQ,FR,Nouvelle-Aquitaine,Biarritz Pays Basque Airport,43.4683,-1.53111,Europe,Western Europe,France,NCE,FR,Provence-Alpes-Cote-d'Azur,Nice Cote d'Azur Airport,43.6584,7.21587
5907,LFBZ,LFPO,1,Europe,Western Europe,France,BIQ,FR,Nouvelle-Aquitaine,Biarritz Pays Basque Airport,43.4683,-1.53111,Europe,Western Europe,France,ORY,FR,Ile-de-France,Aéroport de Paris-Orly,48.7231,2.35944
5908,LFBZ,LICT,1,Europe,Western Europe,France,BIQ,FR,Nouvelle-Aquitaine,Biarritz Pays Basque Airport,43.4683,-1.53111,Europe,Southern Europe,Italy,TPS,IT,Sicilia,Vincenzo Florio Airport,37.9114,12.488
5909,LFBZ,LIRP,1,Europe,Western Europe,France,BIQ,FR,Nouvelle-Aquitaine,Biarritz Pays Basque Airport,43.4683,-1.53111,Europe,Southern Europe,Italy,PSA,IT,Toscana,Pisa International Airport (Galileo Galilei Airport),43.6839,10.3927
5910,LFBZ,LSZH,1,Europe,Western Europe,France,BIQ,FR,Nouvelle-Aquitaine,Biarritz Pays Basque Airport,43.4683,-1.53111,Europe,Central Europe,Switzerland,ZRH,CH,Zurich,Zurich Airport,47.4647,8.54917
5911,LFCR,EIDW,1,Europe,Western Europe,France,RDZ,FR,Occitanie,Rodez-Marcillac Airport,44.4079,2.48267,Europe,Western Europe,Ireland,DUB,IE,Dublin,Dublin Airport,53.4213,-6.27007
5912,LFCR,LEPA,1,Europe,Western Europe,France,RDZ,FR,Occitanie,Rodez-Marcillac Airport,44.4079,2.48267,Europe,Southern Europe,Spain,PMI,ES,Illes Balears,Palma de Mallorca Airport,39.5517,2.73881
5913,LFCR,LFKB,1,Europe,Western Europe,France,RDZ,FR,Occitanie,Rodez-Marcillac Airport,44.4079,2.48267,Europe,Western Europe,France,BIA,FR,Corse,Bastia - Poretta Airport,42.5527,9.48373
5914,LFCR,LFKF,1,Europe,Western Europe,France,RDZ,FR,Occitanie,Rodez-Marcillac Airport,44.4079,2.48267,Europe,Western Europe,France,FSC,FR,Corse,Figari-Sud Corse Airport,41.5006,9.09778
5915,LFCR,LFKJ,1,Europe,Western Europe,France,RDZ,FR,Occitanie,Rodez-Marcillac Airport,44.4079,2.48267,Europe,Western Europe,France,AJA,FR,Corse,Ajaccio Napoleon Bonaparte Airport,41.9236,8.80292
5916,LFCR,LFML,1,Europe,Western Europe,France,RDZ,FR,Occitanie,Rodez-Marcillac Airport,44.4079,2.48267,Europe,Western Europe,France,MRS,FR,Provence-Alpes-Cote-d'Azur,Marseille Provence Airport,43.4393,5.22142
5917,LFCR,LFPO,2,Europe,Western Europe,France,RDZ,FR,Occitanie,Rodez-Marcillac Airport,44.4079,2.48267,Europe,Western Europe,France,ORY,FR,Ile-de-France,Aéroport de Paris-Orly,48.7231,2.35944
5918,LFCR,LFQQ,1,Europe,Western Europe,France,RDZ,FR,Occitanie,Rodez-Marcillac Airport,44.4079,2.48267,Europe,Western Europe,France,LIL,FR,Hauts-de-France,Lille Airport (Lille-Lesquin Airport),50.5633,3.08689
5919,LFCR,LPPR,2,Europe,Western Europe,France,RDZ,FR,Occitanie,Rodez-Marcillac Airport,44.4079,2.48267,Europe,Southern Europe,Portugal,OPO,PT,Porto,Francisco Sá Carneiro Airport,41.2356,-8.67806
5920,LFCR,LSGG,1,Europe,Western Europe,France,RDZ,FR,Occitanie,Rodez-Marcillac Airport,44.4079,2.48267,Europe,Central Europe,Switzerland,GVA,CH,Geneve,Geneva Airport,46.2381,6.10895
5923,LFKB,LFBO,1,Europe,Western Europe,France,BIA,FR,Corse,Bastia - Poretta Airport,42.5527,9.48373,Europe,Western Europe,France,TLS,FR,Occitanie,Toulouse-Blagnac Airport,43.6291,1.36382
5924,LFKB,LFCR,1,Europe,Western Europe,France,BIA,FR,Corse,Bastia - Poretta Airport,42.5527,9.48373,Europe,Western Europe,France,RDZ,FR,Occitanie,Rodez-Marcillac Airport,44.4079,2.48267
5925,LFKB,LFLL,1,Europe,Western Europe,France,BIA,FR,Corse,Bastia - Poretta Airport,42.5527,9.48373,Europe,Western Europe,France,LYS,FR,Auvergne-Rhone-Alpes,Lyon-Saint-Exupery Airport,45.7256,5.08111
5926,LFKB,LFPO,20,Europe,Western Europe,France,BIA,FR,Corse,Bastia - Poretta Airport,42.5527,9.48373,Europe,Western Europe,France,ORY,FR,Ile-de-France,Aéroport de Paris-Orly,48.7231,2.35944
5927,LFKB,LFST,1,Europe,Western Europe,France,BIA,FR,Corse,Bastia - Poretta Airport,42.5527,9.48373,Europe,Western Europe,France,SXB,FR,Grand-Est,Strasbourg Airport,48.5383,7.62823
5930,LFKF,EGGW,1,Europe,Western Europe,France,FSC,FR,Corse,Figari-Sud Corse Airport,41.5006,9.09778,Europe,United Kingdom,England,LTN,GB,England,London Luton Airport,51.8747,-0.368333
5931,LFKF,EGLL,3,Europe,Western Europe,France,FSC,FR,Corse,Figari-Sud Corse Airport,41.5006,9.09778,Europe,United Kingdom,England,LHR,GB,England,Heathrow Airport,51.4775,-0.461389
5932,LFKF,ELLX,1,Europe,Western Europe,France,FSC,FR,Corse,Figari-Sud Corse Airport,41.5006,9.09778,Europe,Western Europe,Luxembourg,LUX,LU,Luxembourg,Luxembourg Findel Airport,49.6233,6.20444
5936,LFKF,LFBO,1,Europe,Western Europe,France,FSC,FR,Corse,Figari-Sud Corse Airport,41.5006,9.09778,Europe,Western Europe,France,TLS,FR,Occitanie,Toulouse-Blagnac Airport,43.6291,1.36382
5937,LFKF,LFCR,1,Europe,Western Europe,France,FSC,FR,Corse,Figari-Sud Corse Airport,41.5006,9.09778,Europe,Western Europe,France,RDZ,FR,Occitanie,Rodez-Marcillac Airport,44.4079,2.48267
5938,LFKF,LFLL,1,Europe,Western Europe,France,FSC,FR,Corse,Figari-Sud Corse Airport,41.5006,9.09778,Europe,Western Europe,France,LYS,FR,Auvergne-Rhone-Alpes,Lyon-Saint-Exupery Airport,45.7256,5.08111
5939,LFKF,LFOB,1,Europe,Western Europe,France,FSC,FR,Corse,Figari-Sud Corse Airport,41.5006,9.09778,Europe,Western Europe,France,BVA,FR,Hauts-de-France,Beauvais–Tillé Airport,49.45444,2.11277
5940,LFKF,LFQQ,1,Europe,Western Europe,France,FSC,FR,Corse,Figari-Sud Corse Airport,41.5006,9.09778,Europe,Western Europe,France,LIL,FR,Hauts-de-France,Lille Airport (Lille-Lesquin Airport),50.5633,3.08689
5941,LFKF,LFRS,1,Europe,Western Europe,France,FSC,FR,Corse,Figari-Sud Corse Airport,41.5006,9.09778,Europe,Western Europe,France,NTE,FR,Pays-de-la-Loire,Nantes Atlantique Airport,47.1532,-1.61073
5942,LFKF,LIEO,2,Europe,Western Europe,France,FSC,FR,Corse,Figari-Sud Corse Airport,41.5006,9.09778,Europe,Southern Europe,Italy,OLB,IT,Sardegna,Olbia Costa Smeralda Airport,40.8987,9.51763
5943,LFKF,LIML,1,Europe,Western Europe,France,FSC,FR,Corse,Figari-Sud Corse Airport,41.5006,9.09778,Europe,Southern Europe,Italy,LIN,IT,Lombardia,Milan-Linate Airport,45.4494,9.2783
5944,LFKF,LSGG,1,Europe,Western Europe,France,FSC,FR,Corse,Figari-Sud Corse Airport,41.5006,9.09778,Europe,Central Europe,Switzerland,GVA,CH,Geneve,Geneva Airport,46.2381,6.10895
5945,LFKF,LSZH,1,Europe,Western Europe,France,FSC,FR,Corse,Figari-Sud Corse Airport,41.5006,9.09778,Europe,Central Europe,Switzerland,ZRH,CH,Zurich,Zurich Airport,47.4647,8.54917
5946,LFKF,LSZR,1,Europe,Western Europe,France,FSC,FR,Corse,Figari-Sud Corse Airport,41.5006,9.09778,Europe,Central Europe,Switzerland,ACH,CH,Sankt Gallen,St. Gallen-Altenrhein Airport,47.485,9.56077
5947,LFKJ,EBBR,1,Europe,Western Europe,France,AJA,FR,Corse,Ajaccio Napoleon Bonaparte Airport,41.9236,8.80292,Europe,Western Europe,Belgium,BRU,BE,Brussels Hoofdstedelijk Gewest,Brussels Airport (Zaventem Airport),50.9014,4.48444
5948,LFKJ,LFBO,1,Europe,Western Europe,France,AJA,FR,Corse,Ajaccio Napoleon Bonaparte Airport,41.9236,8.80292,Europe,Western Europe,France,TLS,FR,Occitanie,Toulouse-Blagnac Airport,43.6291,1.36382
5949,LFKJ,LFCR,2,Europe,Western Europe,France,AJA,FR,Corse,Ajaccio Napoleon Bonaparte Airport,41.9236,8.80292,Europe,Western Europe,France,RDZ,FR,Occitanie,Rodez-Marcillac Airport,44.4079,2.48267
5950,LFKJ,LFQQ,1,Europe,Western Europe,France,AJA,FR,Corse,Ajaccio Napoleon Bonaparte Airport,41.9236,8.80292,Europe,Western Europe,France,LIL,FR,Hauts-de-France,Lille Airport (Lille-Lesquin Airport),50.5633,3.08689
5951,LFKJ,LFRB,1,Europe,Western Europe,France,AJA,FR,Corse,Ajaccio Napoleon Bonaparte Airport,41.9236,8.80292,Europe,Western Europe,France,BES,FR,Bretagne,Brest Bretagne Airport,48.4479,-4.41854
5952,LFKJ,LFST,1,Europe,Western Europe,France,AJA,FR,Corse,Ajaccio Napoleon Bonaparte Airport,41.9236,8.80292,Europe,Western Europe,France,SXB,FR,Grand-Est,Strasbourg Airport,48.5383,7.62823
5955,LFLB,LFCR,1,Europe,Western Europe,France,CMF,FR,Auvergne-Rhone-Alpes,Chambery-Savoie Airport,45.6381,5.88023,Europe,Western Europe,France,RDZ,FR,Occitanie,Rodez-Marcillac Airport,44.4079,2.48267
5956,LFLB,LFKB,1,Europe,Western Europe,France,CMF,FR,Auvergne-Rhone-Alpes,Chambery-Savoie Airport,45.6381,5.88023,Europe,Western Europe,France,BIA,FR,Corse,Bastia - Poretta Airport,42.5527,9.48373
5961,LFLL,EGKK,1,Europe,Western Europe,France,LYS,FR,Auvergne-Rhone-Alpes,Lyon-Saint-Exupery Airport,45.7256,5.08111,Europe,United Kingdom,England,LGW,GB,England,Gatwick Airport,51.1481,-0.190278
5962,LFLL,EKCH,1,Europe,Western Europe,France,LYS,FR,Auvergne-Rhone-Alpes,Lyon-Saint-Exupery Airport,45.7256,5.08111,Europe,Nordic Region,Denmark,CPH,DK,Hovedstaden,Copenhagen Airport,55.6179,12.656
5968,LFLL,LFBD,1,Europe,Western Europe,France,LYS,FR,Auvergne-Rhone-Alpes,Lyon-Saint-Exupery Airport,45.7256,5.08111,Europe,Western Europe,France,BOD,FR,Nouvelle-Aquitaine,Bordeaux-Merignac Airport,44.8283,-0.715556
5969,LFLL,LFBH,1,Europe,Western Europe,France,LYS,FR,Auvergne-Rhone-Alpes,Lyon-Saint-Exupery Airport,45.7256,5.08111,Europe,Western Europe,France,LRH,FR,Nouvelle-Aquitaine,La Rochelle - Ile de Re Airport,46.1792,-1.19528
5970,LFLL,LFBO,3,Europe,Western Europe,France,LYS,FR,Auvergne-Rhone-Alpes,Lyon-Saint-Exupery Airport,45.7256,5.08111,Europe,Western Europe,France,TLS,FR,Occitanie,Toulouse-Blagnac Airport,43.6291,1.36382
5971,LFLL,LFBZ,2,Europe,Western Europe,France,LYS,FR,Auvergne-Rhone-Alpes,Lyon-Saint-Exupery Airport,45.7256,5.08111,Europe,Western Europe,France,BIQ,FR,Nouvelle-Aquitaine,Biarritz Pays Basque Airport,43.4683,-1.53111
5972,LFLL,LFKB,1,Europe,Western Europe,France,LYS,FR,Auvergne-Rhone-Alpes,Lyon-Saint-Exupery Airport,45.7256,5.08111,Europe,Western Europe,France,BIA,FR,Corse,Bastia - Poretta Airport,42.5527,9.48373
5973,LFLL,LFKF,1,Europe,Western Europe,France,LYS,FR,Auvergne-Rhone-Alpes,Lyon-Saint-Exupery Airport,45.7256,5.08111,Europe,Western Europe,France,FSC,FR,Corse,Figari-Sud Corse Airport,41.5006,9.09778
5974,LFLL,LFPG,1,Europe,Western Europe,France,LYS,FR,Auvergne-Rhone-Alpes,Lyon-Saint-Exupery Airport,45.7256,5.08111,Europe,Western Europe,France,CDG,FR,Ile-de-France,Paris Charles de Gaulle Airport,49.0097,2.54778
5975,LFLL,LFRB,1,Europe,Western Europe,France,LYS,FR,Auvergne-Rhone-Alpes,Lyon-Saint-Exupery Airport,45.7256,5.08111,Europe,Western Europe,France,BES,FR,Bretagne,Brest Bretagne Airport,48.4479,-4.41854
5976,LFLL,LFRS,3,Europe,Western Europe,France,LYS,FR,Auvergne-Rhone-Alpes,Lyon-Saint-Exupery Airport,45.7256,5.08111,Europe,Western Europe,France,NTE,FR,Pays-de-la-Loire,Nantes Atlantique Airport,47.1532,-1.61073
5977,LFLL,LIMC,1,Europe,Western Europe,France,LYS,FR,Auvergne-Rhone-Alpes,Lyon-Saint-Exupery Airport,45.7256,5.08111,Europe,Southern Europe,Italy,MXP,IT,Lombardia,Milan-Malpensa Airport,45.6306,8.72811
5978,LFLL,LPFR,1,Europe,Western Europe,France,LYS,FR,Auvergne-Rhone-Alpes,Lyon-Saint-Exupery Airport,45.7256,5.08111,Europe,Southern Europe,Portugal,FAO,PT,Faro,Faro Airport,37.0144,-7.96591
5979,LFLL,LPPR,1,Europe,Western Europe,France,LYS,FR,Auvergne-Rhone-Alpes,Lyon-Saint-Exupery Airport,45.7256,5.08111,Europe,Southern Europe,Portugal,OPO,PT,Porto,Francisco Sá Carneiro Airport,41.2356,-8.67806
5981,LFLS,LFLS,1,Europe,Western Europe,France,GNB,FR,Auvergne-Rhone-Alpes,Grenoble-Isere Airport,45.3629,5.32937,Europe,Western Europe,France,GNB,FR,Auvergne-Rhone-Alpes,Grenoble-Isere Airport,45.3629,5.32937
5982,LFLS,LFST,1,Europe,Western Europe,France,GNB,FR,Auvergne-Rhone-Alpes,Grenoble-Isere Airport,45.3629,5.32937,Europe,Western Europe,France,SXB,FR,Grand-Est,Strasbourg Airport,48.5383,7.62823
5984,LFMH,LFPG,1,Europe,Western Europe,France,EBU,FR,Auvergne-Rhone-Alpes,Saint-Etienne-Boutheon Airport,45.5406,4.29639,Europe,Western Europe,France,CDG,FR,Ile-de-France,Paris Charles de Gaulle Airport,49.0097,2.54778
5985,LFMH,LYPG,1,Europe,Western Europe,France,EBU,FR,Auvergne-Rhone-Alpes,Saint-Etienne-Boutheon Airport,45.5406,4.29639,Europe,Eastern Europe,Montenegro,TGD,ME,Podgorica,Podgorica Airport,42.3594,19.2519
5986,LFMK,LFBO,1,Europe,Western Europe,France,CCF,FR,Occitanie,Carcassonne Airport,43.216,2.30632,Europe,Western Europe,France,TLS,FR,Occitanie,Toulouse-Blagnac Airport,43.6291,1.36382
5990,LFML,EBAW,1,Europe,Western Europe,France,MRS,FR,Provence-Alpes-Cote-d'Azur,Marseille Provence Airport,43.4393,5.22142,Europe,Western Europe,Belgium,ANR,BE,Antwerpen,Antwerp International Airport,51.1894,4.46028
5991,LFML,EBBR,1,Europe,Western Europe,France,MRS,FR,Provence-Alpes-Cote-d'Azur,Marseille Provence Airport,43.4393,5.22142,Europe,Western Europe,Belgium,BRU,BE,Brussels Hoofdstedelijk Gewest,Brussels Airport (Zaventem Airport),50.9014,4.48444
5992,LFML,EBCI,1,Europe,Western Europe,France,MRS,FR,Provence-Alpes-Cote-d'Azur,Marseille Provence Airport,43.4393,5.22142,Europe,Western Europe,Belgium,CRL,BE,Hainaut,Brussels South Charleroi Airport,50.4592,4.45382
5993,LFML,EGGD,1,Europe,Western Europe,France,MRS,FR,Provence-Alpes-Cote-d'Azur,Marseille Provence Airport,43.4393,5.22142,Europe,United Kingdom,England,BRS,GB,England,Bristol Airport,51.3827,-2.71909
5994,LFML,EGGW,2,Europe,Western Europe,France,MRS,FR,Provence-Alpes-Cote-d'Azur,Marseille Provence Airport,43.4393,5.22142,Europe,United Kingdom,England,LTN,GB,England,London Luton Airport,51.8747,-0.368333
5995,LFML,EGSS,2,Europe,Western Europe,France,MRS,FR,Provence-Alpes-Cote-d'Azur,Marseille Provence Airport,43.4393,5.22142,Europe,United Kingdom,England,STN,GB,England,London Stansted Airport,51.885,0.235
6006,LFML,LDSP,1,Europe,Western Europe,France,MRS,FR,Provence-Alpes-Cote-d'Azur,Marseille Provence Airport,43.4393,5.22142,Europe,Southern Europe,Croatia,SPU,HR,Splitsko-dalmatinska zupanija,Split Airport,43.5389,16.298
6007,LFML,LFBD,1,Europe,Western Europe,France,MRS,FR,Provence-Alpes-Cote-d'Azur,Marseille Provence Airport,43.4393,5.22142,Europe,Western Europe,France,BOD,FR,Nouvelle-Aquitaine,Bordeaux-Merignac Airport,44.8283,-0.715556
6008,LFML,LFBH,1,Europe,Western Europe,France,MRS,FR,Provence-Alpes-Cote-d'Azur,Marseille Provence Airport,43.4393,5.22142,Europe,Western Europe,France,LRH,FR,Nouvelle-Aquitaine,La Rochelle - Ile de Re Airport,46.1792,-1.19528
6009,LFML,LFBZ,1,Europe,Western Europe,France,MRS,FR,Provence-Alpes-Cote-d'Azur,Marseille Provence Airport,43.4393,5.22142,Europe,Western Europe,France,BIQ,FR,Nouvelle-Aquitaine,Biarritz Pays Basque Airport,43.4683,-1.53111
6010,LFML,LFML,1,Europe,Western Europe,France,MRS,FR,Provence-Alpes-Cote-d'Azur,Marseille Provence Airport,43.4393,5.22142,Europe,Western Europe,France,MRS,FR,Provence-Alpes-Cote-d'Azur,Marseille Provence Airport,43.4393,5.22142
6011,LFML,LFMN,1,Europe,Western Europe,France,MRS,FR,Provence-Alpes-Cote-d'Azur,Marseille Provence Airport,43.4393,5.22142,Europe,Western Europe,France,NCE,FR,Provence-Alpes-Cote-d'Azur,Nice Cote d'Azur Airport,43.6584,7.21587
6012,LFML,LFPO,1,Europe,Western Europe,France,MRS,FR,Provence-Alpes-Cote-d'Azur,Marseille Provence Airport,43.4393,5.22142,Europe,Western Europe,France,ORY,FR,Ile-de-France,Aéroport de Paris-Orly,48.7231,2.35944
6013,LFML,LFQQ,1,Europe,Western Europe,France,MRS,FR,Provence-Alpes-Cote-d'Azur,Marseille Provence Airport,43.4393,5.22142,Europe,Western Europe,France,LIL,FR,Hauts-de-France,Lille Airport (Lille-Lesquin Airport),50.5633,3.08689
6014,LFML,LFRS,1,Europe,Western Europe,France,MRS,FR,Provence-Alpes-Cote-d'Azur,Marseille Provence Airport,43.4393,5.22142,Europe,Western Europe,France,NTE,FR,Pays-de-la-Loire,Nantes Atlantique Airport,47.1532,-1.61073
6015,LFML,LFST,1,Europe,Western Europe,France,MRS,FR,Provence-Alpes-Cote-d'Azur,Marseille Provence Airport,43.4393,5.22142,Europe,Western Europe,France,SXB,FR,Grand-Est,Strasbourg Airport,48.5383,7.62823
6016,LFML,LGIR,1,Europe,Western Europe,France,MRS,FR,Provence-Alpes-Cote-d'Azur,Marseille Provence Airport,43.4393,5.22142,Europe,Southern Europe,Greece,HER,GR,Kriti,Heraklion International Airport (Nikos Kazantzakis Airport),35.3397,25.1803
6017,LFML,LGSR,1,Europe,Western Europe,France,MRS,FR,Provence-Alpes-Cote-d'Azur,Marseille Provence Airport,43.4393,5.22142,Europe,Southern Europe,Greece,JTR,GR,Notio Aigaio,Santorini (Thira) National Airport,36.3992,25.4793
6018,LFML,LHBP,1,Europe,Western Europe,France,MRS,FR,Provence-Alpes-Cote-d'Azur,Marseille Provence Airport,43.4393,5.22142,Europe,Central Europe,Hungary,BUD,HU,Budapest,Budapest Ferenc Liszt International Airport,47.4298,19.2611
6019,LFML,LIBR,1,Europe,Western Europe,France,MRS,FR,Provence-Alpes-Cote-d'Azur,Marseille Provence Airport,43.4393,5.22142,Europe,Southern Europe,Italy,BDS,IT,Puglia,Brindisi - Salento Airport,40.6576,17.947
6020,LFML,LPFR,2,Europe,Western Europe,France,MRS,FR,Provence-Alpes-Cote-d'Azur,Marseille Provence Airport,43.4393,5.22142,Europe,Southern Europe,Portugal,FAO,PT,Faro,Faro Airport,37.0144,-7.96591
6021,LFML,LPPT,1,Europe,Western Europe,France,MRS,FR,Provence-Alpes-Cote-d'Azur,Marseille Provence Airport,43.4393,5.22142,Europe,Southern Europe,Portugal,LIS,PT,Lisboa,Lisbon Portela Airport,38.7813,-9.13592
6022,LFML,LYTV,1,Europe,Western Europe,France,MRS,FR,Provence-Alpes-Cote-d'Azur,Marseille Provence Airport,43.4393,5.22142,Europe,Eastern Europe,Montenegro,TIV,ME,Tivat,Tivat Airport,42.4047,18.7233
6024,LFMN,BIKF,2,Europe,Western Europe,France,NCE,FR,Provence-Alpes-Cote-d'Azur,Nice Cote d'Azur Airport,43.6584,7.21587,Europe,Nordic Region,Iceland,KEF,IS,Sudurnes,Keflavík International Airport,63.985,-22.6056
6031,LFMN,EBAW,1,Europe,Western Europe,France,NCE,FR,Provence-Alpes-Cote-d'Azur,Nice Cote d'Azur Airport,43.6584,7.21587,Europe,Western Europe,Belgium,ANR,BE,Antwerpen,Antwerp International Airport,51.1894,4.46028
6032,LFMN,EBBR,2,Europe,Western Europe,France,NCE,FR,Provence-Alpes-Cote-d'Azur,Nice Cote d'Azur Airport,43.6584,7.21587,Europe,Western Europe,Belgium,BRU,BE,Brussels Hoofdstedelijk Gewest,Brussels Airport (Zaventem Airport),50.9014,4.48444
6033,LFMN,EDDB,2,Europe,Western Europe,France,NCE,FR,Provence-Alpes-Cote-d'Azur,Nice Cote d'Azur Airport,43.6584,7.21587,Europe,Central Europe,Germany,BER,DE,Brandenburg,Berlin Brandenburg Airport,52.3514,13.4939
6034,LFMN,EDDF,2,Europe,Western Europe,France,NCE,FR,Provence-Alpes-Cote-d'Azur,Nice Cote d'Azur Airport,43.6584,7.21587,Europe,Central Europe,Germany,FRA,DE,Hessen,Frankfurt Airport,50.0333,8.57056
6035,LFMN,EDDL,1,Europe,Western Europe,France,NCE,FR,Provence-Alpes-Cote-d'Azur,Nice Cote d'Azur Airport,43.6584,7.21587,Europe,Central Europe,Germany,DUS,DE,Nordrhein-Westfalen,Dusseldorf Airport,51.2895,6.76678
6036,LFMN,EDDM,5,Europe,Western Europe,France,NCE,FR,Provence-Alpes-Cote-d'Azur,Nice Cote d'Azur Airport,43.6584,7.21587,Europe,Central Europe,Germany,MUC,DE,Bayern,Munich Airport,48.3538,11.7861
6037,LFMN,EGGW,3,Europe,Western Europe,France,NCE,FR,Provence-Alpes-Cote-d'Azur,Nice Cote d'Azur Airport,43.6584,7.21587,Europe,United Kingdom,England,LTN,GB,England,London Luton Airport,51.8747,-0.368333
6038,LFMN,EGKK,2,Europe,Western Europe,France,NCE,FR,Provence-Alpes-Cote-d'Azur,Nice Cote d'Azur Airport,43.6584,7.21587,Europe,United Kingdom,England,LGW,GB,England,Gatwick Airport,51.1481,-0.190278
6039,LFMN,EGPF,1,Europe,Western Europe,France,NCE,FR,Provence-Alpes-Cote-d'Azur,Nice Cote d'Azur Airport,43.6584,7.21587,Europe,United Kingdom,Scotland,GLA,GB,Scotland,Glasgow Airport,55.8719,-4.43306
6040,LFMN,EGPH,1,Europe,Western Europe,France,NCE,FR,Provence-Alpes-Cote-d'Azur,Nice Cote d'Azur Airport,43.6584,7.21587,Europe,United Kingdom,Scotland,EDI,GB,Scotland,Edinburgh Airport,55.95,-3.3725
6041,LFMN,EGSS,9,Europe,Western Europe,France,NCE,FR,Provence-Alpes-Cote-d'Azur,Nice Cote d'Azur Airport,43.6584,7.21587,Europe,United Kingdom,England,STN,GB,England,London Stansted Airport,51.885,0.235
6042,LFMN,EIDW,1,Europe,Western Europe,France,NCE,FR,Provence-Alpes-Cote-d'Azur,Nice Cote d'Azur Airport,43.6584,7.21587,Europe,Western Europe,Ireland,DUB,IE,Dublin,Dublin Airport,53.4213,-6.27007
6043,LFMN,EINN,1,Europe,Western Europe,France,NCE,FR,Provence-Alpes-Cote-d'Azur,Nice Cote d'Azur Airport,43.6584,7.21587,Europe,Western Europe,Ireland,SNN,IE,Clare,Shannon Airport,52.702,-8.92482
6044,LFMN,ELLX,1,Europe,Western Europe,France,NCE,FR,Provence-Alpes-Cote-d'Azur,Nice Cote d'Azur Airport,43.6584,7.21587,Europe,Western Europe,Luxembourg,LUX,LU,Luxembourg,Luxembourg Findel Airport,49.6233,6.20444
6045,LFMN,ESGG,1,Europe,Western Europe,France,NCE,FR,Provence-Alpes-Cote-d'Azur,Nice Cote d'Azur Airport,43.6584,7.21587,Europe,Nordic Region,Sweden,GOT,SE,Vastra Gotalands lan,Goteborg Landvetter Airport,57.6628,12.2798
6046,LFMN,ESSA,1,Europe,Western Europe,France,NCE,FR,Provence-Alpes-Cote-d'Azur,Nice Cote d'Azur Airport,43.6584,7.21587,Europe,Nordic Region,Sweden,ARN,SE,Stockholms lan,Stockholm Arlanda Airport,59.6519,17.9186
6047,LFMN,GCTS,3,Europe,Western Europe,France,NCE,FR,Provence-Alpes-Cote-d'Azur,Nice Cote d'Azur Airport,43.6584,7.21587,Europe,Southern Europe,Spain,TFS,ES,Canarias,Tenerife South Airport,28.046,-16.5728
6085,LFMN,LATI,1,Europe,Western Europe,France,NCE,FR,Provence-Alpes-Cote-d'Azur,Nice Cote d'Azur Airport,43.6584,7.21587,Europe,Eastern Europe,Albania,TIA,IR,Azarbayjan-e Gharbi,Tirana International Airport,41.4147,19.7206
6086,LFMN,LBSF,2,Europe,Western Europe,France,NCE,FR,Provence-Alpes-Cote-d'Azur,Nice Cote d'Azur Airport,43.6584,7.21587,Europe,Eastern Europe,Bulgaria,SOF,BG,Sofia,Sofia Airport,42.6967,23.4114
6088,LFMN,LDZD,1,Europe,Western Europe,France,NCE,FR,Provence-Alpes-Cote-d'Azur,Nice Cote d'Azur Airport,43.6584,7.21587,Europe,Southern Europe,Croatia,ZAD,HR,Zadarska zupanija,Zadar Airport,44.1083,15.3467
6089,LFMN,LECO,1,Europe,Western Europe,France,NCE,FR,Provence-Alpes-Cote-d'Azur,Nice Cote d'Azur Airport,43.6584,7.21587,Europe,Southern Europe,Spain,LCG,ES,Galicia,A Coruna Airport,43.3021,-8.37726
6090,LFMN,LEMD,2,Europe,Western Europe,France,NCE,FR,Provence-Alpes-Cote-d'Azur,Nice Cote d'Azur Airport,43.6584,7.21587,Europe,Southern Europe,Spain,MAD,ES,"Madrid, Comunidad de",Adolfo Suarez Madrid-Barajas Airport,40.4719,-3.56264
6091,LFMN,LEST,1,Europe,Western Europe,France,NCE,FR,Provence-Alpes-Cote-d'Azur,Nice Cote d'Azur Airport,43.6584,7.21587,Europe,Southern Europe,Spain,SCQ,ES,Galicia,Santiago de Compostela Airport,42.8963,-8.41514
6092,LFMN,LEVC,1,Europe,Western Europe,France,NCE,FR,Provence-Alpes-Cote-d'Azur,Nice Cote d'Azur Airport,43.6584,7.21587,Europe,Southern Europe,Spain,VLC,ES,"Valenciana, Comunidad",Valencia Airport,39.4893,-0.481625
6093,LFMN,LFBD,1,Europe,Western Europe,France,NCE,FR,Provence-Alpes-Cote-d'Azur,Nice Cote d'Azur Airport,43.6584,7.21587,Europe,Western Europe,France,BOD,FR,Nouvelle-Aquitaine,Bordeaux-Merignac Airport,44.8283,-0.715556
6094,LFMN,LFBO,1,Europe,Western Europe,France,NCE,FR,Provence-Alpes-Cote-d'Azur,Nice Cote d'Azur Airport,43.6584,7.21587,Europe,Western Europe,France,TLS,FR,Occitanie,Toulouse-Blagnac Airport,43.6291,1.36382
6095,LFMN,LFBZ,1,Europe,Western Europe,France,NCE,FR,Provence-Alpes-Cote-d'Azur,Nice Cote d'Azur Airport,43.6584,7.21587,Europe,Western Europe,France,BIQ,FR,Nouvelle-Aquitaine,Biarritz Pays Basque Airport,43.4683,-1.53111
6096,LFMN,LFLL,1,Europe,Western Europe,France,NCE,FR,Provence-Alpes-Cote-d'Azur,Nice Cote d'Azur Airport,43.6584,7.21587,Europe,Western Europe,France,LYS,FR,Auvergne-Rhone-Alpes,Lyon-Saint-Exupery Airport,45.7256,5.08111
6097,LFMN,LFLS,4,Europe,Western Europe,France,NCE,FR,Provence-Alpes-Cote-d'Azur,Nice Cote d'Azur Airport,43.6584,7.21587,Europe,Western Europe,France,GNB,FR,Auvergne-Rhone-Alpes,Grenoble-Isere Airport,45.3629,5.32937
6098,LFMN,LFML,1,Europe,Western Europe,France,NCE,FR,Provence-Alpes-Cote-d'Azur,Nice Cote d'Azur Airport,43.6584,7.21587,Europe,Western Europe,France,MRS,FR,Provence-Alpes-Cote-d'Azur,Marseille Provence Airport,43.4393,5.22142
6099,LFMN,LFPG,4,Europe,Western Europe,France,NCE,FR,Provence-Alpes-Cote-d'Azur,Nice Cote d'Azur Airport,43.6584,7.21587,Europe,Western Europe,France,CDG,FR,Ile-de-France,Paris Charles de Gaulle Airport,49.0097,2.54778
6100,LFMN,LFPO,5,Europe,Western Europe,France,NCE,FR,Provence-Alpes-Cote-d'Azur,Nice Cote d'Azur Airport,43.6584,7.21587,Europe,Western Europe,France,ORY,FR,Ile-de-France,Aéroport de Paris-Orly,48.7231,2.35944
6101,LFMN,LFQQ,2,Europe,Western Europe,France,NCE,FR,Provence-Alpes-Cote-d'Azur,Nice Cote d'Azur Airport,43.6584,7.21587,Europe,Western Europe,France,LIL,FR,Hauts-de-France,Lille Airport (Lille-Lesquin Airport),50.5633,3.08689
6102,LFMN,LFRB,1,Europe,Western Europe,France,NCE,FR,Provence-Alpes-Cote-d'Azur,Nice Cote d'Azur Airport,43.6584,7.21587,Europe,Western Europe,France,BES,FR,Bretagne,Brest Bretagne Airport,48.4479,-4.41854
6103,LFMN,LFSB,3,Europe,Western Europe,France,NCE,FR,Provence-Alpes-Cote-d'Azur,Nice Cote d'Azur Airport,43.6584,7.21587,Europe,Western Europe,France,BSL,CH,Basel-City,EuroAirport Basel Mulhouse Freiburg,47.59,7.52916
6104,LFMN,LFSB,3,Europe,Western Europe,France,NCE,FR,Provence-Alpes-Cote-d'Azur,Nice Cote d'Azur Airport,43.6584,7.21587,Europe,Central Europe,Switzerland,BSL,CH,Basel-City,EuroAirport Basel Mulhouse Freiburg,47.59,7.52916
6105,LFMN,LFST,1,Europe,Western Europe,France,NCE,FR,Provence-Alpes-Cote-d'Azur,Nice Cote d'Azur Airport,43.6584,7.21587,Europe,Western Europe,France,SXB,FR,Grand-Est,Strasbourg Airport,48.5383,7.62823
6106,LFMN,LGAV,2,Europe,Western Europe,France,NCE,FR,Provence-Alpes-Cote-d'Azur,Nice Cote d'Azur Airport,43.6584,7.21587,Europe,Southern Europe,Greece,ATH,GR,Attiki,Athens International Airport (Eleftherios Venizelos Airport),37.9364,23.9445
6107,LFMN,LGIR,1,Europe,Western Europe,France,NCE,FR,Provence-Alpes-Cote-d'Azur,Nice Cote d'Azur Airport,43.6584,7.21587,Europe,Southern Europe,Greece,HER,GR,Kriti,Heraklion International Airport (Nikos Kazantzakis Airport),35.3397,25.1803
6108,LFMN,LGKF,1,Europe,Western Europe,France,NCE,FR,Provence-Alpes-Cote-d'Azur,Nice Cote d'Azur Airport,43.6584,7.21587,Europe,Southern Europe,Greece,EFL,GR,Ionia Nisia,Kefalonia International Airport,38.1201,20.5005
6109,LFMN,LGMK,1,Europe,Western Europe,France,NCE,FR,Provence-Alpes-Cote-d'Azur,Nice Cote d'Azur Airport,43.6584,7.21587,Europe,Southern Europe,Greece,JMK,GR,Notio Aigaio,Mykonos Island National Airport,37.4351,25.3481
6110,LFMN,LGSA,1,Europe,Western Europe,France,NCE,FR,Provence-Alpes-Cote-d'Azur,Nice Cote d'Azur Airport,43.6584,7.21587,Europe,Southern Europe,Greece,CHQ,GR,Kriti,Chania International Airport,35.5317,24.1497
6111,LFMN,LHBP,1,Europe,Western Europe,France,NCE,FR,Provence-Alpes-Cote-d'Azur,Nice Cote d'Azur Airport,43.6584,7.21587,Europe,Central Europe,Hungary,BUD,HU,Budapest,Budapest Ferenc Liszt International Airport,47.4298,19.2611
6112,LFMN,LIEO,2,Europe,Western Europe,France,NCE,FR,Provence-Alpes-Cote-d'Azur,Nice Cote d'Azur Airport,43.6584,7.21587,Europe,Southern Europe,Italy,OLB,IT,Sardegna,Olbia Costa Smeralda Airport,40.8987,9.51763
6113,LFMN,LIMC,3,Europe,Western Europe,France,NCE,FR,Provence-Alpes-Cote-d'Azur,Nice Cote d'Azur Airport,43.6584,7.21587,Europe,Southern Europe,Italy,MXP,IT,Lombardia,Milan-Malpensa Airport,45.6306,8.72811
6114,LFMN,LIMF,1,Europe,Western Europe,France,NCE,FR,Provence-Alpes-Cote-d'Azur,Nice Cote d'Azur Airport,43.6584,7.21587,Europe,Southern Europe,Italy,TRN,IT,Piemonte,Turin Airport (Caselle Airport),45.2008,7.64963
6115,LFMN,LIMJ,1,Europe,Western Europe,France,NCE,FR,Provence-Alpes-Cote-d'Azur,Nice Cote d'Azur Airport,43.6584,7.21587,Europe,Southern Europe,Italy,GOA,IT,Liguria,Genoa Cristoforo Colombo Airport,44.4133,8.8375
6116,LFMN,LKPR,2,Europe,Western Europe,France,NCE,FR,Provence-Alpes-Cote-d'Azur,Nice Cote d'Azur Airport,43.6584,7.21587,Europe,Central Europe,Czech Republic,PRG,CZ,Stredocesky kraj,Vaclav Havel Airport Prague,50.1008,14.26
6118,LFMN,LOWK,1,Europe,Western Europe,France,NCE,FR,Provence-Alpes-Cote-d'Azur,Nice Cote d'Azur Airport,43.6584,7.21587,Europe,Central Europe,Austria,KLU,AT,Karnten,Klagenfurt Airport,46.6425,14.3377
6119,LFMN,LOWW,2,Europe,Western Europe,France,NCE,FR,Provence-Alpes-Cote-d'Azur,Nice Cote d'Azur Airport,43.6584,7.21587,Europe,Central Europe,Austria,VIE,AT,Niederosterreich,Vienna International Airport,48.1103,16.5697
6120,LFMN,LSGG,9,Europe,Western Europe,France,NCE,FR,Provence-Alpes-Cote-d'Azur,Nice Cote d'Azur Airport,43.6584,7.21587,Europe,Central Europe,Switzerland,GVA,CH,Geneve,Geneva Airport,46.2381,6.10895
6123,LFMN,LSZA,1,Europe,Western Europe,France,NCE,FR,Provence-Alpes-Cote-d'Azur,Nice Cote d'Azur Airport,43.6584,7.21587,Europe,Central Europe,Switzerland,LUG,CH,Ticino,Lugano Airport,46.0043,8.91058
6124,LFMN,LSZB,1,Europe,Western Europe,France,NCE,FR,Provence-Alpes-Cote-d'Azur,Nice Cote d'Azur Airport,43.6584,7.21587,Europe,Central Europe,Switzerland,BRN,CH,Bern,Bern Airport,46.9141,7.49715
6125,LFMN,LSZH,2,Europe,Western Europe,France,NCE,FR,Provence-Alpes-Cote-d'Azur,Nice Cote d'Azur Airport,43.6584,7.21587,Europe,Central Europe,Switzerland,ZRH,CH,Zurich,Zurich Airport,47.4647,8.54917
6127,LFMN,LUKK,1,Europe,Western Europe,France,NCE,FR,Provence-Alpes-Cote-d'Azur,Nice Cote d'Azur Airport,43.6584,7.21587,Europe,Eastern Europe,Moldova,RMO,MD,Chisinau,Chisinau International Airport,46.9277,28.931
6128,LFMN,LYTV,1,Europe,Western Europe,France,NCE,FR,Provence-Alpes-Cote-d'Azur,Nice Cote d'Azur Airport,43.6584,7.21587,Europe,Eastern Europe,Montenegro,TIV,ME,Tivat,Tivat Airport,42.4047,18.7233
6143,LFMP,LFBO,1,Europe,Western Europe,France,PGF,FR,Occitanie,Perpignan-Rivesaltes Airport,42.7404,2.87067,Europe,Western Europe,France,TLS,FR,Occitanie,Toulouse-Blagnac Airport,43.6291,1.36382
6144,LFMP,LFKJ,1,Europe,Western Europe,France,PGF,FR,Occitanie,Perpignan-Rivesaltes Airport,42.7404,2.87067,Europe,Western Europe,France,AJA,FR,Corse,Ajaccio Napoleon Bonaparte Airport,41.9236,8.80292
6145,LFMP,LFQQ,1,Europe,Western Europe,France,PGF,FR,Occitanie,Perpignan-Rivesaltes Airport,42.7404,2.87067,Europe,Western Europe,France,LIL,FR,Hauts-de-France,Lille Airport (Lille-Lesquin Airport),50.5633,3.08689
6146,LFMU,EGBB,1,Europe,Western Europe,France,BZR,FR,Occitanie,Beziers Cap d'Agde Airport,43.3235,3.3539,Europe,United Kingdom,England,BHX,GB,England,Birmingham Airport,52.4539,-1.74803
6147,LFMU,EGPH,1,Europe,Western Europe,France,BZR,FR,Occitanie,Beziers Cap d'Agde Airport,43.3235,3.3539,Europe,United Kingdom,Scotland,EDI,GB,Scotland,Edinburgh Airport,55.95,-3.3725
6148,LFMU,LEMG,1,Europe,Western Europe,France,BZR,FR,Occitanie,Beziers Cap d'Agde Airport,43.3235,3.3539,Europe,Southern Europe,Spain,AGP,ES,Andalucia,Malaga Airport,36.6749,-4.49911
6149,LFOB,EGBB,1,Europe,Western Europe,France,BVA,FR,Hauts-de-France,Beauvais–Tillé Airport,49.45444,2.11277,Europe,United Kingdom,England,BHX,GB,England,Birmingham Airport,52.4539,-1.74803
6150,LFOB,EGCC,2,Europe,Western Europe,France,BVA,FR,Hauts-de-France,Beauvais–Tillé Airport,49.45444,2.11277,Europe,United Kingdom,England,MAN,GB,England,Manchester Airport,53.3537,-2.27495
6151,LFOB,EGSS,1,Europe,Western Europe,France,BVA,FR,Hauts-de-France,Beauvais–Tillé Airport,49.45444,2.11277,Europe,United Kingdom,England,STN,GB,England,London Stansted Airport,51.885,0.235
6152,LFOB,EHAM,1,Europe,Western Europe,France,BVA,FR,Hauts-de-France,Beauvais–Tillé Airport,49.45444,2.11277,Europe,Western Europe,Netherlands,AMS,NL,Noord-Holland,Amsterdam Airport Schiphol,52.3086,4.76389
6153,LFOB,EICK,1,Europe,Western Europe,France,BVA,FR,Hauts-de-France,Beauvais–Tillé Airport,49.45444,2.11277,Europe,Western Europe,Ireland,ORK,IE,Cork,Cork Airport,51.8413,-8.49111
6154,LFOB,EIDW,4,Europe,Western Europe,France,BVA,FR,Hauts-de-France,Beauvais–Tillé Airport,49.45444,2.11277,Europe,Western Europe,Ireland,DUB,IE,Dublin,Dublin Airport,53.4213,-6.27007
6155,LFOB,EPGD,1,Europe,Western Europe,France,BVA,FR,Hauts-de-France,Beauvais–Tillé Airport,49.45444,2.11277,Europe,Central Europe,Poland,GDN,PL,Pomorskie,Gdansk Lech Walesa Airport,54.3776,18.4662
6156,LFOB,EPKK,2,Europe,Western Europe,France,BVA,FR,Hauts-de-France,Beauvais–Tillé Airport,49.45444,2.11277,Europe,Central Europe,Poland,KRK,PL,Malopolskie,John Paul II International Airport Krakow-Balice,50.0777,19.7848
6157,LFOB,EPMO,1,Europe,Western Europe,France,BVA,FR,Hauts-de-France,Beauvais–Tillé Airport,49.45444,2.11277,Europe,Central Europe,Poland,WMI,PL,Mazowieckie,Warsaw Modlin Airport,52.4511,20.6518
6158,LFOB,EPPO,1,Europe,Western Europe,France,BVA,FR,Hauts-de-France,Beauvais–Tillé Airport,49.45444,2.11277,Europe,Central Europe,Poland,POZ,PL,Wielkopolskie,Poznań–Ławica Henryk Wieniawski Airport,52.421,16.8263
6159,LFOB,EPWR,1,Europe,Western Europe,France,BVA,FR,Hauts-de-France,Beauvais–Tillé Airport,49.45444,2.11277,Europe,Central Europe,Poland,WRO,PL,Dolnoslaskie,Copernicus Airport Wroclaw,51.1027,16.8858
6160,LFOB,EVRA,6,Europe,Western Europe,France,BVA,FR,Hauts-de-France,Beauvais–Tillé Airport,49.45444,2.11277,Europe,Nordic Region,Latvia,RIX,LV,Riga,Riga International Airport,56.9236,23.9711
6161,LFOB,EYKA,1,Europe,Western Europe,France,BVA,FR,Hauts-de-France,Beauvais–Tillé Airport,49.45444,2.11277,Europe,Nordic Region,Lithuania,KUN,LT,Kauno apskritis,Kaunas International Airport,54.9639,24.0848
6162,LFOB,GCTS,1,Europe,Western Europe,France,BVA,FR,Hauts-de-France,Beauvais–Tillé Airport,49.45444,2.11277,Europe,Southern Europe,Spain,TFS,ES,Canarias,Tenerife South Airport,28.046,-16.5728
6168,LFOB,LATI,2,Europe,Western Europe,France,BVA,FR,Hauts-de-France,Beauvais–Tillé Airport,49.45444,2.11277,Europe,Eastern Europe,Albania,TIA,IR,Azarbayjan-e Gharbi,Tirana International Airport,41.4147,19.7206
6170,LFOB,LDDU,1,Europe,Western Europe,France,BVA,FR,Hauts-de-France,Beauvais–Tillé Airport,49.45444,2.11277,Europe,Southern Europe,Croatia,DBV,HR,Dubrovacko-neretvanska zupanija,Dubrovnik Airport,42.5614,18.2682
6171,LFOB,LDZA,1,Europe,Western Europe,France,BVA,FR,Hauts-de-France,Beauvais–Tillé Airport,49.45444,2.11277,Europe,Southern Europe,Croatia,ZAG,HR,Grad Zagreb,Zagreb Airport,45.7429,16.0688
6172,LFOB,LEBL,2,Europe,Western Europe,France,BVA,FR,Hauts-de-France,Beauvais–Tillé Airport,49.45444,2.11277,Europe,Southern Europe,Spain,BCN,ES,Catalunya,Barcelona El Prat Airport,41.2971,2.07846
6173,LFOB,LEGE,1,Europe,Western Europe,France,BVA,FR,Hauts-de-France,Beauvais–Tillé Airport,49.45444,2.11277,Europe,Southern Europe,Spain,GRO,ES,Catalunya,Girona-Costa Brava Airport,41.901,2.76055
6174,LFOB,LEMD,1,Europe,Western Europe,France,BVA,FR,Hauts-de-France,Beauvais–Tillé Airport,49.45444,2.11277,Europe,Southern Europe,Spain,MAD,ES,"Madrid, Comunidad de",Adolfo Suarez Madrid-Barajas Airport,40.4719,-3.56264
6175,LFOB,LEMG,1,Europe,Western Europe,France,BVA,FR,Hauts-de-France,Beauvais–Tillé Airport,49.45444,2.11277,Europe,Southern Europe,Spain,AGP,ES,Andalucia,Malaga Airport,36.6749,-4.49911
6176,LFOB,LFKF,1,Europe,Western Europe,France,BVA,FR,Hauts-de-France,Beauvais–Tillé Airport,49.45444,2.11277,Europe,Western Europe,France,FSC,FR,Corse,Figari-Sud Corse Airport,41.5006,9.09778
6177,LFOB,LFMU,1,Europe,Western Europe,France,BVA,FR,Hauts-de-France,Beauvais–Tillé Airport,49.45444,2.11277,Europe,Western Europe,France,BZR,FR,Occitanie,Beziers Cap d'Agde Airport,43.3235,3.3539
6178,LFOB,LHBP,1,Europe,Western Europe,France,BVA,FR,Hauts-de-France,Beauvais–Tillé Airport,49.45444,2.11277,Europe,Central Europe,Hungary,BUD,HU,Budapest,Budapest Ferenc Liszt International Airport,47.4298,19.2611
6179,LFOB,LIBD,1,Europe,Western Europe,France,BVA,FR,Hauts-de-France,Beauvais–Tillé Airport,49.45444,2.11277,Europe,Southern Europe,Italy,BRI,IT,Puglia,Bari Karol Wojtyla Airport,41.1389,16.7606
6180,LFOB,LICA,1,Europe,Western Europe,France,BVA,FR,Hauts-de-France,Beauvais–Tillé Airport,49.45444,2.11277,Europe,Southern Europe,Italy,SUF,IT,Calabria,Lamezia Terme International Airport,38.9054,16.2423
6181,LFOB,LICC,2,Europe,Western Europe,France,BVA,FR,Hauts-de-France,Beauvais–Tillé Airport,49.45444,2.11277,Europe,Southern Europe,Italy,CTA,IT,Sicilia,Catania-Fontanarossa Airport,37.4668,15.0664
6182,LFOB,LICJ,1,Europe,Western Europe,France,BVA,FR,Hauts-de-France,Beauvais–Tillé Airport,49.45444,2.11277,Europe,Southern Europe,Italy,PMO,IT,Sicilia,Falcone-Borsellino Airport (Punta Raisi Airport),38.176,13.091
6183,LFOB,LIMC,3,Europe,Western Europe,France,BVA,FR,Hauts-de-France,Beauvais–Tillé Airport,49.45444,2.11277,Europe,Southern Europe,Italy,MXP,IT,Lombardia,Milan-Malpensa Airport,45.6306,8.72811
6184,LFOB,LIME,1,Europe,Western Europe,France,BVA,FR,Hauts-de-France,Beauvais–Tillé Airport,49.45444,2.11277,Europe,Southern Europe,Italy,BGY,IT,Lombardia,Milan Bergamo Airport,45.66546,9.69948
6185,LFOB,LIPE,1,Europe,Western Europe,France,BVA,FR,Hauts-de-France,Beauvais–Tillé Airport,49.45444,2.11277,Europe,Southern Europe,Italy,BLQ,IT,Emilia-Romagna,Bologna Guglielmo Marconi Airport,44.5354,11.2887
6186,LFOB,LIRF,1,Europe,Western Europe,France,BVA,FR,Hauts-de-France,Beauvais–Tillé Airport,49.45444,2.11277,Europe,Southern Europe,Italy,FCO,IT,Lazio,Rome–Fiumicino International Airport,41.8003,12.2389
6187,LFOB,LIRN,1,Europe,Western Europe,France,BVA,FR,Hauts-de-France,Beauvais–Tillé Airport,49.45444,2.11277,Europe,Southern Europe,Italy,NAP,IT,Campania,Naples International Airport,40.886,14.2908
6188,LFOB,LIRP,1,Europe,Western Europe,France,BVA,FR,Hauts-de-France,Beauvais–Tillé Airport,49.45444,2.11277,Europe,Southern Europe,Italy,PSA,IT,Toscana,Pisa International Airport (Galileo Galilei Airport),43.6839,10.3927
6189,LFOB,LOWW,1,Europe,Western Europe,France,BVA,FR,Hauts-de-France,Beauvais–Tillé Airport,49.45444,2.11277,Europe,Central Europe,Austria,VIE,AT,Niederosterreich,Vienna International Airport,48.1103,16.5697
6190,LFOB,LPFR,1,Europe,Western Europe,France,BVA,FR,Hauts-de-France,Beauvais–Tillé Airport,49.45444,2.11277,Europe,Southern Europe,Portugal,FAO,PT,Faro,Faro Airport,37.0144,-7.96591
6191,LFOB,LPMA,1,Europe,Western Europe,France,BVA,FR,Hauts-de-France,Beauvais–Tillé Airport,49.45444,2.11277,Europe,Southern Europe,Portugal,FNC,PT,Regiao Autonoma da Madeira,Madeira Airport,32.6979,-16.7745
6192,LFOB,LPPR,2,Europe,Western Europe,France,BVA,FR,Hauts-de-France,Beauvais–Tillé Airport,49.45444,2.11277,Europe,Southern Europe,Portugal,OPO,PT,Porto,Francisco Sá Carneiro Airport,41.2356,-8.67806
6193,LFOB,LPPT,1,Europe,Western Europe,France,BVA,FR,Hauts-de-France,Beauvais–Tillé Airport,49.45444,2.11277,Europe,Southern Europe,Portugal,LIS,PT,Lisboa,Lisbon Portela Airport,38.7813,-9.13592
6194,LFOB,LRCL,1,Europe,Western Europe,France,BVA,FR,Hauts-de-France,Beauvais–Tillé Airport,49.45444,2.11277,Europe,Eastern Europe,Romania,CLJ,RO,Cluj,Cluj-Napoca International Airport,46.7852,23.6862
6195,LFOB,LRIA,3,Europe,Western Europe,France,BVA,FR,Hauts-de-France,Beauvais–Tillé Airport,49.45444,2.11277,Europe,Eastern Europe,Romania,IAS,RO,Iasi,Iasi International Airport,47.1785,27.6206
6196,LFOB,LROP,3,Europe,Western Europe,France,BVA,FR,Hauts-de-France,Beauvais–Tillé Airport,49.45444,2.11277,Europe,Eastern Europe,Romania,OTP,RO,Ilfov,Bucharest Henri Coandă International Airport,44.5711,26.085
6197,LFOB,LRTR,1,Europe,Western Europe,France,BVA,FR,Hauts-de-France,Beauvais–Tillé Airport,49.45444,2.11277,Europe,Eastern Europe,Romania,TSR,RO,Timis,Timisoara Traian Vuia International Airport,45.8099,21.3379
6198,LFOB,LUKK,2,Europe,Western Europe,France,BVA,FR,Hauts-de-France,Beauvais–Tillé Airport,49.45444,2.11277,Europe,Eastern Europe,Moldova,RMO,MD,Chisinau,Chisinau International Airport,46.9277,28.931
6199,LFOB,LWSK,1,Europe,Western Europe,France,BVA,FR,Hauts-de-France,Beauvais–Tillé Airport,49.45444,2.11277,Europe,Eastern Europe,North Macedonia,SKP,MK,Skopje,Skopje Alexander the Great Airport,41.9616,21.6214
6203,LFOK,EDFH,1,Europe,Western Europe,France,XCR,FR,Grand-Est,Chalons Vatry Airport,48.7806,4.1883,Europe,Central Europe,Germany,HHN,DE,Rheinland-Pfalz,Frankfurt-Hahn Airport,49.9487,7.26389
6204,LFOK,EGLL,1,Europe,Western Europe,France,XCR,FR,Grand-Est,Chalons Vatry Airport,48.7806,4.1883,Europe,United Kingdom,England,LHR,GB,England,Heathrow Airport,51.4775,-0.461389
6208,LFOK,LFBL,1,Europe,Western Europe,France,XCR,FR,Grand-Est,Chalons Vatry Airport,48.7806,4.1883,Europe,Western Europe,France,LIG,FR,Nouvelle-Aquitaine,Limoges - Bellegarde Airport,45.8628,1.17944
6209,LFOK,LFBO,1,Europe,Western Europe,France,XCR,FR,Grand-Est,Chalons Vatry Airport,48.7806,4.1883,Europe,Western Europe,France,TLS,FR,Occitanie,Toulouse-Blagnac Airport,43.6291,1.36382
6210,LFOK,LFMN,1,Europe,Western Europe,France,XCR,FR,Grand-Est,Chalons Vatry Airport,48.7806,4.1883,Europe,Western Europe,France,NCE,FR,Provence-Alpes-Cote-d'Azur,Nice Cote d'Azur Airport,43.6584,7.21587
6211,LFOK,LSZH,1,Europe,Western Europe,France,XCR,FR,Grand-Est,Chalons Vatry Airport,48.7806,4.1883,Europe,Central Europe,Switzerland,ZRH,CH,Zurich,Zurich Airport,47.4647,8.54917
6215,LFOT,LFPG,1,Europe,Western Europe,France,TUF,FR,Centre-Val de Loire,Tours Val de Loire Airport,47.4322,0.727606,Europe,Western Europe,France,CDG,FR,Ile-de-France,Paris Charles de Gaulle Airport,49.0097,2.54778
6216,LFOT,LIBR,1,Europe,Western Europe,France,TUF,FR,Centre-Val de Loire,Tours Val de Loire Airport,47.4322,0.727606,Europe,Southern Europe,Italy,BDS,IT,Puglia,Brindisi - Salento Airport,40.6576,17.947
6217,LFOT,LIRF,1,Europe,Western Europe,France,TUF,FR,Centre-Val de Loire,Tours Val de Loire Airport,47.4322,0.727606,Europe,Southern Europe,Italy,FCO,IT,Lazio,Rome–Fiumicino International Airport,41.8003,12.2389
6218,LFOT,LSZB,1,Europe,Western Europe,France,TUF,FR,Centre-Val de Loire,Tours Val de Loire Airport,47.4322,0.727606,Europe,Central Europe,Switzerland,BRN,CH,Bern,Bern Airport,46.9141,7.49715
6220,LFPG,BIKF,2,Europe,Western Europe,France,CDG,FR,Ile-de-France,Paris Charles de Gaulle Airport,49.0097,2.54778,Europe,Nordic Region,Iceland,KEF,IS,Sudurnes,Keflavík International Airport,63.985,-22.6056
6231,LFPG,EBLG,1,Europe,Western Europe,France,CDG,FR,Ile-de-France,Paris Charles de Gaulle Airport,49.0097,2.54778,Europe,Western Europe,Belgium,LGG,BE,Liege,Liege Airport,50.6374,5.44322
6232,LFPG,EDDB,2,Europe,Western Europe,France,CDG,FR,Ile-de-France,Paris Charles de Gaulle Airport,49.0097,2.54778,Europe,Central Europe,Germany,BER,DE,Brandenburg,Berlin Brandenburg Airport,52.3514,13.4939
6233,LFPG,EDDF,2,Europe,Western Europe,France,CDG,FR,Ile-de-France,Paris Charles de Gaulle Airport,49.0097,2.54778,Europe,Central Europe,Germany,FRA,DE,Hessen,Frankfurt Airport,50.0333,8.57056
6234,LFPG,EDDH,1,Europe,Western Europe,France,CDG,FR,Ile-de-France,Paris Charles de Gaulle Airport,49.0097,2.54778,Europe,Central Europe,Germany,HAM,DE,Hamburg,Hamburg Airport,53.6304,9.98823
6235,LFPG,EDDS,1,Europe,Western Europe,France,CDG,FR,Ile-de-France,Paris Charles de Gaulle Airport,49.0097,2.54778,Europe,Central Europe,Germany,STR,DE,Baden-Wurttemberg,Stuttgart Airport,48.6899,9.22196
6236,LFPG,EFHK,1,Europe,Western Europe,France,CDG,FR,Ile-de-France,Paris Charles de Gaulle Airport,49.0097,2.54778,Europe,Nordic Region,Finland,HEL,FI,Uusimaa,Helsinki Airport (Helsinki-Vantaa Airport),60.3172,24.9633
6237,LFPG,EGBB,1,Europe,Western Europe,France,CDG,FR,Ile-de-France,Paris Charles de Gaulle Airport,49.0097,2.54778,Europe,United Kingdom,England,BHX,GB,England,Birmingham Airport,52.4539,-1.74803
6238,LFPG,EGJJ,1,Europe,Western Europe,France,CDG,FR,Ile-de-France,Paris Charles de Gaulle Airport,49.0097,2.54778,Europe,Western Europe,Jersey,JER,JE,Jersey,Jersey Airport,49.2081,-2.19528
6239,LFPG,EGKK,1,Europe,Western Europe,France,CDG,FR,Ile-de-France,Paris Charles de Gaulle Airport,49.0097,2.54778,Europe,United Kingdom,England,LGW,GB,England,Gatwick Airport,51.1481,-0.190278
6240,LFPG,EGNT,1,Europe,Western Europe,France,CDG,FR,Ile-de-France,Paris Charles de Gaulle Airport,49.0097,2.54778,Europe,United Kingdom,England,NCL,GB,England,Newcastle Airport,55.0375,-1.69167
6241,LFPG,EGNV,1,Europe,Western Europe,France,CDG,FR,Ile-de-France,Paris Charles de Gaulle Airport,49.0097,2.54778,Europe,United Kingdom,England,MME,GB,England,Teesside International Airport,54.5092,-1.42941
6242,LFPG,EGPH,2,Europe,Western Europe,France,CDG,FR,Ile-de-France,Paris Charles de Gaulle Airport,49.0097,2.54778,Europe,United Kingdom,Scotland,EDI,GB,Scotland,Edinburgh Airport,55.95,-3.3725
6243,LFPG,EHAM,4,Europe,Western Europe,France,CDG,FR,Ile-de-France,Paris Charles de Gaulle Airport,49.0097,2.54778,Europe,Western Europe,Netherlands,AMS,NL,Noord-Holland,Amsterdam Airport Schiphol,52.3086,4.76389
6244,LFPG,EICK,1,Europe,Western Europe,France,CDG,FR,Ile-de-France,Paris Charles de Gaulle Airport,49.0097,2.54778,Europe,Western Europe,Ireland,ORK,IE,Cork,Cork Airport,51.8413,-8.49111
6245,LFPG,ELLX,2,Europe,Western Europe,France,CDG,FR,Ile-de-France,Paris Charles de Gaulle Airport,49.0097,2.54778,Europe,Western Europe,Luxembourg,LUX,LU,Luxembourg,Luxembourg Findel Airport,49.6233,6.20444
6246,LFPG,ENGM,2,Europe,Western Europe,France,CDG,FR,Ile-de-France,Paris Charles de Gaulle Airport,49.0097,2.54778,Europe,Nordic Region,Norway,OSL,NO,Akershus,Oslo Airport,60.1939,11.1004
6247,LFPG,ENTC,1,Europe,Western Europe,France,CDG,FR,Ile-de-France,Paris Charles de Gaulle Airport,49.0097,2.54778,Europe,Nordic Region,Norway,TOS,NO,Troms,Tromse Airport,69.6833,18.9189
6248,LFPG,ENZV,1,Europe,Western Europe,France,CDG,FR,Ile-de-France,Paris Charles de Gaulle Airport,49.0097,2.54778,Europe,Nordic Region,Norway,SVG,NO,Rogaland,Stavanger Airport,58.8767,5.63778
6249,LFPG,EPWA,1,Europe,Western Europe,France,CDG,FR,Ile-de-France,Paris Charles de Gaulle Airport,49.0097,2.54778,Europe,Central Europe,Poland,WAW,PL,Mazowieckie,Warsaw Chopin Airport,52.1657,20.9671
6250,LFPG,ESSA,6,Europe,Western Europe,France,CDG,FR,Ile-de-France,Paris Charles de Gaulle Airport,49.0097,2.54778,Europe,Nordic Region,Sweden,ARN,SE,Stockholms lan,Stockholm Arlanda Airport,59.6519,17.9186
6254,LFPG,GCLP,1,Europe,Western Europe,France,CDG,FR,Ile-de-France,Paris Charles de Gaulle Airport,49.0097,2.54778,Europe,Southern Europe,Spain,LPA,ES,Canarias,Gran Canaria Airport,27.9319,-15.3866
6280,LFPG,LDSP,1,Europe,Western Europe,France,CDG,FR,Ile-de-France,Paris Charles de Gaulle Airport,49.0097,2.54778,Europe,Southern Europe,Croatia,SPU,HR,Splitsko-dalmatinska zupanija,Split Airport,43.5389,16.298
6281,LFPG,LEBL,2,Europe,Western Europe,France,CDG,FR,Ile-de-France,Paris Charles de Gaulle Airport,49.0097,2.54778,Europe,Southern Europe,Spain,BCN,ES,Catalunya,Barcelona El Prat Airport,41.2971,2.07846
6282,LFPG,LEIB,1,Europe,Western Europe,France,CDG,FR,Ile-de-France,Paris Charles de Gaulle Airport,49.0097,2.54778,Europe,Southern Europe,Spain,IBZ,ES,Illes Balears,Ibiza Airport,38.8729,1.37312
6283,LFPG,LEMD,5,Europe,Western Europe,France,CDG,FR,Ile-de-France,Paris Charles de Gaulle Airport,49.0097,2.54778,Europe,Southern Europe,Spain,MAD,ES,"Madrid, Comunidad de",Adolfo Suarez Madrid-Barajas Airport,40.4719,-3.56264
6284,LFPG,LEMG,1,Europe,Western Europe,France,CDG,FR,Ile-de-France,Paris Charles de Gaulle Airport,49.0097,2.54778,Europe,Southern Europe,Spain,AGP,ES,Andalucia,Malaga Airport,36.6749,-4.49911
6285,LFPG,LFBD,3,Europe,Western Europe,France,CDG,FR,Ile-de-France,Paris Charles de Gaulle Airport,49.0097,2.54778,Europe,Western Europe,France,BOD,FR,Nouvelle-Aquitaine,Bordeaux-Merignac Airport,44.8283,-0.715556
6286,LFPG,LFBO,8,Europe,Western Europe,France,CDG,FR,Ile-de-France,Paris Charles de Gaulle Airport,49.0097,2.54778,Europe,Western Europe,France,TLS,FR,Occitanie,Toulouse-Blagnac Airport,43.6291,1.36382
6287,LFPG,LFBP,1,Europe,Western Europe,France,CDG,FR,Ile-de-France,Paris Charles de Gaulle Airport,49.0097,2.54778,Europe,Western Europe,France,PUF,FR,Nouvelle-Aquitaine,Pau Pyrenees Airport,43.38,-0.418611
6288,LFPG,LFBZ,2,Europe,Western Europe,France,CDG,FR,Ile-de-France,Paris Charles de Gaulle Airport,49.0097,2.54778,Europe,Western Europe,France,BIQ,FR,Nouvelle-Aquitaine,Biarritz Pays Basque Airport,43.4683,-1.53111
6289,LFPG,LFKB,1,Europe,Western Europe,France,CDG,FR,Ile-de-France,Paris Charles de Gaulle Airport,49.0097,2.54778,Europe,Western Europe,France,BIA,FR,Corse,Bastia - Poretta Airport,42.5527,9.48373
6290,LFPG,LFLL,4,Europe,Western Europe,France,CDG,FR,Ile-de-France,Paris Charles de Gaulle Airport,49.0097,2.54778,Europe,Western Europe,France,LYS,FR,Auvergne-Rhone-Alpes,Lyon-Saint-Exupery Airport,45.7256,5.08111
6291,LFPG,LFML,3,Europe,Western Europe,France,CDG,FR,Ile-de-France,Paris Charles de Gaulle Airport,49.0097,2.54778,Europe,Western Europe,France,MRS,FR,Provence-Alpes-Cote-d'Azur,Marseille Provence Airport,43.4393,5.22142
6292,LFPG,LFMN,4,Europe,Western Europe,France,CDG,FR,Ile-de-France,Paris Charles de Gaulle Airport,49.0097,2.54778,Europe,Western Europe,France,NCE,FR,Provence-Alpes-Cote-d'Azur,Nice Cote d'Azur Airport,43.6584,7.21587
6293,LFPG,LFRD,1,Europe,Western Europe,France,CDG,FR,Ile-de-France,Paris Charles de Gaulle Airport,49.0097,2.54778,Europe,Western Europe,France,DNR,FR,Bretagne,Dinard-Pleurtuit-Saint-Malo Airport,48.5877,-2.07996
6294,LFPG,LFRS,2,Europe,Western Europe,France,CDG,FR,Ile-de-France,Paris Charles de Gaulle Airport,49.0097,2.54778,Europe,Western Europe,France,NTE,FR,Pays-de-la-Loire,Nantes Atlantique Airport,47.1532,-1.61073
6295,LFPG,LFSB,1,Europe,Western Europe,France,CDG,FR,Ile-de-France,Paris Charles de Gaulle Airport,49.0097,2.54778,Europe,Western Europe,France,BSL,CH,Basel-City,EuroAirport Basel Mulhouse Freiburg,47.59,7.52916
6296,LFPG,LFSB,1,Europe,Western Europe,France,CDG,FR,Ile-de-France,Paris Charles de Gaulle Airport,49.0097,2.54778,Europe,Central Europe,Switzerland,BSL,CH,Basel-City,EuroAirport Basel Mulhouse Freiburg,47.59,7.52916
6298,LFPG,LGAV,4,Europe,Western Europe,France,CDG,FR,Ile-de-France,Paris Charles de Gaulle Airport,49.0097,2.54778,Europe,Southern Europe,Greece,ATH,GR,Attiki,Athens International Airport (Eleftherios Venizelos Airport),37.9364,23.9445
6299,LFPG,LGIR,2,Europe,Western Europe,France,CDG,FR,Ile-de-France,Paris Charles de Gaulle Airport,49.0097,2.54778,Europe,Southern Europe,Greece,HER,GR,Kriti,Heraklion International Airport (Nikos Kazantzakis Airport),35.3397,25.1803
6300,LFPG,LGMK,1,Europe,Western Europe,France,CDG,FR,Ile-de-France,Paris Charles de Gaulle Airport,49.0097,2.54778,Europe,Southern Europe,Greece,JMK,GR,Notio Aigaio,Mykonos Island National Airport,37.4351,25.3481
6301,LFPG,LGSR,4,Europe,Western Europe,France,CDG,FR,Ile-de-France,Paris Charles de Gaulle Airport,49.0097,2.54778,Europe,Southern Europe,Greece,JTR,GR,Notio Aigaio,Santorini (Thira) National Airport,36.3992,25.4793
6302,LFPG,LIMC,1,Europe,Western Europe,France,CDG,FR,Ile-de-France,Paris Charles de Gaulle Airport,49.0097,2.54778,Europe,Southern Europe,Italy,MXP,IT,Lombardia,Milan-Malpensa Airport,45.6306,8.72811
6303,LFPG,LIRN,1,Europe,Western Europe,France,CDG,FR,Ile-de-France,Paris Charles de Gaulle Airport,49.0097,2.54778,Europe,Southern Europe,Italy,NAP,IT,Campania,Naples International Airport,40.886,14.2908
6304,LFPG,LIRQ,1,Europe,Western Europe,France,CDG,FR,Ile-de-France,Paris Charles de Gaulle Airport,49.0097,2.54778,Europe,Southern Europe,Italy,FLR,IT,Toscana,Florence Airport,43.81,11.2051
6305,LFPG,LKPR,2,Europe,Western Europe,France,CDG,FR,Ile-de-France,Paris Charles de Gaulle Airport,49.0097,2.54778,Europe,Central Europe,Czech Republic,PRG,CZ,Stredocesky kraj,Vaclav Havel Airport Prague,50.1008,14.26
6307,LFPG,LOWW,1,Europe,Western Europe,France,CDG,FR,Ile-de-France,Paris Charles de Gaulle Airport,49.0097,2.54778,Europe,Central Europe,Austria,VIE,AT,Niederosterreich,Vienna International Airport,48.1103,16.5697
6308,LFPG,LPPD,1,Europe,Western Europe,France,CDG,FR,Ile-de-France,Paris Charles de Gaulle Airport,49.0097,2.54778,Europe,Southern Europe,Portugal,PDL,PT,Regiao Autonoma dos Acores,Joao Paulo II Airport,37.7412,-25.6979
6309,LFPG,LPPT,1,Europe,Western Europe,France,CDG,FR,Ile-de-France,Paris Charles de Gaulle Airport,49.0097,2.54778,Europe,Southern Europe,Portugal,LIS,PT,Lisboa,Lisbon Portela Airport,38.7813,-9.13592
6310,LFPG,LROP,1,Europe,Western Europe,France,CDG,FR,Ile-de-France,Paris Charles de Gaulle Airport,49.0097,2.54778,Europe,Eastern Europe,Romania,OTP,RO,Ilfov,Bucharest Henri Coandă International Airport,44.5711,26.085
6311,LFPG,LSGG,1,Europe,Western Europe,France,CDG,FR,Ile-de-France,Paris Charles de Gaulle Airport,49.0097,2.54778,Europe,Central Europe,Switzerland,GVA,CH,Geneve,Geneva Airport,46.2381,6.10895
6312,LFPG,LSZH,1,Europe,Western Europe,France,CDG,FR,Ile-de-France,Paris Charles de Gaulle Airport,49.0097,2.54778,Europe,Central Europe,Switzerland,ZRH,CH,Zurich,Zurich Airport,47.4647,8.54917
6344,LFPO,BIKF,1,Europe,Western Europe,France,ORY,FR,Ile-de-France,Aéroport de Paris-Orly,48.7231,2.35944,Europe,Nordic Region,Iceland,KEF,IS,Sudurnes,Keflavík International Airport,63.985,-22.6056
6347,LFPO,EDDB,2,Europe,Western Europe,France,ORY,FR,Ile-de-France,Aéroport de Paris-Orly,48.7231,2.35944,Europe,Central Europe,Germany,BER,DE,Brandenburg,Berlin Brandenburg Airport,52.3514,13.4939
6348,LFPO,EETN,1,Europe,Western Europe,France,ORY,FR,Ile-de-France,Aéroport de Paris-Orly,48.7231,2.35944,Europe,Nordic Region,Estonia,TLL,EE,Harjumaa,Tallinn Airport (Lennart Meri Tallinn Airport),59.4133,24.8328
6349,LFPO,EHAM,2,Europe,Western Europe,France,ORY,FR,Ile-de-France,Aéroport de Paris-Orly,48.7231,2.35944,Europe,Western Europe,Netherlands,AMS,NL,Noord-Holland,Amsterdam Airport Schiphol,52.3086,4.76389
6350,LFPO,EPWA,1,Europe,Western Europe,France,ORY,FR,Ile-de-France,Aéroport de Paris-Orly,48.7231,2.35944,Europe,Central Europe,Poland,WAW,PL,Mazowieckie,Warsaw Chopin Airport,52.1657,20.9671
6360,LFPO,LATI,1,Europe,Western Europe,France,ORY,FR,Ile-de-France,Aéroport de Paris-Orly,48.7231,2.35944,Europe,Eastern Europe,Albania,TIA,IR,Azarbayjan-e Gharbi,Tirana International Airport,41.4147,19.7206
6361,LFPO,LBSF,1,Europe,Western Europe,France,ORY,FR,Ile-de-France,Aéroport de Paris-Orly,48.7231,2.35944,Europe,Eastern Europe,Bulgaria,SOF,BG,Sofia,Sofia Airport,42.6967,23.4114
6362,LFPO,LBWN,3,Europe,Western Europe,France,ORY,FR,Ile-de-France,Aéroport de Paris-Orly,48.7231,2.35944,Europe,Eastern Europe,Bulgaria,VAR,BG,Varna,Varna Airport,43.2321,27.8251
6365,LFPO,LDDU,3,Europe,Western Europe,France,ORY,FR,Ile-de-France,Aéroport de Paris-Orly,48.7231,2.35944,Europe,Southern Europe,Croatia,DBV,HR,Dubrovacko-neretvanska zupanija,Dubrovnik Airport,42.5614,18.2682
6366,LFPO,LDSP,1,Europe,Western Europe,France,ORY,FR,Ile-de-France,Aéroport de Paris-Orly,48.7231,2.35944,Europe,Southern Europe,Croatia,SPU,HR,Splitsko-dalmatinska zupanija,Split Airport,43.5389,16.298
6367,LFPO,LEAS,1,Europe,Western Europe,France,ORY,FR,Ile-de-France,Aéroport de Paris-Orly,48.7231,2.35944,Europe,Southern Europe,Spain,OVD,ES,"Asturias, Principado de",Asturias Airport (Oviedo Airport),43.5636,-6.03462
6368,LFPO,LEMG,1,Europe,Western Europe,France,ORY,FR,Ile-de-France,Aéroport de Paris-Orly,48.7231,2.35944,Europe,Southern Europe,Spain,AGP,ES,Andalucia,Malaga Airport,36.6749,-4.49911
6369,LFPO,LEVC,1,Europe,Western Europe,France,ORY,FR,Ile-de-France,Aéroport de Paris-Orly,48.7231,2.35944,Europe,Southern Europe,Spain,VLC,ES,"Valenciana, Comunidad",Valencia Airport,39.4893,-0.481625
6370,LFPO,LFBO,2,Europe,Western Europe,France,ORY,FR,Ile-de-France,Aéroport de Paris-Orly,48.7231,2.35944,Europe,Western Europe,France,TLS,FR,Occitanie,Toulouse-Blagnac Airport,43.6291,1.36382
6371,LFPO,LFBZ,2,Europe,Western Europe,France,ORY,FR,Ile-de-France,Aéroport de Paris-Orly,48.7231,2.35944,Europe,Western Europe,France,BIQ,FR,Nouvelle-Aquitaine,Biarritz Pays Basque Airport,43.4683,-1.53111
6372,LFPO,LFCR,2,Europe,Western Europe,France,ORY,FR,Ile-de-France,Aéroport de Paris-Orly,48.7231,2.35944,Europe,Western Europe,France,RDZ,FR,Occitanie,Rodez-Marcillac Airport,44.4079,2.48267
6373,LFPO,LFKB,20,Europe,Western Europe,France,ORY,FR,Ile-de-France,Aéroport de Paris-Orly,48.7231,2.35944,Europe,Western Europe,France,BIA,FR,Corse,Bastia - Poretta Airport,42.5527,9.48373
6374,LFPO,LFKF,1,Europe,Western Europe,France,ORY,FR,Ile-de-France,Aéroport de Paris-Orly,48.7231,2.35944,Europe,Western Europe,France,FSC,FR,Corse,Figari-Sud Corse Airport,41.5006,9.09778
6375,LFPO,LFMN,5,Europe,Western Europe,France,ORY,FR,Ile-de-France,Aéroport de Paris-Orly,48.7231,2.35944,Europe,Western Europe,France,NCE,FR,Provence-Alpes-Cote-d'Azur,Nice Cote d'Azur Airport,43.6584,7.21587
6376,LFPO,LFOK,1,Europe,Western Europe,France,ORY,FR,Ile-de-France,Aéroport de Paris-Orly,48.7231,2.35944,Europe,Western Europe,France,XCR,FR,Grand-Est,Chalons Vatry Airport,48.7806,4.1883
6377,LFPO,LGKL,2,Europe,Western Europe,France,ORY,FR,Ile-de-France,Aéroport de Paris-Orly,48.7231,2.35944,Europe,Southern Europe,Greece,KLX,GR,Peloponnisos,Kalamata International Airport,37.0683,22.0255
6378,LFPO,LGSK,1,Europe,Western Europe,France,ORY,FR,Ile-de-France,Aéroport de Paris-Orly,48.7231,2.35944,Europe,Southern Europe,Greece,JSI,GR,Thessalia,Skiathos Island National Airport,39.1771,23.5037
6379,LFPO,LGTS,1,Europe,Western Europe,France,ORY,FR,Ile-de-France,Aéroport de Paris-Orly,48.7231,2.35944,Europe,Southern Europe,Greece,SKG,GR,Kentriki Makedonia,Thessaloniki Airport,40.5197,22.9709
6380,LFPO,LGZA,1,Europe,Western Europe,France,ORY,FR,Ile-de-France,Aéroport de Paris-Orly,48.7231,2.35944,Europe,Southern Europe,Greece,ZTH,GR,Ionia Nisia,Zakynthos International Airport (Dionysios SolomosAirport),37.7509,20.8843
6381,LFPO,LICJ,1,Europe,Western Europe,France,ORY,FR,Ile-de-France,Aéroport de Paris-Orly,48.7231,2.35944,Europe,Southern Europe,Italy,PMO,IT,Sicilia,Falcone-Borsellino Airport (Punta Raisi Airport),38.176,13.091
6382,LFPO,LIEA,1,Europe,Western Europe,France,ORY,FR,Ile-de-France,Aéroport de Paris-Orly,48.7231,2.35944,Europe,Southern Europe,Italy,AHO,IT,Sardegna,Alghero-Fertilia Airport,40.6321,8.29077
6383,LFPO,LIMC,2,Europe,Western Europe,France,ORY,FR,Ile-de-France,Aéroport de Paris-Orly,48.7231,2.35944,Europe,Southern Europe,Italy,MXP,IT,Lombardia,Milan-Malpensa Airport,45.6306,8.72811
6384,LFPO,LIRN,2,Europe,Western Europe,France,ORY,FR,Ile-de-France,Aéroport de Paris-Orly,48.7231,2.35944,Europe,Southern Europe,Italy,NAP,IT,Campania,Naples International Airport,40.886,14.2908
6385,LFPO,LIRP,1,Europe,Western Europe,France,ORY,FR,Ile-de-France,Aéroport de Paris-Orly,48.7231,2.35944,Europe,Southern Europe,Italy,PSA,IT,Toscana,Pisa International Airport (Galileo Galilei Airport),43.6839,10.3927
6386,LFPO,LJLJ,1,Europe,Western Europe,France,ORY,FR,Ile-de-France,Aéroport de Paris-Orly,48.7231,2.35944,Europe,Southern Europe,Slovenia,LJU,SI,Cerklje na Gorenjskem,Ljubljana Joze Pucnik Airport (Brnik Airport),46.2237,14.4576
6387,LFPO,LOWS,1,Europe,Western Europe,France,ORY,FR,Ile-de-France,Aéroport de Paris-Orly,48.7231,2.35944,Europe,Central Europe,Austria,SZG,AT,Salzburg,Salzburg Airport,47.7933,13.0043
6388,LFPO,LPPR,3,Europe,Western Europe,France,ORY,FR,Ile-de-France,Aéroport de Paris-Orly,48.7231,2.35944,Europe,Southern Europe,Portugal,OPO,PT,Porto,Francisco Sá Carneiro Airport,41.2356,-8.67806
6389,LFPO,LPPT,1,Europe,Western Europe,France,ORY,FR,Ile-de-France,Aéroport de Paris-Orly,48.7231,2.35944,Europe,Southern Europe,Portugal,LIS,PT,Lisboa,Lisbon Portela Airport,38.7813,-9.13592
6390,LFPO,LRBS,1,Europe,Western Europe,France,ORY,FR,Ile-de-France,Aéroport de Paris-Orly,48.7231,2.35944,Europe,Eastern Europe,Romania,BBU,RO,Bucuresti,Aurel Vlaicu International Airport,44.496,26.0814
6391,LFPO,LSGG,1,Europe,Western Europe,France,ORY,FR,Ile-de-France,Aéroport de Paris-Orly,48.7231,2.35944,Europe,Central Europe,Switzerland,GVA,CH,Geneve,Geneva Airport,46.2381,6.10895
6393,LFPO,LUKK,2,Europe,Western Europe,France,ORY,FR,Ile-de-France,Aéroport de Paris-Orly,48.7231,2.35944,Europe,Eastern Europe,Moldova,RMO,MD,Chisinau,Chisinau International Airport,46.9277,28.931
6394,LFPO,LYTV,2,Europe,Western Europe,France,ORY,FR,Ile-de-France,Aéroport de Paris-Orly,48.7231,2.35944,Europe,Eastern Europe,Montenegro,TIV,ME,Tivat,Tivat Airport,42.4047,18.7233
6402,LFPO,UMMS,1,Europe,Western Europe,France,ORY,FR,Ile-de-France,Aéroport de Paris-Orly,48.7231,2.35944,Europe,Eastern Europe,Belarus,MSQ,BY,Minskaya voblasts',Minsk National Airport,53.8825,28.0307
6404,LFQQ,EKBI,1,Europe,Western Europe,France,LIL,FR,Hauts-de-France,Lille Airport (Lille-Lesquin Airport),50.5633,3.08689,Europe,Nordic Region,Denmark,BLL,DK,Syddanmark,Billund Airport,55.7403,9.15178
6407,LFQQ,LEBL,1,Europe,Western Europe,France,LIL,FR,Hauts-de-France,Lille Airport (Lille-Lesquin Airport),50.5633,3.08689,Europe,Southern Europe,Spain,BCN,ES,Catalunya,Barcelona El Prat Airport,41.2971,2.07846
6408,LFQQ,LEMG,1,Europe,Western Europe,France,LIL,FR,Hauts-de-France,Lille Airport (Lille-Lesquin Airport),50.5633,3.08689,Europe,Southern Europe,Spain,AGP,ES,Andalucia,Malaga Airport,36.6749,-4.49911
6409,LFQQ,LEPA,2,Europe,Western Europe,France,LIL,FR,Hauts-de-France,Lille Airport (Lille-Lesquin Airport),50.5633,3.08689,Europe,Southern Europe,Spain,PMI,ES,Illes Balears,Palma de Mallorca Airport,39.5517,2.73881
6410,LFQQ,LFBD,1,Europe,Western Europe,France,LIL,FR,Hauts-de-France,Lille Airport (Lille-Lesquin Airport),50.5633,3.08689,Europe,Western Europe,France,BOD,FR,Nouvelle-Aquitaine,Bordeaux-Merignac Airport,44.8283,-0.715556
6411,LFQQ,LFBO,1,Europe,Western Europe,France,LIL,FR,Hauts-de-France,Lille Airport (Lille-Lesquin Airport),50.5633,3.08689,Europe,Western Europe,France,TLS,FR,Occitanie,Toulouse-Blagnac Airport,43.6291,1.36382
6412,LFQQ,LFCR,1,Europe,Western Europe,France,LIL,FR,Hauts-de-France,Lille Airport (Lille-Lesquin Airport),50.5633,3.08689,Europe,Western Europe,France,RDZ,FR,Occitanie,Rodez-Marcillac Airport,44.4079,2.48267
6413,LFQQ,LFKF,1,Europe,Western Europe,France,LIL,FR,Hauts-de-France,Lille Airport (Lille-Lesquin Airport),50.5633,3.08689,Europe,Western Europe,France,FSC,FR,Corse,Figari-Sud Corse Airport,41.5006,9.09778
6414,LFQQ,LFML,1,Europe,Western Europe,France,LIL,FR,Hauts-de-France,Lille Airport (Lille-Lesquin Airport),50.5633,3.08689,Europe,Western Europe,France,MRS,FR,Provence-Alpes-Cote-d'Azur,Marseille Provence Airport,43.4393,5.22142
6415,LFQQ,LFMN,2,Europe,Western Europe,France,LIL,FR,Hauts-de-France,Lille Airport (Lille-Lesquin Airport),50.5633,3.08689,Europe,Western Europe,France,NCE,FR,Provence-Alpes-Cote-d'Azur,Nice Cote d'Azur Airport,43.6584,7.21587
6416,LFQQ,LFMP,1,Europe,Western Europe,France,LIL,FR,Hauts-de-France,Lille Airport (Lille-Lesquin Airport),50.5633,3.08689,Europe,Western Europe,France,PGF,FR,Occitanie,Perpignan-Rivesaltes Airport,42.7404,2.87067
6417,LFQQ,LGIR,1,Europe,Western Europe,France,LIL,FR,Hauts-de-France,Lille Airport (Lille-Lesquin Airport),50.5633,3.08689,Europe,Southern Europe,Greece,HER,GR,Kriti,Heraklion International Airport (Nikos Kazantzakis Airport),35.3397,25.1803
6418,LFQQ,LICJ,1,Europe,Western Europe,France,LIL,FR,Hauts-de-France,Lille Airport (Lille-Lesquin Airport),50.5633,3.08689,Europe,Southern Europe,Italy,PMO,IT,Sicilia,Falcone-Borsellino Airport (Punta Raisi Airport),38.176,13.091
6419,LFQQ,LPFR,1,Europe,Western Europe,France,LIL,FR,Hauts-de-France,Lille Airport (Lille-Lesquin Airport),50.5633,3.08689,Europe,Southern Europe,Portugal,FAO,PT,Faro,Faro Airport,37.0144,-7.96591
6420,LFQQ,LPPR,1,Europe,Western Europe,France,LIL,FR,Hauts-de-France,Lille Airport (Lille-Lesquin Airport),50.5633,3.08689,Europe,Southern Europe,Portugal,OPO,PT,Porto,Francisco Sá Carneiro Airport,41.2356,-8.67806
6421,LFQQ,LSGG,1,Europe,Western Europe,France,LIL,FR,Hauts-de-France,Lille Airport (Lille-Lesquin Airport),50.5633,3.08689,Europe,Central Europe,Switzerland,GVA,CH,Geneve,Geneva Airport,46.2381,6.10895
6422,LFRB,LFKJ,2,Europe,Western Europe,France,BES,FR,Bretagne,Brest Bretagne Airport,48.4479,-4.41854,Europe,Western Europe,France,AJA,FR,Corse,Ajaccio Napoleon Bonaparte Airport,41.9236,8.80292
6423,LFRB,LFMN,1,Europe,Western Europe,France,BES,FR,Bretagne,Brest Bretagne Airport,48.4479,-4.41854,Europe,Western Europe,France,NCE,FR,Provence-Alpes-Cote-d'Azur,Nice Cote d'Azur Airport,43.6584,7.21587
6425,LFRD,LQBK,1,Europe,Western Europe,France,DNR,FR,Bretagne,Dinard-Pleurtuit-Saint-Malo Airport,48.5877,-2.07996,Europe,Eastern Europe,Bosnia and Herzegovina,BNX,BA,Republika Srpska,Banja Luka International Airport,44.9414,17.2975
6427,LFRS,EDDF,1,Europe,Western Europe,France,NTE,FR,Pays-de-la-Loire,Nantes Atlantique Airport,47.1532,-1.61073,Europe,Central Europe,Germany,FRA,DE,Hessen,Frankfurt Airport,50.0333,8.57056
6428,LFRS,EGPH,1,Europe,Western Europe,France,NTE,FR,Pays-de-la-Loire,Nantes Atlantique Airport,47.1532,-1.61073,Europe,United Kingdom,Scotland,EDI,GB,Scotland,Edinburgh Airport,55.95,-3.3725
6430,LFRS,LFKF,1,Europe,Western Europe,France,NTE,FR,Pays-de-la-Loire,Nantes Atlantique Airport,47.1532,-1.61073,Europe,Western Europe,France,FSC,FR,Corse,Figari-Sud Corse Airport,41.5006,9.09778
6431,LFRS,LFLL,1,Europe,Western Europe,France,NTE,FR,Pays-de-la-Loire,Nantes Atlantique Airport,47.1532,-1.61073,Europe,Western Europe,France,LYS,FR,Auvergne-Rhone-Alpes,Lyon-Saint-Exupery Airport,45.7256,5.08111
6432,LFRS,LFMP,1,Europe,Western Europe,France,NTE,FR,Pays-de-la-Loire,Nantes Atlantique Airport,47.1532,-1.61073,Europe,Western Europe,France,PGF,FR,Occitanie,Perpignan-Rivesaltes Airport,42.7404,2.87067
6433,LFRS,LFST,1,Europe,Western Europe,France,NTE,FR,Pays-de-la-Loire,Nantes Atlantique Airport,47.1532,-1.61073,Europe,Western Europe,France,SXB,FR,Grand-Est,Strasbourg Airport,48.5383,7.62823
6434,LFRS,LGIR,1,Europe,Western Europe,France,NTE,FR,Pays-de-la-Loire,Nantes Atlantique Airport,47.1532,-1.61073,Europe,Southern Europe,Greece,HER,GR,Kriti,Heraklion International Airport (Nikos Kazantzakis Airport),35.3397,25.1803
6435,LFRS,LGKR,1,Europe,Western Europe,France,NTE,FR,Pays-de-la-Loire,Nantes Atlantique Airport,47.1532,-1.61073,Europe,Southern Europe,Greece,CFU,GR,Ionia Nisia,Corfu International Airport (Ioannis Kapodistrias Int'l Airport),39.6019,19.9117
6436,LFRS,LJPZ,1,Europe,Western Europe,France,NTE,FR,Pays-de-la-Loire,Nantes Atlantique Airport,47.1532,-1.61073,Europe,Southern Europe,Slovenia,POW,SI,Piran,Portoroz Airport,45.4734,13.615
6437,LFRS,LPPT,1,Europe,Western Europe,France,NTE,FR,Pays-de-la-Loire,Nantes Atlantique Airport,47.1532,-1.61073,Europe,Southern Europe,Portugal,LIS,PT,Lisboa,Lisbon Portela Airport,38.7813,-9.13592
6438,LFRS,LSGG,1,Europe,Western Europe,France,NTE,FR,Pays-de-la-Loire,Nantes Atlantique Airport,47.1532,-1.61073,Europe,Central Europe,Switzerland,GVA,CH,Geneve,Geneva Airport,46.2381,6.10895
6439,LFRS,LYPG,1,Europe,Western Europe,France,NTE,FR,Pays-de-la-Loire,Nantes Atlantique Airport,47.1532,-1.61073,Europe,Eastern Europe,Montenegro,TGD,ME,Podgorica,Podgorica Airport,42.3594,19.2519
6440,LFSB,EDNY,1,Europe,Western Europe,France,BSL,CH,Basel-City,EuroAirport Basel Mulhouse Freiburg,47.59,7.52916,Europe,Central Europe,Germany,FDH,DE,Baden-Wurttemberg,Friedrichshafen Airport (Bodensee Airport),47.6713,9.51149
6441,LFSB,EDNY,1,Europe,Central Europe,Switzerland,BSL,CH,Basel-City,EuroAirport Basel Mulhouse Freiburg,47.59,7.52916,Europe,Central Europe,Germany,FDH,DE,Baden-Wurttemberg,Friedrichshafen Airport (Bodensee Airport),47.6713,9.51149
6442,LFSB,EGKK,1,Europe,Western Europe,France,BSL,CH,Basel-City,EuroAirport Basel Mulhouse Freiburg,47.59,7.52916,Europe,United Kingdom,England,LGW,GB,England,Gatwick Airport,51.1481,-0.190278
6443,LFSB,EGKK,1,Europe,Central Europe,Switzerland,BSL,CH,Basel-City,EuroAirport Basel Mulhouse Freiburg,47.59,7.52916,Europe,United Kingdom,England,LGW,GB,England,Gatwick Airport,51.1481,-0.190278
6444,LFSB,EGPH,1,Europe,Western Europe,France,BSL,CH,Basel-City,EuroAirport Basel Mulhouse Freiburg,47.59,7.52916,Europe,United Kingdom,Scotland,EDI,GB,Scotland,Edinburgh Airport,55.95,-3.3725
6445,LFSB,EGPH,1,Europe,Central Europe,Switzerland,BSL,CH,Basel-City,EuroAirport Basel Mulhouse Freiburg,47.59,7.52916,Europe,United Kingdom,Scotland,EDI,GB,Scotland,Edinburgh Airport,55.95,-3.3725
6446,LFSB,EGSS,1,Europe,Western Europe,France,BSL,CH,Basel-City,EuroAirport Basel Mulhouse Freiburg,47.59,7.52916,Europe,United Kingdom,England,STN,GB,England,London Stansted Airport,51.885,0.235
6447,LFSB,EGSS,1,Europe,Central Europe,Switzerland,BSL,CH,Basel-City,EuroAirport Basel Mulhouse Freiburg,47.59,7.52916,Europe,United Kingdom,England,STN,GB,England,London Stansted Airport,51.885,0.235
6448,LFSB,EHAM,1,Europe,Western Europe,France,BSL,CH,Basel-City,EuroAirport Basel Mulhouse Freiburg,47.59,7.52916,Europe,Western Europe,Netherlands,AMS,NL,Noord-Holland,Amsterdam Airport Schiphol,52.3086,4.76389
6449,LFSB,EHAM,1,Europe,Central Europe,Switzerland,BSL,CH,Basel-City,EuroAirport Basel Mulhouse Freiburg,47.59,7.52916,Europe,Western Europe,Netherlands,AMS,NL,Noord-Holland,Amsterdam Airport Schiphol,52.3086,4.76389
6450,LFSB,EKCH,1,Europe,Western Europe,France,BSL,CH,Basel-City,EuroAirport Basel Mulhouse Freiburg,47.59,7.52916,Europe,Nordic Region,Denmark,CPH,DK,Hovedstaden,Copenhagen Airport,55.6179,12.656
6451,LFSB,EKCH,1,Europe,Central Europe,Switzerland,BSL,CH,Basel-City,EuroAirport Basel Mulhouse Freiburg,47.59,7.52916,Europe,Nordic Region,Denmark,CPH,DK,Hovedstaden,Copenhagen Airport,55.6179,12.656
6452,LFSB,EPKK,1,Europe,Western Europe,France,BSL,CH,Basel-City,EuroAirport Basel Mulhouse Freiburg,47.59,7.52916,Europe,Central Europe,Poland,KRK,PL,Malopolskie,John Paul II International Airport Krakow-Balice,50.0777,19.7848
6453,LFSB,EPKK,1,Europe,Central Europe,Switzerland,BSL,CH,Basel-City,EuroAirport Basel Mulhouse Freiburg,47.59,7.52916,Europe,Central Europe,Poland,KRK,PL,Malopolskie,John Paul II International Airport Krakow-Balice,50.0777,19.7848
6456,LFSB,GCLP,1,Europe,Western Europe,France,BSL,CH,Basel-City,EuroAirport Basel Mulhouse Freiburg,47.59,7.52916,Europe,Southern Europe,Spain,LPA,ES,Canarias,Gran Canaria Airport,27.9319,-15.3866
6457,LFSB,GCLP,1,Europe,Central Europe,Switzerland,BSL,CH,Basel-City,EuroAirport Basel Mulhouse Freiburg,47.59,7.52916,Europe,Southern Europe,Spain,LPA,ES,Canarias,Gran Canaria Airport,27.9319,-15.3866
6472,LFSB,LATI,1,Europe,Western Europe,France,BSL,CH,Basel-City,EuroAirport Basel Mulhouse Freiburg,47.59,7.52916,Europe,Eastern Europe,Albania,TIA,IR,Azarbayjan-e Gharbi,Tirana International Airport,41.4147,19.7206
6473,LFSB,LATI,1,Europe,Central Europe,Switzerland,BSL,CH,Basel-City,EuroAirport Basel Mulhouse Freiburg,47.59,7.52916,Europe,Eastern Europe,Albania,TIA,IR,Azarbayjan-e Gharbi,Tirana International Airport,41.4147,19.7206
6474,LFSB,LDDU,1,Europe,Western Europe,France,BSL,CH,Basel-City,EuroAirport Basel Mulhouse Freiburg,47.59,7.52916,Europe,Southern Europe,Croatia,DBV,HR,Dubrovacko-neretvanska zupanija,Dubrovnik Airport,42.5614,18.2682
6475,LFSB,LDDU,1,Europe,Central Europe,Switzerland,BSL,CH,Basel-City,EuroAirport Basel Mulhouse Freiburg,47.59,7.52916,Europe,Southern Europe,Croatia,DBV,HR,Dubrovacko-neretvanska zupanija,Dubrovnik Airport,42.5614,18.2682
6476,LFSB,LEBL,1,Europe,Western Europe,France,BSL,CH,Basel-City,EuroAirport Basel Mulhouse Freiburg,47.59,7.52916,Europe,Southern Europe,Spain,BCN,ES,Catalunya,Barcelona El Prat Airport,41.2971,2.07846
6477,LFSB,LEBL,1,Europe,Central Europe,Switzerland,BSL,CH,Basel-City,EuroAirport Basel Mulhouse Freiburg,47.59,7.52916,Europe,Southern Europe,Spain,BCN,ES,Catalunya,Barcelona El Prat Airport,41.2971,2.07846
6478,LFSB,LEGE,1,Europe,Western Europe,France,BSL,CH,Basel-City,EuroAirport Basel Mulhouse Freiburg,47.59,7.52916,Europe,Southern Europe,Spain,GRO,ES,Catalunya,Girona-Costa Brava Airport,41.901,2.76055
6479,LFSB,LEGE,1,Europe,Central Europe,Switzerland,BSL,CH,Basel-City,EuroAirport Basel Mulhouse Freiburg,47.59,7.52916,Europe,Southern Europe,Spain,GRO,ES,Catalunya,Girona-Costa Brava Airport,41.901,2.76055
6480,LFSB,LEIB,1,Europe,Western Europe,France,BSL,CH,Basel-City,EuroAirport Basel Mulhouse Freiburg,47.59,7.52916,Europe,Southern Europe,Spain,IBZ,ES,Illes Balears,Ibiza Airport,38.8729,1.37312
6481,LFSB,LEIB,1,Europe,Central Europe,Switzerland,BSL,CH,Basel-City,EuroAirport Basel Mulhouse Freiburg,47.59,7.52916,Europe,Southern Europe,Spain,IBZ,ES,Illes Balears,Ibiza Airport,38.8729,1.37312
6482,LFSB,LFBO,1,Europe,Western Europe,France,BSL,CH,Basel-City,EuroAirport Basel Mulhouse Freiburg,47.59,7.52916,Europe,Western Europe,France,TLS,FR,Occitanie,Toulouse-Blagnac Airport,43.6291,1.36382
6483,LFSB,LFBO,1,Europe,Central Europe,Switzerland,BSL,CH,Basel-City,EuroAirport Basel Mulhouse Freiburg,47.59,7.52916,Europe,Western Europe,France,TLS,FR,Occitanie,Toulouse-Blagnac Airport,43.6291,1.36382
6484,LFSB,LFMN,2,Europe,Western Europe,France,BSL,CH,Basel-City,EuroAirport Basel Mulhouse Freiburg,47.59,7.52916,Europe,Western Europe,France,NCE,FR,Provence-Alpes-Cote-d'Azur,Nice Cote d'Azur Airport,43.6584,7.21587
6485,LFSB,LFMN,2,Europe,Central Europe,Switzerland,BSL,CH,Basel-City,EuroAirport Basel Mulhouse Freiburg,47.59,7.52916,Europe,Western Europe,France,NCE,FR,Provence-Alpes-Cote-d'Azur,Nice Cote d'Azur Airport,43.6584,7.21587
6486,LFSB,LFSB,1,Europe,Western Europe,France,BSL,CH,Basel-City,EuroAirport Basel Mulhouse Freiburg,47.59,7.52916,Europe,Western Europe,France,BSL,CH,Basel-City,EuroAirport Basel Mulhouse Freiburg,47.59,7.52916
6487,LFSB,LFSB,1,Europe,Western Europe,France,BSL,CH,Basel-City,EuroAirport Basel Mulhouse Freiburg,47.59,7.52916,Europe,Central Europe,Switzerland,BSL,CH,Basel-City,EuroAirport Basel Mulhouse Freiburg,47.59,7.52916
6488,LFSB,LFSB,1,Europe,Central Europe,Switzerland,BSL,CH,Basel-City,EuroAirport Basel Mulhouse Freiburg,47.59,7.52916,Europe,Western Europe,France,BSL,CH,Basel-City,EuroAirport Basel Mulhouse Freiburg,47.59,7.52916
6489,LFSB,LFSB,1,Europe,Central Europe,Switzerland,BSL,CH,Basel-City,EuroAirport Basel Mulhouse Freiburg,47.59,7.52916,Europe,Central Europe,Switzerland,BSL,CH,Basel-City,EuroAirport Basel Mulhouse Freiburg,47.59,7.52916
6490,LFSB,LGIR,1,Europe,Western Europe,France,BSL,CH,Basel-City,EuroAirport Basel Mulhouse Freiburg,47.59,7.52916,Europe,Southern Europe,Greece,HER,GR,Kriti,Heraklion International Airport (Nikos Kazantzakis Airport),35.3397,25.1803
6491,LFSB,LGIR,1,Europe,Central Europe,Switzerland,BSL,CH,Basel-City,EuroAirport Basel Mulhouse Freiburg,47.59,7.52916,Europe,Southern Europe,Greece,HER,GR,Kriti,Heraklion International Airport (Nikos Kazantzakis Airport),35.3397,25.1803
6492,LFSB,LGKR,1,Europe,Western Europe,France,BSL,CH,Basel-City,EuroAirport Basel Mulhouse Freiburg,47.59,7.52916,Europe,Southern Europe,Greece,CFU,GR,Ionia Nisia,Corfu International Airport (Ioannis Kapodistrias Int'l Airport),39.6019,19.9117
6493,LFSB,LGKR,1,Europe,Central Europe,Switzerland,BSL,CH,Basel-City,EuroAirport Basel Mulhouse Freiburg,47.59,7.52916,Europe,Southern Europe,Greece,CFU,GR,Ionia Nisia,Corfu International Airport (Ioannis Kapodistrias Int'l Airport),39.6019,19.9117
6494,LFSB,LGSK,1,Europe,Western Europe,France,BSL,CH,Basel-City,EuroAirport Basel Mulhouse Freiburg,47.59,7.52916,Europe,Southern Europe,Greece,JSI,GR,Thessalia,Skiathos Island National Airport,39.1771,23.5037
6495,LFSB,LGSK,1,Europe,Central Europe,Switzerland,BSL,CH,Basel-City,EuroAirport Basel Mulhouse Freiburg,47.59,7.52916,Europe,Southern Europe,Greece,JSI,GR,Thessalia,Skiathos Island National Airport,39.1771,23.5037
6496,LFSB,LHBP,1,Europe,Western Europe,France,BSL,CH,Basel-City,EuroAirport Basel Mulhouse Freiburg,47.59,7.52916,Europe,Central Europe,Hungary,BUD,HU,Budapest,Budapest Ferenc Liszt International Airport,47.4298,19.2611
6497,LFSB,LHBP,1,Europe,Central Europe,Switzerland,BSL,CH,Basel-City,EuroAirport Basel Mulhouse Freiburg,47.59,7.52916,Europe,Central Europe,Hungary,BUD,HU,Budapest,Budapest Ferenc Liszt International Airport,47.4298,19.2611
6498,LFSB,LIBR,1,Europe,Western Europe,France,BSL,CH,Basel-City,EuroAirport Basel Mulhouse Freiburg,47.59,7.52916,Europe,Southern Europe,Italy,BDS,IT,Puglia,Brindisi - Salento Airport,40.6576,17.947
6499,LFSB,LIBR,1,Europe,Central Europe,Switzerland,BSL,CH,Basel-City,EuroAirport Basel Mulhouse Freiburg,47.59,7.52916,Europe,Southern Europe,Italy,BDS,IT,Puglia,Brindisi - Salento Airport,40.6576,17.947
6500,LFSB,LIEO,1,Europe,Western Europe,France,BSL,CH,Basel-City,EuroAirport Basel Mulhouse Freiburg,47.59,7.52916,Europe,Southern Europe,Italy,OLB,IT,Sardegna,Olbia Costa Smeralda Airport,40.8987,9.51763
6501,LFSB,LIEO,1,Europe,Central Europe,Switzerland,BSL,CH,Basel-City,EuroAirport Basel Mulhouse Freiburg,47.59,7.52916,Europe,Southern Europe,Italy,OLB,IT,Sardegna,Olbia Costa Smeralda Airport,40.8987,9.51763
6502,LFSB,LPFR,1,Europe,Western Europe,France,BSL,CH,Basel-City,EuroAirport Basel Mulhouse Freiburg,47.59,7.52916,Europe,Southern Europe,Portugal,FAO,PT,Faro,Faro Airport,37.0144,-7.96591
6503,LFSB,LPFR,1,Europe,Central Europe,Switzerland,BSL,CH,Basel-City,EuroAirport Basel Mulhouse Freiburg,47.59,7.52916,Europe,Southern Europe,Portugal,FAO,PT,Faro,Faro Airport,37.0144,-7.96591
6504,LFSB,LQBK,1,Europe,Western Europe,France,BSL,CH,Basel-City,EuroAirport Basel Mulhouse Freiburg,47.59,7.52916,Europe,Eastern Europe,Bosnia and Herzegovina,BNX,BA,Republika Srpska,Banja Luka International Airport,44.9414,17.2975
6505,LFSB,LQBK,1,Europe,Central Europe,Switzerland,BSL,CH,Basel-City,EuroAirport Basel Mulhouse Freiburg,47.59,7.52916,Europe,Eastern Europe,Bosnia and Herzegovina,BNX,BA,Republika Srpska,Banja Luka International Airport,44.9414,17.2975
6506,LFSB,LQTZ,1,Europe,Western Europe,France,BSL,CH,Basel-City,EuroAirport Basel Mulhouse Freiburg,47.59,7.52916,Europe,Eastern Europe,Bosnia and Herzegovina,TZL,BA,Federacija Bosne i Hercegovine,Tuzla International Airport,44.4587,18.7248
6507,LFSB,LQTZ,1,Europe,Central Europe,Switzerland,BSL,CH,Basel-City,EuroAirport Basel Mulhouse Freiburg,47.59,7.52916,Europe,Eastern Europe,Bosnia and Herzegovina,TZL,BA,Federacija Bosne i Hercegovine,Tuzla International Airport,44.4587,18.7248
6508,LFSB,LSZB,1,Europe,Western Europe,France,BSL,CH,Basel-City,EuroAirport Basel Mulhouse Freiburg,47.59,7.52916,Europe,Central Europe,Switzerland,BRN,CH,Bern,Bern Airport,46.9141,7.49715
6509,LFSB,LSZB,1,Europe,Central Europe,Switzerland,BSL,CH,Basel-City,EuroAirport Basel Mulhouse Freiburg,47.59,7.52916,Europe,Central Europe,Switzerland,BRN,CH,Bern,Bern Airport,46.9141,7.49715
6516,LFSB,LYTV,1,Europe,Western Europe,France,BSL,CH,Basel-City,EuroAirport Basel Mulhouse Freiburg,47.59,7.52916,Europe,Eastern Europe,Montenegro,TIV,ME,Tivat,Tivat Airport,42.4047,18.7233
6517,LFSB,LYTV,1,Europe,Central Europe,Switzerland,BSL,CH,Basel-City,EuroAirport Basel Mulhouse Freiburg,47.59,7.52916,Europe,Eastern Europe,Montenegro,TIV,ME,Tivat,Tivat Airport,42.4047,18.7233
6531,LFST,EGKK,1,Europe,Western Europe,France,SXB,FR,Grand-Est,Strasbourg Airport,48.5383,7.62823,Europe,United Kingdom,England,LGW,GB,England,Gatwick Airport,51.1481,-0.190278
6535,LFST,LDZA,1,Europe,Western Europe,France,SXB,FR,Grand-Est,Strasbourg Airport,48.5383,7.62823,Europe,Southern Europe,Croatia,ZAG,HR,Grad Zagreb,Zagreb Airport,45.7429,16.0688
6536,LFST,LEBL,2,Europe,Western Europe,France,SXB,FR,Grand-Est,Strasbourg Airport,48.5383,7.62823,Europe,Southern Europe,Spain,BCN,ES,Catalunya,Barcelona El Prat Airport,41.2971,2.07846
6537,LFST,LEMD,1,Europe,Western Europe,France,SXB,FR,Grand-Est,Strasbourg Airport,48.5383,7.62823,Europe,Southern Europe,Spain,MAD,ES,"Madrid, Comunidad de",Adolfo Suarez Madrid-Barajas Airport,40.4719,-3.56264
6538,LFST,LFBD,1,Europe,Western Europe,France,SXB,FR,Grand-Est,Strasbourg Airport,48.5383,7.62823,Europe,Western Europe,France,BOD,FR,Nouvelle-Aquitaine,Bordeaux-Merignac Airport,44.8283,-0.715556
6539,LFST,LFBO,1,Europe,Western Europe,France,SXB,FR,Grand-Est,Strasbourg Airport,48.5383,7.62823,Europe,Western Europe,France,TLS,FR,Occitanie,Toulouse-Blagnac Airport,43.6291,1.36382
6540,LFST,LFKB,1,Europe,Western Europe,France,SXB,FR,Grand-Est,Strasbourg Airport,48.5383,7.62823,Europe,Western Europe,France,BIA,FR,Corse,Bastia - Poretta Airport,42.5527,9.48373
6541,LFST,LFKJ,1,Europe,Western Europe,France,SXB,FR,Grand-Est,Strasbourg Airport,48.5383,7.62823,Europe,Western Europe,France,AJA,FR,Corse,Ajaccio Napoleon Bonaparte Airport,41.9236,8.80292
6542,LFST,LFLS,1,Europe,Western Europe,France,SXB,FR,Grand-Est,Strasbourg Airport,48.5383,7.62823,Europe,Western Europe,France,GNB,FR,Auvergne-Rhone-Alpes,Grenoble-Isere Airport,45.3629,5.32937
6543,LFST,LFML,1,Europe,Western Europe,France,SXB,FR,Grand-Est,Strasbourg Airport,48.5383,7.62823,Europe,Western Europe,France,MRS,FR,Provence-Alpes-Cote-d'Azur,Marseille Provence Airport,43.4393,5.22142
6544,LFST,LFMN,1,Europe,Western Europe,France,SXB,FR,Grand-Est,Strasbourg Airport,48.5383,7.62823,Europe,Western Europe,France,NCE,FR,Provence-Alpes-Cote-d'Azur,Nice Cote d'Azur Airport,43.6584,7.21587
6545,LFST,LFPG,1,Europe,Western Europe,France,SXB,FR,Grand-Est,Strasbourg Airport,48.5383,7.62823,Europe,Western Europe,France,CDG,FR,Ile-de-France,Paris Charles de Gaulle Airport,49.0097,2.54778
6546,LFST,LFRS,1,Europe,Western Europe,France,SXB,FR,Grand-Est,Strasbourg Airport,48.5383,7.62823,Europe,Western Europe,France,NTE,FR,Pays-de-la-Loire,Nantes Atlantique Airport,47.1532,-1.61073
6547,LFST,LGAV,1,Europe,Western Europe,France,SXB,FR,Grand-Est,Strasbourg Airport,48.5383,7.62823,Europe,Southern Europe,Greece,ATH,GR,Attiki,Athens International Airport (Eleftherios Venizelos Airport),37.9364,23.9445
6548,LFST,LGKO,1,Europe,Western Europe,France,SXB,FR,Grand-Est,Strasbourg Airport,48.5383,7.62823,Europe,Southern Europe,Greece,KGS,GR,Notio Aigaio,Kos Island International Airport,36.7933,27.0917
6549,LFST,LIRF,1,Europe,Western Europe,France,SXB,FR,Grand-Est,Strasbourg Airport,48.5383,7.62823,Europe,Southern Europe,Italy,FCO,IT,Lazio,Rome–Fiumicino International Airport,41.8003,12.2389
6550,LFST,LPFR,1,Europe,Western Europe,France,SXB,FR,Grand-Est,Strasbourg Airport,48.5383,7.62823,Europe,Southern Europe,Portugal,FAO,PT,Faro,Faro Airport,37.0144,-7.96591
6555,LFTH,EBBR,1,Europe,Western Europe,France,TLN,FR,Provence-Alpes-Cote-d'Azur,Toulon-Hyeres Airport (Hyeres Le Palyvestre Airport),43.0973,6.14603,Europe,Western Europe,Belgium,BRU,BE,Brussels Hoofdstedelijk Gewest,Brussels Airport (Zaventem Airport),50.9014,4.48444
6556,LFTH,EGSS,1,Europe,Western Europe,France,TLN,FR,Provence-Alpes-Cote-d'Azur,Toulon-Hyeres Airport (Hyeres Le Palyvestre Airport),43.0973,6.14603,Europe,United Kingdom,England,STN,GB,England,London Stansted Airport,51.885,0.235
6564,LFTH,LEIB,1,Europe,Western Europe,France,TLN,FR,Provence-Alpes-Cote-d'Azur,Toulon-Hyeres Airport (Hyeres Le Palyvestre Airport),43.0973,6.14603,Europe,Southern Europe,Spain,IBZ,ES,Illes Balears,Ibiza Airport,38.8729,1.37312
6565,LFTH,LFML,2,Europe,Western Europe,France,TLN,FR,Provence-Alpes-Cote-d'Azur,Toulon-Hyeres Airport (Hyeres Le Palyvestre Airport),43.0973,6.14603,Europe,Western Europe,France,MRS,FR,Provence-Alpes-Cote-d'Azur,Marseille Provence Airport,43.4393,5.22142
6566,LFTH,LFMN,1,Europe,Western Europe,France,TLN,FR,Provence-Alpes-Cote-d'Azur,Toulon-Hyeres Airport (Hyeres Le Palyvestre Airport),43.0973,6.14603,Europe,Western Europe,France,NCE,FR,Provence-Alpes-Cote-d'Azur,Nice Cote d'Azur Airport,43.6584,7.21587
6567,LFTH,LFQQ,1,Europe,Western Europe,France,TLN,FR,Provence-Alpes-Cote-d'Azur,Toulon-Hyeres Airport (Hyeres Le Palyvestre Airport),43.0973,6.14603,Europe,Western Europe,France,LIL,FR,Hauts-de-France,Lille Airport (Lille-Lesquin Airport),50.5633,3.08689
6568,LFTH,LIRP,1,Europe,Western Europe,France,TLN,FR,Provence-Alpes-Cote-d'Azur,Toulon-Hyeres Airport (Hyeres Le Palyvestre Airport),43.0973,6.14603,Europe,Southern Europe,Italy,PSA,IT,Toscana,Pisa International Airport (Galileo Galilei Airport),43.6839,10.3927
6569,LFTH,LSGG,1,Europe,Western Europe,France,TLN,FR,Provence-Alpes-Cote-d'Azur,Toulon-Hyeres Airport (Hyeres Le Palyvestre Airport),43.0973,6.14603,Europe,Central Europe,Switzerland,GVA,CH,Geneve,Geneva Airport,46.2381,6.10895
6570,LFTH,LSZA,1,Europe,Western Europe,France,TLN,FR,Provence-Alpes-Cote-d'Azur,Toulon-Hyeres Airport (Hyeres Le Palyvestre Airport),43.0973,6.14603,Europe,Central Europe,Switzerland,LUG,CH,Ticino,Lugano Airport,46.0043,8.91058
6571,LFTH,LSZB,1,Europe,Western Europe,France,TLN,FR,Provence-Alpes-Cote-d'Azur,Toulon-Hyeres Airport (Hyeres Le Palyvestre Airport),43.0973,6.14603,Europe,Central Europe,Switzerland,BRN,CH,Bern,Bern Airport,46.9141,7.49715
6572,LFTW,EBCI,3,Europe,Western Europe,France,FNI,FR,Occitanie,Nimes-Ales-Camargue-Cevennes Airport (Garons Airport),43.7574,4.41635,Europe,Western Europe,Belgium,CRL,BE,Hainaut,Brussels South Charleroi Airport,50.4592,4.45382
6574,LGAV,BIKF,1,Europe,Southern Europe,Greece,ATH,GR,Attiki,Athens International Airport (Eleftherios Venizelos Airport),37.9364,23.9445,Europe,Nordic Region,Iceland,KEF,IS,Sudurnes,Keflavík International Airport,63.985,-22.6056
6578,LGAV,EBAW,1,Europe,Southern Europe,Greece,ATH,GR,Attiki,Athens International Airport (Eleftherios Venizelos Airport),37.9364,23.9445,Europe,Western Europe,Belgium,ANR,BE,Antwerpen,Antwerp International Airport,51.1894,4.46028
6579,LGAV,EBBR,1,Europe,Southern Europe,Greece,ATH,GR,Attiki,Athens International Airport (Eleftherios Venizelos Airport),37.9364,23.9445,Europe,Western Europe,Belgium,BRU,BE,Brussels Hoofdstedelijk Gewest,Brussels Airport (Zaventem Airport),50.9014,4.48444
6580,LGAV,EDDM,4,Europe,Southern Europe,Greece,ATH,GR,Attiki,Athens International Airport (Eleftherios Venizelos Airport),37.9364,23.9445,Europe,Central Europe,Germany,MUC,DE,Bayern,Munich Airport,48.3538,11.7861
6581,LGAV,EDSB,1,Europe,Southern Europe,Greece,ATH,GR,Attiki,Athens International Airport (Eleftherios Venizelos Airport),37.9364,23.9445,Europe,Central Europe,Germany,FKB,DE,Baden-Wurttemberg,Karlsruhe/Baden-Baden Airport,48.7794,8.0805
6582,LGAV,EGCC,1,Europe,Southern Europe,Greece,ATH,GR,Attiki,Athens International Airport (Eleftherios Venizelos Airport),37.9364,23.9445,Europe,United Kingdom,England,MAN,GB,England,Manchester Airport,53.3537,-2.27495
6583,LGAV,EGGW,1,Europe,Southern Europe,Greece,ATH,GR,Attiki,Athens International Airport (Eleftherios Venizelos Airport),37.9364,23.9445,Europe,United Kingdom,England,LTN,GB,England,London Luton Airport,51.8747,-0.368333
6584,LGAV,EGLL,2,Europe,Southern Europe,Greece,ATH,GR,Attiki,Athens International Airport (Eleftherios Venizelos Airport),37.9364,23.9445,Europe,United Kingdom,England,LHR,GB,England,Heathrow Airport,51.4775,-0.461389
6585,LGAV,EHAM,2,Europe,Southern Europe,Greece,ATH,GR,Attiki,Athens International Airport (Eleftherios Venizelos Airport),37.9364,23.9445,Europe,Western Europe,Netherlands,AMS,NL,Noord-Holland,Amsterdam Airport Schiphol,52.3086,4.76389
6586,LGAV,EKCH,1,Europe,Southern Europe,Greece,ATH,GR,Attiki,Athens International Airport (Eleftherios Venizelos Airport),37.9364,23.9445,Europe,Nordic Region,Denmark,CPH,DK,Hovedstaden,Copenhagen Airport,55.6179,12.656
6587,LGAV,EPKT,1,Europe,Southern Europe,Greece,ATH,GR,Attiki,Athens International Airport (Eleftherios Venizelos Airport),37.9364,23.9445,Europe,Central Europe,Poland,KTW,PL,Slaskie,Katowice International Airport,50.4743,19.08
6588,LGAV,EPWA,1,Europe,Southern Europe,Greece,ATH,GR,Attiki,Athens International Airport (Eleftherios Venizelos Airport),37.9364,23.9445,Europe,Central Europe,Poland,WAW,PL,Mazowieckie,Warsaw Chopin Airport,52.1657,20.9671
6589,LGAV,EVRA,3,Europe,Southern Europe,Greece,ATH,GR,Attiki,Athens International Airport (Eleftherios Venizelos Airport),37.9364,23.9445,Europe,Nordic Region,Latvia,RIX,LV,Riga,Riga International Airport,56.9236,23.9711
6617,LGAV,LDDU,2,Europe,Southern Europe,Greece,ATH,GR,Attiki,Athens International Airport (Eleftherios Venizelos Airport),37.9364,23.9445,Europe,Southern Europe,Croatia,DBV,HR,Dubrovacko-neretvanska zupanija,Dubrovnik Airport,42.5614,18.2682
6618,LGAV,LDRI,1,Europe,Southern Europe,Greece,ATH,GR,Attiki,Athens International Airport (Eleftherios Venizelos Airport),37.9364,23.9445,Europe,Southern Europe,Croatia,RJK,HR,Primorsko-goranska zupanija,Rijeka Airport,45.2169,14.5703
6619,LGAV,LDSP,2,Europe,Southern Europe,Greece,ATH,GR,Attiki,Athens International Airport (Eleftherios Venizelos Airport),37.9364,23.9445,Europe,Southern Europe,Croatia,SPU,HR,Splitsko-dalmatinska zupanija,Split Airport,43.5389,16.298
6620,LGAV,LEBL,1,Europe,Southern Europe,Greece,ATH,GR,Attiki,Athens International Airport (Eleftherios Venizelos Airport),37.9364,23.9445,Europe,Southern Europe,Spain,BCN,ES,Catalunya,Barcelona El Prat Airport,41.2971,2.07846
6621,LGAV,LEMD,1,Europe,Southern Europe,Greece,ATH,GR,Attiki,Athens International Airport (Eleftherios Venizelos Airport),37.9364,23.9445,Europe,Southern Europe,Spain,MAD,ES,"Madrid, Comunidad de",Adolfo Suarez Madrid-Barajas Airport,40.4719,-3.56264
6622,LGAV,LEMG,1,Europe,Southern Europe,Greece,ATH,GR,Attiki,Athens International Airport (Eleftherios Venizelos Airport),37.9364,23.9445,Europe,Southern Europe,Spain,AGP,ES,Andalucia,Malaga Airport,36.6749,-4.49911
6623,LGAV,LEVC,1,Europe,Southern Europe,Greece,ATH,GR,Attiki,Athens International Airport (Eleftherios Venizelos Airport),37.9364,23.9445,Europe,Southern Europe,Spain,VLC,ES,"Valenciana, Comunidad",Valencia Airport,39.4893,-0.481625
6624,LGAV,LEZL,1,Europe,Southern Europe,Greece,ATH,GR,Attiki,Athens International Airport (Eleftherios Venizelos Airport),37.9364,23.9445,Europe,Southern Europe,Spain,SVQ,ES,Andalucia,Seville Airport,37.418,-5.89311
6625,LGAV,LFMN,2,Europe,Southern Europe,Greece,ATH,GR,Attiki,Athens International Airport (Eleftherios Venizelos Airport),37.9364,23.9445,Europe,Western Europe,France,NCE,FR,Provence-Alpes-Cote-d'Azur,Nice Cote d'Azur Airport,43.6584,7.21587
6626,LGAV,LFPG,2,Europe,Southern Europe,Greece,ATH,GR,Attiki,Athens International Airport (Eleftherios Venizelos Airport),37.9364,23.9445,Europe,Western Europe,France,CDG,FR,Ile-de-France,Paris Charles de Gaulle Airport,49.0097,2.54778
6627,LGAV,LFPO,1,Europe,Southern Europe,Greece,ATH,GR,Attiki,Athens International Airport (Eleftherios Venizelos Airport),37.9364,23.9445,Europe,Western Europe,France,ORY,FR,Ile-de-France,Aéroport de Paris-Orly,48.7231,2.35944
6628,LGAV,LFST,1,Europe,Southern Europe,Greece,ATH,GR,Attiki,Athens International Airport (Eleftherios Venizelos Airport),37.9364,23.9445,Europe,Western Europe,France,SXB,FR,Grand-Est,Strasbourg Airport,48.5383,7.62823
6629,LGAV,LFTH,1,Europe,Southern Europe,Greece,ATH,GR,Attiki,Athens International Airport (Eleftherios Venizelos Airport),37.9364,23.9445,Europe,Western Europe,France,TLN,FR,Provence-Alpes-Cote-d'Azur,Toulon-Hyeres Airport (Hyeres Le Palyvestre Airport),43.0973,6.14603
6630,LGAV,LGAV,3,Europe,Southern Europe,Greece,ATH,GR,Attiki,Athens International Airport (Eleftherios Venizelos Airport),37.9364,23.9445,Europe,Southern Europe,Greece,ATH,GR,Attiki,Athens International Airport (Eleftherios Venizelos Airport),37.9364,23.9445
6631,LGAV,LGHI,4,Europe,Southern Europe,Greece,ATH,GR,Attiki,Athens International Airport (Eleftherios Venizelos Airport),37.9364,23.9445,Europe,Southern Europe,Greece,JKH,GR,Voreio Aigaio,Chios Island National Airport,38.3432,26.1406
6632,LGAV,LGIR,5,Europe,Southern Europe,Greece,ATH,GR,Attiki,Athens International Airport (Eleftherios Venizelos Airport),37.9364,23.9445,Europe,Southern Europe,Greece,HER,GR,Kriti,Heraklion International Airport (Nikos Kazantzakis Airport),35.3397,25.1803
6633,LGAV,LGKL,1,Europe,Southern Europe,Greece,ATH,GR,Attiki,Athens International Airport (Eleftherios Venizelos Airport),37.9364,23.9445,Europe,Southern Europe,Greece,KLX,GR,Peloponnisos,Kalamata International Airport,37.0683,22.0255
6634,LGAV,LGKR,1,Europe,Southern Europe,Greece,ATH,GR,Attiki,Athens International Airport (Eleftherios Venizelos Airport),37.9364,23.9445,Europe,Southern Europe,Greece,CFU,GR,Ionia Nisia,Corfu International Airport (Ioannis Kapodistrias Int'l Airport),39.6019,19.9117
6635,LGAV,LGMK,3,Europe,Southern Europe,Greece,ATH,GR,Attiki,Athens International Airport (Eleftherios Venizelos Airport),37.9364,23.9445,Europe,Southern Europe,Greece,JMK,GR,Notio Aigaio,Mykonos Island National Airport,37.4351,25.3481
6636,LGAV,LGPZ,1,Europe,Southern Europe,Greece,ATH,GR,Attiki,Athens International Airport (Eleftherios Venizelos Airport),37.9364,23.9445,Europe,Southern Europe,Greece,PVK,GR,Ionia Nisia,Aktion National Airport,38.9255,20.7653
6637,LGAV,LGSA,2,Europe,Southern Europe,Greece,ATH,GR,Attiki,Athens International Airport (Eleftherios Venizelos Airport),37.9364,23.9445,Europe,Southern Europe,Greece,CHQ,GR,Kriti,Chania International Airport,35.5317,24.1497
6638,LGAV,LGSK,5,Europe,Southern Europe,Greece,ATH,GR,Attiki,Athens International Airport (Eleftherios Venizelos Airport),37.9364,23.9445,Europe,Southern Europe,Greece,JSI,GR,Thessalia,Skiathos Island National Airport,39.1771,23.5037
6639,LGAV,LGSM,1,Europe,Southern Europe,Greece,ATH,GR,Attiki,Athens International Airport (Eleftherios Venizelos Airport),37.9364,23.9445,Europe,Southern Europe,Greece,SMI,GR,Voreio Aigaio,Samos International Airport,37.69,26.9117
6640,LGAV,LGSR,1,Europe,Southern Europe,Greece,ATH,GR,Attiki,Athens International Airport (Eleftherios Venizelos Airport),37.9364,23.9445,Europe,Southern Europe,Greece,JTR,GR,Notio Aigaio,Santorini (Thira) National Airport,36.3992,25.4793
6641,LGAV,LGTS,5,Europe,Southern Europe,Greece,ATH,GR,Attiki,Athens International Airport (Eleftherios Venizelos Airport),37.9364,23.9445,Europe,Southern Europe,Greece,SKG,GR,Kentriki Makedonia,Thessaloniki Airport,40.5197,22.9709
6642,LGAV,LHBP,2,Europe,Southern Europe,Greece,ATH,GR,Attiki,Athens International Airport (Eleftherios Venizelos Airport),37.9364,23.9445,Europe,Central Europe,Hungary,BUD,HU,Budapest,Budapest Ferenc Liszt International Airport,47.4298,19.2611
6643,LGAV,LHDC,2,Europe,Southern Europe,Greece,ATH,GR,Attiki,Athens International Airport (Eleftherios Venizelos Airport),37.9364,23.9445,Europe,Central Europe,Hungary,DEB,HU,Hajdu-Bihar,Debrecen International Airport,47.4889,21.6153
6644,LGAV,LIBD,1,Europe,Southern Europe,Greece,ATH,GR,Attiki,Athens International Airport (Eleftherios Venizelos Airport),37.9364,23.9445,Europe,Southern Europe,Italy,BRI,IT,Puglia,Bari Karol Wojtyla Airport,41.1389,16.7606
6645,LGAV,LICJ,2,Europe,Southern Europe,Greece,ATH,GR,Attiki,Athens International Airport (Eleftherios Venizelos Airport),37.9364,23.9445,Europe,Southern Europe,Italy,PMO,IT,Sicilia,Falcone-Borsellino Airport (Punta Raisi Airport),38.176,13.091
6646,LGAV,LIEO,4,Europe,Southern Europe,Greece,ATH,GR,Attiki,Athens International Airport (Eleftherios Venizelos Airport),37.9364,23.9445,Europe,Southern Europe,Italy,OLB,IT,Sardegna,Olbia Costa Smeralda Airport,40.8987,9.51763
6647,LGAV,LIMC,1,Europe,Southern Europe,Greece,ATH,GR,Attiki,Athens International Airport (Eleftherios Venizelos Airport),37.9364,23.9445,Europe,Southern Europe,Italy,MXP,IT,Lombardia,Milan-Malpensa Airport,45.6306,8.72811
6648,LGAV,LIPE,1,Europe,Southern Europe,Greece,ATH,GR,Attiki,Athens International Airport (Eleftherios Venizelos Airport),37.9364,23.9445,Europe,Southern Europe,Italy,BLQ,IT,Emilia-Romagna,Bologna Guglielmo Marconi Airport,44.5354,11.2887
6649,LGAV,LIRN,1,Europe,Southern Europe,Greece,ATH,GR,Attiki,Athens International Airport (Eleftherios Venizelos Airport),37.9364,23.9445,Europe,Southern Europe,Italy,NAP,IT,Campania,Naples International Airport,40.886,14.2908
6650,LGAV,LIRP,2,Europe,Southern Europe,Greece,ATH,GR,Attiki,Athens International Airport (Eleftherios Venizelos Airport),37.9364,23.9445,Europe,Southern Europe,Italy,PSA,IT,Toscana,Pisa International Airport (Galileo Galilei Airport),43.6839,10.3927
6651,LGAV,LKPR,1,Europe,Southern Europe,Greece,ATH,GR,Attiki,Athens International Airport (Eleftherios Venizelos Airport),37.9364,23.9445,Europe,Central Europe,Czech Republic,PRG,CZ,Stredocesky kraj,Vaclav Havel Airport Prague,50.1008,14.26
6653,LGAV,LOWW,1,Europe,Southern Europe,Greece,ATH,GR,Attiki,Athens International Airport (Eleftherios Venizelos Airport),37.9364,23.9445,Europe,Central Europe,Austria,VIE,AT,Niederosterreich,Vienna International Airport,48.1103,16.5697
6654,LGAV,LQBK,2,Europe,Southern Europe,Greece,ATH,GR,Attiki,Athens International Airport (Eleftherios Venizelos Airport),37.9364,23.9445,Europe,Eastern Europe,Bosnia and Herzegovina,BNX,BA,Republika Srpska,Banja Luka International Airport,44.9414,17.2975
6657,LGAV,LSZB,1,Europe,Southern Europe,Greece,ATH,GR,Attiki,Athens International Airport (Eleftherios Venizelos Airport),37.9364,23.9445,Europe,Central Europe,Switzerland,BRN,CH,Bern,Bern Airport,46.9141,7.49715
6658,LGAV,LSZH,2,Europe,Southern Europe,Greece,ATH,GR,Attiki,Athens International Airport (Eleftherios Venizelos Airport),37.9364,23.9445,Europe,Central Europe,Switzerland,ZRH,CH,Zurich,Zurich Airport,47.4647,8.54917
6661,LGAV,LUKK,2,Europe,Southern Europe,Greece,ATH,GR,Attiki,Athens International Airport (Eleftherios Venizelos Airport),37.9364,23.9445,Europe,Eastern Europe,Moldova,RMO,MD,Chisinau,Chisinau International Airport,46.9277,28.931
6662,LGAV,LWSK,1,Europe,Southern Europe,Greece,ATH,GR,Attiki,Athens International Airport (Eleftherios Venizelos Airport),37.9364,23.9445,Europe,Eastern Europe,North Macedonia,SKP,MK,Skopje,Skopje Alexander the Great Airport,41.9616,21.6214
6673,LGHI,LGAV,2,Europe,Southern Europe,Greece,JKH,GR,Voreio Aigaio,Chios Island National Airport,38.3432,26.1406,Europe,Southern Europe,Greece,ATH,GR,Attiki,Athens International Airport (Eleftherios Venizelos Airport),37.9364,23.9445
6674,LGIR,EBBR,2,Europe,Southern Europe,Greece,HER,GR,Kriti,Heraklion International Airport (Nikos Kazantzakis Airport),35.3397,25.1803,Europe,Western Europe,Belgium,BRU,BE,Brussels Hoofdstedelijk Gewest,Brussels Airport (Zaventem Airport),50.9014,4.48444
6675,LGIR,EDDB,1,Europe,Southern Europe,Greece,HER,GR,Kriti,Heraklion International Airport (Nikos Kazantzakis Airport),35.3397,25.1803,Europe,Central Europe,Germany,BER,DE,Brandenburg,Berlin Brandenburg Airport,52.3514,13.4939
6676,LGIR,EDDL,7,Europe,Southern Europe,Greece,HER,GR,Kriti,Heraklion International Airport (Nikos Kazantzakis Airport),35.3397,25.1803,Europe,Central Europe,Germany,DUS,DE,Nordrhein-Westfalen,Dusseldorf Airport,51.2895,6.76678
6677,LGIR,EDDM,5,Europe,Southern Europe,Greece,HER,GR,Kriti,Heraklion International Airport (Nikos Kazantzakis Airport),35.3397,25.1803,Europe,Central Europe,Germany,MUC,DE,Bayern,Munich Airport,48.3538,11.7861
6678,LGIR,EDDN,3,Europe,Southern Europe,Greece,HER,GR,Kriti,Heraklion International Airport (Nikos Kazantzakis Airport),35.3397,25.1803,Europe,Central Europe,Germany,NUE,DE,Bayern,Nuremberg Airport,49.4987,11.0781
6679,LGIR,EDDP,2,Europe,Southern Europe,Greece,HER,GR,Kriti,Heraklion International Airport (Nikos Kazantzakis Airport),35.3397,25.1803,Europe,Central Europe,Germany,LEJ,DE,Sachsen,Leipzig/Halle Airport,51.4239,12.2364
6680,LGIR,EDDV,1,Europe,Southern Europe,Greece,HER,GR,Kriti,Heraklion International Airport (Nikos Kazantzakis Airport),35.3397,25.1803,Europe,Central Europe,Germany,HAJ,DE,Niedersachsen,Hannover Airport,52.4611,9.68508
6681,LGIR,EDDW,14,Europe,Southern Europe,Greece,HER,GR,Kriti,Heraklion International Airport (Nikos Kazantzakis Airport),35.3397,25.1803,Europe,Central Europe,Germany,BRE,DE,Bremen,Bremen Airport,53.0475,8.78667
6682,LGIR,EDJA,8,Europe,Southern Europe,Greece,HER,GR,Kriti,Heraklion International Airport (Nikos Kazantzakis Airport),35.3397,25.1803,Europe,Central Europe,Germany,FMM,DE,Bayern,Memmingen Airport,47.9888,10.2395
6683,LGIR,EDNY,1,Europe,Southern Europe,Greece,HER,GR,Kriti,Heraklion International Airport (Nikos Kazantzakis Airport),35.3397,25.1803,Europe,Central Europe,Germany,FDH,DE,Baden-Wurttemberg,Friedrichshafen Airport (Bodensee Airport),47.6713,9.51149
6684,LGIR,EFHK,1,Europe,Southern Europe,Greece,HER,GR,Kriti,Heraklion International Airport (Nikos Kazantzakis Airport),35.3397,25.1803,Europe,Nordic Region,Finland,HEL,FI,Uusimaa,Helsinki Airport (Helsinki-Vantaa Airport),60.3172,24.9633
6685,LGIR,EGCC,4,Europe,Southern Europe,Greece,HER,GR,Kriti,Heraklion International Airport (Nikos Kazantzakis Airport),35.3397,25.1803,Europe,United Kingdom,England,MAN,GB,England,Manchester Airport,53.3537,-2.27495
6686,LGIR,EGFF,1,Europe,Southern Europe,Greece,HER,GR,Kriti,Heraklion International Airport (Nikos Kazantzakis Airport),35.3397,25.1803,Europe,United Kingdom,Wales,CWL,GB,Wales,Cardiff Airport,51.3967,-3.34333
6687,LGIR,EGHH,1,Europe,Southern Europe,Greece,HER,GR,Kriti,Heraklion International Airport (Nikos Kazantzakis Airport),35.3397,25.1803,Europe,United Kingdom,England,BOH,GB,England,Bournemouth Airport,50.78,-1.8425
6688,LGIR,EGNT,1,Europe,Southern Europe,Greece,HER,GR,Kriti,Heraklion International Airport (Nikos Kazantzakis Airport),35.3397,25.1803,Europe,United Kingdom,England,NCL,GB,England,Newcastle Airport,55.0375,-1.69167
6689,LGIR,EGPH,1,Europe,Southern Europe,Greece,HER,GR,Kriti,Heraklion International Airport (Nikos Kazantzakis Airport),35.3397,25.1803,Europe,United Kingdom,Scotland,EDI,GB,Scotland,Edinburgh Airport,55.95,-3.3725
6690,LGIR,EGSS,1,Europe,Southern Europe,Greece,HER,GR,Kriti,Heraklion International Airport (Nikos Kazantzakis Airport),35.3397,25.1803,Europe,United Kingdom,England,STN,GB,England,London Stansted Airport,51.885,0.235
6691,LGIR,EHAM,4,Europe,Southern Europe,Greece,HER,GR,Kriti,Heraklion International Airport (Nikos Kazantzakis Airport),35.3397,25.1803,Europe,Western Europe,Netherlands,AMS,NL,Noord-Holland,Amsterdam Airport Schiphol,52.3086,4.76389
6692,LGIR,EKBI,2,Europe,Southern Europe,Greece,HER,GR,Kriti,Heraklion International Airport (Nikos Kazantzakis Airport),35.3397,25.1803,Europe,Nordic Region,Denmark,BLL,DK,Syddanmark,Billund Airport,55.7403,9.15178
6693,LGIR,ENGM,2,Europe,Southern Europe,Greece,HER,GR,Kriti,Heraklion International Airport (Nikos Kazantzakis Airport),35.3397,25.1803,Europe,Nordic Region,Norway,OSL,NO,Akershus,Oslo Airport,60.1939,11.1004
6694,LGIR,EPKK,5,Europe,Southern Europe,Greece,HER,GR,Kriti,Heraklion International Airport (Nikos Kazantzakis Airport),35.3397,25.1803,Europe,Central Europe,Poland,KRK,PL,Malopolskie,John Paul II International Airport Krakow-Balice,50.0777,19.7848
6695,LGIR,EPLL,1,Europe,Southern Europe,Greece,HER,GR,Kriti,Heraklion International Airport (Nikos Kazantzakis Airport),35.3397,25.1803,Europe,Central Europe,Poland,LCJ,PL,Lodzkie,Lodz Wladyslaw Reymont Airport,51.7219,19.3981
6696,LGIR,EPPO,1,Europe,Southern Europe,Greece,HER,GR,Kriti,Heraklion International Airport (Nikos Kazantzakis Airport),35.3397,25.1803,Europe,Central Europe,Poland,POZ,PL,Wielkopolskie,Poznań–Ławica Henryk Wieniawski Airport,52.421,16.8263
6697,LGIR,EPWA,2,Europe,Southern Europe,Greece,HER,GR,Kriti,Heraklion International Airport (Nikos Kazantzakis Airport),35.3397,25.1803,Europe,Central Europe,Poland,WAW,PL,Mazowieckie,Warsaw Chopin Airport,52.1657,20.9671
6698,LGIR,EPWR,2,Europe,Southern Europe,Greece,HER,GR,Kriti,Heraklion International Airport (Nikos Kazantzakis Airport),35.3397,25.1803,Europe,Central Europe,Poland,WRO,PL,Dolnoslaskie,Copernicus Airport Wroclaw,51.1027,16.8858
6699,LGIR,ESGG,1,Europe,Southern Europe,Greece,HER,GR,Kriti,Heraklion International Airport (Nikos Kazantzakis Airport),35.3397,25.1803,Europe,Nordic Region,Sweden,GOT,SE,Vastra Gotalands lan,Goteborg Landvetter Airport,57.6628,12.2798
6700,LGIR,ESMS,1,Europe,Southern Europe,Greece,HER,GR,Kriti,Heraklion International Airport (Nikos Kazantzakis Airport),35.3397,25.1803,Europe,Nordic Region,Sweden,MMX,SE,Skane lan,Malmo Airport,55.5346,13.3704
6701,LGIR,ESSA,1,Europe,Southern Europe,Greece,HER,GR,Kriti,Heraklion International Airport (Nikos Kazantzakis Airport),35.3397,25.1803,Europe,Nordic Region,Sweden,ARN,SE,Stockholms lan,Stockholm Arlanda Airport,59.6519,17.9186
6708,LGIR,LFPG,2,Europe,Southern Europe,Greece,HER,GR,Kriti,Heraklion International Airport (Nikos Kazantzakis Airport),35.3397,25.1803,Europe,Western Europe,France,CDG,FR,Ile-de-France,Paris Charles de Gaulle Airport,49.0097,2.54778
6709,LGIR,LFQQ,1,Europe,Southern Europe,Greece,HER,GR,Kriti,Heraklion International Airport (Nikos Kazantzakis Airport),35.3397,25.1803,Europe,Western Europe,France,LIL,FR,Hauts-de-France,Lille Airport (Lille-Lesquin Airport),50.5633,3.08689
6710,LGIR,LFRS,1,Europe,Southern Europe,Greece,HER,GR,Kriti,Heraklion International Airport (Nikos Kazantzakis Airport),35.3397,25.1803,Europe,Western Europe,France,NTE,FR,Pays-de-la-Loire,Nantes Atlantique Airport,47.1532,-1.61073
6711,LGIR,LGAV,4,Europe,Southern Europe,Greece,HER,GR,Kriti,Heraklion International Airport (Nikos Kazantzakis Airport),35.3397,25.1803,Europe,Southern Europe,Greece,ATH,GR,Attiki,Athens International Airport (Eleftherios Venizelos Airport),37.9364,23.9445
6712,LGIR,LGSA,4,Europe,Southern Europe,Greece,HER,GR,Kriti,Heraklion International Airport (Nikos Kazantzakis Airport),35.3397,25.1803,Europe,Southern Europe,Greece,CHQ,GR,Kriti,Chania International Airport,35.5317,24.1497
6713,LGIR,LHDC,1,Europe,Southern Europe,Greece,HER,GR,Kriti,Heraklion International Airport (Nikos Kazantzakis Airport),35.3397,25.1803,Europe,Central Europe,Hungary,DEB,HU,Hajdu-Bihar,Debrecen International Airport,47.4889,21.6153
6714,LGIR,LIBR,1,Europe,Southern Europe,Greece,HER,GR,Kriti,Heraklion International Airport (Nikos Kazantzakis Airport),35.3397,25.1803,Europe,Southern Europe,Italy,BDS,IT,Puglia,Brindisi - Salento Airport,40.6576,17.947
6715,LGIR,LIML,1,Europe,Southern Europe,Greece,HER,GR,Kriti,Heraklion International Airport (Nikos Kazantzakis Airport),35.3397,25.1803,Europe,Southern Europe,Italy,LIN,IT,Lombardia,Milan-Linate Airport,45.4494,9.2783
6716,LGIR,LKMT,1,Europe,Southern Europe,Greece,HER,GR,Kriti,Heraklion International Airport (Nikos Kazantzakis Airport),35.3397,25.1803,Europe,Central Europe,Czech Republic,OSR,CZ,Moravskoslezsky kraj,Leos Janacek Airport,49.6963,18.1111
6718,LGIR,LOWL,1,Europe,Southern Europe,Greece,HER,GR,Kriti,Heraklion International Airport (Nikos Kazantzakis Airport),35.3397,25.1803,Europe,Central Europe,Austria,LNZ,AT,Oberosterreich,Linz Airport (Blue Danube Airport),48.2332,14.1875
6719,LGIR,LOWW,4,Europe,Southern Europe,Greece,HER,GR,Kriti,Heraklion International Airport (Nikos Kazantzakis Airport),35.3397,25.1803,Europe,Central Europe,Austria,VIE,AT,Niederosterreich,Vienna International Airport,48.1103,16.5697
6720,LGIR,LRBM,1,Europe,Southern Europe,Greece,HER,GR,Kriti,Heraklion International Airport (Nikos Kazantzakis Airport),35.3397,25.1803,Europe,Eastern Europe,Romania,BAY,RO,Maramures,Baia Mare Airport,47.6606,23.4673
6721,LGIR,LRCL,3,Europe,Southern Europe,Greece,HER,GR,Kriti,Heraklion International Airport (Nikos Kazantzakis Airport),35.3397,25.1803,Europe,Eastern Europe,Romania,CLJ,RO,Cluj,Cluj-Napoca International Airport,46.7852,23.6862
6722,LGIR,LRCV,1,Europe,Southern Europe,Greece,HER,GR,Kriti,Heraklion International Airport (Nikos Kazantzakis Airport),35.3397,25.1803,Europe,Eastern Europe,Romania,CRA,RO,Dolj,Craiova International Airport,44.3181,23.8886
6723,LGIR,LSZH,2,Europe,Southern Europe,Greece,HER,GR,Kriti,Heraklion International Airport (Nikos Kazantzakis Airport),35.3397,25.1803,Europe,Central Europe,Switzerland,ZRH,CH,Zurich,Zurich Airport,47.4647,8.54917
6726,LGIR,LUKK,2,Europe,Southern Europe,Greece,HER,GR,Kriti,Heraklion International Airport (Nikos Kazantzakis Airport),35.3397,25.1803,Europe,Eastern Europe,Moldova,RMO,MD,Chisinau,Chisinau International Airport,46.9277,28.931
6727,LGIR,LZIB,1,Europe,Southern Europe,Greece,HER,GR,Kriti,Heraklion International Airport (Nikos Kazantzakis Airport),35.3397,25.1803,Europe,Central Europe,Slovakia,BTS,SK,Bratislavsky kraj,M. R. Stefanik Airport,48.1702,17.2127
6734,LGKF,EDDL,1,Europe,Southern Europe,Greece,EFL,GR,Ionia Nisia,Kefalonia International Airport,38.1201,20.5005,Europe,Central Europe,Germany,DUS,DE,Nordrhein-Westfalen,Dusseldorf Airport,51.2895,6.76678
6735,LGKF,EDDM,1,Europe,Southern Europe,Greece,EFL,GR,Ionia Nisia,Kefalonia International Airport,38.1201,20.5005,Europe,Central Europe,Germany,MUC,DE,Bayern,Munich Airport,48.3538,11.7861
6736,LGKF,EGBB,1,Europe,Southern Europe,Greece,EFL,GR,Ionia Nisia,Kefalonia International Airport,38.1201,20.5005,Europe,United Kingdom,England,BHX,GB,England,Birmingham Airport,52.4539,-1.74803
6737,LGKF,EGCC,5,Europe,Southern Europe,Greece,EFL,GR,Ionia Nisia,Kefalonia International Airport,38.1201,20.5005,Europe,United Kingdom,England,MAN,GB,England,Manchester Airport,53.3537,-2.27495
6738,LGKF,EGGW,1,Europe,Southern Europe,Greece,EFL,GR,Ionia Nisia,Kefalonia International Airport,38.1201,20.5005,Europe,United Kingdom,England,LTN,GB,England,London Luton Airport,51.8747,-0.368333
6739,LGKF,EGHH,1,Europe,Southern Europe,Greece,EFL,GR,Ionia Nisia,Kefalonia International Airport,38.1201,20.5005,Europe,United Kingdom,England,BOH,GB,England,Bournemouth Airport,50.78,-1.8425
6740,LGKF,EGKK,1,Europe,Southern Europe,Greece,EFL,GR,Ionia Nisia,Kefalonia International Airport,38.1201,20.5005,Europe,United Kingdom,England,LGW,GB,England,Gatwick Airport,51.1481,-0.190278
6741,LGKF,EGNT,2,Europe,Southern Europe,Greece,EFL,GR,Ionia Nisia,Kefalonia International Airport,38.1201,20.5005,Europe,United Kingdom,England,NCL,GB,England,Newcastle Airport,55.0375,-1.69167
6742,LGKF,EGSS,1,Europe,Southern Europe,Greece,EFL,GR,Ionia Nisia,Kefalonia International Airport,38.1201,20.5005,Europe,United Kingdom,England,STN,GB,England,London Stansted Airport,51.885,0.235
6743,LGKF,ESSB,1,Europe,Southern Europe,Greece,EFL,GR,Ionia Nisia,Kefalonia International Airport,38.1201,20.5005,Europe,Nordic Region,Sweden,BMA,SE,Stockholms lan,Stockholm Bromma Airport,59.3556,17.9436
6745,LGKF,LDDU,1,Europe,Southern Europe,Greece,EFL,GR,Ionia Nisia,Kefalonia International Airport,38.1201,20.5005,Europe,Southern Europe,Croatia,DBV,HR,Dubrovacko-neretvanska zupanija,Dubrovnik Airport,42.5614,18.2682
6746,LGKF,LEMD,1,Europe,Southern Europe,Greece,EFL,GR,Ionia Nisia,Kefalonia International Airport,38.1201,20.5005,Europe,Southern Europe,Spain,MAD,ES,"Madrid, Comunidad de",Adolfo Suarez Madrid-Barajas Airport,40.4719,-3.56264
6747,LGKF,LFMN,1,Europe,Southern Europe,Greece,EFL,GR,Ionia Nisia,Kefalonia International Airport,38.1201,20.5005,Europe,Western Europe,France,NCE,FR,Provence-Alpes-Cote-d'Azur,Nice Cote d'Azur Airport,43.6584,7.21587
6748,LGKF,LIEA,1,Europe,Southern Europe,Greece,EFL,GR,Ionia Nisia,Kefalonia International Airport,38.1201,20.5005,Europe,Southern Europe,Italy,AHO,IT,Sardegna,Alghero-Fertilia Airport,40.6321,8.29077
6749,LGKF,LIME,1,Europe,Southern Europe,Greece,EFL,GR,Ionia Nisia,Kefalonia International Airport,38.1201,20.5005,Europe,Southern Europe,Italy,BGY,IT,Lombardia,Milan Bergamo Airport,45.66546,9.69948
6750,LGKL,EDDL,1,Europe,Southern Europe,Greece,KLX,GR,Peloponnisos,Kalamata International Airport,37.0683,22.0255,Europe,Central Europe,Germany,DUS,DE,Nordrhein-Westfalen,Dusseldorf Airport,51.2895,6.76678
6751,LGKL,EDDM,1,Europe,Southern Europe,Greece,KLX,GR,Peloponnisos,Kalamata International Airport,37.0683,22.0255,Europe,Central Europe,Germany,MUC,DE,Bayern,Munich Airport,48.3538,11.7861
6752,LGKL,EPKT,1,Europe,Southern Europe,Greece,KLX,GR,Peloponnisos,Kalamata International Airport,37.0683,22.0255,Europe,Central Europe,Poland,KTW,PL,Slaskie,Katowice International Airport,50.4743,19.08
6753,LGKL,LFPO,1,Europe,Southern Europe,Greece,KLX,GR,Peloponnisos,Kalamata International Airport,37.0683,22.0255,Europe,Western Europe,France,ORY,FR,Ile-de-France,Aéroport de Paris-Orly,48.7231,2.35944
6754,LGKL,LGAV,1,Europe,Southern Europe,Greece,KLX,GR,Peloponnisos,Kalamata International Airport,37.0683,22.0255,Europe,Southern Europe,Greece,ATH,GR,Attiki,Athens International Airport (Eleftherios Venizelos Airport),37.9364,23.9445
6755,LGKL,LIML,1,Europe,Southern Europe,Greece,KLX,GR,Peloponnisos,Kalamata International Airport,37.0683,22.0255,Europe,Southern Europe,Italy,LIN,IT,Lombardia,Milan-Linate Airport,45.4494,9.2783
6756,LGKL,LOWI,1,Europe,Southern Europe,Greece,KLX,GR,Peloponnisos,Kalamata International Airport,37.0683,22.0255,Europe,Central Europe,Austria,INN,AT,Tirol,Innsbruck Airport (Kranebitten Airport),47.2602,11.344
6757,LGKO,EBBR,1,Europe,Southern Europe,Greece,KGS,GR,Notio Aigaio,Kos Island International Airport,36.7933,27.0917,Europe,Western Europe,Belgium,BRU,BE,Brussels Hoofdstedelijk Gewest,Brussels Airport (Zaventem Airport),50.9014,4.48444
6758,LGKO,EDDF,2,Europe,Southern Europe,Greece,KGS,GR,Notio Aigaio,Kos Island International Airport,36.7933,27.0917,Europe,Central Europe,Germany,FRA,DE,Hessen,Frankfurt Airport,50.0333,8.57056
6759,LGKO,EDDH,2,Europe,Southern Europe,Greece,KGS,GR,Notio Aigaio,Kos Island International Airport,36.7933,27.0917,Europe,Central Europe,Germany,HAM,DE,Hamburg,Hamburg Airport,53.6304,9.98823
6760,LGKO,EDDL,4,Europe,Southern Europe,Greece,KGS,GR,Notio Aigaio,Kos Island International Airport,36.7933,27.0917,Europe,Central Europe,Germany,DUS,DE,Nordrhein-Westfalen,Dusseldorf Airport,51.2895,6.76678
6761,LGKO,EDDM,1,Europe,Southern Europe,Greece,KGS,GR,Notio Aigaio,Kos Island International Airport,36.7933,27.0917,Europe,Central Europe,Germany,MUC,DE,Bayern,Munich Airport,48.3538,11.7861
6762,LGKO,EDDP,1,Europe,Southern Europe,Greece,KGS,GR,Notio Aigaio,Kos Island International Airport,36.7933,27.0917,Europe,Central Europe,Germany,LEJ,DE,Sachsen,Leipzig/Halle Airport,51.4239,12.2364
6763,LGKO,EFHK,1,Europe,Southern Europe,Greece,KGS,GR,Notio Aigaio,Kos Island International Airport,36.7933,27.0917,Europe,Nordic Region,Finland,HEL,FI,Uusimaa,Helsinki Airport (Helsinki-Vantaa Airport),60.3172,24.9633
6764,LGKO,EGBB,1,Europe,Southern Europe,Greece,KGS,GR,Notio Aigaio,Kos Island International Airport,36.7933,27.0917,Europe,United Kingdom,England,BHX,GB,England,Birmingham Airport,52.4539,-1.74803
6765,LGKO,EGCC,2,Europe,Southern Europe,Greece,KGS,GR,Notio Aigaio,Kos Island International Airport,36.7933,27.0917,Europe,United Kingdom,England,MAN,GB,England,Manchester Airport,53.3537,-2.27495
6766,LGKO,EGNX,1,Europe,Southern Europe,Greece,KGS,GR,Notio Aigaio,Kos Island International Airport,36.7933,27.0917,Europe,United Kingdom,England,EMA,GB,England,East Midlands Airport,52.8311,-1.32806
6767,LGKO,EHAM,2,Europe,Southern Europe,Greece,KGS,GR,Notio Aigaio,Kos Island International Airport,36.7933,27.0917,Europe,Western Europe,Netherlands,AMS,NL,Noord-Holland,Amsterdam Airport Schiphol,52.3086,4.76389
6768,LGKO,EHGG,4,Europe,Southern Europe,Greece,KGS,GR,Notio Aigaio,Kos Island International Airport,36.7933,27.0917,Europe,Western Europe,Netherlands,GRQ,NL,Drenthe,Groningen Airport Eelde,53.1197,6.57944
6769,LGKO,EHRD,1,Europe,Southern Europe,Greece,KGS,GR,Notio Aigaio,Kos Island International Airport,36.7933,27.0917,Europe,Western Europe,Netherlands,RTM,NL,Zuid-Holland,Rotterdam The Hague Airport,51.9569,4.43722
6770,LGKO,EPGD,1,Europe,Southern Europe,Greece,KGS,GR,Notio Aigaio,Kos Island International Airport,36.7933,27.0917,Europe,Central Europe,Poland,GDN,PL,Pomorskie,Gdansk Lech Walesa Airport,54.3776,18.4662
6771,LGKO,EPKT,3,Europe,Southern Europe,Greece,KGS,GR,Notio Aigaio,Kos Island International Airport,36.7933,27.0917,Europe,Central Europe,Poland,KTW,PL,Slaskie,Katowice International Airport,50.4743,19.08
6772,LGKO,EPWA,1,Europe,Southern Europe,Greece,KGS,GR,Notio Aigaio,Kos Island International Airport,36.7933,27.0917,Europe,Central Europe,Poland,WAW,PL,Mazowieckie,Warsaw Chopin Airport,52.1657,20.9671
6774,LGKO,LFOK,1,Europe,Southern Europe,Greece,KGS,GR,Notio Aigaio,Kos Island International Airport,36.7933,27.0917,Europe,Western Europe,France,XCR,FR,Grand-Est,Chalons Vatry Airport,48.7806,4.1883
6775,LGKO,LFST,1,Europe,Southern Europe,Greece,KGS,GR,Notio Aigaio,Kos Island International Airport,36.7933,27.0917,Europe,Western Europe,France,SXB,FR,Grand-Est,Strasbourg Airport,48.5383,7.62823
6776,LGKO,LGAV,1,Europe,Southern Europe,Greece,KGS,GR,Notio Aigaio,Kos Island International Airport,36.7933,27.0917,Europe,Southern Europe,Greece,ATH,GR,Attiki,Athens International Airport (Eleftherios Venizelos Airport),37.9364,23.9445
6777,LGKO,LGMK,2,Europe,Southern Europe,Greece,KGS,GR,Notio Aigaio,Kos Island International Airport,36.7933,27.0917,Europe,Southern Europe,Greece,JMK,GR,Notio Aigaio,Mykonos Island National Airport,37.4351,25.3481
6778,LGKO,LGPZ,1,Europe,Southern Europe,Greece,KGS,GR,Notio Aigaio,Kos Island International Airport,36.7933,27.0917,Europe,Southern Europe,Greece,PVK,GR,Ionia Nisia,Aktion National Airport,38.9255,20.7653
6779,LGKO,LIMC,1,Europe,Southern Europe,Greece,KGS,GR,Notio Aigaio,Kos Island International Airport,36.7933,27.0917,Europe,Southern Europe,Italy,MXP,IT,Lombardia,Milan-Malpensa Airport,45.6306,8.72811
6780,LGKO,LKPR,1,Europe,Southern Europe,Greece,KGS,GR,Notio Aigaio,Kos Island International Airport,36.7933,27.0917,Europe,Central Europe,Czech Republic,PRG,CZ,Stredocesky kraj,Vaclav Havel Airport Prague,50.1008,14.26
6782,LGKO,LOWS,3,Europe,Southern Europe,Greece,KGS,GR,Notio Aigaio,Kos Island International Airport,36.7933,27.0917,Europe,Central Europe,Austria,SZG,AT,Salzburg,Salzburg Airport,47.7933,13.0043
6783,LGKO,LOWW,3,Europe,Southern Europe,Greece,KGS,GR,Notio Aigaio,Kos Island International Airport,36.7933,27.0917,Europe,Central Europe,Austria,VIE,AT,Niederosterreich,Vienna International Airport,48.1103,16.5697
6785,LGKO,LZIB,1,Europe,Southern Europe,Greece,KGS,GR,Notio Aigaio,Kos Island International Airport,36.7933,27.0917,Europe,Central Europe,Slovakia,BTS,SK,Bratislavsky kraj,M. R. Stefanik Airport,48.1702,17.2127
6786,LGKP,LGAV,1,Europe,Southern Europe,Greece,AOK,GR,Notio Aigaio,Karpathos Island National Airport,35.4214,27.146,Europe,Southern Europe,Greece,ATH,GR,Attiki,Athens International Airport (Eleftherios Venizelos Airport),37.9364,23.9445
6787,LGKP,LGIR,1,Europe,Southern Europe,Greece,AOK,GR,Notio Aigaio,Karpathos Island National Airport,35.4214,27.146,Europe,Southern Europe,Greece,HER,GR,Kriti,Heraklion International Airport (Nikos Kazantzakis Airport),35.3397,25.1803
6788,LGKP,LOWG,1,Europe,Southern Europe,Greece,AOK,GR,Notio Aigaio,Karpathos Island National Airport,35.4214,27.146,Europe,Central Europe,Austria,GRZ,AT,Steiermark,Graz Airport,46.9911,15.4396
6789,LGKP,LOWI,1,Europe,Southern Europe,Greece,AOK,GR,Notio Aigaio,Karpathos Island National Airport,35.4214,27.146,Europe,Central Europe,Austria,INN,AT,Tirol,Innsbruck Airport (Kranebitten Airport),47.2602,11.344
6790,LGKR,EBBR,1,Europe,Southern Europe,Greece,CFU,GR,Ionia Nisia,Corfu International Airport (Ioannis Kapodistrias Int'l Airport),39.6019,19.9117,Europe,Western Europe,Belgium,BRU,BE,Brussels Hoofdstedelijk Gewest,Brussels Airport (Zaventem Airport),50.9014,4.48444
6791,LGKR,EDDF,2,Europe,Southern Europe,Greece,CFU,GR,Ionia Nisia,Corfu International Airport (Ioannis Kapodistrias Int'l Airport),39.6019,19.9117,Europe,Central Europe,Germany,FRA,DE,Hessen,Frankfurt Airport,50.0333,8.57056
6792,LGKR,EDDL,3,Europe,Southern Europe,Greece,CFU,GR,Ionia Nisia,Corfu International Airport (Ioannis Kapodistrias Int'l Airport),39.6019,19.9117,Europe,Central Europe,Germany,DUS,DE,Nordrhein-Westfalen,Dusseldorf Airport,51.2895,6.76678
6793,LGKR,EDDM,2,Europe,Southern Europe,Greece,CFU,GR,Ionia Nisia,Corfu International Airport (Ioannis Kapodistrias Int'l Airport),39.6019,19.9117,Europe,Central Europe,Germany,MUC,DE,Bayern,Munich Airport,48.3538,11.7861
6794,LGKR,EDDP,1,Europe,Southern Europe,Greece,CFU,GR,Ionia Nisia,Corfu International Airport (Ioannis Kapodistrias Int'l Airport),39.6019,19.9117,Europe,Central Europe,Germany,LEJ,DE,Sachsen,Leipzig/Halle Airport,51.4239,12.2364
6795,LGKR,EDLV,1,Europe,Southern Europe,Greece,CFU,GR,Ionia Nisia,Corfu International Airport (Ioannis Kapodistrias Int'l Airport),39.6019,19.9117,Europe,Central Europe,Germany,NRN,DE,Nordrhein-Westfalen,Weeze Airport (Niederrhein Airport),51.6024,6.14217
6796,LGKR,EGCC,6,Europe,Southern Europe,Greece,CFU,GR,Ionia Nisia,Corfu International Airport (Ioannis Kapodistrias Int'l Airport),39.6019,19.9117,Europe,United Kingdom,England,MAN,GB,England,Manchester Airport,53.3537,-2.27495
6797,LGKR,EGGP,1,Europe,Southern Europe,Greece,CFU,GR,Ionia Nisia,Corfu International Airport (Ioannis Kapodistrias Int'l Airport),39.6019,19.9117,Europe,United Kingdom,England,LPL,GB,England,Liverpool John Lennon Airport,53.3336,-2.84972
6798,LGKR,EGGW,2,Europe,Southern Europe,Greece,CFU,GR,Ionia Nisia,Corfu International Airport (Ioannis Kapodistrias Int'l Airport),39.6019,19.9117,Europe,United Kingdom,England,LTN,GB,England,London Luton Airport,51.8747,-0.368333
6799,LGKR,EGKK,1,Europe,Southern Europe,Greece,CFU,GR,Ionia Nisia,Corfu International Airport (Ioannis Kapodistrias Int'l Airport),39.6019,19.9117,Europe,United Kingdom,England,LGW,GB,England,Gatwick Airport,51.1481,-0.190278
6800,LGKR,EGNT,3,Europe,Southern Europe,Greece,CFU,GR,Ionia Nisia,Corfu International Airport (Ioannis Kapodistrias Int'l Airport),39.6019,19.9117,Europe,United Kingdom,England,NCL,GB,England,Newcastle Airport,55.0375,-1.69167
6801,LGKR,EGPH,1,Europe,Southern Europe,Greece,CFU,GR,Ionia Nisia,Corfu International Airport (Ioannis Kapodistrias Int'l Airport),39.6019,19.9117,Europe,United Kingdom,Scotland,EDI,GB,Scotland,Edinburgh Airport,55.95,-3.3725
6802,LGKR,EHAM,1,Europe,Southern Europe,Greece,CFU,GR,Ionia Nisia,Corfu International Airport (Ioannis Kapodistrias Int'l Airport),39.6019,19.9117,Europe,Western Europe,Netherlands,AMS,NL,Noord-Holland,Amsterdam Airport Schiphol,52.3086,4.76389
6803,LGKR,EICK,1,Europe,Southern Europe,Greece,CFU,GR,Ionia Nisia,Corfu International Airport (Ioannis Kapodistrias Int'l Airport),39.6019,19.9117,Europe,Western Europe,Ireland,ORK,IE,Cork,Cork Airport,51.8413,-8.49111
6804,LGKR,EKAH,1,Europe,Southern Europe,Greece,CFU,GR,Ionia Nisia,Corfu International Airport (Ioannis Kapodistrias Int'l Airport),39.6019,19.9117,Europe,Nordic Region,Denmark,AAR,DK,Midtjylland,Aarhus Airport,56.3,10.619
6805,LGKR,EKCH,1,Europe,Southern Europe,Greece,CFU,GR,Ionia Nisia,Corfu International Airport (Ioannis Kapodistrias Int'l Airport),39.6019,19.9117,Europe,Nordic Region,Denmark,CPH,DK,Hovedstaden,Copenhagen Airport,55.6179,12.656
6806,LGKR,EPGD,1,Europe,Southern Europe,Greece,CFU,GR,Ionia Nisia,Corfu International Airport (Ioannis Kapodistrias Int'l Airport),39.6019,19.9117,Europe,Central Europe,Poland,GDN,PL,Pomorskie,Gdansk Lech Walesa Airport,54.3776,18.4662
6807,LGKR,EPKT,1,Europe,Southern Europe,Greece,CFU,GR,Ionia Nisia,Corfu International Airport (Ioannis Kapodistrias Int'l Airport),39.6019,19.9117,Europe,Central Europe,Poland,KTW,PL,Slaskie,Katowice International Airport,50.4743,19.08
6809,LGKR,LDDU,1,Europe,Southern Europe,Greece,CFU,GR,Ionia Nisia,Corfu International Airport (Ioannis Kapodistrias Int'l Airport),39.6019,19.9117,Europe,Southern Europe,Croatia,DBV,HR,Dubrovacko-neretvanska zupanija,Dubrovnik Airport,42.5614,18.2682
6810,LGKR,LFRS,1,Europe,Southern Europe,Greece,CFU,GR,Ionia Nisia,Corfu International Airport (Ioannis Kapodistrias Int'l Airport),39.6019,19.9117,Europe,Western Europe,France,NTE,FR,Pays-de-la-Loire,Nantes Atlantique Airport,47.1532,-1.61073
6811,LGKR,LFSB,1,Europe,Southern Europe,Greece,CFU,GR,Ionia Nisia,Corfu International Airport (Ioannis Kapodistrias Int'l Airport),39.6019,19.9117,Europe,Western Europe,France,BSL,CH,Basel-City,EuroAirport Basel Mulhouse Freiburg,47.59,7.52916
6812,LGKR,LFSB,1,Europe,Southern Europe,Greece,CFU,GR,Ionia Nisia,Corfu International Airport (Ioannis Kapodistrias Int'l Airport),39.6019,19.9117,Europe,Central Europe,Switzerland,BSL,CH,Basel-City,EuroAirport Basel Mulhouse Freiburg,47.59,7.52916
6813,LGKR,LGAV,1,Europe,Southern Europe,Greece,CFU,GR,Ionia Nisia,Corfu International Airport (Ioannis Kapodistrias Int'l Airport),39.6019,19.9117,Europe,Southern Europe,Greece,ATH,GR,Attiki,Athens International Airport (Eleftherios Venizelos Airport),37.9364,23.9445
6815,LGKR,LOWW,1,Europe,Southern Europe,Greece,CFU,GR,Ionia Nisia,Corfu International Airport (Ioannis Kapodistrias Int'l Airport),39.6019,19.9117,Europe,Central Europe,Austria,VIE,AT,Niederosterreich,Vienna International Airport,48.1103,16.5697
6816,LGKR,LSGG,1,Europe,Southern Europe,Greece,CFU,GR,Ionia Nisia,Corfu International Airport (Ioannis Kapodistrias Int'l Airport),39.6019,19.9117,Europe,Central Europe,Switzerland,GVA,CH,Geneve,Geneva Airport,46.2381,6.10895
6817,LGKR,LSZH,1,Europe,Southern Europe,Greece,CFU,GR,Ionia Nisia,Corfu International Airport (Ioannis Kapodistrias Int'l Airport),39.6019,19.9117,Europe,Central Europe,Switzerland,ZRH,CH,Zurich,Zurich Airport,47.4647,8.54917
6818,LGKR,LYTV,1,Europe,Southern Europe,Greece,CFU,GR,Ionia Nisia,Corfu International Airport (Ioannis Kapodistrias Int'l Airport),39.6019,19.9117,Europe,Eastern Europe,Montenegro,TIV,ME,Tivat,Tivat Airport,42.4047,18.7233
6819,LGKR,LZIB,1,Europe,Southern Europe,Greece,CFU,GR,Ionia Nisia,Corfu International Airport (Ioannis Kapodistrias Int'l Airport),39.6019,19.9117,Europe,Central Europe,Slovakia,BTS,SK,Bratislavsky kraj,M. R. Stefanik Airport,48.1702,17.2127
6821,LGKV,EDDL,1,Europe,Southern Europe,Greece,KVA,GR,Anatoliki Makedonia kai Thraki,Kavala International Airport (Alexander the Great Airport),40.9133,24.6192,Europe,Central Europe,Germany,DUS,DE,Nordrhein-Westfalen,Dusseldorf Airport,51.2895,6.76678
6822,LGKV,EDDM,2,Europe,Southern Europe,Greece,KVA,GR,Anatoliki Makedonia kai Thraki,Kavala International Airport (Alexander the Great Airport),40.9133,24.6192,Europe,Central Europe,Germany,MUC,DE,Bayern,Munich Airport,48.3538,11.7861
6823,LGKV,EDLW,1,Europe,Southern Europe,Greece,KVA,GR,Anatoliki Makedonia kai Thraki,Kavala International Airport (Alexander the Great Airport),40.9133,24.6192,Europe,Central Europe,Germany,DTM,DE,Nordrhein-Westfalen,Dortmund Airport,51.5183,7.61224
6824,LGKV,EPKT,1,Europe,Southern Europe,Greece,KVA,GR,Anatoliki Makedonia kai Thraki,Kavala International Airport (Alexander the Great Airport),40.9133,24.6192,Europe,Central Europe,Poland,KTW,PL,Slaskie,Katowice International Airport,50.4743,19.08
6825,LGKV,LGAV,1,Europe,Southern Europe,Greece,KVA,GR,Anatoliki Makedonia kai Thraki,Kavala International Airport (Alexander the Great Airport),40.9133,24.6192,Europe,Southern Europe,Greece,ATH,GR,Attiki,Athens International Airport (Eleftherios Venizelos Airport),37.9364,23.9445
6826,LGMK,EDDF,1,Europe,Southern Europe,Greece,JMK,GR,Notio Aigaio,Mykonos Island National Airport,37.4351,25.3481,Europe,Central Europe,Germany,FRA,DE,Hessen,Frankfurt Airport,50.0333,8.57056
6827,LGMK,EDDL,1,Europe,Southern Europe,Greece,JMK,GR,Notio Aigaio,Mykonos Island National Airport,37.4351,25.3481,Europe,Central Europe,Germany,DUS,DE,Nordrhein-Westfalen,Dusseldorf Airport,51.2895,6.76678
6828,LGMK,EDDM,3,Europe,Southern Europe,Greece,JMK,GR,Notio Aigaio,Mykonos Island National Airport,37.4351,25.3481,Europe,Central Europe,Germany,MUC,DE,Bayern,Munich Airport,48.3538,11.7861
6829,LGMK,GCLP,1,Europe,Southern Europe,Greece,JMK,GR,Notio Aigaio,Mykonos Island National Airport,37.4351,25.3481,Europe,Southern Europe,Spain,LPA,ES,Canarias,Gran Canaria Airport,27.9319,-15.3866
6834,LGMK,LDDU,1,Europe,Southern Europe,Greece,JMK,GR,Notio Aigaio,Mykonos Island National Airport,37.4351,25.3481,Europe,Southern Europe,Croatia,DBV,HR,Dubrovacko-neretvanska zupanija,Dubrovnik Airport,42.5614,18.2682
6835,LGMK,LEVC,1,Europe,Southern Europe,Greece,JMK,GR,Notio Aigaio,Mykonos Island National Airport,37.4351,25.3481,Europe,Southern Europe,Spain,VLC,ES,"Valenciana, Comunidad",Valencia Airport,39.4893,-0.481625
6836,LGMK,LFBZ,1,Europe,Southern Europe,Greece,JMK,GR,Notio Aigaio,Mykonos Island National Airport,37.4351,25.3481,Europe,Western Europe,France,BIQ,FR,Nouvelle-Aquitaine,Biarritz Pays Basque Airport,43.4683,-1.53111
6837,LGMK,LFMN,1,Europe,Southern Europe,Greece,JMK,GR,Notio Aigaio,Mykonos Island National Airport,37.4351,25.3481,Europe,Western Europe,France,NCE,FR,Provence-Alpes-Cote-d'Azur,Nice Cote d'Azur Airport,43.6584,7.21587
6838,LGMK,LGKO,1,Europe,Southern Europe,Greece,JMK,GR,Notio Aigaio,Mykonos Island National Airport,37.4351,25.3481,Europe,Southern Europe,Greece,KGS,GR,Notio Aigaio,Kos Island International Airport,36.7933,27.0917
6839,LGMK,LGTS,1,Europe,Southern Europe,Greece,JMK,GR,Notio Aigaio,Mykonos Island National Airport,37.4351,25.3481,Europe,Southern Europe,Greece,SKG,GR,Kentriki Makedonia,Thessaloniki Airport,40.5197,22.9709
6840,LGMK,LIMJ,1,Europe,Southern Europe,Greece,JMK,GR,Notio Aigaio,Mykonos Island National Airport,37.4351,25.3481,Europe,Southern Europe,Italy,GOA,IT,Liguria,Genoa Cristoforo Colombo Airport,44.4133,8.8375
6841,LGMK,LIPE,1,Europe,Southern Europe,Greece,JMK,GR,Notio Aigaio,Mykonos Island National Airport,37.4351,25.3481,Europe,Southern Europe,Italy,BLQ,IT,Emilia-Romagna,Bologna Guglielmo Marconi Airport,44.5354,11.2887
6843,LGMK,LRSV,1,Europe,Southern Europe,Greece,JMK,GR,Notio Aigaio,Mykonos Island National Airport,37.4351,25.3481,Europe,Eastern Europe,Romania,SCV,RO,Suceava,Suceava International Airport (Stefan cel Mare Int'l),47.6875,26.3541
6844,LGMK,LSGG,2,Europe,Southern Europe,Greece,JMK,GR,Notio Aigaio,Mykonos Island National Airport,37.4351,25.3481,Europe,Central Europe,Switzerland,GVA,CH,Geneve,Geneva Airport,46.2381,6.10895
6845,LGMK,LSZH,1,Europe,Southern Europe,Greece,JMK,GR,Notio Aigaio,Mykonos Island National Airport,37.4351,25.3481,Europe,Central Europe,Switzerland,ZRH,CH,Zurich,Zurich Airport,47.4647,8.54917
6850,LGMT,ENGM,1,Europe,Southern Europe,Greece,MJT,GR,Voreio Aigaio,Mytilene International Airport,39.0567,26.5983,Europe,Nordic Region,Norway,OSL,NO,Akershus,Oslo Airport,60.1939,11.1004
6851,LGMT,EPKT,1,Europe,Southern Europe,Greece,MJT,GR,Voreio Aigaio,Mytilene International Airport,39.0567,26.5983,Europe,Central Europe,Poland,KTW,PL,Slaskie,Katowice International Airport,50.4743,19.08
6852,LGMT,LGSM,1,Europe,Southern Europe,Greece,MJT,GR,Voreio Aigaio,Mytilene International Airport,39.0567,26.5983,Europe,Southern Europe,Greece,SMI,GR,Voreio Aigaio,Samos International Airport,37.69,26.9117
6853,LGMT,LKPR,1,Europe,Southern Europe,Greece,MJT,GR,Voreio Aigaio,Mytilene International Airport,39.0567,26.5983,Europe,Central Europe,Czech Republic,PRG,CZ,Stredocesky kraj,Vaclav Havel Airport Prague,50.1008,14.26
6854,LGPZ,EDDM,1,Europe,Southern Europe,Greece,PVK,GR,Ionia Nisia,Aktion National Airport,38.9255,20.7653,Europe,Central Europe,Germany,MUC,DE,Bayern,Munich Airport,48.3538,11.7861
6855,LGPZ,EGCC,1,Europe,Southern Europe,Greece,PVK,GR,Ionia Nisia,Aktion National Airport,38.9255,20.7653,Europe,United Kingdom,England,MAN,GB,England,Manchester Airport,53.3537,-2.27495
6856,LGPZ,EGKK,2,Europe,Southern Europe,Greece,PVK,GR,Ionia Nisia,Aktion National Airport,38.9255,20.7653,Europe,United Kingdom,England,LGW,GB,England,Gatwick Airport,51.1481,-0.190278
6857,LGPZ,EKYT,1,Europe,Southern Europe,Greece,PVK,GR,Ionia Nisia,Aktion National Airport,38.9255,20.7653,Europe,Nordic Region,Denmark,AAL,DK,Nordjylland,Aalborg Airport,57.0928,9.84924
6858,LGPZ,ENGM,1,Europe,Southern Europe,Greece,PVK,GR,Ionia Nisia,Aktion National Airport,38.9255,20.7653,Europe,Nordic Region,Norway,OSL,NO,Akershus,Oslo Airport,60.1939,11.1004
6859,LGPZ,ESSA,2,Europe,Southern Europe,Greece,PVK,GR,Ionia Nisia,Aktion National Airport,38.9255,20.7653,Europe,Nordic Region,Sweden,ARN,SE,Stockholms lan,Stockholm Arlanda Airport,59.6519,17.9186
6860,LGPZ,LEPA,1,Europe,Southern Europe,Greece,PVK,GR,Ionia Nisia,Aktion National Airport,38.9255,20.7653,Europe,Southern Europe,Spain,PMI,ES,Illes Balears,Palma de Mallorca Airport,39.5517,2.73881
6861,LGPZ,LHBP,1,Europe,Southern Europe,Greece,PVK,GR,Ionia Nisia,Aktion National Airport,38.9255,20.7653,Europe,Central Europe,Hungary,BUD,HU,Budapest,Budapest Ferenc Liszt International Airport,47.4298,19.2611
6862,LGPZ,LSZH,3,Europe,Southern Europe,Greece,PVK,GR,Ionia Nisia,Aktion National Airport,38.9255,20.7653,Europe,Central Europe,Switzerland,ZRH,CH,Zurich,Zurich Airport,47.4647,8.54917
6863,LGRP,EDDF,1,Europe,Southern Europe,Greece,RHO,GR,Notio Aigaio,Rhodes International Airport,36.4054,28.0862,Europe,Central Europe,Germany,FRA,DE,Hessen,Frankfurt Airport,50.0333,8.57056
6864,LGRP,EDDH,4,Europe,Southern Europe,Greece,RHO,GR,Notio Aigaio,Rhodes International Airport,36.4054,28.0862,Europe,Central Europe,Germany,HAM,DE,Hamburg,Hamburg Airport,53.6304,9.98823
6865,LGRP,EDDK,1,Europe,Southern Europe,Greece,RHO,GR,Notio Aigaio,Rhodes International Airport,36.4054,28.0862,Europe,Central Europe,Germany,CGN,DE,Nordrhein-Westfalen,Cologne Bonn Airport,50.8659,7.14274
6866,LGRP,EDDM,1,Europe,Southern Europe,Greece,RHO,GR,Notio Aigaio,Rhodes International Airport,36.4054,28.0862,Europe,Central Europe,Germany,MUC,DE,Bayern,Munich Airport,48.3538,11.7861
6867,LGRP,EDDN,1,Europe,Southern Europe,Greece,RHO,GR,Notio Aigaio,Rhodes International Airport,36.4054,28.0862,Europe,Central Europe,Germany,NUE,DE,Bayern,Nuremberg Airport,49.4987,11.0781
6868,LGRP,EDDV,1,Europe,Southern Europe,Greece,RHO,GR,Notio Aigaio,Rhodes International Airport,36.4054,28.0862,Europe,Central Europe,Germany,HAJ,DE,Niedersachsen,Hannover Airport,52.4611,9.68508
6869,LGRP,EDDW,2,Europe,Southern Europe,Greece,RHO,GR,Notio Aigaio,Rhodes International Airport,36.4054,28.0862,Europe,Central Europe,Germany,BRE,DE,Bremen,Bremen Airport,53.0475,8.78667
6870,LGRP,EDNY,4,Europe,Southern Europe,Greece,RHO,GR,Notio Aigaio,Rhodes International Airport,36.4054,28.0862,Europe,Central Europe,Germany,FDH,DE,Baden-Wurttemberg,Friedrichshafen Airport (Bodensee Airport),47.6713,9.51149
6871,LGRP,EFOU,1,Europe,Southern Europe,Greece,RHO,GR,Notio Aigaio,Rhodes International Airport,36.4054,28.0862,Europe,Nordic Region,Finland,OUL,FI,Pohjois-Pohjanmaa,Oulu Airport,64.9301,25.3546
6872,LGRP,EGBB,5,Europe,Southern Europe,Greece,RHO,GR,Notio Aigaio,Rhodes International Airport,36.4054,28.0862,Europe,United Kingdom,England,BHX,GB,England,Birmingham Airport,52.4539,-1.74803
6873,LGRP,EGCC,5,Europe,Southern Europe,Greece,RHO,GR,Notio Aigaio,Rhodes International Airport,36.4054,28.0862,Europe,United Kingdom,England,MAN,GB,England,Manchester Airport,53.3537,-2.27495
6874,LGRP,EGKK,2,Europe,Southern Europe,Greece,RHO,GR,Notio Aigaio,Rhodes International Airport,36.4054,28.0862,Europe,United Kingdom,England,LGW,GB,England,Gatwick Airport,51.1481,-0.190278
6875,LGRP,EGNT,2,Europe,Southern Europe,Greece,RHO,GR,Notio Aigaio,Rhodes International Airport,36.4054,28.0862,Europe,United Kingdom,England,NCL,GB,England,Newcastle Airport,55.0375,-1.69167
6876,LGRP,EGSH,1,Europe,Southern Europe,Greece,RHO,GR,Notio Aigaio,Rhodes International Airport,36.4054,28.0862,Europe,United Kingdom,England,NWI,GB,England,Norwich International Airport,52.6758,1.28278
6877,LGRP,EGSS,1,Europe,Southern Europe,Greece,RHO,GR,Notio Aigaio,Rhodes International Airport,36.4054,28.0862,Europe,United Kingdom,England,STN,GB,England,London Stansted Airport,51.885,0.235
6878,LGRP,EHAM,1,Europe,Southern Europe,Greece,RHO,GR,Notio Aigaio,Rhodes International Airport,36.4054,28.0862,Europe,Western Europe,Netherlands,AMS,NL,Noord-Holland,Amsterdam Airport Schiphol,52.3086,4.76389
6879,LGRP,EKBI,3,Europe,Southern Europe,Greece,RHO,GR,Notio Aigaio,Rhodes International Airport,36.4054,28.0862,Europe,Nordic Region,Denmark,BLL,DK,Syddanmark,Billund Airport,55.7403,9.15178
6880,LGRP,EKYT,3,Europe,Southern Europe,Greece,RHO,GR,Notio Aigaio,Rhodes International Airport,36.4054,28.0862,Europe,Nordic Region,Denmark,AAL,DK,Nordjylland,Aalborg Airport,57.0928,9.84924
6881,LGRP,ENAL,4,Europe,Southern Europe,Greece,RHO,GR,Notio Aigaio,Rhodes International Airport,36.4054,28.0862,Europe,Nordic Region,Norway,AES,NO,More og Romsdal,Alesund Airport,62.5625,6.1197
6882,LGRP,ENCN,4,Europe,Southern Europe,Greece,RHO,GR,Notio Aigaio,Rhodes International Airport,36.4054,28.0862,Europe,Nordic Region,Norway,KRS,NO,Vest-Agder,Kristiansand Airport,58.2042,8.08537
6883,LGRP,ENGM,12,Europe,Southern Europe,Greece,RHO,GR,Notio Aigaio,Rhodes International Airport,36.4054,28.0862,Europe,Nordic Region,Norway,OSL,NO,Akershus,Oslo Airport,60.1939,11.1004
6884,LGRP,EPKK,1,Europe,Southern Europe,Greece,RHO,GR,Notio Aigaio,Rhodes International Airport,36.4054,28.0862,Europe,Central Europe,Poland,KRK,PL,Malopolskie,John Paul II International Airport Krakow-Balice,50.0777,19.7848
6885,LGRP,EPKT,4,Europe,Southern Europe,Greece,RHO,GR,Notio Aigaio,Rhodes International Airport,36.4054,28.0862,Europe,Central Europe,Poland,KTW,PL,Slaskie,Katowice International Airport,50.4743,19.08
6886,LGRP,EPRZ,1,Europe,Southern Europe,Greece,RHO,GR,Notio Aigaio,Rhodes International Airport,36.4054,28.0862,Europe,Central Europe,Poland,RZE,PL,Podlaskie,Rzeszow-Jasionka Airport,50.11,22.019
6887,LGRP,EPWA,1,Europe,Southern Europe,Greece,RHO,GR,Notio Aigaio,Rhodes International Airport,36.4054,28.0862,Europe,Central Europe,Poland,WAW,PL,Mazowieckie,Warsaw Chopin Airport,52.1657,20.9671
6888,LGRP,ESMX,3,Europe,Southern Europe,Greece,RHO,GR,Notio Aigaio,Rhodes International Airport,36.4054,28.0862,Europe,Nordic Region,Sweden,VXO,SE,Kronobergs lan,Vaxjo Smaland Airport,56.9291,14.728
6889,LGRP,ESNN,1,Europe,Southern Europe,Greece,RHO,GR,Notio Aigaio,Rhodes International Airport,36.4054,28.0862,Europe,Nordic Region,Sweden,SDL,SE,Vasternorrlands lan,Sundsvall-Timra Airport (Midlanda Airport),62.5281,17.4439
6890,LGRP,ESNU,1,Europe,Southern Europe,Greece,RHO,GR,Notio Aigaio,Rhodes International Airport,36.4054,28.0862,Europe,Nordic Region,Sweden,UME,SE,Vasterbottens lan,Umea Airport,63.7918,20.2828
6891,LGRP,ESPA,1,Europe,Southern Europe,Greece,RHO,GR,Notio Aigaio,Rhodes International Airport,36.4054,28.0862,Europe,Nordic Region,Sweden,LLA,SE,Norrbottens lan,Lulea Airport (Kallax Airport),65.5438,22.122
6892,LGRP,ESSA,3,Europe,Southern Europe,Greece,RHO,GR,Notio Aigaio,Rhodes International Airport,36.4054,28.0862,Europe,Nordic Region,Sweden,ARN,SE,Stockholms lan,Stockholm Arlanda Airport,59.6519,17.9186
6895,LGRP,LEIB,1,Europe,Southern Europe,Greece,RHO,GR,Notio Aigaio,Rhodes International Airport,36.4054,28.0862,Europe,Southern Europe,Spain,IBZ,ES,Illes Balears,Ibiza Airport,38.8729,1.37312
6896,LGRP,LFPG,1,Europe,Southern Europe,Greece,RHO,GR,Notio Aigaio,Rhodes International Airport,36.4054,28.0862,Europe,Western Europe,France,CDG,FR,Ile-de-France,Paris Charles de Gaulle Airport,49.0097,2.54778
6897,LGRP,LHBP,3,Europe,Southern Europe,Greece,RHO,GR,Notio Aigaio,Rhodes International Airport,36.4054,28.0862,Europe,Central Europe,Hungary,BUD,HU,Budapest,Budapest Ferenc Liszt International Airport,47.4298,19.2611
6898,LGRP,LIML,1,Europe,Southern Europe,Greece,RHO,GR,Notio Aigaio,Rhodes International Airport,36.4054,28.0862,Europe,Southern Europe,Italy,LIN,IT,Lombardia,Milan-Linate Airport,45.4494,9.2783
6900,LGRP,LOWG,1,Europe,Southern Europe,Greece,RHO,GR,Notio Aigaio,Rhodes International Airport,36.4054,28.0862,Europe,Central Europe,Austria,GRZ,AT,Steiermark,Graz Airport,46.9911,15.4396
6901,LGRP,LOWL,7,Europe,Southern Europe,Greece,RHO,GR,Notio Aigaio,Rhodes International Airport,36.4054,28.0862,Europe,Central Europe,Austria,LNZ,AT,Oberosterreich,Linz Airport (Blue Danube Airport),48.2332,14.1875
6902,LGRP,LOWS,1,Europe,Southern Europe,Greece,RHO,GR,Notio Aigaio,Rhodes International Airport,36.4054,28.0862,Europe,Central Europe,Austria,SZG,AT,Salzburg,Salzburg Airport,47.7933,13.0043
6903,LGRP,LOWW,3,Europe,Southern Europe,Greece,RHO,GR,Notio Aigaio,Rhodes International Airport,36.4054,28.0862,Europe,Central Europe,Austria,VIE,AT,Niederosterreich,Vienna International Airport,48.1103,16.5697
6904,LGRP,LRCL,3,Europe,Southern Europe,Greece,RHO,GR,Notio Aigaio,Rhodes International Airport,36.4054,28.0862,Europe,Eastern Europe,Romania,CLJ,RO,Cluj,Cluj-Napoca International Airport,46.7852,23.6862
6905,LGRP,LRIA,1,Europe,Southern Europe,Greece,RHO,GR,Notio Aigaio,Rhodes International Airport,36.4054,28.0862,Europe,Eastern Europe,Romania,IAS,RO,Iasi,Iasi International Airport,47.1785,27.6206
6908,LGSA,EDDF,3,Europe,Southern Europe,Greece,CHQ,GR,Kriti,Chania International Airport,35.5317,24.1497,Europe,Central Europe,Germany,FRA,DE,Hessen,Frankfurt Airport,50.0333,8.57056
6909,LGSA,EDDH,2,Europe,Southern Europe,Greece,CHQ,GR,Kriti,Chania International Airport,35.5317,24.1497,Europe,Central Europe,Germany,HAM,DE,Hamburg,Hamburg Airport,53.6304,9.98823
6910,LGSA,EDLV,1,Europe,Southern Europe,Greece,CHQ,GR,Kriti,Chania International Airport,35.5317,24.1497,Europe,Central Europe,Germany,NRN,DE,Nordrhein-Westfalen,Weeze Airport (Niederrhein Airport),51.6024,6.14217
6911,LGSA,EFOU,3,Europe,Southern Europe,Greece,CHQ,GR,Kriti,Chania International Airport,35.5317,24.1497,Europe,Nordic Region,Finland,OUL,FI,Pohjois-Pohjanmaa,Oulu Airport,64.9301,25.3546
6912,LGSA,EGBB,1,Europe,Southern Europe,Greece,CHQ,GR,Kriti,Chania International Airport,35.5317,24.1497,Europe,United Kingdom,England,BHX,GB,England,Birmingham Airport,52.4539,-1.74803
6913,LGSA,EGCC,1,Europe,Southern Europe,Greece,CHQ,GR,Kriti,Chania International Airport,35.5317,24.1497,Europe,United Kingdom,England,MAN,GB,England,Manchester Airport,53.3537,-2.27495
6914,LGSA,EGKK,1,Europe,Southern Europe,Greece,CHQ,GR,Kriti,Chania International Airport,35.5317,24.1497,Europe,United Kingdom,England,LGW,GB,England,Gatwick Airport,51.1481,-0.190278
6915,LGSA,EGNT,1,Europe,Southern Europe,Greece,CHQ,GR,Kriti,Chania International Airport,35.5317,24.1497,Europe,United Kingdom,England,NCL,GB,England,Newcastle Airport,55.0375,-1.69167
6916,LGSA,EGSS,1,Europe,Southern Europe,Greece,CHQ,GR,Kriti,Chania International Airport,35.5317,24.1497,Europe,United Kingdom,England,STN,GB,England,London Stansted Airport,51.885,0.235
6917,LGSA,EHAM,2,Europe,Southern Europe,Greece,CHQ,GR,Kriti,Chania International Airport,35.5317,24.1497,Europe,Western Europe,Netherlands,AMS,NL,Noord-Holland,Amsterdam Airport Schiphol,52.3086,4.76389
6918,LGSA,EKCH,2,Europe,Southern Europe,Greece,CHQ,GR,Kriti,Chania International Airport,35.5317,24.1497,Europe,Nordic Region,Denmark,CPH,DK,Hovedstaden,Copenhagen Airport,55.6179,12.656
6919,LGSA,ELLX,1,Europe,Southern Europe,Greece,CHQ,GR,Kriti,Chania International Airport,35.5317,24.1497,Europe,Western Europe,Luxembourg,LUX,LU,Luxembourg,Luxembourg Findel Airport,49.6233,6.20444
6920,LGSA,ENBO,6,Europe,Southern Europe,Greece,CHQ,GR,Kriti,Chania International Airport,35.5317,24.1497,Europe,Nordic Region,Norway,BOO,NO,Nordland,Bodo Airport,67.2692,14.3653
6921,LGSA,ENGM,9,Europe,Southern Europe,Greece,CHQ,GR,Kriti,Chania International Airport,35.5317,24.1497,Europe,Nordic Region,Norway,OSL,NO,Akershus,Oslo Airport,60.1939,11.1004
6922,LGSA,ENHD,5,Europe,Southern Europe,Greece,CHQ,GR,Kriti,Chania International Airport,35.5317,24.1497,Europe,Nordic Region,Norway,HAU,NO,Rogaland,Haugesund Airport,59.3453,5.20836
6923,LGSA,ENTC,4,Europe,Southern Europe,Greece,CHQ,GR,Kriti,Chania International Airport,35.5317,24.1497,Europe,Nordic Region,Norway,TOS,NO,Troms,Tromse Airport,69.6833,18.9189
6924,LGSA,ENVA,1,Europe,Southern Europe,Greece,CHQ,GR,Kriti,Chania International Airport,35.5317,24.1497,Europe,Nordic Region,Norway,TRD,NO,Nord-Trondelag,Trondheim Airport,63.4578,10.924
6925,LGSA,ENZV,5,Europe,Southern Europe,Greece,CHQ,GR,Kriti,Chania International Airport,35.5317,24.1497,Europe,Nordic Region,Norway,SVG,NO,Rogaland,Stavanger Airport,58.8767,5.63778
6926,LGSA,EPPO,1,Europe,Southern Europe,Greece,CHQ,GR,Kriti,Chania International Airport,35.5317,24.1497,Europe,Central Europe,Poland,POZ,PL,Wielkopolskie,Poznań–Ławica Henryk Wieniawski Airport,52.421,16.8263
6927,LGSA,EPWA,2,Europe,Southern Europe,Greece,CHQ,GR,Kriti,Chania International Airport,35.5317,24.1497,Europe,Central Europe,Poland,WAW,PL,Mazowieckie,Warsaw Chopin Airport,52.1657,20.9671
6928,LGSA,EPWR,5,Europe,Southern Europe,Greece,CHQ,GR,Kriti,Chania International Airport,35.5317,24.1497,Europe,Central Europe,Poland,WRO,PL,Dolnoslaskie,Copernicus Airport Wroclaw,51.1027,16.8858
6929,LGSA,ESNN,1,Europe,Southern Europe,Greece,CHQ,GR,Kriti,Chania International Airport,35.5317,24.1497,Europe,Nordic Region,Sweden,SDL,SE,Vasternorrlands lan,Sundsvall-Timra Airport (Midlanda Airport),62.5281,17.4439
6930,LGSA,ESNU,2,Europe,Southern Europe,Greece,CHQ,GR,Kriti,Chania International Airport,35.5317,24.1497,Europe,Nordic Region,Sweden,UME,SE,Vasterbottens lan,Umea Airport,63.7918,20.2828
6931,LGSA,ESPA,1,Europe,Southern Europe,Greece,CHQ,GR,Kriti,Chania International Airport,35.5317,24.1497,Europe,Nordic Region,Sweden,LLA,SE,Norrbottens lan,Lulea Airport (Kallax Airport),65.5438,22.122
6932,LGSA,ESSA,5,Europe,Southern Europe,Greece,CHQ,GR,Kriti,Chania International Airport,35.5317,24.1497,Europe,Nordic Region,Sweden,ARN,SE,Stockholms lan,Stockholm Arlanda Airport,59.6519,17.9186
6933,LGSA,LFMN,2,Europe,Southern Europe,Greece,CHQ,GR,Kriti,Chania International Airport,35.5317,24.1497,Europe,Western Europe,France,NCE,FR,Provence-Alpes-Cote-d'Azur,Nice Cote d'Azur Airport,43.6584,7.21587
6934,LGSA,LFPG,1,Europe,Southern Europe,Greece,CHQ,GR,Kriti,Chania International Airport,35.5317,24.1497,Europe,Western Europe,France,CDG,FR,Ile-de-France,Paris Charles de Gaulle Airport,49.0097,2.54778
6935,LGSA,LGAV,1,Europe,Southern Europe,Greece,CHQ,GR,Kriti,Chania International Airport,35.5317,24.1497,Europe,Southern Europe,Greece,ATH,GR,Attiki,Athens International Airport (Eleftherios Venizelos Airport),37.9364,23.9445
6936,LGSA,LGIR,4,Europe,Southern Europe,Greece,CHQ,GR,Kriti,Chania International Airport,35.5317,24.1497,Europe,Southern Europe,Greece,HER,GR,Kriti,Heraklion International Airport (Nikos Kazantzakis Airport),35.3397,25.1803
6937,LGSA,LGKR,1,Europe,Southern Europe,Greece,CHQ,GR,Kriti,Chania International Airport,35.5317,24.1497,Europe,Southern Europe,Greece,CFU,GR,Ionia Nisia,Corfu International Airport (Ioannis Kapodistrias Int'l Airport),39.6019,19.9117
6938,LGSA,LIMC,1,Europe,Southern Europe,Greece,CHQ,GR,Kriti,Chania International Airport,35.5317,24.1497,Europe,Southern Europe,Italy,MXP,IT,Lombardia,Milan-Malpensa Airport,45.6306,8.72811
6939,LGSA,LIRN,1,Europe,Southern Europe,Greece,CHQ,GR,Kriti,Chania International Airport,35.5317,24.1497,Europe,Southern Europe,Italy,NAP,IT,Campania,Naples International Airport,40.886,14.2908
6940,LGSA,LPPT,3,Europe,Southern Europe,Greece,CHQ,GR,Kriti,Chania International Airport,35.5317,24.1497,Europe,Southern Europe,Portugal,LIS,PT,Lisboa,Lisbon Portela Airport,38.7813,-9.13592
6941,LGSA,LRBV,6,Europe,Southern Europe,Greece,CHQ,GR,Kriti,Chania International Airport,35.5317,24.1497,Europe,Eastern Europe,Romania,GHV,RO,Brasov,Brasov Airport,45.6942,25.5172
6942,LGSA,LRCL,3,Europe,Southern Europe,Greece,CHQ,GR,Kriti,Chania International Airport,35.5317,24.1497,Europe,Eastern Europe,Romania,CLJ,RO,Cluj,Cluj-Napoca International Airport,46.7852,23.6862
6944,LGSK,EDDF,1,Europe,Southern Europe,Greece,JSI,GR,Thessalia,Skiathos Island National Airport,39.1771,23.5037,Europe,Central Europe,Germany,FRA,DE,Hessen,Frankfurt Airport,50.0333,8.57056
6945,LGSK,EGNT,1,Europe,Southern Europe,Greece,JSI,GR,Thessalia,Skiathos Island National Airport,39.1771,23.5037,Europe,United Kingdom,England,NCL,GB,England,Newcastle Airport,55.0375,-1.69167
6946,LGSK,EGNX,1,Europe,Southern Europe,Greece,JSI,GR,Thessalia,Skiathos Island National Airport,39.1771,23.5037,Europe,United Kingdom,England,EMA,GB,England,East Midlands Airport,52.8311,-1.32806
6947,LGSK,ENGM,1,Europe,Southern Europe,Greece,JSI,GR,Thessalia,Skiathos Island National Airport,39.1771,23.5037,Europe,Nordic Region,Norway,OSL,NO,Akershus,Oslo Airport,60.1939,11.1004
6948,LGSK,LFSB,1,Europe,Southern Europe,Greece,JSI,GR,Thessalia,Skiathos Island National Airport,39.1771,23.5037,Europe,Western Europe,France,BSL,CH,Basel-City,EuroAirport Basel Mulhouse Freiburg,47.59,7.52916
6949,LGSK,LFSB,1,Europe,Southern Europe,Greece,JSI,GR,Thessalia,Skiathos Island National Airport,39.1771,23.5037,Europe,Central Europe,Switzerland,BSL,CH,Basel-City,EuroAirport Basel Mulhouse Freiburg,47.59,7.52916
6950,LGSK,LGAV,5,Europe,Southern Europe,Greece,JSI,GR,Thessalia,Skiathos Island National Airport,39.1771,23.5037,Europe,Southern Europe,Greece,ATH,GR,Attiki,Athens International Airport (Eleftherios Venizelos Airport),37.9364,23.9445
6951,LGSK,LGKV,1,Europe,Southern Europe,Greece,JSI,GR,Thessalia,Skiathos Island National Airport,39.1771,23.5037,Europe,Southern Europe,Greece,KVA,GR,Anatoliki Makedonia kai Thraki,Kavala International Airport (Alexander the Great Airport),40.9133,24.6192
6952,LGSK,LGPZ,2,Europe,Southern Europe,Greece,JSI,GR,Thessalia,Skiathos Island National Airport,39.1771,23.5037,Europe,Southern Europe,Greece,PVK,GR,Ionia Nisia,Aktion National Airport,38.9255,20.7653
6953,LGSK,LHBP,1,Europe,Southern Europe,Greece,JSI,GR,Thessalia,Skiathos Island National Airport,39.1771,23.5037,Europe,Central Europe,Hungary,BUD,HU,Budapest,Budapest Ferenc Liszt International Airport,47.4298,19.2611
6954,LGSK,LIME,1,Europe,Southern Europe,Greece,JSI,GR,Thessalia,Skiathos Island National Airport,39.1771,23.5037,Europe,Southern Europe,Italy,BGY,IT,Lombardia,Milan Bergamo Airport,45.66546,9.69948
6955,LGSM,EDDF,1,Europe,Southern Europe,Greece,SMI,GR,Voreio Aigaio,Samos International Airport,37.69,26.9117,Europe,Central Europe,Germany,FRA,DE,Hessen,Frankfurt Airport,50.0333,8.57056
6956,LGSM,EDDL,2,Europe,Southern Europe,Greece,SMI,GR,Voreio Aigaio,Samos International Airport,37.69,26.9117,Europe,Central Europe,Germany,DUS,DE,Nordrhein-Westfalen,Dusseldorf Airport,51.2895,6.76678
6957,LGSM,EDDM,2,Europe,Southern Europe,Greece,SMI,GR,Voreio Aigaio,Samos International Airport,37.69,26.9117,Europe,Central Europe,Germany,MUC,DE,Bayern,Munich Airport,48.3538,11.7861
6958,LGSM,EHAM,3,Europe,Southern Europe,Greece,SMI,GR,Voreio Aigaio,Samos International Airport,37.69,26.9117,Europe,Western Europe,Netherlands,AMS,NL,Noord-Holland,Amsterdam Airport Schiphol,52.3086,4.76389
6959,LGSM,ENGM,1,Europe,Southern Europe,Greece,SMI,GR,Voreio Aigaio,Samos International Airport,37.69,26.9117,Europe,Nordic Region,Norway,OSL,NO,Akershus,Oslo Airport,60.1939,11.1004
6960,LGSM,EPWA,1,Europe,Southern Europe,Greece,SMI,GR,Voreio Aigaio,Samos International Airport,37.69,26.9117,Europe,Central Europe,Poland,WAW,PL,Mazowieckie,Warsaw Chopin Airport,52.1657,20.9671
6961,LGSM,ESGG,1,Europe,Southern Europe,Greece,SMI,GR,Voreio Aigaio,Samos International Airport,37.69,26.9117,Europe,Nordic Region,Sweden,GOT,SE,Vastra Gotalands lan,Goteborg Landvetter Airport,57.6628,12.2798
6962,LGSM,ESSA,1,Europe,Southern Europe,Greece,SMI,GR,Voreio Aigaio,Samos International Airport,37.69,26.9117,Europe,Nordic Region,Sweden,ARN,SE,Stockholms lan,Stockholm Arlanda Airport,59.6519,17.9186
6963,LGSM,LIMC,1,Europe,Southern Europe,Greece,SMI,GR,Voreio Aigaio,Samos International Airport,37.69,26.9117,Europe,Southern Europe,Italy,MXP,IT,Lombardia,Milan-Malpensa Airport,45.6306,8.72811
6964,LGSM,LKPR,1,Europe,Southern Europe,Greece,SMI,GR,Voreio Aigaio,Samos International Airport,37.69,26.9117,Europe,Central Europe,Czech Republic,PRG,CZ,Stredocesky kraj,Vaclav Havel Airport Prague,50.1008,14.26
6965,LGSR,BIKF,1,Europe,Southern Europe,Greece,JTR,GR,Notio Aigaio,Santorini (Thira) National Airport,36.3992,25.4793,Europe,Nordic Region,Iceland,KEF,IS,Sudurnes,Keflavík International Airport,63.985,-22.6056
6966,LGSR,EDDF,1,Europe,Southern Europe,Greece,JTR,GR,Notio Aigaio,Santorini (Thira) National Airport,36.3992,25.4793,Europe,Central Europe,Germany,FRA,DE,Hessen,Frankfurt Airport,50.0333,8.57056
6967,LGSR,EDDL,3,Europe,Southern Europe,Greece,JTR,GR,Notio Aigaio,Santorini (Thira) National Airport,36.3992,25.4793,Europe,Central Europe,Germany,DUS,DE,Nordrhein-Westfalen,Dusseldorf Airport,51.2895,6.76678
6968,LGSR,EDDM,3,Europe,Southern Europe,Greece,JTR,GR,Notio Aigaio,Santorini (Thira) National Airport,36.3992,25.4793,Europe,Central Europe,Germany,MUC,DE,Bayern,Munich Airport,48.3538,11.7861
6969,LGSR,EGBB,1,Europe,Southern Europe,Greece,JTR,GR,Notio Aigaio,Santorini (Thira) National Airport,36.3992,25.4793,Europe,United Kingdom,England,BHX,GB,England,Birmingham Airport,52.4539,-1.74803
6970,LGSR,EGCC,1,Europe,Southern Europe,Greece,JTR,GR,Notio Aigaio,Santorini (Thira) National Airport,36.3992,25.4793,Europe,United Kingdom,England,MAN,GB,England,Manchester Airport,53.3537,-2.27495
6971,LGSR,EGLL,1,Europe,Southern Europe,Greece,JTR,GR,Notio Aigaio,Santorini (Thira) National Airport,36.3992,25.4793,Europe,United Kingdom,England,LHR,GB,England,Heathrow Airport,51.4775,-0.461389
6972,LGSR,EHAM,1,Europe,Southern Europe,Greece,JTR,GR,Notio Aigaio,Santorini (Thira) National Airport,36.3992,25.4793,Europe,Western Europe,Netherlands,AMS,NL,Noord-Holland,Amsterdam Airport Schiphol,52.3086,4.76389
6973,LGSR,EPWA,1,Europe,Southern Europe,Greece,JTR,GR,Notio Aigaio,Santorini (Thira) National Airport,36.3992,25.4793,Europe,Central Europe,Poland,WAW,PL,Mazowieckie,Warsaw Chopin Airport,52.1657,20.9671
6976,LGSR,LDDU,1,Europe,Southern Europe,Greece,JTR,GR,Notio Aigaio,Santorini (Thira) National Airport,36.3992,25.4793,Europe,Southern Europe,Croatia,DBV,HR,Dubrovacko-neretvanska zupanija,Dubrovnik Airport,42.5614,18.2682
6977,LGSR,LDLO,1,Europe,Southern Europe,Greece,JTR,GR,Notio Aigaio,Santorini (Thira) National Airport,36.3992,25.4793,Europe,Southern Europe,Croatia,LSZ,HR,Primorsko-goranska zupanija,Losinj Airport,44.5658,14.3931
6978,LGSR,LFML,1,Europe,Southern Europe,Greece,JTR,GR,Notio Aigaio,Santorini (Thira) National Airport,36.3992,25.4793,Europe,Western Europe,France,MRS,FR,Provence-Alpes-Cote-d'Azur,Marseille Provence Airport,43.4393,5.22142
6979,LGSR,LFPG,2,Europe,Southern Europe,Greece,JTR,GR,Notio Aigaio,Santorini (Thira) National Airport,36.3992,25.4793,Europe,Western Europe,France,CDG,FR,Ile-de-France,Paris Charles de Gaulle Airport,49.0097,2.54778
6980,LGSR,LIRN,1,Europe,Southern Europe,Greece,JTR,GR,Notio Aigaio,Santorini (Thira) National Airport,36.3992,25.4793,Europe,Southern Europe,Italy,NAP,IT,Campania,Naples International Airport,40.886,14.2908
6982,LGTS,EDDV,1,Europe,Southern Europe,Greece,SKG,GR,Kentriki Makedonia,Thessaloniki Airport,40.5197,22.9709,Europe,Central Europe,Germany,HAJ,DE,Niedersachsen,Hannover Airport,52.4611,9.68508
6983,LGTS,EDFH,1,Europe,Southern Europe,Greece,SKG,GR,Kentriki Makedonia,Thessaloniki Airport,40.5197,22.9709,Europe,Central Europe,Germany,HHN,DE,Rheinland-Pfalz,Frankfurt-Hahn Airport,49.9487,7.26389
6984,LGTS,EDLV,1,Europe,Southern Europe,Greece,SKG,GR,Kentriki Makedonia,Thessaloniki Airport,40.5197,22.9709,Europe,Central Europe,Germany,NRN,DE,Nordrhein-Westfalen,Weeze Airport (Niederrhein Airport),51.6024,6.14217
6985,LGTS,EDLW,1,Europe,Southern Europe,Greece,SKG,GR,Kentriki Makedonia,Thessaloniki Airport,40.5197,22.9709,Europe,Central Europe,Germany,DTM,DE,Nordrhein-Westfalen,Dortmund Airport,51.5183,7.61224
6986,LGTS,EDSB,1,Europe,Southern Europe,Greece,SKG,GR,Kentriki Makedonia,Thessaloniki Airport,40.5197,22.9709,Europe,Central Europe,Germany,FKB,DE,Baden-Wurttemberg,Karlsruhe/Baden-Baden Airport,48.7794,8.0805
6987,LGTS,EGBB,1,Europe,Southern Europe,Greece,SKG,GR,Kentriki Makedonia,Thessaloniki Airport,40.5197,22.9709,Europe,United Kingdom,England,BHX,GB,England,Birmingham Airport,52.4539,-1.74803
6988,LGTS,EGLC,1,Europe,Southern Europe,Greece,SKG,GR,Kentriki Makedonia,Thessaloniki Airport,40.5197,22.9709,Europe,United Kingdom,England,LCY,GB,England,London City Airport,51.5053,0.055278
6989,LGTS,EHAM,1,Europe,Southern Europe,Greece,SKG,GR,Kentriki Makedonia,Thessaloniki Airport,40.5197,22.9709,Europe,Western Europe,Netherlands,AMS,NL,Noord-Holland,Amsterdam Airport Schiphol,52.3086,4.76389
6990,LGTS,EINN,1,Europe,Southern Europe,Greece,SKG,GR,Kentriki Makedonia,Thessaloniki Airport,40.5197,22.9709,Europe,Western Europe,Ireland,SNN,IE,Clare,Shannon Airport,52.702,-8.92482
6991,LGTS,EPWR,5,Europe,Southern Europe,Greece,SKG,GR,Kentriki Makedonia,Thessaloniki Airport,40.5197,22.9709,Europe,Central Europe,Poland,WRO,PL,Dolnoslaskie,Copernicus Airport Wroclaw,51.1027,16.8858
6995,LGTS,LDZD,1,Europe,Southern Europe,Greece,SKG,GR,Kentriki Makedonia,Thessaloniki Airport,40.5197,22.9709,Europe,Southern Europe,Croatia,ZAD,HR,Zadarska zupanija,Zadar Airport,44.1083,15.3467
6996,LGTS,LFPO,1,Europe,Southern Europe,Greece,SKG,GR,Kentriki Makedonia,Thessaloniki Airport,40.5197,22.9709,Europe,Western Europe,France,ORY,FR,Ile-de-France,Aéroport de Paris-Orly,48.7231,2.35944
6997,LGTS,LGAV,3,Europe,Southern Europe,Greece,SKG,GR,Kentriki Makedonia,Thessaloniki Airport,40.5197,22.9709,Europe,Southern Europe,Greece,ATH,GR,Attiki,Athens International Airport (Eleftherios Venizelos Airport),37.9364,23.9445
6998,LGTS,LGKR,1,Europe,Southern Europe,Greece,SKG,GR,Kentriki Makedonia,Thessaloniki Airport,40.5197,22.9709,Europe,Southern Europe,Greece,CFU,GR,Ionia Nisia,Corfu International Airport (Ioannis Kapodistrias Int'l Airport),39.6019,19.9117
6999,LGTS,LIPE,1,Europe,Southern Europe,Greece,SKG,GR,Kentriki Makedonia,Thessaloniki Airport,40.5197,22.9709,Europe,Southern Europe,Italy,BLQ,IT,Emilia-Romagna,Bologna Guglielmo Marconi Airport,44.5354,11.2887
7000,LGTS,LKTB,1,Europe,Southern Europe,Greece,SKG,GR,Kentriki Makedonia,Thessaloniki Airport,40.5197,22.9709,Europe,Central Europe,Czech Republic,BRQ,CZ,Jihomoravsky kraj,Brno-Turany Airport,49.1513,16.6944
7002,LGTS,LOWK,1,Europe,Southern Europe,Greece,SKG,GR,Kentriki Makedonia,Thessaloniki Airport,40.5197,22.9709,Europe,Central Europe,Austria,KLU,AT,Karnten,Klagenfurt Airport,46.6425,14.3377
7003,LGTS,LUKK,1,Europe,Southern Europe,Greece,SKG,GR,Kentriki Makedonia,Thessaloniki Airport,40.5197,22.9709,Europe,Eastern Europe,Moldova,RMO,MD,Chisinau,Chisinau International Airport,46.9277,28.931
7004,LGTS,LZIB,1,Europe,Southern Europe,Greece,SKG,GR,Kentriki Makedonia,Thessaloniki Airport,40.5197,22.9709,Europe,Central Europe,Slovakia,BTS,SK,Bratislavsky kraj,M. R. Stefanik Airport,48.1702,17.2127
7007,LGZA,EDDL,2,Europe,Southern Europe,Greece,ZTH,GR,Ionia Nisia,Zakynthos International Airport (Dionysios SolomosAirport),37.7509,20.8843,Europe,Central Europe,Germany,DUS,DE,Nordrhein-Westfalen,Dusseldorf Airport,51.2895,6.76678
7008,LGZA,EDDS,1,Europe,Southern Europe,Greece,ZTH,GR,Ionia Nisia,Zakynthos International Airport (Dionysios SolomosAirport),37.7509,20.8843,Europe,Central Europe,Germany,STR,DE,Baden-Wurttemberg,Stuttgart Airport,48.6899,9.22196
7009,LGZA,EGCC,1,Europe,Southern Europe,Greece,ZTH,GR,Ionia Nisia,Zakynthos International Airport (Dionysios SolomosAirport),37.7509,20.8843,Europe,United Kingdom,England,MAN,GB,England,Manchester Airport,53.3537,-2.27495
7010,LGZA,EGHH,1,Europe,Southern Europe,Greece,ZTH,GR,Ionia Nisia,Zakynthos International Airport (Dionysios SolomosAirport),37.7509,20.8843,Europe,United Kingdom,England,BOH,GB,England,Bournemouth Airport,50.78,-1.8425
7011,LGZA,EGKK,1,Europe,Southern Europe,Greece,ZTH,GR,Ionia Nisia,Zakynthos International Airport (Dionysios SolomosAirport),37.7509,20.8843,Europe,United Kingdom,England,LGW,GB,England,Gatwick Airport,51.1481,-0.190278
7012,LGZA,EGNT,1,Europe,Southern Europe,Greece,ZTH,GR,Ionia Nisia,Zakynthos International Airport (Dionysios SolomosAirport),37.7509,20.8843,Europe,United Kingdom,England,NCL,GB,England,Newcastle Airport,55.0375,-1.69167
7013,LGZA,EGSS,1,Europe,Southern Europe,Greece,ZTH,GR,Ionia Nisia,Zakynthos International Airport (Dionysios SolomosAirport),37.7509,20.8843,Europe,United Kingdom,England,STN,GB,England,London Stansted Airport,51.885,0.235
7014,LGZA,EGTE,1,Europe,Southern Europe,Greece,ZTH,GR,Ionia Nisia,Zakynthos International Airport (Dionysios SolomosAirport),37.7509,20.8843,Europe,United Kingdom,England,EXT,GB,England,Exeter International Airport,50.7344,-3.41389
7015,LGZA,EHAM,1,Europe,Southern Europe,Greece,ZTH,GR,Ionia Nisia,Zakynthos International Airport (Dionysios SolomosAirport),37.7509,20.8843,Europe,Western Europe,Netherlands,AMS,NL,Noord-Holland,Amsterdam Airport Schiphol,52.3086,4.76389
7016,LGZA,EPPO,1,Europe,Southern Europe,Greece,ZTH,GR,Ionia Nisia,Zakynthos International Airport (Dionysios SolomosAirport),37.7509,20.8843,Europe,Central Europe,Poland,POZ,PL,Wielkopolskie,Poznań–Ławica Henryk Wieniawski Airport,52.421,16.8263
7017,LGZA,EPWA,2,Europe,Southern Europe,Greece,ZTH,GR,Ionia Nisia,Zakynthos International Airport (Dionysios SolomosAirport),37.7509,20.8843,Europe,Central Europe,Poland,WAW,PL,Mazowieckie,Warsaw Chopin Airport,52.1657,20.9671
7018,LGZA,EPWR,1,Europe,Southern Europe,Greece,ZTH,GR,Ionia Nisia,Zakynthos International Airport (Dionysios SolomosAirport),37.7509,20.8843,Europe,Central Europe,Poland,WRO,PL,Dolnoslaskie,Copernicus Airport Wroclaw,51.1027,16.8858
7020,LGZA,LEMD,1,Europe,Southern Europe,Greece,ZTH,GR,Ionia Nisia,Zakynthos International Airport (Dionysios SolomosAirport),37.7509,20.8843,Europe,Southern Europe,Spain,MAD,ES,"Madrid, Comunidad de",Adolfo Suarez Madrid-Barajas Airport,40.4719,-3.56264
7021,LGZA,LFPO,1,Europe,Southern Europe,Greece,ZTH,GR,Ionia Nisia,Zakynthos International Airport (Dionysios SolomosAirport),37.7509,20.8843,Europe,Western Europe,France,ORY,FR,Ile-de-France,Aéroport de Paris-Orly,48.7231,2.35944
7022,LGZA,LICJ,1,Europe,Southern Europe,Greece,ZTH,GR,Ionia Nisia,Zakynthos International Airport (Dionysios SolomosAirport),37.7509,20.8843,Europe,Southern Europe,Italy,PMO,IT,Sicilia,Falcone-Borsellino Airport (Punta Raisi Airport),38.176,13.091
7023,LGZA,LOWS,1,Europe,Southern Europe,Greece,ZTH,GR,Ionia Nisia,Zakynthos International Airport (Dionysios SolomosAirport),37.7509,20.8843,Europe,Central Europe,Austria,SZG,AT,Salzburg,Salzburg Airport,47.7933,13.0043
7024,LGZA,LSZH,1,Europe,Southern Europe,Greece,ZTH,GR,Ionia Nisia,Zakynthos International Airport (Dionysios SolomosAirport),37.7509,20.8843,Europe,Central Europe,Switzerland,ZRH,CH,Zurich,Zurich Airport,47.4647,8.54917
7028,LHBP,EBBR,2,Europe,Central Europe,Hungary,BUD,HU,Budapest,Budapest Ferenc Liszt International Airport,47.4298,19.2611,Europe,Western Europe,Belgium,BRU,BE,Brussels Hoofdstedelijk Gewest,Brussels Airport (Zaventem Airport),50.9014,4.48444
7029,LHBP,EDDM,1,Europe,Central Europe,Hungary,BUD,HU,Budapest,Budapest Ferenc Liszt International Airport,47.4298,19.2611,Europe,Central Europe,Germany,MUC,DE,Bayern,Munich Airport,48.3538,11.7861
7030,LHBP,EDDV,1,Europe,Central Europe,Hungary,BUD,HU,Budapest,Budapest Ferenc Liszt International Airport,47.4298,19.2611,Europe,Central Europe,Germany,HAJ,DE,Niedersachsen,Hannover Airport,52.4611,9.68508
7031,LHBP,EDFH,1,Europe,Central Europe,Hungary,BUD,HU,Budapest,Budapest Ferenc Liszt International Airport,47.4298,19.2611,Europe,Central Europe,Germany,HHN,DE,Rheinland-Pfalz,Frankfurt-Hahn Airport,49.9487,7.26389
7032,LHBP,EDLW,2,Europe,Central Europe,Hungary,BUD,HU,Budapest,Budapest Ferenc Liszt International Airport,47.4298,19.2611,Europe,Central Europe,Germany,DTM,DE,Nordrhein-Westfalen,Dortmund Airport,51.5183,7.61224
7033,LHBP,EGCC,1,Europe,Central Europe,Hungary,BUD,HU,Budapest,Budapest Ferenc Liszt International Airport,47.4298,19.2611,Europe,United Kingdom,England,MAN,GB,England,Manchester Airport,53.3537,-2.27495
7034,LHBP,EGGW,2,Europe,Central Europe,Hungary,BUD,HU,Budapest,Budapest Ferenc Liszt International Airport,47.4298,19.2611,Europe,United Kingdom,England,LTN,GB,England,London Luton Airport,51.8747,-0.368333
7035,LHBP,EGPE,1,Europe,Central Europe,Hungary,BUD,HU,Budapest,Budapest Ferenc Liszt International Airport,47.4298,19.2611,Europe,United Kingdom,Scotland,INV,GB,Scotland,Inverness Airport,57.5425,-4.0475
7036,LHBP,EGSS,1,Europe,Central Europe,Hungary,BUD,HU,Budapest,Budapest Ferenc Liszt International Airport,47.4298,19.2611,Europe,United Kingdom,England,STN,GB,England,London Stansted Airport,51.885,0.235
7037,LHBP,EHAM,1,Europe,Central Europe,Hungary,BUD,HU,Budapest,Budapest Ferenc Liszt International Airport,47.4298,19.2611,Europe,Western Europe,Netherlands,AMS,NL,Noord-Holland,Amsterdam Airport Schiphol,52.3086,4.76389
7038,LHBP,EKCH,1,Europe,Central Europe,Hungary,BUD,HU,Budapest,Budapest Ferenc Liszt International Airport,47.4298,19.2611,Europe,Nordic Region,Denmark,CPH,DK,Hovedstaden,Copenhagen Airport,55.6179,12.656
7039,LHBP,ELLX,1,Europe,Central Europe,Hungary,BUD,HU,Budapest,Budapest Ferenc Liszt International Airport,47.4298,19.2611,Europe,Western Europe,Luxembourg,LUX,LU,Luxembourg,Luxembourg Findel Airport,49.6233,6.20444
7040,LHBP,EPMO,1,Europe,Central Europe,Hungary,BUD,HU,Budapest,Budapest Ferenc Liszt International Airport,47.4298,19.2611,Europe,Central Europe,Poland,WMI,PL,Mazowieckie,Warsaw Modlin Airport,52.4511,20.6518
7056,LHBP,LATI,1,Europe,Central Europe,Hungary,BUD,HU,Budapest,Budapest Ferenc Liszt International Airport,47.4298,19.2611,Europe,Eastern Europe,Albania,TIA,IR,Azarbayjan-e Gharbi,Tirana International Airport,41.4147,19.7206
7057,LHBP,LBBG,2,Europe,Central Europe,Hungary,BUD,HU,Budapest,Budapest Ferenc Liszt International Airport,47.4298,19.2611,Europe,Eastern Europe,Bulgaria,BOJ,BG,Burgas,Burgas Airport,42.5696,27.5152
7059,LHBP,LEBL,1,Europe,Central Europe,Hungary,BUD,HU,Budapest,Budapest Ferenc Liszt International Airport,47.4298,19.2611,Europe,Southern Europe,Spain,BCN,ES,Catalunya,Barcelona El Prat Airport,41.2971,2.07846
7060,LHBP,LEMD,1,Europe,Central Europe,Hungary,BUD,HU,Budapest,Budapest Ferenc Liszt International Airport,47.4298,19.2611,Europe,Southern Europe,Spain,MAD,ES,"Madrid, Comunidad de",Adolfo Suarez Madrid-Barajas Airport,40.4719,-3.56264
7061,LHBP,LFML,1,Europe,Central Europe,Hungary,BUD,HU,Budapest,Budapest Ferenc Liszt International Airport,47.4298,19.2611,Europe,Western Europe,France,MRS,FR,Provence-Alpes-Cote-d'Azur,Marseille Provence Airport,43.4393,5.22142
7062,LHBP,LFMN,2,Europe,Central Europe,Hungary,BUD,HU,Budapest,Budapest Ferenc Liszt International Airport,47.4298,19.2611,Europe,Western Europe,France,NCE,FR,Provence-Alpes-Cote-d'Azur,Nice Cote d'Azur Airport,43.6584,7.21587
7063,LHBP,LFSB,2,Europe,Central Europe,Hungary,BUD,HU,Budapest,Budapest Ferenc Liszt International Airport,47.4298,19.2611,Europe,Western Europe,France,BSL,CH,Basel-City,EuroAirport Basel Mulhouse Freiburg,47.59,7.52916
7064,LHBP,LFSB,2,Europe,Central Europe,Hungary,BUD,HU,Budapest,Budapest Ferenc Liszt International Airport,47.4298,19.2611,Europe,Central Europe,Switzerland,BSL,CH,Basel-City,EuroAirport Basel Mulhouse Freiburg,47.59,7.52916
7065,LHBP,LFTH,1,Europe,Central Europe,Hungary,BUD,HU,Budapest,Budapest Ferenc Liszt International Airport,47.4298,19.2611,Europe,Western Europe,France,TLN,FR,Provence-Alpes-Cote-d'Azur,Toulon-Hyeres Airport (Hyeres Le Palyvestre Airport),43.0973,6.14603
7066,LHBP,LGAV,1,Europe,Central Europe,Hungary,BUD,HU,Budapest,Budapest Ferenc Liszt International Airport,47.4298,19.2611,Europe,Southern Europe,Greece,ATH,GR,Attiki,Athens International Airport (Eleftherios Venizelos Airport),37.9364,23.9445
7067,LHBP,LGPZ,1,Europe,Central Europe,Hungary,BUD,HU,Budapest,Budapest Ferenc Liszt International Airport,47.4298,19.2611,Europe,Southern Europe,Greece,PVK,GR,Ionia Nisia,Aktion National Airport,38.9255,20.7653
7068,LHBP,LGRP,3,Europe,Central Europe,Hungary,BUD,HU,Budapest,Budapest Ferenc Liszt International Airport,47.4298,19.2611,Europe,Southern Europe,Greece,RHO,GR,Notio Aigaio,Rhodes International Airport,36.4054,28.0862
7069,LHBP,LGSK,1,Europe,Central Europe,Hungary,BUD,HU,Budapest,Budapest Ferenc Liszt International Airport,47.4298,19.2611,Europe,Southern Europe,Greece,JSI,GR,Thessalia,Skiathos Island National Airport,39.1771,23.5037
7070,LHBP,LHDC,1,Europe,Central Europe,Hungary,BUD,HU,Budapest,Budapest Ferenc Liszt International Airport,47.4298,19.2611,Europe,Central Europe,Hungary,DEB,HU,Hajdu-Bihar,Debrecen International Airport,47.4889,21.6153
7071,LHBP,LIBD,1,Europe,Central Europe,Hungary,BUD,HU,Budapest,Budapest Ferenc Liszt International Airport,47.4298,19.2611,Europe,Southern Europe,Italy,BRI,IT,Puglia,Bari Karol Wojtyla Airport,41.1389,16.7606
7072,LHBP,LICC,1,Europe,Central Europe,Hungary,BUD,HU,Budapest,Budapest Ferenc Liszt International Airport,47.4298,19.2611,Europe,Southern Europe,Italy,CTA,IT,Sicilia,Catania-Fontanarossa Airport,37.4668,15.0664
7073,LHBP,LIEA,1,Europe,Central Europe,Hungary,BUD,HU,Budapest,Budapest Ferenc Liszt International Airport,47.4298,19.2611,Europe,Southern Europe,Italy,AHO,IT,Sardegna,Alghero-Fertilia Airport,40.6321,8.29077
7074,LHBP,LIMC,1,Europe,Central Europe,Hungary,BUD,HU,Budapest,Budapest Ferenc Liszt International Airport,47.4298,19.2611,Europe,Southern Europe,Italy,MXP,IT,Lombardia,Milan-Malpensa Airport,45.6306,8.72811
7075,LHBP,LIMJ,2,Europe,Central Europe,Hungary,BUD,HU,Budapest,Budapest Ferenc Liszt International Airport,47.4298,19.2611,Europe,Southern Europe,Italy,GOA,IT,Liguria,Genoa Cristoforo Colombo Airport,44.4133,8.8375
7076,LHBP,LIRA,1,Europe,Central Europe,Hungary,BUD,HU,Budapest,Budapest Ferenc Liszt International Airport,47.4298,19.2611,Europe,Southern Europe,Italy,CIA,IT,Lazio,Rome-Ciampino International Airport,41.7991,12.5929
7078,LHBP,LOWW,2,Europe,Central Europe,Hungary,BUD,HU,Budapest,Budapest Ferenc Liszt International Airport,47.4298,19.2611,Europe,Central Europe,Austria,VIE,AT,Niederosterreich,Vienna International Airport,48.1103,16.5697
7079,LHBP,LPPT,1,Europe,Central Europe,Hungary,BUD,HU,Budapest,Budapest Ferenc Liszt International Airport,47.4298,19.2611,Europe,Southern Europe,Portugal,LIS,PT,Lisboa,Lisbon Portela Airport,38.7813,-9.13592
7080,LHBP,LSGG,1,Europe,Central Europe,Hungary,BUD,HU,Budapest,Budapest Ferenc Liszt International Airport,47.4298,19.2611,Europe,Central Europe,Switzerland,GVA,CH,Geneve,Geneva Airport,46.2381,6.10895
7081,LHBP,LUKK,1,Europe,Central Europe,Hungary,BUD,HU,Budapest,Budapest Ferenc Liszt International Airport,47.4298,19.2611,Europe,Eastern Europe,Moldova,RMO,MD,Chisinau,Chisinau International Airport,46.9277,28.931
7082,LHBP,LYTV,1,Europe,Central Europe,Hungary,BUD,HU,Budapest,Budapest Ferenc Liszt International Airport,47.4298,19.2611,Europe,Eastern Europe,Montenegro,TIV,ME,Tivat,Tivat Airport,42.4047,18.7233
7087,LHBP,UWGG,1,Europe,Central Europe,Hungary,BUD,HU,Budapest,Budapest Ferenc Liszt International Airport,47.4298,19.2611,Europe,Eastern Europe,Russia,GOJ,RU,Nizhegorodskaya oblast',Nizhny Novgorod International Airport (Strigino Airport),56.2301,43.784
7092,LHDC,EDDM,1,Europe,Central Europe,Hungary,DEB,HU,Hajdu-Bihar,Debrecen International Airport,47.4889,21.6153,Europe,Central Europe,Germany,MUC,DE,Bayern,Munich Airport,48.3538,11.7861
7093,LHDC,LATI,1,Europe,Central Europe,Hungary,DEB,HU,Hajdu-Bihar,Debrecen International Airport,47.4889,21.6153,Europe,Eastern Europe,Albania,TIA,IR,Azarbayjan-e Gharbi,Tirana International Airport,41.4147,19.7206
7094,LHDC,LEBL,1,Europe,Central Europe,Hungary,DEB,HU,Hajdu-Bihar,Debrecen International Airport,47.4889,21.6153,Europe,Southern Europe,Spain,BCN,ES,Catalunya,Barcelona El Prat Airport,41.2971,2.07846
7095,LHDC,LGAV,2,Europe,Central Europe,Hungary,DEB,HU,Hajdu-Bihar,Debrecen International Airport,47.4889,21.6153,Europe,Southern Europe,Greece,ATH,GR,Attiki,Athens International Airport (Eleftherios Venizelos Airport),37.9364,23.9445
7096,LHDC,LGIR,1,Europe,Central Europe,Hungary,DEB,HU,Hajdu-Bihar,Debrecen International Airport,47.4889,21.6153,Europe,Southern Europe,Greece,HER,GR,Kriti,Heraklion International Airport (Nikos Kazantzakis Airport),35.3397,25.1803
7097,LHDC,LHBP,1,Europe,Central Europe,Hungary,DEB,HU,Hajdu-Bihar,Debrecen International Airport,47.4889,21.6153,Europe,Central Europe,Hungary,BUD,HU,Budapest,Budapest Ferenc Liszt International Airport,47.4298,19.2611
7098,LIBD,EBOS,1,Europe,Southern Europe,Italy,BRI,IT,Puglia,Bari Karol Wojtyla Airport,41.1389,16.7606,Europe,Western Europe,Belgium,OST,BE,West-Vlaanderen,Ostend-Bruges International Airport,51.1989,2.86222
7099,LIBD,EDDM,3,Europe,Southern Europe,Italy,BRI,IT,Puglia,Bari Karol Wojtyla Airport,41.1389,16.7606,Europe,Central Europe,Germany,MUC,DE,Bayern,Munich Airport,48.3538,11.7861
7100,LIBD,EDLV,1,Europe,Southern Europe,Italy,BRI,IT,Puglia,Bari Karol Wojtyla Airport,41.1389,16.7606,Europe,Central Europe,Germany,NRN,DE,Nordrhein-Westfalen,Weeze Airport (Niederrhein Airport),51.6024,6.14217
7101,LIBD,ELLX,1,Europe,Southern Europe,Italy,BRI,IT,Puglia,Bari Karol Wojtyla Airport,41.1389,16.7606,Europe,Western Europe,Luxembourg,LUX,LU,Luxembourg,Luxembourg Findel Airport,49.6233,6.20444
7102,LIBD,EPWA,1,Europe,Southern Europe,Italy,BRI,IT,Puglia,Bari Karol Wojtyla Airport,41.1389,16.7606,Europe,Central Europe,Poland,WAW,PL,Mazowieckie,Warsaw Chopin Airport,52.1657,20.9671
7107,LIBD,LBBG,1,Europe,Southern Europe,Italy,BRI,IT,Puglia,Bari Karol Wojtyla Airport,41.1389,16.7606,Europe,Eastern Europe,Bulgaria,BOJ,BG,Burgas,Burgas Airport,42.5696,27.5152
7108,LIBD,LDDU,6,Europe,Southern Europe,Italy,BRI,IT,Puglia,Bari Karol Wojtyla Airport,41.1389,16.7606,Europe,Southern Europe,Croatia,DBV,HR,Dubrovacko-neretvanska zupanija,Dubrovnik Airport,42.5614,18.2682
7109,LIBD,LEIB,1,Europe,Southern Europe,Italy,BRI,IT,Puglia,Bari Karol Wojtyla Airport,41.1389,16.7606,Europe,Southern Europe,Spain,IBZ,ES,Illes Balears,Ibiza Airport,38.8729,1.37312
7110,LIBD,LFMN,1,Europe,Southern Europe,Italy,BRI,IT,Puglia,Bari Karol Wojtyla Airport,41.1389,16.7606,Europe,Western Europe,France,NCE,FR,Provence-Alpes-Cote-d'Azur,Nice Cote d'Azur Airport,43.6584,7.21587
7111,LIBD,LGAV,1,Europe,Southern Europe,Italy,BRI,IT,Puglia,Bari Karol Wojtyla Airport,41.1389,16.7606,Europe,Southern Europe,Greece,ATH,GR,Attiki,Athens International Airport (Eleftherios Venizelos Airport),37.9364,23.9445
7112,LIBD,LHBP,1,Europe,Southern Europe,Italy,BRI,IT,Puglia,Bari Karol Wojtyla Airport,41.1389,16.7606,Europe,Central Europe,Hungary,BUD,HU,Budapest,Budapest Ferenc Liszt International Airport,47.4298,19.2611
7113,LIBD,LIEO,1,Europe,Southern Europe,Italy,BRI,IT,Puglia,Bari Karol Wojtyla Airport,41.1389,16.7606,Europe,Southern Europe,Italy,OLB,IT,Sardegna,Olbia Costa Smeralda Airport,40.8987,9.51763
7114,LIBD,LIPO,2,Europe,Southern Europe,Italy,BRI,IT,Puglia,Bari Karol Wojtyla Airport,41.1389,16.7606,Europe,Southern Europe,Italy,VBS,IT,Lombardia,Brescia Airport (Gabriele D'Annunzio Airport),45.4289,10.3306
7115,LIBD,LIRA,1,Europe,Southern Europe,Italy,BRI,IT,Puglia,Bari Karol Wojtyla Airport,41.1389,16.7606,Europe,Southern Europe,Italy,CIA,IT,Lazio,Rome-Ciampino International Airport,41.7991,12.5929
7116,LIBD,LIRF,1,Europe,Southern Europe,Italy,BRI,IT,Puglia,Bari Karol Wojtyla Airport,41.1389,16.7606,Europe,Southern Europe,Italy,FCO,IT,Lazio,Rome–Fiumicino International Airport,41.8003,12.2389
7117,LIBD,LIRN,2,Europe,Southern Europe,Italy,BRI,IT,Puglia,Bari Karol Wojtyla Airport,41.1389,16.7606,Europe,Southern Europe,Italy,NAP,IT,Campania,Naples International Airport,40.886,14.2908
7118,LIBD,LMML,1,Europe,Southern Europe,Italy,BRI,IT,Puglia,Bari Karol Wojtyla Airport,41.1389,16.7606,Europe,Southern Europe,Malta,MLA,MT,Luqa,Malta International Airport (Luqa Airport),35.8575,14.4775
7119,LIBD,LOWW,6,Europe,Southern Europe,Italy,BRI,IT,Puglia,Bari Karol Wojtyla Airport,41.1389,16.7606,Europe,Central Europe,Austria,VIE,AT,Niederosterreich,Vienna International Airport,48.1103,16.5697
7120,LIBD,LQMO,1,Europe,Southern Europe,Italy,BRI,IT,Puglia,Bari Karol Wojtyla Airport,41.1389,16.7606,Europe,Eastern Europe,Bosnia and Herzegovina,OMO,BA,Federacija Bosne i Hercegovine,Mostar Airport,43.2829,17.8459
7121,LIBD,LROP,1,Europe,Southern Europe,Italy,BRI,IT,Puglia,Bari Karol Wojtyla Airport,41.1389,16.7606,Europe,Eastern Europe,Romania,OTP,RO,Ilfov,Bucharest Henri Coandă International Airport,44.5711,26.085
7122,LIBD,LSZH,1,Europe,Southern Europe,Italy,BRI,IT,Puglia,Bari Karol Wojtyla Airport,41.1389,16.7606,Europe,Central Europe,Switzerland,ZRH,CH,Zurich,Zurich Airport,47.4647,8.54917
7125,LIBD,LYBE,1,Europe,Southern Europe,Italy,BRI,IT,Puglia,Bari Karol Wojtyla Airport,41.1389,16.7606,Europe,Eastern Europe,Serbia,BEG,RS,Beograd,Belgrade Nikola Tesla Airport,44.8184,20.3091
7127,LIBP,BIKF,1,Europe,Southern Europe,Italy,PSR,IT,Abruzzo,Abruzzo Airport,42.4317,14.1811,Europe,Nordic Region,Iceland,KEF,IS,Sudurnes,Keflavík International Airport,63.985,-22.6056
7129,LIBP,LIRN,2,Europe,Southern Europe,Italy,PSR,IT,Abruzzo,Abruzzo Airport,42.4317,14.1811,Europe,Southern Europe,Italy,NAP,IT,Campania,Naples International Airport,40.886,14.2908
7130,LIBP,LIRP,1,Europe,Southern Europe,Italy,PSR,IT,Abruzzo,Abruzzo Airport,42.4317,14.1811,Europe,Southern Europe,Italy,PSA,IT,Toscana,Pisa International Airport (Galileo Galilei Airport),43.6839,10.3927
7131,LIBR,BIKF,1,Europe,Southern Europe,Italy,BDS,IT,Puglia,Brindisi - Salento Airport,40.6576,17.947,Europe,Nordic Region,Iceland,KEF,IS,Sudurnes,Keflavík International Airport,63.985,-22.6056
7132,LIBR,EDJA,1,Europe,Southern Europe,Italy,BDS,IT,Puglia,Brindisi - Salento Airport,40.6576,17.947,Europe,Central Europe,Germany,FMM,DE,Bayern,Memmingen Airport,47.9888,10.2395
7133,LIBR,EGSS,1,Europe,Southern Europe,Italy,BDS,IT,Puglia,Brindisi - Salento Airport,40.6576,17.947,Europe,United Kingdom,England,STN,GB,England,London Stansted Airport,51.885,0.235
7134,LIBR,EPGD,1,Europe,Southern Europe,Italy,BDS,IT,Puglia,Brindisi - Salento Airport,40.6576,17.947,Europe,Central Europe,Poland,GDN,PL,Pomorskie,Gdansk Lech Walesa Airport,54.3776,18.4662
7137,LIBR,LFSB,1,Europe,Southern Europe,Italy,BDS,IT,Puglia,Brindisi - Salento Airport,40.6576,17.947,Europe,Western Europe,France,BSL,CH,Basel-City,EuroAirport Basel Mulhouse Freiburg,47.59,7.52916
7138,LIBR,LFSB,1,Europe,Southern Europe,Italy,BDS,IT,Puglia,Brindisi - Salento Airport,40.6576,17.947,Europe,Central Europe,Switzerland,BSL,CH,Basel-City,EuroAirport Basel Mulhouse Freiburg,47.59,7.52916
7139,LIBR,LIEO,1,Europe,Southern Europe,Italy,BDS,IT,Puglia,Brindisi - Salento Airport,40.6576,17.947,Europe,Southern Europe,Italy,OLB,IT,Sardegna,Olbia Costa Smeralda Airport,40.8987,9.51763
7140,LIBR,LIME,1,Europe,Southern Europe,Italy,BDS,IT,Puglia,Brindisi - Salento Airport,40.6576,17.947,Europe,Southern Europe,Italy,BGY,IT,Lombardia,Milan Bergamo Airport,45.66546,9.69948
7141,LIBR,LSGG,1,Europe,Southern Europe,Italy,BDS,IT,Puglia,Brindisi - Salento Airport,40.6576,17.947,Europe,Central Europe,Switzerland,GVA,CH,Geneve,Geneva Airport,46.2381,6.10895
7142,LIBR,LSZH,1,Europe,Southern Europe,Italy,BDS,IT,Puglia,Brindisi - Salento Airport,40.6576,17.947,Europe,Central Europe,Switzerland,ZRH,CH,Zurich,Zurich Airport,47.4647,8.54917
7143,LICA,EDDF,1,Europe,Southern Europe,Italy,SUF,IT,Calabria,Lamezia Terme International Airport,38.9054,16.2423,Europe,Central Europe,Germany,FRA,DE,Hessen,Frankfurt Airport,50.0333,8.57056
7144,LICA,EDDL,1,Europe,Southern Europe,Italy,SUF,IT,Calabria,Lamezia Terme International Airport,38.9054,16.2423,Europe,Central Europe,Germany,DUS,DE,Nordrhein-Westfalen,Dusseldorf Airport,51.2895,6.76678
7145,LICA,EDDS,1,Europe,Southern Europe,Italy,SUF,IT,Calabria,Lamezia Terme International Airport,38.9054,16.2423,Europe,Central Europe,Germany,STR,DE,Baden-Wurttemberg,Stuttgart Airport,48.6899,9.22196
7146,LICA,EDDV,1,Europe,Southern Europe,Italy,SUF,IT,Calabria,Lamezia Terme International Airport,38.9054,16.2423,Europe,Central Europe,Germany,HAJ,DE,Niedersachsen,Hannover Airport,52.4611,9.68508
7147,LICA,EDFH,1,Europe,Southern Europe,Italy,SUF,IT,Calabria,Lamezia Terme International Airport,38.9054,16.2423,Europe,Central Europe,Germany,HHN,DE,Rheinland-Pfalz,Frankfurt-Hahn Airport,49.9487,7.26389
7148,LICA,EDSB,1,Europe,Southern Europe,Italy,SUF,IT,Calabria,Lamezia Terme International Airport,38.9054,16.2423,Europe,Central Europe,Germany,FKB,DE,Baden-Wurttemberg,Karlsruhe/Baden-Baden Airport,48.7794,8.0805
7149,LICA,EGCC,1,Europe,Southern Europe,Italy,SUF,IT,Calabria,Lamezia Terme International Airport,38.9054,16.2423,Europe,United Kingdom,England,MAN,GB,England,Manchester Airport,53.3537,-2.27495
7150,LICA,EPWA,1,Europe,Southern Europe,Italy,SUF,IT,Calabria,Lamezia Terme International Airport,38.9054,16.2423,Europe,Central Europe,Poland,WAW,PL,Mazowieckie,Warsaw Chopin Airport,52.1657,20.9671
7151,LICA,LFOB,1,Europe,Southern Europe,Italy,SUF,IT,Calabria,Lamezia Terme International Airport,38.9054,16.2423,Europe,Western Europe,France,BVA,FR,Hauts-de-France,Beauvais–Tillé Airport,49.45444,2.11277
7152,LICA,LIBD,1,Europe,Southern Europe,Italy,SUF,IT,Calabria,Lamezia Terme International Airport,38.9054,16.2423,Europe,Southern Europe,Italy,BRI,IT,Puglia,Bari Karol Wojtyla Airport,41.1389,16.7606
7153,LICA,LSZR,1,Europe,Southern Europe,Italy,SUF,IT,Calabria,Lamezia Terme International Airport,38.9054,16.2423,Europe,Central Europe,Switzerland,ACH,CH,Sankt Gallen,St. Gallen-Altenrhein Airport,47.485,9.56077
7155,LICC,EDDF,1,Europe,Southern Europe,Italy,CTA,IT,Sicilia,Catania-Fontanarossa Airport,37.4668,15.0664,Europe,Central Europe,Germany,FRA,DE,Hessen,Frankfurt Airport,50.0333,8.57056
7156,LICC,EDDL,1,Europe,Southern Europe,Italy,CTA,IT,Sicilia,Catania-Fontanarossa Airport,37.4668,15.0664,Europe,Central Europe,Germany,DUS,DE,Nordrhein-Westfalen,Dusseldorf Airport,51.2895,6.76678
7157,LICC,EGPH,1,Europe,Southern Europe,Italy,CTA,IT,Sicilia,Catania-Fontanarossa Airport,37.4668,15.0664,Europe,United Kingdom,Scotland,EDI,GB,Scotland,Edinburgh Airport,55.95,-3.3725
7158,LICC,EGPK,1,Europe,Southern Europe,Italy,CTA,IT,Sicilia,Catania-Fontanarossa Airport,37.4668,15.0664,Europe,United Kingdom,Scotland,PIK,GB,Scotland,Glasgow Prestwick Airport,55.5094,-4.58667
7159,LICC,EHAM,1,Europe,Southern Europe,Italy,CTA,IT,Sicilia,Catania-Fontanarossa Airport,37.4668,15.0664,Europe,Western Europe,Netherlands,AMS,NL,Noord-Holland,Amsterdam Airport Schiphol,52.3086,4.76389
7160,LICC,ELLX,1,Europe,Southern Europe,Italy,CTA,IT,Sicilia,Catania-Fontanarossa Airport,37.4668,15.0664,Europe,Western Europe,Luxembourg,LUX,LU,Luxembourg,Luxembourg Findel Airport,49.6233,6.20444
7161,LICC,EPKT,1,Europe,Southern Europe,Italy,CTA,IT,Sicilia,Catania-Fontanarossa Airport,37.4668,15.0664,Europe,Central Europe,Poland,KTW,PL,Slaskie,Katowice International Airport,50.4743,19.08
7162,LICC,EPWA,2,Europe,Southern Europe,Italy,CTA,IT,Sicilia,Catania-Fontanarossa Airport,37.4668,15.0664,Europe,Central Europe,Poland,WAW,PL,Mazowieckie,Warsaw Chopin Airport,52.1657,20.9671
7170,LICC,LEMD,1,Europe,Southern Europe,Italy,CTA,IT,Sicilia,Catania-Fontanarossa Airport,37.4668,15.0664,Europe,Southern Europe,Spain,MAD,ES,"Madrid, Comunidad de",Adolfo Suarez Madrid-Barajas Airport,40.4719,-3.56264
7171,LICC,LFPO,1,Europe,Southern Europe,Italy,CTA,IT,Sicilia,Catania-Fontanarossa Airport,37.4668,15.0664,Europe,Western Europe,France,ORY,FR,Ile-de-France,Aéroport de Paris-Orly,48.7231,2.35944
7172,LICC,LGAV,2,Europe,Southern Europe,Italy,CTA,IT,Sicilia,Catania-Fontanarossa Airport,37.4668,15.0664,Europe,Southern Europe,Greece,ATH,GR,Attiki,Athens International Airport (Eleftherios Venizelos Airport),37.9364,23.9445
7173,LICC,LHBP,1,Europe,Southern Europe,Italy,CTA,IT,Sicilia,Catania-Fontanarossa Airport,37.4668,15.0664,Europe,Central Europe,Hungary,BUD,HU,Budapest,Budapest Ferenc Liszt International Airport,47.4298,19.2611
7174,LICC,LICJ,2,Europe,Southern Europe,Italy,CTA,IT,Sicilia,Catania-Fontanarossa Airport,37.4668,15.0664,Europe,Southern Europe,Italy,PMO,IT,Sicilia,Falcone-Borsellino Airport (Punta Raisi Airport),38.176,13.091
7175,LICC,LKPR,1,Europe,Southern Europe,Italy,CTA,IT,Sicilia,Catania-Fontanarossa Airport,37.4668,15.0664,Europe,Central Europe,Czech Republic,PRG,CZ,Stredocesky kraj,Vaclav Havel Airport Prague,50.1008,14.26
7176,LICC,LSZH,1,Europe,Southern Europe,Italy,CTA,IT,Sicilia,Catania-Fontanarossa Airport,37.4668,15.0664,Europe,Central Europe,Switzerland,ZRH,CH,Zurich,Zurich Airport,47.4647,8.54917
7177,LICJ,BKPR,1,Europe,Southern Europe,Italy,PMO,IT,Sicilia,Falcone-Borsellino Airport (Punta Raisi Airport),38.176,13.091,Europe,Eastern Europe,Kosovo,PRN,XK,Pristina,Pristina Adem Jashari Airport,42.5745,21.0294
7178,LICJ,EDDF,1,Europe,Southern Europe,Italy,PMO,IT,Sicilia,Falcone-Borsellino Airport (Punta Raisi Airport),38.176,13.091,Europe,Central Europe,Germany,FRA,DE,Hessen,Frankfurt Airport,50.0333,8.57056
7179,LICJ,EDFH,1,Europe,Southern Europe,Italy,PMO,IT,Sicilia,Falcone-Borsellino Airport (Punta Raisi Airport),38.176,13.091,Europe,Central Europe,Germany,HHN,DE,Rheinland-Pfalz,Frankfurt-Hahn Airport,49.9487,7.26389
7180,LICJ,EHRD,1,Europe,Southern Europe,Italy,PMO,IT,Sicilia,Falcone-Borsellino Airport (Punta Raisi Airport),38.176,13.091,Europe,Western Europe,Netherlands,RTM,NL,Zuid-Holland,Rotterdam The Hague Airport,51.9569,4.43722
7181,LICJ,EIDW,1,Europe,Southern Europe,Italy,PMO,IT,Sicilia,Falcone-Borsellino Airport (Punta Raisi Airport),38.176,13.091,Europe,Western Europe,Ireland,DUB,IE,Dublin,Dublin Airport,53.4213,-6.27007
7182,LICJ,EPKK,1,Europe,Southern Europe,Italy,PMO,IT,Sicilia,Falcone-Borsellino Airport (Punta Raisi Airport),38.176,13.091,Europe,Central Europe,Poland,KRK,PL,Malopolskie,John Paul II International Airport Krakow-Balice,50.0777,19.7848
7183,LICJ,EPWA,1,Europe,Southern Europe,Italy,PMO,IT,Sicilia,Falcone-Borsellino Airport (Punta Raisi Airport),38.176,13.091,Europe,Central Europe,Poland,WAW,PL,Mazowieckie,Warsaw Chopin Airport,52.1657,20.9671
7187,LICJ,LFBD,1,Europe,Southern Europe,Italy,PMO,IT,Sicilia,Falcone-Borsellino Airport (Punta Raisi Airport),38.176,13.091,Europe,Western Europe,France,BOD,FR,Nouvelle-Aquitaine,Bordeaux-Merignac Airport,44.8283,-0.715556
7188,LICJ,LFQQ,1,Europe,Southern Europe,Italy,PMO,IT,Sicilia,Falcone-Borsellino Airport (Punta Raisi Airport),38.176,13.091,Europe,Western Europe,France,LIL,FR,Hauts-de-France,Lille Airport (Lille-Lesquin Airport),50.5633,3.08689
7189,LICJ,LGAV,1,Europe,Southern Europe,Italy,PMO,IT,Sicilia,Falcone-Borsellino Airport (Punta Raisi Airport),38.176,13.091,Europe,Southern Europe,Greece,ATH,GR,Attiki,Athens International Airport (Eleftherios Venizelos Airport),37.9364,23.9445
7190,LICJ,LGZA,1,Europe,Southern Europe,Italy,PMO,IT,Sicilia,Falcone-Borsellino Airport (Punta Raisi Airport),38.176,13.091,Europe,Southern Europe,Greece,ZTH,GR,Ionia Nisia,Zakynthos International Airport (Dionysios SolomosAirport),37.7509,20.8843
7191,LICJ,LIPZ,1,Europe,Southern Europe,Italy,PMO,IT,Sicilia,Falcone-Borsellino Airport (Punta Raisi Airport),38.176,13.091,Europe,Southern Europe,Italy,VCE,IT,Veneto,Venice Marco Polo Airport,45.5053,12.3519
7192,LICJ,LIRF,2,Europe,Southern Europe,Italy,PMO,IT,Sicilia,Falcone-Borsellino Airport (Punta Raisi Airport),38.176,13.091,Europe,Southern Europe,Italy,FCO,IT,Lazio,Rome–Fiumicino International Airport,41.8003,12.2389
7193,LICJ,LIRQ,1,Europe,Southern Europe,Italy,PMO,IT,Sicilia,Falcone-Borsellino Airport (Punta Raisi Airport),38.176,13.091,Europe,Southern Europe,Italy,FLR,IT,Toscana,Florence Airport,43.81,11.2051
7195,LICT,EDDM,2,Europe,Southern Europe,Italy,TPS,IT,Sicilia,Vincenzo Florio Airport,37.9114,12.488,Europe,Central Europe,Germany,MUC,DE,Bayern,Munich Airport,48.3538,11.7861
7196,LICT,EDHL,1,Europe,Southern Europe,Italy,TPS,IT,Sicilia,Vincenzo Florio Airport,37.9114,12.488,Europe,Central Europe,Germany,LBC,DE,Schleswig-Holstein,Lubeck Airport,53.8054,10.7192
7197,LICT,EDSB,1,Europe,Southern Europe,Italy,TPS,IT,Sicilia,Vincenzo Florio Airport,37.9114,12.488,Europe,Central Europe,Germany,FKB,DE,Baden-Wurttemberg,Karlsruhe/Baden-Baden Airport,48.7794,8.0805
7199,LICT,LIEO,1,Europe,Southern Europe,Italy,TPS,IT,Sicilia,Vincenzo Florio Airport,37.9114,12.488,Europe,Southern Europe,Italy,OLB,IT,Sardegna,Olbia Costa Smeralda Airport,40.8987,9.51763
7200,LIEA,EDFH,1,Europe,Southern Europe,Italy,AHO,IT,Sardegna,Alghero-Fertilia Airport,40.6321,8.29077,Europe,Central Europe,Germany,HHN,DE,Rheinland-Pfalz,Frankfurt-Hahn Airport,49.9487,7.26389
7201,LIEA,LFBD,1,Europe,Southern Europe,Italy,AHO,IT,Sardegna,Alghero-Fertilia Airport,40.6321,8.29077,Europe,Western Europe,France,BOD,FR,Nouvelle-Aquitaine,Bordeaux-Merignac Airport,44.8283,-0.715556
7202,LIEA,LFPO,1,Europe,Southern Europe,Italy,AHO,IT,Sardegna,Alghero-Fertilia Airport,40.6321,8.29077,Europe,Western Europe,France,ORY,FR,Ile-de-France,Aéroport de Paris-Orly,48.7231,2.35944
7203,LIEA,LHBP,1,Europe,Southern Europe,Italy,AHO,IT,Sardegna,Alghero-Fertilia Airport,40.6321,8.29077,Europe,Central Europe,Hungary,BUD,HU,Budapest,Budapest Ferenc Liszt International Airport,47.4298,19.2611
7204,LIEA,LIPE,1,Europe,Southern Europe,Italy,AHO,IT,Sardegna,Alghero-Fertilia Airport,40.6321,8.29077,Europe,Southern Europe,Italy,BLQ,IT,Emilia-Romagna,Bologna Guglielmo Marconi Airport,44.5354,11.2887
7205,LIEA,LSZB,1,Europe,Southern Europe,Italy,AHO,IT,Sardegna,Alghero-Fertilia Airport,40.6321,8.29077,Europe,Central Europe,Switzerland,BRN,CH,Bern,Bern Airport,46.9141,7.49715
7206,LIEE,EDDM,1,Europe,Southern Europe,Italy,CAG,IT,Sardegna,Cagliari Elmas Airport,39.2515,9.05428,Europe,Central Europe,Germany,MUC,DE,Bayern,Munich Airport,48.3538,11.7861
7207,LIEE,ELLX,1,Europe,Southern Europe,Italy,CAG,IT,Sardegna,Cagliari Elmas Airport,39.2515,9.05428,Europe,Western Europe,Luxembourg,LUX,LU,Luxembourg,Luxembourg Findel Airport,49.6233,6.20444
7208,LIEE,ENGM,1,Europe,Southern Europe,Italy,CAG,IT,Sardegna,Cagliari Elmas Airport,39.2515,9.05428,Europe,Nordic Region,Norway,OSL,NO,Akershus,Oslo Airport,60.1939,11.1004
7209,LIEE,EPWA,1,Europe,Southern Europe,Italy,CAG,IT,Sardegna,Cagliari Elmas Airport,39.2515,9.05428,Europe,Central Europe,Poland,WAW,PL,Mazowieckie,Warsaw Chopin Airport,52.1657,20.9671
7210,LIEE,LGIR,1,Europe,Southern Europe,Italy,CAG,IT,Sardegna,Cagliari Elmas Airport,39.2515,9.05428,Europe,Southern Europe,Greece,HER,GR,Kriti,Heraklion International Airport (Nikos Kazantzakis Airport),35.3397,25.1803
7211,LIEE,LGSA,1,Europe,Southern Europe,Italy,CAG,IT,Sardegna,Cagliari Elmas Airport,39.2515,9.05428,Europe,Southern Europe,Greece,CHQ,GR,Kriti,Chania International Airport,35.5317,24.1497
7212,LIEE,LIMC,1,Europe,Southern Europe,Italy,CAG,IT,Sardegna,Cagliari Elmas Airport,39.2515,9.05428,Europe,Southern Europe,Italy,MXP,IT,Lombardia,Milan-Malpensa Airport,45.6306,8.72811
7213,LIEE,LIML,2,Europe,Southern Europe,Italy,CAG,IT,Sardegna,Cagliari Elmas Airport,39.2515,9.05428,Europe,Southern Europe,Italy,LIN,IT,Lombardia,Milan-Linate Airport,45.4494,9.2783
7214,LIEE,LIRF,1,Europe,Southern Europe,Italy,CAG,IT,Sardegna,Cagliari Elmas Airport,39.2515,9.05428,Europe,Southern Europe,Italy,FCO,IT,Lazio,Rome–Fiumicino International Airport,41.8003,12.2389
7215,LIEE,LSZR,1,Europe,Southern Europe,Italy,CAG,IT,Sardegna,Cagliari Elmas Airport,39.2515,9.05428,Europe,Central Europe,Switzerland,ACH,CH,Sankt Gallen,St. Gallen-Altenrhein Airport,47.485,9.56077
7218,LIEO,EDDF,1,Europe,Southern Europe,Italy,OLB,IT,Sardegna,Olbia Costa Smeralda Airport,40.8987,9.51763,Europe,Central Europe,Germany,FRA,DE,Hessen,Frankfurt Airport,50.0333,8.57056
7219,LIEO,EDDL,2,Europe,Southern Europe,Italy,OLB,IT,Sardegna,Olbia Costa Smeralda Airport,40.8987,9.51763,Europe,Central Europe,Germany,DUS,DE,Nordrhein-Westfalen,Dusseldorf Airport,51.2895,6.76678
7220,LIEO,EDDM,1,Europe,Southern Europe,Italy,OLB,IT,Sardegna,Olbia Costa Smeralda Airport,40.8987,9.51763,Europe,Central Europe,Germany,MUC,DE,Bayern,Munich Airport,48.3538,11.7861
7221,LIEO,EDDV,1,Europe,Southern Europe,Italy,OLB,IT,Sardegna,Olbia Costa Smeralda Airport,40.8987,9.51763,Europe,Central Europe,Germany,HAJ,DE,Niedersachsen,Hannover Airport,52.4611,9.68508
7222,LIEO,EGCC,1,Europe,Southern Europe,Italy,OLB,IT,Sardegna,Olbia Costa Smeralda Airport,40.8987,9.51763,Europe,United Kingdom,England,MAN,GB,England,Manchester Airport,53.3537,-2.27495
7223,LIEO,EGGW,1,Europe,Southern Europe,Italy,OLB,IT,Sardegna,Olbia Costa Smeralda Airport,40.8987,9.51763,Europe,United Kingdom,England,LTN,GB,England,London Luton Airport,51.8747,-0.368333
7224,LIEO,EGPH,2,Europe,Southern Europe,Italy,OLB,IT,Sardegna,Olbia Costa Smeralda Airport,40.8987,9.51763,Europe,United Kingdom,Scotland,EDI,GB,Scotland,Edinburgh Airport,55.95,-3.3725
7225,LIEO,EGSS,3,Europe,Southern Europe,Italy,OLB,IT,Sardegna,Olbia Costa Smeralda Airport,40.8987,9.51763,Europe,United Kingdom,England,STN,GB,England,London Stansted Airport,51.885,0.235
7226,LIEO,EHAM,1,Europe,Southern Europe,Italy,OLB,IT,Sardegna,Olbia Costa Smeralda Airport,40.8987,9.51763,Europe,Western Europe,Netherlands,AMS,NL,Noord-Holland,Amsterdam Airport Schiphol,52.3086,4.76389
7227,LIEO,EINN,2,Europe,Southern Europe,Italy,OLB,IT,Sardegna,Olbia Costa Smeralda Airport,40.8987,9.51763,Europe,Western Europe,Ireland,SNN,IE,Clare,Shannon Airport,52.702,-8.92482
7228,LIEO,EKCH,1,Europe,Southern Europe,Italy,OLB,IT,Sardegna,Olbia Costa Smeralda Airport,40.8987,9.51763,Europe,Nordic Region,Denmark,CPH,DK,Hovedstaden,Copenhagen Airport,55.6179,12.656
7229,LIEO,EPWA,3,Europe,Southern Europe,Italy,OLB,IT,Sardegna,Olbia Costa Smeralda Airport,40.8987,9.51763,Europe,Central Europe,Poland,WAW,PL,Mazowieckie,Warsaw Chopin Airport,52.1657,20.9671
7230,LIEO,ESSA,1,Europe,Southern Europe,Italy,OLB,IT,Sardegna,Olbia Costa Smeralda Airport,40.8987,9.51763,Europe,Nordic Region,Sweden,ARN,SE,Stockholms lan,Stockholm Arlanda Airport,59.6519,17.9186
7250,LIEO,LEMD,1,Europe,Southern Europe,Italy,OLB,IT,Sardegna,Olbia Costa Smeralda Airport,40.8987,9.51763,Europe,Southern Europe,Spain,MAD,ES,"Madrid, Comunidad de",Adolfo Suarez Madrid-Barajas Airport,40.4719,-3.56264
7251,LIEO,LFKF,1,Europe,Southern Europe,Italy,OLB,IT,Sardegna,Olbia Costa Smeralda Airport,40.8987,9.51763,Europe,Western Europe,France,FSC,FR,Corse,Figari-Sud Corse Airport,41.5006,9.09778
7252,LIEO,LFMN,1,Europe,Southern Europe,Italy,OLB,IT,Sardegna,Olbia Costa Smeralda Airport,40.8987,9.51763,Europe,Western Europe,France,NCE,FR,Provence-Alpes-Cote-d'Azur,Nice Cote d'Azur Airport,43.6584,7.21587
7253,LIEO,LGAV,4,Europe,Southern Europe,Italy,OLB,IT,Sardegna,Olbia Costa Smeralda Airport,40.8987,9.51763,Europe,Southern Europe,Greece,ATH,GR,Attiki,Athens International Airport (Eleftherios Venizelos Airport),37.9364,23.9445
7254,LIEO,LIEA,2,Europe,Southern Europe,Italy,OLB,IT,Sardegna,Olbia Costa Smeralda Airport,40.8987,9.51763,Europe,Southern Europe,Italy,AHO,IT,Sardegna,Alghero-Fertilia Airport,40.6321,8.29077
7255,LIEO,LIML,1,Europe,Southern Europe,Italy,OLB,IT,Sardegna,Olbia Costa Smeralda Airport,40.8987,9.51763,Europe,Southern Europe,Italy,LIN,IT,Lombardia,Milan-Linate Airport,45.4494,9.2783
7256,LIEO,LIRA,2,Europe,Southern Europe,Italy,OLB,IT,Sardegna,Olbia Costa Smeralda Airport,40.8987,9.51763,Europe,Southern Europe,Italy,CIA,IT,Lazio,Rome-Ciampino International Airport,41.7991,12.5929
7257,LIEO,LIRI,1,Europe,Southern Europe,Italy,OLB,IT,Sardegna,Olbia Costa Smeralda Airport,40.8987,9.51763,Europe,Southern Europe,Italy,QSR,IT,Campania,Salerno Costa d'Amalfi Airport (Pontecagnano Airport),40.6204,14.9113
7258,LIEO,LKTB,1,Europe,Southern Europe,Italy,OLB,IT,Sardegna,Olbia Costa Smeralda Airport,40.8987,9.51763,Europe,Central Europe,Czech Republic,BRQ,CZ,Jihomoravsky kraj,Brno-Turany Airport,49.1513,16.6944
7259,LIEO,LMML,1,Europe,Southern Europe,Italy,OLB,IT,Sardegna,Olbia Costa Smeralda Airport,40.8987,9.51763,Europe,Southern Europe,Malta,MLA,MT,Luqa,Malta International Airport (Luqa Airport),35.8575,14.4775
7260,LIEO,LOWS,1,Europe,Southern Europe,Italy,OLB,IT,Sardegna,Olbia Costa Smeralda Airport,40.8987,9.51763,Europe,Central Europe,Austria,SZG,AT,Salzburg,Salzburg Airport,47.7933,13.0043
7261,LIEO,LOWW,1,Europe,Southern Europe,Italy,OLB,IT,Sardegna,Olbia Costa Smeralda Airport,40.8987,9.51763,Europe,Central Europe,Austria,VIE,AT,Niederosterreich,Vienna International Airport,48.1103,16.5697
7262,LIEO,LPLA,1,Europe,Southern Europe,Italy,OLB,IT,Sardegna,Olbia Costa Smeralda Airport,40.8987,9.51763,Europe,Southern Europe,Portugal,TER,PT,Regiao Autonoma dos Acores,Lajes Field,38.7618,-27.0908
7263,LIEO,LSGG,1,Europe,Southern Europe,Italy,OLB,IT,Sardegna,Olbia Costa Smeralda Airport,40.8987,9.51763,Europe,Central Europe,Switzerland,GVA,CH,Geneve,Geneva Airport,46.2381,6.10895
7264,LIEO,LSZB,3,Europe,Southern Europe,Italy,OLB,IT,Sardegna,Olbia Costa Smeralda Airport,40.8987,9.51763,Europe,Central Europe,Switzerland,BRN,CH,Bern,Bern Airport,46.9141,7.49715
7265,LIEO,LSZH,1,Europe,Southern Europe,Italy,OLB,IT,Sardegna,Olbia Costa Smeralda Airport,40.8987,9.51763,Europe,Central Europe,Switzerland,ZRH,CH,Zurich,Zurich Airport,47.4647,8.54917
7266,LIEO,LSZR,1,Europe,Southern Europe,Italy,OLB,IT,Sardegna,Olbia Costa Smeralda Airport,40.8987,9.51763,Europe,Central Europe,Switzerland,ACH,CH,Sankt Gallen,St. Gallen-Altenrhein Airport,47.485,9.56077
7269,LIMC,BIKF,1,Europe,Southern Europe,Italy,MXP,IT,Lombardia,Milan-Malpensa Airport,45.6306,8.72811,Europe,Nordic Region,Iceland,KEF,IS,Sudurnes,Keflavík International Airport,63.985,-22.6056
7271,LIMC,EBLG,1,Europe,Southern Europe,Italy,MXP,IT,Lombardia,Milan-Malpensa Airport,45.6306,8.72811,Europe,Western Europe,Belgium,LGG,BE,Liege,Liege Airport,50.6374,5.44322
7272,LIMC,EDDM,1,Europe,Southern Europe,Italy,MXP,IT,Lombardia,Milan-Malpensa Airport,45.6306,8.72811,Europe,Central Europe,Germany,MUC,DE,Bayern,Munich Airport,48.3538,11.7861
7273,LIMC,EGAA,1,Europe,Southern Europe,Italy,MXP,IT,Lombardia,Milan-Malpensa Airport,45.6306,8.72811,Europe,United Kingdom,Northern Ireland,BFS,GB,Northern Ireland,Belfast International Airport,54.6575,-6.21583
7274,LIMC,EGBB,1,Europe,Southern Europe,Italy,MXP,IT,Lombardia,Milan-Malpensa Airport,45.6306,8.72811,Europe,United Kingdom,England,BHX,GB,England,Birmingham Airport,52.4539,-1.74803
7275,LIMC,EGKK,3,Europe,Southern Europe,Italy,MXP,IT,Lombardia,Milan-Malpensa Airport,45.6306,8.72811,Europe,United Kingdom,England,LGW,GB,England,Gatwick Airport,51.1481,-0.190278
7276,LIMC,EGLL,1,Europe,Southern Europe,Italy,MXP,IT,Lombardia,Milan-Malpensa Airport,45.6306,8.72811,Europe,United Kingdom,England,LHR,GB,England,Heathrow Airport,51.4775,-0.461389
7298,LIMC,LEBL,1,Europe,Southern Europe,Italy,MXP,IT,Lombardia,Milan-Malpensa Airport,45.6306,8.72811,Europe,Southern Europe,Spain,BCN,ES,Catalunya,Barcelona El Prat Airport,41.2971,2.07846
7299,LIMC,LEMD,3,Europe,Southern Europe,Italy,MXP,IT,Lombardia,Milan-Malpensa Airport,45.6306,8.72811,Europe,Southern Europe,Spain,MAD,ES,"Madrid, Comunidad de",Adolfo Suarez Madrid-Barajas Airport,40.4719,-3.56264
7300,LIMC,LEMG,1,Europe,Southern Europe,Italy,MXP,IT,Lombardia,Milan-Malpensa Airport,45.6306,8.72811,Europe,Southern Europe,Spain,AGP,ES,Andalucia,Malaga Airport,36.6749,-4.49911
7301,LIMC,LEPA,1,Europe,Southern Europe,Italy,MXP,IT,Lombardia,Milan-Malpensa Airport,45.6306,8.72811,Europe,Southern Europe,Spain,PMI,ES,Illes Balears,Palma de Mallorca Airport,39.5517,2.73881
7302,LIMC,LEVT,1,Europe,Southern Europe,Italy,MXP,IT,Lombardia,Milan-Malpensa Airport,45.6306,8.72811,Europe,Southern Europe,Spain,VIT,ES,Pais Vasco,Vitoria Airport,42.8828,-2.72447
7303,LIMC,LFMN,3,Europe,Southern Europe,Italy,MXP,IT,Lombardia,Milan-Malpensa Airport,45.6306,8.72811,Europe,Western Europe,France,NCE,FR,Provence-Alpes-Cote-d'Azur,Nice Cote d'Azur Airport,43.6584,7.21587
7304,LIMC,LFOB,1,Europe,Southern Europe,Italy,MXP,IT,Lombardia,Milan-Malpensa Airport,45.6306,8.72811,Europe,Western Europe,France,BVA,FR,Hauts-de-France,Beauvais–Tillé Airport,49.45444,2.11277
7305,LIMC,LFPG,1,Europe,Southern Europe,Italy,MXP,IT,Lombardia,Milan-Malpensa Airport,45.6306,8.72811,Europe,Western Europe,France,CDG,FR,Ile-de-France,Paris Charles de Gaulle Airport,49.0097,2.54778
7306,LIMC,LFPO,2,Europe,Southern Europe,Italy,MXP,IT,Lombardia,Milan-Malpensa Airport,45.6306,8.72811,Europe,Western Europe,France,ORY,FR,Ile-de-France,Aéroport de Paris-Orly,48.7231,2.35944
7307,LIMC,LGAV,1,Europe,Southern Europe,Italy,MXP,IT,Lombardia,Milan-Malpensa Airport,45.6306,8.72811,Europe,Southern Europe,Greece,ATH,GR,Attiki,Athens International Airport (Eleftherios Venizelos Airport),37.9364,23.9445
7308,LIMC,LGIR,1,Europe,Southern Europe,Italy,MXP,IT,Lombardia,Milan-Malpensa Airport,45.6306,8.72811,Europe,Southern Europe,Greece,HER,GR,Kriti,Heraklion International Airport (Nikos Kazantzakis Airport),35.3397,25.1803
7309,LIMC,LGKO,1,Europe,Southern Europe,Italy,MXP,IT,Lombardia,Milan-Malpensa Airport,45.6306,8.72811,Europe,Southern Europe,Greece,KGS,GR,Notio Aigaio,Kos Island International Airport,36.7933,27.0917
7310,LIMC,LGSK,1,Europe,Southern Europe,Italy,MXP,IT,Lombardia,Milan-Malpensa Airport,45.6306,8.72811,Europe,Southern Europe,Greece,JSI,GR,Thessalia,Skiathos Island National Airport,39.1771,23.5037
7311,LIMC,LGSM,1,Europe,Southern Europe,Italy,MXP,IT,Lombardia,Milan-Malpensa Airport,45.6306,8.72811,Europe,Southern Europe,Greece,SMI,GR,Voreio Aigaio,Samos International Airport,37.69,26.9117
7312,LIMC,LIEE,1,Europe,Southern Europe,Italy,MXP,IT,Lombardia,Milan-Malpensa Airport,45.6306,8.72811,Europe,Southern Europe,Italy,CAG,IT,Sardegna,Cagliari Elmas Airport,39.2515,9.05428
7313,LIMC,LIEO,1,Europe,Southern Europe,Italy,MXP,IT,Lombardia,Milan-Malpensa Airport,45.6306,8.72811,Europe,Southern Europe,Italy,OLB,IT,Sardegna,Olbia Costa Smeralda Airport,40.8987,9.51763
7314,LIMC,LIMJ,1,Europe,Southern Europe,Italy,MXP,IT,Lombardia,Milan-Malpensa Airport,45.6306,8.72811,Europe,Southern Europe,Italy,GOA,IT,Liguria,Genoa Cristoforo Colombo Airport,44.4133,8.8375
7315,LIMC,LIPY,1,Europe,Southern Europe,Italy,MXP,IT,Lombardia,Milan-Malpensa Airport,45.6306,8.72811,Europe,Southern Europe,Italy,AOI,IT,Marche,Ancona Falconara Airport,43.6163,13.3623
7316,LIMC,LIRF,1,Europe,Southern Europe,Italy,MXP,IT,Lombardia,Milan-Malpensa Airport,45.6306,8.72811,Europe,Southern Europe,Italy,FCO,IT,Lazio,Rome–Fiumicino International Airport,41.8003,12.2389
7317,LIMC,LIRI,2,Europe,Southern Europe,Italy,MXP,IT,Lombardia,Milan-Malpensa Airport,45.6306,8.72811,Europe,Southern Europe,Italy,QSR,IT,Campania,Salerno Costa d'Amalfi Airport (Pontecagnano Airport),40.6204,14.9113
7318,LIMC,LIRN,1,Europe,Southern Europe,Italy,MXP,IT,Lombardia,Milan-Malpensa Airport,45.6306,8.72811,Europe,Southern Europe,Italy,NAP,IT,Campania,Naples International Airport,40.886,14.2908
7319,LIMC,LIRP,1,Europe,Southern Europe,Italy,MXP,IT,Lombardia,Milan-Malpensa Airport,45.6306,8.72811,Europe,Southern Europe,Italy,PSA,IT,Toscana,Pisa International Airport (Galileo Galilei Airport),43.6839,10.3927
7320,LIMC,LXGB,1,Europe,Southern Europe,Italy,MXP,IT,Lombardia,Milan-Malpensa Airport,45.6306,8.72811,Europe,Western Europe,Gibraltar,GIB,GI,Gibraltar,Gibraltar International Airport (North Front Airport),36.1512,-5.34966
7321,LIMC,LYBE,1,Europe,Southern Europe,Italy,MXP,IT,Lombardia,Milan-Malpensa Airport,45.6306,8.72811,Europe,Eastern Europe,Serbia,BEG,RS,Beograd,Belgrade Nikola Tesla Airport,44.8184,20.3091
7333,LIME,EDDH,1,Europe,Southern Europe,Italy,BGY,IT,Lombardia,Milan Bergamo Airport,45.66546,9.69948,Europe,Central Europe,Germany,HAM,DE,Hamburg,Hamburg Airport,53.6304,9.98823
7334,LIME,EDFH,1,Europe,Southern Europe,Italy,BGY,IT,Lombardia,Milan Bergamo Airport,45.66546,9.69948,Europe,Central Europe,Germany,HHN,DE,Rheinland-Pfalz,Frankfurt-Hahn Airport,49.9487,7.26389
7335,LIME,EGAA,1,Europe,Southern Europe,Italy,BGY,IT,Lombardia,Milan Bergamo Airport,45.66546,9.69948,Europe,United Kingdom,Northern Ireland,BFS,GB,Northern Ireland,Belfast International Airport,54.6575,-6.21583
7336,LIME,EGSS,1,Europe,Southern Europe,Italy,BGY,IT,Lombardia,Milan Bergamo Airport,45.66546,9.69948,Europe,United Kingdom,England,STN,GB,England,London Stansted Airport,51.885,0.235
7337,LIME,ELLX,1,Europe,Southern Europe,Italy,BGY,IT,Lombardia,Milan Bergamo Airport,45.66546,9.69948,Europe,Western Europe,Luxembourg,LUX,LU,Luxembourg,Luxembourg Findel Airport,49.6233,6.20444
7338,LIME,EPKT,1,Europe,Southern Europe,Italy,BGY,IT,Lombardia,Milan Bergamo Airport,45.66546,9.69948,Europe,Central Europe,Poland,KTW,PL,Slaskie,Katowice International Airport,50.4743,19.08
7339,LIME,EVRA,1,Europe,Southern Europe,Italy,BGY,IT,Lombardia,Milan Bergamo Airport,45.66546,9.69948,Europe,Nordic Region,Latvia,RIX,LV,Riga,Riga International Airport,56.9236,23.9711
7340,LIME,GCFV,1,Europe,Southern Europe,Italy,BGY,IT,Lombardia,Milan Bergamo Airport,45.66546,9.69948,Europe,Southern Europe,Spain,FUE,ES,Canarias,Fuerteventura Airport,28.4527,-13.8638
7341,LIME,GCLP,1,Europe,Southern Europe,Italy,BGY,IT,Lombardia,Milan Bergamo Airport,45.66546,9.69948,Europe,Southern Europe,Spain,LPA,ES,Canarias,Gran Canaria Airport,27.9319,-15.3866
7346,LIME,LDZD,1,Europe,Southern Europe,Italy,BGY,IT,Lombardia,Milan Bergamo Airport,45.66546,9.69948,Europe,Southern Europe,Croatia,ZAD,HR,Zadarska zupanija,Zadar Airport,44.1083,15.3467
7347,LIME,LEIB,1,Europe,Southern Europe,Italy,BGY,IT,Lombardia,Milan Bergamo Airport,45.66546,9.69948,Europe,Southern Europe,Spain,IBZ,ES,Illes Balears,Ibiza Airport,38.8729,1.37312
7348,LIME,LEZG,1,Europe,Southern Europe,Italy,BGY,IT,Lombardia,Milan Bergamo Airport,45.66546,9.69948,Europe,Southern Europe,Spain,ZAZ,ES,Aragon,Zaragoza Airport,41.6662,-1.04155
7349,LIME,LGKF,1,Europe,Southern Europe,Italy,BGY,IT,Lombardia,Milan Bergamo Airport,45.66546,9.69948,Europe,Southern Europe,Greece,EFL,GR,Ionia Nisia,Kefalonia International Airport,38.1201,20.5005
7350,LIME,LGMK,1,Europe,Southern Europe,Italy,BGY,IT,Lombardia,Milan Bergamo Airport,45.66546,9.69948,Europe,Southern Europe,Greece,JMK,GR,Notio Aigaio,Mykonos Island National Airport,37.4351,25.3481
7351,LIME,LGSK,1,Europe,Southern Europe,Italy,BGY,IT,Lombardia,Milan Bergamo Airport,45.66546,9.69948,Europe,Southern Europe,Greece,JSI,GR,Thessalia,Skiathos Island National Airport,39.1771,23.5037
7352,LIME,LIBR,1,Europe,Southern Europe,Italy,BGY,IT,Lombardia,Milan Bergamo Airport,45.66546,9.69948,Europe,Southern Europe,Italy,BDS,IT,Puglia,Brindisi - Salento Airport,40.6576,17.947
7353,LIME,LIEE,1,Europe,Southern Europe,Italy,BGY,IT,Lombardia,Milan Bergamo Airport,45.66546,9.69948,Europe,Southern Europe,Italy,CAG,IT,Sardegna,Cagliari Elmas Airport,39.2515,9.05428
7354,LIME,LIEO,1,Europe,Southern Europe,Italy,BGY,IT,Lombardia,Milan Bergamo Airport,45.66546,9.69948,Europe,Southern Europe,Italy,OLB,IT,Sardegna,Olbia Costa Smeralda Airport,40.8987,9.51763
7355,LIME,LIRN,1,Europe,Southern Europe,Italy,BGY,IT,Lombardia,Milan Bergamo Airport,45.66546,9.69948,Europe,Southern Europe,Italy,NAP,IT,Campania,Naples International Airport,40.886,14.2908
7356,LIME,LKPR,1,Europe,Southern Europe,Italy,BGY,IT,Lombardia,Milan Bergamo Airport,45.66546,9.69948,Europe,Central Europe,Czech Republic,PRG,CZ,Stredocesky kraj,Vaclav Havel Airport Prague,50.1008,14.26
7357,LIME,LPPT,1,Europe,Southern Europe,Italy,BGY,IT,Lombardia,Milan Bergamo Airport,45.66546,9.69948,Europe,Southern Europe,Portugal,LIS,PT,Lisboa,Lisbon Portela Airport,38.7813,-9.13592
7358,LIME,LUKK,1,Europe,Southern Europe,Italy,BGY,IT,Lombardia,Milan Bergamo Airport,45.66546,9.69948,Europe,Eastern Europe,Moldova,RMO,MD,Chisinau,Chisinau International Airport,46.9277,28.931
7359,LIMF,EDDL,1,Europe,Southern Europe,Italy,TRN,IT,Piemonte,Turin Airport (Caselle Airport),45.2008,7.64963,Europe,Central Europe,Germany,DUS,DE,Nordrhein-Westfalen,Dusseldorf Airport,51.2895,6.76678
7360,LIMF,EDLW,1,Europe,Southern Europe,Italy,TRN,IT,Piemonte,Turin Airport (Caselle Airport),45.2008,7.64963,Europe,Central Europe,Germany,DTM,DE,Nordrhein-Westfalen,Dortmund Airport,51.5183,7.61224
7361,LIMF,EGSS,1,Europe,Southern Europe,Italy,TRN,IT,Piemonte,Turin Airport (Caselle Airport),45.2008,7.64963,Europe,United Kingdom,England,STN,GB,England,London Stansted Airport,51.885,0.235
7362,LIMF,EHAM,1,Europe,Southern Europe,Italy,TRN,IT,Piemonte,Turin Airport (Caselle Airport),45.2008,7.64963,Europe,Western Europe,Netherlands,AMS,NL,Noord-Holland,Amsterdam Airport Schiphol,52.3086,4.76389
7366,LIMF,LFMN,1,Europe,Southern Europe,Italy,TRN,IT,Piemonte,Turin Airport (Caselle Airport),45.2008,7.64963,Europe,Western Europe,France,NCE,FR,Provence-Alpes-Cote-d'Azur,Nice Cote d'Azur Airport,43.6584,7.21587
7367,LIMF,LSZB,1,Europe,Southern Europe,Italy,TRN,IT,Piemonte,Turin Airport (Caselle Airport),45.2008,7.64963,Europe,Central Europe,Switzerland,BRN,CH,Bern,Bern Airport,46.9141,7.49715
7368,LIMF,LUKK,1,Europe,Southern Europe,Italy,TRN,IT,Piemonte,Turin Airport (Caselle Airport),45.2008,7.64963,Europe,Eastern Europe,Moldova,RMO,MD,Chisinau,Chisinau International Airport,46.9277,28.931
7371,LIMJ,EDDF,1,Europe,Southern Europe,Italy,GOA,IT,Liguria,Genoa Cristoforo Colombo Airport,44.4133,8.8375,Europe,Central Europe,Germany,FRA,DE,Hessen,Frankfurt Airport,50.0333,8.57056
7372,LIMJ,EHAM,1,Europe,Southern Europe,Italy,GOA,IT,Liguria,Genoa Cristoforo Colombo Airport,44.4133,8.8375,Europe,Western Europe,Netherlands,AMS,NL,Noord-Holland,Amsterdam Airport Schiphol,52.3086,4.76389
7373,LIMJ,EPWA,1,Europe,Southern Europe,Italy,GOA,IT,Liguria,Genoa Cristoforo Colombo Airport,44.4133,8.8375,Europe,Central Europe,Poland,WAW,PL,Mazowieckie,Warsaw Chopin Airport,52.1657,20.9671
7383,LIMJ,LDZD,1,Europe,Southern Europe,Italy,GOA,IT,Liguria,Genoa Cristoforo Colombo Airport,44.4133,8.8375,Europe,Southern Europe,Croatia,ZAD,HR,Zadarska zupanija,Zadar Airport,44.1083,15.3467
7384,LIMJ,LEAL,1,Europe,Southern Europe,Italy,GOA,IT,Liguria,Genoa Cristoforo Colombo Airport,44.4133,8.8375,Europe,Southern Europe,Spain,ALC,ES,"Valenciana, Comunidad",Alicante-Elche Airport,38.2822,-0.558156
7385,LIMJ,LFMN,4,Europe,Southern Europe,Italy,GOA,IT,Liguria,Genoa Cristoforo Colombo Airport,44.4133,8.8375,Europe,Western Europe,France,NCE,FR,Provence-Alpes-Cote-d'Azur,Nice Cote d'Azur Airport,43.6584,7.21587
7386,LIMJ,LHBP,2,Europe,Southern Europe,Italy,GOA,IT,Liguria,Genoa Cristoforo Colombo Airport,44.4133,8.8375,Europe,Central Europe,Hungary,BUD,HU,Budapest,Budapest Ferenc Liszt International Airport,47.4298,19.2611
7387,LIMJ,LIMF,1,Europe,Southern Europe,Italy,GOA,IT,Liguria,Genoa Cristoforo Colombo Airport,44.4133,8.8375,Europe,Southern Europe,Italy,TRN,IT,Piemonte,Turin Airport (Caselle Airport),45.2008,7.64963
7388,LIMJ,LIML,1,Europe,Southern Europe,Italy,GOA,IT,Liguria,Genoa Cristoforo Colombo Airport,44.4133,8.8375,Europe,Southern Europe,Italy,LIN,IT,Lombardia,Milan-Linate Airport,45.4494,9.2783
7389,LIMJ,LIRP,2,Europe,Southern Europe,Italy,GOA,IT,Liguria,Genoa Cristoforo Colombo Airport,44.4133,8.8375,Europe,Southern Europe,Italy,PSA,IT,Toscana,Pisa International Airport (Galileo Galilei Airport),43.6839,10.3927
7390,LIMJ,LOWW,1,Europe,Southern Europe,Italy,GOA,IT,Liguria,Genoa Cristoforo Colombo Airport,44.4133,8.8375,Europe,Central Europe,Austria,VIE,AT,Niederosterreich,Vienna International Airport,48.1103,16.5697
7394,LIML,EBBR,1,Europe,Southern Europe,Italy,LIN,IT,Lombardia,Milan-Linate Airport,45.4494,9.2783,Europe,Western Europe,Belgium,BRU,BE,Brussels Hoofdstedelijk Gewest,Brussels Airport (Zaventem Airport),50.9014,4.48444
7395,LIML,EDDB,2,Europe,Southern Europe,Italy,LIN,IT,Lombardia,Milan-Linate Airport,45.4494,9.2783,Europe,Central Europe,Germany,BER,DE,Brandenburg,Berlin Brandenburg Airport,52.3514,13.4939
7396,LIML,EDDF,3,Europe,Southern Europe,Italy,LIN,IT,Lombardia,Milan-Linate Airport,45.4494,9.2783,Europe,Central Europe,Germany,FRA,DE,Hessen,Frankfurt Airport,50.0333,8.57056
7397,LIML,EDDH,1,Europe,Southern Europe,Italy,LIN,IT,Lombardia,Milan-Linate Airport,45.4494,9.2783,Europe,Central Europe,Germany,HAM,DE,Hamburg,Hamburg Airport,53.6304,9.98823
7398,LIML,EDDW,1,Europe,Southern Europe,Italy,LIN,IT,Lombardia,Milan-Linate Airport,45.4494,9.2783,Europe,Central Europe,Germany,BRE,DE,Bremen,Bremen Airport,53.0475,8.78667
7399,LIML,EGGW,1,Europe,Southern Europe,Italy,LIN,IT,Lombardia,Milan-Linate Airport,45.4494,9.2783,Europe,United Kingdom,England,LTN,GB,England,London Luton Airport,51.8747,-0.368333
7400,LIML,EGLC,1,Europe,Southern Europe,Italy,LIN,IT,Lombardia,Milan-Linate Airport,45.4494,9.2783,Europe,United Kingdom,England,LCY,GB,England,London City Airport,51.5053,0.055278
7401,LIML,EGPH,1,Europe,Southern Europe,Italy,LIN,IT,Lombardia,Milan-Linate Airport,45.4494,9.2783,Europe,United Kingdom,Scotland,EDI,GB,Scotland,Edinburgh Airport,55.95,-3.3725
7402,LIML,EHAM,1,Europe,Southern Europe,Italy,LIN,IT,Lombardia,Milan-Linate Airport,45.4494,9.2783,Europe,Western Europe,Netherlands,AMS,NL,Noord-Holland,Amsterdam Airport Schiphol,52.3086,4.76389
7420,LIML,LDSP,1,Europe,Southern Europe,Italy,LIN,IT,Lombardia,Milan-Linate Airport,45.4494,9.2783,Europe,Southern Europe,Croatia,SPU,HR,Splitsko-dalmatinska zupanija,Split Airport,43.5389,16.298
7421,LIML,LEBL,1,Europe,Southern Europe,Italy,LIN,IT,Lombardia,Milan-Linate Airport,45.4494,9.2783,Europe,Southern Europe,Spain,BCN,ES,Catalunya,Barcelona El Prat Airport,41.2971,2.07846
7422,LIML,LEMD,2,Europe,Southern Europe,Italy,LIN,IT,Lombardia,Milan-Linate Airport,45.4494,9.2783,Europe,Southern Europe,Spain,MAD,ES,"Madrid, Comunidad de",Adolfo Suarez Madrid-Barajas Airport,40.4719,-3.56264
7423,LIML,LFBZ,1,Europe,Southern Europe,Italy,LIN,IT,Lombardia,Milan-Linate Airport,45.4494,9.2783,Europe,Western Europe,France,BIQ,FR,Nouvelle-Aquitaine,Biarritz Pays Basque Airport,43.4683,-1.53111
7424,LIML,LFMN,4,Europe,Southern Europe,Italy,LIN,IT,Lombardia,Milan-Linate Airport,45.4494,9.2783,Europe,Western Europe,France,NCE,FR,Provence-Alpes-Cote-d'Azur,Nice Cote d'Azur Airport,43.6584,7.21587
7425,LIML,LGAV,1,Europe,Southern Europe,Italy,LIN,IT,Lombardia,Milan-Linate Airport,45.4494,9.2783,Europe,Southern Europe,Greece,ATH,GR,Attiki,Athens International Airport (Eleftherios Venizelos Airport),37.9364,23.9445
7426,LIML,LGKO,1,Europe,Southern Europe,Italy,LIN,IT,Lombardia,Milan-Linate Airport,45.4494,9.2783,Europe,Southern Europe,Greece,KGS,GR,Notio Aigaio,Kos Island International Airport,36.7933,27.0917
7427,LIML,LGMK,1,Europe,Southern Europe,Italy,LIN,IT,Lombardia,Milan-Linate Airport,45.4494,9.2783,Europe,Southern Europe,Greece,JMK,GR,Notio Aigaio,Mykonos Island National Airport,37.4351,25.3481
7428,LIML,LIBD,1,Europe,Southern Europe,Italy,LIN,IT,Lombardia,Milan-Linate Airport,45.4494,9.2783,Europe,Southern Europe,Italy,BRI,IT,Puglia,Bari Karol Wojtyla Airport,41.1389,16.7606
7429,LIML,LICJ,1,Europe,Southern Europe,Italy,LIN,IT,Lombardia,Milan-Linate Airport,45.4494,9.2783,Europe,Southern Europe,Italy,PMO,IT,Sicilia,Falcone-Borsellino Airport (Punta Raisi Airport),38.176,13.091
7430,LIML,LIEE,1,Europe,Southern Europe,Italy,LIN,IT,Lombardia,Milan-Linate Airport,45.4494,9.2783,Europe,Southern Europe,Italy,CAG,IT,Sardegna,Cagliari Elmas Airport,39.2515,9.05428
7431,LIML,LIME,1,Europe,Southern Europe,Italy,LIN,IT,Lombardia,Milan-Linate Airport,45.4494,9.2783,Europe,Southern Europe,Italy,BGY,IT,Lombardia,Milan Bergamo Airport,45.66546,9.69948
7432,LIML,LIPO,1,Europe,Southern Europe,Italy,LIN,IT,Lombardia,Milan-Linate Airport,45.4494,9.2783,Europe,Southern Europe,Italy,VBS,IT,Lombardia,Brescia Airport (Gabriele D'Annunzio Airport),45.4289,10.3306
7433,LIML,LIPZ,1,Europe,Southern Europe,Italy,LIN,IT,Lombardia,Milan-Linate Airport,45.4494,9.2783,Europe,Southern Europe,Italy,VCE,IT,Veneto,Venice Marco Polo Airport,45.5053,12.3519
7434,LIML,LIRI,1,Europe,Southern Europe,Italy,LIN,IT,Lombardia,Milan-Linate Airport,45.4494,9.2783,Europe,Southern Europe,Italy,QSR,IT,Campania,Salerno Costa d'Amalfi Airport (Pontecagnano Airport),40.6204,14.9113
7436,LIML,LMML,1,Europe,Southern Europe,Italy,LIN,IT,Lombardia,Milan-Linate Airport,45.4494,9.2783,Europe,Southern Europe,Malta,MLA,MT,Luqa,Malta International Airport (Luqa Airport),35.8575,14.4775
7437,LIML,LSGG,1,Europe,Southern Europe,Italy,LIN,IT,Lombardia,Milan-Linate Airport,45.4494,9.2783,Europe,Central Europe,Switzerland,GVA,CH,Geneve,Geneva Airport,46.2381,6.10895
7438,LIML,LSZH,1,Europe,Southern Europe,Italy,LIN,IT,Lombardia,Milan-Linate Airport,45.4494,9.2783,Europe,Central Europe,Switzerland,ZRH,CH,Zurich,Zurich Airport,47.4647,8.54917
7440,LIML,LUKK,1,Europe,Southern Europe,Italy,LIN,IT,Lombardia,Milan-Linate Airport,45.4494,9.2783,Europe,Eastern Europe,Moldova,RMO,MD,Chisinau,Chisinau International Airport,46.9277,28.931
7443,LIMP,LIMZ,1,Europe,Southern Europe,Italy,PMF,IT,Emilia-Romagna,Giuseppe Verdi Parma International Airport,44.82122,10.2974,Europe,Southern Europe,Italy,CUF,IT,Piemonte,Cuneo International Airport,44.547,7.62322
7446,LIPE,BIKF,1,Europe,Southern Europe,Italy,BLQ,IT,Emilia-Romagna,Bologna Guglielmo Marconi Airport,44.5354,11.2887,Europe,Nordic Region,Iceland,KEF,IS,Sudurnes,Keflavík International Airport,63.985,-22.6056
7448,LIPE,EDDL,1,Europe,Southern Europe,Italy,BLQ,IT,Emilia-Romagna,Bologna Guglielmo Marconi Airport,44.5354,11.2887,Europe,Central Europe,Germany,DUS,DE,Nordrhein-Westfalen,Dusseldorf Airport,51.2895,6.76678
7449,LIPE,EKBI,1,Europe,Southern Europe,Italy,BLQ,IT,Emilia-Romagna,Bologna Guglielmo Marconi Airport,44.5354,11.2887,Europe,Nordic Region,Denmark,BLL,DK,Syddanmark,Billund Airport,55.7403,9.15178
7458,LIPE,LFOT,2,Europe,Southern Europe,Italy,BLQ,IT,Emilia-Romagna,Bologna Guglielmo Marconi Airport,44.5354,11.2887,Europe,Western Europe,France,TUF,FR,Centre-Val de Loire,Tours Val de Loire Airport,47.4322,0.727606
7459,LIPE,LHBP,1,Europe,Southern Europe,Italy,BLQ,IT,Emilia-Romagna,Bologna Guglielmo Marconi Airport,44.5354,11.2887,Europe,Central Europe,Hungary,BUD,HU,Budapest,Budapest Ferenc Liszt International Airport,47.4298,19.2611
7460,LIPE,LICT,1,Europe,Southern Europe,Italy,BLQ,IT,Emilia-Romagna,Bologna Guglielmo Marconi Airport,44.5354,11.2887,Europe,Southern Europe,Italy,TPS,IT,Sicilia,Vincenzo Florio Airport,37.9114,12.488
7461,LIPE,LIEA,1,Europe,Southern Europe,Italy,BLQ,IT,Emilia-Romagna,Bologna Guglielmo Marconi Airport,44.5354,11.2887,Europe,Southern Europe,Italy,AHO,IT,Sardegna,Alghero-Fertilia Airport,40.6321,8.29077
7462,LIPE,LIME,1,Europe,Southern Europe,Italy,BLQ,IT,Emilia-Romagna,Bologna Guglielmo Marconi Airport,44.5354,11.2887,Europe,Southern Europe,Italy,BGY,IT,Lombardia,Milan Bergamo Airport,45.66546,9.69948
7463,LIPE,LIRN,1,Europe,Southern Europe,Italy,BLQ,IT,Emilia-Romagna,Bologna Guglielmo Marconi Airport,44.5354,11.2887,Europe,Southern Europe,Italy,NAP,IT,Campania,Naples International Airport,40.886,14.2908
7464,LIPE,LIRQ,1,Europe,Southern Europe,Italy,BLQ,IT,Emilia-Romagna,Bologna Guglielmo Marconi Airport,44.5354,11.2887,Europe,Southern Europe,Italy,FLR,IT,Toscana,Florence Airport,43.81,11.2051
7465,LIPE,LMML,1,Europe,Southern Europe,Italy,BLQ,IT,Emilia-Romagna,Bologna Guglielmo Marconi Airport,44.5354,11.2887,Europe,Southern Europe,Malta,MLA,MT,Luqa,Malta International Airport (Luqa Airport),35.8575,14.4775
7466,LIPE,LOWG,1,Europe,Southern Europe,Italy,BLQ,IT,Emilia-Romagna,Bologna Guglielmo Marconi Airport,44.5354,11.2887,Europe,Central Europe,Austria,GRZ,AT,Steiermark,Graz Airport,46.9911,15.4396
7467,LIPE,LOWW,4,Europe,Southern Europe,Italy,BLQ,IT,Emilia-Romagna,Bologna Guglielmo Marconi Airport,44.5354,11.2887,Europe,Central Europe,Austria,VIE,AT,Niederosterreich,Vienna International Airport,48.1103,16.5697
7473,LIPO,LIML,1,Europe,Southern Europe,Italy,VBS,IT,Lombardia,Brescia Airport (Gabriele D'Annunzio Airport),45.4289,10.3306,Europe,Southern Europe,Italy,LIN,IT,Lombardia,Milan-Linate Airport,45.4494,9.2783
7474,LIPO,LOWI,1,Europe,Southern Europe,Italy,VBS,IT,Lombardia,Brescia Airport (Gabriele D'Annunzio Airport),45.4289,10.3306,Europe,Central Europe,Austria,INN,AT,Tirol,Innsbruck Airport (Kranebitten Airport),47.2602,11.344
7475,LIPO,LSGG,1,Europe,Southern Europe,Italy,VBS,IT,Lombardia,Brescia Airport (Gabriele D'Annunzio Airport),45.4289,10.3306,Europe,Central Europe,Switzerland,GVA,CH,Geneve,Geneva Airport,46.2381,6.10895
7479,LIPQ,LIRF,1,Europe,Southern Europe,Italy,TRS,IT,Friuli-Venezia Giulia,Trieste - Friuli Venezia Giulia Airport,45.8275,13.4722,Europe,Southern Europe,Italy,FCO,IT,Lazio,Rome–Fiumicino International Airport,41.8003,12.2389
7483,LIPR,LGIR,1,Europe,Southern Europe,Italy,RMI,IT,Emilia-Romagna,Federico Fellini International Airport,44.0203,12.6117,Europe,Southern Europe,Greece,HER,GR,Kriti,Heraklion International Airport (Nikos Kazantzakis Airport),35.3397,25.1803
7484,LIPR,LIRF,1,Europe,Southern Europe,Italy,RMI,IT,Emilia-Romagna,Federico Fellini International Airport,44.0203,12.6117,Europe,Southern Europe,Italy,FCO,IT,Lazio,Rome–Fiumicino International Airport,41.8003,12.2389
7485,LIPR,LSZA,1,Europe,Southern Europe,Italy,RMI,IT,Emilia-Romagna,Federico Fellini International Airport,44.0203,12.6117,Europe,Central Europe,Switzerland,LUG,CH,Ticino,Lugano Airport,46.0043,8.91058
7486,LIPX,EFHK,1,Europe,Southern Europe,Italy,VRN,IT,Veneto,Verona Villafranca Airport,45.3957,10.8885,Europe,Nordic Region,Finland,HEL,FI,Uusimaa,Helsinki Airport (Helsinki-Vantaa Airport),60.3172,24.9633
7487,LIPX,EGBB,1,Europe,Southern Europe,Italy,VRN,IT,Veneto,Verona Villafranca Airport,45.3957,10.8885,Europe,United Kingdom,England,BHX,GB,England,Birmingham Airport,52.4539,-1.74803
7488,LIPX,EGKK,1,Europe,Southern Europe,Italy,VRN,IT,Veneto,Verona Villafranca Airport,45.3957,10.8885,Europe,United Kingdom,England,LGW,GB,England,Gatwick Airport,51.1481,-0.190278
7489,LIPX,EGNT,1,Europe,Southern Europe,Italy,VRN,IT,Veneto,Verona Villafranca Airport,45.3957,10.8885,Europe,United Kingdom,England,NCL,GB,England,Newcastle Airport,55.0375,-1.69167
7490,LIPX,EGNX,2,Europe,Southern Europe,Italy,VRN,IT,Veneto,Verona Villafranca Airport,45.3957,10.8885,Europe,United Kingdom,England,EMA,GB,England,East Midlands Airport,52.8311,-1.32806
7491,LIPX,EHAM,1,Europe,Southern Europe,Italy,VRN,IT,Veneto,Verona Villafranca Airport,45.3957,10.8885,Europe,Western Europe,Netherlands,AMS,NL,Noord-Holland,Amsterdam Airport Schiphol,52.3086,4.76389
7492,LIPX,EKCH,2,Europe,Southern Europe,Italy,VRN,IT,Veneto,Verona Villafranca Airport,45.3957,10.8885,Europe,Nordic Region,Denmark,CPH,DK,Hovedstaden,Copenhagen Airport,55.6179,12.656
7493,LIPX,ENBR,1,Europe,Southern Europe,Italy,VRN,IT,Veneto,Verona Villafranca Airport,45.3957,10.8885,Europe,Nordic Region,Norway,BGO,NO,Hordaland,Bergen Airport,60.2934,5.21814
7500,LIPX,LFBD,1,Europe,Southern Europe,Italy,VRN,IT,Veneto,Verona Villafranca Airport,45.3957,10.8885,Europe,Western Europe,France,BOD,FR,Nouvelle-Aquitaine,Bordeaux-Merignac Airport,44.8283,-0.715556
7501,LIPX,LIEO,1,Europe,Southern Europe,Italy,VRN,IT,Veneto,Verona Villafranca Airport,45.3957,10.8885,Europe,Southern Europe,Italy,OLB,IT,Sardegna,Olbia Costa Smeralda Airport,40.8987,9.51763
7502,LIPX,LIRF,1,Europe,Southern Europe,Italy,VRN,IT,Veneto,Verona Villafranca Airport,45.3957,10.8885,Europe,Southern Europe,Italy,FCO,IT,Lazio,Rome–Fiumicino International Airport,41.8003,12.2389
7503,LIPX,LOWS,1,Europe,Southern Europe,Italy,VRN,IT,Veneto,Verona Villafranca Airport,45.3957,10.8885,Europe,Central Europe,Austria,SZG,AT,Salzburg,Salzburg Airport,47.7933,13.0043
7504,LIPX,LSGG,2,Europe,Southern Europe,Italy,VRN,IT,Veneto,Verona Villafranca Airport,45.3957,10.8885,Europe,Central Europe,Switzerland,GVA,CH,Geneve,Geneva Airport,46.2381,6.10895
7506,LIPY,EDDB,1,Europe,Southern Europe,Italy,AOI,IT,Marche,Ancona Falconara Airport,43.6163,13.3623,Europe,Central Europe,Germany,BER,DE,Brandenburg,Berlin Brandenburg Airport,52.3514,13.4939
7507,LIPY,EDDH,1,Europe,Southern Europe,Italy,AOI,IT,Marche,Ancona Falconara Airport,43.6163,13.3623,Europe,Central Europe,Germany,HAM,DE,Hamburg,Hamburg Airport,53.6304,9.98823
7509,LIPY,LIBD,1,Europe,Southern Europe,Italy,AOI,IT,Marche,Ancona Falconara Airport,43.6163,13.3623,Europe,Southern Europe,Italy,BRI,IT,Puglia,Bari Karol Wojtyla Airport,41.1389,16.7606
7510,LIPZ,BIKF,1,Europe,Southern Europe,Italy,VCE,IT,Veneto,Venice Marco Polo Airport,45.5053,12.3519,Europe,Nordic Region,Iceland,KEF,IS,Sudurnes,Keflavík International Airport,63.985,-22.6056
7514,LIPZ,EDDL,1,Europe,Southern Europe,Italy,VCE,IT,Veneto,Venice Marco Polo Airport,45.5053,12.3519,Europe,Central Europe,Germany,DUS,DE,Nordrhein-Westfalen,Dusseldorf Airport,51.2895,6.76678
7515,LIPZ,EFHK,1,Europe,Southern Europe,Italy,VCE,IT,Veneto,Venice Marco Polo Airport,45.5053,12.3519,Europe,Nordic Region,Finland,HEL,FI,Uusimaa,Helsinki Airport (Helsinki-Vantaa Airport),60.3172,24.9633
7516,LIPZ,EGPE,1,Europe,Southern Europe,Italy,VCE,IT,Veneto,Venice Marco Polo Airport,45.5053,12.3519,Europe,United Kingdom,Scotland,INV,GB,Scotland,Inverness Airport,57.5425,-4.0475
7517,LIPZ,EHAM,1,Europe,Southern Europe,Italy,VCE,IT,Veneto,Venice Marco Polo Airport,45.5053,12.3519,Europe,Western Europe,Netherlands,AMS,NL,Noord-Holland,Amsterdam Airport Schiphol,52.3086,4.76389
7518,LIPZ,ELLX,1,Europe,Southern Europe,Italy,VCE,IT,Veneto,Venice Marco Polo Airport,45.5053,12.3519,Europe,Western Europe,Luxembourg,LUX,LU,Luxembourg,Luxembourg Findel Airport,49.6233,6.20444
7531,LIPZ,LFMN,2,Europe,Southern Europe,Italy,VCE,IT,Veneto,Venice Marco Polo Airport,45.5053,12.3519,Europe,Western Europe,France,NCE,FR,Provence-Alpes-Cote-d'Azur,Nice Cote d'Azur Airport,43.6584,7.21587
7532,LIPZ,LGKV,1,Europe,Southern Europe,Italy,VCE,IT,Veneto,Venice Marco Polo Airport,45.5053,12.3519,Europe,Southern Europe,Greece,KVA,GR,Anatoliki Makedonia kai Thraki,Kavala International Airport (Alexander the Great Airport),40.9133,24.6192
7533,LIPZ,LIMC,1,Europe,Southern Europe,Italy,VCE,IT,Veneto,Venice Marco Polo Airport,45.5053,12.3519,Europe,Southern Europe,Italy,MXP,IT,Lombardia,Milan-Malpensa Airport,45.6306,8.72811
7534,LIPZ,LIML,2,Europe,Southern Europe,Italy,VCE,IT,Veneto,Venice Marco Polo Airport,45.5053,12.3519,Europe,Southern Europe,Italy,LIN,IT,Lombardia,Milan-Linate Airport,45.4494,9.2783
7535,LIPZ,LIPO,1,Europe,Southern Europe,Italy,VCE,IT,Veneto,Venice Marco Polo Airport,45.5053,12.3519,Europe,Southern Europe,Italy,VBS,IT,Lombardia,Brescia Airport (Gabriele D'Annunzio Airport),45.4289,10.3306
7536,LIPZ,LIPR,1,Europe,Southern Europe,Italy,VCE,IT,Veneto,Venice Marco Polo Airport,45.5053,12.3519,Europe,Southern Europe,Italy,RMI,IT,Emilia-Romagna,Federico Fellini International Airport,44.0203,12.6117
7537,LIPZ,LIPX,1,Europe,Southern Europe,Italy,VCE,IT,Veneto,Venice Marco Polo Airport,45.5053,12.3519,Europe,Southern Europe,Italy,VRN,IT,Veneto,Verona Villafranca Airport,45.3957,10.8885
7538,LIPZ,LIRF,1,Europe,Southern Europe,Italy,VCE,IT,Veneto,Venice Marco Polo Airport,45.5053,12.3519,Europe,Southern Europe,Italy,FCO,IT,Lazio,Rome–Fiumicino International Airport,41.8003,12.2389
7539,LIPZ,LIRQ,1,Europe,Southern Europe,Italy,VCE,IT,Veneto,Venice Marco Polo Airport,45.5053,12.3519,Europe,Southern Europe,Italy,FLR,IT,Toscana,Florence Airport,43.81,11.2051
7540,LIPZ,LSGG,1,Europe,Southern Europe,Italy,VCE,IT,Veneto,Venice Marco Polo Airport,45.5053,12.3519,Europe,Central Europe,Switzerland,GVA,CH,Geneve,Geneva Airport,46.2381,6.10895
7541,LIPZ,LSZA,1,Europe,Southern Europe,Italy,VCE,IT,Veneto,Venice Marco Polo Airport,45.5053,12.3519,Europe,Central Europe,Switzerland,LUG,CH,Ticino,Lugano Airport,46.0043,8.91058
7545,LIRA,BIKF,2,Europe,Southern Europe,Italy,CIA,IT,Lazio,Rome-Ciampino International Airport,41.7991,12.5929,Europe,Nordic Region,Iceland,KEF,IS,Sudurnes,Keflavík International Airport,63.985,-22.6056
7549,LIRA,EBBR,1,Europe,Southern Europe,Italy,CIA,IT,Lazio,Rome-Ciampino International Airport,41.7991,12.5929,Europe,Western Europe,Belgium,BRU,BE,Brussels Hoofdstedelijk Gewest,Brussels Airport (Zaventem Airport),50.9014,4.48444
7550,LIRA,EBCI,1,Europe,Southern Europe,Italy,CIA,IT,Lazio,Rome-Ciampino International Airport,41.7991,12.5929,Europe,Western Europe,Belgium,CRL,BE,Hainaut,Brussels South Charleroi Airport,50.4592,4.45382
7551,LIRA,EINN,1,Europe,Southern Europe,Italy,CIA,IT,Lazio,Rome-Ciampino International Airport,41.7991,12.5929,Europe,Western Europe,Ireland,SNN,IE,Clare,Shannon Airport,52.702,-8.92482
7552,LIRA,EPGD,1,Europe,Southern Europe,Italy,CIA,IT,Lazio,Rome-Ciampino International Airport,41.7991,12.5929,Europe,Central Europe,Poland,GDN,PL,Pomorskie,Gdansk Lech Walesa Airport,54.3776,18.4662
7553,LIRA,EPWA,1,Europe,Southern Europe,Italy,CIA,IT,Lazio,Rome-Ciampino International Airport,41.7991,12.5929,Europe,Central Europe,Poland,WAW,PL,Mazowieckie,Warsaw Chopin Airport,52.1657,20.9671
7570,LIRA,LEBL,1,Europe,Southern Europe,Italy,CIA,IT,Lazio,Rome-Ciampino International Airport,41.7991,12.5929,Europe,Southern Europe,Spain,BCN,ES,Catalunya,Barcelona El Prat Airport,41.2971,2.07846
7571,LIRA,LFSB,1,Europe,Southern Europe,Italy,CIA,IT,Lazio,Rome-Ciampino International Airport,41.7991,12.5929,Europe,Western Europe,France,BSL,CH,Basel-City,EuroAirport Basel Mulhouse Freiburg,47.59,7.52916
7572,LIRA,LFSB,1,Europe,Southern Europe,Italy,CIA,IT,Lazio,Rome-Ciampino International Airport,41.7991,12.5929,Europe,Central Europe,Switzerland,BSL,CH,Basel-City,EuroAirport Basel Mulhouse Freiburg,47.59,7.52916
7573,LIRA,LGRP,1,Europe,Southern Europe,Italy,CIA,IT,Lazio,Rome-Ciampino International Airport,41.7991,12.5929,Europe,Southern Europe,Greece,RHO,GR,Notio Aigaio,Rhodes International Airport,36.4054,28.0862
7574,LIRA,LHBP,1,Europe,Southern Europe,Italy,CIA,IT,Lazio,Rome-Ciampino International Airport,41.7991,12.5929,Europe,Central Europe,Hungary,BUD,HU,Budapest,Budapest Ferenc Liszt International Airport,47.4298,19.2611
7575,LIRA,LICJ,1,Europe,Southern Europe,Italy,CIA,IT,Lazio,Rome-Ciampino International Airport,41.7991,12.5929,Europe,Southern Europe,Italy,PMO,IT,Sicilia,Falcone-Borsellino Airport (Punta Raisi Airport),38.176,13.091
7576,LIRA,LIEO,1,Europe,Southern Europe,Italy,CIA,IT,Lazio,Rome-Ciampino International Airport,41.7991,12.5929,Europe,Southern Europe,Italy,OLB,IT,Sardegna,Olbia Costa Smeralda Airport,40.8987,9.51763
7577,LIRA,LIML,2,Europe,Southern Europe,Italy,CIA,IT,Lazio,Rome-Ciampino International Airport,41.7991,12.5929,Europe,Southern Europe,Italy,LIN,IT,Lombardia,Milan-Linate Airport,45.4494,9.2783
7578,LIRA,LIRN,2,Europe,Southern Europe,Italy,CIA,IT,Lazio,Rome-Ciampino International Airport,41.7991,12.5929,Europe,Southern Europe,Italy,NAP,IT,Campania,Naples International Airport,40.886,14.2908
7579,LIRA,LIRP,1,Europe,Southern Europe,Italy,CIA,IT,Lazio,Rome-Ciampino International Airport,41.7991,12.5929,Europe,Southern Europe,Italy,PSA,IT,Toscana,Pisa International Airport (Galileo Galilei Airport),43.6839,10.3927
7580,LIRA,LOWW,1,Europe,Southern Europe,Italy,CIA,IT,Lazio,Rome-Ciampino International Airport,41.7991,12.5929,Europe,Central Europe,Austria,VIE,AT,Niederosterreich,Vienna International Airport,48.1103,16.5697
7585,LIRF,EBBR,1,Europe,Southern Europe,Italy,FCO,IT,Lazio,Rome–Fiumicino International Airport,41.8003,12.2389,Europe,Western Europe,Belgium,BRU,BE,Brussels Hoofdstedelijk Gewest,Brussels Airport (Zaventem Airport),50.9014,4.48444
7586,LIRF,EDDF,2,Europe,Southern Europe,Italy,FCO,IT,Lazio,Rome–Fiumicino International Airport,41.8003,12.2389,Europe,Central Europe,Germany,FRA,DE,Hessen,Frankfurt Airport,50.0333,8.57056
7587,LIRF,EDDS,1,Europe,Southern Europe,Italy,FCO,IT,Lazio,Rome–Fiumicino International Airport,41.8003,12.2389,Europe,Central Europe,Germany,STR,DE,Baden-Wurttemberg,Stuttgart Airport,48.6899,9.22196
7588,LIRF,EGNM,1,Europe,Southern Europe,Italy,FCO,IT,Lazio,Rome–Fiumicino International Airport,41.8003,12.2389,Europe,United Kingdom,England,LBA,GB,England,Leeds Bradford Airport,53.8659,-1.66057
7589,LIRF,EGPK,1,Europe,Southern Europe,Italy,FCO,IT,Lazio,Rome–Fiumicino International Airport,41.8003,12.2389,Europe,United Kingdom,Scotland,PIK,GB,Scotland,Glasgow Prestwick Airport,55.5094,-4.58667
7590,LIRF,EHRD,1,Europe,Southern Europe,Italy,FCO,IT,Lazio,Rome–Fiumicino International Airport,41.8003,12.2389,Europe,Western Europe,Netherlands,RTM,NL,Zuid-Holland,Rotterdam The Hague Airport,51.9569,4.43722
7591,LIRF,EIDW,1,Europe,Southern Europe,Italy,FCO,IT,Lazio,Rome–Fiumicino International Airport,41.8003,12.2389,Europe,Western Europe,Ireland,DUB,IE,Dublin,Dublin Airport,53.4213,-6.27007
7592,LIRF,EPLB,1,Europe,Southern Europe,Italy,FCO,IT,Lazio,Rome–Fiumicino International Airport,41.8003,12.2389,Europe,Central Europe,Poland,LUZ,PL,Lubelskie,Lublin Airport,51.2403,22.7136
7593,LIRF,EPWA,3,Europe,Southern Europe,Italy,FCO,IT,Lazio,Rome–Fiumicino International Airport,41.8003,12.2389,Europe,Central Europe,Poland,WAW,PL,Mazowieckie,Warsaw Chopin Airport,52.1657,20.9671
7594,LIRF,ESSA,1,Europe,Southern Europe,Italy,FCO,IT,Lazio,Rome–Fiumicino International Airport,41.8003,12.2389,Europe,Nordic Region,Sweden,ARN,SE,Stockholms lan,Stockholm Arlanda Airport,59.6519,17.9186
7595,LIRF,EVRA,2,Europe,Southern Europe,Italy,FCO,IT,Lazio,Rome–Fiumicino International Airport,41.8003,12.2389,Europe,Nordic Region,Latvia,RIX,LV,Riga,Riga International Airport,56.9236,23.9711
7603,LIRF,LATI,1,Europe,Southern Europe,Italy,FCO,IT,Lazio,Rome–Fiumicino International Airport,41.8003,12.2389,Europe,Eastern Europe,Albania,TIA,IR,Azarbayjan-e Gharbi,Tirana International Airport,41.4147,19.7206
7605,LIRF,LEMD,1,Europe,Southern Europe,Italy,FCO,IT,Lazio,Rome–Fiumicino International Airport,41.8003,12.2389,Europe,Southern Europe,Spain,MAD,ES,"Madrid, Comunidad de",Adolfo Suarez Madrid-Barajas Airport,40.4719,-3.56264
7606,LIRF,LEZG,1,Europe,Southern Europe,Italy,FCO,IT,Lazio,Rome–Fiumicino International Airport,41.8003,12.2389,Europe,Southern Europe,Spain,ZAZ,ES,Aragon,Zaragoza Airport,41.6662,-1.04155
7607,LIRF,LFMN,1,Europe,Southern Europe,Italy,FCO,IT,Lazio,Rome–Fiumicino International Airport,41.8003,12.2389,Europe,Western Europe,France,NCE,FR,Provence-Alpes-Cote-d'Azur,Nice Cote d'Azur Airport,43.6584,7.21587
7608,LIRF,LFOT,1,Europe,Southern Europe,Italy,FCO,IT,Lazio,Rome–Fiumicino International Airport,41.8003,12.2389,Europe,Western Europe,France,TUF,FR,Centre-Val de Loire,Tours Val de Loire Airport,47.4322,0.727606
7609,LIRF,LFST,1,Europe,Southern Europe,Italy,FCO,IT,Lazio,Rome–Fiumicino International Airport,41.8003,12.2389,Europe,Western Europe,France,SXB,FR,Grand-Est,Strasbourg Airport,48.5383,7.62823
7610,LIRF,LGRP,1,Europe,Southern Europe,Italy,FCO,IT,Lazio,Rome–Fiumicino International Airport,41.8003,12.2389,Europe,Southern Europe,Greece,RHO,GR,Notio Aigaio,Rhodes International Airport,36.4054,28.0862
7611,LIRF,LGSR,1,Europe,Southern Europe,Italy,FCO,IT,Lazio,Rome–Fiumicino International Airport,41.8003,12.2389,Europe,Southern Europe,Greece,JTR,GR,Notio Aigaio,Santorini (Thira) National Airport,36.3992,25.4793
7612,LIRF,LIBD,1,Europe,Southern Europe,Italy,FCO,IT,Lazio,Rome–Fiumicino International Airport,41.8003,12.2389,Europe,Southern Europe,Italy,BRI,IT,Puglia,Bari Karol Wojtyla Airport,41.1389,16.7606
7613,LIRF,LICJ,1,Europe,Southern Europe,Italy,FCO,IT,Lazio,Rome–Fiumicino International Airport,41.8003,12.2389,Europe,Southern Europe,Italy,PMO,IT,Sicilia,Falcone-Borsellino Airport (Punta Raisi Airport),38.176,13.091
7614,LIRF,LIEE,3,Europe,Southern Europe,Italy,FCO,IT,Lazio,Rome–Fiumicino International Airport,41.8003,12.2389,Europe,Southern Europe,Italy,CAG,IT,Sardegna,Cagliari Elmas Airport,39.2515,9.05428
7615,LIRF,LIEO,1,Europe,Southern Europe,Italy,FCO,IT,Lazio,Rome–Fiumicino International Airport,41.8003,12.2389,Europe,Southern Europe,Italy,OLB,IT,Sardegna,Olbia Costa Smeralda Airport,40.8987,9.51763
7616,LIRF,LIMJ,1,Europe,Southern Europe,Italy,FCO,IT,Lazio,Rome–Fiumicino International Airport,41.8003,12.2389,Europe,Southern Europe,Italy,GOA,IT,Liguria,Genoa Cristoforo Colombo Airport,44.4133,8.8375
7617,LIRF,LIML,2,Europe,Southern Europe,Italy,FCO,IT,Lazio,Rome–Fiumicino International Airport,41.8003,12.2389,Europe,Southern Europe,Italy,LIN,IT,Lombardia,Milan-Linate Airport,45.4494,9.2783
7618,LIRF,LIPR,1,Europe,Southern Europe,Italy,FCO,IT,Lazio,Rome–Fiumicino International Airport,41.8003,12.2389,Europe,Southern Europe,Italy,RMI,IT,Emilia-Romagna,Federico Fellini International Airport,44.0203,12.6117
7619,LIRF,LIPZ,1,Europe,Southern Europe,Italy,FCO,IT,Lazio,Rome–Fiumicino International Airport,41.8003,12.2389,Europe,Southern Europe,Italy,VCE,IT,Veneto,Venice Marco Polo Airport,45.5053,12.3519
7620,LIRF,LIRN,1,Europe,Southern Europe,Italy,FCO,IT,Lazio,Rome–Fiumicino International Airport,41.8003,12.2389,Europe,Southern Europe,Italy,NAP,IT,Campania,Naples International Airport,40.886,14.2908
7621,LIRF,LIRZ,1,Europe,Southern Europe,Italy,FCO,IT,Lazio,Rome–Fiumicino International Airport,41.8003,12.2389,Europe,Southern Europe,Italy,PEG,IT,Umbria,Perugia San Francesco d'Assisi - Umbria International Airport,43.0959,12.5132
7622,LIRF,LOWG,1,Europe,Southern Europe,Italy,FCO,IT,Lazio,Rome–Fiumicino International Airport,41.8003,12.2389,Europe,Central Europe,Austria,GRZ,AT,Steiermark,Graz Airport,46.9911,15.4396
7623,LIRF,LOWL,1,Europe,Southern Europe,Italy,FCO,IT,Lazio,Rome–Fiumicino International Airport,41.8003,12.2389,Europe,Central Europe,Austria,LNZ,AT,Oberosterreich,Linz Airport (Blue Danube Airport),48.2332,14.1875
7624,LIRF,LPPT,1,Europe,Southern Europe,Italy,FCO,IT,Lazio,Rome–Fiumicino International Airport,41.8003,12.2389,Europe,Southern Europe,Portugal,LIS,PT,Lisboa,Lisbon Portela Airport,38.7813,-9.13592
7625,LIRF,LROP,1,Europe,Southern Europe,Italy,FCO,IT,Lazio,Rome–Fiumicino International Airport,41.8003,12.2389,Europe,Eastern Europe,Romania,OTP,RO,Ilfov,Bucharest Henri Coandă International Airport,44.5711,26.085
7634,LIRI,EDDM,2,Europe,Southern Europe,Italy,QSR,IT,Campania,Salerno Costa d'Amalfi Airport (Pontecagnano Airport),40.6204,14.9113,Europe,Central Europe,Germany,MUC,DE,Bayern,Munich Airport,48.3538,11.7861
7635,LIRI,EGKK,1,Europe,Southern Europe,Italy,QSR,IT,Campania,Salerno Costa d'Amalfi Airport (Pontecagnano Airport),40.6204,14.9113,Europe,United Kingdom,England,LGW,GB,England,Gatwick Airport,51.1481,-0.190278
7636,LIRI,EHAM,1,Europe,Southern Europe,Italy,QSR,IT,Campania,Salerno Costa d'Amalfi Airport (Pontecagnano Airport),40.6204,14.9113,Europe,Western Europe,Netherlands,AMS,NL,Noord-Holland,Amsterdam Airport Schiphol,52.3086,4.76389
7643,LIRI,LBSF,1,Europe,Southern Europe,Italy,QSR,IT,Campania,Salerno Costa d'Amalfi Airport (Pontecagnano Airport),40.6204,14.9113,Europe,Eastern Europe,Bulgaria,SOF,BG,Sofia,Sofia Airport,42.6967,23.4114
7644,LIRI,LFMN,1,Europe,Southern Europe,Italy,QSR,IT,Campania,Salerno Costa d'Amalfi Airport (Pontecagnano Airport),40.6204,14.9113,Europe,Western Europe,France,NCE,FR,Provence-Alpes-Cote-d'Azur,Nice Cote d'Azur Airport,43.6584,7.21587
7645,LIRI,LIBP,1,Europe,Southern Europe,Italy,QSR,IT,Campania,Salerno Costa d'Amalfi Airport (Pontecagnano Airport),40.6204,14.9113,Europe,Southern Europe,Italy,PSR,IT,Abruzzo,Abruzzo Airport,42.4317,14.1811
7646,LIRI,LIEO,4,Europe,Southern Europe,Italy,QSR,IT,Campania,Salerno Costa d'Amalfi Airport (Pontecagnano Airport),40.6204,14.9113,Europe,Southern Europe,Italy,OLB,IT,Sardegna,Olbia Costa Smeralda Airport,40.8987,9.51763
7647,LIRI,LIME,1,Europe,Southern Europe,Italy,QSR,IT,Campania,Salerno Costa d'Amalfi Airport (Pontecagnano Airport),40.6204,14.9113,Europe,Southern Europe,Italy,BGY,IT,Lombardia,Milan Bergamo Airport,45.66546,9.69948
7648,LIRI,LIMJ,1,Europe,Southern Europe,Italy,QSR,IT,Campania,Salerno Costa d'Amalfi Airport (Pontecagnano Airport),40.6204,14.9113,Europe,Southern Europe,Italy,GOA,IT,Liguria,Genoa Cristoforo Colombo Airport,44.4133,8.8375
7649,LIRI,LIML,1,Europe,Southern Europe,Italy,QSR,IT,Campania,Salerno Costa d'Amalfi Airport (Pontecagnano Airport),40.6204,14.9113,Europe,Southern Europe,Italy,LIN,IT,Lombardia,Milan-Linate Airport,45.4494,9.2783
7650,LIRI,LIRA,2,Europe,Southern Europe,Italy,QSR,IT,Campania,Salerno Costa d'Amalfi Airport (Pontecagnano Airport),40.6204,14.9113,Europe,Southern Europe,Italy,CIA,IT,Lazio,Rome-Ciampino International Airport,41.7991,12.5929
7651,LIRN,BIKF,2,Europe,Southern Europe,Italy,NAP,IT,Campania,Naples International Airport,40.886,14.2908,Europe,Nordic Region,Iceland,KEF,IS,Sudurnes,Keflavík International Airport,63.985,-22.6056
7653,LIRN,EGBB,1,Europe,Southern Europe,Italy,NAP,IT,Campania,Naples International Airport,40.886,14.2908,Europe,United Kingdom,England,BHX,GB,England,Birmingham Airport,52.4539,-1.74803
7654,LIRN,EGCC,1,Europe,Southern Europe,Italy,NAP,IT,Campania,Naples International Airport,40.886,14.2908,Europe,United Kingdom,England,MAN,GB,England,Manchester Airport,53.3537,-2.27495
7655,LIRN,EGGW,1,Europe,Southern Europe,Italy,NAP,IT,Campania,Naples International Airport,40.886,14.2908,Europe,United Kingdom,England,LTN,GB,England,London Luton Airport,51.8747,-0.368333
7656,LIRN,EGHI,1,Europe,Southern Europe,Italy,NAP,IT,Campania,Naples International Airport,40.886,14.2908,Europe,United Kingdom,England,SOU,GB,England,Southampton Airport,50.9503,-1.3568
7657,LIRN,EGNT,2,Europe,Southern Europe,Italy,NAP,IT,Campania,Naples International Airport,40.886,14.2908,Europe,United Kingdom,England,NCL,GB,England,Newcastle Airport,55.0375,-1.69167
7658,LIRN,EGSS,1,Europe,Southern Europe,Italy,NAP,IT,Campania,Naples International Airport,40.886,14.2908,Europe,United Kingdom,England,STN,GB,England,London Stansted Airport,51.885,0.235
7659,LIRN,EHAM,2,Europe,Southern Europe,Italy,NAP,IT,Campania,Naples International Airport,40.886,14.2908,Europe,Western Europe,Netherlands,AMS,NL,Noord-Holland,Amsterdam Airport Schiphol,52.3086,4.76389
7677,LIRN,LDDU,1,Europe,Southern Europe,Italy,NAP,IT,Campania,Naples International Airport,40.886,14.2908,Europe,Southern Europe,Croatia,DBV,HR,Dubrovacko-neretvanska zupanija,Dubrovnik Airport,42.5614,18.2682
7678,LIRN,LEPA,1,Europe,Southern Europe,Italy,NAP,IT,Campania,Naples International Airport,40.886,14.2908,Europe,Southern Europe,Spain,PMI,ES,Illes Balears,Palma de Mallorca Airport,39.5517,2.73881
7679,LIRN,LFMN,2,Europe,Southern Europe,Italy,NAP,IT,Campania,Naples International Airport,40.886,14.2908,Europe,Western Europe,France,NCE,FR,Provence-Alpes-Cote-d'Azur,Nice Cote d'Azur Airport,43.6584,7.21587
7680,LIRN,LFPO,2,Europe,Southern Europe,Italy,NAP,IT,Campania,Naples International Airport,40.886,14.2908,Europe,Western Europe,France,ORY,FR,Ile-de-France,Aéroport de Paris-Orly,48.7231,2.35944
7681,LIRN,LFSB,1,Europe,Southern Europe,Italy,NAP,IT,Campania,Naples International Airport,40.886,14.2908,Europe,Western Europe,France,BSL,CH,Basel-City,EuroAirport Basel Mulhouse Freiburg,47.59,7.52916
7682,LIRN,LFSB,1,Europe,Southern Europe,Italy,NAP,IT,Campania,Naples International Airport,40.886,14.2908,Europe,Central Europe,Switzerland,BSL,CH,Basel-City,EuroAirport Basel Mulhouse Freiburg,47.59,7.52916
7683,LIRN,LGAV,2,Europe,Southern Europe,Italy,NAP,IT,Campania,Naples International Airport,40.886,14.2908,Europe,Southern Europe,Greece,ATH,GR,Attiki,Athens International Airport (Eleftherios Venizelos Airport),37.9364,23.9445
7684,LIRN,LIBD,1,Europe,Southern Europe,Italy,NAP,IT,Campania,Naples International Airport,40.886,14.2908,Europe,Southern Europe,Italy,BRI,IT,Puglia,Bari Karol Wojtyla Airport,41.1389,16.7606
7685,LIRN,LIME,1,Europe,Southern Europe,Italy,NAP,IT,Campania,Naples International Airport,40.886,14.2908,Europe,Southern Europe,Italy,BGY,IT,Lombardia,Milan Bergamo Airport,45.66546,9.69948
7686,LIRN,LIMJ,1,Europe,Southern Europe,Italy,NAP,IT,Campania,Naples International Airport,40.886,14.2908,Europe,Southern Europe,Italy,GOA,IT,Liguria,Genoa Cristoforo Colombo Airport,44.4133,8.8375
7687,LIRN,LIML,2,Europe,Southern Europe,Italy,NAP,IT,Campania,Naples International Airport,40.886,14.2908,Europe,Southern Europe,Italy,LIN,IT,Lombardia,Milan-Linate Airport,45.4494,9.2783
7688,LIRN,LIPE,1,Europe,Southern Europe,Italy,NAP,IT,Campania,Naples International Airport,40.886,14.2908,Europe,Southern Europe,Italy,BLQ,IT,Emilia-Romagna,Bologna Guglielmo Marconi Airport,44.5354,11.2887
7689,LIRN,LIPR,1,Europe,Southern Europe,Italy,NAP,IT,Campania,Naples International Airport,40.886,14.2908,Europe,Southern Europe,Italy,RMI,IT,Emilia-Romagna,Federico Fellini International Airport,44.0203,12.6117
7690,LIRN,LIPZ,1,Europe,Southern Europe,Italy,NAP,IT,Campania,Naples International Airport,40.886,14.2908,Europe,Southern Europe,Italy,VCE,IT,Veneto,Venice Marco Polo Airport,45.5053,12.3519
7691,LIRN,LIRI,1,Europe,Southern Europe,Italy,NAP,IT,Campania,Naples International Airport,40.886,14.2908,Europe,Southern Europe,Italy,QSR,IT,Campania,Salerno Costa d'Amalfi Airport (Pontecagnano Airport),40.6204,14.9113
7692,LIRN,LMML,1,Europe,Southern Europe,Italy,NAP,IT,Campania,Naples International Airport,40.886,14.2908,Europe,Southern Europe,Malta,MLA,MT,Luqa,Malta International Airport (Luqa Airport),35.8575,14.4775
7695,LIRP,EDDF,1,Europe,Southern Europe,Italy,PSA,IT,Toscana,Pisa International Airport (Galileo Galilei Airport),43.6839,10.3927,Europe,Central Europe,Germany,FRA,DE,Hessen,Frankfurt Airport,50.0333,8.57056
7696,LIRP,EDDK,1,Europe,Southern Europe,Italy,PSA,IT,Toscana,Pisa International Airport (Galileo Galilei Airport),43.6839,10.3927,Europe,Central Europe,Germany,CGN,DE,Nordrhein-Westfalen,Cologne Bonn Airport,50.8659,7.14274
7697,LIRP,EGKK,1,Europe,Southern Europe,Italy,PSA,IT,Toscana,Pisa International Airport (Galileo Galilei Airport),43.6839,10.3927,Europe,United Kingdom,England,LGW,GB,England,Gatwick Airport,51.1481,-0.190278
7698,LIRP,EHAM,1,Europe,Southern Europe,Italy,PSA,IT,Toscana,Pisa International Airport (Galileo Galilei Airport),43.6839,10.3927,Europe,Western Europe,Netherlands,AMS,NL,Noord-Holland,Amsterdam Airport Schiphol,52.3086,4.76389
7699,LIRP,EKCH,1,Europe,Southern Europe,Italy,PSA,IT,Toscana,Pisa International Airport (Galileo Galilei Airport),43.6839,10.3927,Europe,Nordic Region,Denmark,CPH,DK,Hovedstaden,Copenhagen Airport,55.6179,12.656
7700,LIRP,EPWA,1,Europe,Southern Europe,Italy,PSA,IT,Toscana,Pisa International Airport (Galileo Galilei Airport),43.6839,10.3927,Europe,Central Europe,Poland,WAW,PL,Mazowieckie,Warsaw Chopin Airport,52.1657,20.9671
7714,LIRP,LFMN,1,Europe,Southern Europe,Italy,PSA,IT,Toscana,Pisa International Airport (Galileo Galilei Airport),43.6839,10.3927,Europe,Western Europe,France,NCE,FR,Provence-Alpes-Cote-d'Azur,Nice Cote d'Azur Airport,43.6584,7.21587
7715,LIRP,LFPO,1,Europe,Southern Europe,Italy,PSA,IT,Toscana,Pisa International Airport (Galileo Galilei Airport),43.6839,10.3927,Europe,Western Europe,France,ORY,FR,Ile-de-France,Aéroport de Paris-Orly,48.7231,2.35944
7716,LIRP,LGAV,1,Europe,Southern Europe,Italy,PSA,IT,Toscana,Pisa International Airport (Galileo Galilei Airport),43.6839,10.3927,Europe,Southern Europe,Greece,ATH,GR,Attiki,Athens International Airport (Eleftherios Venizelos Airport),37.9364,23.9445
7717,LIRP,LIMJ,1,Europe,Southern Europe,Italy,PSA,IT,Toscana,Pisa International Airport (Galileo Galilei Airport),43.6839,10.3927,Europe,Southern Europe,Italy,GOA,IT,Liguria,Genoa Cristoforo Colombo Airport,44.4133,8.8375
7718,LIRP,LIML,3,Europe,Southern Europe,Italy,PSA,IT,Toscana,Pisa International Airport (Galileo Galilei Airport),43.6839,10.3927,Europe,Southern Europe,Italy,LIN,IT,Lombardia,Milan-Linate Airport,45.4494,9.2783
7719,LIRP,LIPE,1,Europe,Southern Europe,Italy,PSA,IT,Toscana,Pisa International Airport (Galileo Galilei Airport),43.6839,10.3927,Europe,Southern Europe,Italy,BLQ,IT,Emilia-Romagna,Bologna Guglielmo Marconi Airport,44.5354,11.2887
7722,LIRQ,BIKF,1,Europe,Southern Europe,Italy,FLR,IT,Toscana,Florence Airport,43.81,11.2051,Europe,Nordic Region,Iceland,KEF,IS,Sudurnes,Keflavík International Airport,63.985,-22.6056
7723,LIRQ,EBBR,1,Europe,Southern Europe,Italy,FLR,IT,Toscana,Florence Airport,43.81,11.2051,Europe,Western Europe,Belgium,BRU,BE,Brussels Hoofdstedelijk Gewest,Brussels Airport (Zaventem Airport),50.9014,4.48444
7724,LIRQ,EDDL,1,Europe,Southern Europe,Italy,FLR,IT,Toscana,Florence Airport,43.81,11.2051,Europe,Central Europe,Germany,DUS,DE,Nordrhein-Westfalen,Dusseldorf Airport,51.2895,6.76678
7725,LIRQ,EGLC,2,Europe,Southern Europe,Italy,FLR,IT,Toscana,Florence Airport,43.81,11.2051,Europe,United Kingdom,England,LCY,GB,England,London City Airport,51.5053,0.055278
7726,LIRQ,EGPH,1,Europe,Southern Europe,Italy,FLR,IT,Toscana,Florence Airport,43.81,11.2051,Europe,United Kingdom,Scotland,EDI,GB,Scotland,Edinburgh Airport,55.95,-3.3725
7727,LIRQ,EKCH,2,Europe,Southern Europe,Italy,FLR,IT,Toscana,Florence Airport,43.81,11.2051,Europe,Nordic Region,Denmark,CPH,DK,Hovedstaden,Copenhagen Airport,55.6179,12.656
7728,LIRQ,ELLX,1,Europe,Southern Europe,Italy,FLR,IT,Toscana,Florence Airport,43.81,11.2051,Europe,Western Europe,Luxembourg,LUX,LU,Luxembourg,Luxembourg Findel Airport,49.6233,6.20444
7733,LIRQ,LEBL,1,Europe,Southern Europe,Italy,FLR,IT,Toscana,Florence Airport,43.81,11.2051,Europe,Southern Europe,Spain,BCN,ES,Catalunya,Barcelona El Prat Airport,41.2971,2.07846
7734,LIRQ,LICJ,1,Europe,Southern Europe,Italy,FLR,IT,Toscana,Florence Airport,43.81,11.2051,Europe,Southern Europe,Italy,PMO,IT,Sicilia,Falcone-Borsellino Airport (Punta Raisi Airport),38.176,13.091
7735,LIRQ,LIMJ,3,Europe,Southern Europe,Italy,FLR,IT,Toscana,Florence Airport,43.81,11.2051,Europe,Southern Europe,Italy,GOA,IT,Liguria,Genoa Cristoforo Colombo Airport,44.4133,8.8375
7736,LIRQ,LIML,1,Europe,Southern Europe,Italy,FLR,IT,Toscana,Florence Airport,43.81,11.2051,Europe,Southern Europe,Italy,LIN,IT,Lombardia,Milan-Linate Airport,45.4494,9.2783
7737,LIRQ,LIPO,1,Europe,Southern Europe,Italy,FLR,IT,Toscana,Florence Airport,43.81,11.2051,Europe,Southern Europe,Italy,VBS,IT,Lombardia,Brescia Airport (Gabriele D'Annunzio Airport),45.4289,10.3306
7738,LIRQ,LIRA,1,Europe,Southern Europe,Italy,FLR,IT,Toscana,Florence Airport,43.81,11.2051,Europe,Southern Europe,Italy,CIA,IT,Lazio,Rome-Ciampino International Airport,41.7991,12.5929
7739,LIRQ,LPPT,1,Europe,Southern Europe,Italy,FLR,IT,Toscana,Florence Airport,43.81,11.2051,Europe,Southern Europe,Portugal,LIS,PT,Lisboa,Lisbon Portela Airport,38.7813,-9.13592
7742,LIRQ,LSZH,1,Europe,Southern Europe,Italy,FLR,IT,Toscana,Florence Airport,43.81,11.2051,Europe,Central Europe,Switzerland,ZRH,CH,Zurich,Zurich Airport,47.4647,8.54917
7747,LIRZ,LEBL,2,Europe,Southern Europe,Italy,PEG,IT,Umbria,Perugia San Francesco d'Assisi - Umbria International Airport,43.0959,12.5132,Europe,Southern Europe,Spain,BCN,ES,Catalunya,Barcelona El Prat Airport,41.2971,2.07846
7748,LIRZ,LFMN,1,Europe,Southern Europe,Italy,PEG,IT,Umbria,Perugia San Francesco d'Assisi - Umbria International Airport,43.0959,12.5132,Europe,Western Europe,France,NCE,FR,Provence-Alpes-Cote-d'Azur,Nice Cote d'Azur Airport,43.6584,7.21587
7749,LIRZ,LFQQ,1,Europe,Southern Europe,Italy,PEG,IT,Umbria,Perugia San Francesco d'Assisi - Umbria International Airport,43.0959,12.5132,Europe,Western Europe,France,LIL,FR,Hauts-de-France,Lille Airport (Lille-Lesquin Airport),50.5633,3.08689
7750,LIRZ,LIEO,1,Europe,Southern Europe,Italy,PEG,IT,Umbria,Perugia San Francesco d'Assisi - Umbria International Airport,43.0959,12.5132,Europe,Southern Europe,Italy,OLB,IT,Sardegna,Olbia Costa Smeralda Airport,40.8987,9.51763
7751,LIRZ,LIML,1,Europe,Southern Europe,Italy,PEG,IT,Umbria,Perugia San Francesco d'Assisi - Umbria International Airport,43.0959,12.5132,Europe,Southern Europe,Italy,LIN,IT,Lombardia,Milan-Linate Airport,45.4494,9.2783
7752,LIRZ,LIPE,1,Europe,Southern Europe,Italy,PEG,IT,Umbria,Perugia San Francesco d'Assisi - Umbria International Airport,43.0959,12.5132,Europe,Southern Europe,Italy,BLQ,IT,Emilia-Romagna,Bologna Guglielmo Marconi Airport,44.5354,11.2887
7753,LIRZ,LPBJ,1,Europe,Southern Europe,Italy,PEG,IT,Umbria,Perugia San Francesco d'Assisi - Umbria International Airport,43.0959,12.5132,Europe,Southern Europe,Portugal,BYJ,PT,Beja,Beja Airport,38.0789,-7.9324
7756,LJLJ,EBBR,1,Europe,Southern Europe,Slovenia,LJU,SI,Cerklje na Gorenjskem,Ljubljana Joze Pucnik Airport (Brnik Airport),46.2237,14.4576,Europe,Western Europe,Belgium,BRU,BE,Brussels Hoofdstedelijk Gewest,Brussels Airport (Zaventem Airport),50.9014,4.48444
7757,LJLJ,EDDL,1,Europe,Southern Europe,Slovenia,LJU,SI,Cerklje na Gorenjskem,Ljubljana Joze Pucnik Airport (Brnik Airport),46.2237,14.4576,Europe,Central Europe,Germany,DUS,DE,Nordrhein-Westfalen,Dusseldorf Airport,51.2895,6.76678
7758,LJLJ,EFHK,1,Europe,Southern Europe,Slovenia,LJU,SI,Cerklje na Gorenjskem,Ljubljana Joze Pucnik Airport (Brnik Airport),46.2237,14.4576,Europe,Nordic Region,Finland,HEL,FI,Uusimaa,Helsinki Airport (Helsinki-Vantaa Airport),60.3172,24.9633
7759,LJLJ,EHAM,2,Europe,Southern Europe,Slovenia,LJU,SI,Cerklje na Gorenjskem,Ljubljana Joze Pucnik Airport (Brnik Airport),46.2237,14.4576,Europe,Western Europe,Netherlands,AMS,NL,Noord-Holland,Amsterdam Airport Schiphol,52.3086,4.76389
7760,LJLJ,ELLX,1,Europe,Southern Europe,Slovenia,LJU,SI,Cerklje na Gorenjskem,Ljubljana Joze Pucnik Airport (Brnik Airport),46.2237,14.4576,Europe,Western Europe,Luxembourg,LUX,LU,Luxembourg,Luxembourg Findel Airport,49.6233,6.20444
7763,LJLJ,LDRI,1,Europe,Southern Europe,Slovenia,LJU,SI,Cerklje na Gorenjskem,Ljubljana Joze Pucnik Airport (Brnik Airport),46.2237,14.4576,Europe,Southern Europe,Croatia,RJK,HR,Primorsko-goranska zupanija,Rijeka Airport,45.2169,14.5703
7764,LJLJ,LDSP,1,Europe,Southern Europe,Slovenia,LJU,SI,Cerklje na Gorenjskem,Ljubljana Joze Pucnik Airport (Brnik Airport),46.2237,14.4576,Europe,Southern Europe,Croatia,SPU,HR,Splitsko-dalmatinska zupanija,Split Airport,43.5389,16.298
7765,LJLJ,LFPO,1,Europe,Southern Europe,Slovenia,LJU,SI,Cerklje na Gorenjskem,Ljubljana Joze Pucnik Airport (Brnik Airport),46.2237,14.4576,Europe,Western Europe,France,ORY,FR,Ile-de-France,Aéroport de Paris-Orly,48.7231,2.35944
7766,LJLJ,LFRS,1,Europe,Southern Europe,Slovenia,LJU,SI,Cerklje na Gorenjskem,Ljubljana Joze Pucnik Airport (Brnik Airport),46.2237,14.4576,Europe,Western Europe,France,NTE,FR,Pays-de-la-Loire,Nantes Atlantique Airport,47.1532,-1.61073
7769,LJPZ,LOWS,1,Europe,Southern Europe,Slovenia,POW,SI,Piran,Portoroz Airport,45.4734,13.615,Europe,Central Europe,Austria,SZG,AT,Salzburg,Salzburg Airport,47.7933,13.0043
7770,LJPZ,LSZB,1,Europe,Southern Europe,Slovenia,POW,SI,Piran,Portoroz Airport,45.4734,13.615,Europe,Central Europe,Switzerland,BRN,CH,Bern,Bern Airport,46.9141,7.49715
7771,LJPZ,LYBE,1,Europe,Southern Europe,Slovenia,POW,SI,Piran,Portoroz Airport,45.4734,13.615,Europe,Eastern Europe,Serbia,BEG,RS,Beograd,Belgrade Nikola Tesla Airport,44.8184,20.3091
7772,LKKV,LIPZ,1,Europe,Central Europe,Czech Republic,KLV,CZ,Karlovarsky kraj,Karlovy Vary Airport,50.203,12.915,Europe,Southern Europe,Italy,VCE,IT,Veneto,Venice Marco Polo Airport,45.5053,12.3519
7777,LKMT,LBBG,1,Europe,Central Europe,Czech Republic,OSR,CZ,Moravskoslezsky kraj,Leos Janacek Airport,49.6963,18.1111,Europe,Eastern Europe,Bulgaria,BOJ,BG,Burgas,Burgas Airport,42.5696,27.5152
7778,LKMT,LBWN,1,Europe,Central Europe,Czech Republic,OSR,CZ,Moravskoslezsky kraj,Leos Janacek Airport,49.6963,18.1111,Europe,Eastern Europe,Bulgaria,VAR,BG,Varna,Varna Airport,43.2321,27.8251
7779,LKMT,LEPA,1,Europe,Central Europe,Czech Republic,OSR,CZ,Moravskoslezsky kraj,Leos Janacek Airport,49.6963,18.1111,Europe,Southern Europe,Spain,PMI,ES,Illes Balears,Palma de Mallorca Airport,39.5517,2.73881
7780,LKMT,LGIR,1,Europe,Central Europe,Czech Republic,OSR,CZ,Moravskoslezsky kraj,Leos Janacek Airport,49.6963,18.1111,Europe,Southern Europe,Greece,HER,GR,Kriti,Heraklion International Airport (Nikos Kazantzakis Airport),35.3397,25.1803
7785,LKPD,EDNY,1,Europe,Central Europe,Czech Republic,PED,CZ,Pardubicky kraj,Pardubice Airport,50.0134,15.7386,Europe,Central Europe,Germany,FDH,DE,Baden-Wurttemberg,Friedrichshafen Airport (Bodensee Airport),47.6713,9.51149
7786,LKPR,BIKF,2,Europe,Central Europe,Czech Republic,PRG,CZ,Stredocesky kraj,Vaclav Havel Airport Prague,50.1008,14.26,Europe,Nordic Region,Iceland,KEF,IS,Sudurnes,Keflavík International Airport,63.985,-22.6056
7787,LKPR,EDDB,1,Europe,Central Europe,Czech Republic,PRG,CZ,Stredocesky kraj,Vaclav Havel Airport Prague,50.1008,14.26,Europe,Central Europe,Germany,BER,DE,Brandenburg,Berlin Brandenburg Airport,52.3514,13.4939
7788,LKPR,EDDF,1,Europe,Central Europe,Czech Republic,PRG,CZ,Stredocesky kraj,Vaclav Havel Airport Prague,50.1008,14.26,Europe,Central Europe,Germany,FRA,DE,Hessen,Frankfurt Airport,50.0333,8.57056
7789,LKPR,EDDM,2,Europe,Central Europe,Czech Republic,PRG,CZ,Stredocesky kraj,Vaclav Havel Airport Prague,50.1008,14.26,Europe,Central Europe,Germany,MUC,DE,Bayern,Munich Airport,48.3538,11.7861
7790,LKPR,EGGD,1,Europe,Central Europe,Czech Republic,PRG,CZ,Stredocesky kraj,Vaclav Havel Airport Prague,50.1008,14.26,Europe,United Kingdom,England,BRS,GB,England,Bristol Airport,51.3827,-2.71909
7791,LKPR,EGGW,1,Europe,Central Europe,Czech Republic,PRG,CZ,Stredocesky kraj,Vaclav Havel Airport Prague,50.1008,14.26,Europe,United Kingdom,England,LTN,GB,England,London Luton Airport,51.8747,-0.368333
7792,LKPR,EGPK,1,Europe,Central Europe,Czech Republic,PRG,CZ,Stredocesky kraj,Vaclav Havel Airport Prague,50.1008,14.26,Europe,United Kingdom,Scotland,PIK,GB,Scotland,Glasgow Prestwick Airport,55.5094,-4.58667
7793,LKPR,EINN,1,Europe,Central Europe,Czech Republic,PRG,CZ,Stredocesky kraj,Vaclav Havel Airport Prague,50.1008,14.26,Europe,Western Europe,Ireland,SNN,IE,Clare,Shannon Airport,52.702,-8.92482
7794,LKPR,EVRA,1,Europe,Central Europe,Czech Republic,PRG,CZ,Stredocesky kraj,Vaclav Havel Airport Prague,50.1008,14.26,Europe,Nordic Region,Latvia,RIX,LV,Riga,Riga International Airport,56.9236,23.9711
7812,LKPR,LEAM,1,Europe,Central Europe,Czech Republic,PRG,CZ,Stredocesky kraj,Vaclav Havel Airport Prague,50.1008,14.26,Europe,Southern Europe,Spain,LEI,ES,Andalucia,Almeria Airport,36.8439,-2.3701
7813,LKPR,LEMD,1,Europe,Central Europe,Czech Republic,PRG,CZ,Stredocesky kraj,Vaclav Havel Airport Prague,50.1008,14.26,Europe,Southern Europe,Spain,MAD,ES,"Madrid, Comunidad de",Adolfo Suarez Madrid-Barajas Airport,40.4719,-3.56264
7814,LKPR,LEPA,1,Europe,Central Europe,Czech Republic,PRG,CZ,Stredocesky kraj,Vaclav Havel Airport Prague,50.1008,14.26,Europe,Southern Europe,Spain,PMI,ES,Illes Balears,Palma de Mallorca Airport,39.5517,2.73881
7815,LKPR,LFML,1,Europe,Central Europe,Czech Republic,PRG,CZ,Stredocesky kraj,Vaclav Havel Airport Prague,50.1008,14.26,Europe,Western Europe,France,MRS,FR,Provence-Alpes-Cote-d'Azur,Marseille Provence Airport,43.4393,5.22142
7816,LKPR,LFMN,1,Europe,Central Europe,Czech Republic,PRG,CZ,Stredocesky kraj,Vaclav Havel Airport Prague,50.1008,14.26,Europe,Western Europe,France,NCE,FR,Provence-Alpes-Cote-d'Azur,Nice Cote d'Azur Airport,43.6584,7.21587
7817,LKPR,LFPG,1,Europe,Central Europe,Czech Republic,PRG,CZ,Stredocesky kraj,Vaclav Havel Airport Prague,50.1008,14.26,Europe,Western Europe,France,CDG,FR,Ile-de-France,Paris Charles de Gaulle Airport,49.0097,2.54778
7818,LKPR,LGAV,1,Europe,Central Europe,Czech Republic,PRG,CZ,Stredocesky kraj,Vaclav Havel Airport Prague,50.1008,14.26,Europe,Southern Europe,Greece,ATH,GR,Attiki,Athens International Airport (Eleftherios Venizelos Airport),37.9364,23.9445
7819,LKPR,LGMT,1,Europe,Central Europe,Czech Republic,PRG,CZ,Stredocesky kraj,Vaclav Havel Airport Prague,50.1008,14.26,Europe,Southern Europe,Greece,MJT,GR,Voreio Aigaio,Mytilene International Airport,39.0567,26.5983
7820,LKPR,LGSM,1,Europe,Central Europe,Czech Republic,PRG,CZ,Stredocesky kraj,Vaclav Havel Airport Prague,50.1008,14.26,Europe,Southern Europe,Greece,SMI,GR,Voreio Aigaio,Samos International Airport,37.69,26.9117
7821,LKPR,LICC,1,Europe,Central Europe,Czech Republic,PRG,CZ,Stredocesky kraj,Vaclav Havel Airport Prague,50.1008,14.26,Europe,Southern Europe,Italy,CTA,IT,Sicilia,Catania-Fontanarossa Airport,37.4668,15.0664
7822,LKPR,LIME,1,Europe,Central Europe,Czech Republic,PRG,CZ,Stredocesky kraj,Vaclav Havel Airport Prague,50.1008,14.26,Europe,Southern Europe,Italy,BGY,IT,Lombardia,Milan Bergamo Airport,45.66546,9.69948
7823,LKPR,LIRI,1,Europe,Central Europe,Czech Republic,PRG,CZ,Stredocesky kraj,Vaclav Havel Airport Prague,50.1008,14.26,Europe,Southern Europe,Italy,QSR,IT,Campania,Salerno Costa d'Amalfi Airport (Pontecagnano Airport),40.6204,14.9113
7825,LKPR,LOWI,1,Europe,Central Europe,Czech Republic,PRG,CZ,Stredocesky kraj,Vaclav Havel Airport Prague,50.1008,14.26,Europe,Central Europe,Austria,INN,AT,Tirol,Innsbruck Airport (Kranebitten Airport),47.2602,11.344
7826,LKPR,LOWW,3,Europe,Central Europe,Czech Republic,PRG,CZ,Stredocesky kraj,Vaclav Havel Airport Prague,50.1008,14.26,Europe,Central Europe,Austria,VIE,AT,Niederosterreich,Vienna International Airport,48.1103,16.5697
7827,LKPR,LPPT,1,Europe,Central Europe,Czech Republic,PRG,CZ,Stredocesky kraj,Vaclav Havel Airport Prague,50.1008,14.26,Europe,Southern Europe,Portugal,LIS,PT,Lisboa,Lisbon Portela Airport,38.7813,-9.13592
7828,LKPR,LSGG,3,Europe,Central Europe,Czech Republic,PRG,CZ,Stredocesky kraj,Vaclav Havel Airport Prague,50.1008,14.26,Europe,Central Europe,Switzerland,GVA,CH,Geneve,Geneva Airport,46.2381,6.10895
7829,LKPR,LSZH,2,Europe,Central Europe,Czech Republic,PRG,CZ,Stredocesky kraj,Vaclav Havel Airport Prague,50.1008,14.26,Europe,Central Europe,Switzerland,ZRH,CH,Zurich,Zurich Airport,47.4647,8.54917
7832,LKPR,LUKK,1,Europe,Central Europe,Czech Republic,PRG,CZ,Stredocesky kraj,Vaclav Havel Airport Prague,50.1008,14.26,Europe,Eastern Europe,Moldova,RMO,MD,Chisinau,Chisinau International Airport,46.9277,28.931
7833,LKPR,LZKZ,1,Europe,Central Europe,Czech Republic,PRG,CZ,Stredocesky kraj,Vaclav Havel Airport Prague,50.1008,14.26,Europe,Central Europe,Slovakia,KSC,SK,Kosicky kraj,Kosice International Airport,48.6631,21.2411
7843,LKTB,LDSB,1,Europe,Central Europe,Czech Republic,BRQ,CZ,Jihomoravsky kraj,Brno-Turany Airport,49.1513,16.6944,Europe,Southern Europe,Croatia,BWK,HR,Splitsko-dalmatinska zupanija,Bol Airport (Brac Airport),43.2857,16.6797
7844,LKTB,LEAM,1,Europe,Central Europe,Czech Republic,BRQ,CZ,Jihomoravsky kraj,Brno-Turany Airport,49.1513,16.6944,Europe,Southern Europe,Spain,LEI,ES,Andalucia,Almeria Airport,36.8439,-2.3701
7845,LKTB,LGTS,4,Europe,Central Europe,Czech Republic,BRQ,CZ,Jihomoravsky kraj,Brno-Turany Airport,49.1513,16.6944,Europe,Southern Europe,Greece,SKG,GR,Kentriki Makedonia,Thessaloniki Airport,40.5197,22.9709
7846,LKTB,LICA,1,Europe,Central Europe,Czech Republic,BRQ,CZ,Jihomoravsky kraj,Brno-Turany Airport,49.1513,16.6944,Europe,Southern Europe,Italy,SUF,IT,Calabria,Lamezia Terme International Airport,38.9054,16.2423
7847,LKTB,LKMT,1,Europe,Central Europe,Czech Republic,BRQ,CZ,Jihomoravsky kraj,Brno-Turany Airport,49.1513,16.6944,Europe,Central Europe,Czech Republic,OSR,CZ,Moravskoslezsky kraj,Leos Janacek Airport,49.6963,18.1111
7905,LMML,EDDM,8,Europe,Southern Europe,Malta,MLA,MT,Luqa,Malta International Airport (Luqa Airport),35.8575,14.4775,Europe,Central Europe,Germany,MUC,DE,Bayern,Munich Airport,48.3538,11.7861
7906,LMML,EGHH,1,Europe,Southern Europe,Malta,MLA,MT,Luqa,Malta International Airport (Luqa Airport),35.8575,14.4775,Europe,United Kingdom,England,BOH,GB,England,Bournemouth Airport,50.78,-1.8425
7907,LMML,EGKK,1,Europe,Southern Europe,Malta,MLA,MT,Luqa,Malta International Airport (Luqa Airport),35.8575,14.4775,Europe,United Kingdom,England,LGW,GB,England,Gatwick Airport,51.1481,-0.190278
7908,LMML,EGLL,1,Europe,Southern Europe,Malta,MLA,MT,Luqa,Malta International Airport (Luqa Airport),35.8575,14.4775,Europe,United Kingdom,England,LHR,GB,England,Heathrow Airport,51.4775,-0.461389
7909,LMML,EGNM,2,Europe,Southern Europe,Malta,MLA,MT,Luqa,Malta International Airport (Luqa Airport),35.8575,14.4775,Europe,United Kingdom,England,LBA,GB,England,Leeds Bradford Airport,53.8659,-1.66057
7910,LMML,EGPF,1,Europe,Southern Europe,Malta,MLA,MT,Luqa,Malta International Airport (Luqa Airport),35.8575,14.4775,Europe,United Kingdom,Scotland,GLA,GB,Scotland,Glasgow Airport,55.8719,-4.43306
7911,LMML,EGPH,3,Europe,Southern Europe,Malta,MLA,MT,Luqa,Malta International Airport (Luqa Airport),35.8575,14.4775,Europe,United Kingdom,Scotland,EDI,GB,Scotland,Edinburgh Airport,55.95,-3.3725
7912,LMML,EGSH,1,Europe,Southern Europe,Malta,MLA,MT,Luqa,Malta International Airport (Luqa Airport),35.8575,14.4775,Europe,United Kingdom,England,NWI,GB,England,Norwich International Airport,52.6758,1.28278
7913,LMML,EIDW,1,Europe,Southern Europe,Malta,MLA,MT,Luqa,Malta International Airport (Luqa Airport),35.8575,14.4775,Europe,Western Europe,Ireland,DUB,IE,Dublin,Dublin Airport,53.4213,-6.27007
7914,LMML,ELLX,1,Europe,Southern Europe,Malta,MLA,MT,Luqa,Malta International Airport (Luqa Airport),35.8575,14.4775,Europe,Western Europe,Luxembourg,LUX,LU,Luxembourg,Luxembourg Findel Airport,49.6233,6.20444
7915,LMML,EPWA,1,Europe,Southern Europe,Malta,MLA,MT,Luqa,Malta International Airport (Luqa Airport),35.8575,14.4775,Europe,Central Europe,Poland,WAW,PL,Mazowieckie,Warsaw Chopin Airport,52.1657,20.9671
7923,LMML,LEVC,1,Europe,Southern Europe,Malta,MLA,MT,Luqa,Malta International Airport (Luqa Airport),35.8575,14.4775,Europe,Southern Europe,Spain,VLC,ES,"Valenciana, Comunidad",Valencia Airport,39.4893,-0.481625
7924,LMML,LFBO,1,Europe,Southern Europe,Malta,MLA,MT,Luqa,Malta International Airport (Luqa Airport),35.8575,14.4775,Europe,Western Europe,France,TLS,FR,Occitanie,Toulouse-Blagnac Airport,43.6291,1.36382
7925,LMML,LFMH,1,Europe,Southern Europe,Malta,MLA,MT,Luqa,Malta International Airport (Luqa Airport),35.8575,14.4775,Europe,Western Europe,France,EBU,FR,Auvergne-Rhone-Alpes,Saint-Etienne-Boutheon Airport,45.5406,4.29639
7926,LMML,LFRB,1,Europe,Southern Europe,Malta,MLA,MT,Luqa,Malta International Airport (Luqa Airport),35.8575,14.4775,Europe,Western Europe,France,BES,FR,Bretagne,Brest Bretagne Airport,48.4479,-4.41854
7927,LMML,LIML,1,Europe,Southern Europe,Malta,MLA,MT,Luqa,Malta International Airport (Luqa Airport),35.8575,14.4775,Europe,Southern Europe,Italy,LIN,IT,Lombardia,Milan-Linate Airport,45.4494,9.2783
7928,LMML,LIPE,1,Europe,Southern Europe,Malta,MLA,MT,Luqa,Malta International Airport (Luqa Airport),35.8575,14.4775,Europe,Southern Europe,Italy,BLQ,IT,Emilia-Romagna,Bologna Guglielmo Marconi Airport,44.5354,11.2887
7929,LMML,LIRA,1,Europe,Southern Europe,Malta,MLA,MT,Luqa,Malta International Airport (Luqa Airport),35.8575,14.4775,Europe,Southern Europe,Italy,CIA,IT,Lazio,Rome-Ciampino International Airport,41.7991,12.5929
7931,LMML,LMML,6,Europe,Southern Europe,Malta,MLA,MT,Luqa,Malta International Airport (Luqa Airport),35.8575,14.4775,Europe,Southern Europe,Malta,MLA,MT,Luqa,Malta International Airport (Luqa Airport),35.8575,14.4775
7932,LMML,LOWW,1,Europe,Southern Europe,Malta,MLA,MT,Luqa,Malta International Airport (Luqa Airport),35.8575,14.4775,Europe,Central Europe,Austria,VIE,AT,Niederosterreich,Vienna International Airport,48.1103,16.5697
7933,LMML,LPPD,1,Europe,Southern Europe,Malta,MLA,MT,Luqa,Malta International Airport (Luqa Airport),35.8575,14.4775,Europe,Southern Europe,Portugal,PDL,PT,Regiao Autonoma dos Acores,Joao Paulo II Airport,37.7412,-25.6979
7934,LMML,LQTZ,1,Europe,Southern Europe,Malta,MLA,MT,Luqa,Malta International Airport (Luqa Airport),35.8575,14.4775,Europe,Eastern Europe,Bosnia and Herzegovina,TZL,BA,Federacija Bosne i Hercegovine,Tuzla International Airport,44.4587,18.7248
7940,LOWG,BIKF,1,Europe,Central Europe,Austria,GRZ,AT,Steiermark,Graz Airport,46.9911,15.4396,Europe,Nordic Region,Iceland,KEF,IS,Sudurnes,Keflavík International Airport,63.985,-22.6056
7941,LOWG,EBOS,1,Europe,Central Europe,Austria,GRZ,AT,Steiermark,Graz Airport,46.9911,15.4396,Europe,Western Europe,Belgium,OST,BE,West-Vlaanderen,Ostend-Bruges International Airport,51.1989,2.86222
7942,LOWG,EDDB,1,Europe,Central Europe,Austria,GRZ,AT,Steiermark,Graz Airport,46.9911,15.4396,Europe,Central Europe,Germany,BER,DE,Brandenburg,Berlin Brandenburg Airport,52.3514,13.4939
7943,LOWG,EDDF,2,Europe,Central Europe,Austria,GRZ,AT,Steiermark,Graz Airport,46.9911,15.4396,Europe,Central Europe,Germany,FRA,DE,Hessen,Frankfurt Airport,50.0333,8.57056
7944,LOWG,EDDK,3,Europe,Central Europe,Austria,GRZ,AT,Steiermark,Graz Airport,46.9911,15.4396,Europe,Central Europe,Germany,CGN,DE,Nordrhein-Westfalen,Cologne Bonn Airport,50.8659,7.14274
7945,LOWG,EDDM,2,Europe,Central Europe,Austria,GRZ,AT,Steiermark,Graz Airport,46.9911,15.4396,Europe,Central Europe,Germany,MUC,DE,Bayern,Munich Airport,48.3538,11.7861
7946,LOWG,EGBB,2,Europe,Central Europe,Austria,GRZ,AT,Steiermark,Graz Airport,46.9911,15.4396,Europe,United Kingdom,England,BHX,GB,England,Birmingham Airport,52.4539,-1.74803
7947,LOWG,EGGW,1,Europe,Central Europe,Austria,GRZ,AT,Steiermark,Graz Airport,46.9911,15.4396,Europe,United Kingdom,England,LTN,GB,England,London Luton Airport,51.8747,-0.368333
7948,LOWG,EGKK,2,Europe,Central Europe,Austria,GRZ,AT,Steiermark,Graz Airport,46.9911,15.4396,Europe,United Kingdom,England,LGW,GB,England,Gatwick Airport,51.1481,-0.190278
7949,LOWG,EGNJ,1,Europe,Central Europe,Austria,GRZ,AT,Steiermark,Graz Airport,46.9911,15.4396,Europe,United Kingdom,England,HUY,GB,England,Humberside Airport,53.5744,-0.350833
7950,LOWG,EGNT,1,Europe,Central Europe,Austria,GRZ,AT,Steiermark,Graz Airport,46.9911,15.4396,Europe,United Kingdom,England,NCL,GB,England,Newcastle Airport,55.0375,-1.69167
7951,LOWG,EGSS,1,Europe,Central Europe,Austria,GRZ,AT,Steiermark,Graz Airport,46.9911,15.4396,Europe,United Kingdom,England,STN,GB,England,London Stansted Airport,51.885,0.235
7953,LOWG,LEPA,2,Europe,Central Europe,Austria,GRZ,AT,Steiermark,Graz Airport,46.9911,15.4396,Europe,Southern Europe,Spain,PMI,ES,Illes Balears,Palma de Mallorca Airport,39.5517,2.73881
7954,LOWG,LGAV,1,Europe,Central Europe,Austria,GRZ,AT,Steiermark,Graz Airport,46.9911,15.4396,Europe,Southern Europe,Greece,ATH,GR,Attiki,Athens International Airport (Eleftherios Venizelos Airport),37.9364,23.9445
7955,LOWG,LGRP,1,Europe,Central Europe,Austria,GRZ,AT,Steiermark,Graz Airport,46.9911,15.4396,Europe,Southern Europe,Greece,RHO,GR,Notio Aigaio,Rhodes International Airport,36.4054,28.0862
7956,LOWG,LIPE,1,Europe,Central Europe,Austria,GRZ,AT,Steiermark,Graz Airport,46.9911,15.4396,Europe,Southern Europe,Italy,BLQ,IT,Emilia-Romagna,Bologna Guglielmo Marconi Airport,44.5354,11.2887
7957,LOWG,LIPY,1,Europe,Central Europe,Austria,GRZ,AT,Steiermark,Graz Airport,46.9911,15.4396,Europe,Southern Europe,Italy,AOI,IT,Marche,Ancona Falconara Airport,43.6163,13.3623
7958,LOWG,LOWI,1,Europe,Central Europe,Austria,GRZ,AT,Steiermark,Graz Airport,46.9911,15.4396,Europe,Central Europe,Austria,INN,AT,Tirol,Innsbruck Airport (Kranebitten Airport),47.2602,11.344
7959,LOWG,LOWW,1,Europe,Central Europe,Austria,GRZ,AT,Steiermark,Graz Airport,46.9911,15.4396,Europe,Central Europe,Austria,VIE,AT,Niederosterreich,Vienna International Airport,48.1103,16.5697
7960,LOWG,LSZH,2,Europe,Central Europe,Austria,GRZ,AT,Steiermark,Graz Airport,46.9911,15.4396,Europe,Central Europe,Switzerland,ZRH,CH,Zurich,Zurich Airport,47.4647,8.54917
7962,LOWI,EGCC,1,Europe,Central Europe,Austria,INN,AT,Tirol,Innsbruck Airport (Kranebitten Airport),47.2602,11.344,Europe,United Kingdom,England,MAN,GB,England,Manchester Airport,53.3537,-2.27495
7963,LOWI,EGGW,1,Europe,Central Europe,Austria,INN,AT,Tirol,Innsbruck Airport (Kranebitten Airport),47.2602,11.344,Europe,United Kingdom,England,LTN,GB,England,London Luton Airport,51.8747,-0.368333
7964,LOWI,EGKK,2,Europe,Central Europe,Austria,INN,AT,Tirol,Innsbruck Airport (Kranebitten Airport),47.2602,11.344,Europe,United Kingdom,England,LGW,GB,England,Gatwick Airport,51.1481,-0.190278
7965,LOWI,EHAM,1,Europe,Central Europe,Austria,INN,AT,Tirol,Innsbruck Airport (Kranebitten Airport),47.2602,11.344,Europe,Western Europe,Netherlands,AMS,NL,Noord-Holland,Amsterdam Airport Schiphol,52.3086,4.76389
7966,LOWI,LGIR,1,Europe,Central Europe,Austria,INN,AT,Tirol,Innsbruck Airport (Kranebitten Airport),47.2602,11.344,Europe,Southern Europe,Greece,HER,GR,Kriti,Heraklion International Airport (Nikos Kazantzakis Airport),35.3397,25.1803
7967,LOWI,LGKL,2,Europe,Central Europe,Austria,INN,AT,Tirol,Innsbruck Airport (Kranebitten Airport),47.2602,11.344,Europe,Southern Europe,Greece,KLX,GR,Peloponnisos,Kalamata International Airport,37.0683,22.0255
7968,LOWI,LGKO,1,Europe,Central Europe,Austria,INN,AT,Tirol,Innsbruck Airport (Kranebitten Airport),47.2602,11.344,Europe,Southern Europe,Greece,KGS,GR,Notio Aigaio,Kos Island International Airport,36.7933,27.0917
7969,LOWI,LIEO,1,Europe,Central Europe,Austria,INN,AT,Tirol,Innsbruck Airport (Kranebitten Airport),47.2602,11.344,Europe,Southern Europe,Italy,OLB,IT,Sardegna,Olbia Costa Smeralda Airport,40.8987,9.51763
7970,LOWI,LOWG,1,Europe,Central Europe,Austria,INN,AT,Tirol,Innsbruck Airport (Kranebitten Airport),47.2602,11.344,Europe,Central Europe,Austria,GRZ,AT,Steiermark,Graz Airport,46.9911,15.4396
7971,LOWI,LOWI,1,Europe,Central Europe,Austria,INN,AT,Tirol,Innsbruck Airport (Kranebitten Airport),47.2602,11.344,Europe,Central Europe,Austria,INN,AT,Tirol,Innsbruck Airport (Kranebitten Airport),47.2602,11.344
7972,LOWI,LOWS,1,Europe,Central Europe,Austria,INN,AT,Tirol,Innsbruck Airport (Kranebitten Airport),47.2602,11.344,Europe,Central Europe,Austria,SZG,AT,Salzburg,Salzburg Airport,47.7933,13.0043
7973,LOWI,LOWW,1,Europe,Central Europe,Austria,INN,AT,Tirol,Innsbruck Airport (Kranebitten Airport),47.2602,11.344,Europe,Central Europe,Austria,VIE,AT,Niederosterreich,Vienna International Airport,48.1103,16.5697
7974,LOWI,LSZB,1,Europe,Central Europe,Austria,INN,AT,Tirol,Innsbruck Airport (Kranebitten Airport),47.2602,11.344,Europe,Central Europe,Switzerland,BRN,CH,Bern,Bern Airport,46.9141,7.49715
7975,LOWK,EDDK,3,Europe,Central Europe,Austria,KLU,AT,Karnten,Klagenfurt Airport,46.6425,14.3377,Europe,Central Europe,Germany,CGN,DE,Nordrhein-Westfalen,Cologne Bonn Airport,50.8659,7.14274
7976,LOWK,EDDV,1,Europe,Central Europe,Austria,KLU,AT,Karnten,Klagenfurt Airport,46.6425,14.3377,Europe,Central Europe,Germany,HAJ,DE,Niedersachsen,Hannover Airport,52.4611,9.68508
7977,LOWK,EGSS,1,Europe,Central Europe,Austria,KLU,AT,Karnten,Klagenfurt Airport,46.6425,14.3377,Europe,United Kingdom,England,STN,GB,England,London Stansted Airport,51.885,0.235
7979,LOWK,LEPA,1,Europe,Central Europe,Austria,KLU,AT,Karnten,Klagenfurt Airport,46.6425,14.3377,Europe,Southern Europe,Spain,PMI,ES,Illes Balears,Palma de Mallorca Airport,39.5517,2.73881
7980,LOWK,LGTS,1,Europe,Central Europe,Austria,KLU,AT,Karnten,Klagenfurt Airport,46.6425,14.3377,Europe,Southern Europe,Greece,SKG,GR,Kentriki Makedonia,Thessaloniki Airport,40.5197,22.9709
7981,LOWK,LIPO,1,Europe,Central Europe,Austria,KLU,AT,Karnten,Klagenfurt Airport,46.6425,14.3377,Europe,Southern Europe,Italy,VBS,IT,Lombardia,Brescia Airport (Gabriele D'Annunzio Airport),45.4289,10.3306
7982,LOWK,LOWW,3,Europe,Central Europe,Austria,KLU,AT,Karnten,Klagenfurt Airport,46.6425,14.3377,Europe,Central Europe,Austria,VIE,AT,Niederosterreich,Vienna International Airport,48.1103,16.5697
7984,LOWL,EDNY,1,Europe,Central Europe,Austria,LNZ,AT,Oberosterreich,Linz Airport (Blue Danube Airport),48.2332,14.1875,Europe,Central Europe,Germany,FDH,DE,Baden-Wurttemberg,Friedrichshafen Airport (Bodensee Airport),47.6713,9.51149
7988,LOWL,LGRP,7,Europe,Central Europe,Austria,LNZ,AT,Oberosterreich,Linz Airport (Blue Danube Airport),48.2332,14.1875,Europe,Southern Europe,Greece,RHO,GR,Notio Aigaio,Rhodes International Airport,36.4054,28.0862
7989,LOWL,LKCS,1,Europe,Central Europe,Austria,LNZ,AT,Oberosterreich,Linz Airport (Blue Danube Airport),48.2332,14.1875,Europe,Central Europe,Czech Republic,JCL,CZ,Jihocesky kraj,Ceske Budejovice Airport (Plana Airport),48.9464,14.4275
7990,LOWL,LOWS,1,Europe,Central Europe,Austria,LNZ,AT,Oberosterreich,Linz Airport (Blue Danube Airport),48.2332,14.1875,Europe,Central Europe,Austria,SZG,AT,Salzburg,Salzburg Airport,47.7933,13.0043
7991,LOWL,LSGG,1,Europe,Central Europe,Austria,LNZ,AT,Oberosterreich,Linz Airport (Blue Danube Airport),48.2332,14.1875,Europe,Central Europe,Switzerland,GVA,CH,Geneve,Geneva Airport,46.2381,6.10895
7992,LOWS,EDDK,1,Europe,Central Europe,Austria,SZG,AT,Salzburg,Salzburg Airport,47.7933,13.0043,Europe,Central Europe,Germany,CGN,DE,Nordrhein-Westfalen,Cologne Bonn Airport,50.8659,7.14274
7993,LOWS,EDDL,2,Europe,Central Europe,Austria,SZG,AT,Salzburg,Salzburg Airport,47.7933,13.0043,Europe,Central Europe,Germany,DUS,DE,Nordrhein-Westfalen,Dusseldorf Airport,51.2895,6.76678
7994,LOWS,EDDN,1,Europe,Central Europe,Austria,SZG,AT,Salzburg,Salzburg Airport,47.7933,13.0043,Europe,Central Europe,Germany,NUE,DE,Bayern,Nuremberg Airport,49.4987,11.0781
7995,LOWS,EDNY,1,Europe,Central Europe,Austria,SZG,AT,Salzburg,Salzburg Airport,47.7933,13.0043,Europe,Central Europe,Germany,FDH,DE,Baden-Wurttemberg,Friedrichshafen Airport (Bodensee Airport),47.6713,9.51149
7996,LOWS,EDSB,1,Europe,Central Europe,Austria,SZG,AT,Salzburg,Salzburg Airport,47.7933,13.0043,Europe,Central Europe,Germany,FKB,DE,Baden-Wurttemberg,Karlsruhe/Baden-Baden Airport,48.7794,8.0805
7997,LOWS,EGBB,1,Europe,Central Europe,Austria,SZG,AT,Salzburg,Salzburg Airport,47.7933,13.0043,Europe,United Kingdom,England,BHX,GB,England,Birmingham Airport,52.4539,-1.74803
7998,LOWS,EGJJ,1,Europe,Central Europe,Austria,SZG,AT,Salzburg,Salzburg Airport,47.7933,13.0043,Europe,Western Europe,Jersey,JER,JE,Jersey,Jersey Airport,49.2081,-2.19528
7999,LOWS,EGSS,1,Europe,Central Europe,Austria,SZG,AT,Salzburg,Salzburg Airport,47.7933,13.0043,Europe,United Kingdom,England,STN,GB,England,London Stansted Airport,51.885,0.235
8004,LOWS,LDSB,1,Europe,Central Europe,Austria,SZG,AT,Salzburg,Salzburg Airport,47.7933,13.0043,Europe,Southern Europe,Croatia,BWK,HR,Splitsko-dalmatinska zupanija,Bol Airport (Brac Airport),43.2857,16.6797
8005,LOWS,LEPA,2,Europe,Central Europe,Austria,SZG,AT,Salzburg,Salzburg Airport,47.7933,13.0043,Europe,Southern Europe,Spain,PMI,ES,Illes Balears,Palma de Mallorca Airport,39.5517,2.73881
8006,LOWS,LFLB,1,Europe,Central Europe,Austria,SZG,AT,Salzburg,Salzburg Airport,47.7933,13.0043,Europe,Western Europe,France,CMF,FR,Auvergne-Rhone-Alpes,Chambery-Savoie Airport,45.6381,5.88023
8007,LOWS,LFMN,1,Europe,Central Europe,Austria,SZG,AT,Salzburg,Salzburg Airport,47.7933,13.0043,Europe,Western Europe,France,NCE,FR,Provence-Alpes-Cote-d'Azur,Nice Cote d'Azur Airport,43.6584,7.21587
8008,LOWS,LGIR,1,Europe,Central Europe,Austria,SZG,AT,Salzburg,Salzburg Airport,47.7933,13.0043,Europe,Southern Europe,Greece,HER,GR,Kriti,Heraklion International Airport (Nikos Kazantzakis Airport),35.3397,25.1803
8009,LOWS,LGKO,1,Europe,Central Europe,Austria,SZG,AT,Salzburg,Salzburg Airport,47.7933,13.0043,Europe,Southern Europe,Greece,KGS,GR,Notio Aigaio,Kos Island International Airport,36.7933,27.0917
8010,LOWS,LGRP,1,Europe,Central Europe,Austria,SZG,AT,Salzburg,Salzburg Airport,47.7933,13.0043,Europe,Southern Europe,Greece,RHO,GR,Notio Aigaio,Rhodes International Airport,36.4054,28.0862
8011,LOWS,LGZA,1,Europe,Central Europe,Austria,SZG,AT,Salzburg,Salzburg Airport,47.7933,13.0043,Europe,Southern Europe,Greece,ZTH,GR,Ionia Nisia,Zakynthos International Airport (Dionysios SolomosAirport),37.7509,20.8843
8012,LOWS,LIEO,1,Europe,Central Europe,Austria,SZG,AT,Salzburg,Salzburg Airport,47.7933,13.0043,Europe,Southern Europe,Italy,OLB,IT,Sardegna,Olbia Costa Smeralda Airport,40.8987,9.51763
8013,LOWS,LIPZ,2,Europe,Central Europe,Austria,SZG,AT,Salzburg,Salzburg Airport,47.7933,13.0043,Europe,Southern Europe,Italy,VCE,IT,Veneto,Venice Marco Polo Airport,45.5053,12.3519
8015,LOWS,LOWI,1,Europe,Central Europe,Austria,SZG,AT,Salzburg,Salzburg Airport,47.7933,13.0043,Europe,Central Europe,Austria,INN,AT,Tirol,Innsbruck Airport (Kranebitten Airport),47.2602,11.344
8016,LOWS,LSGG,2,Europe,Central Europe,Austria,SZG,AT,Salzburg,Salzburg Airport,47.7933,13.0043,Europe,Central Europe,Switzerland,GVA,CH,Geneve,Geneva Airport,46.2381,6.10895
8017,LOWS,LSZR,1,Europe,Central Europe,Austria,SZG,AT,Salzburg,Salzburg Airport,47.7933,13.0043,Europe,Central Europe,Switzerland,ACH,CH,Sankt Gallen,St. Gallen-Altenrhein Airport,47.485,9.56077
8025,LOWW,EBBR,1,Europe,Central Europe,Austria,VIE,AT,Niederosterreich,Vienna International Airport,48.1103,16.5697,Europe,Western Europe,Belgium,BRU,BE,Brussels Hoofdstedelijk Gewest,Brussels Airport (Zaventem Airport),50.9014,4.48444
8026,LOWW,EDDF,7,Europe,Central Europe,Austria,VIE,AT,Niederosterreich,Vienna International Airport,48.1103,16.5697,Europe,Central Europe,Germany,FRA,DE,Hessen,Frankfurt Airport,50.0333,8.57056
8027,LOWW,EDDK,1,Europe,Central Europe,Austria,VIE,AT,Niederosterreich,Vienna International Airport,48.1103,16.5697,Europe,Central Europe,Germany,CGN,DE,Nordrhein-Westfalen,Cologne Bonn Airport,50.8659,7.14274
8028,LOWW,EDDM,4,Europe,Central Europe,Austria,VIE,AT,Niederosterreich,Vienna International Airport,48.1103,16.5697,Europe,Central Europe,Germany,MUC,DE,Bayern,Munich Airport,48.3538,11.7861
8029,LOWW,EDDN,1,Europe,Central Europe,Austria,VIE,AT,Niederosterreich,Vienna International Airport,48.1103,16.5697,Europe,Central Europe,Germany,NUE,DE,Bayern,Nuremberg Airport,49.4987,11.0781
8030,LOWW,EDDS,2,Europe,Central Europe,Austria,VIE,AT,Niederosterreich,Vienna International Airport,48.1103,16.5697,Europe,Central Europe,Germany,STR,DE,Baden-Wurttemberg,Stuttgart Airport,48.6899,9.22196
8031,LOWW,EDDV,1,Europe,Central Europe,Austria,VIE,AT,Niederosterreich,Vienna International Airport,48.1103,16.5697,Europe,Central Europe,Germany,HAJ,DE,Niedersachsen,Hannover Airport,52.4611,9.68508
8032,LOWW,EGKK,2,Europe,Central Europe,Austria,VIE,AT,Niederosterreich,Vienna International Airport,48.1103,16.5697,Europe,United Kingdom,England,LGW,GB,England,Gatwick Airport,51.1481,-0.190278
8033,LOWW,EGLL,4,Europe,Central Europe,Austria,VIE,AT,Niederosterreich,Vienna International Airport,48.1103,16.5697,Europe,United Kingdom,England,LHR,GB,England,Heathrow Airport,51.4775,-0.461389
8034,LOWW,EGPH,2,Europe,Central Europe,Austria,VIE,AT,Niederosterreich,Vienna International Airport,48.1103,16.5697,Europe,United Kingdom,Scotland,EDI,GB,Scotland,Edinburgh Airport,55.95,-3.3725
8035,LOWW,EKCH,1,Europe,Central Europe,Austria,VIE,AT,Niederosterreich,Vienna International Airport,48.1103,16.5697,Europe,Nordic Region,Denmark,CPH,DK,Hovedstaden,Copenhagen Airport,55.6179,12.656
8036,LOWW,ENGM,1,Europe,Central Europe,Austria,VIE,AT,Niederosterreich,Vienna International Airport,48.1103,16.5697,Europe,Nordic Region,Norway,OSL,NO,Akershus,Oslo Airport,60.1939,11.1004
8037,LOWW,EPWA,1,Europe,Central Europe,Austria,VIE,AT,Niederosterreich,Vienna International Airport,48.1103,16.5697,Europe,Central Europe,Poland,WAW,PL,Mazowieckie,Warsaw Chopin Airport,52.1657,20.9671
8038,LOWW,EYVI,1,Europe,Central Europe,Austria,VIE,AT,Niederosterreich,Vienna International Airport,48.1103,16.5697,Europe,Nordic Region,Lithuania,VNO,LT,-,Vilnius Airport,54.6341,25.2858
8057,LOWW,LDSP,1,Europe,Central Europe,Austria,VIE,AT,Niederosterreich,Vienna International Airport,48.1103,16.5697,Europe,Southern Europe,Croatia,SPU,HR,Splitsko-dalmatinska zupanija,Split Airport,43.5389,16.298
8058,LOWW,LDZD,1,Europe,Central Europe,Austria,VIE,AT,Niederosterreich,Vienna International Airport,48.1103,16.5697,Europe,Southern Europe,Croatia,ZAD,HR,Zadarska zupanija,Zadar Airport,44.1083,15.3467
8059,LOWW,LEBL,2,Europe,Central Europe,Austria,VIE,AT,Niederosterreich,Vienna International Airport,48.1103,16.5697,Europe,Southern Europe,Spain,BCN,ES,Catalunya,Barcelona El Prat Airport,41.2971,2.07846
8060,LOWW,LEIB,3,Europe,Central Europe,Austria,VIE,AT,Niederosterreich,Vienna International Airport,48.1103,16.5697,Europe,Southern Europe,Spain,IBZ,ES,Illes Balears,Ibiza Airport,38.8729,1.37312
8061,LOWW,LEPA,1,Europe,Central Europe,Austria,VIE,AT,Niederosterreich,Vienna International Airport,48.1103,16.5697,Europe,Southern Europe,Spain,PMI,ES,Illes Balears,Palma de Mallorca Airport,39.5517,2.73881
8062,LOWW,LFKB,1,Europe,Central Europe,Austria,VIE,AT,Niederosterreich,Vienna International Airport,48.1103,16.5697,Europe,Western Europe,France,BIA,FR,Corse,Bastia - Poretta Airport,42.5527,9.48373
8063,LOWW,LFMN,1,Europe,Central Europe,Austria,VIE,AT,Niederosterreich,Vienna International Airport,48.1103,16.5697,Europe,Western Europe,France,NCE,FR,Provence-Alpes-Cote-d'Azur,Nice Cote d'Azur Airport,43.6584,7.21587
8064,LOWW,LGAV,2,Europe,Central Europe,Austria,VIE,AT,Niederosterreich,Vienna International Airport,48.1103,16.5697,Europe,Southern Europe,Greece,ATH,GR,Attiki,Athens International Airport (Eleftherios Venizelos Airport),37.9364,23.9445
8065,LOWW,LGIR,3,Europe,Central Europe,Austria,VIE,AT,Niederosterreich,Vienna International Airport,48.1103,16.5697,Europe,Southern Europe,Greece,HER,GR,Kriti,Heraklion International Airport (Nikos Kazantzakis Airport),35.3397,25.1803
8066,LOWW,LGKO,3,Europe,Central Europe,Austria,VIE,AT,Niederosterreich,Vienna International Airport,48.1103,16.5697,Europe,Southern Europe,Greece,KGS,GR,Notio Aigaio,Kos Island International Airport,36.7933,27.0917
8067,LOWW,LGRP,4,Europe,Central Europe,Austria,VIE,AT,Niederosterreich,Vienna International Airport,48.1103,16.5697,Europe,Southern Europe,Greece,RHO,GR,Notio Aigaio,Rhodes International Airport,36.4054,28.0862
8068,LOWW,LHBP,1,Europe,Central Europe,Austria,VIE,AT,Niederosterreich,Vienna International Airport,48.1103,16.5697,Europe,Central Europe,Hungary,BUD,HU,Budapest,Budapest Ferenc Liszt International Airport,47.4298,19.2611
8069,LOWW,LIBD,3,Europe,Central Europe,Austria,VIE,AT,Niederosterreich,Vienna International Airport,48.1103,16.5697,Europe,Southern Europe,Italy,BRI,IT,Puglia,Bari Karol Wojtyla Airport,41.1389,16.7606
8070,LOWW,LIEO,1,Europe,Central Europe,Austria,VIE,AT,Niederosterreich,Vienna International Airport,48.1103,16.5697,Europe,Southern Europe,Italy,OLB,IT,Sardegna,Olbia Costa Smeralda Airport,40.8987,9.51763
8071,LOWW,LIME,1,Europe,Central Europe,Austria,VIE,AT,Niederosterreich,Vienna International Airport,48.1103,16.5697,Europe,Southern Europe,Italy,BGY,IT,Lombardia,Milan Bergamo Airport,45.66546,9.69948
8072,LOWW,LIPR,2,Europe,Central Europe,Austria,VIE,AT,Niederosterreich,Vienna International Airport,48.1103,16.5697,Europe,Southern Europe,Italy,RMI,IT,Emilia-Romagna,Federico Fellini International Airport,44.0203,12.6117
8073,LOWW,LKCS,1,Europe,Central Europe,Austria,VIE,AT,Niederosterreich,Vienna International Airport,48.1103,16.5697,Europe,Central Europe,Czech Republic,JCL,CZ,Jihocesky kraj,Ceske Budejovice Airport (Plana Airport),48.9464,14.4275
8074,LOWW,LOWG,2,Europe,Central Europe,Austria,VIE,AT,Niederosterreich,Vienna International Airport,48.1103,16.5697,Europe,Central Europe,Austria,GRZ,AT,Steiermark,Graz Airport,46.9911,15.4396
8075,LOWW,LOWI,2,Europe,Central Europe,Austria,VIE,AT,Niederosterreich,Vienna International Airport,48.1103,16.5697,Europe,Central Europe,Austria,INN,AT,Tirol,Innsbruck Airport (Kranebitten Airport),47.2602,11.344
8076,LOWW,LOWK,2,Europe,Central Europe,Austria,VIE,AT,Niederosterreich,Vienna International Airport,48.1103,16.5697,Europe,Central Europe,Austria,KLU,AT,Karnten,Klagenfurt Airport,46.6425,14.3377
8077,LOWW,LOWW,1,Europe,Central Europe,Austria,VIE,AT,Niederosterreich,Vienna International Airport,48.1103,16.5697,Europe,Central Europe,Austria,VIE,AT,Niederosterreich,Vienna International Airport,48.1103,16.5697
8078,LOWW,LPPR,1,Europe,Central Europe,Austria,VIE,AT,Niederosterreich,Vienna International Airport,48.1103,16.5697,Europe,Southern Europe,Portugal,OPO,PT,Porto,Francisco Sá Carneiro Airport,41.2356,-8.67806
8079,LOWW,LPPT,1,Europe,Central Europe,Austria,VIE,AT,Niederosterreich,Vienna International Airport,48.1103,16.5697,Europe,Southern Europe,Portugal,LIS,PT,Lisboa,Lisbon Portela Airport,38.7813,-9.13592
8080,LOWW,LQTZ,1,Europe,Central Europe,Austria,VIE,AT,Niederosterreich,Vienna International Airport,48.1103,16.5697,Europe,Eastern Europe,Bosnia and Herzegovina,TZL,BA,Federacija Bosne i Hercegovine,Tuzla International Airport,44.4587,18.7248
8081,LOWW,LRIA,1,Europe,Central Europe,Austria,VIE,AT,Niederosterreich,Vienna International Airport,48.1103,16.5697,Europe,Eastern Europe,Romania,IAS,RO,Iasi,Iasi International Airport,47.1785,27.6206
8082,LOWW,LROP,2,Europe,Central Europe,Austria,VIE,AT,Niederosterreich,Vienna International Airport,48.1103,16.5697,Europe,Eastern Europe,Romania,OTP,RO,Ilfov,Bucharest Henri Coandă International Airport,44.5711,26.085
8083,LOWW,LSGG,2,Europe,Central Europe,Austria,VIE,AT,Niederosterreich,Vienna International Airport,48.1103,16.5697,Europe,Central Europe,Switzerland,GVA,CH,Geneve,Geneva Airport,46.2381,6.10895
8084,LOWW,LSZB,1,Europe,Central Europe,Austria,VIE,AT,Niederosterreich,Vienna International Airport,48.1103,16.5697,Europe,Central Europe,Switzerland,BRN,CH,Bern,Bern Airport,46.9141,7.49715
8085,LOWW,LSZH,1,Europe,Central Europe,Austria,VIE,AT,Niederosterreich,Vienna International Airport,48.1103,16.5697,Europe,Central Europe,Switzerland,ZRH,CH,Zurich,Zurich Airport,47.4647,8.54917
8086,LOWW,LSZR,1,Europe,Central Europe,Austria,VIE,AT,Niederosterreich,Vienna International Airport,48.1103,16.5697,Europe,Central Europe,Switzerland,ACH,CH,Sankt Gallen,St. Gallen-Altenrhein Airport,47.485,9.56077
8089,LOWW,LWSK,1,Europe,Central Europe,Austria,VIE,AT,Niederosterreich,Vienna International Airport,48.1103,16.5697,Europe,Eastern Europe,North Macedonia,SKP,MK,Skopje,Skopje Alexander the Great Airport,41.9616,21.6214
8114,LPBJ,BIKF,1,Europe,Southern Europe,Portugal,BYJ,PT,Beja,Beja Airport,38.0789,-7.9324,Europe,Nordic Region,Iceland,KEF,IS,Sudurnes,Keflavík International Airport,63.985,-22.6056
8117,LPBJ,EGPF,1,Europe,Southern Europe,Portugal,BYJ,PT,Beja,Beja Airport,38.0789,-7.9324,Europe,United Kingdom,Scotland,GLA,GB,Scotland,Glasgow Airport,55.8719,-4.43306
8118,LPBJ,ESSA,1,Europe,Southern Europe,Portugal,BYJ,PT,Beja,Beja Airport,38.0789,-7.9324,Europe,Nordic Region,Sweden,ARN,SE,Stockholms lan,Stockholm Arlanda Airport,59.6519,17.9186
8125,LPBJ,LFML,1,Europe,Southern Europe,Portugal,BYJ,PT,Beja,Beja Airport,38.0789,-7.9324,Europe,Western Europe,France,MRS,FR,Provence-Alpes-Cote-d'Azur,Marseille Provence Airport,43.4393,5.22142
8126,LPBJ,LIMJ,1,Europe,Southern Europe,Portugal,BYJ,PT,Beja,Beja Airport,38.0789,-7.9324,Europe,Southern Europe,Italy,GOA,IT,Liguria,Genoa Cristoforo Colombo Airport,44.4133,8.8375
8127,LPBJ,LPPR,2,Europe,Southern Europe,Portugal,BYJ,PT,Beja,Beja Airport,38.0789,-7.9324,Europe,Southern Europe,Portugal,OPO,PT,Porto,Francisco Sá Carneiro Airport,41.2356,-8.67806
8130,LPFR,EBBR,2,Europe,Southern Europe,Portugal,FAO,PT,Faro,Faro Airport,37.0144,-7.96591,Europe,Western Europe,Belgium,BRU,BE,Brussels Hoofdstedelijk Gewest,Brussels Airport (Zaventem Airport),50.9014,4.48444
8131,LPFR,EDDL,4,Europe,Southern Europe,Portugal,FAO,PT,Faro,Faro Airport,37.0144,-7.96591,Europe,Central Europe,Germany,DUS,DE,Nordrhein-Westfalen,Dusseldorf Airport,51.2895,6.76678
8132,LPFR,EDDS,1,Europe,Southern Europe,Portugal,FAO,PT,Faro,Faro Airport,37.0144,-7.96591,Europe,Central Europe,Germany,STR,DE,Baden-Wurttemberg,Stuttgart Airport,48.6899,9.22196
8133,LPFR,EDDV,1,Europe,Southern Europe,Portugal,FAO,PT,Faro,Faro Airport,37.0144,-7.96591,Europe,Central Europe,Germany,HAJ,DE,Niedersachsen,Hannover Airport,52.4611,9.68508
8134,LPFR,EFHK,1,Europe,Southern Europe,Portugal,FAO,PT,Faro,Faro Airport,37.0144,-7.96591,Europe,Nordic Region,Finland,HEL,FI,Uusimaa,Helsinki Airport (Helsinki-Vantaa Airport),60.3172,24.9633
8135,LPFR,EGAA,1,Europe,Southern Europe,Portugal,FAO,PT,Faro,Faro Airport,37.0144,-7.96591,Europe,United Kingdom,Northern Ireland,BFS,GB,Northern Ireland,Belfast International Airport,54.6575,-6.21583
8136,LPFR,EGBB,1,Europe,Southern Europe,Portugal,FAO,PT,Faro,Faro Airport,37.0144,-7.96591,Europe,United Kingdom,England,BHX,GB,England,Birmingham Airport,52.4539,-1.74803
8137,LPFR,EGCC,4,Europe,Southern Europe,Portugal,FAO,PT,Faro,Faro Airport,37.0144,-7.96591,Europe,United Kingdom,England,MAN,GB,England,Manchester Airport,53.3537,-2.27495
8138,LPFR,EGFF,1,Europe,Southern Europe,Portugal,FAO,PT,Faro,Faro Airport,37.0144,-7.96591,Europe,United Kingdom,Wales,CWL,GB,Wales,Cardiff Airport,51.3967,-3.34333
8139,LPFR,EGGW,1,Europe,Southern Europe,Portugal,FAO,PT,Faro,Faro Airport,37.0144,-7.96591,Europe,United Kingdom,England,LTN,GB,England,London Luton Airport,51.8747,-0.368333
8140,LPFR,EGHH,1,Europe,Southern Europe,Portugal,FAO,PT,Faro,Faro Airport,37.0144,-7.96591,Europe,United Kingdom,England,BOH,GB,England,Bournemouth Airport,50.78,-1.8425
8141,LPFR,EGNT,2,Europe,Southern Europe,Portugal,FAO,PT,Faro,Faro Airport,37.0144,-7.96591,Europe,United Kingdom,England,NCL,GB,England,Newcastle Airport,55.0375,-1.69167
8142,LPFR,EGPH,1,Europe,Southern Europe,Portugal,FAO,PT,Faro,Faro Airport,37.0144,-7.96591,Europe,United Kingdom,Scotland,EDI,GB,Scotland,Edinburgh Airport,55.95,-3.3725
8143,LPFR,EGSS,1,Europe,Southern Europe,Portugal,FAO,PT,Faro,Faro Airport,37.0144,-7.96591,Europe,United Kingdom,England,STN,GB,England,London Stansted Airport,51.885,0.235
8144,LPFR,EHAM,1,Europe,Southern Europe,Portugal,FAO,PT,Faro,Faro Airport,37.0144,-7.96591,Europe,Western Europe,Netherlands,AMS,NL,Noord-Holland,Amsterdam Airport Schiphol,52.3086,4.76389
8145,LPFR,EHRD,1,Europe,Southern Europe,Portugal,FAO,PT,Faro,Faro Airport,37.0144,-7.96591,Europe,Western Europe,Netherlands,RTM,NL,Zuid-Holland,Rotterdam The Hague Airport,51.9569,4.43722
8146,LPFR,EIKN,1,Europe,Southern Europe,Portugal,FAO,PT,Faro,Faro Airport,37.0144,-7.96591,Europe,Western Europe,Ireland,NOC,IE,Mayo,Ireland West Airport Knock,53.9103,-8.81849
8147,LPFR,EIKY,1,Europe,Southern Europe,Portugal,FAO,PT,Faro,Faro Airport,37.0144,-7.96591,Europe,Western Europe,Ireland,KIR,IE,Kerry,Kerry Airport (Farranfore Airport),52.1809,-9.52378
8148,LPFR,ELLX,1,Europe,Southern Europe,Portugal,FAO,PT,Faro,Faro Airport,37.0144,-7.96591,Europe,Western Europe,Luxembourg,LUX,LU,Luxembourg,Luxembourg Findel Airport,49.6233,6.20444
8149,LPFR,EPWA,1,Europe,Southern Europe,Portugal,FAO,PT,Faro,Faro Airport,37.0144,-7.96591,Europe,Central Europe,Poland,WAW,PL,Mazowieckie,Warsaw Chopin Airport,52.1657,20.9671
8156,LPFR,LEIB,1,Europe,Southern Europe,Portugal,FAO,PT,Faro,Faro Airport,37.0144,-7.96591,Europe,Southern Europe,Spain,IBZ,ES,Illes Balears,Ibiza Airport,38.8729,1.37312
8157,LPFR,LEMG,1,Europe,Southern Europe,Portugal,FAO,PT,Faro,Faro Airport,37.0144,-7.96591,Europe,Southern Europe,Spain,AGP,ES,Andalucia,Malaga Airport,36.6749,-4.49911
8158,LPFR,LFML,1,Europe,Southern Europe,Portugal,FAO,PT,Faro,Faro Airport,37.0144,-7.96591,Europe,Western Europe,France,MRS,FR,Provence-Alpes-Cote-d'Azur,Marseille Provence Airport,43.4393,5.22142
8159,LPFR,LFQQ,1,Europe,Southern Europe,Portugal,FAO,PT,Faro,Faro Airport,37.0144,-7.96591,Europe,Western Europe,France,LIL,FR,Hauts-de-France,Lille Airport (Lille-Lesquin Airport),50.5633,3.08689
8160,LPFR,LFSB,1,Europe,Southern Europe,Portugal,FAO,PT,Faro,Faro Airport,37.0144,-7.96591,Europe,Western Europe,France,BSL,CH,Basel-City,EuroAirport Basel Mulhouse Freiburg,47.59,7.52916
8161,LPFR,LFSB,1,Europe,Southern Europe,Portugal,FAO,PT,Faro,Faro Airport,37.0144,-7.96591,Europe,Central Europe,Switzerland,BSL,CH,Basel-City,EuroAirport Basel Mulhouse Freiburg,47.59,7.52916
8162,LPFR,LFST,1,Europe,Southern Europe,Portugal,FAO,PT,Faro,Faro Airport,37.0144,-7.96591,Europe,Western Europe,France,SXB,FR,Grand-Est,Strasbourg Airport,48.5383,7.62823
8163,LPFR,LPPT,1,Europe,Southern Europe,Portugal,FAO,PT,Faro,Faro Airport,37.0144,-7.96591,Europe,Southern Europe,Portugal,LIS,PT,Lisboa,Lisbon Portela Airport,38.7813,-9.13592
8164,LPFR,LSZB,1,Europe,Southern Europe,Portugal,FAO,PT,Faro,Faro Airport,37.0144,-7.96591,Europe,Central Europe,Switzerland,BRN,CH,Bern,Bern Airport,46.9141,7.49715
8165,LPFR,LSZH,1,Europe,Southern Europe,Portugal,FAO,PT,Faro,Faro Airport,37.0144,-7.96591,Europe,Central Europe,Switzerland,ZRH,CH,Zurich,Zurich Airport,47.4647,8.54917
8176,LPLA,LIME,1,Europe,Southern Europe,Portugal,TER,PT,Regiao Autonoma dos Acores,Lajes Field,38.7618,-27.0908,Europe,Southern Europe,Italy,BGY,IT,Lombardia,Milan Bergamo Airport,45.66546,9.69948
8177,LPLA,LPPT,1,Europe,Southern Europe,Portugal,TER,PT,Regiao Autonoma dos Acores,Lajes Field,38.7618,-27.0908,Europe,Southern Europe,Portugal,LIS,PT,Lisboa,Lisbon Portela Airport,38.7813,-9.13592
8178,LPMA,EBBR,1,Europe,Southern Europe,Portugal,FNC,PT,Regiao Autonoma da Madeira,Madeira Airport,32.6979,-16.7745,Europe,Western Europe,Belgium,BRU,BE,Brussels Hoofdstedelijk Gewest,Brussels Airport (Zaventem Airport),50.9014,4.48444
8179,LPMA,EDDF,1,Europe,Southern Europe,Portugal,FNC,PT,Regiao Autonoma da Madeira,Madeira Airport,32.6979,-16.7745,Europe,Central Europe,Germany,FRA,DE,Hessen,Frankfurt Airport,50.0333,8.57056
8180,LPMA,EDDL,4,Europe,Southern Europe,Portugal,FNC,PT,Regiao Autonoma da Madeira,Madeira Airport,32.6979,-16.7745,Europe,Central Europe,Germany,DUS,DE,Nordrhein-Westfalen,Dusseldorf Airport,51.2895,6.76678
8181,LPMA,EDDM,6,Europe,Southern Europe,Portugal,FNC,PT,Regiao Autonoma da Madeira,Madeira Airport,32.6979,-16.7745,Europe,Central Europe,Germany,MUC,DE,Bayern,Munich Airport,48.3538,11.7861
8182,LPMA,EDDN,2,Europe,Southern Europe,Portugal,FNC,PT,Regiao Autonoma da Madeira,Madeira Airport,32.6979,-16.7745,Europe,Central Europe,Germany,NUE,DE,Bayern,Nuremberg Airport,49.4987,11.0781
8183,LPMA,EGCC,2,Europe,Southern Europe,Portugal,FNC,PT,Regiao Autonoma da Madeira,Madeira Airport,32.6979,-16.7745,Europe,United Kingdom,England,MAN,GB,England,Manchester Airport,53.3537,-2.27495
8184,LPMA,EGHH,1,Europe,Southern Europe,Portugal,FNC,PT,Regiao Autonoma da Madeira,Madeira Airport,32.6979,-16.7745,Europe,United Kingdom,England,BOH,GB,England,Bournemouth Airport,50.78,-1.8425
8185,LPMA,EGSS,1,Europe,Southern Europe,Portugal,FNC,PT,Regiao Autonoma da Madeira,Madeira Airport,32.6979,-16.7745,Europe,United Kingdom,England,STN,GB,England,London Stansted Airport,51.885,0.235
8186,LPMA,EPKT,1,Europe,Southern Europe,Portugal,FNC,PT,Regiao Autonoma da Madeira,Madeira Airport,32.6979,-16.7745,Europe,Central Europe,Poland,KTW,PL,Slaskie,Katowice International Airport,50.4743,19.08
8187,LPMA,EPWA,2,Europe,Southern Europe,Portugal,FNC,PT,Regiao Autonoma da Madeira,Madeira Airport,32.6979,-16.7745,Europe,Central Europe,Poland,WAW,PL,Mazowieckie,Warsaw Chopin Airport,52.1657,20.9671
8190,LPMA,LFBL,1,Europe,Southern Europe,Portugal,FNC,PT,Regiao Autonoma da Madeira,Madeira Airport,32.6979,-16.7745,Europe,Western Europe,France,LIG,FR,Nouvelle-Aquitaine,Limoges - Bellegarde Airport,45.8628,1.17944
8191,LPMA,LPPR,2,Europe,Southern Europe,Portugal,FNC,PT,Regiao Autonoma da Madeira,Madeira Airport,32.6979,-16.7745,Europe,Southern Europe,Portugal,OPO,PT,Porto,Francisco Sá Carneiro Airport,41.2356,-8.67806
8192,LPMA,LPPS,1,Europe,Southern Europe,Portugal,FNC,PT,Regiao Autonoma da Madeira,Madeira Airport,32.6979,-16.7745,Europe,Southern Europe,Portugal,PXO,PT,Regiao Autonoma da Madeira,Porto Santo Airport,33.0734,-16.35
8193,LPMA,LPPT,4,Europe,Southern Europe,Portugal,FNC,PT,Regiao Autonoma da Madeira,Madeira Airport,32.6979,-16.7745,Europe,Southern Europe,Portugal,LIS,PT,Lisboa,Lisbon Portela Airport,38.7813,-9.13592
8197,LPPD,EHAM,2,Europe,Southern Europe,Portugal,PDL,PT,Regiao Autonoma dos Acores,Joao Paulo II Airport,37.7412,-25.6979,Europe,Western Europe,Netherlands,AMS,NL,Noord-Holland,Amsterdam Airport Schiphol,52.3086,4.76389
8198,LPPD,GCRR,1,Europe,Southern Europe,Portugal,PDL,PT,Regiao Autonoma dos Acores,Joao Paulo II Airport,37.7412,-25.6979,Europe,Southern Europe,Spain,ACE,ES,Canarias,Lanzarote Airport,28.9455,-13.6052
8206,LPPD,LEBL,1,Europe,Southern Europe,Portugal,PDL,PT,Regiao Autonoma dos Acores,Joao Paulo II Airport,37.7412,-25.6979,Europe,Southern Europe,Spain,BCN,ES,Catalunya,Barcelona El Prat Airport,41.2971,2.07846
8207,LPPD,LPMA,1,Europe,Southern Europe,Portugal,PDL,PT,Regiao Autonoma dos Acores,Joao Paulo II Airport,37.7412,-25.6979,Europe,Southern Europe,Portugal,FNC,PT,Regiao Autonoma da Madeira,Madeira Airport,32.6979,-16.7745
8208,LPPD,LPPT,1,Europe,Southern Europe,Portugal,PDL,PT,Regiao Autonoma dos Acores,Joao Paulo II Airport,37.7412,-25.6979,Europe,Southern Europe,Portugal,LIS,PT,Lisboa,Lisbon Portela Airport,38.7813,-9.13592
8209,LPPD,LSZH,1,Europe,Southern Europe,Portugal,PDL,PT,Regiao Autonoma dos Acores,Joao Paulo II Airport,37.7412,-25.6979,Europe,Central Europe,Switzerland,ZRH,CH,Zurich,Zurich Airport,47.4647,8.54917
8213,LPPR,EDDL,1,Europe,Southern Europe,Portugal,OPO,PT,Porto,Francisco Sá Carneiro Airport,41.2356,-8.67806,Europe,Central Europe,Germany,DUS,DE,Nordrhein-Westfalen,Dusseldorf Airport,51.2895,6.76678
8214,LPPR,EGPF,1,Europe,Southern Europe,Portugal,OPO,PT,Porto,Francisco Sá Carneiro Airport,41.2356,-8.67806,Europe,United Kingdom,Scotland,GLA,GB,Scotland,Glasgow Airport,55.8719,-4.43306
8215,LPPR,ELLX,1,Europe,Southern Europe,Portugal,OPO,PT,Porto,Francisco Sá Carneiro Airport,41.2356,-8.67806,Europe,Western Europe,Luxembourg,LUX,LU,Luxembourg,Luxembourg Findel Airport,49.6233,6.20444
8216,LPPR,EPWA,2,Europe,Southern Europe,Portugal,OPO,PT,Porto,Francisco Sá Carneiro Airport,41.2356,-8.67806,Europe,Central Europe,Poland,WAW,PL,Mazowieckie,Warsaw Chopin Airport,52.1657,20.9671
8217,LPPR,GCFV,1,Europe,Southern Europe,Portugal,OPO,PT,Porto,Francisco Sá Carneiro Airport,41.2356,-8.67806,Europe,Southern Europe,Spain,FUE,ES,Canarias,Fuerteventura Airport,28.4527,-13.8638
8218,LPPR,GCLP,1,Europe,Southern Europe,Portugal,OPO,PT,Porto,Francisco Sá Carneiro Airport,41.2356,-8.67806,Europe,Southern Europe,Spain,LPA,ES,Canarias,Gran Canaria Airport,27.9319,-15.3866
8233,LPPR,LEPA,1,Europe,Southern Europe,Portugal,OPO,PT,Porto,Francisco Sá Carneiro Airport,41.2356,-8.67806,Europe,Southern Europe,Spain,PMI,ES,Illes Balears,Palma de Mallorca Airport,39.5517,2.73881
8234,LPPR,LEST,1,Europe,Southern Europe,Portugal,OPO,PT,Porto,Francisco Sá Carneiro Airport,41.2356,-8.67806,Europe,Southern Europe,Spain,SCQ,ES,Galicia,Santiago de Compostela Airport,42.8963,-8.41514
8235,LPPR,LFCR,2,Europe,Southern Europe,Portugal,OPO,PT,Porto,Francisco Sá Carneiro Airport,41.2356,-8.67806,Europe,Western Europe,France,RDZ,FR,Occitanie,Rodez-Marcillac Airport,44.4079,2.48267
8236,LPPR,LFLL,1,Europe,Southern Europe,Portugal,OPO,PT,Porto,Francisco Sá Carneiro Airport,41.2356,-8.67806,Europe,Western Europe,France,LYS,FR,Auvergne-Rhone-Alpes,Lyon-Saint-Exupery Airport,45.7256,5.08111
8237,LPPR,LFPO,3,Europe,Southern Europe,Portugal,OPO,PT,Porto,Francisco Sá Carneiro Airport,41.2356,-8.67806,Europe,Western Europe,France,ORY,FR,Ile-de-France,Aéroport de Paris-Orly,48.7231,2.35944
8238,LPPR,LFQQ,1,Europe,Southern Europe,Portugal,OPO,PT,Porto,Francisco Sá Carneiro Airport,41.2356,-8.67806,Europe,Western Europe,France,LIL,FR,Hauts-de-France,Lille Airport (Lille-Lesquin Airport),50.5633,3.08689
8239,LPPR,LOWW,1,Europe,Southern Europe,Portugal,OPO,PT,Porto,Francisco Sá Carneiro Airport,41.2356,-8.67806,Europe,Central Europe,Austria,VIE,AT,Niederosterreich,Vienna International Airport,48.1103,16.5697
8240,LPPR,LPMA,3,Europe,Southern Europe,Portugal,OPO,PT,Porto,Francisco Sá Carneiro Airport,41.2356,-8.67806,Europe,Southern Europe,Portugal,FNC,PT,Regiao Autonoma da Madeira,Madeira Airport,32.6979,-16.7745
8241,LPPR,LSGG,2,Europe,Southern Europe,Portugal,OPO,PT,Porto,Francisco Sá Carneiro Airport,41.2356,-8.67806,Europe,Central Europe,Switzerland,GVA,CH,Geneve,Geneva Airport,46.2381,6.10895
8242,LPPR,LSZB,1,Europe,Southern Europe,Portugal,OPO,PT,Porto,Francisco Sá Carneiro Airport,41.2356,-8.67806,Europe,Central Europe,Switzerland,BRN,CH,Bern,Bern Airport,46.9141,7.49715
8243,LPPR,LSZH,1,Europe,Southern Europe,Portugal,OPO,PT,Porto,Francisco Sá Carneiro Airport,41.2356,-8.67806,Europe,Central Europe,Switzerland,ZRH,CH,Zurich,Zurich Airport,47.4647,8.54917
8246,LPPS,LPMA,1,Europe,Southern Europe,Portugal,PXO,PT,Regiao Autonoma da Madeira,Porto Santo Airport,33.0734,-16.35,Europe,Southern Europe,Portugal,FNC,PT,Regiao Autonoma da Madeira,Madeira Airport,32.6979,-16.7745
8247,LPPS,LPPT,1,Europe,Southern Europe,Portugal,PXO,PT,Regiao Autonoma da Madeira,Porto Santo Airport,33.0734,-16.35,Europe,Southern Europe,Portugal,LIS,PT,Lisboa,Lisbon Portela Airport,38.7813,-9.13592
8248,LPPT,BIKF,1,Europe,Southern Europe,Portugal,LIS,PT,Lisboa,Lisbon Portela Airport,38.7813,-9.13592,Europe,Nordic Region,Iceland,KEF,IS,Sudurnes,Keflavík International Airport,63.985,-22.6056
8250,LPPT,EBBR,1,Europe,Southern Europe,Portugal,LIS,PT,Lisboa,Lisbon Portela Airport,38.7813,-9.13592,Europe,Western Europe,Belgium,BRU,BE,Brussels Hoofdstedelijk Gewest,Brussels Airport (Zaventem Airport),50.9014,4.48444
8251,LPPT,EDDF,1,Europe,Southern Europe,Portugal,LIS,PT,Lisboa,Lisbon Portela Airport,38.7813,-9.13592,Europe,Central Europe,Germany,FRA,DE,Hessen,Frankfurt Airport,50.0333,8.57056
8252,LPPT,EDDK,1,Europe,Southern Europe,Portugal,LIS,PT,Lisboa,Lisbon Portela Airport,38.7813,-9.13592,Europe,Central Europe,Germany,CGN,DE,Nordrhein-Westfalen,Cologne Bonn Airport,50.8659,7.14274
8253,LPPT,EDDL,1,Europe,Southern Europe,Portugal,LIS,PT,Lisboa,Lisbon Portela Airport,38.7813,-9.13592,Europe,Central Europe,Germany,DUS,DE,Nordrhein-Westfalen,Dusseldorf Airport,51.2895,6.76678
8254,LPPT,EDDM,1,Europe,Southern Europe,Portugal,LIS,PT,Lisboa,Lisbon Portela Airport,38.7813,-9.13592,Europe,Central Europe,Germany,MUC,DE,Bayern,Munich Airport,48.3538,11.7861
8255,LPPT,EGCC,2,Europe,Southern Europe,Portugal,LIS,PT,Lisboa,Lisbon Portela Airport,38.7813,-9.13592,Europe,United Kingdom,England,MAN,GB,England,Manchester Airport,53.3537,-2.27495
8256,LPPT,EGLL,2,Europe,Southern Europe,Portugal,LIS,PT,Lisboa,Lisbon Portela Airport,38.7813,-9.13592,Europe,United Kingdom,England,LHR,GB,England,Heathrow Airport,51.4775,-0.461389
8257,LPPT,EHAM,1,Europe,Southern Europe,Portugal,LIS,PT,Lisboa,Lisbon Portela Airport,38.7813,-9.13592,Europe,Western Europe,Netherlands,AMS,NL,Noord-Holland,Amsterdam Airport Schiphol,52.3086,4.76389
8258,LPPT,EHRD,1,Europe,Southern Europe,Portugal,LIS,PT,Lisboa,Lisbon Portela Airport,38.7813,-9.13592,Europe,Western Europe,Netherlands,RTM,NL,Zuid-Holland,Rotterdam The Hague Airport,51.9569,4.43722
8259,LPPT,ELLX,1,Europe,Southern Europe,Portugal,LIS,PT,Lisboa,Lisbon Portela Airport,38.7813,-9.13592,Europe,Western Europe,Luxembourg,LUX,LU,Luxembourg,Luxembourg Findel Airport,49.6233,6.20444
8260,LPPT,EPKK,1,Europe,Southern Europe,Portugal,LIS,PT,Lisboa,Lisbon Portela Airport,38.7813,-9.13592,Europe,Central Europe,Poland,KRK,PL,Malopolskie,John Paul II International Airport Krakow-Balice,50.0777,19.7848
8261,LPPT,EPWA,1,Europe,Southern Europe,Portugal,LIS,PT,Lisboa,Lisbon Portela Airport,38.7813,-9.13592,Europe,Central Europe,Poland,WAW,PL,Mazowieckie,Warsaw Chopin Airport,52.1657,20.9671
8270,LPPT,LEVC,1,Europe,Southern Europe,Portugal,LIS,PT,Lisboa,Lisbon Portela Airport,38.7813,-9.13592,Europe,Southern Europe,Spain,VLC,ES,"Valenciana, Comunidad",Valencia Airport,39.4893,-0.481625
8271,LPPT,LFBO,2,Europe,Southern Europe,Portugal,LIS,PT,Lisboa,Lisbon Portela Airport,38.7813,-9.13592,Europe,Western Europe,France,TLS,FR,Occitanie,Toulouse-Blagnac Airport,43.6291,1.36382
8272,LPPT,LFML,1,Europe,Southern Europe,Portugal,LIS,PT,Lisboa,Lisbon Portela Airport,38.7813,-9.13592,Europe,Western Europe,France,MRS,FR,Provence-Alpes-Cote-d'Azur,Marseille Provence Airport,43.4393,5.22142
8273,LPPT,LFPG,3,Europe,Southern Europe,Portugal,LIS,PT,Lisboa,Lisbon Portela Airport,38.7813,-9.13592,Europe,Western Europe,France,CDG,FR,Ile-de-France,Paris Charles de Gaulle Airport,49.0097,2.54778
8274,LPPT,LFPO,1,Europe,Southern Europe,Portugal,LIS,PT,Lisboa,Lisbon Portela Airport,38.7813,-9.13592,Europe,Western Europe,France,ORY,FR,Ile-de-France,Aéroport de Paris-Orly,48.7231,2.35944
8275,LPPT,LFRS,2,Europe,Southern Europe,Portugal,LIS,PT,Lisboa,Lisbon Portela Airport,38.7813,-9.13592,Europe,Western Europe,France,NTE,FR,Pays-de-la-Loire,Nantes Atlantique Airport,47.1532,-1.61073
8276,LPPT,LHBP,1,Europe,Southern Europe,Portugal,LIS,PT,Lisboa,Lisbon Portela Airport,38.7813,-9.13592,Europe,Central Europe,Hungary,BUD,HU,Budapest,Budapest Ferenc Liszt International Airport,47.4298,19.2611
8277,LPPT,LIRQ,1,Europe,Southern Europe,Portugal,LIS,PT,Lisboa,Lisbon Portela Airport,38.7813,-9.13592,Europe,Southern Europe,Italy,FLR,IT,Toscana,Florence Airport,43.81,11.2051
8278,LPPT,LKPR,1,Europe,Southern Europe,Portugal,LIS,PT,Lisboa,Lisbon Portela Airport,38.7813,-9.13592,Europe,Central Europe,Czech Republic,PRG,CZ,Stredocesky kraj,Vaclav Havel Airport Prague,50.1008,14.26
8279,LPPT,LOWW,1,Europe,Southern Europe,Portugal,LIS,PT,Lisboa,Lisbon Portela Airport,38.7813,-9.13592,Europe,Central Europe,Austria,VIE,AT,Niederosterreich,Vienna International Airport,48.1103,16.5697
8280,LPPT,LPBJ,1,Europe,Southern Europe,Portugal,LIS,PT,Lisboa,Lisbon Portela Airport,38.7813,-9.13592,Europe,Southern Europe,Portugal,BYJ,PT,Beja,Beja Airport,38.0789,-7.9324
8281,LPPT,LPLA,2,Europe,Southern Europe,Portugal,LIS,PT,Lisboa,Lisbon Portela Airport,38.7813,-9.13592,Europe,Southern Europe,Portugal,TER,PT,Regiao Autonoma dos Acores,Lajes Field,38.7618,-27.0908
8282,LPPT,LPMA,6,Europe,Southern Europe,Portugal,LIS,PT,Lisboa,Lisbon Portela Airport,38.7813,-9.13592,Europe,Southern Europe,Portugal,FNC,PT,Regiao Autonoma da Madeira,Madeira Airport,32.6979,-16.7745
8283,LPPT,LPPD,3,Europe,Southern Europe,Portugal,LIS,PT,Lisboa,Lisbon Portela Airport,38.7813,-9.13592,Europe,Southern Europe,Portugal,PDL,PT,Regiao Autonoma dos Acores,Joao Paulo II Airport,37.7412,-25.6979
8284,LPPT,LPPR,2,Europe,Southern Europe,Portugal,LIS,PT,Lisboa,Lisbon Portela Airport,38.7813,-9.13592,Europe,Southern Europe,Portugal,OPO,PT,Porto,Francisco Sá Carneiro Airport,41.2356,-8.67806
8285,LPPT,LSGG,5,Europe,Southern Europe,Portugal,LIS,PT,Lisboa,Lisbon Portela Airport,38.7813,-9.13592,Europe,Central Europe,Switzerland,GVA,CH,Geneve,Geneva Airport,46.2381,6.10895
8286,LPPT,LSZH,1,Europe,Southern Europe,Portugal,LIS,PT,Lisboa,Lisbon Portela Airport,38.7813,-9.13592,Europe,Central Europe,Switzerland,ZRH,CH,Zurich,Zurich Airport,47.4647,8.54917
8287,LPPT,LUKK,1,Europe,Southern Europe,Portugal,LIS,PT,Lisboa,Lisbon Portela Airport,38.7813,-9.13592,Europe,Eastern Europe,Moldova,RMO,MD,Chisinau,Chisinau International Airport,46.9277,28.931
8296,LQBK,EBBR,1,Europe,Eastern Europe,Bosnia and Herzegovina,BNX,BA,Republika Srpska,Banja Luka International Airport,44.9414,17.2975,Europe,Western Europe,Belgium,BRU,BE,Brussels Hoofdstedelijk Gewest,Brussels Airport (Zaventem Airport),50.9014,4.48444
8297,LQBK,EBCI,1,Europe,Eastern Europe,Bosnia and Herzegovina,BNX,BA,Republika Srpska,Banja Luka International Airport,44.9414,17.2975,Europe,Western Europe,Belgium,CRL,BE,Hainaut,Brussels South Charleroi Airport,50.4592,4.45382
8298,LQBK,EDJA,2,Europe,Eastern Europe,Bosnia and Herzegovina,BNX,BA,Republika Srpska,Banja Luka International Airport,44.9414,17.2975,Europe,Central Europe,Germany,FMM,DE,Bayern,Memmingen Airport,47.9888,10.2395
8299,LQBK,EDLW,1,Europe,Eastern Europe,Bosnia and Herzegovina,BNX,BA,Republika Srpska,Banja Luka International Airport,44.9414,17.2975,Europe,Central Europe,Germany,DTM,DE,Nordrhein-Westfalen,Dortmund Airport,51.5183,7.61224
8300,LQBK,EDSB,2,Europe,Eastern Europe,Bosnia and Herzegovina,BNX,BA,Republika Srpska,Banja Luka International Airport,44.9414,17.2975,Europe,Central Europe,Germany,FKB,DE,Baden-Wurttemberg,Karlsruhe/Baden-Baden Airport,48.7794,8.0805
8302,LQBK,LFSB,1,Europe,Eastern Europe,Bosnia and Herzegovina,BNX,BA,Republika Srpska,Banja Luka International Airport,44.9414,17.2975,Europe,Western Europe,France,BSL,CH,Basel-City,EuroAirport Basel Mulhouse Freiburg,47.59,7.52916
8303,LQBK,LFSB,1,Europe,Eastern Europe,Bosnia and Herzegovina,BNX,BA,Republika Srpska,Banja Luka International Airport,44.9414,17.2975,Europe,Central Europe,Switzerland,BSL,CH,Basel-City,EuroAirport Basel Mulhouse Freiburg,47.59,7.52916
8304,LQBK,LGAV,1,Europe,Eastern Europe,Bosnia and Herzegovina,BNX,BA,Republika Srpska,Banja Luka International Airport,44.9414,17.2975,Europe,Southern Europe,Greece,ATH,GR,Attiki,Athens International Airport (Eleftherios Venizelos Airport),37.9364,23.9445
8305,LQBK,LPPR,1,Europe,Eastern Europe,Bosnia and Herzegovina,BNX,BA,Republika Srpska,Banja Luka International Airport,44.9414,17.2975,Europe,Southern Europe,Portugal,OPO,PT,Porto,Francisco Sá Carneiro Airport,41.2356,-8.67806
8306,LQBK,LQSA,1,Europe,Eastern Europe,Bosnia and Herzegovina,BNX,BA,Republika Srpska,Banja Luka International Airport,44.9414,17.2975,Europe,Eastern Europe,Bosnia and Herzegovina,SJJ,BA,Federacija Bosne i Hercegovine,Sarajevo International Airport,43.8246,18.3315
8307,LQMO,EDDS,1,Europe,Eastern Europe,Bosnia and Herzegovina,OMO,BA,Federacija Bosne i Hercegovine,Mostar Airport,43.2829,17.8459,Europe,Central Europe,Germany,STR,DE,Baden-Wurttemberg,Stuttgart Airport,48.6899,9.22196
8308,LQMO,LFBO,1,Europe,Eastern Europe,Bosnia and Herzegovina,OMO,BA,Federacija Bosne i Hercegovine,Mostar Airport,43.2829,17.8459,Europe,Western Europe,France,TLS,FR,Occitanie,Toulouse-Blagnac Airport,43.6291,1.36382
8309,LQMO,LIBD,1,Europe,Eastern Europe,Bosnia and Herzegovina,OMO,BA,Federacija Bosne i Hercegovine,Mostar Airport,43.2829,17.8459,Europe,Southern Europe,Italy,BRI,IT,Puglia,Bari Karol Wojtyla Airport,41.1389,16.7606
8310,LQSA,ESGG,1,Europe,Eastern Europe,Bosnia and Herzegovina,SJJ,BA,Federacija Bosne i Hercegovine,Sarajevo International Airport,43.8246,18.3315,Europe,Nordic Region,Sweden,GOT,SE,Vastra Gotalands lan,Goteborg Landvetter Airport,57.6628,12.2798
8312,LQSA,LEGE,1,Europe,Eastern Europe,Bosnia and Herzegovina,SJJ,BA,Federacija Bosne i Hercegovine,Sarajevo International Airport,43.8246,18.3315,Europe,Southern Europe,Spain,GRO,ES,Catalunya,Girona-Costa Brava Airport,41.901,2.76055
8313,LQSA,LSZH,1,Europe,Eastern Europe,Bosnia and Herzegovina,SJJ,BA,Federacija Bosne i Hercegovine,Sarajevo International Airport,43.8246,18.3315,Europe,Central Europe,Switzerland,ZRH,CH,Zurich,Zurich Airport,47.4647,8.54917
8318,LQTZ,EDJA,1,Europe,Eastern Europe,Bosnia and Herzegovina,TZL,BA,Federacija Bosne i Hercegovine,Tuzla International Airport,44.4587,18.7248,Europe,Central Europe,Germany,FMM,DE,Bayern,Memmingen Airport,47.9888,10.2395
8319,LQTZ,EDLW,1,Europe,Eastern Europe,Bosnia and Herzegovina,TZL,BA,Federacija Bosne i Hercegovine,Tuzla International Airport,44.4587,18.7248,Europe,Central Europe,Germany,DTM,DE,Nordrhein-Westfalen,Dortmund Airport,51.5183,7.61224
8320,LQTZ,LFSB,1,Europe,Eastern Europe,Bosnia and Herzegovina,TZL,BA,Federacija Bosne i Hercegovine,Tuzla International Airport,44.4587,18.7248,Europe,Western Europe,France,BSL,CH,Basel-City,EuroAirport Basel Mulhouse Freiburg,47.59,7.52916
8321,LQTZ,LFSB,1,Europe,Eastern Europe,Bosnia and Herzegovina,TZL,BA,Federacija Bosne i Hercegovine,Tuzla International Airport,44.4587,18.7248,Europe,Central Europe,Switzerland,BSL,CH,Basel-City,EuroAirport Basel Mulhouse Freiburg,47.59,7.52916
8322,LQTZ,LOWW,1,Europe,Eastern Europe,Bosnia and Herzegovina,TZL,BA,Federacija Bosne i Hercegovine,Tuzla International Airport,44.4587,18.7248,Europe,Central Europe,Austria,VIE,AT,Niederosterreich,Vienna International Airport,48.1103,16.5697
8323,LRBC,LWOH,1,Europe,Eastern Europe,Romania,BCM,RO,Bacau,Bacau International Airport,46.5219,26.9103,Europe,Eastern Europe,North Macedonia,OHD,MK,Ohrid,Ohrid St. Paul the Apostle Airport,41.18,20.7423
8324,LRBM,LGIR,1,Europe,Eastern Europe,Romania,BAY,RO,Maramures,Baia Mare Airport,47.6606,23.4673,Europe,Southern Europe,Greece,HER,GR,Kriti,Heraklion International Airport (Nikos Kazantzakis Airport),35.3397,25.1803
8325,LRBS,EPWA,1,Europe,Eastern Europe,Romania,BBU,RO,Bucuresti,Aurel Vlaicu International Airport,44.496,26.0814,Europe,Central Europe,Poland,WAW,PL,Mazowieckie,Warsaw Chopin Airport,52.1657,20.9671
8326,LRBS,LOWS,1,Europe,Eastern Europe,Romania,BBU,RO,Bucuresti,Aurel Vlaicu International Airport,44.496,26.0814,Europe,Central Europe,Austria,SZG,AT,Salzburg,Salzburg Airport,47.7933,13.0043
8327,LRBS,LRCL,1,Europe,Eastern Europe,Romania,BBU,RO,Bucuresti,Aurel Vlaicu International Airport,44.496,26.0814,Europe,Eastern Europe,Romania,CLJ,RO,Cluj,Cluj-Napoca International Airport,46.7852,23.6862
8328,LRBS,LSGG,1,Europe,Eastern Europe,Romania,BBU,RO,Bucuresti,Aurel Vlaicu International Airport,44.496,26.0814,Europe,Central Europe,Switzerland,GVA,CH,Geneve,Geneva Airport,46.2381,6.10895
8331,LRBV,LGSA,6,Europe,Eastern Europe,Romania,GHV,RO,Brasov,Brasov Airport,45.6942,25.5172,Europe,Southern Europe,Greece,CHQ,GR,Kriti,Chania International Airport,35.5317,24.1497
8334,LRCL,EDDM,1,Europe,Eastern Europe,Romania,CLJ,RO,Cluj,Cluj-Napoca International Airport,46.7852,23.6862,Europe,Central Europe,Germany,MUC,DE,Bayern,Munich Airport,48.3538,11.7861
8335,LRCL,EDNY,1,Europe,Eastern Europe,Romania,CLJ,RO,Cluj,Cluj-Napoca International Airport,46.7852,23.6862,Europe,Central Europe,Germany,FDH,DE,Baden-Wurttemberg,Friedrichshafen Airport (Bodensee Airport),47.6713,9.51149
8336,LRCL,EGNM,1,Europe,Eastern Europe,Romania,CLJ,RO,Cluj,Cluj-Napoca International Airport,46.7852,23.6862,Europe,United Kingdom,England,LBA,GB,England,Leeds Bradford Airport,53.8659,-1.66057
8338,LRCL,LEZG,1,Europe,Eastern Europe,Romania,CLJ,RO,Cluj,Cluj-Napoca International Airport,46.7852,23.6862,Europe,Southern Europe,Spain,ZAZ,ES,Aragon,Zaragoza Airport,41.6662,-1.04155
8339,LRCL,LGIR,3,Europe,Eastern Europe,Romania,CLJ,RO,Cluj,Cluj-Napoca International Airport,46.7852,23.6862,Europe,Southern Europe,Greece,HER,GR,Kriti,Heraklion International Airport (Nikos Kazantzakis Airport),35.3397,25.1803
8340,LRCL,LGRP,3,Europe,Eastern Europe,Romania,CLJ,RO,Cluj,Cluj-Napoca International Airport,46.7852,23.6862,Europe,Southern Europe,Greece,RHO,GR,Notio Aigaio,Rhodes International Airport,36.4054,28.0862
8341,LRCL,LGSA,2,Europe,Eastern Europe,Romania,CLJ,RO,Cluj,Cluj-Napoca International Airport,46.7852,23.6862,Europe,Southern Europe,Greece,CHQ,GR,Kriti,Chania International Airport,35.5317,24.1497
8342,LRIA,LEPA,1,Europe,Eastern Europe,Romania,IAS,RO,Iasi,Iasi International Airport,47.1785,27.6206,Europe,Southern Europe,Spain,PMI,ES,Illes Balears,Palma de Mallorca Airport,39.5517,2.73881
8343,LRIA,LFOB,1,Europe,Eastern Europe,Romania,IAS,RO,Iasi,Iasi International Airport,47.1785,27.6206,Europe,Western Europe,France,BVA,FR,Hauts-de-France,Beauvais–Tillé Airport,49.45444,2.11277
8344,LRIA,LGRP,1,Europe,Eastern Europe,Romania,IAS,RO,Iasi,Iasi International Airport,47.1785,27.6206,Europe,Southern Europe,Greece,RHO,GR,Notio Aigaio,Rhodes International Airport,36.4054,28.0862
8345,LRIA,LOWW,1,Europe,Eastern Europe,Romania,IAS,RO,Iasi,Iasi International Airport,47.1785,27.6206,Europe,Central Europe,Austria,VIE,AT,Niederosterreich,Vienna International Airport,48.1103,16.5697
8346,LRIA,LROP,1,Europe,Eastern Europe,Romania,IAS,RO,Iasi,Iasi International Airport,47.1785,27.6206,Europe,Eastern Europe,Romania,OTP,RO,Ilfov,Bucharest Henri Coandă International Airport,44.5711,26.085
8349,LROP,EDDB,1,Europe,Eastern Europe,Romania,OTP,RO,Ilfov,Bucharest Henri Coandă International Airport,44.5711,26.085,Europe,Central Europe,Germany,BER,DE,Brandenburg,Berlin Brandenburg Airport,52.3514,13.4939
8350,LROP,EDDF,2,Europe,Eastern Europe,Romania,OTP,RO,Ilfov,Bucharest Henri Coandă International Airport,44.5711,26.085,Europe,Central Europe,Germany,FRA,DE,Hessen,Frankfurt Airport,50.0333,8.57056
8351,LROP,EDDM,2,Europe,Eastern Europe,Romania,OTP,RO,Ilfov,Bucharest Henri Coandă International Airport,44.5711,26.085,Europe,Central Europe,Germany,MUC,DE,Bayern,Munich Airport,48.3538,11.7861
8352,LROP,EDDP,1,Europe,Eastern Europe,Romania,OTP,RO,Ilfov,Bucharest Henri Coandă International Airport,44.5711,26.085,Europe,Central Europe,Germany,LEJ,DE,Sachsen,Leipzig/Halle Airport,51.4239,12.2364
8353,LROP,EDDS,1,Europe,Eastern Europe,Romania,OTP,RO,Ilfov,Bucharest Henri Coandă International Airport,44.5711,26.085,Europe,Central Europe,Germany,STR,DE,Baden-Wurttemberg,Stuttgart Airport,48.6899,9.22196
8354,LROP,EGBB,1,Europe,Eastern Europe,Romania,OTP,RO,Ilfov,Bucharest Henri Coandă International Airport,44.5711,26.085,Europe,United Kingdom,England,BHX,GB,England,Birmingham Airport,52.4539,-1.74803
8355,LROP,EGGW,1,Europe,Eastern Europe,Romania,OTP,RO,Ilfov,Bucharest Henri Coandă International Airport,44.5711,26.085,Europe,United Kingdom,England,LTN,GB,England,London Luton Airport,51.8747,-0.368333
8356,LROP,EGLL,2,Europe,Eastern Europe,Romania,OTP,RO,Ilfov,Bucharest Henri Coandă International Airport,44.5711,26.085,Europe,United Kingdom,England,LHR,GB,England,Heathrow Airport,51.4775,-0.461389
8357,LROP,EGNM,1,Europe,Eastern Europe,Romania,OTP,RO,Ilfov,Bucharest Henri Coandă International Airport,44.5711,26.085,Europe,United Kingdom,England,LBA,GB,England,Leeds Bradford Airport,53.8659,-1.66057
8358,LROP,ENGM,1,Europe,Eastern Europe,Romania,OTP,RO,Ilfov,Bucharest Henri Coandă International Airport,44.5711,26.085,Europe,Nordic Region,Norway,OSL,NO,Akershus,Oslo Airport,60.1939,11.1004
8360,LROP,GCLP,1,Europe,Eastern Europe,Romania,OTP,RO,Ilfov,Bucharest Henri Coandă International Airport,44.5711,26.085,Europe,Southern Europe,Spain,LPA,ES,Canarias,Gran Canaria Airport,27.9319,-15.3866
8364,LROP,LEPA,1,Europe,Eastern Europe,Romania,OTP,RO,Ilfov,Bucharest Henri Coandă International Airport,44.5711,26.085,Europe,Southern Europe,Spain,PMI,ES,Illes Balears,Palma de Mallorca Airport,39.5517,2.73881
8365,LROP,LEVC,1,Europe,Eastern Europe,Romania,OTP,RO,Ilfov,Bucharest Henri Coandă International Airport,44.5711,26.085,Europe,Southern Europe,Spain,VLC,ES,"Valenciana, Comunidad",Valencia Airport,39.4893,-0.481625
8366,LROP,LEZG,2,Europe,Eastern Europe,Romania,OTP,RO,Ilfov,Bucharest Henri Coandă International Airport,44.5711,26.085,Europe,Southern Europe,Spain,ZAZ,ES,Aragon,Zaragoza Airport,41.6662,-1.04155
8367,LROP,LFOB,1,Europe,Eastern Europe,Romania,OTP,RO,Ilfov,Bucharest Henri Coandă International Airport,44.5711,26.085,Europe,Western Europe,France,BVA,FR,Hauts-de-France,Beauvais–Tillé Airport,49.45444,2.11277
8368,LROP,LFPG,2,Europe,Eastern Europe,Romania,OTP,RO,Ilfov,Bucharest Henri Coandă International Airport,44.5711,26.085,Europe,Western Europe,France,CDG,FR,Ile-de-France,Paris Charles de Gaulle Airport,49.0097,2.54778
8369,LROP,LGIR,1,Europe,Eastern Europe,Romania,OTP,RO,Ilfov,Bucharest Henri Coandă International Airport,44.5711,26.085,Europe,Southern Europe,Greece,HER,GR,Kriti,Heraklion International Airport (Nikos Kazantzakis Airport),35.3397,25.1803
8370,LROP,LGKF,1,Europe,Eastern Europe,Romania,OTP,RO,Ilfov,Bucharest Henri Coandă International Airport,44.5711,26.085,Europe,Southern Europe,Greece,EFL,GR,Ionia Nisia,Kefalonia International Airport,38.1201,20.5005
8371,LROP,LKPR,1,Europe,Eastern Europe,Romania,OTP,RO,Ilfov,Bucharest Henri Coandă International Airport,44.5711,26.085,Europe,Central Europe,Czech Republic,PRG,CZ,Stredocesky kraj,Vaclav Havel Airport Prague,50.1008,14.26
8373,LROP,LOWW,1,Europe,Eastern Europe,Romania,OTP,RO,Ilfov,Bucharest Henri Coandă International Airport,44.5711,26.085,Europe,Central Europe,Austria,VIE,AT,Niederosterreich,Vienna International Airport,48.1103,16.5697
8374,LROP,LRIA,1,Europe,Eastern Europe,Romania,OTP,RO,Ilfov,Bucharest Henri Coandă International Airport,44.5711,26.085,Europe,Eastern Europe,Romania,IAS,RO,Iasi,Iasi International Airport,47.1785,27.6206
8375,LROP,LRSV,1,Europe,Eastern Europe,Romania,OTP,RO,Ilfov,Bucharest Henri Coandă International Airport,44.5711,26.085,Europe,Eastern Europe,Romania,SCV,RO,Suceava,Suceava International Airport (Stefan cel Mare Int'l),47.6875,26.3541
8376,LROP,LRTR,1,Europe,Eastern Europe,Romania,OTP,RO,Ilfov,Bucharest Henri Coandă International Airport,44.5711,26.085,Europe,Eastern Europe,Romania,TSR,RO,Timis,Timisoara Traian Vuia International Airport,45.8099,21.3379
8378,LROP,LUKK,1,Europe,Eastern Europe,Romania,OTP,RO,Ilfov,Bucharest Henri Coandă International Airport,44.5711,26.085,Europe,Eastern Europe,Moldova,RMO,MD,Chisinau,Chisinau International Airport,46.9277,28.931
8380,LRSB,EGGW,1,Europe,Eastern Europe,Romania,SBZ,RO,Sibiu,Sibiu International Airport,45.7856,24.0913,Europe,United Kingdom,England,LTN,GB,England,London Luton Airport,51.8747,-0.368333
8381,LRSB,LRTR,1,Europe,Eastern Europe,Romania,SBZ,RO,Sibiu,Sibiu International Airport,45.7856,24.0913,Europe,Eastern Europe,Romania,TSR,RO,Timis,Timisoara Traian Vuia International Airport,45.8099,21.3379
8382,LRSV,LDDU,1,Europe,Eastern Europe,Romania,SCV,RO,Suceava,Suceava International Airport (Stefan cel Mare Int'l),47.6875,26.3541,Europe,Southern Europe,Croatia,DBV,HR,Dubrovacko-neretvanska zupanija,Dubrovnik Airport,42.5614,18.2682
8383,LRSV,LFML,1,Europe,Eastern Europe,Romania,SCV,RO,Suceava,Suceava International Airport (Stefan cel Mare Int'l),47.6875,26.3541,Europe,Western Europe,France,MRS,FR,Provence-Alpes-Cote-d'Azur,Marseille Provence Airport,43.4393,5.22142
8384,LRSV,LGTS,1,Europe,Eastern Europe,Romania,SCV,RO,Suceava,Suceava International Airport (Stefan cel Mare Int'l),47.6875,26.3541,Europe,Southern Europe,Greece,SKG,GR,Kentriki Makedonia,Thessaloniki Airport,40.5197,22.9709
8385,LRTR,EDSB,1,Europe,Eastern Europe,Romania,TSR,RO,Timis,Timisoara Traian Vuia International Airport,45.8099,21.3379,Europe,Central Europe,Germany,FKB,DE,Baden-Wurttemberg,Karlsruhe/Baden-Baden Airport,48.7794,8.0805
8388,LRTR,LEPA,1,Europe,Eastern Europe,Romania,TSR,RO,Timis,Timisoara Traian Vuia International Airport,45.8099,21.3379,Europe,Southern Europe,Spain,PMI,ES,Illes Balears,Palma de Mallorca Airport,39.5517,2.73881
8389,LRTR,LRTR,1,Europe,Eastern Europe,Romania,TSR,RO,Timis,Timisoara Traian Vuia International Airport,45.8099,21.3379,Europe,Eastern Europe,Romania,TSR,RO,Timis,Timisoara Traian Vuia International Airport,45.8099,21.3379
8400,LSGG,BIKF,5,Europe,Central Europe,Switzerland,GVA,CH,Geneve,Geneva Airport,46.2381,6.10895,Europe,Nordic Region,Iceland,KEF,IS,Sudurnes,Keflavík International Airport,63.985,-22.6056
8407,LSGG,EBBR,3,Europe,Central Europe,Switzerland,GVA,CH,Geneve,Geneva Airport,46.2381,6.10895,Europe,Western Europe,Belgium,BRU,BE,Brussels Hoofdstedelijk Gewest,Brussels Airport (Zaventem Airport),50.9014,4.48444
8408,LSGG,EDDL,1,Europe,Central Europe,Switzerland,GVA,CH,Geneve,Geneva Airport,46.2381,6.10895,Europe,Central Europe,Germany,DUS,DE,Nordrhein-Westfalen,Dusseldorf Airport,51.2895,6.76678
8409,LSGG,EDSB,1,Europe,Central Europe,Switzerland,GVA,CH,Geneve,Geneva Airport,46.2381,6.10895,Europe,Central Europe,Germany,FKB,DE,Baden-Wurttemberg,Karlsruhe/Baden-Baden Airport,48.7794,8.0805
8410,LSGG,EETN,1,Europe,Central Europe,Switzerland,GVA,CH,Geneve,Geneva Airport,46.2381,6.10895,Europe,Nordic Region,Estonia,TLL,EE,Harjumaa,Tallinn Airport (Lennart Meri Tallinn Airport),59.4133,24.8328
8411,LSGG,EGCC,3,Europe,Central Europe,Switzerland,GVA,CH,Geneve,Geneva Airport,46.2381,6.10895,Europe,United Kingdom,England,MAN,GB,England,Manchester Airport,53.3537,-2.27495
8412,LSGG,EGGW,3,Europe,Central Europe,Switzerland,GVA,CH,Geneve,Geneva Airport,46.2381,6.10895,Europe,United Kingdom,England,LTN,GB,England,London Luton Airport,51.8747,-0.368333
8413,LSGG,EGKK,2,Europe,Central Europe,Switzerland,GVA,CH,Geneve,Geneva Airport,46.2381,6.10895,Europe,United Kingdom,England,LGW,GB,England,Gatwick Airport,51.1481,-0.190278
8414,LSGG,EGLL,1,Europe,Central Europe,Switzerland,GVA,CH,Geneve,Geneva Airport,46.2381,6.10895,Europe,United Kingdom,England,LHR,GB,England,Heathrow Airport,51.4775,-0.461389
8415,LSGG,EGPH,2,Europe,Central Europe,Switzerland,GVA,CH,Geneve,Geneva Airport,46.2381,6.10895,Europe,United Kingdom,Scotland,EDI,GB,Scotland,Edinburgh Airport,55.95,-3.3725
8416,LSGG,EGSS,1,Europe,Central Europe,Switzerland,GVA,CH,Geneve,Geneva Airport,46.2381,6.10895,Europe,United Kingdom,England,STN,GB,England,London Stansted Airport,51.885,0.235
8417,LSGG,EHAM,1,Europe,Central Europe,Switzerland,GVA,CH,Geneve,Geneva Airport,46.2381,6.10895,Europe,Western Europe,Netherlands,AMS,NL,Noord-Holland,Amsterdam Airport Schiphol,52.3086,4.76389
8418,LSGG,EIDW,1,Europe,Central Europe,Switzerland,GVA,CH,Geneve,Geneva Airport,46.2381,6.10895,Europe,Western Europe,Ireland,DUB,IE,Dublin,Dublin Airport,53.4213,-6.27007
8419,LSGG,EIKY,1,Europe,Central Europe,Switzerland,GVA,CH,Geneve,Geneva Airport,46.2381,6.10895,Europe,Western Europe,Ireland,KIR,IE,Kerry,Kerry Airport (Farranfore Airport),52.1809,-9.52378
8420,LSGG,EKCH,1,Europe,Central Europe,Switzerland,GVA,CH,Geneve,Geneva Airport,46.2381,6.10895,Europe,Nordic Region,Denmark,CPH,DK,Hovedstaden,Copenhagen Airport,55.6179,12.656
8421,LSGG,EPKK,1,Europe,Central Europe,Switzerland,GVA,CH,Geneve,Geneva Airport,46.2381,6.10895,Europe,Central Europe,Poland,KRK,PL,Malopolskie,John Paul II International Airport Krakow-Balice,50.0777,19.7848
8446,LSGG,LEJR,1,Europe,Central Europe,Switzerland,GVA,CH,Geneve,Geneva Airport,46.2381,6.10895,Europe,Southern Europe,Spain,XRY,ES,Andalucia,Jerez Airport (La Parra Airport),36.7446,-6.06011
8447,LSGG,LEMD,3,Europe,Central Europe,Switzerland,GVA,CH,Geneve,Geneva Airport,46.2381,6.10895,Europe,Southern Europe,Spain,MAD,ES,"Madrid, Comunidad de",Adolfo Suarez Madrid-Barajas Airport,40.4719,-3.56264
8448,LSGG,LEPA,1,Europe,Central Europe,Switzerland,GVA,CH,Geneve,Geneva Airport,46.2381,6.10895,Europe,Southern Europe,Spain,PMI,ES,Illes Balears,Palma de Mallorca Airport,39.5517,2.73881
8449,LSGG,LFBH,1,Europe,Central Europe,Switzerland,GVA,CH,Geneve,Geneva Airport,46.2381,6.10895,Europe,Western Europe,France,LRH,FR,Nouvelle-Aquitaine,La Rochelle - Ile de Re Airport,46.1792,-1.19528
8450,LSGG,LFMN,5,Europe,Central Europe,Switzerland,GVA,CH,Geneve,Geneva Airport,46.2381,6.10895,Europe,Western Europe,France,NCE,FR,Provence-Alpes-Cote-d'Azur,Nice Cote d'Azur Airport,43.6584,7.21587
8451,LSGG,LFPO,1,Europe,Central Europe,Switzerland,GVA,CH,Geneve,Geneva Airport,46.2381,6.10895,Europe,Western Europe,France,ORY,FR,Ile-de-France,Aéroport de Paris-Orly,48.7231,2.35944
8452,LSGG,LFQQ,1,Europe,Central Europe,Switzerland,GVA,CH,Geneve,Geneva Airport,46.2381,6.10895,Europe,Western Europe,France,LIL,FR,Hauts-de-France,Lille Airport (Lille-Lesquin Airport),50.5633,3.08689
8453,LSGG,LFRS,1,Europe,Central Europe,Switzerland,GVA,CH,Geneve,Geneva Airport,46.2381,6.10895,Europe,Western Europe,France,NTE,FR,Pays-de-la-Loire,Nantes Atlantique Airport,47.1532,-1.61073
8454,LSGG,LFSB,1,Europe,Central Europe,Switzerland,GVA,CH,Geneve,Geneva Airport,46.2381,6.10895,Europe,Western Europe,France,BSL,CH,Basel-City,EuroAirport Basel Mulhouse Freiburg,47.59,7.52916
8455,LSGG,LFSB,1,Europe,Central Europe,Switzerland,GVA,CH,Geneve,Geneva Airport,46.2381,6.10895,Europe,Central Europe,Switzerland,BSL,CH,Basel-City,EuroAirport Basel Mulhouse Freiburg,47.59,7.52916
8456,LSGG,LFTH,1,Europe,Central Europe,Switzerland,GVA,CH,Geneve,Geneva Airport,46.2381,6.10895,Europe,Western Europe,France,TLN,FR,Provence-Alpes-Cote-d'Azur,Toulon-Hyeres Airport (Hyeres Le Palyvestre Airport),43.0973,6.14603
8457,LSGG,LGAV,1,Europe,Central Europe,Switzerland,GVA,CH,Geneve,Geneva Airport,46.2381,6.10895,Europe,Southern Europe,Greece,ATH,GR,Attiki,Athens International Airport (Eleftherios Venizelos Airport),37.9364,23.9445
8458,LSGG,LGMK,3,Europe,Central Europe,Switzerland,GVA,CH,Geneve,Geneva Airport,46.2381,6.10895,Europe,Southern Europe,Greece,JMK,GR,Notio Aigaio,Mykonos Island National Airport,37.4351,25.3481
8459,LSGG,LHBP,1,Europe,Central Europe,Switzerland,GVA,CH,Geneve,Geneva Airport,46.2381,6.10895,Europe,Central Europe,Hungary,BUD,HU,Budapest,Budapest Ferenc Liszt International Airport,47.4298,19.2611
8460,LSGG,LIBR,1,Europe,Central Europe,Switzerland,GVA,CH,Geneve,Geneva Airport,46.2381,6.10895,Europe,Southern Europe,Italy,BDS,IT,Puglia,Brindisi - Salento Airport,40.6576,17.947
8461,LSGG,LIEO,1,Europe,Central Europe,Switzerland,GVA,CH,Geneve,Geneva Airport,46.2381,6.10895,Europe,Southern Europe,Italy,OLB,IT,Sardegna,Olbia Costa Smeralda Airport,40.8987,9.51763
8462,LSGG,LIMC,1,Europe,Central Europe,Switzerland,GVA,CH,Geneve,Geneva Airport,46.2381,6.10895,Europe,Southern Europe,Italy,MXP,IT,Lombardia,Milan-Malpensa Airport,45.6306,8.72811
8463,LSGG,LIMJ,1,Europe,Central Europe,Switzerland,GVA,CH,Geneve,Geneva Airport,46.2381,6.10895,Europe,Southern Europe,Italy,GOA,IT,Liguria,Genoa Cristoforo Colombo Airport,44.4133,8.8375
8464,LSGG,LIML,3,Europe,Central Europe,Switzerland,GVA,CH,Geneve,Geneva Airport,46.2381,6.10895,Europe,Southern Europe,Italy,LIN,IT,Lombardia,Milan-Linate Airport,45.4494,9.2783
8465,LSGG,LIRI,1,Europe,Central Europe,Switzerland,GVA,CH,Geneve,Geneva Airport,46.2381,6.10895,Europe,Southern Europe,Italy,QSR,IT,Campania,Salerno Costa d'Amalfi Airport (Pontecagnano Airport),40.6204,14.9113
8466,LSGG,LKPR,1,Europe,Central Europe,Switzerland,GVA,CH,Geneve,Geneva Airport,46.2381,6.10895,Europe,Central Europe,Czech Republic,PRG,CZ,Stredocesky kraj,Vaclav Havel Airport Prague,50.1008,14.26
8467,LSGG,LOWW,2,Europe,Central Europe,Switzerland,GVA,CH,Geneve,Geneva Airport,46.2381,6.10895,Europe,Central Europe,Austria,VIE,AT,Niederosterreich,Vienna International Airport,48.1103,16.5697
8468,LSGG,LPBJ,1,Europe,Central Europe,Switzerland,GVA,CH,Geneve,Geneva Airport,46.2381,6.10895,Europe,Southern Europe,Portugal,BYJ,PT,Beja,Beja Airport,38.0789,-7.9324
8469,LSGG,LPPR,2,Europe,Central Europe,Switzerland,GVA,CH,Geneve,Geneva Airport,46.2381,6.10895,Europe,Southern Europe,Portugal,OPO,PT,Porto,Francisco Sá Carneiro Airport,41.2356,-8.67806
8470,LSGG,LPPT,5,Europe,Central Europe,Switzerland,GVA,CH,Geneve,Geneva Airport,46.2381,6.10895,Europe,Southern Europe,Portugal,LIS,PT,Lisboa,Lisbon Portela Airport,38.7813,-9.13592
8471,LSGG,LSGG,1,Europe,Central Europe,Switzerland,GVA,CH,Geneve,Geneva Airport,46.2381,6.10895,Europe,Central Europe,Switzerland,GVA,CH,Geneve,Geneva Airport,46.2381,6.10895
8472,LSGG,LSZA,2,Europe,Central Europe,Switzerland,GVA,CH,Geneve,Geneva Airport,46.2381,6.10895,Europe,Central Europe,Switzerland,LUG,CH,Ticino,Lugano Airport,46.0043,8.91058
8473,LSGG,LSZB,1,Europe,Central Europe,Switzerland,GVA,CH,Geneve,Geneva Airport,46.2381,6.10895,Europe,Central Europe,Switzerland,BRN,CH,Bern,Bern Airport,46.9141,7.49715
8474,LSGG,LSZH,3,Europe,Central Europe,Switzerland,GVA,CH,Geneve,Geneva Airport,46.2381,6.10895,Europe,Central Europe,Switzerland,ZRH,CH,Zurich,Zurich Airport,47.4647,8.54917
8476,LSGG,LYTV,1,Europe,Central Europe,Switzerland,GVA,CH,Geneve,Geneva Airport,46.2381,6.10895,Europe,Eastern Europe,Montenegro,TIV,ME,Tivat,Tivat Airport,42.4047,18.7233
8491,LSZA,EDNY,1,Europe,Central Europe,Switzerland,LUG,CH,Ticino,Lugano Airport,46.0043,8.91058,Europe,Central Europe,Germany,FDH,DE,Baden-Wurttemberg,Friedrichshafen Airport (Bodensee Airport),47.6713,9.51149
8493,LSZA,LEIB,1,Europe,Central Europe,Switzerland,LUG,CH,Ticino,Lugano Airport,46.0043,8.91058,Europe,Southern Europe,Spain,IBZ,ES,Illes Balears,Ibiza Airport,38.8729,1.37312
8494,LSZA,LSZH,1,Europe,Central Europe,Switzerland,LUG,CH,Ticino,Lugano Airport,46.0043,8.91058,Europe,Central Europe,Switzerland,ZRH,CH,Zurich,Zurich Airport,47.4647,8.54917
8495,LSZB,BIKF,1,Europe,Central Europe,Switzerland,BRN,CH,Bern,Bern Airport,46.9141,7.49715,Europe,Nordic Region,Iceland,KEF,IS,Sudurnes,Keflavík International Airport,63.985,-22.6056
8496,LSZB,EDDB,1,Europe,Central Europe,Switzerland,BRN,CH,Bern,Bern Airport,46.9141,7.49715,Europe,Central Europe,Germany,BER,DE,Brandenburg,Berlin Brandenburg Airport,52.3514,13.4939
8497,LSZB,EDDH,1,Europe,Central Europe,Switzerland,BRN,CH,Bern,Bern Airport,46.9141,7.49715,Europe,Central Europe,Germany,HAM,DE,Hamburg,Hamburg Airport,53.6304,9.98823
8498,LSZB,EGBB,1,Europe,Central Europe,Switzerland,BRN,CH,Bern,Bern Airport,46.9141,7.49715,Europe,United Kingdom,England,BHX,GB,England,Birmingham Airport,52.4539,-1.74803
8499,LSZB,EGGW,1,Europe,Central Europe,Switzerland,BRN,CH,Bern,Bern Airport,46.9141,7.49715,Europe,United Kingdom,England,LTN,GB,England,London Luton Airport,51.8747,-0.368333
8500,LSZB,EHAM,1,Europe,Central Europe,Switzerland,BRN,CH,Bern,Bern Airport,46.9141,7.49715,Europe,Western Europe,Netherlands,AMS,NL,Noord-Holland,Amsterdam Airport Schiphol,52.3086,4.76389
8501,LSZB,EHGG,1,Europe,Central Europe,Switzerland,BRN,CH,Bern,Bern Airport,46.9141,7.49715,Europe,Western Europe,Netherlands,GRQ,NL,Drenthe,Groningen Airport Eelde,53.1197,6.57944
8502,LSZB,EINN,1,Europe,Central Europe,Switzerland,BRN,CH,Bern,Bern Airport,46.9141,7.49715,Europe,Western Europe,Ireland,SNN,IE,Clare,Shannon Airport,52.702,-8.92482
8503,LSZB,ESGG,1,Europe,Central Europe,Switzerland,BRN,CH,Bern,Bern Airport,46.9141,7.49715,Europe,Nordic Region,Sweden,GOT,SE,Vastra Gotalands lan,Goteborg Landvetter Airport,57.6628,12.2798
8504,LSZB,LATI,1,Europe,Central Europe,Switzerland,BRN,CH,Bern,Bern Airport,46.9141,7.49715,Europe,Eastern Europe,Albania,TIA,IR,Azarbayjan-e Gharbi,Tirana International Airport,41.4147,19.7206
8505,LSZB,LBSF,1,Europe,Central Europe,Switzerland,BRN,CH,Bern,Bern Airport,46.9141,7.49715,Europe,Eastern Europe,Bulgaria,SOF,BG,Sofia,Sofia Airport,42.6967,23.4114
8506,LSZB,LDRI,1,Europe,Central Europe,Switzerland,BRN,CH,Bern,Bern Airport,46.9141,7.49715,Europe,Southern Europe,Croatia,RJK,HR,Primorsko-goranska zupanija,Rijeka Airport,45.2169,14.5703
8507,LSZB,LEIB,1,Europe,Central Europe,Switzerland,BRN,CH,Bern,Bern Airport,46.9141,7.49715,Europe,Southern Europe,Spain,IBZ,ES,Illes Balears,Ibiza Airport,38.8729,1.37312
8508,LSZB,LEMG,1,Europe,Central Europe,Switzerland,BRN,CH,Bern,Bern Airport,46.9141,7.49715,Europe,Southern Europe,Spain,AGP,ES,Andalucia,Malaga Airport,36.6749,-4.49911
8509,LSZB,LEPA,2,Europe,Central Europe,Switzerland,BRN,CH,Bern,Bern Airport,46.9141,7.49715,Europe,Southern Europe,Spain,PMI,ES,Illes Balears,Palma de Mallorca Airport,39.5517,2.73881
8510,LSZB,LFKF,1,Europe,Central Europe,Switzerland,BRN,CH,Bern,Bern Airport,46.9141,7.49715,Europe,Western Europe,France,FSC,FR,Corse,Figari-Sud Corse Airport,41.5006,9.09778
8511,LSZB,LFMN,4,Europe,Central Europe,Switzerland,BRN,CH,Bern,Bern Airport,46.9141,7.49715,Europe,Western Europe,France,NCE,FR,Provence-Alpes-Cote-d'Azur,Nice Cote d'Azur Airport,43.6584,7.21587
8512,LSZB,LFSB,1,Europe,Central Europe,Switzerland,BRN,CH,Bern,Bern Airport,46.9141,7.49715,Europe,Western Europe,France,BSL,CH,Basel-City,EuroAirport Basel Mulhouse Freiburg,47.59,7.52916
8513,LSZB,LFSB,1,Europe,Central Europe,Switzerland,BRN,CH,Bern,Bern Airport,46.9141,7.49715,Europe,Central Europe,Switzerland,BSL,CH,Basel-City,EuroAirport Basel Mulhouse Freiburg,47.59,7.52916
8514,LSZB,LGIR,2,Europe,Central Europe,Switzerland,BRN,CH,Bern,Bern Airport,46.9141,7.49715,Europe,Southern Europe,Greece,HER,GR,Kriti,Heraklion International Airport (Nikos Kazantzakis Airport),35.3397,25.1803
8515,LSZB,LGKO,1,Europe,Central Europe,Switzerland,BRN,CH,Bern,Bern Airport,46.9141,7.49715,Europe,Southern Europe,Greece,KGS,GR,Notio Aigaio,Kos Island International Airport,36.7933,27.0917
8516,LSZB,LGRP,1,Europe,Central Europe,Switzerland,BRN,CH,Bern,Bern Airport,46.9141,7.49715,Europe,Southern Europe,Greece,RHO,GR,Notio Aigaio,Rhodes International Airport,36.4054,28.0862
8517,LSZB,LGSR,1,Europe,Central Europe,Switzerland,BRN,CH,Bern,Bern Airport,46.9141,7.49715,Europe,Southern Europe,Greece,JTR,GR,Notio Aigaio,Santorini (Thira) National Airport,36.3992,25.4793
8518,LSZB,LIMJ,1,Europe,Central Europe,Switzerland,BRN,CH,Bern,Bern Airport,46.9141,7.49715,Europe,Southern Europe,Italy,GOA,IT,Liguria,Genoa Cristoforo Colombo Airport,44.4133,8.8375
8519,LSZB,LIRI,1,Europe,Central Europe,Switzerland,BRN,CH,Bern,Bern Airport,46.9141,7.49715,Europe,Southern Europe,Italy,QSR,IT,Campania,Salerno Costa d'Amalfi Airport (Pontecagnano Airport),40.6204,14.9113
8520,LSZB,LIRN,1,Europe,Central Europe,Switzerland,BRN,CH,Bern,Bern Airport,46.9141,7.49715,Europe,Southern Europe,Italy,NAP,IT,Campania,Naples International Airport,40.886,14.2908
8521,LSZB,LOWS,1,Europe,Central Europe,Switzerland,BRN,CH,Bern,Bern Airport,46.9141,7.49715,Europe,Central Europe,Austria,SZG,AT,Salzburg,Salzburg Airport,47.7933,13.0043
8522,LSZB,LRCL,1,Europe,Central Europe,Switzerland,BRN,CH,Bern,Bern Airport,46.9141,7.49715,Europe,Eastern Europe,Romania,CLJ,RO,Cluj,Cluj-Napoca International Airport,46.7852,23.6862
8525,LSZB,LSGG,3,Europe,Central Europe,Switzerland,BRN,CH,Bern,Bern Airport,46.9141,7.49715,Europe,Central Europe,Switzerland,GVA,CH,Geneve,Geneva Airport,46.2381,6.10895
8526,LSZB,LSZA,1,Europe,Central Europe,Switzerland,BRN,CH,Bern,Bern Airport,46.9141,7.49715,Europe,Central Europe,Switzerland,LUG,CH,Ticino,Lugano Airport,46.0043,8.91058
8527,LSZB,LSZB,3,Europe,Central Europe,Switzerland,BRN,CH,Bern,Bern Airport,46.9141,7.49715,Europe,Central Europe,Switzerland,BRN,CH,Bern,Bern Airport,46.9141,7.49715
8530,LSZB,LSZH,6,Europe,Central Europe,Switzerland,BRN,CH,Bern,Bern Airport,46.9141,7.49715,Europe,Central Europe,Switzerland,ZRH,CH,Zurich,Zurich Airport,47.4647,8.54917
8531,LSZB,LSZR,1,Europe,Central Europe,Switzerland,BRN,CH,Bern,Bern Airport,46.9141,7.49715,Europe,Central Europe,Switzerland,ACH,CH,Sankt Gallen,St. Gallen-Altenrhein Airport,47.485,9.56077
8545,LSZH,BKPR,3,Europe,Central Europe,Switzerland,ZRH,CH,Zurich,Zurich Airport,47.4647,8.54917,Europe,Eastern Europe,Kosovo,PRN,XK,Pristina,Pristina Adem Jashari Airport,42.5745,21.0294
8551,LSZH,EDDB,2,Europe,Central Europe,Switzerland,ZRH,CH,Zurich,Zurich Airport,47.4647,8.54917,Europe,Central Europe,Germany,BER,DE,Brandenburg,Berlin Brandenburg Airport,52.3514,13.4939
8552,LSZH,EDDF,4,Europe,Central Europe,Switzerland,ZRH,CH,Zurich,Zurich Airport,47.4647,8.54917,Europe,Central Europe,Germany,FRA,DE,Hessen,Frankfurt Airport,50.0333,8.57056
8553,LSZH,EDDL,1,Europe,Central Europe,Switzerland,ZRH,CH,Zurich,Zurich Airport,47.4647,8.54917,Europe,Central Europe,Germany,DUS,DE,Nordrhein-Westfalen,Dusseldorf Airport,51.2895,6.76678
8554,LSZH,EGCC,1,Europe,Central Europe,Switzerland,ZRH,CH,Zurich,Zurich Airport,47.4647,8.54917,Europe,United Kingdom,England,MAN,GB,England,Manchester Airport,53.3537,-2.27495
8555,LSZH,EGGW,1,Europe,Central Europe,Switzerland,ZRH,CH,Zurich,Zurich Airport,47.4647,8.54917,Europe,United Kingdom,England,LTN,GB,England,London Luton Airport,51.8747,-0.368333
8556,LSZH,EGHQ,2,Europe,Central Europe,Switzerland,ZRH,CH,Zurich,Zurich Airport,47.4647,8.54917,Europe,United Kingdom,England,NQY,GB,England,Cornwall Airport Newquay,50.4406,-4.99541
8557,LSZH,EGKK,1,Europe,Central Europe,Switzerland,ZRH,CH,Zurich,Zurich Airport,47.4647,8.54917,Europe,United Kingdom,England,LGW,GB,England,Gatwick Airport,51.1481,-0.190278
8558,LSZH,EGLC,4,Europe,Central Europe,Switzerland,ZRH,CH,Zurich,Zurich Airport,47.4647,8.54917,Europe,United Kingdom,England,LCY,GB,England,London City Airport,51.5053,0.055278
8559,LSZH,EGLL,1,Europe,Central Europe,Switzerland,ZRH,CH,Zurich,Zurich Airport,47.4647,8.54917,Europe,United Kingdom,England,LHR,GB,England,Heathrow Airport,51.4775,-0.461389
8560,LSZH,EGPH,6,Europe,Central Europe,Switzerland,ZRH,CH,Zurich,Zurich Airport,47.4647,8.54917,Europe,United Kingdom,Scotland,EDI,GB,Scotland,Edinburgh Airport,55.95,-3.3725
8561,LSZH,EINN,1,Europe,Central Europe,Switzerland,ZRH,CH,Zurich,Zurich Airport,47.4647,8.54917,Europe,Western Europe,Ireland,SNN,IE,Clare,Shannon Airport,52.702,-8.92482
8562,LSZH,ELLX,1,Europe,Central Europe,Switzerland,ZRH,CH,Zurich,Zurich Airport,47.4647,8.54917,Europe,Western Europe,Luxembourg,LUX,LU,Luxembourg,Luxembourg Findel Airport,49.6233,6.20444
8566,LSZH,GCLP,1,Europe,Central Europe,Switzerland,ZRH,CH,Zurich,Zurich Airport,47.4647,8.54917,Europe,Southern Europe,Spain,LPA,ES,Canarias,Gran Canaria Airport,27.9319,-15.3866
8567,LSZH,GCTS,1,Europe,Central Europe,Switzerland,ZRH,CH,Zurich,Zurich Airport,47.4647,8.54917,Europe,Southern Europe,Spain,TFS,ES,Canarias,Tenerife South Airport,28.046,-16.5728
8597,LSZH,LDZD,1,Europe,Central Europe,Switzerland,ZRH,CH,Zurich,Zurich Airport,47.4647,8.54917,Europe,Southern Europe,Croatia,ZAD,HR,Zadarska zupanija,Zadar Airport,44.1083,15.3467
8598,LSZH,LEGE,1,Europe,Central Europe,Switzerland,ZRH,CH,Zurich,Zurich Airport,47.4647,8.54917,Europe,Southern Europe,Spain,GRO,ES,Catalunya,Girona-Costa Brava Airport,41.901,2.76055
8599,LSZH,LEIB,6,Europe,Central Europe,Switzerland,ZRH,CH,Zurich,Zurich Airport,47.4647,8.54917,Europe,Southern Europe,Spain,IBZ,ES,Illes Balears,Ibiza Airport,38.8729,1.37312
8600,LSZH,LEPA,1,Europe,Central Europe,Switzerland,ZRH,CH,Zurich,Zurich Airport,47.4647,8.54917,Europe,Southern Europe,Spain,PMI,ES,Illes Balears,Palma de Mallorca Airport,39.5517,2.73881
8601,LSZH,LEVC,1,Europe,Central Europe,Switzerland,ZRH,CH,Zurich,Zurich Airport,47.4647,8.54917,Europe,Southern Europe,Spain,VLC,ES,"Valenciana, Comunidad",Valencia Airport,39.4893,-0.481625
8602,LSZH,LFBD,1,Europe,Central Europe,Switzerland,ZRH,CH,Zurich,Zurich Airport,47.4647,8.54917,Europe,Western Europe,France,BOD,FR,Nouvelle-Aquitaine,Bordeaux-Merignac Airport,44.8283,-0.715556
8603,LSZH,LFBZ,1,Europe,Central Europe,Switzerland,ZRH,CH,Zurich,Zurich Airport,47.4647,8.54917,Europe,Western Europe,France,BIQ,FR,Nouvelle-Aquitaine,Biarritz Pays Basque Airport,43.4683,-1.53111
8604,LSZH,LFMN,3,Europe,Central Europe,Switzerland,ZRH,CH,Zurich,Zurich Airport,47.4647,8.54917,Europe,Western Europe,France,NCE,FR,Provence-Alpes-Cote-d'Azur,Nice Cote d'Azur Airport,43.6584,7.21587
8605,LSZH,LFOK,1,Europe,Central Europe,Switzerland,ZRH,CH,Zurich,Zurich Airport,47.4647,8.54917,Europe,Western Europe,France,XCR,FR,Grand-Est,Chalons Vatry Airport,48.7806,4.1883
8606,LSZH,LFSB,1,Europe,Central Europe,Switzerland,ZRH,CH,Zurich,Zurich Airport,47.4647,8.54917,Europe,Western Europe,France,BSL,CH,Basel-City,EuroAirport Basel Mulhouse Freiburg,47.59,7.52916
8607,LSZH,LFSB,1,Europe,Central Europe,Switzerland,ZRH,CH,Zurich,Zurich Airport,47.4647,8.54917,Europe,Central Europe,Switzerland,BSL,CH,Basel-City,EuroAirport Basel Mulhouse Freiburg,47.59,7.52916
8608,LSZH,LGIR,1,Europe,Central Europe,Switzerland,ZRH,CH,Zurich,Zurich Airport,47.4647,8.54917,Europe,Southern Europe,Greece,HER,GR,Kriti,Heraklion International Airport (Nikos Kazantzakis Airport),35.3397,25.1803
8609,LSZH,LGKR,1,Europe,Central Europe,Switzerland,ZRH,CH,Zurich,Zurich Airport,47.4647,8.54917,Europe,Southern Europe,Greece,CFU,GR,Ionia Nisia,Corfu International Airport (Ioannis Kapodistrias Int'l Airport),39.6019,19.9117
8610,LSZH,LGMK,1,Europe,Central Europe,Switzerland,ZRH,CH,Zurich,Zurich Airport,47.4647,8.54917,Europe,Southern Europe,Greece,JMK,GR,Notio Aigaio,Mykonos Island National Airport,37.4351,25.3481
8611,LSZH,LGSK,3,Europe,Central Europe,Switzerland,ZRH,CH,Zurich,Zurich Airport,47.4647,8.54917,Europe,Southern Europe,Greece,JSI,GR,Thessalia,Skiathos Island National Airport,39.1771,23.5037
8612,LSZH,LGZA,1,Europe,Central Europe,Switzerland,ZRH,CH,Zurich,Zurich Airport,47.4647,8.54917,Europe,Southern Europe,Greece,ZTH,GR,Ionia Nisia,Zakynthos International Airport (Dionysios SolomosAirport),37.7509,20.8843
8613,LSZH,LIBP,1,Europe,Central Europe,Switzerland,ZRH,CH,Zurich,Zurich Airport,47.4647,8.54917,Europe,Southern Europe,Italy,PSR,IT,Abruzzo,Abruzzo Airport,42.4317,14.1811
8614,LSZH,LICJ,1,Europe,Central Europe,Switzerland,ZRH,CH,Zurich,Zurich Airport,47.4647,8.54917,Europe,Southern Europe,Italy,PMO,IT,Sicilia,Falcone-Borsellino Airport (Punta Raisi Airport),38.176,13.091
8615,LSZH,LICT,1,Europe,Central Europe,Switzerland,ZRH,CH,Zurich,Zurich Airport,47.4647,8.54917,Europe,Southern Europe,Italy,TPS,IT,Sicilia,Vincenzo Florio Airport,37.9114,12.488
8616,LSZH,LIPZ,1,Europe,Central Europe,Switzerland,ZRH,CH,Zurich,Zurich Airport,47.4647,8.54917,Europe,Southern Europe,Italy,VCE,IT,Veneto,Venice Marco Polo Airport,45.5053,12.3519
8617,LSZH,LIRI,1,Europe,Central Europe,Switzerland,ZRH,CH,Zurich,Zurich Airport,47.4647,8.54917,Europe,Southern Europe,Italy,QSR,IT,Campania,Salerno Costa d'Amalfi Airport (Pontecagnano Airport),40.6204,14.9113
8618,LSZH,LIRQ,1,Europe,Central Europe,Switzerland,ZRH,CH,Zurich,Zurich Airport,47.4647,8.54917,Europe,Southern Europe,Italy,FLR,IT,Toscana,Florence Airport,43.81,11.2051
8619,LSZH,LOWG,3,Europe,Central Europe,Switzerland,ZRH,CH,Zurich,Zurich Airport,47.4647,8.54917,Europe,Central Europe,Austria,GRZ,AT,Steiermark,Graz Airport,46.9911,15.4396
8620,LSZH,LOWI,1,Europe,Central Europe,Switzerland,ZRH,CH,Zurich,Zurich Airport,47.4647,8.54917,Europe,Central Europe,Austria,INN,AT,Tirol,Innsbruck Airport (Kranebitten Airport),47.2602,11.344
8621,LSZH,LOWW,3,Europe,Central Europe,Switzerland,ZRH,CH,Zurich,Zurich Airport,47.4647,8.54917,Europe,Central Europe,Austria,VIE,AT,Niederosterreich,Vienna International Airport,48.1103,16.5697
8622,LSZH,LPFR,3,Europe,Central Europe,Switzerland,ZRH,CH,Zurich,Zurich Airport,47.4647,8.54917,Europe,Southern Europe,Portugal,FAO,PT,Faro,Faro Airport,37.0144,-7.96591
8623,LSZH,LPPD,1,Europe,Central Europe,Switzerland,ZRH,CH,Zurich,Zurich Airport,47.4647,8.54917,Europe,Southern Europe,Portugal,PDL,PT,Regiao Autonoma dos Acores,Joao Paulo II Airport,37.7412,-25.6979
8624,LSZH,LPPR,2,Europe,Central Europe,Switzerland,ZRH,CH,Zurich,Zurich Airport,47.4647,8.54917,Europe,Southern Europe,Portugal,OPO,PT,Porto,Francisco Sá Carneiro Airport,41.2356,-8.67806
8625,LSZH,LQSA,1,Europe,Central Europe,Switzerland,ZRH,CH,Zurich,Zurich Airport,47.4647,8.54917,Europe,Eastern Europe,Bosnia and Herzegovina,SJJ,BA,Federacija Bosne i Hercegovine,Sarajevo International Airport,43.8246,18.3315
8626,LSZH,LROP,2,Europe,Central Europe,Switzerland,ZRH,CH,Zurich,Zurich Airport,47.4647,8.54917,Europe,Eastern Europe,Romania,OTP,RO,Ilfov,Bucharest Henri Coandă International Airport,44.5711,26.085
8627,LSZH,LSGG,3,Europe,Central Europe,Switzerland,ZRH,CH,Zurich,Zurich Airport,47.4647,8.54917,Europe,Central Europe,Switzerland,GVA,CH,Geneve,Geneva Airport,46.2381,6.10895
8628,LSZH,LSZB,1,Europe,Central Europe,Switzerland,ZRH,CH,Zurich,Zurich Airport,47.4647,8.54917,Europe,Central Europe,Switzerland,BRN,CH,Bern,Bern Airport,46.9141,7.49715
8629,LSZH,LSZH,1,Europe,Central Europe,Switzerland,ZRH,CH,Zurich,Zurich Airport,47.4647,8.54917,Europe,Central Europe,Switzerland,ZRH,CH,Zurich,Zurich Airport,47.4647,8.54917
8630,LSZH,LSZR,1,Europe,Central Europe,Switzerland,ZRH,CH,Zurich,Zurich Airport,47.4647,8.54917,Europe,Central Europe,Switzerland,ACH,CH,Sankt Gallen,St. Gallen-Altenrhein Airport,47.485,9.56077
8636,LSZH,LWSK,2,Europe,Central Europe,Switzerland,ZRH,CH,Zurich,Zurich Airport,47.4647,8.54917,Europe,Eastern Europe,North Macedonia,SKP,MK,Skopje,Skopje Alexander the Great Airport,41.9616,21.6214
8659,LSZR,EFHK,1,Europe,Central Europe,Switzerland,ACH,CH,Sankt Gallen,St. Gallen-Altenrhein Airport,47.485,9.56077,Europe,Nordic Region,Finland,HEL,FI,Uusimaa,Helsinki Airport (Helsinki-Vantaa Airport),60.3172,24.9633
8661,LSZR,LEIB,1,Europe,Central Europe,Switzerland,ACH,CH,Sankt Gallen,St. Gallen-Altenrhein Airport,47.485,9.56077,Europe,Southern Europe,Spain,IBZ,ES,Illes Balears,Ibiza Airport,38.8729,1.37312
8662,LSZR,LIEO,1,Europe,Central Europe,Switzerland,ACH,CH,Sankt Gallen,St. Gallen-Altenrhein Airport,47.485,9.56077,Europe,Southern Europe,Italy,OLB,IT,Sardegna,Olbia Costa Smeralda Airport,40.8987,9.51763
8663,LSZR,LJLJ,1,Europe,Central Europe,Switzerland,ACH,CH,Sankt Gallen,St. Gallen-Altenrhein Airport,47.485,9.56077,Europe,Southern Europe,Slovenia,LJU,SI,Cerklje na Gorenjskem,Ljubljana Joze Pucnik Airport (Brnik Airport),46.2237,14.4576
8664,LSZR,LOWG,1,Europe,Central Europe,Switzerland,ACH,CH,Sankt Gallen,St. Gallen-Altenrhein Airport,47.485,9.56077,Europe,Central Europe,Austria,GRZ,AT,Steiermark,Graz Airport,46.9911,15.4396
8665,LSZR,LOWL,1,Europe,Central Europe,Switzerland,ACH,CH,Sankt Gallen,St. Gallen-Altenrhein Airport,47.485,9.56077,Europe,Central Europe,Austria,LNZ,AT,Oberosterreich,Linz Airport (Blue Danube Airport),48.2332,14.1875
8666,LSZR,LOWS,1,Europe,Central Europe,Switzerland,ACH,CH,Sankt Gallen,St. Gallen-Altenrhein Airport,47.485,9.56077,Europe,Central Europe,Austria,SZG,AT,Salzburg,Salzburg Airport,47.7933,13.0043
8667,LSZR,LOWW,5,Europe,Central Europe,Switzerland,ACH,CH,Sankt Gallen,St. Gallen-Altenrhein Airport,47.485,9.56077,Europe,Central Europe,Austria,VIE,AT,Niederosterreich,Vienna International Airport,48.1103,16.5697
8668,LSZR,LQSA,1,Europe,Central Europe,Switzerland,ACH,CH,Sankt Gallen,St. Gallen-Altenrhein Airport,47.485,9.56077,Europe,Eastern Europe,Bosnia and Herzegovina,SJJ,BA,Federacija Bosne i Hercegovine,Sarajevo International Airport,43.8246,18.3315
8669,LSZR,LSGG,1,Europe,Central Europe,Switzerland,ACH,CH,Sankt Gallen,St. Gallen-Altenrhein Airport,47.485,9.56077,Europe,Central Europe,Switzerland,GVA,CH,Geneve,Geneva Airport,46.2381,6.10895
8670,LSZR,LSZB,3,Europe,Central Europe,Switzerland,ACH,CH,Sankt Gallen,St. Gallen-Altenrhein Airport,47.485,9.56077,Europe,Central Europe,Switzerland,BRN,CH,Bern,Bern Airport,46.9141,7.49715
8671,LSZR,LSZH,2,Europe,Central Europe,Switzerland,ACH,CH,Sankt Gallen,St. Gallen-Altenrhein Airport,47.485,9.56077,Europe,Central Europe,Switzerland,ZRH,CH,Zurich,Zurich Airport,47.4647,8.54917
8672,LSZR,LZKZ,1,Europe,Central Europe,Switzerland,ACH,CH,Sankt Gallen,St. Gallen-Altenrhein Airport,47.485,9.56077,Europe,Central Europe,Slovakia,KSC,SK,Kosicky kraj,Kosice International Airport,48.6631,21.2411
8996,LUKK,EDDF,2,Europe,Eastern Europe,Moldova,RMO,MD,Chisinau,Chisinau International Airport,46.9277,28.931,Europe,Central Europe,Germany,FRA,DE,Hessen,Frankfurt Airport,50.0333,8.57056
8997,LUKK,EDDH,1,Europe,Eastern Europe,Moldova,RMO,MD,Chisinau,Chisinau International Airport,46.9277,28.931,Europe,Central Europe,Germany,HAM,DE,Hamburg,Hamburg Airport,53.6304,9.98823
8998,LUKK,EDDL,1,Europe,Eastern Europe,Moldova,RMO,MD,Chisinau,Chisinau International Airport,46.9277,28.931,Europe,Central Europe,Germany,DUS,DE,Nordrhein-Westfalen,Dusseldorf Airport,51.2895,6.76678
8999,LUKK,EDDN,2,Europe,Eastern Europe,Moldova,RMO,MD,Chisinau,Chisinau International Airport,46.9277,28.931,Europe,Central Europe,Germany,NUE,DE,Bayern,Nuremberg Airport,49.4987,11.0781
9000,LUKK,EDDW,2,Europe,Eastern Europe,Moldova,RMO,MD,Chisinau,Chisinau International Airport,46.9277,28.931,Europe,Central Europe,Germany,BRE,DE,Bremen,Bremen Airport,53.0475,8.78667
9001,LUKK,EGSS,1,Europe,Eastern Europe,Moldova,RMO,MD,Chisinau,Chisinau International Airport,46.9277,28.931,Europe,United Kingdom,England,STN,GB,England,London Stansted Airport,51.885,0.235
9002,LUKK,EHAM,1,Europe,Eastern Europe,Moldova,RMO,MD,Chisinau,Chisinau International Airport,46.9277,28.931,Europe,Western Europe,Netherlands,AMS,NL,Noord-Holland,Amsterdam Airport Schiphol,52.3086,4.76389
9003,LUKK,ESKN,2,Europe,Eastern Europe,Moldova,RMO,MD,Chisinau,Chisinau International Airport,46.9277,28.931,Europe,Nordic Region,Sweden,NYO,SE,Sodermanlands lan,Stockholm Skavsta Airport,58.7886,16.9122
9005,LUKK,LATI,1,Europe,Eastern Europe,Moldova,RMO,MD,Chisinau,Chisinau International Airport,46.9277,28.931,Europe,Eastern Europe,Albania,TIA,IR,Azarbayjan-e Gharbi,Tirana International Airport,41.4147,19.7206
9007,LUKK,LEAL,1,Europe,Eastern Europe,Moldova,RMO,MD,Chisinau,Chisinau International Airport,46.9277,28.931,Europe,Southern Europe,Spain,ALC,ES,"Valenciana, Comunidad",Alicante-Elche Airport,38.2822,-0.558156
9008,LUKK,LEBL,2,Europe,Eastern Europe,Moldova,RMO,MD,Chisinau,Chisinau International Airport,46.9277,28.931,Europe,Southern Europe,Spain,BCN,ES,Catalunya,Barcelona El Prat Airport,41.2971,2.07846
9009,LUKK,LEPA,3,Europe,Eastern Europe,Moldova,RMO,MD,Chisinau,Chisinau International Airport,46.9277,28.931,Europe,Southern Europe,Spain,PMI,ES,Illes Balears,Palma de Mallorca Airport,39.5517,2.73881
9010,LUKK,LFMN,1,Europe,Eastern Europe,Moldova,RMO,MD,Chisinau,Chisinau International Airport,46.9277,28.931,Europe,Western Europe,France,NCE,FR,Provence-Alpes-Cote-d'Azur,Nice Cote d'Azur Airport,43.6584,7.21587
9011,LUKK,LFOB,1,Europe,Eastern Europe,Moldova,RMO,MD,Chisinau,Chisinau International Airport,46.9277,28.931,Europe,Western Europe,France,BVA,FR,Hauts-de-France,Beauvais–Tillé Airport,49.45444,2.11277
9012,LUKK,LFPO,1,Europe,Eastern Europe,Moldova,RMO,MD,Chisinau,Chisinau International Airport,46.9277,28.931,Europe,Western Europe,France,ORY,FR,Ile-de-France,Aéroport de Paris-Orly,48.7231,2.35944
9013,LUKK,LGAV,2,Europe,Eastern Europe,Moldova,RMO,MD,Chisinau,Chisinau International Airport,46.9277,28.931,Europe,Southern Europe,Greece,ATH,GR,Attiki,Athens International Airport (Eleftherios Venizelos Airport),37.9364,23.9445
9014,LUKK,LGIR,2,Europe,Eastern Europe,Moldova,RMO,MD,Chisinau,Chisinau International Airport,46.9277,28.931,Europe,Southern Europe,Greece,HER,GR,Kriti,Heraklion International Airport (Nikos Kazantzakis Airport),35.3397,25.1803
9015,LUKK,LGTS,1,Europe,Eastern Europe,Moldova,RMO,MD,Chisinau,Chisinau International Airport,46.9277,28.931,Europe,Southern Europe,Greece,SKG,GR,Kentriki Makedonia,Thessaloniki Airport,40.5197,22.9709
9016,LUKK,LHBP,1,Europe,Eastern Europe,Moldova,RMO,MD,Chisinau,Chisinau International Airport,46.9277,28.931,Europe,Central Europe,Hungary,BUD,HU,Budapest,Budapest Ferenc Liszt International Airport,47.4298,19.2611
9017,LUKK,LIMF,1,Europe,Eastern Europe,Moldova,RMO,MD,Chisinau,Chisinau International Airport,46.9277,28.931,Europe,Southern Europe,Italy,TRN,IT,Piemonte,Turin Airport (Caselle Airport),45.2008,7.64963
9018,LUKK,LKPR,1,Europe,Eastern Europe,Moldova,RMO,MD,Chisinau,Chisinau International Airport,46.9277,28.931,Europe,Central Europe,Czech Republic,PRG,CZ,Stredocesky kraj,Vaclav Havel Airport Prague,50.1008,14.26
9020,LUKK,LPPT,1,Europe,Eastern Europe,Moldova,RMO,MD,Chisinau,Chisinau International Airport,46.9277,28.931,Europe,Southern Europe,Portugal,LIS,PT,Lisboa,Lisbon Portela Airport,38.7813,-9.13592
9021,LUKK,LROP,1,Europe,Eastern Europe,Moldova,RMO,MD,Chisinau,Chisinau International Airport,46.9277,28.931,Europe,Eastern Europe,Romania,OTP,RO,Ilfov,Bucharest Henri Coandă International Airport,44.5711,26.085
9024,LUKK,LYTV,1,Europe,Eastern Europe,Moldova,RMO,MD,Chisinau,Chisinau International Airport,46.9277,28.931,Europe,Eastern Europe,Montenegro,TIV,ME,Tivat,Tivat Airport,42.4047,18.7233
9028,LWOH,EHAM,1,Europe,Eastern Europe,North Macedonia,OHD,MK,Ohrid,Ohrid St. Paul the Apostle Airport,41.18,20.7423,Europe,Western Europe,Netherlands,AMS,NL,Noord-Holland,Amsterdam Airport Schiphol,52.3086,4.76389
9029,LWOH,LIEO,3,Europe,Eastern Europe,North Macedonia,OHD,MK,Ohrid,Ohrid St. Paul the Apostle Airport,41.18,20.7423,Europe,Southern Europe,Italy,OLB,IT,Sardegna,Olbia Costa Smeralda Airport,40.8987,9.51763
9030,LWOH,LIPO,1,Europe,Eastern Europe,North Macedonia,OHD,MK,Ohrid,Ohrid St. Paul the Apostle Airport,41.18,20.7423,Europe,Southern Europe,Italy,VBS,IT,Lombardia,Brescia Airport (Gabriele D'Annunzio Airport),45.4289,10.3306
9031,LWOH,LOWW,1,Europe,Eastern Europe,North Macedonia,OHD,MK,Ohrid,Ohrid St. Paul the Apostle Airport,41.18,20.7423,Europe,Central Europe,Austria,VIE,AT,Niederosterreich,Vienna International Airport,48.1103,16.5697
9032,LWSK,EDNY,1,Europe,Eastern Europe,North Macedonia,SKP,MK,Skopje,Skopje Alexander the Great Airport,41.9616,21.6214,Europe,Central Europe,Germany,FDH,DE,Baden-Wurttemberg,Friedrichshafen Airport (Bodensee Airport),47.6713,9.51149
9033,LWSK,EDSB,1,Europe,Eastern Europe,North Macedonia,SKP,MK,Skopje,Skopje Alexander the Great Airport,41.9616,21.6214,Europe,Central Europe,Germany,FKB,DE,Baden-Wurttemberg,Karlsruhe/Baden-Baden Airport,48.7794,8.0805
9034,LWSK,EHAM,1,Europe,Eastern Europe,North Macedonia,SKP,MK,Skopje,Skopje Alexander the Great Airport,41.9616,21.6214,Europe,Western Europe,Netherlands,AMS,NL,Noord-Holland,Amsterdam Airport Schiphol,52.3086,4.76389
9036,LWSK,LSZH,1,Europe,Eastern Europe,North Macedonia,SKP,MK,Skopje,Skopje Alexander the Great Airport,41.9616,21.6214,Europe,Central Europe,Switzerland,ZRH,CH,Zurich,Zurich Airport,47.4647,8.54917
9038,LXGB,EGGW,1,Europe,Western Europe,Gibraltar,GIB,GI,Gibraltar,Gibraltar International Airport (North Front Airport),36.1512,-5.34966,Europe,United Kingdom,England,LTN,GB,England,London Luton Airport,51.8747,-0.368333
9039,LYBE,EBBR,1,Europe,Eastern Europe,Serbia,BEG,RS,Beograd,Belgrade Nikola Tesla Airport,44.8184,20.3091,Europe,Western Europe,Belgium,BRU,BE,Brussels Hoofdstedelijk Gewest,Brussels Airport (Zaventem Airport),50.9014,4.48444
9040,LYBE,EBLG,1,Europe,Eastern Europe,Serbia,BEG,RS,Beograd,Belgrade Nikola Tesla Airport,44.8184,20.3091,Europe,Western Europe,Belgium,LGG,BE,Liege,Liege Airport,50.6374,5.44322
9041,LYBE,EDDS,1,Europe,Eastern Europe,Serbia,BEG,RS,Beograd,Belgrade Nikola Tesla Airport,44.8184,20.3091,Europe,Central Europe,Germany,STR,DE,Baden-Wurttemberg,Stuttgart Airport,48.6899,9.22196
9042,LYBE,EDNY,1,Europe,Eastern Europe,Serbia,BEG,RS,Beograd,Belgrade Nikola Tesla Airport,44.8184,20.3091,Europe,Central Europe,Germany,FDH,DE,Baden-Wurttemberg,Friedrichshafen Airport (Bodensee Airport),47.6713,9.51149
9049,LYBE,LIBD,1,Europe,Eastern Europe,Serbia,BEG,RS,Beograd,Belgrade Nikola Tesla Airport,44.8184,20.3091,Europe,Southern Europe,Italy,BRI,IT,Puglia,Bari Karol Wojtyla Airport,41.1389,16.7606
9052,LYBE,ULLI,1,Europe,Eastern Europe,Serbia,BEG,RS,Beograd,Belgrade Nikola Tesla Airport,44.8184,20.3091,Europe,Eastern Europe,Russia,LED,RU,Leningradskaya oblast',Pulkovo Airport,59.8003,30.2625
9053,LYBE,URSS,1,Europe,Eastern Europe,Serbia,BEG,RS,Beograd,Belgrade Nikola Tesla Airport,44.8184,20.3091,Europe,Eastern Europe,Russia,AER,RU,Krasnodarskiy kray,Sochi International Airport,43.4499,39.9566
9054,LYBE,UWKD,1,Europe,Eastern Europe,Serbia,BEG,RS,Beograd,Belgrade Nikola Tesla Airport,44.8184,20.3091,Europe,Eastern Europe,Russia,KZN,RU,"Tatarstan, Respublika",Kazan International Airport,55.6062,49.2787
9055,LYNI,EDFH,1,Europe,Eastern Europe,Serbia,INI,RS,Nisavski okrug,Nis Constantine the Great Airport,43.3373,21.8537,Europe,Central Europe,Germany,HHN,DE,Rheinland-Pfalz,Frankfurt-Hahn Airport,49.9487,7.26389
9056,LYPG,EDLW,1,Europe,Eastern Europe,Montenegro,TGD,ME,Podgorica,Podgorica Airport,42.3594,19.2519,Europe,Central Europe,Germany,DTM,DE,Nordrhein-Westfalen,Dortmund Airport,51.5183,7.61224
9057,LYPG,EPWA,1,Europe,Eastern Europe,Montenegro,TGD,ME,Podgorica,Podgorica Airport,42.3594,19.2519,Europe,Central Europe,Poland,WAW,PL,Mazowieckie,Warsaw Chopin Airport,52.1657,20.9671
9059,LYPG,LFBE,1,Europe,Eastern Europe,Montenegro,TGD,ME,Podgorica,Podgorica Airport,42.3594,19.2519,Europe,Western Europe,France,EGC,FR,Nouvelle-Aquitaine,Bergerac Dordogne Perigord Airport,44.8253,0.518611
9060,LYPG,LFMH,1,Europe,Eastern Europe,Montenegro,TGD,ME,Podgorica,Podgorica Airport,42.3594,19.2519,Europe,Western Europe,France,EBU,FR,Auvergne-Rhone-Alpes,Saint-Etienne-Boutheon Airport,45.5406,4.29639
9062,LYTV,BKPR,1,Europe,Eastern Europe,Montenegro,TIV,ME,Tivat,Tivat Airport,42.4047,18.7233,Europe,Eastern Europe,Kosovo,PRN,XK,Pristina,Pristina Adem Jashari Airport,42.5745,21.0294
9063,LYTV,EBBR,1,Europe,Eastern Europe,Montenegro,TIV,ME,Tivat,Tivat Airport,42.4047,18.7233,Europe,Western Europe,Belgium,BRU,BE,Brussels Hoofdstedelijk Gewest,Brussels Airport (Zaventem Airport),50.9014,4.48444
9064,LYTV,EDDM,1,Europe,Eastern Europe,Montenegro,TIV,ME,Tivat,Tivat Airport,42.4047,18.7233,Europe,Central Europe,Germany,MUC,DE,Bayern,Munich Airport,48.3538,11.7861
9065,LYTV,EGBB,1,Europe,Eastern Europe,Montenegro,TIV,ME,Tivat,Tivat Airport,42.4047,18.7233,Europe,United Kingdom,England,BHX,GB,England,Birmingham Airport,52.4539,-1.74803
9066,LYTV,EGCC,2,Europe,Eastern Europe,Montenegro,TIV,ME,Tivat,Tivat Airport,42.4047,18.7233,Europe,United Kingdom,England,MAN,GB,England,Manchester Airport,53.3537,-2.27495
9067,LYTV,EGGW,1,Europe,Eastern Europe,Montenegro,TIV,ME,Tivat,Tivat Airport,42.4047,18.7233,Europe,United Kingdom,England,LTN,GB,England,London Luton Airport,51.8747,-0.368333
9068,LYTV,EGKK,1,Europe,Eastern Europe,Montenegro,TIV,ME,Tivat,Tivat Airport,42.4047,18.7233,Europe,United Kingdom,England,LGW,GB,England,Gatwick Airport,51.1481,-0.190278
9069,LYTV,EGSS,1,Europe,Eastern Europe,Montenegro,TIV,ME,Tivat,Tivat Airport,42.4047,18.7233,Europe,United Kingdom,England,STN,GB,England,London Stansted Airport,51.885,0.235
9070,LYTV,EPWA,2,Europe,Eastern Europe,Montenegro,TIV,ME,Tivat,Tivat Airport,42.4047,18.7233,Europe,Central Europe,Poland,WAW,PL,Mazowieckie,Warsaw Chopin Airport,52.1657,20.9671
9074,LYTV,LEBL,1,Europe,Eastern Europe,Montenegro,TIV,ME,Tivat,Tivat Airport,42.4047,18.7233,Europe,Southern Europe,Spain,BCN,ES,Catalunya,Barcelona El Prat Airport,41.2971,2.07846
9075,LYTV,LEMD,1,Europe,Eastern Europe,Montenegro,TIV,ME,Tivat,Tivat Airport,42.4047,18.7233,Europe,Southern Europe,Spain,MAD,ES,"Madrid, Comunidad de",Adolfo Suarez Madrid-Barajas Airport,40.4719,-3.56264
9076,LYTV,LFPO,2,Europe,Eastern Europe,Montenegro,TIV,ME,Tivat,Tivat Airport,42.4047,18.7233,Europe,Western Europe,France,ORY,FR,Ile-de-France,Aéroport de Paris-Orly,48.7231,2.35944
9077,LYTV,LFSB,1,Europe,Eastern Europe,Montenegro,TIV,ME,Tivat,Tivat Airport,42.4047,18.7233,Europe,Western Europe,France,BSL,CH,Basel-City,EuroAirport Basel Mulhouse Freiburg,47.59,7.52916
9078,LYTV,LFSB,1,Europe,Eastern Europe,Montenegro,TIV,ME,Tivat,Tivat Airport,42.4047,18.7233,Europe,Central Europe,Switzerland,BSL,CH,Basel-City,EuroAirport Basel Mulhouse Freiburg,47.59,7.52916
9079,LYTV,LGIR,1,Europe,Eastern Europe,Montenegro,TIV,ME,Tivat,Tivat Airport,42.4047,18.7233,Europe,Southern Europe,Greece,HER,GR,Kriti,Heraklion International Airport (Nikos Kazantzakis Airport),35.3397,25.1803
9080,LYTV,LHBP,1,Europe,Eastern Europe,Montenegro,TIV,ME,Tivat,Tivat Airport,42.4047,18.7233,Europe,Central Europe,Hungary,BUD,HU,Budapest,Budapest Ferenc Liszt International Airport,47.4298,19.2611
9082,LYTV,LSGG,1,Europe,Eastern Europe,Montenegro,TIV,ME,Tivat,Tivat Airport,42.4047,18.7233,Europe,Central Europe,Switzerland,GVA,CH,Geneve,Geneva Airport,46.2381,6.10895
9083,LYTV,LUKK,1,Europe,Eastern Europe,Montenegro,TIV,ME,Tivat,Tivat Airport,42.4047,18.7233,Europe,Eastern Europe,Moldova,RMO,MD,Chisinau,Chisinau International Airport,46.9277,28.931
9084,LZIB,EDDV,1,Europe,Central Europe,Slovakia,BTS,SK,Bratislavsky kraj,M. R. Stefanik Airport,48.1702,17.2127,Europe,Central Europe,Germany,HAJ,DE,Niedersachsen,Hannover Airport,52.4611,9.68508
9090,LZIB,LBBG,2,Europe,Central Europe,Slovakia,BTS,SK,Bratislavsky kraj,M. R. Stefanik Airport,48.1702,17.2127,Europe,Eastern Europe,Bulgaria,BOJ,BG,Burgas,Burgas Airport,42.5696,27.5152
9091,LZIB,LBWN,1,Europe,Central Europe,Slovakia,BTS,SK,Bratislavsky kraj,M. R. Stefanik Airport,48.1702,17.2127,Europe,Eastern Europe,Bulgaria,VAR,BG,Varna,Varna Airport,43.2321,27.8251
9094,LZIB,LEBL,1,Europe,Central Europe,Slovakia,BTS,SK,Bratislavsky kraj,M. R. Stefanik Airport,48.1702,17.2127,Europe,Southern Europe,Spain,BCN,ES,Catalunya,Barcelona El Prat Airport,41.2971,2.07846
9095,LZIB,LGIR,3,Europe,Central Europe,Slovakia,BTS,SK,Bratislavsky kraj,M. R. Stefanik Airport,48.1702,17.2127,Europe,Southern Europe,Greece,HER,GR,Kriti,Heraklion International Airport (Nikos Kazantzakis Airport),35.3397,25.1803
9096,LZIB,LGKO,1,Europe,Central Europe,Slovakia,BTS,SK,Bratislavsky kraj,M. R. Stefanik Airport,48.1702,17.2127,Europe,Southern Europe,Greece,KGS,GR,Notio Aigaio,Kos Island International Airport,36.7933,27.0917
9097,LZIB,LGKR,1,Europe,Central Europe,Slovakia,BTS,SK,Bratislavsky kraj,M. R. Stefanik Airport,48.1702,17.2127,Europe,Southern Europe,Greece,CFU,GR,Ionia Nisia,Corfu International Airport (Ioannis Kapodistrias Int'l Airport),39.6019,19.9117
9098,LZIB,LGRP,2,Europe,Central Europe,Slovakia,BTS,SK,Bratislavsky kraj,M. R. Stefanik Airport,48.1702,17.2127,Europe,Southern Europe,Greece,RHO,GR,Notio Aigaio,Rhodes International Airport,36.4054,28.0862
9099,LZIB,LGTS,1,Europe,Central Europe,Slovakia,BTS,SK,Bratislavsky kraj,M. R. Stefanik Airport,48.1702,17.2127,Europe,Southern Europe,Greece,SKG,GR,Kentriki Makedonia,Thessaloniki Airport,40.5197,22.9709
9100,LZIB,LIEO,1,Europe,Central Europe,Slovakia,BTS,SK,Bratislavsky kraj,M. R. Stefanik Airport,48.1702,17.2127,Europe,Southern Europe,Italy,OLB,IT,Sardegna,Olbia Costa Smeralda Airport,40.8987,9.51763
9101,LZIB,LKPR,1,Europe,Central Europe,Slovakia,BTS,SK,Bratislavsky kraj,M. R. Stefanik Airport,48.1702,17.2127,Europe,Central Europe,Czech Republic,PRG,CZ,Stredocesky kraj,Vaclav Havel Airport Prague,50.1008,14.26
9798,ULAA,UMKK,1,Europe,Eastern Europe,Russia,ARH,RU,Arkhangel'skaya oblast',Talagi Airport,64.6003,40.7167,Europe,Eastern Europe,Russia,KGD,RU,Kaliningradskaya oblast',Khrabrovo Airport,54.89,20.5926
9805,UMKK,ULAA,1,Europe,Eastern Europe,Russia,KGD,RU,Kaliningradskaya oblast',Khrabrovo Airport,54.89,20.5926,Europe,Eastern Europe,Russia,ARH,RU,Arkhangel'skaya oblast',Talagi Airport,64.6003,40.7167
9806,UMKK,USSS,1,Europe,Eastern Europe,Russia,KGD,RU,Kaliningradskaya oblast',Khrabrovo Airport,54.89,20.5926,Europe,Eastern Europe,Russia,SVX,RU,Sverdlovskaya oblast',Koltsovo International Airport,56.7431,60.8027
9807,UMKK,UUDD,2,Europe,Eastern Europe,Russia,KGD,RU,Kaliningradskaya oblast',Khrabrovo Airport,54.89,20.5926,Europe,Eastern Europe,Russia,DME,RU,Moskovskaya Oblast,Domodedovo Airport,55.4102,37.902
9808,UMKK,UUEE,2,Europe,Eastern Europe,Russia,KGD,RU,Kaliningradskaya oblast',Khrabrovo Airport,54.89,20.5926,Europe,Eastern Europe,Russia,SVO,RU,Moskovskaya oblast,Sheremetyevo Alexander S. Pushkin International Airport,55.9728,37.4147
9809,UMKK,UWGG,1,Europe,Eastern Europe,Russia,KGD,RU,Kaliningradskaya oblast',Khrabrovo Airport,54.89,20.5926,Europe,Eastern Europe,Russia,GOJ,RU,Nizhegorodskaya oblast',Nizhny Novgorod International Airport (Strigino Airport),56.2301,43.784
9823,USSS,UMKK,1,Europe,Eastern Europe,Russia,SVX,RU,Sverdlovskaya oblast',Koltsovo International Airport,56.7431,60.8027,Europe,Eastern Europe,Russia,KGD,RU,Kaliningradskaya oblast',Khrabrovo Airport,54.89,20.5926
9847,UUDD,UMKK,1,Europe,Eastern Europe,Russia,DME,RU,Moskovskaya Oblast,Domodedovo Airport,55.4102,37.902,Europe,Eastern Europe,Russia,KGD,RU,Kaliningradskaya oblast',Khrabrovo Airport,54.89,20.5926
9857,UUEE,UMKK,2,Europe,Eastern Europe,Russia,SVO,RU,Moskovskaya oblast,Sheremetyevo Alexander S. Pushkin International Airport,55.9728,37.4147,Europe,Eastern Europe,Russia,KGD,RU,Kaliningradskaya oblast',Khrabrovo Airport,54.89,20.5926
9858,UUWW,EDDN,1,Europe,Eastern Europe,Russia,VKO,RU,Moskva,Vnukovo International Airport,55.5979,37.2709,Europe,Central Europe,Germany,NUE,DE,Bayern,Nuremberg Airport,49.4987,11.0781
9865,UUWW,LIRF,1,Europe,Eastern Europe,Russia,VKO,RU,Moskva,Vnukovo International Airport,55.5979,37.2709,Europe,Southern Europe,Italy,FCO,IT,Lazio,Rome–Fiumicino International Airport,41.8003,12.2389
9872,UWGG,UMKK,1,Europe,Eastern Europe,Russia,GOJ,RU,Nizhegorodskaya oblast',Nizhny Novgorod International Airport (Strigino Airport),56.2301,43.784,Europe,Eastern Europe,Russia,KGD,RU,Kaliningradskaya oblast',Khrabrovo Airport,54.89,20.5926
