continent,subcontinent,country,iata,country_code,region_name,icao,airport,latitude,longitude
Africa,Northern Africa,Algeria,ALG,DZ,Alger,DAAG,Houari Boumediene Airport,36.691,3.21541
Africa,Northern Africa,Algeria,AAE,DZ,Annaba,DABB,Rabah Bitat Airport (Les Salines Airport),36.8222,7.80917
Africa,Northern Africa,Algeria,BLJ,DZ,Batna,DABT,Mostepha Ben Boulaid Airport,35.7521,6.30859
Africa,Northern Africa,Algeria,BJA,DZ,Bejaia,DAAE,Soummam - Abane Ramdane Airport,36.712,5.06992
Africa,Northern Africa,Algeria,CFK,DZ,Chlef,DAOI,Chlef International Airport,36.2127,1.33177
Africa,Northern Africa,Algeria,CZL,DZ,Constantine,DABC,Mohamed Boudiaf International Airport,36.276,6.62039
Africa,Northern Africa,Algeria,GJL,DZ,Jijel,DAAV,Jijel Ferhat Abbas Airport,36.7951,5.87361
Africa,Northern Africa,Algeria,ORN,DZ,Oran,DAOO,Oran Es Senia Airport,35.6239,-0.621183
Africa,Northern Africa,Algeria,BSK,DZ,Biskra,DAUB,Biskra Airport,34.7933,5.73823
Africa,Northern Africa,Algeria,QSF,DZ,Setif,DAAS,Ain Arnat Airport,36.1781,5.32449
Africa,Northern Africa,Algeria,TLM,DZ,Tlemcen,DAON,Zenata - Messali El Hadj Airport,35.0167,-1.45
Africa,Northern Africa,Egypt,HBE,EG,Al Iskandariyah,HEBA,Borg El Arab Airport,30.9177,29.6964
Africa,Northern Africa,Egypt,ALY,EG,Al Iskandariyah,HEAX,El Nouzha Airport,31.1839,29.9489
Africa,Northern Africa,Egypt,ATZ,EG,Asyut,HEAT,Assiut Airport,27.0465,31.012
Africa,Northern Africa,Egypt,ASW,EG,Aswan,HESN,Aswan International Airport,23.9644,32.82
Africa,Northern Africa,Egypt,CAI,EG,Al Qahirah,HECA,Cairo International Airport,30.1219,31.4056
Africa,Northern Africa,Egypt,SPX,EG,Al Jizah,,Sphinx International Airport,30.1097,30.8944
Africa,Northern Africa,Egypt,AAC,EG,Shamal Sina',HEAR,El Arish International Airport,31.0733,33.8358
Africa,Northern Africa,Egypt,DBB,EG,Matruh,HEAL,Al Alamain International Airport,30.9245,28.4614
Africa,Northern Africa,Egypt,HRG,EG,Al Bahr al Ahmar,HEGN,Hurghada International Airport,27.1783,33.7994
Africa,Northern Africa,Egypt,LXR,EG,Al Uqsur,HELX,Luxor International Airport,25.671,32.7066
Africa,Northern Africa,Egypt,RMF,EG,Al Bahr al Ahmar,HEMA,Marsa Alam International Airport,25.5571,34.5837
Africa,Northern Africa,Egypt,MUH,EG,Matruh,HEMM,Marsa Matruh International Airport,31.3254,27.2217
Africa,Northern Africa,Egypt,SKV,EG,Janub Sina',HESC,St. Catherine International Airport,28.6853,34.0625
Africa,Northern Africa,Egypt,SSH,EG,Janub Sina',HESH,Sharm el-Sheikh International Airport,27.9773,34.395
Africa,Northern Africa,Egypt,HMB,EG,Suhaj,HEMK,Sohag International Airport,26.3428,31.7428
Africa,Northern Africa,Egypt,TCP,EG,Janub Sina',HETB,Taba International Airport,29.5878,34.7781
Africa,Northern Africa,Libya,BEN,LY,Banghazi,HLLB,Benina International Airport,32.0968,20.2695
Africa,Northern Africa,Libya,SEB,LY,Sabha,HLLS,Sabha Airport,26.987,14.4725
Africa,Northern Africa,Libya,TIP,LY,Tarabulus,HLLT,Tripoli International Airport,32.6635,13.159
Africa,Northern Africa,Libya,MJI,LY,Tarabulus,HLLM,Mitiga International Airport,32.8941,13.276
Africa,Northern Africa,Morocco,AGA,MA,Souss-Massa,GMAD,Agadir-Al Massira Airport,30.325,-9.41307
Africa,Northern Africa,Morocco,BEM,MA,Beni-Mellal-Khenifra,GMMD,Beni Mellal Airport,32.4019,-6.31591
Africa,Northern Africa,Morocco,CMN,MA,Casablanca-Settat,GMMN,Mohammed V International Airport,33.3675,-7.58997
Africa,Northern Africa,Morocco,FEZ,MA,Fes- Meknes,GMFF,Fes-Saiss Airport,33.9273,-4.97796
Africa,Northern Africa,Morocco,RAK,MA,Marrakech-Safi,GMMX,Marrakesh Menara Airport,31.6069,-8.0363
Africa,Northern Africa,Morocco,NDR,MA,L'Oriental,GMMW,Nador International Airport,34.9888,-3.02821
Africa,Northern Africa,Morocco,OZZ,MA,Draa-Tafilalet,GMMZ,Ouarzazate Airport,30.9391,-6.90943
Africa,Northern Africa,Morocco,OUD,MA,L'Oriental,GMFO,Angads Airport,34.7872,-1.92399
Africa,Northern Africa,Morocco,RBA,MA,Rabat-Sale-Kenitra,GMME,Rabat-Sale Airport,34.0515,-6.75152
Africa,Northern Africa,Morocco,TNG,MA,Tanger-Tetouan-Al Hoceima,GMTT,Tangier Ibn Battouta Airport,35.7269,-5.91689
Africa,Northern Africa,Morocco,TTU,MA,Tanger-Tetouan-Al Hoceima,,Sania Ramel Airport,35.5943,-5.32002
Africa,Northern Africa,Morocco,VIL,MA,Laayoune-Sakia El Hamra (EH-partial),GMMH,Dakhla Airport,23.7183,-15.932
Africa,Northern Africa,Morocco,EUN,MA,Laayoune-Sakia El Hamra (EH-partial),GMML,Hassan I Airport,27.1517,-13.2192
Africa,Northern Africa,Sudan,KRT,SD,Khartoum,HSSK,Khartoum International Airport,15.5895,32.5532
Africa,Northern Africa,Sudan,PZU,SD,Red Sea,HSPN,Port Sudan New International Airport,19.4336,37.2341
Africa,Northern Africa,Tunisia,DJE,TN,Medenine,DTTJ,Djerba-Zarzis International Airport,33.875,10.7755
Africa,Northern Africa,Tunisia,NBE,TN,Sousse,DTNH,Enfidha-Hammamet International Airport,36.0758,10.4386
Africa,Northern Africa,Tunisia,MIR,TN,Monastir,DTMB,Monastir Habib Bourguiba International Airport,35.7581,10.7547
Africa,Northern Africa,Tunisia,SFA,TN,Sfax,DTTX,Sfax-Thyna International Airport,34.718,10.691
Africa,Northern Africa,Tunisia,TBJ,TN,Jendouba,DTKA,Tabarka-Ain Draham Internation,36.98,8.87694
Africa,Northern Africa,Tunisia,TOE,TN,Tozeur,DTTZ,Tozeur-Nefta International Airport,33.9397,8.11056
Africa,Northern Africa,Tunisia,TUN,TN,Tunis,DTTA,Tunis–Carthage International Airport,36.8511,10.2272
Africa,Western Africa,Benin,COO,BJ,Littoral,DBBB,Cadjehoun Airport,6.35723,2.38435
Africa,Western Africa,Burkina Faso,BOY,BF,Houet,DFOO,Bobo Dioulasso Airport,11.1601,-4.33097
Africa,Western Africa,Burkina Faso,OUA,BF,Kadiogo,DFFD,Ouagadougou Airport,12.3532,-1.51242
Africa,Western Africa,Cape Verde,BVC,CV,Boa Vista,GVBA,Aristides Pereira International Airport (Rabil Airport),16.1365,-22.8889
Africa,Western Africa,Cape Verde,SID,CV,Sal,GVAC,Amilcar Cabral International Airport,16.7414,-22.9494
Africa,Western Africa,Cape Verde,RAI,CV,Ribeira Grande de Santiago,GVNP,Nelson Mandela International Airport,14.9245,-23.4935
Africa,Western Africa,Cape Verde,VXE,CV,Sao Vicente,GVSV,Cesaria Evora Airport,16.8332,-25.0553
Africa,Western Africa,The Gambia,BJL,GM,Banjul,GBYD,Banjul International Airport,13.338,-16.6522
Africa,Western Africa,Ghana,ACC,GH,Greater Accra,DGAA,Kotoka International Airport,5.60519,-0.166786
Africa,Western Africa,Ghana,KMS,GH,Ashanti,DGSI,Kumasi Airport,6.71456,-1.59082
Africa,Western Africa,Ghana,TKD,GH,Western,DGTK,Takoradi Airport,4.89606,-1.77476
Africa,Western Africa,Ghana,NYI,GH,Brong-Ahafo,DGSN,Sunyani Airport,7.36183,-2.32876
Africa,Western Africa,Ghana,WZA,GH,Upper West,DGLW,Wa Airport,10.0795,-2.5109
Africa,Western Africa,Ghana,TML,GH,Northern,DGLE,Tamale Airport,9.55719,-0.863214
Africa,Western Africa,Guinea,CKY,GN,Conakry,GUCY,Ahmed Sékou Touré International Airport,9.57689,-13.612
Africa,Western Africa,Guinea-Bissau,OXB,GW,Bissau,GGOV,Osvaldo Vieira International Airport,11.8948,-15.6537
Africa,Western Africa,Ivory Coast,ABJ,CI,Abidjan,DIAP,Port Bouet Airport (Felix Houphouet Boigny Int'l),5.26139,-3.92629
Africa,Western Africa,Liberia,ROB,LR,Margibi,GLRB,Roberts International Airport,6.23379,-10.3623
Africa,Western Africa,Mali,BKO,ML,Bamako,GABS,Bamako-Senou International Airport,12.5335,-7.94994
Africa,Western Africa,Mauritania,NKC,MR,Nouakchott Nord,GQNO,Nouakchott-Oumtounsy International Airport,18.31,-15.9697
Africa,Western Africa,Mauritania,NDB,MR,Dakhlet Nouadhibou,GQPP,Nouadhibou International Airport,20.9331,-17.03
Africa,Western Africa,Mauritania,ATR,MR,Adrar,GQPA,Atar International Airport,20.5068,-13.0432
Africa,Western Africa,Niger,NIM,NE,Niamey,DRRN,Diori Hamani International Airport,13.4815,2.18361
Africa,Western Africa,Nigeria,ABV,NG,Abuja Federal Capital Territory,DNAA,Nnamdi Azikiwe International Airport,9.00679,7.26317
Africa,Western Africa,Nigeria,CBQ,NG,Cross River,DNCA,Margaret Ekpo International Airport,4.97602,8.3472
Africa,Western Africa,Nigeria,ABB,NG,Delta,DNAS,Asaba International Airport,6.20417,6.66528
Africa,Western Africa,Nigeria,KAN,NG,Kano,DNKN,Mallam Aminu Kano International Airport,12.0476,8.52462
Africa,Western Africa,Nigeria,LOS,NG,Lagos,DNMM,Murtala Muhammed International Airport,6.57737,3.32116
Africa,Western Africa,Nigeria,PHC,NG,Rivers,DNPO,Port Harcourt International Airport,5.01549,6.94959
Africa,Western Africa,Nigeria,ENU,NG,Enugu,DNEN,Akanu Ibiam International Airport,6.47427,7.56196
Africa,Western Africa,Nigeria,SKO,NG,Sokoto,DNSO,Sadiq Abubakar III International Airport,12.9163,5.20719
Africa,Western Africa,Senegal,DSS,SN,Thies,GOBD,Blaise Diagne International Airport,14.67,-17.0733
Africa,Western Africa,Sierra Leone,FNA,SL,Western Area,GFLL,Lungi International Airport,8.61644,-13.1955
Africa,Western Africa,Togo,LFW,TG,Maritime,DXXX,Lome-Tokoin Airport (Gnassingbe Eyadema Int'l),6.16561,1.25451
Africa,Central Africa,Angola,LAD,AO,Luanda,FNLU,Quatro de Fevereiro Airport,-8.85837,13.2312
Africa,Central Africa,Angola,SDD,AO,Huila,FNUB,Lubango Mukanka Airport,-14.9247,13.575
Africa,Central Africa,Cameroon,DLA,CM,Littoral,FKKD,Douala International Airport,4.00608,9.71948
Africa,Central Africa,Cameroon,NSI,CM,Centre,FKYS,Yaounde Nsimalen International Airport,3.72256,11.5533
Africa,Central Africa,Central African Republic,BGF,CF,Bangui,FEFF,Bangui M'Poko International Airport,4.39848,18.5188
Africa,Central Africa,Chad,NDJ,TD,Hadjer Lamis,FTTJ,N'Djamena International Airport,12.1337,15.034
Africa,Central Africa,Democratic Republic of the Congo,GOM,CD,Nord-Kivu,FZNA,Goma International Airport,-1.67081,29.2385
Africa,Central Africa,Democratic Republic of the Congo,FIH,CD,Kinshasa,FZAA,N'djili Airport,-4.38575,15.4446
Africa,Central Africa,Democratic Republic of the Congo,FKI,CD,Tshopo,FZIC,Bangoka International Airport,0.481639,25.338
Africa,Central Africa,Democratic Republic of the Congo,FBM,CD,Haut-Katanga,FZQA,Lubumbashi International Airport,-11.5913,27.5309
Africa,Central Africa,Equatorial Guinea,SSG,GQ,Bioko Norte,FGSL,Malabo International Airport (Saint Isabel Airport),3.75527,8.70872
Africa,Central Africa,Gabon,MVB,GA,Haut-Ogooue,FOON,M'Vengue El Hadj Omar Bongo Ondimba International Airport,-1.65616,13.438
Africa,Central Africa,Gabon,LBV,GA,Estuaire,FOOL,Léon-Mba International Airport,0.458611,9.41222
Africa,Central Africa,Gabon,POG,GA,Ogooue-Maritime,FOOG,Port-Gentil International Airport,-0.711739,8.75438
Africa,Central Africa,Republic of the Congo,BZV,CG,Brazzaville,FCBB,Maya-Maya Airport,-4.2517,15.253
Africa,Central Africa,Republic of the Congo,PNR,CG,Pointe-Noire,FCPP,Pointe Noire Airport,-4.81603,11.8866
Africa,Southern Africa,Botswana,GBE,BW,South East,FBSK,Sir Seretse Khama International Airport,-24.5552,25.9182
Africa,Southern Africa,Botswana,MUB,BW,North West,FBMN,Maun Airport,-19.9726,23.4311
Africa,Southern Africa,Botswana,FRW,BW,North East,FBFT,Francistown Airport,-21.1596,27.4745
Africa,Southern Africa,Botswana,BBK,BW,Chobe,FBKE,Kasane Airport,-17.8329,25.1624
Africa,Southern Africa,Eswatini,SHO,SZ,Manzini,FDSK,King Mswati III International Airport (Sikhuphe Int'l),38.1421,128.598
Africa,Southern Africa,Lesotho,MSU,LS,Maseru,FXMM,Moshoeshoe I International Airport,-29.4623,27.5525
Africa,Southern Africa,Namibia,WDH,,Khomas,FYWH,Hosea Kutako International Airport,-22.4799,17.4709
Africa,Southern Africa,Namibia,WVB,,Erongo,FYWB,Walvis Bay Airport,-22.9799,14.6453
Africa,Southern Africa,South Africa,BFN,ZA,Free State,FABL,Bloemfontein Airport,-29.0927,26.3024
Africa,Southern Africa,South Africa,CPT,ZA,Western Cape,FACT,Cape Town International Airport,-33.9648,18.6017
Africa,Southern Africa,South Africa,DUR,ZA,Kwazulu-Natal,FALE,King Shaka International Airport,-29.6144,31.1197
Africa,Southern Africa,South Africa,ELS,ZA,Eastern Cape,FAEL,East London Airport,-33.0356,27.8259
Africa,Southern Africa,South Africa,JNB,ZA,Gauteng,FAOR,O. R. Tambo International Airport,-26.1392,28.246
Africa,Southern Africa,South Africa,HLA,ZA,Gauteng,FALA,Lanseria International Airport,-25.9385,27.9261
Africa,Southern Africa,South Africa,MQP,ZA,Mpumalanga,FAKN,Kruger Mpumalanga International Airport,-25.3832,31.1056
Africa,Southern Africa,South Africa,PTG,ZA,Limpopo,FAPP,Polokwane International Airport,-23.8453,29.4586
Africa,Eastern Africa,Burundi,BJM,BI,Bujumbura Mairie,HBBA,Bujumbura International Airport,-3.32402,29.3185
Africa,Eastern Africa,Comoros,HAH,KM,Grande Comore,FMCH,Prince Said Ibrahim International Airport,-11.5337,43.2719
Africa,Eastern Africa,Djibouti,JIB,DJ,Djibouti,HDAM,Djibouti-Ambouli International Airport,11.5473,43.1595
Africa,Eastern Africa,Eritrea,ASM,ER,Al Awsat,HHAS,Asmara International Airport,15.2919,38.9107
Africa,Eastern Africa,Ethiopia,ADD,ET,Addis Ababa,HAAB,Addis Ababa Bole International Airport,8.97778,38.7994
Africa,Eastern Africa,Ethiopia,DIR,ET,Dire Dawa,HADR,Aba Tenna Dejazmach Yilma International Airport,9.6247,41.8542
Africa,Eastern Africa,Kenya,EDL,KE,Uasin Gishu,HKEL,Eldoret International Airport,0.404458,35.2389
Africa,Eastern Africa,Kenya,MBA,KE,Mombasa,HKMO,Moi International Airport,-4.03483,39.5942
Africa,Eastern Africa,Kenya,KIS,KE,Kisumu,HKKI,Kisumu International Airport,-0.086139,34.7289
Africa,Eastern Africa,Kenya,NBO,KE,Elgeyo/Marakwet,HKJK,Jomo Kenyatta International Airport,-1.31924,36.9278
Africa,Eastern Africa,Madagascar,TNR,MG,Antananarivo,FMMI,Ivato International Airport,-18.7969,47.4788
Africa,Eastern Africa,Madagascar,DIE,IR,Sistan va Baluchestan,FMNA,Arrachart Airport,-12.3494,49.2917
Africa,Eastern Africa,Madagascar,MJN,MG,Mahajanga,FMNM,Amborovy Airport (Philibert Tsiranana Airport),-15.6668,46.3512
Africa,Eastern Africa,Madagascar,NOS,IR,Sistan va Baluchestan,FMNN,Fascene Airport,-13.3121,48.3148
Africa,Eastern Africa,Madagascar,TMM,MG,Toamasina,FMMT,Toamasina Airport,-18.1095,49.3925
Africa,Eastern Africa,Madagascar,FTU,MG,Toliara,FMSD,Tolanaro Airport (Marillac Airport),-25.0381,46.9561
Africa,Eastern Africa,Madagascar,TLE,MG,Toliara,FMST,Toliara Airport,-23.3834,43.7285
Africa,Eastern Africa,Malawi,BLZ,MW,Blantyre,FWCL,Chileka International Airport,-15.6791,34.974
Africa,Eastern Africa,Malawi,LLW,MW,Lilongwe,FWKI,Lilongwe International Airport (Kamuzu Int'l),-13.7894,33.781
Africa,Eastern Africa,Mauritius,MRU,MU,Grand Port,FIMP,Sir Seewoosagur Ramgoolam International Airport,-20.4302,57.6836
Africa,Eastern Africa,Mayotte,DZA,YT,Dzaoudzi,FMCZ,Dzaoudzi-Pamandzi International Airport,-12.8047,45.2811
Africa,Eastern Africa,Mozambique,MPM,MZ,Maputo,FQMA,Maputo International Airport,-25.9208,32.5726
Africa,Eastern Africa,Mozambique,BEW,MZ,Sofala,FQBR,Beira Airport,-19.7964,34.9076
Africa,Eastern Africa,Mozambique,INH,MZ,Inhambane,FQIN,Inhambane Airport,-23.8764,35.4085
Africa,Eastern Africa,Mozambique,APL,MZ,Nampula,FQNP,Nampula Airport,-15.1056,39.2818
Africa,Eastern Africa,Mozambique,POL,MZ,Cabo Delgado,FQPB,Pemba Airport,-12.9918,40.524
Africa,Eastern Africa,Mozambique,TET,MZ,Tete,FQTT,Chingozi Airport,-16.1048,33.6402
Africa,Eastern Africa,Mozambique,VNX,MZ,Inhambane,FQVL,Vilankulo Airport,-22.0184,35.3133
Africa,Eastern Africa,Rwanda,KGL,RW,Ville de Kigali,HRYR,Kigali International Airport (Kanombe Airport),-1.96863,30.1395
Africa,Eastern Africa,Seychelles,SEZ,SC,English River,FSIA,Seychelles International Airport,-4.67434,55.5218
Africa,Eastern Africa,Somalia,BSA,SO,Bari,HCMF,Bender Qassim International Airport,11.2753,49.1494
Africa,Eastern Africa,Somalia,GLK,SO,Mudug,HCMR,Abdullahi Yusuf International Airport,6.78083,47.4547
Africa,Eastern Africa,Somalia,GGR,SO,Nugaal,,Garowe International Airport,8.45794,48.5674
Africa,Eastern Africa,Somalia,HGA,SO,Woqooyi Galbeed,HCMH,Hargeisa International Airport (Egal Int'l),9.51321,44.0824
Africa,Eastern Africa,Somalia,KMU,SO,Jubbada Hoose,HCMK,Kismayo Airport (Kisimayu Airport),-0.377353,42.4592
Africa,Eastern Africa,Somalia,MGQ,SO,Banaadir,HCMM,Aden Adde International Airport,2.01444,45.3047
Africa,Eastern Africa,South Sudan,JUB,SS,Central Equatoria,HJJJ,Juba International Airport,4.87201,31.6011
Africa,Eastern Africa,South Sudan,MAK,SS,Upper Nile,HSSM,Malakal Airport,9.55897,31.6522
Africa,Eastern Africa,Tanzania,ARK,TZ,Arusha,HTAR,Arusha Airport,-3.36779,36.6333
Africa,Eastern Africa,Tanzania,DAR,TZ,Dar es Salaam,HTDA,Julius Nyerere International Airport,-6.87811,39.2026
Africa,Eastern Africa,Tanzania,JRO,TZ,Kilimanjaro,HTKJ,Kilimanjaro International Airport,-3.42941,37.0745
Africa,Eastern Africa,Tanzania,MWZ,TZ,Mwanza,HTMW,Mwanza Airport,-2.44449,32.9327
Africa,Eastern Africa,Tanzania,TGT,TZ,Tanga,HTTG,Tanga Airport,-5.09236,39.0712
Africa,Eastern Africa,Tanzania,ZNZ,TZ,Mjini Magharibi,HTZA,Abeid Amani Karume International Airport,-6.22202,39.2249
Africa,Eastern Africa,Uganda,RUA,UG,Arua,HUAR,Arua Airport,3.05,30.917
Africa,Eastern Africa,Uganda,EBB,UG,Kampala,HUEN,Entebbe International Airport,0.042386,32.4435
Africa,Eastern Africa,Uganda,ULU,UG,Gulu,HUGU,Gulu Airport,2.80556,32.2718
Africa,Eastern Africa,Zambia,LVI,ZM,Southern,FLLI,Harry Mwanga Nkumbula International Airport,-17.8218,25.8227
Africa,Eastern Africa,Zambia,LUN,ZM,Lusaka,FLLS,Kenneth Kaunda International Airport,-15.3308,28.4526
Africa,Eastern Africa,Zambia,MFU,ZM,Eastern,FLMF,Mfuwe Airport,-13.2589,31.9366
Africa,Eastern Africa,Zambia,NLA,ZM,Copperbelt,FLND,Simon Mwansa Kapwepwe International Airport,-12.9981,28.6649
Africa,Eastern Africa,Zimbabwe,HRE,ZW,Harare,FVRG,Robert Gabriel Mugabe International Airport,-17.9318,31.0928
Africa,Eastern Africa,Zimbabwe,VFA,ZW,Matabeleland North,FVFA,Victoria Falls Airport,-18.0959,25.839
Africa,Eastern Africa,Zimbabwe,BUQ,ZW,Bulawayo,FVBU,Joshua Mqabuko Nkomo International Airport,-20.0174,28.6179
Americas,Caribbean,Anguilla,AXA,AI,Anguilla,TQPF,Clayton J. Lloyd International Airport,18.2048,-63.0551
Americas,Caribbean,Antigua and Barbuda,ANU,AG,Saint George,TAPA,V. C. Bird International Airport,17.1367,-61.7927
Americas,Caribbean,Aruba,AUA,AW,Aruba,TNCA,Queen Beatrix International Airport,12.5014,-70.0152
Americas,Caribbean,The Bahamas,NAS,BS,New Providence,MYNN,Lynden Pindling International Airport,25.039,-77.4662
Americas,Caribbean,The Bahamas,CCZ,BS,Central Andros,MYBC,Chub Cay International Airport,25.4171,-77.8809
Americas,Caribbean,The Bahamas,GGT,BS,Exuma,MYEF,Exuma International Airport,23.5626,-75.878
Americas,Caribbean,The Bahamas,FPO,BS,East Grand Bahama,MYGF,Grand Bahama International Airport,26.5587,-78.6956
Americas,Caribbean,The Bahamas,ELH,BS,Harbour Island,MYEH,North Eleuthera Airport,25.4749,-76.6835
Americas,Caribbean,The Bahamas,RSD,BS,South Eleuthera,MYER,Rock Sound International Airport,24.8951,-76.1769
Americas,Caribbean,Barbados,BGI,BB,Christ Church,TBPB,Grantley Adams International Airport,13.0746,-59.4925
Americas,Caribbean,British Virgin Islands,EIS,VG,"Virgin Islands, British",TUPJ,Terrance B. Lettsome International Airport,18.4448,-64.543
Americas,Caribbean,Caribbean Netherlands,BON,BQ,Bonaire,TNCB,Flamingo International Airport,12.131,-68.2685
Americas,Caribbean,Caribbean Netherlands,EUX,BQ,Sint Eustatius,TNCE,F. D. Roosevelt Airport,17.4965,-62.9794
Americas,Caribbean,Caribbean Netherlands,SAB,BQ,Saba,TNCS,Juancho E. Yrausquin Airport,17.645,-63.22
Americas,Caribbean,Cayman Islands,CYB,KY,Cayman Islands,MWCB,Charles Kirkconnell International Airport,19.687,-79.8828
Americas,Caribbean,Cayman Islands,GCM,KY,Cayman Islands,MWCR,Owen Roberts International Airport,19.2928,-81.3577
Americas,Caribbean,Cuba,CMW,CU,Camaguey,MUCM,Ignacio Agramonte International Airport,21.4203,-77.8475
Americas,Caribbean,Cuba,CCC,CU,Ciego de Avila,MUCC,Jardines del Rey Airport,22.461,-78.3284
Americas,Caribbean,Cuba,CYO,CU,Isla de la Juventud,MUCL,Vilo Acuna Airport,21.6165,-81.546
Americas,Caribbean,Cuba,CFG,CU,Cienfuegos,MUCF,Jaime Gonzalez Airport,22.15,-80.4142
Americas,Caribbean,Cuba,HAV,CU,La Habana,MUHA,Jose Marti International Airport,22.9892,-82.4091
Americas,Caribbean,Cuba,HOG,CU,Holguin,MUHG,Frank Pais Airport,20.7856,-76.3151
Americas,Caribbean,Cuba,SNU,CU,Villa Clara,MUSC,Abel Santamaria Airport,22.4922,-79.9436
Americas,Caribbean,Cuba,SCU,CU,Santiago de Cuba,MUCU,Antonio Maceo International Airport,19.9698,-75.8354
Americas,Caribbean,Cuba,VRA,CU,Matanzas,MUVR,Juan Gualberto Gomez Airport,23.0344,-81.4353
Americas,Caribbean,Dominica,DOM,DM,Saint Andrew,TDPD,Douglas-Charles Airport,15.547,-61.3
Americas,Caribbean,Dominican Republic,BRX,DO,Barahona,MDBH,Maria Montez International Airport,18.2515,-71.1204
Americas,Caribbean,Dominican Republic,LRM,OM,Zufar,MDLR,La Romana International Airport (Casa de Campo International Airport),18.4507,-68.9118
Americas,Caribbean,Dominican Republic,PUJ,DO,La Altagracia,MDPC,Punta Cana International Airport,18.5674,-68.3634
Americas,Caribbean,Dominican Republic,AZS,DO,Samana,MDCY,Samana El Catey International Airport,19.267,-69.742
Americas,Caribbean,Dominican Republic,POP,DO,Puerto Plata,MDPP,Gregorio Luperon International Airport,19.7579,-70.57
Americas,Caribbean,Dominican Republic,STI,DO,Santiago,MDST,Cibao International Airport,19.4061,-70.6047
Americas,Caribbean,Dominican Republic,SDQ,DO,Monte Plata,MDSD,Las Americas International Airport,18.4297,-69.6689
Americas,Caribbean,Grenada,GND,GD,Saint George,TGPY,Maurice Bishop International Airport,12.0042,-61.7862
Americas,Caribbean,Guadeloupe,PTP,GP,Guadeloupe,TFFR,Pointe-a-Pitre International Airport (Le Raizet Airport),16.2653,-61.5318
Americas,Caribbean,Haiti,CAP,HT,Nord,MTCH,Hugo Chavez International Airport,19.733,-72.1947
Americas,Caribbean,Haiti,PAP,HT,Ouest,MTPP,Toussaint Louverture International Airport,18.58,-72.2925
Americas,Caribbean,Jamaica,KIN,JM,Saint Andrew,MKJP,Norman Manley International Airport,17.9357,-76.7875
Americas,Caribbean,Jamaica,MBJ,JM,Saint James,MKJS,Sangster International Airport,18.5037,-77.9134
Americas,Caribbean,Martinique,FDF,MQ,Martinique,TFFF,Martinique Aime Cesaire International Airport,14.591,-61.0032
Americas,Caribbean,Montserrat,MNI,MS,Saint Peter,TRPG,John A. Osborne Airport,16.7914,-62.1933
Americas,Caribbean,Puerto Rico,BQN,US,Massachusetts,TJBQ,Rafael Hernandez Airport,18.4949,-67.1294
Americas,Caribbean,Puerto Rico,PSE,PR,Ponce,TJPS,Mercedita Airport,18.0083,-66.563
Americas,Caribbean,Puerto Rico,SIG,PR,San Juan,TJIG,Fernando Luis Ribas Dominicci Airport,18.4568,-66.0981
Americas,Caribbean,Puerto Rico,SJU,PR,Carolina,TJSJ,Luis Munoz Marin International Airport,18.4394,-66.0018
Americas,Caribbean,Saint Kitts and Nevis,SKB,KN,Saint John Figtree,TKPK,Robert L. Bradshaw International Airport,17.3112,-62.7187
Americas,Caribbean,Saint Lucia,UVF,LC,Laborie,TLPL,Hewanorra International Airport,13.7332,-60.9526
Americas,Caribbean,Saint Vincent and the Grenadines,SVD,VC,Saint George,TVSA,Argyle International Airport,13.1443,-61.2109
Americas,Caribbean,Saint Vincent and the Grenadines,CIW,VC,Grenadines,TVSC,Canouan Airport,12.699,-61.3424
Americas,Caribbean,Sint Maarten,SXM,SX,Sint Maarten (Dutch Part),TNCM,Princess Juliana International Airport,18.041,-63.1089
Americas,Caribbean,Trinidad and Tobago,POS,TT,Port of Spain,TTPP,Piarco International Airport,10.5954,-61.3372
Americas,Caribbean,Trinidad and Tobago,TAB,TT,Tobago,TTCP,Arthur Napoleon Raymond Robinson International Airport,11.1497,-60.8322
Americas,Caribbean,Turks and Caicos Islands,PLS,TC,Turks and Caicos Islands,MBPV,Providenciales International Airport,21.7736,-72.2659
Americas,Caribbean,U.S. Virgin Islands,STT,VI,"Virgin Islands, U.S.",TIST,Cyril E. King Airport,18.3373,-64.9734
Americas,Caribbean,U.S. Virgin Islands,STX,VI,"Virgin Islands, U.S.",TISX,Henry E. Rohlsen Airport,17.7019,-64.7986
Americas,Central America,Belize,BZE,BZ,Belize,MZBZ,Philip S. W. Goldson International Airport,17.5391,-88.3082
Americas,Central America,Costa Rica,LIR,CR,Guanacaste,MRLB,Daniel Oduber Quiros International Airport,10.5933,-85.5444
Americas,Central America,Costa Rica,SJO,CR,Alajuela,MROC,Juan Santamaria International Airport,9.99386,-84.2088
Americas,Central America,El Salvador,SAL,SV,San Salvador,MSLP,El Salvador International Airport Saint Óscar Arnulfo Romero y Galdámez,13.4408,-89.0556
Americas,Central America,Guatemala,FRS,GT,Peten,MGTK,Mundo Maya International Airport,16.9138,-89.8664
Americas,Central America,Guatemala,GUA,GT,Guatemala,MGGT,La Aurora International Airport,14.5817,-90.5267
Americas,Central America,Honduras,LCE,HN,Atlantida,MHLC,Goloson International Airport,15.7425,-86.853
Americas,Central America,Honduras,RTB,HN,Islas de la Bahia,MHRO,Juan Manuel Galvez International Airport,16.3168,-86.523
Americas,Central America,Honduras,SAP,HN,Cortes,MHLM,Ramon Villeda Morales International Airport,15.4526,-87.9236
Americas,Central America,Honduras,TGU,HN,Francisco Morazan,MHTG,Toncontin International Airport,14.0609,-87.2172
Americas,Central America,Honduras,XPL,HN,Comayagua,MHSC,Soto Cano Air Base,14.3824,-87.6212
Americas,Central America,Nicaragua,MGA,NI,Managua,MNMG,Augusto C. Sandino International Airport,12.1415,-86.1682
Americas,Central America,Nicaragua,BEF,NI,Costa Caribe Sur,MNBL,Bluefields Airport,11.991,-83.7741
Americas,Central America,Nicaragua,RNI,NI,Costa Caribe Sur,MNCI,Corn Island Airport,12.1629,-83.0638
Americas,Central America,Panama,BOC,PA,Bocas del Toro,MPBO,Bocas del Toro Isla Colon International Airport,9.34085,-82.2508
Americas,Central America,Panama,DAV,PA,Chiriqui,MPDA,Enrique Malek International Airport,8.391,-82.435
Americas,Central America,Panama,PAC,PA,Panama,MPMG,Albrook Marcos A. Gelabert International Airport,8.97334,-79.5556
Americas,Central America,Panama,BLB,PA,Panama,MPHO,Panama Pacifico International Airport,8.91479,-79.5996
Americas,Central America,Panama,PTY,PA,Panama,MPTO,Tocumen International Airport,9.07136,-79.3835
Americas,Central America,Panama,RIH,PA,Cocle,MPSM,Scarlett Martinez International Airport,8.37588,-80.1279
Americas,North America,Bermuda,BDA,BM,Hamilton,TXKF,L.F. Wade International Airport,32.364,-64.6787
Americas,North America,Canada,YXX,CA,British Columbia,CYXX,Abbotsford International Airport,49.0253,-122.361
Americas,North America,Canada,YLK,CA,Ontario,CYLS,Lake Simcoe Regional Airport,44.4853,-79.5556
Americas,North America,Canada,YYC,CA,Alberta,CYYC,Calgary International Airport,51.1139,-114.02
Americas,North America,Canada,YYG,CA,Prince Edward Island,CYYG,Charlottetown Airport,46.29,-63.1211
Americas,North America,Canada,YDA,CA,Yukon,CYDA,Dawson City Airport,64.0431,-139.128
Americas,North America,Canada,YEG,CA,Alberta,CYEG,Edmonton International Airport,53.31,-113.579
Americas,North America,Canada,YFC,CA,New Brunswick,CYFC,Fredericton International Airport,45.8689,-66.5372
Americas,North America,Canada,YQX,CA,Newfoundland and Labrador,CYQX,Gander International Airport / CFB Gander,48.9369,-54.5681
Americas,North America,Canada,YHZ,CA,Nova Scotia,CYHZ,Halifax Stanfield International Airport,44.8808,-63.5086
Americas,North America,Canada,YHM,CA,Ontario,CYHM,John C. Munro Hamilton International Airport,43.1736,-79.935
Americas,North America,Canada,YKA,CA,British Columbia,CYKA,Kamloops Airport,50.7022,-120.444
Americas,North America,Canada,YLW,CA,British Columbia,CYLW,Kelowna International Airport,49.9561,-119.378
Americas,North America,Canada,YGK,CA,Ontario,CYGK,Kingston/Norman Rogers Airport,44.2253,-76.5969
Americas,North America,Canada,YKF,CA,Ontario,CYKF,Region of Waterloo International Airport,43.4558,-80.3858
Americas,North America,Canada,YXU,CA,Ontario,CYXU,London International Airport,43.0356,-81.1539
Americas,North America,Canada,YQM,CA,New Brunswick,CYQM,Greater Moncton International Airport,46.1122,-64.6786
Americas,North America,Canada,YUL,CA,Quebec,CYUL,Montréal-Pierre Elliott Trudeau International Airport,45.4657,-73.7455
Americas,North America,Canada,YOW,CA,Ontario,CYOW,Ottawa Macdonald-Cartier International Airport,45.3225,-75.6692
Americas,North America,Canada,YQB,CA,Quebec,CYQB,Quebec City Jean Lesage International Airport,46.7911,-71.3933
Americas,North America,Canada,YQR,CA,Saskatchewan,CYQR,Regina International Airport,50.4319,-104.666
Americas,North America,Canada,YSJ,CA,New Brunswick,CYSJ,Saint John Airport,45.3161,-65.8903
Americas,North America,Canada,YYT,CA,Newfoundland and Labrador,CYYT,St. John's International Airport,47.6186,-52.7519
Americas,North America,Canada,YQY,CA,Nova Scotia,CYQY,Sydney/J.A. Douglas McCurdy Airport,46.1614,-60.0478
Americas,North America,Canada,YQT,CA,Ontario,CYQT,Thunder Bay International Airport,48.3719,-89.3239
Americas,North America,Canada,YYZ,CA,Ontario,CYYZ,Toronto Pearson International Airport,43.6797,-79.6227
Americas,North America,Canada,YTZ,CA,Ontario,CYTZ,Billy Bishop Toronto City Airport,43.6285,-79.396
Americas,North America,Canada,YVR,CA,British Columbia,CYVR,Vancouver International Airport,49.1939,-123.184
Americas,North America,Canada,YYJ,CA,British Columbia,CYYJ,Victoria International Airport,48.6469,-123.426
Americas,North America,Canada,YXY,CA,Yukon,CYXY,Erik Nielsen Whitehorse International Airport,60.7096,-135.067
Americas,North America,Canada,YQG,CA,Ontario,CYQG,Windsor International Airport,42.2756,-82.9556
Americas,North America,Canada,YWG,CA,Manitoba,CYWG,Winnipeg James Armstrong Richardson International Airport,49.91,-97.2399
Americas,North America,Greenland,SFJ,GL,Qeqqata Kommunia,BGSF,Kangerlussuaq Airport,67.0122,-50.7116
Americas,North America,Greenland,GOH,GL,Kommuneqarfik Sermersooq,BGGH,Nuuk Airport,64.1909,-51.6781
Americas,North America,Greenland,JAV,GL,Avannaata Kommunia,BGJN,Ilulissat Airport,69.2432,-51.0571
Americas,North America,Greenland,UAK,GL,Kommune Kujalleq,BGBW,Narsarsuaq Airport,61.1605,-45.426
Americas,North America,Mexico,ACA,MX,Guerrero,MMAA,General Juan N. Alvarez International Airport,16.7571,-99.754
Americas,North America,Mexico,AGU,MX,Aguascalientes,MMAS,Lic. Jesus Teran Peredo International Airport,21.7056,-102.318
Americas,North America,Mexico,CUN,MX,Quintana Roo,MMUN,Cancun International Airport,21.0365,-86.8771
Americas,North America,Mexico,CUU,MX,Chihuahua,MMCU,General Roberto Fierro Villalobos International Airport,28.7029,-105.965
Americas,North America,Mexico,CME,MX,Campeche,MMCE,Ciudad del Carmen International Airport,18.6537,-91.799
Americas,North America,Mexico,CZM,MX,Quintana Roo,MMCZ,Cozumel International Airport,20.5224,-86.9256
Americas,North America,Mexico,CUL,MX,Sinaloa,MMCL,Bachigualato Federal International Airport,24.7645,-107.475
Americas,North America,Mexico,DGO,MX,Durango,MMDO,General Guadalupe Victoria International Airport,24.1242,-104.528
Americas,North America,Mexico,GDL,MX,Jalisco,MMGL,Guadalajara International Airport (Miguel Hidalgo y Costilla Int'l),20.5218,-103.311
Americas,North America,Mexico,HMO,MX,Sonora,MMHO,General Ignacio Pesqueira Garcia International Airport,29.0959,-111.048
Americas,North America,Mexico,HUX,MX,Oaxaca,MMBT,Bahias de Huatulco International Airport,15.7753,-96.2626
Americas,North America,Mexico,ZIH,MX,Guerrero,MMZH,Ixtapa-Zihuatanejo International Airport,17.6016,-101.461
Americas,North America,Mexico,BJX,MX,Guanajuato,MMLO,Del Bajio International Airport (Guanajuato Int'l Airport),20.9935,-101.481
Americas,North America,Mexico,LTO,MX,Baja California Sur,MMLT,Loreto International Airport,25.9892,-111.348
Americas,North America,Mexico,CSL,US,California,,Camp San Luis Obispo Heliport,35.3261,-120.7429
Americas,North America,Mexico,SJD,MX,Baja California Sur,MMSD,Los Cabos International Airport,23.1518,-109.721
Americas,North America,Mexico,ZLO,MX,Colima,MMZO,Playa de Oro International Airport,19.1448,-104.559
Americas,North America,Mexico,MZT,MX,Sinaloa,MMMZ,General Rafael Buelna International Airport,23.1614,-106.266
Americas,North America,Mexico,MID,MX,Yucatan,MMMD,Manuel Crescencio Rejon International Airport,20.937,-89.6577
Americas,North America,Mexico,MXL,MX,Baja California,MMML,General Rodolfo Sanchez Taboada International Airport,32.6306,-115.242
Americas,North America,Mexico,MEX,MX,Mexico,MMMX,Mexico City International Airport,19.4363,-99.0721
Americas,North America,Mexico,NLU,MX,Mexico,MMSM,Felipe Ángeles International Airport,19.7553,-99.0164
Americas,North America,Mexico,MTY,MX,Nuevo Leon,MMMY,General Mariano Escobedo International Airport,25.7785,-100.107
Americas,North America,Mexico,MLM,MX,Michoacan de Ocampo,MMMM,General Francisco J. Mujica International Airport,19.8499,-101.025
Americas,North America,Mexico,OAX,MX,Oaxaca,MMOX,Xoxocotlan International Air,16.9999,-96.7266
Americas,North America,Mexico,PBC,MX,Puebla,MMPB,Hermanos Serdan International Airport,19.1581,-98.3714
Americas,North America,Mexico,PXM,MX,Oaxaca,MMPS,Puerto Escondido International Airport,15.8769,-97.0891
Americas,North America,Mexico,PVR,MX,Jalisco,MMPR,Licenciado Gustavo Diaz Ordaz International Airport,20.6801,-105.254
Americas,North America,Mexico,QRO,MX,Queretaro,MMQT,Queretaro Intercontinental Airport,20.6173,-100.186
Americas,North America,Mexico,REX,MX,Tamaulipas,MMRX,General Lucio Blanco International Airport,26.0089,-98.2285
Americas,North America,Mexico,SLW,MX,Coahuila de Zaragoza,MMIO,Plan de Guadalupe International Airport,25.5495,-100.929
Americas,North America,Mexico,SLP,MX,San Luis Potosi,MMSP,Ponciano Arriaga International Airport,22.2543,-100.931
Americas,North America,Mexico,TAM,MX,Tamaulipas,MMTM,General Francisco Javier Mina International Airport,22.2964,-97.8659
Americas,North America,Mexico,TPQ,MX,Nayarit,MMEP,Amado Nervo International Airport,21.4195,-104.843
Americas,North America,Mexico,TIJ,MX,Baja California,MMTJ,Tijuana International Airport,32.5411,-116.97
Americas,North America,Mexico,TLC,MX,Mexico,MMTO,Licenciado Adolfo Lopez Mateos International Airport,19.3371,-99.566
Americas,North America,Mexico,TRC,MX,Coahuila de Zaragoza,MMTC,Francisco Sarabia International Airport,25.5683,-103.411
Americas,North America,Mexico,TQO,MX,Quintana Roo,MMTL,Tulum Felipe Carrillo Puerto Airport,20.1661,-87.6592
Americas,North America,Mexico,UPN,MX,Michoacan de Ocampo,MMPN,Ignacio Lopez Rayon International Airport,19.3967,-102.039
Americas,North America,Mexico,TGZ,MX,Chiapas,MMTG,Angel Albino Corzo International Airport,16.5636,-93.0225
Americas,North America,Mexico,VER,MX,Veracruz de Ignacio de la Llave,MMVR,General Heriberto Jara International Airport,19.1459,-96.1873
Americas,North America,Mexico,VSA,MX,Tabasco,MMVA,Carlos Rovirosa Perez International Airport,17.997,-92.8174
Americas,North America,Mexico,ZCL,MX,Zacatecas,MMZC,General Leobardo C. Ruiz International Airport,22.8971,-102.687
Americas,North America,Saint Pierre and Miquelon,FSP,PM,Saint Pierre and Miquelon,LFVP,Saint-Pierre Airport,46.7629,-56.1731
Americas,North America,United States,AKC,US,Ohio,KAKR,Akron Fulton International Airport,41.0375,-81.4669
Americas,North America,United States,ALB,US,New York,KALB,Albany International Airport,42.7483,-73.8017
Americas,North America,United States,ABQ,US,New Mexico,KABQ,Albuquerque International Sunport,35.0402,-106.609
Americas,North America,United States,AMA,US,Texas,KAMA,Rick Husband Amarillo International Airport,35.2194,-101.706
Americas,North America,United States,ANC,US,Alaska,PANC,Ted Stevens Anchorage International Airport,61.1744,-149.996
Americas,North America,United States,ATW,US,Wisconsin,KATW,Appleton International Airport,44.2581,-88.5191
Americas,North America,United States,ATL,US,Georgia,KATL,Hartsfield-Jackson Atlanta International Airport,33.6367,-84.4281
Americas,North America,United States,ACY,US,New Jersey,KACY,Atlantic City International Airport,39.4576,-74.5772
Americas,North America,United States,AUS,US,Texas,KAUS,Austin-Bergstrom International Airport,30.1945,-97.6699
Americas,North America,United States,BWI,US,Maryland,KBWI,Baltimore/Washington International Airport,39.1753,-76.6683
Americas,North America,United States,BGR,US,Maine,KBGR,Bangor International Airport,44.8074,-68.8281
Americas,North America,United States,BDE,US,Minnesota,KBDE,Baudette International Airport,48.7284,-94.6122
Americas,North America,United States,BLI,US,Washington,KBLI,Bellingham International Airport,48.7928,-122.538
Americas,North America,United States,BHM,US,Alabama,KBHM,Birmingham-Shuttlesworth International Airport,33.5629,-86.7535
Americas,North America,United States,BOI,US,Idaho,KBOI,Boise Air Terminal (Gowen Field),43.5644,-116.223
Americas,North America,United States,BOS,US,Massachusetts,KBOS,Logan International Airport,42.3643,-71.0052
Americas,North America,United States,BRO,US,Texas,KBRO,Brownsville/South Padre Island International Airport,25.9068,-97.4259
Americas,North America,United States,BUF,US,New York,KBUF,Buffalo Niagara International Airport,42.9405,-78.7322
Americas,North America,United States,CXL,US,California,KCXL,Calexico International Airport,32.6695,-115.513
Americas,North America,United States,CLT,US,North Carolina,KCLT,Charlotte Douglas International Airport,35.214,-80.9431
Americas,North America,United States,CHS,US,South Carolina,KCHS,Charleston International Airport / Charleston Air Force Base,32.8986,-80.0405
Americas,North America,United States,MDW,US,Illinois,KMDW,Chicago Midway International Airport,41.7861,-87.7525
Americas,North America,United States,ORD,US,Illinois,KORD,Chicago O'Hare International Airport,41.9786,-87.9047
Americas,North America,United States,CVG,US,Kentucky,KCVG,Cincinnati/Northern Kentucky International Airport,39.0488,-84.6678
Americas,North America,United States,CLE,US,Ohio,KCLE,Cleveland Hopkins International Airport,41.4117,-81.8498
Americas,North America,United States,CAE,US,South Carolina,KCAE,Columbia Metropolitan Airport,33.9388,-81.1195
Americas,North America,United States,CMH,US,Ohio,KCMH,John Glenn Columbus International Airport,39.998,-82.8919
Americas,North America,United States,LCK,US,Ohio,KLCK,Rickenbacker International Airport,39.8138,-82.9278
Americas,North America,United States,CRP,US,Texas,KCRP,Corpus Christi International Airport,27.7704,-97.5012
Americas,North America,United States,DAL,US,Texas,KDAL,Dallas Love Field,32.8471,-96.8518
Americas,North America,United States,DFW,US,Texas,KDFW,Dallas/Fort Worth International Airport,32.8968,-97.038
Americas,North America,United States,DAY,US,Ohio,KDAY,Dayton International Airport,39.9024,-84.2194
Americas,North America,United States,DEN,US,Colorado,KDEN,Denver International Airport,39.8617,-104.673
Americas,North America,United States,DSM,US,Iowa,KDSM,Des Moines International Airport,41.534,-93.6631
Americas,North America,United States,DTW,US,Michigan,KDTW,Detroit Metro Wayne County Airport,42.2125,-83.3533
Americas,North America,United States,DLH,US,Minnesota,KDLH,Duluth International Airport,46.8421,-92.1936
Americas,North America,United States,ELP,US,Texas,KELP,El Paso International Airport,31.8072,-106.378
Americas,North America,United States,ERI,US,Pennsylvania,KERI,Erie International Airport (Tom Ridge Field),42.0831,-80.1739
Americas,North America,United States,FAI,US,Alaska,PAFA,Fairbanks International Airport,64.8151,-147.856
Americas,North America,United States,FLL,US,Florida,KFLL,Fort Lauderdale-Hollywood International Airport,26.0726,-80.1527
Americas,North America,United States,RSW,US,Florida,KRSW,Southwest Florida International Airport,26.5362,-81.7552
Americas,North America,United States,FAT,US,California,KFAT,Fresno Yosemite International Airport,36.7762,-119.718
Americas,North America,United States,GRR,US,Michigan,KGRR,Gerald R. Ford International Airport,42.8808,-85.5228
Americas,North America,United States,GRB,US,Wisconsin,KGRB,Austin Straubel International Airport,44.4851,-88.1296
Americas,North America,United States,GSO,US,North Carolina,KGSO,Piedmont Triad International Airport,36.0978,-79.9373
Americas,North America,United States,GSP,US,South Carolina,KGSP,Greenville-Spartanburg International Airport,34.8957,-82.2189
Americas,North America,United States,GPT,US,Mississippi,KGPT,Gulfport-Biloxi International Airport,30.4073,-89.0701
Americas,North America,United States,HRL,US,Texas,KHRL,Valley International Airport,26.2285,-97.6544
Americas,North America,United States,MDT,US,Pennsylvania,KMDT,Harrisburg International Airport,40.1935,-76.7634
Americas,North America,United States,BDL,US,Connecticut,KBDL,Bradley International Airport,41.9392,-72.6833
Americas,North America,United States,ITO,US,Hawaii,PHTO,Hilo International Airport,19.7214,-155.048
Americas,North America,United States,HNL,US,Hawaii,PHNL,Daniel K. Inouye International Airport,21.3206,-157.924
Americas,North America,United States,IAH,US,Texas,KIAH,George Bush Intercontinental Airport,29.9844,-95.3414
Americas,North America,United States,HOU,US,Texas,KHOU,William P. Hobby Airport,29.6454,-95.2789
Americas,North America,United States,HSV,US,Alabama,KHSV,Huntsville International Airport (Carl T. Jones Field),34.6372,-86.7751
Americas,North America,United States,IND,US,Indiana,KIND,Indianapolis International Airport,39.7173,-86.2944
Americas,North America,United States,INL,US,Minnesota,KINL,Falls International Airport,48.5662,-93.4031
Americas,North America,United States,JAN,US,Mississippi,KJAN,Jackson-Evers International Airport,32.3112,-90.0759
Americas,North America,United States,JAX,US,Florida,KJAX,Jacksonville International Airport,30.4941,-81.6879
Americas,North America,United States,JNU,US,Alaska,PAJN,Juneau International Airport,58.355,-134.576
Americas,North America,United States,KOA,US,Hawaii,PHKO,Kona International Airport at Keahole,19.7388,-156.046
Americas,North America,United States,MCI,US,Missouri,KMCI,Kansas City International Airport,39.2976,-94.7139
Americas,North America,United States,KTN,US,Alaska,PAKT,Ketchikan International Airport,55.3556,-131.714
Americas,North America,United States,EYW,US,Florida,KEYW,Key West International Airport,24.5561,-81.7596
Americas,North America,United States,ISM,US,Florida,KISM,Kissimmee Gateway Airport,28.2898,-81.4371
Americas,North America,United States,TYS,US,Tennessee,KTYS,McGhee Tyson Airport,35.811,-83.994
Americas,North America,United States,LAL,US,Florida,KLAL,Lakeland Linder International Airport,27.9889,-82.0186
Americas,North America,United States,LAN,US,Michigan,KLAN,Capital Region International Airport,42.7787,-84.5874
Americas,North America,United States,LAS,US,Nevada,KLAS,Harry Reid International Airport,36.0801,-115.152
Americas,North America,United States,LIT,US,Arkansas,KLIT,Clinton National Airport (Adams Field),34.7294,-92.2243
Americas,North America,United States,LAX,US,California,KLAX,Los Angeles International Airport,33.9425,-118.408
Americas,North America,United States,SDF,US,Kentucky,KSDF,Louisville International Airport (Standiford Field),38.1744,-85.736
Americas,North America,United States,LBB,US,Texas,KLBB,Lubbock Preston Smith International Airport,33.6636,-101.823
Americas,North America,United States,MSN,US,Wisconsin,KMSN,Dane County Regional Airport (Truax Field),43.1399,-89.3375
Americas,North America,United States,MFE,US,Texas,KMFE,McAllen Miller International Airport,26.1758,-98.2386
Americas,North America,United States,MLB,US,Florida,KMLB,Orlando Melbourne International Airport,28.1028,-80.6453
Americas,North America,United States,MEM,US,Tennessee,KMEM,Memphis International Airport,35.0424,-89.9767
Americas,North America,United States,MIA,US,Florida,KMIA,Miami International Airport,25.7932,-80.2906
Americas,North America,United States,MAF,US,Texas,KMAF,Midland International Air and Space Port,31.9425,-102.202
Americas,North America,United States,MKE,US,Wisconsin,KMKE,General Mitchell International Airport,42.9472,-87.8966
Americas,North America,United States,MSP,US,Minnesota,KMSP,Minneapolis-Saint Paul International Airport (Wold-Chamberlain Field),44.882,-93.2218
Americas,North America,United States,MYR,US,South Carolina,KMYR,Myrtle Beach International Airport,33.6797,-78.9283
Americas,North America,United States,BNA,US,Tennessee,KBNA,Nashville International Airport,36.1245,-86.6782
Americas,North America,United States,MSY,US,Louisiana,KMSY,Louis Armstrong New Orleans International Airport,29.9934,-90.258
Americas,North America,United States,JFK,US,New York,KJFK,John F. Kennedy International Airport,40.6397,-73.7789
Americas,North America,United States,LGA,US,New York,KLGA,LaGuardia Airport,40.775,-73.875
Americas,North America,United States,EWR,US,New Jersey,KEWR,Newark Liberty International Airport,40.6925,-74.1686
Americas,North America,United States,SWF,US,New York,KSWF,New York Stewart International Airport,41.5042,-74.1047
Americas,North America,United States,PHF,US,Virginia,KPHF,Newport News/Williamsburg International Airport,37.1319,-76.493
Americas,North America,United States,IAG,US,New York,KIAG,Niagara Falls International Airport,43.1073,-78.9462
Americas,North America,United States,ORF,US,Virginia,KORF,Norfolk International Airport,36.8946,-76.2012
Americas,North America,United States,OAK,US,California,KOAK,Oakland International Airport,37.7213,-122.221
Americas,North America,United States,OKC,US,Oklahoma,KOKC,Will Rogers World Airport,35.3931,-97.6007
Americas,North America,United States,OMA,US,Iowa,KOMA,Eppley Airfield,41.3032,-95.8941
Americas,North America,United States,ONT,US,California,KONT,Ontario International Airport,34.056,-117.601
Americas,North America,United States,SNA,US,California,KSNA,John Wayne Airport (Orange County Airport),33.6757,-117.868
Americas,North America,United States,MCO,US,Florida,KMCO,Orlando International Airport,28.4294,-81.309
Americas,North America,United States,PSP,US,California,KPSP,Palm Springs International Airport,33.8297,-116.507
Americas,North America,United States,ECP,US,Florida,KECP,Northwest Florida Beaches International Airport,30.3571,-85.7954
Americas,North America,United States,PNS,US,Florida,KPNS,Pensacola International Airport,30.4734,-87.1866
Americas,North America,United States,PHL,US,Pennsylvania,KPHL,Philadelphia International Airport,39.8719,-75.2411
Americas,North America,United States,PHX,US,Arizona,KPHX,Phoenix Sky Harbor International Airport,33.4343,-112.012
Americas,North America,United States,AZA,US,Arizona,KIWA,Phoenix-Mesa Gateway Airport,33.3078,-111.655
Americas,North America,United States,PIT,US,Pennsylvania,KPIT,Pittsburgh International Airport,40.4915,-80.2329
Americas,North America,United States,PWM,US,Maine,KPWM,Portland International Jetport,43.6462,-70.3093
Americas,North America,United States,PDX,US,Oregon,KPDX,Portland International Airport,45.5887,-122.598
Americas,North America,United States,PVD,US,Rhode Island,KPVD,Theodore Francis Green State Airport,41.7326,-71.4204
Americas,North America,United States,RAC,US,Wisconsin,KRAC,John H. Batten Airport,42.7606,-87.8152
Americas,North America,United States,RDU,US,North Carolina,KRDU,Raleigh-Durham International Airport,35.8776,-78.7875
Americas,North America,United States,RNO,US,Nevada,KRNO,Reno-Tahoe International Airport,39.4991,-119.768
Americas,North America,United States,RIC,US,Virginia,KRIC,Richmond International Airport,37.5052,-77.3197
Americas,North America,United States,RST,US,Minnesota,KRST,Rochester International Airport,43.9083,-92.5
Americas,North America,United States,ROC,US,New York,KROC,Greater Rochester International Airport,43.1189,-77.6724
Americas,North America,United States,RFD,US,Illinois,KRFD,Chicago Rockford International Airport,42.1953,-89.0972
Americas,North America,United States,SMF,US,California,KSMF,Sacramento International Airport,38.6954,-121.591
Americas,North America,United States,SLC,US,Utah,KSLC,Salt Lake City International Airport,40.7884,-111.978
Americas,North America,United States,SAT,US,Texas,KSAT,San Antonio International Airport,29.5337,-98.4698
Americas,North America,United States,SBD,US,California,KSBD,San Bernardino International Airport,34.0954,-117.235
Americas,North America,United States,SAN,US,California,KSAN,San Diego International Airport,32.7336,-117.19
Americas,North America,United States,SFO,US,California,KSFO,San Francisco International Airport,37.619,-122.375
Americas,North America,United States,SJC,US,California,KSJC,San Jose International Airport,37.3626,-121.929
Americas,North America,United States,SFB,US,Florida,KSFB,Orlando Sanford International Airport,28.7776,-81.2375
Americas,North America,United States,SRQ,US,Florida,KSRQ,Sarasota-Bradenton International Airport,27.3954,-82.5544
Americas,North America,United States,SAV,US,Georgia,KSAV,Savannah/Hilton Head International Airport,32.1276,-81.2021
Americas,North America,United States,LKE,US,Washington,,Kenmore Air Harbor Seaplane Base (Seattle Lake Union SPB),47.629,-122.339
Americas,North America,United States,BFI,US,Washington,KBFI,Boeing Field/King County International Airport,47.53,-122.302
Americas,North America,United States,SEA,US,Washington,KSEA,Seattle-Tacoma International Airport,47.449,-122.309
Americas,North America,United States,SBM,US,Wisconsin,KSBM,Sheboygan County Memorial Airport,43.7696,-87.8514
Americas,North America,United States,PAE,US,Washington,KPAE,Paine Field (Snohomish County Airport),47.9063,-122.282
Americas,North America,United States,GEG,US,Washington,KGEG,Spokane International Airport,47.6199,-117.534
Americas,North America,United States,STL,US,Missouri,KSTL,Lambert-St. Louis International Airport,38.7487,-90.37
Americas,North America,United States,PIE,US,Florida,KPIE,St. Pete-Clearwater International Airport,27.9102,-82.6874
Americas,North America,United States,SYR,US,New York,KSYR,Syracuse Hancock International Airport,43.1112,-76.1063
Americas,North America,United States,TLH,US,Florida,KTLH,Tallahassee International Airport,30.3965,-84.3503
Americas,North America,United States,TPA,US,Florida,KTPA,Tampa International Airport,27.9755,-82.5332
Americas,North America,United States,TUS,US,Arizona,KTUS,Tucson International Airport,32.1161,-110.941
Americas,North America,United States,TUL,US,Oklahoma,KTUL,Tulsa International Airport,36.1984,-95.8881
Americas,North America,United States,DCA,US,Virginia,KDCA,Ronald Reagan Washington National Airport,38.8522,-77.0378
Americas,North America,United States,IAD,US,Virginia,KIAD,Washington Dulles International Airport,38.9445,-77.4558
Americas,North America,United States,PBI,US,Florida,KPBI,Palm Beach International Airport,26.6832,-80.0956
Americas,North America,United States,AVP,US,Pennsylvania,KAVP,Wilkes-Barre/Scranton International Airport,41.3385,-75.7234
Americas,North America,United States,ILM,US,North Carolina,KILM,Wilmington International Airport,34.2706,-77.9026
Americas,South America,Argentina,EZE,AR,Buenos Aires,SAEZ,Ministro Pistarini International Airport,-34.8222,-58.5358
Americas,South America,Argentina,AEP,AR,Buenos Aires,SABE,Aeroparque Internacional Jorge Newbery,-34.5589,-58.4164
Americas,South America,Argentina,BRC,AR,Rio Negro,SAZS,San Carlos de Bariloche Airport,-41.1512,-71.1575
Americas,South America,Argentina,CRD,AR,Chubut,SAVC,General Enrique Mosconi International Airport,-45.7853,-67.4655
Americas,South America,Argentina,COR,AR,Cordoba,SACO,Ingeniero Aeronautico Ambrosio L.V. Taravella International Airport (Pajas Blancas),-31.3236,-64.208
Americas,South America,Argentina,CNQ,AR,Corrientes,SARC,Doctor Fernando Piragine Niveyro International Airport,-27.4455,-58.7619
Americas,South America,Argentina,FTE,AR,Santa Cruz,SAWA,Comandante Armando Tola International Airport,-50.2803,-72.0531
Americas,South America,Argentina,EPA,AR,Buenos Aires,SADP,El Palomar Airport,-34.6099,-58.6126
Americas,South America,Argentina,EQS,AR,Chubut,SAVE,Esquel Airport,-42.908,-71.1395
Americas,South America,Argentina,FMA,AR,Formosa,SARF,Formosa International Airport (El Pucu Airport),-26.2127,-58.2281
Americas,South America,Argentina,MDQ,AR,Buenos Aires,SAZM,Astor Piazzolla International Airport,-37.9342,-57.5733
Americas,South America,Argentina,MDZ,AR,Mendoza,SAME,Gov. Francisco Gabrielli International Airport (El Plumerillo),-32.8317,-68.7929
Americas,South America,Argentina,NQN,AR,Neuquen,SAZN,Presidente Peron International Air,-38.949,-68.1557
Americas,South America,Argentina,PSS,AR,Misiones,SARP,Libertador General Jose de San Martin Airport,-27.3858,-55.9707
Americas,South America,Argentina,IGR,AR,Misiones,SARI,Cataratas del Iguazu International Airport,-25.7373,-54.4734
Americas,South America,Argentina,RES,AR,Chaco,SARE,Resistencia International Airport,-27.45,-59.0561
Americas,South America,Argentina,RGL,AR,Santa Cruz,SAWG,Piloto Civil Norberto Fernandez International Airport,-51.6089,-69.3126
Americas,South America,Argentina,RGA,AR,Tierra del Fuego,SAWE,Hermes Quijada International Airport,-53.7777,-67.7494
Americas,South America,Argentina,ROS,AR,Santa Fe,SAAR,Rosario - Islas Malvinas International Airport,-32.9036,-60.785
Americas,South America,Argentina,SLA,AR,Salta,SASA,Martin Miguel de Guemes International Airport,-24.856,-65.4862
Americas,South America,Argentina,TUC,AR,Tucuman,SANT,Teniente General Benjamin Matienzo International Airport,-26.8409,-65.1049
Americas,South America,Argentina,JUJ,AR,Jujuy,SASJ,Gobernador Horacio Guzman International Airport,-24.3928,-65.0978
Americas,South America,Argentina,RLO,AR,San Luis,SAOS,Valle del Conlara Airport,-32.3847,-65.1865
Americas,South America,Argentina,RHD,AR,Santiago del Estero,SANR,Termas de Rio Hondo Airport,-27.4966,-64.936
Americas,South America,Argentina,REL,AR,Chubut,SAVT,Almirante Marcos A. Zar Airport,-43.2105,-65.2703
Americas,South America,Argentina,USH,AR,Tierra del Fuego,SAWH,Ushuaia - Malvinas Argentinas International Airport,-54.8433,-68.2958
Americas,South America,Bolivia,LPB,BO,La Paz,SLLP,El Alto International Airport,-16.5133,-68.1923
Americas,South America,Bolivia,VVI,BO,Santa Cruz,SLVR,Viru Viru International Airport,-17.6448,-63.1354
Americas,South America,Bolivia,CBB,BO,Cochabamba,SLCB,Jorge Wilstermann International Airport,-17.4211,-66.1771
Americas,South America,Brazil,AJU,BR,Sergipe,SBAR,Santa Maria Airport (Sergipe),-10.984,-37.0703
Americas,South America,Brazil,BEL,BR,Para,SBBE,Val de Cans International Airport,-1.37925,-48.4763
Americas,South America,Brazil,CNF,BR,Minas Gerais,SBCF,Tancredo Neves International Airport,-19.6336,-43.9686
Americas,South America,Brazil,BVB,BR,Roraima,SBBV,Boa Vista International Airport,2.84139,-60.6922
Americas,South America,Brazil,BSB,BR,Distrito Federal,SBBR,Brasilia International Airport (Presidente J. Kubitschek Int'l Airport),-15.8692,-47.9208
Americas,South America,Brazil,VCP,BR,Sao Paulo,SBKP,Viracopos-Campinas International Airport,-23.0081,-47.1344
Americas,South America,Brazil,CGR,BR,Mato Grosso do Sul,SBCG,Campo Grande International Airport,-20.4687,-54.6725
Americas,South America,Brazil,CGB,BR,Mato Grosso,SBCY,Marechal Rondon International Airport,-15.6529,-56.1167
Americas,South America,Brazil,CWB,BR,Parana,SBCT,Afonso Pena International Airport,-25.5285,-49.1758
Americas,South America,Brazil,FLN,BR,Santa Catarina,SBFL,Hercilio Luz International Airport,-27.6703,-48.5525
Americas,South America,Brazil,FOR,BR,Ceara,SBFZ,Pinto Martins - Fortaleza International Airport,-3.77628,-38.5326
Americas,South America,Brazil,IGU,BR,Parana,SBFI,Foz do Iguacu International Airport,-25.6003,-54.485
Americas,South America,Brazil,GYN,BR,Goias,SBGO,Santa Genoveva Airport,-16.632,-49.2207
Americas,South America,Brazil,JPA,BR,Paraiba,SBJP,Presidente Castro Pinto International Airport,-7.14583,-34.9486
Americas,South America,Brazil,MCZ,BR,Alagoas,SBMO,Zumbi dos Palmares International Airport,-9.51081,-35.7917
Americas,South America,Brazil,MAO,BR,Amazonas,SBEG,Eduardo Gomes International Airport,-3.03861,-60.0497
Americas,South America,Brazil,NAT,BR,Rio Grande do Norte,SBNT,Sao Goncalo do Amarante-Governador Aluizio Alves International Airport,-5.76806,-35.3761
Americas,South America,Brazil,PNZ,BR,Pernambuco,SBPL,Senador Nilo Coelho Airport,-9.36241,-40.5691
Americas,South America,Brazil,POA,BR,Rio Grande do Sul,SBPA,Salgado Filho International Airport,-29.9944,-51.1714
Americas,South America,Brazil,PVH,BR,Rondonia,SBPV,Governador Jorge Teixeira de Oliveira International Airport,-8.70929,-63.9023
Americas,South America,Brazil,REC,BR,Pernambuco,SBRF,Recife/Guararapes-Gilberto Freyre International Airport,-8.12649,-34.9236
Americas,South America,Brazil,RBR,BR,Acre,SBRB,Placido de Castro International Airport,-9.86889,-67.8981
Americas,South America,Brazil,GIG,BR,Rio de Janeiro,SBGL,Galeao-Antonio Carlos Jobim International Airport,-22.81,-43.2506
Americas,South America,Brazil,SDU,BR,Rio de Janeiro,SBRJ,Rio de Janeiro Santos Dumont Airport,-22.9103,-43.1655
Americas,South America,Brazil,SSA,BR,Bahia,SBSV,Deputado Luis Eduardo Magalhaes International Airport,-12.9086,-38.3225
Americas,South America,Brazil,SLZ,BR,Maranhao,SBSL,Marechal Cunha Machado International Airport,-2.58536,-44.2341
Americas,South America,Brazil,CGH,BR,Sao Paulo,SBSP,Sao Paulo Congonhas Airport,-23.6282,-46.6572
Americas,South America,Brazil,GRU,BR,Sao Paulo,SBGR,Guarulhos International Airport,-23.4322,-46.4692
Americas,South America,Brazil,THE,BR,Piaui,SBTE,Teresina-Senador Petronio Portel Airport,-5.05994,-42.8235
Americas,South America,Brazil,UDI,BR,Minas Gerais,SBUL,Ten. Cel. Av. Cesar Bombonato Airport,-18.8836,-48.2253
Americas,South America,Brazil,VIX,BR,Espirito Santo,SBVT,Eurico de Aguiar Salles Airport,-20.2581,-40.2864
Americas,South America,Chile,ANF,CL,Antofagasta,SCFA,Cerro Moreno International Airport,-23.4445,-70.4451
Americas,South America,Chile,CCP,CL,Biobio,SCIE,Carriel Sur International Airport,-36.7727,-73.0631
Americas,South America,Chile,PMC,CL,Los Lagos,SCTE,El Tepual Airport,-41.4389,-73.094
Americas,South America,Chile,PUQ,CL,Magallanes,SCCI,Presidente Carlos Ibanez del Campo International Airport,-53.0026,-70.8546
Americas,South America,Chile,SCL,CL,Region Metropolitana de Santiago,SCEL,Arturo Merino Benítez International Airport,-33.3928,-70.7856
Americas,South America,Colombia,AXM,CO,Quindio,SKAR,El Eden International Airport,4.45278,-75.7664
Americas,South America,Colombia,BAQ,CO,Atlantico,SKBQ,Ernesto Cortissoz International Airport,10.8896,-74.7808
Americas,South America,Colombia,BOG,CO,Distrito Capital de Bogota,SKBO,El Dorado International Airport,4.70159,-74.1469
Americas,South America,Colombia,BGA,CO,Santander,SKBG,Palonegro International Airport,7.1265,-73.1848
Americas,South America,Colombia,BUN,CO,Valle del Cauca,SKBU,Gerardo Tobar Lopez Airport,3.81963,-76.9898
Americas,South America,Colombia,CLO,CO,Valle del Cauca,SKCL,Alfonso Bonilla Aragon International Airport,3.54322,-76.3816
Americas,South America,Colombia,CTG,CO,Bolivar,SKCG,Rafael Nunez International Airport,10.4424,-75.513
Americas,South America,Colombia,CUC,CO,Norte de Santander,SKCC,Camilo Daza International Airport,7.92757,-72.5115
Americas,South America,Colombia,IBE,CO,Tolima,SKIB,Perales Airport,4.42161,-75.1333
Americas,South America,Colombia,IPI,CO,Narino,SKIP,San Luis Airport,0.861925,-77.6718
Americas,South America,Colombia,FLA,CO,Caqueta,SKFL,Gustavo Artunduaga Paredes Airport,1.58919,-75.5644
Americas,South America,Colombia,LET,CO,Amazonas,SKLT,Alfredo Vasquez Cobo International Airport,-4.19355,-69.9432
Americas,South America,Colombia,MCJ,CO,La Guajira,SKLM,Jorge Isaacs Airport (La Mina Airport),11.2325,-72.4901
Americas,South America,Colombia,MZL,CO,Caldas,SKMZ,La Nubia Airport (Santaguida Airport),5.0296,-75.4647
Americas,South America,Colombia,MDE,CO,Antioquia,SKRG,Jose Maria Cordova International Airport,6.16454,-75.4231
Americas,South America,Colombia,MVP,CO,Vaupes,SKMU,Fabio Alberto Leon Bentley Airport,1.25366,-70.2339
Americas,South America,Colombia,MTR,CO,Cordoba,SKMR,Los Garzones Airport,8.82374,-75.8258
Americas,South America,Colombia,NVA,CO,Huila,SKNV,Benito Salas Airport,2.95015,-75.294
Americas,South America,Colombia,PSO,CO,Narino,SKPS,Antonio Narino Airport,1.39625,-77.2915
Americas,South America,Colombia,PEI,CO,Risaralda,SKPE,Matecana International Airport,4.81267,-75.7395
Americas,South America,Colombia,PPN,CO,Cauca,SKPP,Guillermo Leon Valencia Airport,2.4544,-76.6093
Americas,South America,Colombia,PVA,CO,"San Andres, Providencia y Santa Catalina",SKPV,El Embrujo Airport,13.3569,-81.3583
Americas,South America,Colombia,UIB,CO,Choco,SKUI,El Carano Airport,5.69076,-76.6412
Americas,South America,Colombia,RCH,CO,La Guajira,SKRH,Almirante Padilla Airport,11.5262,-72.926
Americas,South America,Colombia,ADZ,CO,"San Andres, Providencia y Santa Catalina",SKSP,Gustavo Rojas Pinilla International Airport,12.5836,-81.7112
Americas,South America,Colombia,TLU,CO,Sucre,SKTL,Golfo de Morrosquillo Airport,9.50945,-75.5854
Americas,South America,Colombia,TCO,CO,Narino,SKCO,La Florida Airport,1.81442,-78.7492
Americas,South America,Colombia,SMR,CO,Magdalena,SKSM,Simon Bolivar International Airport,11.1196,-74.2306
Americas,South America,Colombia,CZU,CO,Sucre,SKCZ,Las Brujas Airport,9.33274,-75.2856
Americas,South America,Colombia,VUP,CO,Cesar,SKVP,Alfonso Lopez Pumarejo Airport,10.435,-73.2495
Americas,South America,Colombia,VVC,CO,Meta,SKVV,La Vanguardia Airport,4.16787,-73.6138
Americas,South America,Colombia,EYP,CO,Casanare,SKYP,El Alcaravan Airport,5.31911,-72.384
Americas,South America,Ecuador,CUE,EC,Azuay,SECU,Mariscal Lamar International Airport,-2.88947,-78.9844
Americas,South America,Ecuador,ESM,EC,Esmeraldas,SETN,Carlos Concha Torres International Airport,0.978519,-79.6266
Americas,South America,Ecuador,GYE,EC,Guayas,SEGU,Jose Joaquin de Olmedo International Airport,-2.15742,-79.8836
Americas,South America,Ecuador,ETR,EC,El Oro,SERO,Santa Rosa International Airport,-3.44199,-79.997
Americas,South America,Ecuador,MEC,EC,Manabi,SEMT,Eloy Alfaro International Airport,-0.946078,-80.6788
Americas,South America,Ecuador,UIO,EC,Pichincha,SEQM,Mariscal Sucre International Airport,-0.129167,-78.3575
Americas,South America,Ecuador,TUA,EC,Carchi,SETU,Teniente Coronel Luis a Mantilla International Airport,0.809506,-77.7081
Americas,South America,Falkland Islands,MPN,FK,Falkland Islands (Malvinas),EGYP,RAF Mount Pleasant,-51.8228,-58.4472
Americas,South America,French Guiana,CAY,GF,Guyane,SOCA,Cayenne - Felix Eboue Airport,4.81981,-52.3604
Americas,South America,Guyana,GEO,GY,Demerara-Mahaica,SYCJ,Cheddi Jagan International Airport,6.49855,-58.2541
Americas,South America,Paraguay,ASU,PY,Central,SGAS,Silvio Pettirossi International Airport,-25.24,-57.52
Americas,South America,Paraguay,AGT,PY,Alto Parana,SGES,Guarani  International Airport,-25.4545,-54.8427
Americas,South America,Peru,AQP,PE,Arequipa,SPQU,Rodriguez Ballon International Airport,-16.3411,-71.5831
Americas,South America,Peru,CIX,PE,Lambayeque,SPHI,FAP Captain Jose Abelardo Quinones Gonzales International Airport,-6.78748,-79.8281
Americas,South America,Peru,CUZ,PE,Loreto,SPZO,Alejandro Velasco Astete International Airport,-13.5357,-71.9388
Americas,South America,Peru,LIM,PE,El Callao,SPJC,Jorge Chavez International Airport,-12.0219,-77.1143
Americas,South America,Peru,TRU,PE,La Libertad,SPRU,FAP Captain Carlos Martinez de Pinillos International Airport,-8.08141,-79.1088
Americas,South America,Suriname,PBM,SR,Para,SMJP,Johan Adolf Pengel International Airport,5.45283,-55.1878
Americas,South America,Uruguay,MVD,UY,Montevideo,SUMU,Carrasco Gral. Cesareo L. Berisso International Airport,-34.8384,-56.0308
Americas,South America,Uruguay,PDP,UY,Maldonado,SULS,Capitan de Corbeta Carlos A. Curbelo International Airport,-34.8551,-55.0943
Americas,South America,Uruguay,RVY,UY,Rivera,SURV,Pres. Gral. Oscar D. Gestido International Airport,-30.9746,-55.4762
Americas,South America,Venezuela,CCS,VE,Vargas,SVMI,Simon Bolivar International Airport,10.6012,-66.9912
Americas,South America,Venezuela,MAR,VE,Zulia,SVMC,La Chinita International Airport,10.5582,-71.7279
Americas,South America,Venezuela,VLN,VE,Carabobo,SVVA,Arturo Michelena International Airport,10.1497,-67.9284
Asia,Central Asia,Kazakhstan,SCO,KZ,Mangghystau oblysy,UATE,Aktau Airport,43.8601,51.092
Asia,Central Asia,Kazakhstan,AKX,KZ,Aqtobe oblysy,UATT,Aktobe Airport,50.2458,57.2067
Asia,Central Asia,Kazakhstan,ALA,KZ,Almaty,UAAA,Almaty International Airport,43.3521,77.0405
Asia,Central Asia,Kazakhstan,NQZ,KZ,Astana,UACC,Nursultan Nazarbayev International Airport,51.0222,71.4669
Asia,Central Asia,Kazakhstan,GUW,KZ,Atyrau oblysy,UATG,Atyrau Airport,47.1219,51.8214
Asia,Central Asia,Kazakhstan,KGF,KZ,Qaraghandy oblysy,UAKK,Sary-Arka Airport,49.6708,73.3344
Asia,Central Asia,Kazakhstan,KOV,KZ,Aqmola oblysy,UACK,Kokshetau Airport,53.3291,69.5946
Asia,Central Asia,Kazakhstan,KSN,KZ,Qostanay oblysy,UAUU,Kostanay Airport,53.2069,63.5503
Asia,Central Asia,Kazakhstan,KZO,KZ,Qyzylorda oblysy,UAOO,Kyzylorda Airport,44.7069,65.5925
Asia,Central Asia,Kazakhstan,URA,KZ,Batys Qazaqstan oblysy,UARR,Oral Ak Zhol Airport,51.1508,51.5431
Asia,Central Asia,Kazakhstan,UKK,KZ,Shyghys Qazaqstan oblysy,UASK,Oskemen Airport (Ust-Kamenogorsk Airport),50.0366,82.4942
Asia,Central Asia,Kazakhstan,PWQ,KZ,Pavlodar oblysy,UASP,Pavlodar Airport,52.195,77.0739
Asia,Central Asia,Kazakhstan,PPK,KZ,Soltustik Qazaqstan oblysy,UACP,Petropavl Airport,54.7747,69.1839
Asia,Central Asia,Kazakhstan,PLX,KZ,Shyghys Qazaqstan oblysy,UASS,Semey Airport,50.3513,80.2344
Asia,Central Asia,Kazakhstan,CIT,KZ,Ongtustik Qazaqstan oblysy,UAII,Shymkent International Airport,42.3642,69.4789
Asia,Central Asia,Kazakhstan,DMB,KZ,Zhambyl oblysy,UADD,Taraz Airport (Jambyl Airport),42.8536,71.3036
Asia,Central Asia,Kyrgyzstan,FRU,KG,Chuy,UAFM,Manas International Airport,43.0613,74.4776
Asia,Central Asia,Kyrgyzstan,IKU,KG,Issyk-Kul,UCFL,Issyk-Kul International Airport,42.5851,76.7064
Asia,Central Asia,Kyrgyzstan,,AU,Western Australia,YSEN,Serpentine Airfield,-32.394167,115.872222
Asia,Central Asia,Kyrgyzstan,,CH,Bern,LSPL,Langenthal Airport,47.1828,7.7408
Asia,Central Asia,Kyrgyzstan,,CH,Fribourg,LSGE,Ecuvillens Airfield,46.7548,7.0762
Asia,Central Asia,Kyrgyzstan,,CH,Lausanne,LSGL,Lausanne-Blécherette Airport,46.5452,6.6166
Asia,Central Asia,Kyrgyzstan,,CH,Fribourg,LSGT,Gruyère Airport,46.5942,7.0944
Asia,Central Asia,Kyrgyzstan,,CH,Glarus,LSZM,Mollis Airport,47.07835,9.06466
Asia,Central Asia,Kyrgyzstan,,CH,Obwalden,LSMA,Alpnach,46.9386,8.2841
Asia,Central Asia,Kyrgyzstan,,CH,Obwalden,LSPG,Kagiswil Airport,46.9082,8.2541
Asia,Central Asia,Kyrgyzstan,,CH,Neuchâtel,LSTO,Môtiers Airport,46.9166,6.615
Asia,Central Asia,Kyrgyzstan,,CH,Neuchâtel,LSGC,Les Eplatures Airport,47.083889,6.792778
Asia,Central Asia,Kyrgyzstan,,CH,Sankt Gallen,LSZX,Schanis Airport,47.1717,9.03944
Asia,Central Asia,Kyrgyzstan,,CH,Valais,LSTA,Raron Airport,46.30458333,7.818055556
Asia,Central Asia,Kyrgyzstan,,CH,Vaud,LSMP,Payerne Air Base,46.843333,6.915
Asia,Central Asia,Kyrgyzstan,,CH,Solothurn,LSZG,Grenchen Airport,47.181389,7.416944
Asia,Central Asia,Kyrgyzstan,,DE,Brandenburg,EDAY,Strausberg,52.5799,13.9156
Asia,Central Asia,Kyrgyzstan,,DE,Schleswig-Holstein,EDHB,Grube Airport,54.244434,11.02376
Asia,Central Asia,Kyrgyzstan,,DE,Schleswig-Holstein,EDHE,Uetersen Airfield,54.244434,11.02376
Asia,Central Asia,Kyrgyzstan,,ES,Illes Balears,LESL,San Luis Aerodrome,39.862222,4.258333
Asia,Central Asia,Kyrgyzstan,,ES,Illes Balears,LESB,Son Bonet Aerodrome,39.598889,2.702778
Asia,Central Asia,Kyrgyzstan,,FR,Ile-de-France,LFPX,Aérodrome de Chavenay - Villepreux,48.8422,1.9803
Asia,Central Asia,Kyrgyzstan,,FR,Ile-de-France,LFPF,Beynes Thiverval Airport,48.8436,1.9088
Asia,Central Asia,Kyrgyzstan,,FR,Ile-de-France,LFPK,Coulommiers – Voisins Aerodrome,48.8375,3.014444
Asia,Central Asia,Kyrgyzstan,,FR,Occitanie,LFCQ,Aérodrome de Graulhet-Montdragon,43.7686111111,2.0077777778
Asia,Central Asia,Kyrgyzstan,,FR,Occitanie,LFDG,Gaillac Lisle Sur Tarn Airport,43.88298,1.87428
Asia,Central Asia,Kyrgyzstan,,IT,Lombardia,LILN,Varese-Venegono Airport,45.741389,8.886667
Asia,Central Asia,Kyrgyzstan,,NL,Noord-Brabant,EHSE,Breda International Airport,51.5549,4.5526
Asia,Central Asia,Kyrgyzstan,,NL,Gelderland,EHTE,Teuge International Airport,52.242,6.0518
Asia,Central Asia,Kyrgyzstan,,NZ,Canterbury,NZFF,Forest Field Aerodrome,-43.3858,172.3605
Asia,Central Asia,Kyrgyzstan,,NZ,Canterbury,NZRT,Rangiora Airfield WMS,-43.2892,172.5413
Asia,Central Asia,Kyrgyzstan,,US,Arkansas,KVBT,Bentonville Municipal Airport,36.3458,-94.2194
Asia,Central Asia,Kyrgyzstan,,US,Texas,KBAZ,New Braunfels National Airport,29.703,-98.0411
Asia,Central Asia,Kyrgyzstan,,US,Virginia,KFCI,Chesterfield County Airport,37.406667,-77.525
Asia,Central Asia,Kyrgyzstan,,US,Virginia,KPVG,Hampton Roads Executive Airport,36.780278,-76.448889
Asia,Central Asia,Kyrgyzstan,,US,Virginia,KRMN,Stafford Regional Airport,38.398056,-77.455556
Asia,Central Asia,Kyrgyzstan,OSS,KG,Osh,UAFO,Osh Airport,40.609,72.7933
Asia,Central Asia,Tajikistan,KQT,TJ,Khatlon,UTDT,Bokhtar International Airport,37.8664,68.8647
Asia,Central Asia,Tajikistan,DYU,TJ,Dushanbe,UTDD,Dushanbe International Airport,38.5433,68.825
Asia,Central Asia,Tajikistan,LBD,TJ,Sughd,UTDL,Khujand Airport,40.2154,69.6947
Asia,Central Asia,Tajikistan,TJU,TJ,Khatlon,UTDK,Kulob Airport,37.9881,69.805
Asia,Central Asia,Turkmenistan,ASB,TM,Dasoguz,UTAA,Ashgabat International Airport,37.9868,58.361
Asia,Central Asia,Turkmenistan,TAZ,TM,Dasoguz,UTAT,Dasoguz Airport,41.7611,59.8267
Asia,Central Asia,Turkmenistan,MYP,TM,Mary,UTAM,Mary International Airport,37.6194,61.8967
Asia,Central Asia,Turkmenistan,CRZ,TM,Lebap,UTAV,Turkmenabat Airport,39.0833,63.6133
Asia,Central Asia,Turkmenistan,KRW,TM,Balkan,UTAK,Turkmenbashi International Airport,40.0633,53.0072
Asia,Central Asia,Uzbekistan,AZN,UZ,Andijon,UTKA,Andizhan Airport,40.7277,72.294
Asia,Central Asia,Uzbekistan,BHK,UZ,Buxoro,UTSB,Bukhara International Airport,39.775,64.4833
Asia,Central Asia,Uzbekistan,FEG,UZ,Farg'ona,UTKF,Fergana International Airport,40.3588,71.745
Asia,Central Asia,Uzbekistan,KSQ,UZ,Qashqadaryo,UTSK,Karshi Airport,38.8336,65.9215
Asia,Central Asia,Uzbekistan,NMA,UZ,Namangan,UTFN,Namangan Airport,40.9846,71.5567
Asia,Central Asia,Uzbekistan,NVI,UZ,Navoiy,UTSA,Navoi International Airport,40.1172,65.1708
Asia,Central Asia,Uzbekistan,NCU,UZ,Qoraqalpog'iston Respublikasi,UTNN,Nukus Airport,42.4884,59.6233
Asia,Central Asia,Uzbekistan,SKD,UZ,Samarqand,UTSS,Samarkand International Airport,39.7005,66.9838
Asia,Central Asia,Uzbekistan,TAS,UZ,Toshkent,UTTT,Tashkent International Airport,41.2579,69.2812
Asia,Central Asia,Uzbekistan,TMJ,UZ,Surxondaryo,UTST,Termez Airport,37.2867,67.31
Asia,Central Asia,Uzbekistan,UGC,UZ,Xorazm,UTNU,Urgench International Airport,41.5843,60.6417
Asia,Eastern Asia,China,BAV,CN,Nei Mongol,ZBOW,Baotou Airport,40.56,109.997
Asia,Eastern Asia,China,BHY,CN,Guangxi,ZGBH,Beihai Fucheng Airport,21.5394,109.294
Asia,Eastern Asia,China,PEK,CN,Beijing,ZBAA,Beijing Capital International Airport,40.0725,116.598
Asia,Eastern Asia,China,PKX,CN,Beijing,ZBAD,Daxing International Airport,39.5101,116.4101
Asia,Eastern Asia,China,CGQ,CN,Jilin,ZYCC,Changchun Longjia International Airport,43.9962,125.685
Asia,Eastern Asia,China,CSX,CN,Hunan,ZGHA,Changsha Huanghua International Airport,28.1892,113.22
Asia,Eastern Asia,China,CZX,CN,Jiangsu,ZSCG,Changzhou Benniu Airport,31.9197,119.779
Asia,Eastern Asia,China,CTU,CN,Sichuan,ZUUU,Chengdu Shuangliu International Airport,30.5785,103.947
Asia,Eastern Asia,China,TFU,CN,Sichuan,ZUTF,Chengdu Tianfu International Airport,30.319,104.445
Asia,Eastern Asia,China,CKG,CN,Chongqing,ZUCK,Chongqing Jiangbei International Airport,29.7192,106.642
Asia,Eastern Asia,China,DLC,CN,Liaoning,ZYTL,Dalian Zhoushuizi International Airport,38.9657,121.539
Asia,Eastern Asia,China,DDG,CN,Liaoning,ZYDD,Dandong Langtou Airport,40.0247,124.286
Asia,Eastern Asia,China,DAT,CN,Shanxi,ZBDT,Datong Yungang Airport,40.0603,113.482
Asia,Eastern Asia,China,DNH,CN,Gansu,ZLDH,Dunhuang Airport,40.1611,94.8092
Asia,Eastern Asia,China,ENH,CN,Hubei,ZHES,Enshi Xujiaping Airport,30.3203,109.485
Asia,Eastern Asia,China,FOC,CN,Fujian,ZSFZ,Fuzhou Changle International Airport,25.9351,119.663
Asia,Eastern Asia,China,KOW,CN,Jiangxi,ZSGZ,Ganzhou Huangjin Airport,25.8533,114.779
Asia,Eastern Asia,China,CAN,CN,Guangdong,ZGGG,Guangzhou Baiyun International Airport,23.3924,113.299
Asia,Eastern Asia,China,KWL,CN,Guangxi,ZGKL,Guilin Liangjiang International Airport,25.2181,110.039
Asia,Eastern Asia,China,KWE,CN,Guizhou,ZUGY,Guiyang Longdongbao International Airport,26.5385,106.801
Asia,Eastern Asia,China,HAK,CN,Hainan,ZJHK,Haikou Meilan International Airport,19.9349,110.459
Asia,Eastern Asia,China,HGH,CN,Zhejiang,ZSHC,Hangzhou Xiaoshan International Airport,30.2295,120.434
Asia,Eastern Asia,China,HRB,CN,Heilongjiang,ZYHB,Harbin Taiping International Airport,45.6234,126.25
Asia,Eastern Asia,China,HFE,CN,Anhui,ZSOF,Hefei Xinqiao International Airport,31.78,117.298
Asia,Eastern Asia,China,HEK,CN,Heilongjiang,ZYHE,Heihe Airport,50.1716,127.309
Asia,Eastern Asia,China,HET,CN,Nei Mongol,ZBHH,Hohhot Baita International Airport,40.8514,111.824
Asia,Eastern Asia,China,HIA,CN,Jiangsu,ZSSH,Huai'an Lianshui Airport,33.7908,119.125
Asia,Eastern Asia,China,TXN,CN,Anhui,ZSTX,Huangshan Tunxi International Airport,29.7333,118.256
Asia,Eastern Asia,China,HLD,CN,Nei Mongol,ZBLA,Hulunbuir Hailar Airport,49.205,119.825
Asia,Eastern Asia,China,JMU,CN,Heilongjiang,ZYJM,Jiamusi Dongjiao Airport,46.8434,130.465
Asia,Eastern Asia,China,SWA,CN,Guangdong,ZGOW,Jieyang Chaoshan International Airport,23.552,116.503
Asia,Eastern Asia,China,TNA,CN,Shandong,ZSJN,Jinan Yaoqiang International Airport,36.8572,117.216
Asia,Eastern Asia,China,KMG,CN,Yunnan,ZPPP,Kunming Changshui International Airport,25.1019,102.929
Asia,Eastern Asia,China,LHW,CN,Gansu,ZLLL,Lanzhou Zhongchuan International Airport,36.5152,103.62
Asia,Eastern Asia,China,LXA,CN,Xizang,ZULS,Lhasa Gonggar Airport,29.2978,90.9119
Asia,Eastern Asia,China,LYG,CN,Jiangsu,ZSLG,Lianyungang Baitabu Airport,34.5717,118.874
Asia,Eastern Asia,China,LJG,CN,Yunnan,ZPLJ,Lijiang Sanyi Airport,26.68,100.246
Asia,Eastern Asia,China,LYI,CN,Shandong,ZSLY,Linyi Shubuling Airport,35.0461,118.412
Asia,Eastern Asia,China,LYA,CN,Henan,ZHLY,Luoyang Beijiao Airport,34.7411,112.388
Asia,Eastern Asia,China,LUM,CN,Yunnan,ZPMS,Dehong Mangshi Airport,24.4011,98.5317
Asia,Eastern Asia,China,NZH,CN,Nei Mongol,ZBMZ,Manzhouli Xijiao Airport,49.5667,117.33
Asia,Eastern Asia,China,MDG,CN,Heilongjiang,ZYMD,Mudanjiang Hailang Airport,44.5241,129.569
Asia,Eastern Asia,China,KHN,CN,Jiangxi,ZSCN,Nanchang Changbei International Airport,28.865,115.9
Asia,Eastern Asia,China,NKG,CN,Jiangsu,ZSNJ,Nanjing Lukou International Airport,31.742,118.862
Asia,Eastern Asia,China,NNG,CN,Guangxi,ZGNN,Nanning Wuxu International Airport,22.6083,108.172
Asia,Eastern Asia,China,NTG,CN,Jiangsu,ZSNT,Nantong Xingdong Airport,32.0708,120.976
Asia,Eastern Asia,China,NGB,CN,Zhejiang,ZSNB,Ningbo Lishe International Airport,29.8267,121.462
Asia,Eastern Asia,China,DSN,CN,Nei Mongol,ZBDS,Ordos Ejin Horo Airport,39.49,109.861
Asia,Eastern Asia,China,TAO,CN,Shandong,ZSQD,Qingdao Liuting International Airport,36.2661,120.374
Asia,Eastern Asia,China,BPE,CN,Hebei,ZBDH,Qinhuangdao Beidaihe Airport,39.6664,119.059
Asia,Eastern Asia,China,BAR,CN,Hainan,,Qionghai Bo'ao Airport,19.1382,110.455
Asia,Eastern Asia,China,NDG,CN,Heilongjiang,ZYQQ,Qiqihar Sanjiazi Airport,47.2396,123.918
Asia,Eastern Asia,China,JJN,CN,Fujian,ZSQZ,Quanzhou Jinjiang International Airport,24.7964,118.59
Asia,Eastern Asia,China,SYX,CN,Hainan,ZJSY,Sanya Phoenix International Airport,18.3029,109.412
Asia,Eastern Asia,China,SHA,CN,Shanghai,ZSSS,Shanghai Hongqiao International Airport,31.1979,121.336
Asia,Eastern Asia,China,PVG,CN,Shanghai,ZSPD,Shanghai Pudong International Airport,31.1434,121.805
Asia,Eastern Asia,China,SHE,CN,Liaoning,ZYTX,Shenyang Taoxian International Airport,41.6398,123.483
Asia,Eastern Asia,China,SZX,CN,Guangdong,ZGSZ,Shenzhen Bao'an International Airport,22.6393,113.811
Asia,Eastern Asia,China,SJW,CN,Hebei,ZBSJ,Shijiazhuang Zhengding International Airport,38.2807,114.697
Asia,Eastern Asia,China,TYN,CN,Shanxi,ZBYN,Taiyuan Wusu International Airport,37.7469,112.628
Asia,Eastern Asia,China,TSN,CN,Tianjin,ZBTJ,Tianjin Binhai International Airport,39.1244,117.346
Asia,Eastern Asia,China,UCB,CN,Nei Mongol,,Ulanqab Airport,41.1297,113.108
Asia,Eastern Asia,China,URC,CN,Xinjiang,ZWWW,Urumqi Diwopu International Airport,43.9071,87.4742
Asia,Eastern Asia,China,WXN,CN,Chongqing,ZUWX,Wanzhou Wuqiao Airport,30.8017,108.433
Asia,Eastern Asia,China,WEH,CN,Shandong,ZSWH,Weihai Dashuibo Airport,37.1871,122.229
Asia,Eastern Asia,China,WNZ,CN,Zhejiang,ZSWZ,Wenzhou Longwan International Airport,27.9122,120.852
Asia,Eastern Asia,China,WUH,CN,Hubei,ZHHH,Wuhan Tianhe International Airport,30.7838,114.208
Asia,Eastern Asia,China,WUX,CN,Jiangsu,ZSWX,Sunan Shuofang International Airport,31.4944,120.429
Asia,Eastern Asia,China,WUS,CN,Fujian,ZSWY,Wuyishan Airport,27.7019,118.001
Asia,Eastern Asia,China,XMN,CN,Fujian,ZSAM,Xiamen Gaoqi International Airport,24.544,118.128
Asia,Eastern Asia,China,XIY,CN,Shaanxi,ZLXY,Xi'an Xianyang International Airport,34.4471,108.752
Asia,Eastern Asia,China,XNN,CN,Qinghai,ZLXN,Xining Caojiabao Airport,36.5275,102.043
Asia,Eastern Asia,China,WUT,CN,Shanxi,ZBXZ,Xinzhou Wutaishan Airport,38.5975,112.969
Asia,Eastern Asia,China,JHG,CN,Yunnan,ZPJH,Xishuangbanna Gasa Airport,21.9739,100.76
Asia,Eastern Asia,China,XUZ,CN,Jiangsu,ZSXZ,Xuzhou Guanyin Airport,34.0591,117.555
Asia,Eastern Asia,China,YNZ,CN,Jiangsu,ZSYN,Yancheng Nanyang International Airport,33.4258,120.203
Asia,Eastern Asia,China,YTY,CN,Jiangsu,ZSYA,Yangzhou Taizhou Airport,32.5602,119.717
Asia,Eastern Asia,China,YNJ,CN,Jilin,ZYYJ,Yanji Chaoyangchuan Airport,42.8828,129.451
Asia,Eastern Asia,China,YNT,CN,Shandong,ZSYT,Yantai Penglai International Airport,37.6572,120.987
Asia,Eastern Asia,China,YIH,CN,Hubei,ZHYC,Yichang Sanxia Airport,30.5565,111.48
Asia,Eastern Asia,China,INC,CN,Ningxia,ZLIC,Yinchuan Hedong International Airport,38.3228,106.393
Asia,Eastern Asia,China,YIW,CN,Zhejiang,ZSYW,Yiwu Airport,29.3447,120.032
Asia,Eastern Asia,China,YCU,CN,Shanxi,ZBYC,Yuncheng Guangong Airport,35.1164,111.031
Asia,Eastern Asia,China,DYG,CN,Hunan,ZGDY,Zhangjiajie Hehua Airport,29.1028,110.443
Asia,Eastern Asia,China,ZHA,CN,Guangdong,ZGZJ,Zhanjiang Airport,21.2144,110.358
Asia,Eastern Asia,China,CGO,CN,Henan,ZHCC,Zhengzhou Xinzheng International Airport,34.5197,113.841
Asia,Eastern Asia,China,ZUH,CN,Guangdong,ZGSD,Zhuhai Jinwan Airport (Zhuhai Sanzao Airport),22.0064,113.376
Asia,Eastern Asia,China,ZYI,CN,Guizhou,ZUZY,Zunyi Xinzhou Airport,27.5895,107.001
Asia,Eastern Asia,Hong Kong,HKG,HK,Hong Kong,VHHH,Hong Kong International Airport (Chek Lap Kok Airport),22.3089,113.915
Asia,Eastern Asia,Japan,AXT,JP,Akita,RJSK,Akita Airport,39.6156,140.219
Asia,Eastern Asia,Japan,AOJ,JP,Aomori,RJSA,Aomori Airport,40.7347,140.691
Asia,Eastern Asia,Japan,FUK,JP,Fukuoka,RJFF,Fukuoka Airport (Itazuke Air Base),33.5859,130.451
Asia,Eastern Asia,Japan,HKD,JP,Hokkaido,RJCH,Hakodate Airport,41.77,140.822
Asia,Eastern Asia,Japan,HIJ,JP,Hiroshima,RJOA,Hiroshima Airport,34.4361,132.919
Asia,Eastern Asia,Japan,KOJ,JP,Kagoshima,RJFK,Kagoshima Airport,31.8034,130.719
Asia,Eastern Asia,Japan,KKJ,JP,Fukuoka,RJFR,Kitakyushu Airport,33.8459,131.035
Asia,Eastern Asia,Japan,KMQ,JP,Ishikawa,RJNK,Komatsu Airport (Kanazawa Airport),36.3946,136.407
Asia,Eastern Asia,Japan,NGS,JP,Nagasaki,RJFU,Nagasaki Airport,32.9169,129.914
Asia,Eastern Asia,Japan,NGO,JP,Aichi,RJGG,Chubu Centrair International Airport,34.8584,136.805
Asia,Eastern Asia,Japan,OKA,JP,Okinawa,ROAH,Naha Airport,26.1958,127.646
Asia,Eastern Asia,Japan,KIJ,JP,Niigata,RJSN,Niigata Airport,37.9559,139.121
Asia,Eastern Asia,Japan,OIT,JP,Oita,RJFO,Oita Airport,33.4794,131.737
Asia,Eastern Asia,Japan,OKJ,JP,Okayama,RJOB,Okayama Airport,34.7569,133.855
Asia,Eastern Asia,Japan,KIX,JP,Osaka,RJBB,Kansai International Airport,34.4305,135.23
Asia,Eastern Asia,Japan,CTS,JP,Hokkaido,RJCC,New Chitose Airport,42.7876,141.6772
Asia,Eastern Asia,Japan,SDJ,JP,Miyagi,RJSS,Sendai Airport,38.1397,140.917
Asia,Eastern Asia,Japan,FSZ,JP,Shizuoka,RJNS,Shizuoka Airport (Mt. Fuji Shizuoka Airport),34.796,138.188
Asia,Eastern Asia,Japan,HND,JP,Tokyo,RJTT,Haneda Airport,35.5533,139.781
Asia,Eastern Asia,Japan,NRT,JP,Tokyo,RJAA,Narita International Airport,35.7653,140.386
Asia,Eastern Asia,Macau,MFM,MO,Macau,VMMC,Macau International Airport,22.1496,113.592
Asia,Eastern Asia,Mongolia,UBN,MN,Ulaanbaatar,ZMCK,Chinggis Khaan International Airport,47.6516,106.822
Asia,Eastern Asia,North Korea,FNJ,KP,P'yongyang,ZKPY,Pyongyang Sunan International Airport,39.2241,125.67
Asia,Eastern Asia,South Korea,PUS,KR,Busan-gwangyeoksi,RKPK,Gimhae International Airport,35.1795,128.938
Asia,Eastern Asia,South Korea,CJJ,KR,Chungcheongbuk-do,RKTU,Cheongju International Airport,36.717,127.499
Asia,Eastern Asia,South Korea,TAE,KR,Gyeongsangnam-do,RKTN,Daegu International Airport,35.8969,128.655
Asia,Eastern Asia,South Korea,CJU,KR,Jeju-teukbyeoljachido,RKPC,Jeju International Airport,33.5113,126.493
Asia,Eastern Asia,South Korea,MWX,KR,Gwangju-gwangyeoksi,RKJB,Muan International Airport,34.9914,126.383
Asia,Eastern Asia,South Korea,GMP,KR,Gyeonggi-do,RKSS,Seoul Gimpo International Airport,37.5655,126.8011
Asia,Eastern Asia,South Korea,ICN,KR,Gyeonggi-do,RKSI,Incheon International Airport,37.4633,126.44
Asia,Eastern Asia,South Korea,YNY,KR,Gangwon-do,RKNY,Yangyang International Airport,38.0613,128.669
Asia,Eastern Asia,Taiwan,HUN,TW,Hualien,RCYU,Hualien Airport,24.0231,121.618
Asia,Eastern Asia,Taiwan,KHH,TW,Kaohsiung,RCKH,Kaohsiung International Airport,22.5771,120.35
Asia,Eastern Asia,Taiwan,RMQ,TW,Taichung,RCMQ,Taichung Airport (Taichung Ching Chuan Kang Airport),24.2647,120.621
Asia,Eastern Asia,Taiwan,TNN,TW,Tainan,RCNN,Tainan Airport,22.9504,120.206
Asia,Eastern Asia,Taiwan,TSA,TW,Taipei,RCSS,Taipei Songshan Airport,25.0694,121.552
Asia,Eastern Asia,Taiwan,TPE,TW,Taoyuan,RCTP,Taiwan Taoyuan International Airport,25.0777,121.233
Asia,Southern Asia,Bangladesh,BZL,BD,Barisal,VGBR,Barisal Airport,22.801,90.3012
Asia,Southern Asia,Bangladesh,CGP,BD,Chittagong,VGEG,Shah Amanat International Airport,22.2496,91.8133
Asia,Southern Asia,Bangladesh,CXB,BD,Chittagong,VGCB,Cox's Bazar Airport,21.4522,91.9639
Asia,Southern Asia,Bangladesh,DAC,BD,Dhaka,VGHS,Hazrat Shahjalal International Airport,23.8433,90.3978
Asia,Southern Asia,Bangladesh,KLN,US,Alaska,PALB,Larsen Bay Airport,57.5351,-153.978
Asia,Southern Asia,Bangladesh,RJH,BD,Rajshahi,VGRJ,Shah Makhdum Airport,24.4372,88.6165
Asia,Southern Asia,Bangladesh,SPD,BD,Rangpur,VGSD,Saidpur Airport,25.7592,88.9089
Asia,Southern Asia,Bangladesh,ZYL,BD,Sylhet,VGSY,Osmani International Airport,24.9632,91.8668
Asia,Southern Asia,Bhutan,PBH,BT,Paro,VQPR,Paro International Airport,27.4032,89.4246
Asia,Southern Asia,India,IXA,IN,Tripura,VEAT,Agartala Airport (Singerbhil Airport),23.887,91.2404
Asia,Southern Asia,India,AMD,IN,Gujarat,VAAH,Sardar Vallabhbhai Patel International Airport,23.0772,72.6347
Asia,Southern Asia,India,ATQ,IN,Punjab,VIAR,Sri Guru Ram Dass Jee International Airport,31.7096,74.7973
Asia,Southern Asia,India,AYJ,IN,Uttar Pradesh,,Ayodhya Faizabad Airport,26.7474,82.1505
Asia,Southern Asia,India,BLR,IN,Karnataka,VOBL,Kempegowda International Airport,13.1979,77.7063
Asia,Southern Asia,India,BHO,IN,Madhya Pradesh,VABP,Raja Bhoj Airport,23.2875,77.3374
Asia,Southern Asia,India,BBI,IN,Odisha,VEBS,Biju Patnaik International Airport,20.2444,85.8178
Asia,Southern Asia,India,MAA,IN,Tamil Nadu,VOMM,Chennai International Airport,12.99,80.1693
Asia,Southern Asia,India,CJB,IN,Tamil Nadu,VOCB,Coimbatore International Airport,11.03,77.0434
Asia,Southern Asia,India,DEL,IN,Delhi,VIDP,Indira Gandhi International Airport,28.5665,77.1031
Asia,Southern Asia,India,GAY,IN,Bihar,VEGY,Gaya Airport (Bodhgaya Airport),24.7443,84.9512
Asia,Southern Asia,India,GAU,IN,Assam,VEGT,Lokpriya Gopinath Bordoloi International Airport,26.1061,91.5859
Asia,Southern Asia,India,HYD,IN,Telangana,VOHS,Rajiv Gandhi International Airport,17.2313,78.4299
Asia,Southern Asia,India,IMF,IN,Manipur,VEIM,Imphal International Airport (Tulihal Airport),24.76,93.8967
Asia,Southern Asia,India,IDR,IN,Madhya Pradesh,VAID,Devi Ahilyabai Holkar International Airport,22.7218,75.8011
Asia,Southern Asia,India,JAI,IN,Rajasthan,VIJP,Jaipur International Airport,26.8242,75.8122
Asia,Southern Asia,India,IXJ,IN,Jammu and Kashmir,VIJU,Jammu Airport (Satwari Airport),32.6891,74.8374
Asia,Southern Asia,India,CNN,IN,Kerala,VOKN,Kannur International Airport,11.9186,75.5472
Asia,Southern Asia,India,COK,IN,Kerala,VOCI,Cochin International Airport (Nedumbassery Airport),10.152,76.4019
Asia,Southern Asia,India,CCU,IN,West Bengal,VECC,Netaji Subhas Chandra Bose International Airport,22.6547,88.4467
Asia,Southern Asia,India,CCJ,IN,Kerala,VOCL,Calicut International Airport,11.1368,75.9553
Asia,Southern Asia,India,LKO,IN,Uttar Pradesh,VILK,Chaudhary Charan Singh International Airport,26.7606,80.8893
Asia,Southern Asia,India,IXM,IN,Tamil Nadu,VOMD,Madurai Airport,9.83451,78.0934
Asia,Southern Asia,India,IXE,IN,Karnataka,VOML,Mangalore Airport,12.9613,74.8901
Asia,Southern Asia,India,BOM,IN,Maharashtra,VABB,Chhatrapati Shivaji International Airport,19.0887,72.8679
Asia,Southern Asia,India,NAG,IN,Maharashtra,VANP,Dr. Babasaheb Ambedkar International Airport,21.0922,79.0472
Asia,Southern Asia,India,ISK,IN,Maharashtra,VAOZ,Nashik Airport,20.1191,73.9129
Asia,Southern Asia,India,GOX,IN,Goa,VOGA,Manohar International Airport (Goa),15.7312,73.8666
Asia,Southern Asia,India,PNQ,IN,Maharashtra,VAPO,Pune Airport,18.5821,73.9197
Asia,Southern Asia,India,IXR,IN,Jharkhand,VERC,Birsa Munda Airport,23.3143,85.3217
Asia,Southern Asia,India,IXB,IN,West Bengal,VEBD,Bagdogra Airport,26.6812,88.3286
Asia,Southern Asia,India,GOI,IN,Goa,VOGO,Goa International Airport (Dabolim Airport),15.3808,73.8314
Asia,Southern Asia,India,SXR,IN,Jammu and Kashmir,VISR,Sheikh ul Alam International Airport,33.9871,74.7742
Asia,Southern Asia,India,STV,IN,Gujarat,VASU,Surat Airport,21.1141,72.7418
Asia,Southern Asia,India,TRV,IN,Kerala,VOTV,Trivandrum International Airport,8.48212,76.9201
Asia,Southern Asia,India,TRZ,IN,Tamil Nadu,VOTR,Tiruchirappalli International Airport,10.7654,78.7097
Asia,Southern Asia,India,TIR,IN,Andhra Pradesh,VOTP,Tirupati Airport,13.6325,79.5433
Asia,Southern Asia,India,BDQ,IN,Gujarat,VABO,Vadodara Airport (Civil Airport Harni),22.3362,73.2263
Asia,Southern Asia,India,VNS,IN,Uttar Pradesh,VEBN,Lal Bahadur Shastri Airport,25.4524,82.8593
Asia,Southern Asia,India,VGA,IN,Andhra Pradesh,VOBZ,Vijayawada Airport,16.5304,80.7968
Asia,Southern Asia,India,VTZ,IN,Andhra Pradesh,VEVZ,Visakhapatnam Airport,17.7212,83.2245
Asia,Southern Asia,Maldives,GAN,MV,Seenu,VRMG,Gan International Airport,-0.693342,73.1556
Asia,Southern Asia,Maldives,HAQ,MV,Haa Dhaalu,VRMH,Hanimaadhoo International Airport,6.74423,73.1705
Asia,Southern Asia,Maldives,MLE,MV,Kaafu,VRMM,Velana International Airport,4.19183,73.5291
Asia,Southern Asia,Maldives,NMF,MV,Baa,,Maafaru International Airport,5.82222,73.4747
Asia,Southern Asia,Maldives,VAM,MV,Baa,VRMV,Villa International Airport,3.47056,72.8358
Asia,Southern Asia,Nepal,KTM,NP,Bagmati,VNKT,Tribhuvan International Airport,27.6966,85.3591
Asia,Southern Asia,Nepal,PKR,NP,Gandaki,VNPK,Pokhara Airport,28.2009,83.9821
Asia,Southern Asia,Nepal,BWA,NP,Lumbini,VNBW,Gautam Buddha Airport,27.5057,83.4163
Asia,Southern Asia,Pakistan,BHV,PK,Punjab,OPBW,Bahawalpur Airport,29.3481,71.718
Asia,Southern Asia,Pakistan,LYP,PK,Punjab,OPFA,Faisalabad International Airport,31.365,72.9948
Asia,Southern Asia,Pakistan,GWD,PK,Balochistan,OPGD,Gwadar International Airport,25.2333,62.3295
Asia,Southern Asia,Pakistan,ISB,PK,Islamabad,OPIS,Islamabad International Airport,33.5607,72.8516
Asia,Southern Asia,Pakistan,KHI,PK,Sindh,OPKC,Jinnah International Airport,24.9065,67.1608
Asia,Southern Asia,Pakistan,LHE,PK,Punjab,OPLA,Allama Iqbal International Airport,31.5216,74.4036
Asia,Southern Asia,Pakistan,MUX,PK,Punjab,OPMT,Multan International Airport,30.2032,71.4191
Asia,Southern Asia,Pakistan,PEW,PK,Khyber Pakhtunkhwa,OPPS,Bacha Khan International Airport,33.9939,71.5146
Asia,Southern Asia,Pakistan,UET,PK,Balochistan,OPQT,Quetta International Airport,30.2514,66.9378
Asia,Southern Asia,Pakistan,RYK,PK,Punjab,OPRK,Shaikh Zayed International Airport,28.3839,70.2796
Asia,Southern Asia,Pakistan,SKT,PK,Punjab,OPST,Sialkot International Airport,32.5356,74.3639
Asia,Southern Asia,Pakistan,TUK,PK,Balochistan,OPTU,Turbat International Airport,25.9864,63.0302
Asia,Southern Asia,Sri Lanka,BTC,LK,Central Province,VCCB,Batticaloa Airport,7.70576,81.6788
Asia,Southern Asia,Sri Lanka,CMB,LK,Western Province,VCBI,Bandaranaike International Airport,7.18076,79.8841
Asia,Southern Asia,Sri Lanka,RML,LK,Western Province,VCCC,Ratmalana Airport,6.82199,79.8862
Asia,Southern Asia,Sri Lanka,HRI,LK,Southern Province,VCRI,Mattala Rajapaksa International Airport,6.28447,81.1241
Asia,Southern Asia,Sri Lanka,JAF,LK,Northern Province,VCCJ,Jaffna Airport,9.79233,80.0701
Asia,Southeast Asia,Brunei,BWN,BN,Brunei-Muara,WBSB,Brunei International Airport,4.9442,114.928
Asia,Southeast Asia,Cambodia,PNH,KH,Phnom Penh,VDPP,Phnom Penh International Airport,11.5466,104.844
Asia,Southeast Asia,Cambodia,REP,KH,Siem Reab,VDSR,Siem Reap International Airport (Angkor Int'l),13.4107,103.813
Asia,Southeast Asia,Cambodia,KOS,KH,Krong Preah Sihanouk,VDSV,Sihanoukville International Airport (Kaong Kang Airport),10.5797,103.637
Asia,Southeast Asia,Indonesia,BPN,ID,Kalimantan Timur,WALL,Sultan Aji Muhammad Sulaiman Airport,-1.26827,116.894
Asia,Southeast Asia,Indonesia,BTJ,ID,Aceh,WITT,Sultan Iskandar Muda International Airport,5.52287,95.4206
Asia,Southeast Asia,Indonesia,KJT,ID,Jawa Barat,WICA,Kertajati International Airport,-6.64892,108.167
Asia,Southeast Asia,Indonesia,BDJ,ID,Kalimantan Selatan,WAOO,Syamsudin Noor Airport,-3.44236,114.763
Asia,Southeast Asia,Indonesia,BTH,ID,Kepulauan Riau,WIDD,Hang Nadim Airport,1.12103,104.119
Asia,Southeast Asia,Indonesia,DPS,ID,Bali,WADD,Ngurah Rai International Airport,-8.74817,115.167
Asia,Southeast Asia,Indonesia,HLP,ID,Jakarta,WIHH,Halim Perdanakusuma International Airport,-6.2655,106.8856
Asia,Southeast Asia,Indonesia,CGK,ID,Banten,WIII,Soekarno–Hatta International Airport,-6.12556,106.656
Asia,Southeast Asia,Indonesia,DJJ,ID,Papua,WAJJ,Sentani Airport,-2.57695,140.516
Asia,Southeast Asia,Indonesia,LBJ,ID,Nusa Tenggara Timur,WATO,Komodo Airport,-8.48666,119.889
Asia,Southeast Asia,Indonesia,UPG,ID,Sulawesi Selatan,WAAA,Sultan Hasanuddin International Airport,-5.06163,119.554
Asia,Southeast Asia,Indonesia,MDC,ID,Sulawesi Utara,WAMM,Sam Ratulangi International Airport,1.54926,124.926
Asia,Southeast Asia,Indonesia,LOP,ID,Nusa Tenggara Barat,WADL,Lombok International Airport,-8.75732,116.277
Asia,Southeast Asia,Indonesia,KNO,ID,Sulawesi Utara,WIMM,Kualanamu International Airport,3.64222,98.8853
Asia,Southeast Asia,Indonesia,PDG,ID,Sumatera Barat,WIPT,Minangkabau International Airport,-0.786917,100.281
Asia,Southeast Asia,Indonesia,PLM,ID,Sumatera Selatan,WIPP,Sultan Mahmud Badaruddin II International Airport,-2.89825,104.7
Asia,Southeast Asia,Indonesia,PKU,ID,Riau,WIBB,Sultan Syarif Kasim II International Airport,0.460786,101.445
Asia,Southeast Asia,Indonesia,PNK,ID,Kalimantan Barat,WIOO,Supadio Airport,-0.150711,109.404
Asia,Southeast Asia,Indonesia,SRG,ID,Jawa Tengah,WARS,Achmad Yani International Airport,-6.97273,110.375
Asia,Southeast Asia,Indonesia,SUB,ID,Jawa Timur,WARR,Juanda International Airport,-7.37983,112.787
Asia,Southeast Asia,Indonesia,TJQ,ID,Kepulauan Bangka Belitung,WIKD,H.A.S. Hanandjoeddin Airport (Buluh Tumbang Airport),-2.74572,107.755
Asia,Southeast Asia,Indonesia,YIA,ID,Jawa Tengah,WAHI,Yogyakarta International Airport,-7.90534,110.057
Asia,Southeast Asia,Laos,LPQ,LA,Louangphabang,VLLB,Luang Prabang International Airport,19.8973,102.161
Asia,Southeast Asia,Laos,PKZ,LA,Champasak,VLPS,Pakse International Airport,15.1321,105.781
Asia,Southeast Asia,Laos,ZVK,LA,Savannakhet,VLSK,Savannakhet Airport,16.5566,104.76
Asia,Southeast Asia,Laos,VTE,LA,Viangchan,VLVT,Wattay International Airport,17.9883,102.563
Asia,Southeast Asia,Malaysia,AOR,MY,Kedah,WMKA,Sultan Abdul Halim Airport,6.18967,100.398
Asia,Southeast Asia,Malaysia,IPH,MY,Perak,WMKI,Sultan Azlan Shah Airport,4.56797,101.092
Asia,Southeast Asia,Malaysia,JHB,MY,Johor,WMKJ,Senai International Airport,1.64131,103.67
Asia,Southeast Asia,Malaysia,KBR,MY,Kelantan,WMKC,Sultan Ismail Petra Airport,6.16685,102.293
Asia,Southeast Asia,Malaysia,BKI,MY,Sabah,WBKK,Kota Kinabalu International Airport,5.93721,116.051
Asia,Southeast Asia,Malaysia,KUL,MY,Selangor,WMKK,Kuala Lumpur International Airport,2.74558,101.71
Asia,Southeast Asia,Malaysia,SZB,MY,Selangor,WMSA,Sultan Abdul Aziz Shah Airport,3.13058,101.549
Asia,Southeast Asia,Malaysia,TGG,MY,Terengganu,WMKN,Sultan Mahmud Airport,5.38264,103.103
Asia,Southeast Asia,Malaysia,KUA,MY,Pahang,WMKD,Sultan Haji Ahmad Shah Airport (RMAF Kuantan),3.77539,103.209
Asia,Southeast Asia,Malaysia,KCH,MY,Sarawak,WBGG,Kuching International Airport,1.4847,110.347
Asia,Southeast Asia,Malaysia,LBU,MY,Sabah,WBKL,Labuan Airport,5.30068,115.25
Asia,Southeast Asia,Malaysia,LGK,MY,Kedah,WMKL,Langkawi International Airport,6.32973,99.7287
Asia,Southeast Asia,Malaysia,PEN,MY,Pulau Pinang,WMKP,Penang International Airport,5.29714,100.277
Asia,Southeast Asia,Myanmar,MDL,MM,Mandalay,VYMD,Mandalay International Airport,21.7022,95.9779
Asia,Southeast Asia,Myanmar,NYT,MM,Mandalay,VYNT,Naypyidaw International Airport,19.6235,96.201
Asia,Southeast Asia,Myanmar,RGN,MM,Yangon,VYYY,Yangon International Airport,16.9073,96.1332
Asia,Southeast Asia,Philippines,DRP,PH,Albay,RPLK,Bicol International Airport,13.1115,123.6814
Asia,Southeast Asia,Philippines,LLC,PH,Cagayan,RPLH,Cagayan North International Airport (Lal-lo Airport),18.1811,121.745
Asia,Southeast Asia,Philippines,CEB,PH,Cebu,RPVM,Mactan-Cebu International Airport,10.3075,123.979
Asia,Southeast Asia,Philippines,CRK,PH,Pampanga,RPLC,Clark International Airport,15.186,120.56
Asia,Southeast Asia,Philippines,DVO,PH,Davao del Sur,RPMD,Francisco Bangoy International Airport,7.12552,125.646
Asia,Southeast Asia,Philippines,GES,PH,South Cotabato,RPMR,General Santos International Airport (Tambler Airport),6.058,125.096
Asia,Southeast Asia,Philippines,ILO,PH,Iloilo,RPVI,Iloilo International Airport,10.833,122.493
Asia,Southeast Asia,Philippines,KLO,PH,Aklan,RPVK,Kalibo International Airport,11.6794,122.376
Asia,Southeast Asia,Philippines,CGY,PH,Misamis Oriental,RPMY,Laguindingan Airport,8.6122,124.456
Asia,Southeast Asia,Philippines,LAO,PH,Ilocos Norte,RPLI,Laoag International Airport,18.1781,120.532
Asia,Southeast Asia,Philippines,MNL,PH,National Capital Region,RPLL,Ninoy Aquino International Airport / Villamor Air Base,14.5086,121.02
Asia,Southeast Asia,Philippines,TAG,PH,Bohol,RPVT,Tagbilaran Airport,9.66544,123.854
Asia,Southeast Asia,Philippines,PPS,PH,Palawan,RPVP,Puerto Princesa International Airport,9.74212,118.759
Asia,Southeast Asia,Philippines,SFS,PH,Bataan,RPLB,Subic Bay International Airport,14.7944,120.271
Asia,Southeast Asia,Philippines,ZAM,PH,Zamboanga del Sur,RPMZ,Zamboanga International Airport,6.92242,122.06
Asia,Southeast Asia,Singapore,SIN,SG,Singapore,WSSS,Singapore Changi Airport,1.35019,103.994
Asia,Southeast Asia,Singapore,XSP,SG,Singapore,WSSL,Seletar Airport,1.41695,103.868
Asia,Southeast Asia,Thailand,BKK,TH,Krung Thep Maha Nakhon,VTBS,Suvarnabhumi Airport,13.6811,100.747
Asia,Southeast Asia,Thailand,DMK,TH,Krung Thep Maha Nakhon,VTBD,Don Mueang International Airport,13.9126,100.607
Asia,Southeast Asia,Thailand,CNX,TH,Chiang Mai,VTCC,Chiang Mai International Airport,18.7668,98.9626
Asia,Southeast Asia,Thailand,CEI,TH,Chiang Rai,VTCT,Chiang Rai International Airport (Mae Fah Luang Int'l),19.9523,99.8829
Asia,Southeast Asia,Thailand,HDY,TH,Songkhla,VTSS,Hat Yai International Airport,6.93321,100.393
Asia,Southeast Asia,Thailand,USM,TH,Surat Thani,VTSM,Samui Airport,9.54779,100.062
Asia,Southeast Asia,Thailand,KBV,TH,Krabi,VTSG,Krabi Airport,8.09912,98.9862
Asia,Southeast Asia,Thailand,HKT,TH,Phuket,VTSP,Phuket International Airport,8.1132,98.3169
Asia,Southeast Asia,Thailand,UTP,TH,Rayong,VTBU,U-Tapao International Airport,12.6799,101.005
Asia,Southeast Asia,Thailand,URT,TH,Surat Thani,VTSB,Surat Thani Airport,9.1326,99.1356
Asia,Southeast Asia,Thailand,UTH,TH,Udon Thani,VTUD,Udon Thani International Airport,17.3864,102.788
Asia,Southeast Asia,Timor-Leste,DIL,TL,Dili,WPDL,Presidente Nicolau Lobato International Airport,-8.5464,125.526
Asia,Southeast Asia,Vietnam,VCA,VN,Can Tho,VVCT,Can Tho International Airport,10.0851,105.712
Asia,Southeast Asia,Vietnam,DAD,VN,Da Nang,VVDN,Da Nang International Airport,16.0439,108.199
Asia,Southeast Asia,Vietnam,HPH,VN,Hai Phong,VVCI,Cat Bi International Airport,20.8194,106.725
Asia,Southeast Asia,Vietnam,HAN,VN,Ha Noi,VVNB,Noi Bai International Airport,21.2212,105.807
Asia,Southeast Asia,Vietnam,SGN,VN,Ho Chi Minh,VVTS,Tan Son Nhat International Airport,10.8188,106.652
Asia,Southeast Asia,Vietnam,HUI,VN,Thua Thien-Hue,VVPB,Phu Bai International Airport,16.4015,107.703
Asia,Southeast Asia,Vietnam,CXR,VN,Khanh Hoa,VVCR,Cam Ranh International Airport,11.9982,109.219
Asia,Southeast Asia,Vietnam,PQC,VN,Kien Giang,VVPQ,Phu Quoc International Airport,10.1698,103.993
Asia,Southeast Asia,Vietnam,VCL,VN,Quang Nam,VVCA,Chu Lai International Airport,15.4033,108.706
Asia,Southeast Asia,Vietnam,VDO,VN,Quang Ninh,VVVD,Van Don International Airport,21.1178,107.414
Asia,Southeast Asia,Vietnam,,AU,Western Australia,YSEN,Serpentine Airfield,-32.394167,115.872222
Asia,Southeast Asia,Vietnam,,CH,Bern,LSPL,Langenthal Airport,47.1828,7.7408
Asia,Southeast Asia,Vietnam,,CH,Fribourg,LSGE,Ecuvillens Airfield,46.7548,7.0762
Asia,Southeast Asia,Vietnam,,CH,Lausanne,LSGL,Lausanne-Blécherette Airport,46.5452,6.6166
Asia,Southeast Asia,Vietnam,,CH,Fribourg,LSGT,Gruyère Airport,46.5942,7.0944
Asia,Southeast Asia,Vietnam,,CH,Glarus,LSZM,Mollis Airport,47.07835,9.06466
Asia,Southeast Asia,Vietnam,,CH,Obwalden,LSMA,Alpnach,46.9386,8.2841
Asia,Southeast Asia,Vietnam,,CH,Obwalden,LSPG,Kagiswil Airport,46.9082,8.2541
Asia,Southeast Asia,Vietnam,,CH,Neuchâtel,LSTO,Môtiers Airport,46.9166,6.615
Asia,Southeast Asia,Vietnam,,CH,Neuchâtel,LSGC,Les Eplatures Airport,47.083889,6.792778
Asia,Southeast Asia,Vietnam,,CH,Sankt Gallen,LSZX,Schanis Airport,47.1717,9.03944
Asia,Southeast Asia,Vietnam,,CH,Valais,LSTA,Raron Airport,46.30458333,7.818055556
Asia,Southeast Asia,Vietnam,,CH,Vaud,LSMP,Payerne Air Base,46.843333,6.915
Asia,Southeast Asia,Vietnam,,CH,Solothurn,LSZG,Grenchen Airport,47.181389,7.416944
Asia,Southeast Asia,Vietnam,,DE,Brandenburg,EDAY,Strausberg,52.5799,13.9156
Asia,Southeast Asia,Vietnam,,DE,Schleswig-Holstein,EDHB,Grube Airport,54.244434,11.02376
Asia,Southeast Asia,Vietnam,,DE,Schleswig-Holstein,EDHE,Uetersen Airfield,54.244434,11.02376
Asia,Southeast Asia,Vietnam,,ES,Illes Balears,LESL,San Luis Aerodrome,39.862222,4.258333
Asia,Southeast Asia,Vietnam,,ES,Illes Balears,LESB,Son Bonet Aerodrome,39.598889,2.702778
Asia,Southeast Asia,Vietnam,,FR,Ile-de-France,LFPX,Aérodrome de Chavenay - Villepreux,48.8422,1.9803
Asia,Southeast Asia,Vietnam,,FR,Ile-de-France,LFPF,Beynes Thiverval Airport,48.8436,1.9088
Asia,Southeast Asia,Vietnam,,FR,Ile-de-France,LFPK,Coulommiers – Voisins Aerodrome,48.8375,3.014444
Asia,Southeast Asia,Vietnam,,FR,Occitanie,LFCQ,Aérodrome de Graulhet-Montdragon,43.7686111111,2.0077777778
Asia,Southeast Asia,Vietnam,,FR,Occitanie,LFDG,Gaillac Lisle Sur Tarn Airport,43.88298,1.87428
Asia,Southeast Asia,Vietnam,,IT,Lombardia,LILN,Varese-Venegono Airport,45.741389,8.886667
Asia,Southeast Asia,Vietnam,,NL,Noord-Brabant,EHSE,Breda International Airport,51.5549,4.5526
Asia,Southeast Asia,Vietnam,,NL,Gelderland,EHTE,Teuge International Airport,52.242,6.0518
Asia,Southeast Asia,Vietnam,,NZ,Canterbury,NZFF,Forest Field Aerodrome,-43.3858,172.3605
Asia,Southeast Asia,Vietnam,,NZ,Canterbury,NZRT,Rangiora Airfield WMS,-43.2892,172.5413
Asia,Southeast Asia,Vietnam,,US,Arkansas,KVBT,Bentonville Municipal Airport,36.3458,-94.2194
Asia,Southeast Asia,Vietnam,,US,Texas,KBAZ,New Braunfels National Airport,29.703,-98.0411
Asia,Southeast Asia,Vietnam,,US,Virginia,KFCI,Chesterfield County Airport,37.406667,-77.525
Asia,Southeast Asia,Vietnam,,US,Virginia,KPVG,Hampton Roads Executive Airport,36.780278,-76.448889
Asia,Southeast Asia,Vietnam,,US,Virginia,KRMN,Stafford Regional Airport,38.398056,-77.455556
Asia,Southwest Asia and the Middle East,Afghanistan,HEA,AF,Herat,OAHR,Herat International Airport,34.21,62.2283
Asia,Southwest Asia and the Middle East,Afghanistan,KBL,AF,Kabul,OAKB,Kabul International Airport,34.5658,69.2131
Asia,Southwest Asia and the Middle East,Afghanistan,KDH,AF,Kandahar,OAKN,Kandahar International Airport,31.5058,65.8478
Asia,Southwest Asia and the Middle East,Afghanistan,MZR,AF,Balkh,OAMS,Mazar-e Sharif International Airport,36.7069,67.2097
Asia,Southwest Asia and the Middle East,Armenia,LWN,AM,Sirak,UDSG,Gyumri Shirak Airport,40.7504,43.8593
Asia,Southwest Asia and the Middle East,Armenia,EVN,AM,Erevan,UDYZ,Zvartnots International Airport,40.1473,44.3959
Asia,Southwest Asia and the Middle East,Azerbaijan,GYD,AZ,Baki,UBBB,Heydar Aliyev International Airport,40.4675,50.0467
Asia,Southwest Asia and the Middle East,Azerbaijan,FZL,AZ,Fuzuli,UBBF,Fuzuli Airport,39.5955,47.1973
Asia,Southwest Asia and the Middle East,Azerbaijan,LLK,AZ,Lankaran,UBBL,Lankaran International Airport,38.7464,48.818
Asia,Southwest Asia and the Middle East,Azerbaijan,NAJ,AZ,Naxcivan,UBBN,Nakhchivan International Airport,39.1888,45.4584
Asia,Southwest Asia and the Middle East,Azerbaijan,GBB,AZ,Qabala,UBBQ,Qabala International Airport,40.8267,47.7125
Asia,Southwest Asia and the Middle East,Azerbaijan,ZTU,AZ,Zaqatala,UBBY,Zaqatala International Airport,41.5622,46.6672
Asia,Southwest Asia and the Middle East,Bahrain,BAH,BH,Al Muharraq,OBBI,Bahrain International Airport,26.2708,50.6336
Asia,Southwest Asia and the Middle East,Cyprus,LCA,CY,Larnaka,LCLK,Larnaca International Airport,34.8751,33.6249
Asia,Southwest Asia and the Middle East,Cyprus,ECN,CY,Lefkosia,LCEN,Ercan International Airport,35.1547,33.4961
Asia,Southwest Asia and the Middle East,Cyprus,PFO,CY,Pafos,LCPH,Paphos International Airport,34.718,32.4857
Asia,Southwest Asia and the Middle East,Georgia,BUS,GE,Ajaria,UGSB,Batumi International Airport (Alexander Kartveli Batumi Int'l Airport),41.6103,41.5997
Asia,Southwest Asia and the Middle East,Georgia,KUT,GE,Imereti,UGKO,David the Builder Kutaisi International Airport,42.1767,42.4826
Asia,Southwest Asia and the Middle East,Georgia,SUI,GE,Abkhazia,UGSS,Sukhumi Babushara Airport (Dranda Airport),42.8582,41.1281
Asia,Southwest Asia and the Middle East,Georgia,TBS,GE,Tbilisi,UGTB,Tbilisi International Airport,41.6692,44.9547
Asia,Southwest Asia and the Middle East,Iran,ABD,IR,Khuzestan,OIAA,Abadan International Airport,30.3711,48.2283
Asia,Southwest Asia and the Middle East,Iran,AWZ,IR,Khuzestan,OIAW,Ahvaz International Airport,31.3374,48.762
Asia,Southwest Asia and the Middle East,Iran,AJK,IR,Markazi,OIHR,Arak Airport,34.1381,49.8473
Asia,Southwest Asia and the Middle East,Iran,ADU,IR,Ardabil,OITL,Ardabil Airport,38.3257,48.4244
Asia,Southwest Asia and the Middle East,Iran,PGU,IR,Bushehr,OIBP,Persian Gulf Airport,27.3796,52.7377
Asia,Southwest Asia and the Middle East,Iran,BND,IR,Hormozgan,OIKB,Bandar Abbas International Airport,27.2183,56.3778
Asia,Southwest Asia and the Middle East,Iran,XBJ,IR,Khorasan-e Jonubi,OIMB,Birjand International Airport,32.8981,59.2661
Asia,Southwest Asia and the Middle East,Iran,BUZ,IR,Bushehr,OIBB,Bushehr Airport,28.9448,50.8346
Asia,Southwest Asia and the Middle East,Iran,GBT,IR,Golestan,OING,Gorgan Airport,36.9094,54.4013
Asia,Southwest Asia and the Middle East,Iran,HDM,IR,Hamadan,OIHH,Hamadan Airport,34.8692,48.5525
Asia,Southwest Asia and the Middle East,Iran,IIL,IR,Ilam,OICI,Ilam Airport,33.5866,46.4048
Asia,Southwest Asia and the Middle East,Iran,IFN,IR,Esfahan,OIFM,Isfahan International Airport (Shahid Beheshti Int'l),32.7508,51.8613
Asia,Southwest Asia and the Middle East,Iran,KER,IR,Kerman,OIKK,Kerman Airport,30.2744,56.9511
Asia,Southwest Asia and the Middle East,Iran,KSH,IR,Kermanshah,OICC,Shahid Ashrafi Esfahani Airport (Kermanshah Airport),34.3459,47.1581
Asia,Southwest Asia and the Middle East,Iran,KIH,IR,Hormozgan,OIBK,Kish International Airport,26.5262,53.9802
Asia,Southwest Asia and the Middle East,Iran,ZBR,IR,Sistan va Baluchestan,OIZC,Konarak Airport,25.4433,60.3821
Asia,Southwest Asia and the Middle East,Iran,LFM,IR,Fars,OISR,Lamerd Airport,27.3727,53.1888
Asia,Southwest Asia and the Middle East,Iran,LRR,IR,Fars,OISL,Larestan International Airport,27.6747,54.3833
Asia,Southwest Asia and the Middle East,Iran,MHD,IR,Khorasan-e Razavi,OIMM,Mashhad International Airport (Shahid Hashemi Nejad Airport),36.2352,59.641
Asia,Southwest Asia and the Middle East,Iran,GSM,IR,Hormozgan,OIKQ,Dayrestan Airport (Qeshm International Airport),26.7546,55.9024
Asia,Southwest Asia and the Middle East,Iran,RAS,IR,Gilan,OIGG,Rasht Airport,37.3233,49.6178
Asia,Southwest Asia and the Middle East,Iran,SRY,IR,Mazandaran,OINZ,Dasht-e Naz Airport,36.6358,53.1936
Asia,Southwest Asia and the Middle East,Iran,SYZ,IR,Fars,OISS,Shiraz International Airport (Shahid Dastghaib Int'l),29.5392,52.5898
Asia,Southwest Asia and the Middle East,Iran,TBZ,IR,Azarbayjan-e Sharqi,OITT,Tabriz International Airport,38.1339,46.235
Asia,Southwest Asia and the Middle East,Iran,IKA,IR,Tehran,OIIE,Imam Khomeini International Airport,35.4161,51.1522
Asia,Southwest Asia and the Middle East,Iran,THR,IR,Tehran,OIII,Mehrabad International Airport,35.6892,51.3134
Asia,Southwest Asia and the Middle East,Iran,OMH,IR,Azarbayjan-e Gharbi,OITR,Urmia Airport,37.6681,45.0687
Asia,Southwest Asia and the Middle East,Iran,AZD,IR,Yazd,OIYY,Shahid Sadooghi Airport,31.9049,54.2765
Asia,Southwest Asia and the Middle East,Iran,ZAH,IR,Sistan va Baluchestan,OIZH,Zahedan Airport,29.4757,60.9062
Asia,Southwest Asia and the Middle East,Iraq,NJF,IQ,An Najaf,ORNI,Al Najaf International Airport,31.9899,44.4043
Asia,Southwest Asia and the Middle East,Iraq,BGW,IQ,Baghdad,ORBI,Baghdad International Airport,33.2625,44.2346
Asia,Southwest Asia and the Middle East,Iraq,BSR,IQ,Al Basrah,ORMM,Basra International Airport,30.5491,47.6621
Asia,Southwest Asia and the Middle East,Iraq,EBL,IQ,Arbil,ORER,Erbil International Airport,36.2376,43.9632
Asia,Southwest Asia and the Middle East,Iraq,OSM,IQ,Ninawa,ORBM,Mosul International Airport,36.3058,43.1474
Asia,Southwest Asia and the Middle East,Iraq,ISU,IQ,Arbil,ORSU,Sulaimaniyah International Airport,35.5617,45.3167
Asia,Southwest Asia and the Middle East,Israel,ETM,IL,HaDarom,LLER,Ramon Airport,29.7237,35.0114
Asia,Southwest Asia and the Middle East,Israel,HFA,IL,Hefa,LLHA,Haifa Airport (Uri Michaeli Airport),32.8094,35.0431
Asia,Southwest Asia and the Middle East,Israel,TLV,IL,Tel Aviv,LLBG,Ben Gurion Airport,32.0114,34.8867
Asia,Southwest Asia and the Middle East,Jordan,AQJ,JO,Al 'Aqabah,OJAQ,King Hussein International Airport,29.6116,35.0181
Asia,Southwest Asia and the Middle East,Jordan,AMM,JO,Madaba,OJAI,Queen Alia International Airport,31.7226,35.9932
Asia,Southwest Asia and the Middle East,Kuwait,KWI,KW,Al Farwaniyah,OKKK,Kuwait International Airport,29.2266,47.9689
Asia,Southwest Asia and the Middle East,Lebanon,BEY,LB,Beyrouth,OLBA,Beirut-Rafic Hariri International Airport / Beirut Air Base,33.8209,35.4884
Asia,Southwest Asia and the Middle East,Oman,MCT,OM,Ad Dakhiliyah,OOMS,Muscat International Airport,23.5933,58.2844
Asia,Southwest Asia and the Middle East,Oman,SLL,OM,Zufar,OOSA,Salalah International Airport,17.0387,54.0913
Asia,Southwest Asia and the Middle East,Oman,OHS,OM,Janub al Batinah,OOSH,Sohar Airport,24.386,56.6254
Asia,Southwest Asia and the Middle East,Qatar,DOH,QA,Ad Dawhah,OTHH,Hamad International Airport,25.2731,51.6081
Asia,Southwest Asia and the Middle East,Saudi Arabia,AHB,SA,Asir,OEAB,Abha Regional Airport,18.2404,42.6566
Asia,Southwest Asia and the Middle East,Saudi Arabia,HOF,SA,Ash Sharqiyah,OEAH,Al-Ahsa International Airport,25.2853,49.4852
Asia,Southwest Asia and the Middle East,Saudi Arabia,AJF,SA,Al Jawf,OESK,Al-Jawf Domestic Airport,29.7851,40.1
Asia,Southwest Asia and the Middle East,Saudi Arabia,ULH,SA,Al Madinah al Munawwarah,OEAO,Prince Abdul Majeed bin Abdulaziz Domestic Airport,26.48,38.1289
Asia,Southwest Asia and the Middle East,Saudi Arabia,ELQ,SA,Al Qasim,OEGS,Prince Nayef bin Abdulaziz Regional Airport,26.3028,43.7744
Asia,Southwest Asia and the Middle East,Saudi Arabia,DMM,SA,Ash Sharqiyah,OEDF,King Fahd International Airport,26.4712,49.7979
Asia,Southwest Asia and the Middle East,Saudi Arabia,AQI,SA,Ash Sharqiyah,OEPA,Al Qaisumah/Hafr Al Batin Airport,28.3352,46.1251
Asia,Southwest Asia and the Middle East,Saudi Arabia,HAS,SA,Ha'il,OEHL,Ha'il Regional Airport,27.4379,41.6863
Asia,Southwest Asia and the Middle East,Saudi Arabia,RSI,SA,Tabuk,,Red Sea International Airport,25.6253,37.0836
Asia,Southwest Asia and the Middle East,Saudi Arabia,JED,SA,Makkah al Mukarramah,OEJN,King Abdulaziz International Airport,21.6796,39.1565
Asia,Southwest Asia and the Middle East,Saudi Arabia,GIZ,SA,Jazan,OEGN,Jizan Regional Airport (King Abdullah bin Abdulaziz Airport),16.9011,42.5858
Asia,Southwest Asia and the Middle East,Saudi Arabia,MED,SA,Al Madinah al Munawwarah,OEMA,Prince Mohammad bin Abdulaziz Airport,24.5534,39.7051
Asia,Southwest Asia and the Middle East,Saudi Arabia,EAM,SA,Najran,OENG,Najran Domestic Airport,17.6114,44.4192
Asia,Southwest Asia and the Middle East,Saudi Arabia,NUM,SA,Tabuk,OENN,Neom Bay Airport,27.9276,35.2887
Asia,Southwest Asia and the Middle East,Saudi Arabia,RUH,SA,Ar Riyad,OERK,King Khalid International Airport,24.9576,46.6988
Asia,Southwest Asia and the Middle East,Saudi Arabia,TUU,SA,Tabuk,OETB,Tabuk Regional Airport,28.3654,36.6189
Asia,Southwest Asia and the Middle East,Saudi Arabia,TIF,SA,Makkah al Mukarramah,OETF,Ta'if Regional Airport,21.483,40.5434
Asia,Southwest Asia and the Middle East,Saudi Arabia,YNB,SA,Al Madinah al Munawwarah,OEYN,Yanbu Airport (Yenbo Airport),24.1442,38.0634
Asia,Southwest Asia and the Middle East,Syria,ALP,SY,Halab,OSAP,Aleppo International Airport,36.1807,37.2244
Asia,Southwest Asia and the Middle East,Syria,DAM,SY,Dimashq,OSDI,Damascus International Airport,33.4115,36.5156
Asia,Southwest Asia and the Middle East,Syria,LTK,SY,Al Ladhiqiyah,OSLK,Bassel Al-Assad International Airport,35.4011,35.9487
Asia,Southwest Asia and the Middle East,Syria,KAC,SY,Al Hasakah,OSKL,Kamishly Airport,37.0206,41.1914
Asia,Southwest Asia and the Middle East,Turkey,ADA,TR,Adana,LTAF,Adana Sakirpasa Airport,36.9822,35.2804
Asia,Southwest Asia and the Middle East,Turkey,GZP,TR,Antalya,LTFG,Gazipasa-Alanya Airport,36.2992,32.3006
Asia,Southwest Asia and the Middle East,Turkey,ESB,TR,Ankara,LTAC,Ankara Esenboğa Airport,40.1281,32.995
Asia,Southwest Asia and the Middle East,Turkey,AYT,TR,Antalya,LTAI,Antalya Airport,36.8987,30.8005
Asia,Southwest Asia and the Middle East,Turkey,BJV,TR,Mugla,LTFE,Milas-Bodrum Airport,37.2506,27.6643
Asia,Southwest Asia and the Middle East,Turkey,YEI,TR,Bursa,LTBR,Yenisehir Airport,40.2552,29.5626
Asia,Southwest Asia and the Middle East,Turkey,DLM,TR,Mugla,LTBS,Dalaman Airport,36.7131,28.7925
Asia,Southwest Asia and the Middle East,Turkey,DNZ,TR,Denizli,LTAY,Denizli Cardak Airport,37.7856,29.7013
Asia,Southwest Asia and the Middle East,Turkey,DIY,TR,Diyarbakir,LTCC,Diyarbakir Airport,37.8939,40.201
Asia,Southwest Asia and the Middle East,Turkey,EZS,TR,Elazig,LTCA,Elazig Airport,38.6069,39.2914
Asia,Southwest Asia and the Middle East,Turkey,GZT,TR,Gaziantep,LTAJ,Gaziantep Oguzeli International Airport,36.9472,37.4787
Asia,Southwest Asia and the Middle East,Turkey,IST,TR,Istanbul,LTFM,Istanbul Ataturk Airport,41.2753,28.7519
Asia,Southwest Asia and the Middle East,Turkey,SAW,TR,Istanbul,LTFJ,Sabiha Gokcen International Airport,40.8986,29.3092
Asia,Southwest Asia and the Middle East,Turkey,ADB,TR,Izmir,LTBJ,Izmir Adnan Menderes Airport,38.2916,27.1487
Asia,Southwest Asia and the Middle East,Turkey,ASR,TR,Kayseri,LTAU,Erkilet International Airport,38.7704,35.4954
Asia,Southwest Asia and the Middle East,Turkey,KYA,TR,Konya,LTAN,Konya Airport,37.979,32.5619
Asia,Southwest Asia and the Middle East,Turkey,KZR,TR,Kutahya,LTBZ,Zafer Airport,39.1131,30.1281
Asia,Southwest Asia and the Middle East,Turkey,MLX,TR,Malatya,LTAT,Malatya Erhac Airport,38.4353,38.091
Asia,Southwest Asia and the Middle East,Turkey,NAV,TR,Nevsehir,LTAZ,Nevsehir Kapadokya Air,38.7719,34.5345
Asia,Southwest Asia and the Middle East,Turkey,SZF,TR,Samsun,LTFH,Samsun-Carsamba Airport,41.2545,36.5671
Asia,Southwest Asia and the Middle East,Turkey,TZX,TR,Trabzon,LTCG,Trabzon Airport,40.9951,39.7897
Asia,Southwest Asia and the Middle East,Turkey,ONQ,TR,Zonguldak,LTAS,Zonguldak Airport,41.5064,32.0886
Asia,Southwest Asia and the Middle East,United Arab Emirates,AUH,AE,Abu Zaby,OMAA,Abu Dhabi International Airport,24.433,54.6511
Asia,Southwest Asia and the Middle East,United Arab Emirates,AAN,AE,Abu Zaby,OMAL,Al Ain International Airport,24.2617,55.6092
Asia,Southwest Asia and the Middle East,United Arab Emirates,DWC,AE,Dubayy,OMDW,Al Maktoum International Airport,24.8964,55.1614
Asia,Southwest Asia and the Middle East,United Arab Emirates,DXB,AE,Dubayy,OMDB,Dubai International Airport,25.2528,55.3644
Asia,Southwest Asia and the Middle East,United Arab Emirates,RKT,AE,Ra's al Khaymah,OMRK,Ras Al Khaimah International Airport,25.6135,55.9388
Asia,Southwest Asia and the Middle East,United Arab Emirates,SHJ,AE,Ash Shariqah,OMSJ,Sharjah International Airport,25.3286,55.5172
Asia,Southwest Asia and the Middle East,Yemen,ADE,YE,Adan,OYAA,Aden International Airport,12.8295,45.0288
Asia,Southwest Asia and the Middle East,Yemen,RIY,YE,Hadramawt,OYRN,Riyan International Airport,14.6626,49.375
Asia,Southwest Asia and the Middle East,Yemen,SAH,YE,San'a,OYSN,Sana'a International Airport,15.4764,44.2197
Asia,Southwest Asia and the Middle East,Yemen,GXF,YE,Hadramawt,OYSY,Sayun Airport,15.9661,48.7883
Asia,Southwest Asia and the Middle East,Yemen,SCT,YE,Hadramawt,OYSQ,Socotra Airport,12.6307,53.9058
Europe,United Kingdom,England,BHX,GB,England,EGBB,Birmingham Airport,52.4539,-1.74803
Europe,United Kingdom,England,BOH,GB,England,EGHH,Bournemouth Airport,50.78,-1.8425
Europe,United Kingdom,England,BRS,GB,England,EGGD,Bristol Airport,51.3827,-2.71909
Europe,United Kingdom,England,EXT,GB,England,EGTE,Exeter International Airport,50.7344,-3.41389
Europe,United Kingdom,England,HUY,GB,England,EGNJ,Humberside Airport,53.5744,-0.350833
Europe,United Kingdom,England,LBA,GB,England,EGNM,Leeds Bradford Airport,53.8659,-1.66057
Europe,United Kingdom,England,LPL,GB,England,EGGP,Liverpool John Lennon Airport,53.3336,-2.84972
Europe,United Kingdom,England,LGW,GB,England,EGKK,Gatwick Airport,51.1481,-0.190278
Europe,United Kingdom,England,LHR,GB,England,EGLL,Heathrow Airport,51.4775,-0.461389
Europe,United Kingdom,England,LCY,GB,England,EGLC,London City Airport,51.5053,0.055278
Europe,United Kingdom,England,SEN,GB,England,EGMC,London Southend Airport,51.5703,0.693333
Europe,United Kingdom,England,STN,GB,England,EGSS,London Stansted Airport,51.885,0.235
Europe,United Kingdom,England,LTN,GB,England,EGGW,London Luton Airport,51.8747,-0.368333
Europe,United Kingdom,England,MAN,GB,England,EGCC,Manchester Airport,53.3537,-2.27495
Europe,United Kingdom,England,MME,GB,England,EGNV,Teesside International Airport,54.5092,-1.42941
Europe,United Kingdom,England,NCL,GB,England,EGNT,Newcastle Airport,55.0375,-1.69167
Europe,United Kingdom,England,NQY,GB,England,EGHQ,Cornwall Airport Newquay,50.4406,-4.99541
Europe,United Kingdom,England,NWI,GB,England,EGSH,Norwich International Airport,52.6758,1.28278
Europe,United Kingdom,England,EMA,GB,England,EGNX,East Midlands Airport,52.8311,-1.32806
Europe,United Kingdom,England,SOU,GB,England,EGHI,Southampton Airport,50.9503,-1.3568
Europe,United Kingdom,Northern Ireland,BFS,GB,Northern Ireland,EGAA,Belfast International Airport,54.6575,-6.21583
Europe,United Kingdom,Northern Ireland,BHD,GB,Northern Ireland,EGAC,George Best Belfast City Airport,54.6181,-5.8725
Europe,United Kingdom,Northern Ireland,LDY,GB,Northern Ireland,EGAE,City of Derry Airport,55.0428,-7.16111
Europe,United Kingdom,Scotland,ABZ,GB,Scotland,EGPD,Aberdeen Airport,57.2019,-2.19778
Europe,United Kingdom,Scotland,EDI,GB,Scotland,EGPH,Edinburgh Airport,55.95,-3.3725
Europe,United Kingdom,Scotland,GLA,GB,Scotland,EGPF,Glasgow Airport,55.8719,-4.43306
Europe,United Kingdom,Scotland,PIK,GB,Scotland,EGPK,Glasgow Prestwick Airport,55.5094,-4.58667
Europe,United Kingdom,Scotland,INV,GB,Scotland,EGPE,Inverness Airport,57.5425,-4.0475
Europe,United Kingdom,Wales,CWL,GB,Wales,EGFF,Cardiff Airport,51.3967,-3.34333
Europe,Western Europe,Belgium,ANR,BE,Antwerpen,EBAW,Antwerp International Airport,51.1894,4.46028
Europe,Western Europe,Belgium,BRU,BE,Brussels Hoofdstedelijk Gewest,EBBR,Brussels Airport (Zaventem Airport),50.9014,4.48444
Europe,Western Europe,Belgium,CRL,BE,Hainaut,EBCI,Brussels South Charleroi Airport,50.4592,4.45382
Europe,Western Europe,Belgium,LGG,BE,Liege,EBLG,Liege Airport,50.6374,5.44322
Europe,Western Europe,Belgium,OST,BE,West-Vlaanderen,EBOS,Ostend-Bruges International Airport,51.1989,2.86222
Europe,Western Europe,France,AJA,FR,Corse,LFKJ,Ajaccio Napoleon Bonaparte Airport,41.9236,8.80292
Europe,Western Europe,France,BIA,FR,Corse,LFKB,Bastia - Poretta Airport,42.5527,9.48373
Europe,Western Europe,France,BVA,FR,Hauts-de-France,LFOB,Beauvais–Tillé Airport,49.45444,2.11277
Europe,Western Europe,France,EGC,FR,Nouvelle-Aquitaine,LFBE,Bergerac Dordogne Perigord Airport,44.8253,0.518611
Europe,Western Europe,France,BZR,FR,Occitanie,LFMU,Beziers Cap d'Agde Airport,43.3235,3.3539
Europe,Western Europe,France,BIQ,FR,Nouvelle-Aquitaine,LFBZ,Biarritz Pays Basque Airport,43.4683,-1.53111
Europe,Western Europe,France,BOD,FR,Nouvelle-Aquitaine,LFBD,Bordeaux-Merignac Airport,44.8283,-0.715556
Europe,Western Europe,France,BES,FR,Bretagne,LFRB,Brest Bretagne Airport,48.4479,-4.41854
Europe,Western Europe,France,CCF,FR,Occitanie,LFMK,Carcassonne Airport,43.216,2.30632
Europe,Western Europe,France,XCR,FR,Grand-Est,LFOK,Chalons Vatry Airport,48.7806,4.1883
Europe,Western Europe,France,CMF,FR,Auvergne-Rhone-Alpes,LFLB,Chambery-Savoie Airport,45.6381,5.88023
Europe,Western Europe,France,DNR,FR,Bretagne,LFRD,Dinard-Pleurtuit-Saint-Malo Airport,48.5877,-2.07996
Europe,Western Europe,France,FSC,FR,Corse,LFKF,Figari-Sud Corse Airport,41.5006,9.09778
Europe,Western Europe,France,GNB,FR,Auvergne-Rhone-Alpes,LFLS,Grenoble-Isere Airport,45.3629,5.32937
Europe,Western Europe,France,LRH,FR,Nouvelle-Aquitaine,LFBH,La Rochelle - Ile de Re Airport,46.1792,-1.19528
Europe,Western Europe,France,LIL,FR,Hauts-de-France,LFQQ,Lille Airport (Lille-Lesquin Airport),50.5633,3.08689
Europe,Western Europe,France,LIG,FR,Nouvelle-Aquitaine,LFBL,Limoges - Bellegarde Airport,45.8628,1.17944
Europe,Western Europe,France,LYS,FR,Auvergne-Rhone-Alpes,LFLL,Lyon-Saint-Exupery Airport,45.7256,5.08111
Europe,Western Europe,France,MRS,FR,Provence-Alpes-Cote-d'Azur,LFML,Marseille Provence Airport,43.4393,5.22142
Europe,Western Europe,France,BSL,CH,Basel-City,LFSB,EuroAirport Basel Mulhouse Freiburg,47.59,7.52916
Europe,Western Europe,France,NTE,FR,Pays-de-la-Loire,LFRS,Nantes Atlantique Airport,47.1532,-1.61073
Europe,Western Europe,France,NCE,FR,Provence-Alpes-Cote-d'Azur,LFMN,Nice Cote d'Azur Airport,43.6584,7.21587
Europe,Western Europe,France,FNI,FR,Occitanie,LFTW,Nimes-Ales-Camargue-Cevennes Airport (Garons Airport),43.7574,4.41635
Europe,Western Europe,France,CDG,FR,Ile-de-France,LFPG,Paris Charles de Gaulle Airport,49.0097,2.54778
Europe,Western Europe,France,ORY,FR,Ile-de-France,LFPO,Aéroport de Paris-Orly,48.7231,2.35944
Europe,Western Europe,France,PUF,FR,Nouvelle-Aquitaine,LFBP,Pau Pyrenees Airport,43.38,-0.418611
Europe,Western Europe,France,PGF,FR,Occitanie,LFMP,Perpignan-Rivesaltes Airport,42.7404,2.87067
Europe,Western Europe,France,PIS,FR,Nouvelle-Aquitaine,LFBI,Poitiers-Biard Airport,46.5877,0.306666
Europe,Western Europe,France,RDZ,FR,Occitanie,LFCR,Rodez-Marcillac Airport,44.4079,2.48267
Europe,Western Europe,France,EBU,FR,Auvergne-Rhone-Alpes,LFMH,Saint-Etienne-Boutheon Airport,45.5406,4.29639
Europe,Western Europe,France,SXB,FR,Grand-Est,LFST,Strasbourg Airport,48.5383,7.62823
Europe,Western Europe,France,TLN,FR,Provence-Alpes-Cote-d'Azur,LFTH,Toulon-Hyeres Airport (Hyeres Le Palyvestre Airport),43.0973,6.14603
Europe,Western Europe,France,TLS,FR,Occitanie,LFBO,Toulouse-Blagnac Airport,43.6291,1.36382
Europe,Western Europe,France,TUF,FR,Centre-Val de Loire,LFOT,Tours Val de Loire Airport,47.4322,0.727606
Europe,Western Europe,Gibraltar,GIB,GI,Gibraltar,LXGB,Gibraltar International Airport (North Front Airport),36.1512,-5.34966
Europe,Western Europe,Ireland,ORK,IE,Cork,EICK,Cork Airport,51.8413,-8.49111
Europe,Western Europe,Ireland,DUB,IE,Dublin,EIDW,Dublin Airport,53.4213,-6.27007
Europe,Western Europe,Ireland,KIR,IE,Kerry,EIKY,Kerry Airport (Farranfore Airport),52.1809,-9.52378
Europe,Western Europe,Ireland,NOC,IE,Mayo,EIKN,Ireland West Airport Knock,53.9103,-8.81849
Europe,Western Europe,Ireland,SNN,IE,Clare,EINN,Shannon Airport,52.702,-8.92482
Europe,Western Europe,Isle of Man,IOM,GB,England,EGNS,Isle of Man Airport,54.0833,-4.62333
Europe,Western Europe,Jersey,JER,JE,Jersey,EGJJ,Jersey Airport,49.2081,-2.19528
Europe,Western Europe,Luxembourg,LUX,LU,Luxembourg,ELLX,Luxembourg Findel Airport,49.6233,6.20444
Europe,Western Europe,Netherlands,AMS,NL,Noord-Holland,EHAM,Amsterdam Airport Schiphol,52.3086,4.76389
Europe,Western Europe,Netherlands,EIN,NL,Noord-Brabant,EHEH,Eindhoven Airport,51.4501,5.37453
Europe,Western Europe,Netherlands,GRQ,NL,Drenthe,EHGG,Groningen Airport Eelde,53.1197,6.57944
Europe,Western Europe,Netherlands,MST,NL,Limburg,EHBK,Maastricht Aachen Airport,50.9117,5.77014
Europe,Western Europe,Netherlands,RTM,NL,Zuid-Holland,EHRD,Rotterdam The Hague Airport,51.9569,4.43722
Europe,Central Europe,Austria,GRZ,AT,Steiermark,LOWG,Graz Airport,46.9911,15.4396
Europe,Central Europe,Austria,KLU,AT,Karnten,LOWK,Klagenfurt Airport,46.6425,14.3377
Europe,Central Europe,Austria,INN,AT,Tirol,LOWI,Innsbruck Airport (Kranebitten Airport),47.2602,11.344
Europe,Central Europe,Austria,LNZ,AT,Oberosterreich,LOWL,Linz Airport (Blue Danube Airport),48.2332,14.1875
Europe,Central Europe,Austria,SZG,AT,Salzburg,LOWS,Salzburg Airport,47.7933,13.0043
Europe,Central Europe,Austria,VIE,AT,Niederosterreich,LOWW,Vienna International Airport,48.1103,16.5697
Europe,Central Europe,Czech Republic,BRQ,CZ,Jihomoravsky kraj,LKTB,Brno-Turany Airport,49.1513,16.6944
Europe,Central Europe,Czech Republic,JCL,CZ,Jihocesky kraj,LKCS,Ceske Budejovice Airport (Plana Airport),48.9464,14.4275
Europe,Central Europe,Czech Republic,KLV,CZ,Karlovarsky kraj,LKKV,Karlovy Vary Airport,50.203,12.915
Europe,Central Europe,Czech Republic,OSR,CZ,Moravskoslezsky kraj,LKMT,Leos Janacek Airport,49.6963,18.1111
Europe,Central Europe,Czech Republic,PED,CZ,Pardubicky kraj,LKPD,Pardubice Airport,50.0134,15.7386
Europe,Central Europe,Czech Republic,PRG,CZ,Stredocesky kraj,LKPR,Vaclav Havel Airport Prague,50.1008,14.26
Europe,Central Europe,Germany,FKB,DE,Baden-Wurttemberg,EDSB,Karlsruhe/Baden-Baden Airport,48.7794,8.0805
Europe,Central Europe,Germany,BER,DE,Brandenburg,EDDB,Berlin Brandenburg Airport,52.3514,13.4939
Europe,Central Europe,Germany,BRE,DE,Bremen,EDDW,Bremen Airport,53.0475,8.78667
Europe,Central Europe,Germany,CGN,DE,Nordrhein-Westfalen,EDDK,Cologne Bonn Airport,50.8659,7.14274
Europe,Central Europe,Germany,DTM,DE,Nordrhein-Westfalen,EDLW,Dortmund Airport,51.5183,7.61224
Europe,Central Europe,Germany,DUS,DE,Nordrhein-Westfalen,EDDL,Dusseldorf Airport,51.2895,6.76678
Europe,Central Europe,Germany,FRA,DE,Hessen,EDDF,Frankfurt Airport,50.0333,8.57056
Europe,Central Europe,Germany,HHN,DE,Rheinland-Pfalz,EDFH,Frankfurt-Hahn Airport,49.9487,7.26389
Europe,Central Europe,Germany,FDH,DE,Baden-Wurttemberg,EDNY,Friedrichshafen Airport (Bodensee Airport),47.6713,9.51149
Europe,Central Europe,Germany,HAM,DE,Hamburg,EDDH,Hamburg Airport,53.6304,9.98823
Europe,Central Europe,Germany,HAJ,DE,Niedersachsen,EDDV,Hannover Airport,52.4611,9.68508
Europe,Central Europe,Germany,LEJ,DE,Sachsen,EDDP,Leipzig/Halle Airport,51.4239,12.2364
Europe,Central Europe,Germany,LBC,DE,Schleswig-Holstein,EDHL,Lubeck Airport,53.8054,10.7192
Europe,Central Europe,Germany,FMM,DE,Bayern,EDJA,Memmingen Airport,47.9888,10.2395
Europe,Central Europe,Germany,MUC,DE,Bayern,EDDM,Munich Airport,48.3538,11.7861
Europe,Central Europe,Germany,NUE,DE,Bayern,EDDN,Nuremberg Airport,49.4987,11.0781
Europe,Central Europe,Germany,STR,DE,Baden-Wurttemberg,EDDS,Stuttgart Airport,48.6899,9.22196
Europe,Central Europe,Germany,NRN,DE,Nordrhein-Westfalen,EDLV,Weeze Airport (Niederrhein Airport),51.6024,6.14217
Europe,Central Europe,Hungary,BUD,HU,Budapest,LHBP,Budapest Ferenc Liszt International Airport,47.4298,19.2611
Europe,Central Europe,Hungary,DEB,HU,Hajdu-Bihar,LHDC,Debrecen International Airport,47.4889,21.6153
Europe,Central Europe,Hungary,SOB,HU,Zala,LHSM,Heviz-Balaton Airport,46.6864,17.1591
Europe,Central Europe,Poland,BZG,PL,Kujawsko-pomorskie,EPBY,Bydgoszcz Ignacy Jan Paderewski Airport,53.0968,17.9777
Europe,Central Europe,Poland,GDN,PL,Pomorskie,EPGD,Gdansk Lech Walesa Airport,54.3776,18.4662
Europe,Central Europe,Poland,KTW,PL,Slaskie,EPKT,Katowice International Airport,50.4743,19.08
Europe,Central Europe,Poland,KRK,PL,Malopolskie,EPKK,John Paul II International Airport Krakow-Balice,50.0777,19.7848
Europe,Central Europe,Poland,LUZ,PL,Lubelskie,EPLB,Lublin Airport,51.2403,22.7136
Europe,Central Europe,Poland,LCJ,PL,Lodzkie,EPLL,Lodz Wladyslaw Reymont Airport,51.7219,19.3981
Europe,Central Europe,Poland,SZY,PL,Warminsko-mazurskie,EPSY,Olsztyn-Mazury Regional Airport,53.4819,20.9377
Europe,Central Europe,Poland,POZ,PL,Wielkopolskie,EPPO,Poznań–Ławica Henryk Wieniawski Airport,52.421,16.8263
Europe,Central Europe,Poland,RZE,PL,Podlaskie,EPRZ,Rzeszow-Jasionka Airport,50.11,22.019
Europe,Central Europe,Poland,SZZ,PL,Zachodniopomorskie,EPSC,Solidarity Szczecin-Goleniow Airport,53.5847,14.9022
Europe,Central Europe,Poland,WAW,PL,Mazowieckie,EPWA,Warsaw Chopin Airport,52.1657,20.9671
Europe,Central Europe,Poland,WMI,PL,Mazowieckie,EPMO,Warsaw Modlin Airport,52.4511,20.6518
Europe,Central Europe,Poland,RDO,PL,Mazowieckie,EPRA,Radom Airport,51.3892,21.2133
Europe,Central Europe,Poland,WRO,PL,Dolnoslaskie,EPWR,Copernicus Airport Wroclaw,51.1027,16.8858
Europe,Central Europe,Slovakia,BTS,SK,Bratislavsky kraj,LZIB,M. R. Stefanik Airport,48.1702,17.2127
Europe,Central Europe,Slovakia,KSC,SK,Kosicky kraj,LZKZ,Kosice International Airport,48.6631,21.2411
Europe,Central Europe,Slovakia,PZY,SK,Trnavsky kraj,LZPP,Piestany Airport,48.6252,17.8284
Europe,Central Europe,Slovakia,TAT,SK,Presovsky kraj,LZTT,Poprad-Tatry Airport,49.0736,20.2411
Europe,Central Europe,Slovakia,ILZ,SK,Zilinsky kraj,LZZI,Zilina Airport,49.2315,18.6135
Europe,Central Europe,Switzerland,BSL,CH,Basel-City,LFSB,EuroAirport Basel Mulhouse Freiburg,47.59,7.52916
Europe,Central Europe,Switzerland,BRN,CH,Bern,LSZB,Bern Airport,46.9141,7.49715
Europe,Central Europe,Switzerland,GVA,CH,Geneve,LSGG,Geneva Airport,46.2381,6.10895
Europe,Central Europe,Switzerland,LUG,CH,Ticino,LSZA,Lugano Airport,46.0043,8.91058
Europe,Central Europe,Switzerland,ACH,CH,Sankt Gallen,LSZR,St. Gallen-Altenrhein Airport,47.485,9.56077
Europe,Central Europe,Switzerland,ZRH,CH,Zurich,LSZH,Zurich Airport,47.4647,8.54917
Europe,Southern Europe,Croatia,BWK,HR,Splitsko-dalmatinska zupanija,LDSB,Bol Airport (Brac Airport),43.2857,16.6797
Europe,Southern Europe,Croatia,DBV,HR,Dubrovacko-neretvanska zupanija,LDDU,Dubrovnik Airport,42.5614,18.2682
Europe,Southern Europe,Croatia,LSZ,HR,Primorsko-goranska zupanija,LDLO,Losinj Airport,44.5658,14.3931
Europe,Southern Europe,Croatia,OSI,HR,Osjecko-baranjska zupanija,LDOS,Osijek Airport,45.4627,18.8102
Europe,Southern Europe,Croatia,PUY,HR,Istarska zupanija,LDPL,Pula Airport,44.8935,13.9222
Europe,Southern Europe,Croatia,RJK,HR,Primorsko-goranska zupanija,LDRI,Rijeka Airport,45.2169,14.5703
Europe,Southern Europe,Croatia,SPU,HR,Splitsko-dalmatinska zupanija,LDSP,Split Airport,43.5389,16.298
Europe,Southern Europe,Croatia,ZAD,HR,Zadarska zupanija,LDZD,Zadar Airport,44.1083,15.3467
Europe,Southern Europe,Croatia,ZAG,HR,Grad Zagreb,LDZA,Zagreb Airport,45.7429,16.0688
Europe,Southern Europe,Greece,ATH,GR,Attiki,LGAV,Athens International Airport (Eleftherios Venizelos Airport),37.9364,23.9445
Europe,Southern Europe,Greece,EFL,GR,Ionia Nisia,LGKF,Kefalonia International Airport,38.1201,20.5005
Europe,Southern Europe,Greece,CHQ,GR,Kriti,LGSA,Chania International Airport,35.5317,24.1497
Europe,Southern Europe,Greece,JKH,GR,Voreio Aigaio,LGHI,Chios Island National Airport,38.3432,26.1406
Europe,Southern Europe,Greece,CFU,GR,Ionia Nisia,LGKR,Corfu International Airport (Ioannis Kapodistrias Int'l Airport),39.6019,19.9117
Europe,Southern Europe,Greece,HER,GR,Kriti,LGIR,Heraklion International Airport (Nikos Kazantzakis Airport),35.3397,25.1803
Europe,Southern Europe,Greece,KLX,GR,Peloponnisos,LGKL,Kalamata International Airport,37.0683,22.0255
Europe,Southern Europe,Greece,AOK,GR,Notio Aigaio,LGKP,Karpathos Island National Airport,35.4214,27.146
Europe,Southern Europe,Greece,KVA,GR,Anatoliki Makedonia kai Thraki,LGKV,Kavala International Airport (Alexander the Great Airport),40.9133,24.6192
Europe,Southern Europe,Greece,KGS,GR,Notio Aigaio,LGKO,Kos Island International Airport,36.7933,27.0917
Europe,Southern Europe,Greece,JMK,GR,Notio Aigaio,LGMK,Mykonos Island National Airport,37.4351,25.3481
Europe,Southern Europe,Greece,MJT,GR,Voreio Aigaio,LGMT,Mytilene International Airport,39.0567,26.5983
Europe,Southern Europe,Greece,PVK,GR,Ionia Nisia,LGPZ,Aktion National Airport,38.9255,20.7653
Europe,Southern Europe,Greece,RHO,GR,Notio Aigaio,LGRP,Rhodes International Airport,36.4054,28.0862
Europe,Southern Europe,Greece,SMI,GR,Voreio Aigaio,LGSM,Samos International Airport,37.69,26.9117
Europe,Southern Europe,Greece,JTR,GR,Notio Aigaio,LGSR,Santorini (Thira) National Airport,36.3992,25.4793
Europe,Southern Europe,Greece,JSI,GR,Thessalia,LGSK,Skiathos Island National Airport,39.1771,23.5037
Europe,Southern Europe,Greece,SKU,GR,Sterea Ellada,LGSY,Skyros Island National Airport,38.9676,24.4872
Europe,Southern Europe,Greece,SKG,GR,Kentriki Makedonia,LGTS,Thessaloniki Airport,40.5197,22.9709
Europe,Southern Europe,Greece,VOL,GR,Thessalia,LGBL,Nea Anchialos National Airport,39.2196,22.7943
Europe,Southern Europe,Greece,ZTH,GR,Ionia Nisia,LGZA,Zakynthos International Airport (Dionysios SolomosAirport),37.7509,20.8843
Europe,Southern Europe,Italy,AHO,IT,Sardegna,LIEA,Alghero-Fertilia Airport,40.6321,8.29077
Europe,Southern Europe,Italy,AOI,IT,Marche,LIPY,Ancona Falconara Airport,43.6163,13.3623
Europe,Southern Europe,Italy,BRI,IT,Puglia,LIBD,Bari Karol Wojtyla Airport,41.1389,16.7606
Europe,Southern Europe,Italy,BGY,IT,Lombardia,LIME,Milan Bergamo Airport,45.66546,9.69948
Europe,Southern Europe,Italy,BLQ,IT,Emilia-Romagna,LIPE,Bologna Guglielmo Marconi Airport,44.5354,11.2887
Europe,Southern Europe,Italy,VBS,IT,Lombardia,LIPO,Brescia Airport (Gabriele D'Annunzio Airport),45.4289,10.3306
Europe,Southern Europe,Italy,BDS,IT,Puglia,LIBR,Brindisi - Salento Airport,40.6576,17.947
Europe,Southern Europe,Italy,CAG,IT,Sardegna,LIEE,Cagliari Elmas Airport,39.2515,9.05428
Europe,Southern Europe,Italy,CTA,IT,Sicilia,LICC,Catania-Fontanarossa Airport,37.4668,15.0664
Europe,Southern Europe,Italy,CUF,IT,Piemonte,LIMZ,Cuneo International Airport,44.547,7.62322
Europe,Southern Europe,Italy,FLR,IT,Toscana,LIRQ,Florence Airport,43.81,11.2051
Europe,Southern Europe,Italy,GOA,IT,Liguria,LIMJ,Genoa Cristoforo Colombo Airport,44.4133,8.8375
Europe,Southern Europe,Italy,SUF,IT,Calabria,LICA,Lamezia Terme International Airport,38.9054,16.2423
Europe,Southern Europe,Italy,LIN,IT,Lombardia,LIML,Milan-Linate Airport,45.4494,9.2783
Europe,Southern Europe,Italy,MXP,IT,Lombardia,LIMC,Milan-Malpensa Airport,45.6306,8.72811
Europe,Southern Europe,Italy,NAP,IT,Campania,LIRN,Naples International Airport,40.886,14.2908
Europe,Southern Europe,Italy,OLB,IT,Sardegna,LIEO,Olbia Costa Smeralda Airport,40.8987,9.51763
Europe,Southern Europe,Italy,PMO,IT,Sicilia,LICJ,Falcone-Borsellino Airport (Punta Raisi Airport),38.176,13.091
Europe,Southern Europe,Italy,PMF,IT,Emilia-Romagna,LIMP,Giuseppe Verdi Parma International Airport,44.82122,10.2974
Europe,Southern Europe,Italy,PEG,IT,Umbria,LIRZ,Perugia San Francesco d'Assisi - Umbria International Airport,43.0959,12.5132
Europe,Southern Europe,Italy,PSR,IT,Abruzzo,LIBP,Abruzzo Airport,42.4317,14.1811
Europe,Southern Europe,Italy,PSA,IT,Toscana,LIRP,Pisa International Airport (Galileo Galilei Airport),43.6839,10.3927
Europe,Southern Europe,Italy,RMI,IT,Emilia-Romagna,LIPR,Federico Fellini International Airport,44.0203,12.6117
Europe,Southern Europe,Italy,FCO,IT,Lazio,LIRF,Rome–Fiumicino International Airport,41.8003,12.2389
Europe,Southern Europe,Italy,CIA,IT,Lazio,LIRA,Rome-Ciampino International Airport,41.7991,12.5929
Europe,Southern Europe,Italy,QSR,IT,Campania,LIRI,Salerno Costa d'Amalfi Airport (Pontecagnano Airport),40.6204,14.9113
Europe,Southern Europe,Italy,TPS,IT,Sicilia,LICT,Vincenzo Florio Airport,37.9114,12.488
Europe,Southern Europe,Italy,TRS,IT,Friuli-Venezia Giulia,LIPQ,Trieste - Friuli Venezia Giulia Airport,45.8275,13.4722
Europe,Southern Europe,Italy,TRN,IT,Piemonte,LIMF,Turin Airport (Caselle Airport),45.2008,7.64963
Europe,Southern Europe,Italy,VCE,IT,Veneto,LIPZ,Venice Marco Polo Airport,45.5053,12.3519
Europe,Southern Europe,Italy,VRN,IT,Veneto,LIPX,Verona Villafranca Airport,45.3957,10.8885
Europe,Southern Europe,Malta,MLA,MT,Luqa,LMML,Malta International Airport (Luqa Airport),35.8575,14.4775
Europe,Southern Europe,Portugal,BYJ,PT,Beja,LPBJ,Beja Airport,38.0789,-7.9324
Europe,Southern Europe,Portugal,FAO,PT,Faro,LPFR,Faro Airport,37.0144,-7.96591
Europe,Southern Europe,Portugal,FNC,PT,Regiao Autonoma da Madeira,LPMA,Madeira Airport,32.6979,-16.7745
Europe,Southern Europe,Portugal,LIS,PT,Lisboa,LPPT,Lisbon Portela Airport,38.7813,-9.13592
Europe,Southern Europe,Portugal,PDL,PT,Regiao Autonoma dos Acores,LPPD,Joao Paulo II Airport,37.7412,-25.6979
Europe,Southern Europe,Portugal,OPO,PT,Porto,LPPR,Francisco Sá Carneiro Airport,41.2356,-8.67806
Europe,Southern Europe,Portugal,PXO,PT,Regiao Autonoma da Madeira,LPPS,Porto Santo Airport,33.0734,-16.35
Europe,Southern Europe,Portugal,TER,PT,Regiao Autonoma dos Acores,LPLA,Lajes Field,38.7618,-27.0908
Europe,Southern Europe,Slovenia,LJU,SI,Cerklje na Gorenjskem,LJLJ,Ljubljana Joze Pucnik Airport (Brnik Airport),46.2237,14.4576
Europe,Southern Europe,Slovenia,MBX,SI,Hoce-Slivnica,LJMB,Maribor Edvard Rusjan Airport,46.4799,15.6861
Europe,Southern Europe,Slovenia,POW,SI,Piran,LJPZ,Portoroz Airport,45.4734,13.615
Europe,Southern Europe,Spain,LCG,ES,Galicia,LECO,A Coruna Airport,43.3021,-8.37726
Europe,Southern Europe,Spain,ALC,ES,"Valenciana, Comunidad",LEAL,Alicante-Elche Airport,38.2822,-0.558156
Europe,Southern Europe,Spain,LEI,ES,Andalucia,LEAM,Almeria Airport,36.8439,-2.3701
Europe,Southern Europe,Spain,OVD,ES,"Asturias, Principado de",LEAS,Asturias Airport (Oviedo Airport),43.5636,-6.03462
Europe,Southern Europe,Spain,BCN,ES,Catalunya,LEBL,Barcelona El Prat Airport,41.2971,2.07846
Europe,Southern Europe,Spain,BIO,ES,Pais Vasco,LEBB,Bilbao Airport,43.3011,-2.91061
Europe,Southern Europe,Spain,CDT,ES,"Valenciana, Comunidad",LECH,Castellon-Costa Azahar Airport,40.2139,0.073333
Europe,Southern Europe,Spain,FUE,ES,Canarias,GCFV,Fuerteventura Airport,28.4527,-13.8638
Europe,Southern Europe,Spain,GRO,ES,Catalunya,LEGE,Girona-Costa Brava Airport,41.901,2.76055
Europe,Southern Europe,Spain,LPA,ES,Canarias,GCLP,Gran Canaria Airport,27.9319,-15.3866
Europe,Southern Europe,Spain,GRX,ES,Andalucia,LEGR,Federico Garcia Lorca Airport (Granada Jaen Airport),37.1887,-3.77736
Europe,Southern Europe,Spain,HSK,ES,Aragon,LEHC,Huesca-Pirineos Airport,42.0761,-0.316667
Europe,Southern Europe,Spain,IBZ,ES,Illes Balears,LEIB,Ibiza Airport,38.8729,1.37312
Europe,Southern Europe,Spain,XRY,ES,Andalucia,LEJR,Jerez Airport (La Parra Airport),36.7446,-6.06011
Europe,Southern Europe,Spain,SPC,ES,Canarias,GCLA,La Palma Airport,28.6265,-17.7556
Europe,Southern Europe,Spain,ACE,ES,Canarias,GCRR,Lanzarote Airport,28.9455,-13.6052
Europe,Southern Europe,Spain,ILD,ES,Catalunya,LEDA,Lleida-Alguaire Airport,41.7282,0.535023
Europe,Southern Europe,Spain,MAD,ES,"Madrid, Comunidad de",LEMD,Adolfo Suarez Madrid-Barajas Airport,40.4719,-3.56264
Europe,Southern Europe,Spain,AGP,ES,Andalucia,LEMG,Malaga Airport,36.6749,-4.49911
Europe,Southern Europe,Spain,MAH,ES,Illes Balears,LEMH,Menorca Airport (Mahon Airport),39.8626,4.21865
Europe,Southern Europe,Spain,RMU,ES,"Murcia, Region de",LEMI,Region de Murcia International Airport,37.803,-1.125
Europe,Southern Europe,Spain,PMI,ES,Illes Balears,LEPA,Palma de Mallorca Airport,39.5517,2.73881
Europe,Southern Europe,Spain,PNA,ES,"Navarra, Comunidad Foral de",LEPP,Pamplona Airport,42.77,-1.64633
Europe,Southern Europe,Spain,REU,ES,Catalunya,LERS,Reus Airport,41.1474,1.16717
Europe,Southern Europe,Spain,SDR,ES,Cantabria,LEXJ,Santander Airport,43.4271,-3.82001
Europe,Southern Europe,Spain,SCQ,ES,Galicia,LEST,Santiago de Compostela Airport,42.8963,-8.41514
Europe,Southern Europe,Spain,SVQ,ES,Andalucia,LEZL,Seville Airport,37.418,-5.89311
Europe,Southern Europe,Spain,TFN,ES,Canarias,GCXO,Tenerife North Airport,28.4847,-16.3439
Europe,Southern Europe,Spain,TFS,ES,Canarias,GCTS,Tenerife South Airport,28.046,-16.5728
Europe,Southern Europe,Spain,VLC,ES,"Valenciana, Comunidad",LEVC,Valencia Airport,39.4893,-0.481625
Europe,Southern Europe,Spain,VLL,ES,Castilla y Leon,LEVD,Valladolid Airport,41.7061,-4.85194
Europe,Southern Europe,Spain,VGO,ES,Galicia,LEVX,Vigo-Peinador Airport,42.2318,-8.62677
Europe,Southern Europe,Spain,VIT,ES,Pais Vasco,LEVT,Vitoria Airport,42.8828,-2.72447
Europe,Southern Europe,Spain,ZAZ,ES,Aragon,LEZG,Zaragoza Airport,41.6662,-1.04155
Europe,Eastern Europe,Albania,TIA,IR,Azarbayjan-e Gharbi,LATI,Tirana International Airport,41.4147,19.7206
Europe,Eastern Europe,Belarus,GNA,BY,Hrodzenskaya voblasts',UMMG,Grodno Airport,53.602,24.0538
Europe,Eastern Europe,Belarus,GME,BY,Homyel'skaya voblasts',UMGG,Gomel Airport,52.527,31.0167
Europe,Eastern Europe,Belarus,MSQ,BY,Minskaya voblasts',UMMS,Minsk National Airport,53.8825,28.0307
Europe,Eastern Europe,Bosnia and Herzegovina,BNX,BA,Republika Srpska,LQBK,Banja Luka International Airport,44.9414,17.2975
Europe,Eastern Europe,Bosnia and Herzegovina,OMO,BA,Federacija Bosne i Hercegovine,LQMO,Mostar Airport,43.2829,17.8459
Europe,Eastern Europe,Bosnia and Herzegovina,SJJ,BA,Federacija Bosne i Hercegovine,LQSA,Sarajevo International Airport,43.8246,18.3315
Europe,Eastern Europe,Bosnia and Herzegovina,TZL,BA,Federacija Bosne i Hercegovine,LQTZ,Tuzla International Airport,44.4587,18.7248
Europe,Eastern Europe,Bulgaria,BOJ,BG,Burgas,LBBG,Burgas Airport,42.5696,27.5152
Europe,Eastern Europe,Bulgaria,PDV,BG,Plovdiv,LBPD,Plovdiv Airport,42.0678,24.8508
Europe,Eastern Europe,Bulgaria,SOF,BG,Sofia,LBSF,Sofia Airport,42.6967,23.4114
Europe,Eastern Europe,Bulgaria,VAR,BG,Varna,LBWN,Varna Airport,43.2321,27.8251
Europe,Eastern Europe,Kosovo,PRN,XK,Pristina,BKPR,Pristina Adem Jashari Airport,42.5745,21.0294
Europe,Eastern Europe,Moldova,RMO,MD,Chisinau,LUKK,Chisinau International Airport,46.9277,28.931
Europe,Eastern Europe,Romania,ARW,RO,Arad,LRAR,Arad International Airport,46.1766,21.262
Europe,Eastern Europe,Romania,BCM,RO,Bacau,LRBC,Bacau International Airport,46.5219,26.9103
Europe,Eastern Europe,Romania,BAY,RO,Maramures,LRBM,Baia Mare Airport,47.6606,23.4673
Europe,Eastern Europe,Romania,GHV,RO,Brasov,LRBV,Brasov Airport,45.6942,25.5172
Europe,Eastern Europe,Romania,OTP,RO,Ilfov,LROP,Bucharest Henri Coandă International Airport,44.5711,26.085
Europe,Eastern Europe,Romania,BBU,RO,Bucuresti,LRBS,Aurel Vlaicu International Airport,44.496,26.0814
Europe,Eastern Europe,Romania,CLJ,RO,Cluj,LRCL,Cluj-Napoca International Airport,46.7852,23.6862
Europe,Eastern Europe,Romania,CND,RO,Constanta,LRCK,Mihail Kogalniceanu International Airport,44.3622,28.4883
Europe,Eastern Europe,Romania,CRA,RO,Dolj,LRCV,Craiova International Airport,44.3181,23.8886
Europe,Eastern Europe,Romania,IAS,RO,Iasi,LRIA,Iasi International Airport,47.1785,27.6206
Europe,Eastern Europe,Romania,OMR,RO,Bihor,LROD,Oradea International Airport,47.0253,21.9025
Europe,Eastern Europe,Romania,SUJ,RO,Satu Mare,LRSM,Satu Mare International Airport,47.7033,22.8857
Europe,Eastern Europe,Romania,SBZ,RO,Sibiu,LRSB,Sibiu International Airport,45.7856,24.0913
Europe,Eastern Europe,Romania,SCV,RO,Suceava,LRSV,Suceava International Airport (Stefan cel Mare Int'l),47.6875,26.3541
Europe,Eastern Europe,Romania,TGM,RO,Mures,LRTM,Targu Mures International Airport,46.4677,24.4125
Europe,Eastern Europe,Romania,TSR,RO,Timis,LRTR,Timisoara Traian Vuia International Airport,45.8099,21.3379
Europe,Eastern Europe,Montenegro,TGD,ME,Podgorica,LYPG,Podgorica Airport,42.3594,19.2519
Europe,Eastern Europe,Montenegro,TIV,ME,Tivat,LYTV,Tivat Airport,42.4047,18.7233
Europe,Eastern Europe,North Macedonia,OHD,MK,Ohrid,LWOH,Ohrid St. Paul the Apostle Airport,41.18,20.7423
Europe,Eastern Europe,North Macedonia,SKP,MK,Skopje,LWSK,Skopje Alexander the Great Airport,41.9616,21.6214
Europe,Eastern Europe,Russia,ABA,RU,"Khakasiya, Respublika",UNAA,Abakan International Airport,53.74,91.385
Europe,Eastern Europe,Russia,DYR,RU,Chukotskiy avtonomnyy okrug,UHMA,Ugolny Airport,64.7349,177.741
Europe,Eastern Europe,Russia,AAQ,RU,Krasnodarskiy kray,URKA,Anapa Airport,45.0021,37.3473
Europe,Eastern Europe,Russia,ARH,RU,Arkhangel'skaya oblast',ULAA,Talagi Airport,64.6003,40.7167
Europe,Eastern Europe,Russia,ASF,RU,Astrakhanskaya oblast',URWA,Narimanovo Airport,46.2833,48.0063
Europe,Eastern Europe,Russia,BAX,RU,Altayskiy kray,UNBB,Barnaul Airport,53.3638,83.5385
Europe,Eastern Europe,Russia,EGO,RU,Belgorodskaya oblast',UUOB,Belgorod International Airport,50.6438,36.5901
Europe,Eastern Europe,Russia,BQS,RU,Amurskaya oblast',UHBB,Ignatyevo Airport,50.4254,127.412
Europe,Eastern Europe,Russia,BTK,RU,Irkutskaya oblast',UIBB,Bratsk Airport,56.3706,101.698
Europe,Eastern Europe,Russia,BZK,RU,Bryanskaya oblast',UUBP,Bryansk International Airport,53.2142,34.1764
Europe,Eastern Europe,Russia,CSY,RU,Chuvashskaya Respublika,UWKS,Cheboksary Airport,56.0903,47.3473
Europe,Eastern Europe,Russia,CEK,RU,Chelyabinskaya oblast',USCC,Chelyabinsk Airport,55.3058,61.5033
Europe,Eastern Europe,Russia,CEE,RU,Vologodskaya oblast',ULWC,Cherepovets Airport,59.2736,38.0158
Europe,Eastern Europe,Russia,HTA,RU,Zabaykal'skiy kray,UIAA,Chita International Airport (Kadala Airport),52.0263,113.306
Europe,Eastern Europe,Russia,ESL,RU,"Kalmykiya, Respublika",URWI,Elista Airport,46.3739,44.3309
Europe,Eastern Europe,Russia,GRV,RU,Chechenskaya Respublika,URMG,Grozny Airport,43.3883,45.6986
Europe,Eastern Europe,Russia,IKT,RU,Irkutskaya oblast',UIII,International Airport Irkutsk,52.268,104.389
Europe,Eastern Europe,Russia,KGD,RU,Kaliningradskaya oblast',UMKK,Khrabrovo Airport,54.89,20.5926
Europe,Eastern Europe,Russia,KZN,RU,"Tatarstan, Respublika",UWKD,Kazan International Airport,55.6062,49.2787
Europe,Eastern Europe,Russia,KHV,RU,Khabarovskiy kray,UHHH,Khabarovsk Novy Airport,48.528,135.188
Europe,Eastern Europe,Russia,KXK,RU,Khabarovskiy kray,UHKK,Komsomolsk-on-Amur Airport,50.409,136.934
Europe,Eastern Europe,Russia,KRR,RU,Krasnodarskiy kray,URKK,Krasnodar International Airport (Pashkovsky Airport),45.0347,39.1705
Europe,Eastern Europe,Russia,KJA,RU,Krasnoyarskiy kray,UNKL,Yemelyanovo International Airport,56.1729,92.4933
Europe,Eastern Europe,Russia,URS,RU,Kurskaya oblast',UUOK,Kursk Vostochny Airport,51.7506,36.2956
Europe,Eastern Europe,Russia,GDX,RU,Magadanskaya oblast',UHMM,Sokol Airport,59.911,150.72
Europe,Eastern Europe,Russia,MQF,RU,Chelyabinskaya oblast',USCM,Magnitogorsk International Airport,53.3931,58.7557
Europe,Eastern Europe,Russia,MCX,RU,"Dagestan, Respublika",URML,Uytash Airport,42.8168,47.6523
Europe,Eastern Europe,Russia,MRV,RU,Stavropol'skiy kray,URMM,Mineralnye Vody Airport,44.2251,43.0819
Europe,Eastern Europe,Russia,DME,RU,Moskovskaya Oblast,UUDD,Domodedovo Airport,55.4102,37.902
Europe,Eastern Europe,Russia,ZIA,RU,Moskva,UUBW,Ramenskoye Airport (Zhukovsky Airport),55.5533,38.15
Europe,Eastern Europe,Russia,SVO,RU,Moskovskaya oblast,UUEE,Sheremetyevo Alexander S. Pushkin International Airport,55.9728,37.4147
Europe,Eastern Europe,Russia,VKO,RU,Moskva,UUWW,Vnukovo International Airport,55.5979,37.2709
Europe,Eastern Europe,Russia,MMK,RU,Murmanskaya oblast',ULMM,Murmansk Airport,68.7817,32.7508
Europe,Eastern Europe,Russia,NAL,RU,Kabardino-Balkarskaya Respublika,URMN,Nalchik Airport,43.5129,43.6366
Europe,Eastern Europe,Russia,NBC,RU,"Tatarstan, Respublika",UWKE,Begishevo Airport,55.5647,52.0925
Europe,Eastern Europe,Russia,NJC,RU,Khanty-Mansiyskiy avtonomnyy okrug,USNN,Nizhnevartovsk Airport,60.9493,76.4836
Europe,Eastern Europe,Russia,GOJ,RU,Nizhegorodskaya oblast',UWGG,Nizhny Novgorod International Airport (Strigino Airport),56.2301,43.784
Europe,Eastern Europe,Russia,NOZ,RU,Kemerovskaya oblast',UNWW,Spichenkovo Airport,53.8114,86.8772
Europe,Eastern Europe,Russia,OVB,RU,Novosibirskaya oblast',UNNT,Tolmachevo Airport,55.0126,82.6507
Europe,Eastern Europe,Russia,OMS,RU,Omskaya oblast',UNOO,Omsk Tsentralny Airport,54.967,73.3105
Europe,Eastern Europe,Russia,REN,RU,Orenburgskaya oblast',UWOO,Orenburg Tsentralny Airport,51.7958,55.4567
Europe,Eastern Europe,Russia,OSW,RU,Orenburgskaya oblast',UWOR,Orsk Airport,51.0725,58.5956
Europe,Eastern Europe,Russia,PEE,RU,Permskiy kray,USPP,Perm International Airport (Bolshoye Savino Airport),57.9145,56.0212
Europe,Eastern Europe,Russia,PES,RU,"Kareliya, Respublika",ULPB,Petrozavodsk Airport (Besovets Airport),61.8852,34.1547
Europe,Eastern Europe,Russia,PVS,RU,Chukotskiy avtonomnyy okrug,UHMD,Provideniya Bay Airport,64.3781,-173.243
Europe,Eastern Europe,Russia,PKC,RU,Kamchatskiy kray,UHPP,Petropavlovsk-Kamchatsky Airport (Yelizovo Airport),53.1679,158.454
Europe,Eastern Europe,Russia,PKV,RU,Pskovskaya oblast',ULOO,Pskov Airport,57.7839,28.3956
Europe,Eastern Europe,Russia,ROV,RU,Rostovskaya oblast',URRP,Platov International Airport,47.4939,39.9247
Europe,Eastern Europe,Russia,LED,RU,Leningradskaya oblast',ULLI,Pulkovo Airport,59.8003,30.2625
Europe,Eastern Europe,Russia,KUF,RU,Samarskaya oblast',UWWW,Kurumoch International Airport,53.5049,50.1643
Europe,Eastern Europe,Russia,GSV,RU,Saratovskaya oblast',,Saratov Gagarin Airport,51.7128,46.1711
Europe,Eastern Europe,Russia,AER,RU,Krasnodarskiy kray,URSS,Sochi International Airport,43.4499,39.9566
Europe,Eastern Europe,Russia,STW,RU,Stavropol'skiy kray,URMT,Stavropol Shpakovskoye Airport,45.1092,42.1128
Europe,Eastern Europe,Russia,SGC,RU,Khanty-Mansiyskiy avtonomnyy okrug,USRR,Surgut International Airport,61.3437,73.4018
Europe,Eastern Europe,Russia,SCW,RU,"Komi, Respublika",UUYY,Syktyvkar Airport,61.647,50.8451
Europe,Eastern Europe,Russia,TOF,RU,Tomskaya oblast',UNTT,Bogashevo Airport,56.3803,85.2083
Europe,Eastern Europe,Russia,TJM,RU,Tyumenskaya oblast',USTR,Roshchino International Airport,57.1896,65.3243
Europe,Eastern Europe,Russia,UUD,RU,"Buryatiya, Respublika",UIUU,Baikal International Airport,51.8078,107.438
Europe,Eastern Europe,Russia,ULV,RU,Ul'yanovskaya oblast',UWLL,Ulyanovsk Baratayevka Airport,54.2683,48.2267
Europe,Eastern Europe,Russia,UFA,RU,"Bashkortostan, Respublika",UWUU,Ufa International Airport,54.5575,55.8744
Europe,Eastern Europe,Russia,VVO,RU,Primorskiy kray,UHWW,Vladivostok International Airport,43.399,132.148
Europe,Eastern Europe,Russia,OGZ,RU,"Severnaya Osetiya, Respublika",URMO,Beslan Airport,43.2051,44.6066
Europe,Eastern Europe,Russia,VOG,RU,Vologodskaya oblast',URWW,Volgograd International Airport,48.7825,44.3455
Europe,Eastern Europe,Russia,VOZ,RU,Voronezhskaya oblast',UUOO,Voronezh International Airport (Chertovitskoye Airport),51.8142,39.2296
Europe,Eastern Europe,Russia,YKS,RU,"Saha, Respublika",UEEE,Yakutsk Airport,62.0933,129.771
Europe,Eastern Europe,Russia,IAR,RU,Yaroslavskaya oblast',UUDL,Tunoshna Airport,57.5607,40.1574
Europe,Eastern Europe,Russia,SVX,RU,Sverdlovskaya oblast',USSS,Koltsovo International Airport,56.7431,60.8027
Europe,Eastern Europe,Russia,UUS,RU,Sakhalinskaya oblast',UHSS,Yuzhno-Sakhalinsk Airport (Khomutovo Airport),46.8887,142.718
Europe,Eastern Europe,Serbia,BEG,RS,Beograd,LYBE,Belgrade Nikola Tesla Airport,44.8184,20.3091
Europe,Eastern Europe,Serbia,KVO,RS,Raski okrug,LYKV,Morava Aerodrom,43.8274,20.5812
Europe,Eastern Europe,Serbia,INI,RS,Nisavski okrug,LYNI,Nis Constantine the Great Airport,43.3373,21.8537
Europe,Eastern Europe,Ukraine,CWC,UA,Chernihivska oblast,UKLN,Chernivtsi International Airport,48.2593,25.9808
Europe,Eastern Europe,Ukraine,IFO,UA,Ivano-Frankivska oblast,UKLI,Ivano-Frankivsk International Airport,48.8842,24.6861
Europe,Eastern Europe,Ukraine,HRK,UA,Kharkivska oblast,UKHH,Kharkiv International Airport (Osnova Airport),49.9248,36.29
Europe,Eastern Europe,Ukraine,KWG,UA,Dnipropetrovska oblast,UKDR,Kryvyi Rih International Airport,48.0433,33.21
Europe,Eastern Europe,Ukraine,KBP,UA,Kyiv,UKBB,Boryspil International Airport,50.345,30.8947
Europe,Eastern Europe,Ukraine,IEV,UA,Kyiv,UKKK,Kyiv International Airport (Zhuliany),50.4019,30.4519
Europe,Eastern Europe,Ukraine,LWO,UA,Lvivska oblast,UKLL,Lviv Danylo Halytskyi International Airport,49.8125,23.9561
Europe,Eastern Europe,Ukraine,NLV,UA,Mykolaivska oblast,UKON,Mykolaiv International Airport,47.0579,31.9198
Europe,Eastern Europe,Ukraine,ODS,UA,Odeska oblast,UKOO,Odessa International Airport,46.4268,30.6765
Europe,Eastern Europe,Ukraine,PLV,UA,Poltavska oblast,UKHP,Poltava Airport,49.5686,34.3972
Europe,Eastern Europe,Ukraine,SIP,UA,Avtonomna Respublika Krym,UKFF,Simferopol International Airport,45.0522,33.9751
Europe,Eastern Europe,Ukraine,UDJ,UA,Zakarpatska oblast,UKLU,Uzhhorod International Airport,48.6343,22.2634
Europe,Eastern Europe,Ukraine,OZH,UA,Zaporizka oblast,UKDE,Zaporizhia International Airport,47.867,35.3157
Europe,Nordic Region,Denmark,AAL,DK,Nordjylland,EKYT,Aalborg Airport,57.0928,9.84924
Europe,Nordic Region,Denmark,AAR,DK,Midtjylland,EKAH,Aarhus Airport,56.3,10.619
Europe,Nordic Region,Denmark,BLL,DK,Syddanmark,EKBI,Billund Airport,55.7403,9.15178
Europe,Nordic Region,Denmark,CPH,DK,Hovedstaden,EKCH,Copenhagen Airport,55.6179,12.656
Europe,Nordic Region,Estonia,EPU,EE,Parnumaa,EEPU,Parnu Airport,58.419,24.4728
Europe,Nordic Region,Estonia,TLL,EE,Harjumaa,EETN,Tallinn Airport (Lennart Meri Tallinn Airport),59.4133,24.8328
Europe,Nordic Region,Estonia,TAY,EE,Tartumaa,EETU,Tartu Airport,58.3075,26.6904
Europe,Nordic Region,Faroe Islands,FAE,FK,Falkland Islands (Malvinas),EKVG,Vagar Airport,62.0636,-7.27722
Europe,Nordic Region,Finland,MHQ,FI,Varsinais-Suomi,EFMA,Mariehamn Airport,60.1222,19.8982
Europe,Nordic Region,Finland,HEL,FI,Uusimaa,EFHK,Helsinki Airport (Helsinki-Vantaa Airport),60.3172,24.9633
Europe,Nordic Region,Finland,KTT,FI,Lappi,EFKT,Kittila Airport,67.701,24.8468
Europe,Nordic Region,Finland,KUO,FI,Pohjois-Savo,EFKU,Kuopio Airport,63.0071,27.7978
Europe,Nordic Region,Finland,KAO,FI,Pohjois-Pohjanmaa,EFKS,Kuusamo Airport,65.9876,29.2394
Europe,Nordic Region,Finland,LPP,FI,Etela-Karjala,EFLP,Lappeenranta Airport,61.0446,28.1447
Europe,Nordic Region,Finland,OUL,FI,Pohjois-Pohjanmaa,EFOU,Oulu Airport,64.9301,25.3546
Europe,Nordic Region,Finland,RVN,FI,Lappi,EFRO,Rovaniemi Airport,66.5648,25.8304
Europe,Nordic Region,Finland,SVL,FI,Etela-Savo,EFSA,Savonlinna Airport,61.9431,28.9451
Europe,Nordic Region,Finland,TMP,FI,Pirkanmaa,EFTP,Tampere-Pirkkala Airport,61.4141,23.6044
Europe,Nordic Region,Finland,TKU,FI,Varsinais-Suomi,EFTU,Turku Airport,60.5141,22.2628
Europe,Nordic Region,Finland,VAA,FI,Pohjanmaa,EFVA,Vaasa Airport,63.0507,21.7622
Europe,Nordic Region,Iceland,AEY,IS,Nordurland eystra,BIAR,Akureyri Airport,65.66,-18.0727
Europe,Nordic Region,Iceland,EGS,IS,Nordurland eystra,BIEG,Egilsstaoir Airport,65.2833,-14.4014
Europe,Nordic Region,Iceland,KEF,IS,Sudurnes,BIKF,Keflavík International Airport,63.985,-22.6056
Europe,Nordic Region,Iceland,RKV,IS,Hofudborgarsvaedi,BIRK,Reykjavík Airport,64.13,-21.9406
Europe,Nordic Region,Latvia,RIX,LV,Riga,EVRA,Riga International Airport,56.9236,23.9711
Europe,Nordic Region,Latvia,VNT,LV,Ventspils novads,EVVA,Ventspils International Airport,57.3578,21.5442
Europe,Nordic Region,Lithuania,KUN,LT,Kauno apskritis,EYKA,Kaunas International Airport,54.9639,24.0848
Europe,Nordic Region,Lithuania,PLQ,LT,Klaipedos apskritis,EYPA,Palanga International Airport,55.9732,21.0939
Europe,Nordic Region,Lithuania,SQQ,LT,Siauliu apskritis,EYSA,Siauliai International Airport,55.8939,23.395
Europe,Nordic Region,Lithuania,VNO,LT,-,EYVI,Vilnius Airport,54.6341,25.2858
Europe,Nordic Region,Norway,AES,NO,More og Romsdal,ENAL,Alesund Airport,62.5625,6.1197
Europe,Nordic Region,Norway,BGO,NO,Hordaland,ENBR,Bergen Airport,60.2934,5.21814
Europe,Nordic Region,Norway,BOO,NO,Nordland,ENBO,Bodo Airport,67.2692,14.3653
Europe,Nordic Region,Norway,HAU,NO,Rogaland,ENHD,Haugesund Airport,59.3453,5.20836
Europe,Nordic Region,Norway,KRS,NO,Vest-Agder,ENCN,Kristiansand Airport,58.2042,8.08537
Europe,Nordic Region,Norway,KSU,NO,More og Romsdal,ENKB,Kristiansund Airport,63.1118,7.82452
Europe,Nordic Region,Norway,OSL,NO,Akershus,ENGM,Oslo Airport,60.1939,11.1004
Europe,Nordic Region,Norway,TRF,NO,Vestfold,ENTO,Sandefjord Airport,59.1867,10.2586
Europe,Nordic Region,Norway,SVG,NO,Rogaland,ENZV,Stavanger Airport,58.8767,5.63778
Europe,Nordic Region,Norway,TOS,NO,Troms,ENTC,Tromse Airport,69.6833,18.9189
Europe,Nordic Region,Norway,TRD,NO,Nord-Trondelag,ENVA,Trondheim Airport,63.4578,10.924
Europe,Nordic Region,Sweden,GOT,SE,Vastra Gotalands lan,ESGG,Goteborg Landvetter Airport,57.6628,12.2798
Europe,Nordic Region,Sweden,LLA,SE,Norrbottens lan,ESPA,Lulea Airport (Kallax Airport),65.5438,22.122
Europe,Nordic Region,Sweden,MMX,SE,Skane lan,ESMS,Malmo Airport,55.5346,13.3704
Europe,Nordic Region,Sweden,NRK,SE,Ostergotlands lan,ESSP,Norrkoping Airport,58.5863,16.2506
Europe,Nordic Region,Sweden,OSD,SE,Jamtlands lan,ESNZ,Are Ostersund Airport,63.1944,14.5003
Europe,Nordic Region,Sweden,ARN,SE,Stockholms lan,ESSA,Stockholm Arlanda Airport,59.6519,17.9186
Europe,Nordic Region,Sweden,BMA,SE,Stockholms lan,ESSB,Stockholm Bromma Airport,59.3556,17.9436
Europe,Nordic Region,Sweden,NYO,SE,Sodermanlands lan,ESKN,Stockholm Skavsta Airport,58.7886,16.9122
Europe,Nordic Region,Sweden,VST,SE,Vastmanlands lan,ESOW,Stockholm Vasteras Airport,59.6018,16.6284
Europe,Nordic Region,Sweden,SDL,SE,Vasternorrlands lan,ESNN,Sundsvall-Timra Airport (Midlanda Airport),62.5281,17.4439
Europe,Nordic Region,Sweden,UME,SE,Vasterbottens lan,ESNU,Umea Airport,63.7918,20.2828
Europe,Nordic Region,Sweden,VXO,SE,Kronobergs lan,ESMX,Vaxjo Smaland Airport,56.9291,14.728
Europe,Nordic Region,Sweden,VBY,SE,Gotlands lan,ESSV,Visby Airport,57.6628,18.3462
Oceania,American Samoa,American Samoa,PPG,AS,Eastern District,NSTU,Pago Pago International Airport,-14.331,-170.71
Oceania,Australia,Australia,ADL,AU,South Australia,YPAD,Adelaide Airport,-34.945,138.531
Oceania,Australia,Australia,BNE,AU,Queensland,YBBN,Brisbane Airport,-27.3842,153.117
Oceania,Australia,Australia,BME,AU,Western Australia,YBRM,Broome International Airport,-17.9447,122.232
Oceania,Australia,Australia,CNS,AU,Queensland,YBCS,Cairns Airport,-16.8858,145.755
Oceania,Australia,Australia,CBR,AU,Australian Capital Territory,YSCB,Canberra Airport,-35.3069,149.195
Oceania,Australia,Australia,DRW,AU,Northern Territory,YPDN,Darwin International Airport,-12.4147,130.877
Oceania,Australia,Australia,OOL,AU,Queensland,YBCG,Gold Coast Airport (Coolangatta Airport),-28.1644,153.505
Oceania,Australia,Australia,HBA,AU,Tasmania,YMHB,Hobart International Airport,-42.8361,147.51
Oceania,Australia,Australia,HID,AU,Queensland,YHID,Horn Island Airport,-10.5864,142.29
Oceania,Australia,Australia,MEL,AU,Victoria,YMML,Melbourne Airport,-37.6733,144.843
Oceania,Australia,Australia,NTL,AU,New South Wales,YWLM,Newcastle Airport / RAAF Base Williamtown,-32.795,151.834
Oceania,Australia,Australia,PER,AU,Western Australia,YPPH,Perth Airport,-31.9403,115.967
Oceania,Australia,Australia,MCY,AU,Queensland,YBSU,Sunshine Coast Airport,-26.6033,153.091
Oceania,Australia,Australia,SYD,AU,New South Wales,YSSY,Sydney Airport (Kingsford Smith Airport),-33.9461,151.177
Oceania,Christmas Island,Christmas Island,XCH,CX,Christmas Island,YPXM,Christmas Island Airport,-10.4506,105.69
Oceania,Cook Islands,Cook Islands,RAR,CK,Cook Islands,NCRG,Rarotonga International Airport,-21.2027,-159.806
Oceania,Easter Island,Easter Island,IPC,CL,Valparaiso,SCIP,Mataveri International Airport (Isla de Pascua Airport),-27.1648,-109.422
Oceania,Fiji,Fiji,NAN,FJ,Central,NFFN,Nadi International Airport,-17.7554,177.443
Oceania,Fiji,Fiji,SUV,FJ,Central,NFNA,Nausori International Airport,-18.0433,178.559
Oceania,French Polynesia,French Polynesia,PPT,PF,Iles Sous-le-Vent,NTAA,Fa'a'a International Airport,-17.5537,-149.607
Oceania,Guam,Guam,GUM,GU,Barrigada,PGUM,Antonio B. Won Pat International Airport (Guam Int'l),13.4834,144.796
Oceania,Kiribati,Kiribati,CXI,KI,Line Islands,PLCH,Cassidy International Airport,1.98616,-157.35
Oceania,Kiribati,Kiribati,TRW,KI,Gilbert Islands,NGTA,Bonriki International Airport,1.38164,173.147
Oceania,Marshall Islands,Marshall Islands,KWA,MH,Kwajalein,PKWA,Bucholz Army Airfield,8.72012,167.732
Oceania,Marshall Islands,Marshall Islands,MAJ,MH,Majuro,PKMJ,Marshall Islands International Airport (Amata Kabua Int'l),7.06476,171.272
Oceania,Federated States of Micronesia,Federated States of Micronesia,TKK,FM,Chuuk,PTKK,Chuuk International Airport,7.46187,151.843
Oceania,Federated States of Micronesia,Federated States of Micronesia,KSA,FM,Kosrae,PTSA,Kosrae International Airport,5.35698,162.958
Oceania,Federated States of Micronesia,Federated States of Micronesia,PNI,FM,Pohnpei,PTPN,Pohnpei International Airport,6.9851,158.209
Oceania,Federated States of Micronesia,Federated States of Micronesia,YAP,FM,Yap,PTYA,Yap International Airport,9.49891,138.083
Oceania,Nauru,Nauru,INU,NR,Yaren,ANYN,Nauru International Airport,-0.547458,166.919
Oceania,New Caledonia,New Caledonia,NOU,NC,Province Sud,NWWW,La Tontouta International Airport,-22.0146,166.213
Oceania,New Zealand,New Zealand,AKL,NZ,Auckland,NZAA,Auckland Airport,-37.0081,174.792
Oceania,New Zealand,New Zealand,CHC,NZ,Canterbury,NZCH,Christchurch International Airport,-43.4894,172.532
Oceania,New Zealand,New Zealand,DUD,NZ,Otago,NZDN,Dunedin International Airport,-45.9281,170.198
Oceania,New Zealand,New Zealand,HLZ,NZ,Waikato,NZHN,Hamilton Airport,-37.8667,175.332
Oceania,New Zealand,New Zealand,ZQN,NZ,Otago,NZQN,Queenstown Airport,-45.0211,168.739
Oceania,New Zealand,New Zealand,WLG,NZ,Wellington,NZWN,Wellington International Airport,-41.3272,174.805
Oceania,Norfolk Island,Norfolk Island,NLK,NF,Norfolk Island,YSNF,Norfolk Island Airport,-29.0416,167.939
Oceania,Northern Mariana Islands,Northern Mariana Islands,ROP,MP,Northern Mariana Islands,PGRO,Rota International Airport,14.1743,145.243
Oceania,Northern Mariana Islands,Northern Mariana Islands,SPN,MP,Northern Mariana Islands,PGSN,Saipan International Airport (Francisco C. Ada Int'l),15.119,145.729
Oceania,Northern Mariana Islands,Northern Mariana Islands,TIQ,MP,Northern Mariana Islands,PGWT,Tinian International Airport (West Tinian Airport),14.9992,145.619
Oceania,Niue,Niue,IUE,NU,Niue,NIUE,Niue International Airport (Hanan Int'l),-19.079,-169.926
Oceania,Palau,Palau,ROR,PW,Airai,PTRO,Roman Tmetuchl International Airport,7.36731,134.544
Oceania,Papua New Guinea,Papua New Guinea,DAU,PG,Western,AYDU,Daru Airport,-9.08676,143.208
Oceania,Papua New Guinea,Papua New Guinea,HGU,PG,Western Highlands,AYMH,Mount Hagen Airport,-5.82679,144.296
Oceania,Papua New Guinea,Papua New Guinea,POM,PG,National Capital District (Port Moresby),AYPY,Jacksons International Airport,-9.44338,147.22
Oceania,Samoa,Samoa,APW,WS,Tuamasaga,NSFA,Faleolo International Airport,-13.83,-172.008
Oceania,Solomon Islands,Solomon Islands,HIR,SB,Guadalcanal,AGGH,Honiara International Airport,-9.428,160.055
Oceania,Tonga,Tonga,TBU,TO,Tongatapu,NFTF,Fua'amotu International Airport,-21.2412,-175.15
Oceania,Tonga,Tonga,VAV,TO,Vava'u,NFTV,Vava'u International Airport,-18.5853,-173.962
Oceania,Tuvalu,Tuvalu,FUN,TV,Funafuti,NGFU,Funafuti International Airport,-8.525,179.196
Oceania,Vanuatu,Vanuatu,SON,VU,Sanma,NVSS,Santo-Pekoa International Airport,-15.505,167.22
Oceania,Vanuatu,Vanuatu,VLI,VU,Shefa,NVVV,Bauerfield International Airport,-17.6993,168.32
Oceania,Wallis and Futuna,Wallis and Futuna,FUT,WF,Uvea,NLWF,Pointe Vele Airport,-14.3114,-178.066
Oceania,Wallis and Futuna,Wallis and Futuna,WLS,WF,Uvea,NLWW,Hihifo Airport,-13.2383,-176.199
