,index,continent,subcontinent,country,location,aiport,iata_code,icao_code,state/union_territory,airport_x,passenger_role,provinces/territories,state,country_code,region_name,iata,icao,airport_y,latitude,longitude
0,0,Africa,Northern Africa,Algeria,Algiers,,ALG,,,Houari Boumediene Airport,,,,DZ,Alger,ALG,DAAG,Houari Boumediene Airport,36.691,3.21541
1,1,Africa,Northern Africa,Algeria,Annaba,,AAE,,,Rabah Bitat Airport,,,,DZ,Annaba,AAE,DABB,Rabah Bitat Airport (Les Salines Airport),36.8222,7.80917
2,2,Africa,Northern Africa,Algeria,Batna,,BLJ,,,Batna Airport,,,,DZ,Batna,BLJ,DABT,Mostepha Ben Boulaid Airport,35.7521,6.30859
3,3,Africa,Northern Africa,Algeria,Béjaïa,,BJA,,,Soummam Airport,,,,DZ,Bejaia,BJA,DAAE,Soummam - Abane Ramdane Airport,36.712,5.06992
4,4,Africa,Northern Africa,Algeria,Chlef,,CFK,,,Chlef International Airport,,,,DZ,Chlef,CFK,DAOI,Chlef International Airport,36.2127,1.33177
5,5,Africa,Northern Africa,Algeria,Constantine,,CZL,,,Mohamed Boudiaf International Airport,,,,DZ,Constantine,CZL,DABC,Mohamed Boudiaf International Airport,36.276,6.62039
6,6,Africa,Northern Africa,Algeria,Jijel,,GJL,,,Jijel Ferhat Abbas Airport,,,,DZ,Jijel,GJL,DAAV,Jijel Ferhat Abbas Airport,36.7951,5.87361
7,7,Africa,Northern Africa,Algeria,Oran,,ORN,,,Oran Es Senia Airport,,,,DZ,Oran,ORN,DAOO,Oran Es Senia Airport,35.6239,-0.621183
8,8,Africa,Northern Africa,Algeria,Oumache,,BSK,,,Biskra Airport,,,,DZ,Biskra,BSK,DAUB,Biskra Airport,34.7933,5.73823
9,9,Africa,Northern Africa,Algeria,Sétif,,QSF,,,Ain Arnat Airport,,,,DZ,Setif,QSF,DAAS,Ain Arnat Airport,36.1781,5.32449
10,10,Africa,Northern Africa,Algeria,Tlemcen,,TLM,,,Zenata – Messali El Hadj Airport,,,,DZ,Tlemcen,TLM,DAON,Zenata - Messali El Hadj Airport,35.0167,-1.45
11,11,Africa,Northern Africa,Egypt,Alexandria,,HBE,,,Borg El Arab International Airport,,,,EG,Al Iskandariyah,HBE,HEBA,Borg El Arab Airport,30.9177,29.6964
12,12,Africa,Northern Africa,Egypt,Alexandria,,ALY,,,El Nouzha Airport (OPEN),,,,EG,Al Iskandariyah,ALY,HEAX,El Nouzha Airport,31.1839,29.9489
13,13,Africa,Northern Africa,Egypt,Asyut,,ATZ,,,Assiut Airport,,,,EG,Asyut,ATZ,HEAT,Assiut Airport,27.0465,31.012
14,14,Africa,Northern Africa,Egypt,Aswan,,ASW,,,Aswan International Airport,,,,EG,Aswan,ASW,HESN,Aswan International Airport,23.9644,32.82
15,15,Africa,Northern Africa,Egypt,Cairo,,CAI,,,Cairo International Airport,,,,EG,Al Qahirah,CAI,HECA,Cairo International Airport,30.1219,31.4056
16,16,Africa,Northern Africa,Egypt,Cairo,,SPX,,,Sphinx International Airport,,,,EG,Al Jizah,SPX,,Sphinx International Airport,30.1097,30.8944
17,17,Africa,Northern Africa,Egypt,El Arish,,AAC,,,El Arish International Airport,,,,EG,Shamal Sina',AAC,HEAR,El Arish International Airport,31.0733,33.8358
18,18,Africa,Northern Africa,Egypt,El Dabaa,,DBB,,,El Alamein International Airport,,,,EG,Matruh,DBB,HEAL,Al Alamain International Airport,30.9245,28.4614
19,19,Africa,Northern Africa,Egypt,Hurghada,,HRG,,,Hurghada International Airport,,,,EG,Al Bahr al Ahmar,HRG,HEGN,Hurghada International Airport,27.1783,33.7994
20,20,Africa,Northern Africa,Egypt,Luxor,,LXR,,,Luxor International Airport,,,,EG,Al Uqsur,LXR,HELX,Luxor International Airport,25.671,32.7066
21,21,Africa,Northern Africa,Egypt,Marsa Alam,,RMF,,,Marsa Alam International Airport,,,,EG,Al Bahr al Ahmar,RMF,HEMA,Marsa Alam International Airport,25.5571,34.5837
22,22,Africa,Northern Africa,Egypt,Mersa Matruh,,MUH,,,Mersa Matruh International Airport,,,,EG,Matruh,MUH,HEMM,Marsa Matruh International Airport,31.3254,27.2217
23,23,Africa,Northern Africa,Egypt,Saint Catherine,,SKV,,,St. Catherine International Airport,,,,EG,Janub Sina',SKV,HESC,St. Catherine International Airport,28.6853,34.0625
24,24,Africa,Northern Africa,Egypt,Sharm El Sheikh,,SSH,,,Sharm El Sheikh International Airport,,,,EG,Janub Sina',SSH,HESH,Sharm el-Sheikh International Airport,27.9773,34.395
25,25,Africa,Northern Africa,Egypt,Sohag,,HMB,,,Sohag International Airport,,,,EG,Suhaj,HMB,HEMK,Sohag International Airport,26.3428,31.7428
26,26,Africa,Northern Africa,Egypt,Taba,,TCP,,,Taba International Airport,,,,EG,Janub Sina',TCP,HETB,Taba International Airport,29.5878,34.7781
27,27,Africa,Northern Africa,Libya,Benghazi,,BEN,,,Benina International Airport,,,,LY,Banghazi,BEN,HLLB,Benina International Airport,32.0968,20.2695
28,28,Africa,Northern Africa,Libya,Sabha,,SEB,,,Sabha Airport,,,,LY,Sabha,SEB,HLLS,Sabha Airport,26.987,14.4725
29,29,Africa,Northern Africa,Libya,Tripoli,,TIP,,,Tripoli International Airport,,,,LY,Tarabulus,TIP,HLLT,Tripoli International Airport,32.6635,13.159
30,30,Africa,Northern Africa,Libya,Tajoura,,MJI,,,Mitiga International Airport,,,,LY,Tarabulus,MJI,HLLM,Mitiga International Airport,32.8941,13.276
31,31,Africa,Northern Africa,Morocco,Agadir,,AGA,,,Agadir–Al Massira Airport,,,,MA,Souss-Massa,AGA,GMAD,Agadir-Al Massira Airport,30.325,-9.41307
32,32,Africa,Northern Africa,Morocco,Beni Mellal,,BEM,,,Beni Mellal Airport,,,,MA,Beni-Mellal-Khenifra,BEM,GMMD,Beni Mellal Airport,32.4019,-6.31591
33,33,Africa,Northern Africa,Morocco,Casablanca,,CMN,,,Mohammed V International Airport,,,,MA,Casablanca-Settat,CMN,GMMN,Mohammed V International Airport,33.3675,-7.58997
34,34,Africa,Northern Africa,Morocco,Fes,,FEZ,,,Fès–Saïs Airport,,,,MA,Fes- Meknes,FEZ,GMFF,Fes-Saiss Airport,33.9273,-4.97796
35,35,Africa,Northern Africa,Morocco,Marrakesh,,RAK,,,Marrakesh Menara Airport,,,,MA,Marrakech-Safi,RAK,GMMX,Marrakesh Menara Airport,31.6069,-8.0363
36,36,Africa,Northern Africa,Morocco,Nador,,NDR,,,Nador International Airport,,,,MA,L'Oriental,NDR,GMMW,Nador International Airport,34.9888,-3.02821
37,37,Africa,Northern Africa,Morocco,Ouarzazate,,OZZ,,,Ouarzazate Airport,,,,MA,Draa-Tafilalet,OZZ,GMMZ,Ouarzazate Airport,30.9391,-6.90943
38,38,Africa,Northern Africa,Morocco,Oujda,,OUD,,,Angads Airport,,,,MA,L'Oriental,OUD,GMFO,Angads Airport,34.7872,-1.92399
39,39,Africa,Northern Africa,Morocco,Rabat,,RBA,,,Rabat–Salé Airport,,,,MA,Rabat-Sale-Kenitra,RBA,GMME,Rabat-Sale Airport,34.0515,-6.75152
40,40,Africa,Northern Africa,Morocco,Tangier,,TNG,,,Tangier Ibn Battouta Airport,,,,MA,Tanger-Tetouan-Al Hoceima,TNG,GMTT,Tangier Ibn Battouta Airport,35.7269,-5.91689
41,41,Africa,Northern Africa,Morocco,Tetouan,,TTU,,,Sania Ramel Airport,,,,MA,Tanger-Tetouan-Al Hoceima,TTU,,Sania Ramel Airport,35.5943,-5.32002
42,42,Africa,Northern Africa,Morocco,Dakhla,,VIL,,,Dakhla Airport,,,,MA,Laayoune-Sakia El Hamra (EH-partial),VIL,GMMH,Dakhla Airport,23.7183,-15.932
43,43,Africa,Northern Africa,Morocco,Laayoune,,EUN,,,Hassan I Airport,,,,MA,Laayoune-Sakia El Hamra (EH-partial),EUN,GMML,Hassan I Airport,27.1517,-13.2192
44,44,Africa,Northern Africa,Sudan,Khartoum,,KRT,,,Khartoum International Airport,,,,SD,Khartoum,KRT,HSSK,Khartoum International Airport,15.5895,32.5532
45,45,Africa,Northern Africa,Sudan,Port Sudan,,PZU,,,Port Sudan New International Airport,,,,SD,Red Sea,PZU,HSPN,Port Sudan New International Airport,19.4336,37.2341
46,46,Africa,Northern Africa,Tunisia,Djerba,,DJE,,,Djerba–Zarzis International Airport,,,,TN,Medenine,DJE,DTTJ,Djerba-Zarzis International Airport,33.875,10.7755
47,47,Africa,Northern Africa,Tunisia,Enfidha,,NBE,,,Enfidha–Hammamet International Airport,,,,TN,Sousse,NBE,DTNH,Enfidha-Hammamet International Airport,36.0758,10.4386
48,48,Africa,Northern Africa,Tunisia,Monastir,,MIR,,,Monastir Habib Bourguiba International Airport,,,,TN,Monastir,MIR,DTMB,Monastir Habib Bourguiba International Airport,35.7581,10.7547
49,49,Africa,Northern Africa,Tunisia,Sfax,,SFA,,,Sfax–Thyna International Airport,,,,TN,Sfax,SFA,DTTX,Sfax-Thyna International Airport,34.718,10.691
50,50,Africa,Northern Africa,Tunisia,Tabarka,,TBJ,,,Tabarka–Aïn Draham International Airport,,,,TN,Jendouba,TBJ,DTKA,Tabarka-Ain Draham Internation,36.98,8.87694
51,51,Africa,Northern Africa,Tunisia,Tozeur,,TOE,,,Tozeur–Nefta International Airport,,,,TN,Tozeur,TOE,DTTZ,Tozeur-Nefta International Airport,33.9397,8.11056
52,52,Africa,Northern Africa,Tunisia,Tunis,,TUN,,,Tunis–Carthage International Airport,,,,TN,Tunis,TUN,DTTA,Tunis–Carthage International Airport,36.8511,10.2272
53,53,Africa,Western Africa,Benin,Cotonou,,COO,,,Cadjehoun Airport,,,,BJ,Littoral,COO,DBBB,Cadjehoun Airport,6.35723,2.38435
54,54,Africa,Western Africa,Burkina Faso,Bobo-Dioulasso,,BOY,,,Bobo Dioulasso Airport,,,,BF,Houet,BOY,DFOO,Bobo Dioulasso Airport,11.1601,-4.33097
55,55,Africa,Western Africa,Burkina Faso,Ouagadougou,,OUA,,,Thomas Sankara International Airport Ouagadougou,,,,BF,Kadiogo,OUA,DFFD,Ouagadougou Airport,12.3532,-1.51242
56,56,Africa,Western Africa,Cape Verde,Boa Vista,,BVC,,,Aristides Pereira International Airport,,,,CV,Boa Vista,BVC,GVBA,Aristides Pereira International Airport (Rabil Airport),16.1365,-22.8889
57,57,Africa,Western Africa,Cape Verde,Sal Island,,SID,,,Amílcar Cabral International Airport,,,,CV,Sal,SID,GVAC,Amilcar Cabral International Airport,16.7414,-22.9494
58,58,Africa,Western Africa,Cape Verde,"Praia, Santiago Island",,RAI,,,Nelson Mandela International Airport,,,,CV,Ribeira Grande de Santiago,RAI,GVNP,Nelson Mandela International Airport,14.9245,-23.4935
59,59,Africa,Western Africa,Cape Verde,São Vicente,,VXE,,,Cesária Évora Airport,,,,CV,Sao Vicente,VXE,GVSV,Cesaria Evora Airport,16.8332,-25.0553
60,60,Africa,Western Africa,The Gambia,Banjul,,BJL,,,Banjul International Airport,,,,GM,Banjul,BJL,GBYD,Banjul International Airport,13.338,-16.6522
61,61,Africa,Western Africa,Ghana,Accra,,ACC,,,Kotoka International Airport,,,,GH,Greater Accra,ACC,DGAA,Kotoka International Airport,5.60519,-0.166786
62,62,Africa,Western Africa,Ghana,Kumasi,,KMS,,,Kumasi International Airport,,,,GH,Ashanti,KMS,DGSI,Kumasi Airport,6.71456,-1.59082
63,63,Africa,Western Africa,Ghana,Takoradi,,TKD,,,Takoradi Airport,,,,GH,Western,TKD,DGTK,Takoradi Airport,4.89606,-1.77476
64,64,Africa,Western Africa,Ghana,Sunyani,,NYI,,,Sunyani Airport,,,,GH,Brong-Ahafo,NYI,DGSN,Sunyani Airport,7.36183,-2.32876
65,66,Africa,Western Africa,Ghana,Wa,,WZA,,,Wa Airport,,,,GH,Upper West,WZA,DGLW,Wa Airport,10.0795,-2.5109
66,67,Africa,Western Africa,Ghana,Tamale,,TML,,,Tamale Airport,,,,GH,Northern,TML,DGLE,Tamale Airport,9.55719,-0.863214
67,68,Africa,Western Africa,Guinea,Conakry,,CKY,,,Conakry International Airport,,,,GN,Conakry,CKY,GUCY,Ahmed Sékou Touré International Airport,9.57689,-13.612
68,69,Africa,Western Africa,Guinea-Bissau,Bissau,,OXB,,,Osvaldo Vieira International Airport,,,,GW,Bissau,OXB,GGOV,Osvaldo Vieira International Airport,11.8948,-15.6537
69,70,Africa,Western Africa,Ivory Coast,Abidjan,,ABJ,,,Félix-Houphouët-Boigny International Airport,,,,CI,Abidjan,ABJ,DIAP,Port Bouet Airport (Felix Houphouet Boigny Int'l),5.26139,-3.92629
70,71,Africa,Western Africa,Liberia,Monrovia,,ROB,,,Roberts International Airport,,,,LR,Margibi,ROB,GLRB,Roberts International Airport,6.23379,-10.3623
71,72,Africa,Western Africa,Mali,Bamako,,BKO,,,Modibo Keita International Airport,,,,ML,Bamako,BKO,GABS,Bamako-Senou International Airport,12.5335,-7.94994
72,73,Africa,Western Africa,Mauritania,Nouakchott,,NKC,,,Nouakchott–Oumtounsy International Airport,,,,MR,Nouakchott Nord,NKC,GQNO,Nouakchott-Oumtounsy International Airport,18.31,-15.9697
73,74,Africa,Western Africa,Mauritania,Nouadhibou,,NDB,,,Nouadhibou International Airport,,,,MR,Dakhlet Nouadhibou,NDB,GQPP,Nouadhibou International Airport,20.9331,-17.03
74,75,Africa,Western Africa,Mauritania,Atar,,ATR,,,Atar International Airport,,,,MR,Adrar,ATR,GQPA,Atar International Airport,20.5068,-13.0432
75,76,Africa,Western Africa,Niger,Niamey,,NIM,,,Diori Hamani International Airport,,,,NE,Niamey,NIM,DRRN,Diori Hamani International Airport,13.4815,2.18361
76,77,Africa,Western Africa,Nigeria,Abuja,,ABV,,,Nnamdi Azikiwe International Airport,,,,NG,Abuja Federal Capital Territory,ABV,DNAA,Nnamdi Azikiwe International Airport,9.00679,7.26317
77,78,Africa,Western Africa,Nigeria,Calabar,,CBQ,,,Margaret Ekpo International Airport,,,,NG,Cross River,CBQ,DNCA,Margaret Ekpo International Airport,4.97602,8.3472
78,79,Africa,Western Africa,Nigeria,"Asaba, Delta",,ABB,,,Asaba International Airport,,,,NG,Delta,ABB,DNAS,Asaba International Airport,6.20417,6.66528
79,80,Africa,Western Africa,Nigeria,Kano,,KAN,,,Mallam Aminu Kano International Airport,,,,NG,Kano,KAN,DNKN,Mallam Aminu Kano International Airport,12.0476,8.52462
80,81,Africa,Western Africa,Nigeria,Lagos,,LOS,,,Murtala Muhammed International Airport,,,,NG,Lagos,LOS,DNMM,Murtala Muhammed International Airport,6.57737,3.32116
81,82,Africa,Western Africa,Nigeria,Port Harcourt,,PHC,,,Port Harcourt International Airport,,,,NG,Rivers,PHC,DNPO,Port Harcourt International Airport,5.01549,6.94959
82,83,Africa,Western Africa,Nigeria,Enugu,,ENU,,,Akanu Ibiam International Airport,,,,NG,Enugu,ENU,DNEN,Akanu Ibiam International Airport,6.47427,7.56196
83,84,Africa,Western Africa,Nigeria,Sokoto,,SKO,,,Sadiq Abubakar III International Airport,,,,NG,Sokoto,SKO,DNSO,Sadiq Abubakar III International Airport,12.9163,5.20719
84,85,Africa,Western Africa,Senegal,Dakar,,DSS,,,Blaise Diagne International Airport,,,,SN,Thies,DSS,GOBD,Blaise Diagne International Airport,14.67,-17.0733
85,86,Africa,Western Africa,Sierra Leone,Freetown,,FNA,,,Lungi International Airport,,,,SL,Western Area,FNA,GFLL,Lungi International Airport,8.61644,-13.1955
86,87,Africa,Western Africa,Togo,Lomé,,LFW,,,Lomé–Tokoin International Airport,,,,TG,Maritime,LFW,DXXX,Lome-Tokoin Airport (Gnassingbe Eyadema Int'l),6.16561,1.25451
87,88,Africa,Central Africa,Angola,Luanda,,LAD,,,Quatro de Fevereiro Airport,,,,AO,Luanda,LAD,FNLU,Quatro de Fevereiro Airport,-8.85837,13.2312
88,89,Africa,Central Africa,Angola,Lubango,,SDD,,,Lubango Airport,,,,AO,Huila,SDD,FNUB,Lubango Mukanka Airport,-14.9247,13.575
89,90,Africa,Central Africa,Cameroon,Douala,,DLA,,,Douala International Airport,,,,CM,Littoral,DLA,FKKD,Douala International Airport,4.00608,9.71948
90,91,Africa,Central Africa,Cameroon,Yaoundé,,NSI,,,Yaoundé Nsimalen International Airport,,,,CM,Centre,NSI,FKYS,Yaounde Nsimalen International Airport,3.72256,11.5533
91,92,Africa,Central Africa,Central African Republic,Bangui,,BGF,,,Bangui M'Poko International Airport,,,,CF,Bangui,BGF,FEFF,Bangui M'Poko International Airport,4.39848,18.5188
92,93,Africa,Central Africa,Chad,N'Djamena,,NDJ,,,N'Djamena International Airport,,,,TD,Hadjer Lamis,NDJ,FTTJ,N'Djamena International Airport,12.1337,15.034
93,94,Africa,Central Africa,Democratic Republic of the Congo,Goma,,GOM,,,Goma International Airport,,,,CD,Nord-Kivu,GOM,FZNA,Goma International Airport,-1.67081,29.2385
94,95,Africa,Central Africa,Democratic Republic of the Congo,Kinshasa,,FIH,,,N'djili Airport,,,,CD,Kinshasa,FIH,FZAA,N'djili Airport,-4.38575,15.4446
95,96,Africa,Central Africa,Democratic Republic of the Congo,Kisangani,,FKI,,,Kisangani Bangoka International Airport,,,,CD,Tshopo,FKI,FZIC,Bangoka International Airport,0.481639,25.338
96,97,Africa,Central Africa,Democratic Republic of the Congo,Lubumbashi,,FBM,,,Lubumbashi International Airport,,,,CD,Haut-Katanga,FBM,FZQA,Lubumbashi International Airport,-11.5913,27.5309
97,98,Africa,Central Africa,Equatorial Guinea,Malabo,,SSG,,,Malabo International Airport,,,,GQ,Bioko Norte,SSG,FGSL,Malabo International Airport (Saint Isabel Airport),3.75527,8.70872
98,99,Africa,Central Africa,Gabon,Franceville,,MVB,,,M'Vengue El Hadj Omar Bongo Ondimba International Airport,,,,GA,Haut-Ogooue,MVB,FOON,M'Vengue El Hadj Omar Bongo Ondimba International Airport,-1.65616,13.438
99,100,Africa,Central Africa,Gabon,Libreville,,LBV,,,Léon-Mba International Airport,,,,GA,Estuaire,LBV,FOOL,Léon-Mba International Airport,0.458611,9.41222
100,101,Africa,Central Africa,Gabon,Port-Gentil,,POG,,,Port-Gentil International Airport,,,,GA,Ogooue-Maritime,POG,FOOG,Port-Gentil International Airport,-0.711739,8.75438
101,102,Africa,Central Africa,Republic of the Congo,Brazzaville,,BZV,,,Maya-Maya Airport,,,,CG,Brazzaville,BZV,FCBB,Maya-Maya Airport,-4.2517,15.253
102,103,Africa,Central Africa,Republic of the Congo,Pointe-Noire,,PNR,,,Agostinho-Neto International Airport,,,,CG,Pointe-Noire,PNR,FCPP,Pointe Noire Airport,-4.81603,11.8866
103,104,Africa,Southern Africa,Botswana,Gaborone,,GBE,,,Sir Seretse Khama International Airport,,,,BW,South East,GBE,FBSK,Sir Seretse Khama International Airport,-24.5552,25.9182
104,105,Africa,Southern Africa,Botswana,Maun,,MUB,,,Maun Airport,,,,BW,North West,MUB,FBMN,Maun Airport,-19.9726,23.4311
105,106,Africa,Southern Africa,Botswana,Francistown,,FRW,,,Francistown International Airport,,,,BW,North East,FRW,FBFT,Francistown Airport,-21.1596,27.4745
106,107,Africa,Southern Africa,Botswana,Kasane,,BBK,,,Kasane Airport,,,,BW,Chobe,BBK,FBKE,Kasane Airport,-17.8329,25.1624
107,108,Africa,Southern Africa,Eswatini,Manzini,,SHO,,,King Mswati III International Airport,,,,SZ,Manzini,SHO,FDSK,King Mswati III International Airport (Sikhuphe Int'l),38.1421,128.598
108,109,Africa,Southern Africa,Lesotho,Maseru,,MSU,,,Moshoeshoe I International Airport,,,,LS,Maseru,MSU,FXMM,Moshoeshoe I International Airport,-29.4623,27.5525
109,110,Africa,Southern Africa,Namibia,Windhoek,,WDH,,,Hosea Kutako International Airport,,,,,Khomas,WDH,FYWH,Hosea Kutako International Airport,-22.4799,17.4709
110,111,Africa,Southern Africa,Namibia,Walvis Bay,,WVB,,,Walvis Bay Airport,,,,,Erongo,WVB,FYWB,Walvis Bay Airport,-22.9799,14.6453
111,112,Africa,Southern Africa,South Africa,Bloemfontein,,BFN,,,Bram Fischer International Airport,,,,ZA,Free State,BFN,FABL,Bloemfontein Airport,-29.0927,26.3024
112,113,Africa,Southern Africa,South Africa,Cape Town,,CPT,,,Cape Town International Airport,,,,ZA,Western Cape,CPT,FACT,Cape Town International Airport,-33.9648,18.6017
113,114,Africa,Southern Africa,South Africa,Durban,,DUR,,,King Shaka International Airport,,,,ZA,Kwazulu-Natal,DUR,FALE,King Shaka International Airport,-29.6144,31.1197
114,115,Africa,Southern Africa,South Africa,East London,,ELS,,,East London Airport,,,,ZA,Eastern Cape,ELS,FAEL,East London Airport,-33.0356,27.8259
115,116,Africa,Southern Africa,South Africa,Johannesburg,,JNB,,,O. R. Tambo International Airport,,,,ZA,Gauteng,JNB,FAOR,O. R. Tambo International Airport,-26.1392,28.246
116,117,Africa,Southern Africa,South Africa,Johannesburg,,HLA,,,Lanseria International Airport,,,,ZA,Gauteng,HLA,FALA,Lanseria International Airport,-25.9385,27.9261
117,118,Africa,Southern Africa,South Africa,Nelspruit,,MQP,,,Kruger Mpumalanga International Airport,,,,ZA,Mpumalanga,MQP,FAKN,Kruger Mpumalanga International Airport,-25.3832,31.1056
118,119,Africa,Southern Africa,South Africa,Polokwane,,PTG,,,Polokwane International Airport,,,,ZA,Limpopo,PTG,FAPP,Polokwane International Airport,-23.8453,29.4586
119,120,Africa,Eastern Africa,Burundi,Bujumbura,,BJM,,,Bujumbura International Airport,,,,BI,Bujumbura Mairie,BJM,HBBA,Bujumbura International Airport,-3.32402,29.3185
120,121,Africa,Eastern Africa,Comoros,Moroni,,HAH,,,Prince Said Ibrahim International Airport,,,,KM,Grande Comore,HAH,FMCH,Prince Said Ibrahim International Airport,-11.5337,43.2719
121,122,Africa,Eastern Africa,Djibouti,Djibouti,,JIB,,,Djibouti–Ambouli International Airport,,,,DJ,Djibouti,JIB,HDAM,Djibouti-Ambouli International Airport,11.5473,43.1595
122,123,Africa,Eastern Africa,Eritrea,Asmara,,ASM,,,Asmara International Airport,,,,ER,Al Awsat,ASM,HHAS,Asmara International Airport,15.2919,38.9107
123,124,Africa,Eastern Africa,Ethiopia,Addis Ababa,,ADD,,,Addis Ababa Bole International Airport,,,,ET,Addis Ababa,ADD,HAAB,Addis Ababa Bole International Airport,8.97778,38.7994
124,125,Africa,Eastern Africa,Ethiopia,Dire Dawa,,DIR,,,Dire Dawa Airport,,,,ET,Dire Dawa,DIR,HADR,Aba Tenna Dejazmach Yilma International Airport,9.6247,41.8542
125,126,Africa,Eastern Africa,Kenya,Eldoret,,EDL,,,Eldoret International Airport,,,,KE,Uasin Gishu,EDL,HKEL,Eldoret International Airport,0.404458,35.2389
126,127,Africa,Eastern Africa,Kenya,Mombasa,,MBA,,,Moi International Airport,,,,KE,Mombasa,MBA,HKMO,Moi International Airport,-4.03483,39.5942
127,128,Africa,Eastern Africa,Kenya,Kisumu,,KIS,,,Kisumu International Airport,,,,KE,Kisumu,KIS,HKKI,Kisumu International Airport,-0.086139,34.7289
128,129,Africa,Eastern Africa,Kenya,Nairobi,,NBO,,,Jomo Kenyatta International Airport,,,,KE,Elgeyo/Marakwet,NBO,HKJK,Jomo Kenyatta International Airport,-1.31924,36.9278
129,130,Africa,Eastern Africa,Madagascar,Antananarivo,,TNR,,,Ivato International Airport,,,,MG,Antananarivo,TNR,FMMI,Ivato International Airport,-18.7969,47.4788
130,131,Africa,Eastern Africa,Madagascar,Antsiranana,,DIE,,,Arrachart Airport,,,,IR,Sistan va Baluchestan,DIE,FMNA,Arrachart Airport,-12.3494,49.2917
131,132,Africa,Eastern Africa,Madagascar,Mahajanga,,MJN,,,Amborovy Airport,,,,MG,Mahajanga,MJN,FMNM,Amborovy Airport (Philibert Tsiranana Airport),-15.6668,46.3512
132,133,Africa,Eastern Africa,Madagascar,Nosy Be,,NOS,,,Fascene Airport,,,,IR,Sistan va Baluchestan,NOS,FMNN,Fascene Airport,-13.3121,48.3148
133,134,Africa,Eastern Africa,Madagascar,Toamasina,,TMM,,,Toamasina Airport,,,,MG,Toamasina,TMM,FMMT,Toamasina Airport,-18.1095,49.3925
134,135,Africa,Eastern Africa,Madagascar,Tôlanaro,,FTU,,,Tôlanaro Airport,,,,MG,Toliara,FTU,FMSD,Tolanaro Airport (Marillac Airport),-25.0381,46.9561
135,136,Africa,Eastern Africa,Madagascar,Toliara,,TLE,,,Toliara Airport,,,,MG,Toliara,TLE,FMST,Toliara Airport,-23.3834,43.7285
136,137,Africa,Eastern Africa,Malawi,Blantyre,,BLZ,,,Chileka International Airport,,,,MW,Blantyre,BLZ,FWCL,Chileka International Airport,-15.6791,34.974
137,138,Africa,Eastern Africa,Malawi,Lilongwe,,LLW,,,Lilongwe International Airport,,,,MW,Lilongwe,LLW,FWKI,Lilongwe International Airport (Kamuzu Int'l),-13.7894,33.781
138,139,Africa,Eastern Africa,Mauritius,Plaine Magnien,,MRU,,,Sir Seewoosagur Ramgoolam International Airport,,,,MU,Grand Port,MRU,FIMP,Sir Seewoosagur Ramgoolam International Airport,-20.4302,57.6836
139,140,Africa,Eastern Africa,Mayotte,Dzaoudzi,,DZA,,,Dzaoudzi–Pamandzi International Airport,,,,YT,Dzaoudzi,DZA,FMCZ,Dzaoudzi-Pamandzi International Airport,-12.8047,45.2811
140,141,Africa,Eastern Africa,Mozambique,Maputo,,MPM,,,Maputo International Airport,,,,MZ,Maputo,MPM,FQMA,Maputo International Airport,-25.9208,32.5726
141,142,Africa,Eastern Africa,Mozambique,Beira,,BEW,,,Beira Airport,,,,MZ,Sofala,BEW,FQBR,Beira Airport,-19.7964,34.9076
142,143,Africa,Eastern Africa,Mozambique,Inhambane,,INH,,,Inhambane Airport,,,,MZ,Inhambane,INH,FQIN,Inhambane Airport,-23.8764,35.4085
143,144,Africa,Eastern Africa,Mozambique,Nampula,,APL,,,Nampula Airport,,,,MZ,Nampula,APL,FQNP,Nampula Airport,-15.1056,39.2818
144,145,Africa,Eastern Africa,Mozambique,Pemba,,POL,,,Pemba Airport,,,,MZ,Cabo Delgado,POL,FQPB,Pemba Airport,-12.9918,40.524
145,146,Africa,Eastern Africa,Mozambique,Tete,,TET,,,Chingozi Airport,,,,MZ,Tete,TET,FQTT,Chingozi Airport,-16.1048,33.6402
146,147,Africa,Eastern Africa,Mozambique,Vilankulo,,VNX,,,Vilankulo Airport,,,,MZ,Inhambane,VNX,FQVL,Vilankulo Airport,-22.0184,35.3133
147,148,Africa,Eastern Africa,Rwanda,Kigali,,KGL,,,Kigali International Airport,,,,RW,Ville de Kigali,KGL,HRYR,Kigali International Airport (Kanombe Airport),-1.96863,30.1395
148,149,Africa,Eastern Africa,Seychelles,Victoria,,SEZ,,,Seychelles International Airport,,,,SC,English River,SEZ,FSIA,Seychelles International Airport,-4.67434,55.5218
149,150,Africa,Eastern Africa,Somalia,Bosaso,,BSA,,,Bosaso Airport,,,,SO,Bari,BSA,HCMF,Bender Qassim International Airport,11.2753,49.1494
150,151,Africa,Eastern Africa,Somalia,Galkayo,,GLK,,,Abdullahi Yusuf Airport,,,,SO,Mudug,GLK,HCMR,Abdullahi Yusuf International Airport,6.78083,47.4547
151,152,Africa,Eastern Africa,Somalia,Garowe,,GGR,,,Garowe Airport,,,,SO,Nugaal,GGR,,Garowe International Airport,8.45794,48.5674
152,153,Africa,Eastern Africa,Somalia,Hargeisa,,HGA,,,Hargeisa Airport,,,,SO,Woqooyi Galbeed,HGA,HCMH,Hargeisa International Airport (Egal Int'l),9.51321,44.0824
153,154,Africa,Eastern Africa,Somalia,Kismayo,,KMU,,,Kismayo Airport,,,,SO,Jubbada Hoose,KMU,HCMK,Kismayo Airport (Kisimayu Airport),-0.377353,42.4592
154,155,Africa,Eastern Africa,Somalia,Mogadishu,,MGQ,,,Aden Adde International Airport,,,,SO,Banaadir,MGQ,HCMM,Aden Adde International Airport,2.01444,45.3047
155,156,Africa,Eastern Africa,South Sudan,Juba,,JUB,,,Juba International Airport,,,,SS,Central Equatoria,JUB,HJJJ,Juba International Airport,4.87201,31.6011
156,157,Africa,Eastern Africa,South Sudan,Malakal,,MAK,,,Malakal Airport,,,,SS,Upper Nile,MAK,HSSM,Malakal Airport,9.55897,31.6522
157,158,Africa,Eastern Africa,Tanzania,Arusha,,ARK,,,Arusha Airport,,,,TZ,Arusha,ARK,HTAR,Arusha Airport,-3.36779,36.6333
158,159,Africa,Eastern Africa,Tanzania,Dar es Salaam,,DAR,,,Julius Nyerere International Airport,,,,TZ,Dar es Salaam,DAR,HTDA,Julius Nyerere International Airport,-6.87811,39.2026
159,160,Africa,Eastern Africa,Tanzania,Hai District,,JRO,,,Kilimanjaro International Airport,,,,TZ,Kilimanjaro,JRO,HTKJ,Kilimanjaro International Airport,-3.42941,37.0745
160,161,Africa,Eastern Africa,Tanzania,Mwanza,,MWZ,,,Mwanza Airport,,,,TZ,Mwanza,MWZ,HTMW,Mwanza Airport,-2.44449,32.9327
161,162,Africa,Eastern Africa,Tanzania,Tanga,,TGT,,,Tanga Airport,,,,TZ,Tanga,TGT,HTTG,Tanga Airport,-5.09236,39.0712
162,163,Africa,Eastern Africa,Tanzania,"Unguja, Zanzibar",,ZNZ,,,Abeid Amani Karume International Airport,,,,TZ,Mjini Magharibi,ZNZ,HTZA,Abeid Amani Karume International Airport,-6.22202,39.2249
163,164,Africa,Eastern Africa,Uganda,Arua,,RUA,,,Arua Airport,,,,UG,Arua,RUA,HUAR,Arua Airport,3.05,30.917
164,165,Africa,Eastern Africa,Uganda,Entebbe,,EBB,,,Entebbe International Airport,,,,UG,Kampala,EBB,HUEN,Entebbe International Airport,0.042386,32.4435
165,166,Africa,Eastern Africa,Uganda,Gulu,,ULU,,,Gulu Airport,,,,UG,Gulu,ULU,HUGU,Gulu Airport,2.80556,32.2718
166,167,Africa,Eastern Africa,Zambia,Livingstone,,LVI,,,Harry Mwanga Nkumbula International Airport,,,,ZM,Southern,LVI,FLLI,Harry Mwanga Nkumbula International Airport,-17.8218,25.8227
167,168,Africa,Eastern Africa,Zambia,Lusaka,,LUN,,,Kenneth Kaunda International Airport,,,,ZM,Lusaka,LUN,FLLS,Kenneth Kaunda International Airport,-15.3308,28.4526
168,169,Africa,Eastern Africa,Zambia,Mfuwe,,MFU,,,Mfuwe Airport,,,,ZM,Eastern,MFU,FLMF,Mfuwe Airport,-13.2589,31.9366
169,170,Africa,Eastern Africa,Zambia,Ndola,,NLA,,,Simon Mwansa Kapwepwe International Airport,,,,ZM,Copperbelt,NLA,FLND,Simon Mwansa Kapwepwe International Airport,-12.9981,28.6649
170,171,Africa,Eastern Africa,Zimbabwe,Harare,,HRE,,,Robert Gabriel Mugabe International Airport,,,,ZW,Harare,HRE,FVRG,Robert Gabriel Mugabe International Airport,-17.9318,31.0928
171,172,Africa,Eastern Africa,Zimbabwe,Victoria Falls,,VFA,,,Victoria Falls Airport,,,,ZW,Matabeleland North,VFA,FVFA,Victoria Falls Airport,-18.0959,25.839
172,173,Africa,Eastern Africa,Zimbabwe,Bulawayo,,BUQ,,,Joshua Mqabuko Nkomo International Airport,,,,ZW,Bulawayo,BUQ,FVBU,Joshua Mqabuko Nkomo International Airport,-20.0174,28.6179
173,174,Americas,Caribbean,Anguilla,The Valley,,AXA,,,Clayton J. Lloyd International Airport,,,,AI,Anguilla,AXA,TQPF,Clayton J. Lloyd International Airport,18.2048,-63.0551
174,175,Americas,Caribbean,Antigua and Barbuda,St. John’s,,ANU,,,V. C. Bird International Airport,,,,AG,Saint George,ANU,TAPA,V. C. Bird International Airport,17.1367,-61.7927
175,176,Americas,Caribbean,Aruba,Oranjestad,,AUA,,,Queen Beatrix International Airport,,,,AW,Aruba,AUA,TNCA,Queen Beatrix International Airport,12.5014,-70.0152
176,177,Americas,Caribbean,The Bahamas,Nassau,,NAS,,,Lynden Pindling International Airport,,,,BS,New Providence,NAS,MYNN,Lynden Pindling International Airport,25.039,-77.4662
177,178,Americas,Caribbean,The Bahamas,Chub Cay,,CCZ,,,Chub Cay International Airport,,,,BS,Central Andros,CCZ,MYBC,Chub Cay International Airport,25.4171,-77.8809
178,179,Americas,Caribbean,The Bahamas,Exuma,,GGT,,,Exuma International Airport,,,,BS,Exuma,GGT,MYEF,Exuma International Airport,23.5626,-75.878
179,180,Americas,Caribbean,The Bahamas,Freeport,,FPO,,,Grand Bahama International Airport,,,,BS,East Grand Bahama,FPO,MYGF,Grand Bahama International Airport,26.5587,-78.6956
180,181,Americas,Caribbean,The Bahamas,North Eleuthera,,ELH,,,North Eleuthera Airport,,,,BS,Harbour Island,ELH,MYEH,North Eleuthera Airport,25.4749,-76.6835
181,182,Americas,Caribbean,The Bahamas,South Eleuthera,,RSD,,,Rock Sound International Airport,,,,BS,South Eleuthera,RSD,MYER,Rock Sound International Airport,24.8951,-76.1769
182,184,Americas,Caribbean,Barbados,Bridgetown,,BGI,,,Grantley Adams International Airport,,,,BB,Christ Church,BGI,TBPB,Grantley Adams International Airport,13.0746,-59.4925
183,185,Americas,Caribbean,British Virgin Islands,Road Town,,EIS,,,Terrance B. Lettsome International Airport,,,,VG,"Virgin Islands, British",EIS,TUPJ,Terrance B. Lettsome International Airport,18.4448,-64.543
184,186,Americas,Caribbean,Caribbean Netherlands,"Kralendijk, Bonaire",,BON,,,Flamingo International Airport,,,,BQ,Bonaire,BON,TNCB,Flamingo International Airport,12.131,-68.2685
185,187,Americas,Caribbean,Caribbean Netherlands,"Oranjestad, Sint Eustatius",,EUX,,,F. D. Roosevelt Airport,,,,BQ,Sint Eustatius,EUX,TNCE,F. D. Roosevelt Airport,17.4965,-62.9794
186,188,Americas,Caribbean,Caribbean Netherlands,"Flat Point, Saba",,SAB,,,Juancho E. Yrausquin Airport,,,,BQ,Saba,SAB,TNCS,Juancho E. Yrausquin Airport,17.645,-63.22
187,189,Americas,Caribbean,Cayman Islands,Cayman Brac,,CYB,,,Charles Kirkconnell International Airport,,,,KY,Cayman Islands,CYB,MWCB,Charles Kirkconnell International Airport,19.687,-79.8828
188,190,Americas,Caribbean,Cayman Islands,Georgetown,,GCM,,,Owen Roberts International Airport,,,,KY,Cayman Islands,GCM,MWCR,Owen Roberts International Airport,19.2928,-81.3577
189,191,Americas,Caribbean,Cuba,Camagüey,,CMW,,,Ignacio Agramonte International Airport,,,,CU,Camaguey,CMW,MUCM,Ignacio Agramonte International Airport,21.4203,-77.8475
190,192,Americas,Caribbean,Cuba,Cayo Coco,,CCC,,,Jardines del Rey Airport,,,,CU,Ciego de Avila,CCC,MUCC,Jardines del Rey Airport,22.461,-78.3284
191,193,Americas,Caribbean,Cuba,Cayo Largo del Sur,,CYO,,,Vilo Acuña Airport,,,,CU,Isla de la Juventud,CYO,MUCL,Vilo Acuna Airport,21.6165,-81.546
192,194,Americas,Caribbean,Cuba,Cienfuegos,,CFG,,,Jaime González Airport,,,,CU,Cienfuegos,CFG,MUCF,Jaime Gonzalez Airport,22.15,-80.4142
193,195,Americas,Caribbean,Cuba,Havana,,HAV,,,José Martí International Airport,,,,CU,La Habana,HAV,MUHA,Jose Marti International Airport,22.9892,-82.4091
194,196,Americas,Caribbean,Cuba,Holguín,,HOG,,,Frank País Airport,,,,CU,Holguin,HOG,MUHG,Frank Pais Airport,20.7856,-76.3151
195,197,Americas,Caribbean,Cuba,Santa Clara,,SNU,,,Abel Santamaría Airport,,,,CU,Villa Clara,SNU,MUSC,Abel Santamaria Airport,22.4922,-79.9436
196,198,Americas,Caribbean,Cuba,Santiago de Cuba,,SCU,,,Antonio Maceo Airport,,,,CU,Santiago de Cuba,SCU,MUCU,Antonio Maceo International Airport,19.9698,-75.8354
197,199,Americas,Caribbean,Cuba,Varadero,,VRA,,,Juan Gualberto Gómez Airport,,,,CU,Matanzas,VRA,MUVR,Juan Gualberto Gomez Airport,23.0344,-81.4353
198,200,Americas,Caribbean,Dominica,Marigot,,DOM,,,Douglas–Charles Airport,,,,DM,Saint Andrew,DOM,TDPD,Douglas-Charles Airport,15.547,-61.3
199,201,Americas,Caribbean,Dominican Republic,Barahona,,BRX,,,María Montez International Airport,,,,DO,Barahona,BRX,MDBH,Maria Montez International Airport,18.2515,-71.1204
200,202,Americas,Caribbean,Dominican Republic,La Romana,,LRM,,,La Romana International Airport,,,,OM,Zufar,LRM,MDLR,La Romana International Airport (Casa de Campo International Airport),18.4507,-68.9118
201,203,Americas,Caribbean,Dominican Republic,Punta Cana,,PUJ,,,Punta Cana International Airport,,,,DO,La Altagracia,PUJ,MDPC,Punta Cana International Airport,18.5674,-68.3634
202,204,Americas,Caribbean,Dominican Republic,Samana,,AZS,,,Samaná El Catey International Airport,,,,DO,Samana,AZS,MDCY,Samana El Catey International Airport,19.267,-69.742
203,205,Americas,Caribbean,Dominican Republic,San Felipe de Puerto Plata,,POP,,,Gregorio Luperón International Airport,,,,DO,Puerto Plata,POP,MDPP,Gregorio Luperon International Airport,19.7579,-70.57
204,206,Americas,Caribbean,Dominican Republic,Santiago de los Caballeros,,STI,,,Cibao International Airport,,,,DO,Santiago,STI,MDST,Cibao International Airport,19.4061,-70.6047
205,207,Americas,Caribbean,Dominican Republic,Santo Domingo,,SDQ,,,Las Américas International Airport,,,,DO,Monte Plata,SDQ,MDSD,Las Americas International Airport,18.4297,-69.6689
206,208,Americas,Caribbean,Grenada,St George’s,,GND,,,Maurice Bishop International Airport,,,,GD,Saint George,GND,TGPY,Maurice Bishop International Airport,12.0042,-61.7862
207,209,Americas,Caribbean,Guadeloupe,Pointe-à-Pitre,,PTP,,,Pointe-à-Pitre International Airport,,,,GP,Guadeloupe,PTP,TFFR,Pointe-a-Pitre International Airport (Le Raizet Airport),16.2653,-61.5318
208,210,Americas,Caribbean,Haiti,Cap-Haïtien,,CAP,,,Cap-Haïtien International Airport,,,,HT,Nord,CAP,MTCH,Hugo Chavez International Airport,19.733,-72.1947
209,211,Americas,Caribbean,Haiti,Port-au-Prince,,PAP,,,Toussaint Louverture International Airport,,,,HT,Ouest,PAP,MTPP,Toussaint Louverture International Airport,18.58,-72.2925
210,212,Americas,Caribbean,Jamaica,Kingston,,KIN,,,Norman Manley International Airport,,,,JM,Saint Andrew,KIN,MKJP,Norman Manley International Airport,17.9357,-76.7875
211,213,Americas,Caribbean,Jamaica,Montego Bay,,MBJ,,,Sangster International Airport,,,,JM,Saint James,MBJ,MKJS,Sangster International Airport,18.5037,-77.9134
212,214,Americas,Caribbean,Martinique,Fort-de-France,,FDF,,,Martinique Aimé Césaire International Airport,,,,MQ,Martinique,FDF,TFFF,Martinique Aime Cesaire International Airport,14.591,-61.0032
213,215,Americas,Caribbean,Montserrat,Brades,,MNI,,,John A. Osborne Airport,,,,MS,Saint Peter,MNI,TRPG,John A. Osborne Airport,16.7914,-62.1933
214,216,Americas,Caribbean,Puerto Rico,Aguadilla,,BQN,,,Rafael Hernández International Airport,,,,US,Massachusetts,BQN,TJBQ,Rafael Hernandez Airport,18.4949,-67.1294
215,217,Americas,Caribbean,Puerto Rico,Ponce,,PSE,,,Mercedita International Airport,,,,PR,Ponce,PSE,TJPS,Mercedita Airport,18.0083,-66.563
216,218,Americas,Caribbean,Puerto Rico,San Juan,,SIG,,,Fernando Luis Ribas Dominicci Airport,,,,PR,San Juan,SIG,TJIG,Fernando Luis Ribas Dominicci Airport,18.4568,-66.0981
217,219,Americas,Caribbean,Puerto Rico,San Juan,,SJU,,,Luis Muñoz Marín International Airport,,,,PR,Carolina,SJU,TJSJ,Luis Munoz Marin International Airport,18.4394,-66.0018
218,220,Americas,Caribbean,Saint Kitts and Nevis,Basseterre,,SKB,,,Robert L. Bradshaw International Airport,,,,KN,Saint John Figtree,SKB,TKPK,Robert L. Bradshaw International Airport,17.3112,-62.7187
219,221,Americas,Caribbean,Saint Lucia,Vieux Fort Quarter,,UVF,,,Hewanorra International Airport,,,,LC,Laborie,UVF,TLPL,Hewanorra International Airport,13.7332,-60.9526
220,222,Americas,Caribbean,Saint Vincent and the Grenadines,Kingstown,,SVD,,,Argyle International Airport,,,,VC,Saint George,SVD,TVSA,Argyle International Airport,13.1443,-61.2109
221,223,Americas,Caribbean,Saint Vincent and the Grenadines,Canouan,,CIW,,,Canouan Airport,,,,VC,Grenadines,CIW,TVSC,Canouan Airport,12.699,-61.3424
222,224,Americas,Caribbean,Sint Maarten,Philipsburg,,SXM,,,Princess Juliana International Airport,,,,SX,Sint Maarten (Dutch Part),SXM,TNCM,Princess Juliana International Airport,18.041,-63.1089
223,225,Americas,Caribbean,Trinidad and Tobago,Port of Spain,,POS,,,Piarco International Airport,,,,TT,Port of Spain,POS,TTPP,Piarco International Airport,10.5954,-61.3372
224,226,Americas,Caribbean,Trinidad and Tobago,Tobago,,TAB,,,A.N.R. Robinson International Airport,,,,TT,Tobago,TAB,TTCP,Arthur Napoleon Raymond Robinson International Airport,11.1497,-60.8322
225,227,Americas,Caribbean,Turks and Caicos Islands,Blue Hills,,PLS,,,Providenciales Airport,,,,TC,Turks and Caicos Islands,PLS,MBPV,Providenciales International Airport,21.7736,-72.2659
226,228,Americas,Caribbean,U.S. Virgin Islands,Charlotte Amalie,,STT,,,Cyril E. King Airport,,,,VI,"Virgin Islands, U.S.",STT,TIST,Cyril E. King Airport,18.3373,-64.9734
227,229,Americas,Caribbean,U.S. Virgin Islands,Christiansted,,STX,,,Henry E. Rohlsen Airport,,,,VI,"Virgin Islands, U.S.",STX,TISX,Henry E. Rohlsen Airport,17.7019,-64.7986
228,230,Americas,Central America,Belize,Belize City,,BZE,,,Philip S. W. Goldson International Airport,,,,BZ,Belize,BZE,MZBZ,Philip S. W. Goldson International Airport,17.5391,-88.3082
229,231,Americas,Central America,Costa Rica,Liberia,,LIR,,,Daniel Oduber Quirós International Airport,,,,CR,Guanacaste,LIR,MRLB,Daniel Oduber Quiros International Airport,10.5933,-85.5444
230,232,Americas,Central America,Costa Rica,San José,,SJO,,,Juan Santamaría International Airport,,,,CR,Alajuela,SJO,MROC,Juan Santamaria International Airport,9.99386,-84.2088
231,233,Americas,Central America,El Salvador,San Salvador,,SAL,,,El Salvador International Airport,,,,SV,San Salvador,SAL,MSLP,El Salvador International Airport Saint Óscar Arnulfo Romero y Galdámez,13.4408,-89.0556
232,234,Americas,Central America,Guatemala,Flores,,FRS,,,Mundo Maya International Airport,,,,GT,Peten,FRS,MGTK,Mundo Maya International Airport,16.9138,-89.8664
233,235,Americas,Central America,Guatemala,Guatemala City,,GUA,,,La Aurora International Airport,,,,GT,Guatemala,GUA,MGGT,La Aurora International Airport,14.5817,-90.5267
234,236,Americas,Central America,Honduras,La Ceiba,,LCE,,,Golosón International Airport,,,,HN,Atlantida,LCE,MHLC,Goloson International Airport,15.7425,-86.853
235,237,Americas,Central America,Honduras,Roatán,,RTB,,,Juan Manuel Gálvez International Airport,,,,HN,Islas de la Bahia,RTB,MHRO,Juan Manuel Galvez International Airport,16.3168,-86.523
236,238,Americas,Central America,Honduras,San Pedro Sula,,SAP,,,Ramón Villeda Morales International Airport,,,,HN,Cortes,SAP,MHLM,Ramon Villeda Morales International Airport,15.4526,-87.9236
237,239,Americas,Central America,Honduras,Tegucigalpa,,TGU,,,Toncontín International Airport,,,,HN,Francisco Morazan,TGU,MHTG,Toncontin International Airport,14.0609,-87.2172
238,240,Americas,Central America,Honduras,Comayagua,,XPL,,,Comayagua International Airport,,,,HN,Comayagua,XPL,MHSC,Soto Cano Air Base,14.3824,-87.6212
239,241,Americas,Central America,Nicaragua,Managua,,MGA,,,Augusto C. Sandino International Airport,,,,NI,Managua,MGA,MNMG,Augusto C. Sandino International Airport,12.1415,-86.1682
240,242,Americas,Central America,Nicaragua,Bluefields,,BEF,,,Bluefields Airport,,,,NI,Costa Caribe Sur,BEF,MNBL,Bluefields Airport,11.991,-83.7741
241,243,Americas,Central America,Nicaragua,Corn Island,,RNI,,,Corn Island Airport,,,,NI,Costa Caribe Sur,RNI,MNCI,Corn Island Airport,12.1629,-83.0638
242,244,Americas,Central America,Panama,Bocas del Toro,,BOC,,,"Bocas del Toro ""Isla Colón"" International Airport",,,,PA,Bocas del Toro,BOC,MPBO,Bocas del Toro Isla Colon International Airport,9.34085,-82.2508
243,245,Americas,Central America,Panama,"David, Chiriquí",,DAV,,,Enrique Malek International Airport,,,,PA,Chiriqui,DAV,MPDA,Enrique Malek International Airport,8.391,-82.435
244,246,Americas,Central America,Panama,Panama City,,PAC,,,"Albrook ""Marcos A. Gelabert"" International Airport",,,,PA,Panama,PAC,MPMG,Albrook Marcos A. Gelabert International Airport,8.97334,-79.5556
245,247,Americas,Central America,Panama,Panama City,,BLB,,,Panama Pacifico International Airport,,,,PA,Panama,BLB,MPHO,Panama Pacifico International Airport,8.91479,-79.5996
246,248,Americas,Central America,Panama,Panama City,,PTY,,,Tocumen International Airport,,,,PA,Panama,PTY,MPTO,Tocumen International Airport,9.07136,-79.3835
247,249,Americas,Central America,Panama,Rio Hato,,RIH,,,Scarlett Martínez International Airport,,,,PA,Cocle,RIH,MPSM,Scarlett Martinez International Airport,8.37588,-80.1279
248,250,Americas,North America,Bermuda,Hamilton,,BDA,,,L.F. Wade International Airport,Small,,,BM,Hamilton,BDA,TXKF,L.F. Wade International Airport,32.364,-64.6787
249,251,Americas,North America,Canada,Abbotsford,,YXX,,,Abbotsford International Airport,,British Columbia,,CA,British Columbia,YXX,CYXX,Abbotsford International Airport,49.0253,-122.361
250,252,Americas,North America,Canada,Barrie (Oro-Medonte),,YLK,,,Lake Simcoe Regional Airport,,Ontario,,CA,Ontario,YLK,CYLS,Lake Simcoe Regional Airport,44.4853,-79.5556
251,253,Americas,North America,Canada,Calgary,,YYC,,,Calgary International Airport,,Alberta,,CA,Alberta,YYC,CYYC,Calgary International Airport,51.1139,-114.02
252,254,Americas,North America,Canada,Charlottetown,,YYG,,,Charlottetown Airport,,Prince Edward Island,,CA,Prince Edward Island,YYG,CYYG,Charlottetown Airport,46.29,-63.1211
253,255,Americas,North America,Canada,Deer Lake,,YDA,,,Deer Lake Regional Airport,,Newfoundland and Labrador,,CA,Yukon,YDA,CYDA,Dawson City Airport,64.0431,-139.128
254,256,Americas,North America,Canada,Edmonton,,YEG,,,Edmonton International Airport,,Alberta,,CA,Alberta,YEG,CYEG,Edmonton International Airport,53.31,-113.579
255,257,Americas,North America,Canada,Fredericton,,YFC,,,Fredericton International Airport,,New Brunswick,,CA,New Brunswick,YFC,CYFC,Fredericton International Airport,45.8689,-66.5372
256,258,Americas,North America,Canada,Gander,,YQX,,,Gander International Airport,,Newfoundland and Labrador,,CA,Newfoundland and Labrador,YQX,CYQX,Gander International Airport / CFB Gander,48.9369,-54.5681
257,259,Americas,North America,Canada,Halifax (Goffs),,YHZ,,,Halifax Stanfield International Airport,,Nova Scotia,,CA,Nova Scotia,YHZ,CYHZ,Halifax Stanfield International Airport,44.8808,-63.5086
258,260,Americas,North America,Canada,Hamilton,,YHM,,,John C. Munro Hamilton International Airport,,Ontario,,CA,Ontario,YHM,CYHM,John C. Munro Hamilton International Airport,43.1736,-79.935
259,261,Americas,North America,Canada,Kamloops,,YKA,,,Kamloops Airport,,British Columbia,,CA,British Columbia,YKA,CYKA,Kamloops Airport,50.7022,-120.444
260,262,Americas,North America,Canada,Kelowna,,YLW,,,Kelowna International Airport,,British Columbia,,CA,British Columbia,YLW,CYLW,Kelowna International Airport,49.9561,-119.378
261,263,Americas,North America,Canada,Kingston,,YGK,,,Kingston Norman Rogers Airport,,Ontario,,CA,Ontario,YGK,CYGK,Kingston/Norman Rogers Airport,44.2253,-76.5969
262,264,Americas,North America,Canada,Kitchener,,YKF,,,Region of Waterloo International Airport,,Ontario,,CA,Ontario,YKF,CYKF,Region of Waterloo International Airport,43.4558,-80.3858
263,265,Americas,North America,Canada,London,,YXU,,,London International Airport,,Ontario,,CA,Ontario,YXU,CYXU,London International Airport,43.0356,-81.1539
264,266,Americas,North America,Canada,Moncton (Dieppe),,YQM,,,Greater Moncton Roméo LeBlanc International Airport,,New Brunswick,,CA,New Brunswick,YQM,CYQM,Greater Moncton International Airport,46.1122,-64.6786
265,267,Americas,North America,Canada,Montréal (Dorval),,YUL,,,Montréal–Trudeau International Airport,,Québec,,CA,Quebec,YUL,CYUL,Montréal-Pierre Elliott Trudeau International Airport,45.4657,-73.7455
266,268,Americas,North America,Canada,Ottawa,,YOW,,,Ottawa Macdonald–Cartier International Airport,,Ontario,,CA,Ontario,YOW,CYOW,Ottawa Macdonald-Cartier International Airport,45.3225,-75.6692
267,269,Americas,North America,Canada,Québec City,,YQB,,,Québec City Jean Lesage International Airport,,Québec,,CA,Quebec,YQB,CYQB,Quebec City Jean Lesage International Airport,46.7911,-71.3933
268,270,Americas,North America,Canada,Regina,,YQR,,,Regina International Airport,,Saskatchewan,,CA,Saskatchewan,YQR,CYQR,Regina International Airport,50.4319,-104.666
269,271,Americas,North America,Canada,Saint John,,YSJ,,,Saint John Airport,,New Brunswick,,CA,New Brunswick,YSJ,CYSJ,Saint John Airport,45.3161,-65.8903
270,272,Americas,North America,Canada,St. John's,,YYT,,,St. John's International Airport,,Newfoundland and Labrador,,CA,Newfoundland and Labrador,YYT,CYYT,St. John's International Airport,47.6186,-52.7519
271,273,Americas,North America,Canada,Sydney,,YQY,,,JA Douglas McCurdy Sydney Airport,,Nova Scotia,,CA,Nova Scotia,YQY,CYQY,Sydney/J.A. Douglas McCurdy Airport,46.1614,-60.0478
272,274,Americas,North America,Canada,Thunder Bay,,YQT,,,Thunder Bay International Airport,,Ontario,,CA,Ontario,YQT,CYQT,Thunder Bay International Airport,48.3719,-89.3239
273,275,Americas,North America,Canada,Toronto (Mississauga),,YYZ,,,Toronto Pearson International Airport,,Ontario,,CA,Ontario,YYZ,CYYZ,Toronto Pearson International Airport,43.6797,-79.6227
274,276,Americas,North America,Canada,Toronto,,YTZ,,,Billy Bishop Toronto City Airport,,Ontario,,CA,Ontario,YTZ,CYTZ,Billy Bishop Toronto City Airport,43.6285,-79.396
275,277,Americas,North America,Canada,Vancouver (Richmond),,YVR,,,Vancouver International Airport,,British Columbia,,CA,British Columbia,YVR,CYVR,Vancouver International Airport,49.1939,-123.184
276,278,Americas,North America,Canada,Victoria (Sidney),,YYJ,,,Victoria International Airport,,British Columbia,,CA,British Columbia,YYJ,CYYJ,Victoria International Airport,48.6469,-123.426
277,279,Americas,North America,Canada,Whitehorse,,YXY,,,Erik Nielsen Whitehorse International Airport,,Yukon,,CA,Yukon,YXY,CYXY,Erik Nielsen Whitehorse International Airport,60.7096,-135.067
278,280,Americas,North America,Canada,Windsor,,YQG,,,Windsor International Airport,,Ontario,,CA,Ontario,YQG,CYQG,Windsor International Airport,42.2756,-82.9556
279,281,Americas,North America,Canada,Winnipeg,,YWG,,,Winnipeg James Armstrong Richardson International Airport,,Manitoba,,CA,Manitoba,YWG,CYWG,Winnipeg James Armstrong Richardson International Airport,49.91,-97.2399
280,282,Americas,North America,Greenland,Kangerlussuaq,,SFJ,,,Kangerlussuaq Airport,,,,GL,Qeqqata Kommunia,SFJ,BGSF,Kangerlussuaq Airport,67.0122,-50.7116
281,283,Americas,North America,Greenland,Nuuk,,GOH,,,Nuuk Airport,,,,GL,Kommuneqarfik Sermersooq,GOH,BGGH,Nuuk Airport,64.1909,-51.6781
282,284,Americas,North America,Greenland,Ilulissat,,JAV,,,Ilulissat Airport,,,,GL,Avannaata Kommunia,JAV,BGJN,Ilulissat Airport,69.2432,-51.0571
283,285,Americas,North America,Greenland,Narsarsuaq,,UAK,,,Narsarsuaq Airport,,,,GL,Kommune Kujalleq,UAK,BGBW,Narsarsuaq Airport,61.1605,-45.426
284,286,Americas,North America,Mexico,Acapulco,,ACA,,,Acapulco International Airport,,,Guerrero,MX,Guerrero,ACA,MMAA,General Juan N. Alvarez International Airport,16.7571,-99.754
285,287,Americas,North America,Mexico,Aguascalientes,,AGU,,,Aguascalientes International Airport,,,Aguascalientes,MX,Aguascalientes,AGU,MMAS,Lic. Jesus Teran Peredo International Airport,21.7056,-102.318
286,288,Americas,North America,Mexico,Cancún,,CUN,,,Cancún International Airport,,,Quintana Roo,MX,Quintana Roo,CUN,MMUN,Cancun International Airport,21.0365,-86.8771
287,289,Americas,North America,Mexico,Chihuahua,,CUU,,,Chihuahua International Airport,,,Chihuahua,MX,Chihuahua,CUU,MMCU,General Roberto Fierro Villalobos International Airport,28.7029,-105.965
288,290,Americas,North America,Mexico,Ciudad del Carmen,,CME,,,Ciudad del Carmen International Airport,,,Campeche,MX,Campeche,CME,MMCE,Ciudad del Carmen International Airport,18.6537,-91.799
289,291,Americas,North America,Mexico,Cozumel,,CZM,,,Cozumel International Airport,,,Quintana Roo,MX,Quintana Roo,CZM,MMCZ,Cozumel International Airport,20.5224,-86.9256
290,292,Americas,North America,Mexico,Culiacán,,CUL,,,Culiacán International Airport,,,Sinaloa,MX,Sinaloa,CUL,MMCL,Bachigualato Federal International Airport,24.7645,-107.475
291,293,Americas,North America,Mexico,Durango,,DGO,,,Durango International Airport,,,Durango,MX,Durango,DGO,MMDO,General Guadalupe Victoria International Airport,24.1242,-104.528
292,294,Americas,North America,Mexico,Guadalajara,,GDL,,,Guadalajara International Airport,,,Jalisco,MX,Jalisco,GDL,MMGL,Guadalajara International Airport (Miguel Hidalgo y Costilla Int'l),20.5218,-103.311
293,295,Americas,North America,Mexico,Hermosillo,,HMO,,,Hermosillo International Airport,,,Sonora,MX,Sonora,HMO,MMHO,General Ignacio Pesqueira Garcia International Airport,29.0959,-111.048
294,296,Americas,North America,Mexico,Huatulco,,HUX,,,Bahías de Huatulco International Airport,,,Oaxaca,MX,Oaxaca,HUX,MMBT,Bahias de Huatulco International Airport,15.7753,-96.2626
295,297,Americas,North America,Mexico,Ixtapa,,ZIH,,,Ixtapa-Zihuatanejo International Airport,,,Guerrero,MX,Guerrero,ZIH,MMZH,Ixtapa-Zihuatanejo International Airport,17.6016,-101.461
296,298,Americas,North America,Mexico,León,,BJX,,,León/Bajío International Airport,,,Guanajuato,MX,Guanajuato,BJX,MMLO,Del Bajio International Airport (Guanajuato Int'l Airport),20.9935,-101.481
297,299,Americas,North America,Mexico,Loreto,,LTO,,,Loreto International Airport,,,Baja California Sur,MX,Baja California Sur,LTO,MMLT,Loreto International Airport,25.9892,-111.348
298,300,Americas,North America,Mexico,Los Cabos,,CSL,,,Cabo San Lucas International Airport,,,Baja California Sur,US,California,CSL,,Camp San Luis Obispo Heliport,35.3261,-120.7429
299,301,Americas,North America,Mexico,Los Cabos,,SJD,,,Los Cabos International Airport,,,Baja California Sur,MX,Baja California Sur,SJD,MMSD,Los Cabos International Airport,23.1518,-109.721
300,302,Americas,North America,Mexico,Manzanillo,,ZLO,,,Playa de Oro International Airport,,,Colima,MX,Colima,ZLO,MMZO,Playa de Oro International Airport,19.1448,-104.559
301,303,Americas,North America,Mexico,Mazatlán,,MZT,,,Mazatlán International Airport,,,Sinaloa,MX,Sinaloa,MZT,MMMZ,General Rafael Buelna International Airport,23.1614,-106.266
302,304,Americas,North America,Mexico,Mérida,,MID,,,Mérida International Airport,,,Yucatán,MX,Yucatan,MID,MMMD,Manuel Crescencio Rejon International Airport,20.937,-89.6577
303,305,Americas,North America,Mexico,Mexicali,,MXL,,,Mexicali International Airport,,,Baja California,MX,Baja California,MXL,MMML,General Rodolfo Sanchez Taboada International Airport,32.6306,-115.242
304,306,Americas,North America,Mexico,Mexico City,,MEX,,,Mexico City International Airport,,,Mexico City,MX,Mexico,MEX,MMMX,Mexico City International Airport,19.4363,-99.0721
305,307,Americas,North America,Mexico,Mexico City,,NLU,,,Felipe Ángeles International Airport,,,State of Mexico,MX,Mexico,NLU,MMSM,Felipe Ángeles International Airport,19.7553,-99.0164
306,308,Americas,North America,Mexico,Monterrey,,MTY,,,Monterrey International Airport,,,Nuevo León,MX,Nuevo Leon,MTY,MMMY,General Mariano Escobedo International Airport,25.7785,-100.107
307,309,Americas,North America,Mexico,Morelia,,MLM,,,Morelia International Airport,,,Michoacán,MX,Michoacan de Ocampo,MLM,MMMM,General Francisco J. Mujica International Airport,19.8499,-101.025
308,310,Americas,North America,Mexico,Oaxaca,,OAX,,,Oaxaca International Airport,,,Oaxaca,MX,Oaxaca,OAX,MMOX,Xoxocotlan International Air,16.9999,-96.7266
309,311,Americas,North America,Mexico,Puebla,,PBC,,,Puebla International Airport,,,Puebla,MX,Puebla,PBC,MMPB,Hermanos Serdan International Airport,19.1581,-98.3714
310,312,Americas,North America,Mexico,Puerto Escondido,,PXM,,,Puerto Escondido International Airport,,,Oaxaca,MX,Oaxaca,PXM,MMPS,Puerto Escondido International Airport,15.8769,-97.0891
311,313,Americas,North America,Mexico,Puerto Vallarta,,PVR,,,Puerto Vallarta International Airport,,,Jalisco,MX,Jalisco,PVR,MMPR,Licenciado Gustavo Diaz Ordaz International Airport,20.6801,-105.254
312,314,Americas,North America,Mexico,Querétaro,,QRO,,,Querétaro Intercontinental Airport,,,Querétaro,MX,Queretaro,QRO,MMQT,Queretaro Intercontinental Airport,20.6173,-100.186
313,315,Americas,North America,Mexico,Reynosa,,REX,,,Reynosa International Airport,,,Tamaulipas,MX,Tamaulipas,REX,MMRX,General Lucio Blanco International Airport,26.0089,-98.2285
314,316,Americas,North America,Mexico,Saltillo,,SLW,,,Saltillo International Airport,,,Coahuila,MX,Coahuila de Zaragoza,SLW,MMIO,Plan de Guadalupe International Airport,25.5495,-100.929
315,317,Americas,North America,Mexico,San Luis Potosí,,SLP,,,San Luis Potosí International Airport,,,San Luis Potosí,MX,San Luis Potosi,SLP,MMSP,Ponciano Arriaga International Airport,22.2543,-100.931
316,318,Americas,North America,Mexico,Tampico,,TAM,,,Tampico International Airport,,,Tamaulipas,MX,Tamaulipas,TAM,MMTM,General Francisco Javier Mina International Airport,22.2964,-97.8659
317,319,Americas,North America,Mexico,Tepic,,TPQ,,,Tepic International Airport,,,Nayarit,MX,Nayarit,TPQ,MMEP,Amado Nervo International Airport,21.4195,-104.843
318,320,Americas,North America,Mexico,Tijuana,,TIJ,,,Tijuana International Airport,,,Baja California,MX,Baja California,TIJ,MMTJ,Tijuana International Airport,32.5411,-116.97
319,321,Americas,North America,Mexico,Toluca,,TLC,,,Toluca International Airport,,,State of Mexico,MX,Mexico,TLC,MMTO,Licenciado Adolfo Lopez Mateos International Airport,19.3371,-99.566
320,322,Americas,North America,Mexico,Torreón,,TRC,,,Torreón International Airport,,,Coahuila,MX,Coahuila de Zaragoza,TRC,MMTC,Francisco Sarabia International Airport,25.5683,-103.411
321,323,Americas,North America,Mexico,Tulum,,TQO,,,Tulum International Airport,,,Coahuila,MX,Quintana Roo,TQO,MMTL,Tulum Felipe Carrillo Puerto Airport,20.1661,-87.6592
322,324,Americas,North America,Mexico,Uruapan,,UPN,,,Uruapan International Airport,,,Michoacán,MX,Michoacan de Ocampo,UPN,MMPN,Ignacio Lopez Rayon International Airport,19.3967,-102.039
323,325,Americas,North America,Mexico,Tuxtla Gutiérrez,,TGZ,,,Tuxtla Gutiérrez International Airport,,,Chiapas,MX,Chiapas,TGZ,MMTG,Angel Albino Corzo International Airport,16.5636,-93.0225
324,326,Americas,North America,Mexico,Uruapan,,UPN,,,Uruapan International Airport,,,Michoacán,MX,Michoacan de Ocampo,UPN,MMPN,Ignacio Lopez Rayon International Airport,19.3967,-102.039
325,327,Americas,North America,Mexico,Veracruz,,VER,,,Veracruz International Airport,,,Veracruz,MX,Veracruz de Ignacio de la Llave,VER,MMVR,General Heriberto Jara International Airport,19.1459,-96.1873
326,328,Americas,North America,Mexico,Villahermosa,,VSA,,,Villahermosa International Airport,,,Tabasco,MX,Tabasco,VSA,MMVA,Carlos Rovirosa Perez International Airport,17.997,-92.8174
327,329,Americas,North America,Mexico,Zacatecas,,ZCL,,,Zacatecas International Airport,,,Zacatecas,MX,Zacatecas,ZCL,MMZC,General Leobardo C. Ruiz International Airport,22.8971,-102.687
328,330,Americas,North America,Saint Pierre and Miquelon,Saint-Pierre,,FSP,,,Saint-Pierre Airport,,,,PM,Saint Pierre and Miquelon,FSP,LFVP,Saint-Pierre Airport,46.7629,-56.1731
329,331,Americas,North America,United States,Akron,,AKC,,,Akron Executive Airport,,,Ohio,US,Ohio,AKC,KAKR,Akron Fulton International Airport,41.0375,-81.4669
330,332,Americas,North America,United States,Albany,,ALB,,,Albany International Airport,,,New York,US,New York,ALB,KALB,Albany International Airport,42.7483,-73.8017
331,333,Americas,North America,United States,Albuquerque,,ABQ,,,Albuquerque International Sunport,,,New Mexico,US,New Mexico,ABQ,KABQ,Albuquerque International Sunport,35.0402,-106.609
332,334,Americas,North America,United States,Amarillo,,AMA,,,Rick Husband Amarillo International Airport,,,Texas,US,Texas,AMA,KAMA,Rick Husband Amarillo International Airport,35.2194,-101.706
333,335,Americas,North America,United States,Anchorage,,ANC,,,Anchorage International Airport,,,Alaska,US,Alaska,ANC,PANC,Ted Stevens Anchorage International Airport,61.1744,-149.996
334,336,Americas,North America,United States,Appleton,,ATW,,,Appleton International Airport,,,Wisconsin,US,Wisconsin,ATW,KATW,Appleton International Airport,44.2581,-88.5191
335,337,Americas,North America,United States,Atlanta,,ATL,,,Hartsfield–Jackson Atlanta International Airport,,,Georgia,US,Georgia,ATL,KATL,Hartsfield-Jackson Atlanta International Airport,33.6367,-84.4281
336,338,Americas,North America,United States,Atlantic City,,ACY,,,Atlantic City International Airport,,,New Jersey,US,New Jersey,ACY,KACY,Atlantic City International Airport,39.4576,-74.5772
337,339,Americas,North America,United States,Austin (TX),,AUS,,,Austin–Bergstrom International Airport,,,Texas,US,Texas,AUS,KAUS,Austin-Bergstrom International Airport,30.1945,-97.6699
338,340,Americas,North America,United States,Baltimore,,BWI,,,Baltimore/Washington International Airport,,,Maryland,US,Maryland,BWI,KBWI,Baltimore/Washington International Airport,39.1753,-76.6683
339,341,Americas,North America,United States,Bangor,,BGR,,,Bangor International Airport,,,Maine,US,Maine,BGR,KBGR,Bangor International Airport,44.8074,-68.8281
340,342,Americas,North America,United States,Baudette,,BDE,,,Baudette International Airport,,,Minnesota,US,Minnesota,BDE,KBDE,Baudette International Airport,48.7284,-94.6122
341,343,Americas,North America,United States,Bellingham,,BLI,,,Bellingham International Airport,,,Washington,US,Washington,BLI,KBLI,Bellingham International Airport,48.7928,-122.538
342,344,Americas,North America,United States,Birmingham,,BHM,,,Birmingham–Shuttlesworth International Airport,,,Alabama,US,Alabama,BHM,KBHM,Birmingham-Shuttlesworth International Airport,33.5629,-86.7535
343,345,Americas,North America,United States,Boise,,BOI,,,Boise Airport,,,Idaho,US,Idaho,BOI,KBOI,Boise Air Terminal (Gowen Field),43.5644,-116.223
344,346,Americas,North America,United States,Boston,,BOS,,,Logan International Airport,,,Massachusetts,US,Massachusetts,BOS,KBOS,Logan International Airport,42.3643,-71.0052
345,347,Americas,North America,United States,Brownsville,,BRO,,,Brownsville/South Padre Island International Airport,,,Texas,US,Texas,BRO,KBRO,Brownsville/South Padre Island International Airport,25.9068,-97.4259
346,348,Americas,North America,United States,Buffalo,,BUF,,,Buffalo Niagara International Airport,,,New York,US,New York,BUF,KBUF,Buffalo Niagara International Airport,42.9405,-78.7322
347,349,Americas,North America,United States,Calexico,,CXL,,,Calexico International Airport,,,California,US,California,CXL,KCXL,Calexico International Airport,32.6695,-115.513
348,350,Americas,North America,United States,Charlotte,,CLT,,,Charlotte Douglas International Airport,,,North Carolina,US,North Carolina,CLT,KCLT,Charlotte Douglas International Airport,35.214,-80.9431
349,351,Americas,North America,United States,Charleston (SC),,CHS,,,Charleston International Airport,,,South Carolina,US,South Carolina,CHS,KCHS,Charleston International Airport / Charleston Air Force Base,32.8986,-80.0405
350,352,Americas,North America,United States,Chicago,,MDW,,,Midway International Airport,,,Illinois,US,Illinois,MDW,KMDW,Chicago Midway International Airport,41.7861,-87.7525
351,353,Americas,North America,United States,Chicago,,ORD,,,O'Hare International Airport,,,Illinois,US,Illinois,ORD,KORD,Chicago O'Hare International Airport,41.9786,-87.9047
352,354,Americas,North America,United States,Cincinnati (OH) (Hebron),,CVG,,,Cincinnati/Northern Kentucky International Airport,,,Kentucky,US,Kentucky,CVG,KCVG,Cincinnati/Northern Kentucky International Airport,39.0488,-84.6678
353,355,Americas,North America,United States,Cleveland,,CLE,,,Cleveland Hopkins International Airport,,,Ohio,US,Ohio,CLE,KCLE,Cleveland Hopkins International Airport,41.4117,-81.8498
354,356,Americas,North America,United States,Columbia (SC),,CAE,,,Columbia Metropolitan Airport,,,South Carolina,US,South Carolina,CAE,KCAE,Columbia Metropolitan Airport,33.9388,-81.1195
355,357,Americas,North America,United States,Columbus (OH),,CMH,,,John Glenn Columbus International Airport,,,Ohio,US,Ohio,CMH,KCMH,John Glenn Columbus International Airport,39.998,-82.8919
356,358,Americas,North America,United States,Columbus (OH),,LCK,,,Rickenbacker International Airport,,,Ohio,US,Ohio,LCK,KLCK,Rickenbacker International Airport,39.8138,-82.9278
357,359,Americas,North America,United States,Corpus Christi,,CRP,,,Corpus Christi International Airport,,,Texas,US,Texas,CRP,KCRP,Corpus Christi International Airport,27.7704,-97.5012
358,360,Americas,North America,United States,Dallas,,DAL,,,Dallas Love Field,,,Texas,US,Texas,DAL,KDAL,Dallas Love Field,32.8471,-96.8518
359,361,Americas,North America,United States,Dallas/Fort Worth,,DFW,,,Dallas/Fort Worth International Airport,,,Texas,US,Texas,DFW,KDFW,Dallas/Fort Worth International Airport,32.8968,-97.038
360,362,Americas,North America,United States,Dayton (OH),,DAY,,,Dayton International Airport,,,Ohio,US,Ohio,DAY,KDAY,Dayton International Airport,39.9024,-84.2194
361,363,Americas,North America,United States,Denver,,DEN,,,Denver International Airport,,,Colorado,US,Colorado,DEN,KDEN,Denver International Airport,39.8617,-104.673
362,364,Americas,North America,United States,Des Moines (IA),,DSM,,,Des Moines International Airport,,,Iowa,US,Iowa,DSM,KDSM,Des Moines International Airport,41.534,-93.6631
363,365,Americas,North America,United States,Detroit,,DTW,,,Detroit Metropolitan Airport,,,Michigan,US,Michigan,DTW,KDTW,Detroit Metro Wayne County Airport,42.2125,-83.3533
364,366,Americas,North America,United States,Duluth,,DLH,,,Duluth International Airport,,,Minnesota,US,Minnesota,DLH,KDLH,Duluth International Airport,46.8421,-92.1936
365,367,Americas,North America,United States,El Paso,,ELP,,,El Paso International Airport,,,Texas,US,Texas,ELP,KELP,El Paso International Airport,31.8072,-106.378
366,368,Americas,North America,United States,Erie,,ERI,,,Erie International Airport,,,Pennsylvania,US,Pennsylvania,ERI,KERI,Erie International Airport (Tom Ridge Field),42.0831,-80.1739
367,369,Americas,North America,United States,Fairbanks,,FAI,,,Fairbanks International Airport,,,Alaska,US,Alaska,FAI,PAFA,Fairbanks International Airport,64.8151,-147.856
368,370,Americas,North America,United States,Fort Lauderdale,,FLL,,,Fort Lauderdale–Hollywood International Airport,,,Florida,US,Florida,FLL,KFLL,Fort Lauderdale-Hollywood International Airport,26.0726,-80.1527
369,371,Americas,North America,United States,Fort Myers,,RSW,,,Southwest Florida International Airport,,,Florida,US,Florida,RSW,KRSW,Southwest Florida International Airport,26.5362,-81.7552
370,372,Americas,North America,United States,Fresno,,FAT,,,Fresno Yosemite International Airport,,,California,US,California,FAT,KFAT,Fresno Yosemite International Airport,36.7762,-119.718
371,374,Americas,North America,United States,Grand Rapids,,GRR,,,Gerald R. Ford International Airport,,,Michigan,US,Michigan,GRR,KGRR,Gerald R. Ford International Airport,42.8808,-85.5228
372,375,Americas,North America,United States,Green Bay,,GRB,,,Green Bay–Austin Straubel International Airport,,,Wisconsin,US,Wisconsin,GRB,KGRB,Austin Straubel International Airport,44.4851,-88.1296
373,376,Americas,North America,United States,Greensboro,,GSO,,,Piedmont Triad International Airport,,,North Carolina,US,North Carolina,GSO,KGSO,Piedmont Triad International Airport,36.0978,-79.9373
374,377,Americas,North America,United States,Greenville,,GSP,,,Greenville-Spartanburg International Airport,,,South Carolina,US,South Carolina,GSP,KGSP,Greenville-Spartanburg International Airport,34.8957,-82.2189
375,378,Americas,North America,United States,Gulfport,,GPT,,,Gulfport-Biloxi International Airport,,,Mississippi,US,Mississippi,GPT,KGPT,Gulfport-Biloxi International Airport,30.4073,-89.0701
376,379,Americas,North America,United States,Harlingen,,HRL,,,Valley International Airport,,,Texas,US,Texas,HRL,KHRL,Valley International Airport,26.2285,-97.6544
377,380,Americas,North America,United States,Harrisburg,,MDT,,,Harrisburg International Airport,,,Pennsylvania,US,Pennsylvania,MDT,KMDT,Harrisburg International Airport,40.1935,-76.7634
378,381,Americas,North America,United States,Hartford (CT),,BDL,,,Bradley International Airport,,,Connecticut,US,Connecticut,BDL,KBDL,Bradley International Airport,41.9392,-72.6833
379,382,Americas,North America,United States,Hilo,,ITO,,,Hilo International Airport,,,Hawaii,US,Hawaii,ITO,PHTO,Hilo International Airport,19.7214,-155.048
380,383,Americas,North America,United States,Honolulu,,HNL,,,Daniel K. Inouye International Airport,,,Hawaii,US,Hawaii,HNL,PHNL,Daniel K. Inouye International Airport,21.3206,-157.924
381,384,Americas,North America,United States,Houston,,IAH,,,George Bush Intercontinental Airport,,,Texas,US,Texas,IAH,KIAH,George Bush Intercontinental Airport,29.9844,-95.3414
382,385,Americas,North America,United States,Houston,,HOU,,,William P. Hobby Airport,,,Texas,US,Texas,HOU,KHOU,William P. Hobby Airport,29.6454,-95.2789
383,386,Americas,North America,United States,Huntsville (AL),,HSV,,,Huntsville International Airport,,,Alabama,US,Alabama,HSV,KHSV,Huntsville International Airport (Carl T. Jones Field),34.6372,-86.7751
384,387,Americas,North America,United States,Indianapolis,,IND,,,Indianapolis International Airport,,,Indiana,US,Indiana,IND,KIND,Indianapolis International Airport,39.7173,-86.2944
385,388,Americas,North America,United States,International Falls,,INL,,,Falls International Airport,,,Minnesota,US,Minnesota,INL,KINL,Falls International Airport,48.5662,-93.4031
386,389,Americas,North America,United States,Jackson (MS),,JAN,,,Jackson–Medgar Wiley Evers International Airport,,,Mississippi,US,Mississippi,JAN,KJAN,Jackson-Evers International Airport,32.3112,-90.0759
387,390,Americas,North America,United States,Jacksonville,,JAX,,,Jacksonville International Airport,,,Florida,US,Florida,JAX,KJAX,Jacksonville International Airport,30.4941,-81.6879
388,391,Americas,North America,United States,Juneau,,JNU,,,Juneau International Airport,,,Alaska,US,Alaska,JNU,PAJN,Juneau International Airport,58.355,-134.576
389,392,Americas,North America,United States,Kailua-Kona,,KOA,,,Kona International Airport,,,Hawaii,US,Hawaii,KOA,PHKO,Kona International Airport at Keahole,19.7388,-156.046
390,393,Americas,North America,United States,Kansas City (MO),,MCI,,,Kansas City International Airport,,,Missouri,US,Missouri,MCI,KMCI,Kansas City International Airport,39.2976,-94.7139
391,394,Americas,North America,United States,Ketchikan,,KTN,,,Ketchikan International Airport,,,Alaska,US,Alaska,KTN,PAKT,Ketchikan International Airport,55.3556,-131.714
392,395,Americas,North America,United States,Key West,,EYW,,,Key West International Airport,,,Florida,US,Florida,EYW,KEYW,Key West International Airport,24.5561,-81.7596
393,396,Americas,North America,United States,Kissimmee,,ISM,,,Kissimmee Gateway Airport,,,Florida,US,Florida,ISM,KISM,Kissimmee Gateway Airport,28.2898,-81.4371
394,397,Americas,North America,United States,Knoxville,,TYS,,,McGhee Tyson Airport,,,Tennessee,US,Tennessee,TYS,KTYS,McGhee Tyson Airport,35.811,-83.994
395,398,Americas,North America,United States,Lakeland,,LAL,,,Lakeland Linder International Airport,,,Florida,US,Florida,LAL,KLAL,Lakeland Linder International Airport,27.9889,-82.0186
396,399,Americas,North America,United States,Lansing,,LAN,,,Capital Region International Airport,,,Michigan,US,Michigan,LAN,KLAN,Capital Region International Airport,42.7787,-84.5874
397,400,Americas,North America,United States,Las Vegas,,LAS,,,Harry Reid International Airport,,,Nevada,US,Nevada,LAS,KLAS,Harry Reid International Airport,36.0801,-115.152
398,401,Americas,North America,United States,Little Rock,,LIT,,,Bill and Hillary Clinton National Airport,,,Arkansas,US,Arkansas,LIT,KLIT,Clinton National Airport (Adams Field),34.7294,-92.2243
399,402,Americas,North America,United States,Los Angeles,,LAX,,,Los Angeles International Airport,,,California,US,California,LAX,KLAX,Los Angeles International Airport,33.9425,-118.408
400,403,Americas,North America,United States,Louisville,,SDF,,,Louisville International Airport,,,Kentucky,US,Kentucky,SDF,KSDF,Louisville International Airport (Standiford Field),38.1744,-85.736
401,404,Americas,North America,United States,Lubbock,,LBB,,,Lubbock Preston Smith International Airport,,,Texas,US,Texas,LBB,KLBB,Lubbock Preston Smith International Airport,33.6636,-101.823
402,405,Americas,North America,United States,Madison (WI),,MSN,,,Dane County Regional Airport,,,Wisconsin,US,Wisconsin,MSN,KMSN,Dane County Regional Airport (Truax Field),43.1399,-89.3375
403,406,Americas,North America,United States,McAllen,,MFE,,,McAllen Miller International Airport,,,Texas,US,Texas,MFE,KMFE,McAllen Miller International Airport,26.1758,-98.2386
404,407,Americas,North America,United States,Melbourne (FL),,MLB,,,Melbourne Orlando International Airport,,,Florida,US,Florida,MLB,KMLB,Orlando Melbourne International Airport,28.1028,-80.6453
405,408,Americas,North America,United States,Memphis,,MEM,,,Memphis International Airport,,,Tennessee,US,Tennessee,MEM,KMEM,Memphis International Airport,35.0424,-89.9767
406,409,Americas,North America,United States,Miami,,MIA,,,Miami International Airport,,,Florida,US,Florida,MIA,KMIA,Miami International Airport,25.7932,-80.2906
407,410,Americas,North America,United States,Midland/Odessa,,MAF,,,Midland International Air and Space Port,,,Texas,US,Texas,MAF,KMAF,Midland International Air and Space Port,31.9425,-102.202
408,411,Americas,North America,United States,Milwaukee,,MKE,,,General Mitchell International Airport,,,Wisconsin,US,Wisconsin,MKE,KMKE,General Mitchell International Airport,42.9472,-87.8966
409,412,Americas,North America,United States,Minneapolis/St. Paul,,MSP,,,Minneapolis/St. Paul International Airport,,,Minnesota,US,Minnesota,MSP,KMSP,Minneapolis-Saint Paul International Airport (Wold-Chamberlain Field),44.882,-93.2218
410,413,Americas,North America,United States,Myrtle Beach,,MYR,,,Myrtle Beach International Airport,,,South Carolina,US,South Carolina,MYR,KMYR,Myrtle Beach International Airport,33.6797,-78.9283
411,414,Americas,North America,United States,Nashville,,BNA,,,Nashville International Airport,,,Tennessee,US,Tennessee,BNA,KBNA,Nashville International Airport,36.1245,-86.6782
412,415,Americas,North America,United States,New Orleans,,MSY,,,Louis Armstrong New Orleans International Airport,,,Louisiana,US,Louisiana,MSY,KMSY,Louis Armstrong New Orleans International Airport,29.9934,-90.258
413,416,Americas,North America,United States,New York City (Queens),,JFK,,,John F. Kennedy International Airport,,,New York,US,New York,JFK,KJFK,John F. Kennedy International Airport,40.6397,-73.7789
414,417,Americas,North America,United States,New York City (Queens),,LGA,,,LaGuardia Airport,,,New York,US,New York,LGA,KLGA,LaGuardia Airport,40.775,-73.875
415,418,Americas,North America,United States,Newark,,EWR,,,Newark Liberty International Airport,,,New Jersey,US,New Jersey,EWR,KEWR,Newark Liberty International Airport,40.6925,-74.1686
416,419,Americas,North America,United States,Newburgh,,SWF,,,Stewart International Airport,,,New York,US,New York,SWF,KSWF,New York Stewart International Airport,41.5042,-74.1047
417,420,Americas,North America,United States,Newport News,,PHF,,,Newport News/Williamsburg International Airport,,,Virginia,US,Virginia,PHF,KPHF,Newport News/Williamsburg International Airport,37.1319,-76.493
418,421,Americas,North America,United States,Niagara Falls,,IAG,,,Niagara Falls International Airport,,,New York,US,New York,IAG,KIAG,Niagara Falls International Airport,43.1073,-78.9462
419,422,Americas,North America,United States,Norfolk (VA),,ORF,,,Norfolk International Airport,,,Virginia,US,Virginia,ORF,KORF,Norfolk International Airport,36.8946,-76.2012
420,423,Americas,North America,United States,Oakland,,OAK,,,Oakland International Airport,,,California,US,California,OAK,KOAK,Oakland International Airport,37.7213,-122.221
421,424,Americas,North America,United States,Oklahoma City,,OKC,,,Will Rogers World Airport,,,Oklahoma,US,Oklahoma,OKC,KOKC,Will Rogers World Airport,35.3931,-97.6007
422,425,Americas,North America,United States,Omaha,,OMA,,,Eppley Airfield,,,Nebraska,US,Iowa,OMA,KOMA,Eppley Airfield,41.3032,-95.8941
423,426,Americas,North America,United States,Ontario,,ONT,,,Ontario International Airport,,,California,US,California,ONT,KONT,Ontario International Airport,34.056,-117.601
424,427,Americas,North America,United States,Orange County (CA),,SNA,,,John Wayne Airport,,,California,US,California,SNA,KSNA,John Wayne Airport (Orange County Airport),33.6757,-117.868
425,428,Americas,North America,United States,Orlando,,MCO,,,Orlando International Airport,,,Florida,US,Florida,MCO,KMCO,Orlando International Airport,28.4294,-81.309
426,429,Americas,North America,United States,Palm Springs,,PSP,,,Palm Springs International Airport,,,California,US,California,PSP,KPSP,Palm Springs International Airport,33.8297,-116.507
427,430,Americas,North America,United States,Panama City (FL),,ECP,,,Northwest Florida Beaches International Airport,,,Florida,US,Florida,ECP,KECP,Northwest Florida Beaches International Airport,30.3571,-85.7954
428,431,Americas,North America,United States,Pensacola,,PNS,,,Pensacola International Airport,,,Florida,US,Florida,PNS,KPNS,Pensacola International Airport,30.4734,-87.1866
429,432,Americas,North America,United States,Philadelphia,,PHL,,,Philadelphia International Airport,,,Pennsylvania,US,Pennsylvania,PHL,KPHL,Philadelphia International Airport,39.8719,-75.2411
430,433,Americas,North America,United States,Phoenix,,PHX,,,Phoenix Sky Harbor International Airport,,,Arizona,US,Arizona,PHX,KPHX,Phoenix Sky Harbor International Airport,33.4343,-112.012
431,434,Americas,North America,United States,Phoenix/Mesa,,AZA,,,Phoenix–Mesa Gateway Airport,,,Arizona,US,Arizona,AZA,KIWA,Phoenix-Mesa Gateway Airport,33.3078,-111.655
432,435,Americas,North America,United States,Pittsburgh,,PIT,,,Pittsburgh International Airport,,,Pennsylvania,US,Pennsylvania,PIT,KPIT,Pittsburgh International Airport,40.4915,-80.2329
433,436,Americas,North America,United States,Portland (ME),,PWM,,,Portland International Jetport,,,Maine,US,Maine,PWM,KPWM,Portland International Jetport,43.6462,-70.3093
434,437,Americas,North America,United States,Portland (OR),,PDX,,,Portland International Airport,,,Oregon,US,Oregon,PDX,KPDX,Portland International Airport,45.5887,-122.598
435,438,Americas,North America,United States,Providence (Warwick),,PVD,,,Rhode Island T. F. Green International Airport,,,Rhode Island,US,Rhode Island,PVD,KPVD,Theodore Francis Green State Airport,41.7326,-71.4204
436,439,Americas,North America,United States,Racine,,RAC,,,Batten International Airport,,,Wisconsin,US,Wisconsin,RAC,KRAC,John H. Batten Airport,42.7606,-87.8152
437,440,Americas,North America,United States,Raleigh/Durham,,RDU,,,Raleigh–Durham International Airport,,,North Carolina,US,North Carolina,RDU,KRDU,Raleigh-Durham International Airport,35.8776,-78.7875
438,441,Americas,North America,United States,Reno,,RNO,,,Reno–Tahoe International Airport,,,Nevada,US,Nevada,RNO,KRNO,Reno-Tahoe International Airport,39.4991,-119.768
439,442,Americas,North America,United States,Richmond (VA) (Sandston),,RIC,,,Richmond International Airport,,,Virginia,US,Virginia,RIC,KRIC,Richmond International Airport,37.5052,-77.3197
440,443,Americas,North America,United States,Rochester (MN),,RST,,,Rochester International Airport,,,Minnesota,US,Minnesota,RST,KRST,Rochester International Airport,43.9083,-92.5
441,444,Americas,North America,United States,Rochester (NY),,ROC,,,Greater Rochester International Airport,,,New York,US,New York,ROC,KROC,Greater Rochester International Airport,43.1189,-77.6724
442,445,Americas,North America,United States,Rockford (IL),,RFD,,,Chicago Rockford International Airport,,,Illinois,US,Illinois,RFD,KRFD,Chicago Rockford International Airport,42.1953,-89.0972
443,446,Americas,North America,United States,Sacramento,,SMF,,,Sacramento International Airport,,,California,US,California,SMF,KSMF,Sacramento International Airport,38.6954,-121.591
444,447,Americas,North America,United States,Salt Lake City,,SLC,,,Salt Lake City International Airport,,,Utah,US,Utah,SLC,KSLC,Salt Lake City International Airport,40.7884,-111.978
445,448,Americas,North America,United States,San Antonio,,SAT,,,San Antonio International Airport,,,Texas,US,Texas,SAT,KSAT,San Antonio International Airport,29.5337,-98.4698
446,449,Americas,North America,United States,San Bernardino,,SBD,,,San Bernardino International Airport,,,California,US,California,SBD,KSBD,San Bernardino International Airport,34.0954,-117.235
447,450,Americas,North America,United States,San Diego,,SAN,,,San Diego International Airport,,,California,US,California,SAN,KSAN,San Diego International Airport,32.7336,-117.19
448,451,Americas,North America,United States,San Francisco,,SFO,,,San Francisco International Airport,,,California,US,California,SFO,KSFO,San Francisco International Airport,37.619,-122.375
449,452,Americas,North America,United States,San Jose (CA),,SJC,,,San Jose International Airport,,,California,US,California,SJC,KSJC,San Jose International Airport,37.3626,-121.929
450,453,Americas,North America,United States,Sanford (FL),,SFB,,,Orlando Sanford International Airport,,,Florida,US,Florida,SFB,KSFB,Orlando Sanford International Airport,28.7776,-81.2375
451,454,Americas,North America,United States,Sarasota/Bradenton,,SRQ,,,Sarasota–Bradenton International Airport,,,Florida,US,Florida,SRQ,KSRQ,Sarasota-Bradenton International Airport,27.3954,-82.5544
452,455,Americas,North America,United States,Savannah (GA),,SAV,,,Savannah/Hilton Head International Airport,,,Georgia,US,Georgia,SAV,KSAV,Savannah/Hilton Head International Airport,32.1276,-81.2021
453,456,Americas,North America,United States,Seattle,,LKE,,,Kenmore Air Harbor Seaplane Base,,,Washington,US,Washington,LKE,,Kenmore Air Harbor Seaplane Base (Seattle Lake Union SPB),47.629,-122.339
454,457,Americas,North America,United States,Seattle,,BFI,,,King County International Airport,,,Washington,US,Washington,BFI,KBFI,Boeing Field/King County International Airport,47.53,-122.302
455,458,Americas,North America,United States,Seattle,,SEA,,,Seattle–Tacoma International Airport,,,Washington,US,Washington,SEA,KSEA,Seattle-Tacoma International Airport,47.449,-122.309
456,459,Americas,North America,United States,Sheboygan,,SBM,,,Sheboygan County Memorial Airport,,,Wisconsin,US,Wisconsin,SBM,KSBM,Sheboygan County Memorial Airport,43.7696,-87.8514
457,460,Americas,North America,United States,Everett (WA),,PAE,,,Paine Field,,,Washington,US,Washington,PAE,KPAE,Paine Field (Snohomish County Airport),47.9063,-122.282
458,461,Americas,North America,United States,Spokane,,GEG,,,Spokane International Airport,,,Washington,US,Washington,GEG,KGEG,Spokane International Airport,47.6199,-117.534
459,462,Americas,North America,United States,St. Louis,,STL,,,St. Louis Lambert International Airport,,,Missouri,US,Missouri,STL,KSTL,Lambert-St. Louis International Airport,38.7487,-90.37
460,463,Americas,North America,United States,St. Petersburg (FL),,PIE,,,St. Pete–Clearwater International Airport,,,Florida,US,Florida,PIE,KPIE,St. Pete-Clearwater International Airport,27.9102,-82.6874
461,464,Americas,North America,United States,Syracuse,,SYR,,,Syracuse Hancock International Airport,,,New York,US,New York,SYR,KSYR,Syracuse Hancock International Airport,43.1112,-76.1063
462,465,Americas,North America,United States,Tallahassee,,TLH,,,Tallahassee International Airport,,,Florida,US,Florida,TLH,KTLH,Tallahassee International Airport,30.3965,-84.3503
463,466,Americas,North America,United States,Tampa,,TPA,,,Tampa International Airport,,,Florida,US,Florida,TPA,KTPA,Tampa International Airport,27.9755,-82.5332
464,467,Americas,North America,United States,Tucson,,TUS,,,Tucson International Airport,,,Arizona,US,Arizona,TUS,KTUS,Tucson International Airport,32.1161,-110.941
465,468,Americas,North America,United States,Tulsa,,TUL,,,Tulsa International Airport,,,Oklahoma,US,Oklahoma,TUL,KTUL,Tulsa International Airport,36.1984,-95.8881
466,469,Americas,North America,United States,"Washington, D.C.",,DCA,,,Ronald Reagan Washington National Airport**,,,Virginia,US,Virginia,DCA,KDCA,Ronald Reagan Washington National Airport,38.8522,-77.0378
467,470,Americas,North America,United States,"Washington, D.C.",,IAD,,,Dulles International Airport,,,Virginia,US,Virginia,IAD,KIAD,Washington Dulles International Airport,38.9445,-77.4558
468,471,Americas,North America,United States,West Palm Beach,,PBI,,,Palm Beach International Airport,,,Florida,US,Florida,PBI,KPBI,Palm Beach International Airport,26.6832,-80.0956
469,472,Americas,North America,United States,Wilkes-Barre/Scranton,,AVP,,,Wilkes-Barre/Scranton International Airport,,,Pennsylvania,US,Pennsylvania,AVP,KAVP,Wilkes-Barre/Scranton International Airport,41.3385,-75.7234
470,473,Americas,North America,United States,Wilmington (NC),,ILM,,,Wilmington International Airport,,,North Carolina,US,North Carolina,ILM,KILM,Wilmington International Airport,34.2706,-77.9026
471,474,Americas,South America,Argentina,Buenos Aires,,EZE,,,Ministro Pistarini International Airport,,,,AR,Buenos Aires,EZE,SAEZ,Ministro Pistarini International Airport,-34.8222,-58.5358
472,475,Americas,South America,Argentina,Buenos Aires,,AEP,,,Aeroparque Jorge Newbery,,,,AR,Buenos Aires,AEP,SABE,Aeroparque Internacional Jorge Newbery,-34.5589,-58.4164
473,476,Americas,South America,Argentina,Bariloche,,BRC,,,San Carlos de Bariloche Airport,,,,AR,Rio Negro,BRC,SAZS,San Carlos de Bariloche Airport,-41.1512,-71.1575
474,477,Americas,South America,Argentina,Comodoro Rivadavia,,CRD,,,General Enrique Mosconi International Airport,,,,AR,Chubut,CRD,SAVC,General Enrique Mosconi International Airport,-45.7853,-67.4655
475,478,Americas,South America,Argentina,Córdoba,,COR,,,Ingeniero Aeronáutico Ambrosio L.V. Taravella International Airport,,,,AR,Cordoba,COR,SACO,Ingeniero Aeronautico Ambrosio L.V. Taravella International Airport (Pajas Blancas),-31.3236,-64.208
476,479,Americas,South America,Argentina,Corrientes,,CNQ,,,Doctor Fernando Piragine Niveyro International Airport,,,,AR,Corrientes,CNQ,SARC,Doctor Fernando Piragine Niveyro International Airport,-27.4455,-58.7619
477,480,Americas,South America,Argentina,El Calafate,,FTE,,,Comandante Armando Tola International Airport,,,,AR,Santa Cruz,FTE,SAWA,Comandante Armando Tola International Airport,-50.2803,-72.0531
478,481,Americas,South America,Argentina,El Palomar,,EPA,,,El Palomar Airport,,,,AR,Buenos Aires,EPA,SADP,El Palomar Airport,-34.6099,-58.6126
479,482,Americas,South America,Argentina,Esquel,,EQS,,,Brigadier General Antonio Parodi International Airport,,,,AR,Chubut,EQS,SAVE,Esquel Airport,-42.908,-71.1395
480,483,Americas,South America,Argentina,Formosa,,FMA,,,Formosa International Airport,,,,AR,Formosa,FMA,SARF,Formosa International Airport (El Pucu Airport),-26.2127,-58.2281
481,484,Americas,South America,Argentina,Mar del Plata,,MDQ,,,Ástor Piazzolla International Airport,,,,AR,Buenos Aires,MDQ,SAZM,Astor Piazzolla International Airport,-37.9342,-57.5733
482,485,Americas,South America,Argentina,Mendoza,,MDZ,,,Governor Francisco Gabrielli International Airport,,,,AR,Mendoza,MDZ,SAME,Gov. Francisco Gabrielli International Airport (El Plumerillo),-32.8317,-68.7929
483,486,Americas,South America,Argentina,Neuquén,,NQN,,,Presidente Perón International Airport,,,,AR,Neuquen,NQN,SAZN,Presidente Peron International Air,-38.949,-68.1557
484,487,Americas,South America,Argentina,Posadas,,PSS,,,Libertador General José de San Martín Airport,,,,AR,Misiones,PSS,SARP,Libertador General Jose de San Martin Airport,-27.3858,-55.9707
485,488,Americas,South America,Argentina,Puerto Iguazú,,IGR,,,Cataratas del Iguazú International Airport,,,,AR,Misiones,IGR,SARI,Cataratas del Iguazu International Airport,-25.7373,-54.4734
486,489,Americas,South America,Argentina,Resistencia,,RES,,,Resistencia International Airport,,,,AR,Chaco,RES,SARE,Resistencia International Airport,-27.45,-59.0561
487,490,Americas,South America,Argentina,Río Gallegos,,RGL,,,Piloto Civil Norberto Fernández International Airport,,,,AR,Santa Cruz,RGL,SAWG,Piloto Civil Norberto Fernandez International Airport,-51.6089,-69.3126
488,491,Americas,South America,Argentina,Río Grande,,RGA,,,Hermes Quijada International Airport,,,,AR,Tierra del Fuego,RGA,SAWE,Hermes Quijada International Airport,-53.7777,-67.7494
489,492,Americas,South America,Argentina,Rosario,,ROS,,,Rosario – Islas Malvinas International Airport,,,,AR,Santa Fe,ROS,SAAR,Rosario - Islas Malvinas International Airport,-32.9036,-60.785
490,493,Americas,South America,Argentina,Salta,,SLA,,,Martín Miguel de Güemes International Airport,,,,AR,Salta,SLA,SASA,Martin Miguel de Guemes International Airport,-24.856,-65.4862
491,494,Americas,South America,Argentina,San Miguel de Tucumán,,TUC,,,Teniente Benjamín Matienzo International Airport,,,,AR,Tucuman,TUC,SANT,Teniente General Benjamin Matienzo International Airport,-26.8409,-65.1049
492,495,Americas,South America,Argentina,San Salvador de Jujuy,,JUJ,,,Gobernador Horacio Guzmán International Airport,,,,AR,Jujuy,JUJ,SASJ,Gobernador Horacio Guzman International Airport,-24.3928,-65.0978
493,496,Americas,South America,Argentina,Santa Rosa del Conlara,,RLO,,,Valle del Conlara Airport,,,,AR,San Luis,RLO,SAOS,Valle del Conlara Airport,-32.3847,-65.1865
494,497,Americas,South America,Argentina,Termas de Río Hondo,,RHD,,,Termas de Río Hondo International Airport,,,,AR,Santiago del Estero,RHD,SANR,Termas de Rio Hondo Airport,-27.4966,-64.936
495,498,Americas,South America,Argentina,Trelew,,REL,,,Almirante Marcos A. Zar Airport,,,,AR,Chubut,REL,SAVT,Almirante Marcos A. Zar Airport,-43.2105,-65.2703
496,499,Americas,South America,Argentina,Ushuaia,,USH,,,Ushuaia – Malvinas Argentinas International Airport,,,,AR,Tierra del Fuego,USH,SAWH,Ushuaia - Malvinas Argentinas International Airport,-54.8433,-68.2958
497,500,Americas,South America,Bolivia,La Paz,,LPB,,,El Alto International Airport,,,,BO,La Paz,LPB,SLLP,El Alto International Airport,-16.5133,-68.1923
498,501,Americas,South America,Bolivia,Santa Cruz de la Sierra,,VVI,,,Viru Viru International Airport,,,,BO,Santa Cruz,VVI,SLVR,Viru Viru International Airport,-17.6448,-63.1354
499,502,Americas,South America,Bolivia,Cochabamba,,CBB,,,Jorge Wilstermann International Airport,,,,BO,Cochabamba,CBB,SLCB,Jorge Wilstermann International Airport,-17.4211,-66.1771
500,503,Americas,South America,Brazil,Aracaju,,AJU,,,Santa Maria Airport,,,,BR,Sergipe,AJU,SBAR,Santa Maria Airport (Sergipe),-10.984,-37.0703
501,504,Americas,South America,Brazil,Belém,,BEL,,,Val de Cães International Airport,,,,BR,Para,BEL,SBBE,Val de Cans International Airport,-1.37925,-48.4763
502,505,Americas,South America,Brazil,Belo Horizonte,,CNF,,,Tancredo Neves International Airport,,,,BR,Minas Gerais,CNF,SBCF,Tancredo Neves International Airport,-19.6336,-43.9686
503,506,Americas,South America,Brazil,Boa Vista,,BVB,,,Boa Vista International Airport,,,,BR,Roraima,BVB,SBBV,Boa Vista International Airport,2.84139,-60.6922
504,507,Americas,South America,Brazil,Brasília,,BSB,,,Brasília International Airport,,,,BR,Distrito Federal,BSB,SBBR,Brasilia International Airport (Presidente J. Kubitschek Int'l Airport),-15.8692,-47.9208
505,508,Americas,South America,Brazil,Campinas,,VCP,,,Viracopos International Airport,,,,BR,Sao Paulo,VCP,SBKP,Viracopos-Campinas International Airport,-23.0081,-47.1344
506,509,Americas,South America,Brazil,Campo Grande,,CGR,,,Campo Grande International Airport,,,,BR,Mato Grosso do Sul,CGR,SBCG,Campo Grande International Airport,-20.4687,-54.6725
507,510,Americas,South America,Brazil,Cuiabá,,CGB,,,Marechal Rondon International Airport,,,,BR,Mato Grosso,CGB,SBCY,Marechal Rondon International Airport,-15.6529,-56.1167
508,511,Americas,South America,Brazil,Curitiba,,CWB,,,Afonso Pena International Airport,,,,BR,Parana,CWB,SBCT,Afonso Pena International Airport,-25.5285,-49.1758
509,512,Americas,South America,Brazil,Florianópolis,,FLN,,,Hercílio Luz International Airport,,,,BR,Santa Catarina,FLN,SBFL,Hercilio Luz International Airport,-27.6703,-48.5525
510,513,Americas,South America,Brazil,Fortaleza,,FOR,,,Pinto Martins International Airport,,,,BR,Ceara,FOR,SBFZ,Pinto Martins - Fortaleza International Airport,-3.77628,-38.5326
511,514,Americas,South America,Brazil,Foz do Iguaçu,,IGU,,,Foz do Iguaçu International Airport,,,,BR,Parana,IGU,SBFI,Foz do Iguacu International Airport,-25.6003,-54.485
512,515,Americas,South America,Brazil,Goiânia,,GYN,,,Santa Genoveva Airport,,,,BR,Goias,GYN,SBGO,Santa Genoveva Airport,-16.632,-49.2207
513,516,Americas,South America,Brazil,João Pessoa,,JPA,,,Presidente Castro Pinto International Airport,,,,BR,Paraiba,JPA,SBJP,Presidente Castro Pinto International Airport,-7.14583,-34.9486
514,517,Americas,South America,Brazil,Maceió,,MCZ,,,Zumbi dos Palmares International Airport,,,,BR,Alagoas,MCZ,SBMO,Zumbi dos Palmares International Airport,-9.51081,-35.7917
515,518,Americas,South America,Brazil,Manaus,,MAO,,,Eduardo Gomes International Airport,,,,BR,Amazonas,MAO,SBEG,Eduardo Gomes International Airport,-3.03861,-60.0497
516,519,Americas,South America,Brazil,Natal,,NAT,,,Greater Natal International Airport,,,,BR,Rio Grande do Norte,NAT,SBNT,Sao Goncalo do Amarante-Governador Aluizio Alves International Airport,-5.76806,-35.3761
517,520,Americas,South America,Brazil,Petrolina,,PNZ,,,Petrolina Airport,,,,BR,Pernambuco,PNZ,SBPL,Senador Nilo Coelho Airport,-9.36241,-40.5691
518,521,Americas,South America,Brazil,Porto Alegre,,POA,,,Salgado Filho Porto Alegre International Airport,,,,BR,Rio Grande do Sul,POA,SBPA,Salgado Filho International Airport,-29.9944,-51.1714
519,522,Americas,South America,Brazil,Porto Velho,,PVH,,,Governador Jorge Teixeira de Oliveira International Airport,,,,BR,Rondonia,PVH,SBPV,Governador Jorge Teixeira de Oliveira International Airport,-8.70929,-63.9023
520,523,Americas,South America,Brazil,Recife,,REC,,,Guararapes International Airport,,,,BR,Pernambuco,REC,SBRF,Recife/Guararapes-Gilberto Freyre International Airport,-8.12649,-34.9236
521,524,Americas,South America,Brazil,Rio Branco,,RBR,,,Rio Branco International Airport,,,,BR,Acre,RBR,SBRB,Placido de Castro International Airport,-9.86889,-67.8981
522,525,Americas,South America,Brazil,Rio de Janeiro,,GIG,,,Rio de Janeiro/Galeão International Airport,,,,BR,Rio de Janeiro,GIG,SBGL,Galeao-Antonio Carlos Jobim International Airport,-22.81,-43.2506
523,526,Americas,South America,Brazil,Rio de Janeiro,,SDU,,,Santos Dumont Airport,,,,BR,Rio de Janeiro,SDU,SBRJ,Rio de Janeiro Santos Dumont Airport,-22.9103,-43.1655
524,527,Americas,South America,Brazil,Salvador,,SSA,,,Deputado Luís Eduardo Magalhães International Airport,,,,BR,Bahia,SSA,SBSV,Deputado Luis Eduardo Magalhaes International Airport,-12.9086,-38.3225
525,528,Americas,South America,Brazil,São Luís,,SLZ,,,Marechal Cunha Machado International Airport,,,,BR,Maranhao,SLZ,SBSL,Marechal Cunha Machado International Airport,-2.58536,-44.2341
526,529,Americas,South America,Brazil,São Paulo,,CGH,,,São Paulo–Congonhas Airport,,,,BR,Sao Paulo,CGH,SBSP,Sao Paulo Congonhas Airport,-23.6282,-46.6572
527,530,Americas,South America,Brazil,São Paulo,,GRU,,,São Paulo/Guarulhos International Airport,,,,BR,Sao Paulo,GRU,SBGR,Guarulhos International Airport,-23.4322,-46.4692
528,531,Americas,South America,Brazil,Teresina,,THE,,,Teresina Airport,,,,BR,Piaui,THE,SBTE,Teresina-Senador Petronio Portel Airport,-5.05994,-42.8235
529,532,Americas,South America,Brazil,Uberlândia,,UDI,,,Uberlândia Airport,,,,BR,Minas Gerais,UDI,SBUL,Ten. Cel. Av. Cesar Bombonato Airport,-18.8836,-48.2253
530,533,Americas,South America,Brazil,Vitória,,VIX,,,Eurico de Aguiar Salles Airport,,,,BR,Espirito Santo,VIX,SBVT,Eurico de Aguiar Salles Airport,-20.2581,-40.2864
531,534,Americas,South America,Chile,Antofagasta,,ANF,,,Andrés Sabella Gálvez International Airport,,,,CL,Antofagasta,ANF,SCFA,Cerro Moreno International Airport,-23.4445,-70.4451
532,535,Americas,South America,Chile,Concepción,,CCP,,,Carriel Sur International Airport,,,,CL,Biobio,CCP,SCIE,Carriel Sur International Airport,-36.7727,-73.0631
533,536,Americas,South America,Chile,Puerto Montt,,PMC,,,El Tepual International Airport,,,,CL,Los Lagos,PMC,SCTE,El Tepual Airport,-41.4389,-73.094
534,537,Americas,South America,Chile,Punta Arenas,,PUQ,,,Presidente Carlos Ibáñez del Campo International Airport,,,,CL,Magallanes,PUQ,SCCI,Presidente Carlos Ibanez del Campo International Airport,-53.0026,-70.8546
535,538,Americas,South America,Chile,Santiago,,SCL,,,Arturo Merino Benítez International Airport,,,,CL,Region Metropolitana de Santiago,SCL,SCEL,Arturo Merino Benítez International Airport,-33.3928,-70.7856
536,539,Americas,South America,Colombia,Armenia,,AXM,,,El Edén International Airport,,,,CO,Quindio,AXM,SKAR,El Eden International Airport,4.45278,-75.7664
537,540,Americas,South America,Colombia,Barranquilla,,BAQ,,,Ernesto Cortissoz International Airport,,,,CO,Atlantico,BAQ,SKBQ,Ernesto Cortissoz International Airport,10.8896,-74.7808
538,541,Americas,South America,Colombia,Bogotá,,BOG,,,El Dorado International Airport,,,,CO,Distrito Capital de Bogota,BOG,SKBO,El Dorado International Airport,4.70159,-74.1469
539,542,Americas,South America,Colombia,Bucaramanga,,BGA,,,Palonegro International Airport,,,,CO,Santander,BGA,SKBG,Palonegro International Airport,7.1265,-73.1848
540,543,Americas,South America,Colombia,Buenaventura,,BUN,,,Gerardo Tobar López Airport,,,,CO,Valle del Cauca,BUN,SKBU,Gerardo Tobar Lopez Airport,3.81963,-76.9898
541,544,Americas,South America,Colombia,Cali,,CLO,,,Alfonso Bonilla Aragón International Airport,,,,CO,Valle del Cauca,CLO,SKCL,Alfonso Bonilla Aragon International Airport,3.54322,-76.3816
542,545,Americas,South America,Colombia,Cartagena,,CTG,,,Rafael Núñez International Airport,,,,CO,Bolivar,CTG,SKCG,Rafael Nunez International Airport,10.4424,-75.513
543,546,Americas,South America,Colombia,Cúcuta,,CUC,,,Camilo Daza International Airport,,,,CO,Norte de Santander,CUC,SKCC,Camilo Daza International Airport,7.92757,-72.5115
544,547,Americas,South America,Colombia,Ibagué,,IBE,,,Perales Airport,,,,CO,Tolima,IBE,SKIB,Perales Airport,4.42161,-75.1333
545,548,Americas,South America,Colombia,Ipiales,,IPI,,,San Luis Airport,,,,CO,Narino,IPI,SKIP,San Luis Airport,0.861925,-77.6718
546,549,Americas,South America,Colombia,Florencia,,FLA,,,Gustavo Artunduaga Paredes Airport,,,,CO,Caqueta,FLA,SKFL,Gustavo Artunduaga Paredes Airport,1.58919,-75.5644
547,550,Americas,South America,Colombia,Leticia,,LET,,,Alfredo Vásquez Cobo International Airport,,,,CO,Amazonas,LET,SKLT,Alfredo Vasquez Cobo International Airport,-4.19355,-69.9432
548,551,Americas,South America,Colombia,Maicao,,MCJ,,,Jorge Isaacs Airport,,,,CO,La Guajira,MCJ,SKLM,Jorge Isaacs Airport (La Mina Airport),11.2325,-72.4901
549,552,Americas,South America,Colombia,Manizales,,MZL,,,La Nubia Airport,,,,CO,Caldas,MZL,SKMZ,La Nubia Airport (Santaguida Airport),5.0296,-75.4647
550,553,Americas,South America,Colombia,Medellín,,MDE,,,José María Córdova International Airport,,,,CO,Antioquia,MDE,SKRG,Jose Maria Cordova International Airport,6.16454,-75.4231
551,554,Americas,South America,Colombia,Mitú,,MVP,,,Fabio Alberto León Bentley Airport,,,,CO,Vaupes,MVP,SKMU,Fabio Alberto Leon Bentley Airport,1.25366,-70.2339
552,555,Americas,South America,Colombia,Montería,,MTR,,,Los Garzones Airport,,,,CO,Cordoba,MTR,SKMR,Los Garzones Airport,8.82374,-75.8258
553,556,Americas,South America,Colombia,Neiva,,NVA,,,Benito Salas Airport,,,,CO,Huila,NVA,SKNV,Benito Salas Airport,2.95015,-75.294
554,557,Americas,South America,Colombia,Pasto,,PSO,,,Antonio Nariño Airport,,,,CO,Narino,PSO,SKPS,Antonio Narino Airport,1.39625,-77.2915
555,558,Americas,South America,Colombia,Pereira,,PEI,,,Matecaña International Airport,,,,CO,Risaralda,PEI,SKPE,Matecana International Airport,4.81267,-75.7395
556,559,Americas,South America,Colombia,Popayán,,PPN,,,Guillermo León Valencia Airport,,,,CO,Cauca,PPN,SKPP,Guillermo Leon Valencia Airport,2.4544,-76.6093
557,560,Americas,South America,Colombia,Providence Island,,PVA,,,El Embrujo Airport,,,,CO,"San Andres, Providencia y Santa Catalina",PVA,SKPV,El Embrujo Airport,13.3569,-81.3583
558,561,Americas,South America,Colombia,Quibdó,,UIB,,,El Caraño Airport,,,,CO,Choco,UIB,SKUI,El Carano Airport,5.69076,-76.6412
559,562,Americas,South America,Colombia,Riohacha,,RCH,,,Almirante Padilla Airport,,,,CO,La Guajira,RCH,SKRH,Almirante Padilla Airport,11.5262,-72.926
560,563,Americas,South America,Colombia,San Andrés,,ADZ,,,Gustavo Rojas Pinilla International Airport,,,,CO,"San Andres, Providencia y Santa Catalina",ADZ,SKSP,Gustavo Rojas Pinilla International Airport,12.5836,-81.7112
561,564,Americas,South America,Colombia,Tolú,,TLU,,,Golfo de Morrosquillo Airport,,,,CO,Sucre,TLU,SKTL,Golfo de Morrosquillo Airport,9.50945,-75.5854
562,565,Americas,South America,Colombia,Tumaco,,TCO,,,La Florida Airport,,,,CO,Narino,TCO,SKCO,La Florida Airport,1.81442,-78.7492
563,566,Americas,South America,Colombia,Santa Marta,,SMR,,,Simón Bolívar International Airport,,,,CO,Magdalena,SMR,SKSM,Simon Bolivar International Airport,11.1196,-74.2306
564,567,Americas,South America,Colombia,Sincelejo,,CZU,,,Las Brujas Airport,,,,CO,Sucre,CZU,SKCZ,Las Brujas Airport,9.33274,-75.2856
565,568,Americas,South America,Colombia,Valledupar,,VUP,,,Alfonso López Pumarejo Airport,,,,CO,Cesar,VUP,SKVP,Alfonso Lopez Pumarejo Airport,10.435,-73.2495
566,569,Americas,South America,Colombia,Villavicencio,,VVC,,,La Vanguardia Airport,,,,CO,Meta,VVC,SKVV,La Vanguardia Airport,4.16787,-73.6138
567,570,Americas,South America,Colombia,Yopal,,EYP,,,El Alcaraván Airport,,,,CO,Casanare,EYP,SKYP,El Alcaravan Airport,5.31911,-72.384
568,571,Americas,South America,Ecuador,Cuenca,,CUE,,,Mariscal Lamar International Airport,,,,EC,Azuay,CUE,SECU,Mariscal Lamar International Airport,-2.88947,-78.9844
569,572,Americas,South America,Ecuador,Esmeraldas,,ESM,,,Carlos Concha Torres International Airport,,,,EC,Esmeraldas,ESM,SETN,Carlos Concha Torres International Airport,0.978519,-79.6266
570,573,Americas,South America,Ecuador,Guayaquil,,GYE,,,José Joaquín de Olmedo International Airport,,,,EC,Guayas,GYE,SEGU,Jose Joaquin de Olmedo International Airport,-2.15742,-79.8836
571,574,Americas,South America,Ecuador,Machala,,ETR,,,Santa Rosa International Airport,,,,EC,El Oro,ETR,SERO,Santa Rosa International Airport,-3.44199,-79.997
572,575,Americas,South America,Ecuador,Manta,,MEC,,,Eloy Alfaro International Airport,,,,EC,Manabi,MEC,SEMT,Eloy Alfaro International Airport,-0.946078,-80.6788
573,576,Americas,South America,Ecuador,Quito,,UIO,,,Mariscal Sucre International Airport,,,,EC,Pichincha,UIO,SEQM,Mariscal Sucre International Airport,-0.129167,-78.3575
574,577,Americas,South America,Ecuador,Tulcán,,TUA,,,Teniente Coronel Luis a Mantilla International Airport,,,,EC,Carchi,TUA,SETU,Teniente Coronel Luis a Mantilla International Airport,0.809506,-77.7081
575,578,Americas,South America,Falkland Islands,Mount Pleasant,,MPN,,,RAF Mount Pleasant,,,,FK,Falkland Islands (Malvinas),MPN,EGYP,RAF Mount Pleasant,-51.8228,-58.4472
576,579,Americas,South America,French Guiana,Cayenne,,CAY,,,Cayenne – Félix Eboué Airport,,,,GF,Guyane,CAY,SOCA,Cayenne - Felix Eboue Airport,4.81981,-52.3604
577,580,Americas,South America,Guyana,Georgetown,,GEO,,,Cheddi Jagan International Airport,,,,GY,Demerara-Mahaica,GEO,SYCJ,Cheddi Jagan International Airport,6.49855,-58.2541
578,581,Americas,South America,Paraguay,Asunción,,ASU,,,Silvio Pettirossi International Airport,,,,PY,Central,ASU,SGAS,Silvio Pettirossi International Airport,-25.24,-57.52
579,582,Americas,South America,Paraguay,Ciudad del Este,,AGT,,,Guaraní International Airport,,,,PY,Alto Parana,AGT,SGES,Guarani  International Airport,-25.4545,-54.8427
580,583,Americas,South America,Peru,Arequipa,,AQP,,,Rodríguez Ballón International Airport,,,,PE,Arequipa,AQP,SPQU,Rodriguez Ballon International Airport,-16.3411,-71.5831
581,584,Americas,South America,Peru,Chiclayo,,CIX,,,José Quiñones González International Airport,,,,PE,Lambayeque,CIX,SPHI,FAP Captain Jose Abelardo Quinones Gonzales International Airport,-6.78748,-79.8281
582,585,Americas,South America,Peru,Cusco,,CUZ,,,Alejandro Velasco Astete International Airport,,,,PE,Loreto,CUZ,SPZO,Alejandro Velasco Astete International Airport,-13.5357,-71.9388
583,586,Americas,South America,Peru,Lima,,LIM,,,Jorge Chávez International Airport,,,,PE,El Callao,LIM,SPJC,Jorge Chavez International Airport,-12.0219,-77.1143
584,587,Americas,South America,Peru,Trujillo,,TRU,,,Carlos Martínez de Pinillos International Airport,,,,PE,La Libertad,TRU,SPRU,FAP Captain Carlos Martinez de Pinillos International Airport,-8.08141,-79.1088
585,588,Americas,South America,Suriname,Paramaribo,,PBM,,,Johan Adolf Pengel International Airport,,,,SR,Para,PBM,SMJP,Johan Adolf Pengel International Airport,5.45283,-55.1878
586,589,Americas,South America,Uruguay,Montevideo,,MVD,,,Carrasco International Airport,,,,UY,Montevideo,MVD,SUMU,Carrasco Gral. Cesareo L. Berisso International Airport,-34.8384,-56.0308
587,590,Americas,South America,Uruguay,Punta del Este,,PDP,,,Capitán de Corbeta Carlos A. Curbelo International Airport,,,,UY,Maldonado,PDP,SULS,Capitan de Corbeta Carlos A. Curbelo International Airport,-34.8551,-55.0943
588,591,Americas,South America,Uruguay,Rivera,,RVY,,,Rivera International Airport,,,,UY,Rivera,RVY,SURV,Pres. Gral. Oscar D. Gestido International Airport,-30.9746,-55.4762
589,592,Americas,South America,Venezuela,Caracas,,CCS,,,Simón Bolívar International Airport,,,,VE,Vargas,CCS,SVMI,Simon Bolivar International Airport,10.6012,-66.9912
590,593,Americas,South America,Venezuela,Maracaibo,,MAR,,,La Chinita International Airport,,,,VE,Zulia,MAR,SVMC,La Chinita International Airport,10.5582,-71.7279
591,594,Americas,South America,Venezuela,Valencia,,VLN,,,Arturo Michelena International Airport,,,,VE,Carabobo,VLN,SVVA,Arturo Michelena International Airport,10.1497,-67.9284
592,595,Asia,Central Asia,Kazakhstan,Aktau,,SCO,,,Aktau Airport,,,,KZ,Mangghystau oblysy,SCO,UATE,Aktau Airport,43.8601,51.092
593,596,Asia,Central Asia,Kazakhstan,Aktobe,,AKX,,,Aktobe International Airport,,,,KZ,Aqtobe oblysy,AKX,UATT,Aktobe Airport,50.2458,57.2067
594,597,Asia,Central Asia,Kazakhstan,Almaty,,ALA,,,Almaty International Airport,,,,KZ,Almaty,ALA,UAAA,Almaty International Airport,43.3521,77.0405
595,598,Asia,Central Asia,Kazakhstan,Astana,,NQZ,,,Nursultan Nazarbayev International Airport,,,,KZ,Astana,NQZ,UACC,Nursultan Nazarbayev International Airport,51.0222,71.4669
596,599,Asia,Central Asia,Kazakhstan,Atyrau,,GUW,,,Atyrau Airport,,,,KZ,Atyrau oblysy,GUW,UATG,Atyrau Airport,47.1219,51.8214
597,600,Asia,Central Asia,Kazakhstan,Karaganda,,KGF,,,Karaganda Airport,,,,KZ,Qaraghandy oblysy,KGF,UAKK,Sary-Arka Airport,49.6708,73.3344
598,601,Asia,Central Asia,Kazakhstan,Kokshetau,,KOV,,,Kokshetau Airport,,,,KZ,Aqmola oblysy,KOV,UACK,Kokshetau Airport,53.3291,69.5946
599,602,Asia,Central Asia,Kazakhstan,Kostanay,,KSN,,,Kostanay Airport,,,,KZ,Qostanay oblysy,KSN,UAUU,Kostanay Airport,53.2069,63.5503
600,603,Asia,Central Asia,Kazakhstan,Kyzylorda,,KZO,,,Kyzylorda Airport,,,,KZ,Qyzylorda oblysy,KZO,UAOO,Kyzylorda Airport,44.7069,65.5925
601,604,Asia,Central Asia,Kazakhstan,Oral,,URA,,,Oral Ak Zhol Airport,,,,KZ,Batys Qazaqstan oblysy,URA,UARR,Oral Ak Zhol Airport,51.1508,51.5431
602,605,Asia,Central Asia,Kazakhstan,Oskemen,,UKK,,,Oskemen Airport,,,,KZ,Shyghys Qazaqstan oblysy,UKK,UASK,Oskemen Airport (Ust-Kamenogorsk Airport),50.0366,82.4942
603,606,Asia,Central Asia,Kazakhstan,Pavlodar,,PWQ,,,Pavlodar Airport,,,,KZ,Pavlodar oblysy,PWQ,UASP,Pavlodar Airport,52.195,77.0739
604,607,Asia,Central Asia,Kazakhstan,Petropavl,,PPK,,,Petropavl Airport,,,,KZ,Soltustik Qazaqstan oblysy,PPK,UACP,Petropavl Airport,54.7747,69.1839
605,608,Asia,Central Asia,Kazakhstan,Semey,,PLX,,,Semey Airport,,,,KZ,Shyghys Qazaqstan oblysy,PLX,UASS,Semey Airport,50.3513,80.2344
606,609,Asia,Central Asia,Kazakhstan,Şymkent,,CIT,,,Şymkent International Airport,,,,KZ,Ongtustik Qazaqstan oblysy,CIT,UAII,Shymkent International Airport,42.3642,69.4789
607,610,Asia,Central Asia,Kazakhstan,Taraz,,DMB,,,Taraz Airport,,,,KZ,Zhambyl oblysy,DMB,UADD,Taraz Airport (Jambyl Airport),42.8536,71.3036
608,611,Asia,Central Asia,Kyrgyzstan,Bishkek,,FRU,UCFM,,Manas International Airport,,,,KG,Chuy,FRU,UAFM,Manas International Airport,43.0613,74.4776
609,612,Asia,Central Asia,Kyrgyzstan,Issyk-Kul,,IKU,UCFL,,Issyk-Kul International Airport,,,,KG,Issyk-Kul,IKU,UCFL,Issyk-Kul International Airport,42.5851,76.7064
610,613,Asia,Central Asia,Kyrgyzstan,Karakol,,,UCFP,,Karakol International Airport,,,,AU,Western Australia,,YSEN,Serpentine Airfield,-32.394167,115.872222
611,613,Asia,Central Asia,Kyrgyzstan,Karakol,,,UCFP,,Karakol International Airport,,,,CH,Bern,,LSPL,Langenthal Airport,47.1828,7.7408
612,613,Asia,Central Asia,Kyrgyzstan,Karakol,,,UCFP,,Karakol International Airport,,,,CH,Fribourg,,LSGE,Ecuvillens Airfield,46.7548,7.0762
613,613,Asia,Central Asia,Kyrgyzstan,Karakol,,,UCFP,,Karakol International Airport,,,,CH,Lausanne,,LSGL,Lausanne-Blécherette Airport,46.5452,6.6166
614,613,Asia,Central Asia,Kyrgyzstan,Karakol,,,UCFP,,Karakol International Airport,,,,CH,Fribourg,,LSGT,Gruyère Airport,46.5942,7.0944
615,613,Asia,Central Asia,Kyrgyzstan,Karakol,,,UCFP,,Karakol International Airport,,,,CH,Glarus,,LSZM,Mollis Airport,47.07835,9.06466
616,613,Asia,Central Asia,Kyrgyzstan,Karakol,,,UCFP,,Karakol International Airport,,,,CH,Obwalden,,LSMA,Alpnach,46.9386,8.2841
617,613,Asia,Central Asia,Kyrgyzstan,Karakol,,,UCFP,,Karakol International Airport,,,,CH,Obwalden,,LSPG,Kagiswil Airport,46.9082,8.2541
618,613,Asia,Central Asia,Kyrgyzstan,Karakol,,,UCFP,,Karakol International Airport,,,,CH,Neuchâtel,,LSTO,Môtiers Airport,46.9166,6.615
619,613,Asia,Central Asia,Kyrgyzstan,Karakol,,,UCFP,,Karakol International Airport,,,,CH,Neuchâtel,,LSGC,Les Eplatures Airport,47.083889,6.792778
620,613,Asia,Central Asia,Kyrgyzstan,Karakol,,,UCFP,,Karakol International Airport,,,,CH,Sankt Gallen,,LSZX,Schanis Airport,47.1717,9.03944
621,613,Asia,Central Asia,Kyrgyzstan,Karakol,,,UCFP,,Karakol International Airport,,,,CH,Valais,,LSTA,Raron Airport,46.30458333,7.818055556
622,613,Asia,Central Asia,Kyrgyzstan,Karakol,,,UCFP,,Karakol International Airport,,,,CH,Vaud,,LSMP,Payerne Air Base,46.843333,6.915
623,613,Asia,Central Asia,Kyrgyzstan,Karakol,,,UCFP,,Karakol International Airport,,,,CH,Solothurn,,LSZG,Grenchen Airport,47.181389,7.416944
624,613,Asia,Central Asia,Kyrgyzstan,Karakol,,,UCFP,,Karakol International Airport,,,,DE,Brandenburg,,EDAY,Strausberg,52.5799,13.9156
625,613,Asia,Central Asia,Kyrgyzstan,Karakol,,,UCFP,,Karakol International Airport,,,,DE,Schleswig-Holstein,,EDHB,Grube Airport,54.244434,11.02376
626,613,Asia,Central Asia,Kyrgyzstan,Karakol,,,UCFP,,Karakol International Airport,,,,DE,Schleswig-Holstein,,EDHE,Uetersen Airfield,54.244434,11.02376
627,613,Asia,Central Asia,Kyrgyzstan,Karakol,,,UCFP,,Karakol International Airport,,,,ES,Illes Balears,,LESL,San Luis Aerodrome,39.862222,4.258333
628,613,Asia,Central Asia,Kyrgyzstan,Karakol,,,UCFP,,Karakol International Airport,,,,ES,Illes Balears,,LESB,Son Bonet Aerodrome,39.598889,2.702778
629,613,Asia,Central Asia,Kyrgyzstan,Karakol,,,UCFP,,Karakol International Airport,,,,FR,Ile-de-France,,LFPX,Aérodrome de Chavenay - Villepreux,48.8422,1.9803
630,613,Asia,Central Asia,Kyrgyzstan,Karakol,,,UCFP,,Karakol International Airport,,,,FR,Ile-de-France,,LFPF,Beynes Thiverval Airport,48.8436,1.9088
631,613,Asia,Central Asia,Kyrgyzstan,Karakol,,,UCFP,,Karakol International Airport,,,,FR,Ile-de-France,,LFPK,Coulommiers – Voisins Aerodrome,48.8375,3.014444
632,613,Asia,Central Asia,Kyrgyzstan,Karakol,,,UCFP,,Karakol International Airport,,,,FR,Occitanie,,LFCQ,Aérodrome de Graulhet-Montdragon,43.7686111111,2.0077777778
633,613,Asia,Central Asia,Kyrgyzstan,Karakol,,,UCFP,,Karakol International Airport,,,,FR,Occitanie,,LFDG,Gaillac Lisle Sur Tarn Airport,43.88298,1.87428
634,613,Asia,Central Asia,Kyrgyzstan,Karakol,,,UCFP,,Karakol International Airport,,,,IT,Lombardia,,LILN,Varese-Venegono Airport,45.741389,8.886667
635,613,Asia,Central Asia,Kyrgyzstan,Karakol,,,UCFP,,Karakol International Airport,,,,NL,Noord-Brabant,,EHSE,Breda International Airport,51.5549,4.5526
636,613,Asia,Central Asia,Kyrgyzstan,Karakol,,,UCFP,,Karakol International Airport,,,,NL,Gelderland,,EHTE,Teuge International Airport,52.242,6.0518
637,613,Asia,Central Asia,Kyrgyzstan,Karakol,,,UCFP,,Karakol International Airport,,,,NZ,Canterbury,,NZFF,Forest Field Aerodrome,-43.3858,172.3605
638,613,Asia,Central Asia,Kyrgyzstan,Karakol,,,UCFP,,Karakol International Airport,,,,NZ,Canterbury,,NZRT,Rangiora Airfield WMS,-43.2892,172.5413
639,613,Asia,Central Asia,Kyrgyzstan,Karakol,,,UCFP,,Karakol International Airport,,,,US,Arkansas,,KVBT,Bentonville Municipal Airport,36.3458,-94.2194
640,613,Asia,Central Asia,Kyrgyzstan,Karakol,,,UCFP,,Karakol International Airport,,,,US,Texas,,KBAZ,New Braunfels National Airport,29.703,-98.0411
641,613,Asia,Central Asia,Kyrgyzstan,Karakol,,,UCFP,,Karakol International Airport,,,,US,Virginia,,KFCI,Chesterfield County Airport,37.406667,-77.525
642,613,Asia,Central Asia,Kyrgyzstan,Karakol,,,UCFP,,Karakol International Airport,,,,US,Virginia,,KPVG,Hampton Roads Executive Airport,36.780278,-76.448889
643,613,Asia,Central Asia,Kyrgyzstan,Karakol,,,UCFP,,Karakol International Airport,,,,US,Virginia,,KRMN,Stafford Regional Airport,38.398056,-77.455556
644,614,Asia,Central Asia,Kyrgyzstan,Osh,,OSS,UCFO,,Osh Airport,,,,KG,Osh,OSS,UAFO,Osh Airport,40.609,72.7933
645,615,Asia,Central Asia,Tajikistan,Bokhtar,,KQT,,,Bokhtar International Airport,,,,TJ,Khatlon,KQT,UTDT,Bokhtar International Airport,37.8664,68.8647
646,616,Asia,Central Asia,Tajikistan,Dushanbe,,DYU,,,Dushanbe Airport,,,,TJ,Dushanbe,DYU,UTDD,Dushanbe International Airport,38.5433,68.825
647,617,Asia,Central Asia,Tajikistan,Khujand,,LBD,,,Khujand Airport,,,,TJ,Sughd,LBD,UTDL,Khujand Airport,40.2154,69.6947
648,618,Asia,Central Asia,Tajikistan,Kulob,,TJU,,,Kulob Airport,,,,TJ,Khatlon,TJU,UTDK,Kulob Airport,37.9881,69.805
649,619,Asia,Central Asia,Turkmenistan,Ashgabat,,ASB,,,Ashgabat Airport,,,,TM,Dasoguz,ASB,UTAA,Ashgabat International Airport,37.9868,58.361
650,620,Asia,Central Asia,Turkmenistan,Daşoguz,,TAZ,,,Daşoguz Airport,,,,TM,Dasoguz,TAZ,UTAT,Dasoguz Airport,41.7611,59.8267
651,621,Asia,Central Asia,Turkmenistan,Mary,,MYP,,,Mary International Airport,,,,TM,Mary,MYP,UTAM,Mary International Airport,37.6194,61.8967
652,622,Asia,Central Asia,Turkmenistan,Türkmenabat,,CRZ,,,Turkmenabat International Airport,,,,TM,Lebap,CRZ,UTAV,Turkmenabat Airport,39.0833,63.6133
653,623,Asia,Central Asia,Turkmenistan,Turkmenbashi,,KRW,,,Turkmenbashi International Airport,,,,TM,Balkan,KRW,UTAK,Turkmenbashi International Airport,40.0633,53.0072
654,624,Asia,Central Asia,Uzbekistan,Andijan,,AZN,,,Andizhan Airport,,,,UZ,Andijon,AZN,UTKA,Andizhan Airport,40.7277,72.294
655,625,Asia,Central Asia,Uzbekistan,Bukhara,,BHK,,,Bukhara International Airport,,,,UZ,Buxoro,BHK,UTSB,Bukhara International Airport,39.775,64.4833
656,626,Asia,Central Asia,Uzbekistan,Fergana,,FEG,,,Fergana International Airport,,,,UZ,Farg'ona,FEG,UTKF,Fergana International Airport,40.3588,71.745
657,627,Asia,Central Asia,Uzbekistan,Qarshi,,KSQ,,,Karshi Airport,,,,UZ,Qashqadaryo,KSQ,UTSK,Karshi Airport,38.8336,65.9215
658,628,Asia,Central Asia,Uzbekistan,Namangan,,NMA,,,Namangan Airport,,,,UZ,Namangan,NMA,UTFN,Namangan Airport,40.9846,71.5567
659,629,Asia,Central Asia,Uzbekistan,Navoiy,,NVI,,,Navoiy International Airport,,,,UZ,Navoiy,NVI,UTSA,Navoi International Airport,40.1172,65.1708
660,630,Asia,Central Asia,Uzbekistan,Nukus,,NCU,,,Nukus Airport,,,,UZ,Qoraqalpog'iston Respublikasi,NCU,UTNN,Nukus Airport,42.4884,59.6233
661,631,Asia,Central Asia,Uzbekistan,Samarkand,,SKD,,,Samarkand International Airport,,,,UZ,Samarqand,SKD,UTSS,Samarkand International Airport,39.7005,66.9838
662,632,Asia,Central Asia,Uzbekistan,Tashkent,,TAS,,,Islam Karimov Tashkent International Airport,,,,UZ,Toshkent,TAS,UTTT,Tashkent International Airport,41.2579,69.2812
663,633,Asia,Central Asia,Uzbekistan,Termez,,TMJ,,,Termez Airport,,,,UZ,Surxondaryo,TMJ,UTST,Termez Airport,37.2867,67.31
664,634,Asia,Central Asia,Uzbekistan,Urgench,,UGC,,,Urgench International Airport,,,,UZ,Xorazm,UGC,UTNU,Urgench International Airport,41.5843,60.6417
665,635,Asia,Eastern Asia,China,Baotou,,BAV,,,Baotou Donghe international Airport,,,,CN,Nei Mongol,BAV,ZBOW,Baotou Airport,40.56,109.997
666,636,Asia,Eastern Asia,China,Beihai,,BHY,,,Beihai Fucheng Airport,,,,CN,Guangxi,BHY,ZGBH,Beihai Fucheng Airport,21.5394,109.294
667,637,Asia,Eastern Asia,China,Beijing,,PEK,,,Beijing Capital International Airport,,,,CN,Beijing,PEK,ZBAA,Beijing Capital International Airport,40.0725,116.598
668,638,Asia,Eastern Asia,China,Beijing,,PKX,,,Beijing Daxing International Airport,,,,CN,Beijing,PKX,ZBAD,Daxing International Airport,39.5101,116.4101
669,639,Asia,Eastern Asia,China,Changchun,,CGQ,,,Changchun Longjia International Airport,,,,CN,Jilin,CGQ,ZYCC,Changchun Longjia International Airport,43.9962,125.685
670,640,Asia,Eastern Asia,China,Changsha,,CSX,,,Changsha Huanghua International Airport,,,,CN,Hunan,CSX,ZGHA,Changsha Huanghua International Airport,28.1892,113.22
671,641,Asia,Eastern Asia,China,Changzhou,,CZX,,,Changzhou Benniu International Airport,,,,CN,Jiangsu,CZX,ZSCG,Changzhou Benniu Airport,31.9197,119.779
672,642,Asia,Eastern Asia,China,Chengdu,,CTU,,,Chengdu Shuangliu International Airport,,,,CN,Sichuan,CTU,ZUUU,Chengdu Shuangliu International Airport,30.5785,103.947
673,643,Asia,Eastern Asia,China,Chengdu,,TFU,,,Chengdu Tianfu International Airport,,,,CN,Sichuan,TFU,ZUTF,Chengdu Tianfu International Airport,30.319,104.445
674,644,Asia,Eastern Asia,China,Chongqing,,CKG,,,Chongqing Jiangbei International Airport,,,,CN,Chongqing,CKG,ZUCK,Chongqing Jiangbei International Airport,29.7192,106.642
675,645,Asia,Eastern Asia,China,Dalian,,DLC,,,Dalian Zhoushuizi International Airport,,,,CN,Liaoning,DLC,ZYTL,Dalian Zhoushuizi International Airport,38.9657,121.539
676,646,Asia,Eastern Asia,China,Dandong,,DDG,,,Dandong Langtou Airport,,,,CN,Liaoning,DDG,ZYDD,Dandong Langtou Airport,40.0247,124.286
677,647,Asia,Eastern Asia,China,Datong,,DAT,,,Datong Yungang Airport,,,,CN,Shanxi,DAT,ZBDT,Datong Yungang Airport,40.0603,113.482
678,648,Asia,Eastern Asia,China,Dunhuang,,DNH,,,Dunhuang Mogao International Airport,,,,CN,Gansu,DNH,ZLDH,Dunhuang Airport,40.1611,94.8092
679,649,Asia,Eastern Asia,China,Enshi City,,ENH,,,Enshi Xujiaping Airport,,,,CN,Hubei,ENH,ZHES,Enshi Xujiaping Airport,30.3203,109.485
680,650,Asia,Eastern Asia,China,Fuzhou,,FOC,,,Fuzhou Changle International Airport,,,,CN,Fujian,FOC,ZSFZ,Fuzhou Changle International Airport,25.9351,119.663
681,651,Asia,Eastern Asia,China,Ganzhou,,KOW,,,Ganzhou Huangjin Airport,,,,CN,Jiangxi,KOW,ZSGZ,Ganzhou Huangjin Airport,25.8533,114.779
682,652,Asia,Eastern Asia,China,Guangzhou,,CAN,,,Guangzhou Baiyun International Airport,,,,CN,Guangdong,CAN,ZGGG,Guangzhou Baiyun International Airport,23.3924,113.299
683,653,Asia,Eastern Asia,China,Guilin,,KWL,,,Guilin Liangjiang International Airport,,,,CN,Guangxi,KWL,ZGKL,Guilin Liangjiang International Airport,25.2181,110.039
684,654,Asia,Eastern Asia,China,Guiyang,,KWE,,,Guiyang Longdongbao International Airport,,,,CN,Guizhou,KWE,ZUGY,Guiyang Longdongbao International Airport,26.5385,106.801
685,655,Asia,Eastern Asia,China,Haikou,,HAK,,,Haikou Meilan International Airport,,,,CN,Hainan,HAK,ZJHK,Haikou Meilan International Airport,19.9349,110.459
686,656,Asia,Eastern Asia,China,Hangzhou,,HGH,,,Hangzhou Xiaoshan International Airport,,,,CN,Zhejiang,HGH,ZSHC,Hangzhou Xiaoshan International Airport,30.2295,120.434
687,657,Asia,Eastern Asia,China,Harbin,,HRB,,,Harbin Taiping International Airport,,,,CN,Heilongjiang,HRB,ZYHB,Harbin Taiping International Airport,45.6234,126.25
688,658,Asia,Eastern Asia,China,Hefei,,HFE,,,Hefei Xinqiao International Airport,,,,CN,Anhui,HFE,ZSOF,Hefei Xinqiao International Airport,31.78,117.298
689,659,Asia,Eastern Asia,China,Heihe,,HEK,,,Heihe Aihui Airport,,,,CN,Heilongjiang,HEK,ZYHE,Heihe Airport,50.1716,127.309
690,660,Asia,Eastern Asia,China,Hohhot,,HET,,,Hohhot Baita International Airport,,,,CN,Nei Mongol,HET,ZBHH,Hohhot Baita International Airport,40.8514,111.824
691,661,Asia,Eastern Asia,China,Huai'an,,HIA,,,Huai'an Lianshui International Airport,,,,CN,Jiangsu,HIA,ZSSH,Huai'an Lianshui Airport,33.7908,119.125
692,662,Asia,Eastern Asia,China,Huangshan City,,TXN,,,Huangshan Tunxi International Airport,,,,CN,Anhui,TXN,ZSTX,Huangshan Tunxi International Airport,29.7333,118.256
693,663,Asia,Eastern Asia,China,Hulunbuir,,HLD,,,Hulunbuir Hailar Airport,,,,CN,Nei Mongol,HLD,ZBLA,Hulunbuir Hailar Airport,49.205,119.825
694,664,Asia,Eastern Asia,China,Jiamusi,,JMU,,,Jiamusi Dongjiao Airport,,,,CN,Heilongjiang,JMU,ZYJM,Jiamusi Dongjiao Airport,46.8434,130.465
695,665,Asia,Eastern Asia,China,Jieyang,,SWA,,,Jieyang Chaoshan International Airport,,,,CN,Guangdong,SWA,ZGOW,Jieyang Chaoshan International Airport,23.552,116.503
696,666,Asia,Eastern Asia,China,Jinan,,TNA,,,Jinan Yaoqiang International Airport,,,,CN,Shandong,TNA,ZSJN,Jinan Yaoqiang International Airport,36.8572,117.216
697,667,Asia,Eastern Asia,China,Kunming,,KMG,,,Kunming Changshui International Airport,,,,CN,Yunnan,KMG,ZPPP,Kunming Changshui International Airport,25.1019,102.929
698,668,Asia,Eastern Asia,China,Lanzhou,,LHW,,,Lanzhou Zhongchuan International Airport,,,,CN,Gansu,LHW,ZLLL,Lanzhou Zhongchuan International Airport,36.5152,103.62
699,669,Asia,Eastern Asia,China,Lhasa,,LXA,,,Lhasa Gonggar Airport,,,,CN,Xizang,LXA,ZULS,Lhasa Gonggar Airport,29.2978,90.9119
700,670,Asia,Eastern Asia,China,Lianyungang,,LYG,,,Lianyungang Baitabu Airport,,,,CN,Jiangsu,LYG,ZSLG,Lianyungang Baitabu Airport,34.5717,118.874
701,671,Asia,Eastern Asia,China,Lijiang,,LJG,,,Lijiang Sanyi International Airport,,,,CN,Yunnan,LJG,ZPLJ,Lijiang Sanyi Airport,26.68,100.246
702,672,Asia,Eastern Asia,China,Linyi,,LYI,,,Linyi Qiyang Airport,,,,CN,Shandong,LYI,ZSLY,Linyi Shubuling Airport,35.0461,118.412
703,673,Asia,Eastern Asia,China,Luoyang,,LYA,,,Luoyang Beijiao Airport,,,,CN,Henan,LYA,ZHLY,Luoyang Beijiao Airport,34.7411,112.388
704,674,Asia,Eastern Asia,China,Mangshi,,LUM,,,Dehong Mangshi Airport,,,,CN,Yunnan,LUM,ZPMS,Dehong Mangshi Airport,24.4011,98.5317
705,675,Asia,Eastern Asia,China,Manzhouli,,NZH,,,Manzhouli Xijiao Airport,,,,CN,Nei Mongol,NZH,ZBMZ,Manzhouli Xijiao Airport,49.5667,117.33
706,676,Asia,Eastern Asia,China,Mudanjiang,,MDG,,,Mudanjiang Hailang International Airport,,,,CN,Heilongjiang,MDG,ZYMD,Mudanjiang Hailang Airport,44.5241,129.569
707,677,Asia,Eastern Asia,China,Nanchang,,KHN,,,Nanchang Changbei International Airport,,,,CN,Jiangxi,KHN,ZSCN,Nanchang Changbei International Airport,28.865,115.9
708,678,Asia,Eastern Asia,China,Nanjing,,NKG,,,Nanjing Lukou International Airport,,,,CN,Jiangsu,NKG,ZSNJ,Nanjing Lukou International Airport,31.742,118.862
709,679,Asia,Eastern Asia,China,Nanning,,NNG,,,Nanning Wuxu International Airport,,,,CN,Guangxi,NNG,ZGNN,Nanning Wuxu International Airport,22.6083,108.172
710,680,Asia,Eastern Asia,China,Nantong,,NTG,,,Nantong Xingdong International Airport,,,,CN,Jiangsu,NTG,ZSNT,Nantong Xingdong Airport,32.0708,120.976
711,681,Asia,Eastern Asia,China,Ningbo,,NGB,,,Ningbo Lishe International Airport,,,,CN,Zhejiang,NGB,ZSNB,Ningbo Lishe International Airport,29.8267,121.462
712,682,Asia,Eastern Asia,China,Ordos City,,DSN,,,Ordos Ejin Horo International Airport,,,,CN,Nei Mongol,DSN,ZBDS,Ordos Ejin Horo Airport,39.49,109.861
713,683,Asia,Eastern Asia,China,Qingdao,,TAO,,,Qingdao Jiaodong International Airport,,,,CN,Shandong,TAO,ZSQD,Qingdao Liuting International Airport,36.2661,120.374
714,684,Asia,Eastern Asia,China,Qinhuangdao,,BPE,,,Qinhuangdao Beidaihe Airport,,,,CN,Hebei,BPE,ZBDH,Qinhuangdao Beidaihe Airport,39.6664,119.059
715,685,Asia,Eastern Asia,China,Qionghai,,BAR,,,Qionghai Bo'ao International Airport,,,,CN,Hainan,BAR,,Qionghai Bo'ao Airport,19.1382,110.455
716,686,Asia,Eastern Asia,China,Qiqihar,,NDG,,,Qiqihar Sanjiazi Airport,,,,CN,Heilongjiang,NDG,ZYQQ,Qiqihar Sanjiazi Airport,47.2396,123.918
717,687,Asia,Eastern Asia,China,Quanzhou,,JJN,,,Quanzhou Jinjiang International Airport,,,,CN,Fujian,JJN,ZSQZ,Quanzhou Jinjiang International Airport,24.7964,118.59
718,688,Asia,Eastern Asia,China,Sanya,,SYX,,,Sanya Phoenix International Airport,,,,CN,Hainan,SYX,ZJSY,Sanya Phoenix International Airport,18.3029,109.412
719,689,Asia,Eastern Asia,China,Shanghai,,SHA,,,Shanghai Hongqiao International Airport,,,,CN,Shanghai,SHA,ZSSS,Shanghai Hongqiao International Airport,31.1979,121.336
720,690,Asia,Eastern Asia,China,Shanghai,,PVG,,,Shanghai Pudong International Airport,,,,CN,Shanghai,PVG,ZSPD,Shanghai Pudong International Airport,31.1434,121.805
721,691,Asia,Eastern Asia,China,Shenyang,,SHE,,,Shenyang Taoxian International Airport,,,,CN,Liaoning,SHE,ZYTX,Shenyang Taoxian International Airport,41.6398,123.483
722,692,Asia,Eastern Asia,China,Shenzhen,,SZX,,,Shenzhen Bao'an International Airport,,,,CN,Guangdong,SZX,ZGSZ,Shenzhen Bao'an International Airport,22.6393,113.811
723,693,Asia,Eastern Asia,China,Shijiazhuang,,SJW,,,Shijiazhuang Zhengding International Airport,,,,CN,Hebei,SJW,ZBSJ,Shijiazhuang Zhengding International Airport,38.2807,114.697
724,694,Asia,Eastern Asia,China,Taiyuan,,TYN,,,Taiyuan Wusu International Airport,,,,CN,Shanxi,TYN,ZBYN,Taiyuan Wusu International Airport,37.7469,112.628
725,695,Asia,Eastern Asia,China,Tianjin,,TSN,,,Tianjin Binhai International Airport,,,,CN,Tianjin,TSN,ZBTJ,Tianjin Binhai International Airport,39.1244,117.346
726,696,Asia,Eastern Asia,China,Ulanqab,,UCB,,,Ulanqab Jining Airport,,,,CN,Nei Mongol,UCB,,Ulanqab Airport,41.1297,113.108
727,697,Asia,Eastern Asia,China,Ürümqi,,URC,,,Ürümqi Diwopu International Airport,,,,CN,Xinjiang,URC,ZWWW,Urumqi Diwopu International Airport,43.9071,87.4742
728,698,Asia,Eastern Asia,China,Wanzhou,,WXN,,,Wanzhou Wuqiao Airport,,,,CN,Chongqing,WXN,ZUWX,Wanzhou Wuqiao Airport,30.8017,108.433
729,699,Asia,Eastern Asia,China,Weihai,,WEH,,,Weihai Dashuibo Airport,,,,CN,Shandong,WEH,ZSWH,Weihai Dashuibo Airport,37.1871,122.229
730,700,Asia,Eastern Asia,China,Wenzhou,,WNZ,,,Wenzhou Yongqiang Airport,,,,CN,Zhejiang,WNZ,ZSWZ,Wenzhou Longwan International Airport,27.9122,120.852
731,701,Asia,Eastern Asia,China,Wuhan,,WUH,,,Wuhan Tianhe International Airport,,,,CN,Hubei,WUH,ZHHH,Wuhan Tianhe International Airport,30.7838,114.208
732,702,Asia,Eastern Asia,China,Wuxi,,WUX,,,Sunan Shuofang International Airport,,,,CN,Jiangsu,WUX,ZSWX,Sunan Shuofang International Airport,31.4944,120.429
733,703,Asia,Eastern Asia,China,Wuyishan,,WUS,,,Wuyishan Airport,,,,CN,Fujian,WUS,ZSWY,Wuyishan Airport,27.7019,118.001
734,704,Asia,Eastern Asia,China,Xiamen,,XMN,,,Xiamen Gaoqi International Airport,,,,CN,Fujian,XMN,ZSAM,Xiamen Gaoqi International Airport,24.544,118.128
735,705,Asia,Eastern Asia,China,Xi'an,,XIY,,,Xi'an Xianyang International Airport,,,,CN,Shaanxi,XIY,ZLXY,Xi'an Xianyang International Airport,34.4471,108.752
736,706,Asia,Eastern Asia,China,Xining,,XNN,,,Xining Caojiabao International Airport,,,,CN,Qinghai,XNN,ZLXN,Xining Caojiabao Airport,36.5275,102.043
737,707,Asia,Eastern Asia,China,Xinzhou,,WUT,,,Xinzhou Wutaishan Airport,,,,CN,Shanxi,WUT,ZBXZ,Xinzhou Wutaishan Airport,38.5975,112.969
738,708,Asia,Eastern Asia,China,Xishuangbanna,,JHG,,,Xishuangbanna Gasa International Airport,,,,CN,Yunnan,JHG,ZPJH,Xishuangbanna Gasa Airport,21.9739,100.76
739,709,Asia,Eastern Asia,China,Xuzhou,,XUZ,,,Xuzhou Guanyin Airport,,,,CN,Jiangsu,XUZ,ZSXZ,Xuzhou Guanyin Airport,34.0591,117.555
740,710,Asia,Eastern Asia,China,Yancheng,,YNZ,,,Yancheng Nanyang Airport,,,,CN,Jiangsu,YNZ,ZSYN,Yancheng Nanyang International Airport,33.4258,120.203
741,711,Asia,Eastern Asia,China,Yangzhou,,YTY,,,Yangzhou Taizhou International Airport,,,,CN,Jiangsu,YTY,ZSYA,Yangzhou Taizhou Airport,32.5602,119.717
742,712,Asia,Eastern Asia,China,Yanji,,YNJ,,,Yanji Airport,,,,CN,Jilin,YNJ,ZYYJ,Yanji Chaoyangchuan Airport,42.8828,129.451
743,713,Asia,Eastern Asia,China,Yantai,,YNT,,,Yantai Penglai International Airport,,,,CN,Shandong,YNT,ZSYT,Yantai Penglai International Airport,37.6572,120.987
744,714,Asia,Eastern Asia,China,Yichang,,YIH,,,Yichang Sanxia Airport,,,,CN,Hubei,YIH,ZHYC,Yichang Sanxia Airport,30.5565,111.48
745,715,Asia,Eastern Asia,China,Yinchuan,,INC,,,Yinchuan Hedong International Airport,,,,CN,Ningxia,INC,ZLIC,Yinchuan Hedong International Airport,38.3228,106.393
746,716,Asia,Eastern Asia,China,Yiwu,,YIW,,,Yiwu Airport,,,,CN,Zhejiang,YIW,ZSYW,Yiwu Airport,29.3447,120.032
747,717,Asia,Eastern Asia,China,Yuncheng,,YCU,,,Yuncheng Guangong Airport,,,,CN,Shanxi,YCU,ZBYC,Yuncheng Guangong Airport,35.1164,111.031
748,718,Asia,Eastern Asia,China,Zhangjiajie,,DYG,,,Zhangjiajie Hehua Airport,,,,CN,Hunan,DYG,ZGDY,Zhangjiajie Hehua Airport,29.1028,110.443
749,719,Asia,Eastern Asia,China,Zhanjiang,,ZHA,,,Zhanjiang Wuchuan Airport,,,,CN,Guangdong,ZHA,ZGZJ,Zhanjiang Airport,21.2144,110.358
750,720,Asia,Eastern Asia,China,Zhengzhou,,CGO,,,Zhengzhou Xinzheng International Airport,,,,CN,Henan,CGO,ZHCC,Zhengzhou Xinzheng International Airport,34.5197,113.841
751,721,Asia,Eastern Asia,China,Zhuhai,,ZUH,,,Zhuhai Jinwan Airport,,,,CN,Guangdong,ZUH,ZGSD,Zhuhai Jinwan Airport (Zhuhai Sanzao Airport),22.0064,113.376
752,722,Asia,Eastern Asia,China,Zunyi,,ZYI,,,Zunyi Xinzhou Airport,,,,CN,Guizhou,ZYI,ZUZY,Zunyi Xinzhou Airport,27.5895,107.001
753,723,Asia,Eastern Asia,Hong Kong,Chek Lap Kok,,HKG,,,Hong Kong International Airport,,,,HK,Hong Kong,HKG,VHHH,Hong Kong International Airport (Chek Lap Kok Airport),22.3089,113.915
754,724,Asia,Eastern Asia,Japan,Akita,,AXT,,,Akita Airport,,,,JP,Akita,AXT,RJSK,Akita Airport,39.6156,140.219
755,725,Asia,Eastern Asia,Japan,Aomori,,AOJ,,,Aomori Airport,,,,JP,Aomori,AOJ,RJSA,Aomori Airport,40.7347,140.691
756,726,Asia,Eastern Asia,Japan,Fukuoka,,FUK,,,Fukuoka Airport,,,,JP,Fukuoka,FUK,RJFF,Fukuoka Airport (Itazuke Air Base),33.5859,130.451
757,727,Asia,Eastern Asia,Japan,Hakodate,,HKD,,,Hakodate Airport,,,,JP,Hokkaido,HKD,RJCH,Hakodate Airport,41.77,140.822
758,728,Asia,Eastern Asia,Japan,Hiroshima,,HIJ,,,Hiroshima Airport,,,,JP,Hiroshima,HIJ,RJOA,Hiroshima Airport,34.4361,132.919
759,729,Asia,Eastern Asia,Japan,Kagoshima,,KOJ,,,Kagoshima Airport,,,,JP,Kagoshima,KOJ,RJFK,Kagoshima Airport,31.8034,130.719
760,730,Asia,Eastern Asia,Japan,Kitakyushu,,KKJ,,,Kitakyushu Airport,,,,JP,Fukuoka,KKJ,RJFR,Kitakyushu Airport,33.8459,131.035
761,731,Asia,Eastern Asia,Japan,Komatsu,,KMQ,,,Komatsu Airport,,,,JP,Ishikawa,KMQ,RJNK,Komatsu Airport (Kanazawa Airport),36.3946,136.407
762,732,Asia,Eastern Asia,Japan,Nagasaki,,NGS,,,Nagasaki Airport,,,,JP,Nagasaki,NGS,RJFU,Nagasaki Airport,32.9169,129.914
763,733,Asia,Eastern Asia,Japan,Nagoya,,NGO,,,Chubu Centrair International Airport,,,,JP,Aichi,NGO,RJGG,Chubu Centrair International Airport,34.8584,136.805
764,734,Asia,Eastern Asia,Japan,Naha,,OKA,,,Naha Airport,,,,JP,Okinawa,OKA,ROAH,Naha Airport,26.1958,127.646
765,735,Asia,Eastern Asia,Japan,Niigata,,KIJ,,,Niigata Airport,,,,JP,Niigata,KIJ,RJSN,Niigata Airport,37.9559,139.121
766,736,Asia,Eastern Asia,Japan,Ōita,,OIT,,,Oita Airport,,,,JP,Oita,OIT,RJFO,Oita Airport,33.4794,131.737
767,737,Asia,Eastern Asia,Japan,Okayama,,OKJ,,,Okayama Airport,,,,JP,Okayama,OKJ,RJOB,Okayama Airport,34.7569,133.855
768,738,Asia,Eastern Asia,Japan,Osaka,,KIX,,,Kansai International Airport,,,,JP,Osaka,KIX,RJBB,Kansai International Airport,34.4305,135.23
769,739,Asia,Eastern Asia,Japan,Sapporo,,CTS,,,New Chitose Airport,,,,JP,Hokkaido,CTS,RJCC,New Chitose Airport,42.7876,141.6772
770,740,Asia,Eastern Asia,Japan,Sendai,,SDJ,,,Sendai Airport,,,,JP,Miyagi,SDJ,RJSS,Sendai Airport,38.1397,140.917
771,741,Asia,Eastern Asia,Japan,Shizuoka,,FSZ,,,Shizuoka Airport,,,,JP,Shizuoka,FSZ,RJNS,Shizuoka Airport (Mt. Fuji Shizuoka Airport),34.796,138.188
772,742,Asia,Eastern Asia,Japan,Tokyo,,HND,,,Haneda Airport,,,,JP,Tokyo,HND,RJTT,Haneda Airport,35.5533,139.781
773,743,Asia,Eastern Asia,Japan,Tokyo,,NRT,,,Narita International Airport,,,,JP,Tokyo,NRT,RJAA,Narita International Airport,35.7653,140.386
774,744,Asia,Eastern Asia,Macau,Taipa,,MFM,,,Macau International Airport,,,,MO,Macau,MFM,VMMC,Macau International Airport,22.1496,113.592
775,745,Asia,Eastern Asia,Mongolia,Ulaanbaatar,,UBN,,,Chinggis Khaan International Airport,,,,MN,Ulaanbaatar,UBN,ZMCK,Chinggis Khaan International Airport,47.6516,106.822
776,746,Asia,Eastern Asia,North Korea,Pyongyang,,FNJ,,,Pyongyang International Airport,,,,KP,P'yongyang,FNJ,ZKPY,Pyongyang Sunan International Airport,39.2241,125.67
777,747,Asia,Eastern Asia,South Korea,Busan,,PUS,,,Gimhae International Airport,,,,KR,Busan-gwangyeoksi,PUS,RKPK,Gimhae International Airport,35.1795,128.938
778,748,Asia,Eastern Asia,South Korea,Cheongju,,CJJ,,,Cheongju International Airport,,,,KR,Chungcheongbuk-do,CJJ,RKTU,Cheongju International Airport,36.717,127.499
779,749,Asia,Eastern Asia,South Korea,Daegu,,TAE,,,Daegu International Airport,,,,KR,Gyeongsangnam-do,TAE,RKTN,Daegu International Airport,35.8969,128.655
780,750,Asia,Eastern Asia,South Korea,Jeju,,CJU,,,Jeju International Airport,,,,KR,Jeju-teukbyeoljachido,CJU,RKPC,Jeju International Airport,33.5113,126.493
781,751,Asia,Eastern Asia,South Korea,Muan,,MWX,,,Muan International Airport,,,,KR,Gwangju-gwangyeoksi,MWX,RKJB,Muan International Airport,34.9914,126.383
782,752,Asia,Eastern Asia,South Korea,Seoul,,GMP,,,Gimpo International Airport,,,,KR,Gyeonggi-do,GMP,RKSS,Seoul Gimpo International Airport,37.5655,126.8011
783,753,Asia,Eastern Asia,South Korea,Seoul,,ICN,,,Incheon International Airport,,,,KR,Gyeonggi-do,ICN,RKSI,Incheon International Airport,37.4633,126.44
784,754,Asia,Eastern Asia,South Korea,Yangyang,,YNY,,,Yangyang International Airport,,,,KR,Gangwon-do,YNY,RKNY,Yangyang International Airport,38.0613,128.669
785,755,Asia,Eastern Asia,Taiwan,Hualien City,,HUN,,,Hualien Airport,,,,TW,Hualien,HUN,RCYU,Hualien Airport,24.0231,121.618
786,756,Asia,Eastern Asia,Taiwan,Kaohsiung,,KHH,,,Kaohsiung International Airport,,,,TW,Kaohsiung,KHH,RCKH,Kaohsiung International Airport,22.5771,120.35
787,757,Asia,Eastern Asia,Taiwan,Taichung,,RMQ,,,Taichung International Airport,,,,TW,Taichung,RMQ,RCMQ,Taichung Airport (Taichung Ching Chuan Kang Airport),24.2647,120.621
788,758,Asia,Eastern Asia,Taiwan,Tainan,,TNN,,,Tainan Airport,,,,TW,Tainan,TNN,RCNN,Tainan Airport,22.9504,120.206
789,759,Asia,Eastern Asia,Taiwan,Taipei,,TSA,,,Taipei Songshan Airport,,,,TW,Taipei,TSA,RCSS,Taipei Songshan Airport,25.0694,121.552
790,760,Asia,Eastern Asia,Taiwan,Taipei,,TPE,,,Taoyuan International Airport,,,,TW,Taoyuan,TPE,RCTP,Taiwan Taoyuan International Airport,25.0777,121.233
791,761,Asia,Southern Asia,Bangladesh,Barishal,,BZL,,,Barisal Airport,,,,BD,Barisal,BZL,VGBR,Barisal Airport,22.801,90.3012
792,762,Asia,Southern Asia,Bangladesh,Chittagong,,CGP,,,Shah Amanat International Airport,,,,BD,Chittagong,CGP,VGEG,Shah Amanat International Airport,22.2496,91.8133
793,763,Asia,Southern Asia,Bangladesh,Cox's Bazar,,CXB,,,Cox's Bazar International Airport,,,,BD,Chittagong,CXB,VGCB,Cox's Bazar Airport,21.4522,91.9639
794,764,Asia,Southern Asia,Bangladesh,Dhaka,,DAC,,,Hazrat Shahjalal International Airport,,,,BD,Dhaka,DAC,VGHS,Hazrat Shahjalal International Airport,23.8433,90.3978
795,765,Asia,Southern Asia,Bangladesh,Khulna,,KLN,,,Khan Jahan Ali Airport,,,,US,Alaska,KLN,PALB,Larsen Bay Airport,57.5351,-153.978
796,766,Asia,Southern Asia,Bangladesh,Rajshahi,,RJH,,,Shah Makhdum Airport,,,,BD,Rajshahi,RJH,VGRJ,Shah Makhdum Airport,24.4372,88.6165
797,767,Asia,Southern Asia,Bangladesh,Rangpur,,SPD,,,Saidpur Airport,,,,BD,Rangpur,SPD,VGSD,Saidpur Airport,25.7592,88.9089
798,768,Asia,Southern Asia,Bangladesh,Sylhet,,ZYL,,,Osmani International Airport,,,,BD,Sylhet,ZYL,VGSY,Osmani International Airport,24.9632,91.8668
799,769,Asia,Southern Asia,Bhutan,Paro,,PBH,,,Paro International Airport,,,,BT,Paro,PBH,VQPR,Paro International Airport,27.4032,89.4246
800,770,Asia,Southern Asia,India,Agartala,,IXA,,Tripura,Maharaja Bir Bikram Airport,,,,IN,Tripura,IXA,VEAT,Agartala Airport (Singerbhil Airport),23.887,91.2404
801,771,Asia,Southern Asia,India,Ahmedabad,,AMD,,Gujarat,Sardar Vallabhbhai Patel International Airport,,,,IN,Gujarat,AMD,VAAH,Sardar Vallabhbhai Patel International Airport,23.0772,72.6347
802,772,Asia,Southern Asia,India,Amritsar,,ATQ,,Punjab,Sri Guru Ram Das Ji International Airport,,,,IN,Punjab,ATQ,VIAR,Sri Guru Ram Dass Jee International Airport,31.7096,74.7973
803,773,Asia,Southern Asia,India,Ayodhya,,AYJ,,Uttar Pradesh,"Maharishi Valmiki International Airport, Ayodhya Dham",,,,IN,Uttar Pradesh,AYJ,,Ayodhya Faizabad Airport,26.7474,82.1505
804,774,Asia,Southern Asia,India,Bengaluru,,BLR,,Karnataka,Kempegowda International Airport,,,,IN,Karnataka,BLR,VOBL,Kempegowda International Airport,13.1979,77.7063
805,775,Asia,Southern Asia,India,Bhopal,,BHO,,Madhya Pradesh,Raja Bhoj Airport,,,,IN,Madhya Pradesh,BHO,VABP,Raja Bhoj Airport,23.2875,77.3374
806,776,Asia,Southern Asia,India,Bhubaneswar,,BBI,,Odisha,Biju Patnaik International Airport,,,,IN,Odisha,BBI,VEBS,Biju Patnaik International Airport,20.2444,85.8178
807,777,Asia,Southern Asia,India,Chennai,,MAA,,Tamil Nadu,Chennai International Airport,,,,IN,Tamil Nadu,MAA,VOMM,Chennai International Airport,12.99,80.1693
808,778,Asia,Southern Asia,India,Coimbatore,,CJB,,Tamil Nadu,Coimbatore International Airport,,,,IN,Tamil Nadu,CJB,VOCB,Coimbatore International Airport,11.03,77.0434
809,779,Asia,Southern Asia,India,Delhi NCR,,DEL,,Delhi,Indira Gandhi International Airport,,,,IN,Delhi,DEL,VIDP,Indira Gandhi International Airport,28.5665,77.1031
810,780,Asia,Southern Asia,India,Gaya,,GAY,,Bihar,Gaya Airport,,,,IN,Bihar,GAY,VEGY,Gaya Airport (Bodhgaya Airport),24.7443,84.9512
811,781,Asia,Southern Asia,India,Guwahati,,GAU,,Assam,Lokpriya Gopinath Bordoloi International Airport,,,,IN,Assam,GAU,VEGT,Lokpriya Gopinath Bordoloi International Airport,26.1061,91.5859
812,782,Asia,Southern Asia,India,Hyderabad,,HYD,,Telangana,Rajiv Gandhi International Airport,,,,IN,Telangana,HYD,VOHS,Rajiv Gandhi International Airport,17.2313,78.4299
813,783,Asia,Southern Asia,India,Imphal,,IMF,,Manipur,Imphal Airport,,,,IN,Manipur,IMF,VEIM,Imphal International Airport (Tulihal Airport),24.76,93.8967
814,784,Asia,Southern Asia,India,Indore,,IDR,,Madhya Pradesh,Devi Ahilya Bai Holkar Airport,,,,IN,Madhya Pradesh,IDR,VAID,Devi Ahilyabai Holkar International Airport,22.7218,75.8011
815,785,Asia,Southern Asia,India,Jaipur,,JAI,,Rajasthan,Jaipur International Airport,,,,IN,Rajasthan,JAI,VIJP,Jaipur International Airport,26.8242,75.8122
816,786,Asia,Southern Asia,India,Jammu,,IXJ,,Jammu and Kashmir,Jammu Airport,,,,IN,Jammu and Kashmir,IXJ,VIJU,Jammu Airport (Satwari Airport),32.6891,74.8374
817,787,Asia,Southern Asia,India,Kannur,,CNN,,Kerala,Kannur International Airport,,,,IN,Kerala,CNN,VOKN,Kannur International Airport,11.9186,75.5472
818,788,Asia,Southern Asia,India,Kochi,,COK,,Kerala,Cochin International Airport,,,,IN,Kerala,COK,VOCI,Cochin International Airport (Nedumbassery Airport),10.152,76.4019
819,789,Asia,Southern Asia,India,Kolkata,,CCU,,West Bengal,Netaji Subhas Chandra Bose International Airport,,,,IN,West Bengal,CCU,VECC,Netaji Subhas Chandra Bose International Airport,22.6547,88.4467
820,790,Asia,Southern Asia,India,Kozhikode,,CCJ,,Kerala,Calicut International Airport,,,,IN,Kerala,CCJ,VOCL,Calicut International Airport,11.1368,75.9553
821,791,Asia,Southern Asia,India,Lucknow,,LKO,,Uttar Pradesh,Chaudhary Charan Singh Airport,,,,IN,Uttar Pradesh,LKO,VILK,Chaudhary Charan Singh International Airport,26.7606,80.8893
822,792,Asia,Southern Asia,India,Madurai,,IXM,,Tamil Nadu,Madurai Airport,,,,IN,Tamil Nadu,IXM,VOMD,Madurai Airport,9.83451,78.0934
823,793,Asia,Southern Asia,India,Mangaluru,,IXE,,Karnataka,Mangaluru International Airport,,,,IN,Karnataka,IXE,VOML,Mangalore Airport,12.9613,74.8901
824,794,Asia,Southern Asia,India,Mumbai,,BOM,,Maharashtra,Chhatrapati Shivaji Maharaj International Airport,,,,IN,Maharashtra,BOM,VABB,Chhatrapati Shivaji International Airport,19.0887,72.8679
825,795,Asia,Southern Asia,India,Nagpur,,NAG,,Maharashtra,Dr. Babasaheb Ambedkar International Airport,,,,IN,Maharashtra,NAG,VANP,Dr. Babasaheb Ambedkar International Airport,21.0922,79.0472
826,796,Asia,Southern Asia,India,Nashik,,ISK,,Maharashtra,Nashik Airport,,,,IN,Maharashtra,ISK,VAOZ,Nashik Airport,20.1191,73.9129
827,799,Asia,Southern Asia,India,North Goa,,GOX,,Goa,Manohar International Airport,,,,IN,Goa,GOX,VOGA,Manohar International Airport (Goa),15.7312,73.8666
828,800,Asia,Southern Asia,India,Pune,,PNQ,,Maharashtra,Pune Airport,,,,IN,Maharashtra,PNQ,VAPO,Pune Airport,18.5821,73.9197
829,801,Asia,Southern Asia,India,Ranchi,,IXR,,Jharkhand,Birsa Munda Airport,,,,IN,Jharkhand,IXR,VERC,Birsa Munda Airport,23.3143,85.3217
830,802,Asia,Southern Asia,India,Siliguri,,IXB,,West Bengal,Bagdogra International Airport,,,,IN,West Bengal,IXB,VEBD,Bagdogra Airport,26.6812,88.3286
831,803,Asia,Southern Asia,India,South Goa,,GOI,,Goa,Dabolim Airport,,,,IN,Goa,GOI,VOGO,Goa International Airport (Dabolim Airport),15.3808,73.8314
832,804,Asia,Southern Asia,India,Srinagar,,SXR,,Jammu and Kashmir,Srinagar Airport,,,,IN,Jammu and Kashmir,SXR,VISR,Sheikh ul Alam International Airport,33.9871,74.7742
833,805,Asia,Southern Asia,India,Surat,,STV,,Gujarat,Surat Airport,,,,IN,Gujarat,STV,VASU,Surat Airport,21.1141,72.7418
834,806,Asia,Southern Asia,India,Thiruvananthapuram,,TRV,,Kerala,Trivandrum International Airport,,,,IN,Kerala,TRV,VOTV,Trivandrum International Airport,8.48212,76.9201
835,807,Asia,Southern Asia,India,Tiruchirappalli,,TRZ,,Tamil Nadu,Tiruchirappalli International Airport,,,,IN,Tamil Nadu,TRZ,VOTR,Tiruchirappalli International Airport,10.7654,78.7097
836,808,Asia,Southern Asia,India,Tirupati,,TIR,,Andhra Pradesh,Tirupati International Airport,,,,IN,Andhra Pradesh,TIR,VOTP,Tirupati Airport,13.6325,79.5433
837,809,Asia,Southern Asia,India,Vadodara,,BDQ,,Gujarat,Vadodara Airport,,,,IN,Gujarat,BDQ,VABO,Vadodara Airport (Civil Airport Harni),22.3362,73.2263
838,810,Asia,Southern Asia,India,Varanasi,,VNS,,Uttar Pradesh,Lal Bahadur Shastri Airport,,,,IN,Uttar Pradesh,VNS,VEBN,Lal Bahadur Shastri Airport,25.4524,82.8593
839,811,Asia,Southern Asia,India,Vijayawada,,VGA,,Andhra Pradesh,Vijayawada International Airport,,,,IN,Andhra Pradesh,VGA,VOBZ,Vijayawada Airport,16.5304,80.7968
840,812,Asia,Southern Asia,India,Visakhapatnam,,VTZ,,Andhra Pradesh,Visakhapatnam International Airport,,,,IN,Andhra Pradesh,VTZ,VEVZ,Visakhapatnam Airport,17.7212,83.2245
841,813,Asia,Southern Asia,Maldives,Addu City,,GAN,,,Gan International Airport,,,,MV,Seenu,GAN,VRMG,Gan International Airport,-0.693342,73.1556
842,814,Asia,Southern Asia,Maldives,Hanimaadhoo,,HAQ,,,Hanimaadhoo International Airport,,,,MV,Haa Dhaalu,HAQ,VRMH,Hanimaadhoo International Airport,6.74423,73.1705
843,815,Asia,Southern Asia,Maldives,Malé,,MLE,,,Velana International Airport,,,,MV,Kaafu,MLE,VRMM,Velana International Airport,4.19183,73.5291
844,816,Asia,Southern Asia,Maldives,Maafaru,,NMF,,,Maafaru International Airport,,,,MV,Baa,NMF,,Maafaru International Airport,5.82222,73.4747
845,817,Asia,Southern Asia,Maldives,Maamigili,,VAM,,,Villa International Airport Maamigili,,,,MV,Baa,VAM,VRMV,Villa International Airport,3.47056,72.8358
846,818,Asia,Southern Asia,Nepal,Kathmandu,,KTM,,,Tribhuvan International Airport,,,,NP,Bagmati,KTM,VNKT,Tribhuvan International Airport,27.6966,85.3591
847,819,Asia,Southern Asia,Nepal,Pokhara,,PKR,,,Pokhara Regional International Airport,,,,NP,Gandaki,PKR,VNPK,Pokhara Airport,28.2009,83.9821
848,820,Asia,Southern Asia,Nepal,Siddharthanagar,,BWA,,,Gautam Buddha International Airport,,,,NP,Lumbini,BWA,VNBW,Gautam Buddha Airport,27.5057,83.4163
849,821,Asia,Southern Asia,Pakistan,Bahawalpur,,BHV,,,Bahawalpur Airport,,,,PK,Punjab,BHV,OPBW,Bahawalpur Airport,29.3481,71.718
850,822,Asia,Southern Asia,Pakistan,Faisalabad,,LYP,,,Faisalabad International Airport,,,,PK,Punjab,LYP,OPFA,Faisalabad International Airport,31.365,72.9948
851,823,Asia,Southern Asia,Pakistan,Gwadar,,GWD,,,Gwadar International Airport,,,,PK,Balochistan,GWD,OPGD,Gwadar International Airport,25.2333,62.3295
852,824,Asia,Southern Asia,Pakistan,Islamabad,,ISB,,,Islamabad International Airport,,,,PK,Islamabad,ISB,OPIS,Islamabad International Airport,33.5607,72.8516
853,825,Asia,Southern Asia,Pakistan,Karachi,,KHI,,,Jinnah International Airport,,,,PK,Sindh,KHI,OPKC,Jinnah International Airport,24.9065,67.1608
854,826,Asia,Southern Asia,Pakistan,Lahore,,LHE,,,Allama Iqbal International Airport,,,,PK,Punjab,LHE,OPLA,Allama Iqbal International Airport,31.5216,74.4036
855,827,Asia,Southern Asia,Pakistan,Multan,,MUX,,,Multan International Airport,,,,PK,Punjab,MUX,OPMT,Multan International Airport,30.2032,71.4191
856,828,Asia,Southern Asia,Pakistan,Peshawar,,PEW,,,Bacha Khan International Airport,,,,PK,Khyber Pakhtunkhwa,PEW,OPPS,Bacha Khan International Airport,33.9939,71.5146
857,829,Asia,Southern Asia,Pakistan,Quetta,,UET,,,Quetta International Airport,,,,PK,Balochistan,UET,OPQT,Quetta International Airport,30.2514,66.9378
858,830,Asia,Southern Asia,Pakistan,Rahim Yar Khan,,RYK,,,Shaikh Zayed International Airport,,,,PK,Punjab,RYK,OPRK,Shaikh Zayed International Airport,28.3839,70.2796
859,831,Asia,Southern Asia,Pakistan,Sialkot,,SKT,,,Sialkot International Airport,,,,PK,Punjab,SKT,OPST,Sialkot International Airport,32.5356,74.3639
860,832,Asia,Southern Asia,Pakistan,Turbat,,TUK,,,Turbat International Airport,,,,PK,Balochistan,TUK,OPTU,Turbat International Airport,25.9864,63.0302
861,833,Asia,Southern Asia,Sri Lanka,Batticaloa,,BTC,,,Batticaloa International Airport,,,,LK,Central Province,BTC,VCCB,Batticaloa Airport,7.70576,81.6788
862,834,Asia,Southern Asia,Sri Lanka,Colombo,,CMB,,,Bandaranaike International Airport,,,,LK,Western Province,CMB,VCBI,Bandaranaike International Airport,7.18076,79.8841
863,835,Asia,Southern Asia,Sri Lanka,Colombo,,RML,,,Ratmalana Airport,,,,LK,Western Province,RML,VCCC,Ratmalana Airport,6.82199,79.8862
864,836,Asia,Southern Asia,Sri Lanka,Hambantota,,HRI,,,Mattala Rajapaksa International Airport,,,,LK,Southern Province,HRI,VCRI,Mattala Rajapaksa International Airport,6.28447,81.1241
865,837,Asia,Southern Asia,Sri Lanka,Jaffna,,JAF,,,Jaffna International Airport,,,,LK,Northern Province,JAF,VCCJ,Jaffna Airport,9.79233,80.0701
866,838,Asia,Southeast Asia,Brunei,Bandar Seri Begawan,,BWN,,,Brunei International Airport,,,,BN,Brunei-Muara,BWN,WBSB,Brunei International Airport,4.9442,114.928
867,839,Asia,Southeast Asia,Cambodia,Phnom Penh,,PNH,,,Phnom Penh International Airport,,,,KH,Phnom Penh,PNH,VDPP,Phnom Penh International Airport,11.5466,104.844
868,840,Asia,Southeast Asia,Cambodia,Siem Reap,,REP,,,Siem Reap International Airport,,,,KH,Siem Reab,REP,VDSR,Siem Reap International Airport (Angkor Int'l),13.4107,103.813
869,841,Asia,Southeast Asia,Cambodia,Sihanoukville,,KOS,,,Sihanouk International Airport,,,,KH,Krong Preah Sihanouk,KOS,VDSV,Sihanoukville International Airport (Kaong Kang Airport),10.5797,103.637
870,842,Asia,Southeast Asia,Indonesia,Balikpapan,,BPN,,,Sultan Aji Muhammad Sulaiman Sepinggan International Airport,,,,ID,Kalimantan Timur,BPN,WALL,Sultan Aji Muhammad Sulaiman Airport,-1.26827,116.894
871,843,Asia,Southeast Asia,Indonesia,Banda Aceh,,BTJ,,,Sultan Iskandar Muda International Airport,,,,ID,Aceh,BTJ,WITT,Sultan Iskandar Muda International Airport,5.52287,95.4206
872,844,Asia,Southeast Asia,Indonesia,Bandung,,KJT,,,Kertajati International Airport,,,,ID,Jawa Barat,KJT,WICA,Kertajati International Airport,-6.64892,108.167
873,845,Asia,Southeast Asia,Indonesia,Banjarmasin,,BDJ,,,Syamsudin Noor International Airport,,,,ID,Kalimantan Selatan,BDJ,WAOO,Syamsudin Noor Airport,-3.44236,114.763
874,846,Asia,Southeast Asia,Indonesia,Batam,,BTH,,,Hang Nadim International Airport,,,,ID,Kepulauan Riau,BTH,WIDD,Hang Nadim Airport,1.12103,104.119
875,847,Asia,Southeast Asia,Indonesia,Denpasar,,DPS,,,I Gusti Ngurah Rai International Airport,,,,ID,Bali,DPS,WADD,Ngurah Rai International Airport,-8.74817,115.167
876,848,Asia,Southeast Asia,Indonesia,Jakarta,,HLP,,,Halim Perdanakusuma International Airport,,,,ID,Jakarta,HLP,WIHH,Halim Perdanakusuma International Airport,-6.2655,106.8856
877,849,Asia,Southeast Asia,Indonesia,Jakarta,,CGK,,,Soekarno–Hatta International Airport,,,,ID,Banten,CGK,WIII,Soekarno–Hatta International Airport,-6.12556,106.656
878,850,Asia,Southeast Asia,Indonesia,Jayapura,,DJJ,,,Sentani International Airport,,,,ID,Papua,DJJ,WAJJ,Sentani Airport,-2.57695,140.516
879,851,Asia,Southeast Asia,Indonesia,Labuan Bajo,,LBJ,,,Komodo International Airport,,,,ID,Nusa Tenggara Timur,LBJ,WATO,Komodo Airport,-8.48666,119.889
880,852,Asia,Southeast Asia,Indonesia,Makassar,,UPG,,,Sultan Hasanuddin International Airport,,,,ID,Sulawesi Selatan,UPG,WAAA,Sultan Hasanuddin International Airport,-5.06163,119.554
881,853,Asia,Southeast Asia,Indonesia,Manado,,MDC,,,Sam Ratulangi International Airport,,,,ID,Sulawesi Utara,MDC,WAMM,Sam Ratulangi International Airport,1.54926,124.926
882,854,Asia,Southeast Asia,Indonesia,Mataram,,LOP,,,Lombok International Airport,,,,ID,Nusa Tenggara Barat,LOP,WADL,Lombok International Airport,-8.75732,116.277
883,855,Asia,Southeast Asia,Indonesia,Medan,,KNO,,,Kualanamu International Airport,,,,ID,Sulawesi Utara,KNO,WIMM,Kualanamu International Airport,3.64222,98.8853
884,856,Asia,Southeast Asia,Indonesia,Padang,,PDG,,,Minangkabau International Airport,,,,ID,Sumatera Barat,PDG,WIPT,Minangkabau International Airport,-0.786917,100.281
885,857,Asia,Southeast Asia,Indonesia,Palembang,,PLM,,,Sultan Mahmud Badaruddin II International Airport,,,,ID,Sumatera Selatan,PLM,WIPP,Sultan Mahmud Badaruddin II International Airport,-2.89825,104.7
886,858,Asia,Southeast Asia,Indonesia,Pekanbaru,,PKU,,,Sultan Syarif Kasim II International Airport,,,,ID,Riau,PKU,WIBB,Sultan Syarif Kasim II International Airport,0.460786,101.445
887,859,Asia,Southeast Asia,Indonesia,Pontianak,,PNK,,,Supadio International Airport,,,,ID,Kalimantan Barat,PNK,WIOO,Supadio Airport,-0.150711,109.404
888,860,Asia,Southeast Asia,Indonesia,Semarang,,SRG,,,Jenderal Ahmad Yani International Airport,,,,ID,Jawa Tengah,SRG,WARS,Achmad Yani International Airport,-6.97273,110.375
889,861,Asia,Southeast Asia,Indonesia,Surabaya,,SUB,,,Juanda International Airport,,,,ID,Jawa Timur,SUB,WARR,Juanda International Airport,-7.37983,112.787
890,862,Asia,Southeast Asia,Indonesia,Tanjungpandan,,TJQ,,,H.A.S. Hanandjoeddin International Airport,,,,ID,Kepulauan Bangka Belitung,TJQ,WIKD,H.A.S. Hanandjoeddin Airport (Buluh Tumbang Airport),-2.74572,107.755
891,863,Asia,Southeast Asia,Indonesia,Yogyakarta,,YIA,,,Yogyakarta International Airport,,,,ID,Jawa Tengah,YIA,WAHI,Yogyakarta International Airport,-7.90534,110.057
892,865,Asia,Southeast Asia,Laos,Luang Prabang,,LPQ,,,Luang Prabang International Airport,,,,LA,Louangphabang,LPQ,VLLB,Luang Prabang International Airport,19.8973,102.161
893,866,Asia,Southeast Asia,Laos,Pakse,,PKZ,,,Pakse International Airport,,,,LA,Champasak,PKZ,VLPS,Pakse International Airport,15.1321,105.781
894,867,Asia,Southeast Asia,Laos,Savannakhet,,ZVK,,,Savannakhet Airport,,,,LA,Savannakhet,ZVK,VLSK,Savannakhet Airport,16.5566,104.76
895,868,Asia,Southeast Asia,Laos,Vientiane,,VTE,,,Wattay International Airport,,,,LA,Viangchan,VTE,VLVT,Wattay International Airport,17.9883,102.563
896,869,Asia,Southeast Asia,Malaysia,Alor Setar,,AOR,,,Sultan Abdul Halim Airport,,,,MY,Kedah,AOR,WMKA,Sultan Abdul Halim Airport,6.18967,100.398
897,870,Asia,Southeast Asia,Malaysia,Ipoh,,IPH,,,Sultan Azlan Shah Airport,,,,MY,Perak,IPH,WMKI,Sultan Azlan Shah Airport,4.56797,101.092
898,871,Asia,Southeast Asia,Malaysia,Johor Bahru,,JHB,,,Senai International Airport,,,,MY,Johor,JHB,WMKJ,Senai International Airport,1.64131,103.67
899,872,Asia,Southeast Asia,Malaysia,Kota Bharu,,KBR,,,Sultan Ismail Petra Airport,,,,MY,Kelantan,KBR,WMKC,Sultan Ismail Petra Airport,6.16685,102.293
900,873,Asia,Southeast Asia,Malaysia,Kota Kinabalu,,BKI,,,Kota Kinabalu International Airport,,,,MY,Sabah,BKI,WBKK,Kota Kinabalu International Airport,5.93721,116.051
901,874,Asia,Southeast Asia,Malaysia,Kuala Lumpur,,KUL,,,Kuala Lumpur International Airport,,,,MY,Selangor,KUL,WMKK,Kuala Lumpur International Airport,2.74558,101.71
902,875,Asia,Southeast Asia,Malaysia,Kuala Lumpur,,SZB,,,Sultan Abdul Aziz Shah Airport,,,,MY,Selangor,SZB,WMSA,Sultan Abdul Aziz Shah Airport,3.13058,101.549
903,876,Asia,Southeast Asia,Malaysia,Kuala Terengganu,,TGG,,,Sultan Mahmud Airport,,,,MY,Terengganu,TGG,WMKN,Sultan Mahmud Airport,5.38264,103.103
904,877,Asia,Southeast Asia,Malaysia,Kuantan,,KUA,,,Sultan Haji Ahmad Shah Airport,,,,MY,Pahang,KUA,WMKD,Sultan Haji Ahmad Shah Airport (RMAF Kuantan),3.77539,103.209
905,878,Asia,Southeast Asia,Malaysia,Kuching,,KCH,,,Kuching International Airport,,,,MY,Sarawak,KCH,WBGG,Kuching International Airport,1.4847,110.347
906,879,Asia,Southeast Asia,Malaysia,Labuan,,LBU,,,Labuan International Airport,,,,MY,Sabah,LBU,WBKL,Labuan Airport,5.30068,115.25
907,880,Asia,Southeast Asia,Malaysia,Langkawi,,LGK,,,Langkawi International Airport,,,,MY,Kedah,LGK,WMKL,Langkawi International Airport,6.32973,99.7287
908,881,Asia,Southeast Asia,Malaysia,Penang,,PEN,,,Penang International Airport,,,,MY,Pulau Pinang,PEN,WMKP,Penang International Airport,5.29714,100.277
909,882,Asia,Southeast Asia,Myanmar,Mandalay,,MDL,,,Mandalay International Airport,,,,MM,Mandalay,MDL,VYMD,Mandalay International Airport,21.7022,95.9779
910,883,Asia,Southeast Asia,Myanmar,Nay Pyi Taw,,NYT,,,Naypyidaw International Airport,,,,MM,Mandalay,NYT,VYNT,Naypyidaw International Airport,19.6235,96.201
911,884,Asia,Southeast Asia,Myanmar,Yangon,,RGN,,,Yangon International Airport,,,,MM,Yangon,RGN,VYYY,Yangon International Airport,16.9073,96.1332
912,885,Asia,Southeast Asia,Philippines,Daraga,,DRP,,,Bicol International Airport,,,,PH,Albay,DRP,RPLK,Bicol International Airport,13.1115,123.6814
913,886,Asia,Southeast Asia,Philippines,Cagayan,,LLC,,,Cagayan North International Airport,,,,PH,Cagayan,LLC,RPLH,Cagayan North International Airport (Lal-lo Airport),18.1811,121.745
914,887,Asia,Southeast Asia,Philippines,Lapu-Lapu City,,CEB,,,Mactan–Cebu International Airport,,,,PH,Cebu,CEB,RPVM,Mactan-Cebu International Airport,10.3075,123.979
915,888,Asia,Southeast Asia,Philippines,Angeles City,,CRK,,,Clark International Airport,,,,PH,Pampanga,CRK,RPLC,Clark International Airport,15.186,120.56
916,889,Asia,Southeast Asia,Philippines,Davao City,,DVO,,,Francisco Bangoy International Airport,,,,PH,Davao del Sur,DVO,RPMD,Francisco Bangoy International Airport,7.12552,125.646
917,890,Asia,Southeast Asia,Philippines,General Santos,,GES,,,General Santos International Airport,,,,PH,South Cotabato,GES,RPMR,General Santos International Airport (Tambler Airport),6.058,125.096
918,891,Asia,Southeast Asia,Philippines,Iloilo City,,ILO,,,Iloilo International Airport,,,,PH,Iloilo,ILO,RPVI,Iloilo International Airport,10.833,122.493
919,892,Asia,Southeast Asia,Philippines,Kalibo,,KLO,,,Kalibo International Airport,,,,PH,Aklan,KLO,RPVK,Kalibo International Airport,11.6794,122.376
920,893,Asia,Southeast Asia,Philippines,Laguindingan,,CGY,,,Laguindingan International Airport,,,,PH,Misamis Oriental,CGY,RPMY,Laguindingan Airport,8.6122,124.456
921,894,Asia,Southeast Asia,Philippines,Laoag,,LAO,,,Laoag International Airport,,,,PH,Ilocos Norte,LAO,RPLI,Laoag International Airport,18.1781,120.532
922,895,Asia,Southeast Asia,Philippines,Manila,,MNL,,,Ninoy Aquino International Airport,,,,PH,National Capital Region,MNL,RPLL,Ninoy Aquino International Airport / Villamor Air Base,14.5086,121.02
923,896,Asia,Southeast Asia,Philippines,Panglao Island,,TAG,,,Bohol–Panglao International Airport,,,,PH,Bohol,TAG,RPVT,Tagbilaran Airport,9.66544,123.854
924,897,Asia,Southeast Asia,Philippines,Puerto Princesa,,PPS,,,Puerto Princesa International Airport,,,,PH,Palawan,PPS,RPVP,Puerto Princesa International Airport,9.74212,118.759
925,898,Asia,Southeast Asia,Philippines,Olongapo,,SFS,,,Subic Bay International Airport,,,,PH,Bataan,SFS,RPLB,Subic Bay International Airport,14.7944,120.271
926,899,Asia,Southeast Asia,Philippines,Zamboanga City,,ZAM,,,Zamboanga International Airport,,,,PH,Zamboanga del Sur,ZAM,RPMZ,Zamboanga International Airport,6.92242,122.06
927,900,Asia,Southeast Asia,Singapore,Singapore,,SIN,,,Changi Airport,,,,SG,Singapore,SIN,WSSS,Singapore Changi Airport,1.35019,103.994
928,901,Asia,Southeast Asia,Singapore,Singapore,,XSP,,,Seletar Airport,,,,SG,Singapore,XSP,WSSL,Seletar Airport,1.41695,103.868
929,902,Asia,Southeast Asia,Thailand,Bangkok,,BKK,,,Suvarnabhumi Airport,,,,TH,Krung Thep Maha Nakhon,BKK,VTBS,Suvarnabhumi Airport,13.6811,100.747
930,903,Asia,Southeast Asia,Thailand,Bangkok,,DMK,,,Don Mueang International Airport,,,,TH,Krung Thep Maha Nakhon,DMK,VTBD,Don Mueang International Airport,13.9126,100.607
931,904,Asia,Southeast Asia,Thailand,Chiang Mai,,CNX,,,Chiang Mai International Airport,,,,TH,Chiang Mai,CNX,VTCC,Chiang Mai International Airport,18.7668,98.9626
932,905,Asia,Southeast Asia,Thailand,Chiang Rai,,CEI,,,Chiang Rai International Airport,,,,TH,Chiang Rai,CEI,VTCT,Chiang Rai International Airport (Mae Fah Luang Int'l),19.9523,99.8829
933,906,Asia,Southeast Asia,Thailand,Hat Yai,,HDY,,,Hat Yai International Airport,,,,TH,Songkhla,HDY,VTSS,Hat Yai International Airport,6.93321,100.393
934,907,Asia,Southeast Asia,Thailand,Ko Samui,,USM,,,Samui Airport,,,,TH,Surat Thani,USM,VTSM,Samui Airport,9.54779,100.062
935,908,Asia,Southeast Asia,Thailand,Krabi,,KBV,,,Krabi International Airport,,,,TH,Krabi,KBV,VTSG,Krabi Airport,8.09912,98.9862
936,909,Asia,Southeast Asia,Thailand,Phuket,,HKT,,,Phuket International Airport,,,,TH,Phuket,HKT,VTSP,Phuket International Airport,8.1132,98.3169
937,910,Asia,Southeast Asia,Thailand,Rayong/Pattaya,,UTP,,,U-Tapao International Airport,,,,TH,Rayong,UTP,VTBU,U-Tapao International Airport,12.6799,101.005
938,911,Asia,Southeast Asia,Thailand,Surat Thani,,URT,,,Surat Thani International Airport,,,,TH,Surat Thani,URT,VTSB,Surat Thani Airport,9.1326,99.1356
939,912,Asia,Southeast Asia,Thailand,Udon Thani,,UTH,,,Udon Thani International Airport,,,,TH,Udon Thani,UTH,VTUD,Udon Thani International Airport,17.3864,102.788
940,913,Asia,Southeast Asia,Timor-Leste,Dili,,DIL,,,Presidente Nicolau Lobato International Airport,,,,TL,Dili,DIL,WPDL,Presidente Nicolau Lobato International Airport,-8.5464,125.526
941,914,Asia,Southeast Asia,Vietnam,Cần Thơ,,VCA,,,Can Tho International Airport,,,,VN,Can Tho,VCA,VVCT,Can Tho International Airport,10.0851,105.712
942,915,Asia,Southeast Asia,Vietnam,Đà Nẵng,,DAD,,,Da Nang International Airport,,,,VN,Da Nang,DAD,VVDN,Da Nang International Airport,16.0439,108.199
943,916,Asia,Southeast Asia,Vietnam,Hải Phòng,,HPH,,,Cat Bi International Airport,,,,VN,Hai Phong,HPH,VVCI,Cat Bi International Airport,20.8194,106.725
944,917,Asia,Southeast Asia,Vietnam,Hà Nội,,HAN,,,Noi Bai International Airport,,,,VN,Ha Noi,HAN,VVNB,Noi Bai International Airport,21.2212,105.807
945,918,Asia,Southeast Asia,Vietnam,Hồ Chí Minh City,,SGN,,,Tan Son Nhat International Airport,,,,VN,Ho Chi Minh,SGN,VVTS,Tan Son Nhat International Airport,10.8188,106.652
946,919,Asia,Southeast Asia,Vietnam,Huế,,HUI,,,Phu Bai International Airport,,,,VN,Thua Thien-Hue,HUI,VVPB,Phu Bai International Airport,16.4015,107.703
947,920,Asia,Southeast Asia,Vietnam,Nha Trang,,CXR,,,Cam Ranh International Airport,,,,VN,Khanh Hoa,CXR,VVCR,Cam Ranh International Airport,11.9982,109.219
948,921,Asia,Southeast Asia,Vietnam,Phú Quốc,,PQC,,,Phu Quoc International Airport,,,,VN,Kien Giang,PQC,VVPQ,Phu Quoc International Airport,10.1698,103.993
949,922,Asia,Southeast Asia,Vietnam,Quảng Nam,,VCL,,,Chu Lai Airport,,,,VN,Quang Nam,VCL,VVCA,Chu Lai International Airport,15.4033,108.706
950,923,Asia,Southeast Asia,Vietnam,Vân Đồn,,VDO,,,Van Don International Airport,,,,VN,Quang Ninh,VDO,VVVD,Van Don International Airport,21.1178,107.414
951,924,Asia,Southeast Asia,Vietnam,,,,,,,,,,AU,Western Australia,,YSEN,Serpentine Airfield,-32.394167,115.872222
952,924,Asia,Southeast Asia,Vietnam,,,,,,,,,,CH,Bern,,LSPL,Langenthal Airport,47.1828,7.7408
953,924,Asia,Southeast Asia,Vietnam,,,,,,,,,,CH,Fribourg,,LSGE,Ecuvillens Airfield,46.7548,7.0762
954,924,Asia,Southeast Asia,Vietnam,,,,,,,,,,CH,Lausanne,,LSGL,Lausanne-Blécherette Airport,46.5452,6.6166
955,924,Asia,Southeast Asia,Vietnam,,,,,,,,,,CH,Fribourg,,LSGT,Gruyère Airport,46.5942,7.0944
956,924,Asia,Southeast Asia,Vietnam,,,,,,,,,,CH,Glarus,,LSZM,Mollis Airport,47.07835,9.06466
957,924,Asia,Southeast Asia,Vietnam,,,,,,,,,,CH,Obwalden,,LSMA,Alpnach,46.9386,8.2841
958,924,Asia,Southeast Asia,Vietnam,,,,,,,,,,CH,Obwalden,,LSPG,Kagiswil Airport,46.9082,8.2541
959,924,Asia,Southeast Asia,Vietnam,,,,,,,,,,CH,Neuchâtel,,LSTO,Môtiers Airport,46.9166,6.615
960,924,Asia,Southeast Asia,Vietnam,,,,,,,,,,CH,Neuchâtel,,LSGC,Les Eplatures Airport,47.083889,6.792778
961,924,Asia,Southeast Asia,Vietnam,,,,,,,,,,CH,Sankt Gallen,,LSZX,Schanis Airport,47.1717,9.03944
962,924,Asia,Southeast Asia,Vietnam,,,,,,,,,,CH,Valais,,LSTA,Raron Airport,46.30458333,7.818055556
963,924,Asia,Southeast Asia,Vietnam,,,,,,,,,,CH,Vaud,,LSMP,Payerne Air Base,46.843333,6.915
964,924,Asia,Southeast Asia,Vietnam,,,,,,,,,,CH,Solothurn,,LSZG,Grenchen Airport,47.181389,7.416944
965,924,Asia,Southeast Asia,Vietnam,,,,,,,,,,DE,Brandenburg,,EDAY,Strausberg,52.5799,13.9156
966,924,Asia,Southeast Asia,Vietnam,,,,,,,,,,DE,Schleswig-Holstein,,EDHB,Grube Airport,54.244434,11.02376
967,924,Asia,Southeast Asia,Vietnam,,,,,,,,,,DE,Schleswig-Holstein,,EDHE,Uetersen Airfield,54.244434,11.02376
968,924,Asia,Southeast Asia,Vietnam,,,,,,,,,,ES,Illes Balears,,LESL,San Luis Aerodrome,39.862222,4.258333
969,924,Asia,Southeast Asia,Vietnam,,,,,,,,,,ES,Illes Balears,,LESB,Son Bonet Aerodrome,39.598889,2.702778
970,924,Asia,Southeast Asia,Vietnam,,,,,,,,,,FR,Ile-de-France,,LFPX,Aérodrome de Chavenay - Villepreux,48.8422,1.9803
971,924,Asia,Southeast Asia,Vietnam,,,,,,,,,,FR,Ile-de-France,,LFPF,Beynes Thiverval Airport,48.8436,1.9088
972,924,Asia,Southeast Asia,Vietnam,,,,,,,,,,FR,Ile-de-France,,LFPK,Coulommiers – Voisins Aerodrome,48.8375,3.014444
973,924,Asia,Southeast Asia,Vietnam,,,,,,,,,,FR,Occitanie,,LFCQ,Aérodrome de Graulhet-Montdragon,43.7686111111,2.0077777778
974,924,Asia,Southeast Asia,Vietnam,,,,,,,,,,FR,Occitanie,,LFDG,Gaillac Lisle Sur Tarn Airport,43.88298,1.87428
975,924,Asia,Southeast Asia,Vietnam,,,,,,,,,,IT,Lombardia,,LILN,Varese-Venegono Airport,45.741389,8.886667
976,924,Asia,Southeast Asia,Vietnam,,,,,,,,,,NL,Noord-Brabant,,EHSE,Breda International Airport,51.5549,4.5526
977,924,Asia,Southeast Asia,Vietnam,,,,,,,,,,NL,Gelderland,,EHTE,Teuge International Airport,52.242,6.0518
978,924,Asia,Southeast Asia,Vietnam,,,,,,,,,,NZ,Canterbury,,NZFF,Forest Field Aerodrome,-43.3858,172.3605
979,924,Asia,Southeast Asia,Vietnam,,,,,,,,,,NZ,Canterbury,,NZRT,Rangiora Airfield WMS,-43.2892,172.5413
980,924,Asia,Southeast Asia,Vietnam,,,,,,,,,,US,Arkansas,,KVBT,Bentonville Municipal Airport,36.3458,-94.2194
981,924,Asia,Southeast Asia,Vietnam,,,,,,,,,,US,Texas,,KBAZ,New Braunfels National Airport,29.703,-98.0411
982,924,Asia,Southeast Asia,Vietnam,,,,,,,,,,US,Virginia,,KFCI,Chesterfield County Airport,37.406667,-77.525
983,924,Asia,Southeast Asia,Vietnam,,,,,,,,,,US,Virginia,,KPVG,Hampton Roads Executive Airport,36.780278,-76.448889
984,924,Asia,Southeast Asia,Vietnam,,,,,,,,,,US,Virginia,,KRMN,Stafford Regional Airport,38.398056,-77.455556
985,925,Asia,Southwest Asia and the Middle East,Afghanistan,Herat,,HEA,,,Herat International Airport,,,,AF,Herat,HEA,OAHR,Herat International Airport,34.21,62.2283
986,926,Asia,Southwest Asia and the Middle East,Afghanistan,Kabul,,KBL,,,Kabul International Airport,,,,AF,Kabul,KBL,OAKB,Kabul International Airport,34.5658,69.2131
987,927,Asia,Southwest Asia and the Middle East,Afghanistan,Kandahar,,KDH,,,Kandahar International Airport,,,,AF,Kandahar,KDH,OAKN,Kandahar International Airport,31.5058,65.8478
988,928,Asia,Southwest Asia and the Middle East,Afghanistan,Mazar-i-Sharif,,MZR,,,Mazar-i-Sharif International Airport,,,,AF,Balkh,MZR,OAMS,Mazar-e Sharif International Airport,36.7069,67.2097
989,929,Asia,Southwest Asia and the Middle East,Armenia,Gyumri,,LWN,,,Gyumri Shirak International Airport,,,,AM,Sirak,LWN,UDSG,Gyumri Shirak Airport,40.7504,43.8593
990,931,Asia,Southwest Asia and the Middle East,Armenia,Yerevan,,EVN,,,Zvartnots International Airport,,,,AM,Erevan,EVN,UDYZ,Zvartnots International Airport,40.1473,44.3959
991,932,Asia,Southwest Asia and the Middle East,Azerbaijan,Baku,,GYD,,,Heydar Aliyev International Airport,,,,AZ,Baki,GYD,UBBB,Heydar Aliyev International Airport,40.4675,50.0467
992,933,Asia,Southwest Asia and the Middle East,Azerbaijan,Fuzuli,,FZL,,,Fuzuli International Airport,,,,AZ,Fuzuli,FZL,UBBF,Fuzuli Airport,39.5955,47.1973
993,936,Asia,Southwest Asia and the Middle East,Azerbaijan,Lankaran,,LLK,,,Lankaran International Airport,,,,AZ,Lankaran,LLK,UBBL,Lankaran International Airport,38.7464,48.818
994,937,Asia,Southwest Asia and the Middle East,Azerbaijan,Nakhchivan,,NAJ,,,Nakhchivan Airport,,,,AZ,Naxcivan,NAJ,UBBN,Nakhchivan International Airport,39.1888,45.4584
995,938,Asia,Southwest Asia and the Middle East,Azerbaijan,Qabala,,GBB,,,Qabala International Airport,,,,AZ,Qabala,GBB,UBBQ,Qabala International Airport,40.8267,47.7125
996,940,Asia,Southwest Asia and the Middle East,Azerbaijan,Zaqatala,,ZTU,,,Zaqatala International Airport,,,,AZ,Zaqatala,ZTU,UBBY,Zaqatala International Airport,41.5622,46.6672
997,941,Asia,Southwest Asia and the Middle East,Bahrain,Manama,,BAH,,,Bahrain International Airport,,,,BH,Al Muharraq,BAH,OBBI,Bahrain International Airport,26.2708,50.6336
998,942,Asia,Southwest Asia and the Middle East,Cyprus,Larnaca,,LCA,,,Larnaca International Airport,,,,CY,Larnaka,LCA,LCLK,Larnaca International Airport,34.8751,33.6249
999,943,Asia,Southwest Asia and the Middle East,Cyprus,North Nicosia,,ECN,,,Ercan International Airport,,,,CY,Lefkosia,ECN,LCEN,Ercan International Airport,35.1547,33.4961
1000,944,Asia,Southwest Asia and the Middle East,Cyprus,Paphos,,PFO,,,Paphos International Airport,,,,CY,Pafos,PFO,LCPH,Paphos International Airport,34.718,32.4857
1001,945,Asia,Southwest Asia and the Middle East,Georgia,Batumi,,BUS,,,Batumi International Airport,,,,GE,Ajaria,BUS,UGSB,Batumi International Airport (Alexander Kartveli Batumi Int'l Airport),41.6103,41.5997
1002,946,Asia,Southwest Asia and the Middle East,Georgia,Kutaisi,,KUT,,,Kutaisi International Airport,,,,GE,Imereti,KUT,UGKO,David the Builder Kutaisi International Airport,42.1767,42.4826
1003,947,Asia,Southwest Asia and the Middle East,Georgia,Sokhumi,,SUI,,,Sukhumi Babushara Airport,,,,GE,Abkhazia,SUI,UGSS,Sukhumi Babushara Airport (Dranda Airport),42.8582,41.1281
1004,948,Asia,Southwest Asia and the Middle East,Georgia,Tbilisi,,TBS,,,Tbilisi International Airport,,,,GE,Tbilisi,TBS,UGTB,Tbilisi International Airport,41.6692,44.9547
1005,949,Asia,Southwest Asia and the Middle East,Iran,Abadan,,ABD,,,Abadan International Airport,,,,IR,Khuzestan,ABD,OIAA,Abadan International Airport,30.3711,48.2283
1006,950,Asia,Southwest Asia and the Middle East,Iran,Ahvaz,,AWZ,,,Ahvaz International Airport,,,,IR,Khuzestan,AWZ,OIAW,Ahvaz International Airport,31.3374,48.762
1007,951,Asia,Southwest Asia and the Middle East,Iran,Arak,,AJK,,,Arak International Airport,,,,IR,Markazi,AJK,OIHR,Arak Airport,34.1381,49.8473
1008,952,Asia,Southwest Asia and the Middle East,Iran,Ardabil,,ADU,,,Ardabil Airport,,,,IR,Ardabil,ADU,OITL,Ardabil Airport,38.3257,48.4244
1009,953,Asia,Southwest Asia and the Middle East,Iran,Asaluyeh,,PGU,,,Persian Gulf Airport,,,,IR,Bushehr,PGU,OIBP,Persian Gulf Airport,27.3796,52.7377
1010,954,Asia,Southwest Asia and the Middle East,Iran,Bandar Abbas,,BND,,,Bandar Abbas International Airport,,,,IR,Hormozgan,BND,OIKB,Bandar Abbas International Airport,27.2183,56.3778
1011,955,Asia,Southwest Asia and the Middle East,Iran,Birjand,,XBJ,,,Birjand International Airport,,,,IR,Khorasan-e Jonubi,XBJ,OIMB,Birjand International Airport,32.8981,59.2661
1012,956,Asia,Southwest Asia and the Middle East,Iran,Bushehr,,BUZ,,,Bushehr Airport,,,,IR,Bushehr,BUZ,OIBB,Bushehr Airport,28.9448,50.8346
1013,957,Asia,Southwest Asia and the Middle East,Iran,Gorgan,,GBT,,,Gorgan International Airport,,,,IR,Golestan,GBT,OING,Gorgan Airport,36.9094,54.4013
1014,958,Asia,Southwest Asia and the Middle East,Iran,Hamadan,,HDM,,,Hamadan International Airport,,,,IR,Hamadan,HDM,OIHH,Hamadan Airport,34.8692,48.5525
1015,959,Asia,Southwest Asia and the Middle East,Iran,Ilam,,IIL,,,Ilam Airport,,,,IR,Ilam,IIL,OICI,Ilam Airport,33.5866,46.4048
1016,960,Asia,Southwest Asia and the Middle East,Iran,Isfahan,,IFN,,,Isfahan International Airport,,,,IR,Esfahan,IFN,OIFM,Isfahan International Airport (Shahid Beheshti Int'l),32.7508,51.8613
1017,961,Asia,Southwest Asia and the Middle East,Iran,Kerman,,KER,,,Ayatollah Hashemi Rafsanjani Airport,,,,IR,Kerman,KER,OIKK,Kerman Airport,30.2744,56.9511
1018,962,Asia,Southwest Asia and the Middle East,Iran,Kermanshah,,KSH,,,Shahid Ashrafi Esfahani Airport,,,,IR,Kermanshah,KSH,OICC,Shahid Ashrafi Esfahani Airport (Kermanshah Airport),34.3459,47.1581
1019,963,Asia,Southwest Asia and the Middle East,Iran,Kish Island,,KIH,,,Kish Airport,,,,IR,Hormozgan,KIH,OIBK,Kish International Airport,26.5262,53.9802
1020,964,Asia,Southwest Asia and the Middle East,Iran,Konarak,,ZBR,,,Chabahar Konarak Airport,,,,IR,Sistan va Baluchestan,ZBR,OIZC,Konarak Airport,25.4433,60.3821
1021,965,Asia,Southwest Asia and the Middle East,Iran,Lamerd,,LFM,,,Lamerd Airport,,,,IR,Fars,LFM,OISR,Lamerd Airport,27.3727,53.1888
1022,966,Asia,Southwest Asia and the Middle East,Iran,Lar,,LRR,,,Larestan International Airport,,,,IR,Fars,LRR,OISL,Larestan International Airport,27.6747,54.3833
1023,967,Asia,Southwest Asia and the Middle East,Iran,Mashhad,,MHD,,,Mashhad International Airport,,,,IR,Khorasan-e Razavi,MHD,OIMM,Mashhad International Airport (Shahid Hashemi Nejad Airport),36.2352,59.641
1024,968,Asia,Southwest Asia and the Middle East,Iran,Qeshm Island,,GSM,,,Qeshm International Airport,,,,IR,Hormozgan,GSM,OIKQ,Dayrestan Airport (Qeshm International Airport),26.7546,55.9024
1025,969,Asia,Southwest Asia and the Middle East,Iran,Rasht,,RAS,,,Rasht Airport,,,,IR,Gilan,RAS,OIGG,Rasht Airport,37.3233,49.6178
1026,970,Asia,Southwest Asia and the Middle East,Iran,Sari,,SRY,,,Dasht-e Naz Airport,,,,IR,Mazandaran,SRY,OINZ,Dasht-e Naz Airport,36.6358,53.1936
1027,971,Asia,Southwest Asia and the Middle East,Iran,Shiraz,,SYZ,,,Shiraz International Airport,,,,IR,Fars,SYZ,OISS,Shiraz International Airport (Shahid Dastghaib Int'l),29.5392,52.5898
1028,972,Asia,Southwest Asia and the Middle East,Iran,Tabriz,,TBZ,,,Tabriz International Airport,,,,IR,Azarbayjan-e Sharqi,TBZ,OITT,Tabriz International Airport,38.1339,46.235
1029,973,Asia,Southwest Asia and the Middle East,Iran,Tehran,,IKA,,,Imam Khomeini International Airport,,,,IR,Tehran,IKA,OIIE,Imam Khomeini International Airport,35.4161,51.1522
1030,974,Asia,Southwest Asia and the Middle East,Iran,Tehran,,THR,,,Mehrabad International Airport,,,,IR,Tehran,THR,OIII,Mehrabad International Airport,35.6892,51.3134
1031,975,Asia,Southwest Asia and the Middle East,Iran,Urmia,,OMH,,,Urmia Airport,,,,IR,Azarbayjan-e Gharbi,OMH,OITR,Urmia Airport,37.6681,45.0687
1032,976,Asia,Southwest Asia and the Middle East,Iran,Yazd,,AZD,,,Shahid Sadooghi Airport,,,,IR,Yazd,AZD,OIYY,Shahid Sadooghi Airport,31.9049,54.2765
1033,977,Asia,Southwest Asia and the Middle East,Iran,Zahedan,,ZAH,,,Zahedan Airport,,,,IR,Sistan va Baluchestan,ZAH,OIZH,Zahedan Airport,29.4757,60.9062
1034,978,Asia,Southwest Asia and the Middle East,Iraq,Al Najaf,,NJF,,,Al Najaf International Airport,,,,IQ,An Najaf,NJF,ORNI,Al Najaf International Airport,31.9899,44.4043
1035,979,Asia,Southwest Asia and the Middle East,Iraq,Baghdad,,BGW,,,Baghdad International Airport,,,,IQ,Baghdad,BGW,ORBI,Baghdad International Airport,33.2625,44.2346
1036,980,Asia,Southwest Asia and the Middle East,Iraq,Basra,,BSR,,,Basra International Airport,,,,IQ,Al Basrah,BSR,ORMM,Basra International Airport,30.5491,47.6621
1037,981,Asia,Southwest Asia and the Middle East,Iraq,Erbil,,EBL,,,Erbil International Airport,,,,IQ,Arbil,EBL,ORER,Erbil International Airport,36.2376,43.9632
1038,982,Asia,Southwest Asia and the Middle East,Iraq,Mosul,,OSM,,,Mosul International Airport,,,,IQ,Ninawa,OSM,ORBM,Mosul International Airport,36.3058,43.1474
1039,984,Asia,Southwest Asia and the Middle East,Iraq,Sulaymaniyah,,ISU,,,Sulaimaniyah International Airport,,,,IQ,Arbil,ISU,ORSU,Sulaimaniyah International Airport,35.5617,45.3167
1040,985,Asia,Southwest Asia and the Middle East,Israel,Eilat,,ETM,,,Ramon Airport,,,,IL,HaDarom,ETM,LLER,Ramon Airport,29.7237,35.0114
1041,986,Asia,Southwest Asia and the Middle East,Israel,Haifa,,HFA,,,Haifa Airport,,,,IL,Hefa,HFA,LLHA,Haifa Airport (Uri Michaeli Airport),32.8094,35.0431
1042,987,Asia,Southwest Asia and the Middle East,Israel,Tel Aviv,,TLV,,,Ben Gurion Airport,,,,IL,Tel Aviv,TLV,LLBG,Ben Gurion Airport,32.0114,34.8867
1043,988,Asia,Southwest Asia and the Middle East,Jordan,Aqaba,,AQJ,,,King Hussein International Airport,,,,JO,Al 'Aqabah,AQJ,OJAQ,King Hussein International Airport,29.6116,35.0181
1044,989,Asia,Southwest Asia and the Middle East,Jordan,Amman,,AMM,,,Queen Alia International Airport,,,,JO,Madaba,AMM,OJAI,Queen Alia International Airport,31.7226,35.9932
1045,990,Asia,Southwest Asia and the Middle East,Kuwait,Kuwait City,,KWI,,,Kuwait International Airport,,,,KW,Al Farwaniyah,KWI,OKKK,Kuwait International Airport,29.2266,47.9689
1046,991,Asia,Southwest Asia and the Middle East,Lebanon,Beirut,,BEY,,,Beirut–Rafic Hariri International Airport,,,,LB,Beyrouth,BEY,OLBA,Beirut-Rafic Hariri International Airport / Beirut Air Base,33.8209,35.4884
1047,992,Asia,Southwest Asia and the Middle East,Oman,Muscat,,MCT,,,Muscat International Airport,,,,OM,Ad Dakhiliyah,MCT,OOMS,Muscat International Airport,23.5933,58.2844
1048,993,Asia,Southwest Asia and the Middle East,Oman,Salalah,,SLL,,,Salalah International Airport,,,,OM,Zufar,SLL,OOSA,Salalah International Airport,17.0387,54.0913
1049,994,Asia,Southwest Asia and the Middle East,Oman,Sohar,,OHS,,,Sohar International Airport,,,,OM,Janub al Batinah,OHS,OOSH,Sohar Airport,24.386,56.6254
1050,995,Asia,Southwest Asia and the Middle East,Qatar,Doha,,DOH,,,Hamad International Airport,,,,QA,Ad Dawhah,DOH,OTHH,Hamad International Airport,25.2731,51.6081
1051,996,Asia,Southwest Asia and the Middle East,Saudi Arabia,Abha,,AHB,,,Abha International Airport,,,,SA,Asir,AHB,OEAB,Abha Regional Airport,18.2404,42.6566
1052,997,Asia,Southwest Asia and the Middle East,Saudi Arabia,Al-Ahsa,,HOF,,,Al-Ahsa International Airport,,,,SA,Ash Sharqiyah,HOF,OEAH,Al-Ahsa International Airport,25.2853,49.4852
1053,998,Asia,Southwest Asia and the Middle East,Saudi Arabia,Al-Jawf,,AJF,,,Al Jawf International Airport,,,,SA,Al Jawf,AJF,OESK,Al-Jawf Domestic Airport,29.7851,40.1
1054,999,Asia,Southwest Asia and the Middle East,Saudi Arabia,Al-Ula,,ULH,,,Al-Ula International Airport,,,,SA,Al Madinah al Munawwarah,ULH,OEAO,Prince Abdul Majeed bin Abdulaziz Domestic Airport,26.48,38.1289
1055,1000,Asia,Southwest Asia and the Middle East,Saudi Arabia,Buraydah,,ELQ,,,Prince Naif bin Abdulaziz International Airport,,,,SA,Al Qasim,ELQ,OEGS,Prince Nayef bin Abdulaziz Regional Airport,26.3028,43.7744
1056,1001,Asia,Southwest Asia and the Middle East,Saudi Arabia,Dammam,,DMM,,,King Fahd International Airport,,,,SA,Ash Sharqiyah,DMM,OEDF,King Fahd International Airport,26.4712,49.7979
1057,1002,Asia,Southwest Asia and the Middle East,Saudi Arabia,Hafar al-Batin,,AQI,,,Al Qaisumah International Airport,,,,SA,Ash Sharqiyah,AQI,OEPA,Al Qaisumah/Hafr Al Batin Airport,28.3352,46.1251
1058,1003,Asia,Southwest Asia and the Middle East,Saudi Arabia,Ha'il,,HAS,,,Ha'il International Airport,,,,SA,Ha'il,HAS,OEHL,Ha'il Regional Airport,27.4379,41.6863
1059,1004,Asia,Southwest Asia and the Middle East,Saudi Arabia,Hanak,,RSI,,,Red Sea International Airport,,,,SA,Tabuk,RSI,,Red Sea International Airport,25.6253,37.0836
1060,1005,Asia,Southwest Asia and the Middle East,Saudi Arabia,Jeddah,,JED,,,King Abdulaziz International Airport,,,,SA,Makkah al Mukarramah,JED,OEJN,King Abdulaziz International Airport,21.6796,39.1565
1061,1006,Asia,Southwest Asia and the Middle East,Saudi Arabia,Jizan,,GIZ,,,King Abdullah bin Abdulaziz International Airport,,,,SA,Jazan,GIZ,OEGN,Jizan Regional Airport (King Abdullah bin Abdulaziz Airport),16.9011,42.5858
1062,1007,Asia,Southwest Asia and the Middle East,Saudi Arabia,Medina,,MED,,,Prince Mohammad bin Abdulaziz International Airport,,,,SA,Al Madinah al Munawwarah,MED,OEMA,Prince Mohammad bin Abdulaziz Airport,24.5534,39.7051
1063,1008,Asia,Southwest Asia and the Middle East,Saudi Arabia,Najran,,EAM,,,Najran Domestic Airport,,,,SA,Najran,EAM,OENG,Najran Domestic Airport,17.6114,44.4192
1064,1009,Asia,Southwest Asia and the Middle East,Saudi Arabia,Neom,,NUM,,,Neom Bay Airport,,,,SA,Tabuk,NUM,OENN,Neom Bay Airport,27.9276,35.2887
1065,1010,Asia,Southwest Asia and the Middle East,Saudi Arabia,Riyadh,,RUH,,,King Khalid International Airport,,,,SA,Ar Riyad,RUH,OERK,King Khalid International Airport,24.9576,46.6988
1066,1011,Asia,Southwest Asia and the Middle East,Saudi Arabia,Tabuk,,TUU,,,Prince Sultan bin Abdulaziz Airport,,,,SA,Tabuk,TUU,OETB,Tabuk Regional Airport,28.3654,36.6189
1067,1012,Asia,Southwest Asia and the Middle East,Saudi Arabia,Ta'if,,TIF,,,Taif International Airport,,,,SA,Makkah al Mukarramah,TIF,OETF,Ta'if Regional Airport,21.483,40.5434
1068,1013,Asia,Southwest Asia and the Middle East,Saudi Arabia,Yanbu,,YNB,,,Yanbu Airport,,,,SA,Al Madinah al Munawwarah,YNB,OEYN,Yanbu Airport (Yenbo Airport),24.1442,38.0634
1069,1014,Asia,Southwest Asia and the Middle East,Syria,Aleppo,,ALP,,,Aleppo International Airport,,,,SY,Halab,ALP,OSAP,Aleppo International Airport,36.1807,37.2244
1070,1015,Asia,Southwest Asia and the Middle East,Syria,Damascus,,DAM,,,Damascus International Airport,,,,SY,Dimashq,DAM,OSDI,Damascus International Airport,33.4115,36.5156
1071,1016,Asia,Southwest Asia and the Middle East,Syria,Latakia,,LTK,,,Bassel Al-Assad International Airport,,,,SY,Al Ladhiqiyah,LTK,OSLK,Bassel Al-Assad International Airport,35.4011,35.9487
1072,1017,Asia,Southwest Asia and the Middle East,Syria,Qamishli,,KAC,,,Qamishli Airport,,,,SY,Al Hasakah,KAC,OSKL,Kamishly Airport,37.0206,41.1914
1073,1018,Asia,Southwest Asia and the Middle East,Turkey,Adana,,ADA,,,Şakirpaşa Airport,,,,TR,Adana,ADA,LTAF,Adana Sakirpasa Airport,36.9822,35.2804
1074,1019,Asia,Southwest Asia and the Middle East,Turkey,Alanya,,GZP,,,Gazipaşa Airport,,,,TR,Antalya,GZP,LTFG,Gazipasa-Alanya Airport,36.2992,32.3006
1075,1020,Asia,Southwest Asia and the Middle East,Turkey,Ankara,,ESB,,,Esenboğa International Airport,,,,TR,Ankara,ESB,LTAC,Ankara Esenboğa Airport,40.1281,32.995
1076,1021,Asia,Southwest Asia and the Middle East,Turkey,Antalya,,AYT,,,Antalya Airport,,,,TR,Antalya,AYT,LTAI,Antalya Airport,36.8987,30.8005
1077,1022,Asia,Southwest Asia and the Middle East,Turkey,Bodrum,,BJV,,,Milas–Bodrum Airport,,,,TR,Mugla,BJV,LTFE,Milas-Bodrum Airport,37.2506,27.6643
1078,1023,Asia,Southwest Asia and the Middle East,Turkey,Bursa,,YEI,,,Yenişehir Airport,,,,TR,Bursa,YEI,LTBR,Yenisehir Airport,40.2552,29.5626
1079,1024,Asia,Southwest Asia and the Middle East,Turkey,Dalaman,,DLM,,,Dalaman Airport,,,,TR,Mugla,DLM,LTBS,Dalaman Airport,36.7131,28.7925
1080,1025,Asia,Southwest Asia and the Middle East,Turkey,Denizli,,DNZ,,,Denizli Çardak Airport,,,,TR,Denizli,DNZ,LTAY,Denizli Cardak Airport,37.7856,29.7013
1081,1026,Asia,Southwest Asia and the Middle East,Turkey,Diyarbakır,,DIY,,,Diyarbakır Airport,,,,TR,Diyarbakir,DIY,LTCC,Diyarbakir Airport,37.8939,40.201
1082,1027,Asia,Southwest Asia and the Middle East,Turkey,Elazığ,,EZS,,,Elazığ Airport,,,,TR,Elazig,EZS,LTCA,Elazig Airport,38.6069,39.2914
1083,1028,Asia,Southwest Asia and the Middle East,Turkey,Gaziantep,,GZT,,,Oğuzeli Airport,,,,TR,Gaziantep,GZT,LTAJ,Gaziantep Oguzeli International Airport,36.9472,37.4787
1084,1029,Asia,Southwest Asia and the Middle East,Turkey,Istanbul,,IST,,,Istanbul Airport,,,,TR,Istanbul,IST,LTFM,Istanbul Ataturk Airport,41.2753,28.7519
1085,1030,Asia,Southwest Asia and the Middle East,Turkey,Istanbul,,SAW,,,Sabiha Gökçen International Airport,,,,TR,Istanbul,SAW,LTFJ,Sabiha Gokcen International Airport,40.8986,29.3092
1086,1031,Asia,Southwest Asia and the Middle East,Turkey,İzmir,,ADB,,,Adnan Menderes Airport,,,,TR,Izmir,ADB,LTBJ,Izmir Adnan Menderes Airport,38.2916,27.1487
1087,1032,Asia,Southwest Asia and the Middle East,Turkey,Kayseri,,ASR,,,Erkilet Airport,,,,TR,Kayseri,ASR,LTAU,Erkilet International Airport,38.7704,35.4954
1088,1033,Asia,Southwest Asia and the Middle East,Turkey,Konya,,KYA,,,Konya Airport,,,,TR,Konya,KYA,LTAN,Konya Airport,37.979,32.5619
1089,1034,Asia,Southwest Asia and the Middle East,Turkey,Kütahya,,KZR,,,Zafer Airport,,,,TR,Kutahya,KZR,LTBZ,Zafer Airport,39.1131,30.1281
1090,1035,Asia,Southwest Asia and the Middle East,Turkey,Malatya,,MLX,,,Erhaç Airport,,,,TR,Malatya,MLX,LTAT,Malatya Erhac Airport,38.4353,38.091
1091,1036,Asia,Southwest Asia and the Middle East,Turkey,Nevşehir,,NAV,,,Kapadokya Airport,,,,TR,Nevsehir,NAV,LTAZ,Nevsehir Kapadokya Air,38.7719,34.5345
1092,1037,Asia,Southwest Asia and the Middle East,Turkey,Samsun,,SZF,,,Samsun-Çarşamba Airport,,,,TR,Samsun,SZF,LTFH,Samsun-Carsamba Airport,41.2545,36.5671
1093,1038,Asia,Southwest Asia and the Middle East,Turkey,Trabzon,,TZX,,,Trabzon Airport,,,,TR,Trabzon,TZX,LTCG,Trabzon Airport,40.9951,39.7897
1094,1039,Asia,Southwest Asia and the Middle East,Turkey,Zonguldak,,ONQ,,,Zonguldak Airport,,,,TR,Zonguldak,ONQ,LTAS,Zonguldak Airport,41.5064,32.0886
1095,1040,Asia,Southwest Asia and the Middle East,United Arab Emirates,Abu Dhabi,,AUH,,,Abu Dhabi International Airport,,,,AE,Abu Zaby,AUH,OMAA,Abu Dhabi International Airport,24.433,54.6511
1096,1041,Asia,Southwest Asia and the Middle East,United Arab Emirates,Al Ain,,AAN,,,Al Ain International Airport,,,,AE,Abu Zaby,AAN,OMAL,Al Ain International Airport,24.2617,55.6092
1097,1042,Asia,Southwest Asia and the Middle East,United Arab Emirates,Dubai,,DWC,,,Al Maktoum International Airport,,,,AE,Dubayy,DWC,OMDW,Al Maktoum International Airport,24.8964,55.1614
1098,1043,Asia,Southwest Asia and the Middle East,United Arab Emirates,Dubai,,DXB,,,Dubai International Airport,,,,AE,Dubayy,DXB,OMDB,Dubai International Airport,25.2528,55.3644
1099,1044,Asia,Southwest Asia and the Middle East,United Arab Emirates,Ras Al Khaimah,,RKT,,,Ras Al Khaimah International Airport,,,,AE,Ra's al Khaymah,RKT,OMRK,Ras Al Khaimah International Airport,25.6135,55.9388
1100,1045,Asia,Southwest Asia and the Middle East,United Arab Emirates,Sharjah,,SHJ,,,Sharjah International Airport,,,,AE,Ash Shariqah,SHJ,OMSJ,Sharjah International Airport,25.3286,55.5172
1101,1046,Asia,Southwest Asia and the Middle East,Yemen,Aden,,ADE,,,Aden International Airport,,,,YE,Adan,ADE,OYAA,Aden International Airport,12.8295,45.0288
1102,1047,Asia,Southwest Asia and the Middle East,Yemen,Mukalla,,RIY,,,Riyan International Airport,,,,YE,Hadramawt,RIY,OYRN,Riyan International Airport,14.6626,49.375
1103,1048,Asia,Southwest Asia and the Middle East,Yemen,Sanaa,,SAH,,,Sanaa International Airport,,,,YE,San'a,SAH,OYSN,Sana'a International Airport,15.4764,44.2197
1104,1049,Asia,Southwest Asia and the Middle East,Yemen,Seiyun,,GXF,,,Seiyun Airport,,,,YE,Hadramawt,GXF,OYSY,Sayun Airport,15.9661,48.7883
1105,1050,Asia,Southwest Asia and the Middle East,Yemen,Socotra,,SCT,,,Socotra Airport,,,,YE,Hadramawt,SCT,OYSQ,Socotra Airport,12.6307,53.9058
1106,1051,Europe,United Kingdom,England,Birmingham,,BHX,,,Birmingham Airport,,,,GB,England,BHX,EGBB,Birmingham Airport,52.4539,-1.74803
1107,1052,Europe,United Kingdom,England,Bournemouth,,BOH,,,Bournemouth Airport,,,,GB,England,BOH,EGHH,Bournemouth Airport,50.78,-1.8425
1108,1053,Europe,United Kingdom,England,Bristol,,BRS,,,Bristol Airport,,,,GB,England,BRS,EGGD,Bristol Airport,51.3827,-2.71909
1109,1054,Europe,United Kingdom,England,Exeter,,EXT,,,Exeter Airport,,,,GB,England,EXT,EGTE,Exeter International Airport,50.7344,-3.41389
1110,1055,Europe,United Kingdom,England,Hull,,HUY,,,Humberside Airport,,,,GB,England,HUY,EGNJ,Humberside Airport,53.5744,-0.350833
1111,1056,Europe,United Kingdom,England,Leeds/Bradford,,LBA,,,Leeds Bradford Airport,,,,GB,England,LBA,EGNM,Leeds Bradford Airport,53.8659,-1.66057
1112,1057,Europe,United Kingdom,England,Liverpool,,LPL,,,Liverpool John Lennon Airport,,,,GB,England,LPL,EGGP,Liverpool John Lennon Airport,53.3336,-2.84972
1113,1058,Europe,United Kingdom,England,London,,LGW,,,Gatwick Airport,,,,GB,England,LGW,EGKK,Gatwick Airport,51.1481,-0.190278
1114,1059,Europe,United Kingdom,England,London,,LHR,,,Heathrow Airport,,,,GB,England,LHR,EGLL,Heathrow Airport,51.4775,-0.461389
1115,1060,Europe,United Kingdom,England,London,,LCY,,,London City Airport,,,,GB,England,LCY,EGLC,London City Airport,51.5053,0.055278
1116,1061,Europe,United Kingdom,England,London,,SEN,,,London Southend Airport,,,,GB,England,SEN,EGMC,London Southend Airport,51.5703,0.693333
1117,1062,Europe,United Kingdom,England,London,,STN,,,London Stansted Airport,,,,GB,England,STN,EGSS,London Stansted Airport,51.885,0.235
1118,1063,Europe,United Kingdom,England,London,,LTN,,,Luton Airport,,,,GB,England,LTN,EGGW,London Luton Airport,51.8747,-0.368333
1119,1064,Europe,United Kingdom,England,Manchester,,MAN,,,Manchester Airport,,,,GB,England,MAN,EGCC,Manchester Airport,53.3537,-2.27495
1120,1065,Europe,United Kingdom,England,Middlesbrough,,MME,,,Teesside International Airport,,,,GB,England,MME,EGNV,Teesside International Airport,54.5092,-1.42941
1121,1066,Europe,United Kingdom,England,Newcastle upon Tyne,,NCL,,,Newcastle International Airport,,,,GB,England,NCL,EGNT,Newcastle Airport,55.0375,-1.69167
1122,1067,Europe,United Kingdom,England,Newquay,,NQY,,,Newquay Airport,,,,GB,England,NQY,EGHQ,Cornwall Airport Newquay,50.4406,-4.99541
1123,1068,Europe,United Kingdom,England,Norwich,,NWI,,,Norwich Airport,,,,GB,England,NWI,EGSH,Norwich International Airport,52.6758,1.28278
1124,1069,Europe,United Kingdom,England,Nottingham,,EMA,,,East Midlands Airport,,,,GB,England,EMA,EGNX,East Midlands Airport,52.8311,-1.32806
1125,1070,Europe,United Kingdom,England,Southampton,,SOU,,,Southampton Airport,,,,GB,England,SOU,EGHI,Southampton Airport,50.9503,-1.3568
1126,1071,Europe,United Kingdom,Northern Ireland,Belfast,,BFS,,,Belfast International Airport,,,,GB,Northern Ireland,BFS,EGAA,Belfast International Airport,54.6575,-6.21583
1127,1072,Europe,United Kingdom,Northern Ireland,Belfast,,BHD,,,George Best Belfast City Airport,,,,GB,Northern Ireland,BHD,EGAC,George Best Belfast City Airport,54.6181,-5.8725
1128,1073,Europe,United Kingdom,Northern Ireland,Derry,,LDY,,,City of Derry Airport,,,,GB,Northern Ireland,LDY,EGAE,City of Derry Airport,55.0428,-7.16111
1129,1074,Europe,United Kingdom,Scotland,Aberdeen,,ABZ,,,Aberdeen Airport,,,,GB,Scotland,ABZ,EGPD,Aberdeen Airport,57.2019,-2.19778
1130,1075,Europe,United Kingdom,Scotland,Edinburgh,,EDI,,,Edinburgh Airport,,,,GB,Scotland,EDI,EGPH,Edinburgh Airport,55.95,-3.3725
1131,1076,Europe,United Kingdom,Scotland,Glasgow,,GLA,,,Glasgow Airport,,,,GB,Scotland,GLA,EGPF,Glasgow Airport,55.8719,-4.43306
1132,1077,Europe,United Kingdom,Scotland,Glasgow,,PIK,,,Glasgow Prestwick Airport,,,,GB,Scotland,PIK,EGPK,Glasgow Prestwick Airport,55.5094,-4.58667
1133,1078,Europe,United Kingdom,Scotland,Inverness,,INV,,,Inverness Airport,,,,GB,Scotland,INV,EGPE,Inverness Airport,57.5425,-4.0475
1134,1079,Europe,United Kingdom,Wales,Cardiff,,CWL,,,Cardiff Airport,,,,GB,Wales,CWL,EGFF,Cardiff Airport,51.3967,-3.34333
1135,1080,Europe,Western Europe,Belgium,Antwerp,,ANR,,,Antwerp International Airport,,,,BE,Antwerpen,ANR,EBAW,Antwerp International Airport,51.1894,4.46028
1136,1081,Europe,Western Europe,Belgium,Brussels,,BRU,,,Brussels Airport,,,,BE,Brussels Hoofdstedelijk Gewest,BRU,EBBR,Brussels Airport (Zaventem Airport),50.9014,4.48444
1137,1082,Europe,Western Europe,Belgium,Charleroi,,CRL,,,Brussels South Charleroi Airport,,,,BE,Hainaut,CRL,EBCI,Brussels South Charleroi Airport,50.4592,4.45382
1138,1083,Europe,Western Europe,Belgium,Liège,,LGG,,,Liège Airport,,,,BE,Liege,LGG,EBLG,Liege Airport,50.6374,5.44322
1139,1084,Europe,Western Europe,Belgium,Ostend/Bruges,,OST,,,Ostend–Bruges International Airport,,,,BE,West-Vlaanderen,OST,EBOS,Ostend-Bruges International Airport,51.1989,2.86222
1140,1085,Europe,Western Europe,France,Ajaccio,,AJA,,,Ajaccio Napoleon Bonaparte Airport,,,,FR,Corse,AJA,LFKJ,Ajaccio Napoleon Bonaparte Airport,41.9236,8.80292
1141,1086,Europe,Western Europe,France,Bastia,,BIA,,,Poretta Airport,,,,FR,Corse,BIA,LFKB,Bastia - Poretta Airport,42.5527,9.48373
1142,1087,Europe,Western Europe,France,Beauvais,,BVA,,,Beauvais–Tillé Airport,,,,FR,Hauts-de-France,BVA,LFOB,Beauvais–Tillé Airport,49.45444,2.11277
1143,1088,Europe,Western Europe,France,Bergerac,,EGC,,,Bergerac Dordogne Périgord Airport,,,,FR,Nouvelle-Aquitaine,EGC,LFBE,Bergerac Dordogne Perigord Airport,44.8253,0.518611
1144,1089,Europe,Western Europe,France,Béziers,,BZR,,,Béziers Cap d'Agde Airport,,,,FR,Occitanie,BZR,LFMU,Beziers Cap d'Agde Airport,43.3235,3.3539
1145,1090,Europe,Western Europe,France,Biarritz,,BIQ,,,Biarritz Pays Basque Airport,,,,FR,Nouvelle-Aquitaine,BIQ,LFBZ,Biarritz Pays Basque Airport,43.4683,-1.53111
1146,1091,Europe,Western Europe,France,Bordeaux,,BOD,,,Bordeaux–Mérignac Airport,,,,FR,Nouvelle-Aquitaine,BOD,LFBD,Bordeaux-Merignac Airport,44.8283,-0.715556
1147,1092,Europe,Western Europe,France,Brest,,BES,,,Brest Bretagne Airport,,,,FR,Bretagne,BES,LFRB,Brest Bretagne Airport,48.4479,-4.41854
1148,1093,Europe,Western Europe,France,Carcassonne,,CCF,,,Carcassonne Airport,,,,FR,Occitanie,CCF,LFMK,Carcassonne Airport,43.216,2.30632
1149,1094,Europe,Western Europe,France,Châlons-en-Champagne,,XCR,,,Châlons Vatry Airport,,,,FR,Grand-Est,XCR,LFOK,Chalons Vatry Airport,48.7806,4.1883
1150,1095,Europe,Western Europe,France,Chambéry,,CMF,,,Chambéry Airport,,,,FR,Auvergne-Rhone-Alpes,CMF,LFLB,Chambery-Savoie Airport,45.6381,5.88023
1151,1096,Europe,Western Europe,France,Dinard,,DNR,,,Dinard–Pleurtuit–Saint-Malo Airport,,,,FR,Bretagne,DNR,LFRD,Dinard-Pleurtuit-Saint-Malo Airport,48.5877,-2.07996
1152,1097,Europe,Western Europe,France,Figari,,FSC,,,Figari–Sud Corse Airport,,,,FR,Corse,FSC,LFKF,Figari-Sud Corse Airport,41.5006,9.09778
1153,1098,Europe,Western Europe,France,Grenoble,,GNB,,,Alpes–Isère Airport,,,,FR,Auvergne-Rhone-Alpes,GNB,LFLS,Grenoble-Isere Airport,45.3629,5.32937
1154,1099,Europe,Western Europe,France,La Rochelle,,LRH,,,La Rochelle – Île de Ré Airport,,,,FR,Nouvelle-Aquitaine,LRH,LFBH,La Rochelle - Ile de Re Airport,46.1792,-1.19528
1155,1100,Europe,Western Europe,France,Lille,,LIL,,,Lille Airport,,,,FR,Hauts-de-France,LIL,LFQQ,Lille Airport (Lille-Lesquin Airport),50.5633,3.08689
1156,1101,Europe,Western Europe,France,Limoges,,LIG,,,Limoges – Bellegarde Airport,,,,FR,Nouvelle-Aquitaine,LIG,LFBL,Limoges - Bellegarde Airport,45.8628,1.17944
1157,1102,Europe,Western Europe,France,Lyon,,LYS,,,Lyon–Saint-Exupéry Airport,,,,FR,Auvergne-Rhone-Alpes,LYS,LFLL,Lyon-Saint-Exupery Airport,45.7256,5.08111
1158,1103,Europe,Western Europe,France,Marseille,,MRS,,,Marseille Provence Airport,,,,FR,Provence-Alpes-Cote-d'Azur,MRS,LFML,Marseille Provence Airport,43.4393,5.22142
1159,1104,Europe,Western Europe,France,Mulhouse,,BSL,,,EuroAirport Basel Mulhouse Freiburg,,,,CH,Basel-City,BSL,LFSB,EuroAirport Basel Mulhouse Freiburg,47.59,7.52916
1160,1105,Europe,Western Europe,France,Nantes,,NTE,,,Nantes Atlantique Airport,,,,FR,Pays-de-la-Loire,NTE,LFRS,Nantes Atlantique Airport,47.1532,-1.61073
1161,1106,Europe,Western Europe,France,Nice,,NCE,,,Nice Côte d'Azur Airport,,,,FR,Provence-Alpes-Cote-d'Azur,NCE,LFMN,Nice Cote d'Azur Airport,43.6584,7.21587
1162,1107,Europe,Western Europe,France,Nîmes,,FNI,,,Nîmes–Alès–Camargue–Cévennes Airport,,,,FR,Occitanie,FNI,LFTW,Nimes-Ales-Camargue-Cevennes Airport (Garons Airport),43.7574,4.41635
1163,1108,Europe,Western Europe,France,Paris,,CDG,,,Charles de Gaulle Airport,,,,FR,Ile-de-France,CDG,LFPG,Paris Charles de Gaulle Airport,49.0097,2.54778
1164,1109,Europe,Western Europe,France,Paris,,ORY,,,Orly Airport,,,,FR,Ile-de-France,ORY,LFPO,Aéroport de Paris-Orly,48.7231,2.35944
1165,1110,Europe,Western Europe,France,Pau,,PUF,,,Pau Pyrénées Airport,,,,FR,Nouvelle-Aquitaine,PUF,LFBP,Pau Pyrenees Airport,43.38,-0.418611
1166,1111,Europe,Western Europe,France,Perpignan,,PGF,,,Perpignan–Rivesaltes Airport,,,,FR,Occitanie,PGF,LFMP,Perpignan-Rivesaltes Airport,42.7404,2.87067
1167,1112,Europe,Western Europe,France,Poitiers,,PIS,,,Poitiers–Biard Airport,,,,FR,Nouvelle-Aquitaine,PIS,LFBI,Poitiers-Biard Airport,46.5877,0.306666
1168,1113,Europe,Western Europe,France,Rodez,,RDZ,,,Rodez–Aveyron Airport,,,,FR,Occitanie,RDZ,LFCR,Rodez-Marcillac Airport,44.4079,2.48267
1169,1114,Europe,Western Europe,France,Saint-Étienne,,EBU,,,Saint-Étienne–Bouthéon Airport,,,,FR,Auvergne-Rhone-Alpes,EBU,LFMH,Saint-Etienne-Boutheon Airport,45.5406,4.29639
1170,1115,Europe,Western Europe,France,Strasbourg,,SXB,,,Strasbourg Airport,,,,FR,Grand-Est,SXB,LFST,Strasbourg Airport,48.5383,7.62823
1171,1116,Europe,Western Europe,France,Toulon,,TLN,,,Toulon–Hyères Airport,,,,FR,Provence-Alpes-Cote-d'Azur,TLN,LFTH,Toulon-Hyeres Airport (Hyeres Le Palyvestre Airport),43.0973,6.14603
1172,1117,Europe,Western Europe,France,Toulouse,,TLS,,,Toulouse–Blagnac Airport,,,,FR,Occitanie,TLS,LFBO,Toulouse-Blagnac Airport,43.6291,1.36382
1173,1118,Europe,Western Europe,France,Tours,,TUF,,,Tours Val de Loire Airport,,,,FR,Centre-Val de Loire,TUF,LFOT,Tours Val de Loire Airport,47.4322,0.727606
1174,1119,Europe,Western Europe,Gibraltar,Gibraltar,,GIB,,,Gibraltar International Airport,,,,GI,Gibraltar,GIB,LXGB,Gibraltar International Airport (North Front Airport),36.1512,-5.34966
1175,1120,Europe,Western Europe,Ireland,Cork,,ORK,,,Cork Airport,,,,IE,Cork,ORK,EICK,Cork Airport,51.8413,-8.49111
1176,1121,Europe,Western Europe,Ireland,Dublin,,DUB,,,Dublin Airport,,,,IE,Dublin,DUB,EIDW,Dublin Airport,53.4213,-6.27007
1177,1122,Europe,Western Europe,Ireland,Kerry,,KIR,,,Kerry Airport,,,,IE,Kerry,KIR,EIKY,Kerry Airport (Farranfore Airport),52.1809,-9.52378
1178,1123,Europe,Western Europe,Ireland,Knock,,NOC,,,Ireland West Airport,,,,IE,Mayo,NOC,EIKN,Ireland West Airport Knock,53.9103,-8.81849
1179,1124,Europe,Western Europe,Ireland,Shannon,,SNN,,,Shannon Airport,,,,IE,Clare,SNN,EINN,Shannon Airport,52.702,-8.92482
1180,1125,Europe,Western Europe,Isle of Man,Douglas,,IOM,,,Isle of Man Airport,,,,GB,England,IOM,EGNS,Isle of Man Airport,54.0833,-4.62333
1181,1126,Europe,Western Europe,Jersey,Saint Helier,,JER,,,Jersey Airport,,,,JE,Jersey,JER,EGJJ,Jersey Airport,49.2081,-2.19528
1182,1127,Europe,Western Europe,Luxembourg,Luxembourg City,,LUX,,,Luxembourg Airport,,,,LU,Luxembourg,LUX,ELLX,Luxembourg Findel Airport,49.6233,6.20444
1183,1128,Europe,Western Europe,Netherlands,Amsterdam,,AMS,,,Amsterdam Airport,,,,NL,Noord-Holland,AMS,EHAM,Amsterdam Airport Schiphol,52.3086,4.76389
1184,1129,Europe,Western Europe,Netherlands,Eindhoven,,EIN,,,Eindhoven Airport,,,,NL,Noord-Brabant,EIN,EHEH,Eindhoven Airport,51.4501,5.37453
1185,1130,Europe,Western Europe,Netherlands,Groningen,,GRQ,,,Groningen Airport Eelde,,,,NL,Drenthe,GRQ,EHGG,Groningen Airport Eelde,53.1197,6.57944
1186,1131,Europe,Western Europe,Netherlands,Maastricht,,MST,,,Maastricht Aachen Airport,,,,NL,Limburg,MST,EHBK,Maastricht Aachen Airport,50.9117,5.77014
1187,1132,Europe,Western Europe,Netherlands,Rotterdam,,RTM,,,Rotterdam The Hague Airport,,,,NL,Zuid-Holland,RTM,EHRD,Rotterdam The Hague Airport,51.9569,4.43722
1188,1133,Europe,Central Europe,Austria,Graz,,GRZ,,,Graz Airport,,,,AT,Steiermark,GRZ,LOWG,Graz Airport,46.9911,15.4396
1189,1134,Europe,Central Europe,Austria,Klagenfurt,,KLU,,,Klagenfurt Airport,,,,AT,Karnten,KLU,LOWK,Klagenfurt Airport,46.6425,14.3377
1190,1135,Europe,Central Europe,Austria,Innsbruck,,INN,,,Innsbruck Airport,,,,AT,Tirol,INN,LOWI,Innsbruck Airport (Kranebitten Airport),47.2602,11.344
1191,1136,Europe,Central Europe,Austria,Linz,,LNZ,,,Linz Airport,,,,AT,Oberosterreich,LNZ,LOWL,Linz Airport (Blue Danube Airport),48.2332,14.1875
1192,1137,Europe,Central Europe,Austria,Salzburg,,SZG,,,Salzburg Airport,,,,AT,Salzburg,SZG,LOWS,Salzburg Airport,47.7933,13.0043
1193,1138,Europe,Central Europe,Austria,Vienna,,VIE,,,Vienna International Airport,,,,AT,Niederosterreich,VIE,LOWW,Vienna International Airport,48.1103,16.5697
1194,1139,Europe,Central Europe,Czech Republic,Brno,,BRQ,,,Brno–Tuřany Airport,,,,CZ,Jihomoravsky kraj,BRQ,LKTB,Brno-Turany Airport,49.1513,16.6944
1195,1140,Europe,Central Europe,Czech Republic,České Budějovice,,JCL,,,České Budějovice Airport,,,,CZ,Jihocesky kraj,JCL,LKCS,Ceske Budejovice Airport (Plana Airport),48.9464,14.4275
1196,1141,Europe,Central Europe,Czech Republic,Karlovy Vary,,KLV,,,Karlovy Vary Airport,,,,CZ,Karlovarsky kraj,KLV,LKKV,Karlovy Vary Airport,50.203,12.915
1197,1142,Europe,Central Europe,Czech Republic,Ostrava,,OSR,,,Leoš Janáček Airport,,,,CZ,Moravskoslezsky kraj,OSR,LKMT,Leos Janacek Airport,49.6963,18.1111
1198,1143,Europe,Central Europe,Czech Republic,Pardubice,,PED,,,Pardubice Airport,,,,CZ,Pardubicky kraj,PED,LKPD,Pardubice Airport,50.0134,15.7386
1199,1144,Europe,Central Europe,Czech Republic,Prague,,PRG,,,Václav Havel Airport,,,,CZ,Stredocesky kraj,PRG,LKPR,Vaclav Havel Airport Prague,50.1008,14.26
1200,1145,Europe,Central Europe,Germany,Baden-Baden/Karlsruhe,,FKB,,,Karlsruhe/Baden-Baden Airport,,,,DE,Baden-Wurttemberg,FKB,EDSB,Karlsruhe/Baden-Baden Airport,48.7794,8.0805
1201,1146,Europe,Central Europe,Germany,Berlin,,BER,,,Berlin Brandenburg Airport,,,,DE,Brandenburg,BER,EDDB,Berlin Brandenburg Airport,52.3514,13.4939
1202,1147,Europe,Central Europe,Germany,Bremen,,BRE,,,Bremen Airport,,,,DE,Bremen,BRE,EDDW,Bremen Airport,53.0475,8.78667
1203,1148,Europe,Central Europe,Germany,Cologne/Bonn,,CGN,,,Cologne/Bonn Airport,,,,DE,Nordrhein-Westfalen,CGN,EDDK,Cologne Bonn Airport,50.8659,7.14274
1204,1149,Europe,Central Europe,Germany,Dortmund,,DTM,,,Dortmund Airport,,,,DE,Nordrhein-Westfalen,DTM,EDLW,Dortmund Airport,51.5183,7.61224
1205,1150,Europe,Central Europe,Germany,Düsseldorf,,DUS,,,Düsseldorf Airport,,,,DE,Nordrhein-Westfalen,DUS,EDDL,Dusseldorf Airport,51.2895,6.76678
1206,1151,Europe,Central Europe,Germany,Frankfurt,,FRA,,,Frankfurt Airport,,,,DE,Hessen,FRA,EDDF,Frankfurt Airport,50.0333,8.57056
1207,1152,Europe,Central Europe,Germany,Frankfurt,,HHN,,,Frankfurt-Hahn Airport,,,,DE,Rheinland-Pfalz,HHN,EDFH,Frankfurt-Hahn Airport,49.9487,7.26389
1208,1154,Europe,Central Europe,Germany,Friedrichshafen,,FDH,,,Friedrichshafen Airport,,,,DE,Baden-Wurttemberg,FDH,EDNY,Friedrichshafen Airport (Bodensee Airport),47.6713,9.51149
1209,1155,Europe,Central Europe,Germany,Hamburg,,HAM,,,Hamburg Airport,,,,DE,Hamburg,HAM,EDDH,Hamburg Airport,53.6304,9.98823
1210,1156,Europe,Central Europe,Germany,Hanover,,HAJ,,,Hannover Airport,,,,DE,Niedersachsen,HAJ,EDDV,Hannover Airport,52.4611,9.68508
1211,1157,Europe,Central Europe,Germany,Leipzig,,LEJ,,,Leipzig/Halle Airport,,,,DE,Sachsen,LEJ,EDDP,Leipzig/Halle Airport,51.4239,12.2364
1212,1158,Europe,Central Europe,Germany,Lübeck,,LBC,,,Lübeck Airport,,,,DE,Schleswig-Holstein,LBC,EDHL,Lubeck Airport,53.8054,10.7192
1213,1159,Europe,Central Europe,Germany,Memmingen,,FMM,,,Memmingen Airport,,,,DE,Bayern,FMM,EDJA,Memmingen Airport,47.9888,10.2395
1214,1160,Europe,Central Europe,Germany,Munich,,MUC,,,Munich Airport,,,,DE,Bayern,MUC,EDDM,Munich Airport,48.3538,11.7861
1215,1161,Europe,Central Europe,Germany,Nuremberg,,NUE,,,Nuremberg Airport,,,,DE,Bayern,NUE,EDDN,Nuremberg Airport,49.4987,11.0781
1216,1162,Europe,Central Europe,Germany,Stuttgart,,STR,,,Stuttgart Airport,,,,DE,Baden-Wurttemberg,STR,EDDS,Stuttgart Airport,48.6899,9.22196
1217,1163,Europe,Central Europe,Germany,Weeze,,NRN,,,Weeze Airport,,,,DE,Nordrhein-Westfalen,NRN,EDLV,Weeze Airport (Niederrhein Airport),51.6024,6.14217
1218,1164,Europe,Central Europe,Hungary,Budapest,,BUD,,,Budapest Ferenc Liszt International Airport,,,,HU,Budapest,BUD,LHBP,Budapest Ferenc Liszt International Airport,47.4298,19.2611
1219,1165,Europe,Central Europe,Hungary,Debrecen,,DEB,,,Debrecen International Airport,,,,HU,Hajdu-Bihar,DEB,LHDC,Debrecen International Airport,47.4889,21.6153
1220,1167,Europe,Central Europe,Hungary,Hévíz,,SOB,,,Hévíz-Balaton Airport,,,,HU,Zala,SOB,LHSM,Heviz-Balaton Airport,46.6864,17.1591
1221,1169,Europe,Central Europe,Poland,Bydgoszcz,,BZG,,,Bydgoszcz Ignacy Jan Paderewski Airport,,,,PL,Kujawsko-pomorskie,BZG,EPBY,Bydgoszcz Ignacy Jan Paderewski Airport,53.0968,17.9777
1222,1170,Europe,Central Europe,Poland,Gdańsk,,GDN,,,Gdańsk Lech Wałęsa Airport,,,,PL,Pomorskie,GDN,EPGD,Gdansk Lech Walesa Airport,54.3776,18.4662
1223,1171,Europe,Central Europe,Poland,Katowice,,KTW,,,Katowice Airport,,,,PL,Slaskie,KTW,EPKT,Katowice International Airport,50.4743,19.08
1224,1172,Europe,Central Europe,Poland,Kraków,,KRK,,,Kraków John Paul II International Airport,,,,PL,Malopolskie,KRK,EPKK,John Paul II International Airport Krakow-Balice,50.0777,19.7848
1225,1173,Europe,Central Europe,Poland,Lublin,,LUZ,,,Lublin Airport,,,,PL,Lubelskie,LUZ,EPLB,Lublin Airport,51.2403,22.7136
1226,1174,Europe,Central Europe,Poland,Łódź,,LCJ,,,Łódź Władysław Reymont Airport,,,,PL,Lodzkie,LCJ,EPLL,Lodz Wladyslaw Reymont Airport,51.7219,19.3981
1227,1175,Europe,Central Europe,Poland,Olsztyn,,SZY,,,Olsztyn-Mazury Airport,,,,PL,Warminsko-mazurskie,SZY,EPSY,Olsztyn-Mazury Regional Airport,53.4819,20.9377
1228,1176,Europe,Central Europe,Poland,Poznań,,POZ,,,Poznań–Ławica Airport,,,,PL,Wielkopolskie,POZ,EPPO,Poznań–Ławica Henryk Wieniawski Airport,52.421,16.8263
1229,1177,Europe,Central Europe,Poland,Rzeszów,,RZE,,,Rzeszów–Jasionka Airport,,,,PL,Podlaskie,RZE,EPRZ,Rzeszow-Jasionka Airport,50.11,22.019
1230,1178,Europe,Central Europe,Poland,Szczecin,,SZZ,,,Solidarity Szczecin–Goleniów Airport,,,,PL,Zachodniopomorskie,SZZ,EPSC,Solidarity Szczecin-Goleniow Airport,53.5847,14.9022
1231,1179,Europe,Central Europe,Poland,Warsaw,,WAW,,,Warsaw Chopin Airport,,,,PL,Mazowieckie,WAW,EPWA,Warsaw Chopin Airport,52.1657,20.9671
1232,1180,Europe,Central Europe,Poland,Warsaw,,WMI,,,Warsaw Modlin Airport,,,,PL,Mazowieckie,WMI,EPMO,Warsaw Modlin Airport,52.4511,20.6518
1233,1181,Europe,Central Europe,Poland,Warsaw,,RDO,,,Warsaw Radom Airport,,,,PL,Mazowieckie,RDO,EPRA,Radom Airport,51.3892,21.2133
1234,1182,Europe,Central Europe,Poland,Wrocław,,WRO,,,Wrocław Airport,,,,PL,Dolnoslaskie,WRO,EPWR,Copernicus Airport Wroclaw,51.1027,16.8858
1235,1183,Europe,Central Europe,Slovakia,Bratislava,,BTS,,,Bratislava Airport,,,,SK,Bratislavsky kraj,BTS,LZIB,M. R. Stefanik Airport,48.1702,17.2127
1236,1184,Europe,Central Europe,Slovakia,Košice,,KSC,,,Košice International Airport,,,,SK,Kosicky kraj,KSC,LZKZ,Kosice International Airport,48.6631,21.2411
1237,1185,Europe,Central Europe,Slovakia,Piešťany,,PZY,,,Piešťany Airport,,,,SK,Trnavsky kraj,PZY,LZPP,Piestany Airport,48.6252,17.8284
1238,1186,Europe,Central Europe,Slovakia,Poprad,,TAT,,,Poprad-Tatry Airport,,,,SK,Presovsky kraj,TAT,LZTT,Poprad-Tatry Airport,49.0736,20.2411
1239,1187,Europe,Central Europe,Slovakia,Žilina,,ILZ,,,Žilina Airport,,,,SK,Zilinsky kraj,ILZ,LZZI,Zilina Airport,49.2315,18.6135
1240,1188,Europe,Central Europe,Switzerland,Basel,,BSL,,,EuroAirport Basel Mulhouse Freiburg,,,,CH,Basel-City,BSL,LFSB,EuroAirport Basel Mulhouse Freiburg,47.59,7.52916
1241,1189,Europe,Central Europe,Switzerland,Bern,,BRN,,,Bern Airport,,,,CH,Bern,BRN,LSZB,Bern Airport,46.9141,7.49715
1242,1190,Europe,Central Europe,Switzerland,Geneva,,GVA,,,Geneva Airport,,,,CH,Geneve,GVA,LSGG,Geneva Airport,46.2381,6.10895
1243,1191,Europe,Central Europe,Switzerland,Lugano,,LUG,,,Lugano Airport,,,,CH,Ticino,LUG,LSZA,Lugano Airport,46.0043,8.91058
1244,1192,Europe,Central Europe,Switzerland,St. Gallen,,ACH,,,St. Gallen–Altenrhein Airport,,,,CH,Sankt Gallen,ACH,LSZR,St. Gallen-Altenrhein Airport,47.485,9.56077
1245,1193,Europe,Central Europe,Switzerland,Zürich,,ZRH,,,Zurich Airport,,,,CH,Zurich,ZRH,LSZH,Zurich Airport,47.4647,8.54917
1246,1194,Europe,Southern Europe,Croatia,Brač,,BWK,,,Brač Airport,,,,HR,Splitsko-dalmatinska zupanija,BWK,LDSB,Bol Airport (Brac Airport),43.2857,16.6797
1247,1195,Europe,Southern Europe,Croatia,Dubrovnik,,DBV,,,Dubrovnik Airport,,,,HR,Dubrovacko-neretvanska zupanija,DBV,LDDU,Dubrovnik Airport,42.5614,18.2682
1248,1196,Europe,Southern Europe,Croatia,Mali Lošinj,,LSZ,,,Lošinj Airport,,,,HR,Primorsko-goranska zupanija,LSZ,LDLO,Losinj Airport,44.5658,14.3931
1249,1197,Europe,Southern Europe,Croatia,Osijek,,OSI,,,Osijek Airport,,,,HR,Osjecko-baranjska zupanija,OSI,LDOS,Osijek Airport,45.4627,18.8102
1250,1198,Europe,Southern Europe,Croatia,Pula,,PUY,,,Pula Airport,,,,HR,Istarska zupanija,PUY,LDPL,Pula Airport,44.8935,13.9222
1251,1199,Europe,Southern Europe,Croatia,Rijeka,,RJK,,,Rijeka Airport,,,,HR,Primorsko-goranska zupanija,RJK,LDRI,Rijeka Airport,45.2169,14.5703
1252,1200,Europe,Southern Europe,Croatia,Split,,SPU,,,Split Airport,,,,HR,Splitsko-dalmatinska zupanija,SPU,LDSP,Split Airport,43.5389,16.298
1253,1201,Europe,Southern Europe,Croatia,Zadar,,ZAD,,,Zadar Airport,,,,HR,Zadarska zupanija,ZAD,LDZD,Zadar Airport,44.1083,15.3467
1254,1202,Europe,Southern Europe,Croatia,Zagreb,,ZAG,,,Zagreb Airport,,,,HR,Grad Zagreb,ZAG,LDZA,Zagreb Airport,45.7429,16.0688
1255,1203,Europe,Southern Europe,Greece,Athens,,ATH,,,Athens International Airport,,,,GR,Attiki,ATH,LGAV,Athens International Airport (Eleftherios Venizelos Airport),37.9364,23.9445
1256,1204,Europe,Southern Europe,Greece,Cephalonia,,EFL,,,Kefalonia Island International Airport,,,,GR,Ionia Nisia,EFL,LGKF,Kefalonia International Airport,38.1201,20.5005
1257,1205,Europe,Southern Europe,Greece,Chania,,CHQ,,,Chania International Airport,,,,GR,Kriti,CHQ,LGSA,Chania International Airport,35.5317,24.1497
1258,1206,Europe,Southern Europe,Greece,Chios,,JKH,,,Chios Island National Airport,,,,GR,Voreio Aigaio,JKH,LGHI,Chios Island National Airport,38.3432,26.1406
1259,1207,Europe,Southern Europe,Greece,Corfu,,CFU,,,Corfu International Airport,,,,GR,Ionia Nisia,CFU,LGKR,Corfu International Airport (Ioannis Kapodistrias Int'l Airport),39.6019,19.9117
1260,1208,Europe,Southern Europe,Greece,Heraklion,,HER,,,Heraklion International Airport,,,,GR,Kriti,HER,LGIR,Heraklion International Airport (Nikos Kazantzakis Airport),35.3397,25.1803
1261,1209,Europe,Southern Europe,Greece,Kalamata,,KLX,,,Kalamata International Airport,,,,GR,Peloponnisos,KLX,LGKL,Kalamata International Airport,37.0683,22.0255
1262,1210,Europe,Southern Europe,Greece,Karpathos,,AOK,,,Karpathos Island National Airport,,,,GR,Notio Aigaio,AOK,LGKP,Karpathos Island National Airport,35.4214,27.146
1263,1211,Europe,Southern Europe,Greece,Kavala,,KVA,,,Kavala International Airport,,,,GR,Anatoliki Makedonia kai Thraki,KVA,LGKV,Kavala International Airport (Alexander the Great Airport),40.9133,24.6192
1264,1212,Europe,Southern Europe,Greece,Kos,,KGS,,,Kos International Airport,,,,GR,Notio Aigaio,KGS,LGKO,Kos Island International Airport,36.7933,27.0917
1265,1213,Europe,Southern Europe,Greece,Mykonos,,JMK,,,Mykonos Airport,,,,GR,Notio Aigaio,JMK,LGMK,Mykonos Island National Airport,37.4351,25.3481
1266,1214,Europe,Southern Europe,Greece,Mytilene,,MJT,,,Mytilene International Airport,,,,GR,Voreio Aigaio,MJT,LGMT,Mytilene International Airport,39.0567,26.5983
1267,1215,Europe,Southern Europe,Greece,Preveza,,PVK,,,Aktion National Airport,,,,GR,Ionia Nisia,PVK,LGPZ,Aktion National Airport,38.9255,20.7653
1268,1216,Europe,Southern Europe,Greece,Rhodes,,RHO,,,Rhodes International Airport,,,,GR,Notio Aigaio,RHO,LGRP,Rhodes International Airport,36.4054,28.0862
1269,1217,Europe,Southern Europe,Greece,Samos,,SMI,,,Samos International Airport,,,,GR,Voreio Aigaio,SMI,LGSM,Samos International Airport,37.69,26.9117
1270,1218,Europe,Southern Europe,Greece,Santorini,,JTR,,,Santorini (Thira) International Airport,,,,GR,Notio Aigaio,JTR,LGSR,Santorini (Thira) National Airport,36.3992,25.4793
1271,1219,Europe,Southern Europe,Greece,Skiathos,,JSI,,,Skiathos International Airport,,,,GR,Thessalia,JSI,LGSK,Skiathos Island National Airport,39.1771,23.5037
1272,1220,Europe,Southern Europe,Greece,Skyros,,SKU,,,Skyros Island National Airport,,,,GR,Sterea Ellada,SKU,LGSY,Skyros Island National Airport,38.9676,24.4872
1273,1221,Europe,Southern Europe,Greece,Thessaloniki,,SKG,,,Thessaloniki Airport,,,,GR,Kentriki Makedonia,SKG,LGTS,Thessaloniki Airport,40.5197,22.9709
1274,1222,Europe,Southern Europe,Greece,Volos,,VOL,,,Nea Anchialos National Airport,,,,GR,Thessalia,VOL,LGBL,Nea Anchialos National Airport,39.2196,22.7943
1275,1223,Europe,Southern Europe,Greece,Zakynthos,,ZTH,,,Zakynthos International Airport,,,,GR,Ionia Nisia,ZTH,LGZA,Zakynthos International Airport (Dionysios SolomosAirport),37.7509,20.8843
1276,1224,Europe,Southern Europe,Italy,Alghero,,AHO,,,Fertilia Airport,,,,IT,Sardegna,AHO,LIEA,Alghero-Fertilia Airport,40.6321,8.29077
1277,1225,Europe,Southern Europe,Italy,Ancona,,AOI,,,Ancona Airport,,,,IT,Marche,AOI,LIPY,Ancona Falconara Airport,43.6163,13.3623
1278,1226,Europe,Southern Europe,Italy,Bari,,BRI,,,Palese Airport,,,,IT,Puglia,BRI,LIBD,Bari Karol Wojtyla Airport,41.1389,16.7606
1279,1227,Europe,Southern Europe,Italy,Bergamo,,BGY,,,Orio al Serio Airport,,,,IT,Lombardia,BGY,LIME,Milan Bergamo Airport,45.66546,9.69948
1280,1228,Europe,Southern Europe,Italy,Bologna,,BLQ,,,Bologna Airport,,,,IT,Emilia-Romagna,BLQ,LIPE,Bologna Guglielmo Marconi Airport,44.5354,11.2887
1281,1229,Europe,Southern Europe,Italy,Brescia,,VBS,,,Brescia Airport,,,,IT,Lombardia,VBS,LIPO,Brescia Airport (Gabriele D'Annunzio Airport),45.4289,10.3306
1282,1230,Europe,Southern Europe,Italy,Brindisi,,BDS,,,Brindisi Airport,,,,IT,Puglia,BDS,LIBR,Brindisi - Salento Airport,40.6576,17.947
1283,1231,Europe,Southern Europe,Italy,Cagliari,,CAG,,,Cagliari Airport,,,,IT,Sardegna,CAG,LIEE,Cagliari Elmas Airport,39.2515,9.05428
1284,1232,Europe,Southern Europe,Italy,Catania,,CTA,,,Fontanarossa Airport,,,,IT,Sicilia,CTA,LICC,Catania-Fontanarossa Airport,37.4668,15.0664
1285,1233,Europe,Southern Europe,Italy,Cuneo,,CUF,,,Cuneo Levaldigi Airport,,,,IT,Piemonte,CUF,LIMZ,Cuneo International Airport,44.547,7.62322
1286,1234,Europe,Southern Europe,Italy,Florence,,FLR,,,Peretola Airport,,,,IT,Toscana,FLR,LIRQ,Florence Airport,43.81,11.2051
1287,1235,Europe,Southern Europe,Italy,Genoa,,GOA,,,Cristoforo Colombo Airport,,,,IT,Liguria,GOA,LIMJ,Genoa Cristoforo Colombo Airport,44.4133,8.8375
1288,1236,Europe,Southern Europe,Italy,Lamezia,,SUF,,,Lamezia Terme Airport,,,,IT,Calabria,SUF,LICA,Lamezia Terme International Airport,38.9054,16.2423
1289,1237,Europe,Southern Europe,Italy,Milan,,LIN,,,Linate Airport,,,,IT,Lombardia,LIN,LIML,Milan-Linate Airport,45.4494,9.2783
1290,1238,Europe,Southern Europe,Italy,Milan,,MXP,,,Milan Malpensa Airport,,,,IT,Lombardia,MXP,LIMC,Milan-Malpensa Airport,45.6306,8.72811
1291,1239,Europe,Southern Europe,Italy,Naples,,NAP,,,Naples International Airport,,,,IT,Campania,NAP,LIRN,Naples International Airport,40.886,14.2908
1292,1240,Europe,Southern Europe,Italy,Olbia,,OLB,,,Costa Smeralda Airport,,,,IT,Sardegna,OLB,LIEO,Olbia Costa Smeralda Airport,40.8987,9.51763
1293,1241,Europe,Southern Europe,Italy,Palermo,,PMO,,,Palermo Airport,,,,IT,Sicilia,PMO,LICJ,Falcone-Borsellino Airport (Punta Raisi Airport),38.176,13.091
1294,1242,Europe,Southern Europe,Italy,Parma,,PMF,,,Giuseppe Verdi Airport,,,,IT,Emilia-Romagna,PMF,LIMP,Giuseppe Verdi Parma International Airport,44.82122,10.2974
1295,1243,Europe,Southern Europe,Italy,Perugia,,PEG,,,San Egidio Airport,,,,IT,Umbria,PEG,LIRZ,Perugia San Francesco d'Assisi - Umbria International Airport,43.0959,12.5132
1296,1244,Europe,Southern Europe,Italy,Pescara,,PSR,,,Abruzzo Airport,,,,IT,Abruzzo,PSR,LIBP,Abruzzo Airport,42.4317,14.1811
1297,1245,Europe,Southern Europe,Italy,Pisa,,PSA,,,Galileo Galilei Airport,,,,IT,Toscana,PSA,LIRP,Pisa International Airport (Galileo Galilei Airport),43.6839,10.3927
1298,1246,Europe,Southern Europe,Italy,Rimini,,RMI,,,Federico Fellini Airport,,,,IT,Emilia-Romagna,RMI,LIPR,Federico Fellini International Airport,44.0203,12.6117
1299,1247,Europe,Southern Europe,Italy,Rome,,FCO,,,Leonardo da Vinci–Fiumicino Airport,,,,IT,Lazio,FCO,LIRF,Rome–Fiumicino International Airport,41.8003,12.2389
1300,1248,Europe,Southern Europe,Italy,Rome,,CIA,,,Rome Ciampino Airport,,,,IT,Lazio,CIA,LIRA,Rome-Ciampino International Airport,41.7991,12.5929
1301,1249,Europe,Southern Europe,Italy,Salerno,,QSR,,,Salerno Costa d'Amalfi Airport,,,,IT,Campania,QSR,LIRI,Salerno Costa d'Amalfi Airport (Pontecagnano Airport),40.6204,14.9113
1302,1250,Europe,Southern Europe,Italy,Trapani,,TPS,,,Vincenzo Florio Airport,,,,IT,Sicilia,TPS,LICT,Vincenzo Florio Airport,37.9114,12.488
1303,1251,Europe,Southern Europe,Italy,Trieste,,TRS,,,Friuli Venezia Giulia Airport,,,,IT,Friuli-Venezia Giulia,TRS,LIPQ,Trieste - Friuli Venezia Giulia Airport,45.8275,13.4722
1304,1252,Europe,Southern Europe,Italy,Turin,,TRN,,,Caselle Airport,,,,IT,Piemonte,TRN,LIMF,Turin Airport (Caselle Airport),45.2008,7.64963
1305,1253,Europe,Southern Europe,Italy,Venice,,VCE,,,Venice Marco Polo Airport,,,,IT,Veneto,VCE,LIPZ,Venice Marco Polo Airport,45.5053,12.3519
1306,1254,Europe,Southern Europe,Italy,Verona,,VRN,,,Verona Villafranca Airport,,,,IT,Veneto,VRN,LIPX,Verona Villafranca Airport,45.3957,10.8885
1307,1255,Europe,Southern Europe,Malta,Ħal Luqa,,MLA,,,Malta International Airport,,,,MT,Luqa,MLA,LMML,Malta International Airport (Luqa Airport),35.8575,14.4775
1308,1256,Europe,Southern Europe,Portugal,Beja,,BYJ,,,Beja Airport,,,,PT,Beja,BYJ,LPBJ,Beja Airport,38.0789,-7.9324
1309,1257,Europe,Southern Europe,Portugal,Faro,,FAO,,,Faro Airport,,,,PT,Faro,FAO,LPFR,Faro Airport,37.0144,-7.96591
1310,1258,Europe,Southern Europe,Portugal,Funchal,,FNC,,,Madeira Airport,,,,PT,Regiao Autonoma da Madeira,FNC,LPMA,Madeira Airport,32.6979,-16.7745
1311,1259,Europe,Southern Europe,Portugal,Lisbon,,LIS,,,Lisbon Airport,,,,PT,Lisboa,LIS,LPPT,Lisbon Portela Airport,38.7813,-9.13592
1312,1260,Europe,Southern Europe,Portugal,Ponta Delgada,,PDL,,,João Paulo II Airport,,,,PT,Regiao Autonoma dos Acores,PDL,LPPD,Joao Paulo II Airport,37.7412,-25.6979
1313,1261,Europe,Southern Europe,Portugal,Porto,,OPO,,,Porto Airport,,,,PT,Porto,OPO,LPPR,Francisco Sá Carneiro Airport,41.2356,-8.67806
1314,1262,Europe,Southern Europe,Portugal,Porto Santo Island,,PXO,,,Porto Santo Airport,,,,PT,Regiao Autonoma da Madeira,PXO,LPPS,Porto Santo Airport,33.0734,-16.35
1315,1263,Europe,Southern Europe,Portugal,Terceira Island,,TER,,,Lajes Airport,,,,PT,Regiao Autonoma dos Acores,TER,LPLA,Lajes Field,38.7618,-27.0908
1316,1264,Europe,Southern Europe,Slovenia,Ljubljana,,LJU,,,Ljubljana Jože Pučnik Airport,,,,SI,Cerklje na Gorenjskem,LJU,LJLJ,Ljubljana Joze Pucnik Airport (Brnik Airport),46.2237,14.4576
1317,1265,Europe,Southern Europe,Slovenia,Maribor,,MBX,,,Maribor Edvard Rusjan Airport,,,,SI,Hoce-Slivnica,MBX,LJMB,Maribor Edvard Rusjan Airport,46.4799,15.6861
1318,1266,Europe,Southern Europe,Slovenia,Portorož,,POW,,,Portorož Airport,,,,SI,Piran,POW,LJPZ,Portoroz Airport,45.4734,13.615
1319,1267,Europe,Southern Europe,Spain,A Coruña,,LCG,,,A Coruña Airport,,,,ES,Galicia,LCG,LECO,A Coruna Airport,43.3021,-8.37726
1320,1268,Europe,Southern Europe,Spain,Alicante,,ALC,,,Alicante–Elche Miguel Hernández Airport,,,,ES,"Valenciana, Comunidad",ALC,LEAL,Alicante-Elche Airport,38.2822,-0.558156
1321,1269,Europe,Southern Europe,Spain,Almería,,LEI,,,Almería Airport,,,,ES,Andalucia,LEI,LEAM,Almeria Airport,36.8439,-2.3701
1322,1270,Europe,Southern Europe,Spain,Asturias,,OVD,,,Asturias Airport,,,,ES,"Asturias, Principado de",OVD,LEAS,Asturias Airport (Oviedo Airport),43.5636,-6.03462
1323,1271,Europe,Southern Europe,Spain,Barcelona,,BCN,,,Josep Tarradellas Barcelona–El Prat Airport,,,,ES,Catalunya,BCN,LEBL,Barcelona El Prat Airport,41.2971,2.07846
1324,1272,Europe,Southern Europe,Spain,Bilbao,,BIO,,,Bilbao Airport,,,,ES,Pais Vasco,BIO,LEBB,Bilbao Airport,43.3011,-2.91061
1325,1273,Europe,Southern Europe,Spain,Castellón de la Plana,,CDT,,,Castellón–Costa Azahar Airport,,,,ES,"Valenciana, Comunidad",CDT,LECH,Castellon-Costa Azahar Airport,40.2139,0.073333
1326,1274,Europe,Southern Europe,Spain,Fuerteventura,,FUE,,,Fuerteventura Airport,,,,ES,Canarias,FUE,GCFV,Fuerteventura Airport,28.4527,-13.8638
1327,1275,Europe,Southern Europe,Spain,Girona,,GRO,,,Girona-Costa Brava Airport,,,,ES,Catalunya,GRO,LEGE,Girona-Costa Brava Airport,41.901,2.76055
1328,1276,Europe,Southern Europe,Spain,Gran Canaria,,LPA,,,Gran Canaria Airport,,,,ES,Canarias,LPA,GCLP,Gran Canaria Airport,27.9319,-15.3866
1329,1277,Europe,Southern Europe,Spain,Granada,,GRX,,,Federico García Lorca Granada Airport,,,,ES,Andalucia,GRX,LEGR,Federico Garcia Lorca Airport (Granada Jaen Airport),37.1887,-3.77736
1330,1278,Europe,Southern Europe,Spain,Huesca,,HSK,,,Huesca-Pirineos Airport,,,,ES,Aragon,HSK,LEHC,Huesca-Pirineos Airport,42.0761,-0.316667
1331,1279,Europe,Southern Europe,Spain,Ibiza,,IBZ,,,Ibiza Airport,,,,ES,Illes Balears,IBZ,LEIB,Ibiza Airport,38.8729,1.37312
1332,1280,Europe,Southern Europe,Spain,Jerez de la Frontera,,XRY,,,Jerez Airport,,,,ES,Andalucia,XRY,LEJR,Jerez Airport (La Parra Airport),36.7446,-6.06011
1333,1281,Europe,Southern Europe,Spain,La Palma,,SPC,,,La Palma Airport,,,,ES,Canarias,SPC,GCLA,La Palma Airport,28.6265,-17.7556
1334,1282,Europe,Southern Europe,Spain,Lanzarote,,ACE,,,Lanzarote Airport,,,,ES,Canarias,ACE,GCRR,Lanzarote Airport,28.9455,-13.6052
1335,1283,Europe,Southern Europe,Spain,Lleida,,ILD,,,Alguaire Airport,,,,ES,Catalunya,ILD,LEDA,Lleida-Alguaire Airport,41.7282,0.535023
1336,1284,Europe,Southern Europe,Spain,Madrid,,MAD,,,Madrid-Barajas Airport,,,,ES,"Madrid, Comunidad de",MAD,LEMD,Adolfo Suarez Madrid-Barajas Airport,40.4719,-3.56264
1337,1285,Europe,Southern Europe,Spain,Málaga,,AGP,,,Málaga Airport,,,,ES,Andalucia,AGP,LEMG,Malaga Airport,36.6749,-4.49911
1338,1286,Europe,Southern Europe,Spain,Menorca,,MAH,,,Menorca Airport,,,,ES,Illes Balears,MAH,LEMH,Menorca Airport (Mahon Airport),39.8626,4.21865
1339,1287,Europe,Southern Europe,Spain,Murcia,,RMU,,,Región de Murcia International Airport,,,,ES,"Murcia, Region de",RMU,LEMI,Region de Murcia International Airport,37.803,-1.125
1340,1288,Europe,Southern Europe,Spain,Palma de Mallorca,,PMI,,,Palma de Mallorca Airport,,,,ES,Illes Balears,PMI,LEPA,Palma de Mallorca Airport,39.5517,2.73881
1341,1289,Europe,Southern Europe,Spain,Pamplona,,PNA,,,Pamplona Airport,,,,ES,"Navarra, Comunidad Foral de",PNA,LEPP,Pamplona Airport,42.77,-1.64633
1342,1290,Europe,Southern Europe,Spain,Reus,,REU,,,Reus Airport,,,,ES,Catalunya,REU,LERS,Reus Airport,41.1474,1.16717
1343,1291,Europe,Southern Europe,Spain,Santander,,SDR,,,Santander Airport,,,,ES,Cantabria,SDR,LEXJ,Santander Airport,43.4271,-3.82001
1344,1292,Europe,Southern Europe,Spain,Santiago de Compostela,,SCQ,,,Santiago de Compostela Airport,,,,ES,Galicia,SCQ,LEST,Santiago de Compostela Airport,42.8963,-8.41514
1345,1293,Europe,Southern Europe,Spain,Seville,,SVQ,,,Seville Airport,,,,ES,Andalucia,SVQ,LEZL,Seville Airport,37.418,-5.89311
1346,1294,Europe,Southern Europe,Spain,Tenerife,,TFN,,,Tenerife North–Ciudad de La Laguna Airport,,,,ES,Canarias,TFN,GCXO,Tenerife North Airport,28.4847,-16.3439
1347,1295,Europe,Southern Europe,Spain,Tenerife,,TFS,,,Tenerife South Airport,,,,ES,Canarias,TFS,GCTS,Tenerife South Airport,28.046,-16.5728
1348,1296,Europe,Southern Europe,Spain,Valencia,,VLC,,,Valencia Airport,,,,ES,"Valenciana, Comunidad",VLC,LEVC,Valencia Airport,39.4893,-0.481625
1349,1297,Europe,Southern Europe,Spain,Valladolid,,VLL,,,Valladolid Airport,,,,ES,Castilla y Leon,VLL,LEVD,Valladolid Airport,41.7061,-4.85194
1350,1298,Europe,Southern Europe,Spain,Vigo,,VGO,,,Vigo–Peinador Airport,,,,ES,Galicia,VGO,LEVX,Vigo-Peinador Airport,42.2318,-8.62677
1351,1299,Europe,Southern Europe,Spain,Vitoria-Gasteiz,,VIT,,,Vitoria Airport,,,,ES,Pais Vasco,VIT,LEVT,Vitoria Airport,42.8828,-2.72447
1352,1300,Europe,Southern Europe,Spain,Zaragoza,,ZAZ,,,Zaragoza Airport,,,,ES,Aragon,ZAZ,LEZG,Zaragoza Airport,41.6662,-1.04155
1353,1302,Europe,Eastern Europe,Albania,Tirana,,TIA,,,Tirana International Airport Nënë Tereza,,,,IR,Azarbayjan-e Gharbi,TIA,LATI,Tirana International Airport,41.4147,19.7206
1354,1303,Europe,Eastern Europe,Belarus,Grodno,,GNA,,,Hrodna Airport,,,,BY,Hrodzenskaya voblasts',GNA,UMMG,Grodno Airport,53.602,24.0538
1355,1304,Europe,Eastern Europe,Belarus,Gomel,,GME,,,Gomel Airport,,,,BY,Homyel'skaya voblasts',GME,UMGG,Gomel Airport,52.527,31.0167
1356,1305,Europe,Eastern Europe,Belarus,Minsk,,MSQ,,,Minsk International Airport,,,,BY,Minskaya voblasts',MSQ,UMMS,Minsk National Airport,53.8825,28.0307
1357,1306,Europe,Eastern Europe,Bosnia and Herzegovina,Banja Luka,,BNX,,,Banja Luka International Airport,,,,BA,Republika Srpska,BNX,LQBK,Banja Luka International Airport,44.9414,17.2975
1358,1307,Europe,Eastern Europe,Bosnia and Herzegovina,Mostar,,OMO,,,Mostar International Airport,,,,BA,Federacija Bosne i Hercegovine,OMO,LQMO,Mostar Airport,43.2829,17.8459
1359,1308,Europe,Eastern Europe,Bosnia and Herzegovina,Sarajevo,,SJJ,,,Sarajevo International Airport,,,,BA,Federacija Bosne i Hercegovine,SJJ,LQSA,Sarajevo International Airport,43.8246,18.3315
1360,1309,Europe,Eastern Europe,Bosnia and Herzegovina,Tuzla,,TZL,,,Tuzla International Airport,,,,BA,Federacija Bosne i Hercegovine,TZL,LQTZ,Tuzla International Airport,44.4587,18.7248
1361,1310,Europe,Eastern Europe,Bulgaria,Burgas,,BOJ,,,Burgas Airport,,,,BG,Burgas,BOJ,LBBG,Burgas Airport,42.5696,27.5152
1362,1311,Europe,Eastern Europe,Bulgaria,Plovdiv,,PDV,,,Plovdiv Airport,,,,BG,Plovdiv,PDV,LBPD,Plovdiv Airport,42.0678,24.8508
1363,1312,Europe,Eastern Europe,Bulgaria,Sofia,,SOF,,,Sofia Airport,,,,BG,Sofia,SOF,LBSF,Sofia Airport,42.6967,23.4114
1364,1313,Europe,Eastern Europe,Bulgaria,Varna,,VAR,,,Varna Airport,,,,BG,Varna,VAR,LBWN,Varna Airport,43.2321,27.8251
1365,1314,Europe,Eastern Europe,Kosovo,Pristina,,PRN,,,Pristina International Airport,,,,XK,Pristina,PRN,BKPR,Pristina Adem Jashari Airport,42.5745,21.0294
1366,1315,Europe,Eastern Europe,Moldova,Chişinău,,RMO,,,Chișinău International Airport,,,,MD,Chisinau,RMO,LUKK,Chisinau International Airport,46.9277,28.931
1367,1316,Europe,Eastern Europe,Romania,Arad,,ARW,,,Arad International Airport,,,,RO,Arad,ARW,LRAR,Arad International Airport,46.1766,21.262
1368,1317,Europe,Eastern Europe,Romania,Bacau,,BCM,,,George Enescu International Airport,,,,RO,Bacau,BCM,LRBC,Bacau International Airport,46.5219,26.9103
1369,1318,Europe,Eastern Europe,Romania,Baia Mare,,BAY,,,Maramureș Airport,,,,RO,Maramures,BAY,LRBM,Baia Mare Airport,47.6606,23.4673
1370,1319,Europe,Eastern Europe,Romania,Brașov,,GHV,,,Brașov-Ghimbav International Airport,,,,RO,Brasov,GHV,LRBV,Brasov Airport,45.6942,25.5172
1371,1320,Europe,Eastern Europe,Romania,Bucharest,,OTP,,,Henri Coandă International Airport,,,,RO,Ilfov,OTP,LROP,Bucharest Henri Coandă International Airport,44.5711,26.085
1372,1321,Europe,Eastern Europe,Romania,Bucharest,,BBU,,,Aurel Vlaicu International Airport,,,,RO,Bucuresti,BBU,LRBS,Aurel Vlaicu International Airport,44.496,26.0814
1373,1322,Europe,Eastern Europe,Romania,Cluj-Napoca,,CLJ,,,Cluj-Napoca International Airport,,,,RO,Cluj,CLJ,LRCL,Cluj-Napoca International Airport,46.7852,23.6862
1374,1323,Europe,Eastern Europe,Romania,Constanța,,CND,,,Mihail Kogălniceanu International Airport,,,,RO,Constanta,CND,LRCK,Mihail Kogalniceanu International Airport,44.3622,28.4883
1375,1324,Europe,Eastern Europe,Romania,Craiova,,CRA,,,Craiova International Airport,,,,RO,Dolj,CRA,LRCV,Craiova International Airport,44.3181,23.8886
1376,1325,Europe,Eastern Europe,Romania,Iași,,IAS,,,Iași International Airport,,,,RO,Iasi,IAS,LRIA,Iasi International Airport,47.1785,27.6206
1377,1326,Europe,Eastern Europe,Romania,Oradea,,OMR,,,Oradea International Airport,,,,RO,Bihor,OMR,LROD,Oradea International Airport,47.0253,21.9025
1378,1327,Europe,Eastern Europe,Romania,Satu Mare,,SUJ,,,Satu Mare International Airport,,,,RO,Satu Mare,SUJ,LRSM,Satu Mare International Airport,47.7033,22.8857
1379,1328,Europe,Eastern Europe,Romania,Sibiu,,SBZ,,,Sibiu International Airport,,,,RO,Sibiu,SBZ,LRSB,Sibiu International Airport,45.7856,24.0913
1380,1329,Europe,Eastern Europe,Romania,Suceava,,SCV,,,Suceava International Airport,,,,RO,Suceava,SCV,LRSV,Suceava International Airport (Stefan cel Mare Int'l),47.6875,26.3541
1381,1330,Europe,Eastern Europe,Romania,Târgu Mureș,,TGM,,,Târgu Mureș International Airport,,,,RO,Mures,TGM,LRTM,Targu Mures International Airport,46.4677,24.4125
1382,1331,Europe,Eastern Europe,Romania,Timișoara,,TSR,,,Timișoara Traian Vuia International Airport,,,,RO,Timis,TSR,LRTR,Timisoara Traian Vuia International Airport,45.8099,21.3379
1383,1332,Europe,Eastern Europe,Montenegro,Podgorica,,TGD,,,Podgorica Airport,,,,ME,Podgorica,TGD,LYPG,Podgorica Airport,42.3594,19.2519
1384,1333,Europe,Eastern Europe,Montenegro,Tivat,,TIV,,,Tivat Airport,,,,ME,Tivat,TIV,LYTV,Tivat Airport,42.4047,18.7233
1385,1334,Europe,Eastern Europe,North Macedonia,Ohrid,,OHD,,,Ohrid St. Paul the Apostle Airport,,,,MK,Ohrid,OHD,LWOH,Ohrid St. Paul the Apostle Airport,41.18,20.7423
1386,1335,Europe,Eastern Europe,North Macedonia,Skopje,,SKP,,,Skopje International Airport,,,,MK,Skopje,SKP,LWSK,Skopje Alexander the Great Airport,41.9616,21.6214
1387,1336,Europe,Eastern Europe,Russia,Abakan,,ABA,,,Abakan International Airport,,,,RU,"Khakasiya, Respublika",ABA,UNAA,Abakan International Airport,53.74,91.385
1388,1337,Europe,Eastern Europe,Russia,Anadyr,,DYR,,,Ugolny Airport,,,,RU,Chukotskiy avtonomnyy okrug,DYR,UHMA,Ugolny Airport,64.7349,177.741
1389,1338,Europe,Eastern Europe,Russia,Anapa,,AAQ,,,Anapa Airport,,,,RU,Krasnodarskiy kray,AAQ,URKA,Anapa Airport,45.0021,37.3473
1390,1339,Europe,Eastern Europe,Russia,Arkhangelsk,,ARH,,,Talagi Airport,,,,RU,Arkhangel'skaya oblast',ARH,ULAA,Talagi Airport,64.6003,40.7167
1391,1340,Europe,Eastern Europe,Russia,Astrakhan,,ASF,,,Narimanovo Airport,,,,RU,Astrakhanskaya oblast',ASF,URWA,Narimanovo Airport,46.2833,48.0063
1392,1341,Europe,Eastern Europe,Russia,Barnaul,,BAX,,,Barnaul Airport,,,,RU,Altayskiy kray,BAX,UNBB,Barnaul Airport,53.3638,83.5385
1393,1342,Europe,Eastern Europe,Russia,Belgorod,,EGO,,,Belgorod International Airport,,,,RU,Belgorodskaya oblast',EGO,UUOB,Belgorod International Airport,50.6438,36.5901
1394,1343,Europe,Eastern Europe,Russia,Blagoveshchensk,,BQS,,,Ignatyevo Airport,,,,RU,Amurskaya oblast',BQS,UHBB,Ignatyevo Airport,50.4254,127.412
1395,1344,Europe,Eastern Europe,Russia,Bratsk,,BTK,,,Bratsk Airport,,,,RU,Irkutskaya oblast',BTK,UIBB,Bratsk Airport,56.3706,101.698
1396,1345,Europe,Eastern Europe,Russia,Bryansk,,BZK,,,Bryansk International Airport,,,,RU,Bryanskaya oblast',BZK,UUBP,Bryansk International Airport,53.2142,34.1764
1397,1346,Europe,Eastern Europe,Russia,Cheboksary,,CSY,,,Cheboksary International Airport,,,,RU,Chuvashskaya Respublika,CSY,UWKS,Cheboksary Airport,56.0903,47.3473
1398,1347,Europe,Eastern Europe,Russia,Chelyabinsk,,CEK,,,Chelyabinsk Airport,,,,RU,Chelyabinskaya oblast',CEK,USCC,Chelyabinsk Airport,55.3058,61.5033
1399,1348,Europe,Eastern Europe,Russia,Cherepovets,,CEE,,,Cherepovets Airport,,,,RU,Vologodskaya oblast',CEE,ULWC,Cherepovets Airport,59.2736,38.0158
1400,1349,Europe,Eastern Europe,Russia,Chita,,HTA,,,Chita-Kadala International Airport,,,,RU,Zabaykal'skiy kray,HTA,UIAA,Chita International Airport (Kadala Airport),52.0263,113.306
1401,1350,Europe,Eastern Europe,Russia,Elista,,ESL,,,Elista Airport,,,,RU,"Kalmykiya, Respublika",ESL,URWI,Elista Airport,46.3739,44.3309
1402,1351,Europe,Eastern Europe,Russia,Grozny,,GRV,,,Grozny Airport,,,,RU,Chechenskaya Respublika,GRV,URMG,Grozny Airport,43.3883,45.6986
1403,1352,Europe,Eastern Europe,Russia,Irkutsk,,IKT,,,Irkutsk Airport,,,,RU,Irkutskaya oblast',IKT,UIII,International Airport Irkutsk,52.268,104.389
1404,1353,Europe,Eastern Europe,Russia,Kaliningrad,,KGD,,,Khrabrovo Airport,,,,RU,Kaliningradskaya oblast',KGD,UMKK,Khrabrovo Airport,54.89,20.5926
1405,1354,Europe,Eastern Europe,Russia,Kazan,,KZN,,,Kazan Airport,,,,RU,"Tatarstan, Respublika",KZN,UWKD,Kazan International Airport,55.6062,49.2787
1406,1355,Europe,Eastern Europe,Russia,Khabarovsk,,KHV,,,Khabarovsk Novy Airport,,,,RU,Khabarovskiy kray,KHV,UHHH,Khabarovsk Novy Airport,48.528,135.188
1407,1356,Europe,Eastern Europe,Russia,Komsomolsk-on-Amur,,KXK,,,Komsomolsk-on-Amur Airport,,,,RU,Khabarovskiy kray,KXK,UHKK,Komsomolsk-on-Amur Airport,50.409,136.934
1408,1357,Europe,Eastern Europe,Russia,Krasnodar,,KRR,,,Pashkovsky Airport,,,,RU,Krasnodarskiy kray,KRR,URKK,Krasnodar International Airport (Pashkovsky Airport),45.0347,39.1705
1409,1358,Europe,Eastern Europe,Russia,Krasnoyarsk,,KJA,,,Yemelyanovo International Airport,,,,RU,Krasnoyarskiy kray,KJA,UNKL,Yemelyanovo International Airport,56.1729,92.4933
1410,1359,Europe,Eastern Europe,Russia,Kursk,,URS,,,Kursk Vostochny Airport,,,,RU,Kurskaya oblast',URS,UUOK,Kursk Vostochny Airport,51.7506,36.2956
1411,1360,Europe,Eastern Europe,Russia,Magadan,,GDX,,,Sokol Airport,,,,RU,Magadanskaya oblast',GDX,UHMM,Sokol Airport,59.911,150.72
1412,1361,Europe,Eastern Europe,Russia,Magnitogorsk,,MQF,,,Magnitogorsk International Airport,,,,RU,Chelyabinskaya oblast',MQF,USCM,Magnitogorsk International Airport,53.3931,58.7557
1413,1362,Europe,Eastern Europe,Russia,Makhachkala,,MCX,,,Uytash Airport,,,,RU,"Dagestan, Respublika",MCX,URML,Uytash Airport,42.8168,47.6523
1414,1363,Europe,Eastern Europe,Russia,Mineralnye Vody,,MRV,,,Mineralnye Vody Airport,,,,RU,Stavropol'skiy kray,MRV,URMM,Mineralnye Vody Airport,44.2251,43.0819
1415,1364,Europe,Eastern Europe,Russia,Moscow,,DME,,,Domodedovo International Airport,,,,RU,Moskovskaya Oblast,DME,UUDD,Domodedovo Airport,55.4102,37.902
1416,1365,Europe,Eastern Europe,Russia,Moscow,,ZIA,,,Zhukovsky International Airport,,,,RU,Moskva,ZIA,UUBW,Ramenskoye Airport (Zhukovsky Airport),55.5533,38.15
1417,1366,Europe,Eastern Europe,Russia,Moscow,,SVO,,,Sheremetyevo International Airport,,,,RU,Moskovskaya oblast,SVO,UUEE,Sheremetyevo Alexander S. Pushkin International Airport,55.9728,37.4147
1418,1367,Europe,Eastern Europe,Russia,Moscow,,VKO,,,Vnukovo Airport,,,,RU,Moskva,VKO,UUWW,Vnukovo International Airport,55.5979,37.2709
1419,1368,Europe,Eastern Europe,Russia,Murmansk,,MMK,,,Murmansk Airport,,,,RU,Murmanskaya oblast',MMK,ULMM,Murmansk Airport,68.7817,32.7508
1420,1369,Europe,Eastern Europe,Russia,Nalchik,,NAL,,,Nalchik Airport,,,,RU,Kabardino-Balkarskaya Respublika,NAL,URMN,Nalchik Airport,43.5129,43.6366
1421,1370,Europe,Eastern Europe,Russia,Nizhnekamsk,,NBC,,,Begishevo Airport,,,,RU,"Tatarstan, Respublika",NBC,UWKE,Begishevo Airport,55.5647,52.0925
1422,1371,Europe,Eastern Europe,Russia,Nizhnevartovsk,,NJC,,,Nizhnevartovsk Airport,,,,RU,Khanty-Mansiyskiy avtonomnyy okrug,NJC,USNN,Nizhnevartovsk Airport,60.9493,76.4836
1423,1372,Europe,Eastern Europe,Russia,Nizhny Novgorod,,GOJ,,,Strigino Airport,,,,RU,Nizhegorodskaya oblast',GOJ,UWGG,Nizhny Novgorod International Airport (Strigino Airport),56.2301,43.784
1424,1373,Europe,Eastern Europe,Russia,Novokuznetsk,,NOZ,,,Spichenkovo Airport,,,,RU,Kemerovskaya oblast',NOZ,UNWW,Spichenkovo Airport,53.8114,86.8772
1425,1374,Europe,Eastern Europe,Russia,Novosibirsk,,OVB,,,Tolmachevo Airport,,,,RU,Novosibirskaya oblast',OVB,UNNT,Tolmachevo Airport,55.0126,82.6507
1426,1375,Europe,Eastern Europe,Russia,Omsk,,OMS,,,Omsk Tsentralny Airport,,,,RU,Omskaya oblast',OMS,UNOO,Omsk Tsentralny Airport,54.967,73.3105
1427,1376,Europe,Eastern Europe,Russia,Orenburg,,REN,,,Orenburg Tsentralny Airport,,,,RU,Orenburgskaya oblast',REN,UWOO,Orenburg Tsentralny Airport,51.7958,55.4567
1428,1377,Europe,Eastern Europe,Russia,Orsk,,OSW,,,Orsk Airport,,,,RU,Orenburgskaya oblast',OSW,UWOR,Orsk Airport,51.0725,58.5956
1429,1378,Europe,Eastern Europe,Russia,Perm,,PEE,,,Perm International Airport,,,,RU,Permskiy kray,PEE,USPP,Perm International Airport (Bolshoye Savino Airport),57.9145,56.0212
1430,1379,Europe,Eastern Europe,Russia,Petrozavodsk,,PES,,,Petrozavodsk Airport,,,,RU,"Kareliya, Respublika",PES,ULPB,Petrozavodsk Airport (Besovets Airport),61.8852,34.1547
1431,1380,Europe,Eastern Europe,Russia,Provideniya,,PVS,,,Provideniya Bay Airport,,,,RU,Chukotskiy avtonomnyy okrug,PVS,UHMD,Provideniya Bay Airport,64.3781,-173.243
1432,1381,Europe,Eastern Europe,Russia,Petropavlovsk-Kamchatsky,,PKC,,,Yelizovo Airport,,,,RU,Kamchatskiy kray,PKC,UHPP,Petropavlovsk-Kamchatsky Airport (Yelizovo Airport),53.1679,158.454
1433,1382,Europe,Eastern Europe,Russia,Pskov,,PKV,,,Pskov Airport,,,,RU,Pskovskaya oblast',PKV,ULOO,Pskov Airport,57.7839,28.3956
1434,1383,Europe,Eastern Europe,Russia,Rostov-on-Don,,ROV,,,Platov International Airport,,,,RU,Rostovskaya oblast',ROV,URRP,Platov International Airport,47.4939,39.9247
1435,1384,Europe,Eastern Europe,Russia,St. Petersburg,,LED,,,Pulkovo Airport,,,,RU,Leningradskaya oblast',LED,ULLI,Pulkovo Airport,59.8003,30.2625
1436,1385,Europe,Eastern Europe,Russia,Samara,,KUF,,,Samara Kurumoch Airport,,,,RU,Samarskaya oblast',KUF,UWWW,Kurumoch International Airport,53.5049,50.1643
1437,1386,Europe,Eastern Europe,Russia,Saratov,,GSV,,,Saratov Gagarin Airport,,,,RU,Saratovskaya oblast',GSV,,Saratov Gagarin Airport,51.7128,46.1711
1438,1387,Europe,Eastern Europe,Russia,Sochi,,AER,,,Sochi International Airport,,,,RU,Krasnodarskiy kray,AER,URSS,Sochi International Airport,43.4499,39.9566
1439,1388,Europe,Eastern Europe,Russia,Stavropol,,STW,,,Stavropol Shpakovskoye Airport,,,,RU,Stavropol'skiy kray,STW,URMT,Stavropol Shpakovskoye Airport,45.1092,42.1128
1440,1389,Europe,Eastern Europe,Russia,Surgut,,SGC,,,Farman Salmanov Surgut Airport,,,,RU,Khanty-Mansiyskiy avtonomnyy okrug,SGC,USRR,Surgut International Airport,61.3437,73.4018
1441,1390,Europe,Eastern Europe,Russia,Syktyvkar,,SCW,,,Syktyvkar Airport,,,,RU,"Komi, Respublika",SCW,UUYY,Syktyvkar Airport,61.647,50.8451
1442,1391,Europe,Eastern Europe,Russia,Tomsk,,TOF,,,Bogashevo Airport,,,,RU,Tomskaya oblast',TOF,UNTT,Bogashevo Airport,56.3803,85.2083
1443,1392,Europe,Eastern Europe,Russia,Tyumen,,TJM,,,Roshchino International Airport,,,,RU,Tyumenskaya oblast',TJM,USTR,Roshchino International Airport,57.1896,65.3243
1444,1393,Europe,Eastern Europe,Russia,Ulan-Ude,,UUD,,,Baikal International Airport,,,,RU,"Buryatiya, Respublika",UUD,UIUU,Baikal International Airport,51.8078,107.438
1445,1394,Europe,Eastern Europe,Russia,Ulyanovsk,,ULV,,,Ulyanovsk Baratayevka Airport,,,,RU,Ul'yanovskaya oblast',ULV,UWLL,Ulyanovsk Baratayevka Airport,54.2683,48.2267
1446,1395,Europe,Eastern Europe,Russia,Ufa,,UFA,,,Ufa International Airport,,,,RU,"Bashkortostan, Respublika",UFA,UWUU,Ufa International Airport,54.5575,55.8744
1447,1396,Europe,Eastern Europe,Russia,Vladivostok,,VVO,,,Vladivostok International Airport,,,,RU,Primorskiy kray,VVO,UHWW,Vladivostok International Airport,43.399,132.148
1448,1397,Europe,Eastern Europe,Russia,Vladikavkaz,,OGZ,,,Beslan Airport,,,,RU,"Severnaya Osetiya, Respublika",OGZ,URMO,Beslan Airport,43.2051,44.6066
1449,1398,Europe,Eastern Europe,Russia,Volgograd,,VOG,,,Volgograd International Airport,,,,RU,Vologodskaya oblast',VOG,URWW,Volgograd International Airport,48.7825,44.3455
1450,1399,Europe,Eastern Europe,Russia,Voronezh,,VOZ,,,Voronezh International Airport,,,,RU,Voronezhskaya oblast',VOZ,UUOO,Voronezh International Airport (Chertovitskoye Airport),51.8142,39.2296
1451,1400,Europe,Eastern Europe,Russia,Yakutsk,,YKS,,,Yakutsk Airport,,,,RU,"Saha, Respublika",YKS,UEEE,Yakutsk Airport,62.0933,129.771
1452,1401,Europe,Eastern Europe,Russia,Yaroslavl,,IAR,,,Tunoshna Airport,,,,RU,Yaroslavskaya oblast',IAR,UUDL,Tunoshna Airport,57.5607,40.1574
1453,1402,Europe,Eastern Europe,Russia,Yekaterinburg,,SVX,,,Koltsovo International Airport,,,,RU,Sverdlovskaya oblast',SVX,USSS,Koltsovo International Airport,56.7431,60.8027
1454,1403,Europe,Eastern Europe,Russia,Yuzhno-Sakhalinsk,,UUS,,,Yuzhno-Sakhalinsk Airport,,,,RU,Sakhalinskaya oblast',UUS,UHSS,Yuzhno-Sakhalinsk Airport (Khomutovo Airport),46.8887,142.718
1455,1404,Europe,Eastern Europe,Serbia,Belgrade,,BEG,,,Belgrade Nikola Tesla Airport,,,,RS,Beograd,BEG,LYBE,Belgrade Nikola Tesla Airport,44.8184,20.3091
1456,1405,Europe,Eastern Europe,Serbia,Kraljevo,,KVO,,,Morava Airport,,,,RS,Raski okrug,KVO,LYKV,Morava Aerodrom,43.8274,20.5812
1457,1406,Europe,Eastern Europe,Serbia,Niš,,INI,,,Niš Constantine the Great Airport,,,,RS,Nisavski okrug,INI,LYNI,Nis Constantine the Great Airport,43.3373,21.8537
1458,1407,Europe,Eastern Europe,Ukraine,Chernivtsi,,CWC,,,Chernivtsi International Airport,,,,UA,Chernihivska oblast,CWC,UKLN,Chernivtsi International Airport,48.2593,25.9808
1459,1408,Europe,Eastern Europe,Ukraine,Ivano-Frankivsk,,IFO,,,Ivano-Frankivsk International Airport,,,,UA,Ivano-Frankivska oblast,IFO,UKLI,Ivano-Frankivsk International Airport,48.8842,24.6861
1460,1409,Europe,Eastern Europe,Ukraine,Kharkiv,,HRK,,,Kharkiv International Airport,,,,UA,Kharkivska oblast,HRK,UKHH,Kharkiv International Airport (Osnova Airport),49.9248,36.29
1461,1410,Europe,Eastern Europe,Ukraine,Kryvyi Rih,,KWG,,,Kryvyi Rih International Airport,,,,UA,Dnipropetrovska oblast,KWG,UKDR,Kryvyi Rih International Airport,48.0433,33.21
1462,1411,Europe,Eastern Europe,Ukraine,Kyiv,,KBP,,,Boryspil International Airport,,,,UA,Kyiv,KBP,UKBB,Boryspil International Airport,50.345,30.8947
1463,1412,Europe,Eastern Europe,Ukraine,Kyiv,,IEV,,,Kyiv International Airport,,,,UA,Kyiv,IEV,UKKK,Kyiv International Airport (Zhuliany),50.4019,30.4519
1464,1413,Europe,Eastern Europe,Ukraine,Lviv,,LWO,,,Lviv Danylo Halytskyi International Airport,,,,UA,Lvivska oblast,LWO,UKLL,Lviv Danylo Halytskyi International Airport,49.8125,23.9561
1465,1414,Europe,Eastern Europe,Ukraine,Mykolaiv,,NLV,,,Mykolaiv International Airport,,,,UA,Mykolaivska oblast,NLV,UKON,Mykolaiv International Airport,47.0579,31.9198
1466,1415,Europe,Eastern Europe,Ukraine,Odesa,,ODS,,,Odesa International Airport,,,,UA,Odeska oblast,ODS,UKOO,Odessa International Airport,46.4268,30.6765
1467,1416,Europe,Eastern Europe,Ukraine,Poltava,,PLV,,,Poltava Airport,,,,UA,Poltavska oblast,PLV,UKHP,Poltava Airport,49.5686,34.3972
1468,1417,Europe,Eastern Europe,Ukraine,Simferopol,,SIP,,,Simferopol International Airport,,,,UA,Avtonomna Respublika Krym,SIP,UKFF,Simferopol International Airport,45.0522,33.9751
1469,1418,Europe,Eastern Europe,Ukraine,Uzhhorod,,UDJ,,,Uzhhorod International Airport,,,,UA,Zakarpatska oblast,UDJ,UKLU,Uzhhorod International Airport,48.6343,22.2634
1470,1419,Europe,Eastern Europe,Ukraine,Zaporizhzhia,,OZH,,,Zaporizhzhia International Airport,,,,UA,Zaporizka oblast,OZH,UKDE,Zaporizhia International Airport,47.867,35.3157
1471,1420,Europe,Nordic Region,Denmark,Aalborg,,AAL,,,Aalborg Airport,,,,DK,Nordjylland,AAL,EKYT,Aalborg Airport,57.0928,9.84924
1472,1421,Europe,Nordic Region,Denmark,Aarhus,,AAR,,,Aarhus Airport,,,,DK,Midtjylland,AAR,EKAH,Aarhus Airport,56.3,10.619
1473,1422,Europe,Nordic Region,Denmark,Billund,,BLL,,,Billund Airport,,,,DK,Syddanmark,BLL,EKBI,Billund Airport,55.7403,9.15178
1474,1423,Europe,Nordic Region,Denmark,Copenhagen,,CPH,,,Copenhagen Airport,,,,DK,Hovedstaden,CPH,EKCH,Copenhagen Airport,55.6179,12.656
1475,1424,Europe,Nordic Region,Estonia,Pärnu,,EPU,,,Pärnu Airport,,,,EE,Parnumaa,EPU,EEPU,Parnu Airport,58.419,24.4728
1476,1425,Europe,Nordic Region,Estonia,Tallinn,,TLL,,,Lennart Meri Tallinn Airport,,,,EE,Harjumaa,TLL,EETN,Tallinn Airport (Lennart Meri Tallinn Airport),59.4133,24.8328
1477,1426,Europe,Nordic Region,Estonia,Tartu,,TAY,,,Tartu Airport,,,,EE,Tartumaa,TAY,EETU,Tartu Airport,58.3075,26.6904
1478,1427,Europe,Nordic Region,Faroe Islands,Vágar,,FAE,,,Vágar Airport,,,,FK,Falkland Islands (Malvinas),FAE,EKVG,Vagar Airport,62.0636,-7.27722
1479,1428,Europe,Nordic Region,Finland,Åland,,MHQ,,,Mariehamn Airport,,,,FI,Varsinais-Suomi,MHQ,EFMA,Mariehamn Airport,60.1222,19.8982
1480,1429,Europe,Nordic Region,Finland,Helsinki,,HEL,,,Helsinki-Vantaa Airport,,,,FI,Uusimaa,HEL,EFHK,Helsinki Airport (Helsinki-Vantaa Airport),60.3172,24.9633
1481,1430,Europe,Nordic Region,Finland,Kittilä,,KTT,,,Kittilä Airport,,,,FI,Lappi,KTT,EFKT,Kittila Airport,67.701,24.8468
1482,1431,Europe,Nordic Region,Finland,Kuopio,,KUO,,,Kuopio Airport,,,,FI,Pohjois-Savo,KUO,EFKU,Kuopio Airport,63.0071,27.7978
1483,1432,Europe,Nordic Region,Finland,Kuusamo,,KAO,,,Kuusamo Airport,,,,FI,Pohjois-Pohjanmaa,KAO,EFKS,Kuusamo Airport,65.9876,29.2394
1484,1433,Europe,Nordic Region,Finland,Lappeenranta,,LPP,,,Lappeenranta Airport,,,,FI,Etela-Karjala,LPP,EFLP,Lappeenranta Airport,61.0446,28.1447
1485,1434,Europe,Nordic Region,Finland,Oulu,,OUL,,,Oulu Airport,,,,FI,Pohjois-Pohjanmaa,OUL,EFOU,Oulu Airport,64.9301,25.3546
1486,1435,Europe,Nordic Region,Finland,Rovaniemi,,RVN,,,Rovaniemi Airport,,,,FI,Lappi,RVN,EFRO,Rovaniemi Airport,66.5648,25.8304
1487,1436,Europe,Nordic Region,Finland,Savonlinna,,SVL,,,Savonlinna Airport,,,,FI,Etela-Savo,SVL,EFSA,Savonlinna Airport,61.9431,28.9451
1488,1437,Europe,Nordic Region,Finland,Tampere,,TMP,,,Tampere–Pirkkala Airport,,,,FI,Pirkanmaa,TMP,EFTP,Tampere-Pirkkala Airport,61.4141,23.6044
1489,1438,Europe,Nordic Region,Finland,Turku,,TKU,,,Turku Airport,,,,FI,Varsinais-Suomi,TKU,EFTU,Turku Airport,60.5141,22.2628
1490,1439,Europe,Nordic Region,Finland,Vaasa,,VAA,,,Vaasa Airport,,,,FI,Pohjanmaa,VAA,EFVA,Vaasa Airport,63.0507,21.7622
1491,1440,Europe,Nordic Region,Iceland,Akureyri,,AEY,,,Akureyri Airport,,,,IS,Nordurland eystra,AEY,BIAR,Akureyri Airport,65.66,-18.0727
1492,1441,Europe,Nordic Region,Iceland,Egilsstaðir,,EGS,,,Egilsstaðir Airport,,,,IS,Nordurland eystra,EGS,BIEG,Egilsstaoir Airport,65.2833,-14.4014
1493,1442,Europe,Nordic Region,Iceland,Reykjavík,,KEF,,,Keflavik International Airport,,,,IS,Sudurnes,KEF,BIKF,Keflavík International Airport,63.985,-22.6056
1494,1443,Europe,Nordic Region,Iceland,Reykjavík,,RKV,,,Reykjavík Airport,,,,IS,Hofudborgarsvaedi,RKV,BIRK,Reykjavík Airport,64.13,-21.9406
1495,1444,Europe,Nordic Region,Latvia,Riga,,RIX,,,Riga International Airport,,,,LV,Riga,RIX,EVRA,Riga International Airport,56.9236,23.9711
1496,1445,Europe,Nordic Region,Latvia,Ventspils,,VNT,,,Ventspils International Airport,,,,LV,Ventspils novads,VNT,EVVA,Ventspils International Airport,57.3578,21.5442
1497,1446,Europe,Nordic Region,Lithuania,Kaunas,,KUN,,,Kaunas Airport,,,,LT,Kauno apskritis,KUN,EYKA,Kaunas International Airport,54.9639,24.0848
1498,1447,Europe,Nordic Region,Lithuania,Palanga,,PLQ,,,Palanga International Airport,,,,LT,Klaipedos apskritis,PLQ,EYPA,Palanga International Airport,55.9732,21.0939
1499,1448,Europe,Nordic Region,Lithuania,Šiauliai,,SQQ,,,Šiauliai International Airport,,,,LT,Siauliu apskritis,SQQ,EYSA,Siauliai International Airport,55.8939,23.395
1500,1449,Europe,Nordic Region,Lithuania,Vilnius,,VNO,,,Vilnius Airport,,,,LT,-,VNO,EYVI,Vilnius Airport,54.6341,25.2858
1501,1450,Europe,Nordic Region,Norway,Ålesund,,AES,,,Ålesund Airport,,,,NO,More og Romsdal,AES,ENAL,Alesund Airport,62.5625,6.1197
1502,1451,Europe,Nordic Region,Norway,Bergen,,BGO,,,Bergen Airport,,,,NO,Hordaland,BGO,ENBR,Bergen Airport,60.2934,5.21814
1503,1452,Europe,Nordic Region,Norway,Bodø,,BOO,,,Bodø Airport,,,,NO,Nordland,BOO,ENBO,Bodo Airport,67.2692,14.3653
1504,1453,Europe,Nordic Region,Norway,Haugesund,,HAU,,,Haugesund Airport,,,,NO,Rogaland,HAU,ENHD,Haugesund Airport,59.3453,5.20836
1505,1454,Europe,Nordic Region,Norway,Kristiansand,,KRS,,,"Kristiansand Airport, Kjevik",,,,NO,Vest-Agder,KRS,ENCN,Kristiansand Airport,58.2042,8.08537
1506,1455,Europe,Nordic Region,Norway,Kristiansund,,KSU,,,"Kristiansund Airport, Kvernberget",,,,NO,More og Romsdal,KSU,ENKB,Kristiansund Airport,63.1118,7.82452
1507,1456,Europe,Nordic Region,Norway,Oslo,,OSL,,,"Oslo Airport, Gardermoen",,,,NO,Akershus,OSL,ENGM,Oslo Airport,60.1939,11.1004
1508,1457,Europe,Nordic Region,Norway,Oslo,,TRF,,,"Sandefjord Airport, Torp",,,,NO,Vestfold,TRF,ENTO,Sandefjord Airport,59.1867,10.2586
1509,1458,Europe,Nordic Region,Norway,Stavanger,,SVG,,,Stavanger Airport,,,,NO,Rogaland,SVG,ENZV,Stavanger Airport,58.8767,5.63778
1510,1459,Europe,Nordic Region,Norway,Tromsø,,TOS,,,Tromsø Airport,,,,NO,Troms,TOS,ENTC,Tromse Airport,69.6833,18.9189
1511,1460,Europe,Nordic Region,Norway,Trondheim,,TRD,,,Trondheim Airport,,,,NO,Nord-Trondelag,TRD,ENVA,Trondheim Airport,63.4578,10.924
1512,1461,Europe,Nordic Region,Sweden,Gothenburg,,GOT,,,Göteborg Landvetter Airport,,,,SE,Vastra Gotalands lan,GOT,ESGG,Goteborg Landvetter Airport,57.6628,12.2798
1513,1462,Europe,Nordic Region,Sweden,Luleå,,LLA,,,Luleå Airport,,,,SE,Norrbottens lan,LLA,ESPA,Lulea Airport (Kallax Airport),65.5438,22.122
1514,1463,Europe,Nordic Region,Sweden,Malmö,,MMX,,,Malmö Airport,,,,SE,Skane lan,MMX,ESMS,Malmo Airport,55.5346,13.3704
1515,1464,Europe,Nordic Region,Sweden,Norrköping,,NRK,,,Norrköping Airport,,,,SE,Ostergotlands lan,NRK,ESSP,Norrkoping Airport,58.5863,16.2506
1516,1465,Europe,Nordic Region,Sweden,Östersund,,OSD,,,Åre Östersund Airport,,,,SE,Jamtlands lan,OSD,ESNZ,Are Ostersund Airport,63.1944,14.5003
1517,1466,Europe,Nordic Region,Sweden,Stockholm,,ARN,,,Stockholm Arlanda Airport,,,,SE,Stockholms lan,ARN,ESSA,Stockholm Arlanda Airport,59.6519,17.9186
1518,1467,Europe,Nordic Region,Sweden,Stockholm,,BMA,,,Stockholm Bromma Airport,,,,SE,Stockholms lan,BMA,ESSB,Stockholm Bromma Airport,59.3556,17.9436
1519,1468,Europe,Nordic Region,Sweden,Stockholm,,NYO,,,Stockholm Skavsta Airport,,,,SE,Sodermanlands lan,NYO,ESKN,Stockholm Skavsta Airport,58.7886,16.9122
1520,1469,Europe,Nordic Region,Sweden,Stockholm,,VST,,,Stockholm Västerås Airport,,,,SE,Vastmanlands lan,VST,ESOW,Stockholm Vasteras Airport,59.6018,16.6284
1521,1470,Europe,Nordic Region,Sweden,Sundsvall,,SDL,,,Sundsvall–Timrå Airport,,,,SE,Vasternorrlands lan,SDL,ESNN,Sundsvall-Timra Airport (Midlanda Airport),62.5281,17.4439
1522,1471,Europe,Nordic Region,Sweden,Umeå,,UME,,,Umeå Airport,,,,SE,Vasterbottens lan,UME,ESNU,Umea Airport,63.7918,20.2828
1523,1472,Europe,Nordic Region,Sweden,Växjö,,VXO,,,Växjö Airport,,,,SE,Kronobergs lan,VXO,ESMX,Vaxjo Smaland Airport,56.9291,14.728
1524,1473,Europe,Nordic Region,Sweden,Visby,,VBY,,,Visby Airport,,,,SE,Gotlands lan,VBY,ESSV,Visby Airport,57.6628,18.3462
