aircraftRegistration,aircraftType,arrivalCity,carrierCode,consumerHost,departureCity,destination,flightNumber,movementType,operatingAirlineCode,operationalSuffix,origin,serviceType,timeOriginType,timeType,endRange,startRange,call_parameters,nb_of_pages_already_retrieved,totalPages,completion,response,message,timestamp
,,,,,,AMS,,,,,SEN,,,,2025-10-14T23:59:59Z,2025-05-15T09:00:00Z,destination=AMS&origin=SEN&endRange=2025-10-14T23:59:59Z&startRange=2025-05-15T09:00:00Z,,,,<Response [404]>,"{""errors"":[{""name"":""FLIGHT NOT FOUND"",""severity"":""INFO""}]}",2025-10-18T16_18_34.796549
,,,,,,AMS,,,,,SKG,,,,2025-10-14T23:59:59Z,2025-05-15T09:00:00Z,destination=AMS&origin=SKG&endRange=2025-10-14T23:59:59Z&startRange=2025-05-15T09:00:00Z,,,,,,
,,,,,,AMS,,,,,SKP,,,,2025-10-14T23:59:59Z,2025-05-15T09:00:00Z,destination=AMS&origin=SKP&endRange=2025-10-14T23:59:59Z&startRange=2025-05-15T09:00:00Z,,,,<Response [404]>,"{""errors"":[{""name"":""FLIGHT NOT FOUND"",""severity"":""INFO""}]}",2025-10-18T16_18_34.796549
,,,,,,AMS,,,,,SMI,,,,2025-10-14T23:59:59Z,2025-05-15T09:00:00Z,destination=AMS&origin=SMI&endRange=2025-10-14T23:59:59Z&startRange=2025-05-15T09:00:00Z,,,,,,
,,,,,,AMS,,,,,SOF,,,,2025-10-14T23:59:59Z,2025-05-15T09:00:00Z,destination=AMS&origin=SOF&endRange=2025-10-14T23:59:59Z&startRange=2025-05-15T09:00:00Z,,,,<Response [500]>,"{""errors"":[{""name"":""INTERNAL_SERVER_ERROR""}]}",2025-10-18T16_18_34.796549
,,,,,,AMS,,,,,SOU,,,,2025-10-14T23:59:59Z,2025-05-15T09:00:00Z,destination=AMS&origin=SOU&endRange=2025-10-14T23:59:59Z&startRange=2025-05-15T09:00:00Z,,,,,,
,,,,,,AMS,,,,,SPC,,,,2025-10-14T23:59:59Z,2025-05-15T09:00:00Z,destination=AMS&origin=SPC&endRange=2025-10-14T23:59:59Z&startRange=2025-05-15T09:00:00Z,,,,<Response [404]>,"{""errors"":[{""name"":""FLIGHT NOT FOUND"",""severity"":""INFO""}]}",2025-10-18T16_18_34.796549
,,,,,,AMS,,,,,SPU,,,,2025-10-14T23:59:59Z,2025-05-15T09:00:00Z,destination=AMS&origin=SPU&endRange=2025-10-14T23:59:59Z&startRange=2025-05-15T09:00:00Z,,,,,,
,,,,,,AMS,,,,,STN,,,,2025-10-14T23:59:59Z,2025-05-15T09:00:00Z,destination=AMS&origin=STN&endRange=2025-10-14T23:59:59Z&startRange=2025-05-15T09:00:00Z,,,,,,
,,,,,,AMS,,,,,STR,,,,2025-10-14T23:59:59Z,2025-05-15T09:00:00Z,destination=AMS&origin=STR&endRange=2025-10-14T23:59:59Z&startRange=2025-05-15T09:00:00Z,,,,,,
,,,,,,AMS,,,,,SVG,,,,2025-10-14T23:59:59Z,2025-05-15T09:00:00Z,destination=AMS&origin=SVG&endRange=2025-10-14T23:59:59Z&startRange=2025-05-15T09:00:00Z,,,,,,
,,,,,,AMS,,,,,SVQ,,,,2025-10-14T23:59:59Z,2025-05-15T09:00:00Z,destination=AMS&origin=SVQ&endRange=2025-10-14T23:59:59Z&startRange=2025-05-15T09:00:00Z,,,,,,
,,,,,,AMS,,,,,SZG,,,,2025-10-14T23:59:59Z,2025-05-15T09:00:00Z,destination=AMS&origin=SZG&endRange=2025-10-14T23:59:59Z&startRange=2025-05-15T09:00:00Z,,,,<Response [404]>,"{""errors"":[{""name"":""FLIGHT NOT FOUND"",""severity"":""INFO""}]}",2025-10-18T16_18_34.796549
,,,,,,AMS,,,,,TFS,,,,2025-10-14T23:59:59Z,2025-05-15T09:00:00Z,destination=AMS&origin=TFS&endRange=2025-10-14T23:59:59Z&startRange=2025-05-15T09:00:00Z,,,,,,
,,,,,,AMS,,,,,TIA,,,,2025-10-14T23:59:59Z,2025-05-15T09:00:00Z,destination=AMS&origin=TIA&endRange=2025-10-14T23:59:59Z&startRange=2025-05-15T09:00:00Z,,,,,,
,,,,,,AMS,,,,,TLL,,,,2025-10-14T23:59:59Z,2025-05-15T09:00:00Z,destination=AMS&origin=TLL&endRange=2025-10-14T23:59:59Z&startRange=2025-05-15T09:00:00Z,,,,,,
,,,,,,AMS,,,,,TLS,,,,2025-10-14T23:59:59Z,2025-05-15T09:00:00Z,destination=AMS&origin=TLS&endRange=2025-10-14T23:59:59Z&startRange=2025-05-15T09:00:00Z,,,,,,
,,,,,,AMS,,,,,TRD,,,,2025-10-14T23:59:59Z,2025-05-15T09:00:00Z,destination=AMS&origin=TRD&endRange=2025-10-14T23:59:59Z&startRange=2025-05-15T09:00:00Z,,,,,,
,,,,,,AMS,,,,,TRN,,,,2025-10-14T23:59:59Z,2025-05-15T09:00:00Z,destination=AMS&origin=TRN&endRange=2025-10-14T23:59:59Z&startRange=2025-05-15T09:00:00Z,,,,,,
,,,,,,AMS,,,,,VCE,,,,2025-10-14T23:59:59Z,2025-05-15T09:00:00Z,destination=AMS&origin=VCE&endRange=2025-10-14T23:59:59Z&startRange=2025-05-15T09:00:00Z,,,,,,
,,,,,,AMS,,,,,VIE,,,,2025-10-14T23:59:59Z,2025-05-15T09:00:00Z,destination=AMS&origin=VIE&endRange=2025-10-14T23:59:59Z&startRange=2025-05-15T09:00:00Z,,,,,,
,,,,,,AMS,,,,,VLC,,,,2025-10-14T23:59:59Z,2025-05-15T09:00:00Z,destination=AMS&origin=VLC&endRange=2025-10-14T23:59:59Z&startRange=2025-05-15T09:00:00Z,,,,,,
,,,,,,AMS,,,,,VNO,,,,2025-10-14T23:59:59Z,2025-05-15T09:00:00Z,destination=AMS&origin=VNO&endRange=2025-10-14T23:59:59Z&startRange=2025-05-15T09:00:00Z,,,,,,
,,,,,,AMS,,,,,VRN,,,,2025-10-14T23:59:59Z,2025-05-15T09:00:00Z,destination=AMS&origin=VRN&endRange=2025-10-14T23:59:59Z&startRange=2025-05-15T09:00:00Z,,,,,,
,,,,,,AMS,,,,,WAW,,,,2025-10-14T23:59:59Z,2025-05-15T09:00:00Z,destination=AMS&origin=WAW&endRange=2025-10-14T23:59:59Z&startRange=2025-05-15T09:00:00Z,,,,,,
,,,,,,AMS,,,,,WRO,,,,2025-10-14T23:59:59Z,2025-05-15T09:00:00Z,destination=AMS&origin=WRO&endRange=2025-10-14T23:59:59Z&startRange=2025-05-15T09:00:00Z,,,,,,
,,,,,,AMS,,,,,ZAG,,,,2025-10-14T23:59:59Z,2025-05-15T09:00:00Z,destination=AMS&origin=ZAG&endRange=2025-10-14T23:59:59Z&startRange=2025-05-15T09:00:00Z,,,,,,
,,,,,,AMS,,,,,ZRH,,,,2025-10-14T23:59:59Z,2025-05-15T09:00:00Z,destination=AMS&origin=ZRH&endRange=2025-10-14T23:59:59Z&startRange=2025-05-15T09:00:00Z,,,,,,
,,,,,,AMS,,,,,ZTH,,,,2025-10-14T23:59:59Z,2025-05-15T09:00:00Z,destination=AMS&origin=ZTH&endRange=2025-10-14T23:59:59Z&startRange=2025-05-15T09:00:00Z,,,,,,
,,,,,,AOI,,,,,ORY,,,,2025-10-14T23:59:59Z,2025-05-15T09:00:00Z,destination=AOI&origin=ORY&endRange=2025-10-14T23:59:59Z&startRange=2025-05-15T09:00:00Z,,,,<Response [404]>,"{""errors"":[{""name"":""FLIGHT NOT FOUND"",""severity"":""INFO""}]}",2025-10-18T16_18_34.796549
,,,,,,ARN,,,,,AMS,,,,2025-10-14T23:59:59Z,2025-05-15T09:00:00Z,destination=ARN&origin=AMS&endRange=2025-10-14T23:59:59Z&startRange=2025-05-15T09:00:00Z,,,,,,
,,,,,,ARN,,,,,BGO,,,,2025-10-14T23:59:59Z,2025-05-15T09:00:00Z,destination=ARN&origin=BGO&endRange=2025-10-14T23:59:59Z&startRange=2025-05-15T09:00:00Z,,,,,,
,,,,,,ARN,,,,,CDG,,,,2025-10-14T23:59:59Z,2025-05-15T09:00:00Z,destination=ARN&origin=CDG&endRange=2025-10-14T23:59:59Z&startRange=2025-05-15T09:00:00Z,,,,,,
,,,,,,ARN,,,,,CPH,,,,2025-10-14T23:59:59Z,2025-05-15T09:00:00Z,destination=ARN&origin=CPH&endRange=2025-10-14T23:59:59Z&startRange=2025-05-15T09:00:00Z,,,,,,
,,,,,,ARN,,,,,GOT,,,,2025-10-14T23:59:59Z,2025-05-15T09:00:00Z,destination=ARN&origin=GOT&endRange=2025-10-14T23:59:59Z&startRange=2025-05-15T09:00:00Z,,,,<Response [404]>,"{""errors"":[{""name"":""FLIGHT NOT FOUND"",""severity"":""INFO""}]}",2025-10-18T16_18_34.796549
,,,,,,ARN,,,,,HEL,,,,2025-10-14T23:59:59Z,2025-05-15T09:00:00Z,destination=ARN&origin=HEL&endRange=2025-10-14T23:59:59Z&startRange=2025-05-15T09:00:00Z,,,,,,
,,,,,,ARN,,,,,LLA,,,,2025-10-14T23:59:59Z,2025-05-15T09:00:00Z,destination=ARN&origin=LLA&endRange=2025-10-14T23:59:59Z&startRange=2025-05-15T09:00:00Z,,,,,,
,,,,,,ARN,,,,,MMX,,,,2025-10-14T23:59:59Z,2025-05-15T09:00:00Z,destination=ARN&origin=MMX&endRange=2025-10-14T23:59:59Z&startRange=2025-05-15T09:00:00Z,,,,,,
,,,,,,ARN,,,,,ORY,,,,2025-10-14T23:59:59Z,2025-05-15T09:00:00Z,destination=ARN&origin=ORY&endRange=2025-10-14T23:59:59Z&startRange=2025-05-15T09:00:00Z,,,,,,
,,,,,,ARN,,,,,OSD,,,,2025-10-14T23:59:59Z,2025-05-15T09:00:00Z,destination=ARN&origin=OSD&endRange=2025-10-14T23:59:59Z&startRange=2025-05-15T09:00:00Z,,,,,,
,,,,,,ARN,,,,,OSL,,,,2025-10-14T23:59:59Z,2025-05-15T09:00:00Z,destination=ARN&origin=OSL&endRange=2025-10-14T23:59:59Z&startRange=2025-05-15T09:00:00Z,,,,<Response [404]>,"{""errors"":[{""name"":""FLIGHT NOT FOUND"",""severity"":""INFO""}]}",2025-10-18T16_18_34.796549
,,,,,,ARN,,,,,SDL,,,,2025-10-14T23:59:59Z,2025-05-15T09:00:00Z,destination=ARN&origin=SDL&endRange=2025-10-14T23:59:59Z&startRange=2025-05-15T09:00:00Z,,,,,,
,,,,,,ARN,,,,,TKU,,,,2025-10-14T23:59:59Z,2025-05-15T09:00:00Z,destination=ARN&origin=TKU&endRange=2025-10-14T23:59:59Z&startRange=2025-05-15T09:00:00Z,,,,,,
,,,,,,ARN,,,,,TLL,,,,2025-10-14T23:59:59Z,2025-05-15T09:00:00Z,destination=ARN&origin=TLL&endRange=2025-10-14T23:59:59Z&startRange=2025-05-15T09:00:00Z,,,,,,
,,,,,,ARN,,,,,TOS,,,,2025-10-14T23:59:59Z,2025-05-15T09:00:00Z,destination=ARN&origin=TOS&endRange=2025-10-14T23:59:59Z&startRange=2025-05-15T09:00:00Z,,,,<Response [404]>,"{""errors"":[{""name"":""FLIGHT NOT FOUND"",""severity"":""INFO""}]}",2025-10-18T16_18_34.796549
,,,,,,ARN,,,,,TRD,,,,2025-10-14T23:59:59Z,2025-05-15T09:00:00Z,destination=ARN&origin=TRD&endRange=2025-10-14T23:59:59Z&startRange=2025-05-15T09:00:00Z,,,,,,
,,,,,,ARN,,,,,UME,,,,2025-10-14T23:59:59Z,2025-05-15T09:00:00Z,destination=ARN&origin=UME&endRange=2025-10-14T23:59:59Z&startRange=2025-05-15T09:00:00Z,,,,,,
,,,,,,ARN,,,,,VAA,,,,2025-10-14T23:59:59Z,2025-05-15T09:00:00Z,destination=ARN&origin=VAA&endRange=2025-10-14T23:59:59Z&startRange=2025-05-15T09:00:00Z,,,,,,
,,,,,,ARN,,,,,VBY,,,,2025-10-14T23:59:59Z,2025-05-15T09:00:00Z,destination=ARN&origin=VBY&endRange=2025-10-14T23:59:59Z&startRange=2025-05-15T09:00:00Z,,,,,,
,,,,,,ARN,,,,,VNO,,,,2025-10-14T23:59:59Z,2025-05-15T09:00:00Z,destination=ARN&origin=VNO&endRange=2025-10-14T23:59:59Z&startRange=2025-05-15T09:00:00Z,,,,,,
,,,,,,ATH,,,,,CDG,,,,2025-10-14T23:59:59Z,2025-05-15T09:00:00Z,destination=ATH&origin=CDG&endRange=2025-10-14T23:59:59Z&startRange=2025-05-15T09:00:00Z,,,,,,
,,,,,,ATH,,,,,FCO,,,,2025-10-14T23:59:59Z,2025-05-15T09:00:00Z,destination=ATH&origin=FCO&endRange=2025-10-14T23:59:59Z&startRange=2025-05-15T09:00:00Z,,,,,,
,,,,,,ATH,,,,,LYS,,,,2025-10-14T23:59:59Z,2025-05-15T09:00:00Z,destination=ATH&origin=LYS&endRange=2025-10-14T23:59:59Z&startRange=2025-05-15T09:00:00Z,,,,<Response [404]>,"{""errors"":[{""name"":""FLIGHT NOT FOUND"",""severity"":""INFO""}]}",2025-10-18T16_18_34.796549
,,,,,,ATH,,,,,MAD,,,,2025-10-14T23:59:59Z,2025-05-15T09:00:00Z,destination=ATH&origin=MAD&endRange=2025-10-14T23:59:59Z&startRange=2025-05-15T09:00:00Z,,,,<Response [404]>,"{""errors"":[{""name"":""FLIGHT NOT FOUND"",""severity"":""INFO""}]}",2025-10-18T16_18_34.796549
,,,,,,ATH,,,,,ORY,,,,2025-10-14T23:59:59Z,2025-05-15T09:00:00Z,destination=ATH&origin=ORY&endRange=2025-10-14T23:59:59Z&startRange=2025-05-15T09:00:00Z,,,,,,
,,,,,,ATH,,,,,OTP,,,,2025-10-14T23:59:59Z,2025-05-15T09:00:00Z,destination=ATH&origin=OTP&endRange=2025-10-14T23:59:59Z&startRange=2025-05-15T09:00:00Z,,,,<Response [404]>,"{""errors"":[{""name"":""FLIGHT NOT FOUND"",""severity"":""INFO""}]}",2025-10-18T16_18_34.796549
,,,,,,BCN,,,,,CDG,,,,2025-10-14T23:59:59Z,2025-05-15T09:00:00Z,destination=BCN&origin=CDG&endRange=2025-10-14T23:59:59Z&startRange=2025-05-15T09:00:00Z,,,,,,
,,,,,,BCN,,,,,FCO,,,,2025-10-14T23:59:59Z,2025-05-15T09:00:00Z,destination=BCN&origin=FCO&endRange=2025-10-14T23:59:59Z&startRange=2025-05-15T09:00:00Z,,,,,,
,,,,,,BCN,,,,,MAD,,,,2025-10-14T23:59:59Z,2025-05-15T09:00:00Z,destination=BCN&origin=MAD&endRange=2025-10-14T23:59:59Z&startRange=2025-05-15T09:00:00Z,,,,,,
,,,,,,BCN,,,,,ORY,,,,2025-10-14T23:59:59Z,2025-05-15T09:00:00Z,destination=BCN&origin=ORY&endRange=2025-10-14T23:59:59Z&startRange=2025-05-15T09:00:00Z,,,,,,
,,,,,,BCN,,,,,PMI,,,,2025-10-14T23:59:59Z,2025-05-15T09:00:00Z,destination=BCN&origin=PMI&endRange=2025-10-14T23:59:59Z&startRange=2025-05-15T09:00:00Z,,,,,,
,,,,,,BDS,,,,,FCO,,,,2025-10-14T23:59:59Z,2025-05-15T09:00:00Z,destination=BDS&origin=FCO&endRange=2025-10-14T23:59:59Z&startRange=2025-05-15T09:00:00Z,,,,,,
,,,,,,BDS,,,,,LIN,,,,2025-10-14T23:59:59Z,2025-05-15T09:00:00Z,destination=BDS&origin=LIN&endRange=2025-10-14T23:59:59Z&startRange=2025-05-15T09:00:00Z,,,,,,
,,,,,,BDS,,,,,ORY,,,,2025-10-14T23:59:59Z,2025-05-15T09:00:00Z,destination=BDS&origin=ORY&endRange=2025-10-14T23:59:59Z&startRange=2025-05-15T09:00:00Z,,,,,,
,,,,,,BEG,,,,,CDG,,,,2025-10-14T23:59:59Z,2025-05-15T09:00:00Z,destination=BEG&origin=CDG&endRange=2025-10-14T23:59:59Z&startRange=2025-05-15T09:00:00Z,,,,,,
,,,,,,BEG,,,,,LYS,,,,2025-10-14T23:59:59Z,2025-05-15T09:00:00Z,destination=BEG&origin=LYS&endRange=2025-10-14T23:59:59Z&startRange=2025-05-15T09:00:00Z,,,,<Response [404]>,"{""errors"":[{""name"":""FLIGHT NOT FOUND"",""severity"":""INFO""}]}",2025-10-18T16_18_34.796549
,,,,,,BEG,,,,,OHD,,,,2025-10-14T23:59:59Z,2025-05-15T09:00:00Z,destination=BEG&origin=OHD&endRange=2025-10-14T23:59:59Z&startRange=2025-05-15T09:00:00Z,,,,<Response [404]>,"{""errors"":[{""name"":""FLIGHT NOT FOUND"",""severity"":""INFO""}]}",2025-10-18T16_18_34.796549
,,,,,,BEG,,,,,OTP,,,,2025-10-14T23:59:59Z,2025-05-15T09:00:00Z,destination=BEG&origin=OTP&endRange=2025-10-14T23:59:59Z&startRange=2025-05-15T09:00:00Z,,,,<Response [404]>,"{""errors"":[{""name"":""FLIGHT NOT FOUND"",""severity"":""INFO""}]}",2025-10-18T16_18_34.796549
,,,,,,BEG,,,,,SJJ,,,,2025-10-14T23:59:59Z,2025-05-15T09:00:00Z,destination=BEG&origin=SJJ&endRange=2025-10-14T23:59:59Z&startRange=2025-05-15T09:00:00Z,,,,,,
,,,,,,BEG,,,,,SKG,,,,2025-10-14T23:59:59Z,2025-05-15T09:00:00Z,destination=BEG&origin=SKG&endRange=2025-10-14T23:59:59Z&startRange=2025-05-15T09:00:00Z,,,,,,
,,,,,,BEG,,,,,SKP,,,,2025-10-14T23:59:59Z,2025-05-15T09:00:00Z,destination=BEG&origin=SKP&endRange=2025-10-14T23:59:59Z&startRange=2025-05-15T09:00:00Z,,,,,,
,,,,,,BEG,,,,,SOF,,,,2025-10-14T23:59:59Z,2025-05-15T09:00:00Z,destination=BEG&origin=SOF&endRange=2025-10-14T23:59:59Z&startRange=2025-05-15T09:00:00Z,,,,,,
,,,,,,BEG,,,,,TGD,,,,2025-10-14T23:59:59Z,2025-05-15T09:00:00Z,destination=BEG&origin=TGD&endRange=2025-10-14T23:59:59Z&startRange=2025-05-15T09:00:00Z,,,,,,
,,,,,,BEG,,,,,TIA,,,,2025-10-14T23:59:59Z,2025-05-15T09:00:00Z,destination=BEG&origin=TIA&endRange=2025-10-14T23:59:59Z&startRange=2025-05-15T09:00:00Z,,,,,,
,,,,,,BEG,,,,,TIV,,,,2025-10-14T23:59:59Z,2025-05-15T09:00:00Z,destination=BEG&origin=TIV&endRange=2025-10-14T23:59:59Z&startRange=2025-05-15T09:00:00Z,,,,,,
,,,,,,BEG,,,,,VAR,,,,2025-10-14T23:59:59Z,2025-05-15T09:00:00Z,destination=BEG&origin=VAR&endRange=2025-10-14T23:59:59Z&startRange=2025-05-15T09:00:00Z,,,,<Response [404]>,"{""errors"":[{""name"":""FLIGHT NOT FOUND"",""severity"":""INFO""}]}",2025-10-18T16_18_34.796549
,,,,,,BER,,,,,BER,,,,2025-10-14T23:59:59Z,2025-05-15T09:00:00Z,destination=BER&origin=BER&endRange=2025-10-14T23:59:59Z&startRange=2025-05-15T09:00:00Z,,,,<Response [404]>,"{""errors"":[{""name"":""FLIGHT NOT FOUND"",""severity"":""INFO""}]}",2025-10-18T16_18_34.796549
,,,,,,BER,,,,,CDG,,,,2025-10-14T23:59:59Z,2025-05-15T09:00:00Z,destination=BER&origin=CDG&endRange=2025-10-14T23:59:59Z&startRange=2025-05-15T09:00:00Z,,,,,,
,,,,,,BER,,,,,ORY,,,,2025-10-14T23:59:59Z,2025-05-15T09:00:00Z,destination=BER&origin=ORY&endRange=2025-10-14T23:59:59Z&startRange=2025-05-15T09:00:00Z,,,,,,
,,,,,,BES,,,,,CDG,,,,2025-10-14T23:59:59Z,2025-05-15T09:00:00Z,destination=BES&origin=CDG&endRange=2025-10-14T23:59:59Z&startRange=2025-05-15T09:00:00Z,,,,,,
,,,,,,BES,,,,,LYS,,,,2025-10-14T23:59:59Z,2025-05-15T09:00:00Z,destination=BES&origin=LYS&endRange=2025-10-14T23:59:59Z&startRange=2025-05-15T09:00:00Z,,,,,,
,,,,,,BFS,,,,,CDG,,,,2025-10-14T23:59:59Z,2025-05-15T09:00:00Z,destination=BFS&origin=CDG&endRange=2025-10-14T23:59:59Z&startRange=2025-05-15T09:00:00Z,,,,,,
,,,,,,BGO,,,,,ARN,,,,2025-10-14T23:59:59Z,2025-05-15T09:00:00Z,destination=BGO&origin=ARN&endRange=2025-10-14T23:59:59Z&startRange=2025-05-15T09:00:00Z,,,,,,
,,,,,,BGO,,,,,BOO,,,,2025-10-14T23:59:59Z,2025-05-15T09:00:00Z,destination=BGO&origin=BOO&endRange=2025-10-14T23:59:59Z&startRange=2025-05-15T09:00:00Z,,,,,,
,,,,,,BGO,,,,,CDG,,,,2025-10-14T23:59:59Z,2025-05-15T09:00:00Z,destination=BGO&origin=CDG&endRange=2025-10-14T23:59:59Z&startRange=2025-05-15T09:00:00Z,,,,,,
,,,,,,BGO,,,,,CPH,,,,2025-10-14T23:59:59Z,2025-05-15T09:00:00Z,destination=BGO&origin=CPH&endRange=2025-10-14T23:59:59Z&startRange=2025-05-15T09:00:00Z,,,,,,
,,,,,,BGO,,,,,FAE,,,,2025-10-14T23:59:59Z,2025-05-15T09:00:00Z,destination=BGO&origin=FAE&endRange=2025-10-14T23:59:59Z&startRange=2025-05-15T09:00:00Z,,,,<Response [404]>,"{""errors"":[{""name"":""FLIGHT NOT FOUND"",""severity"":""INFO""}]}",2025-10-18T16_18_34.796549
,,,,,,BGO,,,,,GOT,,,,2025-10-14T23:59:59Z,2025-05-15T09:00:00Z,destination=BGO&origin=GOT&endRange=2025-10-14T23:59:59Z&startRange=2025-05-15T09:00:00Z,,,,<Response [404]>,"{""errors"":[{""name"":""FLIGHT NOT FOUND"",""severity"":""INFO""}]}",2025-10-18T16_18_34.796549
,,,,,,BGO,,,,,HAU,,,,2025-10-14T23:59:59Z,2025-05-15T09:00:00Z,destination=BGO&origin=HAU&endRange=2025-10-14T23:59:59Z&startRange=2025-05-15T09:00:00Z,,,,,,
,,,,,,BGO,,,,,KRS,,,,2025-10-14T23:59:59Z,2025-05-15T09:00:00Z,destination=BGO&origin=KRS&endRange=2025-10-14T23:59:59Z&startRange=2025-05-15T09:00:00Z,,,,,,
,,,,,,BGO,,,,,KSU,,,,2025-10-14T23:59:59Z,2025-05-15T09:00:00Z,destination=BGO&origin=KSU&endRange=2025-10-14T23:59:59Z&startRange=2025-05-15T09:00:00Z,,,,,,
,,,,,,BGO,,,,,OSL,,,,2025-10-14T23:59:59Z,2025-05-15T09:00:00Z,destination=BGO&origin=OSL&endRange=2025-10-14T23:59:59Z&startRange=2025-05-15T09:00:00Z,,,,,,
,,,,,,BGO,,,,,SVG,,,,2025-10-14T23:59:59Z,2025-05-15T09:00:00Z,destination=BGO&origin=SVG&endRange=2025-10-14T23:59:59Z&startRange=2025-05-15T09:00:00Z,,,,,,
,,,,,,BGO,,,,,TOS,,,,2025-10-14T23:59:59Z,2025-05-15T09:00:00Z,destination=BGO&origin=TOS&endRange=2025-10-14T23:59:59Z&startRange=2025-05-15T09:00:00Z,,,,,,
,,,,,,BGO,,,,,TRD,,,,2025-10-14T23:59:59Z,2025-05-15T09:00:00Z,destination=BGO&origin=TRD&endRange=2025-10-14T23:59:59Z&startRange=2025-05-15T09:00:00Z,,,,,,
,,,,,,BGO,,,,,TRF,,,,2025-10-14T23:59:59Z,2025-05-15T09:00:00Z,destination=BGO&origin=TRF&endRange=2025-10-14T23:59:59Z&startRange=2025-05-15T09:00:00Z,,,,,,
,,,,,,BHD,,,,,AMS,,,,2025-10-14T23:59:59Z,2025-05-15T09:00:00Z,destination=BHD&origin=AMS&endRange=2025-10-14T23:59:59Z&startRange=2025-05-15T09:00:00Z,,,,,,
,,,,,,BHX,,,,,CDG,,,,2025-10-14T23:59:59Z,2025-05-15T09:00:00Z,destination=BHX&origin=CDG&endRange=2025-10-14T23:59:59Z&startRange=2025-05-15T09:00:00Z,,,,,,
,,,,,,BHX,,,,,EMA,,,,2025-10-14T23:59:59Z,2025-05-15T09:00:00Z,destination=BHX&origin=EMA&endRange=2025-10-14T23:59:59Z&startRange=2025-05-15T09:00:00Z,,,,<Response [404]>,"{""errors"":[{""name"":""FLIGHT NOT FOUND"",""severity"":""INFO""}]}",2025-10-18T16_18_34.796549
,,,,,,BIA,,,,,CDG,,,,2025-10-14T23:59:59Z,2025-05-15T09:00:00Z,destination=BIA&origin=CDG&endRange=2025-10-14T23:59:59Z&startRange=2025-05-15T09:00:00Z,,,,<Response [404]>,"{""errors"":[{""name"":""FLIGHT NOT FOUND"",""severity"":""INFO""}]}",2025-10-18T16_18_34.796549
,,,,,,BIA,,,,,CRL,,,,2025-10-14T23:59:59Z,2025-05-15T09:00:00Z,destination=BIA&origin=CRL&endRange=2025-10-14T23:59:59Z&startRange=2025-05-15T09:00:00Z,,,,<Response [404]>,"{""errors"":[{""name"":""FLIGHT NOT FOUND"",""severity"":""INFO""}]}",2025-10-18T16_18_34.796549
,,,,,,BOO,,,,,BGO,,,,2025-10-14T23:59:59Z,2025-05-15T09:00:00Z,destination=BOO&origin=BGO&endRange=2025-10-14T23:59:59Z&startRange=2025-05-15T09:00:00Z,,,,,,
,,,,,,CPH,,,,,BGO,,,,2025-10-14T23:59:59Z,2025-05-15T09:00:00Z,destination=CPH&origin=BGO&endRange=2025-10-14T23:59:59Z&startRange=2025-05-15T09:00:00Z,,,,,,
,,,,,,GVA,,,,,AMS,,,,2025-10-14T23:59:59Z,2025-05-15T09:00:00Z,destination=GVA&origin=AMS&endRange=2025-10-14T23:59:59Z&startRange=2025-05-15T09:00:00Z,,,,,,
,,,,,,GVA,,,,,CDG,,,,2025-10-14T23:59:59Z,2025-05-15T09:00:00Z,destination=GVA&origin=CDG&endRange=2025-10-14T23:59:59Z&startRange=2025-05-15T09:00:00Z,,,,,,
,,,,,,GVA,,,,,FCO,,,,2025-10-14T23:59:59Z,2025-05-15T09:00:00Z,destination=GVA&origin=FCO&endRange=2025-10-14T23:59:59Z&startRange=2025-05-15T09:00:00Z,,,,,,
,,,,,,GVA,,,,,ORY,,,,2025-10-14T23:59:59Z,2025-05-15T09:00:00Z,destination=GVA&origin=ORY&endRange=2025-10-14T23:59:59Z&startRange=2025-05-15T09:00:00Z,,,,,,
,,,,,,HAJ,,,,,AMS,,,,2025-10-14T23:59:59Z,2025-05-15T09:00:00Z,destination=HAJ&origin=AMS&endRange=2025-10-14T23:59:59Z&startRange=2025-05-15T09:00:00Z,,,,,,
,,,,,,HAJ,,,,,CDG,,,,2025-10-14T23:59:59Z,2025-05-15T09:00:00Z,destination=HAJ&origin=CDG&endRange=2025-10-14T23:59:59Z&startRange=2025-05-15T09:00:00Z,,,,,,
,,,,,,HAM,,,,,AMS,,,,2025-10-14T23:59:59Z,2025-05-15T09:00:00Z,destination=HAM&origin=AMS&endRange=2025-10-14T23:59:59Z&startRange=2025-05-15T09:00:00Z,,,,,,
,,,,,,HAM,,,,,CDG,,,,2025-10-14T23:59:59Z,2025-05-15T09:00:00Z,destination=HAM&origin=CDG&endRange=2025-10-14T23:59:59Z&startRange=2025-05-15T09:00:00Z,,,,,,
,,,,,,HAM,,,,,HAM,,,,2025-10-14T23:59:59Z,2025-05-15T09:00:00Z,destination=HAM&origin=HAM&endRange=2025-10-14T23:59:59Z&startRange=2025-05-15T09:00:00Z,,,,,,
,,,,,,HAM,,,,,LIN,,,,2025-10-14T23:59:59Z,2025-05-15T09:00:00Z,destination=HAM&origin=LIN&endRange=2025-10-14T23:59:59Z&startRange=2025-05-15T09:00:00Z,,,,,,
,,,,,,HAU,,,,,BGO,,,,2025-10-14T23:59:59Z,2025-05-15T09:00:00Z,destination=HAU&origin=BGO&endRange=2025-10-14T23:59:59Z&startRange=2025-05-15T09:00:00Z,,,,,,
,,,,,,HAU,,,,,OSL,,,,2025-10-14T23:59:59Z,2025-05-15T09:00:00Z,destination=HAU&origin=OSL&endRange=2025-10-14T23:59:59Z&startRange=2025-05-15T09:00:00Z,,,,,,
,,,,,,HEL,,,,,AMS,,,,2025-10-14T23:59:59Z,2025-05-15T09:00:00Z,destination=HEL&origin=AMS&endRange=2025-10-14T23:59:59Z&startRange=2025-05-15T09:00:00Z,,,,,,
,,,,,,HEL,,,,,ARN,,,,2025-10-14T23:59:59Z,2025-05-15T09:00:00Z,destination=HEL&origin=ARN&endRange=2025-10-14T23:59:59Z&startRange=2025-05-15T09:00:00Z,,,,,,
,,,,,,HEL,,,,,CDG,,,,2025-10-14T23:59:59Z,2025-05-15T09:00:00Z,destination=HEL&origin=CDG&endRange=2025-10-14T23:59:59Z&startRange=2025-05-15T09:00:00Z,,,,,,
,,,,,,HEL,,,,,CPH,,,,2025-10-14T23:59:59Z,2025-05-15T09:00:00Z,destination=HEL&origin=CPH&endRange=2025-10-14T23:59:59Z&startRange=2025-05-15T09:00:00Z,,,,,,
,,,,,,HEL,,,,,KAO,,,,2025-10-14T23:59:59Z,2025-05-15T09:00:00Z,destination=HEL&origin=KAO&endRange=2025-10-14T23:59:59Z&startRange=2025-05-15T09:00:00Z,,,,,,
,,,,,,HEL,,,,,KTT,,,,2025-10-14T23:59:59Z,2025-05-15T09:00:00Z,destination=HEL&origin=KTT&endRange=2025-10-14T23:59:59Z&startRange=2025-05-15T09:00:00Z,,,,,,
,,,,,,HEL,,,,,KUO,,,,2025-10-14T23:59:59Z,2025-05-15T09:00:00Z,destination=HEL&origin=KUO&endRange=2025-10-14T23:59:59Z&startRange=2025-05-15T09:00:00Z,,,,,,
,,,,,,HEL,,,,,OUL,,,,2025-10-14T23:59:59Z,2025-05-15T09:00:00Z,destination=HEL&origin=OUL&endRange=2025-10-14T23:59:59Z&startRange=2025-05-15T09:00:00Z,,,,,,
,,,,,,HEL,,,,,RIX,,,,2025-10-14T23:59:59Z,2025-05-15T09:00:00Z,destination=HEL&origin=RIX&endRange=2025-10-14T23:59:59Z&startRange=2025-05-15T09:00:00Z,,,,,,
,,,,,,HEL,,,,,RVN,,,,2025-10-14T23:59:59Z,2025-05-15T09:00:00Z,destination=HEL&origin=RVN&endRange=2025-10-14T23:59:59Z&startRange=2025-05-15T09:00:00Z,,,,,,
,,,,,,HEL,,,,,TAY,,,,2025-10-14T23:59:59Z,2025-05-15T09:00:00Z,destination=HEL&origin=TAY&endRange=2025-10-14T23:59:59Z&startRange=2025-05-15T09:00:00Z,,,,,,
,,,,,,HEL,,,,,TLL,,,,2025-10-14T23:59:59Z,2025-05-15T09:00:00Z,destination=HEL&origin=TLL&endRange=2025-10-14T23:59:59Z&startRange=2025-05-15T09:00:00Z,,,,,,
,,,,,,HEL,,,,,VAA,,,,2025-10-14T23:59:59Z,2025-05-15T09:00:00Z,destination=HEL&origin=VAA&endRange=2025-10-14T23:59:59Z&startRange=2025-05-15T09:00:00Z,,,,,,
,,,,,,HER,,,,,AMS,,,,2025-10-14T23:59:59Z,2025-05-15T09:00:00Z,destination=HER&origin=AMS&endRange=2025-10-14T23:59:59Z&startRange=2025-05-15T09:00:00Z,,,,,,
,,,,,,HER,,,,,CDG,,,,2025-10-14T23:59:59Z,2025-05-15T09:00:00Z,destination=HER&origin=CDG&endRange=2025-10-14T23:59:59Z&startRange=2025-05-15T09:00:00Z,,,,,,
,,,,,,HER,,,,,LIN,,,,2025-10-14T23:59:59Z,2025-05-15T09:00:00Z,destination=HER&origin=LIN&endRange=2025-10-14T23:59:59Z&startRange=2025-05-15T09:00:00Z,,,,,,
,,,,,,HER,,,,,LYS,,,,2025-10-14T23:59:59Z,2025-05-15T09:00:00Z,destination=HER&origin=LYS&endRange=2025-10-14T23:59:59Z&startRange=2025-05-15T09:00:00Z,,,,,,
,,,,,,HER,,,,,ORY,,,,2025-10-14T23:59:59Z,2025-05-15T09:00:00Z,destination=HER&origin=ORY&endRange=2025-10-14T23:59:59Z&startRange=2025-05-15T09:00:00Z,,,,,,
,,,,,,HUY,,,,,AMS,,,,2025-10-14T23:59:59Z,2025-05-15T09:00:00Z,destination=HUY&origin=AMS&endRange=2025-10-14T23:59:59Z&startRange=2025-05-15T09:00:00Z,,,,,,
,,,,,,IAS,,,,,OTP,,,,2025-10-14T23:59:59Z,2025-05-15T09:00:00Z,destination=IAS&origin=OTP&endRange=2025-10-14T23:59:59Z&startRange=2025-05-15T09:00:00Z,,,,,,
,,,,,,IBZ,,,,,AMS,,,,2025-10-14T23:59:59Z,2025-05-15T09:00:00Z,destination=IBZ&origin=AMS&endRange=2025-10-14T23:59:59Z&startRange=2025-05-15T09:00:00Z,,,,,,
,,,,,,IBZ,,,,,CDG,,,,2025-10-14T23:59:59Z,2025-05-15T09:00:00Z,destination=IBZ&origin=CDG&endRange=2025-10-14T23:59:59Z&startRange=2025-05-15T09:00:00Z,,,,,,
,,,,,,IBZ,,,,,FCO,,,,2025-10-14T23:59:59Z,2025-05-15T09:00:00Z,destination=IBZ&origin=FCO&endRange=2025-10-14T23:59:59Z&startRange=2025-05-15T09:00:00Z,,,,,,
,,,,,,IBZ,,,,,LIN,,,,2025-10-14T23:59:59Z,2025-05-15T09:00:00Z,destination=IBZ&origin=LIN&endRange=2025-10-14T23:59:59Z&startRange=2025-05-15T09:00:00Z,,,,,,
,,,,,,IBZ,,,,,MAD,,,,2025-10-14T23:59:59Z,2025-05-15T09:00:00Z,destination=IBZ&origin=MAD&endRange=2025-10-14T23:59:59Z&startRange=2025-05-15T09:00:00Z,,,,,,
,,,,,,IBZ,,,,,ORY,,,,2025-10-14T23:59:59Z,2025-05-15T09:00:00Z,destination=IBZ&origin=ORY&endRange=2025-10-14T23:59:59Z&startRange=2025-05-15T09:00:00Z,,,,,,
,,,,,,INN,,,,,AMS,,,,2025-10-14T23:59:59Z,2025-05-15T09:00:00Z,destination=INN&origin=AMS&endRange=2025-10-14T23:59:59Z&startRange=2025-05-15T09:00:00Z,,,,,,
,,,,,,INV,,,,,AMS,,,,2025-10-14T23:59:59Z,2025-05-15T09:00:00Z,destination=INV&origin=AMS&endRange=2025-10-14T23:59:59Z&startRange=2025-05-15T09:00:00Z,,,,,,
,,,,,,IOM,,,,,LHR,,,,2025-10-14T23:59:59Z,2025-05-15T09:00:00Z,destination=IOM&origin=LHR&endRange=2025-10-14T23:59:59Z&startRange=2025-05-15T09:00:00Z,,,,,,
,,,,,,JER,,,,,CDG,,,,2025-10-14T23:59:59Z,2025-05-15T09:00:00Z,destination=JER&origin=CDG&endRange=2025-10-14T23:59:59Z&startRange=2025-05-15T09:00:00Z,,,,,,
,,,,,,JMK,,,,,AMS,,,,2025-10-14T23:59:59Z,2025-05-15T09:00:00Z,destination=JMK&origin=AMS&endRange=2025-10-14T23:59:59Z&startRange=2025-05-15T09:00:00Z,,,,,,
,,,,,,JMK,,,,,CDG,,,,2025-10-14T23:59:59Z,2025-05-15T09:00:00Z,destination=JMK&origin=CDG&endRange=2025-10-14T23:59:59Z&startRange=2025-05-15T09:00:00Z,,,,,,
,,,,,,JMK,,,,,ORY,,,,2025-10-14T23:59:59Z,2025-05-15T09:00:00Z,destination=JMK&origin=ORY&endRange=2025-10-14T23:59:59Z&startRange=2025-05-15T09:00:00Z,,,,,,
,,,,,,JSI,,,,,ORY,,,,2025-10-14T23:59:59Z,2025-05-15T09:00:00Z,destination=JSI&origin=ORY&endRange=2025-10-14T23:59:59Z&startRange=2025-05-15T09:00:00Z,,,,,,
,,,,,,JTR,,,,,AMS,,,,2025-10-14T23:59:59Z,2025-05-15T09:00:00Z,destination=JTR&origin=AMS&endRange=2025-10-14T23:59:59Z&startRange=2025-05-15T09:00:00Z,,,,,,
,,,,,,JTR,,,,,CDG,,,,2025-10-14T23:59:59Z,2025-05-15T09:00:00Z,destination=JTR&origin=CDG&endRange=2025-10-14T23:59:59Z&startRange=2025-05-15T09:00:00Z,,,,,,
,,,,,,JTR,,,,,LYS,,,,2025-10-14T23:59:59Z,2025-05-15T09:00:00Z,destination=JTR&origin=LYS&endRange=2025-10-14T23:59:59Z&startRange=2025-05-15T09:00:00Z,,,,,,
,,,,,,JTR,,,,,ORY,,,,2025-10-14T23:59:59Z,2025-05-15T09:00:00Z,destination=JTR&origin=ORY&endRange=2025-10-14T23:59:59Z&startRange=2025-05-15T09:00:00Z,,,,,,
,,,,,,KEF,,,,,AMS,,,,2025-10-14T23:59:59Z,2025-05-15T09:00:00Z,destination=KEF&origin=AMS&endRange=2025-10-14T23:59:59Z&startRange=2025-05-15T09:00:00Z,,,,,,
,,,,,,KEF,,,,,CDG,,,,2025-10-14T23:59:59Z,2025-05-15T09:00:00Z,destination=KEF&origin=CDG&endRange=2025-10-14T23:59:59Z&startRange=2025-05-15T09:00:00Z,,,,,,
,,,,,,KEF,,,,,CPH,,,,2025-10-14T23:59:59Z,2025-05-15T09:00:00Z,destination=KEF&origin=CPH&endRange=2025-10-14T23:59:59Z&startRange=2025-05-15T09:00:00Z,,,,,,
,,,,,,KEF,,,,,ORY,,,,2025-10-14T23:59:59Z,2025-05-15T09:00:00Z,destination=KEF&origin=ORY&endRange=2025-10-14T23:59:59Z&startRange=2025-05-15T09:00:00Z,,,,,,
,,,,,,KEF,,,,,OSL,,,,2025-10-14T23:59:59Z,2025-05-15T09:00:00Z,destination=KEF&origin=OSL&endRange=2025-10-14T23:59:59Z&startRange=2025-05-15T09:00:00Z,,,,,,
,,,,,,KGS,,,,,AMS,,,,2025-10-14T23:59:59Z,2025-05-15T09:00:00Z,destination=KGS&origin=AMS&endRange=2025-10-14T23:59:59Z&startRange=2025-05-15T09:00:00Z,,,,,,
,,,,,,KGS,,,,,CDG,,,,2025-10-14T23:59:59Z,2025-05-15T09:00:00Z,destination=KGS&origin=CDG&endRange=2025-10-14T23:59:59Z&startRange=2025-05-15T09:00:00Z,,,,,,
,,,,,,KGS,,,,,ORY,,,,2025-10-14T23:59:59Z,2025-05-15T09:00:00Z,destination=KGS&origin=ORY&endRange=2025-10-14T23:59:59Z&startRange=2025-05-15T09:00:00Z,,,,,,
,,,,,,KLX,,,,,AMS,,,,2025-10-14T23:59:59Z,2025-05-15T09:00:00Z,destination=KLX&origin=AMS&endRange=2025-10-14T23:59:59Z&startRange=2025-05-15T09:00:00Z,,,,,,
,,,,,,KLX,,,,,ORY,,,,2025-10-14T23:59:59Z,2025-05-15T09:00:00Z,destination=KLX&origin=ORY&endRange=2025-10-14T23:59:59Z&startRange=2025-05-15T09:00:00Z,,,,,,
,,,,,,KRK,,,,,AMS,,,,2025-10-14T23:59:59Z,2025-05-15T09:00:00Z,destination=KRK&origin=AMS&endRange=2025-10-14T23:59:59Z&startRange=2025-05-15T09:00:00Z,,,,,,
,,,,,,KRK,,,,,CDG,,,,2025-10-14T23:59:59Z,2025-05-15T09:00:00Z,destination=KRK&origin=CDG&endRange=2025-10-14T23:59:59Z&startRange=2025-05-15T09:00:00Z,,,,,,
,,,,,,KRK,,,,,ORY,,,,2025-10-14T23:59:59Z,2025-05-15T09:00:00Z,destination=KRK&origin=ORY&endRange=2025-10-14T23:59:59Z&startRange=2025-05-15T09:00:00Z,,,,,,
,,,,,,KRS,,,,,AMS,,,,2025-10-14T23:59:59Z,2025-05-15T09:00:00Z,destination=KRS&origin=AMS&endRange=2025-10-14T23:59:59Z&startRange=2025-05-15T09:00:00Z,,,,,,
,,,,,,KRS,,,,,BGO,,,,2025-10-14T23:59:59Z,2025-05-15T09:00:00Z,destination=KRS&origin=BGO&endRange=2025-10-14T23:59:59Z&startRange=2025-05-15T09:00:00Z,,,,,,
,,,,,,KRS,,,,,CPH,,,,2025-10-14T23:59:59Z,2025-05-15T09:00:00Z,destination=KRS&origin=CPH&endRange=2025-10-14T23:59:59Z&startRange=2025-05-15T09:00:00Z,,,,,,
,,,,,,KRS,,,,,OSL,,,,2025-10-14T23:59:59Z,2025-05-15T09:00:00Z,destination=KRS&origin=OSL&endRange=2025-10-14T23:59:59Z&startRange=2025-05-15T09:00:00Z,,,,,,
,,,,,,KSU,,,,,BGO,,,,2025-10-14T23:59:59Z,2025-05-15T09:00:00Z,destination=KSU&origin=BGO&endRange=2025-10-14T23:59:59Z&startRange=2025-05-15T09:00:00Z,,,,,,
,,,,,,KSU,,,,,OSL,,,,2025-10-14T23:59:59Z,2025-05-15T09:00:00Z,destination=KSU&origin=OSL&endRange=2025-10-14T23:59:59Z&startRange=2025-05-15T09:00:00Z,,,,,,
,,,,,,KTT,,,,,HEL,,,,2025-10-14T23:59:59Z,2025-05-15T09:00:00Z,destination=KTT&origin=HEL&endRange=2025-10-14T23:59:59Z&startRange=2025-05-15T09:00:00Z,,,,,,
,,,,,,KUF,,,,,SVO,,,,2025-10-14T23:59:59Z,2025-05-15T09:00:00Z,destination=KUF&origin=SVO&endRange=2025-10-14T23:59:59Z&startRange=2025-05-15T09:00:00Z,,,,,,
,,,,,,KUO,,,,,HEL,,,,2025-10-14T23:59:59Z,2025-05-15T09:00:00Z,destination=KUO&origin=HEL&endRange=2025-10-14T23:59:59Z&startRange=2025-05-15T09:00:00Z,,,,,,
,,,,,,LBA,,,,,AMS,,,,2025-10-14T23:59:59Z,2025-05-15T09:00:00Z,destination=LBA&origin=AMS&endRange=2025-10-14T23:59:59Z&startRange=2025-05-15T09:00:00Z,,,,,,
,,,,,,LBA,,,,,CDG,,,,2025-10-14T23:59:59Z,2025-05-15T09:00:00Z,destination=LBA&origin=CDG&endRange=2025-10-14T23:59:59Z&startRange=2025-05-15T09:00:00Z,,,,,,
,,,,,,LCG,,,,,MAD,,,,2025-10-14T23:59:59Z,2025-05-15T09:00:00Z,destination=LCG&origin=MAD&endRange=2025-10-14T23:59:59Z&startRange=2025-05-15T09:00:00Z,,,,,,
,,,,,,LCY,,,,,AMS,,,,2025-10-14T23:59:59Z,2025-05-15T09:00:00Z,destination=LCY&origin=AMS&endRange=2025-10-14T23:59:59Z&startRange=2025-05-15T09:00:00Z,,,,,,
,,,,,,LCY,,,,,FCO,,,,2025-10-14T23:59:59Z,2025-05-15T09:00:00Z,destination=LCY&origin=FCO&endRange=2025-10-14T23:59:59Z&startRange=2025-05-15T09:00:00Z,,,,,,
,,,,,,LCY,,,,,LIN,,,,2025-10-14T23:59:59Z,2025-05-15T09:00:00Z,destination=LCY&origin=LIN&endRange=2025-10-14T23:59:59Z&startRange=2025-05-15T09:00:00Z,,,,,,
,,,,,,LDY,,,,,LHR,,,,2025-10-14T23:59:59Z,2025-05-15T09:00:00Z,destination=LDY&origin=LHR&endRange=2025-10-14T23:59:59Z&startRange=2025-05-15T09:00:00Z,,,,,,
,,,,,,LED,,,,,SVO,,,,2025-10-14T23:59:59Z,2025-05-15T09:00:00Z,destination=LED&origin=SVO&endRange=2025-10-14T23:59:59Z&startRange=2025-05-15T09:00:00Z,,,,,,
,,,,,,LGW,,,,,AMS,,,,2025-10-14T23:59:59Z,2025-05-15T09:00:00Z,destination=LGW&origin=AMS&endRange=2025-10-14T23:59:59Z&startRange=2025-05-15T09:00:00Z,,,,,,
,,,,,,LGW,,,,,CDG,,,,2025-10-14T23:59:59Z,2025-05-15T09:00:00Z,destination=LGW&origin=CDG&endRange=2025-10-14T23:59:59Z&startRange=2025-05-15T09:00:00Z,,,,,,
,,,,,,LGW,,,,,FCO,,,,2025-10-14T23:59:59Z,2025-05-15T09:00:00Z,destination=LGW&origin=FCO&endRange=2025-10-14T23:59:59Z&startRange=2025-05-15T09:00:00Z,,,,,,
,,,,,,LGW,,,,,ORY,,,,2025-10-14T23:59:59Z,2025-05-15T09:00:00Z,destination=LGW&origin=ORY&endRange=2025-10-14T23:59:59Z&startRange=2025-05-15T09:00:00Z,,,,,,
,,,,,,LHR,,,,,AMS,,,,2025-10-14T23:59:59Z,2025-05-15T09:00:00Z,destination=LHR&origin=AMS&endRange=2025-10-14T23:59:59Z&startRange=2025-05-15T09:00:00Z,,,,,,
,,,,,,LHR,,,,,CDG,,,,2025-10-14T23:59:59Z,2025-05-15T09:00:00Z,destination=LHR&origin=CDG&endRange=2025-10-14T23:59:59Z&startRange=2025-05-15T09:00:00Z,,,,,,
,,,,,,LHR,,,,,IOM,,,,2025-10-14T23:59:59Z,2025-05-15T09:00:00Z,destination=LHR&origin=IOM&endRange=2025-10-14T23:59:59Z&startRange=2025-05-15T09:00:00Z,,,,,,
,,,,,,LHR,,,,,LDY,,,,2025-10-14T23:59:59Z,2025-05-15T09:00:00Z,destination=LHR&origin=LDY&endRange=2025-10-14T23:59:59Z&startRange=2025-05-15T09:00:00Z,,,,,,
,,,,,,LHR,,,,,NCE,,,,2025-10-14T23:59:59Z,2025-05-15T09:00:00Z,destination=LHR&origin=NCE&endRange=2025-10-14T23:59:59Z&startRange=2025-05-15T09:00:00Z,,,,,,
,,,,,,LHR,,,,,ORY,,,,2025-10-14T23:59:59Z,2025-05-15T09:00:00Z,destination=LHR&origin=ORY&endRange=2025-10-14T23:59:59Z&startRange=2025-05-15T09:00:00Z,,,,,,
,,,,,,LIG,,,,,LYS,,,,2025-10-14T23:59:59Z,2025-05-15T09:00:00Z,destination=LIG&origin=LYS&endRange=2025-10-14T23:59:59Z&startRange=2025-05-15T09:00:00Z,,,,,,
,,,,,,LIN,,,,,AHO,,,,2025-10-14T23:59:59Z,2025-05-15T09:00:00Z,destination=LIN&origin=AHO&endRange=2025-10-14T23:59:59Z&startRange=2025-05-15T09:00:00Z,,,,,,
,,,,,,LIN,,,,,AMS,,,,2025-10-14T23:59:59Z,2025-05-15T09:00:00Z,destination=LIN&origin=AMS&endRange=2025-10-14T23:59:59Z&startRange=2025-05-15T09:00:00Z,,,,,,
,,,,,,LIN,,,,,BDS,,,,2025-10-14T23:59:59Z,2025-05-15T09:00:00Z,destination=LIN&origin=BDS&endRange=2025-10-14T23:59:59Z&startRange=2025-05-15T09:00:00Z,,,,,,
,,,,,,LIN,,,,,BRI,,,,2025-10-14T23:59:59Z,2025-05-15T09:00:00Z,destination=LIN&origin=BRI&endRange=2025-10-14T23:59:59Z&startRange=2025-05-15T09:00:00Z,,,,,,
,,,,,,LIN,,,,,BRU,,,,2025-10-14T23:59:59Z,2025-05-15T09:00:00Z,destination=LIN&origin=BRU&endRange=2025-10-14T23:59:59Z&startRange=2025-05-15T09:00:00Z,,,,,,
,,,,,,LIN,,,,,CDG,,,,2025-10-14T23:59:59Z,2025-05-15T09:00:00Z,destination=LIN&origin=CDG&endRange=2025-10-14T23:59:59Z&startRange=2025-05-15T09:00:00Z,,,,,,
,,,,,,LIN,,,,,CTA,,,,2025-10-14T23:59:59Z,2025-05-15T09:00:00Z,destination=LIN&origin=CTA&endRange=2025-10-14T23:59:59Z&startRange=2025-05-15T09:00:00Z,,,,,,
,,,,,,LIN,,,,,DUS,,,,2025-10-14T23:59:59Z,2025-05-15T09:00:00Z,destination=LIN&origin=DUS&endRange=2025-10-14T23:59:59Z&startRange=2025-05-15T09:00:00Z,,,,,,
,,,,,,LIN,,,,,FCO,,,,2025-10-14T23:59:59Z,2025-05-15T09:00:00Z,destination=LIN&origin=FCO&endRange=2025-10-14T23:59:59Z&startRange=2025-05-15T09:00:00Z,,,,,,
,,,,,,LIN,,,,,HAM,,,,2025-10-14T23:59:59Z,2025-05-15T09:00:00Z,destination=LIN&origin=HAM&endRange=2025-10-14T23:59:59Z&startRange=2025-05-15T09:00:00Z,,,,,,
,,,,,,LIN,,,,,HER,,,,2025-10-14T23:59:59Z,2025-05-15T09:00:00Z,destination=LIN&origin=HER&endRange=2025-10-14T23:59:59Z&startRange=2025-05-15T09:00:00Z,,,,,,
,,,,,,LIN,,,,,IBZ,,,,2025-10-14T23:59:59Z,2025-05-15T09:00:00Z,destination=LIN&origin=IBZ&endRange=2025-10-14T23:59:59Z&startRange=2025-05-15T09:00:00Z,,,,,,
,,,,,,LIN,,,,,LCY,,,,2025-10-14T23:59:59Z,2025-05-15T09:00:00Z,destination=LIN&origin=LCY&endRange=2025-10-14T23:59:59Z&startRange=2025-05-15T09:00:00Z,,,,,,
,,,,,,LIN,,,,,MAH,,,,2025-10-14T23:59:59Z,2025-05-15T09:00:00Z,destination=LIN&origin=MAH&endRange=2025-10-14T23:59:59Z&startRange=2025-05-15T09:00:00Z,,,,,,
,,,,,,LIN,,,,,NAP,,,,2025-10-14T23:59:59Z,2025-05-15T09:00:00Z,destination=LIN&origin=NAP&endRange=2025-10-14T23:59:59Z&startRange=2025-05-15T09:00:00Z,,,,,,
,,,,,,LIN,,,,,ORY,,,,2025-10-14T23:59:59Z,2025-05-15T09:00:00Z,destination=LIN&origin=ORY&endRange=2025-10-14T23:59:59Z&startRange=2025-05-15T09:00:00Z,,,,,,
,,,,,,LIN,,,,,PMI,,,,2025-10-14T23:59:59Z,2025-05-15T09:00:00Z,destination=LIN&origin=PMI&endRange=2025-10-14T23:59:59Z&startRange=2025-05-15T09:00:00Z,,,,,,
,,,,,,LIN,,,,,PMO,,,,2025-10-14T23:59:59Z,2025-05-15T09:00:00Z,destination=LIN&origin=PMO&endRange=2025-10-14T23:59:59Z&startRange=2025-05-15T09:00:00Z,,,,,,
,,,,,,LIN,,,,,RHO,,,,2025-10-14T23:59:59Z,2025-05-15T09:00:00Z,destination=LIN&origin=RHO&endRange=2025-10-14T23:59:59Z&startRange=2025-05-15T09:00:00Z,,,,,,
,,,,,,LIN,,,,,SUF,,,,2025-10-14T23:59:59Z,2025-05-15T09:00:00Z,destination=LIN&origin=SUF&endRange=2025-10-14T23:59:59Z&startRange=2025-05-15T09:00:00Z,,,,,,
,,,,,,LIN,,,,,TRS,,,,2025-10-14T23:59:59Z,2025-05-15T09:00:00Z,destination=LIN&origin=TRS&endRange=2025-10-14T23:59:59Z&startRange=2025-05-15T09:00:00Z,,,,,,
,,,,,,LIS,,,,,AMS,,,,2025-10-14T23:59:59Z,2025-05-15T09:00:00Z,destination=LIS&origin=AMS&endRange=2025-10-14T23:59:59Z&startRange=2025-05-15T09:00:00Z,,,,,,
,,,,,,LIS,,,,,CDG,,,,2025-10-14T23:59:59Z,2025-05-15T09:00:00Z,destination=LIS&origin=CDG&endRange=2025-10-14T23:59:59Z&startRange=2025-05-15T09:00:00Z,,,,,,
,,,,,,LIS,,,,,MAD,,,,2025-10-14T23:59:59Z,2025-05-15T09:00:00Z,destination=LIS&origin=MAD&endRange=2025-10-14T23:59:59Z&startRange=2025-05-15T09:00:00Z,,,,,,
,,,,,,LIS,,,,,ORY,,,,2025-10-14T23:59:59Z,2025-05-15T09:00:00Z,destination=LIS&origin=ORY&endRange=2025-10-14T23:59:59Z&startRange=2025-05-15T09:00:00Z,,,,,,
,,,,,,LJU,,,,,AMS,,,,2025-10-14T23:59:59Z,2025-05-15T09:00:00Z,destination=LJU&origin=AMS&endRange=2025-10-14T23:59:59Z&startRange=2025-05-15T09:00:00Z,,,,,,
,,,,,,LJU,,,,,CDG,,,,2025-10-14T23:59:59Z,2025-05-15T09:00:00Z,destination=LJU&origin=CDG&endRange=2025-10-14T23:59:59Z&startRange=2025-05-15T09:00:00Z,,,,,,
,,,,,,LJU,,,,,ORY,,,,2025-10-14T23:59:59Z,2025-05-15T09:00:00Z,destination=LJU&origin=ORY&endRange=2025-10-14T23:59:59Z&startRange=2025-05-15T09:00:00Z,,,,,,
,,,,,,LLA,,,,,ARN,,,,2025-10-14T23:59:59Z,2025-05-15T09:00:00Z,destination=LLA&origin=ARN&endRange=2025-10-14T23:59:59Z&startRange=2025-05-15T09:00:00Z,,,,,,
,,,,,,LPA,,,,,AMS,,,,2025-10-14T23:59:59Z,2025-05-15T09:00:00Z,destination=LPA&origin=AMS&endRange=2025-10-14T23:59:59Z&startRange=2025-05-15T09:00:00Z,,,,,,
,,,,,,LPA,,,,,CDG,,,,2025-10-14T23:59:59Z,2025-05-15T09:00:00Z,destination=LPA&origin=CDG&endRange=2025-10-14T23:59:59Z&startRange=2025-05-15T09:00:00Z,,,,,,
,,,,,,LPA,,,,,MAD,,,,2025-10-14T23:59:59Z,2025-05-15T09:00:00Z,destination=LPA&origin=MAD&endRange=2025-10-14T23:59:59Z&startRange=2025-05-15T09:00:00Z,,,,,,
,,,,,,LPA,,,,,ORY,,,,2025-10-14T23:59:59Z,2025-05-15T09:00:00Z,destination=LPA&origin=ORY&endRange=2025-10-14T23:59:59Z&startRange=2025-05-15T09:00:00Z,,,,,,
,,,,,,LPL,,,,,AMS,,,,2025-10-14T23:59:59Z,2025-05-15T09:00:00Z,destination=LPL&origin=AMS&endRange=2025-10-14T23:59:59Z&startRange=2025-05-15T09:00:00Z,,,,,,
,,,,,,LPL,,,,,CDG,,,,2025-10-14T23:59:59Z,2025-05-15T09:00:00Z,destination=LPL&origin=CDG&endRange=2025-10-14T23:59:59Z&startRange=2025-05-15T09:00:00Z,,,,,,
,,,,,,LTN,,,,,AMS,,,,2025-10-14T23:59:59Z,2025-05-15T09:00:00Z,destination=LTN&origin=AMS&endRange=2025-10-14T23:59:59Z&startRange=2025-05-15T09:00:00Z,,,,,,
,,,,,,LTN,,,,,CDG,,,,2025-10-14T23:59:59Z,2025-05-15T09:00:00Z,destination=LTN&origin=CDG&endRange=2025-10-14T23:59:59Z&startRange=2025-05-15T09:00:00Z,,,,,,
,,,,,,LUX,,,,,AMS,,,,2025-10-14T23:59:59Z,2025-05-15T09:00:00Z,destination=LUX&origin=AMS&endRange=2025-10-14T23:59:59Z&startRange=2025-05-15T09:00:00Z,,,,,,
,,,,,,LUX,,,,,CDG,,,,2025-10-14T23:59:59Z,2025-05-15T09:00:00Z,destination=LUX&origin=CDG&endRange=2025-10-14T23:59:59Z&startRange=2025-05-15T09:00:00Z,,,,,,
,,,,,,LYS,,,,,AGP,,,,2025-10-14T23:59:59Z,2025-05-15T09:00:00Z,destination=LYS&origin=AGP&endRange=2025-10-14T23:59:59Z&startRange=2025-05-15T09:00:00Z,,,,,,
,,,,,,LYS,,,,,AJA,,,,2025-10-14T23:59:59Z,2025-05-15T09:00:00Z,destination=LYS&origin=AJA&endRange=2025-10-14T23:59:59Z&startRange=2025-05-15T09:00:00Z,,,,,,
,,,,,,LYS,,,,,AMS,,,,2025-10-14T23:59:59Z,2025-05-15T09:00:00Z,destination=LYS&origin=AMS&endRange=2025-10-14T23:59:59Z&startRange=2025-05-15T09:00:00Z,,,,,,
,,,,,,LYS,,,,,BEG,,,,2025-10-14T23:59:59Z,2025-05-15T09:00:00Z,destination=LYS&origin=BEG&endRange=2025-10-14T23:59:59Z&startRange=2025-05-15T09:00:00Z,,,,,,
,,,,,,LYS,,,,,BES,,,,2025-10-14T23:59:59Z,2025-05-15T09:00:00Z,destination=LYS&origin=BES&endRange=2025-10-14T23:59:59Z&startRange=2025-05-15T09:00:00Z,,,,,,
,,,,,,LYS,,,,,BIA,,,,2025-10-14T23:59:59Z,2025-05-15T09:00:00Z,destination=LYS&origin=BIA&endRange=2025-10-14T23:59:59Z&startRange=2025-05-15T09:00:00Z,,,,,,
,,,,,,LYS,,,,,BIQ,,,,2025-10-14T23:59:59Z,2025-05-15T09:00:00Z,destination=LYS&origin=BIQ&endRange=2025-10-14T23:59:59Z&startRange=2025-05-15T09:00:00Z,,,,,,
,,,,,,LYS,,,,,BOD,,,,2025-10-14T23:59:59Z,2025-05-15T09:00:00Z,destination=LYS&origin=BOD&endRange=2025-10-14T23:59:59Z&startRange=2025-05-15T09:00:00Z,,,,,,
,,,,,,LYS,,,,,CDG,,,,2025-10-14T23:59:59Z,2025-05-15T09:00:00Z,destination=LYS&origin=CDG&endRange=2025-10-14T23:59:59Z&startRange=2025-05-15T09:00:00Z,,,,,,
,,,,,,LYS,,,,,CHQ,,,,2025-10-14T23:59:59Z,2025-05-15T09:00:00Z,destination=LYS&origin=CHQ&endRange=2025-10-14T23:59:59Z&startRange=2025-05-15T09:00:00Z,,,,,,
,,,,,,LYS,,,,,FAO,,,,2025-10-14T23:59:59Z,2025-05-15T09:00:00Z,destination=LYS&origin=FAO&endRange=2025-10-14T23:59:59Z&startRange=2025-05-15T09:00:00Z,,,,,,
,,,,,,LYS,,,,,FNC,,,,2025-10-14T23:59:59Z,2025-05-15T09:00:00Z,destination=LYS&origin=FNC&endRange=2025-10-14T23:59:59Z&startRange=2025-05-15T09:00:00Z,,,,,,
,,,,,,LYS,,,,,FSC,,,,2025-10-14T23:59:59Z,2025-05-15T09:00:00Z,destination=LYS&origin=FSC&endRange=2025-10-14T23:59:59Z&startRange=2025-05-15T09:00:00Z,,,,,,
,,,,,,LYS,,,,,HER,,,,2025-10-14T23:59:59Z,2025-05-15T09:00:00Z,destination=LYS&origin=HER&endRange=2025-10-14T23:59:59Z&startRange=2025-05-15T09:00:00Z,,,,,,
,,,,,,LYS,,,,,JTR,,,,2025-10-14T23:59:59Z,2025-05-15T09:00:00Z,destination=LYS&origin=JTR&endRange=2025-10-14T23:59:59Z&startRange=2025-05-15T09:00:00Z,,,,,,
,,,,,,LYS,,,,,LIG,,,,2025-10-14T23:59:59Z,2025-05-15T09:00:00Z,destination=LYS&origin=LIG&endRange=2025-10-14T23:59:59Z&startRange=2025-05-15T09:00:00Z,,,,,,
,,,,,,LYS,,,,,MLA,,,,2025-10-14T23:59:59Z,2025-05-15T09:00:00Z,destination=LYS&origin=MLA&endRange=2025-10-14T23:59:59Z&startRange=2025-05-15T09:00:00Z,,,,,,
,,,,,,LYS,,,,,NCE,,,,2025-10-14T23:59:59Z,2025-05-15T09:00:00Z,destination=LYS&origin=NCE&endRange=2025-10-14T23:59:59Z&startRange=2025-05-15T09:00:00Z,,,,,,
,,,,,,LYS,,,,,NTE,,,,2025-10-14T23:59:59Z,2025-05-15T09:00:00Z,destination=LYS&origin=NTE&endRange=2025-10-14T23:59:59Z&startRange=2025-05-15T09:00:00Z,,,,,,
,,,,,,LYS,,,,,OPO,,,,2025-10-14T23:59:59Z,2025-05-15T09:00:00Z,destination=LYS&origin=OPO&endRange=2025-10-14T23:59:59Z&startRange=2025-05-15T09:00:00Z,,,,,,
,,,,,,LYS,,,,,PMI,,,,2025-10-14T23:59:59Z,2025-05-15T09:00:00Z,destination=LYS&origin=PMI&endRange=2025-10-14T23:59:59Z&startRange=2025-05-15T09:00:00Z,,,,,,
,,,,,,LYS,,,,,RHO,,,,2025-10-14T23:59:59Z,2025-05-15T09:00:00Z,destination=LYS&origin=RHO&endRange=2025-10-14T23:59:59Z&startRange=2025-05-15T09:00:00Z,,,,,,
,,,,,,LYS,,,,,TIA,,,,2025-10-14T23:59:59Z,2025-05-15T09:00:00Z,destination=LYS&origin=TIA&endRange=2025-10-14T23:59:59Z&startRange=2025-05-15T09:00:00Z,,,,,,
,,,,,,LYS,,,,,TLS,,,,2025-10-14T23:59:59Z,2025-05-15T09:00:00Z,destination=LYS&origin=TLS&endRange=2025-10-14T23:59:59Z&startRange=2025-05-15T09:00:00Z,,,,,,
,,,,,,MAD,,,,,ACE,,,,2025-10-14T23:59:59Z,2025-05-15T09:00:00Z,destination=MAD&origin=ACE&endRange=2025-10-14T23:59:59Z&startRange=2025-05-15T09:00:00Z,,,,,,
,,,,,,MAD,,,,,ALC,,,,2025-10-14T23:59:59Z,2025-05-15T09:00:00Z,destination=MAD&origin=ALC&endRange=2025-10-14T23:59:59Z&startRange=2025-05-15T09:00:00Z,,,,,,
,,,,,,MAD,,,,,AMS,,,,2025-10-14T23:59:59Z,2025-05-15T09:00:00Z,destination=MAD&origin=AMS&endRange=2025-10-14T23:59:59Z&startRange=2025-05-15T09:00:00Z,,,,,,
,,,,,,MAD,,,,,ATH,,,,2025-10-14T23:59:59Z,2025-05-15T09:00:00Z,destination=MAD&origin=ATH&endRange=2025-10-14T23:59:59Z&startRange=2025-05-15T09:00:00Z,,,,,,
,,,,,,MAD,,,,,BCN,,,,2025-10-14T23:59:59Z,2025-05-15T09:00:00Z,destination=MAD&origin=BCN&endRange=2025-10-14T23:59:59Z&startRange=2025-05-15T09:00:00Z,,,,,,
,,,,,,MAD,,,,,BIO,,,,2025-10-14T23:59:59Z,2025-05-15T09:00:00Z,destination=MAD&origin=BIO&endRange=2025-10-14T23:59:59Z&startRange=2025-05-15T09:00:00Z,,,,,,
,,,,,,MAD,,,,,BRU,,,,2025-10-14T23:59:59Z,2025-05-15T09:00:00Z,destination=MAD&origin=BRU&endRange=2025-10-14T23:59:59Z&startRange=2025-05-15T09:00:00Z,,,,,,
,,,,,,MAD,,,,,CDG,,,,2025-10-14T23:59:59Z,2025-05-15T09:00:00Z,destination=MAD&origin=CDG&endRange=2025-10-14T23:59:59Z&startRange=2025-05-15T09:00:00Z,,,,,,
,,,,,,MAD,,,,,FCO,,,,2025-10-14T23:59:59Z,2025-05-15T09:00:00Z,destination=MAD&origin=FCO&endRange=2025-10-14T23:59:59Z&startRange=2025-05-15T09:00:00Z,,,,,,
,,,,,,MAD,,,,,FRA,,,,2025-10-14T23:59:59Z,2025-05-15T09:00:00Z,destination=MAD&origin=FRA&endRange=2025-10-14T23:59:59Z&startRange=2025-05-15T09:00:00Z,,,,,,
,,,,,,MAD,,,,,IBZ,,,,2025-10-14T23:59:59Z,2025-05-15T09:00:00Z,destination=MAD&origin=IBZ&endRange=2025-10-14T23:59:59Z&startRange=2025-05-15T09:00:00Z,,,,,,
,,,,,,MAD,,,,,LCG,,,,2025-10-14T23:59:59Z,2025-05-15T09:00:00Z,destination=MAD&origin=LCG&endRange=2025-10-14T23:59:59Z&startRange=2025-05-15T09:00:00Z,,,,,,
,,,,,,MAD,,,,,LIS,,,,2025-10-14T23:59:59Z,2025-05-15T09:00:00Z,destination=MAD&origin=LIS&endRange=2025-10-14T23:59:59Z&startRange=2025-05-15T09:00:00Z,,,,,,
,,,,,,MAD,,,,,LPA,,,,2025-10-14T23:59:59Z,2025-05-15T09:00:00Z,destination=MAD&origin=LPA&endRange=2025-10-14T23:59:59Z&startRange=2025-05-15T09:00:00Z,,,,,,
,,,,,,MAD,,,,,MXP,,,,2025-10-14T23:59:59Z,2025-05-15T09:00:00Z,destination=MAD&origin=MXP&endRange=2025-10-14T23:59:59Z&startRange=2025-05-15T09:00:00Z,,,,,,
,,,,,,MAD,,,,,OPO,,,,2025-10-14T23:59:59Z,2025-05-15T09:00:00Z,destination=MAD&origin=OPO&endRange=2025-10-14T23:59:59Z&startRange=2025-05-15T09:00:00Z,,,,,,
,,,,,,MAD,,,,,ORY,,,,2025-10-14T23:59:59Z,2025-05-15T09:00:00Z,destination=MAD&origin=ORY&endRange=2025-10-14T23:59:59Z&startRange=2025-05-15T09:00:00Z,,,,,,
,,,,,,MAD,,,,,PMI,,,,2025-10-14T23:59:59Z,2025-05-15T09:00:00Z,destination=MAD&origin=PMI&endRange=2025-10-14T23:59:59Z&startRange=2025-05-15T09:00:00Z,,,,,,
,,,,,,MAD,,,,,TFN,,,,2025-10-14T23:59:59Z,2025-05-15T09:00:00Z,destination=MAD&origin=TFN&endRange=2025-10-14T23:59:59Z&startRange=2025-05-15T09:00:00Z,,,,,,
,,,,,,MAD,,,,,VCE,,,,2025-10-14T23:59:59Z,2025-05-15T09:00:00Z,destination=MAD&origin=VCE&endRange=2025-10-14T23:59:59Z&startRange=2025-05-15T09:00:00Z,,,,,,
,,,,,,MAD,,,,,VGO,,,,2025-10-14T23:59:59Z,2025-05-15T09:00:00Z,destination=MAD&origin=VGO&endRange=2025-10-14T23:59:59Z&startRange=2025-05-15T09:00:00Z,,,,,,
,,,,,,MAD,,,,,VLC,,,,2025-10-14T23:59:59Z,2025-05-15T09:00:00Z,destination=MAD&origin=VLC&endRange=2025-10-14T23:59:59Z&startRange=2025-05-15T09:00:00Z,,,,,,
,,,,,,MAD,,,,,ZRH,,,,2025-10-14T23:59:59Z,2025-05-15T09:00:00Z,destination=MAD&origin=ZRH&endRange=2025-10-14T23:59:59Z&startRange=2025-05-15T09:00:00Z,,,,,,
,,,,,,MAH,,,,,AMS,,,,2025-10-14T23:59:59Z,2025-05-15T09:00:00Z,destination=MAH&origin=AMS&endRange=2025-10-14T23:59:59Z&startRange=2025-05-15T09:00:00Z,,,,,,
,,,,,,MAH,,,,,CDG,,,,2025-10-14T23:59:59Z,2025-05-15T09:00:00Z,destination=MAH&origin=CDG&endRange=2025-10-14T23:59:59Z&startRange=2025-05-15T09:00:00Z,,,,,,
,,,,,,MAH,,,,,LIN,,,,2025-10-14T23:59:59Z,2025-05-15T09:00:00Z,destination=MAH&origin=LIN&endRange=2025-10-14T23:59:59Z&startRange=2025-05-15T09:00:00Z,,,,,,
,,,,,,MAH,,,,,ORY,,,,2025-10-14T23:59:59Z,2025-05-15T09:00:00Z,destination=MAH&origin=ORY&endRange=2025-10-14T23:59:59Z&startRange=2025-05-15T09:00:00Z,,,,,,
,,,,,,MAN,,,,,AMS,,,,2025-10-14T23:59:59Z,2025-05-15T09:00:00Z,destination=MAN&origin=AMS&endRange=2025-10-14T23:59:59Z&startRange=2025-05-15T09:00:00Z,,,,,,
,,,,,,MAN,,,,,CDG,,,,2025-10-14T23:59:59Z,2025-05-15T09:00:00Z,destination=MAN&origin=CDG&endRange=2025-10-14T23:59:59Z&startRange=2025-05-15T09:00:00Z,,,,,,
,,,,,,MJT,,,,,AMS,,,,2025-10-14T23:59:59Z,2025-05-15T09:00:00Z,destination=MJT&origin=AMS&endRange=2025-10-14T23:59:59Z&startRange=2025-05-15T09:00:00Z,,,,,,
,,,,,,MLA,,,,,AMS,,,,2025-10-14T23:59:59Z,2025-05-15T09:00:00Z,destination=MLA&origin=AMS&endRange=2025-10-14T23:59:59Z&startRange=2025-05-15T09:00:00Z,,,,,,
,,,,,,MLA,,,,,CDG,,,,2025-10-14T23:59:59Z,2025-05-15T09:00:00Z,destination=MLA&origin=CDG&endRange=2025-10-14T23:59:59Z&startRange=2025-05-15T09:00:00Z,,,,,,
,,,,,,MLA,,,,,FCO,,,,2025-10-14T23:59:59Z,2025-05-15T09:00:00Z,destination=MLA&origin=FCO&endRange=2025-10-14T23:59:59Z&startRange=2025-05-15T09:00:00Z,,,,,,
,,,,,,MLA,,,,,LYS,,,,2025-10-14T23:59:59Z,2025-05-15T09:00:00Z,destination=MLA&origin=LYS&endRange=2025-10-14T23:59:59Z&startRange=2025-05-15T09:00:00Z,,,,,,
,,,,,,MLA,,,,,ORY,,,,2025-10-14T23:59:59Z,2025-05-15T09:00:00Z,destination=MLA&origin=ORY&endRange=2025-10-14T23:59:59Z&startRange=2025-05-15T09:00:00Z,,,,,,
,,,,,,MME,,,,,AMS,,,,2025-10-14T23:59:59Z,2025-05-15T09:00:00Z,destination=MME&origin=AMS&endRange=2025-10-14T23:59:59Z&startRange=2025-05-15T09:00:00Z,,,,,,
,,,,,,MMX,,,,,ARN,,,,2025-10-14T23:59:59Z,2025-05-15T09:00:00Z,destination=MMX&origin=ARN&endRange=2025-10-14T23:59:59Z&startRange=2025-05-15T09:00:00Z,,,,,,
,,,,,,MRS,,,,,AJA,,,,2025-10-14T23:59:59Z,2025-05-15T09:00:00Z,destination=MRS&origin=AJA&endRange=2025-10-14T23:59:59Z&startRange=2025-05-15T09:00:00Z,,,,,,
,,,,,,MRS,,,,,AMS,,,,2025-10-14T23:59:59Z,2025-05-15T09:00:00Z,destination=MRS&origin=AMS&endRange=2025-10-14T23:59:59Z&startRange=2025-05-15T09:00:00Z,,,,,,
,,,,,,MRS,,,,,BIA,,,,2025-10-14T23:59:59Z,2025-05-15T09:00:00Z,destination=MRS&origin=BIA&endRange=2025-10-14T23:59:59Z&startRange=2025-05-15T09:00:00Z,,,,,,
,,,,,,MRS,,,,,CDG,,,,2025-10-14T23:59:59Z,2025-05-15T09:00:00Z,destination=MRS&origin=CDG&endRange=2025-10-14T23:59:59Z&startRange=2025-05-15T09:00:00Z,,,,,,
,,,,,,MRS,,,,,FSC,,,,2025-10-14T23:59:59Z,2025-05-15T09:00:00Z,destination=MRS&origin=FSC&endRange=2025-10-14T23:59:59Z&startRange=2025-05-15T09:00:00Z,,,,,,
,,,,,,MRS,,,,,LYS,,,,2025-10-14T23:59:59Z,2025-05-15T09:00:00Z,destination=MRS&origin=LYS&endRange=2025-10-14T23:59:59Z&startRange=2025-05-15T09:00:00Z,,,,,,
,,,,,,MRS,,,,,ORY,,,,2025-10-14T23:59:59Z,2025-05-15T09:00:00Z,destination=MRS&origin=ORY&endRange=2025-10-14T23:59:59Z&startRange=2025-05-15T09:00:00Z,,,,,,
,,,,,,MUC,,,,,AMS,,,,2025-10-14T23:59:59Z,2025-05-15T09:00:00Z,destination=MUC&origin=AMS&endRange=2025-10-14T23:59:59Z&startRange=2025-05-15T09:00:00Z,,,,,,
,,,,,,MUC,,,,,CDG,,,,2025-10-14T23:59:59Z,2025-05-15T09:00:00Z,destination=MUC&origin=CDG&endRange=2025-10-14T23:59:59Z&startRange=2025-05-15T09:00:00Z,,,,,,
,,,,,,MUC,,,,,FCO,,,,2025-10-14T23:59:59Z,2025-05-15T09:00:00Z,destination=MUC&origin=FCO&endRange=2025-10-14T23:59:59Z&startRange=2025-05-15T09:00:00Z,,,,,,
,,,,,,MXP,,,,,AMS,,,,2025-10-14T23:59:59Z,2025-05-15T09:00:00Z,destination=MXP&origin=AMS&endRange=2025-10-14T23:59:59Z&startRange=2025-05-15T09:00:00Z,,,,,,
,,,,,,MXP,,,,,CDG,,,,2025-10-14T23:59:59Z,2025-05-15T09:00:00Z,destination=MXP&origin=CDG&endRange=2025-10-14T23:59:59Z&startRange=2025-05-15T09:00:00Z,,,,,,
,,,,,,MXP,,,,,MAD,,,,2025-10-14T23:59:59Z,2025-05-15T09:00:00Z,destination=MXP&origin=MAD&endRange=2025-10-14T23:59:59Z&startRange=2025-05-15T09:00:00Z,,,,,,
,,,,,,MXP,,,,,ORY,,,,2025-10-14T23:59:59Z,2025-05-15T09:00:00Z,destination=MXP&origin=ORY&endRange=2025-10-14T23:59:59Z&startRange=2025-05-15T09:00:00Z,,,,,,
,,,,,,NAP,,,,,AMS,,,,2025-10-14T23:59:59Z,2025-05-15T09:00:00Z,destination=NAP&origin=AMS&endRange=2025-10-14T23:59:59Z&startRange=2025-05-15T09:00:00Z,,,,,,
,,,,,,NAP,,,,,CDG,,,,2025-10-14T23:59:59Z,2025-05-15T09:00:00Z,destination=NAP&origin=CDG&endRange=2025-10-14T23:59:59Z&startRange=2025-05-15T09:00:00Z,,,,,,
,,,,,,NAP,,,,,FCO,,,,2025-10-14T23:59:59Z,2025-05-15T09:00:00Z,destination=NAP&origin=FCO&endRange=2025-10-14T23:59:59Z&startRange=2025-05-15T09:00:00Z,,,,,,
,,,,,,NAP,,,,,LIN,,,,2025-10-14T23:59:59Z,2025-05-15T09:00:00Z,destination=NAP&origin=LIN&endRange=2025-10-14T23:59:59Z&startRange=2025-05-15T09:00:00Z,,,,,,
,,,,,,NAP,,,,,ORY,,,,2025-10-14T23:59:59Z,2025-05-15T09:00:00Z,destination=NAP&origin=ORY&endRange=2025-10-14T23:59:59Z&startRange=2025-05-15T09:00:00Z,,,,,,
,,,,,,NCE,,,,,AJA,,,,2025-10-14T23:59:59Z,2025-05-15T09:00:00Z,destination=NCE&origin=AJA&endRange=2025-10-14T23:59:59Z&startRange=2025-05-15T09:00:00Z,,,,,,
,,,,,,NCE,,,,,AMS,,,,2025-10-14T23:59:59Z,2025-05-15T09:00:00Z,destination=NCE&origin=AMS&endRange=2025-10-14T23:59:59Z&startRange=2025-05-15T09:00:00Z,,,,,,
,,,,,,NCE,,,,,BIA,,,,2025-10-14T23:59:59Z,2025-05-15T09:00:00Z,destination=NCE&origin=BIA&endRange=2025-10-14T23:59:59Z&startRange=2025-05-15T09:00:00Z,,,,,,
,,,,,,NCE,,,,,CDG,,,,2025-10-14T23:59:59Z,2025-05-15T09:00:00Z,destination=NCE&origin=CDG&endRange=2025-10-14T23:59:59Z&startRange=2025-05-15T09:00:00Z,,,,,,
,,,,,,NCE,,,,,FCO,,,,2025-10-14T23:59:59Z,2025-05-15T09:00:00Z,destination=NCE&origin=FCO&endRange=2025-10-14T23:59:59Z&startRange=2025-05-15T09:00:00Z,,,,,,
,,,,,,NCE,,,,,FSC,,,,2025-10-14T23:59:59Z,2025-05-15T09:00:00Z,destination=NCE&origin=FSC&endRange=2025-10-14T23:59:59Z&startRange=2025-05-15T09:00:00Z,,,,,,
,,,,,,NCE,,,,,LHR,,,,2025-10-14T23:59:59Z,2025-05-15T09:00:00Z,destination=NCE&origin=LHR&endRange=2025-10-14T23:59:59Z&startRange=2025-05-15T09:00:00Z,,,,,,
,,,,,,NCE,,,,,LYS,,,,2025-10-14T23:59:59Z,2025-05-15T09:00:00Z,destination=NCE&origin=LYS&endRange=2025-10-14T23:59:59Z&startRange=2025-05-15T09:00:00Z,,,,,,
,,,,,,NCE,,,,,NCE,,,,2025-10-14T23:59:59Z,2025-05-15T09:00:00Z,destination=NCE&origin=NCE&endRange=2025-10-14T23:59:59Z&startRange=2025-05-15T09:00:00Z,,,,,,
,,,,,,NCE,,,,,ORY,,,,2025-10-14T23:59:59Z,2025-05-15T09:00:00Z,destination=NCE&origin=ORY&endRange=2025-10-14T23:59:59Z&startRange=2025-05-15T09:00:00Z,,,,,,
,,,,,,NCE,,,,,OTP,,,,2025-10-14T23:59:59Z,2025-05-15T09:00:00Z,destination=NCE&origin=OTP&endRange=2025-10-14T23:59:59Z&startRange=2025-05-15T09:00:00Z,,,,,,
,,,,,,NCL,,,,,AMS,,,,2025-10-14T23:59:59Z,2025-05-15T09:00:00Z,destination=NCL&origin=AMS&endRange=2025-10-14T23:59:59Z&startRange=2025-05-15T09:00:00Z,,,,,,
,,,,,,NCL,,,,,CDG,,,,2025-10-14T23:59:59Z,2025-05-15T09:00:00Z,destination=NCL&origin=CDG&endRange=2025-10-14T23:59:59Z&startRange=2025-05-15T09:00:00Z,,,,,,
,,,,,,NTE,,,,,ACE,,,,2025-10-14T23:59:59Z,2025-05-15T09:00:00Z,destination=NTE&origin=ACE&endRange=2025-10-14T23:59:59Z&startRange=2025-05-15T09:00:00Z,,,,,,
,,,,,,NTE,,,,,AMS,,,,2025-10-14T23:59:59Z,2025-05-15T09:00:00Z,destination=NTE&origin=AMS&endRange=2025-10-14T23:59:59Z&startRange=2025-05-15T09:00:00Z,,,,,,
,,,,,,NTE,,,,,CDG,,,,2025-10-14T23:59:59Z,2025-05-15T09:00:00Z,destination=NTE&origin=CDG&endRange=2025-10-14T23:59:59Z&startRange=2025-05-15T09:00:00Z,,,,,,
,,,,,,NTE,,,,,LYS,,,,2025-10-14T23:59:59Z,2025-05-15T09:00:00Z,destination=NTE&origin=LYS&endRange=2025-10-14T23:59:59Z&startRange=2025-05-15T09:00:00Z,,,,,,
,,,,,,NUE,,,,,AMS,,,,2025-10-14T23:59:59Z,2025-05-15T09:00:00Z,destination=NUE&origin=AMS&endRange=2025-10-14T23:59:59Z&startRange=2025-05-15T09:00:00Z,,,,,,
,,,,,,NUE,,,,,CDG,,,,2025-10-14T23:59:59Z,2025-05-15T09:00:00Z,destination=NUE&origin=CDG&endRange=2025-10-14T23:59:59Z&startRange=2025-05-15T09:00:00Z,,,,,,
,,,,,,NWI,,,,,AMS,,,,2025-10-14T23:59:59Z,2025-05-15T09:00:00Z,destination=NWI&origin=AMS&endRange=2025-10-14T23:59:59Z&startRange=2025-05-15T09:00:00Z,,,,,,
,,,,,,OHD,,,,,AMS,,,,2025-10-14T23:59:59Z,2025-05-15T09:00:00Z,destination=OHD&origin=AMS&endRange=2025-10-14T23:59:59Z&startRange=2025-05-15T09:00:00Z,,,,,,
,,,,,,OHD,,,,,BEG,,,,2025-10-14T23:59:59Z,2025-05-15T09:00:00Z,destination=OHD&origin=BEG&endRange=2025-10-14T23:59:59Z&startRange=2025-05-15T09:00:00Z,,,,,,
,,,,,,OLB,,,,,AMS,,,,2025-10-14T23:59:59Z,2025-05-15T09:00:00Z,destination=OLB&origin=AMS&endRange=2025-10-14T23:59:59Z&startRange=2025-05-15T09:00:00Z,,,,,,
,,,,,,OLB,,,,,CDG,,,,2025-10-14T23:59:59Z,2025-05-15T09:00:00Z,destination=OLB&origin=CDG&endRange=2025-10-14T23:59:59Z&startRange=2025-05-15T09:00:00Z,,,,,,
,,,,,,OLB,,,,,ORY,,,,2025-10-14T23:59:59Z,2025-05-15T09:00:00Z,destination=OLB&origin=ORY&endRange=2025-10-14T23:59:59Z&startRange=2025-05-15T09:00:00Z,,,,,,
,,,,,,OMR,,,,,OTP,,,,2025-10-14T23:59:59Z,2025-05-15T09:00:00Z,destination=OMR&origin=OTP&endRange=2025-10-14T23:59:59Z&startRange=2025-05-15T09:00:00Z,,,,,,
,,,,,,OPO,,,,,AMS,,,,2025-10-14T23:59:59Z,2025-05-15T09:00:00Z,destination=OPO&origin=AMS&endRange=2025-10-14T23:59:59Z&startRange=2025-05-15T09:00:00Z,,,,,,
,,,,,,OPO,,,,,CDG,,,,2025-10-14T23:59:59Z,2025-05-15T09:00:00Z,destination=OPO&origin=CDG&endRange=2025-10-14T23:59:59Z&startRange=2025-05-15T09:00:00Z,,,,,,
,,,,,,OPO,,,,,LYS,,,,2025-10-14T23:59:59Z,2025-05-15T09:00:00Z,destination=OPO&origin=LYS&endRange=2025-10-14T23:59:59Z&startRange=2025-05-15T09:00:00Z,,,,,,
,,,,,,OPO,,,,,MAD,,,,2025-10-14T23:59:59Z,2025-05-15T09:00:00Z,destination=OPO&origin=MAD&endRange=2025-10-14T23:59:59Z&startRange=2025-05-15T09:00:00Z,,,,,,
,,,,,,OPO,,,,,ORY,,,,2025-10-14T23:59:59Z,2025-05-15T09:00:00Z,destination=OPO&origin=ORY&endRange=2025-10-14T23:59:59Z&startRange=2025-05-15T09:00:00Z,,,,,,
,,,,,,ORK,,,,,AMS,,,,2025-10-14T23:59:59Z,2025-05-15T09:00:00Z,destination=ORK&origin=AMS&endRange=2025-10-14T23:59:59Z&startRange=2025-05-15T09:00:00Z,,,,,,
,,,,,,ORK,,,,,CDG,,,,2025-10-14T23:59:59Z,2025-05-15T09:00:00Z,destination=ORK&origin=CDG&endRange=2025-10-14T23:59:59Z&startRange=2025-05-15T09:00:00Z,,,,,,
,,,,,,ORY,,,,,ACE,,,,2025-10-14T23:59:59Z,2025-05-15T09:00:00Z,destination=ORY&origin=ACE&endRange=2025-10-14T23:59:59Z&startRange=2025-05-15T09:00:00Z,,,,,,
,,,,,,ORY,,,,,AGP,,,,2025-10-14T23:59:59Z,2025-05-15T09:00:00Z,destination=ORY&origin=AGP&endRange=2025-10-14T23:59:59Z&startRange=2025-05-15T09:00:00Z,,,,,,
,,,,,,ORY,,,,,AHO,,,,2025-10-14T23:59:59Z,2025-05-15T09:00:00Z,destination=ORY&origin=AHO&endRange=2025-10-14T23:59:59Z&startRange=2025-05-15T09:00:00Z,,,,,,
,,,,,,ORY,,,,,AJA,,,,2025-10-14T23:59:59Z,2025-05-15T09:00:00Z,destination=ORY&origin=AJA&endRange=2025-10-14T23:59:59Z&startRange=2025-05-15T09:00:00Z,,,,,,
,,,,,,ORY,,,,,ALC,,,,2025-10-14T23:59:59Z,2025-05-15T09:00:00Z,destination=ORY&origin=ALC&endRange=2025-10-14T23:59:59Z&startRange=2025-05-15T09:00:00Z,,,,,,
,,,,,,ORY,,,,,AMS,,,,2025-10-14T23:59:59Z,2025-05-15T09:00:00Z,destination=ORY&origin=AMS&endRange=2025-10-14T23:59:59Z&startRange=2025-05-15T09:00:00Z,,,,,,
,,,,,,ORY,,,,,AOI,,,,2025-10-14T23:59:59Z,2025-05-15T09:00:00Z,destination=ORY&origin=AOI&endRange=2025-10-14T23:59:59Z&startRange=2025-05-15T09:00:00Z,,,,,,
,,,,,,ORY,,,,,ARN,,,,2025-10-14T23:59:59Z,2025-05-15T09:00:00Z,destination=ORY&origin=ARN&endRange=2025-10-14T23:59:59Z&startRange=2025-05-15T09:00:00Z,,,,,,
,,,,,,ORY,,,,,ATH,,,,2025-10-14T23:59:59Z,2025-05-15T09:00:00Z,destination=ORY&origin=ATH&endRange=2025-10-14T23:59:59Z&startRange=2025-05-15T09:00:00Z,,,,,,
,,,,,,ORY,,,,,BCN,,,,2025-10-14T23:59:59Z,2025-05-15T09:00:00Z,destination=ORY&origin=BCN&endRange=2025-10-14T23:59:59Z&startRange=2025-05-15T09:00:00Z,,,,,,
,,,,,,ORY,,,,,BDS,,,,2025-10-14T23:59:59Z,2025-05-15T09:00:00Z,destination=ORY&origin=BDS&endRange=2025-10-14T23:59:59Z&startRange=2025-05-15T09:00:00Z,,,,,,
,,,,,,ORY,,,,,BER,,,,2025-10-14T23:59:59Z,2025-05-15T09:00:00Z,destination=ORY&origin=BER&endRange=2025-10-14T23:59:59Z&startRange=2025-05-15T09:00:00Z,,,,,,
,,,,,,ORY,,,,,BIA,,,,2025-10-14T23:59:59Z,2025-05-15T09:00:00Z,destination=ORY&origin=BIA&endRange=2025-10-14T23:59:59Z&startRange=2025-05-15T09:00:00Z,,,,,,
,,,,,,ORY,,,,,BIO,,,,2025-10-14T23:59:59Z,2025-05-15T09:00:00Z,destination=ORY&origin=BIO&endRange=2025-10-14T23:59:59Z&startRange=2025-05-15T09:00:00Z,,,,,,
,,,,,,ORY,,,,,BIQ,,,,2025-10-14T23:59:59Z,2025-05-15T09:00:00Z,destination=ORY&origin=BIQ&endRange=2025-10-14T23:59:59Z&startRange=2025-05-15T09:00:00Z,,,,,,
,,,,,,ORY,,,,,BRI,,,,2025-10-14T23:59:59Z,2025-05-15T09:00:00Z,destination=ORY&origin=BRI&endRange=2025-10-14T23:59:59Z&startRange=2025-05-15T09:00:00Z,,,,,,
,,,,,,ORY,,,,,BUD,,,,2025-10-14T23:59:59Z,2025-05-15T09:00:00Z,destination=ORY&origin=BUD&endRange=2025-10-14T23:59:59Z&startRange=2025-05-15T09:00:00Z,,,,,,
,,,,,,ORY,,,,,CAG,,,,2025-10-14T23:59:59Z,2025-05-15T09:00:00Z,destination=ORY&origin=CAG&endRange=2025-10-14T23:59:59Z&startRange=2025-05-15T09:00:00Z,,,,,,
,,,,,,ORY,,,,,CDG,,,,2025-10-14T23:59:59Z,2025-05-15T09:00:00Z,destination=ORY&origin=CDG&endRange=2025-10-14T23:59:59Z&startRange=2025-05-15T09:00:00Z,,,,,,
,,,,,,ORY,,,,,CFU,,,,2025-10-14T23:59:59Z,2025-05-15T09:00:00Z,destination=ORY&origin=CFU&endRange=2025-10-14T23:59:59Z&startRange=2025-05-15T09:00:00Z,,,,,,
,,,,,,ORY,,,,,CHQ,,,,2025-10-14T23:59:59Z,2025-05-15T09:00:00Z,destination=ORY&origin=CHQ&endRange=2025-10-14T23:59:59Z&startRange=2025-05-15T09:00:00Z,,,,,,
,,,,,,ORY,,,,,CPH,,,,2025-10-14T23:59:59Z,2025-05-15T09:00:00Z,destination=ORY&origin=CPH&endRange=2025-10-14T23:59:59Z&startRange=2025-05-15T09:00:00Z,,,,,,
,,,,,,ORY,,,,,CTA,,,,2025-10-14T23:59:59Z,2025-05-15T09:00:00Z,destination=ORY&origin=CTA&endRange=2025-10-14T23:59:59Z&startRange=2025-05-15T09:00:00Z,,,,,,
,,,,,,ORY,,,,,DBV,,,,2025-10-14T23:59:59Z,2025-05-15T09:00:00Z,destination=ORY&origin=DBV&endRange=2025-10-14T23:59:59Z&startRange=2025-05-15T09:00:00Z,,,,,,
,,,,,,ORY,,,,,DUB,,,,2025-10-14T23:59:59Z,2025-05-15T09:00:00Z,destination=ORY&origin=DUB&endRange=2025-10-14T23:59:59Z&startRange=2025-05-15T09:00:00Z,,,,,,
,,,,,,ORY,,,,,EDI,,,,2025-10-14T23:59:59Z,2025-05-15T09:00:00Z,destination=ORY&origin=EDI&endRange=2025-10-14T23:59:59Z&startRange=2025-05-15T09:00:00Z,,,,,,
,,,,,,ORY,,,,,EFL,,,,2025-10-14T23:59:59Z,2025-05-15T09:00:00Z,destination=ORY&origin=EFL&endRange=2025-10-14T23:59:59Z&startRange=2025-05-15T09:00:00Z,,,,,,
,,,,,,ORY,,,,,FAO,,,,2025-10-14T23:59:59Z,2025-05-15T09:00:00Z,destination=ORY&origin=FAO&endRange=2025-10-14T23:59:59Z&startRange=2025-05-15T09:00:00Z,,,,,,
,,,,,,ORY,,,,,FCO,,,,2025-10-14T23:59:59Z,2025-05-15T09:00:00Z,destination=ORY&origin=FCO&endRange=2025-10-14T23:59:59Z&startRange=2025-05-15T09:00:00Z,,,,,,
,,,,,,ORY,,,,,FLR,,,,2025-10-14T23:59:59Z,2025-05-15T09:00:00Z,destination=ORY&origin=FLR&endRange=2025-10-14T23:59:59Z&startRange=2025-05-15T09:00:00Z,,,,,,
,,,,,,ORY,,,,,FNC,,,,2025-10-14T23:59:59Z,2025-05-15T09:00:00Z,destination=ORY&origin=FNC&endRange=2025-10-14T23:59:59Z&startRange=2025-05-15T09:00:00Z,,,,,,
,,,,,,ORY,,,,,FSC,,,,2025-10-14T23:59:59Z,2025-05-15T09:00:00Z,destination=ORY&origin=FSC&endRange=2025-10-14T23:59:59Z&startRange=2025-05-15T09:00:00Z,,,,,,
,,,,,,ORY,,,,,FUE,,,,2025-10-14T23:59:59Z,2025-05-15T09:00:00Z,destination=ORY&origin=FUE&endRange=2025-10-14T23:59:59Z&startRange=2025-05-15T09:00:00Z,,,,,,
,,,,,,ORY,,,,,GOA,,,,2025-10-14T23:59:59Z,2025-05-15T09:00:00Z,destination=ORY&origin=GOA&endRange=2025-10-14T23:59:59Z&startRange=2025-05-15T09:00:00Z,,,,,,
,,,,,,ORY,,,,,GVA,,,,2025-10-14T23:59:59Z,2025-05-15T09:00:00Z,destination=ORY&origin=GVA&endRange=2025-10-14T23:59:59Z&startRange=2025-05-15T09:00:00Z,,,,,,
,,,,,,ORY,,,,,HER,,,,2025-10-14T23:59:59Z,2025-05-15T09:00:00Z,destination=ORY&origin=HER&endRange=2025-10-14T23:59:59Z&startRange=2025-05-15T09:00:00Z,,,,,,
,,,,,,ORY,,,,,IBZ,,,,2025-10-14T23:59:59Z,2025-05-15T09:00:00Z,destination=ORY&origin=IBZ&endRange=2025-10-14T23:59:59Z&startRange=2025-05-15T09:00:00Z,,,,,,
,,,,,,ORY,,,,,JMK,,,,2025-10-14T23:59:59Z,2025-05-15T09:00:00Z,destination=ORY&origin=JMK&endRange=2025-10-14T23:59:59Z&startRange=2025-05-15T09:00:00Z,,,,,,
,,,,,,ORY,,,,,JSI,,,,2025-10-14T23:59:59Z,2025-05-15T09:00:00Z,destination=ORY&origin=JSI&endRange=2025-10-14T23:59:59Z&startRange=2025-05-15T09:00:00Z,,,,,,
,,,,,,ORY,,,,,JTR,,,,2025-10-14T23:59:59Z,2025-05-15T09:00:00Z,destination=ORY&origin=JTR&endRange=2025-10-14T23:59:59Z&startRange=2025-05-15T09:00:00Z,,,,,,
,,,,,,ORY,,,,,KEF,,,,2025-10-14T23:59:59Z,2025-05-15T09:00:00Z,destination=ORY&origin=KEF&endRange=2025-10-14T23:59:59Z&startRange=2025-05-15T09:00:00Z,,,,,,
,,,,,,ORY,,,,,KGS,,,,2025-10-14T23:59:59Z,2025-05-15T09:00:00Z,destination=ORY&origin=KGS&endRange=2025-10-14T23:59:59Z&startRange=2025-05-15T09:00:00Z,,,,,,
,,,,,,ORY,,,,,KLX,,,,2025-10-14T23:59:59Z,2025-05-15T09:00:00Z,destination=ORY&origin=KLX&endRange=2025-10-14T23:59:59Z&startRange=2025-05-15T09:00:00Z,,,,,,
,,,,,,ORY,,,,,KRK,,,,2025-10-14T23:59:59Z,2025-05-15T09:00:00Z,destination=ORY&origin=KRK&endRange=2025-10-14T23:59:59Z&startRange=2025-05-15T09:00:00Z,,,,,,
,,,,,,ORY,,,,,LGW,,,,2025-10-14T23:59:59Z,2025-05-15T09:00:00Z,destination=ORY&origin=LGW&endRange=2025-10-14T23:59:59Z&startRange=2025-05-15T09:00:00Z,,,,,,
,,,,,,ORY,,,,,LHR,,,,2025-10-14T23:59:59Z,2025-05-15T09:00:00Z,destination=ORY&origin=LHR&endRange=2025-10-14T23:59:59Z&startRange=2025-05-15T09:00:00Z,,,,,,
,,,,,,ORY,,,,,LIN,,,,2025-10-14T23:59:59Z,2025-05-15T09:00:00Z,destination=ORY&origin=LIN&endRange=2025-10-14T23:59:59Z&startRange=2025-05-15T09:00:00Z,,,,,,
,,,,,,ORY,,,,,LIS,,,,2025-10-14T23:59:59Z,2025-05-15T09:00:00Z,destination=ORY&origin=LIS&endRange=2025-10-14T23:59:59Z&startRange=2025-05-15T09:00:00Z,,,,,,
,,,,,,ORY,,,,,LJU,,,,2025-10-14T23:59:59Z,2025-05-15T09:00:00Z,destination=ORY&origin=LJU&endRange=2025-10-14T23:59:59Z&startRange=2025-05-15T09:00:00Z,,,,,,
,,,,,,ORY,,,,,LPA,,,,2025-10-14T23:59:59Z,2025-05-15T09:00:00Z,destination=ORY&origin=LPA&endRange=2025-10-14T23:59:59Z&startRange=2025-05-15T09:00:00Z,,,,,,
,,,,,,ORY,,,,,MAD,,,,2025-10-14T23:59:59Z,2025-05-15T09:00:00Z,destination=ORY&origin=MAD&endRange=2025-10-14T23:59:59Z&startRange=2025-05-15T09:00:00Z,,,,,,
,,,,,,ORY,,,,,MAH,,,,2025-10-14T23:59:59Z,2025-05-15T09:00:00Z,destination=ORY&origin=MAH&endRange=2025-10-14T23:59:59Z&startRange=2025-05-15T09:00:00Z,,,,,,
,,,,,,ORY,,,,,MLA,,,,2025-10-14T23:59:59Z,2025-05-15T09:00:00Z,destination=ORY&origin=MLA&endRange=2025-10-14T23:59:59Z&startRange=2025-05-15T09:00:00Z,,,,,,
,,,,,,ORY,,,,,MRS,,,,2025-10-14T23:59:59Z,2025-05-15T09:00:00Z,destination=ORY&origin=MRS&endRange=2025-10-14T23:59:59Z&startRange=2025-05-15T09:00:00Z,,,,,,
,,,,,,ORY,,,,,MXP,,,,2025-10-14T23:59:59Z,2025-05-15T09:00:00Z,destination=ORY&origin=MXP&endRange=2025-10-14T23:59:59Z&startRange=2025-05-15T09:00:00Z,,,,,,
,,,,,,ORY,,,,,NAP,,,,2025-10-14T23:59:59Z,2025-05-15T09:00:00Z,destination=ORY&origin=NAP&endRange=2025-10-14T23:59:59Z&startRange=2025-05-15T09:00:00Z,,,,,,
,,,,,,ORY,,,,,NCE,,,,2025-10-14T23:59:59Z,2025-05-15T09:00:00Z,destination=ORY&origin=NCE&endRange=2025-10-14T23:59:59Z&startRange=2025-05-15T09:00:00Z,,,,,,
,,,,,,ORY,,,,,OLB,,,,2025-10-14T23:59:59Z,2025-05-15T09:00:00Z,destination=ORY&origin=OLB&endRange=2025-10-14T23:59:59Z&startRange=2025-05-15T09:00:00Z,,,,,,
,,,,,,ORY,,,,,OPO,,,,2025-10-14T23:59:59Z,2025-05-15T09:00:00Z,destination=ORY&origin=OPO&endRange=2025-10-14T23:59:59Z&startRange=2025-05-15T09:00:00Z,,,,,,
,,,,,,ORY,,,,,ORY,,,,2025-10-14T23:59:59Z,2025-05-15T09:00:00Z,destination=ORY&origin=ORY&endRange=2025-10-14T23:59:59Z&startRange=2025-05-15T09:00:00Z,,,,,,
,,,,,,ORY,,,,,OSL,,,,2025-10-14T23:59:59Z,2025-05-15T09:00:00Z,destination=ORY&origin=OSL&endRange=2025-10-14T23:59:59Z&startRange=2025-05-15T09:00:00Z,,,,,,
,,,,,,ORY,,,,,OVD,,,,2025-10-14T23:59:59Z,2025-05-15T09:00:00Z,destination=ORY&origin=OVD&endRange=2025-10-14T23:59:59Z&startRange=2025-05-15T09:00:00Z,,,,,,
,,,,,,ORY,,,,,PGF,,,,2025-10-14T23:59:59Z,2025-05-15T09:00:00Z,destination=ORY&origin=PGF&endRange=2025-10-14T23:59:59Z&startRange=2025-05-15T09:00:00Z,,,,,,
,,,,,,ORY,,,,,PMI,,,,2025-10-14T23:59:59Z,2025-05-15T09:00:00Z,destination=ORY&origin=PMI&endRange=2025-10-14T23:59:59Z&startRange=2025-05-15T09:00:00Z,,,,,,
,,,,,,ORY,,,,,PMO,,,,2025-10-14T23:59:59Z,2025-05-15T09:00:00Z,destination=ORY&origin=PMO&endRange=2025-10-14T23:59:59Z&startRange=2025-05-15T09:00:00Z,,,,,,
,,,,,,ORY,,,,,PRG,,,,2025-10-14T23:59:59Z,2025-05-15T09:00:00Z,destination=ORY&origin=PRG&endRange=2025-10-14T23:59:59Z&startRange=2025-05-15T09:00:00Z,,,,,,
,,,,,,ORY,,,,,PSA,,,,2025-10-14T23:59:59Z,2025-05-15T09:00:00Z,destination=ORY&origin=PSA&endRange=2025-10-14T23:59:59Z&startRange=2025-05-15T09:00:00Z,,,,,,
,,,,,,ORY,,,,,PUF,,,,2025-10-14T23:59:59Z,2025-05-15T09:00:00Z,destination=ORY&origin=PUF&endRange=2025-10-14T23:59:59Z&startRange=2025-05-15T09:00:00Z,,,,,,
,,,,,,ORY,,,,,PVK,,,,2025-10-14T23:59:59Z,2025-05-15T09:00:00Z,destination=ORY&origin=PVK&endRange=2025-10-14T23:59:59Z&startRange=2025-05-15T09:00:00Z,,,,,,
,,,,,,ORY,,,,,QSR,,,,2025-10-14T23:59:59Z,2025-05-15T09:00:00Z,destination=ORY&origin=QSR&endRange=2025-10-14T23:59:59Z&startRange=2025-05-15T09:00:00Z,,,,,,
,,,,,,ORY,,,,,RDZ,,,,2025-10-14T23:59:59Z,2025-05-15T09:00:00Z,destination=ORY&origin=RDZ&endRange=2025-10-14T23:59:59Z&startRange=2025-05-15T09:00:00Z,,,,,,
,,,,,,ORY,,,,,REU,,,,2025-10-14T23:59:59Z,2025-05-15T09:00:00Z,destination=ORY&origin=REU&endRange=2025-10-14T23:59:59Z&startRange=2025-05-15T09:00:00Z,,,,,,
,,,,,,ORY,,,,,RHO,,,,2025-10-14T23:59:59Z,2025-05-15T09:00:00Z,destination=ORY&origin=RHO&endRange=2025-10-14T23:59:59Z&startRange=2025-05-15T09:00:00Z,,,,,,
,,,,,,ORY,,,,,RMO,,,,2025-10-14T23:59:59Z,2025-05-15T09:00:00Z,destination=ORY&origin=RMO&endRange=2025-10-14T23:59:59Z&startRange=2025-05-15T09:00:00Z,,,,,,
,,,,,,ORY,,,,,SKG,,,,2025-10-14T23:59:59Z,2025-05-15T09:00:00Z,destination=ORY&origin=SKG&endRange=2025-10-14T23:59:59Z&startRange=2025-05-15T09:00:00Z,,,,,,
,,,,,,ORY,,,,,SKP,,,,2025-10-14T23:59:59Z,2025-05-15T09:00:00Z,destination=ORY&origin=SKP&endRange=2025-10-14T23:59:59Z&startRange=2025-05-15T09:00:00Z,,,,,,
,,,,,,ORY,,,,,SOF,,,,2025-10-14T23:59:59Z,2025-05-15T09:00:00Z,destination=ORY&origin=SOF&endRange=2025-10-14T23:59:59Z&startRange=2025-05-15T09:00:00Z,,,,,,
,,,,,,ORY,,,,,SOU,,,,2025-10-14T23:59:59Z,2025-05-15T09:00:00Z,destination=ORY&origin=SOU&endRange=2025-10-14T23:59:59Z&startRange=2025-05-15T09:00:00Z,,,,,,
,,,,,,ORY,,,,,SPU,,,,2025-10-14T23:59:59Z,2025-05-15T09:00:00Z,destination=ORY&origin=SPU&endRange=2025-10-14T23:59:59Z&startRange=2025-05-15T09:00:00Z,,,,,,
,,,,,,ORY,,,,,SUF,,,,2025-10-14T23:59:59Z,2025-05-15T09:00:00Z,destination=ORY&origin=SUF&endRange=2025-10-14T23:59:59Z&startRange=2025-05-15T09:00:00Z,,,,,,
,,,,,,ORY,,,,,SVQ,,,,2025-10-14T23:59:59Z,2025-05-15T09:00:00Z,destination=ORY&origin=SVQ&endRange=2025-10-14T23:59:59Z&startRange=2025-05-15T09:00:00Z,,,,,,
,,,,,,ORY,,,,,TFS,,,,2025-10-14T23:59:59Z,2025-05-15T09:00:00Z,destination=ORY&origin=TFS&endRange=2025-10-14T23:59:59Z&startRange=2025-05-15T09:00:00Z,,,,,,
,,,,,,ORY,,,,,TGD,,,,2025-10-14T23:59:59Z,2025-05-15T09:00:00Z,destination=ORY&origin=TGD&endRange=2025-10-14T23:59:59Z&startRange=2025-05-15T09:00:00Z,,,,,,
,,,,,,ORY,,,,,TIA,,,,2025-10-14T23:59:59Z,2025-05-15T09:00:00Z,destination=ORY&origin=TIA&endRange=2025-10-14T23:59:59Z&startRange=2025-05-15T09:00:00Z,,,,,,
,,,,,,ORY,,,,,TIV,,,,2025-10-14T23:59:59Z,2025-05-15T09:00:00Z,destination=ORY&origin=TIV&endRange=2025-10-14T23:59:59Z&startRange=2025-05-15T09:00:00Z,,,,,,
,,,,,,ORY,,,,,TLL,,,,2025-10-14T23:59:59Z,2025-05-15T09:00:00Z,destination=ORY&origin=TLL&endRange=2025-10-14T23:59:59Z&startRange=2025-05-15T09:00:00Z,,,,,,
,,,,,,ORY,,,,,TLN,,,,2025-10-14T23:59:59Z,2025-05-15T09:00:00Z,destination=ORY&origin=TLN&endRange=2025-10-14T23:59:59Z&startRange=2025-05-15T09:00:00Z,,,,,,
,,,,,,ORY,,,,,TLS,,,,2025-10-14T23:59:59Z,2025-05-15T09:00:00Z,destination=ORY&origin=TLS&endRange=2025-10-14T23:59:59Z&startRange=2025-05-15T09:00:00Z,,,,,,
,,,,,,ORY,,,,,TRN,,,,2025-10-14T23:59:59Z,2025-05-15T09:00:00Z,destination=ORY&origin=TRN&endRange=2025-10-14T23:59:59Z&startRange=2025-05-15T09:00:00Z,,,,,,
,,,,,,ORY,,,,,VAR,,,,2025-10-14T23:59:59Z,2025-05-15T09:00:00Z,destination=ORY&origin=VAR&endRange=2025-10-14T23:59:59Z&startRange=2025-05-15T09:00:00Z,,,,,,
,,,,,,ORY,,,,,VCE,,,,2025-10-14T23:59:59Z,2025-05-15T09:00:00Z,destination=ORY&origin=VCE&endRange=2025-10-14T23:59:59Z&startRange=2025-05-15T09:00:00Z,,,,,,
,,,,,,ORY,,,,,VIE,,,,2025-10-14T23:59:59Z,2025-05-15T09:00:00Z,destination=ORY&origin=VIE&endRange=2025-10-14T23:59:59Z&startRange=2025-05-15T09:00:00Z,,,,,,
,,,,,,ORY,,,,,VLC,,,,2025-10-14T23:59:59Z,2025-05-15T09:00:00Z,destination=ORY&origin=VLC&endRange=2025-10-14T23:59:59Z&startRange=2025-05-15T09:00:00Z,,,,,,
,,,,,,ORY,,,,,VOL,,,,2025-10-14T23:59:59Z,2025-05-15T09:00:00Z,destination=ORY&origin=VOL&endRange=2025-10-14T23:59:59Z&startRange=2025-05-15T09:00:00Z,,,,,,
,,,,,,ORY,,,,,VRN,,,,2025-10-14T23:59:59Z,2025-05-15T09:00:00Z,destination=ORY&origin=VRN&endRange=2025-10-14T23:59:59Z&startRange=2025-05-15T09:00:00Z,,,,,,
,,,,,,ORY,,,,,WAW,,,,2025-10-14T23:59:59Z,2025-05-15T09:00:00Z,destination=ORY&origin=WAW&endRange=2025-10-14T23:59:59Z&startRange=2025-05-15T09:00:00Z,,,,,,
,,,,,,ORY,,,,,ZTH,,,,2025-10-14T23:59:59Z,2025-05-15T09:00:00Z,destination=ORY&origin=ZTH&endRange=2025-10-14T23:59:59Z&startRange=2025-05-15T09:00:00Z,,,,,,
,,,,,,OSD,,,,,ARN,,,,2025-10-14T23:59:59Z,2025-05-15T09:00:00Z,destination=OSD&origin=ARN&endRange=2025-10-14T23:59:59Z&startRange=2025-05-15T09:00:00Z,,,,,,
,,,,,,OSL,,,,,AES,,,,2025-10-14T23:59:59Z,2025-05-15T09:00:00Z,destination=OSL&origin=AES&endRange=2025-10-14T23:59:59Z&startRange=2025-05-15T09:00:00Z,,,,,,
,,,,,,OSL,,,,,AMS,,,,2025-10-14T23:59:59Z,2025-05-15T09:00:00Z,destination=OSL&origin=AMS&endRange=2025-10-14T23:59:59Z&startRange=2025-05-15T09:00:00Z,,,,,,
,,,,,,OSL,,,,,ARN,,,,2025-10-14T23:59:59Z,2025-05-15T09:00:00Z,destination=OSL&origin=ARN&endRange=2025-10-14T23:59:59Z&startRange=2025-05-15T09:00:00Z,,,,,,
,,,,,,OSL,,,,,BGO,,,,2025-10-14T23:59:59Z,2025-05-15T09:00:00Z,destination=OSL&origin=BGO&endRange=2025-10-14T23:59:59Z&startRange=2025-05-15T09:00:00Z,,,,,,
,,,,,,OSL,,,,,BOO,,,,2025-10-14T23:59:59Z,2025-05-15T09:00:00Z,destination=OSL&origin=BOO&endRange=2025-10-14T23:59:59Z&startRange=2025-05-15T09:00:00Z,,,,,,
,,,,,,OSL,,,,,CDG,,,,2025-10-14T23:59:59Z,2025-05-15T09:00:00Z,destination=OSL&origin=CDG&endRange=2025-10-14T23:59:59Z&startRange=2025-05-15T09:00:00Z,,,,,,
,,,,,,OSL,,,,,HAU,,,,2025-10-14T23:59:59Z,2025-05-15T09:00:00Z,destination=OSL&origin=HAU&endRange=2025-10-14T23:59:59Z&startRange=2025-05-15T09:00:00Z,,,,,,
,,,,,,OSL,,,,,KEF,,,,2025-10-14T23:59:59Z,2025-05-15T09:00:00Z,destination=OSL&origin=KEF&endRange=2025-10-14T23:59:59Z&startRange=2025-05-15T09:00:00Z,,,,,,
,,,,,,OSL,,,,,KRS,,,,2025-10-14T23:59:59Z,2025-05-15T09:00:00Z,destination=OSL&origin=KRS&endRange=2025-10-14T23:59:59Z&startRange=2025-05-15T09:00:00Z,,,,,,
,,,,,,OSL,,,,,KSU,,,,2025-10-14T23:59:59Z,2025-05-15T09:00:00Z,destination=OSL&origin=KSU&endRange=2025-10-14T23:59:59Z&startRange=2025-05-15T09:00:00Z,,,,,,
,,,,,,OSL,,,,,ORY,,,,2025-10-14T23:59:59Z,2025-05-15T09:00:00Z,destination=OSL&origin=ORY&endRange=2025-10-14T23:59:59Z&startRange=2025-05-15T09:00:00Z,,,,,,
,,,,,,OSL,,,,,SVG,,,,2025-10-14T23:59:59Z,2025-05-15T09:00:00Z,destination=OSL&origin=SVG&endRange=2025-10-14T23:59:59Z&startRange=2025-05-15T09:00:00Z,,,,,,
,,,,,,OSL,,,,,TOS,,,,2025-10-14T23:59:59Z,2025-05-15T09:00:00Z,destination=OSL&origin=TOS&endRange=2025-10-14T23:59:59Z&startRange=2025-05-15T09:00:00Z,,,,,,
,,,,,,OSL,,,,,TRD,,,,2025-10-14T23:59:59Z,2025-05-15T09:00:00Z,destination=OSL&origin=TRD&endRange=2025-10-14T23:59:59Z&startRange=2025-05-15T09:00:00Z,,,,,,
,,,,,,OTP,,,,,AMS,,,,2025-10-14T23:59:59Z,2025-05-15T09:00:00Z,destination=OTP&origin=AMS&endRange=2025-10-14T23:59:59Z&startRange=2025-05-15T09:00:00Z,,,,,,
,,,,,,OTP,,,,,ATH,,,,2025-10-14T23:59:59Z,2025-05-15T09:00:00Z,destination=OTP&origin=ATH&endRange=2025-10-14T23:59:59Z&startRange=2025-05-15T09:00:00Z,,,,,,
,,,,,,OTP,,,,,BEG,,,,2025-10-14T23:59:59Z,2025-05-15T09:00:00Z,destination=OTP&origin=BEG&endRange=2025-10-14T23:59:59Z&startRange=2025-05-15T09:00:00Z,,,,,,
,,,,,,OTP,,,,,BUD,,,,2025-10-14T23:59:59Z,2025-05-15T09:00:00Z,destination=OTP&origin=BUD&endRange=2025-10-14T23:59:59Z&startRange=2025-05-15T09:00:00Z,,,,,,
,,,,,,OTP,,,,,CDG,,,,2025-10-14T23:59:59Z,2025-05-15T09:00:00Z,destination=OTP&origin=CDG&endRange=2025-10-14T23:59:59Z&startRange=2025-05-15T09:00:00Z,,,,,,
,,,,,,OTP,,,,,CLJ,,,,2025-10-14T23:59:59Z,2025-05-15T09:00:00Z,destination=OTP&origin=CLJ&endRange=2025-10-14T23:59:59Z&startRange=2025-05-15T09:00:00Z,,,,,,
,,,,,,OTP,,,,,IAS,,,,2025-10-14T23:59:59Z,2025-05-15T09:00:00Z,destination=OTP&origin=IAS&endRange=2025-10-14T23:59:59Z&startRange=2025-05-15T09:00:00Z,,,,,,
,,,,,,OTP,,,,,NCE,,,,2025-10-14T23:59:59Z,2025-05-15T09:00:00Z,destination=OTP&origin=NCE&endRange=2025-10-14T23:59:59Z&startRange=2025-05-15T09:00:00Z,,,,,,
,,,,,,OTP,,,,,OMR,,,,2025-10-14T23:59:59Z,2025-05-15T09:00:00Z,destination=OTP&origin=OMR&endRange=2025-10-14T23:59:59Z&startRange=2025-05-15T09:00:00Z,,,,,,
,,,,,,OTP,,,,,RMO,,,,2025-10-14T23:59:59Z,2025-05-15T09:00:00Z,destination=OTP&origin=RMO&endRange=2025-10-14T23:59:59Z&startRange=2025-05-15T09:00:00Z,,,,,,
,,,,,,OTP,,,,,SCV,,,,2025-10-14T23:59:59Z,2025-05-15T09:00:00Z,destination=OTP&origin=SCV&endRange=2025-10-14T23:59:59Z&startRange=2025-05-15T09:00:00Z,,,,,,
,,,,,,OTP,,,,,SKG,,,,2025-10-14T23:59:59Z,2025-05-15T09:00:00Z,destination=OTP&origin=SKG&endRange=2025-10-14T23:59:59Z&startRange=2025-05-15T09:00:00Z,,,,,,
,,,,,,OTP,,,,,SOF,,,,2025-10-14T23:59:59Z,2025-05-15T09:00:00Z,destination=OTP&origin=SOF&endRange=2025-10-14T23:59:59Z&startRange=2025-05-15T09:00:00Z,,,,,,
,,,,,,OTP,,,,,SUJ,,,,2025-10-14T23:59:59Z,2025-05-15T09:00:00Z,destination=OTP&origin=SUJ&endRange=2025-10-14T23:59:59Z&startRange=2025-05-15T09:00:00Z,,,,,,
,,,,,,OTP,,,,,TSR,,,,2025-10-14T23:59:59Z,2025-05-15T09:00:00Z,destination=OTP&origin=TSR&endRange=2025-10-14T23:59:59Z&startRange=2025-05-15T09:00:00Z,,,,,,
,,,,,,OUL,,,,,HEL,,,,2025-10-14T23:59:59Z,2025-05-15T09:00:00Z,destination=OUL&origin=HEL&endRange=2025-10-14T23:59:59Z&startRange=2025-05-15T09:00:00Z,,,,,,
,,,,,,OVB,,,,,AER,,,,2025-10-14T23:59:59Z,2025-05-15T09:00:00Z,destination=OVB&origin=AER&endRange=2025-10-14T23:59:59Z&startRange=2025-05-15T09:00:00Z,,,,,,
,,,,,,OVD,,,,,AMS,,,,2025-10-14T23:59:59Z,2025-05-15T09:00:00Z,destination=OVD&origin=AMS&endRange=2025-10-14T23:59:59Z&startRange=2025-05-15T09:00:00Z,,,,,,
,,,,,,OVD,,,,,ORY,,,,2025-10-14T23:59:59Z,2025-05-15T09:00:00Z,destination=OVD&origin=ORY&endRange=2025-10-14T23:59:59Z&startRange=2025-05-15T09:00:00Z,,,,,,
,,,,,,PDL,,,,,AMS,,,,2025-10-14T23:59:59Z,2025-05-15T09:00:00Z,destination=PDL&origin=AMS&endRange=2025-10-14T23:59:59Z&startRange=2025-05-15T09:00:00Z,,,,,,
,,,,,,PDL,,,,,CDG,,,,2025-10-14T23:59:59Z,2025-05-15T09:00:00Z,destination=PDL&origin=CDG&endRange=2025-10-14T23:59:59Z&startRange=2025-05-15T09:00:00Z,,,,,,
,,,,,,PGF,,,,,ORY,,,,2025-10-14T23:59:59Z,2025-05-15T09:00:00Z,destination=PGF&origin=ORY&endRange=2025-10-14T23:59:59Z&startRange=2025-05-15T09:00:00Z,,,,,,
,,,,,,PLQ,,,,,AMS,,,,2025-10-14T23:59:59Z,2025-05-15T09:00:00Z,destination=PLQ&origin=AMS&endRange=2025-10-14T23:59:59Z&startRange=2025-05-15T09:00:00Z,,,,,,
,,,,,,PLQ,,,,,CPH,,,,2025-10-14T23:59:59Z,2025-05-15T09:00:00Z,destination=PLQ&origin=CPH&endRange=2025-10-14T23:59:59Z&startRange=2025-05-15T09:00:00Z,,,,,,
,,,,,,PLQ,,,,,RIX,,,,2025-10-14T23:59:59Z,2025-05-15T09:00:00Z,destination=PLQ&origin=RIX&endRange=2025-10-14T23:59:59Z&startRange=2025-05-15T09:00:00Z,,,,,,
,,,,,,PMI,,,,,AMS,,,,2025-10-14T23:59:59Z,2025-05-15T09:00:00Z,destination=PMI&origin=AMS&endRange=2025-10-14T23:59:59Z&startRange=2025-05-15T09:00:00Z,,,,,,
,,,,,,PMI,,,,,BCN,,,,2025-10-14T23:59:59Z,2025-05-15T09:00:00Z,destination=PMI&origin=BCN&endRange=2025-10-14T23:59:59Z&startRange=2025-05-15T09:00:00Z,,,,,,
,,,,,,PMI,,,,,CDG,,,,2025-10-14T23:59:59Z,2025-05-15T09:00:00Z,destination=PMI&origin=CDG&endRange=2025-10-14T23:59:59Z&startRange=2025-05-15T09:00:00Z,,,,,,
,,,,,,PMI,,,,,FCO,,,,2025-10-14T23:59:59Z,2025-05-15T09:00:00Z,destination=PMI&origin=FCO&endRange=2025-10-14T23:59:59Z&startRange=2025-05-15T09:00:00Z,,,,,,
,,,,,,PMI,,,,,LIN,,,,2025-10-14T23:59:59Z,2025-05-15T09:00:00Z,destination=PMI&origin=LIN&endRange=2025-10-14T23:59:59Z&startRange=2025-05-15T09:00:00Z,,,,,,
,,,,,,PMI,,,,,LYS,,,,2025-10-14T23:59:59Z,2025-05-15T09:00:00Z,destination=PMI&origin=LYS&endRange=2025-10-14T23:59:59Z&startRange=2025-05-15T09:00:00Z,,,,,,
,,,,,,PMI,,,,,MAD,,,,2025-10-14T23:59:59Z,2025-05-15T09:00:00Z,destination=PMI&origin=MAD&endRange=2025-10-14T23:59:59Z&startRange=2025-05-15T09:00:00Z,,,,,,
,,,,,,PMI,,,,,ORY,,,,2025-10-14T23:59:59Z,2025-05-15T09:00:00Z,destination=PMI&origin=ORY&endRange=2025-10-14T23:59:59Z&startRange=2025-05-15T09:00:00Z,,,,,,
,,,,,,PMO,,,,,AMS,,,,2025-10-14T23:59:59Z,2025-05-15T09:00:00Z,destination=PMO&origin=AMS&endRange=2025-10-14T23:59:59Z&startRange=2025-05-15T09:00:00Z,,,,,,
,,,,,,PMO,,,,,CDG,,,,2025-10-14T23:59:59Z,2025-05-15T09:00:00Z,destination=PMO&origin=CDG&endRange=2025-10-14T23:59:59Z&startRange=2025-05-15T09:00:00Z,,,,,,
,,,,,,PMO,,,,,FCO,,,,2025-10-14T23:59:59Z,2025-05-15T09:00:00Z,destination=PMO&origin=FCO&endRange=2025-10-14T23:59:59Z&startRange=2025-05-15T09:00:00Z,,,,,,
,,,,,,PMO,,,,,LIN,,,,2025-10-14T23:59:59Z,2025-05-15T09:00:00Z,destination=PMO&origin=LIN&endRange=2025-10-14T23:59:59Z&startRange=2025-05-15T09:00:00Z,,,,,,
,,,,,,PMO,,,,,LYS,,,,2025-10-14T23:59:59Z,2025-05-15T09:00:00Z,destination=PMO&origin=LYS&endRange=2025-10-14T23:59:59Z&startRange=2025-05-15T09:00:00Z,,,,,,
,,,,,,PMO,,,,,ORY,,,,2025-10-14T23:59:59Z,2025-05-15T09:00:00Z,destination=PMO&origin=ORY&endRange=2025-10-14T23:59:59Z&startRange=2025-05-15T09:00:00Z,,,,,,
,,,,,,POZ,,,,,AMS,,,,2025-10-14T23:59:59Z,2025-05-15T09:00:00Z,destination=POZ&origin=AMS&endRange=2025-10-14T23:59:59Z&startRange=2025-05-15T09:00:00Z,,,,,,
,,,,,,PRG,,,,,AMS,,,,2025-10-14T23:59:59Z,2025-05-15T09:00:00Z,destination=PRG&origin=AMS&endRange=2025-10-14T23:59:59Z&startRange=2025-05-15T09:00:00Z,,,,,,
,,,,,,PRG,,,,,CDG,,,,2025-10-14T23:59:59Z,2025-05-15T09:00:00Z,destination=PRG&origin=CDG&endRange=2025-10-14T23:59:59Z&startRange=2025-05-15T09:00:00Z,,,,,,
,,,,,,PRG,,,,,ORY,,,,2025-10-14T23:59:59Z,2025-05-15T09:00:00Z,destination=PRG&origin=ORY&endRange=2025-10-14T23:59:59Z&startRange=2025-05-15T09:00:00Z,,,,,,
,,,,,,PRN,,,,,CDG,,,,2025-10-14T23:59:59Z,2025-05-15T09:00:00Z,destination=PRN&origin=CDG&endRange=2025-10-14T23:59:59Z&startRange=2025-05-15T09:00:00Z,,,,,,
,,,,,,PSA,,,,,AMS,,,,2025-10-14T23:59:59Z,2025-05-15T09:00:00Z,destination=PSA&origin=AMS&endRange=2025-10-14T23:59:59Z&startRange=2025-05-15T09:00:00Z,,,,,,
,,,,,,PSA,,,,,ORY,,,,2025-10-14T23:59:59Z,2025-05-15T09:00:00Z,destination=PSA&origin=ORY&endRange=2025-10-14T23:59:59Z&startRange=2025-05-15T09:00:00Z,,,,,,
,,,,,,PUF,,,,,AJA,,,,2025-10-14T23:59:59Z,2025-05-15T09:00:00Z,destination=PUF&origin=AJA&endRange=2025-10-14T23:59:59Z&startRange=2025-05-15T09:00:00Z,,,,,,
,,,,,,PUF,,,,,CDG,,,,2025-10-14T23:59:59Z,2025-05-15T09:00:00Z,destination=PUF&origin=CDG&endRange=2025-10-14T23:59:59Z&startRange=2025-05-15T09:00:00Z,,,,,,
,,,,,,PUF,,,,,ORY,,,,2025-10-14T23:59:59Z,2025-05-15T09:00:00Z,destination=PUF&origin=ORY&endRange=2025-10-14T23:59:59Z&startRange=2025-05-15T09:00:00Z,,,,,,
,,,,,,PUY,,,,,AMS,,,,2025-10-14T23:59:59Z,2025-05-15T09:00:00Z,destination=PUY&origin=AMS&endRange=2025-10-14T23:59:59Z&startRange=2025-05-15T09:00:00Z,,,,,,
,,,,,,PVK,,,,,AMS,,,,2025-10-14T23:59:59Z,2025-05-15T09:00:00Z,destination=PVK&origin=AMS&endRange=2025-10-14T23:59:59Z&startRange=2025-05-15T09:00:00Z,,,,,,
,,,,,,PVK,,,,,ORY,,,,2025-10-14T23:59:59Z,2025-05-15T09:00:00Z,destination=PVK&origin=ORY&endRange=2025-10-14T23:59:59Z&startRange=2025-05-15T09:00:00Z,,,,,,
,,,,,,QSR,,,,,ORY,,,,2025-10-14T23:59:59Z,2025-05-15T09:00:00Z,destination=QSR&origin=ORY&endRange=2025-10-14T23:59:59Z&startRange=2025-05-15T09:00:00Z,,,,,,
,,,,,,RDZ,,,,,ORY,,,,2025-10-14T23:59:59Z,2025-05-15T09:00:00Z,destination=RDZ&origin=ORY&endRange=2025-10-14T23:59:59Z&startRange=2025-05-15T09:00:00Z,,,,,,
,,,,,,REU,,,,,ORY,,,,2025-10-14T23:59:59Z,2025-05-15T09:00:00Z,destination=REU&origin=ORY&endRange=2025-10-14T23:59:59Z&startRange=2025-05-15T09:00:00Z,,,,,,
,,,,,,RHO,,,,,AMS,,,,2025-10-14T23:59:59Z,2025-05-15T09:00:00Z,destination=RHO&origin=AMS&endRange=2025-10-14T23:59:59Z&startRange=2025-05-15T09:00:00Z,,,,,,
,,,,,,RHO,,,,,CDG,,,,2025-10-14T23:59:59Z,2025-05-15T09:00:00Z,destination=RHO&origin=CDG&endRange=2025-10-14T23:59:59Z&startRange=2025-05-15T09:00:00Z,,,,,,
,,,,,,RHO,,,,,FCO,,,,2025-10-14T23:59:59Z,2025-05-15T09:00:00Z,destination=RHO&origin=FCO&endRange=2025-10-14T23:59:59Z&startRange=2025-05-15T09:00:00Z,,,,,,
,,,,,,RHO,,,,,LYS,,,,2025-10-14T23:59:59Z,2025-05-15T09:00:00Z,destination=RHO&origin=LYS&endRange=2025-10-14T23:59:59Z&startRange=2025-05-15T09:00:00Z,,,,,,
,,,,,,RHO,,,,,ORY,,,,2025-10-14T23:59:59Z,2025-05-15T09:00:00Z,destination=RHO&origin=ORY&endRange=2025-10-14T23:59:59Z&startRange=2025-05-15T09:00:00Z,,,,,,
,,,,,,RIX,,,,,AMS,,,,2025-10-14T23:59:59Z,2025-05-15T09:00:00Z,destination=RIX&origin=AMS&endRange=2025-10-14T23:59:59Z&startRange=2025-05-15T09:00:00Z,,,,,,
,,,,,,RIX,,,,,CDG,,,,2025-10-14T23:59:59Z,2025-05-15T09:00:00Z,destination=RIX&origin=CDG&endRange=2025-10-14T23:59:59Z&startRange=2025-05-15T09:00:00Z,,,,,,
,,,,,,RIX,,,,,HEL,,,,2025-10-14T23:59:59Z,2025-05-15T09:00:00Z,destination=RIX&origin=HEL&endRange=2025-10-14T23:59:59Z&startRange=2025-05-15T09:00:00Z,,,,,,
,,,,,,RIX,,,,,PLQ,,,,2025-10-14T23:59:59Z,2025-05-15T09:00:00Z,destination=RIX&origin=PLQ&endRange=2025-10-14T23:59:59Z&startRange=2025-05-15T09:00:00Z,,,,,,
,,,,,,RIX,,,,,TLL,,,,2025-10-14T23:59:59Z,2025-05-15T09:00:00Z,destination=RIX&origin=TLL&endRange=2025-10-14T23:59:59Z&startRange=2025-05-15T09:00:00Z,,,,,,
,,,,,,RIX,,,,,TMP,,,,2025-10-14T23:59:59Z,2025-05-15T09:00:00Z,destination=RIX&origin=TMP&endRange=2025-10-14T23:59:59Z&startRange=2025-05-15T09:00:00Z,,,,,,
,,,,,,RIX,,,,,VNO,,,,2025-10-14T23:59:59Z,2025-05-15T09:00:00Z,destination=RIX&origin=VNO&endRange=2025-10-14T23:59:59Z&startRange=2025-05-15T09:00:00Z,,,,,,
,,,,,,RMO,,,,,AMS,,,,2025-10-14T23:59:59Z,2025-05-15T09:00:00Z,destination=RMO&origin=AMS&endRange=2025-10-14T23:59:59Z&startRange=2025-05-15T09:00:00Z,,,,,,
,,,,,,RMO,,,,,CDG,,,,2025-10-14T23:59:59Z,2025-05-15T09:00:00Z,destination=RMO&origin=CDG&endRange=2025-10-14T23:59:59Z&startRange=2025-05-15T09:00:00Z,,,,,,
,,,,,,RMO,,,,,ORY,,,,2025-10-14T23:59:59Z,2025-05-15T09:00:00Z,destination=RMO&origin=ORY&endRange=2025-10-14T23:59:59Z&startRange=2025-05-15T09:00:00Z,,,,,,
,,,,,,RMO,,,,,OTP,,,,2025-10-14T23:59:59Z,2025-05-15T09:00:00Z,destination=RMO&origin=OTP&endRange=2025-10-14T23:59:59Z&startRange=2025-05-15T09:00:00Z,,,,,,
,,,,,,RVN,,,,,HEL,,,,2025-10-14T23:59:59Z,2025-05-15T09:00:00Z,destination=RVN&origin=HEL&endRange=2025-10-14T23:59:59Z&startRange=2025-05-15T09:00:00Z,,,,,,
,,,,,,SCQ,,,,,AMS,,,,2025-10-14T23:59:59Z,2025-05-15T09:00:00Z,destination=SCQ&origin=AMS&endRange=2025-10-14T23:59:59Z&startRange=2025-05-15T09:00:00Z,,,,,,
,,,,,,SCQ,,,,,CDG,,,,2025-10-14T23:59:59Z,2025-05-15T09:00:00Z,destination=SCQ&origin=CDG&endRange=2025-10-14T23:59:59Z&startRange=2025-05-15T09:00:00Z,,,,,,
,,,,,,SCV,,,,,OTP,,,,2025-10-14T23:59:59Z,2025-05-15T09:00:00Z,destination=SCV&origin=OTP&endRange=2025-10-14T23:59:59Z&startRange=2025-05-15T09:00:00Z,,,,,,
,,,,,,SDL,,,,,ARN,,,,2025-10-14T23:59:59Z,2025-05-15T09:00:00Z,destination=SDL&origin=ARN&endRange=2025-10-14T23:59:59Z&startRange=2025-05-15T09:00:00Z,,,,,,
,,,,,,SEN,,,,,AMS,,,,2025-10-14T23:59:59Z,2025-05-15T09:00:00Z,destination=SEN&origin=AMS&endRange=2025-10-14T23:59:59Z&startRange=2025-05-15T09:00:00Z,,,,,,
,,,,,,SEN,,,,,CDG,,,,2025-10-14T23:59:59Z,2025-05-15T09:00:00Z,destination=SEN&origin=CDG&endRange=2025-10-14T23:59:59Z&startRange=2025-05-15T09:00:00Z,,,,,,
,,,,,,SJJ,,,,,BEG,,,,2025-10-14T23:59:59Z,2025-05-15T09:00:00Z,destination=SJJ&origin=BEG&endRange=2025-10-14T23:59:59Z&startRange=2025-05-15T09:00:00Z,,,,,,
,,,,,,SKG,,,,,AMS,,,,2025-10-14T23:59:59Z,2025-05-15T09:00:00Z,destination=SKG&origin=AMS&endRange=2025-10-14T23:59:59Z&startRange=2025-05-15T09:00:00Z,,,,,,
,,,,,,SKG,,,,,BEG,,,,2025-10-14T23:59:59Z,2025-05-15T09:00:00Z,destination=SKG&origin=BEG&endRange=2025-10-14T23:59:59Z&startRange=2025-05-15T09:00:00Z,,,,,,
,,,,,,SKG,,,,,CDG,,,,2025-10-14T23:59:59Z,2025-05-15T09:00:00Z,destination=SKG&origin=CDG&endRange=2025-10-14T23:59:59Z&startRange=2025-05-15T09:00:00Z,,,,,,
,,,,,,SKG,,,,,ORY,,,,2025-10-14T23:59:59Z,2025-05-15T09:00:00Z,destination=SKG&origin=ORY&endRange=2025-10-14T23:59:59Z&startRange=2025-05-15T09:00:00Z,,,,,,
,,,,,,SKG,,,,,OTP,,,,2025-10-14T23:59:59Z,2025-05-15T09:00:00Z,destination=SKG&origin=OTP&endRange=2025-10-14T23:59:59Z&startRange=2025-05-15T09:00:00Z,,,,,,
,,,,,,SKP,,,,,AMS,,,,2025-10-14T23:59:59Z,2025-05-15T09:00:00Z,destination=SKP&origin=AMS&endRange=2025-10-14T23:59:59Z&startRange=2025-05-15T09:00:00Z,,,,,,
,,,,,,SKP,,,,,BEG,,,,2025-10-14T23:59:59Z,2025-05-15T09:00:00Z,destination=SKP&origin=BEG&endRange=2025-10-14T23:59:59Z&startRange=2025-05-15T09:00:00Z,,,,,,
,,,,,,SKP,,,,,ORY,,,,2025-10-14T23:59:59Z,2025-05-15T09:00:00Z,destination=SKP&origin=ORY&endRange=2025-10-14T23:59:59Z&startRange=2025-05-15T09:00:00Z,,,,,,
,,,,,,SMI,,,,,AMS,,,,2025-10-14T23:59:59Z,2025-05-15T09:00:00Z,destination=SMI&origin=AMS&endRange=2025-10-14T23:59:59Z&startRange=2025-05-15T09:00:00Z,,,,,,
,,,,,,SNN,,,,,CDG,,,,2025-10-14T23:59:59Z,2025-05-15T09:00:00Z,destination=SNN&origin=CDG&endRange=2025-10-14T23:59:59Z&startRange=2025-05-15T09:00:00Z,,,,,,
,,,,,,SOF,,,,,AMS,,,,2025-10-14T23:59:59Z,2025-05-15T09:00:00Z,destination=SOF&origin=AMS&endRange=2025-10-14T23:59:59Z&startRange=2025-05-15T09:00:00Z,,,,,,
,,,,,,SOF,,,,,BEG,,,,2025-10-14T23:59:59Z,2025-05-15T09:00:00Z,destination=SOF&origin=BEG&endRange=2025-10-14T23:59:59Z&startRange=2025-05-15T09:00:00Z,,,,,,
,,,,,,SOF,,,,,BOJ,,,,2025-10-14T23:59:59Z,2025-05-15T09:00:00Z,destination=SOF&origin=BOJ&endRange=2025-10-14T23:59:59Z&startRange=2025-05-15T09:00:00Z,,,,,,
,,,,,,SOF,,,,,CDG,,,,2025-10-14T23:59:59Z,2025-05-15T09:00:00Z,destination=SOF&origin=CDG&endRange=2025-10-14T23:59:59Z&startRange=2025-05-15T09:00:00Z,,,,,,
,,,,,,SOF,,,,,ORY,,,,2025-10-14T23:59:59Z,2025-05-15T09:00:00Z,destination=SOF&origin=ORY&endRange=2025-10-14T23:59:59Z&startRange=2025-05-15T09:00:00Z,,,,,,
,,,,,,SOF,,,,,OTP,,,,2025-10-14T23:59:59Z,2025-05-15T09:00:00Z,destination=SOF&origin=OTP&endRange=2025-10-14T23:59:59Z&startRange=2025-05-15T09:00:00Z,,,,,,
,,,,,,SOF,,,,,VAR,,,,2025-10-14T23:59:59Z,2025-05-15T09:00:00Z,destination=SOF&origin=VAR&endRange=2025-10-14T23:59:59Z&startRange=2025-05-15T09:00:00Z,,,,,,
,,,,,,SOU,,,,,AMS,,,,2025-10-14T23:59:59Z,2025-05-15T09:00:00Z,destination=SOU&origin=AMS&endRange=2025-10-14T23:59:59Z&startRange=2025-05-15T09:00:00Z,,,,,,
,,,,,,SOU,,,,,ORY,,,,2025-10-14T23:59:59Z,2025-05-15T09:00:00Z,destination=SOU&origin=ORY&endRange=2025-10-14T23:59:59Z&startRange=2025-05-15T09:00:00Z,,,,,,
,,,,,,SPC,,,,,AMS,,,,2025-10-14T23:59:59Z,2025-05-15T09:00:00Z,destination=SPC&origin=AMS&endRange=2025-10-14T23:59:59Z&startRange=2025-05-15T09:00:00Z,,,,,,
,,,,,,SPU,,,,,AMS,,,,2025-10-14T23:59:59Z,2025-05-15T09:00:00Z,destination=SPU&origin=AMS&endRange=2025-10-14T23:59:59Z&startRange=2025-05-15T09:00:00Z,,,,,,
,,,,,,SPU,,,,,CDG,,,,2025-10-14T23:59:59Z,2025-05-15T09:00:00Z,destination=SPU&origin=CDG&endRange=2025-10-14T23:59:59Z&startRange=2025-05-15T09:00:00Z,,,,,,
,,,,,,SPU,,,,,ORY,,,,2025-10-14T23:59:59Z,2025-05-15T09:00:00Z,destination=SPU&origin=ORY&endRange=2025-10-14T23:59:59Z&startRange=2025-05-15T09:00:00Z,,,,,,
,,,,,,STN,,,,,AMS,,,,2025-10-14T23:59:59Z,2025-05-15T09:00:00Z,destination=STN&origin=AMS&endRange=2025-10-14T23:59:59Z&startRange=2025-05-15T09:00:00Z,,,,,,
,,,,,,STR,,,,,AMS,,,,2025-10-14T23:59:59Z,2025-05-15T09:00:00Z,destination=STR&origin=AMS&endRange=2025-10-14T23:59:59Z&startRange=2025-05-15T09:00:00Z,,,,,,
,,,,,,STR,,,,,CDG,,,,2025-10-14T23:59:59Z,2025-05-15T09:00:00Z,destination=STR&origin=CDG&endRange=2025-10-14T23:59:59Z&startRange=2025-05-15T09:00:00Z,,,,,,
,,,,,,SUF,,,,,FCO,,,,2025-10-14T23:59:59Z,2025-05-15T09:00:00Z,destination=SUF&origin=FCO&endRange=2025-10-14T23:59:59Z&startRange=2025-05-15T09:00:00Z,,,,,,
,,,,,,SUF,,,,,LIN,,,,2025-10-14T23:59:59Z,2025-05-15T09:00:00Z,destination=SUF&origin=LIN&endRange=2025-10-14T23:59:59Z&startRange=2025-05-15T09:00:00Z,,,,,,
,,,,,,SUF,,,,,ORY,,,,2025-10-14T23:59:59Z,2025-05-15T09:00:00Z,destination=SUF&origin=ORY&endRange=2025-10-14T23:59:59Z&startRange=2025-05-15T09:00:00Z,,,,,,
,,,,,,SVG,,,,,AMS,,,,2025-10-14T23:59:59Z,2025-05-15T09:00:00Z,destination=SVG&origin=AMS&endRange=2025-10-14T23:59:59Z&startRange=2025-05-15T09:00:00Z,,,,,,
,,,,,,SVG,,,,,BGO,,,,2025-10-14T23:59:59Z,2025-05-15T09:00:00Z,destination=SVG&origin=BGO&endRange=2025-10-14T23:59:59Z&startRange=2025-05-15T09:00:00Z,,,,,,
,,,,,,SVG,,,,,CDG,,,,2025-10-14T23:59:59Z,2025-05-15T09:00:00Z,destination=SVG&origin=CDG&endRange=2025-10-14T23:59:59Z&startRange=2025-05-15T09:00:00Z,,,,,,
,,,,,,SVG,,,,,CPH,,,,2025-10-14T23:59:59Z,2025-05-15T09:00:00Z,destination=SVG&origin=CPH&endRange=2025-10-14T23:59:59Z&startRange=2025-05-15T09:00:00Z,,,,,,
,,,,,,SVG,,,,,OSL,,,,2025-10-14T23:59:59Z,2025-05-15T09:00:00Z,destination=SVG&origin=OSL&endRange=2025-10-14T23:59:59Z&startRange=2025-05-15T09:00:00Z,,,,,,
,,,,,,SVG,,,,,TRF,,,,2025-10-14T23:59:59Z,2025-05-15T09:00:00Z,destination=SVG&origin=TRF&endRange=2025-10-14T23:59:59Z&startRange=2025-05-15T09:00:00Z,,,,,,
,,,,,,SVO,,,,,KUF,,,,2025-10-14T23:59:59Z,2025-05-15T09:00:00Z,destination=SVO&origin=KUF&endRange=2025-10-14T23:59:59Z&startRange=2025-05-15T09:00:00Z,,,,,,
,,,,,,SVO,,,,,LED,,,,2025-10-14T23:59:59Z,2025-05-15T09:00:00Z,destination=SVO&origin=LED&endRange=2025-10-14T23:59:59Z&startRange=2025-05-15T09:00:00Z,,,,,,
,,,,,,SVO,,,,,VOG,,,,2025-10-14T23:59:59Z,2025-05-15T09:00:00Z,destination=SVO&origin=VOG&endRange=2025-10-14T23:59:59Z&startRange=2025-05-15T09:00:00Z,,,,,,
,,,,,,SVQ,,,,,AMS,,,,2025-10-14T23:59:59Z,2025-05-15T09:00:00Z,destination=SVQ&origin=AMS&endRange=2025-10-14T23:59:59Z&startRange=2025-05-15T09:00:00Z,,,,,,
,,,,,,SVQ,,,,,CDG,,,,2025-10-14T23:59:59Z,2025-05-15T09:00:00Z,destination=SVQ&origin=CDG&endRange=2025-10-14T23:59:59Z&startRange=2025-05-15T09:00:00Z,,,,,,
,,,,,,SVQ,,,,,ORY,,,,2025-10-14T23:59:59Z,2025-05-15T09:00:00Z,destination=SVQ&origin=ORY&endRange=2025-10-14T23:59:59Z&startRange=2025-05-15T09:00:00Z,,,,,,
,,,,,,SZG,,,,,AMS,,,,2025-10-14T23:59:59Z,2025-05-15T09:00:00Z,destination=SZG&origin=AMS&endRange=2025-10-14T23:59:59Z&startRange=2025-05-15T09:00:00Z,,,,,,
,,,,,,TAY,,,,,HEL,,,,2025-10-14T23:59:59Z,2025-05-15T09:00:00Z,destination=TAY&origin=HEL&endRange=2025-10-14T23:59:59Z&startRange=2025-05-15T09:00:00Z,,,,,,
,,,,,,TFN,,,,,MAD,,,,2025-10-14T23:59:59Z,2025-05-15T09:00:00Z,destination=TFN&origin=MAD&endRange=2025-10-14T23:59:59Z&startRange=2025-05-15T09:00:00Z,,,,,,
,,,,,,TFS,,,,,AMS,,,,2025-10-14T23:59:59Z,2025-05-15T09:00:00Z,destination=TFS&origin=AMS&endRange=2025-10-14T23:59:59Z&startRange=2025-05-15T09:00:00Z,,,,,,
,,,,,,TFS,,,,,CDG,,,,2025-10-14T23:59:59Z,2025-05-15T09:00:00Z,destination=TFS&origin=CDG&endRange=2025-10-14T23:59:59Z&startRange=2025-05-15T09:00:00Z,,,,,,
,,,,,,TFS,,,,,ORY,,,,2025-10-14T23:59:59Z,2025-05-15T09:00:00Z,destination=TFS&origin=ORY&endRange=2025-10-14T23:59:59Z&startRange=2025-05-15T09:00:00Z,,,,,,
,,,,,,TGD,,,,,BEG,,,,2025-10-14T23:59:59Z,2025-05-15T09:00:00Z,destination=TGD&origin=BEG&endRange=2025-10-14T23:59:59Z&startRange=2025-05-15T09:00:00Z,,,,,,
,,,,,,TGD,,,,,CDG,,,,2025-10-14T23:59:59Z,2025-05-15T09:00:00Z,destination=TGD&origin=CDG&endRange=2025-10-14T23:59:59Z&startRange=2025-05-15T09:00:00Z,,,,,,
,,,,,,TGD,,,,,ORY,,,,2025-10-14T23:59:59Z,2025-05-15T09:00:00Z,destination=TGD&origin=ORY&endRange=2025-10-14T23:59:59Z&startRange=2025-05-15T09:00:00Z,,,,,,
,,,,,,TIA,,,,,AMS,,,,2025-10-14T23:59:59Z,2025-05-15T09:00:00Z,destination=TIA&origin=AMS&endRange=2025-10-14T23:59:59Z&startRange=2025-05-15T09:00:00Z,,,,,,
,,,,,,TIA,,,,,BEG,,,,2025-10-14T23:59:59Z,2025-05-15T09:00:00Z,destination=TIA&origin=BEG&endRange=2025-10-14T23:59:59Z&startRange=2025-05-15T09:00:00Z,,,,,,
,,,,,,TIA,,,,,CDG,,,,2025-10-14T23:59:59Z,2025-05-15T09:00:00Z,destination=TIA&origin=CDG&endRange=2025-10-14T23:59:59Z&startRange=2025-05-15T09:00:00Z,,,,,,
,,,,,,TIA,,,,,FCO,,,,2025-10-14T23:59:59Z,2025-05-15T09:00:00Z,destination=TIA&origin=FCO&endRange=2025-10-14T23:59:59Z&startRange=2025-05-15T09:00:00Z,,,,,,
,,,,,,TIA,,,,,LYS,,,,2025-10-14T23:59:59Z,2025-05-15T09:00:00Z,destination=TIA&origin=LYS&endRange=2025-10-14T23:59:59Z&startRange=2025-05-15T09:00:00Z,,,,,,
,,,,,,TIA,,,,,ORY,,,,2025-10-14T23:59:59Z,2025-05-15T09:00:00Z,destination=TIA&origin=ORY&endRange=2025-10-14T23:59:59Z&startRange=2025-05-15T09:00:00Z,,,,,,
,,,,,,TIV,,,,,BEG,,,,2025-10-14T23:59:59Z,2025-05-15T09:00:00Z,destination=TIV&origin=BEG&endRange=2025-10-14T23:59:59Z&startRange=2025-05-15T09:00:00Z,,,,,,
,,,,,,TIV,,,,,ORY,,,,2025-10-14T23:59:59Z,2025-05-15T09:00:00Z,destination=TIV&origin=ORY&endRange=2025-10-14T23:59:59Z&startRange=2025-05-15T09:00:00Z,,,,,,
,,,,,,TKU,,,,,ARN,,,,2025-10-14T23:59:59Z,2025-05-15T09:00:00Z,destination=TKU&origin=ARN&endRange=2025-10-14T23:59:59Z&startRange=2025-05-15T09:00:00Z,,,,,,
,,,,,,TLL,,,,,AMS,,,,2025-10-14T23:59:59Z,2025-05-15T09:00:00Z,destination=TLL&origin=AMS&endRange=2025-10-14T23:59:59Z&startRange=2025-05-15T09:00:00Z,,,,,,
,,,,,,TLL,,,,,ARN,,,,2025-10-14T23:59:59Z,2025-05-15T09:00:00Z,destination=TLL&origin=ARN&endRange=2025-10-14T23:59:59Z&startRange=2025-05-15T09:00:00Z,,,,,,
,,,,,,TLL,,,,,CDG,,,,2025-10-14T23:59:59Z,2025-05-15T09:00:00Z,destination=TLL&origin=CDG&endRange=2025-10-14T23:59:59Z&startRange=2025-05-15T09:00:00Z,,,,,,
,,,,,,TLL,,,,,CPH,,,,2025-10-14T23:59:59Z,2025-05-15T09:00:00Z,destination=TLL&origin=CPH&endRange=2025-10-14T23:59:59Z&startRange=2025-05-15T09:00:00Z,,,,,,
,,,,,,TLL,,,,,HEL,,,,2025-10-14T23:59:59Z,2025-05-15T09:00:00Z,destination=TLL&origin=HEL&endRange=2025-10-14T23:59:59Z&startRange=2025-05-15T09:00:00Z,,,,,,
,,,,,,TLL,,,,,ORY,,,,2025-10-14T23:59:59Z,2025-05-15T09:00:00Z,destination=TLL&origin=ORY&endRange=2025-10-14T23:59:59Z&startRange=2025-05-15T09:00:00Z,,,,,,
,,,,,,TLL,,,,,RIX,,,,2025-10-14T23:59:59Z,2025-05-15T09:00:00Z,destination=TLL&origin=RIX&endRange=2025-10-14T23:59:59Z&startRange=2025-05-15T09:00:00Z,,,,,,
,,,,,,TLN,,,,,ORY,,,,2025-10-14T23:59:59Z,2025-05-15T09:00:00Z,destination=TLN&origin=ORY&endRange=2025-10-14T23:59:59Z&startRange=2025-05-15T09:00:00Z,,,,,,
,,,,,,TLS,,,,,AJA,,,,2025-10-14T23:59:59Z,2025-05-15T09:00:00Z,destination=TLS&origin=AJA&endRange=2025-10-14T23:59:59Z&startRange=2025-05-15T09:00:00Z,,,,,,
,,,,,,TLS,,,,,AMS,,,,2025-10-14T23:59:59Z,2025-05-15T09:00:00Z,destination=TLS&origin=AMS&endRange=2025-10-14T23:59:59Z&startRange=2025-05-15T09:00:00Z,,,,,,
,,,,,,TLS,,,,,BIA,,,,2025-10-14T23:59:59Z,2025-05-15T09:00:00Z,destination=TLS&origin=BIA&endRange=2025-10-14T23:59:59Z&startRange=2025-05-15T09:00:00Z,,,,,,
,,,,,,TLS,,,,,CDG,,,,2025-10-14T23:59:59Z,2025-05-15T09:00:00Z,destination=TLS&origin=CDG&endRange=2025-10-14T23:59:59Z&startRange=2025-05-15T09:00:00Z,,,,,,
,,,,,,TLS,,,,,FSC,,,,2025-10-14T23:59:59Z,2025-05-15T09:00:00Z,destination=TLS&origin=FSC&endRange=2025-10-14T23:59:59Z&startRange=2025-05-15T09:00:00Z,,,,,,
,,,,,,TLS,,,,,LYS,,,,2025-10-14T23:59:59Z,2025-05-15T09:00:00Z,destination=TLS&origin=LYS&endRange=2025-10-14T23:59:59Z&startRange=2025-05-15T09:00:00Z,,,,,,
,,,,,,TLS,,,,,ORY,,,,2025-10-14T23:59:59Z,2025-05-15T09:00:00Z,destination=TLS&origin=ORY&endRange=2025-10-14T23:59:59Z&startRange=2025-05-15T09:00:00Z,,,,,,
,,,,,,TMP,,,,,RIX,,,,2025-10-14T23:59:59Z,2025-05-15T09:00:00Z,destination=TMP&origin=RIX&endRange=2025-10-14T23:59:59Z&startRange=2025-05-15T09:00:00Z,,,,,,
,,,,,,TOS,,,,,ARN,,,,2025-10-14T23:59:59Z,2025-05-15T09:00:00Z,destination=TOS&origin=ARN&endRange=2025-10-14T23:59:59Z&startRange=2025-05-15T09:00:00Z,,,,,,
,,,,,,TOS,,,,,BGO,,,,2025-10-14T23:59:59Z,2025-05-15T09:00:00Z,destination=TOS&origin=BGO&endRange=2025-10-14T23:59:59Z&startRange=2025-05-15T09:00:00Z,,,,,,
,,,,,,TOS,,,,,CDG,,,,2025-10-14T23:59:59Z,2025-05-15T09:00:00Z,destination=TOS&origin=CDG&endRange=2025-10-14T23:59:59Z&startRange=2025-05-15T09:00:00Z,,,,,,
,,,,,,TOS,,,,,CPH,,,,2025-10-14T23:59:59Z,2025-05-15T09:00:00Z,destination=TOS&origin=CPH&endRange=2025-10-14T23:59:59Z&startRange=2025-05-15T09:00:00Z,,,,,,
,,,,,,TOS,,,,,OSL,,,,2025-10-14T23:59:59Z,2025-05-15T09:00:00Z,destination=TOS&origin=OSL&endRange=2025-10-14T23:59:59Z&startRange=2025-05-15T09:00:00Z,,,,,,
,,,,,,TOS,,,,,TRD,,,,2025-10-14T23:59:59Z,2025-05-15T09:00:00Z,destination=TOS&origin=TRD&endRange=2025-10-14T23:59:59Z&startRange=2025-05-15T09:00:00Z,,,,,,
,,,,,,TRD,,,,,AES,,,,2025-10-14T23:59:59Z,2025-05-15T09:00:00Z,destination=TRD&origin=AES&endRange=2025-10-14T23:59:59Z&startRange=2025-05-15T09:00:00Z,,,,,,
,,,,,,TRD,,,,,AMS,,,,2025-10-14T23:59:59Z,2025-05-15T09:00:00Z,destination=TRD&origin=AMS&endRange=2025-10-14T23:59:59Z&startRange=2025-05-15T09:00:00Z,,,,,,
,,,,,,TRD,,,,,ARN,,,,2025-10-14T23:59:59Z,2025-05-15T09:00:00Z,destination=TRD&origin=ARN&endRange=2025-10-14T23:59:59Z&startRange=2025-05-15T09:00:00Z,,,,,,
,,,,,,TRD,,,,,BGO,,,,2025-10-14T23:59:59Z,2025-05-15T09:00:00Z,destination=TRD&origin=BGO&endRange=2025-10-14T23:59:59Z&startRange=2025-05-15T09:00:00Z,,,,,,
,,,,,,TRD,,,,,BOO,,,,2025-10-14T23:59:59Z,2025-05-15T09:00:00Z,destination=TRD&origin=BOO&endRange=2025-10-14T23:59:59Z&startRange=2025-05-15T09:00:00Z,,,,,,
,,,,,,TRD,,,,,CPH,,,,2025-10-14T23:59:59Z,2025-05-15T09:00:00Z,destination=TRD&origin=CPH&endRange=2025-10-14T23:59:59Z&startRange=2025-05-15T09:00:00Z,,,,,,
,,,,,,TRD,,,,,OSL,,,,2025-10-14T23:59:59Z,2025-05-15T09:00:00Z,destination=TRD&origin=OSL&endRange=2025-10-14T23:59:59Z&startRange=2025-05-15T09:00:00Z,,,,,,
,,,,,,TRD,,,,,TOS,,,,2025-10-14T23:59:59Z,2025-05-15T09:00:00Z,destination=TRD&origin=TOS&endRange=2025-10-14T23:59:59Z&startRange=2025-05-15T09:00:00Z,,,,,,
,,,,,,TRF,,,,,BGO,,,,2025-10-14T23:59:59Z,2025-05-15T09:00:00Z,destination=TRF&origin=BGO&endRange=2025-10-14T23:59:59Z&startRange=2025-05-15T09:00:00Z,,,,,,
,,,,,,TRF,,,,,CPH,,,,2025-10-14T23:59:59Z,2025-05-15T09:00:00Z,destination=TRF&origin=CPH&endRange=2025-10-14T23:59:59Z&startRange=2025-05-15T09:00:00Z,,,,,,
,,,,,,TRF,,,,,SVG,,,,2025-10-14T23:59:59Z,2025-05-15T09:00:00Z,destination=TRF&origin=SVG&endRange=2025-10-14T23:59:59Z&startRange=2025-05-15T09:00:00Z,,,,,,
,,,,,,TRN,,,,,AMS,,,,2025-10-14T23:59:59Z,2025-05-15T09:00:00Z,destination=TRN&origin=AMS&endRange=2025-10-14T23:59:59Z&startRange=2025-05-15T09:00:00Z,,,,,,
,,,,,,TRN,,,,,CDG,,,,2025-10-14T23:59:59Z,2025-05-15T09:00:00Z,destination=TRN&origin=CDG&endRange=2025-10-14T23:59:59Z&startRange=2025-05-15T09:00:00Z,,,,,,
,,,,,,TRN,,,,,FCO,,,,2025-10-14T23:59:59Z,2025-05-15T09:00:00Z,destination=TRN&origin=FCO&endRange=2025-10-14T23:59:59Z&startRange=2025-05-15T09:00:00Z,,,,,,
,,,,,,TRN,,,,,ORY,,,,2025-10-14T23:59:59Z,2025-05-15T09:00:00Z,destination=TRN&origin=ORY&endRange=2025-10-14T23:59:59Z&startRange=2025-05-15T09:00:00Z,,,,,,
,,,,,,TRS,,,,,FCO,,,,2025-10-14T23:59:59Z,2025-05-15T09:00:00Z,destination=TRS&origin=FCO&endRange=2025-10-14T23:59:59Z&startRange=2025-05-15T09:00:00Z,,,,,,
,,,,,,TSR,,,,,OTP,,,,2025-10-14T23:59:59Z,2025-05-15T09:00:00Z,destination=TSR&origin=OTP&endRange=2025-10-14T23:59:59Z&startRange=2025-05-15T09:00:00Z,,,,,,
,,,,,,UME,,,,,ARN,,,,2025-10-14T23:59:59Z,2025-05-15T09:00:00Z,destination=UME&origin=ARN&endRange=2025-10-14T23:59:59Z&startRange=2025-05-15T09:00:00Z,,,,,,
,,,,,,VAA,,,,,ARN,,,,2025-10-14T23:59:59Z,2025-05-15T09:00:00Z,destination=VAA&origin=ARN&endRange=2025-10-14T23:59:59Z&startRange=2025-05-15T09:00:00Z,,,,,,
,,,,,,VAA,,,,,HEL,,,,2025-10-14T23:59:59Z,2025-05-15T09:00:00Z,destination=VAA&origin=HEL&endRange=2025-10-14T23:59:59Z&startRange=2025-05-15T09:00:00Z,,,,,,
,,,,,,VAR,,,,,BEG,,,,2025-10-14T23:59:59Z,2025-05-15T09:00:00Z,destination=VAR&origin=BEG&endRange=2025-10-14T23:59:59Z&startRange=2025-05-15T09:00:00Z,,,,,,
,,,,,,VAR,,,,,CDG,,,,2025-10-14T23:59:59Z,2025-05-15T09:00:00Z,destination=VAR&origin=CDG&endRange=2025-10-14T23:59:59Z&startRange=2025-05-15T09:00:00Z,,,,,,
,,,,,,VAR,,,,,ORY,,,,2025-10-14T23:59:59Z,2025-05-15T09:00:00Z,destination=VAR&origin=ORY&endRange=2025-10-14T23:59:59Z&startRange=2025-05-15T09:00:00Z,,,,,,
,,,,,,VAR,,,,,SOF,,,,2025-10-14T23:59:59Z,2025-05-15T09:00:00Z,destination=VAR&origin=SOF&endRange=2025-10-14T23:59:59Z&startRange=2025-05-15T09:00:00Z,,,,,,
,,,,,,VBY,,,,,ARN,,,,2025-10-14T23:59:59Z,2025-05-15T09:00:00Z,destination=VBY&origin=ARN&endRange=2025-10-14T23:59:59Z&startRange=2025-05-15T09:00:00Z,,,,,,
,,,,,,VCE,,,,,AMS,,,,2025-10-14T23:59:59Z,2025-05-15T09:00:00Z,destination=VCE&origin=AMS&endRange=2025-10-14T23:59:59Z&startRange=2025-05-15T09:00:00Z,,,,,,
,,,,,,VCE,,,,,CDG,,,,2025-10-14T23:59:59Z,2025-05-15T09:00:00Z,destination=VCE&origin=CDG&endRange=2025-10-14T23:59:59Z&startRange=2025-05-15T09:00:00Z,,,,,,
,,,,,,VCE,,,,,FCO,,,,2025-10-14T23:59:59Z,2025-05-15T09:00:00Z,destination=VCE&origin=FCO&endRange=2025-10-14T23:59:59Z&startRange=2025-05-15T09:00:00Z,,,,,,
,,,,,,VCE,,,,,MAD,,,,2025-10-14T23:59:59Z,2025-05-15T09:00:00Z,destination=VCE&origin=MAD&endRange=2025-10-14T23:59:59Z&startRange=2025-05-15T09:00:00Z,,,,,,
,,,,,,VCE,,,,,ORY,,,,2025-10-14T23:59:59Z,2025-05-15T09:00:00Z,destination=VCE&origin=ORY&endRange=2025-10-14T23:59:59Z&startRange=2025-05-15T09:00:00Z,,,,,,
,,,,,,VGO,,,,,MAD,,,,2025-10-14T23:59:59Z,2025-05-15T09:00:00Z,destination=VGO&origin=MAD&endRange=2025-10-14T23:59:59Z&startRange=2025-05-15T09:00:00Z,,,,,,
,,,,,,VIE,,,,,AMS,,,,2025-10-14T23:59:59Z,2025-05-15T09:00:00Z,destination=VIE&origin=AMS&endRange=2025-10-14T23:59:59Z&startRange=2025-05-15T09:00:00Z,,,,,,
,,,,,,VIE,,,,,CDG,,,,2025-10-14T23:59:59Z,2025-05-15T09:00:00Z,destination=VIE&origin=CDG&endRange=2025-10-14T23:59:59Z&startRange=2025-05-15T09:00:00Z,,,,,,
,,,,,,VIE,,,,,ORY,,,,2025-10-14T23:59:59Z,2025-05-15T09:00:00Z,destination=VIE&origin=ORY&endRange=2025-10-14T23:59:59Z&startRange=2025-05-15T09:00:00Z,,,,,,
,,,,,,VLC,,,,,AMS,,,,2025-10-14T23:59:59Z,2025-05-15T09:00:00Z,destination=VLC&origin=AMS&endRange=2025-10-14T23:59:59Z&startRange=2025-05-15T09:00:00Z,,,,,,
,,,,,,VLC,,,,,CDG,,,,2025-10-14T23:59:59Z,2025-05-15T09:00:00Z,destination=VLC&origin=CDG&endRange=2025-10-14T23:59:59Z&startRange=2025-05-15T09:00:00Z,,,,,,
,,,,,,VLC,,,,,MAD,,,,2025-10-14T23:59:59Z,2025-05-15T09:00:00Z,destination=VLC&origin=MAD&endRange=2025-10-14T23:59:59Z&startRange=2025-05-15T09:00:00Z,,,,,,
,,,,,,VLC,,,,,ORY,,,,2025-10-14T23:59:59Z,2025-05-15T09:00:00Z,destination=VLC&origin=ORY&endRange=2025-10-14T23:59:59Z&startRange=2025-05-15T09:00:00Z,,,,,,
,,,,,,VNO,,,,,AMS,,,,2025-10-14T23:59:59Z,2025-05-15T09:00:00Z,destination=VNO&origin=AMS&endRange=2025-10-14T23:59:59Z&startRange=2025-05-15T09:00:00Z,,,,,,
,,,,,,VNO,,,,,ARN,,,,2025-10-14T23:59:59Z,2025-05-15T09:00:00Z,destination=VNO&origin=ARN&endRange=2025-10-14T23:59:59Z&startRange=2025-05-15T09:00:00Z,,,,,,
,,,,,,VNO,,,,,CDG,,,,2025-10-14T23:59:59Z,2025-05-15T09:00:00Z,destination=VNO&origin=CDG&endRange=2025-10-14T23:59:59Z&startRange=2025-05-15T09:00:00Z,,,,,,
,,,,,,VNO,,,,,CPH,,,,2025-10-14T23:59:59Z,2025-05-15T09:00:00Z,destination=VNO&origin=CPH&endRange=2025-10-14T23:59:59Z&startRange=2025-05-15T09:00:00Z,,,,,,
,,,,,,VNO,,,,,RIX,,,,2025-10-14T23:59:59Z,2025-05-15T09:00:00Z,destination=VNO&origin=RIX&endRange=2025-10-14T23:59:59Z&startRange=2025-05-15T09:00:00Z,,,,,,
,,,,,,VOG,,,,,SVO,,,,2025-10-14T23:59:59Z,2025-05-15T09:00:00Z,destination=VOG&origin=SVO&endRange=2025-10-14T23:59:59Z&startRange=2025-05-15T09:00:00Z,,,,,,
,,,,,,VOL,,,,,ORY,,,,2025-10-14T23:59:59Z,2025-05-15T09:00:00Z,destination=VOL&origin=ORY&endRange=2025-10-14T23:59:59Z&startRange=2025-05-15T09:00:00Z,,,,,,
,,,,,,VRN,,,,,AMS,,,,2025-10-14T23:59:59Z,2025-05-15T09:00:00Z,destination=VRN&origin=AMS&endRange=2025-10-14T23:59:59Z&startRange=2025-05-15T09:00:00Z,,,,,,
,,,,,,VRN,,,,,CDG,,,,2025-10-14T23:59:59Z,2025-05-15T09:00:00Z,destination=VRN&origin=CDG&endRange=2025-10-14T23:59:59Z&startRange=2025-05-15T09:00:00Z,,,,,,
,,,,,,VRN,,,,,ORY,,,,2025-10-14T23:59:59Z,2025-05-15T09:00:00Z,destination=VRN&origin=ORY&endRange=2025-10-14T23:59:59Z&startRange=2025-05-15T09:00:00Z,,,,,,
,,,,,,WAW,,,,,AMS,,,,2025-10-14T23:59:59Z,2025-05-15T09:00:00Z,destination=WAW&origin=AMS&endRange=2025-10-14T23:59:59Z&startRange=2025-05-15T09:00:00Z,,,,,,
,,,,,,WAW,,,,,CDG,,,,2025-10-14T23:59:59Z,2025-05-15T09:00:00Z,destination=WAW&origin=CDG&endRange=2025-10-14T23:59:59Z&startRange=2025-05-15T09:00:00Z,,,,,,
,,,,,,WAW,,,,,ORY,,,,2025-10-14T23:59:59Z,2025-05-15T09:00:00Z,destination=WAW&origin=ORY&endRange=2025-10-14T23:59:59Z&startRange=2025-05-15T09:00:00Z,,,,,,
,,,,,,WRO,,,,,AMS,,,,2025-10-14T23:59:59Z,2025-05-15T09:00:00Z,destination=WRO&origin=AMS&endRange=2025-10-14T23:59:59Z&startRange=2025-05-15T09:00:00Z,,,,,,
,,,,,,ZAG,,,,,AMS,,,,2025-10-14T23:59:59Z,2025-05-15T09:00:00Z,destination=ZAG&origin=AMS&endRange=2025-10-14T23:59:59Z&startRange=2025-05-15T09:00:00Z,,,,,,
,,,,,,ZAG,,,,,CDG,,,,2025-10-14T23:59:59Z,2025-05-15T09:00:00Z,destination=ZAG&origin=CDG&endRange=2025-10-14T23:59:59Z&startRange=2025-05-15T09:00:00Z,,,,,,
,,,,,,ZRH,,,,,AMS,,,,2025-10-14T23:59:59Z,2025-05-15T09:00:00Z,destination=ZRH&origin=AMS&endRange=2025-10-14T23:59:59Z&startRange=2025-05-15T09:00:00Z,,,,,,
,,,,,,ZRH,,,,,CDG,,,,2025-10-14T23:59:59Z,2025-05-15T09:00:00Z,destination=ZRH&origin=CDG&endRange=2025-10-14T23:59:59Z&startRange=2025-05-15T09:00:00Z,,,,,,
,,,,,,ZRH,,,,,FCO,,,,2025-10-14T23:59:59Z,2025-05-15T09:00:00Z,destination=ZRH&origin=FCO&endRange=2025-10-14T23:59:59Z&startRange=2025-05-15T09:00:00Z,,,,,,
,,,,,,ZRH,,,,,MAD,,,,2025-10-14T23:59:59Z,2025-05-15T09:00:00Z,destination=ZRH&origin=MAD&endRange=2025-10-14T23:59:59Z&startRange=2025-05-15T09:00:00Z,,,,,,
,,,,,,ZTH,,,,,AMS,,,,2025-10-14T23:59:59Z,2025-05-15T09:00:00Z,destination=ZTH&origin=AMS&endRange=2025-10-14T23:59:59Z&startRange=2025-05-15T09:00:00Z,,,,,,
,,,,,,ZTH,,,,,ORY,,,,2025-10-14T23:59:59Z,2025-05-15T09:00:00Z,destination=ZTH&origin=ORY&endRange=2025-10-14T23:59:59Z&startRange=2025-05-15T09:00:00Z,,,,,,
,,,,,,AAL,,,,,OSL,,,,2025-10-14T23:59:59Z,2025-05-15T09:00:00Z,destination=AAL&origin=OSL&endRange=2025-10-14T23:59:59Z&startRange=2025-05-15T09:00:00Z,,,,<Response [404]>,"{""errors"":[{""name"":""FLIGHT NOT FOUND"",""severity"":""INFO""}]}",2025-10-19T14:16:16.413076
,,,,,,AAR,,,,,OSL,,,,2025-10-14T23:59:59Z,2025-05-15T09:00:00Z,destination=AAR&origin=OSL&endRange=2025-10-14T23:59:59Z&startRange=2025-05-15T09:00:00Z,,,,<Response [404]>,"{""errors"":[{""name"":""FLIGHT NOT FOUND"",""severity"":""INFO""}]}",2025-10-19T14:16:16.413076
,,,,,,ACE,,,,,CDG,,,,2025-10-14T23:59:59Z,2025-05-15T09:00:00Z,destination=ACE&origin=CDG&endRange=2025-10-14T23:59:59Z&startRange=2025-05-15T09:00:00Z,,,,<Response [404]>,"{""errors"":[{""name"":""FLIGHT NOT FOUND"",""severity"":""INFO""}]}",2025-10-19T14:16:16.413076
,,,,,,ACE,,,,,MAD,,,,2025-10-14T23:59:59Z,2025-05-15T09:00:00Z,destination=ACE&origin=MAD&endRange=2025-10-14T23:59:59Z&startRange=2025-05-15T09:00:00Z,,,,<Response [404]>,"{""errors"":[{""name"":""FLIGHT NOT FOUND"",""severity"":""INFO""}]}",2025-10-19T14:16:16.413076
,,,,,,AES,,,,,CPH,,,,2025-10-14T23:59:59Z,2025-05-15T09:00:00Z,destination=AES&origin=CPH&endRange=2025-10-14T23:59:59Z&startRange=2025-05-15T09:00:00Z,,,,<Response [404]>,"{""errors"":[{""name"":""FLIGHT NOT FOUND"",""severity"":""INFO""}]}",2025-10-19T14:16:16.413076
,,,,,,AEY,,,,,AMS,,,,2025-10-14T23:59:59Z,2025-05-15T09:00:00Z,destination=AEY&origin=AMS&endRange=2025-10-14T23:59:59Z&startRange=2025-05-15T09:00:00Z,,,,<Response [404]>,"{""errors"":[{""name"":""FLIGHT NOT FOUND"",""severity"":""INFO""}]}",2025-10-19T14:16:16.413076
,,,,,,AGP,,,,,LYS,,,,2025-10-14T23:59:59Z,2025-05-15T09:00:00Z,destination=AGP&origin=LYS&endRange=2025-10-14T23:59:59Z&startRange=2025-05-15T09:00:00Z,,,,<Response [404]>,"{""errors"":[{""name"":""FLIGHT NOT FOUND"",""severity"":""INFO""}]}",2025-10-19T14:16:16.413076
,,,,,,AHO,,,,,CDG,,,,2025-10-14T23:59:59Z,2025-05-15T09:00:00Z,destination=AHO&origin=CDG&endRange=2025-10-14T23:59:59Z&startRange=2025-05-15T09:00:00Z,,,,<Response [404]>,"{""errors"":[{""name"":""FLIGHT NOT FOUND"",""severity"":""INFO""}]}",2025-10-19T14:16:16.413076
,,,,,,AHO,,,,,ORY,,,,2025-10-14T23:59:59Z,2025-05-15T09:00:00Z,destination=AHO&origin=ORY&endRange=2025-10-14T23:59:59Z&startRange=2025-05-15T09:00:00Z,,,,<Response [404]>,"{""errors"":[{""name"":""FLIGHT NOT FOUND"",""severity"":""INFO""}]}",2025-10-19T14:16:16.413076
,,,,,,AJA,,,,,BOD,,,,2025-10-14T23:59:59Z,2025-05-15T09:00:00Z,destination=AJA&origin=BOD&endRange=2025-10-14T23:59:59Z&startRange=2025-05-15T09:00:00Z,,,,<Response [404]>,"{""errors"":[{""name"":""FLIGHT NOT FOUND"",""severity"":""INFO""}]}",2025-10-19T14:16:16.413076
,,,,,,AJA,,,,,CRL,,,,2025-10-14T23:59:59Z,2025-05-15T09:00:00Z,destination=AJA&origin=CRL&endRange=2025-10-14T23:59:59Z&startRange=2025-05-15T09:00:00Z,,,,<Response [404]>,"{""errors"":[{""name"":""FLIGHT NOT FOUND"",""severity"":""INFO""}]}",2025-10-19T14:16:16.413076
,,,,,,AJA,,,,,FCO,,,,2025-10-14T23:59:59Z,2025-05-15T09:00:00Z,destination=AJA&origin=FCO&endRange=2025-10-14T23:59:59Z&startRange=2025-05-15T09:00:00Z,,,,<Response [404]>,"{""errors"":[{""name"":""FLIGHT NOT FOUND"",""severity"":""INFO""}]}",2025-10-19T14:16:16.413076
,,,,,,AJA,,,,,TLS,,,,2025-10-14T23:59:59Z,2025-05-15T09:00:00Z,destination=AJA&origin=TLS&endRange=2025-10-14T23:59:59Z&startRange=2025-05-15T09:00:00Z,,,,<Response [404]>,"{""errors"":[{""name"":""FLIGHT NOT FOUND"",""severity"":""INFO""}]}",2025-10-19T14:16:16.413076
,,,,,,ALC,,,,,AMS,,,,2025-10-14T23:59:59Z,2025-05-15T09:00:00Z,destination=ALC&origin=AMS&endRange=2025-10-14T23:59:59Z&startRange=2025-05-15T09:00:00Z,1.0,10.0,10.00%,<Response [200]>,,2025-10-19T14:16:16.413076
,,,,,,ALC,,,,,MAD,,,,2025-10-14T23:59:59Z,2025-05-15T09:00:00Z,destination=ALC&origin=MAD&endRange=2025-10-14T23:59:59Z&startRange=2025-05-15T09:00:00Z,,,,<Response [404]>,"{""errors"":[{""name"":""FLIGHT NOT FOUND"",""severity"":""INFO""}]}",2025-10-19T14:16:16.413076
,,,,,,AMS,,,,,AAL,,,,2025-10-14T23:59:59Z,2025-05-15T09:00:00Z,destination=AMS&origin=AAL&endRange=2025-10-14T23:59:59Z&startRange=2025-05-15T09:00:00Z,1.0,6.0,16.67%,<Response [200]>,,2025-10-19T14:16:16.413076
,,,,,,AMS,,,,,ABZ,,,,2025-10-14T23:59:59Z,2025-05-15T09:00:00Z,destination=AMS&origin=ABZ&endRange=2025-10-14T23:59:59Z&startRange=2025-05-15T09:00:00Z,1.0,8.0,12.50%,<Response [200]>,,2025-10-19T14:16:16.413076
,,,,,,AMS,,,,,ACE,,,,2025-10-14T23:59:59Z,2025-05-15T09:00:00Z,destination=AMS&origin=ACE&endRange=2025-10-14T23:59:59Z&startRange=2025-05-15T09:00:00Z,1.0,2.0,50.00%,<Response [200]>,,2025-10-19T14:16:16.413076
,,,,,,AMS,,,,,AES,,,,2025-10-14T23:59:59Z,2025-05-15T09:00:00Z,destination=AMS&origin=AES&endRange=2025-10-14T23:59:59Z&startRange=2025-05-15T09:00:00Z,1.0,4.0,25.00%,<Response [200]>,,2025-10-19T14:16:16.413076
,,,,,,AMS,,,,,AEY,,,,2025-10-14T23:59:59Z,2025-05-15T09:00:00Z,destination=AMS&origin=AEY&endRange=2025-10-14T23:59:59Z&startRange=2025-05-15T09:00:00Z,,,,<Response [404]>,"{""errors"":[{""name"":""FLIGHT NOT FOUND"",""severity"":""INFO""}]}",2025-10-19T14:16:16.413076
,,,,,,AMS,,,,,AGP,,,,2025-10-14T23:59:59Z,2025-05-15T09:00:00Z,destination=AMS&origin=AGP&endRange=2025-10-14T23:59:59Z&startRange=2025-05-15T09:00:00Z,1.0,17.0,5.88%,<Response [200]>,,2025-10-19T14:16:16.413076
,,,,,,AMS,,,,,ALC,,,,2025-10-14T23:59:59Z,2025-05-15T09:00:00Z,destination=AMS&origin=ALC&endRange=2025-10-14T23:59:59Z&startRange=2025-05-15T09:00:00Z,1.0,10.0,10.00%,<Response [200]>,,2025-10-19T14:27:35.929608
,,,,,,AMS,,,,,AMS,,,,2025-10-14T23:59:59Z,2025-05-15T09:00:00Z,destination=AMS&origin=AMS&endRange=2025-10-14T23:59:59Z&startRange=2025-05-15T09:00:00Z,1.0,18.0,5.56%,<Response [200]>,,2025-10-19T14:27:35.929608
,,,,,,AMS,,,,,AOK,,,,2025-10-14T23:59:59Z,2025-05-15T09:00:00Z,destination=AMS&origin=AOK&endRange=2025-10-14T23:59:59Z&startRange=2025-05-15T09:00:00Z,1.0,2.0,50.00%,<Response [200]>,,2025-10-19T14:27:35.929608
,,,,,,AMS,,,,,BIQ,,,,2025-10-14T23:59:59Z,2025-05-15T09:00:00Z,destination=AMS&origin=BIQ&endRange=2025-10-14T23:59:59Z&startRange=2025-05-15T09:00:00Z,,,,<Response [404]>,"{""errors"":[{""name"":""FLIGHT NOT FOUND"",""severity"":""INFO""}]}",2025-10-19T14:27:35.929608
,,,,,,AMS,,,,,BOJ,,,,2025-10-14T23:59:59Z,2025-05-15T09:00:00Z,destination=AMS&origin=BOJ&endRange=2025-10-14T23:59:59Z&startRange=2025-05-15T09:00:00Z,,,,<Response [404]>,"{""errors"":[{""name"":""FLIGHT NOT FOUND"",""severity"":""INFO""}]}",2025-10-19T14:27:35.929608
,,,,,,AMS,,,,,CAG,,,,2025-10-14T23:59:59Z,2025-05-15T09:00:00Z,destination=AMS&origin=CAG&endRange=2025-10-14T23:59:59Z&startRange=2025-05-15T09:00:00Z,,,,<Response [404]>,"{""errors"":[{""name"":""FLIGHT NOT FOUND"",""severity"":""INFO""}]}",2025-10-19T14:27:35.929608
,,,,,,AMS,,,,,FNC,,,,2025-10-14T23:59:59Z,2025-05-15T09:00:00Z,destination=AMS&origin=FNC&endRange=2025-10-14T23:59:59Z&startRange=2025-05-15T09:00:00Z,,,,<Response [500]>,"{""errors"":[{""name"":""INTERNAL_SERVER_ERROR""}]}",2025-10-19T14:27:35.929608
,,,,,,AMS,,,,,GRX,,,,2025-10-14T23:59:59Z,2025-05-15T09:00:00Z,destination=AMS&origin=GRX&endRange=2025-10-14T23:59:59Z&startRange=2025-05-15T09:00:00Z,,,,<Response [404]>,"{""errors"":[{""name"":""FLIGHT NOT FOUND"",""severity"":""INFO""}]}",2025-10-19T14:27:35.929608
,,,,,,AMS,,,,,INN,,,,2025-10-14T23:59:59Z,2025-05-15T09:00:00Z,destination=AMS&origin=INN&endRange=2025-10-14T23:59:59Z&startRange=2025-05-15T09:00:00Z,,,,<Response [404]>,"{""errors"":[{""name"":""FLIGHT NOT FOUND"",""severity"":""INFO""}]}",2025-10-19T14:27:35.929608
,,,,,,AMS,,,,,JMK,,,,2025-10-14T23:59:59Z,2025-05-15T09:00:00Z,destination=AMS&origin=JMK&endRange=2025-10-14T23:59:59Z&startRange=2025-05-15T09:00:00Z,,,,<Response [404]>,"{""errors"":[{""name"":""FLIGHT NOT FOUND"",""severity"":""INFO""}]}",2025-10-19T14:27:35.929608
,,,,,,AMS,,,,,JTR,,,,2025-10-14T23:59:59Z,2025-05-15T09:00:00Z,destination=AMS&origin=JTR&endRange=2025-10-14T23:59:59Z&startRange=2025-05-15T09:00:00Z,,,,<Response [404]>,"{""errors"":[{""name"":""FLIGHT NOT FOUND"",""severity"":""INFO""}]}",2025-10-19T14:27:35.929608
,,,,,,AMS,,,,,KLX,,,,2025-10-14T23:59:59Z,2025-05-15T09:00:00Z,destination=AMS&origin=KLX&endRange=2025-10-14T23:59:59Z&startRange=2025-05-15T09:00:00Z,,,,<Response [404]>,"{""errors"":[{""name"":""FLIGHT NOT FOUND"",""severity"":""INFO""}]}",2025-10-19T14:27:35.929608
,,,,,,AMS,,,,,MAH,,,,2025-10-14T23:59:59Z,2025-05-15T09:00:00Z,destination=AMS&origin=MAH&endRange=2025-10-14T23:59:59Z&startRange=2025-05-15T09:00:00Z,,,,<Response [404]>,"{""errors"":[{""name"":""FLIGHT NOT FOUND"",""severity"":""INFO""}]}",2025-10-19T14:27:35.929608
,,,,,,AMS,,,,,OHD,,,,2025-10-14T23:59:59Z,2025-05-15T09:00:00Z,destination=AMS&origin=OHD&endRange=2025-10-14T23:59:59Z&startRange=2025-05-15T09:00:00Z,,,,<Response [404]>,"{""errors"":[{""name"":""FLIGHT NOT FOUND"",""severity"":""INFO""}]}",2025-10-19T14:27:35.929608
,,,,,,AMS,,,,,ORY,,,,2025-10-14T23:59:59Z,2025-05-15T09:00:00Z,destination=AMS&origin=ORY&endRange=2025-10-14T23:59:59Z&startRange=2025-05-15T09:00:00Z,,,,<Response [404]>,"{""errors"":[{""name"":""FLIGHT NOT FOUND"",""severity"":""INFO""}]}",2025-10-19T14:27:35.929608
,,,,,,AMS,,,,,OVD,,,,2025-10-14T23:59:59Z,2025-05-15T09:00:00Z,destination=AMS&origin=OVD&endRange=2025-10-14T23:59:59Z&startRange=2025-05-15T09:00:00Z,,,,<Response [404]>,"{""errors"":[{""name"":""FLIGHT NOT FOUND"",""severity"":""INFO""}]}",2025-10-19T14:27:35.929608
,,,,,,AMS,,,,,PDL,,,,2025-10-14T23:59:59Z,2025-05-15T09:00:00Z,destination=AMS&origin=PDL&endRange=2025-10-14T23:59:59Z&startRange=2025-05-15T09:00:00Z,,,,<Response [404]>,"{""errors"":[{""name"":""FLIGHT NOT FOUND"",""severity"":""INFO""}]}",2025-10-19T14:27:35.929608
,,,,,,AMS,,,,,PLQ,,,,2025-10-14T23:59:59Z,2025-05-15T09:00:00Z,destination=AMS&origin=PLQ&endRange=2025-10-14T23:59:59Z&startRange=2025-05-15T09:00:00Z,,,,<Response [404]>,"{""errors"":[{""name"":""FLIGHT NOT FOUND"",""severity"":""INFO""}]}",2025-10-19T14:27:35.929608
,,,,,,AMS,,,,,PMO,,,,2025-10-14T23:59:59Z,2025-05-15T09:00:00Z,destination=AMS&origin=PMO&endRange=2025-10-14T23:59:59Z&startRange=2025-05-15T09:00:00Z,,,,<Response [404]>,"{""errors"":[{""name"":""FLIGHT NOT FOUND"",""severity"":""INFO""}]}",2025-10-19T14:27:35.929608
,,,,,,AMS,,,,,PUY,,,,2025-10-14T23:59:59Z,2025-05-15T09:00:00Z,destination=AMS&origin=PUY&endRange=2025-10-14T23:59:59Z&startRange=2025-05-15T09:00:00Z,,,,<Response [404]>,"{""errors"":[{""name"":""FLIGHT NOT FOUND"",""severity"":""INFO""}]}",2025-10-19T14:27:35.929608
,,,,,,AMS,,,,,RMO,,,,2025-10-14T23:59:59Z,2025-05-15T09:00:00Z,destination=AMS&origin=RMO&endRange=2025-10-14T23:59:59Z&startRange=2025-05-15T09:00:00Z,,,,<Response [404]>,"{""errors"":[{""name"":""FLIGHT NOT FOUND"",""severity"":""INFO""}]}",2025-10-19T14:27:35.929608
,,,,,,AMS,,,,,SCQ,,,,2025-10-14T23:59:59Z,2025-05-15T09:00:00Z,destination=AMS&origin=SCQ&endRange=2025-10-14T23:59:59Z&startRange=2025-05-15T09:00:00Z,,,,<Response [404]>,"{""errors"":[{""name"":""FLIGHT NOT FOUND"",""severity"":""INFO""}]}",2025-10-19T14:27:35.929608
,,,,,,AAL,,,,,AMS,,,,2025-10-14T23:59:59Z,2025-05-15T09:00:00Z,destination=AAL&origin=AMS&endRange=2025-10-14T23:59:59Z&startRange=2025-05-15T09:00:00Z,,,,,,
,,,,,,AAL,,,,,CPH,,,,2025-10-14T23:59:59Z,2025-05-15T09:00:00Z,destination=AAL&origin=CPH&endRange=2025-10-14T23:59:59Z&startRange=2025-05-15T09:00:00Z,,,,,,
,,,,,,AAR,,,,,CPH,,,,2025-10-14T23:59:59Z,2025-05-15T09:00:00Z,destination=AAR&origin=CPH&endRange=2025-10-14T23:59:59Z&startRange=2025-05-15T09:00:00Z,,,,,,
,,,,,,ABZ,,,,,AMS,,,,2025-10-14T23:59:59Z,2025-05-15T09:00:00Z,destination=ABZ&origin=AMS&endRange=2025-10-14T23:59:59Z&startRange=2025-05-15T09:00:00Z,,,,,,
,,,,,,ABZ,,,,,BGO,,,,2025-10-14T23:59:59Z,2025-05-15T09:00:00Z,destination=ABZ&origin=BGO&endRange=2025-10-14T23:59:59Z&startRange=2025-05-15T09:00:00Z,,,,,,
,,,,,,ACE,,,,,AMS,,,,2025-10-14T23:59:59Z,2025-05-15T09:00:00Z,destination=ACE&origin=AMS&endRange=2025-10-14T23:59:59Z&startRange=2025-05-15T09:00:00Z,,,,,,
,,,,,,ACE,,,,,ORY,,,,2025-10-14T23:59:59Z,2025-05-15T09:00:00Z,destination=ACE&origin=ORY&endRange=2025-10-14T23:59:59Z&startRange=2025-05-15T09:00:00Z,,,,,,
,,,,,,AES,,,,,AMS,,,,2025-10-14T23:59:59Z,2025-05-15T09:00:00Z,destination=AES&origin=AMS&endRange=2025-10-14T23:59:59Z&startRange=2025-05-15T09:00:00Z,,,,,,
,,,,,,AES,,,,,BGO,,,,2025-10-14T23:59:59Z,2025-05-15T09:00:00Z,destination=AES&origin=BGO&endRange=2025-10-14T23:59:59Z&startRange=2025-05-15T09:00:00Z,,,,,,
,,,,,,AES,,,,,OSL,,,,2025-10-14T23:59:59Z,2025-05-15T09:00:00Z,destination=AES&origin=OSL&endRange=2025-10-14T23:59:59Z&startRange=2025-05-15T09:00:00Z,,,,,,
,,,,,,AES,,,,,TRD,,,,2025-10-14T23:59:59Z,2025-05-15T09:00:00Z,destination=AES&origin=TRD&endRange=2025-10-14T23:59:59Z&startRange=2025-05-15T09:00:00Z,,,,,,
,,,,,,AGP,,,,,AMS,,,,2025-10-14T23:59:59Z,2025-05-15T09:00:00Z,destination=AGP&origin=AMS&endRange=2025-10-14T23:59:59Z&startRange=2025-05-15T09:00:00Z,,,,,,
,,,,,,AGP,,,,,CDG,,,,2025-10-14T23:59:59Z,2025-05-15T09:00:00Z,destination=AGP&origin=CDG&endRange=2025-10-14T23:59:59Z&startRange=2025-05-15T09:00:00Z,,,,,,
,,,,,,AGP,,,,,ORY,,,,2025-10-14T23:59:59Z,2025-05-15T09:00:00Z,destination=AGP&origin=ORY&endRange=2025-10-14T23:59:59Z&startRange=2025-05-15T09:00:00Z,,,,,,
,,,,,,AHO,,,,,FCO,,,,2025-10-14T23:59:59Z,2025-05-15T09:00:00Z,destination=AHO&origin=FCO&endRange=2025-10-14T23:59:59Z&startRange=2025-05-15T09:00:00Z,,,,,,
,,,,,,AHO,,,,,LIN,,,,2025-10-14T23:59:59Z,2025-05-15T09:00:00Z,destination=AHO&origin=LIN&endRange=2025-10-14T23:59:59Z&startRange=2025-05-15T09:00:00Z,,,,,,
,,,,,,AJA,,,,,CDG,,,,2025-10-14T23:59:59Z,2025-05-15T09:00:00Z,destination=AJA&origin=CDG&endRange=2025-10-14T23:59:59Z&startRange=2025-05-15T09:00:00Z,,,,,,
,,,,,,AJA,,,,,LYS,,,,2025-10-14T23:59:59Z,2025-05-15T09:00:00Z,destination=AJA&origin=LYS&endRange=2025-10-14T23:59:59Z&startRange=2025-05-15T09:00:00Z,,,,,,
,,,,,,AJA,,,,,MRS,,,,2025-10-14T23:59:59Z,2025-05-15T09:00:00Z,destination=AJA&origin=MRS&endRange=2025-10-14T23:59:59Z&startRange=2025-05-15T09:00:00Z,,,,,,
,,,,,,AJA,,,,,NCE,,,,2025-10-14T23:59:59Z,2025-05-15T09:00:00Z,destination=AJA&origin=NCE&endRange=2025-10-14T23:59:59Z&startRange=2025-05-15T09:00:00Z,,,,,,
,,,,,,AJA,,,,,ORY,,,,2025-10-14T23:59:59Z,2025-05-15T09:00:00Z,destination=AJA&origin=ORY&endRange=2025-10-14T23:59:59Z&startRange=2025-05-15T09:00:00Z,,,,,,
,,,,,,ALC,,,,,ORY,,,,2025-10-14T23:59:59Z,2025-05-15T09:00:00Z,destination=ALC&origin=ORY&endRange=2025-10-14T23:59:59Z&startRange=2025-05-15T09:00:00Z,,,,,,
,,,,,,AMS,,,,,ARN,,,,2025-10-14T23:59:59Z,2025-05-15T09:00:00Z,destination=AMS&origin=ARN&endRange=2025-10-14T23:59:59Z&startRange=2025-05-15T09:00:00Z,,,,,,
,,,,,,AMS,,,,,ATH,,,,2025-10-14T23:59:59Z,2025-05-15T09:00:00Z,destination=AMS&origin=ATH&endRange=2025-10-14T23:59:59Z&startRange=2025-05-15T09:00:00Z,,,,,,
,,,,,,AMS,,,,,BCN,,,,2025-10-14T23:59:59Z,2025-05-15T09:00:00Z,destination=AMS&origin=BCN&endRange=2025-10-14T23:59:59Z&startRange=2025-05-15T09:00:00Z,,,,,,
,,,,,,AMS,,,,,BEG,,,,2025-10-14T23:59:59Z,2025-05-15T09:00:00Z,destination=AMS&origin=BEG&endRange=2025-10-14T23:59:59Z&startRange=2025-05-15T09:00:00Z,,,,,,
,,,,,,AMS,,,,,BER,,,,2025-10-14T23:59:59Z,2025-05-15T09:00:00Z,destination=AMS&origin=BER&endRange=2025-10-14T23:59:59Z&startRange=2025-05-15T09:00:00Z,,,,,,
,,,,,,AMS,,,,,BFS,,,,2025-10-14T23:59:59Z,2025-05-15T09:00:00Z,destination=AMS&origin=BFS&endRange=2025-10-14T23:59:59Z&startRange=2025-05-15T09:00:00Z,,,,,,
,,,,,,AMS,,,,,BGO,,,,2025-10-14T23:59:59Z,2025-05-15T09:00:00Z,destination=AMS&origin=BGO&endRange=2025-10-14T23:59:59Z&startRange=2025-05-15T09:00:00Z,,,,,,
,,,,,,AMS,,,,,BHD,,,,2025-10-14T23:59:59Z,2025-05-15T09:00:00Z,destination=AMS&origin=BHD&endRange=2025-10-14T23:59:59Z&startRange=2025-05-15T09:00:00Z,,,,,,
,,,,,,AMS,,,,,BHX,,,,2025-10-14T23:59:59Z,2025-05-15T09:00:00Z,destination=AMS&origin=BHX&endRange=2025-10-14T23:59:59Z&startRange=2025-05-15T09:00:00Z,,,,,,
,,,,,,AMS,,,,,BIO,,,,2025-10-14T23:59:59Z,2025-05-15T09:00:00Z,destination=AMS&origin=BIO&endRange=2025-10-14T23:59:59Z&startRange=2025-05-15T09:00:00Z,,,,,,
,,,,,,AMS,,,,,BLL,,,,2025-10-14T23:59:59Z,2025-05-15T09:00:00Z,destination=AMS&origin=BLL&endRange=2025-10-14T23:59:59Z&startRange=2025-05-15T09:00:00Z,,,,,,
,,,,,,AMS,,,,,BLQ,,,,2025-10-14T23:59:59Z,2025-05-15T09:00:00Z,destination=AMS&origin=BLQ&endRange=2025-10-14T23:59:59Z&startRange=2025-05-15T09:00:00Z,,,,,,
,,,,,,AMS,,,,,BOD,,,,2025-10-14T23:59:59Z,2025-05-15T09:00:00Z,destination=AMS&origin=BOD&endRange=2025-10-14T23:59:59Z&startRange=2025-05-15T09:00:00Z,,,,,,
,,,,,,AMS,,,,,BRE,,,,2025-10-14T23:59:59Z,2025-05-15T09:00:00Z,destination=AMS&origin=BRE&endRange=2025-10-14T23:59:59Z&startRange=2025-05-15T09:00:00Z,,,,,,
,,,,,,AMS,,,,,BRI,,,,2025-10-14T23:59:59Z,2025-05-15T09:00:00Z,destination=AMS&origin=BRI&endRange=2025-10-14T23:59:59Z&startRange=2025-05-15T09:00:00Z,,,,,,
,,,,,,AMS,,,,,BRS,,,,2025-10-14T23:59:59Z,2025-05-15T09:00:00Z,destination=AMS&origin=BRS&endRange=2025-10-14T23:59:59Z&startRange=2025-05-15T09:00:00Z,,,,,,
,,,,,,AMS,,,,,BRU,,,,2025-10-14T23:59:59Z,2025-05-15T09:00:00Z,destination=AMS&origin=BRU&endRange=2025-10-14T23:59:59Z&startRange=2025-05-15T09:00:00Z,,,,,,
,,,,,,AMS,,,,,BSL,,,,2025-10-14T23:59:59Z,2025-05-15T09:00:00Z,destination=AMS&origin=BSL&endRange=2025-10-14T23:59:59Z&startRange=2025-05-15T09:00:00Z,,,,,,
,,,,,,AMS,,,,,BUD,,,,2025-10-14T23:59:59Z,2025-05-15T09:00:00Z,destination=AMS&origin=BUD&endRange=2025-10-14T23:59:59Z&startRange=2025-05-15T09:00:00Z,,,,,,
,,,,,,AMS,,,,,CDG,,,,2025-10-14T23:59:59Z,2025-05-15T09:00:00Z,destination=AMS&origin=CDG&endRange=2025-10-14T23:59:59Z&startRange=2025-05-15T09:00:00Z,,,,,,
,,,,,,AMS,,,,,CFU,,,,2025-10-14T23:59:59Z,2025-05-15T09:00:00Z,destination=AMS&origin=CFU&endRange=2025-10-14T23:59:59Z&startRange=2025-05-15T09:00:00Z,,,,,,
,,,,,,AMS,,,,,CHQ,,,,2025-10-14T23:59:59Z,2025-05-15T09:00:00Z,destination=AMS&origin=CHQ&endRange=2025-10-14T23:59:59Z&startRange=2025-05-15T09:00:00Z,,,,,,
,,,,,,AMS,,,,,CPH,,,,2025-10-14T23:59:59Z,2025-05-15T09:00:00Z,destination=AMS&origin=CPH&endRange=2025-10-14T23:59:59Z&startRange=2025-05-15T09:00:00Z,,,,,,
,,,,,,AMS,,,,,CTA,,,,2025-10-14T23:59:59Z,2025-05-15T09:00:00Z,destination=AMS&origin=CTA&endRange=2025-10-14T23:59:59Z&startRange=2025-05-15T09:00:00Z,,,,,,
,,,,,,AMS,,,,,CWL,,,,2025-10-14T23:59:59Z,2025-05-15T09:00:00Z,destination=AMS&origin=CWL&endRange=2025-10-14T23:59:59Z&startRange=2025-05-15T09:00:00Z,,,,,,
,,,,,,AMS,,,,,DBV,,,,2025-10-14T23:59:59Z,2025-05-15T09:00:00Z,destination=AMS&origin=DBV&endRange=2025-10-14T23:59:59Z&startRange=2025-05-15T09:00:00Z,,,,,,
,,,,,,AMS,,,,,DUB,,,,2025-10-14T23:59:59Z,2025-05-15T09:00:00Z,destination=AMS&origin=DUB&endRange=2025-10-14T23:59:59Z&startRange=2025-05-15T09:00:00Z,,,,,,
,,,,,,AMS,,,,,DUS,,,,2025-10-14T23:59:59Z,2025-05-15T09:00:00Z,destination=AMS&origin=DUS&endRange=2025-10-14T23:59:59Z&startRange=2025-05-15T09:00:00Z,,,,,,
,,,,,,AMS,,,,,EDI,,,,2025-10-14T23:59:59Z,2025-05-15T09:00:00Z,destination=AMS&origin=EDI&endRange=2025-10-14T23:59:59Z&startRange=2025-05-15T09:00:00Z,,,,,,
,,,,,,AMS,,,,,EFL,,,,2025-10-14T23:59:59Z,2025-05-15T09:00:00Z,destination=AMS&origin=EFL&endRange=2025-10-14T23:59:59Z&startRange=2025-05-15T09:00:00Z,,,,,,
,,,,,,AMS,,,,,EXT,,,,2025-10-14T23:59:59Z,2025-05-15T09:00:00Z,destination=AMS&origin=EXT&endRange=2025-10-14T23:59:59Z&startRange=2025-05-15T09:00:00Z,,,,,,
,,,,,,AMS,,,,,FAO,,,,2025-10-14T23:59:59Z,2025-05-15T09:00:00Z,destination=AMS&origin=FAO&endRange=2025-10-14T23:59:59Z&startRange=2025-05-15T09:00:00Z,,,,,,
,,,,,,AMS,,,,,FCO,,,,2025-10-14T23:59:59Z,2025-05-15T09:00:00Z,destination=AMS&origin=FCO&endRange=2025-10-14T23:59:59Z&startRange=2025-05-15T09:00:00Z,,,,,,
,,,,,,AMS,,,,,FLR,,,,2025-10-14T23:59:59Z,2025-05-15T09:00:00Z,destination=AMS&origin=FLR&endRange=2025-10-14T23:59:59Z&startRange=2025-05-15T09:00:00Z,,,,,,
,,,,,,AMS,,,,,FRA,,,,2025-10-14T23:59:59Z,2025-05-15T09:00:00Z,destination=AMS&origin=FRA&endRange=2025-10-14T23:59:59Z&startRange=2025-05-15T09:00:00Z,,,,,,
,,,,,,AMS,,,,,FUE,,,,2025-10-14T23:59:59Z,2025-05-15T09:00:00Z,destination=AMS&origin=FUE&endRange=2025-10-14T23:59:59Z&startRange=2025-05-15T09:00:00Z,,,,,,
,,,,,,AMS,,,,,GDN,,,,2025-10-14T23:59:59Z,2025-05-15T09:00:00Z,destination=AMS&origin=GDN&endRange=2025-10-14T23:59:59Z&startRange=2025-05-15T09:00:00Z,,,,,,
,,,,,,AMS,,,,,GLA,,,,2025-10-14T23:59:59Z,2025-05-15T09:00:00Z,destination=AMS&origin=GLA&endRange=2025-10-14T23:59:59Z&startRange=2025-05-15T09:00:00Z,,,,,,
,,,,,,AMS,,,,,GOA,,,,2025-10-14T23:59:59Z,2025-05-15T09:00:00Z,destination=AMS&origin=GOA&endRange=2025-10-14T23:59:59Z&startRange=2025-05-15T09:00:00Z,,,,,,
,,,,,,AMS,,,,,GOT,,,,2025-10-14T23:59:59Z,2025-05-15T09:00:00Z,destination=AMS&origin=GOT&endRange=2025-10-14T23:59:59Z&startRange=2025-05-15T09:00:00Z,,,,,,
,,,,,,AMS,,,,,GRO,,,,2025-10-14T23:59:59Z,2025-05-15T09:00:00Z,destination=AMS&origin=GRO&endRange=2025-10-14T23:59:59Z&startRange=2025-05-15T09:00:00Z,,,,,,
,,,,,,AMS,,,,,GVA,,,,2025-10-14T23:59:59Z,2025-05-15T09:00:00Z,destination=AMS&origin=GVA&endRange=2025-10-14T23:59:59Z&startRange=2025-05-15T09:00:00Z,,,,,,
,,,,,,AMS,,,,,HAJ,,,,2025-10-14T23:59:59Z,2025-05-15T09:00:00Z,destination=AMS&origin=HAJ&endRange=2025-10-14T23:59:59Z&startRange=2025-05-15T09:00:00Z,,,,,,
,,,,,,AMS,,,,,HAM,,,,2025-10-14T23:59:59Z,2025-05-15T09:00:00Z,destination=AMS&origin=HAM&endRange=2025-10-14T23:59:59Z&startRange=2025-05-15T09:00:00Z,,,,,,
,,,,,,AMS,,,,,HEL,,,,2025-10-14T23:59:59Z,2025-05-15T09:00:00Z,destination=AMS&origin=HEL&endRange=2025-10-14T23:59:59Z&startRange=2025-05-15T09:00:00Z,,,,,,
,,,,,,AMS,,,,,HER,,,,2025-10-14T23:59:59Z,2025-05-15T09:00:00Z,destination=AMS&origin=HER&endRange=2025-10-14T23:59:59Z&startRange=2025-05-15T09:00:00Z,,,,,,
,,,,,,AMS,,,,,HUY,,,,2025-10-14T23:59:59Z,2025-05-15T09:00:00Z,destination=AMS&origin=HUY&endRange=2025-10-14T23:59:59Z&startRange=2025-05-15T09:00:00Z,,,,,,
,,,,,,AMS,,,,,IBZ,,,,2025-10-14T23:59:59Z,2025-05-15T09:00:00Z,destination=AMS&origin=IBZ&endRange=2025-10-14T23:59:59Z&startRange=2025-05-15T09:00:00Z,,,,,,
,,,,,,AMS,,,,,INV,,,,2025-10-14T23:59:59Z,2025-05-15T09:00:00Z,destination=AMS&origin=INV&endRange=2025-10-14T23:59:59Z&startRange=2025-05-15T09:00:00Z,,,,,,
,,,,,,AMS,,,,,KEF,,,,2025-10-14T23:59:59Z,2025-05-15T09:00:00Z,destination=AMS&origin=KEF&endRange=2025-10-14T23:59:59Z&startRange=2025-05-15T09:00:00Z,,,,,,
,,,,,,AMS,,,,,KGS,,,,2025-10-14T23:59:59Z,2025-05-15T09:00:00Z,destination=AMS&origin=KGS&endRange=2025-10-14T23:59:59Z&startRange=2025-05-15T09:00:00Z,,,,,,
,,,,,,AMS,,,,,KRK,,,,2025-10-14T23:59:59Z,2025-05-15T09:00:00Z,destination=AMS&origin=KRK&endRange=2025-10-14T23:59:59Z&startRange=2025-05-15T09:00:00Z,,,,,,
,,,,,,AMS,,,,,KRS,,,,2025-10-14T23:59:59Z,2025-05-15T09:00:00Z,destination=AMS&origin=KRS&endRange=2025-10-14T23:59:59Z&startRange=2025-05-15T09:00:00Z,,,,,,
,,,,,,AMS,,,,,LBA,,,,2025-10-14T23:59:59Z,2025-05-15T09:00:00Z,destination=AMS&origin=LBA&endRange=2025-10-14T23:59:59Z&startRange=2025-05-15T09:00:00Z,,,,,,
,,,,,,AMS,,,,,LCY,,,,2025-10-14T23:59:59Z,2025-05-15T09:00:00Z,destination=AMS&origin=LCY&endRange=2025-10-14T23:59:59Z&startRange=2025-05-15T09:00:00Z,,,,,,
,,,,,,AMS,,,,,LGW,,,,2025-10-14T23:59:59Z,2025-05-15T09:00:00Z,destination=AMS&origin=LGW&endRange=2025-10-14T23:59:59Z&startRange=2025-05-15T09:00:00Z,,,,,,
,,,,,,AMS,,,,,LHR,,,,2025-10-14T23:59:59Z,2025-05-15T09:00:00Z,destination=AMS&origin=LHR&endRange=2025-10-14T23:59:59Z&startRange=2025-05-15T09:00:00Z,,,,,,
,,,,,,AMS,,,,,LIN,,,,2025-10-14T23:59:59Z,2025-05-15T09:00:00Z,destination=AMS&origin=LIN&endRange=2025-10-14T23:59:59Z&startRange=2025-05-15T09:00:00Z,,,,,,
,,,,,,AMS,,,,,LIS,,,,2025-10-14T23:59:59Z,2025-05-15T09:00:00Z,destination=AMS&origin=LIS&endRange=2025-10-14T23:59:59Z&startRange=2025-05-15T09:00:00Z,,,,,,
,,,,,,AMS,,,,,LJU,,,,2025-10-14T23:59:59Z,2025-05-15T09:00:00Z,destination=AMS&origin=LJU&endRange=2025-10-14T23:59:59Z&startRange=2025-05-15T09:00:00Z,,,,,,
,,,,,,AMS,,,,,LPA,,,,2025-10-14T23:59:59Z,2025-05-15T09:00:00Z,destination=AMS&origin=LPA&endRange=2025-10-14T23:59:59Z&startRange=2025-05-15T09:00:00Z,,,,,,
,,,,,,AMS,,,,,LPL,,,,2025-10-14T23:59:59Z,2025-05-15T09:00:00Z,destination=AMS&origin=LPL&endRange=2025-10-14T23:59:59Z&startRange=2025-05-15T09:00:00Z,,,,,,
,,,,,,AMS,,,,,LTN,,,,2025-10-14T23:59:59Z,2025-05-15T09:00:00Z,destination=AMS&origin=LTN&endRange=2025-10-14T23:59:59Z&startRange=2025-05-15T09:00:00Z,,,,,,
,,,,,,AMS,,,,,LUX,,,,2025-10-14T23:59:59Z,2025-05-15T09:00:00Z,destination=AMS&origin=LUX&endRange=2025-10-14T23:59:59Z&startRange=2025-05-15T09:00:00Z,,,,,,
,,,,,,AMS,,,,,LYS,,,,2025-10-14T23:59:59Z,2025-05-15T09:00:00Z,destination=AMS&origin=LYS&endRange=2025-10-14T23:59:59Z&startRange=2025-05-15T09:00:00Z,,,,,,
,,,,,,AMS,,,,,MAD,,,,2025-10-14T23:59:59Z,2025-05-15T09:00:00Z,destination=AMS&origin=MAD&endRange=2025-10-14T23:59:59Z&startRange=2025-05-15T09:00:00Z,,,,,,
,,,,,,AMS,,,,,MAN,,,,2025-10-14T23:59:59Z,2025-05-15T09:00:00Z,destination=AMS&origin=MAN&endRange=2025-10-14T23:59:59Z&startRange=2025-05-15T09:00:00Z,,,,,,
,,,,,,AMS,,,,,MJT,,,,2025-10-14T23:59:59Z,2025-05-15T09:00:00Z,destination=AMS&origin=MJT&endRange=2025-10-14T23:59:59Z&startRange=2025-05-15T09:00:00Z,,,,,,
,,,,,,AMS,,,,,MLA,,,,2025-10-14T23:59:59Z,2025-05-15T09:00:00Z,destination=AMS&origin=MLA&endRange=2025-10-14T23:59:59Z&startRange=2025-05-15T09:00:00Z,,,,,,
,,,,,,AMS,,,,,MME,,,,2025-10-14T23:59:59Z,2025-05-15T09:00:00Z,destination=AMS&origin=MME&endRange=2025-10-14T23:59:59Z&startRange=2025-05-15T09:00:00Z,,,,,,
,,,,,,AMS,,,,,MRS,,,,2025-10-14T23:59:59Z,2025-05-15T09:00:00Z,destination=AMS&origin=MRS&endRange=2025-10-14T23:59:59Z&startRange=2025-05-15T09:00:00Z,,,,,,
,,,,,,AMS,,,,,MUC,,,,2025-10-14T23:59:59Z,2025-05-15T09:00:00Z,destination=AMS&origin=MUC&endRange=2025-10-14T23:59:59Z&startRange=2025-05-15T09:00:00Z,,,,,,
,,,,,,AMS,,,,,MXP,,,,2025-10-14T23:59:59Z,2025-05-15T09:00:00Z,destination=AMS&origin=MXP&endRange=2025-10-14T23:59:59Z&startRange=2025-05-15T09:00:00Z,,,,,,
,,,,,,AMS,,,,,NAP,,,,2025-10-14T23:59:59Z,2025-05-15T09:00:00Z,destination=AMS&origin=NAP&endRange=2025-10-14T23:59:59Z&startRange=2025-05-15T09:00:00Z,,,,,,
,,,,,,AMS,,,,,NCE,,,,2025-10-14T23:59:59Z,2025-05-15T09:00:00Z,destination=AMS&origin=NCE&endRange=2025-10-14T23:59:59Z&startRange=2025-05-15T09:00:00Z,,,,,,
,,,,,,AMS,,,,,NCL,,,,2025-10-14T23:59:59Z,2025-05-15T09:00:00Z,destination=AMS&origin=NCL&endRange=2025-10-14T23:59:59Z&startRange=2025-05-15T09:00:00Z,,,,,,
,,,,,,AMS,,,,,NTE,,,,2025-10-14T23:59:59Z,2025-05-15T09:00:00Z,destination=AMS&origin=NTE&endRange=2025-10-14T23:59:59Z&startRange=2025-05-15T09:00:00Z,,,,,,
,,,,,,AMS,,,,,NUE,,,,2025-10-14T23:59:59Z,2025-05-15T09:00:00Z,destination=AMS&origin=NUE&endRange=2025-10-14T23:59:59Z&startRange=2025-05-15T09:00:00Z,,,,,,
,,,,,,AMS,,,,,NWI,,,,2025-10-14T23:59:59Z,2025-05-15T09:00:00Z,destination=AMS&origin=NWI&endRange=2025-10-14T23:59:59Z&startRange=2025-05-15T09:00:00Z,,,,,,
,,,,,,AMS,,,,,OLB,,,,2025-10-14T23:59:59Z,2025-05-15T09:00:00Z,destination=AMS&origin=OLB&endRange=2025-10-14T23:59:59Z&startRange=2025-05-15T09:00:00Z,,,,,,
,,,,,,AMS,,,,,OPO,,,,2025-10-14T23:59:59Z,2025-05-15T09:00:00Z,destination=AMS&origin=OPO&endRange=2025-10-14T23:59:59Z&startRange=2025-05-15T09:00:00Z,,,,,,
,,,,,,AMS,,,,,ORK,,,,2025-10-14T23:59:59Z,2025-05-15T09:00:00Z,destination=AMS&origin=ORK&endRange=2025-10-14T23:59:59Z&startRange=2025-05-15T09:00:00Z,,,,,,
,,,,,,AMS,,,,,OSL,,,,2025-10-14T23:59:59Z,2025-05-15T09:00:00Z,destination=AMS&origin=OSL&endRange=2025-10-14T23:59:59Z&startRange=2025-05-15T09:00:00Z,,,,,,
,,,,,,AMS,,,,,OTP,,,,2025-10-14T23:59:59Z,2025-05-15T09:00:00Z,destination=AMS&origin=OTP&endRange=2025-10-14T23:59:59Z&startRange=2025-05-15T09:00:00Z,,,,,,
,,,,,,AMS,,,,,PMI,,,,2025-10-14T23:59:59Z,2025-05-15T09:00:00Z,destination=AMS&origin=PMI&endRange=2025-10-14T23:59:59Z&startRange=2025-05-15T09:00:00Z,,,,,,
,,,,,,AMS,,,,,POZ,,,,2025-10-14T23:59:59Z,2025-05-15T09:00:00Z,destination=AMS&origin=POZ&endRange=2025-10-14T23:59:59Z&startRange=2025-05-15T09:00:00Z,,,,,,
,,,,,,AMS,,,,,PRG,,,,2025-10-14T23:59:59Z,2025-05-15T09:00:00Z,destination=AMS&origin=PRG&endRange=2025-10-14T23:59:59Z&startRange=2025-05-15T09:00:00Z,,,,,,
,,,,,,AMS,,,,,PSA,,,,2025-10-14T23:59:59Z,2025-05-15T09:00:00Z,destination=AMS&origin=PSA&endRange=2025-10-14T23:59:59Z&startRange=2025-05-15T09:00:00Z,,,,,,
,,,,,,AMS,,,,,PVK,,,,2025-10-14T23:59:59Z,2025-05-15T09:00:00Z,destination=AMS&origin=PVK&endRange=2025-10-14T23:59:59Z&startRange=2025-05-15T09:00:00Z,,,,,,
,,,,,,AMS,,,,,RHO,,,,2025-10-14T23:59:59Z,2025-05-15T09:00:00Z,destination=AMS&origin=RHO&endRange=2025-10-14T23:59:59Z&startRange=2025-05-15T09:00:00Z,,,,,,
,,,,,,AMS,,,,,RIX,,,,2025-10-14T23:59:59Z,2025-05-15T09:00:00Z,destination=AMS&origin=RIX&endRange=2025-10-14T23:59:59Z&startRange=2025-05-15T09:00:00Z,,,,,,
,,,,,,AOK,,,,,AMS,,,,2025-10-14T23:59:59Z,2025-05-15T09:00:00Z,destination=AOK&origin=AMS&endRange=2025-10-14T23:59:59Z&startRange=2025-05-15T09:00:00Z,1.0,2.0,50.00%,<Response [200]>,,2025-10-19T14:34:02.771776
,,,,,,ATH,,,,,AMS,,,,2025-10-14T23:59:59Z,2025-05-15T09:00:00Z,destination=ATH&origin=AMS&endRange=2025-10-14T23:59:59Z&startRange=2025-05-15T09:00:00Z,1.0,10.0,10.00%,<Response [200]>,,2025-10-19T14:34:02.771776
,,,,,,BCN,,,,,AMS,,,,2025-10-14T23:59:59Z,2025-05-15T09:00:00Z,destination=BCN&origin=AMS&endRange=2025-10-14T23:59:59Z&startRange=2025-05-15T09:00:00Z,1.0,24.0,4.17%,<Response [200]>,,2025-10-19T14:34:02.771776
,,,,,,BEG,,,,,AMS,,,,2025-10-14T23:59:59Z,2025-05-15T09:00:00Z,destination=BEG&origin=AMS&endRange=2025-10-14T23:59:59Z&startRange=2025-05-15T09:00:00Z,1.0,5.0,20.00%,<Response [200]>,,2025-10-19T14:34:02.771776
,,,,,,BER,,,,,AMS,,,,2025-10-14T23:59:59Z,2025-05-15T09:00:00Z,destination=BER&origin=AMS&endRange=2025-10-14T23:59:59Z&startRange=2025-05-15T09:00:00Z,1.0,13.0,7.69%,<Response [200]>,,2025-10-19T14:34:02.771776
,,,,,,BFS,,,,,AMS,,,,2025-10-14T23:59:59Z,2025-05-15T09:00:00Z,destination=BFS&origin=AMS&endRange=2025-10-14T23:59:59Z&startRange=2025-05-15T09:00:00Z,1.0,2.0,50.00%,<Response [200]>,,2025-10-19T14:34:02.771776
,,,,,,BGO,,,,,ABZ,,,,2025-10-14T23:59:59Z,2025-05-15T09:00:00Z,destination=BGO&origin=ABZ&endRange=2025-10-14T23:59:59Z&startRange=2025-05-15T09:00:00Z,1.0,2.0,50.00%,<Response [200]>,,2025-10-19T14:34:02.771776
,,,,,,BGO,,,,,AES,,,,2025-10-14T23:59:59Z,2025-05-15T09:00:00Z,destination=BGO&origin=AES&endRange=2025-10-14T23:59:59Z&startRange=2025-05-15T09:00:00Z,1.0,4.0,25.00%,<Response [200]>,,2025-10-19T14:34:02.771776
,,,,,,BGO,,,,,AMS,,,,2025-10-14T23:59:59Z,2025-05-15T09:00:00Z,destination=BGO&origin=AMS&endRange=2025-10-14T23:59:59Z&startRange=2025-05-15T09:00:00Z,1.0,7.0,14.29%,<Response [200]>,,2025-10-19T14:34:02.771776
,,,,,,BHX,,,,,AMS,,,,2025-10-14T23:59:59Z,2025-05-15T09:00:00Z,destination=BHX&origin=AMS&endRange=2025-10-14T23:59:59Z&startRange=2025-05-15T09:00:00Z,1.0,10.0,10.00%,<Response [200]>,,2025-10-19T14:34:02.771776
,,,,,,BIA,,,,,FCO,,,,2025-10-14T23:59:59Z,2025-05-15T09:00:00Z,destination=BIA&origin=FCO&endRange=2025-10-14T23:59:59Z&startRange=2025-05-15T09:00:00Z,,,,<Response [404]>,"{""errors"":[{""name"":""FLIGHT NOT FOUND"",""severity"":""INFO""}]}",2025-10-19T14:34:02.771776
,,,,,,BIA,,,,,LYS,,,,2025-10-14T23:59:59Z,2025-05-15T09:00:00Z,destination=BIA&origin=LYS&endRange=2025-10-14T23:59:59Z&startRange=2025-05-15T09:00:00Z,1.0,2.0,50.00%,<Response [200]>,,2025-10-19T14:34:02.771776
,,,,,,BIA,,,,,MRS,,,,2025-10-14T23:59:59Z,2025-05-15T09:00:00Z,destination=BIA&origin=MRS&endRange=2025-10-14T23:59:59Z&startRange=2025-05-15T09:00:00Z,1.0,5.0,20.00%,<Response [200]>,,2025-10-19T14:34:02.771776
,,,,,,BIA,,,,,NCE,,,,2025-10-14T23:59:59Z,2025-05-15T09:00:00Z,destination=BIA&origin=NCE&endRange=2025-10-14T23:59:59Z&startRange=2025-05-15T09:00:00Z,1.0,5.0,20.00%,<Response [200]>,,2025-10-19T14:34:02.771776
,,,,,,BIA,,,,,ORY,,,,2025-10-14T23:59:59Z,2025-05-15T09:00:00Z,destination=BIA&origin=ORY&endRange=2025-10-14T23:59:59Z&startRange=2025-05-15T09:00:00Z,1.0,9.0,11.11%,<Response [200]>,,2025-10-19T14:34:02.771776
,,,,,,BIA,,,,,TLS,,,,2025-10-14T23:59:59Z,2025-05-15T09:00:00Z,destination=BIA&origin=TLS&endRange=2025-10-14T23:59:59Z&startRange=2025-05-15T09:00:00Z,,,,<Response [404]>,"{""errors"":[{""name"":""FLIGHT NOT FOUND"",""severity"":""INFO""}]}",2025-10-19T14:34:02.771776
,,,,,,BIO,,,,,AMS,,,,2025-10-14T23:59:59Z,2025-05-15T09:00:00Z,destination=BIO&origin=AMS&endRange=2025-10-14T23:59:59Z&startRange=2025-05-15T09:00:00Z,1.0,6.0,16.67%,<Response [200]>,,2025-10-19T14:34:02.771776
,,,,,,BIO,,,,,CDG,,,,2025-10-14T23:59:59Z,2025-05-15T09:00:00Z,destination=BIO&origin=CDG&endRange=2025-10-14T23:59:59Z&startRange=2025-05-15T09:00:00Z,1.0,4.0,25.00%,<Response [200]>,,2025-10-19T14:34:02.771776
,,,,,,BIO,,,,,MAD,,,,2025-10-14T23:59:59Z,2025-05-15T09:00:00Z,destination=BIO&origin=MAD&endRange=2025-10-14T23:59:59Z&startRange=2025-05-15T09:00:00Z,1.0,6.0,16.67%,<Response [200]>,,2025-10-19T14:34:02.771776
,,,,,,BIO,,,,,ORY,,,,2025-10-14T23:59:59Z,2025-05-15T09:00:00Z,destination=BIO&origin=ORY&endRange=2025-10-14T23:59:59Z&startRange=2025-05-15T09:00:00Z,1.0,3.0,33.33%,<Response [200]>,,2025-10-19T14:34:02.771776
,,,,,,BIO,,,,,PMI,,,,2025-10-14T23:59:59Z,2025-05-15T09:00:00Z,destination=BIO&origin=PMI&endRange=2025-10-14T23:59:59Z&startRange=2025-05-15T09:00:00Z,,,,<Response [404]>,"{""errors"":[{""name"":""FLIGHT NOT FOUND"",""severity"":""INFO""}]}",2025-10-19T14:34:02.771776
,,,,,,BIQ,,,,,AMS,,,,2025-10-14T23:59:59Z,2025-05-15T09:00:00Z,destination=BIQ&origin=AMS&endRange=2025-10-14T23:59:59Z&startRange=2025-05-15T09:00:00Z,,,,<Response [404]>,"{""errors"":[{""name"":""FLIGHT NOT FOUND"",""severity"":""INFO""}]}",2025-10-19T14:34:02.771776
,,,,,,BIQ,,,,,CDG,,,,2025-10-14T23:59:59Z,2025-05-15T09:00:00Z,destination=BIQ&origin=CDG&endRange=2025-10-14T23:59:59Z&startRange=2025-05-15T09:00:00Z,1.0,7.0,14.29%,<Response [200]>,,2025-10-19T14:34:02.771776
,,,,,,BIQ,,,,,FSC,,,,2025-10-14T23:59:59Z,2025-05-15T09:00:00Z,destination=BIQ&origin=FSC&endRange=2025-10-14T23:59:59Z&startRange=2025-05-15T09:00:00Z,,,,<Response [404]>,"{""errors"":[{""name"":""FLIGHT NOT FOUND"",""severity"":""INFO""}]}",2025-10-19T14:34:02.771776
,,,,,,BIQ,,,,,LYS,,,,2025-10-14T23:59:59Z,2025-05-15T09:00:00Z,destination=BIQ&origin=LYS&endRange=2025-10-14T23:59:59Z&startRange=2025-05-15T09:00:00Z,1.0,3.0,33.33%,<Response [200]>,,2025-10-19T14:34:02.771776
,,,,,,BIQ,,,,,ORY,,,,2025-10-14T23:59:59Z,2025-05-15T09:00:00Z,destination=BIQ&origin=ORY&endRange=2025-10-14T23:59:59Z&startRange=2025-05-15T09:00:00Z,1.0,5.0,20.00%,<Response [200]>,,2025-10-19T14:34:02.771776
,,,,,,BLL,,,,,AMS,,,,2025-10-14T23:59:59Z,2025-05-15T09:00:00Z,destination=BLL&origin=AMS&endRange=2025-10-14T23:59:59Z&startRange=2025-05-15T09:00:00Z,1.0,9.0,11.11%,<Response [200]>,,2025-10-19T14:34:02.771776
,,,,,,BLL,,,,,CDG,,,,2025-10-14T23:59:59Z,2025-05-15T09:00:00Z,destination=BLL&origin=CDG&endRange=2025-10-14T23:59:59Z&startRange=2025-05-15T09:00:00Z,1.0,4.0,25.00%,<Response [200]>,,2025-10-19T14:34:02.771776
,,,,,,BLL,,,,,FAE,,,,2025-10-14T23:59:59Z,2025-05-15T09:00:00Z,destination=BLL&origin=FAE&endRange=2025-10-14T23:59:59Z&startRange=2025-05-15T09:00:00Z,,,,<Response [404]>,"{""errors"":[{""name"":""FLIGHT NOT FOUND"",""severity"":""INFO""}]}",2025-10-19T14:34:02.771776
,,,,,,BLQ,,,,,AMS,,,,2025-10-14T23:59:59Z,2025-05-15T09:00:00Z,destination=BLQ&origin=AMS&endRange=2025-10-14T23:59:59Z&startRange=2025-05-15T09:00:00Z,1.0,6.0,16.67%,<Response [200]>,,2025-10-19T14:34:02.771776
,,,,,,BLQ,,,,,CDG,,,,2025-10-14T23:59:59Z,2025-05-15T09:00:00Z,destination=BLQ&origin=CDG&endRange=2025-10-14T23:59:59Z&startRange=2025-05-15T09:00:00Z,1.0,6.0,16.67%,<Response [200]>,,2025-10-19T14:34:02.771776
,,,,,,BLQ,,,,,FCO,,,,2025-10-14T23:59:59Z,2025-05-15T09:00:00Z,destination=BLQ&origin=FCO&endRange=2025-10-14T23:59:59Z&startRange=2025-05-15T09:00:00Z,1.0,5.0,20.00%,<Response [200]>,,2025-10-19T14:34:02.771776
,,,,,,BOD,,,,,AJA,,,,2025-10-14T23:59:59Z,2025-05-15T09:00:00Z,destination=BOD&origin=AJA&endRange=2025-10-14T23:59:59Z&startRange=2025-05-15T09:00:00Z,,,,<Response [404]>,"{""errors"":[{""name"":""FLIGHT NOT FOUND"",""severity"":""INFO""}]}",2025-10-19T14:34:02.771776
,,,,,,BOD,,,,,AMS,,,,2025-10-14T23:59:59Z,2025-05-15T09:00:00Z,destination=BOD&origin=AMS&endRange=2025-10-14T23:59:59Z&startRange=2025-05-15T09:00:00Z,1.0,6.0,16.67%,<Response [200]>,,2025-10-19T14:34:02.771776
,,,,,,BOD,,,,,CDG,,,,2025-10-14T23:59:59Z,2025-05-15T09:00:00Z,destination=BOD&origin=CDG&endRange=2025-10-14T23:59:59Z&startRange=2025-05-15T09:00:00Z,1.0,11.0,9.09%,<Response [200]>,,2025-10-19T14:34:02.771776
,,,,,,BOD,,,,,FSC,,,,2025-10-14T23:59:59Z,2025-05-15T09:00:00Z,destination=BOD&origin=FSC&endRange=2025-10-14T23:59:59Z&startRange=2025-05-15T09:00:00Z,,,,<Response [404]>,"{""errors"":[{""name"":""FLIGHT NOT FOUND"",""severity"":""INFO""}]}",2025-10-19T14:34:02.771776
,,,,,,BOD,,,,,LYS,,,,2025-10-14T23:59:59Z,2025-05-15T09:00:00Z,destination=BOD&origin=LYS&endRange=2025-10-14T23:59:59Z&startRange=2025-05-15T09:00:00Z,1.0,3.0,33.33%,<Response [200]>,,2025-10-19T14:34:02.771776
,,,,,,BOJ,,,,,AMS,,,,2025-10-14T23:59:59Z,2025-05-15T09:00:00Z,destination=BOJ&origin=AMS&endRange=2025-10-14T23:59:59Z&startRange=2025-05-15T09:00:00Z,,,,<Response [404]>,"{""errors"":[{""name"":""FLIGHT NOT FOUND"",""severity"":""INFO""}]}",2025-10-19T14:34:02.771776
,,,,,,BOJ,,,,,SOF,,,,2025-10-14T23:59:59Z,2025-05-15T09:00:00Z,destination=BOJ&origin=SOF&endRange=2025-10-14T23:59:59Z&startRange=2025-05-15T09:00:00Z,,,,<Response [404]>,"{""errors"":[{""name"":""FLIGHT NOT FOUND"",""severity"":""INFO""}]}",2025-10-19T14:34:02.771776
,,,,,,BOO,,,,,OSL,,,,2025-10-14T23:59:59Z,2025-05-15T09:00:00Z,destination=BOO&origin=OSL&endRange=2025-10-14T23:59:59Z&startRange=2025-05-15T09:00:00Z,1.0,9.0,11.11%,<Response [200]>,,2025-10-19T14:34:02.771776
,,,,,,BOO,,,,,TOS,,,,2025-10-14T23:59:59Z,2025-05-15T09:00:00Z,destination=BOO&origin=TOS&endRange=2025-10-14T23:59:59Z&startRange=2025-05-15T09:00:00Z,,,,<Response [404]>,"{""errors"":[{""name"":""FLIGHT NOT FOUND"",""severity"":""INFO""}]}",2025-10-19T14:34:02.771776
,,,,,,BOO,,,,,TRD,,,,2025-10-14T23:59:59Z,2025-05-15T09:00:00Z,destination=BOO&origin=TRD&endRange=2025-10-14T23:59:59Z&startRange=2025-05-15T09:00:00Z,1.0,5.0,20.00%,<Response [200]>,,2025-10-19T14:34:02.771776
,,,,,,BRE,,,,,AMS,,,,2025-10-14T23:59:59Z,2025-05-15T09:00:00Z,destination=BRE&origin=AMS&endRange=2025-10-14T23:59:59Z&startRange=2025-05-15T09:00:00Z,1.0,6.0,16.67%,<Response [200]>,,2025-10-19T14:34:02.771776
,,,,,,BRI,,,,,AMS,,,,2025-10-14T23:59:59Z,2025-05-15T09:00:00Z,destination=BRI&origin=AMS&endRange=2025-10-14T23:59:59Z&startRange=2025-05-15T09:00:00Z,1.0,2.0,50.00%,<Response [200]>,,2025-10-19T14:34:02.771776
,,,,,,BRI,,,,,CDG,,,,2025-10-14T23:59:59Z,2025-05-15T09:00:00Z,destination=BRI&origin=CDG&endRange=2025-10-14T23:59:59Z&startRange=2025-05-15T09:00:00Z,1.0,2.0,50.00%,<Response [200]>,,2025-10-19T14:34:02.771776
,,,,,,BRI,,,,,FCO,,,,2025-10-14T23:59:59Z,2025-05-15T09:00:00Z,destination=BRI&origin=FCO&endRange=2025-10-14T23:59:59Z&startRange=2025-05-15T09:00:00Z,1.0,5.0,20.00%,<Response [200]>,,2025-10-19T14:34:02.771776
,,,,,,BRI,,,,,LIN,,,,2025-10-14T23:59:59Z,2025-05-15T09:00:00Z,destination=BRI&origin=LIN&endRange=2025-10-14T23:59:59Z&startRange=2025-05-15T09:00:00Z,1.0,6.0,16.67%,<Response [200]>,,2025-10-19T14:34:02.771776
,,,,,,BRI,,,,,ORY,,,,2025-10-14T23:59:59Z,2025-05-15T09:00:00Z,destination=BRI&origin=ORY&endRange=2025-10-14T23:59:59Z&startRange=2025-05-15T09:00:00Z,1.0,2.0,50.00%,<Response [200]>,,2025-10-19T14:34:02.771776
,,,,,,BRS,,,,,AMS,,,,2025-10-14T23:59:59Z,2025-05-15T09:00:00Z,destination=BRS&origin=AMS&endRange=2025-10-14T23:59:59Z&startRange=2025-05-15T09:00:00Z,1.0,10.0,10.00%,<Response [200]>,,2025-10-19T14:34:02.771776
,,,,,,BRS,,,,,CDG,,,,2025-10-14T23:59:59Z,2025-05-15T09:00:00Z,destination=BRS&origin=CDG&endRange=2025-10-14T23:59:59Z&startRange=2025-05-15T09:00:00Z,1.0,4.0,25.00%,<Response [200]>,,2025-10-19T14:34:02.771776
,,,,,,BRU,,,,,AMS,,,,2025-10-14T23:59:59Z,2025-05-15T09:00:00Z,destination=BRU&origin=AMS&endRange=2025-10-14T23:59:59Z&startRange=2025-05-15T09:00:00Z,1.0,7.0,14.29%,<Response [200]>,,2025-10-19T14:34:02.771776
,,,,,,BRU,,,,,CDG,,,,2025-10-14T23:59:59Z,2025-05-15T09:00:00Z,destination=BRU&origin=CDG&endRange=2025-10-14T23:59:59Z&startRange=2025-05-15T09:00:00Z,1.0,5.0,20.00%,<Response [200]>,,2025-10-19T14:34:02.771776
,,,,,,BRU,,,,,FCO,,,,2025-10-14T23:59:59Z,2025-05-15T09:00:00Z,destination=BRU&origin=FCO&endRange=2025-10-14T23:59:59Z&startRange=2025-05-15T09:00:00Z,1.0,2.0,50.00%,<Response [200]>,,2025-10-19T14:34:02.771776
,,,,,,BRU,,,,,LIN,,,,2025-10-14T23:59:59Z,2025-05-15T09:00:00Z,destination=BRU&origin=LIN&endRange=2025-10-14T23:59:59Z&startRange=2025-05-15T09:00:00Z,,,,<Response [404]>,"{""errors"":[{""name"":""FLIGHT NOT FOUND"",""severity"":""INFO""}]}",2025-10-19T14:34:02.771776
,,,,,,BRU,,,,,MAD,,,,2025-10-14T23:59:59Z,2025-05-15T09:00:00Z,destination=BRU&origin=MAD&endRange=2025-10-14T23:59:59Z&startRange=2025-05-15T09:00:00Z,,,,<Response [404]>,"{""errors"":[{""name"":""FLIGHT NOT FOUND"",""severity"":""INFO""}]}",2025-10-19T14:34:02.771776
,,,,,,BSL,,,,,AMS,,,,2025-10-14T23:59:59Z,2025-05-15T09:00:00Z,destination=BSL&origin=AMS&endRange=2025-10-14T23:59:59Z&startRange=2025-05-15T09:00:00Z,1.0,8.0,12.50%,<Response [200]>,,2025-10-19T14:34:02.771776
,,,,,,BSL,,,,,CDG,,,,2025-10-14T23:59:59Z,2025-05-15T09:00:00Z,destination=BSL&origin=CDG&endRange=2025-10-14T23:59:59Z&startRange=2025-05-15T09:00:00Z,1.0,3.0,33.33%,<Response [200]>,,2025-10-19T14:34:02.771776
,,,,,,BUD,,,,,AMS,,,,2025-10-14T23:59:59Z,2025-05-15T09:00:00Z,destination=BUD&origin=AMS&endRange=2025-10-14T23:59:59Z&startRange=2025-05-15T09:00:00Z,1.0,8.0,12.50%,<Response [200]>,,2025-10-19T14:34:02.771776
,,,,,,BUD,,,,,CDG,,,,2025-10-14T23:59:59Z,2025-05-15T09:00:00Z,destination=BUD&origin=CDG&endRange=2025-10-14T23:59:59Z&startRange=2025-05-15T09:00:00Z,1.0,5.0,20.00%,<Response [200]>,,2025-10-19T14:34:02.771776
,,,,,,BUD,,,,,ORY,,,,2025-10-14T23:59:59Z,2025-05-15T09:00:00Z,destination=BUD&origin=ORY&endRange=2025-10-14T23:59:59Z&startRange=2025-05-15T09:00:00Z,1.0,2.0,50.00%,<Response [200]>,,2025-10-19T14:34:02.771776
,,,,,,BUD,,,,,OTP,,,,2025-10-14T23:59:59Z,2025-05-15T09:00:00Z,destination=BUD&origin=OTP&endRange=2025-10-14T23:59:59Z&startRange=2025-05-15T09:00:00Z,,,,<Response [404]>,"{""errors"":[{""name"":""FLIGHT NOT FOUND"",""severity"":""INFO""}]}",2025-10-19T14:34:02.771776
,,,,,,CAG,,,,,AMS,,,,2025-10-14T23:59:59Z,2025-05-15T09:00:00Z,destination=CAG&origin=AMS&endRange=2025-10-14T23:59:59Z&startRange=2025-05-15T09:00:00Z,,,,<Response [404]>,"{""errors"":[{""name"":""FLIGHT NOT FOUND"",""severity"":""INFO""}]}",2025-10-19T14:34:02.771776
,,,,,,CAG,,,,,CDG,,,,2025-10-14T23:59:59Z,2025-05-15T09:00:00Z,destination=CAG&origin=CDG&endRange=2025-10-14T23:59:59Z&startRange=2025-05-15T09:00:00Z,,,,<Response [404]>,"{""errors"":[{""name"":""FLIGHT NOT FOUND"",""severity"":""INFO""}]}",2025-10-19T14:34:02.771776
,,,,,,CAG,,,,,ORY,,,,2025-10-14T23:59:59Z,2025-05-15T09:00:00Z,destination=CAG&origin=ORY&endRange=2025-10-14T23:59:59Z&startRange=2025-05-15T09:00:00Z,1.0,2.0,50.00%,<Response [200]>,,2025-10-19T14:34:02.771776
,,,,,,CDG,,,,,ACE,,,,2025-10-14T23:59:59Z,2025-05-15T09:00:00Z,destination=CDG&origin=ACE&endRange=2025-10-14T23:59:59Z&startRange=2025-05-15T09:00:00Z,,,,<Response [404]>,"{""errors"":[{""name"":""FLIGHT NOT FOUND"",""severity"":""INFO""}]}",2025-10-19T14:34:02.771776
,,,,,,CDG,,,,,AGP,,,,2025-10-14T23:59:59Z,2025-05-15T09:00:00Z,destination=CDG&origin=AGP&endRange=2025-10-14T23:59:59Z&startRange=2025-05-15T09:00:00Z,1.0,6.0,16.67%,<Response [200]>,,2025-10-19T14:34:02.771776
,,,,,,CDG,,,,,AHO,,,,2025-10-14T23:59:59Z,2025-05-15T09:00:00Z,destination=CDG&origin=AHO&endRange=2025-10-14T23:59:59Z&startRange=2025-05-15T09:00:00Z,,,,<Response [404]>,"{""errors"":[{""name"":""FLIGHT NOT FOUND"",""severity"":""INFO""}]}",2025-10-19T14:34:02.771776
,,,,,,CDG,,,,,AJA,,,,2025-10-14T23:59:59Z,2025-05-15T09:00:00Z,destination=CDG&origin=AJA&endRange=2025-10-14T23:59:59Z&startRange=2025-05-15T09:00:00Z,1.0,2.0,50.00%,<Response [200]>,,2025-10-19T14:34:02.771776
,,,,,,CDG,,,,,AMS,,,,2025-10-14T23:59:59Z,2025-05-15T09:00:00Z,destination=CDG&origin=AMS&endRange=2025-10-14T23:59:59Z&startRange=2025-05-15T09:00:00Z,1.0,22.0,4.55%,<Response [200]>,,2025-10-19T14:34:02.771776
,,,,,,CDG,,,,,ARN,,,,2025-10-14T23:59:59Z,2025-05-15T09:00:00Z,destination=CDG&origin=ARN&endRange=2025-10-14T23:59:59Z&startRange=2025-05-15T09:00:00Z,1.0,9.0,11.11%,<Response [200]>,,2025-10-19T14:34:02.771776
,,,,,,CDG,,,,,ATH,,,,2025-10-14T23:59:59Z,2025-05-15T09:00:00Z,destination=CDG&origin=ATH&endRange=2025-10-14T23:59:59Z&startRange=2025-05-15T09:00:00Z,1.0,15.0,6.67%,<Response [200]>,,2025-10-19T14:34:02.771776
,,,,,,CDG,,,,,BCN,,,,2025-10-14T23:59:59Z,2025-05-15T09:00:00Z,destination=CDG&origin=BCN&endRange=2025-10-14T23:59:59Z&startRange=2025-05-15T09:00:00Z,1.0,18.0,5.56%,<Response [200]>,,2025-10-19T14:34:02.771776
,,,,,,CDG,,,,,BEG,,,,2025-10-14T23:59:59Z,2025-05-15T09:00:00Z,destination=CDG&origin=BEG&endRange=2025-10-14T23:59:59Z&startRange=2025-05-15T09:00:00Z,1.0,4.0,25.00%,<Response [200]>,,2025-10-19T14:34:02.771776
,,,,,,CDG,,,,,BER,,,,2025-10-14T23:59:59Z,2025-05-15T09:00:00Z,destination=CDG&origin=BER&endRange=2025-10-14T23:59:59Z&startRange=2025-05-15T09:00:00Z,1.0,11.0,9.09%,<Response [200]>,,2025-10-19T14:34:02.771776
,,,,,,CDG,,,,,BES,,,,2025-10-14T23:59:59Z,2025-05-15T09:00:00Z,destination=CDG&origin=BES&endRange=2025-10-14T23:59:59Z&startRange=2025-05-15T09:00:00Z,1.0,6.0,16.67%,<Response [200]>,,2025-10-19T14:34:02.771776
,,,,,,CDG,,,,,BFS,,,,2025-10-14T23:59:59Z,2025-05-15T09:00:00Z,destination=CDG&origin=BFS&endRange=2025-10-14T23:59:59Z&startRange=2025-05-15T09:00:00Z,1.0,2.0,50.00%,<Response [200]>,,2025-10-19T14:34:02.771776
,,,,,,CDG,,,,,BGO,,,,2025-10-14T23:59:59Z,2025-05-15T09:00:00Z,destination=CDG&origin=BGO&endRange=2025-10-14T23:59:59Z&startRange=2025-05-15T09:00:00Z,1.0,2.0,50.00%,<Response [200]>,,2025-10-19T14:34:02.771776
,,,,,,CDG,,,,,BHX,,,,2025-10-14T23:59:59Z,2025-05-15T09:00:00Z,destination=CDG&origin=BHX&endRange=2025-10-14T23:59:59Z&startRange=2025-05-15T09:00:00Z,1.0,7.0,14.29%,<Response [200]>,,2025-10-19T14:34:02.771776
,,,,,,CDG,,,,,BIA,,,,2025-10-14T23:59:59Z,2025-05-15T09:00:00Z,destination=CDG&origin=BIA&endRange=2025-10-14T23:59:59Z&startRange=2025-05-15T09:00:00Z,,,,<Response [404]>,"{""errors"":[{""name"":""FLIGHT NOT FOUND"",""severity"":""INFO""}]}",2025-10-19T14:34:02.771776
,,,,,,CDG,,,,,BIO,,,,2025-10-14T23:59:59Z,2025-05-15T09:00:00Z,destination=CDG&origin=BIO&endRange=2025-10-14T23:59:59Z&startRange=2025-05-15T09:00:00Z,1.0,4.0,25.00%,<Response [200]>,,2025-10-19T14:34:02.771776
,,,,,,CDG,,,,,BIQ,,,,2025-10-14T23:59:59Z,2025-05-15T09:00:00Z,destination=CDG&origin=BIQ&endRange=2025-10-14T23:59:59Z&startRange=2025-05-15T09:00:00Z,1.0,7.0,14.29%,<Response [200]>,,2025-10-19T14:34:02.771776
,,,,,,CDG,,,,,BLL,,,,2025-10-14T23:59:59Z,2025-05-15T09:00:00Z,destination=CDG&origin=BLL&endRange=2025-10-14T23:59:59Z&startRange=2025-05-15T09:00:00Z,1.0,4.0,25.00%,<Response [200]>,,2025-10-19T14:34:02.771776
,,,,,,CDG,,,,,BLQ,,,,2025-10-14T23:59:59Z,2025-05-15T09:00:00Z,destination=CDG&origin=BLQ&endRange=2025-10-14T23:59:59Z&startRange=2025-05-15T09:00:00Z,1.0,6.0,16.67%,<Response [200]>,,2025-10-19T14:34:02.771776
,,,,,,CDG,,,,,BOD,,,,2025-10-14T23:59:59Z,2025-05-15T09:00:00Z,destination=CDG&origin=BOD&endRange=2025-10-14T23:59:59Z&startRange=2025-05-15T09:00:00Z,1.0,11.0,9.09%,<Response [200]>,,2025-10-19T14:34:02.771776
,,,,,,CDG,,,,,BRI,,,,2025-10-14T23:59:59Z,2025-05-15T09:00:00Z,destination=CDG&origin=BRI&endRange=2025-10-14T23:59:59Z&startRange=2025-05-15T09:00:00Z,1.0,2.0,50.00%,<Response [200]>,,2025-10-19T14:34:02.771776
,,,,,,CDG,,,,,BRS,,,,2025-10-14T23:59:59Z,2025-05-15T09:00:00Z,destination=CDG&origin=BRS&endRange=2025-10-14T23:59:59Z&startRange=2025-05-15T09:00:00Z,1.0,4.0,25.00%,<Response [200]>,,2025-10-19T14:34:02.771776
,,,,,,CDG,,,,,BRU,,,,2025-10-14T23:59:59Z,2025-05-15T09:00:00Z,destination=CDG&origin=BRU&endRange=2025-10-14T23:59:59Z&startRange=2025-05-15T09:00:00Z,1.0,5.0,20.00%,<Response [200]>,,2025-10-19T14:34:02.771776
,,,,,,CDG,,,,,BSL,,,,2025-10-14T23:59:59Z,2025-05-15T09:00:00Z,destination=CDG&origin=BSL&endRange=2025-10-14T23:59:59Z&startRange=2025-05-15T09:00:00Z,1.0,3.0,33.33%,<Response [200]>,,2025-10-19T14:34:02.771776
,,,,,,CDG,,,,,BUD,,,,2025-10-14T23:59:59Z,2025-05-15T09:00:00Z,destination=CDG&origin=BUD&endRange=2025-10-14T23:59:59Z&startRange=2025-05-15T09:00:00Z,1.0,5.0,20.00%,<Response [200]>,,2025-10-19T14:34:02.771776
,,,,,,CDG,,,,,CAG,,,,2025-10-14T23:59:59Z,2025-05-15T09:00:00Z,destination=CDG&origin=CAG&endRange=2025-10-14T23:59:59Z&startRange=2025-05-15T09:00:00Z,,,,<Response [404]>,"{""errors"":[{""name"":""FLIGHT NOT FOUND"",""severity"":""INFO""}]}",2025-10-19T14:34:02.771776
,,,,,,CDG,,,,,CDG,,,,2025-10-14T23:59:59Z,2025-05-15T09:00:00Z,destination=CDG&origin=CDG&endRange=2025-10-14T23:59:59Z&startRange=2025-05-15T09:00:00Z,1.0,75.0,1.33%,<Response [200]>,,2025-10-19T14:34:02.771776
,,,,,,CDG,,,,,CFU,,,,2025-10-14T23:59:59Z,2025-05-15T09:00:00Z,destination=CDG&origin=CFU&endRange=2025-10-14T23:59:59Z&startRange=2025-05-15T09:00:00Z,1.0,2.0,50.00%,<Response [200]>,,2025-10-19T14:34:02.771776
,,,,,,CDG,,,,,CPH,,,,2025-10-14T23:59:59Z,2025-05-15T09:00:00Z,destination=CDG&origin=CPH&endRange=2025-10-14T23:59:59Z&startRange=2025-05-15T09:00:00Z,1.0,15.0,6.67%,<Response [200]>,,2025-10-19T14:34:02.771776
,,,,,,CDG,,,,,CTA,,,,2025-10-14T23:59:59Z,2025-05-15T09:00:00Z,destination=CDG&origin=CTA&endRange=2025-10-14T23:59:59Z&startRange=2025-05-15T09:00:00Z,1.0,3.0,33.33%,<Response [200]>,,2025-10-19T14:34:02.771776
,,,,,,CDG,,,,,DBV,,,,2025-10-14T23:59:59Z,2025-05-15T09:00:00Z,destination=CDG&origin=DBV&endRange=2025-10-14T23:59:59Z&startRange=2025-05-15T09:00:00Z,1.0,3.0,33.33%,<Response [200]>,,2025-10-19T14:34:02.771776
,,,,,,CDG,,,,,DUB,,,,2025-10-14T23:59:59Z,2025-05-15T09:00:00Z,destination=CDG&origin=DUB&endRange=2025-10-14T23:59:59Z&startRange=2025-05-15T09:00:00Z,1.0,12.0,8.33%,<Response [200]>,,2025-10-19T14:34:02.771776
,,,,,,CDG,,,,,DUS,,,,2025-10-14T23:59:59Z,2025-05-15T09:00:00Z,destination=CDG&origin=DUS&endRange=2025-10-14T23:59:59Z&startRange=2025-05-15T09:00:00Z,1.0,7.0,14.29%,<Response [200]>,,2025-10-19T14:34:02.771776
,,,,,,CDG,,,,,EDI,,,,2025-10-14T23:59:59Z,2025-05-15T09:00:00Z,destination=CDG&origin=EDI&endRange=2025-10-14T23:59:59Z&startRange=2025-05-15T09:00:00Z,1.0,9.0,11.11%,<Response [200]>,,2025-10-19T14:34:02.771776
,,,,,,CDG,,,,,FAE,,,,2025-10-14T23:59:59Z,2025-05-15T09:00:00Z,destination=CDG&origin=FAE&endRange=2025-10-14T23:59:59Z&startRange=2025-05-15T09:00:00Z,,,,<Response [404]>,"{""errors"":[{""name"":""FLIGHT NOT FOUND"",""severity"":""INFO""}]}",2025-10-19T14:34:02.771776
,,,,,,CDG,,,,,FAO,,,,2025-10-14T23:59:59Z,2025-05-15T09:00:00Z,destination=CDG&origin=FAO&endRange=2025-10-14T23:59:59Z&startRange=2025-05-15T09:00:00Z,,,,<Response [404]>,"{""errors"":[{""name"":""FLIGHT NOT FOUND"",""severity"":""INFO""}]}",2025-10-19T14:34:02.771776
,,,,,,CDG,,,,,FCO,,,,2025-10-14T23:59:59Z,2025-05-15T09:00:00Z,destination=CDG&origin=FCO&endRange=2025-10-14T23:59:59Z&startRange=2025-05-15T09:00:00Z,1.0,17.0,5.88%,<Response [200]>,,2025-10-19T14:34:02.771776
,,,,,,CDG,,,,,FLR,,,,2025-10-14T23:59:59Z,2025-05-15T09:00:00Z,destination=CDG&origin=FLR&endRange=2025-10-14T23:59:59Z&startRange=2025-05-15T09:00:00Z,1.0,11.0,9.09%,<Response [200]>,,2025-10-19T14:34:02.771776
,,,,,,CDG,,,,,FNC,,,,2025-10-14T23:59:59Z,2025-05-15T09:00:00Z,destination=CDG&origin=FNC&endRange=2025-10-14T23:59:59Z&startRange=2025-05-15T09:00:00Z,1.0,2.0,50.00%,<Response [200]>,,2025-10-19T14:34:02.771776
,,,,,,CDG,,,,,FRA,,,,2025-10-14T23:59:59Z,2025-05-15T09:00:00Z,destination=CDG&origin=FRA&endRange=2025-10-14T23:59:59Z&startRange=2025-05-15T09:00:00Z,1.0,18.0,5.56%,<Response [200]>,,2025-10-19T14:34:02.771776
,,,,,,CDG,,,,,FSC,,,,2025-10-14T23:59:59Z,2025-05-15T09:00:00Z,destination=CDG&origin=FSC&endRange=2025-10-14T23:59:59Z&startRange=2025-05-15T09:00:00Z,1.0,2.0,50.00%,<Response [200]>,,2025-10-19T14:34:02.771776
,,,,,,CDG,,,,,FUE,,,,2025-10-14T23:59:59Z,2025-05-15T09:00:00Z,destination=CDG&origin=FUE&endRange=2025-10-14T23:59:59Z&startRange=2025-05-15T09:00:00Z,,,,<Response [404]>,"{""errors"":[{""name"":""FLIGHT NOT FOUND"",""severity"":""INFO""}]}",2025-10-19T14:34:02.771776
,,,,,,CDG,,,,,GLA,,,,2025-10-14T23:59:59Z,2025-05-15T09:00:00Z,destination=CDG&origin=GLA&endRange=2025-10-14T23:59:59Z&startRange=2025-05-15T09:00:00Z,1.0,4.0,25.00%,<Response [200]>,,2025-10-19T14:34:02.771776
,,,,,,CDG,,,,,GOT,,,,2025-10-14T23:59:59Z,2025-05-15T09:00:00Z,destination=CDG&origin=GOT&endRange=2025-10-14T23:59:59Z&startRange=2025-05-15T09:00:00Z,1.0,4.0,25.00%,<Response [200]>,,2025-10-19T14:34:02.771776
,,,,,,CDG,,,,,GVA,,,,2025-10-14T23:59:59Z,2025-05-15T09:00:00Z,destination=CDG&origin=GVA&endRange=2025-10-14T23:59:59Z&startRange=2025-05-15T09:00:00Z,1.0,11.0,9.09%,<Response [200]>,,2025-10-19T14:34:02.771776
,,,,,,CDG,,,,,HAJ,,,,2025-10-14T23:59:59Z,2025-05-15T09:00:00Z,destination=CDG&origin=HAJ&endRange=2025-10-14T23:59:59Z&startRange=2025-05-15T09:00:00Z,1.0,5.0,20.00%,<Response [200]>,,2025-10-19T14:34:02.771776
,,,,,,CDG,,,,,HAM,,,,2025-10-14T23:59:59Z,2025-05-15T09:00:00Z,destination=CDG&origin=HAM&endRange=2025-10-14T23:59:59Z&startRange=2025-05-15T09:00:00Z,1.0,8.0,12.50%,<Response [200]>,,2025-10-19T14:34:02.771776
,,,,,,CDG,,,,,HEL,,,,2025-10-14T23:59:59Z,2025-05-15T09:00:00Z,destination=CDG&origin=HEL&endRange=2025-10-14T23:59:59Z&startRange=2025-05-15T09:00:00Z,1.0,10.0,10.00%,<Response [200]>,,2025-10-19T14:34:02.771776
,,,,,,CDG,,,,,HER,,,,2025-10-14T23:59:59Z,2025-05-15T09:00:00Z,destination=CDG&origin=HER&endRange=2025-10-14T23:59:59Z&startRange=2025-05-15T09:00:00Z,1,5,20.00%,<Response [200]>,,2025-10-19T14:39:52.077216
,,,,,,CDG,,,,,IBZ,,,,2025-10-14T23:59:59Z,2025-05-15T09:00:00Z,destination=CDG&origin=IBZ&endRange=2025-10-14T23:59:59Z&startRange=2025-05-15T09:00:00Z,1,3,33.33%,<Response [200]>,,2025-10-19T14:39:52.077216
,,,,,,CDG,,,,,JER,,,,2025-10-14T23:59:59Z,2025-05-15T09:00:00Z,destination=CDG&origin=JER&endRange=2025-10-14T23:59:59Z&startRange=2025-05-15T09:00:00Z,,,,<Response [404]>,"{""errors"":[{""name"":""FLIGHT NOT FOUND"",""severity"":""INFO""}]}",2025-10-19T14:39:52.077216
,,,,,,CDG,,,,,JMK,,,,2025-10-14T23:59:59Z,2025-05-15T09:00:00Z,destination=CDG&origin=JMK&endRange=2025-10-14T23:59:59Z&startRange=2025-05-15T09:00:00Z,,,,<Response [404]>,"{""errors"":[{""name"":""FLIGHT NOT FOUND"",""severity"":""INFO""}]}",2025-10-19T14:39:52.077216
,,,,,,CDG,,,,,JTR,,,,2025-10-14T23:59:59Z,2025-05-15T09:00:00Z,destination=CDG&origin=JTR&endRange=2025-10-14T23:59:59Z&startRange=2025-05-15T09:00:00Z,,,,<Response [404]>,"{""errors"":[{""name"":""FLIGHT NOT FOUND"",""severity"":""INFO""}]}",2025-10-19T14:39:52.077216
,,,,,,CDG,,,,,KEF,,,,2025-10-14T23:59:59Z,2025-05-15T09:00:00Z,destination=CDG&origin=KEF&endRange=2025-10-14T23:59:59Z&startRange=2025-05-15T09:00:00Z,1,6,16.67%,<Response [200]>,,2025-10-19T14:39:52.077216
,,,,,,CDG,,,,,KGS,,,,2025-10-14T23:59:59Z,2025-05-15T09:00:00Z,destination=CDG&origin=KGS&endRange=2025-10-14T23:59:59Z&startRange=2025-05-15T09:00:00Z,,,,<Response [404]>,"{""errors"":[{""name"":""FLIGHT NOT FOUND"",""severity"":""INFO""}]}",2025-10-19T14:39:52.077216
,,,,,,CDG,,,,,KRK,,,,2025-10-14T23:59:59Z,2025-05-15T09:00:00Z,destination=CDG&origin=KRK&endRange=2025-10-14T23:59:59Z&startRange=2025-05-15T09:00:00Z,1,3,33.33%,<Response [200]>,,2025-10-19T14:39:52.077216
,,,,,,CDG,,,,,LBA,,,,2025-10-14T23:59:59Z,2025-05-15T09:00:00Z,destination=CDG&origin=LBA&endRange=2025-10-14T23:59:59Z&startRange=2025-05-15T09:00:00Z,1,2,50.00%,<Response [200]>,,2025-10-19T14:39:52.077216
,,,,,,CDG,,,,,LGW,,,,2025-10-14T23:59:59Z,2025-05-15T09:00:00Z,destination=CDG&origin=LGW&endRange=2025-10-14T23:59:59Z&startRange=2025-05-15T09:00:00Z,1,7,14.29%,<Response [200]>,,2025-10-19T14:39:52.077216
,,,,,,CDG,,,,,LHR,,,,2025-10-14T23:59:59Z,2025-05-15T09:00:00Z,destination=CDG&origin=LHR&endRange=2025-10-14T23:59:59Z&startRange=2025-05-15T09:00:00Z,1,19,5.26%,<Response [200]>,,2025-10-19T14:39:52.077216
,,,,,,CDG,,,,,LIN,,,,2025-10-14T23:59:59Z,2025-05-15T09:00:00Z,destination=CDG&origin=LIN&endRange=2025-10-14T23:59:59Z&startRange=2025-05-15T09:00:00Z,1,14,7.14%,<Response [200]>,,2025-10-19T14:39:52.077216
,,,,,,CDG,,,,,LIS,,,,2025-10-14T23:59:59Z,2025-05-15T09:00:00Z,destination=CDG&origin=LIS&endRange=2025-10-14T23:59:59Z&startRange=2025-05-15T09:00:00Z,1,10,10.00%,<Response [200]>,,2025-10-19T14:39:52.077216
,,,,,,CDG,,,,,LJU,,,,2025-10-14T23:59:59Z,2025-05-15T09:00:00Z,destination=CDG&origin=LJU&endRange=2025-10-14T23:59:59Z&startRange=2025-05-15T09:00:00Z,1,2,50.00%,<Response [200]>,,2025-10-19T14:39:52.077216
,,,,,,CDG,,,,,LPA,,,,2025-10-14T23:59:59Z,2025-05-15T09:00:00Z,destination=CDG&origin=LPA&endRange=2025-10-14T23:59:59Z&startRange=2025-05-15T09:00:00Z,1,2,50.00%,<Response [200]>,,2025-10-19T14:39:52.077216
,,,,,,CDG,,,,,LPL,,,,2025-10-14T23:59:59Z,2025-05-15T09:00:00Z,destination=CDG&origin=LPL&endRange=2025-10-14T23:59:59Z&startRange=2025-05-15T09:00:00Z,,,,<Response [404]>,"{""errors"":[{""name"":""FLIGHT NOT FOUND"",""severity"":""INFO""}]}",2025-10-19T14:39:52.077216
,,,,,,CDG,,,,,LTN,,,,2025-10-14T23:59:59Z,2025-05-15T09:00:00Z,destination=CDG&origin=LTN&endRange=2025-10-14T23:59:59Z&startRange=2025-05-15T09:00:00Z,1,5,20.00%,<Response [200]>,,2025-10-19T14:39:52.077216
,,,,,,CDG,,,,,LUX,,,,2025-10-14T23:59:59Z,2025-05-15T09:00:00Z,destination=CDG&origin=LUX&endRange=2025-10-14T23:59:59Z&startRange=2025-05-15T09:00:00Z,1,4,25.00%,<Response [200]>,,2025-10-19T14:39:52.077216
,,,,,,CDG,,,,,LYS,,,,2025-10-14T23:59:59Z,2025-05-15T09:00:00Z,destination=CDG&origin=LYS&endRange=2025-10-14T23:59:59Z&startRange=2025-05-15T09:00:00Z,1,8,12.50%,<Response [200]>,,2025-10-19T14:39:52.077216
,,,,,,CDG,,,,,MAD,,,,2025-10-14T23:59:59Z,2025-05-15T09:00:00Z,destination=CDG&origin=MAD&endRange=2025-10-14T23:59:59Z&startRange=2025-05-15T09:00:00Z,1,13,7.69%,<Response [200]>,,2025-10-19T14:39:52.077216
,,,,,,CDG,,,,,MAH,,,,2025-10-14T23:59:59Z,2025-05-15T09:00:00Z,destination=CDG&origin=MAH&endRange=2025-10-14T23:59:59Z&startRange=2025-05-15T09:00:00Z,,,,<Response [404]>,"{""errors"":[{""name"":""FLIGHT NOT FOUND"",""severity"":""INFO""}]}",2025-10-19T14:39:52.077216
,,,,,,CDG,,,,,MAN,,,,2025-10-14T23:59:59Z,2025-05-15T09:00:00Z,destination=CDG&origin=MAN&endRange=2025-10-14T23:59:59Z&startRange=2025-05-15T09:00:00Z,1,12,8.33%,<Response [200]>,,2025-10-19T14:39:52.077216
,,,,,,CDG,,,,,MLA,,,,2025-10-14T23:59:59Z,2025-05-15T09:00:00Z,destination=CDG&origin=MLA&endRange=2025-10-14T23:59:59Z&startRange=2025-05-15T09:00:00Z,1,3,33.33%,<Response [200]>,,2025-10-19T14:39:52.077216
,,,,,,CDG,,,,,MRS,,,,2025-10-14T23:59:59Z,2025-05-15T09:00:00Z,destination=CDG&origin=MRS&endRange=2025-10-14T23:59:59Z&startRange=2025-05-15T09:00:00Z,1,13,7.69%,<Response [200]>,,2025-10-19T14:39:52.077216
,,,,,,CDG,,,,,MUC,,,,2025-10-14T23:59:59Z,2025-05-15T09:00:00Z,destination=CDG&origin=MUC&endRange=2025-10-14T23:59:59Z&startRange=2025-05-15T09:00:00Z,1,16,6.25%,<Response [200]>,,2025-10-19T14:39:52.077216
,,,,,,CDG,,,,,MXP,,,,2025-10-14T23:59:59Z,2025-05-15T09:00:00Z,destination=CDG&origin=MXP&endRange=2025-10-14T23:59:59Z&startRange=2025-05-15T09:00:00Z,1,12,8.33%,<Response [200]>,,2025-10-19T14:39:52.077216
,,,,,,CDG,,,,,NAP,,,,2025-10-14T23:59:59Z,2025-05-15T09:00:00Z,destination=CDG&origin=NAP&endRange=2025-10-14T23:59:59Z&startRange=2025-05-15T09:00:00Z,1,5,20.00%,<Response [200]>,,2025-10-19T14:39:52.077216
,,,,,,CDG,,,,,NCE,,,,2025-10-14T23:59:59Z,2025-05-15T09:00:00Z,destination=CDG&origin=NCE&endRange=2025-10-14T23:59:59Z&startRange=2025-05-15T09:00:00Z,1,21,4.76%,<Response [200]>,,2025-10-19T14:39:52.077216
,,,,,,CDG,,,,,NCL,,,,2025-10-14T23:59:59Z,2025-05-15T09:00:00Z,destination=CDG&origin=NCL&endRange=2025-10-14T23:59:59Z&startRange=2025-05-15T09:00:00Z,1,5,20.00%,<Response [200]>,,2025-10-19T14:39:52.077216
,,,,,,CDG,,,,,NTE,,,,2025-10-14T23:59:59Z,2025-05-15T09:00:00Z,destination=CDG&origin=NTE&endRange=2025-10-14T23:59:59Z&startRange=2025-05-15T09:00:00Z,1,8,12.50%,<Response [200]>,,2025-10-19T14:39:52.077216
,,,,,,CDG,,,,,NUE,,,,2025-10-14T23:59:59Z,2025-05-15T09:00:00Z,destination=CDG&origin=NUE&endRange=2025-10-14T23:59:59Z&startRange=2025-05-15T09:00:00Z,1,3,33.33%,<Response [200]>,,2025-10-19T14:39:52.077216
,,,,,,CDG,,,,,OLB,,,,2025-10-14T23:59:59Z,2025-05-15T09:00:00Z,destination=CDG&origin=OLB&endRange=2025-10-14T23:59:59Z&startRange=2025-05-15T09:00:00Z,1,2,50.00%,<Response [200]>,,2025-10-19T14:39:52.077216
,,,,,,CDG,,,,,OPO,,,,2025-10-14T23:59:59Z,2025-05-15T09:00:00Z,destination=CDG&origin=OPO&endRange=2025-10-14T23:59:59Z&startRange=2025-05-15T09:00:00Z,1,3,33.33%,<Response [200]>,,2025-10-19T14:39:52.077216
,,,,,,CDG,,,,,ORK,,,,2025-10-14T23:59:59Z,2025-05-15T09:00:00Z,destination=CDG&origin=ORK&endRange=2025-10-14T23:59:59Z&startRange=2025-05-15T09:00:00Z,1,2,50.00%,<Response [200]>,,2025-10-19T14:39:52.077216
,,,,,,CDG,,,,,OSL,,,,2025-10-14T23:59:59Z,2025-05-15T09:00:00Z,destination=CDG&origin=OSL&endRange=2025-10-14T23:59:59Z&startRange=2025-05-15T09:00:00Z,1,11,9.09%,<Response [200]>,,2025-10-19T14:39:52.077216
,,,,,,CDG,,,,,OTP,,,,2025-10-14T23:59:59Z,2025-05-15T09:00:00Z,destination=CDG&origin=OTP&endRange=2025-10-14T23:59:59Z&startRange=2025-05-15T09:00:00Z,1,8,12.50%,<Response [200]>,,2025-10-19T14:39:52.077216
,,,,,,CDG,,,,,PDL,,,,2025-10-14T23:59:59Z,2025-05-15T09:00:00Z,destination=CDG&origin=PDL&endRange=2025-10-14T23:59:59Z&startRange=2025-05-15T09:00:00Z,,,,<Response [404]>,"{""errors"":[{""name"":""FLIGHT NOT FOUND"",""severity"":""INFO""}]}",2025-10-19T14:39:52.077216
,,,,,,CDG,,,,,PMI,,,,2025-10-14T23:59:59Z,2025-05-15T09:00:00Z,destination=CDG&origin=PMI&endRange=2025-10-14T23:59:59Z&startRange=2025-05-15T09:00:00Z,1,4,25.00%,<Response [200]>,,2025-10-19T14:39:52.077216
,,,,,,CDG,,,,,PMO,,,,2025-10-14T23:59:59Z,2025-05-15T09:00:00Z,destination=CDG&origin=PMO&endRange=2025-10-14T23:59:59Z&startRange=2025-05-15T09:00:00Z,1,2,50.00%,<Response [200]>,,2025-10-19T14:39:52.077216
,,,,,,CDG,,,,,PRG,,,,2025-10-14T23:59:59Z,2025-05-15T09:00:00Z,destination=CDG&origin=PRG&endRange=2025-10-14T23:59:59Z&startRange=2025-05-15T09:00:00Z,1,8,12.50%,<Response [200]>,,2025-10-19T14:39:52.077216
,,,,,,CDG,,,,,PRN,,,,2025-10-14T23:59:59Z,2025-05-15T09:00:00Z,destination=CDG&origin=PRN&endRange=2025-10-14T23:59:59Z&startRange=2025-05-15T09:00:00Z,,,,<Response [404]>,"{""errors"":[{""name"":""FLIGHT NOT FOUND"",""severity"":""INFO""}]}",2025-10-19T14:39:52.077216
,,,,,,CDG,,,,,PUF,,,,2025-10-14T23:59:59Z,2025-05-15T09:00:00Z,destination=CDG&origin=PUF&endRange=2025-10-14T23:59:59Z&startRange=2025-05-15T09:00:00Z,1,6,16.67%,<Response [200]>,,2025-10-19T14:39:52.077216
,,,,,,CDG,,,,,RHO,,,,2025-10-14T23:59:59Z,2025-05-15T09:00:00Z,destination=CDG&origin=RHO&endRange=2025-10-14T23:59:59Z&startRange=2025-05-15T09:00:00Z,,,,<Response [404]>,"{""errors"":[{""name"":""FLIGHT NOT FOUND"",""severity"":""INFO""}]}",2025-10-19T14:39:52.077216
,,,,,,CDG,,,,,RIX,,,,2025-10-14T23:59:59Z,2025-05-15T09:00:00Z,destination=CDG&origin=RIX&endRange=2025-10-14T23:59:59Z&startRange=2025-05-15T09:00:00Z,1,3,33.33%,<Response [200]>,,2025-10-19T14:39:52.077216
,,,,,,CDG,,,,,RMO,,,,2025-10-14T23:59:59Z,2025-05-15T09:00:00Z,destination=CDG&origin=RMO&endRange=2025-10-14T23:59:59Z&startRange=2025-05-15T09:00:00Z,,,,<Response [404]>,"{""errors"":[{""name"":""FLIGHT NOT FOUND"",""severity"":""INFO""}]}",2025-10-19T14:39:52.077216
,,,,,,CDG,,,,,SCQ,,,,2025-10-14T23:59:59Z,2025-05-15T09:00:00Z,destination=CDG&origin=SCQ&endRange=2025-10-14T23:59:59Z&startRange=2025-05-15T09:00:00Z,,,,<Response [404]>,"{""errors"":[{""name"":""FLIGHT NOT FOUND"",""severity"":""INFO""}]}",2025-10-19T14:39:52.077216
,,,,,,CDG,,,,,SEN,,,,2025-10-14T23:59:59Z,2025-05-15T09:00:00Z,destination=CDG&origin=SEN&endRange=2025-10-14T23:59:59Z&startRange=2025-05-15T09:00:00Z,,,,<Response [404]>,"{""errors"":[{""name"":""FLIGHT NOT FOUND"",""severity"":""INFO""}]}",2025-10-19T14:39:52.077216
,,,,,,CDG,,,,,SKG,,,,2025-10-14T23:59:59Z,2025-05-15T09:00:00Z,destination=CDG&origin=SKG&endRange=2025-10-14T23:59:59Z&startRange=2025-05-15T09:00:00Z,,,,<Response [404]>,"{""errors"":[{""name"":""FLIGHT NOT FOUND"",""severity"":""INFO""}]}",2025-10-19T14:39:52.077216
,,,,,,CDG,,,,,SNN,,,,2025-10-14T23:59:59Z,2025-05-15T09:00:00Z,destination=CDG&origin=SNN&endRange=2025-10-14T23:59:59Z&startRange=2025-05-15T09:00:00Z,,,,<Response [404]>,"{""errors"":[{""name"":""FLIGHT NOT FOUND"",""severity"":""INFO""}]}",2025-10-19T14:39:52.077216
,,,,,,CDG,,,,,SOF,,,,2025-10-14T23:59:59Z,2025-05-15T09:00:00Z,destination=CDG&origin=SOF&endRange=2025-10-14T23:59:59Z&startRange=2025-05-15T09:00:00Z,1,2,50.00%,<Response [200]>,,2025-10-19T14:39:52.077216
,,,,,,CDG,,,,,SPU,,,,2025-10-14T23:59:59Z,2025-05-15T09:00:00Z,destination=CDG&origin=SPU&endRange=2025-10-14T23:59:59Z&startRange=2025-05-15T09:00:00Z,1,3,33.33%,<Response [200]>,,2025-10-19T14:39:52.077216
,,,,,,CDG,,,,,STR,,,,2025-10-14T23:59:59Z,2025-05-15T09:00:00Z,destination=CDG&origin=STR&endRange=2025-10-14T23:59:59Z&startRange=2025-05-15T09:00:00Z,1,3,33.33%,<Response [200]>,,2025-10-19T14:39:52.077216
,,,,,,CDG,,,,,SVG,,,,2025-10-14T23:59:59Z,2025-05-15T09:00:00Z,destination=CDG&origin=SVG&endRange=2025-10-14T23:59:59Z&startRange=2025-05-15T09:00:00Z,,,,<Response [404]>,"{""errors"":[{""name"":""FLIGHT NOT FOUND"",""severity"":""INFO""}]}",2025-10-19T14:39:52.077216
,,,,,,CDG,,,,,SVQ,,,,2025-10-14T23:59:59Z,2025-05-15T09:00:00Z,destination=CDG&origin=SVQ&endRange=2025-10-14T23:59:59Z&startRange=2025-05-15T09:00:00Z,1,5,20.00%,<Response [200]>,,2025-10-19T14:39:52.077216
,,,,,,CDG,,,,,TFS,,,,2025-10-14T23:59:59Z,2025-05-15T09:00:00Z,destination=CDG&origin=TFS&endRange=2025-10-14T23:59:59Z&startRange=2025-05-15T09:00:00Z,,,,<Response [404]>,"{""errors"":[{""name"":""FLIGHT NOT FOUND"",""severity"":""INFO""}]}",2025-10-19T14:39:52.077216
,,,,,,CDG,,,,,TGD,,,,2025-10-14T23:59:59Z,2025-05-15T09:00:00Z,destination=CDG&origin=TGD&endRange=2025-10-14T23:59:59Z&startRange=2025-05-15T09:00:00Z,,,,<Response [404]>,"{""errors"":[{""name"":""FLIGHT NOT FOUND"",""severity"":""INFO""}]}",2025-10-19T14:39:52.077216
,,,,,,CDG,,,,,TIA,,,,2025-10-14T23:59:59Z,2025-05-15T09:00:00Z,destination=CDG&origin=TIA&endRange=2025-10-14T23:59:59Z&startRange=2025-05-15T09:00:00Z,,,,<Response [404]>,"{""errors"":[{""name"":""FLIGHT NOT FOUND"",""severity"":""INFO""}]}",2025-10-19T14:39:52.077216
,,,,,,CDG,,,,,TLL,,,,2025-10-14T23:59:59Z,2025-05-15T09:00:00Z,destination=CDG&origin=TLL&endRange=2025-10-14T23:59:59Z&startRange=2025-05-15T09:00:00Z,1,2,50.00%,<Response [200]>,,2025-10-19T14:39:52.077216
,,,,,,CDG,,,,,TLS,,,,2025-10-14T23:59:59Z,2025-05-15T09:00:00Z,destination=CDG&origin=TLS&endRange=2025-10-14T23:59:59Z&startRange=2025-05-15T09:00:00Z,1,14,7.14%,<Response [200]>,,2025-10-19T14:39:52.077216
,,,,,,CDG,,,,,TOS,,,,2025-10-14T23:59:59Z,2025-05-15T09:00:00Z,destination=CDG&origin=TOS&endRange=2025-10-14T23:59:59Z&startRange=2025-05-15T09:00:00Z,,,,<Response [404]>,"{""errors"":[{""name"":""FLIGHT NOT FOUND"",""severity"":""INFO""}]}",2025-10-19T14:39:52.077216
,,,,,,CDG,,,,,TRN,,,,2025-10-14T23:59:59Z,2025-05-15T09:00:00Z,destination=CDG&origin=TRN&endRange=2025-10-14T23:59:59Z&startRange=2025-05-15T09:00:00Z,1,5,20.00%,<Response [200]>,,2025-10-19T14:39:52.077216
,,,,,,CDG,,,,,VAR,,,,2025-10-14T23:59:59Z,2025-05-15T09:00:00Z,destination=CDG&origin=VAR&endRange=2025-10-14T23:59:59Z&startRange=2025-05-15T09:00:00Z,,,,<Response [404]>,"{""errors"":[{""name"":""FLIGHT NOT FOUND"",""severity"":""INFO""}]}",2025-10-19T14:39:52.077216
,,,,,,CDG,,,,,VCE,,,,2025-10-14T23:59:59Z,2025-05-15T09:00:00Z,destination=CDG&origin=VCE&endRange=2025-10-14T23:59:59Z&startRange=2025-05-15T09:00:00Z,1,10,10.00%,<Response [200]>,,2025-10-19T14:39:52.077216
,,,,,,CDG,,,,,VIE,,,,2025-10-14T23:59:59Z,2025-05-15T09:00:00Z,destination=CDG&origin=VIE&endRange=2025-10-14T23:59:59Z&startRange=2025-05-15T09:00:00Z,1,13,7.69%,<Response [200]>,,2025-10-19T14:39:52.077216
,,,,,,CDG,,,,,VLC,,,,2025-10-14T23:59:59Z,2025-05-15T09:00:00Z,destination=CDG&origin=VLC&endRange=2025-10-14T23:59:59Z&startRange=2025-05-15T09:00:00Z,1,5,20.00%,<Response [200]>,,2025-10-19T14:39:52.077216
,,,,,,CDG,,,,,VNO,,,,2025-10-14T23:59:59Z,2025-05-15T09:00:00Z,destination=CDG&origin=VNO&endRange=2025-10-14T23:59:59Z&startRange=2025-05-15T09:00:00Z,1,2,50.00%,<Response [200]>,,2025-10-19T14:39:52.077216
,,,,,,CDG,,,,,VRN,,,,2025-10-14T23:59:59Z,2025-05-15T09:00:00Z,destination=CDG&origin=VRN&endRange=2025-10-14T23:59:59Z&startRange=2025-05-15T09:00:00Z,,,,<Response [404]>,"{""errors"":[{""name"":""FLIGHT NOT FOUND"",""severity"":""INFO""}]}",2025-10-19T14:39:52.077216
,,,,,,CDG,,,,,WAW,,,,2025-10-14T23:59:59Z,2025-05-15T09:00:00Z,destination=CDG&origin=WAW&endRange=2025-10-14T23:59:59Z&startRange=2025-05-15T09:00:00Z,1,10,10.00%,<Response [200]>,,2025-10-19T14:39:52.077216
,,,,,,CDG,,,,,ZAG,,,,2025-10-14T23:59:59Z,2025-05-15T09:00:00Z,destination=CDG&origin=ZAG&endRange=2025-10-14T23:59:59Z&startRange=2025-05-15T09:00:00Z,1,4,25.00%,<Response [200]>,,2025-10-19T14:39:52.077216
,,,,,,CDG,,,,,ZRH,,,,2025-10-14T23:59:59Z,2025-05-15T09:00:00Z,destination=CDG&origin=ZRH&endRange=2025-10-14T23:59:59Z&startRange=2025-05-15T09:00:00Z,1,11,9.09%,<Response [200]>,,2025-10-19T14:39:52.077216
,,,,,,CFU,,,,,AMS,,,,2025-10-14T23:59:59Z,2025-05-15T09:00:00Z,destination=CFU&origin=AMS&endRange=2025-10-14T23:59:59Z&startRange=2025-05-15T09:00:00Z,1,2,50.00%,<Response [200]>,,2025-10-19T14:39:52.077216
,,,,,,CFU,,,,,CDG,,,,2025-10-14T23:59:59Z,2025-05-15T09:00:00Z,destination=CFU&origin=CDG&endRange=2025-10-14T23:59:59Z&startRange=2025-05-15T09:00:00Z,1,2,50.00%,<Response [200]>,,2025-10-19T14:39:52.077216
,,,,,,CFU,,,,,FCO,,,,2025-10-14T23:59:59Z,2025-05-15T09:00:00Z,destination=CFU&origin=FCO&endRange=2025-10-14T23:59:59Z&startRange=2025-05-15T09:00:00Z,,,,<Response [404]>,"{""errors"":[{""name"":""FLIGHT NOT FOUND"",""severity"":""INFO""}]}",2025-10-19T14:39:52.077216
,,,,,,CFU,,,,,ORY,,,,2025-10-14T23:59:59Z,2025-05-15T09:00:00Z,destination=CFU&origin=ORY&endRange=2025-10-14T23:59:59Z&startRange=2025-05-15T09:00:00Z,1,2,50.00%,<Response [200]>,,2025-10-19T14:39:52.077216
,,,,,,CGN,,,,,AMS,,,,2025-10-14T23:59:59Z,2025-05-15T09:00:00Z,destination=CGN&origin=AMS&endRange=2025-10-14T23:59:59Z&startRange=2025-05-15T09:00:00Z,,,,<Response [404]>,"{""errors"":[{""name"":""FLIGHT NOT FOUND"",""severity"":""INFO""}]}",2025-10-19T14:39:52.077216
,,,,,,CHQ,,,,,AMS,,,,2025-10-14T23:59:59Z,2025-05-15T09:00:00Z,destination=CHQ&origin=AMS&endRange=2025-10-14T23:59:59Z&startRange=2025-05-15T09:00:00Z,1,2,50.00%,<Response [200]>,,2025-10-19T14:39:52.077216
,,,,,,CHQ,,,,,LYS,,,,2025-10-14T23:59:59Z,2025-05-15T09:00:00Z,destination=CHQ&origin=LYS&endRange=2025-10-14T23:59:59Z&startRange=2025-05-15T09:00:00Z,,,,<Response [404]>,"{""errors"":[{""name"":""FLIGHT NOT FOUND"",""severity"":""INFO""}]}",2025-10-19T14:39:52.077216
,,,,,,CHQ,,,,,ORY,,,,2025-10-14T23:59:59Z,2025-05-15T09:00:00Z,destination=CHQ&origin=ORY&endRange=2025-10-14T23:59:59Z&startRange=2025-05-15T09:00:00Z,1,2,50.00%,<Response [200]>,,2025-10-19T14:39:52.077216
,,,,,,CLJ,,,,,OTP,,,,2025-10-14T23:59:59Z,2025-05-15T09:00:00Z,destination=CLJ&origin=OTP&endRange=2025-10-14T23:59:59Z&startRange=2025-05-15T09:00:00Z,1,5,20.00%,<Response [200]>,,2025-10-19T14:39:52.077216
,,,,,,CPH,,,,,AAL,,,,2025-10-14T23:59:59Z,2025-05-15T09:00:00Z,destination=CPH&origin=AAL&endRange=2025-10-14T23:59:59Z&startRange=2025-05-15T09:00:00Z,1,10,10.00%,<Response [200]>,,2025-10-19T14:39:52.077216
,,,,,,CPH,,,,,AAR,,,,2025-10-14T23:59:59Z,2025-05-15T09:00:00Z,destination=CPH&origin=AAR&endRange=2025-10-14T23:59:59Z&startRange=2025-05-15T09:00:00Z,1,6,16.67%,<Response [200]>,,2025-10-19T14:39:52.077216
,,,,,,CPH,,,,,AES,,,,2025-10-14T23:59:59Z,2025-05-15T09:00:00Z,destination=CPH&origin=AES&endRange=2025-10-14T23:59:59Z&startRange=2025-05-15T09:00:00Z,,,,<Response [404]>,"{""errors"":[{""name"":""FLIGHT NOT FOUND"",""severity"":""INFO""}]}",2025-10-19T14:39:52.077216
,,,,,,CPH,,,,,AMS,,,,2025-10-14T23:59:59Z,2025-05-15T09:00:00Z,destination=CPH&origin=AMS&endRange=2025-10-14T23:59:59Z&startRange=2025-05-15T09:00:00Z,1,21,4.76%,<Response [200]>,,2025-10-19T14:39:52.077216
,,,,,,CPH,,,,,ARN,,,,2025-10-14T23:59:59Z,2025-05-15T09:00:00Z,destination=CPH&origin=ARN&endRange=2025-10-14T23:59:59Z&startRange=2025-05-15T09:00:00Z,1,8,12.50%,<Response [200]>,,2025-10-19T14:39:52.077216
,,,,,,CPH,,,,,CDG,,,,2025-10-14T23:59:59Z,2025-05-15T09:00:00Z,destination=CPH&origin=CDG&endRange=2025-10-14T23:59:59Z&startRange=2025-05-15T09:00:00Z,1,15,6.67%,<Response [200]>,,2025-10-19T14:39:52.077216
,,,,,,CPH,,,,,CPH,,,,2025-10-14T23:59:59Z,2025-05-15T09:00:00Z,destination=CPH&origin=CPH&endRange=2025-10-14T23:59:59Z&startRange=2025-05-15T09:00:00Z,,,,<Response [404]>,"{""errors"":[{""name"":""FLIGHT NOT FOUND"",""severity"":""INFO""}]}",2025-10-19T14:39:52.077216
,,,,,,CPH,,,,,FAE,,,,2025-10-14T23:59:59Z,2025-05-15T09:00:00Z,destination=CPH&origin=FAE&endRange=2025-10-14T23:59:59Z&startRange=2025-05-15T09:00:00Z,1,6,16.67%,<Response [200]>,,2025-10-19T14:39:52.077216
,,,,,,CPH,,,,,HEL,,,,2025-10-14T23:59:59Z,2025-05-15T09:00:00Z,destination=CPH&origin=HEL&endRange=2025-10-14T23:59:59Z&startRange=2025-05-15T09:00:00Z,1,4,25.00%,<Response [200]>,,2025-10-19T14:39:52.077216
,,,,,,CPH,,,,,KEF,,,,2025-10-14T23:59:59Z,2025-05-15T09:00:00Z,destination=CPH&origin=KEF&endRange=2025-10-14T23:59:59Z&startRange=2025-05-15T09:00:00Z,1,2,50.00%,<Response [200]>,,2025-10-19T14:39:52.077216
,,,,,,CPH,,,,,KRS,,,,2025-10-14T23:59:59Z,2025-05-15T09:00:00Z,destination=CPH&origin=KRS&endRange=2025-10-14T23:59:59Z&startRange=2025-05-15T09:00:00Z,1,3,33.33%,<Response [200]>,,2025-10-19T14:39:52.077216
,,,,,,CPH,,,,,ORY,,,,2025-10-14T23:59:59Z,2025-05-15T09:00:00Z,destination=CPH&origin=ORY&endRange=2025-10-14T23:59:59Z&startRange=2025-05-15T09:00:00Z,1,2,50.00%,<Response [200]>,,2025-10-19T14:39:52.077216
,,,,,,CPH,,,,,PLQ,,,,2025-10-14T23:59:59Z,2025-05-15T09:00:00Z,destination=CPH&origin=PLQ&endRange=2025-10-14T23:59:59Z&startRange=2025-05-15T09:00:00Z,1,4,25.00%,<Response [200]>,,2025-10-19T14:39:52.077216
,,,,,,CPH,,,,,SVG,,,,2025-10-14T23:59:59Z,2025-05-15T09:00:00Z,destination=CPH&origin=SVG&endRange=2025-10-14T23:59:59Z&startRange=2025-05-15T09:00:00Z,1,6,16.67%,<Response [200]>,,2025-10-19T14:39:52.077216
,,,,,,CPH,,,,,TLL,,,,2025-10-14T23:59:59Z,2025-05-15T09:00:00Z,destination=CPH&origin=TLL&endRange=2025-10-14T23:59:59Z&startRange=2025-05-15T09:00:00Z,1,3,33.33%,<Response [200]>,,2025-10-19T14:39:52.077216
,,,,,,CPH,,,,,TOS,,,,2025-10-14T23:59:59Z,2025-05-15T09:00:00Z,destination=CPH&origin=TOS&endRange=2025-10-14T23:59:59Z&startRange=2025-05-15T09:00:00Z,1,2,50.00%,<Response [200]>,,2025-10-19T14:39:52.077216
,,,,,,CPH,,,,,TRD,,,,2025-10-14T23:59:59Z,2025-05-15T09:00:00Z,destination=CPH&origin=TRD&endRange=2025-10-14T23:59:59Z&startRange=2025-05-15T09:00:00Z,1,5,20.00%,<Response [200]>,,2025-10-19T14:39:52.077216
,,,,,,CPH,,,,,TRF,,,,2025-10-14T23:59:59Z,2025-05-15T09:00:00Z,destination=CPH&origin=TRF&endRange=2025-10-14T23:59:59Z&startRange=2025-05-15T09:00:00Z,1,2,50.00%,<Response [200]>,,2025-10-19T14:39:52.077216
,,,,,,CPH,,,,,VNO,,,,2025-10-14T23:59:59Z,2025-05-15T09:00:00Z,destination=CPH&origin=VNO&endRange=2025-10-14T23:59:59Z&startRange=2025-05-15T09:00:00Z,1,4,25.00%,<Response [200]>,,2025-10-19T14:39:52.077216
,,,,,,CRL,,,,,AJA,,,,2025-10-14T23:59:59Z,2025-05-15T09:00:00Z,destination=CRL&origin=AJA&endRange=2025-10-14T23:59:59Z&startRange=2025-05-15T09:00:00Z,,,,<Response [404]>,"{""errors"":[{""name"":""FLIGHT NOT FOUND"",""severity"":""INFO""}]}",2025-10-19T14:39:52.077216
,,,,,,CRL,,,,,BIA,,,,2025-10-14T23:59:59Z,2025-05-15T09:00:00Z,destination=CRL&origin=BIA&endRange=2025-10-14T23:59:59Z&startRange=2025-05-15T09:00:00Z,,,,<Response [404]>,"{""errors"":[{""name"":""FLIGHT NOT FOUND"",""severity"":""INFO""}]}",2025-10-19T14:39:52.077216
,,,,,,CTA,,,,,AMS,,,,2025-10-14T23:59:59Z,2025-05-15T09:00:00Z,destination=CTA&origin=AMS&endRange=2025-10-14T23:59:59Z&startRange=2025-05-15T09:00:00Z,1,3,33.33%,<Response [200]>,,2025-10-19T14:39:52.077216
,,,,,,CTA,,,,,CDG,,,,2025-10-14T23:59:59Z,2025-05-15T09:00:00Z,destination=CTA&origin=CDG&endRange=2025-10-14T23:59:59Z&startRange=2025-05-15T09:00:00Z,1,3,33.33%,<Response [200]>,,2025-10-19T14:39:52.077216
,,,,,,CTA,,,,,FCO,,,,2025-10-14T23:59:59Z,2025-05-15T09:00:00Z,destination=CTA&origin=FCO&endRange=2025-10-14T23:59:59Z&startRange=2025-05-15T09:00:00Z,1,12,8.33%,<Response [200]>,,2025-10-19T14:39:52.077216
,,,,,,CTA,,,,,LIN,,,,2025-10-14T23:59:59Z,2025-05-15T09:00:00Z,destination=CTA&origin=LIN&endRange=2025-10-14T23:59:59Z&startRange=2025-05-15T09:00:00Z,1,8,12.50%,<Response [200]>,,2025-10-19T14:39:52.077216
,,,,,,CTA,,,,,ORY,,,,2025-10-14T23:59:59Z,2025-05-15T09:00:00Z,destination=CTA&origin=ORY&endRange=2025-10-14T23:59:59Z&startRange=2025-05-15T09:00:00Z,1,2,50.00%,<Response [200]>,,2025-10-19T14:39:52.077216
,,,,,,CWL,,,,,AMS,,,,2025-10-14T23:59:59Z,2025-05-15T09:00:00Z,destination=CWL&origin=AMS&endRange=2025-10-14T23:59:59Z&startRange=2025-05-15T09:00:00Z,1,5,20.00%,<Response [200]>,,2025-10-19T14:39:52.077216
,,,,,,DBV,,,,,AMS,,,,2025-10-14T23:59:59Z,2025-05-15T09:00:00Z,destination=DBV&origin=AMS&endRange=2025-10-14T23:59:59Z&startRange=2025-05-15T09:00:00Z,1,3,33.33%,<Response [200]>,,2025-10-19T14:39:52.077216
,,,,,,DBV,,,,,CDG,,,,2025-10-14T23:59:59Z,2025-05-15T09:00:00Z,destination=DBV&origin=CDG&endRange=2025-10-14T23:59:59Z&startRange=2025-05-15T09:00:00Z,1,3,33.33%,<Response [200]>,,2025-10-19T14:39:52.077216
,,,,,,DBV,,,,,ORY,,,,2025-10-14T23:59:59Z,2025-05-15T09:00:00Z,destination=DBV&origin=ORY&endRange=2025-10-14T23:59:59Z&startRange=2025-05-15T09:00:00Z,1,2,50.00%,<Response [200]>,,2025-10-19T14:39:52.077216
,,,,,,DUB,,,,,AMS,,,,2025-10-14T23:59:59Z,2025-05-15T09:00:00Z,destination=DUB&origin=AMS&endRange=2025-10-14T23:59:59Z&startRange=2025-05-15T09:00:00Z,1,21,4.76%,<Response [200]>,,2025-10-19T14:39:52.077216
,,,,,,DUB,,,,,CDG,,,,2025-10-14T23:59:59Z,2025-05-15T09:00:00Z,destination=DUB&origin=CDG&endRange=2025-10-14T23:59:59Z&startRange=2025-05-15T09:00:00Z,1,12,8.33%,<Response [200]>,,2025-10-19T14:39:52.077216
,,,,,,DUB,,,,,ORY,,,,2025-10-14T23:59:59Z,2025-05-15T09:00:00Z,destination=DUB&origin=ORY&endRange=2025-10-14T23:59:59Z&startRange=2025-05-15T09:00:00Z,1,3,33.33%,<Response [200]>,,2025-10-19T14:39:52.077216
,,,,,,DUS,,,,,AMS,,,,2025-10-14T23:59:59Z,2025-05-15T09:00:00Z,destination=DUS&origin=AMS&endRange=2025-10-14T23:59:59Z&startRange=2025-05-15T09:00:00Z,1,8,12.50%,<Response [200]>,,2025-10-19T14:39:52.077216
,,,,,,DUS,,,,,CDG,,,,2025-10-14T23:59:59Z,2025-05-15T09:00:00Z,destination=DUS&origin=CDG&endRange=2025-10-14T23:59:59Z&startRange=2025-05-15T09:00:00Z,1,7,14.29%,<Response [200]>,,2025-10-19T14:39:52.077216
,,,,,,DUS,,,,,LIN,,,,2025-10-14T23:59:59Z,2025-05-15T09:00:00Z,destination=DUS&origin=LIN&endRange=2025-10-14T23:59:59Z&startRange=2025-05-15T09:00:00Z,1,2,50.00%,<Response [200]>,,2025-10-19T14:39:52.077216
,,,,,,EDI,,,,,AMS,,,,2025-10-14T23:59:59Z,2025-05-15T09:00:00Z,destination=EDI&origin=AMS&endRange=2025-10-14T23:59:59Z&startRange=2025-05-15T09:00:00Z,1,12,8.33%,<Response [200]>,,2025-10-19T14:39:52.077216
,,,,,,EDI,,,,,CDG,,,,2025-10-14T23:59:59Z,2025-05-15T09:00:00Z,destination=EDI&origin=CDG&endRange=2025-10-14T23:59:59Z&startRange=2025-05-15T09:00:00Z,1,9,11.11%,<Response [200]>,,2025-10-19T14:39:52.077216
,,,,,,EDI,,,,,FAE,,,,2025-10-14T23:59:59Z,2025-05-15T09:00:00Z,destination=EDI&origin=FAE&endRange=2025-10-14T23:59:59Z&startRange=2025-05-15T09:00:00Z,,,,<Response [404]>,"{""errors"":[{""name"":""FLIGHT NOT FOUND"",""severity"":""INFO""}]}",2025-10-19T14:39:52.077216
,,,,,,EDI,,,,,ORY,,,,2025-10-14T23:59:59Z,2025-05-15T09:00:00Z,destination=EDI&origin=ORY&endRange=2025-10-14T23:59:59Z&startRange=2025-05-15T09:00:00Z,,,,<Response [404]>,"{""errors"":[{""name"":""FLIGHT NOT FOUND"",""severity"":""INFO""}]}",2025-10-19T14:39:52.077216
,,,,,,EFL,,,,,AMS,,,,2025-10-14T23:59:59Z,2025-05-15T09:00:00Z,destination=EFL&origin=AMS&endRange=2025-10-14T23:59:59Z&startRange=2025-05-15T09:00:00Z,1,2,50.00%,<Response [200]>,,2025-10-19T14:39:52.077216
,,,,,,EFL,,,,,FCO,,,,2025-10-14T23:59:59Z,2025-05-15T09:00:00Z,destination=EFL&origin=FCO&endRange=2025-10-14T23:59:59Z&startRange=2025-05-15T09:00:00Z,,,,<Response [404]>,"{""errors"":[{""name"":""FLIGHT NOT FOUND"",""severity"":""INFO""}]}",2025-10-19T14:39:52.077216
,,,,,,EFL,,,,,ORY,,,,2025-10-14T23:59:59Z,2025-05-15T09:00:00Z,destination=EFL&origin=ORY&endRange=2025-10-14T23:59:59Z&startRange=2025-05-15T09:00:00Z,,,,<Response [404]>,"{""errors"":[{""name"":""FLIGHT NOT FOUND"",""severity"":""INFO""}]}",2025-10-19T14:39:52.077216
,,,,,,EXT,,,,,AMS,,,,2025-10-14T23:59:59Z,2025-05-15T09:00:00Z,destination=EXT&origin=AMS&endRange=2025-10-14T23:59:59Z&startRange=2025-05-15T09:00:00Z,1,2,50.00%,<Response [200]>,,2025-10-19T14:39:52.077216
,,,,,,FAE,,,,,BLL,,,,2025-10-14T23:59:59Z,2025-05-15T09:00:00Z,destination=FAE&origin=BLL&endRange=2025-10-14T23:59:59Z&startRange=2025-05-15T09:00:00Z,,,,<Response [404]>,"{""errors"":[{""name"":""FLIGHT NOT FOUND"",""severity"":""INFO""}]}",2025-10-19T14:39:52.077216
,,,,,,FAE,,,,,CDG,,,,2025-10-14T23:59:59Z,2025-05-15T09:00:00Z,destination=FAE&origin=CDG&endRange=2025-10-14T23:59:59Z&startRange=2025-05-15T09:00:00Z,,,,<Response [404]>,"{""errors"":[{""name"":""FLIGHT NOT FOUND"",""severity"":""INFO""}]}",2025-10-19T14:39:52.077216
,,,,,,FAE,,,,,CPH,,,,2025-10-14T23:59:59Z,2025-05-15T09:00:00Z,destination=FAE&origin=CPH&endRange=2025-10-14T23:59:59Z&startRange=2025-05-15T09:00:00Z,1,6,16.67%,<Response [200]>,,2025-10-19T14:39:52.077216
,,,,,,FAE,,,,,EDI,,,,2025-10-14T23:59:59Z,2025-05-15T09:00:00Z,destination=FAE&origin=EDI&endRange=2025-10-14T23:59:59Z&startRange=2025-05-15T09:00:00Z,,,,<Response [404]>,"{""errors"":[{""name"":""FLIGHT NOT FOUND"",""severity"":""INFO""}]}",2025-10-19T14:39:52.077216
,,,,,,FAE,,,,,KEF,,,,2025-10-14T23:59:59Z,2025-05-15T09:00:00Z,destination=FAE&origin=KEF&endRange=2025-10-14T23:59:59Z&startRange=2025-05-15T09:00:00Z,,,,<Response [404]>,"{""errors"":[{""name"":""FLIGHT NOT FOUND"",""severity"":""INFO""}]}",2025-10-19T14:39:52.077216
,,,,,,FAE,,,,,OSL,,,,2025-10-14T23:59:59Z,2025-05-15T09:00:00Z,destination=FAE&origin=OSL&endRange=2025-10-14T23:59:59Z&startRange=2025-05-15T09:00:00Z,,,,<Response [404]>,"{""errors"":[{""name"":""FLIGHT NOT FOUND"",""severity"":""INFO""}]}",2025-10-19T14:39:52.077216
,,,,,,FAO,,,,,AMS,,,,2025-10-14T23:59:59Z,2025-05-15T09:00:00Z,destination=FAO&origin=AMS&endRange=2025-10-14T23:59:59Z&startRange=2025-05-15T09:00:00Z,1,5,20.00%,<Response [200]>,,2025-10-19T14:39:52.077216
,,,,,,FAO,,,,,CDG,,,,2025-10-14T23:59:59Z,2025-05-15T09:00:00Z,destination=FAO&origin=CDG&endRange=2025-10-14T23:59:59Z&startRange=2025-05-15T09:00:00Z,,,,<Response [404]>,"{""errors"":[{""name"":""FLIGHT NOT FOUND"",""severity"":""INFO""}]}",2025-10-19T14:39:52.077216
,,,,,,FAO,,,,,LYS,,,,2025-10-14T23:59:59Z,2025-05-15T09:00:00Z,destination=FAO&origin=LYS&endRange=2025-10-14T23:59:59Z&startRange=2025-05-15T09:00:00Z,,,,<Response [404]>,"{""errors"":[{""name"":""FLIGHT NOT FOUND"",""severity"":""INFO""}]}",2025-10-19T14:39:52.077216
,,,,,,FAO,,,,,ORY,,,,2025-10-14T23:59:59Z,2025-05-15T09:00:00Z,destination=FAO&origin=ORY&endRange=2025-10-14T23:59:59Z&startRange=2025-05-15T09:00:00Z,1,6,16.67%,<Response [200]>,,2025-10-19T14:39:52.077216
,,,,,,FCO,,,,,AHO,,,,2025-10-14T23:59:59Z,2025-05-15T09:00:00Z,destination=FCO&origin=AHO&endRange=2025-10-14T23:59:59Z&startRange=2025-05-15T09:00:00Z,1,5,20.00%,<Response [200]>,,2025-10-19T14:39:52.077216
,,,,,,FCO,,,,,AJA,,,,2025-10-14T23:59:59Z,2025-05-15T09:00:00Z,destination=FCO&origin=AJA&endRange=2025-10-14T23:59:59Z&startRange=2025-05-15T09:00:00Z,,,,<Response [404]>,"{""errors"":[{""name"":""FLIGHT NOT FOUND"",""severity"":""INFO""}]}",2025-10-19T14:39:52.077216
,,,,,,FCO,,,,,AMS,,,,2025-10-14T23:59:59Z,2025-05-15T09:00:00Z,destination=FCO&origin=AMS&endRange=2025-10-14T23:59:59Z&startRange=2025-05-15T09:00:00Z,1,11,9.09%,<Response [200]>,,2025-10-19T14:39:52.077216
,,,,,,FCO,,,,,ATH,,,,2025-10-14T23:59:59Z,2025-05-15T09:00:00Z,destination=FCO&origin=ATH&endRange=2025-10-14T23:59:59Z&startRange=2025-05-15T09:00:00Z,1,2,50.00%,<Response [200]>,,2025-10-19T14:39:52.077216
,,,,,,FCO,,,,,BCN,,,,2025-10-14T23:59:59Z,2025-05-15T09:00:00Z,destination=FCO&origin=BCN&endRange=2025-10-14T23:59:59Z&startRange=2025-05-15T09:00:00Z,1,2,50.00%,<Response [200]>,,2025-10-19T14:39:52.077216
,,,,,,FCO,,,,,BDS,,,,2025-10-14T23:59:59Z,2025-05-15T09:00:00Z,destination=FCO&origin=BDS&endRange=2025-10-14T23:59:59Z&startRange=2025-05-15T09:00:00Z,1,6,16.67%,<Response [200]>,,2025-10-19T14:39:52.077216
,,,,,,FCO,,,,,BIA,,,,2025-10-14T23:59:59Z,2025-05-15T09:00:00Z,destination=FCO&origin=BIA&endRange=2025-10-14T23:59:59Z&startRange=2025-05-15T09:00:00Z,,,,<Response [404]>,"{""errors"":[{""name"":""FLIGHT NOT FOUND"",""severity"":""INFO""}]}",2025-10-19T14:39:52.077216
,,,,,,FCO,,,,,BLQ,,,,2025-10-14T23:59:59Z,2025-05-15T09:00:00Z,destination=FCO&origin=BLQ&endRange=2025-10-14T23:59:59Z&startRange=2025-05-15T09:00:00Z,1,5,20.00%,<Response [200]>,,2025-10-19T14:39:52.077216
,,,,,,FCO,,,,,BRI,,,,2025-10-14T23:59:59Z,2025-05-15T09:00:00Z,destination=FCO&origin=BRI&endRange=2025-10-14T23:59:59Z&startRange=2025-05-15T09:00:00Z,1,5,20.00%,<Response [200]>,,2025-10-19T14:39:52.077216
,,,,,,FCO,,,,,BRU,,,,2025-10-14T23:59:59Z,2025-05-15T09:00:00Z,destination=FCO&origin=BRU&endRange=2025-10-14T23:59:59Z&startRange=2025-05-15T09:00:00Z,1,2,50.00%,<Response [200]>,,2025-10-19T14:39:52.077216
,,,,,,FCO,,,,,CDG,,,,2025-10-14T23:59:59Z,2025-05-15T09:00:00Z,destination=FCO&origin=CDG&endRange=2025-10-14T23:59:59Z&startRange=2025-05-15T09:00:00Z,1,17,5.88%,<Response [200]>,,2025-10-19T14:39:52.077216
,,,,,,FCO,,,,,CFU,,,,2025-10-14T23:59:59Z,2025-05-15T09:00:00Z,destination=FCO&origin=CFU&endRange=2025-10-14T23:59:59Z&startRange=2025-05-15T09:00:00Z,,,,<Response [404]>,"{""errors"":[{""name"":""FLIGHT NOT FOUND"",""severity"":""INFO""}]}",2025-10-19T14:39:52.077216
,,,,,,FCO,,,,,CTA,,,,2025-10-14T23:59:59Z,2025-05-15T09:00:00Z,destination=FCO&origin=CTA&endRange=2025-10-14T23:59:59Z&startRange=2025-05-15T09:00:00Z,1,12,8.33%,<Response [200]>,,2025-10-19T14:39:52.077216
,,,,,,FCO,,,,,EFL,,,,2025-10-14T23:59:59Z,2025-05-15T09:00:00Z,destination=FCO&origin=EFL&endRange=2025-10-14T23:59:59Z&startRange=2025-05-15T09:00:00Z,,,,<Response [404]>,"{""errors"":[{""name"":""FLIGHT NOT FOUND"",""severity"":""INFO""}]}",2025-10-19T14:39:52.077216
,,,,,,FCO,,,,,FLR,,,,2025-10-14T23:59:59Z,2025-05-15T09:00:00Z,destination=FCO&origin=FLR&endRange=2025-10-14T23:59:59Z&startRange=2025-05-15T09:00:00Z,1,6,16.67%,<Response [200]>,,2025-10-19T14:39:52.077216
,,,,,,FCO,,,,,FRA,,,,2025-10-14T23:59:59Z,2025-05-15T09:00:00Z,destination=FCO&origin=FRA&endRange=2025-10-14T23:59:59Z&startRange=2025-05-15T09:00:00Z,1,2,50.00%,<Response [200]>,,2025-10-19T14:39:52.077216
,,,,,,FCO,,,,,GOA,,,,2025-10-14T23:59:59Z,2025-05-15T09:00:00Z,destination=FCO&origin=GOA&endRange=2025-10-14T23:59:59Z&startRange=2025-05-15T09:00:00Z,1,5,20.00%,<Response [200]>,,2025-10-19T14:39:52.077216
,,,,,,FCO,,,,,GVA,,,,2025-10-14T23:59:59Z,2025-05-15T09:00:00Z,destination=FCO&origin=GVA&endRange=2025-10-14T23:59:59Z&startRange=2025-05-15T09:00:00Z,,,,<Response [404]>,"{""errors"":[{""name"":""FLIGHT NOT FOUND"",""severity"":""INFO""}]}",2025-10-19T14:39:52.077216
,,,,,,FCO,,,,,HER,,,,2025-10-14T23:59:59Z,2025-05-15T09:00:00Z,destination=FCO&origin=HER&endRange=2025-10-14T23:59:59Z&startRange=2025-05-15T09:00:00Z,,,,<Response [404]>,"{""errors"":[{""name"":""FLIGHT NOT FOUND"",""severity"":""INFO""}]}",2025-10-19T14:39:52.077216
,,,,,,FCO,,,,,IBZ,,,,2025-10-14T23:59:59Z,2025-05-15T09:00:00Z,destination=FCO&origin=IBZ&endRange=2025-10-14T23:59:59Z&startRange=2025-05-15T09:00:00Z,,,,<Response [404]>,"{""errors"":[{""name"":""FLIGHT NOT FOUND"",""severity"":""INFO""}]}",2025-10-19T14:39:52.077216
,,,,,,FCO,,,,,LGW,,,,2025-10-14T23:59:59Z,2025-05-15T09:00:00Z,destination=FCO&origin=LGW&endRange=2025-10-14T23:59:59Z&startRange=2025-05-15T09:00:00Z,,,,<Response [404]>,"{""errors"":[{""name"":""FLIGHT NOT FOUND"",""severity"":""INFO""}]}",2025-10-19T14:39:52.077216
,,,,,,FCO,,,,,LIN,,,,2025-10-14T23:59:59Z,2025-05-15T09:00:00Z,destination=FCO&origin=LIN&endRange=2025-10-14T23:59:59Z&startRange=2025-05-15T09:00:00Z,1,8,12.50%,<Response [200]>,,2025-10-19T14:39:52.077216
,,,,,,FCO,,,,,MAD,,,,2025-10-14T23:59:59Z,2025-05-15T09:00:00Z,destination=FCO&origin=MAD&endRange=2025-10-14T23:59:59Z&startRange=2025-05-15T09:00:00Z,1,2,50.00%,<Response [200]>,,2025-10-19T14:39:52.077216
,,,,,,FCO,,,,,MLA,,,,2025-10-14T23:59:59Z,2025-05-15T09:00:00Z,destination=FCO&origin=MLA&endRange=2025-10-14T23:59:59Z&startRange=2025-05-15T09:00:00Z,1,2,50.00%,<Response [200]>,,2025-10-19T14:39:52.077216
,,,,,,FCO,,,,,MUC,,,,2025-10-14T23:59:59Z,2025-05-15T09:00:00Z,destination=FCO&origin=MUC&endRange=2025-10-14T23:59:59Z&startRange=2025-05-15T09:00:00Z,,,,<Response [404]>,"{""errors"":[{""name"":""FLIGHT NOT FOUND"",""severity"":""INFO""}]}",2025-10-19T14:39:52.077216
,,,,,,FCO,,,,,NAP,,,,2025-10-14T23:59:59Z,2025-05-15T09:00:00Z,destination=FCO&origin=NAP&endRange=2025-10-14T23:59:59Z&startRange=2025-05-15T09:00:00Z,1,6,16.67%,<Response [200]>,,2025-10-19T14:39:52.077216
,,,,,,FCO,,,,,NCE,,,,2025-10-14T23:59:59Z,2025-05-15T09:00:00Z,destination=FCO&origin=NCE&endRange=2025-10-14T23:59:59Z&startRange=2025-05-15T09:00:00Z,1,5,20.00%,<Response [200]>,,2025-10-19T14:39:52.077216
,,,,,,FCO,,,,,ORY,,,,2025-10-14T23:59:59Z,2025-05-15T09:00:00Z,destination=FCO&origin=ORY&endRange=2025-10-14T23:59:59Z&startRange=2025-05-15T09:00:00Z,1,16,6.25%,<Response [200]>,,2025-10-19T14:39:52.077216
,,,,,,FCO,,,,,PMI,,,,2025-10-14T23:59:59Z,2025-05-15T09:00:00Z,destination=FCO&origin=PMI&endRange=2025-10-14T23:59:59Z&startRange=2025-05-15T09:00:00Z,,,,<Response [404]>,"{""errors"":[{""name"":""FLIGHT NOT FOUND"",""severity"":""INFO""}]}",2025-10-19T14:39:52.077216
,,,,,,FCO,,,,,PMO,,,,2025-10-14T23:59:59Z,2025-05-15T09:00:00Z,destination=FCO&origin=PMO&endRange=2025-10-14T23:59:59Z&startRange=2025-05-15T09:00:00Z,1,11,9.09%,<Response [200]>,,2025-10-19T14:39:52.077216
,,,,,,FCO,,,,,RHO,,,,2025-10-14T23:59:59Z,2025-05-15T09:00:00Z,destination=FCO&origin=RHO&endRange=2025-10-14T23:59:59Z&startRange=2025-05-15T09:00:00Z,,,,<Response [404]>,"{""errors"":[{""name"":""FLIGHT NOT FOUND"",""severity"":""INFO""}]}",2025-10-19T14:39:52.077216
,,,,,,FCO,,,,,SOF,,,,2025-10-14T23:59:59Z,2025-05-15T09:00:00Z,destination=FCO&origin=SOF&endRange=2025-10-14T23:59:59Z&startRange=2025-05-15T09:00:00Z,,,,<Response [404]>,"{""errors"":[{""name"":""FLIGHT NOT FOUND"",""severity"":""INFO""}]}",2025-10-19T14:39:52.077216
,,,,,,FCO,,,,,SUF,,,,2025-10-14T23:59:59Z,2025-05-15T09:00:00Z,destination=FCO&origin=SUF&endRange=2025-10-14T23:59:59Z&startRange=2025-05-15T09:00:00Z,1,5,20.00%,<Response [200]>,,2025-10-19T14:39:52.077216
,,,,,,FCO,,,,,TIA,,,,2025-10-14T23:59:59Z,2025-05-15T09:00:00Z,destination=FCO&origin=TIA&endRange=2025-10-14T23:59:59Z&startRange=2025-05-15T09:00:00Z,1,3,33.33%,<Response [200]>,,2025-10-19T14:39:52.077216
,,,,,,FCO,,,,,TRN,,,,2025-10-14T23:59:59Z,2025-05-15T09:00:00Z,destination=FCO&origin=TRN&endRange=2025-10-14T23:59:59Z&startRange=2025-05-15T09:00:00Z,1,4,25.00%,<Response [200]>,,2025-10-19T14:39:52.077216
,,,,,,FCO,,,,,TRS,,,,2025-10-14T23:59:59Z,2025-05-15T09:00:00Z,destination=FCO&origin=TRS&endRange=2025-10-14T23:59:59Z&startRange=2025-05-15T09:00:00Z,1,5,20.00%,<Response [200]>,,2025-10-19T14:39:52.077216
,,,,,,FCO,,,,,VCE,,,,2025-10-14T23:59:59Z,2025-05-15T09:00:00Z,destination=FCO&origin=VCE&endRange=2025-10-14T23:59:59Z&startRange=2025-05-15T09:00:00Z,1,5,20.00%,<Response [200]>,,2025-10-19T14:39:52.077216
,,,,,,FCO,,,,,ZRH,,,,2025-10-14T23:59:59Z,2025-05-15T09:00:00Z,destination=FCO&origin=ZRH&endRange=2025-10-14T23:59:59Z&startRange=2025-05-15T09:00:00Z,,,,<Response [404]>,"{""errors"":[{""name"":""FLIGHT NOT FOUND"",""severity"":""INFO""}]}",2025-10-19T14:39:52.077216
,,,,,,FLR,,,,,AMS,,,,2025-10-14T23:59:59Z,2025-05-15T09:00:00Z,destination=FLR&origin=AMS&endRange=2025-10-14T23:59:59Z&startRange=2025-05-15T09:00:00Z,1,8,12.50%,<Response [200]>,,2025-10-19T14:39:52.077216
,,,,,,FLR,,,,,CDG,,,,2025-10-14T23:59:59Z,2025-05-15T09:00:00Z,destination=FLR&origin=CDG&endRange=2025-10-14T23:59:59Z&startRange=2025-05-15T09:00:00Z,1,11,9.09%,<Response [200]>,,2025-10-19T14:39:52.077216
,,,,,,FLR,,,,,FCO,,,,2025-10-14T23:59:59Z,2025-05-15T09:00:00Z,destination=FLR&origin=FCO&endRange=2025-10-14T23:59:59Z&startRange=2025-05-15T09:00:00Z,1,6,16.67%,<Response [200]>,,2025-10-19T14:39:52.077216
,,,,,,FLR,,,,,ORY,,,,2025-10-14T23:59:59Z,2025-05-15T09:00:00Z,destination=FLR&origin=ORY&endRange=2025-10-14T23:59:59Z&startRange=2025-05-15T09:00:00Z,1,4,25.00%,<Response [200]>,,2025-10-19T14:39:52.077216
,,,,,,FNC,,,,,AMS,,,,2025-10-14T23:59:59Z,2025-05-15T09:00:00Z,destination=FNC&origin=AMS&endRange=2025-10-14T23:59:59Z&startRange=2025-05-15T09:00:00Z,1,3,33.33%,<Response [200]>,,2025-10-19T14:39:52.077216
,,,,,,FNC,,,,,CDG,,,,2025-10-14T23:59:59Z,2025-05-15T09:00:00Z,destination=FNC&origin=CDG&endRange=2025-10-14T23:59:59Z&startRange=2025-05-15T09:00:00Z,,,,<Response [404]>,"{""errors"":[{""name"":""FLIGHT NOT FOUND"",""severity"":""INFO""}]}",2025-10-19T14:39:52.077216
,,,,,,FNC,,,,,LYS,,,,2025-10-14T23:59:59Z,2025-05-15T09:00:00Z,destination=FNC&origin=LYS&endRange=2025-10-14T23:59:59Z&startRange=2025-05-15T09:00:00Z,,,,<Response [404]>,"{""errors"":[{""name"":""FLIGHT NOT FOUND"",""severity"":""INFO""}]}",2025-10-19T14:39:52.077216
,,,,,,FNC,,,,,ORY,,,,2025-10-14T23:59:59Z,2025-05-15T09:00:00Z,destination=FNC&origin=ORY&endRange=2025-10-14T23:59:59Z&startRange=2025-05-15T09:00:00Z,1,2,50.00%,<Response [200]>,,2025-10-19T14:39:52.077216
,,,,,,FRA,,,,,AMS,,,,2025-10-14T23:59:59Z,2025-05-15T09:00:00Z,destination=FRA&origin=AMS&endRange=2025-10-14T23:59:59Z&startRange=2025-05-15T09:00:00Z,1,18,5.56%,<Response [200]>,,2025-10-19T14:39:52.077216
,,,,,,FRA,,,,,CDG,,,,2025-10-14T23:59:59Z,2025-05-15T09:00:00Z,destination=FRA&origin=CDG&endRange=2025-10-14T23:59:59Z&startRange=2025-05-15T09:00:00Z,1,18,5.56%,<Response [200]>,,2025-10-19T14:39:52.077216
,,,,,,FRA,,,,,FCO,,,,2025-10-14T23:59:59Z,2025-05-15T09:00:00Z,destination=FRA&origin=FCO&endRange=2025-10-14T23:59:59Z&startRange=2025-05-15T09:00:00Z,1,2,50.00%,<Response [200]>,,2025-10-19T14:39:52.077216
,,,,,,FRA,,,,,MAD,,,,2025-10-14T23:59:59Z,2025-05-15T09:00:00Z,destination=FRA&origin=MAD&endRange=2025-10-14T23:59:59Z&startRange=2025-05-15T09:00:00Z,,,,<Response [404]>,"{""errors"":[{""name"":""FLIGHT NOT FOUND"",""severity"":""INFO""}]}",2025-10-19T14:39:52.077216
,,,,,,FSC,,,,,BIQ,,,,2025-10-14T23:59:59Z,2025-05-15T09:00:00Z,destination=FSC&origin=BIQ&endRange=2025-10-14T23:59:59Z&startRange=2025-05-15T09:00:00Z,,,,<Response [404]>,"{""errors"":[{""name"":""FLIGHT NOT FOUND"",""severity"":""INFO""}]}",2025-10-19T14:39:52.077216
,,,,,,FSC,,,,,BOD,,,,2025-10-14T23:59:59Z,2025-05-15T09:00:00Z,destination=FSC&origin=BOD&endRange=2025-10-14T23:59:59Z&startRange=2025-05-15T09:00:00Z,,,,<Response [404]>,"{""errors"":[{""name"":""FLIGHT NOT FOUND"",""severity"":""INFO""}]}",2025-10-19T14:39:52.077216
,,,,,,FSC,,,,,CDG,,,,2025-10-14T23:59:59Z,2025-05-15T09:00:00Z,destination=FSC&origin=CDG&endRange=2025-10-14T23:59:59Z&startRange=2025-05-15T09:00:00Z,1,3,33.33%,<Response [200]>,,2025-10-19T14:39:52.077216
,,,,,,FSC,,,,,LYS,,,,2025-10-14T23:59:59Z,2025-05-15T09:00:00Z,destination=FSC&origin=LYS&endRange=2025-10-14T23:59:59Z&startRange=2025-05-15T09:00:00Z,,,,<Response [404]>,"{""errors"":[{""name"":""FLIGHT NOT FOUND"",""severity"":""INFO""}]}",2025-10-19T14:39:52.077216
,,,,,,FSC,,,,,MRS,,,,2025-10-14T23:59:59Z,2025-05-15T09:00:00Z,destination=FSC&origin=MRS&endRange=2025-10-14T23:59:59Z&startRange=2025-05-15T09:00:00Z,1,5,20.00%,<Response [200]>,,2025-10-19T14:39:52.077216
,,,,,,FSC,,,,,NCE,,,,2025-10-14T23:59:59Z,2025-05-15T09:00:00Z,destination=FSC&origin=NCE&endRange=2025-10-14T23:59:59Z&startRange=2025-05-15T09:00:00Z,1,3,33.33%,<Response [200]>,,2025-10-19T14:39:52.077216
,,,,,,FSC,,,,,ORY,,,,2025-10-14T23:59:59Z,2025-05-15T09:00:00Z,destination=FSC&origin=ORY&endRange=2025-10-14T23:59:59Z&startRange=2025-05-15T09:00:00Z,1,5,20.00%,<Response [200]>,,2025-10-19T14:39:52.077216
,,,,,,FSC,,,,,TLS,,,,2025-10-14T23:59:59Z,2025-05-15T09:00:00Z,destination=FSC&origin=TLS&endRange=2025-10-14T23:59:59Z&startRange=2025-05-15T09:00:00Z,,,,<Response [404]>,"{""errors"":[{""name"":""FLIGHT NOT FOUND"",""severity"":""INFO""}]}",2025-10-19T14:39:52.077216
,,,,,,FUE,,,,,AMS,,,,2025-10-14T23:59:59Z,2025-05-15T09:00:00Z,destination=FUE&origin=AMS&endRange=2025-10-14T23:59:59Z&startRange=2025-05-15T09:00:00Z,1,2,50.00%,<Response [200]>,,2025-10-19T14:39:52.077216
,,,,,,FUE,,,,,CDG,,,,2025-10-14T23:59:59Z,2025-05-15T09:00:00Z,destination=FUE&origin=CDG&endRange=2025-10-14T23:59:59Z&startRange=2025-05-15T09:00:00Z,,,,<Response [404]>,"{""errors"":[{""name"":""FLIGHT NOT FOUND"",""severity"":""INFO""}]}",2025-10-19T14:39:52.077216
,,,,,,FUE,,,,,ORY,,,,2025-10-14T23:59:59Z,2025-05-15T09:00:00Z,destination=FUE&origin=ORY&endRange=2025-10-14T23:59:59Z&startRange=2025-05-15T09:00:00Z,1,2,50.00%,<Response [200]>,,2025-10-19T14:39:52.077216
,,,,,,GDN,,,,,AMS,,,,2025-10-14T23:59:59Z,2025-05-15T09:00:00Z,destination=GDN&origin=AMS&endRange=2025-10-14T23:59:59Z&startRange=2025-05-15T09:00:00Z,1,6,16.67%,<Response [200]>,,2025-10-19T14:39:52.077216
,,,,,,GLA,,,,,AMS,,,,2025-10-14T23:59:59Z,2025-05-15T09:00:00Z,destination=GLA&origin=AMS&endRange=2025-10-14T23:59:59Z&startRange=2025-05-15T09:00:00Z,1,8,12.50%,<Response [200]>,,2025-10-19T14:39:52.077216
,,,,,,GLA,,,,,CDG,,,,2025-10-14T23:59:59Z,2025-05-15T09:00:00Z,destination=GLA&origin=CDG&endRange=2025-10-14T23:59:59Z&startRange=2025-05-15T09:00:00Z,1,4,25.00%,<Response [200]>,,2025-10-19T14:39:52.077216
,,,,,,GOA,,,,,AMS,,,,2025-10-14T23:59:59Z,2025-05-15T09:00:00Z,destination=GOA&origin=AMS&endRange=2025-10-14T23:59:59Z&startRange=2025-05-15T09:00:00Z,1,4,25.00%,<Response [200]>,,2025-10-19T14:39:52.077216
,,,,,,GOA,,,,,FCO,,,,2025-10-14T23:59:59Z,2025-05-15T09:00:00Z,destination=GOA&origin=FCO&endRange=2025-10-14T23:59:59Z&startRange=2025-05-15T09:00:00Z,1,5,20.00%,<Response [200]>,,2025-10-19T14:39:52.077216
,,,,,,GOA,,,,,ORY,,,,2025-10-14T23:59:59Z,2025-05-15T09:00:00Z,destination=GOA&origin=ORY&endRange=2025-10-14T23:59:59Z&startRange=2025-05-15T09:00:00Z,,,,<Response [404]>,"{""errors"":[{""name"":""FLIGHT NOT FOUND"",""severity"":""INFO""}]}",2025-10-19T14:39:52.077216
,,,,,,GOT,,,,,AMS,,,,2025-10-14T23:59:59Z,2025-05-15T09:00:00Z,destination=GOT&origin=AMS&endRange=2025-10-14T23:59:59Z&startRange=2025-05-15T09:00:00Z,1,8,12.50%,<Response [200]>,,2025-10-19T14:39:52.077216
,,,,,,GOT,,,,,ARN,,,,2025-10-14T23:59:59Z,2025-05-15T09:00:00Z,destination=GOT&origin=ARN&endRange=2025-10-14T23:59:59Z&startRange=2025-05-15T09:00:00Z,1,6,16.67%,<Response [200]>,,2025-10-19T14:39:52.077216
,,,,,,GOT,,,,,BGO,,,,2025-10-14T23:59:59Z,2025-05-15T09:00:00Z,destination=GOT&origin=BGO&endRange=2025-10-14T23:59:59Z&startRange=2025-05-15T09:00:00Z,,,,<Response [404]>,"{""errors"":[{""name"":""FLIGHT NOT FOUND"",""severity"":""INFO""}]}",2025-10-19T14:39:52.077216
,,,,,,GOT,,,,,CDG,,,,2025-10-14T23:59:59Z,2025-05-15T09:00:00Z,destination=GOT&origin=CDG&endRange=2025-10-14T23:59:59Z&startRange=2025-05-15T09:00:00Z,1,4,25.00%,<Response [200]>,,2025-10-19T14:39:52.077216
,,,,,,GRO,,,,,AMS,,,,2025-10-14T23:59:59Z,2025-05-15T09:00:00Z,destination=GRO&origin=AMS&endRange=2025-10-14T23:59:59Z&startRange=2025-05-15T09:00:00Z,1,2,50.00%,<Response [200]>,,2025-10-19T14:39:52.077216
,,,,,,GRX,,,,,AMS,,,,2025-10-14T23:59:59Z,2025-05-15T09:00:00Z,destination=GRX&origin=AMS&endRange=2025-10-14T23:59:59Z&startRange=2025-05-15T09:00:00Z,,,,<Response [404]>,"{""errors"":[{""name"":""FLIGHT NOT FOUND"",""severity"":""INFO""}]}",2025-10-19T14:39:52.077216
