aircraftRegistration,aircraftType,arrivalCity,carrierCode,consumerHost,departureCity,destination,flightNumber,movementType,operatingAirlineCode,operationalSuffix,origin,serviceType,timeOriginType,timeType,endRange,startRange,call_parameters,totalPages,totalFlights,nb_of_pages_already_retrieved,completion,response,timestamp,message
,,,,,,AMS,,,,,TLV,,,,2025-10-14T23:59:59Z,2025-05-15T09:00:00Z,destination=AMS&origin=TLV&endRange=2025-10-14T23:59:59Z&startRange=2025-05-15T09:00:00Z,5.0,480.0,1.0,20.0,<Response [500]>,2025-11-03T12:03:24.204521,"{""errors"":[{""name"":""INTERNAL_SERVER_ERROR""}]}"
,,,,,,AAE,,,,,CDG,,,,2025-10-14T23:59:59Z,2025-05-15T09:00:00Z,destination=AAE&origin=CDG&endRange=2025-10-14T23:59:59Z&startRange=2025-05-15T09:00:00Z,1.0,89.0,1.0,100.0,<Response [200]>,,
,,,,,,AAE,,,,,LYS,,,,2025-10-14T23:59:59Z,2025-05-15T09:00:00Z,destination=AAE&origin=LYS&endRange=2025-10-14T23:59:59Z&startRange=2025-05-15T09:00:00Z,1.0,92.0,1.0,100.0,<Response [200]>,,
,,,,,,AAE,,,,,ORY,,,,2025-10-14T23:59:59Z,2025-05-15T09:00:00Z,destination=AAE&origin=ORY&endRange=2025-10-14T23:59:59Z&startRange=2025-05-15T09:00:00Z,1.0,65.0,1.0,100.0,<Response [200]>,,
,,,,,,ABV,,,,,CDG,,,,2025-10-14T23:59:59Z,2025-05-15T09:00:00Z,destination=ABV&origin=CDG&endRange=2025-10-14T23:59:59Z&startRange=2025-05-15T09:00:00Z,1.0,60.0,1.0,100.0,<Response [200]>,,
,,,,,,ADB,,,,,ORY,,,,2025-10-14T23:59:59Z,2025-05-15T09:00:00Z,destination=ADB&origin=ORY&endRange=2025-10-14T23:59:59Z&startRange=2025-05-15T09:00:00Z,1.0,75.0,1.0,100.0,<Response [200]>,,
,,,,,,AGA,,,,,AMS,,,,2025-10-14T23:59:59Z,2025-05-15T09:00:00Z,destination=AGA&origin=AMS&endRange=2025-10-14T23:59:59Z&startRange=2025-05-15T09:00:00Z,1.0,70.0,1.0,100.0,<Response [200]>,,
,,,,,,AGA,,,,,CDG,,,,2025-10-14T23:59:59Z,2025-05-15T09:00:00Z,destination=AGA&origin=CDG&endRange=2025-10-14T23:59:59Z&startRange=2025-05-15T09:00:00Z,1.0,50.0,1.0,100.0,<Response [200]>,,
,,,,,,AGA,,,,,LYS,,,,2025-10-14T23:59:59Z,2025-05-15T09:00:00Z,destination=AGA&origin=LYS&endRange=2025-10-14T23:59:59Z&startRange=2025-05-15T09:00:00Z,1.0,35.0,1.0,100.0,<Response [200]>,,
,,,,,,ALG,,,,,CDG,,,,2025-10-14T23:59:59Z,2025-05-15T09:00:00Z,destination=ALG&origin=CDG&endRange=2025-10-14T23:59:59Z&startRange=2025-05-15T09:00:00Z,20.0,1910.0,20.0,100.0,<Response [200]>,,
,,,,,,ALG,,,,,ORY,,,,2025-10-14T23:59:59Z,2025-05-15T09:00:00Z,destination=ALG&origin=ORY&endRange=2025-10-14T23:59:59Z&startRange=2025-05-15T09:00:00Z,13.0,1287.0,13.0,100.0,<Response [200]>,,
,,,,,,AMM,,,,,AMS,,,,2025-10-14T23:59:59Z,2025-05-15T09:00:00Z,destination=AMM&origin=AMS&endRange=2025-10-14T23:59:59Z&startRange=2025-05-15T09:00:00Z,1.0,78.0,1.0,100.0,<Response [200]>,,
,,,,,,AMS,,,,,AGA,,,,2025-10-14T23:59:59Z,2025-05-15T09:00:00Z,destination=AMS&origin=AGA&endRange=2025-10-14T23:59:59Z&startRange=2025-05-15T09:00:00Z,1.0,70.0,1.0,100.0,<Response [200]>,,
,,,,,,AMS,,,,,AMM,,,,2025-10-14T23:59:59Z,2025-05-15T09:00:00Z,destination=AMS&origin=AMM&endRange=2025-10-14T23:59:59Z&startRange=2025-05-15T09:00:00Z,1.0,78.0,1.0,100.0,<Response [200]>,,
,,,,,,AMS,,,,,ASR,,,,2025-10-14T23:59:59Z,2025-05-15T09:00:00Z,destination=AMS&origin=ASR&endRange=2025-10-14T23:59:59Z&startRange=2025-05-15T09:00:00Z,1.0,75.0,1.0,100.0,<Response [200]>,,
,,,,,,AMS,,,,,AUS,,,,2025-10-14T23:59:59Z,2025-05-15T09:00:00Z,destination=AMS&origin=AUS&endRange=2025-10-14T23:59:59Z&startRange=2025-05-15T09:00:00Z,1.0,76.0,1.0,100.0,<Response [200]>,,
,,,,,,AMS,,,,,CUN,,,,2025-10-14T23:59:59Z,2025-05-15T09:00:00Z,destination=AMS&origin=CUN&endRange=2025-10-14T23:59:59Z&startRange=2025-05-15T09:00:00Z,1.0,43.0,1.0,100.0,<Response [200]>,,
,,,,,,AMS,,,,,EBL,,,,2025-10-14T23:59:59Z,2025-05-15T09:00:00Z,destination=AMS&origin=EBL&endRange=2025-10-14T23:59:59Z&startRange=2025-05-15T09:00:00Z,1.0,42.0,1.0,100.0,<Response [200]>,,
,,,,,,AMS,,,,,FEZ,,,,2025-10-14T23:59:59Z,2025-05-15T09:00:00Z,destination=AMS&origin=FEZ&endRange=2025-10-14T23:59:59Z&startRange=2025-05-15T09:00:00Z,1.0,22.0,1.0,100.0,<Response [200]>,,
,,,,,,AMS,,,,,GEO,,,,2025-10-14T23:59:59Z,2025-05-15T09:00:00Z,destination=AMS&origin=GEO&endRange=2025-10-14T23:59:59Z&startRange=2025-05-15T09:00:00Z,1.0,38.0,1.0,100.0,<Response [200]>,,
,,,,,,AMS,,,,,GUW,,,,2025-10-14T23:59:59Z,2025-05-15T09:00:00Z,destination=AMS&origin=GUW&endRange=2025-10-14T23:59:59Z&startRange=2025-05-15T09:00:00Z,1.0,59.0,1.0,100.0,<Response [200]>,,
,,,,,,AMS,,,,,KWI,,,,2025-10-14T23:59:59Z,2025-05-15T09:00:00Z,destination=AMS&origin=KWI&endRange=2025-10-14T23:59:59Z&startRange=2025-05-15T09:00:00Z,1.0,64.0,1.0,100.0,<Response [200]>,,
,,,,,,AMS,,,,,KYA,,,,2025-10-14T23:59:59Z,2025-05-15T09:00:00Z,destination=AMS&origin=KYA&endRange=2025-10-14T23:59:59Z&startRange=2025-05-15T09:00:00Z,1.0,58.0,1.0,100.0,<Response [200]>,,
,,,,,,AMS,,,,,MBA,,,,2025-10-14T23:59:59Z,2025-05-15T09:00:00Z,destination=AMS&origin=MBA&endRange=2025-10-14T23:59:59Z&startRange=2025-05-15T09:00:00Z,1.0,41.0,1.0,100.0,<Response [200]>,,
,,,,,,AMS,,,,,MCT,,,,2025-10-14T23:59:59Z,2025-05-15T09:00:00Z,destination=AMS&origin=MCT&endRange=2025-10-14T23:59:59Z&startRange=2025-05-15T09:00:00Z,1.0,63.0,1.0,100.0,<Response [200]>,,
,,,,,,AMS,,,,,NBE,,,,2025-10-14T23:59:59Z,2025-05-15T09:00:00Z,destination=AMS&origin=NBE&endRange=2025-10-14T23:59:59Z&startRange=2025-05-15T09:00:00Z,1.0,49.0,1.0,100.0,<Response [200]>,,
,,,,,,AMS,,,,,PFO,,,,2025-10-14T23:59:59Z,2025-05-15T09:00:00Z,destination=AMS&origin=PFO&endRange=2025-10-14T23:59:59Z&startRange=2025-05-15T09:00:00Z,1.0,89.0,1.0,100.0,<Response [200]>,,
,,,,,,AMS,,,,,RMF,,,,2025-10-14T23:59:59Z,2025-05-15T09:00:00Z,destination=AMS&origin=RMF&endRange=2025-10-14T23:59:59Z&startRange=2025-05-15T09:00:00Z,1.0,81.0,1.0,100.0,<Response [200]>,,
,,,,,,AMS,,,,,SAN,,,,2025-10-14T23:59:59Z,2025-05-15T09:00:00Z,destination=AMS&origin=SAN&endRange=2025-10-14T23:59:59Z&startRange=2025-05-15T09:00:00Z,1.0,66.0,1.0,100.0,<Response [200]>,,
,,,,,,AMS,,,,,SID,,,,2025-10-14T23:59:59Z,2025-05-15T09:00:00Z,destination=AMS&origin=SID&endRange=2025-10-14T23:59:59Z&startRange=2025-05-15T09:00:00Z,1.0,87.0,1.0,100.0,<Response [200]>,,
,,,,,,AMS,,,,,TPA,,,,2025-10-14T23:59:59Z,2025-05-15T09:00:00Z,destination=AMS&origin=TPA&endRange=2025-10-14T23:59:59Z&startRange=2025-05-15T09:00:00Z,1.0,88.0,1.0,100.0,<Response [200]>,,
,,,,,,AMS,,,,,TTU,,,,2025-10-14T23:59:59Z,2025-05-15T09:00:00Z,destination=AMS&origin=TTU&endRange=2025-10-14T23:59:59Z&startRange=2025-05-15T09:00:00Z,1.0,41.0,1.0,100.0,<Response [200]>,,
,,,,,,ARN,,,,,EWR,,,,2025-10-14T23:59:59Z,2025-05-15T09:00:00Z,destination=ARN&origin=EWR&endRange=2025-10-14T23:59:59Z&startRange=2025-05-15T09:00:00Z,1.0,46.0,1.0,100.0,<Response [200]>,,
,,,,,,ASR,,,,,AMS,,,,2025-10-14T23:59:59Z,2025-05-15T09:00:00Z,destination=ASR&origin=AMS&endRange=2025-10-14T23:59:59Z&startRange=2025-05-15T09:00:00Z,1.0,75.0,1.0,100.0,<Response [200]>,,
,,,,,,ASU,,,,,MAD,,,,2025-10-14T23:59:59Z,2025-05-15T09:00:00Z,destination=ASU&origin=MAD&endRange=2025-10-14T23:59:59Z&startRange=2025-05-15T09:00:00Z,1.0,15.0,1.0,100.0,<Response [200]>,,
,,,,,,ATL,,,,,CPH,,,,2025-10-14T23:59:59Z,2025-05-15T09:00:00Z,destination=ATL&origin=CPH&endRange=2025-10-14T23:59:59Z&startRange=2025-05-15T09:00:00Z,1.0,41.0,1.0,100.0,<Response [200]>,,
,,,,,,AUS,,,,,AMS,,,,2025-10-14T23:59:59Z,2025-05-15T09:00:00Z,destination=AUS&origin=AMS&endRange=2025-10-14T23:59:59Z&startRange=2025-05-15T09:00:00Z,1.0,76.0,1.0,100.0,<Response [200]>,,
,,,,,,BCN,,,,,BOS,,,,2025-10-14T23:59:59Z,2025-05-15T09:00:00Z,destination=BCN&origin=BOS&endRange=2025-10-14T23:59:59Z&startRange=2025-05-15T09:00:00Z,1.0,63.0,1.0,100.0,<Response [200]>,,
,,,,,,BEY,,,,,NCE,,,,2025-10-14T23:59:59Z,2025-05-15T09:00:00Z,destination=BEY&origin=NCE&endRange=2025-10-14T23:59:59Z&startRange=2025-05-15T09:00:00Z,1.0,66.0,1.0,100.0,<Response [200]>,,
,,,,,,BGF,,,,,CDG,,,,2025-10-14T23:59:59Z,2025-05-15T09:00:00Z,destination=BGF&origin=CDG&endRange=2025-10-14T23:59:59Z&startRange=2025-05-15T09:00:00Z,1.0,21.0,1.0,100.0,<Response [200]>,,
,,,,,,BGR,,,,,CDG,,,,2025-10-14T23:59:59Z,2025-05-15T09:00:00Z,destination=BGR&origin=CDG&endRange=2025-10-14T23:59:59Z&startRange=2025-05-15T09:00:00Z,1.0,1.0,1.0,100.0,<Response [200]>,,
,,,,,,BJL,,,,,AMS,,,,2025-10-14T23:59:59Z,2025-05-15T09:00:00Z,destination=BJL&origin=AMS&endRange=2025-10-14T23:59:59Z&startRange=2025-05-15T09:00:00Z,1.0,21.0,1.0,100.0,<Response [200]>,,
,,,,,,BJV,,,,,ORY,,,,2025-10-14T23:59:59Z,2025-05-15T09:00:00Z,destination=BJV&origin=ORY&endRange=2025-10-14T23:59:59Z&startRange=2025-05-15T09:00:00Z,1.0,44.0,1.0,100.0,<Response [200]>,,
,,,,,,BLJ,,,,,CDG,,,,2025-10-14T23:59:59Z,2025-05-15T09:00:00Z,destination=BLJ&origin=CDG&endRange=2025-10-14T23:59:59Z&startRange=2025-05-15T09:00:00Z,1.0,13.0,1.0,100.0,<Response [200]>,,
,,,,,,BLJ,,,,,LYS,,,,2025-10-14T23:59:59Z,2025-05-15T09:00:00Z,destination=BLJ&origin=LYS&endRange=2025-10-14T23:59:59Z&startRange=2025-05-15T09:00:00Z,1.0,35.0,1.0,100.0,<Response [200]>,,
,,,,,,BLJ,,,,,ORY,,,,2025-10-14T23:59:59Z,2025-05-15T09:00:00Z,destination=BLJ&origin=ORY&endRange=2025-10-14T23:59:59Z&startRange=2025-05-15T09:00:00Z,1.0,21.0,1.0,100.0,<Response [200]>,,
,,,,,,BOS,,,,,BCN,,,,2025-10-14T23:59:59Z,2025-05-15T09:00:00Z,destination=BOS&origin=BCN&endRange=2025-10-14T23:59:59Z&startRange=2025-05-15T09:00:00Z,1.0,62.0,1.0,100.0,<Response [200]>,,
,,,,,,BOS,,,,,CPH,,,,2025-10-14T23:59:59Z,2025-05-15T09:00:00Z,destination=BOS&origin=CPH&endRange=2025-10-14T23:59:59Z&startRange=2025-05-15T09:00:00Z,1.0,46.0,1.0,100.0,<Response [200]>,,
,,,,,,BSK,,,,,ORY,,,,2025-10-14T23:59:59Z,2025-05-15T09:00:00Z,destination=BSK&origin=ORY&endRange=2025-10-14T23:59:59Z&startRange=2025-05-15T09:00:00Z,1.0,70.0,1.0,100.0,<Response [200]>,,
,,,,,,BVC,,,,,AMS,,,,2025-10-14T23:59:59Z,2025-05-15T09:00:00Z,destination=BVC&origin=AMS&endRange=2025-10-14T23:59:59Z&startRange=2025-05-15T09:00:00Z,1.0,44.0,1.0,100.0,<Response [200]>,,
,,,,,,BVC,,,,,ORY,,,,2025-10-14T23:59:59Z,2025-05-15T09:00:00Z,destination=BVC&origin=ORY&endRange=2025-10-14T23:59:59Z&startRange=2025-05-15T09:00:00Z,1.0,43.0,1.0,100.0,<Response [200]>,,
,,,,,,CAY,,,,,LIS,,,,2025-10-14T23:59:59Z,2025-05-15T09:00:00Z,destination=CAY&origin=LIS&endRange=2025-10-14T23:59:59Z&startRange=2025-05-15T09:00:00Z,1.0,1.0,1.0,100.0,<Response [200]>,,
,,,,,,CDG,,,,,AAE,,,,2025-10-14T23:59:59Z,2025-05-15T09:00:00Z,destination=CDG&origin=AAE&endRange=2025-10-14T23:59:59Z&startRange=2025-05-15T09:00:00Z,1.0,95.0,1.0,100.0,<Response [200]>,,
,,,,,,CDG,,,,,AGA,,,,2025-10-14T23:59:59Z,2025-05-15T09:00:00Z,destination=CDG&origin=AGA&endRange=2025-10-14T23:59:59Z&startRange=2025-05-15T09:00:00Z,1.0,54.0,1.0,100.0,<Response [200]>,,
,,,,,,CDG,,,,,ALG,,,,2025-10-14T23:59:59Z,2025-05-15T09:00:00Z,destination=CDG&origin=ALG&endRange=2025-10-14T23:59:59Z&startRange=2025-05-15T09:00:00Z,21.0,2039.0,21.0,100.0,<Response [200]>,,
,,,,,,CDG,,,,,BLJ,,,,2025-10-14T23:59:59Z,2025-05-15T09:00:00Z,destination=CDG&origin=BLJ&endRange=2025-10-14T23:59:59Z&startRange=2025-05-15T09:00:00Z,1.0,13.0,1.0,100.0,<Response [200]>,,
,,,,,,CDG,,,,,CFK,,,,2025-10-14T23:59:59Z,2025-05-15T09:00:00Z,destination=CDG&origin=CFK&endRange=2025-10-14T23:59:59Z&startRange=2025-05-15T09:00:00Z,1.0,43.0,1.0,100.0,<Response [200]>,,
,,,,,,CDG,,,,,CKG,,,,2025-10-14T23:59:59Z,2025-05-15T09:00:00Z,destination=CDG&origin=CKG&endRange=2025-10-14T23:59:59Z&startRange=2025-05-15T09:00:00Z,1.0,45.0,1.0,100.0,<Response [200]>,,
,,,,,,CDG,,,,,CLT,,,,2025-10-14T23:59:59Z,2025-05-15T09:00:00Z,destination=CDG&origin=CLT&endRange=2025-10-14T23:59:59Z&startRange=2025-05-15T09:00:00Z,1.0,91.0,1.0,100.0,<Response [200]>,,
,,,,,,CDG,,,,,CMB,,,,2025-10-14T23:59:59Z,2025-05-15T09:00:00Z,destination=CDG&origin=CMB&endRange=2025-10-14T23:59:59Z&startRange=2025-05-15T09:00:00Z,1.0,66.0,1.0,100.0,<Response [200]>,,
,,,,,,CDG,,,,,CUN,,,,2025-10-14T23:59:59Z,2025-05-15T09:00:00Z,destination=CDG&origin=CUN&endRange=2025-10-14T23:59:59Z&startRange=2025-05-15T09:00:00Z,1.0,60.0,1.0,100.0,<Response [200]>,,
,,,,,,CDG,,,,,CZL,,,,2025-10-14T23:59:59Z,2025-05-15T09:00:00Z,destination=CDG&origin=CZL&endRange=2025-10-14T23:59:59Z&startRange=2025-05-15T09:00:00Z,1.0,90.0,1.0,100.0,<Response [200]>,,
,,,,,,CDG,,,,,DEN,,,,2025-10-14T23:59:59Z,2025-05-15T09:00:00Z,destination=CDG&origin=DEN&endRange=2025-10-14T23:59:59Z&startRange=2025-05-15T09:00:00Z,1.0,77.0,1.0,100.0,<Response [200]>,,
,,,,,,CDG,,,,,ESB,,,,2025-10-14T23:59:59Z,2025-05-15T09:00:00Z,destination=CDG&origin=ESB&endRange=2025-10-14T23:59:59Z&startRange=2025-05-15T09:00:00Z,1.0,44.0,1.0,100.0,<Response [200]>,,
,,,,,,CDG,,,,,FEZ,,,,2025-10-14T23:59:59Z,2025-05-15T09:00:00Z,destination=CDG&origin=FEZ&endRange=2025-10-14T23:59:59Z&startRange=2025-05-15T09:00:00Z,1.0,44.0,1.0,100.0,<Response [200]>,,
,,,,,,CDG,,,,,FOR,,,,2025-10-14T23:59:59Z,2025-05-15T09:00:00Z,destination=CDG&origin=FOR&endRange=2025-10-14T23:59:59Z&startRange=2025-05-15T09:00:00Z,1.0,68.0,1.0,100.0,<Response [200]>,,
,,,,,,CDG,,,,,FSP,,,,2025-10-14T23:59:59Z,2025-05-15T09:00:00Z,destination=CDG&origin=FSP&endRange=2025-10-14T23:59:59Z&startRange=2025-05-15T09:00:00Z,1.0,13.0,1.0,100.0,<Response [200]>,,
,,,,,,CDG,,,,,GYD,,,,2025-10-14T23:59:59Z,2025-05-15T09:00:00Z,destination=CDG&origin=GYD&endRange=2025-10-14T23:59:59Z&startRange=2025-05-15T09:00:00Z,1.0,66.0,1.0,100.0,<Response [200]>,,
,,,,,,CDG,,,,,HAV,,,,2025-10-14T23:59:59Z,2025-05-15T09:00:00Z,destination=CDG&origin=HAV&endRange=2025-10-14T23:59:59Z&startRange=2025-05-15T09:00:00Z,1.0,65.0,1.0,100.0,<Response [200]>,,
,,,,,,CDG,,,,,HRG,,,,2025-10-14T23:59:59Z,2025-05-15T09:00:00Z,destination=CDG&origin=HRG&endRange=2025-10-14T23:59:59Z&startRange=2025-05-15T09:00:00Z,1.0,80.0,1.0,100.0,<Response [200]>,,
,,,,,,CDG,,,,,ISB,,,,2025-10-14T23:59:59Z,2025-05-15T09:00:00Z,destination=CDG&origin=ISB&endRange=2025-10-14T23:59:59Z&startRange=2025-05-15T09:00:00Z,1.0,45.0,1.0,100.0,<Response [200]>,,
,,,,,,CDG,,,,,IST,,,,2025-10-14T23:59:59Z,2025-05-15T09:00:00Z,destination=CDG&origin=IST&endRange=2025-10-14T23:59:59Z&startRange=2025-05-15T09:00:00Z,12.0,1139.0,12.0,100.0,<Response [200]>,,
,,,,,,CDG,,,,,JFK,,,,2025-10-14T23:59:59Z,2025-05-15T09:00:00Z,destination=CDG&origin=JFK&endRange=2025-10-14T23:59:59Z&startRange=2025-05-15T09:00:00Z,19.0,1821.0,19.0,100.0,<Response [200]>,,
,,,,,,CDG,,,,,JIB,,,,2025-10-14T23:59:59Z,2025-05-15T09:00:00Z,destination=CDG&origin=JIB&endRange=2025-10-14T23:59:59Z&startRange=2025-05-15T09:00:00Z,1.0,22.0,1.0,100.0,<Response [200]>,,
,,,,,,CDG,,,,,JRO,,,,2025-10-14T23:59:59Z,2025-05-15T09:00:00Z,destination=CDG&origin=JRO&endRange=2025-10-14T23:59:59Z&startRange=2025-05-15T09:00:00Z,1.0,57.0,1.0,100.0,<Response [200]>,,
,,,,,,CDG,,,,,KGL,,,,2025-10-14T23:59:59Z,2025-05-15T09:00:00Z,destination=CDG&origin=KGL&endRange=2025-10-14T23:59:59Z&startRange=2025-05-15T09:00:00Z,1.0,65.0,1.0,100.0,<Response [200]>,,
,,,,,,CDG,,,,,LHE,,,,2025-10-14T23:59:59Z,2025-05-15T09:00:00Z,destination=CDG&origin=LHE&endRange=2025-10-14T23:59:59Z&startRange=2025-05-15T09:00:00Z,1.0,17.0,1.0,100.0,<Response [200]>,,
,,,,,,CDG,,,,,LXR,,,,2025-10-14T23:59:59Z,2025-05-15T09:00:00Z,destination=CDG&origin=LXR&endRange=2025-10-14T23:59:59Z&startRange=2025-05-15T09:00:00Z,1.0,25.0,1.0,100.0,<Response [200]>,,
,,,,,,CDG,,,,,MCO,,,,2025-10-14T23:59:59Z,2025-05-15T09:00:00Z,destination=CDG&origin=MCO&endRange=2025-10-14T23:59:59Z&startRange=2025-05-15T09:00:00Z,1.0,82.0,1.0,100.0,<Response [200]>,,
,,,,,,CDG,,,,,MCT,,,,2025-10-14T23:59:59Z,2025-05-15T09:00:00Z,destination=CDG&origin=MCT&endRange=2025-10-14T23:59:59Z&startRange=2025-05-15T09:00:00Z,1.0,86.0,1.0,100.0,<Response [200]>,,
,,,,,,CDG,,,,,MED,,,,2025-10-14T23:59:59Z,2025-05-15T09:00:00Z,destination=CDG&origin=MED&endRange=2025-10-14T23:59:59Z&startRange=2025-05-15T09:00:00Z,1.0,2.0,1.0,100.0,<Response [200]>,,
,,,,,,CDG,,,,,MNL,,,,2025-10-14T23:59:59Z,2025-05-15T09:00:00Z,destination=CDG&origin=MNL&endRange=2025-10-14T23:59:59Z&startRange=2025-05-15T09:00:00Z,1.0,65.0,1.0,100.0,<Response [200]>,,
,,,,,,CDG,,,,,NKC,,,,2025-10-14T23:59:59Z,2025-05-15T09:00:00Z,destination=CDG&origin=NKC&endRange=2025-10-14T23:59:59Z&startRange=2025-05-15T09:00:00Z,1.0,83.0,1.0,100.0,<Response [200]>,,
,,,,,,CDG,,,,,NKG,,,,2025-10-14T23:59:59Z,2025-05-15T09:00:00Z,destination=CDG&origin=NKG&endRange=2025-10-14T23:59:59Z&startRange=2025-05-15T09:00:00Z,1.0,12.0,1.0,100.0,<Response [200]>,,
,,,,,,CDG,,,,,OUD,,,,2025-10-14T23:59:59Z,2025-05-15T09:00:00Z,destination=CDG&origin=OUD&endRange=2025-10-14T23:59:59Z&startRange=2025-05-15T09:00:00Z,1.0,98.0,1.0,100.0,<Response [200]>,,
,,,,,,CDG,,,,,PER,,,,2025-10-14T23:59:59Z,2025-05-15T09:00:00Z,destination=CDG&origin=PER&endRange=2025-10-14T23:59:59Z&startRange=2025-05-15T09:00:00Z,1.0,67.0,1.0,100.0,<Response [200]>,,
,,,,,,CDG,,,,,QSF,,,,2025-10-14T23:59:59Z,2025-05-15T09:00:00Z,destination=CDG&origin=QSF&endRange=2025-10-14T23:59:59Z&startRange=2025-05-15T09:00:00Z,1.0,22.0,1.0,100.0,<Response [200]>,,
,,,,,,CDG,,,,,SFJ,,,,2025-10-14T23:59:59Z,2025-05-15T09:00:00Z,destination=CDG&origin=SFJ&endRange=2025-10-14T23:59:59Z&startRange=2025-05-15T09:00:00Z,1.0,9.0,1.0,100.0,<Response [200]>,,
,,,,,,CDG,,,,,SSA,,,,2025-10-14T23:59:59Z,2025-05-15T09:00:00Z,destination=CDG&origin=SSA&endRange=2025-10-14T23:59:59Z&startRange=2025-05-15T09:00:00Z,1.0,65.0,1.0,100.0,<Response [200]>,,
,,,,,,CDG,,,,,SZX,,,,2025-10-14T23:59:59Z,2025-05-15T09:00:00Z,destination=CDG&origin=SZX&endRange=2025-10-14T23:59:59Z&startRange=2025-05-15T09:00:00Z,1.0,44.0,1.0,100.0,<Response [200]>,,
,,,,,,CDG,,,,,TAS,,,,2025-10-14T23:59:59Z,2025-05-15T09:00:00Z,destination=CDG&origin=TAS&endRange=2025-10-14T23:59:59Z&startRange=2025-05-15T09:00:00Z,1.0,44.0,1.0,100.0,<Response [200]>,,
,,,,,,CDG,,,,,TFU,,,,2025-10-14T23:59:59Z,2025-05-15T09:00:00Z,destination=CDG&origin=TFU&endRange=2025-10-14T23:59:59Z&startRange=2025-05-15T09:00:00Z,1.0,22.0,1.0,100.0,<Response [200]>,,
,,,,,,CDG,,,,,TUN,,,,2025-10-14T23:59:59Z,2025-05-15T09:00:00Z,destination=CDG&origin=TUN&endRange=2025-10-14T23:59:59Z&startRange=2025-05-15T09:00:00Z,12.0,1148.0,12.0,100.0,<Response [200]>,,
,,,,,,CDG,,,,,VXE,,,,2025-10-14T23:59:59Z,2025-05-15T09:00:00Z,destination=CDG&origin=VXE&endRange=2025-10-14T23:59:59Z&startRange=2025-05-15T09:00:00Z,1.0,21.0,1.0,100.0,<Response [200]>,,
,,,,,,CDG,,,,,XIY,,,,2025-10-14T23:59:59Z,2025-05-15T09:00:00Z,destination=CDG&origin=XIY&endRange=2025-10-14T23:59:59Z&startRange=2025-05-15T09:00:00Z,1.0,21.0,1.0,100.0,<Response [200]>,,
,,,,,,CDG,,,,,XMN,,,,2025-10-14T23:59:59Z,2025-05-15T09:00:00Z,destination=CDG&origin=XMN&endRange=2025-10-14T23:59:59Z&startRange=2025-05-15T09:00:00Z,1.0,65.0,1.0,100.0,<Response [200]>,,
,,,,,,CDG,,,,,YHZ,,,,2025-10-14T23:59:59Z,2025-05-15T09:00:00Z,destination=CDG&origin=YHZ&endRange=2025-10-14T23:59:59Z&startRange=2025-05-15T09:00:00Z,1.0,90.0,1.0,100.0,<Response [200]>,,
,,,,,,CDG,,,,,YYT,,,,2025-10-14T23:59:59Z,2025-05-15T09:00:00Z,destination=CDG&origin=YYT&endRange=2025-10-14T23:59:59Z&startRange=2025-05-15T09:00:00Z,1.0,24.0,1.0,100.0,<Response [200]>,,
,,,,,,CFK,,,,,CDG,,,,2025-10-14T23:59:59Z,2025-05-15T09:00:00Z,destination=CFK&origin=CDG&endRange=2025-10-14T23:59:59Z&startRange=2025-05-15T09:00:00Z,1.0,43.0,1.0,100.0,<Response [200]>,,
,,,,,,CKG,,,,,CDG,,,,2025-10-14T23:59:59Z,2025-05-15T09:00:00Z,destination=CKG&origin=CDG&endRange=2025-10-14T23:59:59Z&startRange=2025-05-15T09:00:00Z,1.0,45.0,1.0,100.0,<Response [200]>,,
,,,,,,CLT,,,,,CDG,,,,2025-10-14T23:59:59Z,2025-05-15T09:00:00Z,destination=CLT&origin=CDG&endRange=2025-10-14T23:59:59Z&startRange=2025-05-15T09:00:00Z,1.0,95.0,1.0,100.0,<Response [200]>,,
,,,,,,CMB,,,,,CDG,,,,2025-10-14T23:59:59Z,2025-05-15T09:00:00Z,destination=CMB&origin=CDG&endRange=2025-10-14T23:59:59Z&startRange=2025-05-15T09:00:00Z,1.0,65.0,1.0,100.0,<Response [200]>,,
,,,,,,CMB,,,,,FRA,,,,2025-10-14T23:59:59Z,2025-05-15T09:00:00Z,destination=CMB&origin=FRA&endRange=2025-10-14T23:59:59Z&startRange=2025-05-15T09:00:00Z,1.0,34.0,1.0,100.0,<Response [200]>,,
,,,,,,COR,,,,,MAD,,,,2025-10-14T23:59:59Z,2025-05-15T09:00:00Z,destination=COR&origin=MAD&endRange=2025-10-14T23:59:59Z&startRange=2025-05-15T09:00:00Z,1.0,7.0,1.0,100.0,<Response [200]>,,
,,,,,,CPH,,,,,ATL,,,,2025-10-14T23:59:59Z,2025-05-15T09:00:00Z,destination=CPH&origin=ATL&endRange=2025-10-14T23:59:59Z&startRange=2025-05-15T09:00:00Z,1.0,41.0,1.0,100.0,<Response [200]>,,
,,,,,,CPH,,,,,BOS,,,,2025-10-14T23:59:59Z,2025-05-15T09:00:00Z,destination=CPH&origin=BOS&endRange=2025-10-14T23:59:59Z&startRange=2025-05-15T09:00:00Z,1.0,46.0,1.0,100.0,<Response [200]>,,
,,,,,,CPH,,,,,EWR,,,,2025-10-14T23:59:59Z,2025-05-15T09:00:00Z,destination=CPH&origin=EWR&endRange=2025-10-14T23:59:59Z&startRange=2025-05-15T09:00:00Z,1.0,51.0,1.0,100.0,<Response [200]>,,
,,,,,,CPH,,,,,IAD,,,,2025-10-14T23:59:59Z,2025-05-15T09:00:00Z,destination=CPH&origin=IAD&endRange=2025-10-14T23:59:59Z&startRange=2025-05-15T09:00:00Z,1.0,50.0,1.0,100.0,<Response [200]>,,
,,,,,,CPH,,,,,LAX,,,,2025-10-14T23:59:59Z,2025-05-15T09:00:00Z,destination=CPH&origin=LAX&endRange=2025-10-14T23:59:59Z&startRange=2025-05-15T09:00:00Z,1.0,49.0,1.0,100.0,<Response [200]>,,
,,,,,,CPH,,,,,MSP,,,,2025-10-14T23:59:59Z,2025-05-15T09:00:00Z,destination=CPH&origin=MSP&endRange=2025-10-14T23:59:59Z&startRange=2025-05-15T09:00:00Z,1.0,62.0,1.0,100.0,<Response [200]>,,
,,,,,,CPH,,,,,ORD,,,,2025-10-14T23:59:59Z,2025-05-15T09:00:00Z,destination=CPH&origin=ORD&endRange=2025-10-14T23:59:59Z&startRange=2025-05-15T09:00:00Z,1.0,37.0,1.0,100.0,<Response [200]>,,
,,,,,,CPH,,,,,SEA,,,,2025-10-14T23:59:59Z,2025-05-15T09:00:00Z,destination=CPH&origin=SEA&endRange=2025-10-14T23:59:59Z&startRange=2025-05-15T09:00:00Z,1.0,26.0,1.0,100.0,<Response [200]>,,
,,,,,,CPH,,,,,SFO,,,,2025-10-14T23:59:59Z,2025-05-15T09:00:00Z,destination=CPH&origin=SFO&endRange=2025-10-14T23:59:59Z&startRange=2025-05-15T09:00:00Z,1.0,50.0,1.0,100.0,<Response [200]>,,
,,,,,,CUN,,,,,AMS,,,,2025-10-14T23:59:59Z,2025-05-15T09:00:00Z,destination=CUN&origin=AMS&endRange=2025-10-14T23:59:59Z&startRange=2025-05-15T09:00:00Z,1.0,44.0,1.0,100.0,<Response [200]>,,
,,,,,,CUN,,,,,CDG,,,,2025-10-14T23:59:59Z,2025-05-15T09:00:00Z,destination=CUN&origin=CDG&endRange=2025-10-14T23:59:59Z&startRange=2025-05-15T09:00:00Z,1.0,60.0,1.0,100.0,<Response [200]>,,
,,,,,,CUN,,,,,MAD,,,,2025-10-14T23:59:59Z,2025-05-15T09:00:00Z,destination=CUN&origin=MAD&endRange=2025-10-14T23:59:59Z&startRange=2025-05-15T09:00:00Z,1.0,13.0,1.0,100.0,<Response [200]>,,
,,,,,,CUN,,,,,ORY,,,,2025-10-14T23:59:59Z,2025-05-15T09:00:00Z,destination=CUN&origin=ORY&endRange=2025-10-14T23:59:59Z&startRange=2025-05-15T09:00:00Z,1.0,37.0,1.0,100.0,<Response [200]>,,
,,,,,,CZL,,,,,CDG,,,,2025-10-14T23:59:59Z,2025-05-15T09:00:00Z,destination=CZL&origin=CDG&endRange=2025-10-14T23:59:59Z&startRange=2025-05-15T09:00:00Z,1.0,87.0,1.0,100.0,<Response [200]>,,
,,,,,,DEN,,,,,CDG,,,,2025-10-14T23:59:59Z,2025-05-15T09:00:00Z,destination=DEN&origin=CDG&endRange=2025-10-14T23:59:59Z&startRange=2025-05-15T09:00:00Z,1.0,77.0,1.0,100.0,<Response [200]>,,
,,,,,,DJE,,,,,LYS,,,,2025-10-14T23:59:59Z,2025-05-15T09:00:00Z,destination=DJE&origin=LYS&endRange=2025-10-14T23:59:59Z&startRange=2025-05-15T09:00:00Z,1.0,73.0,1.0,100.0,<Response [200]>,,
,,,,,,DSS,,,,,LYS,,,,2025-10-14T23:59:59Z,2025-05-15T09:00:00Z,destination=DSS&origin=LYS&endRange=2025-10-14T23:59:59Z&startRange=2025-05-15T09:00:00Z,1.0,53.0,1.0,100.0,<Response [200]>,,
,,,,,,DTW,,,,,DUB,,,,2025-10-14T23:59:59Z,2025-05-15T09:00:00Z,destination=DTW&origin=DUB&endRange=2025-10-14T23:59:59Z&startRange=2025-05-15T09:00:00Z,1.0,82.0,1.0,100.0,<Response [200]>,,
,,,,,,DUB,,,,,CLT,,,,2025-10-14T23:59:59Z,2025-05-15T09:00:00Z,destination=DUB&origin=CLT&endRange=2025-10-14T23:59:59Z&startRange=2025-05-15T09:00:00Z,1.0,1.0,1.0,100.0,<Response [200]>,,
,,,,,,DUB,,,,,DTW,,,,2025-10-14T23:59:59Z,2025-05-15T09:00:00Z,destination=DUB&origin=DTW&endRange=2025-10-14T23:59:59Z&startRange=2025-05-15T09:00:00Z,1.0,82.0,1.0,100.0,<Response [200]>,,
,,,,,,DUB,,,,,KIX,,,,2025-10-14T23:59:59Z,2025-05-15T09:00:00Z,destination=DUB&origin=KIX&endRange=2025-10-14T23:59:59Z&startRange=2025-05-15T09:00:00Z,1.0,2.0,1.0,100.0,<Response [200]>,,
,,,,,,EBL,,,,,AMS,,,,2025-10-14T23:59:59Z,2025-05-15T09:00:00Z,destination=EBL&origin=AMS&endRange=2025-10-14T23:59:59Z&startRange=2025-05-15T09:00:00Z,1.0,43.0,1.0,100.0,<Response [200]>,,
,,,,,,ESB,,,,,CDG,,,,2025-10-14T23:59:59Z,2025-05-15T09:00:00Z,destination=ESB&origin=CDG&endRange=2025-10-14T23:59:59Z&startRange=2025-05-15T09:00:00Z,1.0,44.0,1.0,100.0,<Response [200]>,,
,,,,,,ESB,,,,,ORY,,,,2025-10-14T23:59:59Z,2025-05-15T09:00:00Z,destination=ESB&origin=ORY&endRange=2025-10-14T23:59:59Z&startRange=2025-05-15T09:00:00Z,1.0,62.0,1.0,100.0,<Response [200]>,,
,,,,,,EVN,,,,,LYS,,,,2025-10-14T23:59:59Z,2025-05-15T09:00:00Z,destination=EVN&origin=LYS&endRange=2025-10-14T23:59:59Z&startRange=2025-05-15T09:00:00Z,1.0,45.0,1.0,100.0,<Response [200]>,,
,,,,,,EVN,,,,,ORY,,,,2025-10-14T23:59:59Z,2025-05-15T09:00:00Z,destination=EVN&origin=ORY&endRange=2025-10-14T23:59:59Z&startRange=2025-05-15T09:00:00Z,1.0,96.0,1.0,100.0,<Response [200]>,,
,,,,,,EWR,,,,,ARN,,,,2025-10-14T23:59:59Z,2025-05-15T09:00:00Z,destination=EWR&origin=ARN&endRange=2025-10-14T23:59:59Z&startRange=2025-05-15T09:00:00Z,1.0,46.0,1.0,100.0,<Response [200]>,,
,,,,,,EWR,,,,,CPH,,,,2025-10-14T23:59:59Z,2025-05-15T09:00:00Z,destination=EWR&origin=CPH&endRange=2025-10-14T23:59:59Z&startRange=2025-05-15T09:00:00Z,1.0,51.0,1.0,100.0,<Response [200]>,,
,,,,,,EWR,,,,,OSL,,,,2025-10-14T23:59:59Z,2025-05-15T09:00:00Z,destination=EWR&origin=OSL&endRange=2025-10-14T23:59:59Z&startRange=2025-05-15T09:00:00Z,1.0,36.0,1.0,100.0,<Response [200]>,,
,,,,,,EZE,,,,,MAD,,,,2025-10-14T23:59:59Z,2025-05-15T09:00:00Z,destination=EZE&origin=MAD&endRange=2025-10-14T23:59:59Z&startRange=2025-05-15T09:00:00Z,1.0,15.0,1.0,100.0,<Response [200]>,,
,,,,,,FCO,,,,,MSP,,,,2025-10-14T23:59:59Z,2025-05-15T09:00:00Z,destination=FCO&origin=MSP&endRange=2025-10-14T23:59:59Z&startRange=2025-05-15T09:00:00Z,1.0,83.0,1.0,100.0,<Response [200]>,,
,,,,,,FEZ,,,,,AMS,,,,2025-10-14T23:59:59Z,2025-05-15T09:00:00Z,destination=FEZ&origin=AMS&endRange=2025-10-14T23:59:59Z&startRange=2025-05-15T09:00:00Z,1.0,22.0,1.0,100.0,<Response [200]>,,
,,,,,,FEZ,,,,,CDG,,,,2025-10-14T23:59:59Z,2025-05-15T09:00:00Z,destination=FEZ&origin=CDG&endRange=2025-10-14T23:59:59Z&startRange=2025-05-15T09:00:00Z,1.0,44.0,1.0,100.0,<Response [200]>,,
,,,,,,FEZ,,,,,LYS,,,,2025-10-14T23:59:59Z,2025-05-15T09:00:00Z,destination=FEZ&origin=LYS&endRange=2025-10-14T23:59:59Z&startRange=2025-05-15T09:00:00Z,1.0,31.0,1.0,100.0,<Response [200]>,,
,,,,,,FOR,,,,,CDG,,,,2025-10-14T23:59:59Z,2025-05-15T09:00:00Z,destination=FOR&origin=CDG&endRange=2025-10-14T23:59:59Z&startRange=2025-05-15T09:00:00Z,1.0,68.0,1.0,100.0,<Response [200]>,,
,,,,,,FSP,,,,,CDG,,,,2025-10-14T23:59:59Z,2025-05-15T09:00:00Z,destination=FSP&origin=CDG&endRange=2025-10-14T23:59:59Z&startRange=2025-05-15T09:00:00Z,1.0,13.0,1.0,100.0,<Response [200]>,,
,,,,,,GIG,,,,,FCO,,,,2025-10-14T23:59:59Z,2025-05-15T09:00:00Z,destination=GIG&origin=FCO&endRange=2025-10-14T23:59:59Z&startRange=2025-05-15T09:00:00Z,1.0,2.0,1.0,100.0,<Response [200]>,,
,,,,,,GUW,,,,,AMS,,,,2025-10-14T23:59:59Z,2025-05-15T09:00:00Z,destination=GUW&origin=AMS&endRange=2025-10-14T23:59:59Z&startRange=2025-05-15T09:00:00Z,1.0,60.0,1.0,100.0,<Response [200]>,,
,,,,,,GYD,,,,,CDG,,,,2025-10-14T23:59:59Z,2025-05-15T09:00:00Z,destination=GYD&origin=CDG&endRange=2025-10-14T23:59:59Z&startRange=2025-05-15T09:00:00Z,1.0,66.0,1.0,100.0,<Response [200]>,,
,,,,,,GYE,,,,,MAD,,,,2025-10-14T23:59:59Z,2025-05-15T09:00:00Z,destination=GYE&origin=MAD&endRange=2025-10-14T23:59:59Z&startRange=2025-05-15T09:00:00Z,1.0,11.0,1.0,100.0,<Response [200]>,,
,,,,,,HAV,,,,,CDG,,,,2025-10-14T23:59:59Z,2025-05-15T09:00:00Z,destination=HAV&origin=CDG&endRange=2025-10-14T23:59:59Z&startRange=2025-05-15T09:00:00Z,1.0,66.0,1.0,100.0,<Response [200]>,,
,,,,,,HAV,,,,,MAD,,,,2025-10-14T23:59:59Z,2025-05-15T09:00:00Z,destination=HAV&origin=MAD&endRange=2025-10-14T23:59:59Z&startRange=2025-05-15T09:00:00Z,1.0,55.0,1.0,100.0,<Response [200]>,,
,,,,,,HRG,,,,,CDG,,,,2025-10-14T23:59:59Z,2025-05-15T09:00:00Z,destination=HRG&origin=CDG&endRange=2025-10-14T23:59:59Z&startRange=2025-05-15T09:00:00Z,1.0,67.0,1.0,100.0,<Response [200]>,,
,,,,,,IAD,,,,,CPH,,,,2025-10-14T23:59:59Z,2025-05-15T09:00:00Z,destination=IAD&origin=CPH&endRange=2025-10-14T23:59:59Z&startRange=2025-05-15T09:00:00Z,1.0,51.0,1.0,100.0,<Response [200]>,,
,,,,,,ISB,,,,,CDG,,,,2025-10-14T23:59:59Z,2025-05-15T09:00:00Z,destination=ISB&origin=CDG&endRange=2025-10-14T23:59:59Z&startRange=2025-05-15T09:00:00Z,1.0,46.0,1.0,100.0,<Response [200]>,,
,,,,,,IST,,,,,CDG,,,,2025-10-14T23:59:59Z,2025-05-15T09:00:00Z,destination=IST&origin=CDG&endRange=2025-10-14T23:59:59Z&startRange=2025-05-15T09:00:00Z,12.0,1139.0,12.0,100.0,<Response [200]>,,
,,,,,,IST,,,,,LYS,,,,2025-10-14T23:59:59Z,2025-05-15T09:00:00Z,destination=IST&origin=LYS&endRange=2025-10-14T23:59:59Z&startRange=2025-05-15T09:00:00Z,1.0,39.0,1.0,100.0,<Response [200]>,,
,,,,,,IST,,,,,MAD,,,,2025-10-14T23:59:59Z,2025-05-15T09:00:00Z,destination=IST&origin=MAD&endRange=2025-10-14T23:59:59Z&startRange=2025-05-15T09:00:00Z,1.0,43.0,1.0,100.0,<Response [200]>,,
,,,,,,IST,,,,,OTP,,,,2025-10-14T23:59:59Z,2025-05-15T09:00:00Z,destination=IST&origin=OTP&endRange=2025-10-14T23:59:59Z&startRange=2025-05-15T09:00:00Z,1.0,74.0,1.0,100.0,<Response [200]>,,
,,,,,,JED,,,,,BCN,,,,2025-10-14T23:59:59Z,2025-05-15T09:00:00Z,destination=JED&origin=BCN&endRange=2025-10-14T23:59:59Z&startRange=2025-05-15T09:00:00Z,1.0,14.0,1.0,100.0,<Response [200]>,,
,,,,,,JED,,,,,LHR,,,,2025-10-14T23:59:59Z,2025-05-15T09:00:00Z,destination=JED&origin=LHR&endRange=2025-10-14T23:59:59Z&startRange=2025-05-15T09:00:00Z,1.0,27.0,1.0,100.0,<Response [200]>,,
,,,,,,JED,,,,,MAD,,,,2025-10-14T23:59:59Z,2025-05-15T09:00:00Z,destination=JED&origin=MAD&endRange=2025-10-14T23:59:59Z&startRange=2025-05-15T09:00:00Z,1.0,6.0,1.0,100.0,<Response [200]>,,
,,,,,,JED,,,,,MAN,,,,2025-10-14T23:59:59Z,2025-05-15T09:00:00Z,destination=JED&origin=MAN&endRange=2025-10-14T23:59:59Z&startRange=2025-05-15T09:00:00Z,1.0,16.0,1.0,100.0,<Response [200]>,,
,,,,,,JFK,,,,,CDG,,,,2025-10-14T23:59:59Z,2025-05-15T09:00:00Z,destination=JFK&origin=CDG&endRange=2025-10-14T23:59:59Z&startRange=2025-05-15T09:00:00Z,19.0,1854.0,19.0,100.0,<Response [200]>,,
,,,,,,JFK,,,,,LHR,,,,2025-10-14T23:59:59Z,2025-05-15T09:00:00Z,destination=JFK&origin=LHR&endRange=2025-10-14T23:59:59Z&startRange=2025-05-15T09:00:00Z,13.0,1260.0,13.0,100.0,<Response [200]>,,
,,,,,,JFK,,,,,OSL,,,,2025-10-14T23:59:59Z,2025-05-15T09:00:00Z,destination=JFK&origin=OSL&endRange=2025-10-14T23:59:59Z&startRange=2025-05-15T09:00:00Z,1.0,44.0,1.0,100.0,<Response [200]>,,
,,,,,,JIB,,,,,CDG,,,,2025-10-14T23:59:59Z,2025-05-15T09:00:00Z,destination=JIB&origin=CDG&endRange=2025-10-14T23:59:59Z&startRange=2025-05-15T09:00:00Z,1.0,21.0,1.0,100.0,<Response [200]>,,
,,,,,,KGL,,,,,CDG,,,,2025-10-14T23:59:59Z,2025-05-15T09:00:00Z,destination=KGL&origin=CDG&endRange=2025-10-14T23:59:59Z&startRange=2025-05-15T09:00:00Z,1.0,69.0,1.0,100.0,<Response [200]>,,
,,,,,,KWI,,,,,AMS,,,,2025-10-14T23:59:59Z,2025-05-15T09:00:00Z,destination=KWI&origin=AMS&endRange=2025-10-14T23:59:59Z&startRange=2025-05-15T09:00:00Z,1.0,65.0,1.0,100.0,<Response [200]>,,
,,,,,,KWI,,,,,NCE,,,,2025-10-14T23:59:59Z,2025-05-15T09:00:00Z,destination=KWI&origin=NCE&endRange=2025-10-14T23:59:59Z&startRange=2025-05-15T09:00:00Z,1.0,25.0,1.0,100.0,<Response [200]>,,
,,,,,,KYA,,,,,AMS,,,,2025-10-14T23:59:59Z,2025-05-15T09:00:00Z,destination=KYA&origin=AMS&endRange=2025-10-14T23:59:59Z&startRange=2025-05-15T09:00:00Z,1.0,58.0,1.0,100.0,<Response [200]>,,
,,,,,,LAS,,,,,MAN,,,,2025-10-14T23:59:59Z,2025-05-15T09:00:00Z,destination=LAS&origin=MAN&endRange=2025-10-14T23:59:59Z&startRange=2025-05-15T09:00:00Z,1.0,66.0,1.0,100.0,<Response [200]>,,
,,,,,,LAX,,,,,CPH,,,,2025-10-14T23:59:59Z,2025-05-15T09:00:00Z,destination=LAX&origin=CPH&endRange=2025-10-14T23:59:59Z&startRange=2025-05-15T09:00:00Z,1.0,50.0,1.0,100.0,<Response [200]>,,
,,,,,,LAX,,,,,ORY,,,,2025-10-14T23:59:59Z,2025-05-15T09:00:00Z,destination=LAX&origin=ORY&endRange=2025-10-14T23:59:59Z&startRange=2025-05-15T09:00:00Z,1.0,84.0,1.0,100.0,<Response [200]>,,
,,,,,,LCA,,,,,ORY,,,,2025-10-14T23:59:59Z,2025-05-15T09:00:00Z,destination=LCA&origin=ORY&endRange=2025-10-14T23:59:59Z&startRange=2025-05-15T09:00:00Z,1.0,53.0,1.0,100.0,<Response [200]>,,
,,,,,,LHE,,,,,CDG,,,,2025-10-14T23:59:59Z,2025-05-15T09:00:00Z,destination=LHE&origin=CDG&endRange=2025-10-14T23:59:59Z&startRange=2025-05-15T09:00:00Z,1.0,19.0,1.0,100.0,<Response [200]>,,
,,,,,,LHR,,,,,JED,,,,2025-10-14T23:59:59Z,2025-05-15T09:00:00Z,destination=LHR&origin=JED&endRange=2025-10-14T23:59:59Z&startRange=2025-05-15T09:00:00Z,1.0,27.0,1.0,100.0,<Response [200]>,,
,,,,,,LHR,,,,,JFK,,,,2025-10-14T23:59:59Z,2025-05-15T09:00:00Z,destination=LHR&origin=JFK&endRange=2025-10-14T23:59:59Z&startRange=2025-05-15T09:00:00Z,13.0,1257.0,13.0,100.0,<Response [200]>,,
,,,,,,LXR,,,,,CDG,,,,2025-10-14T23:59:59Z,2025-05-15T09:00:00Z,destination=LXR&origin=CDG&endRange=2025-10-14T23:59:59Z&startRange=2025-05-15T09:00:00Z,1.0,39.0,1.0,100.0,<Response [200]>,,
,,,,,,LYS,,,,,AGA,,,,2025-10-14T23:59:59Z,2025-05-15T09:00:00Z,destination=LYS&origin=AGA&endRange=2025-10-14T23:59:59Z&startRange=2025-05-15T09:00:00Z,1.0,23.0,1.0,100.0,<Response [200]>,,
,,,,,,LYS,,,,,ALG,,,,2025-10-14T23:59:59Z,2025-05-15T09:00:00Z,destination=LYS&origin=ALG&endRange=2025-10-14T23:59:59Z&startRange=2025-05-15T09:00:00Z,1.0,93.0,1.0,100.0,<Response [200]>,,
,,,,,,LYS,,,,,BJA,,,,2025-10-14T23:59:59Z,2025-05-15T09:00:00Z,destination=LYS&origin=BJA&endRange=2025-10-14T23:59:59Z&startRange=2025-05-15T09:00:00Z,1.0,26.0,1.0,100.0,<Response [200]>,,
,,,,,,LYS,,,,,CZL,,,,2025-10-14T23:59:59Z,2025-05-15T09:00:00Z,destination=LYS&origin=CZL&endRange=2025-10-14T23:59:59Z&startRange=2025-05-15T09:00:00Z,1.0,32.0,1.0,100.0,<Response [200]>,,
,,,,,,LYS,,,,,DJE,,,,2025-10-14T23:59:59Z,2025-05-15T09:00:00Z,destination=LYS&origin=DJE&endRange=2025-10-14T23:59:59Z&startRange=2025-05-15T09:00:00Z,1.0,43.0,1.0,100.0,<Response [200]>,,
,,,,,,LYS,,,,,EVN,,,,2025-10-14T23:59:59Z,2025-05-15T09:00:00Z,destination=LYS&origin=EVN&endRange=2025-10-14T23:59:59Z&startRange=2025-05-15T09:00:00Z,1.0,24.0,1.0,100.0,<Response [200]>,,
,,,,,,LYS,,,,,FEZ,,,,2025-10-14T23:59:59Z,2025-05-15T09:00:00Z,destination=LYS&origin=FEZ&endRange=2025-10-14T23:59:59Z&startRange=2025-05-15T09:00:00Z,1.0,22.0,1.0,100.0,<Response [200]>,,
,,,,,,LYS,,,,,IST,,,,2025-10-14T23:59:59Z,2025-05-15T09:00:00Z,destination=LYS&origin=IST&endRange=2025-10-14T23:59:59Z&startRange=2025-05-15T09:00:00Z,1.0,26.0,1.0,100.0,<Response [200]>,,
,,,,,,LYS,,,,,MIR,,,,2025-10-14T23:59:59Z,2025-05-15T09:00:00Z,destination=LYS&origin=MIR&endRange=2025-10-14T23:59:59Z&startRange=2025-05-15T09:00:00Z,1.0,74.0,1.0,100.0,<Response [200]>,,
,,,,,,LYS,,,,,ORN,,,,2025-10-14T23:59:59Z,2025-05-15T09:00:00Z,destination=LYS&origin=ORN&endRange=2025-10-14T23:59:59Z&startRange=2025-05-15T09:00:00Z,1.0,73.0,1.0,100.0,<Response [200]>,,
,,,,,,LYS,,,,,RAK,,,,2025-10-14T23:59:59Z,2025-05-15T09:00:00Z,destination=LYS&origin=RAK&endRange=2025-10-14T23:59:59Z&startRange=2025-05-15T09:00:00Z,1.0,84.0,1.0,100.0,<Response [200]>,,
,,,,,,MAD,,,,,ASU,,,,2025-10-14T23:59:59Z,2025-05-15T09:00:00Z,destination=MAD&origin=ASU&endRange=2025-10-14T23:59:59Z&startRange=2025-05-15T09:00:00Z,1.0,19.0,1.0,100.0,<Response [200]>,,
,,,,,,MAD,,,,,COR,,,,2025-10-14T23:59:59Z,2025-05-15T09:00:00Z,destination=MAD&origin=COR&endRange=2025-10-14T23:59:59Z&startRange=2025-05-15T09:00:00Z,1.0,7.0,1.0,100.0,<Response [200]>,,
,,,,,,MAD,,,,,EZE,,,,2025-10-14T23:59:59Z,2025-05-15T09:00:00Z,destination=MAD&origin=EZE&endRange=2025-10-14T23:59:59Z&startRange=2025-05-15T09:00:00Z,1.0,2.0,1.0,100.0,<Response [200]>,,
,,,,,,MAD,,,,,HAV,,,,2025-10-14T23:59:59Z,2025-05-15T09:00:00Z,destination=MAD&origin=HAV&endRange=2025-10-14T23:59:59Z&startRange=2025-05-15T09:00:00Z,1.0,55.0,1.0,100.0,<Response [200]>,,
,,,,,,MAD,,,,,IST,,,,2025-10-14T23:59:59Z,2025-05-15T09:00:00Z,destination=MAD&origin=IST&endRange=2025-10-14T23:59:59Z&startRange=2025-05-15T09:00:00Z,1.0,44.0,1.0,100.0,<Response [200]>,,
,,,,,,MAD,,,,,LIM,,,,2025-10-14T23:59:59Z,2025-05-15T09:00:00Z,destination=MAD&origin=LIM&endRange=2025-10-14T23:59:59Z&startRange=2025-05-15T09:00:00Z,1.0,4.0,1.0,100.0,<Response [200]>,,
,,,,,,MAD,,,,,MTY,,,,2025-10-14T23:59:59Z,2025-05-15T09:00:00Z,destination=MAD&origin=MTY&endRange=2025-10-14T23:59:59Z&startRange=2025-05-15T09:00:00Z,1.0,65.0,1.0,100.0,<Response [200]>,,
,,,,,,MAD,,,,,PTY,,,,2025-10-14T23:59:59Z,2025-05-15T09:00:00Z,destination=MAD&origin=PTY&endRange=2025-10-14T23:59:59Z&startRange=2025-05-15T09:00:00Z,1.0,10.0,1.0,100.0,<Response [200]>,,
,,,,,,MAD,,,,,PUJ,,,,2025-10-14T23:59:59Z,2025-05-15T09:00:00Z,destination=MAD&origin=PUJ&endRange=2025-10-14T23:59:59Z&startRange=2025-05-15T09:00:00Z,1.0,14.0,1.0,100.0,<Response [200]>,,
,,,,,,MAD,,,,,SSA,,,,2025-10-14T23:59:59Z,2025-05-15T09:00:00Z,destination=MAD&origin=SSA&endRange=2025-10-14T23:59:59Z&startRange=2025-05-15T09:00:00Z,1.0,11.0,1.0,100.0,<Response [200]>,,
,,,,,,MAD,,,,,TLV,,,,2025-10-14T23:59:59Z,2025-05-15T09:00:00Z,destination=MAD&origin=TLV&endRange=2025-10-14T23:59:59Z&startRange=2025-05-15T09:00:00Z,1.0,20.0,1.0,100.0,<Response [200]>,,
,,,,,,MAN,,,,,LAS,,,,2025-10-14T23:59:59Z,2025-05-15T09:00:00Z,destination=MAN&origin=LAS&endRange=2025-10-14T23:59:59Z&startRange=2025-05-15T09:00:00Z,1.0,66.0,1.0,100.0,<Response [200]>,,
,,,,,,MBJ,,,,,AMS,,,,2025-10-14T23:59:59Z,2025-05-15T09:00:00Z,destination=MBJ&origin=AMS&endRange=2025-10-14T23:59:59Z&startRange=2025-05-15T09:00:00Z,1.0,22.0,1.0,100.0,<Response [200]>,,
,,,,,,MCO,,,,,CDG,,,,2025-10-14T23:59:59Z,2025-05-15T09:00:00Z,destination=MCO&origin=CDG&endRange=2025-10-14T23:59:59Z&startRange=2025-05-15T09:00:00Z,1.0,82.0,1.0,100.0,<Response [200]>,,
,,,,,,MCT,,,,,AMS,,,,2025-10-14T23:59:59Z,2025-05-15T09:00:00Z,destination=MCT&origin=AMS&endRange=2025-10-14T23:59:59Z&startRange=2025-05-15T09:00:00Z,1.0,65.0,1.0,100.0,<Response [200]>,,
,,,,,,MCT,,,,,CDG,,,,2025-10-14T23:59:59Z,2025-05-15T09:00:00Z,destination=MCT&origin=CDG&endRange=2025-10-14T23:59:59Z&startRange=2025-05-15T09:00:00Z,1.0,87.0,1.0,100.0,<Response [200]>,,
,,,,,,MIA,,,,,ORY,,,,2025-10-14T23:59:59Z,2025-05-15T09:00:00Z,destination=MIA&origin=ORY&endRange=2025-10-14T23:59:59Z&startRange=2025-05-15T09:00:00Z,1.0,66.0,1.0,100.0,<Response [200]>,,
,,,,,,MIR,,,,,LYS,,,,2025-10-14T23:59:59Z,2025-05-15T09:00:00Z,destination=MIR&origin=LYS&endRange=2025-10-14T23:59:59Z&startRange=2025-05-15T09:00:00Z,1.0,90.0,1.0,100.0,<Response [200]>,,
,,,,,,MNL,,,,,CDG,,,,2025-10-14T23:59:59Z,2025-05-15T09:00:00Z,destination=MNL&origin=CDG&endRange=2025-10-14T23:59:59Z&startRange=2025-05-15T09:00:00Z,1.0,66.0,1.0,100.0,<Response [200]>,,
,,,,,,MRS,,,,,CMN,,,,2025-10-14T23:59:59Z,2025-05-15T09:00:00Z,destination=MRS&origin=CMN&endRange=2025-10-14T23:59:59Z&startRange=2025-05-15T09:00:00Z,1.0,65.0,1.0,100.0,<Response [200]>,,
,,,,,,MRS,,,,,TLV,,,,2025-10-14T23:59:59Z,2025-05-15T09:00:00Z,destination=MRS&origin=TLV&endRange=2025-10-14T23:59:59Z&startRange=2025-05-15T09:00:00Z,1.0,92.0,1.0,100.0,<Response [200]>,,
,,,,,,MRU,,,,,ORY,,,,2025-10-14T23:59:59Z,2025-05-15T09:00:00Z,destination=MRU&origin=ORY&endRange=2025-10-14T23:59:59Z&startRange=2025-05-15T09:00:00Z,1.0,68.0,1.0,100.0,<Response [200]>,,
,,,,,,MSP,,,,,CPH,,,,2025-10-14T23:59:59Z,2025-05-15T09:00:00Z,destination=MSP&origin=CPH&endRange=2025-10-14T23:59:59Z&startRange=2025-05-15T09:00:00Z,1.0,61.0,1.0,100.0,<Response [200]>,,
,,,,,,MSP,,,,,FCO,,,,2025-10-14T23:59:59Z,2025-05-15T09:00:00Z,destination=MSP&origin=FCO&endRange=2025-10-14T23:59:59Z&startRange=2025-05-15T09:00:00Z,1.0,83.0,1.0,100.0,<Response [200]>,,
,,,,,,MTY,,,,,MAD,,,,2025-10-14T23:59:59Z,2025-05-15T09:00:00Z,destination=MTY&origin=MAD&endRange=2025-10-14T23:59:59Z&startRange=2025-05-15T09:00:00Z,1.0,7.0,1.0,100.0,<Response [200]>,,
,,,,,,MUC,,,,,SGN,,,,2025-10-14T23:59:59Z,2025-05-15T09:00:00Z,destination=MUC&origin=SGN&endRange=2025-10-14T23:59:59Z&startRange=2025-05-15T09:00:00Z,1.0,9.0,1.0,100.0,<Response [200]>,,
,,,,,,NBE,,,,,AMS,,,,2025-10-14T23:59:59Z,2025-05-15T09:00:00Z,destination=NBE&origin=AMS&endRange=2025-10-14T23:59:59Z&startRange=2025-05-15T09:00:00Z,1.0,49.0,1.0,100.0,<Response [200]>,,
,,,,,,NCE,,,,,ALG,,,,2025-10-14T23:59:59Z,2025-05-15T09:00:00Z,destination=NCE&origin=ALG&endRange=2025-10-14T23:59:59Z&startRange=2025-05-15T09:00:00Z,1.0,1.0,1.0,100.0,<Response [200]>,,
,,,,,,NCE,,,,,BEY,,,,2025-10-14T23:59:59Z,2025-05-15T09:00:00Z,destination=NCE&origin=BEY&endRange=2025-10-14T23:59:59Z&startRange=2025-05-15T09:00:00Z,1.0,66.0,1.0,100.0,<Response [200]>,,
,,,,,,NCE,,,,,KWI,,,,2025-10-14T23:59:59Z,2025-05-15T09:00:00Z,destination=NCE&origin=KWI&endRange=2025-10-14T23:59:59Z&startRange=2025-05-15T09:00:00Z,1.0,25.0,1.0,100.0,<Response [200]>,,
,,,,,,NCE,,,,,RUH,,,,2025-10-14T23:59:59Z,2025-05-15T09:00:00Z,destination=NCE&origin=RUH&endRange=2025-10-14T23:59:59Z&startRange=2025-05-15T09:00:00Z,1.0,36.0,1.0,100.0,<Response [200]>,,
,,,,,,NDJ,,,,,CDG,,,,2025-10-14T23:59:59Z,2025-05-15T09:00:00Z,destination=NDJ&origin=CDG&endRange=2025-10-14T23:59:59Z&startRange=2025-05-15T09:00:00Z,1.0,61.0,1.0,100.0,<Response [200]>,,
,,,,,,NDR,,,,,ORY,,,,2025-10-14T23:59:59Z,2025-05-15T09:00:00Z,destination=NDR&origin=ORY&endRange=2025-10-14T23:59:59Z&startRange=2025-05-15T09:00:00Z,1.0,58.0,1.0,100.0,<Response [200]>,,
,,,,,,NKC,,,,,CDG,,,,2025-10-14T23:59:59Z,2025-05-15T09:00:00Z,destination=NKC&origin=CDG&endRange=2025-10-14T23:59:59Z&startRange=2025-05-15T09:00:00Z,1.0,86.0,1.0,100.0,<Response [200]>,,
,,,,,,NKG,,,,,CDG,,,,2025-10-14T23:59:59Z,2025-05-15T09:00:00Z,destination=NKG&origin=CDG&endRange=2025-10-14T23:59:59Z&startRange=2025-05-15T09:00:00Z,1.0,12.0,1.0,100.0,<Response [200]>,,
,,,,,,ORD,,,,,CPH,,,,2025-10-14T23:59:59Z,2025-05-15T09:00:00Z,destination=ORD&origin=CPH&endRange=2025-10-14T23:59:59Z&startRange=2025-05-15T09:00:00Z,1.0,38.0,1.0,100.0,<Response [200]>,,
,,,,,,ORY,,,,,AAE,,,,2025-10-14T23:59:59Z,2025-05-15T09:00:00Z,destination=ORY&origin=AAE&endRange=2025-10-14T23:59:59Z&startRange=2025-05-15T09:00:00Z,1.0,66.0,1.0,100.0,<Response [200]>,,
,,,,,,ORY,,,,,ADB,,,,2025-10-14T23:59:59Z,2025-05-15T09:00:00Z,destination=ORY&origin=ADB&endRange=2025-10-14T23:59:59Z&startRange=2025-05-15T09:00:00Z,1.0,75.0,1.0,100.0,<Response [200]>,,
,,,,,,ORY,,,,,ALG,,,,2025-10-14T23:59:59Z,2025-05-15T09:00:00Z,destination=ORY&origin=ALG&endRange=2025-10-14T23:59:59Z&startRange=2025-05-15T09:00:00Z,14.0,1309.0,14.0,100.0,<Response [200]>,,
,,,,,,ORY,,,,,BJV,,,,2025-10-14T23:59:59Z,2025-05-15T09:00:00Z,destination=ORY&origin=BJV&endRange=2025-10-14T23:59:59Z&startRange=2025-05-15T09:00:00Z,1.0,44.0,1.0,100.0,<Response [200]>,,
,,,,,,ORY,,,,,BLJ,,,,2025-10-14T23:59:59Z,2025-05-15T09:00:00Z,destination=ORY&origin=BLJ&endRange=2025-10-14T23:59:59Z&startRange=2025-05-15T09:00:00Z,1.0,21.0,1.0,100.0,<Response [200]>,,
,,,,,,ORY,,,,,BSK,,,,2025-10-14T23:59:59Z,2025-05-15T09:00:00Z,destination=ORY&origin=BSK&endRange=2025-10-14T23:59:59Z&startRange=2025-05-15T09:00:00Z,1.0,71.0,1.0,100.0,<Response [200]>,,
,,,,,,ORY,,,,,CMN,,,,2025-10-14T23:59:59Z,2025-05-15T09:00:00Z,destination=ORY&origin=CMN&endRange=2025-10-14T23:59:59Z&startRange=2025-05-15T09:00:00Z,12.0,1118.0,12.0,100.0,<Response [200]>,,
,,,,,,ORY,,,,,CUN,,,,2025-10-14T23:59:59Z,2025-05-15T09:00:00Z,destination=ORY&origin=CUN&endRange=2025-10-14T23:59:59Z&startRange=2025-05-15T09:00:00Z,1.0,37.0,1.0,100.0,<Response [200]>,,
,,,,,,ORY,,,,,ESB,,,,2025-10-14T23:59:59Z,2025-05-15T09:00:00Z,destination=ORY&origin=ESB&endRange=2025-10-14T23:59:59Z&startRange=2025-05-15T09:00:00Z,1.0,64.0,1.0,100.0,<Response [200]>,,
,,,,,,ORY,,,,,EVN,,,,2025-10-14T23:59:59Z,2025-05-15T09:00:00Z,destination=ORY&origin=EVN&endRange=2025-10-14T23:59:59Z&startRange=2025-05-15T09:00:00Z,1.0,97.0,1.0,100.0,<Response [200]>,,
,,,,,,ORY,,,,,LAX,,,,2025-10-14T23:59:59Z,2025-05-15T09:00:00Z,destination=ORY&origin=LAX&endRange=2025-10-14T23:59:59Z&startRange=2025-05-15T09:00:00Z,1.0,87.0,1.0,100.0,<Response [200]>,,
,,,,,,ORY,,,,,LCA,,,,2025-10-14T23:59:59Z,2025-05-15T09:00:00Z,destination=ORY&origin=LCA&endRange=2025-10-14T23:59:59Z&startRange=2025-05-15T09:00:00Z,1.0,54.0,1.0,100.0,<Response [200]>,,
,,,,,,ORY,,,,,MIA,,,,2025-10-14T23:59:59Z,2025-05-15T09:00:00Z,destination=ORY&origin=MIA&endRange=2025-10-14T23:59:59Z&startRange=2025-05-15T09:00:00Z,1.0,65.0,1.0,100.0,<Response [200]>,,
,,,,,,ORY,,,,,MRU,,,,2025-10-14T23:59:59Z,2025-05-15T09:00:00Z,destination=ORY&origin=MRU&endRange=2025-10-14T23:59:59Z&startRange=2025-05-15T09:00:00Z,1.0,73.0,1.0,100.0,<Response [200]>,,
,,,,,,ORY,,,,,NDR,,,,2025-10-14T23:59:59Z,2025-05-15T09:00:00Z,destination=ORY&origin=NDR&endRange=2025-10-14T23:59:59Z&startRange=2025-05-15T09:00:00Z,1.0,57.0,1.0,100.0,<Response [200]>,,
,,,,,,ORY,,,,,OZZ,,,,2025-10-14T23:59:59Z,2025-05-15T09:00:00Z,destination=ORY&origin=OZZ&endRange=2025-10-14T23:59:59Z&startRange=2025-05-15T09:00:00Z,1.0,44.0,1.0,100.0,<Response [200]>,,
,,,,,,ORY,,,,,PFO,,,,2025-10-14T23:59:59Z,2025-05-15T09:00:00Z,destination=ORY&origin=PFO&endRange=2025-10-14T23:59:59Z&startRange=2025-05-15T09:00:00Z,1.0,31.0,1.0,100.0,<Response [200]>,,
,,,,,,ORY,,,,,PUJ,,,,2025-10-14T23:59:59Z,2025-05-15T09:00:00Z,destination=ORY&origin=PUJ&endRange=2025-10-14T23:59:59Z&startRange=2025-05-15T09:00:00Z,1.0,51.0,1.0,100.0,<Response [200]>,,
,,,,,,ORY,,,,,RAK,,,,2025-10-14T23:59:59Z,2025-05-15T09:00:00Z,destination=ORY&origin=RAK&endRange=2025-10-14T23:59:59Z&startRange=2025-05-15T09:00:00Z,12.0,1109.0,12.0,100.0,<Response [200]>,,
,,,,,,ORY,,,,,SDQ,,,,2025-10-14T23:59:59Z,2025-05-15T09:00:00Z,destination=ORY&origin=SDQ&endRange=2025-10-14T23:59:59Z&startRange=2025-05-15T09:00:00Z,1.0,24.0,1.0,100.0,<Response [200]>,,
,,,,,,ORY,,,,,TBS,,,,2025-10-14T23:59:59Z,2025-05-15T09:00:00Z,destination=ORY&origin=TBS&endRange=2025-10-14T23:59:59Z&startRange=2025-05-15T09:00:00Z,1.0,44.0,1.0,100.0,<Response [200]>,,
,,,,,,ORY,,,,,TUN,,,,2025-10-14T23:59:59Z,2025-05-15T09:00:00Z,destination=ORY&origin=TUN&endRange=2025-10-14T23:59:59Z&startRange=2025-05-15T09:00:00Z,12.0,1190.0,12.0,100.0,<Response [200]>,,
,,,,,,ORY,,,,,VIL,,,,2025-10-14T23:59:59Z,2025-05-15T09:00:00Z,destination=ORY&origin=VIL&endRange=2025-10-14T23:59:59Z&startRange=2025-05-15T09:00:00Z,1.0,67.0,1.0,100.0,<Response [200]>,,
,,,,,,OSL,,,,,EWR,,,,2025-10-14T23:59:59Z,2025-05-15T09:00:00Z,destination=OSL&origin=EWR&endRange=2025-10-14T23:59:59Z&startRange=2025-05-15T09:00:00Z,1.0,36.0,1.0,100.0,<Response [200]>,,
,,,,,,OSL,,,,,JFK,,,,2025-10-14T23:59:59Z,2025-05-15T09:00:00Z,destination=OSL&origin=JFK&endRange=2025-10-14T23:59:59Z&startRange=2025-05-15T09:00:00Z,1.0,44.0,1.0,100.0,<Response [200]>,,
,,,,,,OTP,,,,,IST,,,,2025-10-14T23:59:59Z,2025-05-15T09:00:00Z,destination=OTP&origin=IST&endRange=2025-10-14T23:59:59Z&startRange=2025-05-15T09:00:00Z,1.0,75.0,1.0,100.0,<Response [200]>,,
,,,,,,OUD,,,,,CDG,,,,2025-10-14T23:59:59Z,2025-05-15T09:00:00Z,destination=OUD&origin=CDG&endRange=2025-10-14T23:59:59Z&startRange=2025-05-15T09:00:00Z,1.0,94.0,1.0,100.0,<Response [200]>,,
,,,,,,OZZ,,,,,ORY,,,,2025-10-14T23:59:59Z,2025-05-15T09:00:00Z,destination=OZZ&origin=ORY&endRange=2025-10-14T23:59:59Z&startRange=2025-05-15T09:00:00Z,1.0,44.0,1.0,100.0,<Response [200]>,,
,,,,,,PER,,,,,CDG,,,,2025-10-14T23:59:59Z,2025-05-15T09:00:00Z,destination=PER&origin=CDG&endRange=2025-10-14T23:59:59Z&startRange=2025-05-15T09:00:00Z,1.0,67.0,1.0,100.0,<Response [200]>,,
,,,,,,PFO,,,,,AMS,,,,2025-10-14T23:59:59Z,2025-05-15T09:00:00Z,destination=PFO&origin=AMS&endRange=2025-10-14T23:59:59Z&startRange=2025-05-15T09:00:00Z,1.0,90.0,1.0,100.0,<Response [200]>,,
,,,,,,PFO,,,,,LYS,,,,2025-10-14T23:59:59Z,2025-05-15T09:00:00Z,destination=PFO&origin=LYS&endRange=2025-10-14T23:59:59Z&startRange=2025-05-15T09:00:00Z,1.0,22.0,1.0,100.0,<Response [200]>,,
,,,,,,PFO,,,,,ORY,,,,2025-10-14T23:59:59Z,2025-05-15T09:00:00Z,destination=PFO&origin=ORY&endRange=2025-10-14T23:59:59Z&startRange=2025-05-15T09:00:00Z,1.0,31.0,1.0,100.0,<Response [200]>,,
,,,,,,PTY,,,,,MAD,,,,2025-10-14T23:59:59Z,2025-05-15T09:00:00Z,destination=PTY&origin=MAD&endRange=2025-10-14T23:59:59Z&startRange=2025-05-15T09:00:00Z,1.0,11.0,1.0,100.0,<Response [200]>,,
,,,,,,PUJ,,,,,AMS,,,,2025-10-14T23:59:59Z,2025-05-15T09:00:00Z,destination=PUJ&origin=AMS&endRange=2025-10-14T23:59:59Z&startRange=2025-05-15T09:00:00Z,1.0,44.0,1.0,100.0,<Response [200]>,,
,,,,,,PUJ,,,,,MAD,,,,2025-10-14T23:59:59Z,2025-05-15T09:00:00Z,destination=PUJ&origin=MAD&endRange=2025-10-14T23:59:59Z&startRange=2025-05-15T09:00:00Z,1.0,10.0,1.0,100.0,<Response [200]>,,
,,,,,,PUJ,,,,,ORY,,,,2025-10-14T23:59:59Z,2025-05-15T09:00:00Z,destination=PUJ&origin=ORY&endRange=2025-10-14T23:59:59Z&startRange=2025-05-15T09:00:00Z,1.0,51.0,1.0,100.0,<Response [200]>,,
,,,,,,PVG,,,,,MRS,,,,2025-10-14T23:59:59Z,2025-05-15T09:00:00Z,destination=PVG&origin=MRS&endRange=2025-10-14T23:59:59Z&startRange=2025-05-15T09:00:00Z,1.0,64.0,1.0,100.0,<Response [200]>,,
,,,,,,QSF,,,,,CDG,,,,2025-10-14T23:59:59Z,2025-05-15T09:00:00Z,destination=QSF&origin=CDG&endRange=2025-10-14T23:59:59Z&startRange=2025-05-15T09:00:00Z,1.0,22.0,1.0,100.0,<Response [200]>,,
,,,,,,RAI,,,,,ORY,,,,2025-10-14T23:59:59Z,2025-05-15T09:00:00Z,destination=RAI&origin=ORY&endRange=2025-10-14T23:59:59Z&startRange=2025-05-15T09:00:00Z,1.0,24.0,1.0,100.0,<Response [200]>,,
,,,,,,RMF,,,,,AMS,,,,2025-10-14T23:59:59Z,2025-05-15T09:00:00Z,destination=RMF&origin=AMS&endRange=2025-10-14T23:59:59Z&startRange=2025-05-15T09:00:00Z,1.0,80.0,1.0,100.0,<Response [200]>,,
,,,,,,RUH,,,,,NCE,,,,2025-10-14T23:59:59Z,2025-05-15T09:00:00Z,destination=RUH&origin=NCE&endRange=2025-10-14T23:59:59Z&startRange=2025-05-15T09:00:00Z,1.0,36.0,1.0,100.0,<Response [200]>,,
,,,,,,SAN,,,,,AMS,,,,2025-10-14T23:59:59Z,2025-05-15T09:00:00Z,destination=SAN&origin=AMS&endRange=2025-10-14T23:59:59Z&startRange=2025-05-15T09:00:00Z,1.0,65.0,1.0,100.0,<Response [200]>,,
,,,,,,SEA,,,,,CPH,,,,2025-10-14T23:59:59Z,2025-05-15T09:00:00Z,destination=SEA&origin=CPH&endRange=2025-10-14T23:59:59Z&startRange=2025-05-15T09:00:00Z,1.0,26.0,1.0,100.0,<Response [200]>,,
,,,,,,SFJ,,,,,CDG,,,,2025-10-14T23:59:59Z,2025-05-15T09:00:00Z,destination=SFJ&origin=CDG&endRange=2025-10-14T23:59:59Z&startRange=2025-05-15T09:00:00Z,1.0,9.0,1.0,100.0,<Response [200]>,,
,,,,,,SFO,,,,,CPH,,,,2025-10-14T23:59:59Z,2025-05-15T09:00:00Z,destination=SFO&origin=CPH&endRange=2025-10-14T23:59:59Z&startRange=2025-05-15T09:00:00Z,1.0,51.0,1.0,100.0,<Response [200]>,,
,,,,,,SID,,,,,ORY,,,,2025-10-14T23:59:59Z,2025-05-15T09:00:00Z,destination=SID&origin=ORY&endRange=2025-10-14T23:59:59Z&startRange=2025-05-15T09:00:00Z,1.0,98.0,1.0,100.0,<Response [200]>,,
,,,,,,SSA,,,,,CDG,,,,2025-10-14T23:59:59Z,2025-05-15T09:00:00Z,destination=SSA&origin=CDG&endRange=2025-10-14T23:59:59Z&startRange=2025-05-15T09:00:00Z,1.0,65.0,1.0,100.0,<Response [200]>,,
,,,,,,SSA,,,,,MAD,,,,2025-10-14T23:59:59Z,2025-05-15T09:00:00Z,destination=SSA&origin=MAD&endRange=2025-10-14T23:59:59Z&startRange=2025-05-15T09:00:00Z,1.0,8.0,1.0,100.0,<Response [200]>,,
,,,,,,SSG,,,,,CDG,,,,2025-10-14T23:59:59Z,2025-05-15T09:00:00Z,destination=SSG&origin=CDG&endRange=2025-10-14T23:59:59Z&startRange=2025-05-15T09:00:00Z,1.0,60.0,1.0,100.0,<Response [200]>,,
,,,,,,SZX,,,,,CDG,,,,2025-10-14T23:59:59Z,2025-05-15T09:00:00Z,destination=SZX&origin=CDG&endRange=2025-10-14T23:59:59Z&startRange=2025-05-15T09:00:00Z,1.0,44.0,1.0,100.0,<Response [200]>,,
,,,,,,TAS,,,,,CDG,,,,2025-10-14T23:59:59Z,2025-05-15T09:00:00Z,destination=TAS&origin=CDG&endRange=2025-10-14T23:59:59Z&startRange=2025-05-15T09:00:00Z,1.0,46.0,1.0,100.0,<Response [200]>,,
,,,,,,TBS,,,,,ORY,,,,2025-10-14T23:59:59Z,2025-05-15T09:00:00Z,destination=TBS&origin=ORY&endRange=2025-10-14T23:59:59Z&startRange=2025-05-15T09:00:00Z,1.0,44.0,1.0,100.0,<Response [200]>,,
,,,,,,TFU,,,,,CDG,,,,2025-10-14T23:59:59Z,2025-05-15T09:00:00Z,destination=TFU&origin=CDG&endRange=2025-10-14T23:59:59Z&startRange=2025-05-15T09:00:00Z,1.0,22.0,1.0,100.0,<Response [200]>,,
,,,,,,TLM,,,,,CDG,,,,2025-10-14T23:59:59Z,2025-05-15T09:00:00Z,destination=TLM&origin=CDG&endRange=2025-10-14T23:59:59Z&startRange=2025-05-15T09:00:00Z,1.0,22.0,1.0,100.0,<Response [200]>,,
,,,,,,TLM,,,,,LYS,,,,2025-10-14T23:59:59Z,2025-05-15T09:00:00Z,destination=TLM&origin=LYS&endRange=2025-10-14T23:59:59Z&startRange=2025-05-15T09:00:00Z,1.0,69.0,1.0,100.0,<Response [200]>,,
,,,,,,TLV,,,,,MAD,,,,2025-10-14T23:59:59Z,2025-05-15T09:00:00Z,destination=TLV&origin=MAD&endRange=2025-10-14T23:59:59Z&startRange=2025-05-15T09:00:00Z,1.0,20.0,1.0,100.0,<Response [200]>,,
,,,,,,TLV,,,,,MRS,,,,2025-10-14T23:59:59Z,2025-05-15T09:00:00Z,destination=TLV&origin=MRS&endRange=2025-10-14T23:59:59Z&startRange=2025-05-15T09:00:00Z,1.0,92.0,1.0,100.0,<Response [200]>,,
,,,,,,TPA,,,,,AMS,,,,2025-10-14T23:59:59Z,2025-05-15T09:00:00Z,destination=TPA&origin=AMS&endRange=2025-10-14T23:59:59Z&startRange=2025-05-15T09:00:00Z,1.0,87.0,1.0,100.0,<Response [200]>,,
,,,,,,TTU,,,,,AMS,,,,2025-10-14T23:59:59Z,2025-05-15T09:00:00Z,destination=TTU&origin=AMS&endRange=2025-10-14T23:59:59Z&startRange=2025-05-15T09:00:00Z,1.0,41.0,1.0,100.0,<Response [200]>,,
,,,,,,TUN,,,,,CDG,,,,2025-10-14T23:59:59Z,2025-05-15T09:00:00Z,destination=TUN&origin=CDG&endRange=2025-10-14T23:59:59Z&startRange=2025-05-15T09:00:00Z,12.0,1135.0,12.0,100.0,<Response [200]>,,
,,,,,,TUN,,,,,ORY,,,,2025-10-14T23:59:59Z,2025-05-15T09:00:00Z,destination=TUN&origin=ORY&endRange=2025-10-14T23:59:59Z&startRange=2025-05-15T09:00:00Z,12.0,1161.0,12.0,100.0,<Response [200]>,,
,,,,,,VIL,,,,,ORY,,,,2025-10-14T23:59:59Z,2025-05-15T09:00:00Z,destination=VIL&origin=ORY&endRange=2025-10-14T23:59:59Z&startRange=2025-05-15T09:00:00Z,1.0,66.0,1.0,100.0,<Response [200]>,,
,,,,,,VXE,,,,,AMS,,,,2025-10-14T23:59:59Z,2025-05-15T09:00:00Z,destination=VXE&origin=AMS&endRange=2025-10-14T23:59:59Z&startRange=2025-05-15T09:00:00Z,1.0,22.0,1.0,100.0,<Response [200]>,,
,,,,,,VXE,,,,,CDG,,,,2025-10-14T23:59:59Z,2025-05-15T09:00:00Z,destination=VXE&origin=CDG&endRange=2025-10-14T23:59:59Z&startRange=2025-05-15T09:00:00Z,1.0,21.0,1.0,100.0,<Response [200]>,,
,,,,,,XIY,,,,,CDG,,,,2025-10-14T23:59:59Z,2025-05-15T09:00:00Z,destination=XIY&origin=CDG&endRange=2025-10-14T23:59:59Z&startRange=2025-05-15T09:00:00Z,1.0,22.0,1.0,100.0,<Response [200]>,,
,,,,,,XMN,,,,,CDG,,,,2025-10-14T23:59:59Z,2025-05-15T09:00:00Z,destination=XMN&origin=CDG&endRange=2025-10-14T23:59:59Z&startRange=2025-05-15T09:00:00Z,1.0,66.0,1.0,100.0,<Response [200]>,,
,,,,,,YHZ,,,,,CDG,,,,2025-10-14T23:59:59Z,2025-05-15T09:00:00Z,destination=YHZ&origin=CDG&endRange=2025-10-14T23:59:59Z&startRange=2025-05-15T09:00:00Z,1.0,93.0,1.0,100.0,<Response [200]>,,
,,,,,,YYT,,,,,AMS,,,,2025-10-14T23:59:59Z,2025-05-15T09:00:00Z,destination=YYT&origin=AMS&endRange=2025-10-14T23:59:59Z&startRange=2025-05-15T09:00:00Z,1.0,1.0,1.0,100.0,<Response [200]>,,
,,,,,,YYT,,,,,CDG,,,,2025-10-14T23:59:59Z,2025-05-15T09:00:00Z,destination=YYT&origin=CDG&endRange=2025-10-14T23:59:59Z&startRange=2025-05-15T09:00:00Z,1.0,24.0,1.0,100.0,<Response [200]>,,
,,,,,,ZNZ,,,,,AMS,,,,2025-10-14T23:59:59Z,2025-05-15T09:00:00Z,destination=ZNZ&origin=AMS&endRange=2025-10-14T23:59:59Z&startRange=2025-05-15T09:00:00Z,1.0,81.0,1.0,100.0,<Response [200]>,,
,,,,,,ZNZ,,,,,CDG,,,,2025-10-14T23:59:59Z,2025-05-15T09:00:00Z,destination=ZNZ&origin=CDG&endRange=2025-10-14T23:59:59Z&startRange=2025-05-15T09:00:00Z,1.0,57.0,1.0,100.0,<Response [200]>,,
,,,,,,ABJ,,,,,CDG,,,,2025-10-14T23:59:59Z,2025-05-15T09:00:00Z,destination=ABJ&origin=CDG&endRange=2025-10-14T23:59:59Z&startRange=2025-05-15T09:00:00Z,4.0,316.0,4.0,100.0,<Response [200]>,2025-11-03T12:02:02.537145,
,,,,,,ABJ,,,,,ORY,,,,2025-10-14T23:59:59Z,2025-05-15T09:00:00Z,destination=ABJ&origin=ORY&endRange=2025-10-14T23:59:59Z&startRange=2025-05-15T09:00:00Z,2.0,170.0,2.0,100.0,<Response [200]>,2025-11-03T12:02:02.563737,
,,,,,,ACC,,,,,AMS,,,,2025-10-14T23:59:59Z,2025-05-15T09:00:00Z,destination=ACC&origin=AMS&endRange=2025-10-14T23:59:59Z&startRange=2025-05-15T09:00:00Z,2.0,153.0,2.0,100.0,<Response [200]>,2025-11-03T12:02:02.588516,
,,,,,,ADB,,,,,AMS,,,,2025-10-14T23:59:59Z,2025-05-15T09:00:00Z,destination=ADB&origin=AMS&endRange=2025-10-14T23:59:59Z&startRange=2025-05-15T09:00:00Z,3.0,209.0,3.0,100.0,<Response [200]>,2025-11-03T12:02:02.611501,
,,,,,,ADB,,,,,CDG,,,,2025-10-14T23:59:59Z,2025-05-15T09:00:00Z,destination=ADB&origin=CDG&endRange=2025-10-14T23:59:59Z&startRange=2025-05-15T09:00:00Z,2.0,153.0,2.0,100.0,<Response [200]>,2025-11-03T12:02:02.638692,
,,,,,,ADD,,,,,CDG,,,,2025-10-14T23:59:59Z,2025-05-15T09:00:00Z,destination=ADD&origin=CDG&endRange=2025-10-14T23:59:59Z&startRange=2025-05-15T09:00:00Z,2.0,153.0,2.0,100.0,<Response [200]>,2025-11-03T12:02:02.662629,
,,,,,,AGA,,,,,ORY,,,,2025-10-14T23:59:59Z,2025-05-15T09:00:00Z,destination=AGA&origin=ORY&endRange=2025-10-14T23:59:59Z&startRange=2025-05-15T09:00:00Z,7.0,686.0,7.0,100.0,<Response [200]>,2025-11-03T12:02:02.691303,
,,,,,,ALG,,,,,FCO,,,,2025-10-14T23:59:59Z,2025-05-15T09:00:00Z,destination=ALG&origin=FCO&endRange=2025-10-14T23:59:59Z&startRange=2025-05-15T09:00:00Z,2.0,154.0,2.0,100.0,<Response [200]>,2025-11-03T12:02:02.715590,
,,,,,,ALG,,,,,LYS,,,,2025-10-14T23:59:59Z,2025-05-15T09:00:00Z,destination=ALG&origin=LYS&endRange=2025-10-14T23:59:59Z&startRange=2025-05-15T09:00:00Z,4.0,375.0,4.0,100.0,<Response [200]>,2025-11-03T12:02:02.739470,
,,,,,,AMM,,,,,CDG,,,,2025-10-14T23:59:59Z,2025-05-15T09:00:00Z,destination=AMM&origin=CDG&endRange=2025-10-14T23:59:59Z&startRange=2025-05-15T09:00:00Z,2.0,156.0,2.0,100.0,<Response [200]>,2025-11-03T12:02:02.765000,
,,,,,,AMS,,,,,ACC,,,,2025-10-14T23:59:59Z,2025-05-15T09:00:00Z,destination=AMS&origin=ACC&endRange=2025-10-14T23:59:59Z&startRange=2025-05-15T09:00:00Z,2.0,153.0,2.0,100.0,<Response [200]>,2025-11-03T12:02:02.789177,
,,,,,,AMS,,,,,ADB,,,,2025-10-14T23:59:59Z,2025-05-15T09:00:00Z,destination=AMS&origin=ADB&endRange=2025-10-14T23:59:59Z&startRange=2025-05-15T09:00:00Z,3.0,209.0,3.0,100.0,<Response [200]>,2025-11-03T12:02:02.814251,
,,,,,,AMS,,,,,ATL,,,,2025-10-14T23:59:59Z,2025-05-15T09:00:00Z,destination=AMS&origin=ATL&endRange=2025-10-14T23:59:59Z&startRange=2025-05-15T09:00:00Z,7.0,613.0,7.0,100.0,<Response [200]>,2025-11-03T12:03:06.019163,
,,,,,,AMS,,,,,AUA,,,,2025-10-14T23:59:59Z,2025-05-15T09:00:00Z,destination=AMS&origin=AUA&endRange=2025-10-14T23:59:59Z&startRange=2025-05-15T09:00:00Z,2.0,197.0,2.0,100.0,<Response [200]>,2025-11-03T12:03:12.500199,
,,,,,,AMS,,,,,AUH,,,,2025-10-14T23:59:59Z,2025-05-15T09:00:00Z,destination=AMS&origin=AUH&endRange=2025-10-14T23:59:59Z&startRange=2025-05-15T09:00:00Z,2.0,153.0,2.0,100.0,<Response [200]>,2025-11-03T12:03:12.522189,
,,,,,,AMS,,,,,AYT,,,,2025-10-14T23:59:59Z,2025-05-15T09:00:00Z,destination=AMS&origin=AYT&endRange=2025-10-14T23:59:59Z&startRange=2025-05-15T09:00:00Z,5.0,456.0,5.0,100.0,<Response [200]>,2025-11-03T12:03:18.255927,
,,,,,,AMS,,,,,BJV,,,,2025-10-14T23:59:59Z,2025-05-15T09:00:00Z,destination=AMS&origin=BJV&endRange=2025-10-14T23:59:59Z&startRange=2025-05-15T09:00:00Z,2.0,101.0,2.0,100.0,<Response [200]>,2025-11-03T12:03:18.278581,
,,,,,,AMS,,,,,BKK,,,,2025-10-14T23:59:59Z,2025-05-15T09:00:00Z,destination=AMS&origin=BKK&endRange=2025-10-14T23:59:59Z&startRange=2025-05-15T09:00:00Z,3.0,218.0,3.0,100.0,<Response [200]>,2025-11-03T12:03:18.302114,
,,,,,,AMS,,,,,BLR,,,,2025-10-14T23:59:59Z,2025-05-15T09:00:00Z,destination=AMS&origin=BLR&endRange=2025-10-14T23:59:59Z&startRange=2025-05-15T09:00:00Z,2.0,152.0,2.0,100.0,<Response [200]>,2025-11-03T12:03:18.324546,
,,,,,,AMS,,,,,BOM,,,,2025-10-14T23:59:59Z,2025-05-15T09:00:00Z,destination=AMS&origin=BOM&endRange=2025-10-14T23:59:59Z&startRange=2025-05-15T09:00:00Z,3.0,210.0,3.0,100.0,<Response [200]>,2025-11-03T12:03:18.350890,
,,,,,,AMS,,,,,BON,,,,2025-10-14T23:59:59Z,2025-05-15T09:00:00Z,destination=AMS&origin=BON&endRange=2025-10-14T23:59:59Z&startRange=2025-05-15T09:00:00Z,4.0,305.0,4.0,100.0,<Response [200]>,2025-11-03T12:03:18.375462,
,,,,,,AMS,,,,,BOS,,,,2025-10-14T23:59:59Z,2025-05-15T09:00:00Z,destination=AMS&origin=BOS&endRange=2025-10-14T23:59:59Z&startRange=2025-05-15T09:00:00Z,6.0,551.0,6.0,100.0,<Response [200]>,2025-11-03T12:03:18.401564,
,,,,,,AMS,,,,,CAI,,,,2025-10-14T23:59:59Z,2025-05-15T09:00:00Z,destination=AMS&origin=CAI&endRange=2025-10-14T23:59:59Z&startRange=2025-05-15T09:00:00Z,2.0,153.0,2.0,100.0,<Response [200]>,2025-11-03T12:03:18.427445,
,,,,,,AMS,,,,,CAN,,,,2025-10-14T23:59:59Z,2025-05-15T09:00:00Z,destination=AMS&origin=CAN&endRange=2025-10-14T23:59:59Z&startRange=2025-05-15T09:00:00Z,2.0,145.0,2.0,100.0,<Response [200]>,2025-11-03T12:03:18.452716,
,,,,,,AMS,,,,,CGK,,,,2025-10-14T23:59:59Z,2025-05-15T09:00:00Z,destination=AMS&origin=CGK&endRange=2025-10-14T23:59:59Z&startRange=2025-05-15T09:00:00Z,3.0,246.0,3.0,100.0,<Response [200]>,2025-11-03T12:03:18.476354,
,,,,,,AMS,,,,,CMN,,,,2025-10-14T23:59:59Z,2025-05-15T09:00:00Z,destination=AMS&origin=CMN&endRange=2025-10-14T23:59:59Z&startRange=2025-05-15T09:00:00Z,3.0,271.0,3.0,100.0,<Response [200]>,2025-11-03T12:03:18.502462,
,,,,,,AMS,,,,,CPT,,,,2025-10-14T23:59:59Z,2025-05-15T09:00:00Z,destination=AMS&origin=CPT&endRange=2025-10-14T23:59:59Z&startRange=2025-05-15T09:00:00Z,2.0,157.0,2.0,100.0,<Response [200]>,2025-11-03T12:03:18.528581,
,,,,,,AMS,,,,,CTG,,,,2025-10-14T23:59:59Z,2025-05-15T09:00:00Z,destination=AMS&origin=CTG&endRange=2025-10-14T23:59:59Z&startRange=2025-05-15T09:00:00Z,2.0,153.0,2.0,100.0,<Response [200]>,2025-11-03T12:03:18.552091,
,,,,,,AMS,,,,,DAR,,,,2025-10-14T23:59:59Z,2025-05-15T09:00:00Z,destination=AMS&origin=DAR&endRange=2025-10-14T23:59:59Z&startRange=2025-05-15T09:00:00Z,2.0,188.0,2.0,100.0,<Response [200]>,2025-11-03T12:03:18.579564,
,,,,,,AMS,,,,,DEL,,,,2025-10-14T23:59:59Z,2025-05-15T09:00:00Z,destination=AMS&origin=DEL&endRange=2025-10-14T23:59:59Z&startRange=2025-05-15T09:00:00Z,4.0,305.0,4.0,100.0,<Response [200]>,2025-11-03T12:03:18.608069,
,,,,,,AMS,,,,,DFW,,,,2025-10-14T23:59:59Z,2025-05-15T09:00:00Z,destination=AMS&origin=DFW&endRange=2025-10-14T23:59:59Z&startRange=2025-05-15T09:00:00Z,2.0,129.0,2.0,100.0,<Response [200]>,2025-11-03T12:03:18.630845,
,,,,,,AMS,,,,,DLM,,,,2025-10-14T23:59:59Z,2025-05-15T09:00:00Z,destination=AMS&origin=DLM&endRange=2025-10-14T23:59:59Z&startRange=2025-05-15T09:00:00Z,2.0,151.0,2.0,100.0,<Response [200]>,2025-11-03T12:03:18.654611,
,,,,,,AMS,,,,,DMM,,,,2025-10-14T23:59:59Z,2025-05-15T09:00:00Z,destination=AMS&origin=DMM&endRange=2025-10-14T23:59:59Z&startRange=2025-05-15T09:00:00Z,2.0,146.0,2.0,100.0,<Response [200]>,2025-11-03T12:03:18.681273,
,,,,,,AMS,,,,,DOH,,,,2025-10-14T23:59:59Z,2025-05-15T09:00:00Z,destination=AMS&origin=DOH&endRange=2025-10-14T23:59:59Z&startRange=2025-05-15T09:00:00Z,3.0,292.0,3.0,100.0,<Response [200]>,2025-11-03T12:03:18.706652,
,,,,,,AMS,,,,,DTW,,,,2025-10-14T23:59:59Z,2025-05-15T09:00:00Z,destination=AMS&origin=DTW&endRange=2025-10-14T23:59:59Z&startRange=2025-05-15T09:00:00Z,5.0,463.0,5.0,100.0,<Response [200]>,2025-11-03T12:03:18.734441,
,,,,,,AMS,,,,,DXB,,,,2025-10-14T23:59:59Z,2025-05-15T09:00:00Z,destination=AMS&origin=DXB&endRange=2025-10-14T23:59:59Z&startRange=2025-05-15T09:00:00Z,6.0,568.0,6.0,100.0,<Response [200]>,2025-11-03T12:03:18.759541,
,,,,,,AMS,,,,,EBB,,,,2025-10-14T23:59:59Z,2025-05-15T09:00:00Z,destination=AMS&origin=EBB&endRange=2025-10-14T23:59:59Z&startRange=2025-05-15T09:00:00Z,2.0,167.0,2.0,100.0,<Response [200]>,2025-11-03T12:03:18.788549,
,,,,,,AMS,,,,,ESB,,,,2025-10-14T23:59:59Z,2025-05-15T09:00:00Z,destination=AMS&origin=ESB&endRange=2025-10-14T23:59:59Z&startRange=2025-05-15T09:00:00Z,2.0,113.0,2.0,100.0,<Response [200]>,2025-11-03T12:03:18.823347,
,,,,,,AMS,,,,,EWR,,,,2025-10-14T23:59:59Z,2025-05-15T09:00:00Z,destination=AMS&origin=EWR&endRange=2025-10-14T23:59:59Z&startRange=2025-05-15T09:00:00Z,2.0,155.0,2.0,100.0,<Response [200]>,2025-11-03T12:03:18.852442,
,,,,,,AMS,,,,,EZE,,,,2025-10-14T23:59:59Z,2025-05-15T09:00:00Z,destination=AMS&origin=EZE&endRange=2025-10-14T23:59:59Z&startRange=2025-05-15T09:00:00Z,2.0,153.0,2.0,100.0,<Response [200]>,2025-11-03T12:03:18.882703,
,,,,,,AMS,,,,,GIG,,,,2025-10-14T23:59:59Z,2025-05-15T09:00:00Z,destination=AMS&origin=GIG&endRange=2025-10-14T23:59:59Z&startRange=2025-05-15T09:00:00Z,2.0,151.0,2.0,100.0,<Response [200]>,2025-11-03T12:03:18.915008,
,,,,,,AMS,,,,,GRU,,,,2025-10-14T23:59:59Z,2025-05-15T09:00:00Z,destination=AMS&origin=GRU&endRange=2025-10-14T23:59:59Z&startRange=2025-05-15T09:00:00Z,2.0,151.0,2.0,100.0,<Response [200]>,2025-11-03T12:03:18.942333,
,,,,,,AMS,,,,,GYE,,,,2025-10-14T23:59:59Z,2025-05-15T09:00:00Z,destination=AMS&origin=GYE&endRange=2025-10-14T23:59:59Z&startRange=2025-05-15T09:00:00Z,2.0,133.0,2.0,100.0,<Response [200]>,2025-11-03T12:03:18.972872,
,,,,,,AMS,,,,,GZP,,,,2025-10-14T23:59:59Z,2025-05-15T09:00:00Z,destination=AMS&origin=GZP&endRange=2025-10-14T23:59:59Z&startRange=2025-05-15T09:00:00Z,2.0,119.0,2.0,100.0,<Response [200]>,2025-11-03T12:03:18.997559,
,,,,,,AMS,,,,,HKG,,,,2025-10-14T23:59:59Z,2025-05-15T09:00:00Z,destination=AMS&origin=HKG&endRange=2025-10-14T23:59:59Z&startRange=2025-05-15T09:00:00Z,3.0,282.0,3.0,100.0,<Response [200]>,2025-11-03T12:03:19.022470,
,,,,,,AMS,,,,,HRG,,,,2025-10-14T23:59:59Z,2025-05-15T09:00:00Z,destination=AMS&origin=HRG&endRange=2025-10-14T23:59:59Z&startRange=2025-05-15T09:00:00Z,3.0,224.0,3.0,100.0,<Response [200]>,2025-11-03T12:03:19.046692,
,,,,,,AMS,,,,,IAD,,,,2025-10-14T23:59:59Z,2025-05-15T09:00:00Z,destination=AMS&origin=IAD&endRange=2025-10-14T23:59:59Z&startRange=2025-05-15T09:00:00Z,4.0,307.0,4.0,100.0,<Response [200]>,2025-11-03T12:03:19.072025,
,,,,,,AMS,,,,,IAH,,,,2025-10-14T23:59:59Z,2025-05-15T09:00:00Z,destination=AMS&origin=IAH&endRange=2025-10-14T23:59:59Z&startRange=2025-05-15T09:00:00Z,4.0,305.0,4.0,100.0,<Response [200]>,2025-11-03T12:03:19.099197,
,,,,,,AMS,,,,,ICN,,,,2025-10-14T23:59:59Z,2025-05-15T09:00:00Z,destination=AMS&origin=ICN&endRange=2025-10-14T23:59:59Z&startRange=2025-05-15T09:00:00Z,3.0,281.0,3.0,100.0,<Response [200]>,2025-11-03T12:03:19.125573,
,,,,,,AMS,,,,,IST,,,,2025-10-14T23:59:59Z,2025-05-15T09:00:00Z,destination=AMS&origin=IST&endRange=2025-10-14T23:59:59Z&startRange=2025-05-15T09:00:00Z,10.0,922.0,10.0,100.0,<Response [200]>,2025-11-03T12:03:19.167239,
,,,,,,AMS,,,,,JED,,,,2025-10-14T23:59:59Z,2025-05-15T09:00:00Z,destination=AMS&origin=JED&endRange=2025-10-14T23:59:59Z&startRange=2025-05-15T09:00:00Z,2.0,109.0,2.0,100.0,<Response [200]>,2025-11-03T12:03:19.193743,
,,,,,,AMS,,,,,JFK,,,,2025-10-14T23:59:59Z,2025-05-15T09:00:00Z,destination=AMS&origin=JFK&endRange=2025-10-14T23:59:59Z&startRange=2025-05-15T09:00:00Z,10.0,917.0,10.0,100.0,<Response [200]>,2025-11-03T12:03:23.411508,
,,,,,,AMS,,,,,JNB,,,,2025-10-14T23:59:59Z,2025-05-15T09:00:00Z,destination=AMS&origin=JNB&endRange=2025-10-14T23:59:59Z&startRange=2025-05-15T09:00:00Z,2.0,153.0,2.0,100.0,<Response [200]>,2025-11-03T12:03:23.433917,
,,,,,,AMS,,,,,KIX,,,,2025-10-14T23:59:59Z,2025-05-15T09:00:00Z,destination=AMS&origin=KIX&endRange=2025-10-14T23:59:59Z&startRange=2025-05-15T09:00:00Z,2.0,109.0,2.0,100.0,<Response [200]>,2025-11-03T12:03:23.456042,
,,,,,,AMS,,,,,KUL,,,,2025-10-14T23:59:59Z,2025-05-15T09:00:00Z,destination=AMS&origin=KUL&endRange=2025-10-14T23:59:59Z&startRange=2025-05-15T09:00:00Z,2.0,153.0,2.0,100.0,<Response [200]>,2025-11-03T12:03:23.479587,
,,,,,,AMS,,,,,LAS,,,,2025-10-14T23:59:59Z,2025-05-15T09:00:00Z,destination=AMS&origin=LAS&endRange=2025-10-14T23:59:59Z&startRange=2025-05-15T09:00:00Z,2.0,152.0,2.0,100.0,<Response [200]>,2025-11-03T12:03:23.506620,
,,,,,,AMS,,,,,LAX,,,,2025-10-14T23:59:59Z,2025-05-15T09:00:00Z,destination=AMS&origin=LAX&endRange=2025-10-14T23:59:59Z&startRange=2025-05-15T09:00:00Z,4.0,306.0,4.0,100.0,<Response [200]>,2025-11-03T12:03:23.532562,
,,,,,,AMS,,,,,LCA,,,,2025-10-14T23:59:59Z,2025-05-15T09:00:00Z,destination=AMS&origin=LCA&endRange=2025-10-14T23:59:59Z&startRange=2025-05-15T09:00:00Z,2.0,139.0,2.0,100.0,<Response [200]>,2025-11-03T12:03:23.554829,
,,,,,,AMS,,,,,LIM,,,,2025-10-14T23:59:59Z,2025-05-15T09:00:00Z,destination=AMS&origin=LIM&endRange=2025-10-14T23:59:59Z&startRange=2025-05-15T09:00:00Z,2.0,153.0,2.0,100.0,<Response [200]>,2025-11-03T12:03:23.580698,
,,,,,,AMS,,,,,LOS,,,,2025-10-14T23:59:59Z,2025-05-15T09:00:00Z,destination=AMS&origin=LOS&endRange=2025-10-14T23:59:59Z&startRange=2025-05-15T09:00:00Z,2.0,153.0,2.0,100.0,<Response [200]>,2025-11-03T12:03:23.603441,
,,,,,,AMS,,,,,MEX,,,,2025-10-14T23:59:59Z,2025-05-15T09:00:00Z,destination=AMS&origin=MEX&endRange=2025-10-14T23:59:59Z&startRange=2025-05-15T09:00:00Z,4.0,304.0,4.0,100.0,<Response [200]>,2025-11-03T12:03:23.633488,
,,,,,,AMS,,,,,MSP,,,,2025-10-14T23:59:59Z,2025-05-15T09:00:00Z,destination=AMS&origin=MSP&endRange=2025-10-14T23:59:59Z&startRange=2025-05-15T09:00:00Z,6.0,550.0,6.0,100.0,<Response [200]>,2025-11-03T12:03:23.660317,
,,,,,,AMS,,,,,NBO,,,,2025-10-14T23:59:59Z,2025-05-15T09:00:00Z,destination=AMS&origin=NBO&endRange=2025-10-14T23:59:59Z&startRange=2025-05-15T09:00:00Z,3.0,297.0,3.0,100.0,<Response [200]>,2025-11-03T12:03:23.687005,
,,,,,,AMS,,,,,NDR,,,,2025-10-14T23:59:59Z,2025-05-15T09:00:00Z,destination=AMS&origin=NDR&endRange=2025-10-14T23:59:59Z&startRange=2025-05-15T09:00:00Z,2.0,141.0,2.0,100.0,<Response [200]>,2025-11-03T12:03:23.710292,
,,,,,,AMS,,,,,NRT,,,,2025-10-14T23:59:59Z,2025-05-15T09:00:00Z,destination=AMS&origin=NRT&endRange=2025-10-14T23:59:59Z&startRange=2025-05-15T09:00:00Z,2.0,155.0,2.0,100.0,<Response [200]>,2025-11-03T12:03:23.735168,
,,,,,,AMS,,,,,ORD,,,,2025-10-14T23:59:59Z,2025-05-15T09:00:00Z,destination=AMS&origin=ORD&endRange=2025-10-14T23:59:59Z&startRange=2025-05-15T09:00:00Z,4.0,305.0,4.0,100.0,<Response [200]>,2025-11-03T12:03:23.761655,
,,,,,,AMS,,,,,PBM,,,,2025-10-14T23:59:59Z,2025-05-15T09:00:00Z,destination=AMS&origin=PBM&endRange=2025-10-14T23:59:59Z&startRange=2025-05-15T09:00:00Z,3.0,218.0,3.0,100.0,<Response [200]>,2025-11-03T12:03:23.786161,
,,,,,,AMS,,,,,PDX,,,,2025-10-14T23:59:59Z,2025-05-15T09:00:00Z,destination=AMS&origin=PDX&endRange=2025-10-14T23:59:59Z&startRange=2025-05-15T09:00:00Z,2.0,131.0,2.0,100.0,<Response [200]>,2025-11-03T12:03:23.809534,
,,,,,,AMS,,,,,PEK,,,,2025-10-14T23:59:59Z,2025-05-15T09:00:00Z,destination=AMS&origin=PEK&endRange=2025-10-14T23:59:59Z&startRange=2025-05-15T09:00:00Z,2.0,152.0,2.0,100.0,<Response [200]>,2025-11-03T12:03:23.834998,
,,,,,,AMS,,,,,PHL,,,,2025-10-14T23:59:59Z,2025-05-15T09:00:00Z,destination=AMS&origin=PHL&endRange=2025-10-14T23:59:59Z&startRange=2025-05-15T09:00:00Z,2.0,154.0,2.0,100.0,<Response [200]>,2025-11-03T12:03:23.864194,
,,,,,,AMS,,,,,PKX,,,,2025-10-14T23:59:59Z,2025-05-15T09:00:00Z,destination=AMS&origin=PKX&endRange=2025-10-14T23:59:59Z&startRange=2025-05-15T09:00:00Z,2.0,152.0,2.0,100.0,<Response [200]>,2025-11-03T12:03:23.888884,
,,,,,,AMS,,,,,POS,,,,2025-10-14T23:59:59Z,2025-05-15T09:00:00Z,destination=AMS&origin=POS&endRange=2025-10-14T23:59:59Z&startRange=2025-05-15T09:00:00Z,2.0,111.0,2.0,100.0,<Response [200]>,2025-11-03T12:03:23.914679,
,,,,,,AMS,,,,,PTY,,,,2025-10-14T23:59:59Z,2025-05-15T09:00:00Z,destination=AMS&origin=PTY&endRange=2025-10-14T23:59:59Z&startRange=2025-05-15T09:00:00Z,2.0,153.0,2.0,100.0,<Response [200]>,2025-11-03T12:03:23.940265,
,,,,,,AMS,,,,,PVG,,,,2025-10-14T23:59:59Z,2025-05-15T09:00:00Z,destination=AMS&origin=PVG&endRange=2025-10-14T23:59:59Z&startRange=2025-05-15T09:00:00Z,4.0,304.0,4.0,100.0,<Response [200]>,2025-11-03T12:03:23.965973,
,,,,,,AMS,,,,,RAK,,,,2025-10-14T23:59:59Z,2025-05-15T09:00:00Z,destination=AMS&origin=RAK&endRange=2025-10-14T23:59:59Z&startRange=2025-05-15T09:00:00Z,3.0,240.0,3.0,100.0,<Response [200]>,2025-11-03T12:03:23.994377,
,,,,,,AMS,,,,,SAW,,,,2025-10-14T23:59:59Z,2025-05-15T09:00:00Z,destination=AMS&origin=SAW&endRange=2025-10-14T23:59:59Z&startRange=2025-05-15T09:00:00Z,8.0,796.0,8.0,100.0,<Response [200]>,2025-11-03T12:03:24.027575,
,,,,,,AMS,,,,,SEA,,,,2025-10-14T23:59:59Z,2025-05-15T09:00:00Z,destination=AMS&origin=SEA&endRange=2025-10-14T23:59:59Z&startRange=2025-05-15T09:00:00Z,4.0,305.0,4.0,100.0,<Response [200]>,2025-11-03T12:03:24.057728,
,,,,,,AMS,,,,,SFO,,,,2025-10-14T23:59:59Z,2025-05-15T09:00:00Z,destination=AMS&origin=SFO&endRange=2025-10-14T23:59:59Z&startRange=2025-05-15T09:00:00Z,4.0,363.0,4.0,100.0,<Response [200]>,2025-11-03T12:03:24.091108,
,,,,,,AMS,,,,,SIN,,,,2025-10-14T23:59:59Z,2025-05-15T09:00:00Z,destination=AMS&origin=SIN&endRange=2025-10-14T23:59:59Z&startRange=2025-05-15T09:00:00Z,4.0,305.0,4.0,100.0,<Response [200]>,2025-11-03T12:03:24.122781,
,,,,,,AMS,,,,,SLC,,,,2025-10-14T23:59:59Z,2025-05-15T09:00:00Z,destination=AMS&origin=SLC&endRange=2025-10-14T23:59:59Z&startRange=2025-05-15T09:00:00Z,3.0,236.0,3.0,100.0,<Response [200]>,2025-11-03T12:03:24.151690,
,,,,,,AMS,,,,,TBS,,,,2025-10-14T23:59:59Z,2025-05-15T09:00:00Z,destination=AMS&origin=TBS&endRange=2025-10-14T23:59:59Z&startRange=2025-05-15T09:00:00Z,2.0,108.0,2.0,100.0,<Response [200]>,2025-11-03T12:03:24.178348,
,,,,,,AMS,,,,,TNG,,,,2025-10-14T23:59:59Z,2025-05-15T09:00:00Z,destination=AMS&origin=TNG&endRange=2025-10-14T23:59:59Z&startRange=2025-05-15T09:00:00Z,2.0,143.0,2.0,100.0,<Response [200]>,2025-11-03T12:03:27.056862,
,,,,,,AMS,,,,,TPE,,,,2025-10-14T23:59:59Z,2025-05-15T09:00:00Z,destination=AMS&origin=TPE&endRange=2025-10-14T23:59:59Z&startRange=2025-05-15T09:00:00Z,4.0,302.0,4.0,100.0,<Response [200]>,2025-11-03T12:03:27.091535,
,,,,,,AMS,,,,,XMN,,,,2025-10-14T23:59:59Z,2025-05-15T09:00:00Z,destination=AMS&origin=XMN&endRange=2025-10-14T23:59:59Z&startRange=2025-05-15T09:00:00Z,2.0,119.0,2.0,100.0,<Response [200]>,2025-11-03T12:03:27.119626,
,,,,,,AMS,,,,,YEG,,,,2025-10-14T23:59:59Z,2025-05-15T09:00:00Z,destination=AMS&origin=YEG&endRange=2025-10-14T23:59:59Z&startRange=2025-05-15T09:00:00Z,2.0,115.0,2.0,100.0,<Response [200]>,2025-11-03T12:03:27.147586,
,,,,,,AMS,,,,,YHZ,,,,2025-10-14T23:59:59Z,2025-05-15T09:00:00Z,destination=AMS&origin=YHZ&endRange=2025-10-14T23:59:59Z&startRange=2025-05-15T09:00:00Z,2.0,112.0,2.0,100.0,<Response [200]>,2025-11-03T12:03:27.174721,
,,,,,,AMS,,,,,YUL,,,,2025-10-14T23:59:59Z,2025-05-15T09:00:00Z,destination=AMS&origin=YUL&endRange=2025-10-14T23:59:59Z&startRange=2025-05-15T09:00:00Z,3.0,300.0,3.0,100.0,<Response [200]>,2025-11-03T12:03:27.200133,
,,,,,,AMS,,,,,YVR,,,,2025-10-14T23:59:59Z,2025-05-15T09:00:00Z,destination=AMS&origin=YVR&endRange=2025-10-14T23:59:59Z&startRange=2025-05-15T09:00:00Z,2.0,152.0,2.0,100.0,<Response [200]>,2025-11-03T12:03:27.226021,
,,,,,,AMS,,,,,YYC,,,,2025-10-14T23:59:59Z,2025-05-15T09:00:00Z,destination=AMS&origin=YYC&endRange=2025-10-14T23:59:59Z&startRange=2025-05-15T09:00:00Z,2.0,152.0,2.0,100.0,<Response [200]>,2025-11-03T12:03:27.250323,
,,,,,,AMS,,,,,YYZ,,,,2025-10-14T23:59:59Z,2025-05-15T09:00:00Z,destination=AMS&origin=YYZ&endRange=2025-10-14T23:59:59Z&startRange=2025-05-15T09:00:00Z,6.0,589.0,6.0,100.0,<Response [200]>,2025-11-03T12:03:27.279839,
,,,,,,ARN,,,,,JFK,,,,2025-10-14T23:59:59Z,2025-05-15T09:00:00Z,destination=ARN&origin=JFK&endRange=2025-10-14T23:59:59Z&startRange=2025-05-15T09:00:00Z,2.0,153.0,2.0,100.0,<Response [200]>,2025-11-03T12:03:27.304753,
,,,,,,ATH,,,,,ATL,,,,2025-10-14T23:59:59Z,2025-05-15T09:00:00Z,destination=ATH&origin=ATL&endRange=2025-10-14T23:59:59Z&startRange=2025-05-15T09:00:00Z,3.0,273.0,3.0,100.0,<Response [200]>,2025-11-03T12:03:27.331251,
,,,,,,ATH,,,,,BOS,,,,2025-10-14T23:59:59Z,2025-05-15T09:00:00Z,destination=ATH&origin=BOS&endRange=2025-10-14T23:59:59Z&startRange=2025-05-15T09:00:00Z,2.0,153.0,2.0,100.0,<Response [200]>,2025-11-03T12:03:27.357885,
,,,,,,ATH,,,,,JFK,,,,2025-10-14T23:59:59Z,2025-05-15T09:00:00Z,destination=ATH&origin=JFK&endRange=2025-10-14T23:59:59Z&startRange=2025-05-15T09:00:00Z,4.0,305.0,4.0,100.0,<Response [200]>,2025-11-03T12:03:27.381903,
,,,,,,ATL,,,,,AMS,,,,2025-10-14T23:59:59Z,2025-05-15T09:00:00Z,destination=ATL&origin=AMS&endRange=2025-10-14T23:59:59Z&startRange=2025-05-15T09:00:00Z,7.0,615.0,7.0,100.0,<Response [200]>,2025-11-03T12:03:27.410305,
,,,,,,ATL,,,,,ATH,,,,2025-10-14T23:59:59Z,2025-05-15T09:00:00Z,destination=ATL&origin=ATH&endRange=2025-10-14T23:59:59Z&startRange=2025-05-15T09:00:00Z,3.0,271.0,3.0,100.0,<Response [200]>,2025-11-03T12:03:27.438030,
,,,,,,ATL,,,,,BCN,,,,2025-10-14T23:59:59Z,2025-05-15T09:00:00Z,destination=ATL&origin=BCN&endRange=2025-10-14T23:59:59Z&startRange=2025-05-15T09:00:00Z,3.0,214.0,3.0,100.0,<Response [200]>,2025-11-03T12:03:27.462088,
,,,,,,ATL,,,,,CDG,,,,2025-10-14T23:59:59Z,2025-05-15T09:00:00Z,destination=ATL&origin=CDG&endRange=2025-10-14T23:59:59Z&startRange=2025-05-15T09:00:00Z,8.0,779.0,8.0,100.0,<Response [200]>,2025-11-03T12:03:27.489231,
,,,,,,ATL,,,,,DUB,,,,2025-10-14T23:59:59Z,2025-05-15T09:00:00Z,destination=ATL&origin=DUB&endRange=2025-10-14T23:59:59Z&startRange=2025-05-15T09:00:00Z,2.0,154.0,2.0,100.0,<Response [200]>,2025-11-03T12:03:27.517953,
,,,,,,ATL,,,,,FCO,,,,2025-10-14T23:59:59Z,2025-05-15T09:00:00Z,destination=ATL&origin=FCO&endRange=2025-10-14T23:59:59Z&startRange=2025-05-15T09:00:00Z,4.0,324.0,4.0,100.0,<Response [200]>,2025-11-03T12:03:27.544005,
,,,,,,ATL,,,,,FRA,,,,2025-10-14T23:59:59Z,2025-05-15T09:00:00Z,destination=ATL&origin=FRA&endRange=2025-10-14T23:59:59Z&startRange=2025-05-15T09:00:00Z,2.0,152.0,2.0,100.0,<Response [200]>,2025-11-03T12:03:27.568520,
,,,,,,ATL,,,,,LHR,,,,2025-10-14T23:59:59Z,2025-05-15T09:00:00Z,destination=ATL&origin=LHR&endRange=2025-10-14T23:59:59Z&startRange=2025-05-15T09:00:00Z,7.0,611.0,7.0,100.0,<Response [200]>,2025-11-03T12:03:27.598564,
,,,,,,ATL,,,,,MAD,,,,2025-10-14T23:59:59Z,2025-05-15T09:00:00Z,destination=ATL&origin=MAD&endRange=2025-10-14T23:59:59Z&startRange=2025-05-15T09:00:00Z,2.0,152.0,2.0,100.0,<Response [200]>,2025-11-03T12:03:27.623042,
,,,,,,ATL,,,,,MAN,,,,2025-10-14T23:59:59Z,2025-05-15T09:00:00Z,destination=ATL&origin=MAN&endRange=2025-10-14T23:59:59Z&startRange=2025-05-15T09:00:00Z,2.0,136.0,2.0,100.0,<Response [200]>,2025-11-03T12:03:27.645942,
,,,,,,ATL,,,,,MUC,,,,2025-10-14T23:59:59Z,2025-05-15T09:00:00Z,destination=ATL&origin=MUC&endRange=2025-10-14T23:59:59Z&startRange=2025-05-15T09:00:00Z,2.0,152.0,2.0,100.0,<Response [200]>,2025-11-03T12:03:27.670312,
,,,,,,ATL,,,,,NCE,,,,2025-10-14T23:59:59Z,2025-05-15T09:00:00Z,destination=ATL&origin=NCE&endRange=2025-10-14T23:59:59Z&startRange=2025-05-15T09:00:00Z,2.0,128.0,2.0,100.0,<Response [200]>,2025-11-03T12:03:27.694294,
,,,,,,AUA,,,,,AMS,,,,2025-10-14T23:59:59Z,2025-05-15T09:00:00Z,destination=AUA&origin=AMS&endRange=2025-10-14T23:59:59Z&startRange=2025-05-15T09:00:00Z,2.0,197.0,2.0,100.0,<Response [200]>,2025-11-03T12:03:27.719687,
,,,,,,AUH,,,,,CDG,,,,2025-10-14T23:59:59Z,2025-05-15T09:00:00Z,destination=AUH&origin=CDG&endRange=2025-10-14T23:59:59Z&startRange=2025-05-15T09:00:00Z,4.0,312.0,4.0,100.0,<Response [200]>,2025-11-03T12:03:33.345837,
,,,,,,AYT,,,,,AMS,,,,2025-10-14T23:59:59Z,2025-05-15T09:00:00Z,destination=AYT&origin=AMS&endRange=2025-10-14T23:59:59Z&startRange=2025-05-15T09:00:00Z,5.0,462.0,5.0,100.0,<Response [200]>,2025-11-03T12:03:33.373450,
,,,,,,AYT,,,,,CDG,,,,2025-10-14T23:59:59Z,2025-05-15T09:00:00Z,destination=AYT&origin=CDG&endRange=2025-10-14T23:59:59Z&startRange=2025-05-15T09:00:00Z,2.0,182.0,2.0,100.0,<Response [200]>,2025-11-03T12:03:33.396364,
,,,,,,AYT,,,,,ORY,,,,2025-10-14T23:59:59Z,2025-05-15T09:00:00Z,destination=AYT&origin=ORY&endRange=2025-10-14T23:59:59Z&startRange=2025-05-15T09:00:00Z,2.0,123.0,2.0,100.0,<Response [200]>,2025-11-03T12:03:33.421029,
,,,,,,BAH,,,,,CDG,,,,2025-10-14T23:59:59Z,2025-05-15T09:00:00Z,destination=BAH&origin=CDG&endRange=2025-10-14T23:59:59Z&startRange=2025-05-15T09:00:00Z,2.0,153.0,2.0,100.0,<Response [200]>,2025-11-03T12:03:33.447377,
,,,,,,BCN,,,,,ATL,,,,2025-10-14T23:59:59Z,2025-05-15T09:00:00Z,destination=BCN&origin=ATL&endRange=2025-10-14T23:59:59Z&startRange=2025-05-15T09:00:00Z,3.0,214.0,3.0,100.0,<Response [200]>,2025-11-03T12:03:33.471352,
,,,,,,BCN,,,,,JFK,,,,2025-10-14T23:59:59Z,2025-05-15T09:00:00Z,destination=BCN&origin=JFK&endRange=2025-10-14T23:59:59Z&startRange=2025-05-15T09:00:00Z,3.0,236.0,3.0,100.0,<Response [200]>,2025-11-03T12:03:33.500285,
,,,,,,BER,,,,,JFK,,,,2025-10-14T23:59:59Z,2025-05-15T09:00:00Z,destination=BER&origin=JFK&endRange=2025-10-14T23:59:59Z&startRange=2025-05-15T09:00:00Z,2.0,153.0,2.0,100.0,<Response [200]>,2025-11-03T12:03:33.525279,
,,,,,,BEY,,,,,CDG,,,,2025-10-14T23:59:59Z,2025-05-15T09:00:00Z,destination=BEY&origin=CDG&endRange=2025-10-14T23:59:59Z&startRange=2025-05-15T09:00:00Z,5.0,464.0,5.0,100.0,<Response [200]>,2025-11-03T12:03:33.554967,
,,,,,,BEY,,,,,ORY,,,,2025-10-14T23:59:59Z,2025-05-15T09:00:00Z,destination=BEY&origin=ORY&endRange=2025-10-14T23:59:59Z&startRange=2025-05-15T09:00:00Z,2.0,101.0,2.0,100.0,<Response [200]>,2025-11-03T12:03:33.581337,
,,,,,,BJA,,,,,CDG,,,,2025-10-14T23:59:59Z,2025-05-15T09:00:00Z,destination=BJA&origin=CDG&endRange=2025-10-14T23:59:59Z&startRange=2025-05-15T09:00:00Z,2.0,159.0,2.0,100.0,<Response [200]>,2025-11-03T12:03:33.607428,
,,,,,,BJA,,,,,LYS,,,,2025-10-14T23:59:59Z,2025-05-15T09:00:00Z,destination=BJA&origin=LYS&endRange=2025-10-14T23:59:59Z&startRange=2025-05-15T09:00:00Z,2.0,116.0,2.0,100.0,<Response [200]>,2025-11-03T12:03:33.629629,
,,,,,,BJA,,,,,ORY,,,,2025-10-14T23:59:59Z,2025-05-15T09:00:00Z,destination=BJA&origin=ORY&endRange=2025-10-14T23:59:59Z&startRange=2025-05-15T09:00:00Z,4.0,332.0,4.0,100.0,<Response [200]>,2025-11-03T12:03:33.656425,
,,,,,,BJV,,,,,AMS,,,,2025-10-14T23:59:59Z,2025-05-15T09:00:00Z,destination=BJV&origin=AMS&endRange=2025-10-14T23:59:59Z&startRange=2025-05-15T09:00:00Z,2.0,101.0,2.0,100.0,<Response [200]>,2025-11-03T12:03:33.682166,
,,,,,,BKK,,,,,AMS,,,,2025-10-14T23:59:59Z,2025-05-15T09:00:00Z,destination=BKK&origin=AMS&endRange=2025-10-14T23:59:59Z&startRange=2025-05-15T09:00:00Z,3.0,219.0,3.0,100.0,<Response [200]>,2025-11-03T12:03:33.707425,
,,,,,,BKK,,,,,CDG,,,,2025-10-14T23:59:59Z,2025-05-15T09:00:00Z,destination=BKK&origin=CDG&endRange=2025-10-14T23:59:59Z&startRange=2025-05-15T09:00:00Z,4.0,339.0,4.0,100.0,<Response [200]>,2025-11-03T12:03:33.731548,
,,,,,,BKO,,,,,ORY,,,,2025-10-14T23:59:59Z,2025-05-15T09:00:00Z,destination=BKO&origin=ORY&endRange=2025-10-14T23:59:59Z&startRange=2025-05-15T09:00:00Z,2.0,117.0,2.0,100.0,<Response [200]>,2025-11-03T12:03:33.755932,
,,,,,,BLR,,,,,AMS,,,,2025-10-14T23:59:59Z,2025-05-15T09:00:00Z,destination=BLR&origin=AMS&endRange=2025-10-14T23:59:59Z&startRange=2025-05-15T09:00:00Z,2.0,151.0,2.0,100.0,<Response [200]>,2025-11-03T12:03:33.789590,
,,,,,,BLR,,,,,CDG,,,,2025-10-14T23:59:59Z,2025-05-15T09:00:00Z,destination=BLR&origin=CDG&endRange=2025-10-14T23:59:59Z&startRange=2025-05-15T09:00:00Z,2.0,152.0,2.0,100.0,<Response [200]>,2025-11-03T12:03:33.817860,
,,,,,,BOG,,,,,AMS,,,,2025-10-14T23:59:59Z,2025-05-15T09:00:00Z,destination=BOG&origin=AMS&endRange=2025-10-14T23:59:59Z&startRange=2025-05-15T09:00:00Z,2.0,152.0,2.0,100.0,<Response [200]>,2025-11-03T12:03:33.842816,
,,,,,,BOG,,,,,CDG,,,,2025-10-14T23:59:59Z,2025-05-15T09:00:00Z,destination=BOG&origin=CDG&endRange=2025-10-14T23:59:59Z&startRange=2025-05-15T09:00:00Z,4.0,305.0,4.0,100.0,<Response [200]>,2025-11-03T12:03:33.868879,
,,,,,,BOM,,,,,AMS,,,,2025-10-14T23:59:59Z,2025-05-15T09:00:00Z,destination=BOM&origin=AMS&endRange=2025-10-14T23:59:59Z&startRange=2025-05-15T09:00:00Z,3.0,211.0,3.0,100.0,<Response [200]>,2025-11-03T12:03:33.892838,
,,,,,,BOM,,,,,CDG,,,,2025-10-14T23:59:59Z,2025-05-15T09:00:00Z,destination=BOM&origin=CDG&endRange=2025-10-14T23:59:59Z&startRange=2025-05-15T09:00:00Z,2.0,154.0,2.0,100.0,<Response [200]>,2025-11-03T12:03:33.916124,
,,,,,,BON,,,,,AMS,,,,2025-10-14T23:59:59Z,2025-05-15T09:00:00Z,destination=BON&origin=AMS&endRange=2025-10-14T23:59:59Z&startRange=2025-05-15T09:00:00Z,3.0,289.0,3.0,100.0,<Response [200]>,2025-11-03T12:03:33.943248,
,,,,,,BOS,,,,,AMS,,,,2025-10-14T23:59:59Z,2025-05-15T09:00:00Z,destination=BOS&origin=AMS&endRange=2025-10-14T23:59:59Z&startRange=2025-05-15T09:00:00Z,6.0,553.0,6.0,100.0,<Response [200]>,2025-11-03T12:03:33.970795,
,,,,,,BOS,,,,,ATH,,,,2025-10-14T23:59:59Z,2025-05-15T09:00:00Z,destination=BOS&origin=ATH&endRange=2025-10-14T23:59:59Z&startRange=2025-05-15T09:00:00Z,2.0,153.0,2.0,100.0,<Response [200]>,2025-11-03T12:03:33.994484,
,,,,,,BOS,,,,,CDG,,,,2025-10-14T23:59:59Z,2025-05-15T09:00:00Z,destination=BOS&origin=CDG&endRange=2025-10-14T23:59:59Z&startRange=2025-05-15T09:00:00Z,7.0,618.0,7.0,100.0,<Response [200]>,2025-11-03T12:03:34.027389,
,,,,,,BOS,,,,,DUB,,,,2025-10-14T23:59:59Z,2025-05-15T09:00:00Z,destination=BOS&origin=DUB&endRange=2025-10-14T23:59:59Z&startRange=2025-05-15T09:00:00Z,2.0,153.0,2.0,100.0,<Response [200]>,2025-11-03T12:03:34.054807,
,,,,,,BOS,,,,,FCO,,,,2025-10-14T23:59:59Z,2025-05-15T09:00:00Z,destination=BOS&origin=FCO&endRange=2025-10-14T23:59:59Z&startRange=2025-05-15T09:00:00Z,2.0,160.0,2.0,100.0,<Response [200]>,2025-11-03T12:03:34.079513,
,,,,,,BOS,,,,,LHR,,,,2025-10-14T23:59:59Z,2025-05-15T09:00:00Z,destination=BOS&origin=LHR&endRange=2025-10-14T23:59:59Z&startRange=2025-05-15T09:00:00Z,5.0,460.0,5.0,100.0,<Response [200]>,2025-11-03T12:03:34.106012,
,,,,,,BOS,,,,,LIS,,,,2025-10-14T23:59:59Z,2025-05-15T09:00:00Z,destination=BOS&origin=LIS&endRange=2025-10-14T23:59:59Z&startRange=2025-05-15T09:00:00Z,2.0,153.0,2.0,100.0,<Response [200]>,2025-11-03T12:03:34.129418,
,,,,,,BZV,,,,,CDG,,,,2025-10-14T23:59:59Z,2025-05-15T09:00:00Z,destination=BZV&origin=CDG&endRange=2025-10-14T23:59:59Z&startRange=2025-05-15T09:00:00Z,3.0,244.0,3.0,100.0,<Response [200]>,2025-11-03T12:03:34.157633,
,,,,,,CAI,,,,,AMS,,,,2025-10-14T23:59:59Z,2025-05-15T09:00:00Z,destination=CAI&origin=AMS&endRange=2025-10-14T23:59:59Z&startRange=2025-05-15T09:00:00Z,2.0,153.0,2.0,100.0,<Response [200]>,2025-11-03T12:03:34.182723,
,,,,,,CAI,,,,,CDG,,,,2025-10-14T23:59:59Z,2025-05-15T09:00:00Z,destination=CAI&origin=CDG&endRange=2025-10-14T23:59:59Z&startRange=2025-05-15T09:00:00Z,5.0,435.0,5.0,100.0,<Response [200]>,2025-11-03T12:03:34.209701,
,,,,,,CAI,,,,,FCO,,,,2025-10-14T23:59:59Z,2025-05-15T09:00:00Z,destination=CAI&origin=FCO&endRange=2025-10-14T23:59:59Z&startRange=2025-05-15T09:00:00Z,3.0,299.0,3.0,100.0,<Response [200]>,2025-11-03T12:03:34.235565,
,,,,,,CAI,,,,,ORY,,,,2025-10-14T23:59:59Z,2025-05-15T09:00:00Z,destination=CAI&origin=ORY&endRange=2025-10-14T23:59:59Z&startRange=2025-05-15T09:00:00Z,2.0,185.0,2.0,100.0,<Response [200]>,2025-11-03T12:03:34.259243,
,,,,,,CAN,,,,,AMS,,,,2025-10-14T23:59:59Z,2025-05-15T09:00:00Z,destination=CAN&origin=AMS&endRange=2025-10-14T23:59:59Z&startRange=2025-05-15T09:00:00Z,2.0,145.0,2.0,100.0,<Response [200]>,2025-11-03T12:03:34.283861,
,,,,,,CAN,,,,,CDG,,,,2025-10-14T23:59:59Z,2025-05-15T09:00:00Z,destination=CAN&origin=CDG&endRange=2025-10-14T23:59:59Z&startRange=2025-05-15T09:00:00Z,2.0,155.0,2.0,100.0,<Response [200]>,2025-11-03T12:03:34.309934,
,,,,,,CAY,,,,,CDG,,,,2025-10-14T23:59:59Z,2025-05-15T09:00:00Z,destination=CAY&origin=CDG&endRange=2025-10-14T23:59:59Z&startRange=2025-05-15T09:00:00Z,2.0,153.0,2.0,100.0,<Response [200]>,2025-11-03T12:03:34.333956,
,,,,,,CAY,,,,,ORY,,,,2025-10-14T23:59:59Z,2025-05-15T09:00:00Z,destination=CAY&origin=ORY&endRange=2025-10-14T23:59:59Z&startRange=2025-05-15T09:00:00Z,2.0,115.0,2.0,100.0,<Response [200]>,2025-11-03T12:03:34.357907,
,,,,,,CDG,,,,,ABJ,,,,2025-10-14T23:59:59Z,2025-05-15T09:00:00Z,destination=CDG&origin=ABJ&endRange=2025-10-14T23:59:59Z&startRange=2025-05-15T09:00:00Z,4.0,313.0,4.0,100.0,<Response [200]>,2025-11-03T12:03:34.384960,
,,,,,,CDG,,,,,ADB,,,,2025-10-14T23:59:59Z,2025-05-15T09:00:00Z,destination=CDG&origin=ADB&endRange=2025-10-14T23:59:59Z&startRange=2025-05-15T09:00:00Z,2.0,152.0,2.0,100.0,<Response [200]>,2025-11-03T12:03:34.407971,
,,,,,,CDG,,,,,ADD,,,,2025-10-14T23:59:59Z,2025-05-15T09:00:00Z,destination=CDG&origin=ADD&endRange=2025-10-14T23:59:59Z&startRange=2025-05-15T09:00:00Z,2.0,153.0,2.0,100.0,<Response [200]>,2025-11-03T12:03:34.432316,
,,,,,,CDG,,,,,AMM,,,,2025-10-14T23:59:59Z,2025-05-15T09:00:00Z,destination=CDG&origin=AMM&endRange=2025-10-14T23:59:59Z&startRange=2025-05-15T09:00:00Z,2.0,155.0,2.0,100.0,<Response [200]>,2025-11-03T12:03:34.458233,
,,,,,,CDG,,,,,ATL,,,,2025-10-14T23:59:59Z,2025-05-15T09:00:00Z,destination=CDG&origin=ATL&endRange=2025-10-14T23:59:59Z&startRange=2025-05-15T09:00:00Z,8.0,771.0,8.0,100.0,<Response [200]>,2025-11-03T12:04:34.897725,
,,,,,,CDG,,,,,AUH,,,,2025-10-14T23:59:59Z,2025-05-15T09:00:00Z,destination=CDG&origin=AUH&endRange=2025-10-14T23:59:59Z&startRange=2025-05-15T09:00:00Z,4.0,314.0,4.0,100.0,<Response [200]>,2025-11-03T12:04:41.122949,
,,,,,,CDG,,,,,AYT,,,,2025-10-14T23:59:59Z,2025-05-15T09:00:00Z,destination=CDG&origin=AYT&endRange=2025-10-14T23:59:59Z&startRange=2025-05-15T09:00:00Z,2.0,190.0,2.0,100.0,<Response [200]>,2025-11-03T12:04:41.146802,
,,,,,,CDG,,,,,BAH,,,,2025-10-14T23:59:59Z,2025-05-15T09:00:00Z,destination=CDG&origin=BAH&endRange=2025-10-14T23:59:59Z&startRange=2025-05-15T09:00:00Z,2.0,153.0,2.0,100.0,<Response [200]>,2025-11-03T12:04:41.170735,
,,,,,,CDG,,,,,BEY,,,,2025-10-14T23:59:59Z,2025-05-15T09:00:00Z,destination=CDG&origin=BEY&endRange=2025-10-14T23:59:59Z&startRange=2025-05-15T09:00:00Z,5.0,467.0,5.0,100.0,<Response [200]>,2025-11-03T12:04:41.197713,
,,,,,,CDG,,,,,BJA,,,,2025-10-14T23:59:59Z,2025-05-15T09:00:00Z,destination=CDG&origin=BJA&endRange=2025-10-14T23:59:59Z&startRange=2025-05-15T09:00:00Z,2.0,166.0,2.0,100.0,<Response [200]>,2025-11-03T12:04:41.225344,
,,,,,,CDG,,,,,BKK,,,,2025-10-14T23:59:59Z,2025-05-15T09:00:00Z,destination=CDG&origin=BKK&endRange=2025-10-14T23:59:59Z&startRange=2025-05-15T09:00:00Z,4.0,335.0,4.0,100.0,<Response [200]>,2025-11-03T12:04:41.251066,
,,,,,,CDG,,,,,BLR,,,,2025-10-14T23:59:59Z,2025-05-15T09:00:00Z,destination=CDG&origin=BLR&endRange=2025-10-14T23:59:59Z&startRange=2025-05-15T09:00:00Z,2.0,141.0,2.0,100.0,<Response [200]>,2025-11-03T12:04:41.277483,
,,,,,,CDG,,,,,BOG,,,,2025-10-14T23:59:59Z,2025-05-15T09:00:00Z,destination=CDG&origin=BOG&endRange=2025-10-14T23:59:59Z&startRange=2025-05-15T09:00:00Z,4.0,303.0,4.0,100.0,<Response [200]>,2025-11-03T12:04:41.305589,
,,,,,,CDG,,,,,BOM,,,,2025-10-14T23:59:59Z,2025-05-15T09:00:00Z,destination=CDG&origin=BOM&endRange=2025-10-14T23:59:59Z&startRange=2025-05-15T09:00:00Z,2.0,155.0,2.0,100.0,<Response [200]>,2025-11-03T12:04:41.331048,
,,,,,,CDG,,,,,BOS,,,,2025-10-14T23:59:59Z,2025-05-15T09:00:00Z,destination=CDG&origin=BOS&endRange=2025-10-14T23:59:59Z&startRange=2025-05-15T09:00:00Z,7.0,612.0,7.0,100.0,<Response [200]>,2025-11-03T12:04:41.359673,
,,,,,,CDG,,,,,BZV,,,,2025-10-14T23:59:59Z,2025-05-15T09:00:00Z,destination=CDG&origin=BZV&endRange=2025-10-14T23:59:59Z&startRange=2025-05-15T09:00:00Z,3.0,248.0,3.0,100.0,<Response [200]>,2025-11-03T12:04:41.386700,
,,,,,,CDG,,,,,CAI,,,,2025-10-14T23:59:59Z,2025-05-15T09:00:00Z,destination=CDG&origin=CAI&endRange=2025-10-14T23:59:59Z&startRange=2025-05-15T09:00:00Z,5.0,434.0,5.0,100.0,<Response [200]>,2025-11-03T12:04:41.416396,
,,,,,,CDG,,,,,CAN,,,,2025-10-14T23:59:59Z,2025-05-15T09:00:00Z,destination=CDG&origin=CAN&endRange=2025-10-14T23:59:59Z&startRange=2025-05-15T09:00:00Z,2.0,154.0,2.0,100.0,<Response [200]>,2025-11-03T12:04:41.441498,
,,,,,,CDG,,,,,CAY,,,,2025-10-14T23:59:59Z,2025-05-15T09:00:00Z,destination=CDG&origin=CAY&endRange=2025-10-14T23:59:59Z&startRange=2025-05-15T09:00:00Z,2.0,153.0,2.0,100.0,<Response [200]>,2025-11-03T12:04:41.468127,
,,,,,,CDG,,,,,CKY,,,,2025-10-14T23:59:59Z,2025-05-15T09:00:00Z,destination=CDG&origin=CKY&endRange=2025-10-14T23:59:59Z&startRange=2025-05-15T09:00:00Z,2.0,170.0,2.0,100.0,<Response [200]>,2025-11-03T12:04:41.498395,
,,,,,,CDG,,,,,CMN,,,,2025-10-14T23:59:59Z,2025-05-15T09:00:00Z,destination=CDG&origin=CMN&endRange=2025-10-14T23:59:59Z&startRange=2025-05-15T09:00:00Z,10.0,981.0,10.0,100.0,<Response [200]>,2025-11-03T12:04:47.200776,
,,,,,,CDG,,,,,COO,,,,2025-10-14T23:59:59Z,2025-05-15T09:00:00Z,destination=CDG&origin=COO&endRange=2025-10-14T23:59:59Z&startRange=2025-05-15T09:00:00Z,2.0,117.0,2.0,100.0,<Response [200]>,2025-11-03T12:04:49.793847,
,,,,,,CDG,,,,,CVG,,,,2025-10-14T23:59:59Z,2025-05-15T09:00:00Z,destination=CDG&origin=CVG&endRange=2025-10-14T23:59:59Z&startRange=2025-05-15T09:00:00Z,2.0,131.0,2.0,100.0,<Response [200]>,2025-11-03T12:04:49.821361,
,,,,,,CDG,,,,,DEL,,,,2025-10-14T23:59:59Z,2025-05-15T09:00:00Z,destination=CDG&origin=DEL&endRange=2025-10-14T23:59:59Z&startRange=2025-05-15T09:00:00Z,4.0,386.0,4.0,100.0,<Response [200]>,2025-11-03T12:04:49.853097,
,,,,,,CDG,,,,,DFW,,,,2025-10-14T23:59:59Z,2025-05-15T09:00:00Z,destination=CDG&origin=DFW&endRange=2025-10-14T23:59:59Z&startRange=2025-05-15T09:00:00Z,3.0,296.0,3.0,100.0,<Response [200]>,2025-11-03T12:04:49.884147,
,,,,,,CDG,,,,,DJE,,,,2025-10-14T23:59:59Z,2025-05-15T09:00:00Z,destination=CDG&origin=DJE&endRange=2025-10-14T23:59:59Z&startRange=2025-05-15T09:00:00Z,5.0,411.0,5.0,100.0,<Response [200]>,2025-11-03T12:04:49.912403,
,,,,,,CDG,,,,,DLA,,,,2025-10-14T23:59:59Z,2025-05-15T09:00:00Z,destination=CDG&origin=DLA&endRange=2025-10-14T23:59:59Z&startRange=2025-05-15T09:00:00Z,2.0,155.0,2.0,100.0,<Response [200]>,2025-11-03T12:04:49.939919,
,,,,,,CDG,,,,,DOH,,,,2025-10-14T23:59:59Z,2025-05-15T09:00:00Z,destination=CDG&origin=DOH&endRange=2025-10-14T23:59:59Z&startRange=2025-05-15T09:00:00Z,6.0,575.0,6.0,100.0,<Response [200]>,2025-11-03T12:04:49.968438,
,,,,,,CDG,,,,,DSS,,,,2025-10-14T23:59:59Z,2025-05-15T09:00:00Z,destination=CDG&origin=DSS&endRange=2025-10-14T23:59:59Z&startRange=2025-05-15T09:00:00Z,4.0,347.0,4.0,100.0,<Response [200]>,2025-11-03T12:04:49.992750,
,,,,,,CDG,,,,,DTW,,,,2025-10-14T23:59:59Z,2025-05-15T09:00:00Z,destination=CDG&origin=DTW&endRange=2025-10-14T23:59:59Z&startRange=2025-05-15T09:00:00Z,4.0,399.0,4.0,100.0,<Response [200]>,2025-11-03T12:04:50.022025,
,,,,,,CDG,,,,,DXB,,,,2025-10-14T23:59:59Z,2025-05-15T09:00:00Z,destination=CDG&origin=DXB&endRange=2025-10-14T23:59:59Z&startRange=2025-05-15T09:00:00Z,7.0,611.0,7.0,100.0,<Response [200]>,2025-11-03T12:04:50.051935,
,,,,,,CDG,,,,,DZA,,,,2025-10-14T23:59:59Z,2025-05-15T09:00:00Z,destination=CDG&origin=DZA&endRange=2025-10-14T23:59:59Z&startRange=2025-05-15T09:00:00Z,2.0,136.0,2.0,100.0,<Response [200]>,2025-11-03T12:04:50.076135,
,,,,,,CDG,,,,,EVN,,,,2025-10-14T23:59:59Z,2025-05-15T09:00:00Z,destination=CDG&origin=EVN&endRange=2025-10-14T23:59:59Z&startRange=2025-05-15T09:00:00Z,3.0,208.0,3.0,100.0,<Response [200]>,2025-11-03T12:04:50.102640,
,,,,,,CDG,,,,,EWR,,,,2025-10-14T23:59:59Z,2025-05-15T09:00:00Z,destination=CDG&origin=EWR&endRange=2025-10-14T23:59:59Z&startRange=2025-05-15T09:00:00Z,5.0,464.0,5.0,100.0,<Response [200]>,2025-11-03T12:04:50.131559,
,,,,,,CDG,,,,,EZE,,,,2025-10-14T23:59:59Z,2025-05-15T09:00:00Z,destination=CDG&origin=EZE&endRange=2025-10-14T23:59:59Z&startRange=2025-05-15T09:00:00Z,2.0,152.0,2.0,100.0,<Response [200]>,2025-11-03T12:04:50.157231,
,,,,,,CDG,,,,,FDF,,,,2025-10-14T23:59:59Z,2025-05-15T09:00:00Z,destination=CDG&origin=FDF&endRange=2025-10-14T23:59:59Z&startRange=2025-05-15T09:00:00Z,2.0,115.0,2.0,100.0,<Response [200]>,2025-11-03T12:04:50.182475,
,,,,,,CDG,,,,,FIH,,,,2025-10-14T23:59:59Z,2025-05-15T09:00:00Z,destination=CDG&origin=FIH&endRange=2025-10-14T23:59:59Z&startRange=2025-05-15T09:00:00Z,2.0,150.0,2.0,100.0,<Response [200]>,2025-11-03T12:04:50.211378,
,,,,,,CDG,,,,,GIG,,,,2025-10-14T23:59:59Z,2025-05-15T09:00:00Z,destination=CDG&origin=GIG&endRange=2025-10-14T23:59:59Z&startRange=2025-05-15T09:00:00Z,2.0,164.0,2.0,100.0,<Response [200]>,2025-11-03T12:04:50.241174,
,,,,,,CDG,,,,,GRU,,,,2025-10-14T23:59:59Z,2025-05-15T09:00:00Z,destination=CDG&origin=GRU&endRange=2025-10-14T23:59:59Z&startRange=2025-05-15T09:00:00Z,5.0,459.0,5.0,100.0,<Response [200]>,2025-11-03T12:04:50.274742,
,,,,,,CDG,,,,,HAN,,,,2025-10-14T23:59:59Z,2025-05-15T09:00:00Z,destination=CDG&origin=HAN&endRange=2025-10-14T23:59:59Z&startRange=2025-05-15T09:00:00Z,2.0,153.0,2.0,100.0,<Response [200]>,2025-11-03T12:04:50.302816,
,,,,,,CDG,,,,,HKG,,,,2025-10-14T23:59:59Z,2025-05-15T09:00:00Z,destination=CDG&origin=HKG&endRange=2025-10-14T23:59:59Z&startRange=2025-05-15T09:00:00Z,4.0,305.0,4.0,100.0,<Response [200]>,2025-11-03T12:04:50.333487,
,,,,,,CDG,,,,,HND,,,,2025-10-14T23:59:59Z,2025-05-15T09:00:00Z,destination=CDG&origin=HND&endRange=2025-10-14T23:59:59Z&startRange=2025-05-15T09:00:00Z,7.0,631.0,7.0,100.0,<Response [200]>,2025-11-03T12:04:50.365009,
,,,,,,CDG,,,,,IAD,,,,2025-10-14T23:59:59Z,2025-05-15T09:00:00Z,destination=CDG&origin=IAD&endRange=2025-10-14T23:59:59Z&startRange=2025-05-15T09:00:00Z,7.0,612.0,7.0,100.0,<Response [200]>,2025-11-03T12:04:50.400804,
,,,,,,CDG,,,,,IAH,,,,2025-10-14T23:59:59Z,2025-05-15T09:00:00Z,destination=CDG&origin=IAH&endRange=2025-10-14T23:59:59Z&startRange=2025-05-15T09:00:00Z,2.0,154.0,2.0,100.0,<Response [200]>,2025-11-03T12:04:50.431922,
,,,,,,CDG,,,,,ICN,,,,2025-10-14T23:59:59Z,2025-05-15T09:00:00Z,destination=CDG&origin=ICN&endRange=2025-10-14T23:59:59Z&startRange=2025-05-15T09:00:00Z,6.0,527.0,6.0,100.0,<Response [200]>,2025-11-03T12:04:50.464547,
,,,,,,CDG,,,,,JED,,,,2025-10-14T23:59:59Z,2025-05-15T09:00:00Z,destination=CDG&origin=JED&endRange=2025-10-14T23:59:59Z&startRange=2025-05-15T09:00:00Z,3.0,269.0,3.0,100.0,<Response [200]>,2025-11-03T12:04:50.493637,
,,,,,,CDG,,,,,JNB,,,,2025-10-14T23:59:59Z,2025-05-15T09:00:00Z,destination=CDG&origin=JNB&endRange=2025-10-14T23:59:59Z&startRange=2025-05-15T09:00:00Z,2.0,153.0,2.0,100.0,<Response [200]>,2025-11-03T12:04:50.526449,
,,,,,,CDG,,,,,KIX,,,,2025-10-14T23:59:59Z,2025-05-15T09:00:00Z,destination=CDG&origin=KIX&endRange=2025-10-14T23:59:59Z&startRange=2025-05-15T09:00:00Z,2.0,115.0,2.0,100.0,<Response [200]>,2025-11-03T12:04:50.557422,
,,,,,,CDG,,,,,KUL,,,,2025-10-14T23:59:59Z,2025-05-15T09:00:00Z,destination=CDG&origin=KUL&endRange=2025-10-14T23:59:59Z&startRange=2025-05-15T09:00:00Z,2.0,151.0,2.0,100.0,<Response [200]>,2025-11-03T12:04:50.585216,
,,,,,,CDG,,,,,KWI,,,,2025-10-14T23:59:59Z,2025-05-15T09:00:00Z,destination=CDG&origin=KWI&endRange=2025-10-14T23:59:59Z&startRange=2025-05-15T09:00:00Z,2.0,113.0,2.0,100.0,<Response [200]>,2025-11-03T12:04:50.616587,
,,,,,,CDG,,,,,LAD,,,,2025-10-14T23:59:59Z,2025-05-15T09:00:00Z,destination=CDG&origin=LAD&endRange=2025-10-14T23:59:59Z&startRange=2025-05-15T09:00:00Z,2.0,151.0,2.0,100.0,<Response [200]>,2025-11-03T12:04:50.644731,
,,,,,,CDG,,,,,LAX,,,,2025-10-14T23:59:59Z,2025-05-15T09:00:00Z,destination=CDG&origin=LAX&endRange=2025-10-14T23:59:59Z&startRange=2025-05-15T09:00:00Z,10.0,992.0,10.0,100.0,<Response [200]>,2025-11-03T12:04:50.683322,
,,,,,,CDG,,,,,LBV,,,,2025-10-14T23:59:59Z,2025-05-15T09:00:00Z,destination=CDG&origin=LBV&endRange=2025-10-14T23:59:59Z&startRange=2025-05-15T09:00:00Z,2.0,153.0,2.0,100.0,<Response [200]>,2025-11-03T12:04:50.712056,
,,,,,,CDG,,,,,LCA,,,,2025-10-14T23:59:59Z,2025-05-15T09:00:00Z,destination=CDG&origin=LCA&endRange=2025-10-14T23:59:59Z&startRange=2025-05-15T09:00:00Z,2.0,161.0,2.0,100.0,<Response [200]>,2025-11-03T12:04:50.738442,
,,,,,,CDG,,,,,LFW,,,,2025-10-14T23:59:59Z,2025-05-15T09:00:00Z,destination=CDG&origin=LFW&endRange=2025-10-14T23:59:59Z&startRange=2025-05-15T09:00:00Z,2.0,152.0,2.0,100.0,<Response [200]>,2025-11-03T12:04:50.768088,
,,,,,,CDG,,,,,LIM,,,,2025-10-14T23:59:59Z,2025-05-15T09:00:00Z,destination=CDG&origin=LIM&endRange=2025-10-14T23:59:59Z&startRange=2025-05-15T09:00:00Z,2.0,180.0,2.0,100.0,<Response [200]>,2025-11-03T12:04:50.802807,
,,,,,,CDG,,,,,LOS,,,,2025-10-14T23:59:59Z,2025-05-15T09:00:00Z,destination=CDG&origin=LOS&endRange=2025-10-14T23:59:59Z&startRange=2025-05-15T09:00:00Z,2.0,155.0,2.0,100.0,<Response [200]>,2025-11-03T12:04:50.828853,
,,,,,,CDG,,,,,MEX,,,,2025-10-14T23:59:59Z,2025-05-15T09:00:00Z,destination=CDG&origin=MEX&endRange=2025-10-14T23:59:59Z&startRange=2025-05-15T09:00:00Z,5.0,490.0,5.0,100.0,<Response [200]>,2025-11-03T12:04:50.867949,
,,,,,,CDG,,,,,MIA,,,,2025-10-14T23:59:59Z,2025-05-15T09:00:00Z,destination=CDG&origin=MIA&endRange=2025-10-14T23:59:59Z&startRange=2025-05-15T09:00:00Z,3.0,266.0,3.0,100.0,<Response [200]>,2025-11-03T12:04:50.896686,
,,,,,,CDG,,,,,MIR,,,,2025-10-14T23:59:59Z,2025-05-15T09:00:00Z,destination=CDG&origin=MIR&endRange=2025-10-14T23:59:59Z&startRange=2025-05-15T09:00:00Z,3.0,249.0,3.0,100.0,<Response [200]>,2025-11-03T12:04:50.923667,
,,,,,,CDG,,,,,MRU,,,,2025-10-14T23:59:59Z,2025-05-15T09:00:00Z,destination=CDG&origin=MRU&endRange=2025-10-14T23:59:59Z&startRange=2025-05-15T09:00:00Z,3.0,267.0,3.0,100.0,<Response [200]>,2025-11-03T12:04:50.953303,
,,,,,,CDG,,,,,MSP,,,,2025-10-14T23:59:59Z,2025-05-15T09:00:00Z,destination=CDG&origin=MSP&endRange=2025-10-14T23:59:59Z&startRange=2025-05-15T09:00:00Z,3.0,284.0,3.0,100.0,<Response [200]>,2025-11-03T12:05:39.962316,
,,,,,,CDG,,,,,NBO,,,,2025-10-14T23:59:59Z,2025-05-15T09:00:00Z,destination=CDG&origin=NBO&endRange=2025-10-14T23:59:59Z&startRange=2025-05-15T09:00:00Z,5.0,440.0,5.0,100.0,<Response [200]>,2025-11-03T12:05:48.307219,
,,,,,,CDG,,,,,NSI,,,,2025-10-14T23:59:59Z,2025-05-15T09:00:00Z,destination=CDG&origin=NSI&endRange=2025-10-14T23:59:59Z&startRange=2025-05-15T09:00:00Z,2.0,132.0,2.0,100.0,<Response [200]>,2025-11-03T12:05:48.331189,
,,,,,,CDG,,,,,ORD,,,,2025-10-14T23:59:59Z,2025-05-15T09:00:00Z,destination=CDG&origin=ORD&endRange=2025-10-14T23:59:59Z&startRange=2025-05-15T09:00:00Z,5.0,419.0,5.0,100.0,<Response [200]>,2025-11-03T12:05:48.358893,
,,,,,,CDG,,,,,ORN,,,,2025-10-14T23:59:59Z,2025-05-15T09:00:00Z,destination=CDG&origin=ORN&endRange=2025-10-14T23:59:59Z&startRange=2025-05-15T09:00:00Z,6.0,512.0,6.0,100.0,<Response [200]>,2025-11-03T12:05:48.394961,
,,,,,,CDG,,,,,PEK,,,,2025-10-14T23:59:59Z,2025-05-15T09:00:00Z,destination=CDG&origin=PEK&endRange=2025-10-14T23:59:59Z&startRange=2025-05-15T09:00:00Z,5.0,416.0,5.0,100.0,<Response [200]>,2025-11-03T12:05:48.430847,
,,,,,,CDG,,,,,PHL,,,,2025-10-14T23:59:59Z,2025-05-15T09:00:00Z,destination=CDG&origin=PHL&endRange=2025-10-14T23:59:59Z&startRange=2025-05-15T09:00:00Z,2.0,156.0,2.0,100.0,<Response [200]>,2025-11-03T12:05:48.465465,
,,,,,,CDG,,,,,PHX,,,,2025-10-14T23:59:59Z,2025-05-15T09:00:00Z,destination=CDG&origin=PHX&endRange=2025-10-14T23:59:59Z&startRange=2025-05-15T09:00:00Z,2.0,109.0,2.0,100.0,<Response [200]>,2025-11-03T12:05:48.494098,
,,,,,,CDG,,,,,PNR,,,,2025-10-14T23:59:59Z,2025-05-15T09:00:00Z,destination=CDG&origin=PNR&endRange=2025-10-14T23:59:59Z&startRange=2025-05-15T09:00:00Z,2.0,114.0,2.0,100,<Response [200]>,2025-11-03T12:06:00.743873,
,,,,,,CDG,,,,,PTP,,,,2025-10-14T23:59:59Z,2025-05-15T09:00:00Z,destination=CDG&origin=PTP&endRange=2025-10-14T23:59:59Z&startRange=2025-05-15T09:00:00Z,2.0,116.0,2.0,100,<Response [200]>,2025-11-03T12:06:00.770027,
,,,,,,CDG,,,,,PTY,,,,2025-10-14T23:59:59Z,2025-05-15T09:00:00Z,destination=CDG&origin=PTY&endRange=2025-10-14T23:59:59Z&startRange=2025-05-15T09:00:00Z,2.0,109.0,2.0,100.0,<Response [200]>,2025-11-03T12:06:00.805297,
,,,,,,CDG,,,,,PVG,,,,2025-10-14T23:59:59Z,2025-05-15T09:00:00Z,destination=CDG&origin=PVG&endRange=2025-10-14T23:59:59Z&startRange=2025-05-15T09:00:00Z,5.0,415.0,5.0,100,<Response [200]>,2025-11-03T12:06:05.966154,
,,,,,,CDG,,,,,RAK,,,,2025-10-14T23:59:59Z,2025-05-15T09:00:00Z,destination=CDG&origin=RAK&endRange=2025-10-14T23:59:59Z&startRange=2025-05-15T09:00:00Z,7.0,645.0,7.0,100,<Response [200]>,2025-11-03T12:06:05.998363,
,,,,,,CDG,,,,,RBA,,,,2025-10-14T23:59:59Z,2025-05-15T09:00:00Z,destination=CDG&origin=RBA&endRange=2025-10-14T23:59:59Z&startRange=2025-05-15T09:00:00Z,7.0,629.0,7.0,100,<Response [200]>,2025-11-03T12:06:06.030044,
,,,,,,CDG,,,,,RDU,,,,2025-10-14T23:59:59Z,2025-05-15T09:00:00Z,destination=CDG&origin=RDU&endRange=2025-10-14T23:59:59Z&startRange=2025-05-15T09:00:00Z,2.0,140.0,2.0,100,<Response [200]>,2025-11-03T12:06:06.055596,
,,,,,,CDG,,,,,RUH,,,,2025-10-14T23:59:59Z,2025-05-15T09:00:00Z,destination=CDG&origin=RUH&endRange=2025-10-14T23:59:59Z&startRange=2025-05-15T09:00:00Z,3.0,255.0,3.0,100,<Response [200]>,2025-11-03T12:06:06.079445,
,,,,,,CDG,,,,,SAW,,,,2025-10-14T23:59:59Z,2025-05-15T09:00:00Z,destination=CDG&origin=SAW&endRange=2025-10-14T23:59:59Z&startRange=2025-05-15T09:00:00Z,3.0,241.0,3.0,100,<Response [200]>,2025-11-03T12:06:06.105828,
,,,,,,CDG,,,,,SCL,,,,2025-10-14T23:59:59Z,2025-05-15T09:00:00Z,destination=CDG&origin=SCL&endRange=2025-10-14T23:59:59Z&startRange=2025-05-15T09:00:00Z,2.0,166.0,2.0,100,<Response [200]>,2025-11-03T12:06:06.130153,
,,,,,,CDG,,,,,SEA,,,,2025-10-14T23:59:59Z,2025-05-15T09:00:00Z,destination=CDG&origin=SEA&endRange=2025-10-14T23:59:59Z&startRange=2025-05-15T09:00:00Z,3.0,274.0,3.0,100,<Response [200]>,2025-11-03T12:06:06.157038,
,,,,,,CDG,,,,,SFO,,,,2025-10-14T23:59:59Z,2025-05-15T09:00:00Z,destination=CDG&origin=SFO&endRange=2025-10-14T23:59:59Z&startRange=2025-05-15T09:00:00Z,5.0,427.0,5.0,100,<Response [200]>,2025-11-03T12:06:06.186293,
,,,,,,CDG,,,,,SGN,,,,2025-10-14T23:59:59Z,2025-05-15T09:00:00Z,destination=CDG&origin=SGN&endRange=2025-10-14T23:59:59Z&startRange=2025-05-15T09:00:00Z,2.0,150.0,2.0,100,<Response [200]>,2025-11-03T12:06:06.215917,
,,,,,,CDG,,,,,SIN,,,,2025-10-14T23:59:59Z,2025-05-15T09:00:00Z,destination=CDG&origin=SIN&endRange=2025-10-14T23:59:59Z&startRange=2025-05-15T09:00:00Z,6.0,526.0,6.0,100,<Response [200]>,2025-11-03T12:06:06.247381,
,,,,,,CDG,,,,,SJO,,,,2025-10-14T23:59:59Z,2025-05-15T09:00:00Z,destination=CDG&origin=SJO&endRange=2025-10-14T23:59:59Z&startRange=2025-05-15T09:00:00Z,2.0,121.0,2.0,100,<Response [200]>,2025-11-03T12:06:06.271926,
,,,,,,CDG,,,,,SLC,,,,2025-10-14T23:59:59Z,2025-05-15T09:00:00Z,destination=CDG&origin=SLC&endRange=2025-10-14T23:59:59Z&startRange=2025-05-15T09:00:00Z,2.0,153.0,2.0,100,<Response [200]>,2025-11-03T12:06:06.299549,
,,,,,,CDG,,,,,SXM,,,,2025-10-14T23:59:59Z,2025-05-15T09:00:00Z,destination=CDG&origin=SXM&endRange=2025-10-14T23:59:59Z&startRange=2025-05-15T09:00:00Z,2.0,144.0,2.0,100,<Response [200]>,2025-11-03T12:06:06.328100,
,,,,,,CDG,,,,,TBS,,,,2025-10-14T23:59:59Z,2025-05-15T09:00:00Z,destination=CDG&origin=TBS&endRange=2025-10-14T23:59:59Z&startRange=2025-05-15T09:00:00Z,2.0,116.0,2.0,100,<Response [200]>,2025-11-03T12:06:06.360017,
,,,,,,CDG,,,,,TLV,,,,2025-10-14T23:59:59Z,2025-05-15T09:00:00Z,destination=CDG&origin=TLV&endRange=2025-10-14T23:59:59Z&startRange=2025-05-15T09:00:00Z,9.0,838.0,9.0,100,<Response [200]>,2025-11-03T12:06:06.393972,
,,,,,,CDG,,,,,TNG,,,,2025-10-14T23:59:59Z,2025-05-15T09:00:00Z,destination=CDG&origin=TNG&endRange=2025-10-14T23:59:59Z&startRange=2025-05-15T09:00:00Z,3.0,226.0,3.0,100,<Response [200]>,2025-11-03T12:06:06.422035,
,,,,,,CDG,,,,,TNR,,,,2025-10-14T23:59:59Z,2025-05-15T09:00:00Z,destination=CDG&origin=TNR&endRange=2025-10-14T23:59:59Z&startRange=2025-05-15T09:00:00Z,2.0,144.0,2.0,100,<Response [200]>,2025-11-03T12:06:06.445406,
,,,,,,CDG,,,,,TPE,,,,2025-10-14T23:59:59Z,2025-05-15T09:00:00Z,destination=CDG&origin=TPE&endRange=2025-10-14T23:59:59Z&startRange=2025-05-15T09:00:00Z,2.0,153.0,2.0,100,<Response [200]>,2025-11-03T12:06:06.468384,
,,,,,,CDG,,,,,YOW,,,,2025-10-14T23:59:59Z,2025-05-15T09:00:00Z,destination=CDG&origin=YOW&endRange=2025-10-14T23:59:59Z&startRange=2025-05-15T09:00:00Z,2.0,139.0,2.0,100,<Response [200]>,2025-11-03T12:06:06.497276,
,,,,,,CDG,,,,,YQB,,,,2025-10-14T23:59:59Z,2025-05-15T09:00:00Z,destination=CDG&origin=YQB&endRange=2025-10-14T23:59:59Z&startRange=2025-05-15T09:00:00Z,2.0,153.0,2.0,100,<Response [200]>,2025-11-03T12:06:06.519542,
,,,,,,CDG,,,,,YUL,,,,2025-10-14T23:59:59Z,2025-05-15T09:00:00Z,destination=CDG&origin=YUL&endRange=2025-10-14T23:59:59Z&startRange=2025-05-15T09:00:00Z,11.0,1060.0,11.0,100,<Response [200]>,2025-11-03T12:06:06.549383,
,,,,,,CDG,,,,,YVR,,,,2025-10-14T23:59:59Z,2025-05-15T09:00:00Z,destination=CDG&origin=YVR&endRange=2025-10-14T23:59:59Z&startRange=2025-05-15T09:00:00Z,2.0,131.0,2.0,100,<Response [200]>,2025-11-03T12:06:06.573798,
,,,,,,CDG,,,,,YYC,,,,2025-10-14T23:59:59Z,2025-05-15T09:00:00Z,destination=CDG&origin=YYC&endRange=2025-10-14T23:59:59Z&startRange=2025-05-15T09:00:00Z,2.0,153.0,2.0,100,<Response [200]>,2025-11-03T12:06:06.598865,
,,,,,,CDG,,,,,YYZ,,,,2025-10-14T23:59:59Z,2025-05-15T09:00:00Z,destination=CDG&origin=YYZ&endRange=2025-10-14T23:59:59Z&startRange=2025-05-15T09:00:00Z,7.0,604.0,7.0,100,<Response [200]>,2025-11-03T12:06:06.634667,
,,,,,,CGK,,,,,AMS,,,,2025-10-14T23:59:59Z,2025-05-15T09:00:00Z,destination=CGK&origin=AMS&endRange=2025-10-14T23:59:59Z&startRange=2025-05-15T09:00:00Z,3.0,210.0,3.0,100,<Response [200]>,2025-11-03T12:06:06.668187,
,,,,,,CKY,,,,,CDG,,,,2025-10-14T23:59:59Z,2025-05-15T09:00:00Z,destination=CKY&origin=CDG&endRange=2025-10-14T23:59:59Z&startRange=2025-05-15T09:00:00Z,2.0,174.0,2.0,100,<Response [200]>,2025-11-03T12:06:06.700358,
,,,,,,CMN,,,,,AMS,,,,2025-10-14T23:59:59Z,2025-05-15T09:00:00Z,destination=CMN&origin=AMS&endRange=2025-10-14T23:59:59Z&startRange=2025-05-15T09:00:00Z,3.0,246.0,3.0,100,<Response [200]>,2025-11-03T12:06:06.731642,
,,,,,,CMN,,,,,CDG,,,,2025-10-14T23:59:59Z,2025-05-15T09:00:00Z,destination=CMN&origin=CDG&endRange=2025-10-14T23:59:59Z&startRange=2025-05-15T09:00:00Z,10.0,979.0,10.0,100,<Response [200]>,2025-11-03T12:06:06.763770,
,,,,,,CMN,,,,,ORY,,,,2025-10-14T23:59:59Z,2025-05-15T09:00:00Z,destination=CMN&origin=ORY&endRange=2025-10-14T23:59:59Z&startRange=2025-05-15T09:00:00Z,11.0,1097.0,11.0,100,<Response [200]>,2025-11-03T12:06:06.803023,
,,,,,,COO,,,,,CDG,,,,2025-10-14T23:59:59Z,2025-05-15T09:00:00Z,destination=COO&origin=CDG&endRange=2025-10-14T23:59:59Z&startRange=2025-05-15T09:00:00Z,2.0,117.0,2.0,100,<Response [200]>,2025-11-03T12:06:06.831580,
,,,,,,COO,,,,,ORY,,,,2025-10-14T23:59:59Z,2025-05-15T09:00:00Z,destination=COO&origin=ORY&endRange=2025-10-14T23:59:59Z&startRange=2025-05-15T09:00:00Z,2.0,105.0,2.0,100,<Response [200]>,2025-11-03T12:06:06.859128,
,,,,,,CPH,,,,,JFK,,,,2025-10-14T23:59:59Z,2025-05-15T09:00:00Z,destination=CPH&origin=JFK&endRange=2025-10-14T23:59:59Z&startRange=2025-05-15T09:00:00Z,2.0,195.0,2.0,100,<Response [200]>,2025-11-03T12:06:06.894397,
,,,,,,CPT,,,,,AMS,,,,2025-10-14T23:59:59Z,2025-05-15T09:00:00Z,destination=CPT&origin=AMS&endRange=2025-10-14T23:59:59Z&startRange=2025-05-15T09:00:00Z,2.0,156.0,2.0,100,<Response [200]>,2025-11-03T12:06:06.926786,
,,,,,,CVG,,,,,CDG,,,,2025-10-14T23:59:59Z,2025-05-15T09:00:00Z,destination=CVG&origin=CDG&endRange=2025-10-14T23:59:59Z&startRange=2025-05-15T09:00:00Z,2.0,132.0,2.0,100,<Response [200]>,2025-11-03T12:06:06.957283,
,,,,,,CZL,,,,,LYS,,,,2025-10-14T23:59:59Z,2025-05-15T09:00:00Z,destination=CZL&origin=LYS&endRange=2025-10-14T23:59:59Z&startRange=2025-05-15T09:00:00Z,2.0,146.0,2.0,100,<Response [200]>,2025-11-03T12:06:06.982827,
,,,,,,CZL,,,,,ORY,,,,2025-10-14T23:59:59Z,2025-05-15T09:00:00Z,destination=CZL&origin=ORY&endRange=2025-10-14T23:59:59Z&startRange=2025-05-15T09:00:00Z,2.0,160.0,2.0,100,<Response [200]>,2025-11-03T12:06:07.010826,
,,,,,,DEL,,,,,AMS,,,,2025-10-14T23:59:59Z,2025-05-15T09:00:00Z,destination=DEL&origin=AMS&endRange=2025-10-14T23:59:59Z&startRange=2025-05-15T09:00:00Z,4.0,305.0,4.0,100,<Response [200]>,2025-11-03T12:06:07.040607,
,,,,,,DEL,,,,,CDG,,,,2025-10-14T23:59:59Z,2025-05-15T09:00:00Z,destination=DEL&origin=CDG&endRange=2025-10-14T23:59:59Z&startRange=2025-05-15T09:00:00Z,4.0,390.0,4.0,100,<Response [200]>,2025-11-03T12:06:07.068106,
,,,,,,DFW,,,,,AMS,,,,2025-10-14T23:59:59Z,2025-05-15T09:00:00Z,destination=DFW&origin=AMS&endRange=2025-10-14T23:59:59Z&startRange=2025-05-15T09:00:00Z,2.0,131.0,2.0,100,<Response [200]>,2025-11-03T12:06:07.101494,
,,,,,,DFW,,,,,CDG,,,,2025-10-14T23:59:59Z,2025-05-15T09:00:00Z,destination=DFW&origin=CDG&endRange=2025-10-14T23:59:59Z&startRange=2025-05-15T09:00:00Z,3.0,292.0,3.0,100,<Response [200]>,2025-11-03T12:06:07.128721,
,,,,,,DJE,,,,,CDG,,,,2025-10-14T23:59:59Z,2025-05-15T09:00:00Z,destination=DJE&origin=CDG&endRange=2025-10-14T23:59:59Z&startRange=2025-05-15T09:00:00Z,4.0,390.0,4.0,100,<Response [200]>,2025-11-03T12:06:07.155300,
,,,,,,DJE,,,,,ORY,,,,2025-10-14T23:59:59Z,2025-05-15T09:00:00Z,destination=DJE&origin=ORY&endRange=2025-10-14T23:59:59Z&startRange=2025-05-15T09:00:00Z,9.0,861.0,9.0,100,<Response [200]>,2025-11-03T12:06:07.189401,
,,,,,,DLA,,,,,CDG,,,,2025-10-14T23:59:59Z,2025-05-15T09:00:00Z,destination=DLA&origin=CDG&endRange=2025-10-14T23:59:59Z&startRange=2025-05-15T09:00:00Z,2.0,147.0,2.0,100,<Response [200]>,2025-11-03T12:06:07.227575,
,,,,,,DLM,,,,,AMS,,,,2025-10-14T23:59:59Z,2025-05-15T09:00:00Z,destination=DLM&origin=AMS&endRange=2025-10-14T23:59:59Z&startRange=2025-05-15T09:00:00Z,2.0,149.0,2.0,100,<Response [200]>,2025-11-03T12:06:07.258599,
,,,,,,DOH,,,,,AMS,,,,2025-10-14T23:59:59Z,2025-05-15T09:00:00Z,destination=DOH&origin=AMS&endRange=2025-10-14T23:59:59Z&startRange=2025-05-15T09:00:00Z,3.0,294.0,3.0,100,<Response [200]>,2025-11-03T12:06:07.295840,
,,,,,,DOH,,,,,CDG,,,,2025-10-14T23:59:59Z,2025-05-15T09:00:00Z,destination=DOH&origin=CDG&endRange=2025-10-14T23:59:59Z&startRange=2025-05-15T09:00:00Z,6.0,578.0,6.0,100,<Response [200]>,2025-11-03T12:06:07.340617,
,,,,,,DSS,,,,,CDG,,,,2025-10-14T23:59:59Z,2025-05-15T09:00:00Z,destination=DSS&origin=CDG&endRange=2025-10-14T23:59:59Z&startRange=2025-05-15T09:00:00Z,4.0,352.0,4.0,100,<Response [200]>,2025-11-03T12:06:07.379687,
,,,,,,DTW,,,,,AMS,,,,2025-10-14T23:59:59Z,2025-05-15T09:00:00Z,destination=DTW&origin=AMS&endRange=2025-10-14T23:59:59Z&startRange=2025-05-15T09:00:00Z,5.0,457.0,5.0,100,<Response [200]>,2025-11-03T12:06:07.424961,
,,,,,,DTW,,,,,CDG,,,,2025-10-14T23:59:59Z,2025-05-15T09:00:00Z,destination=DTW&origin=CDG&endRange=2025-10-14T23:59:59Z&startRange=2025-05-15T09:00:00Z,5.0,401.0,5.0,100,<Response [200]>,2025-11-03T12:06:07.468388,
,,,,,,DTW,,,,,FCO,,,,2025-10-14T23:59:59Z,2025-05-15T09:00:00Z,destination=DTW&origin=FCO&endRange=2025-10-14T23:59:59Z&startRange=2025-05-15T09:00:00Z,2.0,152.0,2.0,100,<Response [200]>,2025-11-03T12:06:07.511151,
,,,,,,DTW,,,,,FRA,,,,2025-10-14T23:59:59Z,2025-05-15T09:00:00Z,destination=DTW&origin=FRA&endRange=2025-10-14T23:59:59Z&startRange=2025-05-15T09:00:00Z,2.0,153.0,2.0,100,<Response [200]>,2025-11-03T12:06:07.549635,
,,,,,,DTW,,,,,LHR,,,,2025-10-14T23:59:59Z,2025-05-15T09:00:00Z,destination=DTW&origin=LHR&endRange=2025-10-14T23:59:59Z&startRange=2025-05-15T09:00:00Z,2.0,153.0,2.0,100,<Response [200]>,2025-11-03T12:06:07.586025,
,,,,,,DTW,,,,,MUC,,,,2025-10-14T23:59:59Z,2025-05-15T09:00:00Z,destination=DTW&origin=MUC&endRange=2025-10-14T23:59:59Z&startRange=2025-05-15T09:00:00Z,2.0,141.0,2.0,100,<Response [200]>,2025-11-03T12:06:07.613510,
,,,,,,DUB,,,,,ATL,,,,2025-10-14T23:59:59Z,2025-05-15T09:00:00Z,destination=DUB&origin=ATL&endRange=2025-10-14T23:59:59Z&startRange=2025-05-15T09:00:00Z,2.0,153.0,2.0,100,<Response [200]>,2025-11-03T12:06:07.644794,
,,,,,,DUB,,,,,BOS,,,,2025-10-14T23:59:59Z,2025-05-15T09:00:00Z,destination=DUB&origin=BOS&endRange=2025-10-14T23:59:59Z&startRange=2025-05-15T09:00:00Z,2.0,152.0,2.0,100,<Response [200]>,2025-11-03T12:06:07.672750,
,,,,,,DUB,,,,,JFK,,,,2025-10-14T23:59:59Z,2025-05-15T09:00:00Z,destination=DUB&origin=JFK&endRange=2025-10-14T23:59:59Z&startRange=2025-05-15T09:00:00Z,2.0,153.0,2.0,100,<Response [200]>,2025-11-03T12:06:07.706114,
,,,,,,DUB,,,,,MSP,,,,2025-10-14T23:59:59Z,2025-05-15T09:00:00Z,destination=DUB&origin=MSP&endRange=2025-10-14T23:59:59Z&startRange=2025-05-15T09:00:00Z,2.0,154.0,2.0,100,<Response [200]>,2025-11-03T12:06:07.734233,
,,,,,,DXB,,,,,AMS,,,,2025-10-14T23:59:59Z,2025-05-15T09:00:00Z,destination=DXB&origin=AMS&endRange=2025-10-14T23:59:59Z&startRange=2025-05-15T09:00:00Z,6.0,568.0,6.0,100,<Response [200]>,2025-11-03T12:06:07.767405,
,,,,,,DXB,,,,,CDG,,,,2025-10-14T23:59:59Z,2025-05-15T09:00:00Z,destination=DXB&origin=CDG&endRange=2025-10-14T23:59:59Z&startRange=2025-05-15T09:00:00Z,7.0,613.0,7.0,100,<Response [200]>,2025-11-03T12:06:07.800557,
,,,,,,DZA,,,,,CDG,,,,2025-10-14T23:59:59Z,2025-05-15T09:00:00Z,destination=DZA&origin=CDG&endRange=2025-10-14T23:59:59Z&startRange=2025-05-15T09:00:00Z,2.0,135.0,2.0,100,<Response [200]>,2025-11-03T12:06:07.826448,
,,,,,,ESB,,,,,AMS,,,,2025-10-14T23:59:59Z,2025-05-15T09:00:00Z,destination=ESB&origin=AMS&endRange=2025-10-14T23:59:59Z&startRange=2025-05-15T09:00:00Z,2.0,113.0,2.0,100,<Response [200]>,2025-11-03T12:06:07.851930,
,,,,,,EVN,,,,,CDG,,,,2025-10-14T23:59:59Z,2025-05-15T09:00:00Z,destination=EVN&origin=CDG&endRange=2025-10-14T23:59:59Z&startRange=2025-05-15T09:00:00Z,3.0,207.0,3.0,100,<Response [200]>,2025-11-03T12:06:07.883119,
,,,,,,EWR,,,,,AMS,,,,2025-10-14T23:59:59Z,2025-05-15T09:00:00Z,destination=EWR&origin=AMS&endRange=2025-10-14T23:59:59Z&startRange=2025-05-15T09:00:00Z,2.0,155.0,2.0,100,<Response [200]>,2025-11-03T12:06:07.912522,
,,,,,,EWR,,,,,CDG,,,,2025-10-14T23:59:59Z,2025-05-15T09:00:00Z,destination=EWR&origin=CDG&endRange=2025-10-14T23:59:59Z&startRange=2025-05-15T09:00:00Z,5.0,467.0,5.0,100,<Response [200]>,2025-11-03T12:06:07.940353,
,,,,,,EWR,,,,,ORY,,,,2025-10-14T23:59:59Z,2025-05-15T09:00:00Z,destination=EWR&origin=ORY&endRange=2025-10-14T23:59:59Z&startRange=2025-05-15T09:00:00Z,4.0,328.0,4.0,100,<Response [200]>,2025-11-03T12:06:07.969641,
,,,,,,EZE,,,,,AMS,,,,2025-10-14T23:59:59Z,2025-05-15T09:00:00Z,destination=EZE&origin=AMS&endRange=2025-10-14T23:59:59Z&startRange=2025-05-15T09:00:00Z,2.0,153.0,2.0,100,<Response [200]>,2025-11-03T12:06:07.994494,
,,,,,,EZE,,,,,CDG,,,,2025-10-14T23:59:59Z,2025-05-15T09:00:00Z,destination=EZE&origin=CDG&endRange=2025-10-14T23:59:59Z&startRange=2025-05-15T09:00:00Z,2.0,153.0,2.0,100,<Response [200]>,2025-11-03T12:06:08.017978,
,,,,,,FCO,,,,,ALG,,,,2025-10-14T23:59:59Z,2025-05-15T09:00:00Z,destination=FCO&origin=ALG&endRange=2025-10-14T23:59:59Z&startRange=2025-05-15T09:00:00Z,2.0,159.0,2.0,100,<Response [200]>,2025-11-03T12:06:08.046125,
,,,,,,FCO,,,,,ATL,,,,2025-10-14T23:59:59Z,2025-05-15T09:00:00Z,destination=FCO&origin=ATL&endRange=2025-10-14T23:59:59Z&startRange=2025-05-15T09:00:00Z,4.0,325.0,4.0,100,<Response [200]>,2025-11-03T12:06:08.082434,
,,,,,,FCO,,,,,BOS,,,,2025-10-14T23:59:59Z,2025-05-15T09:00:00Z,destination=FCO&origin=BOS&endRange=2025-10-14T23:59:59Z&startRange=2025-05-15T09:00:00Z,2.0,159.0,2.0,100,<Response [200]>,2025-11-03T12:06:08.115571,
,,,,,,FCO,,,,,CAI,,,,2025-10-14T23:59:59Z,2025-05-15T09:00:00Z,destination=FCO&origin=CAI&endRange=2025-10-14T23:59:59Z&startRange=2025-05-15T09:00:00Z,3.0,299.0,3.0,100,<Response [200]>,2025-11-03T12:06:08.150653,
,,,,,,FCO,,,,,DTW,,,,2025-10-14T23:59:59Z,2025-05-15T09:00:00Z,destination=FCO&origin=DTW&endRange=2025-10-14T23:59:59Z&startRange=2025-05-15T09:00:00Z,2.0,153.0,2.0,100,<Response [200]>,2025-11-03T12:06:08.184273,
,,,,,,FCO,,,,,JFK,,,,2025-10-14T23:59:59Z,2025-05-15T09:00:00Z,destination=FCO&origin=JFK&endRange=2025-10-14T23:59:59Z&startRange=2025-05-15T09:00:00Z,4.0,385.0,4.0,100,<Response [200]>,2025-11-03T12:06:08.222661,
,,,,,,FCO,,,,,TUN,,,,2025-10-14T23:59:59Z,2025-05-15T09:00:00Z,destination=FCO&origin=TUN&endRange=2025-10-14T23:59:59Z&startRange=2025-05-15T09:00:00Z,2.0,115.0,2.0,100,<Response [200]>,2025-11-03T12:06:08.262281,
,,,,,,FDF,,,,,CDG,,,,2025-10-14T23:59:59Z,2025-05-15T09:00:00Z,destination=FDF&origin=CDG&endRange=2025-10-14T23:59:59Z&startRange=2025-05-15T09:00:00Z,2.0,116.0,2.0,100,<Response [200]>,2025-11-03T12:06:08.292668,
,,,,,,FDF,,,,,ORY,,,,2025-10-14T23:59:59Z,2025-05-15T09:00:00Z,destination=FDF&origin=ORY&endRange=2025-10-14T23:59:59Z&startRange=2025-05-15T09:00:00Z,6.0,513.0,6.0,100,<Response [200]>,2025-11-03T12:06:08.330379,
,,,,,,FEZ,,,,,ORY,,,,2025-10-14T23:59:59Z,2025-05-15T09:00:00Z,destination=FEZ&origin=ORY&endRange=2025-10-14T23:59:59Z&startRange=2025-05-15T09:00:00Z,3.0,245.0,3.0,100,<Response [200]>,2025-11-03T12:06:08.369544,
,,,,,,FIH,,,,,CDG,,,,2025-10-14T23:59:59Z,2025-05-15T09:00:00Z,destination=FIH&origin=CDG&endRange=2025-10-14T23:59:59Z&startRange=2025-05-15T09:00:00Z,2.0,143.0,2.0,100,<Response [200]>,2025-11-03T12:06:08.396958,
,,,,,,FRA,,,,,ATL,,,,2025-10-14T23:59:59Z,2025-05-15T09:00:00Z,destination=FRA&origin=ATL&endRange=2025-10-14T23:59:59Z&startRange=2025-05-15T09:00:00Z,2.0,153.0,2.0,100,<Response [200]>,2025-11-03T12:06:08.439945,
,,,,,,FRA,,,,,DTW,,,,2025-10-14T23:59:59Z,2025-05-15T09:00:00Z,destination=FRA&origin=DTW&endRange=2025-10-14T23:59:59Z&startRange=2025-05-15T09:00:00Z,2.0,153.0,2.0,100,<Response [200]>,2025-11-03T12:06:08.475190,
,,,,,,FRA,,,,,JFK,,,,2025-10-14T23:59:59Z,2025-05-15T09:00:00Z,destination=FRA&origin=JFK&endRange=2025-10-14T23:59:59Z&startRange=2025-05-15T09:00:00Z,2.0,153.0,2.0,100,<Response [200]>,2025-11-03T12:06:08.503104,
,,,,,,GIG,,,,,AMS,,,,2025-10-14T23:59:59Z,2025-05-15T09:00:00Z,destination=GIG&origin=AMS&endRange=2025-10-14T23:59:59Z&startRange=2025-05-15T09:00:00Z,2.0,154.0,2.0,100,<Response [200]>,2025-11-03T12:06:08.530566,
,,,,,,GIG,,,,,CDG,,,,2025-10-14T23:59:59Z,2025-05-15T09:00:00Z,destination=GIG&origin=CDG&endRange=2025-10-14T23:59:59Z&startRange=2025-05-15T09:00:00Z,2.0,165.0,2.0,100,<Response [200]>,2025-11-03T12:06:08.563035,
,,,,,,GRU,,,,,AMS,,,,2025-10-14T23:59:59Z,2025-05-15T09:00:00Z,destination=GRU&origin=AMS&endRange=2025-10-14T23:59:59Z&startRange=2025-05-15T09:00:00Z,2.0,153.0,2.0,100,<Response [200]>,2025-11-03T12:06:08.599207,
,,,,,,GRU,,,,,CDG,,,,2025-10-14T23:59:59Z,2025-05-15T09:00:00Z,destination=GRU&origin=CDG&endRange=2025-10-14T23:59:59Z&startRange=2025-05-15T09:00:00Z,5.0,459.0,5.0,100,<Response [200]>,2025-11-03T12:06:08.630082,
,,,,,,GZP,,,,,AMS,,,,2025-10-14T23:59:59Z,2025-05-15T09:00:00Z,destination=GZP&origin=AMS&endRange=2025-10-14T23:59:59Z&startRange=2025-05-15T09:00:00Z,2.0,116.0,2.0,100,<Response [200]>,2025-11-03T12:06:08.669088,
,,,,,,HAN,,,,,CDG,,,,2025-10-14T23:59:59Z,2025-05-15T09:00:00Z,destination=HAN&origin=CDG&endRange=2025-10-14T23:59:59Z&startRange=2025-05-15T09:00:00Z,2.0,155.0,2.0,100,<Response [200]>,2025-11-03T12:06:08.705831,
,,,,,,HKG,,,,,AMS,,,,2025-10-14T23:59:59Z,2025-05-15T09:00:00Z,destination=HKG&origin=AMS&endRange=2025-10-14T23:59:59Z&startRange=2025-05-15T09:00:00Z,3.0,284.0,3.0,100,<Response [200]>,2025-11-03T12:06:08.750174,
,,,,,,HKG,,,,,CDG,,,,2025-10-14T23:59:59Z,2025-05-15T09:00:00Z,destination=HKG&origin=CDG&endRange=2025-10-14T23:59:59Z&startRange=2025-05-15T09:00:00Z,4.0,306.0,4.0,100,<Response [200]>,2025-11-03T12:06:08.789208,
,,,,,,HND,,,,,CDG,,,,2025-10-14T23:59:59Z,2025-05-15T09:00:00Z,destination=HND&origin=CDG&endRange=2025-10-14T23:59:59Z&startRange=2025-05-15T09:00:00Z,7.0,638.0,7.0,100,<Response [200]>,2025-11-03T12:06:08.839179,
,,,,,,HRG,,,,,AMS,,,,2025-10-14T23:59:59Z,2025-05-15T09:00:00Z,destination=HRG&origin=AMS&endRange=2025-10-14T23:59:59Z&startRange=2025-05-15T09:00:00Z,3.0,226.0,3.0,100,<Response [200]>,2025-11-03T12:06:08.882209,
,,,,,,HRG,,,,,ORY,,,,2025-10-14T23:59:59Z,2025-05-15T09:00:00Z,destination=HRG&origin=ORY&endRange=2025-10-14T23:59:59Z&startRange=2025-05-15T09:00:00Z,2.0,116.0,2.0,100,<Response [200]>,2025-11-03T12:06:08.923816,
,,,,,,IAD,,,,,AMS,,,,2025-10-14T23:59:59Z,2025-05-15T09:00:00Z,destination=IAD&origin=AMS&endRange=2025-10-14T23:59:59Z&startRange=2025-05-15T09:00:00Z,4.0,310.0,4.0,100,<Response [200]>,2025-11-03T12:06:08.954088,
,,,,,,IAD,,,,,CDG,,,,2025-10-14T23:59:59Z,2025-05-15T09:00:00Z,destination=IAD&origin=CDG&endRange=2025-10-14T23:59:59Z&startRange=2025-05-15T09:00:00Z,7.0,615.0,7.0,100,<Response [200]>,2025-11-03T12:06:08.988357,
,,,,,,IAD,,,,,LHR,,,,2025-10-14T23:59:59Z,2025-05-15T09:00:00Z,destination=IAD&origin=LHR&endRange=2025-10-14T23:59:59Z&startRange=2025-05-15T09:00:00Z,2.0,153.0,2.0,100,<Response [200]>,2025-11-03T12:06:09.016081,
,,,,,,IAH,,,,,AMS,,,,2025-10-14T23:59:59Z,2025-05-15T09:00:00Z,destination=IAH&origin=AMS&endRange=2025-10-14T23:59:59Z&startRange=2025-05-15T09:00:00Z,4.0,312.0,4.0,100,<Response [200]>,2025-11-03T12:06:09.044235,
,,,,,,IAH,,,,,CDG,,,,2025-10-14T23:59:59Z,2025-05-15T09:00:00Z,destination=IAH&origin=CDG&endRange=2025-10-14T23:59:59Z&startRange=2025-05-15T09:00:00Z,2.0,155.0,2.0,100,<Response [200]>,2025-11-03T12:06:09.072459,
,,,,,,ICN,,,,,AMS,,,,2025-10-14T23:59:59Z,2025-05-15T09:00:00Z,destination=ICN&origin=AMS&endRange=2025-10-14T23:59:59Z&startRange=2025-05-15T09:00:00Z,3.0,282.0,3.0,100,<Response [200]>,2025-11-03T12:06:09.097979,
,,,,,,ICN,,,,,CDG,,,,2025-10-14T23:59:59Z,2025-05-15T09:00:00Z,destination=ICN&origin=CDG&endRange=2025-10-14T23:59:59Z&startRange=2025-05-15T09:00:00Z,6.0,528.0,6.0,100,<Response [200]>,2025-11-03T12:06:09.124357,
,,,,,,IST,,,,,AMS,,,,2025-10-14T23:59:59Z,2025-05-15T09:00:00Z,destination=IST&origin=AMS&endRange=2025-10-14T23:59:59Z&startRange=2025-05-15T09:00:00Z,10.0,922.0,10.0,100,<Response [200]>,2025-11-03T12:06:09.157886,
,,,,,,IST,,,,,ORY,,,,2025-10-14T23:59:59Z,2025-05-15T09:00:00Z,destination=IST&origin=ORY&endRange=2025-10-14T23:59:59Z&startRange=2025-05-15T09:00:00Z,5.0,463.0,5.0,100,<Response [200]>,2025-11-03T12:06:09.197226,
,,,,,,JED,,,,,AMS,,,,2025-10-14T23:59:59Z,2025-05-15T09:00:00Z,destination=JED&origin=AMS&endRange=2025-10-14T23:59:59Z&startRange=2025-05-15T09:00:00Z,2.0,114.0,2.0,100,<Response [200]>,2025-11-03T12:06:09.225112,
,,,,,,JED,,,,,CDG,,,,2025-10-14T23:59:59Z,2025-05-15T09:00:00Z,destination=JED&origin=CDG&endRange=2025-10-14T23:59:59Z&startRange=2025-05-15T09:00:00Z,3.0,274.0,3.0,100,<Response [200]>,2025-11-03T12:06:09.254157,
,,,,,,JFK,,,,,AMS,,,,2025-10-14T23:59:59Z,2025-05-15T09:00:00Z,destination=JFK&origin=AMS&endRange=2025-10-14T23:59:59Z&startRange=2025-05-15T09:00:00Z,9.0,853.0,9.0,100,<Response [200]>,2025-11-03T12:06:09.302865,
,,,,,,JFK,,,,,ARN,,,,2025-10-14T23:59:59Z,2025-05-15T09:00:00Z,destination=JFK&origin=ARN&endRange=2025-10-14T23:59:59Z&startRange=2025-05-15T09:00:00Z,2.0,152.0,2.0,100,<Response [200]>,2025-11-03T12:06:09.337398,
,,,,,,JFK,,,,,ATH,,,,2025-10-14T23:59:59Z,2025-05-15T09:00:00Z,destination=JFK&origin=ATH&endRange=2025-10-14T23:59:59Z&startRange=2025-05-15T09:00:00Z,4.0,305.0,4.0,100,<Response [200]>,2025-11-03T12:06:09.368367,
,,,,,,JFK,,,,,BCN,,,,2025-10-14T23:59:59Z,2025-05-15T09:00:00Z,destination=JFK&origin=BCN&endRange=2025-10-14T23:59:59Z&startRange=2025-05-15T09:00:00Z,3.0,236.0,3.0,100,<Response [200]>,2025-11-03T12:06:09.397006,
,,,,,,JFK,,,,,BER,,,,2025-10-14T23:59:59Z,2025-05-15T09:00:00Z,destination=JFK&origin=BER&endRange=2025-10-14T23:59:59Z&startRange=2025-05-15T09:00:00Z,2.0,152.0,2.0,100,<Response [200]>,2025-11-03T12:06:09.424572,
,,,,,,JFK,,,,,CPH,,,,2025-10-14T23:59:59Z,2025-05-15T09:00:00Z,destination=JFK&origin=CPH&endRange=2025-10-14T23:59:59Z&startRange=2025-05-15T09:00:00Z,2.0,194.0,2.0,100,<Response [200]>,2025-11-03T12:06:09.457386,
,,,,,,JFK,,,,,DUB,,,,2025-10-14T23:59:59Z,2025-05-15T09:00:00Z,destination=JFK&origin=DUB&endRange=2025-10-14T23:59:59Z&startRange=2025-05-15T09:00:00Z,2.0,154.0,2.0,100,<Response [200]>,2025-11-03T12:06:09.484149,
,,,,,,JFK,,,,,FCO,,,,2025-10-14T23:59:59Z,2025-05-15T09:00:00Z,destination=JFK&origin=FCO&endRange=2025-10-14T23:59:59Z&startRange=2025-05-15T09:00:00Z,4.0,382.0,4.0,100,<Response [200]>,2025-11-03T12:06:09.515441,
,,,,,,JFK,,,,,FRA,,,,2025-10-14T23:59:59Z,2025-05-15T09:00:00Z,destination=JFK&origin=FRA&endRange=2025-10-14T23:59:59Z&startRange=2025-05-15T09:00:00Z,2.0,153.0,2.0,100,<Response [200]>,2025-11-03T12:06:09.541813,
,,,,,,JFK,,,,,LIS,,,,2025-10-14T23:59:59Z,2025-05-15T09:00:00Z,destination=JFK&origin=LIS&endRange=2025-10-14T23:59:59Z&startRange=2025-05-15T09:00:00Z,2.0,153.0,2.0,100,<Response [200]>,2025-11-03T12:06:09.576259,
,,,,,,JFK,,,,,MAD,,,,2025-10-14T23:59:59Z,2025-05-15T09:00:00Z,destination=JFK&origin=MAD&endRange=2025-10-14T23:59:59Z&startRange=2025-05-15T09:00:00Z,2.0,176.0,2.0,100,<Response [200]>,2025-11-03T12:06:09.606685,
,,,,,,JFK,,,,,MAN,,,,2025-10-14T23:59:59Z,2025-05-15T09:00:00Z,destination=JFK&origin=MAN&endRange=2025-10-14T23:59:59Z&startRange=2025-05-15T09:00:00Z,2.0,144.0,2.0,100,<Response [200]>,2025-11-03T12:06:09.641169,
,,,,,,JFK,,,,,NCE,,,,2025-10-14T23:59:59Z,2025-05-15T09:00:00Z,destination=JFK&origin=NCE&endRange=2025-10-14T23:59:59Z&startRange=2025-05-15T09:00:00Z,2.0,158.0,2.0,100,<Response [200]>,2025-11-03T12:06:09.673060,
,,,,,,JNB,,,,,AMS,,,,2025-10-14T23:59:59Z,2025-05-15T09:00:00Z,destination=JNB&origin=AMS&endRange=2025-10-14T23:59:59Z&startRange=2025-05-15T09:00:00Z,2.0,152.0,2.0,100,<Response [200]>,2025-11-03T12:06:09.709697,
,,,,,,JNB,,,,,CDG,,,,2025-10-14T23:59:59Z,2025-05-15T09:00:00Z,destination=JNB&origin=CDG&endRange=2025-10-14T23:59:59Z&startRange=2025-05-15T09:00:00Z,2.0,153.0,2.0,100,<Response [200]>,2025-11-03T12:06:09.738802,
,,,,,,JRO,,,,,AMS,,,,2025-10-14T23:59:59Z,2025-05-15T09:00:00Z,destination=JRO&origin=AMS&endRange=2025-10-14T23:59:59Z&startRange=2025-05-15T09:00:00Z,2.0,147.0,2.0,100,<Response [200]>,2025-11-03T12:06:09.771128,
,,,,,,KGL,,,,,AMS,,,,2025-10-14T23:59:59Z,2025-05-15T09:00:00Z,destination=KGL&origin=AMS&endRange=2025-10-14T23:59:59Z&startRange=2025-05-15T09:00:00Z,2.0,167.0,2.0,100,<Response [200]>,2025-11-03T12:06:09.805276,
,,,,,,KIX,,,,,AMS,,,,2025-10-14T23:59:59Z,2025-05-15T09:00:00Z,destination=KIX&origin=AMS&endRange=2025-10-14T23:59:59Z&startRange=2025-05-15T09:00:00Z,2.0,109.0,2.0,100.0,<Response [200]>,2025-11-03T12:06:09.839271,
,,,,,,KIX,,,,,CDG,,,,2025-10-14T23:59:59Z,2025-05-15T09:00:00Z,destination=KIX&origin=CDG&endRange=2025-10-14T23:59:59Z&startRange=2025-05-15T09:00:00Z,2.0,116.0,2.0,100,<Response [200]>,2025-11-03T12:06:12.719844,
,,,,,,KUL,,,,,AMS,,,,2025-10-14T23:59:59Z,2025-05-15T09:00:00Z,destination=KUL&origin=AMS&endRange=2025-10-14T23:59:59Z&startRange=2025-05-15T09:00:00Z,2.0,153.0,2.0,100,<Response [200]>,2025-11-03T12:06:12.744154,
,,,,,,KUL,,,,,CDG,,,,2025-10-14T23:59:59Z,2025-05-15T09:00:00Z,destination=KUL&origin=CDG&endRange=2025-10-14T23:59:59Z&startRange=2025-05-15T09:00:00Z,2.0,154.0,2.0,100,<Response [200]>,2025-11-03T12:06:12.769739,
,,,,,,KWI,,,,,CDG,,,,2025-10-14T23:59:59Z,2025-05-15T09:00:00Z,destination=KWI&origin=CDG&endRange=2025-10-14T23:59:59Z&startRange=2025-05-15T09:00:00Z,2.0,112.0,2.0,100,<Response [200]>,2025-11-03T12:06:12.802205,
,,,,,,LAD,,,,,CDG,,,,2025-10-14T23:59:59Z,2025-05-15T09:00:00Z,destination=LAD&origin=CDG&endRange=2025-10-14T23:59:59Z&startRange=2025-05-15T09:00:00Z,2.0,141.0,2.0,100,<Response [200]>,2025-11-03T12:06:12.834632,
,,,,,,LAS,,,,,AMS,,,,2025-10-14T23:59:59Z,2025-05-15T09:00:00Z,destination=LAS&origin=AMS&endRange=2025-10-14T23:59:59Z&startRange=2025-05-15T09:00:00Z,2.0,149.0,2.0,100,<Response [200]>,2025-11-03T12:06:12.863803,
,,,,,,LAS,,,,,LHR,,,,2025-10-14T23:59:59Z,2025-05-15T09:00:00Z,destination=LAS&origin=LHR&endRange=2025-10-14T23:59:59Z&startRange=2025-05-15T09:00:00Z,2.0,153.0,2.0,100,<Response [200]>,2025-11-03T12:06:12.891563,
,,,,,,LAX,,,,,AMS,,,,2025-10-14T23:59:59Z,2025-05-15T09:00:00Z,destination=LAX&origin=AMS&endRange=2025-10-14T23:59:59Z&startRange=2025-05-15T09:00:00Z,4.0,305.0,4.0,100,<Response [200]>,2025-11-03T12:06:12.923734,
,,,,,,LAX,,,,,CDG,,,,2025-10-14T23:59:59Z,2025-05-15T09:00:00Z,destination=LAX&origin=CDG&endRange=2025-10-14T23:59:59Z&startRange=2025-05-15T09:00:00Z,10.0,997.0,10.0,100,<Response [200]>,2025-11-03T12:06:12.957996,
,,,,,,LAX,,,,,LHR,,,,2025-10-14T23:59:59Z,2025-05-15T09:00:00Z,destination=LAX&origin=LHR&endRange=2025-10-14T23:59:59Z&startRange=2025-05-15T09:00:00Z,6.0,528.0,6.0,100,<Response [200]>,2025-11-03T12:06:12.988764,
,,,,,,LBV,,,,,CDG,,,,2025-10-14T23:59:59Z,2025-05-15T09:00:00Z,destination=LBV&origin=CDG&endRange=2025-10-14T23:59:59Z&startRange=2025-05-15T09:00:00Z,2.0,153.0,2.0,100.0,<Response [200]>,2025-11-03T12:06:13.015573,
,,,,,,LCA,,,,,AMS,,,,2025-10-14T23:59:59Z,2025-05-15T09:00:00Z,destination=LCA&origin=AMS&endRange=2025-10-14T23:59:59Z&startRange=2025-05-15T09:00:00Z,2.0,174.0,2.0,100,<Response [200]>,2025-11-03T12:06:15.524001,
,,,,,,LCA,,,,,CDG,,,,2025-10-14T23:59:59Z,2025-05-15T09:00:00Z,destination=LCA&origin=CDG&endRange=2025-10-14T23:59:59Z&startRange=2025-05-15T09:00:00Z,2.0,154.0,2.0,100,<Response [200]>,2025-11-03T12:06:15.551291,
,,,,,,LFW,,,,,CDG,,,,2025-10-14T23:59:59Z,2025-05-15T09:00:00Z,destination=LFW&origin=CDG&endRange=2025-10-14T23:59:59Z&startRange=2025-05-15T09:00:00Z,2.0,147.0,2.0,100,<Response [200]>,2025-11-03T12:06:15.580654,
,,,,,,LHR,,,,,ATL,,,,2025-10-14T23:59:59Z,2025-05-15T09:00:00Z,destination=LHR&origin=ATL&endRange=2025-10-14T23:59:59Z&startRange=2025-05-15T09:00:00Z,7.0,610.0,7.0,100.0,<Response [200]>,2025-11-03T12:06:33.458078,
,,,,,,LHR,,,,,BOS,,,,2025-10-14T23:59:59Z,2025-05-15T09:00:00Z,destination=LHR&origin=BOS&endRange=2025-10-14T23:59:59Z&startRange=2025-05-15T09:00:00Z,5.0,458.0,5.0,100,<Response [200]>,2025-11-03T12:06:35.897089,
,,,,,,LHR,,,,,DTW,,,,2025-10-14T23:59:59Z,2025-05-15T09:00:00Z,destination=LHR&origin=DTW&endRange=2025-10-14T23:59:59Z&startRange=2025-05-15T09:00:00Z,2.0,152.0,2.0,100,<Response [200]>,2025-11-03T12:06:35.925244,
,,,,,,LHR,,,,,IAD,,,,2025-10-14T23:59:59Z,2025-05-15T09:00:00Z,destination=LHR&origin=IAD&endRange=2025-10-14T23:59:59Z&startRange=2025-05-15T09:00:00Z,2.0,153.0,2.0,100,<Response [200]>,2025-11-03T12:06:35.952360,
,,,,,,LHR,,,,,LAS,,,,2025-10-14T23:59:59Z,2025-05-15T09:00:00Z,destination=LHR&origin=LAS&endRange=2025-10-14T23:59:59Z&startRange=2025-05-15T09:00:00Z,2.0,152.0,2.0,100,<Response [200]>,2025-11-03T12:06:35.986424,
,,,,,,LHR,,,,,LAX,,,,2025-10-14T23:59:59Z,2025-05-15T09:00:00Z,destination=LHR&origin=LAX&endRange=2025-10-14T23:59:59Z&startRange=2025-05-15T09:00:00Z,6.0,526.0,6.0,100,<Response [200]>,2025-11-03T12:06:36.017347,
,,,,,,LHR,,,,,MCO,,,,2025-10-14T23:59:59Z,2025-05-15T09:00:00Z,destination=LHR&origin=MCO&endRange=2025-10-14T23:59:59Z&startRange=2025-05-15T09:00:00Z,4.0,332.0,4.0,100,<Response [200]>,2025-11-03T12:06:36.046808,
,,,,,,LHR,,,,,MIA,,,,2025-10-14T23:59:59Z,2025-05-15T09:00:00Z,destination=LHR&origin=MIA&endRange=2025-10-14T23:59:59Z&startRange=2025-05-15T09:00:00Z,4.0,304.0,4.0,100,<Response [200]>,2025-11-03T12:06:36.077978,
,,,,,,LHR,,,,,MSP,,,,2025-10-14T23:59:59Z,2025-05-15T09:00:00Z,destination=LHR&origin=MSP&endRange=2025-10-14T23:59:59Z&startRange=2025-05-15T09:00:00Z,2.0,152.0,2.0,100,<Response [200]>,2025-11-03T12:06:36.103130,
,,,,,,LHR,,,,,SEA,,,,2025-10-14T23:59:59Z,2025-05-15T09:00:00Z,destination=LHR&origin=SEA&endRange=2025-10-14T23:59:59Z&startRange=2025-05-15T09:00:00Z,4.0,304.0,4.0,100,<Response [200]>,2025-11-03T12:06:36.129021,
,,,,,,LHR,,,,,SFO,,,,2025-10-14T23:59:59Z,2025-05-15T09:00:00Z,destination=LHR&origin=SFO&endRange=2025-10-14T23:59:59Z&startRange=2025-05-15T09:00:00Z,4.0,301.0,4.0,100,<Response [200]>,2025-11-03T12:06:36.158067,
,,,,,,LHR,,,,,SIN,,,,2025-10-14T23:59:59Z,2025-05-15T09:00:00Z,destination=LHR&origin=SIN&endRange=2025-10-14T23:59:59Z&startRange=2025-05-15T09:00:00Z,2.0,154.0,2.0,100,<Response [200]>,2025-11-03T12:06:36.188348,
,,,,,,LHR,,,,,SLC,,,,2025-10-14T23:59:59Z,2025-05-15T09:00:00Z,destination=LHR&origin=SLC&endRange=2025-10-14T23:59:59Z&startRange=2025-05-15T09:00:00Z,2.0,109.0,2.0,100,<Response [200]>,2025-11-03T12:06:36.220156,
,,,,,,LHR,,,,,TPA,,,,2025-10-14T23:59:59Z,2025-05-15T09:00:00Z,destination=LHR&origin=TPA&endRange=2025-10-14T23:59:59Z&startRange=2025-05-15T09:00:00Z,2.0,152.0,2.0,100,<Response [200]>,2025-11-03T12:06:36.253550,
,,,,,,LHR,,,,,YYZ,,,,2025-10-14T23:59:59Z,2025-05-15T09:00:00Z,destination=LHR&origin=YYZ&endRange=2025-10-14T23:59:59Z&startRange=2025-05-15T09:00:00Z,2.0,152.0,2.0,100,<Response [200]>,2025-11-03T12:06:36.279946,
,,,,,,LIM,,,,,AMS,,,,2025-10-14T23:59:59Z,2025-05-15T09:00:00Z,destination=LIM&origin=AMS&endRange=2025-10-14T23:59:59Z&startRange=2025-05-15T09:00:00Z,2.0,152.0,2.0,100,<Response [200]>,2025-11-03T12:06:36.306882,
,,,,,,LIM,,,,,CDG,,,,2025-10-14T23:59:59Z,2025-05-15T09:00:00Z,destination=LIM&origin=CDG&endRange=2025-10-14T23:59:59Z&startRange=2025-05-15T09:00:00Z,2.0,179.0,2.0,100,<Response [200]>,2025-11-03T12:06:36.336786,
,,,,,,LIS,,,,,BOS,,,,2025-10-14T23:59:59Z,2025-05-15T09:00:00Z,destination=LIS&origin=BOS&endRange=2025-10-14T23:59:59Z&startRange=2025-05-15T09:00:00Z,2.0,152.0,2.0,100,<Response [200]>,2025-11-03T12:06:36.366671,
,,,,,,LIS,,,,,JFK,,,,2025-10-14T23:59:59Z,2025-05-15T09:00:00Z,destination=LIS&origin=JFK&endRange=2025-10-14T23:59:59Z&startRange=2025-05-15T09:00:00Z,2.0,153.0,2.0,100,<Response [200]>,2025-11-03T12:06:36.399709,
,,,,,,LOS,,,,,AMS,,,,2025-10-14T23:59:59Z,2025-05-15T09:00:00Z,destination=LOS&origin=AMS&endRange=2025-10-14T23:59:59Z&startRange=2025-05-15T09:00:00Z,2.0,153.0,2.0,100,<Response [200]>,2025-11-03T12:06:36.431409,
,,,,,,LOS,,,,,CDG,,,,2025-10-14T23:59:59Z,2025-05-15T09:00:00Z,destination=LOS&origin=CDG&endRange=2025-10-14T23:59:59Z&startRange=2025-05-15T09:00:00Z,2.0,153.0,2.0,100,<Response [200]>,2025-11-03T12:06:36.461388,
,,,,,,LYS,,,,,TUN,,,,2025-10-14T23:59:59Z,2025-05-15T09:00:00Z,destination=LYS&origin=TUN&endRange=2025-10-14T23:59:59Z&startRange=2025-05-15T09:00:00Z,2.0,109.0,2.0,100.0,<Response [200]>,2025-11-03T12:06:36.512488,
,,,,,,MAD,,,,,ATL,,,,2025-10-14T23:59:59Z,2025-05-15T09:00:00Z,destination=MAD&origin=ATL&endRange=2025-10-14T23:59:59Z&startRange=2025-05-15T09:00:00Z,2.0,153.0,2.0,100,<Response [200]>,2025-11-03T12:06:40.201053,
,,,,,,MAD,,,,,JFK,,,,2025-10-14T23:59:59Z,2025-05-15T09:00:00Z,destination=MAD&origin=JFK&endRange=2025-10-14T23:59:59Z&startRange=2025-05-15T09:00:00Z,2.0,177.0,2.0,100,<Response [200]>,2025-11-03T12:06:40.234042,
,,,,,,MAN,,,,,ATL,,,,2025-10-14T23:59:59Z,2025-05-15T09:00:00Z,destination=MAN&origin=ATL&endRange=2025-10-14T23:59:59Z&startRange=2025-05-15T09:00:00Z,2.0,136.0,2.0,100,<Response [200]>,2025-11-03T12:06:40.265847,
,,,,,,MAN,,,,,JFK,,,,2025-10-14T23:59:59Z,2025-05-15T09:00:00Z,destination=MAN&origin=JFK&endRange=2025-10-14T23:59:59Z&startRange=2025-05-15T09:00:00Z,2.0,144.0,2.0,100,<Response [200]>,2025-11-03T12:06:40.288473,
,,,,,,MAN,,,,,MCO,,,,2025-10-14T23:59:59Z,2025-05-15T09:00:00Z,destination=MAN&origin=MCO&endRange=2025-10-14T23:59:59Z&startRange=2025-05-15T09:00:00Z,3.0,201.0,3.0,100,<Response [200]>,2025-11-03T12:06:40.317198,
,,,,,,MCO,,,,,LHR,,,,2025-10-14T23:59:59Z,2025-05-15T09:00:00Z,destination=MCO&origin=LHR&endRange=2025-10-14T23:59:59Z&startRange=2025-05-15T09:00:00Z,4.0,331.0,4.0,100,<Response [200]>,2025-11-03T12:06:40.345882,
,,,,,,MCO,,,,,MAN,,,,2025-10-14T23:59:59Z,2025-05-15T09:00:00Z,destination=MCO&origin=MAN&endRange=2025-10-14T23:59:59Z&startRange=2025-05-15T09:00:00Z,3.0,211.0,3.0,100,<Response [200]>,2025-11-03T12:06:40.373841,
,,,,,,MEX,,,,,AMS,,,,2025-10-14T23:59:59Z,2025-05-15T09:00:00Z,destination=MEX&origin=AMS&endRange=2025-10-14T23:59:59Z&startRange=2025-05-15T09:00:00Z,4.0,307.0,4.0,100,<Response [200]>,2025-11-03T12:06:40.402046,
,,,,,,MEX,,,,,CDG,,,,2025-10-14T23:59:59Z,2025-05-15T09:00:00Z,destination=MEX&origin=CDG&endRange=2025-10-14T23:59:59Z&startRange=2025-05-15T09:00:00Z,5.0,493.0,5.0,100,<Response [200]>,2025-11-03T12:06:40.432608,
,,,,,,MIA,,,,,CDG,,,,2025-10-14T23:59:59Z,2025-05-15T09:00:00Z,destination=MIA&origin=CDG&endRange=2025-10-14T23:59:59Z&startRange=2025-05-15T09:00:00Z,3.0,267.0,3.0,100,<Response [200]>,2025-11-03T12:06:40.460620,
,,,,,,MIA,,,,,LHR,,,,2025-10-14T23:59:59Z,2025-05-15T09:00:00Z,destination=MIA&origin=LHR&endRange=2025-10-14T23:59:59Z&startRange=2025-05-15T09:00:00Z,4.0,305.0,4.0,100,<Response [200]>,2025-11-03T12:06:40.492016,
,,,,,,MIR,,,,,CDG,,,,2025-10-14T23:59:59Z,2025-05-15T09:00:00Z,destination=MIR&origin=CDG&endRange=2025-10-14T23:59:59Z&startRange=2025-05-15T09:00:00Z,3.0,249.0,3.0,100,<Response [200]>,2025-11-03T12:06:40.521955,
,,,,,,MIR,,,,,ORY,,,,2025-10-14T23:59:59Z,2025-05-15T09:00:00Z,destination=MIR&origin=ORY&endRange=2025-10-14T23:59:59Z&startRange=2025-05-15T09:00:00Z,5.0,436.0,5.0,100,<Response [200]>,2025-11-03T12:06:40.558583,
,,,,,,MRU,,,,,CDG,,,,2025-10-14T23:59:59Z,2025-05-15T09:00:00Z,destination=MRU&origin=CDG&endRange=2025-10-14T23:59:59Z&startRange=2025-05-15T09:00:00Z,3.0,267.0,3.0,100,<Response [200]>,2025-11-03T12:06:40.594423,
,,,,,,MSP,,,,,AMS,,,,2025-10-14T23:59:59Z,2025-05-15T09:00:00Z,destination=MSP&origin=AMS&endRange=2025-10-14T23:59:59Z&startRange=2025-05-15T09:00:00Z,6.0,554.0,6.0,100,<Response [200]>,2025-11-03T12:06:40.631445,
,,,,,,MSP,,,,,CDG,,,,2025-10-14T23:59:59Z,2025-05-15T09:00:00Z,destination=MSP&origin=CDG&endRange=2025-10-14T23:59:59Z&startRange=2025-05-15T09:00:00Z,3.0,282.0,3.0,100,<Response [200]>,2025-11-03T12:06:40.658433,
,,,,,,MSP,,,,,DUB,,,,2025-10-14T23:59:59Z,2025-05-15T09:00:00Z,destination=MSP&origin=DUB&endRange=2025-10-14T23:59:59Z&startRange=2025-05-15T09:00:00Z,2.0,154.0,2.0,100,<Response [200]>,2025-11-03T12:06:40.688323,
,,,,,,MSP,,,,,LHR,,,,2025-10-14T23:59:59Z,2025-05-15T09:00:00Z,destination=MSP&origin=LHR&endRange=2025-10-14T23:59:59Z&startRange=2025-05-15T09:00:00Z,2.0,153.0,2.0,100,<Response [200]>,2025-11-03T12:06:40.712569,
,,,,,,MUC,,,,,ATL,,,,2025-10-14T23:59:59Z,2025-05-15T09:00:00Z,destination=MUC&origin=ATL&endRange=2025-10-14T23:59:59Z&startRange=2025-05-15T09:00:00Z,2.0,153.0,2.0,100,<Response [200]>,2025-11-03T12:06:40.741026,
,,,,,,MUC,,,,,DTW,,,,2025-10-14T23:59:59Z,2025-05-15T09:00:00Z,destination=MUC&origin=DTW&endRange=2025-10-14T23:59:59Z&startRange=2025-05-15T09:00:00Z,2.0,142.0,2.0,100,<Response [200]>,2025-11-03T12:06:40.768311,
,,,,,,NBO,,,,,AMS,,,,2025-10-14T23:59:59Z,2025-05-15T09:00:00Z,destination=NBO&origin=AMS&endRange=2025-10-14T23:59:59Z&startRange=2025-05-15T09:00:00Z,3.0,299.0,3.0,100,<Response [200]>,2025-11-03T12:06:40.805466,
,,,,,,NBO,,,,,CDG,,,,2025-10-14T23:59:59Z,2025-05-15T09:00:00Z,destination=NBO&origin=CDG&endRange=2025-10-14T23:59:59Z&startRange=2025-05-15T09:00:00Z,4.0,305.0,4.0,100,<Response [200]>,2025-11-03T12:06:40.834116,
,,,,,,NCE,,,,,ATL,,,,2025-10-14T23:59:59Z,2025-05-15T09:00:00Z,destination=NCE&origin=ATL&endRange=2025-10-14T23:59:59Z&startRange=2025-05-15T09:00:00Z,2.0,128.0,2.0,100,<Response [200]>,2025-11-03T12:06:40.864372,
,,,,,,NCE,,,,,JFK,,,,2025-10-14T23:59:59Z,2025-05-15T09:00:00Z,destination=NCE&origin=JFK&endRange=2025-10-14T23:59:59Z&startRange=2025-05-15T09:00:00Z,2.0,158.0,2.0,100,<Response [200]>,2025-11-03T12:06:40.896084,
,,,,,,NCE,,,,,TLV,,,,2025-10-14T23:59:59Z,2025-05-15T09:00:00Z,destination=NCE&origin=TLV&endRange=2025-10-14T23:59:59Z&startRange=2025-05-15T09:00:00Z,2.0,114.0,2.0,100,<Response [200]>,2025-11-03T12:06:40.925641,
,,,,,,NDR,,,,,AMS,,,,2025-10-14T23:59:59Z,2025-05-15T09:00:00Z,destination=NDR&origin=AMS&endRange=2025-10-14T23:59:59Z&startRange=2025-05-15T09:00:00Z,2.0,137.0,2.0,100,<Response [200]>,2025-11-03T12:06:40.951545,
,,,,,,NRT,,,,,AMS,,,,2025-10-14T23:59:59Z,2025-05-15T09:00:00Z,destination=NRT&origin=AMS&endRange=2025-10-14T23:59:59Z&startRange=2025-05-15T09:00:00Z,2.0,156.0,2.0,100,<Response [200]>,2025-11-03T12:06:40.984319,
,,,,,,NSI,,,,,CDG,,,,2025-10-14T23:59:59Z,2025-05-15T09:00:00Z,destination=NSI&origin=CDG&endRange=2025-10-14T23:59:59Z&startRange=2025-05-15T09:00:00Z,2.0,128.0,2.0,100,<Response [200]>,2025-11-03T12:06:41.010934,
,,,,,,ORD,,,,,AMS,,,,2025-10-14T23:59:59Z,2025-05-15T09:00:00Z,destination=ORD&origin=AMS&endRange=2025-10-14T23:59:59Z&startRange=2025-05-15T09:00:00Z,4.0,309.0,4.0,100,<Response [200]>,2025-11-03T12:06:41.036741,
,,,,,,ORD,,,,,CDG,,,,2025-10-14T23:59:59Z,2025-05-15T09:00:00Z,destination=ORD&origin=CDG&endRange=2025-10-14T23:59:59Z&startRange=2025-05-15T09:00:00Z,5.0,420.0,5.0,100,<Response [200]>,2025-11-03T12:06:41.065310,
,,,,,,ORN,,,,,CDG,,,,2025-10-14T23:59:59Z,2025-05-15T09:00:00Z,destination=ORN&origin=CDG&endRange=2025-10-14T23:59:59Z&startRange=2025-05-15T09:00:00Z,5.0,478.0,5.0,100,<Response [200]>,2025-11-03T12:06:41.098730,
,,,,,,ORN,,,,,LYS,,,,2025-10-14T23:59:59Z,2025-05-15T09:00:00Z,destination=ORN&origin=LYS&endRange=2025-10-14T23:59:59Z&startRange=2025-05-15T09:00:00Z,3.0,242.0,3.0,100,<Response [200]>,2025-11-03T12:06:41.134697,
,,,,,,ORN,,,,,ORY,,,,2025-10-14T23:59:59Z,2025-05-15T09:00:00Z,destination=ORN&origin=ORY&endRange=2025-10-14T23:59:59Z&startRange=2025-05-15T09:00:00Z,5.0,438.0,5.0,100,<Response [200]>,2025-11-03T12:06:41.181350,
,,,,,,ORY,,,,,ABJ,,,,2025-10-14T23:59:59Z,2025-05-15T09:00:00Z,destination=ORY&origin=ABJ&endRange=2025-10-14T23:59:59Z&startRange=2025-05-15T09:00:00Z,2.0,185.0,2.0,100,<Response [200]>,2025-11-03T12:06:41.210798,
,,,,,,ORY,,,,,AGA,,,,2025-10-14T23:59:59Z,2025-05-15T09:00:00Z,destination=ORY&origin=AGA&endRange=2025-10-14T23:59:59Z&startRange=2025-05-15T09:00:00Z,7.0,690.0,7.0,100,<Response [200]>,2025-11-03T12:06:41.252340,
,,,,,,ORY,,,,,AYT,,,,2025-10-14T23:59:59Z,2025-05-15T09:00:00Z,destination=ORY&origin=AYT&endRange=2025-10-14T23:59:59Z&startRange=2025-05-15T09:00:00Z,2.0,125.0,2.0,100,<Response [200]>,2025-11-03T12:06:41.281680,
,,,,,,ORY,,,,,BEY,,,,2025-10-14T23:59:59Z,2025-05-15T09:00:00Z,destination=ORY&origin=BEY&endRange=2025-10-14T23:59:59Z&startRange=2025-05-15T09:00:00Z,2.0,102.0,2.0,100,<Response [200]>,2025-11-03T12:06:41.315819,
,,,,,,ORY,,,,,BJA,,,,2025-10-14T23:59:59Z,2025-05-15T09:00:00Z,destination=ORY&origin=BJA&endRange=2025-10-14T23:59:59Z&startRange=2025-05-15T09:00:00Z,4.0,337.0,4.0,100,<Response [200]>,2025-11-03T12:06:41.352246,
,,,,,,ORY,,,,,BKO,,,,2025-10-14T23:59:59Z,2025-05-15T09:00:00Z,destination=ORY&origin=BKO&endRange=2025-10-14T23:59:59Z&startRange=2025-05-15T09:00:00Z,2.0,121.0,2.0,100,<Response [200]>,2025-11-03T12:06:41.392569,
,,,,,,ORY,,,,,CAI,,,,2025-10-14T23:59:59Z,2025-05-15T09:00:00Z,destination=ORY&origin=CAI&endRange=2025-10-14T23:59:59Z&startRange=2025-05-15T09:00:00Z,2.0,187.0,2.0,100,<Response [200]>,2025-11-03T12:06:41.438960,
,,,,,,ORY,,,,,CAY,,,,2025-10-14T23:59:59Z,2025-05-15T09:00:00Z,destination=ORY&origin=CAY&endRange=2025-10-14T23:59:59Z&startRange=2025-05-15T09:00:00Z,2.0,116.0,2.0,100,<Response [200]>,2025-11-03T12:06:41.469013,
,,,,,,ORY,,,,,COO,,,,2025-10-14T23:59:59Z,2025-05-15T09:00:00Z,destination=ORY&origin=COO&endRange=2025-10-14T23:59:59Z&startRange=2025-05-15T09:00:00Z,2.0,106.0,2.0,100.0,<Response [200]>,2025-11-03T12:06:41.495549,
,,,,,,ORY,,,,,CZL,,,,2025-10-14T23:59:59Z,2025-05-15T09:00:00Z,destination=ORY&origin=CZL&endRange=2025-10-14T23:59:59Z&startRange=2025-05-15T09:00:00Z,2.0,160.0,2.0,100,<Response [200]>,2025-11-03T12:06:43.990938,
,,,,,,ORY,,,,,DJE,,,,2025-10-14T23:59:59Z,2025-05-15T09:00:00Z,destination=ORY&origin=DJE&endRange=2025-10-14T23:59:59Z&startRange=2025-05-15T09:00:00Z,9.0,883.0,9.0,100,<Response [200]>,2025-11-03T12:06:44.025029,
,,,,,,ORY,,,,,EWR,,,,2025-10-14T23:59:59Z,2025-05-15T09:00:00Z,destination=ORY&origin=EWR&endRange=2025-10-14T23:59:59Z&startRange=2025-05-15T09:00:00Z,4.0,327.0,4.0,100,<Response [200]>,2025-11-03T12:06:44.054679,
,,,,,,ORY,,,,,FDF,,,,2025-10-14T23:59:59Z,2025-05-15T09:00:00Z,destination=ORY&origin=FDF&endRange=2025-10-14T23:59:59Z&startRange=2025-05-15T09:00:00Z,6.0,515.0,6.0,100,<Response [200]>,2025-11-03T12:06:44.083395,
,,,,,,ORY,,,,,FEZ,,,,2025-10-14T23:59:59Z,2025-05-15T09:00:00Z,destination=ORY&origin=FEZ&endRange=2025-10-14T23:59:59Z&startRange=2025-05-15T09:00:00Z,3.0,246.0,3.0,100,<Response [200]>,2025-11-03T12:06:44.108376,
,,,,,,ORY,,,,,HRG,,,,2025-10-14T23:59:59Z,2025-05-15T09:00:00Z,destination=ORY&origin=HRG&endRange=2025-10-14T23:59:59Z&startRange=2025-05-15T09:00:00Z,2.0,115.0,2.0,100,<Response [200]>,2025-11-03T12:06:44.133383,
,,,,,,ORY,,,,,IST,,,,2025-10-14T23:59:59Z,2025-05-15T09:00:00Z,destination=ORY&origin=IST&endRange=2025-10-14T23:59:59Z&startRange=2025-05-15T09:00:00Z,5.0,463.0,5.0,100,<Response [200]>,2025-11-03T12:06:44.160472,
,,,,,,ORY,,,,,MIR,,,,2025-10-14T23:59:59Z,2025-05-15T09:00:00Z,destination=ORY&origin=MIR&endRange=2025-10-14T23:59:59Z&startRange=2025-05-15T09:00:00Z,5.0,437.0,5.0,100,<Response [200]>,2025-11-03T12:06:44.191217,
,,,,,,ORY,,,,,ORN,,,,2025-10-14T23:59:59Z,2025-05-15T09:00:00Z,destination=ORY&origin=ORN&endRange=2025-10-14T23:59:59Z&startRange=2025-05-15T09:00:00Z,5.0,440.0,5.0,100,<Response [200]>,2025-11-03T12:06:44.223045,
,,,,,,ORY,,,,,OUD,,,,2025-10-14T23:59:59Z,2025-05-15T09:00:00Z,destination=ORY&origin=OUD&endRange=2025-10-14T23:59:59Z&startRange=2025-05-15T09:00:00Z,6.0,522.0,6.0,100,<Response [200]>,2025-11-03T12:06:44.254159,
,,,,,,ORY,,,,,PTP,,,,2025-10-14T23:59:59Z,2025-05-15T09:00:00Z,destination=ORY&origin=PTP&endRange=2025-10-14T23:59:59Z&startRange=2025-05-15T09:00:00Z,6.0,578.0,6.0,100,<Response [200]>,2025-11-03T12:06:44.290409,
,,,,,,ORY,,,,,QSF,,,,2025-10-14T23:59:59Z,2025-05-15T09:00:00Z,destination=ORY&origin=QSF&endRange=2025-10-14T23:59:59Z&startRange=2025-05-15T09:00:00Z,2.0,163.0,2.0,100,<Response [200]>,2025-11-03T12:06:44.316864,
,,,,,,ORY,,,,,RBA,,,,2025-10-14T23:59:59Z,2025-05-15T09:00:00Z,destination=ORY&origin=RBA&endRange=2025-10-14T23:59:59Z&startRange=2025-05-15T09:00:00Z,5.0,438.0,5.0,100,<Response [200]>,2025-11-03T12:06:44.344567,
,,,,,,ORY,,,,,SAW,,,,2025-10-14T23:59:59Z,2025-05-15T09:00:00Z,destination=ORY&origin=SAW&endRange=2025-10-14T23:59:59Z&startRange=2025-05-15T09:00:00Z,4.0,306.0,4.0,100,<Response [200]>,2025-11-03T12:06:44.373358,
,,,,,,ORY,,,,,SFA,,,,2025-10-14T23:59:59Z,2025-05-15T09:00:00Z,destination=ORY&origin=SFA&endRange=2025-10-14T23:59:59Z&startRange=2025-05-15T09:00:00Z,2.0,136.0,2.0,100,<Response [200]>,2025-11-03T12:06:44.400280,
,,,,,,ORY,,,,,SFO,,,,2025-10-14T23:59:59Z,2025-05-15T09:00:00Z,destination=ORY&origin=SFO&endRange=2025-10-14T23:59:59Z&startRange=2025-05-15T09:00:00Z,2.0,116.0,2.0,100,<Response [200]>,2025-11-03T12:06:44.424716,
,,,,,,ORY,,,,,SID,,,,2025-10-14T23:59:59Z,2025-05-15T09:00:00Z,destination=ORY&origin=SID&endRange=2025-10-14T23:59:59Z&startRange=2025-05-15T09:00:00Z,2.0,142.0,2.0,100,<Response [200]>,2025-11-03T12:06:44.450246,
,,,,,,ORY,,,,,TLM,,,,2025-10-14T23:59:59Z,2025-05-15T09:00:00Z,destination=ORY&origin=TLM&endRange=2025-10-14T23:59:59Z&startRange=2025-05-15T09:00:00Z,3.0,239.0,3.0,100,<Response [200]>,2025-11-03T12:06:44.478691,
,,,,,,ORY,,,,,TNG,,,,2025-10-14T23:59:59Z,2025-05-15T09:00:00Z,destination=ORY&origin=TNG&endRange=2025-10-14T23:59:59Z&startRange=2025-05-15T09:00:00Z,4.0,364.0,4.0,100,<Response [200]>,2025-11-03T12:06:44.509390,
,,,,,,ORY,,,,,VCP,,,,2025-10-14T23:59:59Z,2025-05-15T09:00:00Z,destination=ORY&origin=VCP&endRange=2025-10-14T23:59:59Z&startRange=2025-05-15T09:00:00Z,2.0,154.0,2.0,100,<Response [200]>,2025-11-03T12:06:44.538864,
,,,,,,ORY,,,,,YUL,,,,2025-10-14T23:59:59Z,2025-05-15T09:00:00Z,destination=ORY&origin=YUL&endRange=2025-10-14T23:59:59Z&startRange=2025-05-15T09:00:00Z,2.0,113.0,2.0,100,<Response [200]>,2025-11-03T12:06:44.566871,
,,,,,,OUD,,,,,ORY,,,,2025-10-14T23:59:59Z,2025-05-15T09:00:00Z,destination=OUD&origin=ORY&endRange=2025-10-14T23:59:59Z&startRange=2025-05-15T09:00:00Z,6.0,510.0,6.0,100,<Response [200]>,2025-11-03T12:06:44.606154,
,,,,,,PBM,,,,,AMS,,,,2025-10-14T23:59:59Z,2025-05-15T09:00:00Z,destination=PBM&origin=AMS&endRange=2025-10-14T23:59:59Z&startRange=2025-05-15T09:00:00Z,3.0,217.0,3.0,100,<Response [200]>,2025-11-03T12:06:44.639238,
,,,,,,PDX,,,,,AMS,,,,2025-10-14T23:59:59Z,2025-05-15T09:00:00Z,destination=PDX&origin=AMS&endRange=2025-10-14T23:59:59Z&startRange=2025-05-15T09:00:00Z,2.0,130.0,2.0,100,<Response [200]>,2025-11-03T12:06:44.667181,
,,,,,,PEK,,,,,AMS,,,,2025-10-14T23:59:59Z,2025-05-15T09:00:00Z,destination=PEK&origin=AMS&endRange=2025-10-14T23:59:59Z&startRange=2025-05-15T09:00:00Z,2.0,153.0,2.0,100,<Response [200]>,2025-11-03T12:06:44.701382,
,,,,,,PEK,,,,,CDG,,,,2025-10-14T23:59:59Z,2025-05-15T09:00:00Z,destination=PEK&origin=CDG&endRange=2025-10-14T23:59:59Z&startRange=2025-05-15T09:00:00Z,5.0,416.0,5.0,100,<Response [200]>,2025-11-03T12:06:44.733603,
,,,,,,PHL,,,,,AMS,,,,2025-10-14T23:59:59Z,2025-05-15T09:00:00Z,destination=PHL&origin=AMS&endRange=2025-10-14T23:59:59Z&startRange=2025-05-15T09:00:00Z,2.0,155.0,2.0,100,<Response [200]>,2025-11-03T12:06:44.764793,
,,,,,,PHL,,,,,CDG,,,,2025-10-14T23:59:59Z,2025-05-15T09:00:00Z,destination=PHL&origin=CDG&endRange=2025-10-14T23:59:59Z&startRange=2025-05-15T09:00:00Z,2.0,163.0,2.0,100,<Response [200]>,2025-11-03T12:06:44.794344,
,,,,,,PHX,,,,,CDG,,,,2025-10-14T23:59:59Z,2025-05-15T09:00:00Z,destination=PHX&origin=CDG&endRange=2025-10-14T23:59:59Z&startRange=2025-05-15T09:00:00Z,2.0,108.0,2.0,100,<Response [200]>,2025-11-03T12:06:44.819934,
,,,,,,PKX,,,,,AMS,,,,2025-10-14T23:59:59Z,2025-05-15T09:00:00Z,destination=PKX&origin=AMS&endRange=2025-10-14T23:59:59Z&startRange=2025-05-15T09:00:00Z,2.0,153.0,2.0,100,<Response [200]>,2025-11-03T12:06:44.843613,
,,,,,,PNR,,,,,CDG,,,,2025-10-14T23:59:59Z,2025-05-15T09:00:00Z,destination=PNR&origin=CDG&endRange=2025-10-14T23:59:59Z&startRange=2025-05-15T09:00:00Z,2.0,113.0,2.0,100,<Response [200]>,2025-11-03T12:06:44.867545,
,,,,,,PTP,,,,,CDG,,,,2025-10-14T23:59:59Z,2025-05-15T09:00:00Z,destination=PTP&origin=CDG&endRange=2025-10-14T23:59:59Z&startRange=2025-05-15T09:00:00Z,2.0,113.0,2.0,100,<Response [200]>,2025-11-03T12:06:44.893424,
,,,,,,PTP,,,,,ORY,,,,2025-10-14T23:59:59Z,2025-05-15T09:00:00Z,destination=PTP&origin=ORY&endRange=2025-10-14T23:59:59Z&startRange=2025-05-15T09:00:00Z,6.0,573.0,6.0,100,<Response [200]>,2025-11-03T12:06:44.922777,
,,,,,,PTY,,,,,AMS,,,,2025-10-14T23:59:59Z,2025-05-15T09:00:00Z,destination=PTY&origin=AMS&endRange=2025-10-14T23:59:59Z&startRange=2025-05-15T09:00:00Z,2.0,153.0,2.0,100,<Response [200]>,2025-11-03T12:06:44.950168,
,,,,,,PTY,,,,,CDG,,,,2025-10-14T23:59:59Z,2025-05-15T09:00:00Z,destination=PTY&origin=CDG&endRange=2025-10-14T23:59:59Z&startRange=2025-05-15T09:00:00Z,2.0,111.0,2.0,100,<Response [200]>,2025-11-03T12:06:44.981007,
,,,,,,PVG,,,,,AMS,,,,2025-10-14T23:59:59Z,2025-05-15T09:00:00Z,destination=PVG&origin=AMS&endRange=2025-10-14T23:59:59Z&startRange=2025-05-15T09:00:00Z,4.0,306.0,4.0,100,<Response [200]>,2025-11-03T12:06:45.014121,
,,,,,,PVG,,,,,CDG,,,,2025-10-14T23:59:59Z,2025-05-15T09:00:00Z,destination=PVG&origin=CDG&endRange=2025-10-14T23:59:59Z&startRange=2025-05-15T09:00:00Z,5.0,416.0,5.0,100,<Response [200]>,2025-11-03T12:06:45.041252,
,,,,,,QSF,,,,,LYS,,,,2025-10-14T23:59:59Z,2025-05-15T09:00:00Z,destination=QSF&origin=LYS&endRange=2025-10-14T23:59:59Z&startRange=2025-05-15T09:00:00Z,2.0,136.0,2.0,100,<Response [200]>,2025-11-03T12:06:45.071687,
,,,,,,QSF,,,,,ORY,,,,2025-10-14T23:59:59Z,2025-05-15T09:00:00Z,destination=QSF&origin=ORY&endRange=2025-10-14T23:59:59Z&startRange=2025-05-15T09:00:00Z,2.0,164.0,2.0,100,<Response [200]>,2025-11-03T12:06:45.096464,
,,,,,,RAK,,,,,AMS,,,,2025-10-14T23:59:59Z,2025-05-15T09:00:00Z,destination=RAK&origin=AMS&endRange=2025-10-14T23:59:59Z&startRange=2025-05-15T09:00:00Z,3.0,241.0,3.0,100,<Response [200]>,2025-11-03T12:06:45.130687,
,,,,,,RAK,,,,,CDG,,,,2025-10-14T23:59:59Z,2025-05-15T09:00:00Z,destination=RAK&origin=CDG&endRange=2025-10-14T23:59:59Z&startRange=2025-05-15T09:00:00Z,7.0,639.0,7.0,100,<Response [200]>,2025-11-03T12:06:45.161650,
,,,,,,RAK,,,,,LYS,,,,2025-10-14T23:59:59Z,2025-05-15T09:00:00Z,destination=RAK&origin=LYS&endRange=2025-10-14T23:59:59Z&startRange=2025-05-15T09:00:00Z,2.0,127.0,2.0,100,<Response [200]>,2025-11-03T12:06:45.191155,
,,,,,,RAK,,,,,ORY,,,,2025-10-14T23:59:59Z,2025-05-15T09:00:00Z,destination=RAK&origin=ORY&endRange=2025-10-14T23:59:59Z&startRange=2025-05-15T09:00:00Z,12.0,1105.0,12.0,100,<Response [200]>,2025-11-03T12:06:45.226437,
,,,,,,RBA,,,,,CDG,,,,2025-10-14T23:59:59Z,2025-05-15T09:00:00Z,destination=RBA&origin=CDG&endRange=2025-10-14T23:59:59Z&startRange=2025-05-15T09:00:00Z,7.0,623.0,7.0,100,<Response [200]>,2025-11-03T12:06:45.255397,
,,,,,,RBA,,,,,ORY,,,,2025-10-14T23:59:59Z,2025-05-15T09:00:00Z,destination=RBA&origin=ORY&endRange=2025-10-14T23:59:59Z&startRange=2025-05-15T09:00:00Z,5.0,435.0,5.0,100,<Response [200]>,2025-11-03T12:06:45.283762,
,,,,,,RDU,,,,,CDG,,,,2025-10-14T23:59:59Z,2025-05-15T09:00:00Z,destination=RDU&origin=CDG&endRange=2025-10-14T23:59:59Z&startRange=2025-05-15T09:00:00Z,2.0,140.0,2.0,100,<Response [200]>,2025-11-03T12:06:45.311314,
,,,,,,RUH,,,,,AMS,,,,2025-10-14T23:59:59Z,2025-05-15T09:00:00Z,destination=RUH&origin=AMS&endRange=2025-10-14T23:59:59Z&startRange=2025-05-15T09:00:00Z,2.0,146.0,2.0,100,<Response [200]>,2025-11-03T12:06:45.339988,
,,,,,,RUH,,,,,CDG,,,,2025-10-14T23:59:59Z,2025-05-15T09:00:00Z,destination=RUH&origin=CDG&endRange=2025-10-14T23:59:59Z&startRange=2025-05-15T09:00:00Z,3.0,258.0,3.0,100,<Response [200]>,2025-11-03T12:06:45.365785,
,,,,,,SAW,,,,,AMS,,,,2025-10-14T23:59:59Z,2025-05-15T09:00:00Z,destination=SAW&origin=AMS&endRange=2025-10-14T23:59:59Z&startRange=2025-05-15T09:00:00Z,8.0,798.0,8.0,100,<Response [200]>,2025-11-03T12:06:45.401910,
,,,,,,SAW,,,,,CDG,,,,2025-10-14T23:59:59Z,2025-05-15T09:00:00Z,destination=SAW&origin=CDG&endRange=2025-10-14T23:59:59Z&startRange=2025-05-15T09:00:00Z,3.0,241.0,3.0,100,<Response [200]>,2025-11-03T12:06:45.426832,
,,,,,,SAW,,,,,ORY,,,,2025-10-14T23:59:59Z,2025-05-15T09:00:00Z,destination=SAW&origin=ORY&endRange=2025-10-14T23:59:59Z&startRange=2025-05-15T09:00:00Z,4.0,306.0,4.0,100,<Response [200]>,2025-11-03T12:06:45.452604,
,,,,,,SCL,,,,,CDG,,,,2025-10-14T23:59:59Z,2025-05-15T09:00:00Z,destination=SCL&origin=CDG&endRange=2025-10-14T23:59:59Z&startRange=2025-05-15T09:00:00Z,2.0,166.0,2.0,100,<Response [200]>,2025-11-03T12:06:45.478063,
,,,,,,SEA,,,,,AMS,,,,2025-10-14T23:59:59Z,2025-05-15T09:00:00Z,destination=SEA&origin=AMS&endRange=2025-10-14T23:59:59Z&startRange=2025-05-15T09:00:00Z,4.0,307.0,4.0,100,<Response [200]>,2025-11-03T12:06:45.504067,
,,,,,,SEA,,,,,CDG,,,,2025-10-14T23:59:59Z,2025-05-15T09:00:00Z,destination=SEA&origin=CDG&endRange=2025-10-14T23:59:59Z&startRange=2025-05-15T09:00:00Z,3.0,274.0,3.0,100,<Response [200]>,2025-11-03T12:06:45.528698,
,,,,,,SEA,,,,,LHR,,,,2025-10-14T23:59:59Z,2025-05-15T09:00:00Z,destination=SEA&origin=LHR&endRange=2025-10-14T23:59:59Z&startRange=2025-05-15T09:00:00Z,4.0,306.0,4.0,100,<Response [200]>,2025-11-03T12:06:45.555546,
,,,,,,SFA,,,,,ORY,,,,2025-10-14T23:59:59Z,2025-05-15T09:00:00Z,destination=SFA&origin=ORY&endRange=2025-10-14T23:59:59Z&startRange=2025-05-15T09:00:00Z,2.0,136.0,2.0,100,<Response [200]>,2025-11-03T12:06:45.579234,
,,,,,,SFO,,,,,AMS,,,,2025-10-14T23:59:59Z,2025-05-15T09:00:00Z,destination=SFO&origin=AMS&endRange=2025-10-14T23:59:59Z&startRange=2025-05-15T09:00:00Z,4.0,365.0,4.0,100,<Response [200]>,2025-11-03T12:06:45.605118,
,,,,,,SFO,,,,,CDG,,,,2025-10-14T23:59:59Z,2025-05-15T09:00:00Z,destination=SFO&origin=CDG&endRange=2025-10-14T23:59:59Z&startRange=2025-05-15T09:00:00Z,5.0,425.0,5.0,100,<Response [200]>,2025-11-03T12:06:45.633113,
,,,,,,SFO,,,,,LHR,,,,2025-10-14T23:59:59Z,2025-05-15T09:00:00Z,destination=SFO&origin=LHR&endRange=2025-10-14T23:59:59Z&startRange=2025-05-15T09:00:00Z,4.0,302.0,4.0,100,<Response [200]>,2025-11-03T12:06:45.659938,
,,,,,,SFO,,,,,ORY,,,,2025-10-14T23:59:59Z,2025-05-15T09:00:00Z,destination=SFO&origin=ORY&endRange=2025-10-14T23:59:59Z&startRange=2025-05-15T09:00:00Z,2.0,109.0,2.0,100,<Response [200]>,2025-11-03T12:06:45.684906,
,,,,,,SGN,,,,,CDG,,,,2025-10-14T23:59:59Z,2025-05-15T09:00:00Z,destination=SGN&origin=CDG&endRange=2025-10-14T23:59:59Z&startRange=2025-05-15T09:00:00Z,2.0,150.0,2.0,100,<Response [200]>,2025-11-03T12:06:45.707398,
,,,,,,SIN,,,,,AMS,,,,2025-10-14T23:59:59Z,2025-05-15T09:00:00Z,destination=SIN&origin=AMS&endRange=2025-10-14T23:59:59Z&startRange=2025-05-15T09:00:00Z,4.0,307.0,4.0,100,<Response [200]>,2025-11-03T12:06:45.736773,
,,,,,,SIN,,,,,CDG,,,,2025-10-14T23:59:59Z,2025-05-15T09:00:00Z,destination=SIN&origin=CDG&endRange=2025-10-14T23:59:59Z&startRange=2025-05-15T09:00:00Z,6.0,526.0,6.0,100,<Response [200]>,2025-11-03T12:06:45.763268,
,,,,,,SIN,,,,,LHR,,,,2025-10-14T23:59:59Z,2025-05-15T09:00:00Z,destination=SIN&origin=LHR&endRange=2025-10-14T23:59:59Z&startRange=2025-05-15T09:00:00Z,2.0,152.0,2.0,100,<Response [200]>,2025-11-03T12:06:45.788653,
,,,,,,SJO,,,,,CDG,,,,2025-10-14T23:59:59Z,2025-05-15T09:00:00Z,destination=SJO&origin=CDG&endRange=2025-10-14T23:59:59Z&startRange=2025-05-15T09:00:00Z,2.0,121.0,2.0,100,<Response [200]>,2025-11-03T12:06:45.811924,
,,,,,,SLC,,,,,AMS,,,,2025-10-14T23:59:59Z,2025-05-15T09:00:00Z,destination=SLC&origin=AMS&endRange=2025-10-14T23:59:59Z&startRange=2025-05-15T09:00:00Z,3.0,234.0,3.0,100,<Response [200]>,2025-11-03T12:06:45.842390,
,,,,,,SLC,,,,,CDG,,,,2025-10-14T23:59:59Z,2025-05-15T09:00:00Z,destination=SLC&origin=CDG&endRange=2025-10-14T23:59:59Z&startRange=2025-05-15T09:00:00Z,2.0,155.0,2.0,100,<Response [200]>,2025-11-03T12:06:45.870147,
,,,,,,SLC,,,,,LHR,,,,2025-10-14T23:59:59Z,2025-05-15T09:00:00Z,destination=SLC&origin=LHR&endRange=2025-10-14T23:59:59Z&startRange=2025-05-15T09:00:00Z,2.0,109.0,2.0,100,<Response [200]>,2025-11-03T12:06:45.898604,
,,,,,,SXM,,,,,AMS,,,,2025-10-14T23:59:59Z,2025-05-15T09:00:00Z,destination=SXM&origin=AMS&endRange=2025-10-14T23:59:59Z&startRange=2025-05-15T09:00:00Z,2.0,147.0,2.0,100,<Response [200]>,2025-11-03T12:06:45.925629,
,,,,,,SXM,,,,,CDG,,,,2025-10-14T23:59:59Z,2025-05-15T09:00:00Z,destination=SXM&origin=CDG&endRange=2025-10-14T23:59:59Z&startRange=2025-05-15T09:00:00Z,2.0,143.0,2.0,100,<Response [200]>,2025-11-03T12:06:45.947773,
,,,,,,TBS,,,,,AMS,,,,2025-10-14T23:59:59Z,2025-05-15T09:00:00Z,destination=TBS&origin=AMS&endRange=2025-10-14T23:59:59Z&startRange=2025-05-15T09:00:00Z,2.0,108.0,2.0,100,<Response [200]>,2025-11-03T12:06:45.971870,
,,,,,,TBS,,,,,CDG,,,,2025-10-14T23:59:59Z,2025-05-15T09:00:00Z,destination=TBS&origin=CDG&endRange=2025-10-14T23:59:59Z&startRange=2025-05-15T09:00:00Z,2.0,118.0,2.0,100,<Response [200]>,2025-11-03T12:06:45.994362,
,,,,,,TLM,,,,,ORY,,,,2025-10-14T23:59:59Z,2025-05-15T09:00:00Z,destination=TLM&origin=ORY&endRange=2025-10-14T23:59:59Z&startRange=2025-05-15T09:00:00Z,3.0,240.0,3.0,100,<Response [200]>,2025-11-03T12:06:46.025566,
,,,,,,TLV,,,,,AMS,,,,2025-10-14T23:59:59Z,2025-05-15T09:00:00Z,destination=TLV&origin=AMS&endRange=2025-10-14T23:59:59Z&startRange=2025-05-15T09:00:00Z,5.0,481.0,5.0,100,<Response [200]>,2025-11-03T12:06:46.051364,
,,,,,,TLV,,,,,CDG,,,,2025-10-14T23:59:59Z,2025-05-15T09:00:00Z,destination=TLV&origin=CDG&endRange=2025-10-14T23:59:59Z&startRange=2025-05-15T09:00:00Z,9.0,852.0,9.0,100,<Response [200]>,2025-11-03T12:06:46.081042,
,,,,,,TLV,,,,,NCE,,,,2025-10-14T23:59:59Z,2025-05-15T09:00:00Z,destination=TLV&origin=NCE&endRange=2025-10-14T23:59:59Z&startRange=2025-05-15T09:00:00Z,2.0,115.0,2.0,100,<Response [200]>,2025-11-03T12:06:46.108812,
,,,,,,TNG,,,,,AMS,,,,2025-10-14T23:59:59Z,2025-05-15T09:00:00Z,destination=TNG&origin=AMS&endRange=2025-10-14T23:59:59Z&startRange=2025-05-15T09:00:00Z,2.0,138.0,2.0,100,<Response [200]>,2025-11-03T12:06:46.135054,
,,,,,,TNG,,,,,CDG,,,,2025-10-14T23:59:59Z,2025-05-15T09:00:00Z,destination=TNG&origin=CDG&endRange=2025-10-14T23:59:59Z&startRange=2025-05-15T09:00:00Z,3.0,227.0,3.0,100,<Response [200]>,2025-11-03T12:06:46.162242,
,,,,,,TNG,,,,,ORY,,,,2025-10-14T23:59:59Z,2025-05-15T09:00:00Z,destination=TNG&origin=ORY&endRange=2025-10-14T23:59:59Z&startRange=2025-05-15T09:00:00Z,4.0,364.0,4.0,100,<Response [200]>,2025-11-03T12:06:46.189780,
,,,,,,TNR,,,,,CDG,,,,2025-10-14T23:59:59Z,2025-05-15T09:00:00Z,destination=TNR&origin=CDG&endRange=2025-10-14T23:59:59Z&startRange=2025-05-15T09:00:00Z,2.0,141.0,2.0,100,<Response [200]>,2025-11-03T12:06:46.216296,
,,,,,,TPA,,,,,LHR,,,,2025-10-14T23:59:59Z,2025-05-15T09:00:00Z,destination=TPA&origin=LHR&endRange=2025-10-14T23:59:59Z&startRange=2025-05-15T09:00:00Z,2.0,153.0,2.0,100,<Response [200]>,2025-11-03T12:06:46.241258,
,,,,,,TPE,,,,,AMS,,,,2025-10-14T23:59:59Z,2025-05-15T09:00:00Z,destination=TPE&origin=AMS&endRange=2025-10-14T23:59:59Z&startRange=2025-05-15T09:00:00Z,3.0,300.0,3.0,100,<Response [200]>,2025-11-03T12:06:46.268903,
,,,,,,TPE,,,,,CDG,,,,2025-10-14T23:59:59Z,2025-05-15T09:00:00Z,destination=TPE&origin=CDG&endRange=2025-10-14T23:59:59Z&startRange=2025-05-15T09:00:00Z,2.0,153.0,2.0,100,<Response [200]>,2025-11-03T12:06:46.298966,
,,,,,,TUN,,,,,FCO,,,,2025-10-14T23:59:59Z,2025-05-15T09:00:00Z,destination=TUN&origin=FCO&endRange=2025-10-14T23:59:59Z&startRange=2025-05-15T09:00:00Z,2.0,115.0,2.0,100,<Response [200]>,2025-11-03T12:06:46.325912,
,,,,,,TUN,,,,,LYS,,,,2025-10-14T23:59:59Z,2025-05-15T09:00:00Z,destination=TUN&origin=LYS&endRange=2025-10-14T23:59:59Z&startRange=2025-05-15T09:00:00Z,2.0,148.0,2.0,100,<Response [200]>,2025-11-03T12:06:46.352365,
,,,,,,UIO,,,,,AMS,,,,2025-10-14T23:59:59Z,2025-05-15T09:00:00Z,destination=UIO&origin=AMS&endRange=2025-10-14T23:59:59Z&startRange=2025-05-15T09:00:00Z,2.0,132.0,2.0,100,<Response [200]>,2025-11-03T12:06:46.383040,
,,,,,,VCP,,,,,ORY,,,,2025-10-14T23:59:59Z,2025-05-15T09:00:00Z,destination=VCP&origin=ORY&endRange=2025-10-14T23:59:59Z&startRange=2025-05-15T09:00:00Z,2.0,156.0,2.0,100,<Response [200]>,2025-11-03T12:06:46.408067,
,,,,,,XMN,,,,,AMS,,,,2025-10-14T23:59:59Z,2025-05-15T09:00:00Z,destination=XMN&origin=AMS&endRange=2025-10-14T23:59:59Z&startRange=2025-05-15T09:00:00Z,2.0,119.0,2.0,100,<Response [200]>,2025-11-03T12:06:46.437749,
,,,,,,YEG,,,,,AMS,,,,2025-10-14T23:59:59Z,2025-05-15T09:00:00Z,destination=YEG&origin=AMS&endRange=2025-10-14T23:59:59Z&startRange=2025-05-15T09:00:00Z,2.0,116.0,2.0,100,<Response [200]>,2025-11-03T12:06:46.462003,
,,,,,,YHZ,,,,,AMS,,,,2025-10-14T23:59:59Z,2025-05-15T09:00:00Z,destination=YHZ&origin=AMS&endRange=2025-10-14T23:59:59Z&startRange=2025-05-15T09:00:00Z,2.0,112.0,2.0,100,<Response [200]>,2025-11-03T12:06:46.489527,
,,,,,,YOW,,,,,CDG,,,,2025-10-14T23:59:59Z,2025-05-15T09:00:00Z,destination=YOW&origin=CDG&endRange=2025-10-14T23:59:59Z&startRange=2025-05-15T09:00:00Z,2.0,139.0,2.0,100,<Response [200]>,2025-11-03T12:06:46.516607,
,,,,,,YQB,,,,,CDG,,,,2025-10-14T23:59:59Z,2025-05-15T09:00:00Z,destination=YQB&origin=CDG&endRange=2025-10-14T23:59:59Z&startRange=2025-05-15T09:00:00Z,2.0,158.0,2.0,100,<Response [200]>,2025-11-03T12:06:46.543233,
,,,,,,YUL,,,,,AMS,,,,2025-10-14T23:59:59Z,2025-05-15T09:00:00Z,destination=YUL&origin=AMS&endRange=2025-10-14T23:59:59Z&startRange=2025-05-15T09:00:00Z,4.0,302.0,4.0,100,<Response [200]>,2025-11-03T12:06:46.568050,
,,,,,,YUL,,,,,CDG,,,,2025-10-14T23:59:59Z,2025-05-15T09:00:00Z,destination=YUL&origin=CDG&endRange=2025-10-14T23:59:59Z&startRange=2025-05-15T09:00:00Z,11.0,1058.0,11.0,100,<Response [200]>,2025-11-03T12:06:46.603665,
,,,,,,YUL,,,,,ORY,,,,2025-10-14T23:59:59Z,2025-05-15T09:00:00Z,destination=YUL&origin=ORY&endRange=2025-10-14T23:59:59Z&startRange=2025-05-15T09:00:00Z,2.0,113.0,2.0,100,<Response [200]>,2025-11-03T12:06:46.629359,
,,,,,,YVR,,,,,AMS,,,,2025-10-14T23:59:59Z,2025-05-15T09:00:00Z,destination=YVR&origin=AMS&endRange=2025-10-14T23:59:59Z&startRange=2025-05-15T09:00:00Z,2.0,153.0,2.0,100,<Response [200]>,2025-11-03T12:06:46.656050,
,,,,,,YVR,,,,,CDG,,,,2025-10-14T23:59:59Z,2025-05-15T09:00:00Z,destination=YVR&origin=CDG&endRange=2025-10-14T23:59:59Z&startRange=2025-05-15T09:00:00Z,2.0,130.0,2.0,100,<Response [200]>,2025-11-03T12:06:46.689732,
,,,,,,YYC,,,,,AMS,,,,2025-10-14T23:59:59Z,2025-05-15T09:00:00Z,destination=YYC&origin=AMS&endRange=2025-10-14T23:59:59Z&startRange=2025-05-15T09:00:00Z,2.0,153.0,2.0,100,<Response [200]>,2025-11-03T12:06:46.718560,
,,,,,,YYC,,,,,CDG,,,,2025-10-14T23:59:59Z,2025-05-15T09:00:00Z,destination=YYC&origin=CDG&endRange=2025-10-14T23:59:59Z&startRange=2025-05-15T09:00:00Z,2.0,153.0,2.0,100,<Response [200]>,2025-11-03T12:06:46.747089,
,,,,,,YYZ,,,,,AMS,,,,2025-10-14T23:59:59Z,2025-05-15T09:00:00Z,destination=YYZ&origin=AMS&endRange=2025-10-14T23:59:59Z&startRange=2025-05-15T09:00:00Z,6.0,595.0,6.0,100,<Response [200]>,2025-11-03T12:06:46.791894,
,,,,,,YYZ,,,,,CDG,,,,2025-10-14T23:59:59Z,2025-05-15T09:00:00Z,destination=YYZ&origin=CDG&endRange=2025-10-14T23:59:59Z&startRange=2025-05-15T09:00:00Z,7.0,612.0,7.0,100,<Response [200]>,2025-11-03T12:06:46.829305,
,,,,,,YYZ,,,,,LHR,,,,2025-10-14T23:59:59Z,2025-05-15T09:00:00Z,destination=YYZ&origin=LHR&endRange=2025-10-14T23:59:59Z&startRange=2025-05-15T09:00:00Z,2.0,153.0,2.0,100,<Response [200]>,2025-11-03T12:06:46.856666,
,,,,,,AUH,,,,,AMS,,,,2025-10-14T23:59:59Z,2025-05-15T09:00:00Z,destination=AUH&origin=AMS&endRange=2025-10-14T23:59:59Z&startRange=2025-05-15T09:00:00Z,,,,,<Response [500]>,2025-11-03T12:03:27.743180,"{""errors"":[{""name"":""INTERNAL_SERVER_ERROR""}]}"
