aircraftRegistration,aircraftType,arrivalCity,carrierCode,consumerHost,departureCity,destination,flightNumber,movementType,operatingAirlineCode,operationalSuffix,origin,serviceType,timeOriginType,timeType,endRange,startRange,call_parameters,totalPages,totalFlights,nb_of_pages_already_retrieved,completion,response
,,,,,,JFK,,,,,ATL,,,,2025-10-14T23:59:59Z,2025-05-15T09:00:00Z,destination=JFK&origin=ATL&endRange=2025-10-14T23:59:59Z&startRange=2025-05-15T09:00:00Z,70.0,6945.0,1.0,1.0,<Response [200]>
,,,,,,ATL,,,,,DTW,,,,2025-10-14T23:59:59Z,2025-05-15T09:00:00Z,destination=ATL&origin=DTW&endRange=2025-10-14T23:59:59Z&startRange=2025-05-15T09:00:00Z,103.0,10216.0,1.0,1.0,<Response [200]>
,,,,,,MSP,,,,,ATL,,,,2025-10-14T23:59:59Z,2025-05-15T09:00:00Z,destination=MSP&origin=ATL&endRange=2025-10-14T23:59:59Z&startRange=2025-05-15T09:00:00Z,104.0,10306.0,1.0,1.0,<Response [200]>
,,,,,,DTW,,,,,ATL,,,,2025-10-14T23:59:59Z,2025-05-15T09:00:00Z,destination=DTW&origin=ATL&endRange=2025-10-14T23:59:59Z&startRange=2025-05-15T09:00:00Z,84.0,8370.0,1.0,1.0,<Response [200]>
,,,,,,ATL,,,,,MSP,,,,2025-10-14T23:59:59Z,2025-05-15T09:00:00Z,destination=ATL&origin=MSP&endRange=2025-10-14T23:59:59Z&startRange=2025-05-15T09:00:00Z,114.0,11317.0,1.0,1.0,<Response [200]>
,,,,,,SEA,,,,,ATL,,,,2025-10-14T23:59:59Z,2025-05-15T09:00:00Z,destination=SEA&origin=ATL&endRange=2025-10-14T23:59:59Z&startRange=2025-05-15T09:00:00Z,49.0,4805.0,1.0,2.0,<Response [200]>
,,,,,,ATL,,,,,MCO,,,,2025-10-14T23:59:59Z,2025-05-15T09:00:00Z,destination=ATL&origin=MCO&endRange=2025-10-14T23:59:59Z&startRange=2025-05-15T09:00:00Z,40.0,3996.0,1.0,2.0,<Response [200]>
,,,,,,DTW,,,,,MSP,,,,2025-10-14T23:59:59Z,2025-05-15T09:00:00Z,destination=DTW&origin=MSP&endRange=2025-10-14T23:59:59Z&startRange=2025-05-15T09:00:00Z,48.0,4735.0,1.0,2.0,<Response [200]>
,,,,,,ATL,,,,,LAX,,,,2025-10-14T23:59:59Z,2025-05-15T09:00:00Z,destination=ATL&origin=LAX&endRange=2025-10-14T23:59:59Z&startRange=2025-05-15T09:00:00Z,44.0,4387.0,1.0,2.0,<Response [200]>
,,,,,,JFK,,,,,DTW,,,,2025-10-14T23:59:59Z,2025-05-15T09:00:00Z,destination=JFK&origin=DTW&endRange=2025-10-14T23:59:59Z&startRange=2025-05-15T09:00:00Z,55.0,5464.0,1.0,2.0,<Response [200]>
,,,,,,SLC,,,,,MSP,,,,2025-10-14T23:59:59Z,2025-05-15T09:00:00Z,destination=SLC&origin=MSP&endRange=2025-10-14T23:59:59Z&startRange=2025-05-15T09:00:00Z,45.0,4403.0,1.0,2.0,<Response [200]>
,,,,,,ATL,,,,,SLC,,,,2025-10-14T23:59:59Z,2025-05-15T09:00:00Z,destination=ATL&origin=SLC&endRange=2025-10-14T23:59:59Z&startRange=2025-05-15T09:00:00Z,59.0,5866.0,1.0,2.0,<Response [200]>
,,,,,,ATL,,,,,SEA,,,,2025-10-14T23:59:59Z,2025-05-15T09:00:00Z,destination=ATL&origin=SEA&endRange=2025-10-14T23:59:59Z&startRange=2025-05-15T09:00:00Z,47.0,4675.0,1.0,2.0,<Response [200]>
,,,,,,ATL,,,,,JFK,,,,2025-10-14T23:59:59Z,2025-05-15T09:00:00Z,destination=ATL&origin=JFK&endRange=2025-10-14T23:59:59Z&startRange=2025-05-15T09:00:00Z,56.0,5526.0,1.0,2.0,<Response [200]>
,,,,,,SLC,,,,,ATL,,,,2025-10-14T23:59:59Z,2025-05-15T09:00:00Z,destination=SLC&origin=ATL&endRange=2025-10-14T23:59:59Z&startRange=2025-05-15T09:00:00Z,63.0,6230.0,1.0,2.0,<Response [200]>
,,,,,,ATL,,,,,LAS,,,,2025-10-14T23:59:59Z,2025-05-15T09:00:00Z,destination=ATL&origin=LAS&endRange=2025-10-14T23:59:59Z&startRange=2025-05-15T09:00:00Z,41.0,4038.0,1.0,2.0,<Response [200]>
,,,,,,LAX,,,,,ATL,,,,2025-10-14T23:59:59Z,2025-05-15T09:00:00Z,destination=LAX&origin=ATL&endRange=2025-10-14T23:59:59Z&startRange=2025-05-15T09:00:00Z,46.0,4548.0,1.0,2.0,<Response [200]>
,,,,,,MCO,,,,,ATL,,,,2025-10-14T23:59:59Z,2025-05-15T09:00:00Z,destination=MCO&origin=ATL&endRange=2025-10-14T23:59:59Z&startRange=2025-05-15T09:00:00Z,41.0,4064.0,1.0,2.0,<Response [200]>
,,,,,,ATL,,,,,AUS,,,,2025-10-14T23:59:59Z,2025-05-15T09:00:00Z,destination=ATL&origin=AUS&endRange=2025-10-14T23:59:59Z&startRange=2025-05-15T09:00:00Z,29.0,2817.0,1.0,3.0,<Response [200]>
,,,,,,LAS,,,,,ATL,,,,2025-10-14T23:59:59Z,2025-05-15T09:00:00Z,destination=LAS&origin=ATL&endRange=2025-10-14T23:59:59Z&startRange=2025-05-15T09:00:00Z,38.0,3715.0,1.0,3.0,<Response [200]>
,,,,,,SFO,,,,,ATL,,,,2025-10-14T23:59:59Z,2025-05-15T09:00:00Z,destination=SFO&origin=ATL&endRange=2025-10-14T23:59:59Z&startRange=2025-05-15T09:00:00Z,30.0,2916.0,1.0,3.0,<Response [200]>
,,,,,,LGA,,,,,ATL,,,,2025-10-14T23:59:59Z,2025-05-15T09:00:00Z,destination=LGA&origin=ATL&endRange=2025-10-14T23:59:59Z&startRange=2025-05-15T09:00:00Z,31.0,3085.0,1.0,3.0,<Response [200]>
,,,,,,ORD,,,,,ATL,,,,2025-10-14T23:59:59Z,2025-05-15T09:00:00Z,destination=ORD&origin=ATL&endRange=2025-10-14T23:59:59Z&startRange=2025-05-15T09:00:00Z,30.0,2934.0,1.0,3.0,<Response [200]>
,,,,,,ATL,,,,,SFO,,,,2025-10-14T23:59:59Z,2025-05-15T09:00:00Z,destination=ATL&origin=SFO&endRange=2025-10-14T23:59:59Z&startRange=2025-05-15T09:00:00Z,36.0,3575.0,1.0,3.0,<Response [200]>
,,,,,,JFK,,,,,BOS,,,,2025-10-14T23:59:59Z,2025-05-15T09:00:00Z,destination=JFK&origin=BOS&endRange=2025-10-14T23:59:59Z&startRange=2025-05-15T09:00:00Z,29.0,2825.0,1.0,3.0,<Response [200]>
,,,,,,CDG,,,,,CDG,,,,2025-10-14T23:59:59Z,2025-05-15T09:00:00Z,destination=CDG&origin=CDG&endRange=2025-10-14T23:59:59Z&startRange=2025-05-15T09:00:00Z,75.0,7450.0,2.0,3.0,<Response [200]>
,,,,,,DCA,,,,,ATL,,,,2025-10-14T23:59:59Z,2025-05-15T09:00:00Z,destination=DCA&origin=ATL&endRange=2025-10-14T23:59:59Z&startRange=2025-05-15T09:00:00Z,30.0,2990.0,1.0,3.0,<Response [200]>
,,,,,,MCI,,,,,ATL,,,,2025-10-14T23:59:59Z,2025-05-15T09:00:00Z,destination=MCI&origin=ATL&endRange=2025-10-14T23:59:59Z&startRange=2025-05-15T09:00:00Z,29.0,2892.0,1.0,3.0,<Response [200]>
,,,,,,MSP,,,,,SLC,,,,2025-10-14T23:59:59Z,2025-05-15T09:00:00Z,destination=MSP&origin=SLC&endRange=2025-10-14T23:59:59Z&startRange=2025-05-15T09:00:00Z,34.0,3335.0,1.0,3.0,<Response [200]>
,,,,,,DTW,,,,,JFK,,,,2025-10-14T23:59:59Z,2025-05-15T09:00:00Z,destination=DTW&origin=JFK&endRange=2025-10-14T23:59:59Z&startRange=2025-05-15T09:00:00Z,37.0,3685.0,1.0,3.0,<Response [200]>
,,,,,,ATL,,,,,RDU,,,,2025-10-14T23:59:59Z,2025-05-15T09:00:00Z,destination=ATL&origin=RDU&endRange=2025-10-14T23:59:59Z&startRange=2025-05-15T09:00:00Z,30.0,2903.0,1.0,3.0,<Response [200]>
,,,,,,PHL,,,,,ATL,,,,2025-10-14T23:59:59Z,2025-05-15T09:00:00Z,destination=PHL&origin=ATL&endRange=2025-10-14T23:59:59Z&startRange=2025-05-15T09:00:00Z,29.0,2811.0,1.0,3.0,<Response [200]>
,,,,,,ATL,,,,,BOS,,,,2025-10-14T23:59:59Z,2025-05-15T09:00:00Z,destination=ATL&origin=BOS&endRange=2025-10-14T23:59:59Z&startRange=2025-05-15T09:00:00Z,34.0,3367.0,1.0,3.0,<Response [200]>
,,,,,,ATL,,,,,ORD,,,,2025-10-14T23:59:59Z,2025-05-15T09:00:00Z,destination=ATL&origin=ORD&endRange=2025-10-14T23:59:59Z&startRange=2025-05-15T09:00:00Z,33.0,3254.0,1.0,3.0,<Response [200]>
,,,,,,BOS,,,,,ATL,,,,2025-10-14T23:59:59Z,2025-05-15T09:00:00Z,destination=BOS&origin=ATL&endRange=2025-10-14T23:59:59Z&startRange=2025-05-15T09:00:00Z,34.0,3314.0,1.0,3.0,<Response [200]>
,,,,,,ATL,,,,,LGA,,,,2025-10-14T23:59:59Z,2025-05-15T09:00:00Z,destination=ATL&origin=LGA&endRange=2025-10-14T23:59:59Z&startRange=2025-05-15T09:00:00Z,31.0,3049.0,1.0,3.0,<Response [200]>
,,,,,,FLL,,,,,ATL,,,,2025-10-14T23:59:59Z,2025-05-15T09:00:00Z,destination=FLL&origin=ATL&endRange=2025-10-14T23:59:59Z&startRange=2025-05-15T09:00:00Z,31.0,3088.0,1.0,3.0,<Response [200]>
,,,,,,RDU,,,,,ATL,,,,2025-10-14T23:59:59Z,2025-05-15T09:00:00Z,destination=RDU&origin=ATL&endRange=2025-10-14T23:59:59Z&startRange=2025-05-15T09:00:00Z,33.0,3257.0,1.0,3.0,<Response [200]>
,,,,,,BNA,,,,,ATL,,,,2025-10-14T23:59:59Z,2025-05-15T09:00:00Z,destination=BNA&origin=ATL&endRange=2025-10-14T23:59:59Z&startRange=2025-05-15T09:00:00Z,30.0,2978.0,1.0,3.0,<Response [200]>
,,,,,,ORF,,,,,ATL,,,,2025-10-14T23:59:59Z,2025-05-15T09:00:00Z,destination=ORF&origin=ATL&endRange=2025-10-14T23:59:59Z&startRange=2025-05-15T09:00:00Z,23.0,2290.0,1.0,4.0,<Response [200]>
,,,,,,ATL,,,,,CLE,,,,2025-10-14T23:59:59Z,2025-05-15T09:00:00Z,destination=ATL&origin=CLE&endRange=2025-10-14T23:59:59Z&startRange=2025-05-15T09:00:00Z,26.0,2538.0,1.0,4.0,<Response [200]>
,,,,,,BHM,,,,,ATL,,,,2025-10-14T23:59:59Z,2025-05-15T09:00:00Z,destination=BHM&origin=ATL&endRange=2025-10-14T23:59:59Z&startRange=2025-05-15T09:00:00Z,23.0,2216.0,1.0,4.0,<Response [200]>
,,,,,,LAX,,,,,SLC,,,,2025-10-14T23:59:59Z,2025-05-15T09:00:00Z,destination=LAX&origin=SLC&endRange=2025-10-14T23:59:59Z&startRange=2025-05-15T09:00:00Z,24.0,2360.0,1.0,4.0,<Response [200]>
,,,,,,MIA,,,,,ATL,,,,2025-10-14T23:59:59Z,2025-05-15T09:00:00Z,destination=MIA&origin=ATL&endRange=2025-10-14T23:59:59Z&startRange=2025-05-15T09:00:00Z,24.0,2331.0,1.0,4.0,<Response [200]>
,,,,,,JFK,,,,,SFO,,,,2025-10-14T23:59:59Z,2025-05-15T09:00:00Z,destination=JFK&origin=SFO&endRange=2025-10-14T23:59:59Z&startRange=2025-05-15T09:00:00Z,26.0,2506.0,1.0,4.0,<Response [200]>
,,,,,,IND,,,,,ATL,,,,2025-10-14T23:59:59Z,2025-05-15T09:00:00Z,destination=IND&origin=ATL&endRange=2025-10-14T23:59:59Z&startRange=2025-05-15T09:00:00Z,26.0,2516.0,1.0,4.0,<Response [200]>
,,,,,,AUS,,,,,ATL,,,,2025-10-14T23:59:59Z,2025-05-15T09:00:00Z,destination=AUS&origin=ATL&endRange=2025-10-14T23:59:59Z&startRange=2025-05-15T09:00:00Z,27.0,2627.0,1.0,4.0,<Response [200]>
,,,,,,ATL,,,,,CLT,,,,2025-10-14T23:59:59Z,2025-05-15T09:00:00Z,destination=ATL&origin=CLT&endRange=2025-10-14T23:59:59Z&startRange=2025-05-15T09:00:00Z,25.0,2418.0,1.0,4.0,<Response [200]>
,,,,,,MCO,,,,,DTW,,,,2025-10-14T23:59:59Z,2025-05-15T09:00:00Z,destination=MCO&origin=DTW&endRange=2025-10-14T23:59:59Z&startRange=2025-05-15T09:00:00Z,23.0,2218.0,1.0,4.0,<Response [200]>
,,,,,,SLC,,,,,SEA,,,,2025-10-14T23:59:59Z,2025-05-15T09:00:00Z,destination=SLC&origin=SEA&endRange=2025-10-14T23:59:59Z&startRange=2025-05-15T09:00:00Z,28.0,2726.0,1.0,4.0,<Response [200]>
,,,,,,BOS,,,,,JFK,,,,2025-10-14T23:59:59Z,2025-05-15T09:00:00Z,destination=BOS&origin=JFK&endRange=2025-10-14T23:59:59Z&startRange=2025-05-15T09:00:00Z,24.0,2364.0,1.0,4.0,<Response [200]>
,,,,,,MSP,,,,,ORD,,,,2025-10-14T23:59:59Z,2025-05-15T09:00:00Z,destination=MSP&origin=ORD&endRange=2025-10-14T23:59:59Z&startRange=2025-05-15T09:00:00Z,23.0,2231.0,1.0,4.0,<Response [200]>
,,,,,,EWR,,,,,ATL,,,,2025-10-14T23:59:59Z,2025-05-15T09:00:00Z,destination=EWR&origin=ATL&endRange=2025-10-14T23:59:59Z&startRange=2025-05-15T09:00:00Z,24.0,2323.0,1.0,4.0,<Response [200]>
,,,,,,ATL,,,,,FLL,,,,2025-10-14T23:59:59Z,2025-05-15T09:00:00Z,destination=ATL&origin=FLL&endRange=2025-10-14T23:59:59Z&startRange=2025-05-15T09:00:00Z,28.0,2735.0,1.0,4.0,<Response [200]>
,,,,,,DFW,,,,,ATL,,,,2025-10-14T23:59:59Z,2025-05-15T09:00:00Z,destination=DFW&origin=ATL&endRange=2025-10-14T23:59:59Z&startRange=2025-05-15T09:00:00Z,25.0,2404.0,1.0,4.0,<Response [200]>
,,,,,,STL,,,,,ATL,,,,2025-10-14T23:59:59Z,2025-05-15T09:00:00Z,destination=STL&origin=ATL&endRange=2025-10-14T23:59:59Z&startRange=2025-05-15T09:00:00Z,24.0,2348.0,1.0,4.0,<Response [200]>
,,,,,,ATL,,,,,DFW,,,,2025-10-14T23:59:59Z,2025-05-15T09:00:00Z,destination=ATL&origin=DFW&endRange=2025-10-14T23:59:59Z&startRange=2025-05-15T09:00:00Z,25.0,2459.0,1.0,4.0,<Response [200]>
,,,,,,ATL,,,,,PHL,,,,2025-10-14T23:59:59Z,2025-05-15T09:00:00Z,destination=ATL&origin=PHL&endRange=2025-10-14T23:59:59Z&startRange=2025-05-15T09:00:00Z,23.0,2233.0,1.0,4.0,<Response [200]>
,,,,,,CLE,,,,,ATL,,,,2025-10-14T23:59:59Z,2025-05-15T09:00:00Z,destination=CLE&origin=ATL&endRange=2025-10-14T23:59:59Z&startRange=2025-05-15T09:00:00Z,25.0,2406.0,1.0,4.0,<Response [200]>
,,,,,,LAX,,,,,DTW,,,,2025-10-14T23:59:59Z,2025-05-15T09:00:00Z,destination=LAX&origin=DTW&endRange=2025-10-14T23:59:59Z&startRange=2025-05-15T09:00:00Z,24.0,2309.0,1.0,4.0,<Response [200]>
,,,,,,ATL,,,,,BNA,,,,2025-10-14T23:59:59Z,2025-05-15T09:00:00Z,destination=ATL&origin=BNA&endRange=2025-10-14T23:59:59Z&startRange=2025-05-15T09:00:00Z,26.0,2543.0,1.0,4.0,<Response [200]>
,,,,,,DTW,,,,,LAX,,,,2025-10-14T23:59:59Z,2025-05-15T09:00:00Z,destination=DTW&origin=LAX&endRange=2025-10-14T23:59:59Z&startRange=2025-05-15T09:00:00Z,23.0,2228.0,1.0,4.0,<Response [200]>
,,,,,,MSP,,,,,SEA,,,,2025-10-14T23:59:59Z,2025-05-15T09:00:00Z,destination=MSP&origin=SEA&endRange=2025-10-14T23:59:59Z&startRange=2025-05-15T09:00:00Z,23.0,2204.0,1.0,4.0,<Response [200]>
,,,,,,ATL,,,,,TYS,,,,2025-10-14T23:59:59Z,2025-05-15T09:00:00Z,destination=ATL&origin=TYS&endRange=2025-10-14T23:59:59Z&startRange=2025-05-15T09:00:00Z,27.0,2642.0,1.0,4.0,<Response [200]>
,,,,,,CVG,,,,,ATL,,,,2025-10-14T23:59:59Z,2025-05-15T09:00:00Z,destination=CVG&origin=ATL&endRange=2025-10-14T23:59:59Z&startRange=2025-05-15T09:00:00Z,28.0,2785.0,1.0,4.0,<Response [200]>
,,,,,,SGN,,,,,HAN,,,,2025-10-14T23:59:59Z,2025-05-15T09:00:00Z,destination=SGN&origin=HAN&endRange=2025-10-14T23:59:59Z&startRange=2025-05-15T09:00:00Z,25.0,2406.0,1.0,4.0,<Response [200]>
,,,,,,ATL,,,,,TPA,,,,2025-10-14T23:59:59Z,2025-05-15T09:00:00Z,destination=ATL&origin=TPA&endRange=2025-10-14T23:59:59Z&startRange=2025-05-15T09:00:00Z,24.0,2322.0,1.0,4.0,<Response [200]>
,,,,,,MCO,,,,,MSP,,,,2025-10-14T23:59:59Z,2025-05-15T09:00:00Z,destination=MCO&origin=MSP&endRange=2025-10-14T23:59:59Z&startRange=2025-05-15T09:00:00Z,24.0,2311.0,1.0,4.0,<Response [200]>
,,,,,,LAX,,,,,JFK,,,,2025-10-14T23:59:59Z,2025-05-15T09:00:00Z,destination=LAX&origin=JFK&endRange=2025-10-14T23:59:59Z&startRange=2025-05-15T09:00:00Z,25.0,2445.0,1.0,4.0,<Response [200]>
,,,,,,ATL,,,,,DCA,,,,2025-10-14T23:59:59Z,2025-05-15T09:00:00Z,destination=ATL&origin=DCA&endRange=2025-10-14T23:59:59Z&startRange=2025-05-15T09:00:00Z,27.0,2613.0,1.0,4.0,<Response [200]>
,,,,,,SEA,,,,,SLC,,,,2025-10-14T23:59:59Z,2025-05-15T09:00:00Z,destination=SEA&origin=SLC&endRange=2025-10-14T23:59:59Z&startRange=2025-05-15T09:00:00Z,24.0,2381.0,1.0,4.0,<Response [200]>
,,,,,,SAN,,,,,ATL,,,,2025-10-14T23:59:59Z,2025-05-15T09:00:00Z,destination=SAN&origin=ATL&endRange=2025-10-14T23:59:59Z&startRange=2025-05-15T09:00:00Z,24.0,2349.0,1.0,4.0,<Response [200]>
,,,,,,HAN,,,,,SGN,,,,2025-10-14T23:59:59Z,2025-05-15T09:00:00Z,destination=HAN&origin=SGN&endRange=2025-10-14T23:59:59Z&startRange=2025-05-15T09:00:00Z,24.0,2375.0,1.0,4.0,<Response [200]>
,,,,,,TPA,,,,,ATL,,,,2025-10-14T23:59:59Z,2025-05-15T09:00:00Z,destination=TPA&origin=ATL&endRange=2025-10-14T23:59:59Z&startRange=2025-05-15T09:00:00Z,28.0,2785.0,1.0,4.0,<Response [200]>
,,,,,,PBI,,,,,ATL,,,,2025-10-14T23:59:59Z,2025-05-15T09:00:00Z,destination=PBI&origin=ATL&endRange=2025-10-14T23:59:59Z&startRange=2025-05-15T09:00:00Z,23.0,2205.0,1.0,4.0,<Response [200]>
,,,,,,ATL,,,,,MCI,,,,2025-10-14T23:59:59Z,2025-05-15T09:00:00Z,destination=ATL&origin=MCI&endRange=2025-10-14T23:59:59Z&startRange=2025-05-15T09:00:00Z,24.0,2369.0,1.0,4.0,<Response [200]>
,,,,,,TYS,,,,,ATL,,,,2025-10-14T23:59:59Z,2025-05-15T09:00:00Z,destination=TYS&origin=ATL&endRange=2025-10-14T23:59:59Z&startRange=2025-05-15T09:00:00Z,26.0,2576.0,1.0,4.0,<Response [200]>
,,,,,,CLT,,,,,ATL,,,,2025-10-14T23:59:59Z,2025-05-15T09:00:00Z,destination=CLT&origin=ATL&endRange=2025-10-14T23:59:59Z&startRange=2025-05-15T09:00:00Z,24.0,2393.0,1.0,4.0,<Response [200]>
,,,,,,BWI,,,,,ATL,,,,2025-10-14T23:59:59Z,2025-05-15T09:00:00Z,destination=BWI&origin=ATL&endRange=2025-10-14T23:59:59Z&startRange=2025-05-15T09:00:00Z,24.0,2340.0,1.0,4.0,<Response [200]>
,,,,,,JFK,,,,,LAX,,,,2025-10-14T23:59:59Z,2025-05-15T09:00:00Z,destination=JFK&origin=LAX&endRange=2025-10-14T23:59:59Z&startRange=2025-05-15T09:00:00Z,27.0,2622.0,1.0,4.0,<Response [200]>
,,,,,,JAX,,,,,ATL,,,,2025-10-14T23:59:59Z,2025-05-15T09:00:00Z,destination=JAX&origin=ATL&endRange=2025-10-14T23:59:59Z&startRange=2025-05-15T09:00:00Z,28.0,2783.0,1.0,4.0,<Response [200]>
,,,,,,MEM,,,,,ATL,,,,2025-10-14T23:59:59Z,2025-05-15T09:00:00Z,destination=MEM&origin=ATL&endRange=2025-10-14T23:59:59Z&startRange=2025-05-15T09:00:00Z,26.0,2506.0,1.0,4.0,<Response [200]>
,,,,,,GSP,,,,,ATL,,,,2025-10-14T23:59:59Z,2025-05-15T09:00:00Z,destination=GSP&origin=ATL&endRange=2025-10-14T23:59:59Z&startRange=2025-05-15T09:00:00Z,22.0,2158.0,1.0,5.0,<Response [200]>
,,,,,,DTW,,,,,BOS,,,,2025-10-14T23:59:59Z,2025-05-15T09:00:00Z,destination=DTW&origin=BOS&endRange=2025-10-14T23:59:59Z&startRange=2025-05-15T09:00:00Z,19.0,1818.0,1.0,5.0,<Response [200]>
,,,,,,SEA,,,,,DTW,,,,2025-10-14T23:59:59Z,2025-05-15T09:00:00Z,destination=SEA&origin=DTW&endRange=2025-10-14T23:59:59Z&startRange=2025-05-15T09:00:00Z,21.0,2039.0,1.0,5.0,<Response [200]>
,,,,,,SEA,,,,,SFO,,,,2025-10-14T23:59:59Z,2025-05-15T09:00:00Z,destination=SEA&origin=SFO&endRange=2025-10-14T23:59:59Z&startRange=2025-05-15T09:00:00Z,22.0,2164.0,1.0,5.0,<Response [200]>
,,,,,,CVG,,,,,DTW,,,,2025-10-14T23:59:59Z,2025-05-15T09:00:00Z,destination=CVG&origin=DTW&endRange=2025-10-14T23:59:59Z&startRange=2025-05-15T09:00:00Z,22.0,2178.0,1.0,5.0,<Response [200]>
,,,,,,RIC,,,,,ATL,,,,2025-10-14T23:59:59Z,2025-05-15T09:00:00Z,destination=RIC&origin=ATL&endRange=2025-10-14T23:59:59Z&startRange=2025-05-15T09:00:00Z,20.0,1971.0,1.0,5.0,<Response [200]>
,,,,,,ATL,,,,,SAN,,,,2025-10-14T23:59:59Z,2025-05-15T09:00:00Z,destination=ATL&origin=SAN&endRange=2025-10-14T23:59:59Z&startRange=2025-05-15T09:00:00Z,21.0,2010.0,1.0,5.0,<Response [200]>
,,,,,,JFK,,,,,SEA,,,,2025-10-14T23:59:59Z,2025-05-15T09:00:00Z,destination=JFK&origin=SEA&endRange=2025-10-14T23:59:59Z&startRange=2025-05-15T09:00:00Z,22.0,2132.0,1.0,5.0,<Response [200]>
,,,,,,MKE,,,,,ATL,,,,2025-10-14T23:59:59Z,2025-05-15T09:00:00Z,destination=MKE&origin=ATL&endRange=2025-10-14T23:59:59Z&startRange=2025-05-15T09:00:00Z,19.0,1866.0,1.0,5.0,<Response [200]>
,,,,,,LAS,,,,,MSP,,,,2025-10-14T23:59:59Z,2025-05-15T09:00:00Z,destination=LAS&origin=MSP&endRange=2025-10-14T23:59:59Z&startRange=2025-05-15T09:00:00Z,21.0,2027.0,1.0,5.0,<Response [200]>
,,,,,,SLC,,,,,PHX,,,,2025-10-14T23:59:59Z,2025-05-15T09:00:00Z,destination=SLC&origin=PHX&endRange=2025-10-14T23:59:59Z&startRange=2025-05-15T09:00:00Z,19.0,1867.0,1.0,5.0,<Response [200]>
,,,,,,MSY,,,,,ATL,,,,2025-10-14T23:59:59Z,2025-05-15T09:00:00Z,destination=MSY&origin=ATL&endRange=2025-10-14T23:59:59Z&startRange=2025-05-15T09:00:00Z,20.0,1950.0,1.0,5.0,<Response [200]>
,,,,,,CVG,,,,,MSP,,,,2025-10-14T23:59:59Z,2025-05-15T09:00:00Z,destination=CVG&origin=MSP&endRange=2025-10-14T23:59:59Z&startRange=2025-05-15T09:00:00Z,22.0,2119.0,1.0,5.0,<Response [200]>
,,,,,,ATL,,,,,EWR,,,,2025-10-14T23:59:59Z,2025-05-15T09:00:00Z,destination=ATL&origin=EWR&endRange=2025-10-14T23:59:59Z&startRange=2025-05-15T09:00:00Z,21.0,2038.0,1.0,5.0,<Response [200]>
,,,,,,MSP,,,,,MCO,,,,2025-10-14T23:59:59Z,2025-05-15T09:00:00Z,destination=MSP&origin=MCO&endRange=2025-10-14T23:59:59Z&startRange=2025-05-15T09:00:00Z,19.0,1893.0,1.0,5.0,<Response [200]>
,,,,,,MSP,,,,,LAX,,,,2025-10-14T23:59:59Z,2025-05-15T09:00:00Z,destination=MSP&origin=LAX&endRange=2025-10-14T23:59:59Z&startRange=2025-05-15T09:00:00Z,19.0,1857.0,1.0,5.0,<Response [200]>
,,,,,,SEA,,,,,MSP,,,,2025-10-14T23:59:59Z,2025-05-15T09:00:00Z,destination=SEA&origin=MSP&endRange=2025-10-14T23:59:59Z&startRange=2025-05-15T09:00:00Z,19.0,1821.0,1.0,5.0,<Response [200]>
,,,,,,TLH,,,,,ATL,,,,2025-10-14T23:59:59Z,2025-05-15T09:00:00Z,destination=TLH&origin=ATL&endRange=2025-10-14T23:59:59Z&startRange=2025-05-15T09:00:00Z,20.0,1946.0,1.0,5.0,<Response [200]>
,,,,,,BOS,,,,,DCA,,,,2025-10-14T23:59:59Z,2025-05-15T09:00:00Z,destination=BOS&origin=DCA&endRange=2025-10-14T23:59:59Z&startRange=2025-05-15T09:00:00Z,19.0,1894.0,1.0,5.0,<Response [200]>
,,,,,,SDF,,,,,ATL,,,,2025-10-14T23:59:59Z,2025-05-15T09:00:00Z,destination=SDF&origin=ATL&endRange=2025-10-14T23:59:59Z&startRange=2025-05-15T09:00:00Z,19.0,1859.0,1.0,5.0,<Response [200]>
,,,,,,GSO,,,,,ATL,,,,2025-10-14T23:59:59Z,2025-05-15T09:00:00Z,destination=GSO&origin=ATL&endRange=2025-10-14T23:59:59Z&startRange=2025-05-15T09:00:00Z,20.0,1977.0,1.0,5.0,<Response [200]>
,,,,,,SFO,,,,,SEA,,,,2025-10-14T23:59:59Z,2025-05-15T09:00:00Z,destination=SFO&origin=SEA&endRange=2025-10-14T23:59:59Z&startRange=2025-05-15T09:00:00Z,20.0,1922.0,1.0,5.0,<Response [200]>
,,,,,,ATL,,,,,STL,,,,2025-10-14T23:59:59Z,2025-05-15T09:00:00Z,destination=ATL&origin=STL&endRange=2025-10-14T23:59:59Z&startRange=2025-05-15T09:00:00Z,22.0,2171.0,1.0,5.0,<Response [200]>
,,,,,,PIT,,,,,ATL,,,,2025-10-14T23:59:59Z,2025-05-15T09:00:00Z,destination=PIT&origin=ATL&endRange=2025-10-14T23:59:59Z&startRange=2025-05-15T09:00:00Z,21.0,2086.0,1.0,5.0,<Response [200]>
,,,,,,LAX,,,,,MSP,,,,2025-10-14T23:59:59Z,2025-05-15T09:00:00Z,destination=LAX&origin=MSP&endRange=2025-10-14T23:59:59Z&startRange=2025-05-15T09:00:00Z,20.0,1945.0,1.0,5.0,<Response [200]>
,,,,,,PHX,,,,,ATL,,,,2025-10-14T23:59:59Z,2025-05-15T09:00:00Z,destination=PHX&origin=ATL&endRange=2025-10-14T23:59:59Z&startRange=2025-05-15T09:00:00Z,20.0,1944.0,1.0,5.0,<Response [200]>
,,,,,,PNS,,,,,ATL,,,,2025-10-14T23:59:59Z,2025-05-15T09:00:00Z,destination=PNS&origin=ATL&endRange=2025-10-14T23:59:59Z&startRange=2025-05-15T09:00:00Z,21.0,2095.0,1.0,5.0,<Response [200]>
,,,,,,DEN,,,,,ATL,,,,2025-10-14T23:59:59Z,2025-05-15T09:00:00Z,destination=DEN&origin=ATL&endRange=2025-10-14T23:59:59Z&startRange=2025-05-15T09:00:00Z,22.0,2176.0,1.0,5.0,<Response [200]>
,,,,,,CHS,,,,,ATL,,,,2025-10-14T23:59:59Z,2025-05-15T09:00:00Z,destination=CHS&origin=ATL&endRange=2025-10-14T23:59:59Z&startRange=2025-05-15T09:00:00Z,21.0,2087.0,1.0,5.0,<Response [200]>
,,,,,,ATL,,,,,DEN,,,,2025-10-14T23:59:59Z,2025-05-15T09:00:00Z,destination=ATL&origin=DEN&endRange=2025-10-14T23:59:59Z&startRange=2025-05-15T09:00:00Z,22.0,2187.0,1.0,5.0,<Response [200]>
,,,,,,ATL,,,,,BWI,,,,2025-10-14T23:59:59Z,2025-05-15T09:00:00Z,destination=ATL&origin=BWI&endRange=2025-10-14T23:59:59Z&startRange=2025-05-15T09:00:00Z,19.0,1893.0,1.0,5.0,<Response [200]>
,,,,,,DTW,,,,,ORD,,,,2025-10-14T23:59:59Z,2025-05-15T09:00:00Z,destination=DTW&origin=ORD&endRange=2025-10-14T23:59:59Z&startRange=2025-05-15T09:00:00Z,20.0,1960.0,1.0,5.0,<Response [200]>
,,,,,,ATL,,,,,MIA,,,,2025-10-14T23:59:59Z,2025-05-15T09:00:00Z,destination=ATL&origin=MIA&endRange=2025-10-14T23:59:59Z&startRange=2025-05-15T09:00:00Z,22.0,2148.0,1.0,5.0,<Response [200]>
,,,,,,SAV,,,,,ATL,,,,2025-10-14T23:59:59Z,2025-05-15T09:00:00Z,destination=SAV&origin=ATL&endRange=2025-10-14T23:59:59Z&startRange=2025-05-15T09:00:00Z,19.0,1835.0,1.0,5.0,<Response [200]>
,,,,,,BOS,,,,,LGA,,,,2025-10-14T23:59:59Z,2025-05-15T09:00:00Z,destination=BOS&origin=LGA&endRange=2025-10-14T23:59:59Z&startRange=2025-05-15T09:00:00Z,19.0,1892.0,1.0,5.0,<Response [200]>
,,,,,,ATL,,,,,IAD,,,,2025-10-14T23:59:59Z,2025-05-15T09:00:00Z,destination=ATL&origin=IAD&endRange=2025-10-14T23:59:59Z&startRange=2025-05-15T09:00:00Z,19.0,1899.0,1.0,5.0,<Response [200]>
,,,,,,ATL,,,,,IAH,,,,2025-10-14T23:59:59Z,2025-05-15T09:00:00Z,destination=ATL&origin=IAH&endRange=2025-10-14T23:59:59Z&startRange=2025-05-15T09:00:00Z,22.0,2145.0,1.0,5.0,<Response [200]>
,,,,,,DTW,,,,,SLC,,,,2025-10-14T23:59:59Z,2025-05-15T09:00:00Z,destination=DTW&origin=SLC&endRange=2025-10-14T23:59:59Z&startRange=2025-05-15T09:00:00Z,21.0,2092.0,1.0,5.0,<Response [200]>
,,,,,,RSW,,,,,ATL,,,,2025-10-14T23:59:59Z,2025-05-15T09:00:00Z,destination=RSW&origin=ATL&endRange=2025-10-14T23:59:59Z&startRange=2025-05-15T09:00:00Z,21.0,2036.0,1.0,5.0,<Response [200]>
,,,,,,BDL,,,,,ATL,,,,2025-10-14T23:59:59Z,2025-05-15T09:00:00Z,destination=BDL&origin=ATL&endRange=2025-10-14T23:59:59Z&startRange=2025-05-15T09:00:00Z,19.0,1885.0,1.0,5.0,<Response [200]>
,,,,,,DTW,,,,,MCO,,,,2025-10-14T23:59:59Z,2025-05-15T09:00:00Z,destination=DTW&origin=MCO&endRange=2025-10-14T23:59:59Z&startRange=2025-05-15T09:00:00Z,22.0,2134.0,1.0,5.0,<Response [200]>
,,,,,,JFK,,,,,SLC,,,,2025-10-14T23:59:59Z,2025-05-15T09:00:00Z,destination=JFK&origin=SLC&endRange=2025-10-14T23:59:59Z&startRange=2025-05-15T09:00:00Z,20.0,1956.0,1.0,5.0,<Response [200]>
,,,,,,ORD,,,,,MSP,,,,2025-10-14T23:59:59Z,2025-05-15T09:00:00Z,destination=ORD&origin=MSP&endRange=2025-10-14T23:59:59Z&startRange=2025-05-15T09:00:00Z,21.0,2020.0,1.0,5.0,<Response [200]>
,,,,,,SLC,,,,,JFK,,,,2025-10-14T23:59:59Z,2025-05-15T09:00:00Z,destination=SLC&origin=JFK&endRange=2025-10-14T23:59:59Z&startRange=2025-05-15T09:00:00Z,22.0,2182.0,1.0,5.0,<Response [200]>
,,,,,,MSP,,,,,BOS,,,,2025-10-14T23:59:59Z,2025-05-15T09:00:00Z,destination=MSP&origin=BOS&endRange=2025-10-14T23:59:59Z&startRange=2025-05-15T09:00:00Z,21.0,2047.0,1.0,5.0,<Response [200]>
,,,,,,ALG,,,,,CDG,,,,2025-10-14T23:59:59Z,2025-05-15T09:00:00Z,destination=ALG&origin=CDG&endRange=2025-10-14T23:59:59Z&startRange=2025-05-15T09:00:00Z,20.0,1910.0,1.0,5.0,<Response [200]>
,,,,,,JFK,,,,,CDG,,,,2025-10-14T23:59:59Z,2025-05-15T09:00:00Z,destination=JFK&origin=CDG&endRange=2025-10-14T23:59:59Z&startRange=2025-05-15T09:00:00Z,19.0,1854.0,1.0,5.0,<Response [200]>
,,,,,,CDG,,,,,JFK,,,,2025-10-14T23:59:59Z,2025-05-15T09:00:00Z,destination=CDG&origin=JFK&endRange=2025-10-14T23:59:59Z&startRange=2025-05-15T09:00:00Z,19.0,1821.0,1.0,5.0,<Response [200]>
,,,,,,IAD,,,,,ATL,,,,2025-10-14T23:59:59Z,2025-05-15T09:00:00Z,destination=IAD&origin=ATL&endRange=2025-10-14T23:59:59Z&startRange=2025-05-15T09:00:00Z,19.0,1836.0,1.0,5.0,<Response [200]>
,,,,,,LAX,,,,,SEA,,,,2025-10-14T23:59:59Z,2025-05-15T09:00:00Z,destination=LAX&origin=SEA&endRange=2025-10-14T23:59:59Z&startRange=2025-05-15T09:00:00Z,22.0,2111.0,1.0,5.0,<Response [200]>
,,,,,,PHL,,,,,DTW,,,,2025-10-14T23:59:59Z,2025-05-15T09:00:00Z,destination=PHL&origin=DTW&endRange=2025-10-14T23:59:59Z&startRange=2025-05-15T09:00:00Z,19.0,1830.0,1.0,5.0,<Response [200]>
,,,,,,ORD,,,,,DTW,,,,2025-10-14T23:59:59Z,2025-05-15T09:00:00Z,destination=ORD&origin=DTW&endRange=2025-10-14T23:59:59Z&startRange=2025-05-15T09:00:00Z,20.0,1910.0,1.0,5.0,<Response [200]>
,,,,,,IAH,,,,,ATL,,,,2025-10-14T23:59:59Z,2025-05-15T09:00:00Z,destination=IAH&origin=ATL&endRange=2025-10-14T23:59:59Z&startRange=2025-05-15T09:00:00Z,19.0,1810.0,1.0,5.0,<Response [200]>
,,,,,,CAE,,,,,ATL,,,,2025-10-14T23:59:59Z,2025-05-15T09:00:00Z,destination=CAE&origin=ATL&endRange=2025-10-14T23:59:59Z&startRange=2025-05-15T09:00:00Z,19.0,1822.0,1.0,5.0,<Response [200]>
,,,,,,CMH,,,,,ATL,,,,2025-10-14T23:59:59Z,2025-05-15T09:00:00Z,destination=CMH&origin=ATL&endRange=2025-10-14T23:59:59Z&startRange=2025-05-15T09:00:00Z,22.0,2181.0,1.0,5.0,<Response [200]>
,,,,,,ATL,,,,,MEM,,,,2025-10-14T23:59:59Z,2025-05-15T09:00:00Z,destination=ATL&origin=MEM&endRange=2025-10-14T23:59:59Z&startRange=2025-05-15T09:00:00Z,20.0,1919.0,1.0,5.0,<Response [200]>
,,,,,,ATL,,,,,CVG,,,,2025-10-14T23:59:59Z,2025-05-15T09:00:00Z,destination=ATL&origin=CVG&endRange=2025-10-14T23:59:59Z&startRange=2025-05-15T09:00:00Z,21.0,2079.0,1.0,5.0,<Response [200]>
,,,,,,ATL,,,,,SAT,,,,2025-10-14T23:59:59Z,2025-05-15T09:00:00Z,destination=ATL&origin=SAT&endRange=2025-10-14T23:59:59Z&startRange=2025-05-15T09:00:00Z,22.0,2115.0,1.0,5.0,<Response [200]>
,,,,,,MSP,,,,,JFK,,,,2025-10-14T23:59:59Z,2025-05-15T09:00:00Z,destination=MSP&origin=JFK&endRange=2025-10-14T23:59:59Z&startRange=2025-05-15T09:00:00Z,21.0,2078.0,1.0,5.0,<Response [200]>
,,,,,,ATL,,,,,PHX,,,,2025-10-14T23:59:59Z,2025-05-15T09:00:00Z,destination=ATL&origin=PHX&endRange=2025-10-14T23:59:59Z&startRange=2025-05-15T09:00:00Z,20.0,1969.0,1.0,5.0,<Response [200]>
,,,,,,HSV,,,,,ATL,,,,2025-10-14T23:59:59Z,2025-05-15T09:00:00Z,destination=HSV&origin=ATL&endRange=2025-10-14T23:59:59Z&startRange=2025-05-15T09:00:00Z,21.0,2089.0,1.0,5.0,<Response [200]>
,,,,,,ATL,,,,,MKE,,,,2025-10-14T23:59:59Z,2025-05-15T09:00:00Z,destination=ATL&origin=MKE&endRange=2025-10-14T23:59:59Z&startRange=2025-05-15T09:00:00Z,19.0,1819.0,1.0,5.0,<Response [200]>
,,,,,,MSP,,,,,LGA,,,,2025-10-14T23:59:59Z,2025-05-15T09:00:00Z,destination=MSP&origin=LGA&endRange=2025-10-14T23:59:59Z&startRange=2025-05-15T09:00:00Z,21.0,2034.0,1.0,5.0,<Response [200]>
,,,,,,ATL,,,,,MSY,,,,2025-10-14T23:59:59Z,2025-05-15T09:00:00Z,destination=ATL&origin=MSY&endRange=2025-10-14T23:59:59Z&startRange=2025-05-15T09:00:00Z,20.0,1917.0,1.0,5.0,<Response [200]>
,,,,,,ATL,,,,,HSV,,,,2025-10-14T23:59:59Z,2025-05-15T09:00:00Z,destination=ATL&origin=HSV&endRange=2025-10-14T23:59:59Z&startRange=2025-05-15T09:00:00Z,21.0,2012.0,1.0,5.0,<Response [200]>
,,,,,,PHX,,,,,MSP,,,,2025-10-14T23:59:59Z,2025-05-15T09:00:00Z,destination=PHX&origin=MSP&endRange=2025-10-14T23:59:59Z&startRange=2025-05-15T09:00:00Z,16.0,1548.0,1.0,6.0,<Response [200]>
,,,,,,SLC,,,,,LAS,,,,2025-10-14T23:59:59Z,2025-05-15T09:00:00Z,destination=SLC&origin=LAS&endRange=2025-10-14T23:59:59Z&startRange=2025-05-15T09:00:00Z,17.0,1698.0,1.0,6.0,<Response [200]>
,,,,,,SAT,,,,,ATL,,,,2025-10-14T23:59:59Z,2025-05-15T09:00:00Z,destination=SAT&origin=ATL&endRange=2025-10-14T23:59:59Z&startRange=2025-05-15T09:00:00Z,17.0,1631.0,1.0,6.0,<Response [200]>
,,,,,,MCI,,,,,MSP,,,,2025-10-14T23:59:59Z,2025-05-15T09:00:00Z,destination=MCI&origin=MSP&endRange=2025-10-14T23:59:59Z&startRange=2025-05-15T09:00:00Z,17.0,1666.0,1.0,6.0,<Response [200]>
,,,,,,MKE,,,,,MSP,,,,2025-10-14T23:59:59Z,2025-05-15T09:00:00Z,destination=MKE&origin=MSP&endRange=2025-10-14T23:59:59Z&startRange=2025-05-15T09:00:00Z,18.0,1708.0,1.0,6.0,<Response [200]>
,,,,,,JAN,,,,,ATL,,,,2025-10-14T23:59:59Z,2025-05-15T09:00:00Z,destination=JAN&origin=ATL&endRange=2025-10-14T23:59:59Z&startRange=2025-05-15T09:00:00Z,18.0,1779.0,1.0,6.0,<Response [200]>
,,,,,,SFO,,,,,JFK,,,,2025-10-14T23:59:59Z,2025-05-15T09:00:00Z,destination=SFO&origin=JFK&endRange=2025-10-14T23:59:59Z&startRange=2025-05-15T09:00:00Z,17.0,1639.0,1.0,6.0,<Response [200]>
,,,,,,RDU,,,,,MSP,,,,2025-10-14T23:59:59Z,2025-05-15T09:00:00Z,destination=RDU&origin=MSP&endRange=2025-10-14T23:59:59Z&startRange=2025-05-15T09:00:00Z,16.0,1590.0,1.0,6.0,<Response [200]>
,,,,,,ATL,,,,,TLH,,,,2025-10-14T23:59:59Z,2025-05-15T09:00:00Z,destination=ATL&origin=TLH&endRange=2025-10-14T23:59:59Z&startRange=2025-05-15T09:00:00Z,17.0,1695.0,1.0,6.0,<Response [200]>
,,,,,,MSP,,,,,CLE,,,,2025-10-14T23:59:59Z,2025-05-15T09:00:00Z,destination=MSP&origin=CLE&endRange=2025-10-14T23:59:59Z&startRange=2025-05-15T09:00:00Z,16.0,1589.0,1.0,6.0,<Response [200]>
,,,,,,CLT,,,,,DTW,,,,2025-10-14T23:59:59Z,2025-05-15T09:00:00Z,destination=CLT&origin=DTW&endRange=2025-10-14T23:59:59Z&startRange=2025-05-15T09:00:00Z,16.0,1530.0,1.0,6.0,<Response [200]>
,,,,,,STL,,,,,MSP,,,,2025-10-14T23:59:59Z,2025-05-15T09:00:00Z,destination=STL&origin=MSP&endRange=2025-10-14T23:59:59Z&startRange=2025-05-15T09:00:00Z,16.0,1546.0,1.0,6.0,<Response [200]>
,,,,,,ATL,,,,,CAE,,,,2025-10-14T23:59:59Z,2025-05-15T09:00:00Z,destination=ATL&origin=CAE&endRange=2025-10-14T23:59:59Z&startRange=2025-05-15T09:00:00Z,17.0,1655.0,1.0,6.0,<Response [200]>
,,,,,,BUF,,,,,DTW,,,,2025-10-14T23:59:59Z,2025-05-15T09:00:00Z,destination=BUF&origin=DTW&endRange=2025-10-14T23:59:59Z&startRange=2025-05-15T09:00:00Z,16.0,1572.0,1.0,6.0,<Response [200]>
,,,,,,SFO,,,,,DTW,,,,2025-10-14T23:59:59Z,2025-05-15T09:00:00Z,destination=SFO&origin=DTW&endRange=2025-10-14T23:59:59Z&startRange=2025-05-15T09:00:00Z,16.0,1512.0,1.0,6.0,<Response [200]>
,,,,,,CLE,,,,,DTW,,,,2025-10-14T23:59:59Z,2025-05-15T09:00:00Z,destination=CLE&origin=DTW&endRange=2025-10-14T23:59:59Z&startRange=2025-05-15T09:00:00Z,18.0,1769.0,1.0,6.0,<Response [200]>
,,,,,,ATL,,,,,ORF,,,,2025-10-14T23:59:59Z,2025-05-15T09:00:00Z,destination=ATL&origin=ORF&endRange=2025-10-14T23:59:59Z&startRange=2025-05-15T09:00:00Z,16.0,1576.0,1.0,6.0,<Response [200]>
,,,,,,ATL,,,,,SRQ,,,,2025-10-14T23:59:59Z,2025-05-15T09:00:00Z,destination=ATL&origin=SRQ&endRange=2025-10-14T23:59:59Z&startRange=2025-05-15T09:00:00Z,16.0,1537.0,1.0,6.0,<Response [200]>
,,,,,,ATL,,,,,RIC,,,,2025-10-14T23:59:59Z,2025-05-15T09:00:00Z,destination=ATL&origin=RIC&endRange=2025-10-14T23:59:59Z&startRange=2025-05-15T09:00:00Z,17.0,1658.0,1.0,6.0,<Response [200]>
,,,,,,DCA,,,,,BOS,,,,2025-10-14T23:59:59Z,2025-05-15T09:00:00Z,destination=DCA&origin=BOS&endRange=2025-10-14T23:59:59Z&startRange=2025-05-15T09:00:00Z,18.0,1771.0,1.0,6.0,<Response [200]>
,,,,,,DTW,,,,,DCA,,,,2025-10-14T23:59:59Z,2025-05-15T09:00:00Z,destination=DTW&origin=DCA&endRange=2025-10-14T23:59:59Z&startRange=2025-05-15T09:00:00Z,17.0,1636.0,1.0,6.0,<Response [200]>
,,,,,,ATL,,,,,RSW,,,,2025-10-14T23:59:59Z,2025-05-15T09:00:00Z,destination=ATL&origin=RSW&endRange=2025-10-14T23:59:59Z&startRange=2025-05-15T09:00:00Z,17.0,1659.0,1.0,6.0,<Response [200]>
,,,,,,JFK,,,,,LAS,,,,2025-10-14T23:59:59Z,2025-05-15T09:00:00Z,destination=JFK&origin=LAS&endRange=2025-10-14T23:59:59Z&startRange=2025-05-15T09:00:00Z,18.0,1792.0,1.0,6.0,<Response [200]>
,,,,,,MCO,,,,,JFK,,,,2025-10-14T23:59:59Z,2025-05-15T09:00:00Z,destination=MCO&origin=JFK&endRange=2025-10-14T23:59:59Z&startRange=2025-05-15T09:00:00Z,18.0,1708.0,1.0,6.0,<Response [200]>
,,,,,,SLC,,,,,PDX,,,,2025-10-14T23:59:59Z,2025-05-15T09:00:00Z,destination=SLC&origin=PDX&endRange=2025-10-14T23:59:59Z&startRange=2025-05-15T09:00:00Z,16.0,1520.0,1.0,6.0,<Response [200]>
,,,,,,ATL,,,,,JAN,,,,2025-10-14T23:59:59Z,2025-05-15T09:00:00Z,destination=ATL&origin=JAN&endRange=2025-10-14T23:59:59Z&startRange=2025-05-15T09:00:00Z,17.0,1690.0,1.0,6.0,<Response [200]>
,,,,,,DCA,,,,,DTW,,,,2025-10-14T23:59:59Z,2025-05-15T09:00:00Z,destination=DCA&origin=DTW&endRange=2025-10-14T23:59:59Z&startRange=2025-05-15T09:00:00Z,16.0,1530.0,1.0,6.0,<Response [200]>
,,,,,,SLC,,,,,LAX,,,,2025-10-14T23:59:59Z,2025-05-15T09:00:00Z,destination=SLC&origin=LAX&endRange=2025-10-14T23:59:59Z&startRange=2025-05-15T09:00:00Z,16.0,1555.0,1.0,6.0,<Response [200]>
,,,,,,DTW,,,,,CLT,,,,2025-10-14T23:59:59Z,2025-05-15T09:00:00Z,destination=DTW&origin=CLT&endRange=2025-10-14T23:59:59Z&startRange=2025-05-15T09:00:00Z,16.0,1512.0,1.0,6.0,<Response [200]>
,,,,,,BOS,,,,,MSP,,,,2025-10-14T23:59:59Z,2025-05-15T09:00:00Z,destination=BOS&origin=MSP&endRange=2025-10-14T23:59:59Z&startRange=2025-05-15T09:00:00Z,18.0,1799.0,1.0,6.0,<Response [200]>
,,,,,,ATL,,,,,PBI,,,,2025-10-14T23:59:59Z,2025-05-15T09:00:00Z,destination=ATL&origin=PBI&endRange=2025-10-14T23:59:59Z&startRange=2025-05-15T09:00:00Z,18.0,1710.0,1.0,6.0,<Response [200]>
,,,,,,MSP,,,,,STL,,,,2025-10-14T23:59:59Z,2025-05-15T09:00:00Z,destination=MSP&origin=STL&endRange=2025-10-14T23:59:59Z&startRange=2025-05-15T09:00:00Z,16.0,1581.0,1.0,6.0,<Response [200]>
,,,,,,PHX,,,,,SLC,,,,2025-10-14T23:59:59Z,2025-05-15T09:00:00Z,destination=PHX&origin=SLC&endRange=2025-10-14T23:59:59Z&startRange=2025-05-15T09:00:00Z,18.0,1724.0,1.0,6.0,<Response [200]>
,,,,,,PHL,,,,,MSP,,,,2025-10-14T23:59:59Z,2025-05-15T09:00:00Z,destination=PHL&origin=MSP&endRange=2025-10-14T23:59:59Z&startRange=2025-05-15T09:00:00Z,18.0,1747.0,1.0,6.0,<Response [200]>
,,,,,,DTW,,,,,SEA,,,,2025-10-14T23:59:59Z,2025-05-15T09:00:00Z,destination=DTW&origin=SEA&endRange=2025-10-14T23:59:59Z&startRange=2025-05-15T09:00:00Z,18.0,1731.0,1.0,6.0,<Response [200]>
,,,,,,ATL,,,,,BDL,,,,2025-10-14T23:59:59Z,2025-05-15T09:00:00Z,destination=ATL&origin=BDL&endRange=2025-10-14T23:59:59Z&startRange=2025-05-15T09:00:00Z,17.0,1638.0,1.0,6.0,<Response [200]>
,,,,,,LGA,,,,,BOS,,,,2025-10-14T23:59:59Z,2025-05-15T09:00:00Z,destination=LGA&origin=BOS&endRange=2025-10-14T23:59:59Z&startRange=2025-05-15T09:00:00Z,18.0,1720.0,1.0,6.0,<Response [200]>
,,,,,,LAX,,,,,SFO,,,,2025-10-14T23:59:59Z,2025-05-15T09:00:00Z,destination=LAX&origin=SFO&endRange=2025-10-14T23:59:59Z&startRange=2025-05-15T09:00:00Z,16.0,1591.0,1.0,6.0,<Response [200]>
,,,,,,LAS,,,,,DTW,,,,2025-10-14T23:59:59Z,2025-05-15T09:00:00Z,destination=LAS&origin=DTW&endRange=2025-10-14T23:59:59Z&startRange=2025-05-15T09:00:00Z,18.0,1767.0,1.0,6.0,<Response [200]>
,,,,,,IAD,,,,,DTW,,,,2025-10-14T23:59:59Z,2025-05-15T09:00:00Z,destination=IAD&origin=DTW&endRange=2025-10-14T23:59:59Z&startRange=2025-05-15T09:00:00Z,18.0,1783.0,1.0,6.0,<Response [200]>
,,,,,,JFK,,,,,ORD,,,,2025-10-14T23:59:59Z,2025-05-15T09:00:00Z,destination=JFK&origin=ORD&endRange=2025-10-14T23:59:59Z&startRange=2025-05-15T09:00:00Z,17.0,1674.0,1.0,6.0,<Response [200]>
,,,,,,DTW,,,,,CVG,,,,2025-10-14T23:59:59Z,2025-05-15T09:00:00Z,destination=DTW&origin=CVG&endRange=2025-10-14T23:59:59Z&startRange=2025-05-15T09:00:00Z,17.0,1639.0,1.0,6.0,<Response [200]>
,,,,,,MSP,,,,,LAS,,,,2025-10-14T23:59:59Z,2025-05-15T09:00:00Z,destination=MSP&origin=LAS&endRange=2025-10-14T23:59:59Z&startRange=2025-05-15T09:00:00Z,18.0,1728.0,1.0,6.0,<Response [200]>
,,,,,,ATL,,,,,GSO,,,,2025-10-14T23:59:59Z,2025-05-15T09:00:00Z,destination=ATL&origin=GSO&endRange=2025-10-14T23:59:59Z&startRange=2025-05-15T09:00:00Z,16.0,1522.0,1.0,6.0,<Response [200]>
,,,,,,ATL,,,,,PNS,,,,2025-10-14T23:59:59Z,2025-05-15T09:00:00Z,destination=ATL&origin=PNS&endRange=2025-10-14T23:59:59Z&startRange=2025-05-15T09:00:00Z,18.0,1745.0,1.0,6.0,<Response [200]>
,,,,,,MSP,,,,,PHX,,,,2025-10-14T23:59:59Z,2025-05-15T09:00:00Z,destination=MSP&origin=PHX&endRange=2025-10-14T23:59:59Z&startRange=2025-05-15T09:00:00Z,18.0,1779.0,1.0,6.0,<Response [200]>
,,,,,,ATL,,,,,BHM,,,,2025-10-14T23:59:59Z,2025-05-15T09:00:00Z,destination=ATL&origin=BHM&endRange=2025-10-14T23:59:59Z&startRange=2025-05-15T09:00:00Z,17.0,1646.0,1.0,6.0,<Response [200]>
,,,,,,JFK,,,,,MCO,,,,2025-10-14T23:59:59Z,2025-05-15T09:00:00Z,destination=JFK&origin=MCO&endRange=2025-10-14T23:59:59Z&startRange=2025-05-15T09:00:00Z,16.0,1598.0,1.0,6.0,<Response [200]>
,,,,,,ATL,,,,,SAV,,,,2025-10-14T23:59:59Z,2025-05-15T09:00:00Z,destination=ATL&origin=SAV&endRange=2025-10-14T23:59:59Z&startRange=2025-05-15T09:00:00Z,18.0,1728.0,1.0,6.0,<Response [200]>
,,,,,,SFO,,,,,LAX,,,,2025-10-14T23:59:59Z,2025-05-15T09:00:00Z,destination=SFO&origin=LAX&endRange=2025-10-14T23:59:59Z&startRange=2025-05-15T09:00:00Z,17.0,1674.0,1.0,6.0,<Response [200]>
,,,,,,JFK,,,,,CLT,,,,2025-10-14T23:59:59Z,2025-05-15T09:00:00Z,destination=JFK&origin=CLT&endRange=2025-10-14T23:59:59Z&startRange=2025-05-15T09:00:00Z,18.0,1713.0,1.0,6.0,<Response [200]>
,,,,,,ATL,,,,,SDF,,,,2025-10-14T23:59:59Z,2025-05-15T09:00:00Z,destination=ATL&origin=SDF&endRange=2025-10-14T23:59:59Z&startRange=2025-05-15T09:00:00Z,16.0,1570.0,1.0,6.0,<Response [200]>
,,,,,,ATL,,,,,PIT,,,,2025-10-14T23:59:59Z,2025-05-15T09:00:00Z,destination=ATL&origin=PIT&endRange=2025-10-14T23:59:59Z&startRange=2025-05-15T09:00:00Z,18.0,1782.0,1.0,6.0,<Response [200]>
,,,,,,ATL,,,,,CMH,,,,2025-10-14T23:59:59Z,2025-05-15T09:00:00Z,destination=ATL&origin=CMH&endRange=2025-10-14T23:59:59Z&startRange=2025-05-15T09:00:00Z,17.0,1648.0,1.0,6.0,<Response [200]>
,,,,,,PIT,,,,,DTW,,,,2025-10-14T23:59:59Z,2025-05-15T09:00:00Z,destination=PIT&origin=DTW&endRange=2025-10-14T23:59:59Z&startRange=2025-05-15T09:00:00Z,16.0,1515.0,1.0,6.0,<Response [200]>
,,,,,,MSP,,,,,MSN,,,,2025-10-14T23:59:59Z,2025-05-15T09:00:00Z,destination=MSP&origin=MSN&endRange=2025-10-14T23:59:59Z&startRange=2025-05-15T09:00:00Z,17.0,1688.0,1.0,6.0,<Response [200]>
,,,,,,IND,,,,,DTW,,,,2025-10-14T23:59:59Z,2025-05-15T09:00:00Z,destination=IND&origin=DTW&endRange=2025-10-14T23:59:59Z&startRange=2025-05-15T09:00:00Z,17.0,1646.0,1.0,6.0,<Response [200]>
,,,,,,JFK,,,,,CVG,,,,2025-10-14T23:59:59Z,2025-05-15T09:00:00Z,destination=JFK&origin=CVG&endRange=2025-10-14T23:59:59Z&startRange=2025-05-15T09:00:00Z,17.0,1616.0,1.0,6.0,<Response [200]>
,,,,,,LAX,,,,,LAS,,,,2025-10-14T23:59:59Z,2025-05-15T09:00:00Z,destination=LAX&origin=LAS&endRange=2025-10-14T23:59:59Z&startRange=2025-05-15T09:00:00Z,17.0,1632.0,1.0,6.0,<Response [200]>
,,,,,,MSP,,,,,RDU,,,,2025-10-14T23:59:59Z,2025-05-15T09:00:00Z,destination=MSP&origin=RDU&endRange=2025-10-14T23:59:59Z&startRange=2025-05-15T09:00:00Z,16.0,1547.0,1.0,6.0,<Response [200]>
,,,,,,MSN,,,,,MSP,,,,2025-10-14T23:59:59Z,2025-05-15T09:00:00Z,destination=MSN&origin=MSP&endRange=2025-10-14T23:59:59Z&startRange=2025-05-15T09:00:00Z,16.0,1522.0,1.0,6.0,<Response [200]>
,,,,,,LAS,,,,,LAX,,,,2025-10-14T23:59:59Z,2025-05-15T09:00:00Z,destination=LAS&origin=LAX&endRange=2025-10-14T23:59:59Z&startRange=2025-05-15T09:00:00Z,16.0,1583.0,1.0,6.0,<Response [200]>
,,,,,,GRR,,,,,DTW,,,,2025-10-14T23:59:59Z,2025-05-15T09:00:00Z,destination=GRR&origin=DTW&endRange=2025-10-14T23:59:59Z&startRange=2025-05-15T09:00:00Z,18.0,1781.0,1.0,6.0,<Response [200]>
,,,,,,MEM,,,,,MSP,,,,2025-10-14T23:59:59Z,2025-05-15T09:00:00Z,destination=MEM&origin=MSP&endRange=2025-10-14T23:59:59Z&startRange=2025-05-15T09:00:00Z,14.0,1331.0,1.0,7.0,<Response [200]>
,,,,,,SAN,,,,,MSP,,,,2025-10-14T23:59:59Z,2025-05-15T09:00:00Z,destination=SAN&origin=MSP&endRange=2025-10-14T23:59:59Z&startRange=2025-05-15T09:00:00Z,15.0,1401.0,1.0,7.0,<Response [200]>
,,,,,,PDX,,,,,SEA,,,,2025-10-14T23:59:59Z,2025-05-15T09:00:00Z,destination=PDX&origin=SEA&endRange=2025-10-14T23:59:59Z&startRange=2025-05-15T09:00:00Z,14.0,1379.0,1.0,7.0,<Response [200]>
,,,,,,PDX,,,,,SLC,,,,2025-10-14T23:59:59Z,2025-05-15T09:00:00Z,destination=PDX&origin=SLC&endRange=2025-10-14T23:59:59Z&startRange=2025-05-15T09:00:00Z,14.0,1373.0,1.0,7.0,<Response [200]>
,,,,,,ATL,,,,,IND,,,,2025-10-14T23:59:59Z,2025-05-15T09:00:00Z,destination=ATL&origin=IND&endRange=2025-10-14T23:59:59Z&startRange=2025-05-15T09:00:00Z,15.0,1443.0,1.0,7.0,<Response [200]>
,,,,,,SRQ,,,,,ATL,,,,2025-10-14T23:59:59Z,2025-05-15T09:00:00Z,destination=SRQ&origin=ATL&endRange=2025-10-14T23:59:59Z&startRange=2025-05-15T09:00:00Z,14.0,1302.0,1.0,7.0,<Response [200]>
,,,,,,ATL,,,,,MYR,,,,2025-10-14T23:59:59Z,2025-05-15T09:00:00Z,destination=ATL&origin=MYR&endRange=2025-10-14T23:59:59Z&startRange=2025-05-15T09:00:00Z,14.0,1389.0,1.0,7.0,<Response [200]>
,,,,,,JFK,,,,,CLE,,,,2025-10-14T23:59:59Z,2025-05-15T09:00:00Z,destination=JFK&origin=CLE&endRange=2025-10-14T23:59:59Z&startRange=2025-05-15T09:00:00Z,15.0,1473.0,1.0,7.0,<Response [200]>
,,,,,,ATL,,,,,HOU,,,,2025-10-14T23:59:59Z,2025-05-15T09:00:00Z,destination=ATL&origin=HOU&endRange=2025-10-14T23:59:59Z&startRange=2025-05-15T09:00:00Z,14.0,1358.0,1.0,7.0,<Response [200]>
,,,,,,SLC,,,,,SAN,,,,2025-10-14T23:59:59Z,2025-05-15T09:00:00Z,destination=SLC&origin=SAN&endRange=2025-10-14T23:59:59Z&startRange=2025-05-15T09:00:00Z,14.0,1325.0,1.0,7.0,<Response [200]>
,,,,,,SFO,,,,,MSP,,,,2025-10-14T23:59:59Z,2025-05-15T09:00:00Z,destination=SFO&origin=MSP&endRange=2025-10-14T23:59:59Z&startRange=2025-05-15T09:00:00Z,14.0,1364.0,1.0,7.0,<Response [200]>
,,,,,,ORD,,,,,BOS,,,,2025-10-14T23:59:59Z,2025-05-15T09:00:00Z,destination=ORD&origin=BOS&endRange=2025-10-14T23:59:59Z&startRange=2025-05-15T09:00:00Z,15.0,1481.0,1.0,7.0,<Response [200]>
,,,,,,YYZ,,,,,ATL,,,,2025-10-14T23:59:59Z,2025-05-15T09:00:00Z,destination=YYZ&origin=ATL&endRange=2025-10-14T23:59:59Z&startRange=2025-05-15T09:00:00Z,15.0,1470.0,1.0,7.0,<Response [200]>
,,,,,,CVG,,,,,BOS,,,,2025-10-14T23:59:59Z,2025-05-15T09:00:00Z,destination=CVG&origin=BOS&endRange=2025-10-14T23:59:59Z&startRange=2025-05-15T09:00:00Z,14.0,1341.0,1.0,7.0,<Response [200]>
,,,,,,JED,,,,,RUH,,,,2025-10-14T23:59:59Z,2025-05-15T09:00:00Z,destination=JED&origin=RUH&endRange=2025-10-14T23:59:59Z&startRange=2025-05-15T09:00:00Z,14.0,1302.0,1.0,7.0,<Response [200]>
,,,,,,SLC,,,,,SNA,,,,2025-10-14T23:59:59Z,2025-05-15T09:00:00Z,destination=SLC&origin=SNA&endRange=2025-10-14T23:59:59Z&startRange=2025-05-15T09:00:00Z,15.0,1432.0,1.0,7.0,<Response [200]>
,,,,,,CMH,,,,,DTW,,,,2025-10-14T23:59:59Z,2025-05-15T09:00:00Z,destination=CMH&origin=DTW&endRange=2025-10-14T23:59:59Z&startRange=2025-05-15T09:00:00Z,15.0,1429.0,1.0,7.0,<Response [200]>
,,,,,,JFK,,,,,PHX,,,,2025-10-14T23:59:59Z,2025-05-15T09:00:00Z,destination=JFK&origin=PHX&endRange=2025-10-14T23:59:59Z&startRange=2025-05-15T09:00:00Z,14.0,1369.0,1.0,7.0,<Response [200]>
,,,,,,LGA,,,,,DTW,,,,2025-10-14T23:59:59Z,2025-05-15T09:00:00Z,destination=LGA&origin=DTW&endRange=2025-10-14T23:59:59Z&startRange=2025-05-15T09:00:00Z,15.0,1496.0,1.0,7.0,<Response [200]>
,,,,,,MYR,,,,,ATL,,,,2025-10-14T23:59:59Z,2025-05-15T09:00:00Z,destination=MYR&origin=ATL&endRange=2025-10-14T23:59:59Z&startRange=2025-05-15T09:00:00Z,14.0,1317.0,1.0,7.0,<Response [200]>
,,,,,,MSP,,,,,SAN,,,,2025-10-14T23:59:59Z,2025-05-15T09:00:00Z,destination=MSP&origin=SAN&endRange=2025-10-14T23:59:59Z&startRange=2025-05-15T09:00:00Z,15.0,1469.0,1.0,7.0,<Response [200]>
,,,,,,LAS,,,,,SLC,,,,2025-10-14T23:59:59Z,2025-05-15T09:00:00Z,destination=LAS&origin=SLC&endRange=2025-10-14T23:59:59Z&startRange=2025-05-15T09:00:00Z,14.0,1366.0,1.0,7.0,<Response [200]>
,,,,,,DTW,,,,,BUF,,,,2025-10-14T23:59:59Z,2025-05-15T09:00:00Z,destination=DTW&origin=BUF&endRange=2025-10-14T23:59:59Z&startRange=2025-05-15T09:00:00Z,15.0,1455.0,1.0,7.0,<Response [200]>
,,,,,,SEA,,,,,LAX,,,,2025-10-14T23:59:59Z,2025-05-15T09:00:00Z,destination=SEA&origin=LAX&endRange=2025-10-14T23:59:59Z&startRange=2025-05-15T09:00:00Z,15.0,1427.0,1.0,7.0,<Response [200]>
,,,,,,DTW,,,,,CLE,,,,2025-10-14T23:59:59Z,2025-05-15T09:00:00Z,destination=DTW&origin=CLE&endRange=2025-10-14T23:59:59Z&startRange=2025-05-15T09:00:00Z,14.0,1349.0,1.0,7.0,<Response [200]>
,,,,,,ATL,,,,,PDX,,,,2025-10-14T23:59:59Z,2025-05-15T09:00:00Z,destination=ATL&origin=PDX&endRange=2025-10-14T23:59:59Z&startRange=2025-05-15T09:00:00Z,14.0,1333.0,1.0,7.0,<Response [200]>
,,,,,,DTW,,,,,LAS,,,,2025-10-14T23:59:59Z,2025-05-15T09:00:00Z,destination=DTW&origin=LAS&endRange=2025-10-14T23:59:59Z&startRange=2025-05-15T09:00:00Z,14.0,1349.0,1.0,7.0,<Response [200]>
,,,,,,DTW,,,,,PHL,,,,2025-10-14T23:59:59Z,2025-05-15T09:00:00Z,destination=DTW&origin=PHL&endRange=2025-10-14T23:59:59Z&startRange=2025-05-15T09:00:00Z,15.0,1413.0,1.0,7.0,<Response [200]>
,,,,,,DTW,,,,,PIT,,,,2025-10-14T23:59:59Z,2025-05-15T09:00:00Z,destination=DTW&origin=PIT&endRange=2025-10-14T23:59:59Z&startRange=2025-05-15T09:00:00Z,15.0,1450.0,1.0,7.0,<Response [200]>
,,,,,,ATL,,,,,JAX,,,,2025-10-14T23:59:59Z,2025-05-15T09:00:00Z,destination=ATL&origin=JAX&endRange=2025-10-14T23:59:59Z&startRange=2025-05-15T09:00:00Z,15.0,1402.0,1.0,7.0,<Response [200]>
,,,,,,JFK,,,,,RDU,,,,2025-10-14T23:59:59Z,2025-05-15T09:00:00Z,destination=JFK&origin=RDU&endRange=2025-10-14T23:59:59Z&startRange=2025-05-15T09:00:00Z,14.0,1314.0,1.0,7.0,<Response [200]>
,,,,,,ATL,,,,,GSP,,,,2025-10-14T23:59:59Z,2025-05-15T09:00:00Z,destination=ATL&origin=GSP&endRange=2025-10-14T23:59:59Z&startRange=2025-05-15T09:00:00Z,15.0,1478.0,1.0,7.0,<Response [200]>
,,,,,,MKE,,,,,DTW,,,,2025-10-14T23:59:59Z,2025-05-15T09:00:00Z,destination=MKE&origin=DTW&endRange=2025-10-14T23:59:59Z&startRange=2025-05-15T09:00:00Z,15.0,1414.0,1.0,7.0,<Response [200]>
,,,,,,ATL,,,,,YYZ,,,,2025-10-14T23:59:59Z,2025-05-15T09:00:00Z,destination=ATL&origin=YYZ&endRange=2025-10-14T23:59:59Z&startRange=2025-05-15T09:00:00Z,14.0,1353.0,1.0,7.0,<Response [200]>
,,,,,,DTW,,,,,CMH,,,,2025-10-14T23:59:59Z,2025-05-15T09:00:00Z,destination=DTW&origin=CMH&endRange=2025-10-14T23:59:59Z&startRange=2025-05-15T09:00:00Z,14.0,1324.0,1.0,7.0,<Response [200]>
,,,,,,PHX,,,,,SEA,,,,2025-10-14T23:59:59Z,2025-05-15T09:00:00Z,destination=PHX&origin=SEA&endRange=2025-10-14T23:59:59Z&startRange=2025-05-15T09:00:00Z,14.0,1373.0,1.0,7.0,<Response [200]>
,,,,,,LAS,,,,,SEA,,,,2025-10-14T23:59:59Z,2025-05-15T09:00:00Z,destination=LAS&origin=SEA&endRange=2025-10-14T23:59:59Z&startRange=2025-05-15T09:00:00Z,14.0,1363.0,1.0,7.0,<Response [200]>
,,,,,,DEN,,,,,MSP,,,,2025-10-14T23:59:59Z,2025-05-15T09:00:00Z,destination=DEN&origin=MSP&endRange=2025-10-14T23:59:59Z&startRange=2025-05-15T09:00:00Z,14.0,1378.0,1.0,7.0,<Response [200]>
,,,,,,MEX,,,,,CUN,,,,2025-10-14T23:59:59Z,2025-05-15T09:00:00Z,destination=MEX&origin=CUN&endRange=2025-10-14T23:59:59Z&startRange=2025-05-15T09:00:00Z,15.0,1481.0,1.0,7.0,<Response [200]>
,,,,,,MSP,,,,,MKE,,,,2025-10-14T23:59:59Z,2025-05-15T09:00:00Z,destination=MSP&origin=MKE&endRange=2025-10-14T23:59:59Z&startRange=2025-05-15T09:00:00Z,15.0,1482.0,1.0,7.0,<Response [200]>
,,,,,,JFK,,,,,MIA,,,,2025-10-14T23:59:59Z,2025-05-15T09:00:00Z,destination=JFK&origin=MIA&endRange=2025-10-14T23:59:59Z&startRange=2025-05-15T09:00:00Z,14.0,1336.0,1.0,7.0,<Response [200]>
,,,,,,ATL,,,,,CHS,,,,2025-10-14T23:59:59Z,2025-05-15T09:00:00Z,destination=ATL&origin=CHS&endRange=2025-10-14T23:59:59Z&startRange=2025-05-15T09:00:00Z,14.0,1377.0,1.0,7.0,<Response [200]>
,,,,,,MEX,,,,,MTY,,,,2025-10-14T23:59:59Z,2025-05-15T09:00:00Z,destination=MEX&origin=MTY&endRange=2025-10-14T23:59:59Z&startRange=2025-05-15T09:00:00Z,15.0,1500.0,1.0,7.0,<Response [200]>
,,,,,,SLC,,,,,DFW,,,,2025-10-14T23:59:59Z,2025-05-15T09:00:00Z,destination=SLC&origin=DFW&endRange=2025-10-14T23:59:59Z&startRange=2025-05-15T09:00:00Z,15.0,1405.0,1.0,7.0,<Response [200]>
,,,,,,ATL,,,,,SNA,,,,2025-10-14T23:59:59Z,2025-05-15T09:00:00Z,destination=ATL&origin=SNA&endRange=2025-10-14T23:59:59Z&startRange=2025-05-15T09:00:00Z,14.0,1315.0,1.0,7.0,<Response [200]>
,,,,,,JFK,,,,,FLL,,,,2025-10-14T23:59:59Z,2025-05-15T09:00:00Z,destination=JFK&origin=FLL&endRange=2025-10-14T23:59:59Z&startRange=2025-05-15T09:00:00Z,15.0,1431.0,1.0,7.0,<Response [200]>
,,,,,,GEG,,,,,SEA,,,,2025-10-14T23:59:59Z,2025-05-15T09:00:00Z,destination=GEG&origin=SEA&endRange=2025-10-14T23:59:59Z&startRange=2025-05-15T09:00:00Z,15.0,1452.0,1.0,7.0,<Response [200]>
,,,,,,SEA,,,,,LAS,,,,2025-10-14T23:59:59Z,2025-05-15T09:00:00Z,destination=SEA&origin=LAS&endRange=2025-10-14T23:59:59Z&startRange=2025-05-15T09:00:00Z,15.0,1495.0,1.0,7.0,<Response [200]>
,,,,,,HOU,,,,,ATL,,,,2025-10-14T23:59:59Z,2025-05-15T09:00:00Z,destination=HOU&origin=ATL&endRange=2025-10-14T23:59:59Z&startRange=2025-05-15T09:00:00Z,14.0,1310.0,1.0,7.0,<Response [200]>
,,,,,,EWR,,,,,DTW,,,,2025-10-14T23:59:59Z,2025-05-15T09:00:00Z,destination=EWR&origin=DTW&endRange=2025-10-14T23:59:59Z&startRange=2025-05-15T09:00:00Z,14.0,1327.0,1.0,7.0,<Response [200]>
,,,,,,DEN,,,,,SEA,,,,2025-10-14T23:59:59Z,2025-05-15T09:00:00Z,destination=DEN&origin=SEA&endRange=2025-10-14T23:59:59Z&startRange=2025-05-15T09:00:00Z,14.0,1366.0,1.0,7.0,<Response [200]>
,,,,,,JFK,,,,,BUF,,,,2025-10-14T23:59:59Z,2025-05-15T09:00:00Z,destination=JFK&origin=BUF&endRange=2025-10-14T23:59:59Z&startRange=2025-05-15T09:00:00Z,14.0,1379.0,1.0,7.0,<Response [200]>
,,,,,,ORD,,,,,JFK,,,,2025-10-14T23:59:59Z,2025-05-15T09:00:00Z,destination=ORD&origin=JFK&endRange=2025-10-14T23:59:59Z&startRange=2025-05-15T09:00:00Z,14.0,1359.0,1.0,7.0,<Response [200]>
,,,,,,ATL,,,,,DAL,,,,2025-10-14T23:59:59Z,2025-05-15T09:00:00Z,destination=ATL&origin=DAL&endRange=2025-10-14T23:59:59Z&startRange=2025-05-15T09:00:00Z,14.0,1358.0,1.0,7.0,<Response [200]>
,,,,,,DTW,,,,,YYZ,,,,2025-10-14T23:59:59Z,2025-05-15T09:00:00Z,destination=DTW&origin=YYZ&endRange=2025-10-14T23:59:59Z&startRange=2025-05-15T09:00:00Z,15.0,1415.0,1.0,7.0,<Response [200]>
,,,,,,ORY,,,,,ALG,,,,2025-10-14T23:59:59Z,2025-05-15T09:00:00Z,destination=ORY&origin=ALG&endRange=2025-10-14T23:59:59Z&startRange=2025-05-15T09:00:00Z,14.0,1309.0,1.0,7.0,<Response [200]>
,,,,,,MCO,,,,,BOS,,,,2025-10-14T23:59:59Z,2025-05-15T09:00:00Z,destination=MCO&origin=BOS&endRange=2025-10-14T23:59:59Z&startRange=2025-05-15T09:00:00Z,14.0,1323.0,1.0,7.0,<Response [200]>
,,,,,,BDL,,,,,MSP,,,,2025-10-14T23:59:59Z,2025-05-15T09:00:00Z,destination=BDL&origin=MSP&endRange=2025-10-14T23:59:59Z&startRange=2025-05-15T09:00:00Z,14.0,1333.0,1.0,7.0,<Response [200]>
,,,,,,SLC,,,,,DEN,,,,2025-10-14T23:59:59Z,2025-05-15T09:00:00Z,destination=SLC&origin=DEN&endRange=2025-10-14T23:59:59Z&startRange=2025-05-15T09:00:00Z,14.0,1313.0,1.0,7.0,<Response [200]>
,,,,,,DTW,,,,,SFO,,,,2025-10-14T23:59:59Z,2025-05-15T09:00:00Z,destination=DTW&origin=SFO&endRange=2025-10-14T23:59:59Z&startRange=2025-05-15T09:00:00Z,12.0,1187.0,1.0,8.0,<Response [200]>
,,,,,,CLT,,,,,MSP,,,,2025-10-14T23:59:59Z,2025-05-15T09:00:00Z,destination=CLT&origin=MSP&endRange=2025-10-14T23:59:59Z&startRange=2025-05-15T09:00:00Z,13.0,1208.0,1.0,8.0,<Response [200]>
,,,,,,JFK,,,,,SAN,,,,2025-10-14T23:59:59Z,2025-05-15T09:00:00Z,destination=JFK&origin=SAN&endRange=2025-10-14T23:59:59Z&startRange=2025-05-15T09:00:00Z,13.0,1209.0,1.0,8.0,<Response [200]>
,,,,,,MSP,,,,,MCI,,,,2025-10-14T23:59:59Z,2025-05-15T09:00:00Z,destination=MSP&origin=MCI&endRange=2025-10-14T23:59:59Z&startRange=2025-05-15T09:00:00Z,13.0,1229.0,1.0,8.0,<Response [200]>
,,,,,,RIC,,,,,BOS,,,,2025-10-14T23:59:59Z,2025-05-15T09:00:00Z,destination=RIC&origin=BOS&endRange=2025-10-14T23:59:59Z&startRange=2025-05-15T09:00:00Z,12.0,1173.0,1.0,8.0,<Response [200]>
,,,,,,LAX,,,,,SAN,,,,2025-10-14T23:59:59Z,2025-05-15T09:00:00Z,destination=LAX&origin=SAN&endRange=2025-10-14T23:59:59Z&startRange=2025-05-15T09:00:00Z,13.0,1239.0,1.0,8.0,<Response [200]>
,,,,,,SNA,,,,,ATL,,,,2025-10-14T23:59:59Z,2025-05-15T09:00:00Z,destination=SNA&origin=ATL&endRange=2025-10-14T23:59:59Z&startRange=2025-05-15T09:00:00Z,13.0,1247.0,1.0,8.0,<Response [200]>
,,,,,,SNA,,,,,SLC,,,,2025-10-14T23:59:59Z,2025-05-15T09:00:00Z,destination=SNA&origin=SLC&endRange=2025-10-14T23:59:59Z&startRange=2025-05-15T09:00:00Z,13.0,1296.0,1.0,8.0,<Response [200]>
,,,,,,ORY,,,,,CMN,,,,2025-10-14T23:59:59Z,2025-05-15T09:00:00Z,destination=ORY&origin=CMN&endRange=2025-10-14T23:59:59Z&startRange=2025-05-15T09:00:00Z,12.0,1118.0,1.0,8.0,<Response [200]>
,,,,,,MSP,,,,,IAH,,,,2025-10-14T23:59:59Z,2025-05-15T09:00:00Z,destination=MSP&origin=IAH&endRange=2025-10-14T23:59:59Z&startRange=2025-05-15T09:00:00Z,13.0,1214.0,1.0,8.0,<Response [200]>
,,,,,,JFK,,,,,LHR,,,,2025-10-14T23:59:59Z,2025-05-15T09:00:00Z,destination=JFK&origin=LHR&endRange=2025-10-14T23:59:59Z&startRange=2025-05-15T09:00:00Z,13.0,1260.0,1.0,8.0,<Response [200]>
,,,,,,DCA,,,,,MSP,,,,2025-10-14T23:59:59Z,2025-05-15T09:00:00Z,destination=DCA&origin=MSP&endRange=2025-10-14T23:59:59Z&startRange=2025-05-15T09:00:00Z,12.0,1191.0,1.0,8.0,<Response [200]>
,,,,,,IST,,,,,CDG,,,,2025-10-14T23:59:59Z,2025-05-15T09:00:00Z,destination=IST&origin=CDG&endRange=2025-10-14T23:59:59Z&startRange=2025-05-15T09:00:00Z,12.0,1139.0,1.0,8.0,<Response [200]>
,,,,,,LHR,,,,,JFK,,,,2025-10-14T23:59:59Z,2025-05-15T09:00:00Z,destination=LHR&origin=JFK&endRange=2025-10-14T23:59:59Z&startRange=2025-05-15T09:00:00Z,13.0,1257.0,1.0,8.0,<Response [200]>
,,,,,,TUN,,,,,CDG,,,,2025-10-14T23:59:59Z,2025-05-15T09:00:00Z,destination=TUN&origin=CDG&endRange=2025-10-14T23:59:59Z&startRange=2025-05-15T09:00:00Z,12.0,1135.0,1.0,8.0,<Response [200]>
,,,,,,ALG,,,,,ORY,,,,2025-10-14T23:59:59Z,2025-05-15T09:00:00Z,destination=ALG&origin=ORY&endRange=2025-10-14T23:59:59Z&startRange=2025-05-15T09:00:00Z,13.0,1287.0,1.0,8.0,<Response [200]>
,,,,,,ANC,,,,,SEA,,,,2025-10-14T23:59:59Z,2025-05-15T09:00:00Z,destination=ANC&origin=SEA&endRange=2025-10-14T23:59:59Z&startRange=2025-05-15T09:00:00Z,12.0,1123.0,1.0,8.0,<Response [200]>
,,,,,,ATL,,,,,ILM,,,,2025-10-14T23:59:59Z,2025-05-15T09:00:00Z,destination=ATL&origin=ILM&endRange=2025-10-14T23:59:59Z&startRange=2025-05-15T09:00:00Z,13.0,1228.0,1.0,8.0,<Response [200]>
,,,,,,TPA,,,,,MSP,,,,2025-10-14T23:59:59Z,2025-05-15T09:00:00Z,destination=TPA&origin=MSP&endRange=2025-10-14T23:59:59Z&startRange=2025-05-15T09:00:00Z,13.0,1219.0,1.0,8.0,<Response [200]>
,,,,,,CLT,,,,,JFK,,,,2025-10-14T23:59:59Z,2025-05-15T09:00:00Z,destination=CLT&origin=JFK&endRange=2025-10-14T23:59:59Z&startRange=2025-05-15T09:00:00Z,12.0,1126.0,1.0,8.0,<Response [200]>
,,,,,,BNA,,,,,MSP,,,,2025-10-14T23:59:59Z,2025-05-15T09:00:00Z,destination=BNA&origin=MSP&endRange=2025-10-14T23:59:59Z&startRange=2025-05-15T09:00:00Z,13.0,1275.0,1.0,8.0,<Response [200]>
,,,,,,ONT,,,,,SEA,,,,2025-10-14T23:59:59Z,2025-05-15T09:00:00Z,destination=ONT&origin=SEA&endRange=2025-10-14T23:59:59Z&startRange=2025-05-15T09:00:00Z,13.0,1262.0,1.0,8.0,<Response [200]>
,,,,,,MCI,,,,,DTW,,,,2025-10-14T23:59:59Z,2025-05-15T09:00:00Z,destination=MCI&origin=DTW&endRange=2025-10-14T23:59:59Z&startRange=2025-05-15T09:00:00Z,13.0,1292.0,1.0,8.0,<Response [200]>
,,,,,,ATL,,,,,TUL,,,,2025-10-14T23:59:59Z,2025-05-15T09:00:00Z,destination=ATL&origin=TUL&endRange=2025-10-14T23:59:59Z&startRange=2025-05-15T09:00:00Z,13.0,1256.0,1.0,8.0,<Response [200]>
,,,,,,MTY,,,,,MEX,,,,2025-10-14T23:59:59Z,2025-05-15T09:00:00Z,destination=MTY&origin=MEX&endRange=2025-10-14T23:59:59Z&startRange=2025-05-15T09:00:00Z,12.0,1114.0,1.0,8.0,<Response [200]>
,,,,,,DTW,,,,,EWR,,,,2025-10-14T23:59:59Z,2025-05-15T09:00:00Z,destination=DTW&origin=EWR&endRange=2025-10-14T23:59:59Z&startRange=2025-05-15T09:00:00Z,13.0,1211.0,1.0,8.0,<Response [200]>
,,,,,,SEA,,,,,YVR,,,,2025-10-14T23:59:59Z,2025-05-15T09:00:00Z,destination=SEA&origin=YVR&endRange=2025-10-14T23:59:59Z&startRange=2025-05-15T09:00:00Z,12.0,1149.0,1.0,8.0,<Response [200]>
,,,,,,SLC,,,,,SJC,,,,2025-10-14T23:59:59Z,2025-05-15T09:00:00Z,destination=SLC&origin=SJC&endRange=2025-10-14T23:59:59Z&startRange=2025-05-15T09:00:00Z,12.0,1129.0,1.0,8.0,<Response [200]>
,,,,,,MEX,,,,,GDL,,,,2025-10-14T23:59:59Z,2025-05-15T09:00:00Z,destination=MEX&origin=GDL&endRange=2025-10-14T23:59:59Z&startRange=2025-05-15T09:00:00Z,13.0,1207.0,1.0,8.0,<Response [200]>
,,,,,,MSP,,,,,CVG,,,,2025-10-14T23:59:59Z,2025-05-15T09:00:00Z,destination=MSP&origin=CVG&endRange=2025-10-14T23:59:59Z&startRange=2025-05-15T09:00:00Z,12.0,1183.0,1.0,8.0,<Response [200]>
,,,,,,ONT,,,,,ATL,,,,2025-10-14T23:59:59Z,2025-05-15T09:00:00Z,destination=ONT&origin=ATL&endRange=2025-10-14T23:59:59Z&startRange=2025-05-15T09:00:00Z,12.0,1146.0,1.0,8.0,<Response [200]>
,,,,,,ATL,,,,,ECP,,,,2025-10-14T23:59:59Z,2025-05-15T09:00:00Z,destination=ATL&origin=ECP&endRange=2025-10-14T23:59:59Z&startRange=2025-05-15T09:00:00Z,13.0,1213.0,1.0,8.0,<Response [200]>
,,,,,,JAX,,,,,JFK,,,,2025-10-14T23:59:59Z,2025-05-15T09:00:00Z,destination=JAX&origin=JFK&endRange=2025-10-14T23:59:59Z&startRange=2025-05-15T09:00:00Z,13.0,1298.0,1.0,8.0,<Response [200]>
,,,,,,TUL,,,,,ATL,,,,2025-10-14T23:59:59Z,2025-05-15T09:00:00Z,destination=TUL&origin=ATL&endRange=2025-10-14T23:59:59Z&startRange=2025-05-15T09:00:00Z,13.0,1293.0,1.0,8.0,<Response [200]>
,,,,,,ILM,,,,,ATL,,,,2025-10-14T23:59:59Z,2025-05-15T09:00:00Z,destination=ILM&origin=ATL&endRange=2025-10-14T23:59:59Z&startRange=2025-05-15T09:00:00Z,13.0,1277.0,1.0,8.0,<Response [200]>
,,,,,,ATL,,,,,DAY,,,,2025-10-14T23:59:59Z,2025-05-15T09:00:00Z,destination=ATL&origin=DAY&endRange=2025-10-14T23:59:59Z&startRange=2025-05-15T09:00:00Z,12.0,1105.0,1.0,8.0,<Response [200]>
,,,,,,BNA,,,,,BOS,,,,2025-10-14T23:59:59Z,2025-05-15T09:00:00Z,destination=BNA&origin=BOS&endRange=2025-10-14T23:59:59Z&startRange=2025-05-15T09:00:00Z,12.0,1154.0,1.0,8.0,<Response [200]>
,,,,,,MSN,,,,,ATL,,,,2025-10-14T23:59:59Z,2025-05-15T09:00:00Z,destination=MSN&origin=ATL&endRange=2025-10-14T23:59:59Z&startRange=2025-05-15T09:00:00Z,13.0,1297.0,1.0,8.0,<Response [200]>
,,,,,,DTW,,,,,GRR,,,,2025-10-14T23:59:59Z,2025-05-15T09:00:00Z,destination=DTW&origin=GRR&endRange=2025-10-14T23:59:59Z&startRange=2025-05-15T09:00:00Z,13.0,1246.0,1.0,8.0,<Response [200]>
,,,,,,SFO,,,,,SLC,,,,2025-10-14T23:59:59Z,2025-05-15T09:00:00Z,destination=SFO&origin=SLC&endRange=2025-10-14T23:59:59Z&startRange=2025-05-15T09:00:00Z,12.0,1158.0,1.0,8.0,<Response [200]>
,,,,,,SYR,,,,,DTW,,,,2025-10-14T23:59:59Z,2025-05-15T09:00:00Z,destination=SYR&origin=DTW&endRange=2025-10-14T23:59:59Z&startRange=2025-05-15T09:00:00Z,12.0,1122.0,1.0,8.0,<Response [200]>
,,,,,,OMA,,,,,MSP,,,,2025-10-14T23:59:59Z,2025-05-15T09:00:00Z,destination=OMA&origin=MSP&endRange=2025-10-14T23:59:59Z&startRange=2025-05-15T09:00:00Z,12.0,1162.0,1.0,8.0,<Response [200]>
,,,,,,SEA,,,,,PDX,,,,2025-10-14T23:59:59Z,2025-05-15T09:00:00Z,destination=SEA&origin=PDX&endRange=2025-10-14T23:59:59Z&startRange=2025-05-15T09:00:00Z,13.0,1281.0,1.0,8.0,<Response [200]>
,,,,,,MSP,,,,,DEN,,,,2025-10-14T23:59:59Z,2025-05-15T09:00:00Z,destination=MSP&origin=DEN&endRange=2025-10-14T23:59:59Z&startRange=2025-05-15T09:00:00Z,12.0,1166.0,1.0,8.0,<Response [200]>
,,,,,,RDU,,,,,JFK,,,,2025-10-14T23:59:59Z,2025-05-15T09:00:00Z,destination=RDU&origin=JFK&endRange=2025-10-14T23:59:59Z&startRange=2025-05-15T09:00:00Z,12.0,1141.0,1.0,8.0,<Response [200]>
,,,,,,LAX,,,,,PHX,,,,2025-10-14T23:59:59Z,2025-05-15T09:00:00Z,destination=LAX&origin=PHX&endRange=2025-10-14T23:59:59Z&startRange=2025-05-15T09:00:00Z,12.0,1190.0,1.0,8.0,<Response [200]>
,,,,,,LIT,,,,,ATL,,,,2025-10-14T23:59:59Z,2025-05-15T09:00:00Z,destination=LIT&origin=ATL&endRange=2025-10-14T23:59:59Z&startRange=2025-05-15T09:00:00Z,13.0,1300.0,1.0,8.0,<Response [200]>
,,,,,,JFK,,,,,JAX,,,,2025-10-14T23:59:59Z,2025-05-15T09:00:00Z,destination=JFK&origin=JAX&endRange=2025-10-14T23:59:59Z&startRange=2025-05-15T09:00:00Z,12.0,1158.0,1.0,8.0,<Response [200]>
,,,,,,JFK,,,,,YYZ,,,,2025-10-14T23:59:59Z,2025-05-15T09:00:00Z,destination=JFK&origin=YYZ&endRange=2025-10-14T23:59:59Z&startRange=2025-05-15T09:00:00Z,13.0,1269.0,1.0,8.0,<Response [200]>
,,,,,,SEA,,,,,ONT,,,,2025-10-14T23:59:59Z,2025-05-15T09:00:00Z,destination=SEA&origin=ONT&endRange=2025-10-14T23:59:59Z&startRange=2025-05-15T09:00:00Z,12.0,1170.0,1.0,8.0,<Response [200]>
,,,,,,DTW,,,,,LGA,,,,2025-10-14T23:59:59Z,2025-05-15T09:00:00Z,destination=DTW&origin=LGA&endRange=2025-10-14T23:59:59Z&startRange=2025-05-15T09:00:00Z,13.0,1296.0,1.0,8.0,<Response [200]>
,,,,,,DTW,,,,,IAD,,,,2025-10-14T23:59:59Z,2025-05-15T09:00:00Z,destination=DTW&origin=IAD&endRange=2025-10-14T23:59:59Z&startRange=2025-05-15T09:00:00Z,12.0,1178.0,1.0,8.0,<Response [200]>
,,,,,,ATL,,,,,MSN,,,,2025-10-14T23:59:59Z,2025-05-15T09:00:00Z,destination=ATL&origin=MSN&endRange=2025-10-14T23:59:59Z&startRange=2025-05-15T09:00:00Z,12.0,1157.0,1.0,8.0,<Response [200]>
,,,,,,SAN,,,,,SEA,,,,2025-10-14T23:59:59Z,2025-05-15T09:00:00Z,destination=SAN&origin=SEA&endRange=2025-10-14T23:59:59Z&startRange=2025-05-15T09:00:00Z,13.0,1298.0,1.0,8.0,<Response [200]>
,,,,,,DTW,,,,,MKE,,,,2025-10-14T23:59:59Z,2025-05-15T09:00:00Z,destination=DTW&origin=MKE&endRange=2025-10-14T23:59:59Z&startRange=2025-05-15T09:00:00Z,13.0,1237.0,1.0,8.0,<Response [200]>
,,,,,,SLC,,,,,BOI,,,,2025-10-14T23:59:59Z,2025-05-15T09:00:00Z,destination=SLC&origin=BOI&endRange=2025-10-14T23:59:59Z&startRange=2025-05-15T09:00:00Z,12.0,1144.0,1.0,8.0,<Response [200]>
,,,,,,FLL,,,,,DTW,,,,2025-10-14T23:59:59Z,2025-05-15T09:00:00Z,destination=FLL&origin=DTW&endRange=2025-10-14T23:59:59Z&startRange=2025-05-15T09:00:00Z,12.0,1120.0,1.0,8.0,<Response [200]>
,,,,,,MSP,,,,,CLT,,,,2025-10-14T23:59:59Z,2025-05-15T09:00:00Z,destination=MSP&origin=CLT&endRange=2025-10-14T23:59:59Z&startRange=2025-05-15T09:00:00Z,12.0,1195.0,1.0,8.0,<Response [200]>
,,,,,,RIC,,,,,DTW,,,,2025-10-14T23:59:59Z,2025-05-15T09:00:00Z,destination=RIC&origin=DTW&endRange=2025-10-14T23:59:59Z&startRange=2025-05-15T09:00:00Z,13.0,1273.0,1.0,8.0,<Response [200]>
,,,,,,MSP,,,,,PDX,,,,2025-10-14T23:59:59Z,2025-05-15T09:00:00Z,destination=MSP&origin=PDX&endRange=2025-10-14T23:59:59Z&startRange=2025-05-15T09:00:00Z,13.0,1211.0,1.0,8.0,<Response [200]>
,,,,,,MSP,,,,,SFO,,,,2025-10-14T23:59:59Z,2025-05-15T09:00:00Z,destination=MSP&origin=SFO&endRange=2025-10-14T23:59:59Z&startRange=2025-05-15T09:00:00Z,12.0,1144.0,1.0,8.0,<Response [200]>
,,,,,,DAL,,,,,ATL,,,,2025-10-14T23:59:59Z,2025-05-15T09:00:00Z,destination=DAL&origin=ATL&endRange=2025-10-14T23:59:59Z&startRange=2025-05-15T09:00:00Z,13.0,1283.0,1.0,8.0,<Response [200]>
,,,,,,ATL,,,,,GPT,,,,2025-10-14T23:59:59Z,2025-05-15T09:00:00Z,destination=ATL&origin=GPT&endRange=2025-10-14T23:59:59Z&startRange=2025-05-15T09:00:00Z,12.0,1199.0,1.0,8.0,<Response [200]>
,,,,,,SEA,,,,,PHX,,,,2025-10-14T23:59:59Z,2025-05-15T09:00:00Z,destination=SEA&origin=PHX&endRange=2025-10-14T23:59:59Z&startRange=2025-05-15T09:00:00Z,13.0,1218.0,1.0,8.0,<Response [200]>
,,,,,,CDG,,,,,IST,,,,2025-10-14T23:59:59Z,2025-05-15T09:00:00Z,destination=CDG&origin=IST&endRange=2025-10-14T23:59:59Z&startRange=2025-05-15T09:00:00Z,12.0,1139.0,1.0,8.0,<Response [200]>
,,,,,,TUN,,,,,ORY,,,,2025-10-14T23:59:59Z,2025-05-15T09:00:00Z,destination=TUN&origin=ORY&endRange=2025-10-14T23:59:59Z&startRange=2025-05-15T09:00:00Z,12.0,1161.0,1.0,8.0,<Response [200]>
,,,,,,CHS,,,,,JFK,,,,2025-10-14T23:59:59Z,2025-05-15T09:00:00Z,destination=CHS&origin=JFK&endRange=2025-10-14T23:59:59Z&startRange=2025-05-15T09:00:00Z,12.0,1185.0,1.0,8.0,<Response [200]>
,,,,,,JFK,,,,,CMH,,,,2025-10-14T23:59:59Z,2025-05-15T09:00:00Z,destination=JFK&origin=CMH&endRange=2025-10-14T23:59:59Z&startRange=2025-05-15T09:00:00Z,12.0,1115.0,1.0,8.0,<Response [200]>
,,,,,,IND,,,,,MSP,,,,2025-10-14T23:59:59Z,2025-05-15T09:00:00Z,destination=IND&origin=MSP&endRange=2025-10-14T23:59:59Z&startRange=2025-05-15T09:00:00Z,12.0,1135.0,1.0,8.0,<Response [200]>
,,,,,,ECP,,,,,ATL,,,,2025-10-14T23:59:59Z,2025-05-15T09:00:00Z,destination=ECP&origin=ATL&endRange=2025-10-14T23:59:59Z&startRange=2025-05-15T09:00:00Z,13.0,1220.0,1.0,8.0,<Response [200]>
,,,,,,BOI,,,,,SLC,,,,2025-10-14T23:59:59Z,2025-05-15T09:00:00Z,destination=BOI&origin=SLC&endRange=2025-10-14T23:59:59Z&startRange=2025-05-15T09:00:00Z,13.0,1259.0,1.0,8.0,<Response [200]>
,,,,,,SLC,,,,,GEG,,,,2025-10-14T23:59:59Z,2025-05-15T09:00:00Z,destination=SLC&origin=GEG&endRange=2025-10-14T23:59:59Z&startRange=2025-05-15T09:00:00Z,13.0,1257.0,1.0,8.0,<Response [200]>
,,,,,,JFK,,,,,AUS,,,,2025-10-14T23:59:59Z,2025-05-15T09:00:00Z,destination=JFK&origin=AUS&endRange=2025-10-14T23:59:59Z&startRange=2025-05-15T09:00:00Z,12.0,1150.0,1.0,8.0,<Response [200]>
,,,,,,JFK,,,,,BNA,,,,2025-10-14T23:59:59Z,2025-05-15T09:00:00Z,destination=JFK&origin=BNA&endRange=2025-10-14T23:59:59Z&startRange=2025-05-15T09:00:00Z,12.0,1111.0,1.0,8.0,<Response [200]>
,,,,,,JFK,,,,,RIC,,,,2025-10-14T23:59:59Z,2025-05-15T09:00:00Z,destination=JFK&origin=RIC&endRange=2025-10-14T23:59:59Z&startRange=2025-05-15T09:00:00Z,12.0,1104.0,1.0,8.0,<Response [200]>
,,,,,,BUF,,,,,JFK,,,,2025-10-14T23:59:59Z,2025-05-15T09:00:00Z,destination=BUF&origin=JFK&endRange=2025-10-14T23:59:59Z&startRange=2025-05-15T09:00:00Z,13.0,1232.0,1.0,8.0,<Response [200]>
,,,,,,SEA,,,,,SAN,,,,2025-10-14T23:59:59Z,2025-05-15T09:00:00Z,destination=SEA&origin=SAN&endRange=2025-10-14T23:59:59Z&startRange=2025-05-15T09:00:00Z,12.0,1176.0,1.0,8.0,<Response [200]>
,,,,,,BNA,,,,,JFK,,,,2025-10-14T23:59:59Z,2025-05-15T09:00:00Z,destination=BNA&origin=JFK&endRange=2025-10-14T23:59:59Z&startRange=2025-05-15T09:00:00Z,12.0,1198.0,1.0,8.0,<Response [200]>
,,,,,,PDX,,,,,LAX,,,,2025-10-14T23:59:59Z,2025-05-15T09:00:00Z,destination=PDX&origin=LAX&endRange=2025-10-14T23:59:59Z&startRange=2025-05-15T09:00:00Z,13.0,1211.0,1.0,8.0,<Response [200]>
,,,,,,GEG,,,,,SLC,,,,2025-10-14T23:59:59Z,2025-05-15T09:00:00Z,destination=GEG&origin=SLC&endRange=2025-10-14T23:59:59Z&startRange=2025-05-15T09:00:00Z,13.0,1227.0,1.0,8.0,<Response [200]>
,,,,,,ATL,,,,,OMA,,,,2025-10-14T23:59:59Z,2025-05-15T09:00:00Z,destination=ATL&origin=OMA&endRange=2025-10-14T23:59:59Z&startRange=2025-05-15T09:00:00Z,12.0,1149.0,1.0,8.0,<Response [200]>
,,,,,,ATL,,,,,LIT,,,,2025-10-14T23:59:59Z,2025-05-15T09:00:00Z,destination=ATL&origin=LIT&endRange=2025-10-14T23:59:59Z&startRange=2025-05-15T09:00:00Z,12.0,1118.0,1.0,8.0,<Response [200]>
,,,,,,YYZ,,,,,DTW,,,,2025-10-14T23:59:59Z,2025-05-15T09:00:00Z,destination=YYZ&origin=DTW&endRange=2025-10-14T23:59:59Z&startRange=2025-05-15T09:00:00Z,12.0,1121.0,1.0,8.0,<Response [200]>
,,,,,,PDX,,,,,ATL,,,,2025-10-14T23:59:59Z,2025-05-15T09:00:00Z,destination=PDX&origin=ATL&endRange=2025-10-14T23:59:59Z&startRange=2025-05-15T09:00:00Z,13.0,1296.0,1.0,8.0,<Response [200]>
,,,,,,DTW,,,,,TPA,,,,2025-10-14T23:59:59Z,2025-05-15T09:00:00Z,destination=DTW&origin=TPA&endRange=2025-10-14T23:59:59Z&startRange=2025-05-15T09:00:00Z,13.0,1210.0,1.0,8.0,<Response [200]>
,,,,,,SAN,,,,,SLC,,,,2025-10-14T23:59:59Z,2025-05-15T09:00:00Z,destination=SAN&origin=SLC&endRange=2025-10-14T23:59:59Z&startRange=2025-05-15T09:00:00Z,13.0,1223.0,1.0,8.0,<Response [200]>
,,,,,,CLE,,,,,MSP,,,,2025-10-14T23:59:59Z,2025-05-15T09:00:00Z,destination=CLE&origin=MSP&endRange=2025-10-14T23:59:59Z&startRange=2025-05-15T09:00:00Z,12.0,1163.0,1.0,8.0,<Response [200]>
,,,,,,ORF,,,,,DTW,,,,2025-10-14T23:59:59Z,2025-05-15T09:00:00Z,destination=ORF&origin=DTW&endRange=2025-10-14T23:59:59Z&startRange=2025-05-15T09:00:00Z,13.0,1288.0,1.0,8.0,<Response [200]>
,,,,,,BDL,,,,,DTW,,,,2025-10-14T23:59:59Z,2025-05-15T09:00:00Z,destination=BDL&origin=DTW&endRange=2025-10-14T23:59:59Z&startRange=2025-05-15T09:00:00Z,13.0,1237.0,1.0,8.0,<Response [200]>
,,,,,,PDX,,,,,MSP,,,,2025-10-14T23:59:59Z,2025-05-15T09:00:00Z,destination=PDX&origin=MSP&endRange=2025-10-14T23:59:59Z&startRange=2025-05-15T09:00:00Z,12.0,1170.0,1.0,8.0,<Response [200]>
,,,,,,TPA,,,,,DTW,,,,2025-10-14T23:59:59Z,2025-05-15T09:00:00Z,destination=TPA&origin=DTW&endRange=2025-10-14T23:59:59Z&startRange=2025-05-15T09:00:00Z,13.0,1295.0,1.0,8.0,<Response [200]>
,,,,,,JFK,,,,,DEN,,,,2025-10-14T23:59:59Z,2025-05-15T09:00:00Z,destination=JFK&origin=DEN&endRange=2025-10-14T23:59:59Z&startRange=2025-05-15T09:00:00Z,13.0,1243.0,1.0,8.0,<Response [200]>
,,,,,,DEN,,,,,SLC,,,,2025-10-14T23:59:59Z,2025-05-15T09:00:00Z,destination=DEN&origin=SLC&endRange=2025-10-14T23:59:59Z&startRange=2025-05-15T09:00:00Z,12.0,1180.0,1.0,8.0,<Response [200]>
,,,,,,SLC,,,,,SFO,,,,2025-10-14T23:59:59Z,2025-05-15T09:00:00Z,destination=SLC&origin=SFO&endRange=2025-10-14T23:59:59Z&startRange=2025-05-15T09:00:00Z,13.0,1219.0,1.0,8.0,<Response [200]>
,,,,,,ORY,,,,,RAK,,,,2025-10-14T23:59:59Z,2025-05-15T09:00:00Z,destination=ORY&origin=RAK&endRange=2025-10-14T23:59:59Z&startRange=2025-05-15T09:00:00Z,12.0,1109.0,1.0,8.0,<Response [200]>
,,,,,,ORY,,,,,TUN,,,,2025-10-14T23:59:59Z,2025-05-15T09:00:00Z,destination=ORY&origin=TUN&endRange=2025-10-14T23:59:59Z&startRange=2025-05-15T09:00:00Z,12.0,1190.0,1.0,8.0,<Response [200]>
,,,,,,SLC,,,,,ORD,,,,2025-10-14T23:59:59Z,2025-05-15T09:00:00Z,destination=SLC&origin=ORD&endRange=2025-10-14T23:59:59Z&startRange=2025-05-15T09:00:00Z,13.0,1295.0,1.0,8.0,<Response [200]>
,,,,,,RAK,,,,,ORY,,,,2025-10-14T23:59:59Z,2025-05-15T09:00:00Z,destination=RAK&origin=ORY&endRange=2025-10-14T23:59:59Z&startRange=2025-05-15T09:00:00Z,12.0,1105.0,1.0,8.0,<Response [200]>
,,,,,,CDG,,,,,TUN,,,,2025-10-14T23:59:59Z,2025-05-15T09:00:00Z,destination=CDG&origin=TUN&endRange=2025-10-14T23:59:59Z&startRange=2025-05-15T09:00:00Z,12.0,1148.0,1.0,8.0,<Response [200]>
,,,,,,PHX,,,,,DTW,,,,2025-10-14T23:59:59Z,2025-05-15T09:00:00Z,destination=PHX&origin=DTW&endRange=2025-10-14T23:59:59Z&startRange=2025-05-15T09:00:00Z,13.0,1221.0,1.0,8.0,<Response [200]>
,,,,,,JFK,,,,,ROC,,,,2025-10-14T23:59:59Z,2025-05-15T09:00:00Z,destination=JFK&origin=ROC&endRange=2025-10-14T23:59:59Z&startRange=2025-05-15T09:00:00Z,11.0,1064.0,1.0,9.0,<Response [200]>
,,,,,,MSP,,,,,DFW,,,,2025-10-14T23:59:59Z,2025-05-15T09:00:00Z,destination=MSP&origin=DFW&endRange=2025-10-14T23:59:59Z&startRange=2025-05-15T09:00:00Z,11.0,1100.0,1.0,9.0,<Response [200]>
,,,,,,RUH,,,,,JED,,,,2025-10-14T23:59:59Z,2025-05-15T09:00:00Z,destination=RUH&origin=JED&endRange=2025-10-14T23:59:59Z&startRange=2025-05-15T09:00:00Z,11.0,1007.0,1.0,9.0,<Response [200]>
,,,,,,SLC,,,,,BOS,,,,2025-10-14T23:59:59Z,2025-05-15T09:00:00Z,destination=SLC&origin=BOS&endRange=2025-10-14T23:59:59Z&startRange=2025-05-15T09:00:00Z,11.0,1080.0,1.0,9.0,<Response [200]>
,,,,,,JFK,,,,,DCA,,,,2025-10-14T23:59:59Z,2025-05-15T09:00:00Z,destination=JFK&origin=DCA&endRange=2025-10-14T23:59:59Z&startRange=2025-05-15T09:00:00Z,11.0,1079.0,1.0,9.0,<Response [200]>
,,,,,,SLC,,,,,SAT,,,,2025-10-14T23:59:59Z,2025-05-15T09:00:00Z,destination=SLC&origin=SAT&endRange=2025-10-14T23:59:59Z&startRange=2025-05-15T09:00:00Z,11.0,1052.0,1.0,9.0,<Response [200]>
,,,,,,YVR,,,,,SEA,,,,2025-10-14T23:59:59Z,2025-05-15T09:00:00Z,destination=YVR&origin=SEA&endRange=2025-10-14T23:59:59Z&startRange=2025-05-15T09:00:00Z,11.0,1069.0,1.0,9.0,<Response [200]>
,,,,,,JFK,,,,,PIT,,,,2025-10-14T23:59:59Z,2025-05-15T09:00:00Z,destination=JFK&origin=PIT&endRange=2025-10-14T23:59:59Z&startRange=2025-05-15T09:00:00Z,11.0,1024.0,1.0,9.0,<Response [200]>
,,,,,,LAX,,,,,AUS,,,,2025-10-14T23:59:59Z,2025-05-15T09:00:00Z,destination=LAX&origin=AUS&endRange=2025-10-14T23:59:59Z&startRange=2025-05-15T09:00:00Z,11.0,1048.0,1.0,9.0,<Response [200]>
,,,,,,BOS,,,,,BNA,,,,2025-10-14T23:59:59Z,2025-05-15T09:00:00Z,destination=BOS&origin=BNA&endRange=2025-10-14T23:59:59Z&startRange=2025-05-15T09:00:00Z,11.0,1081.0,1.0,9.0,<Response [200]>
,,,,,,DTW,,,,,IND,,,,2025-10-14T23:59:59Z,2025-05-15T09:00:00Z,destination=DTW&origin=IND&endRange=2025-10-14T23:59:59Z&startRange=2025-05-15T09:00:00Z,11.0,1003.0,1.0,9.0,<Response [200]>
,,,,,,LAX,,,,,SJC,,,,2025-10-14T23:59:59Z,2025-05-15T09:00:00Z,destination=LAX&origin=SJC&endRange=2025-10-14T23:59:59Z&startRange=2025-05-15T09:00:00Z,11.0,1032.0,1.0,9.0,<Response [200]>
,,,,,,DTW,,,,,MSN,,,,2025-10-14T23:59:59Z,2025-05-15T09:00:00Z,destination=DTW&origin=MSN&endRange=2025-10-14T23:59:59Z&startRange=2025-05-15T09:00:00Z,11.0,1030.0,1.0,9.0,<Response [200]>
,,,,,,DAY,,,,,ATL,,,,2025-10-14T23:59:59Z,2025-05-15T09:00:00Z,destination=DAY&origin=ATL&endRange=2025-10-14T23:59:59Z&startRange=2025-05-15T09:00:00Z,11.0,1094.0,1.0,9.0,<Response [200]>
,,,,,,MSP,,,,,BNA,,,,2025-10-14T23:59:59Z,2025-05-15T09:00:00Z,destination=MSP&origin=BNA&endRange=2025-10-14T23:59:59Z&startRange=2025-05-15T09:00:00Z,11.0,1031.0,1.0,9.0,<Response [200]>
,,,,,,BOS,,,,,RDU,,,,2025-10-14T23:59:59Z,2025-05-15T09:00:00Z,destination=BOS&origin=RDU&endRange=2025-10-14T23:59:59Z&startRange=2025-05-15T09:00:00Z,11.0,1043.0,1.0,9.0,<Response [200]>
,,,,,,IAH,,,,,SLC,,,,2025-10-14T23:59:59Z,2025-05-15T09:00:00Z,destination=IAH&origin=SLC&endRange=2025-10-14T23:59:59Z&startRange=2025-05-15T09:00:00Z,11.0,1075.0,1.0,9.0,<Response [200]>
,,,,,,IAD,,,,,JFK,,,,2025-10-14T23:59:59Z,2025-05-15T09:00:00Z,destination=IAD&origin=JFK&endRange=2025-10-14T23:59:59Z&startRange=2025-05-15T09:00:00Z,11.0,1005.0,1.0,9.0,<Response [200]>
,,,,,,BWI,,,,,DTW,,,,2025-10-14T23:59:59Z,2025-05-15T09:00:00Z,destination=BWI&origin=DTW&endRange=2025-10-14T23:59:59Z&startRange=2025-05-15T09:00:00Z,11.0,1011.0,1.0,9.0,<Response [200]>
,,,,,,FLL,,,,,JFK,,,,2025-10-14T23:59:59Z,2025-05-15T09:00:00Z,destination=FLL&origin=JFK&endRange=2025-10-14T23:59:59Z&startRange=2025-05-15T09:00:00Z,11.0,1061.0,1.0,9.0,<Response [200]>
,,,,,,SJC,,,,,LAX,,,,2025-10-14T23:59:59Z,2025-05-15T09:00:00Z,destination=SJC&origin=LAX&endRange=2025-10-14T23:59:59Z&startRange=2025-05-15T09:00:00Z,11.0,1053.0,1.0,9.0,<Response [200]>
,,,,,,SMF,,,,,SEA,,,,2025-10-14T23:59:59Z,2025-05-15T09:00:00Z,destination=SMF&origin=SEA&endRange=2025-10-14T23:59:59Z&startRange=2025-05-15T09:00:00Z,11.0,1048.0,1.0,9.0,<Response [200]>
,,,,,,DTW,,,,,AUS,,,,2025-10-14T23:59:59Z,2025-05-15T09:00:00Z,destination=DTW&origin=AUS&endRange=2025-10-14T23:59:59Z&startRange=2025-05-15T09:00:00Z,11.0,1043.0,1.0,9.0,<Response [200]>
,,,,,,BUF,,,,,ATL,,,,2025-10-14T23:59:59Z,2025-05-15T09:00:00Z,destination=BUF&origin=ATL&endRange=2025-10-14T23:59:59Z&startRange=2025-05-15T09:00:00Z,11.0,1005.0,1.0,9.0,<Response [200]>
,,,,,,BOS,,,,,CVG,,,,2025-10-14T23:59:59Z,2025-05-15T09:00:00Z,destination=BOS&origin=CVG&endRange=2025-10-14T23:59:59Z&startRange=2025-05-15T09:00:00Z,11.0,1011.0,1.0,9.0,<Response [200]>
,,,,,,DTW,,,,,IAH,,,,2025-10-14T23:59:59Z,2025-05-15T09:00:00Z,destination=DTW&origin=IAH&endRange=2025-10-14T23:59:59Z&startRange=2025-05-15T09:00:00Z,11.0,1099.0,1.0,9.0,<Response [200]>
,,,,,,CMN,,,,,ORY,,,,2025-10-14T23:59:59Z,2025-05-15T09:00:00Z,destination=CMN&origin=ORY&endRange=2025-10-14T23:59:59Z&startRange=2025-05-15T09:00:00Z,11.0,1097.0,1.0,9.0,<Response [200]>
,,,,,,GPT,,,,,ATL,,,,2025-10-14T23:59:59Z,2025-05-15T09:00:00Z,destination=GPT&origin=ATL&endRange=2025-10-14T23:59:59Z&startRange=2025-05-15T09:00:00Z,11.0,1080.0,1.0,9.0,<Response [200]>
,,,,,,LAX,,,,,PDX,,,,2025-10-14T23:59:59Z,2025-05-15T09:00:00Z,destination=LAX&origin=PDX&endRange=2025-10-14T23:59:59Z&startRange=2025-05-15T09:00:00Z,11.0,1097.0,1.0,9.0,<Response [200]>
,,,,,,SEA,,,,,SJC,,,,2025-10-14T23:59:59Z,2025-05-15T09:00:00Z,destination=SEA&origin=SJC&endRange=2025-10-14T23:59:59Z&startRange=2025-05-15T09:00:00Z,11.0,1017.0,1.0,9.0,<Response [200]>
,,,,,,MEM,,,,,DTW,,,,2025-10-14T23:59:59Z,2025-05-15T09:00:00Z,destination=MEM&origin=DTW&endRange=2025-10-14T23:59:59Z&startRange=2025-05-15T09:00:00Z,11.0,1057.0,1.0,9.0,<Response [200]>
,,,,,,BNA,,,,,DTW,,,,2025-10-14T23:59:59Z,2025-05-15T09:00:00Z,destination=BNA&origin=DTW&endRange=2025-10-14T23:59:59Z&startRange=2025-05-15T09:00:00Z,11.0,1059.0,1.0,9.0,<Response [200]>
,,,,,,SEA,,,,,ANC,,,,2025-10-14T23:59:59Z,2025-05-15T09:00:00Z,destination=SEA&origin=ANC&endRange=2025-10-14T23:59:59Z&startRange=2025-05-15T09:00:00Z,11.0,1094.0,1.0,9.0,<Response [200]>
,,,,,,MEX,,,,,TIJ,,,,2025-10-14T23:59:59Z,2025-05-15T09:00:00Z,destination=MEX&origin=TIJ&endRange=2025-10-14T23:59:59Z&startRange=2025-05-15T09:00:00Z,11.0,1076.0,1.0,9.0,<Response [200]>
,,,,,,SEA,,,,,DEN,,,,2025-10-14T23:59:59Z,2025-05-15T09:00:00Z,destination=SEA&origin=DEN&endRange=2025-10-14T23:59:59Z&startRange=2025-05-15T09:00:00Z,11.0,1093.0,1.0,9.0,<Response [200]>
,,,,,,CDG,,,,,YUL,,,,2025-10-14T23:59:59Z,2025-05-15T09:00:00Z,destination=CDG&origin=YUL&endRange=2025-10-14T23:59:59Z&startRange=2025-05-15T09:00:00Z,11.0,1060.0,1.0,9.0,<Response [200]>
,,,,,,YUL,,,,,CDG,,,,2025-10-14T23:59:59Z,2025-05-15T09:00:00Z,destination=YUL&origin=CDG&endRange=2025-10-14T23:59:59Z&startRange=2025-05-15T09:00:00Z,11.0,1058.0,1.0,9.0,<Response [200]>
,,,,,,SLC,,,,,SMF,,,,2025-10-14T23:59:59Z,2025-05-15T09:00:00Z,destination=SLC&origin=SMF&endRange=2025-10-14T23:59:59Z&startRange=2025-05-15T09:00:00Z,10.0,917.0,1.0,10.0,<Response [200]>
,,,,,,MSP,,,,,IND,,,,2025-10-14T23:59:59Z,2025-05-15T09:00:00Z,destination=MSP&origin=IND&endRange=2025-10-14T23:59:59Z&startRange=2025-05-15T09:00:00Z,10.0,904.0,1.0,10.0,<Response [200]>
,,,,,,DTW,,,,,MCI,,,,2025-10-14T23:59:59Z,2025-05-15T09:00:00Z,destination=DTW&origin=MCI&endRange=2025-10-14T23:59:59Z&startRange=2025-05-15T09:00:00Z,10.0,925.0,1.0,10.0,<Response [200]>
,,,,,,LAX,,,,,CDG,,,,2025-10-14T23:59:59Z,2025-05-15T09:00:00Z,destination=LAX&origin=CDG&endRange=2025-10-14T23:59:59Z&startRange=2025-05-15T09:00:00Z,10.0,997.0,1.0,10.0,<Response [200]>
,,,,,,IST,,,,,AMS,,,,2025-10-14T23:59:59Z,2025-05-15T09:00:00Z,destination=IST&origin=AMS&endRange=2025-10-14T23:59:59Z&startRange=2025-05-15T09:00:00Z,10.0,922.0,1.0,10.0,<Response [200]>
,,,,,,ROC,,,,,DTW,,,,2025-10-14T23:59:59Z,2025-05-15T09:00:00Z,destination=ROC&origin=DTW&endRange=2025-10-14T23:59:59Z&startRange=2025-05-15T09:00:00Z,10.0,904.0,1.0,10.0,<Response [200]>
,,,,,,ONT,,,,,SLC,,,,2025-10-14T23:59:59Z,2025-05-15T09:00:00Z,destination=ONT&origin=SLC&endRange=2025-10-14T23:59:59Z&startRange=2025-05-15T09:00:00Z,10.0,923.0,1.0,10.0,<Response [200]>
,,,,,,PWM,,,,,DTW,,,,2025-10-14T23:59:59Z,2025-05-15T09:00:00Z,destination=PWM&origin=DTW&endRange=2025-10-14T23:59:59Z&startRange=2025-05-15T09:00:00Z,10.0,907.0,1.0,10.0,<Response [200]>
,,,,,,HAN,,,,,DAD,,,,2025-10-14T23:59:59Z,2025-05-15T09:00:00Z,destination=HAN&origin=DAD&endRange=2025-10-14T23:59:59Z&startRange=2025-05-15T09:00:00Z,10.0,914.0,1.0,10.0,<Response [200]>
,,,,,,SEA,,,,,SNA,,,,2025-10-14T23:59:59Z,2025-05-15T09:00:00Z,destination=SEA&origin=SNA&endRange=2025-10-14T23:59:59Z&startRange=2025-05-15T09:00:00Z,10.0,976.0,1.0,10.0,<Response [200]>
,,,,,,SIN,,,,,KUL,,,,2025-10-14T23:59:59Z,2025-05-15T09:00:00Z,destination=SIN&origin=KUL&endRange=2025-10-14T23:59:59Z&startRange=2025-05-15T09:00:00Z,10.0,956.0,1.0,10.0,<Response [200]>
,,,,,,MBA,,,,,NBO,,,,2025-10-14T23:59:59Z,2025-05-15T09:00:00Z,destination=MBA&origin=NBO&endRange=2025-10-14T23:59:59Z&startRange=2025-05-15T09:00:00Z,10.0,918.0,1.0,10.0,<Response [200]>
,,,,,,AMS,,,,,JFK,,,,2025-10-14T23:59:59Z,2025-05-15T09:00:00Z,destination=AMS&origin=JFK&endRange=2025-10-14T23:59:59Z&startRange=2025-05-15T09:00:00Z,10.0,917.0,1.0,10.0,<Response [200]>
,,,,,,MIA,,,,,JFK,,,,2025-10-14T23:59:59Z,2025-05-15T09:00:00Z,destination=MIA&origin=JFK&endRange=2025-10-14T23:59:59Z&startRange=2025-05-15T09:00:00Z,10.0,924.0,1.0,10.0,<Response [200]>
,,,,,,NBO,,,,,MBA,,,,2025-10-14T23:59:59Z,2025-05-15T09:00:00Z,destination=NBO&origin=MBA&endRange=2025-10-14T23:59:59Z&startRange=2025-05-15T09:00:00Z,10.0,914.0,1.0,10.0,<Response [200]>
,,,,,,AMS,,,,,IST,,,,2025-10-14T23:59:59Z,2025-05-15T09:00:00Z,destination=AMS&origin=IST&endRange=2025-10-14T23:59:59Z&startRange=2025-05-15T09:00:00Z,10.0,922.0,1.0,10.0,<Response [200]>
,,,,,,ATL,,,,,OKC,,,,2025-10-14T23:59:59Z,2025-05-15T09:00:00Z,destination=ATL&origin=OKC&endRange=2025-10-14T23:59:59Z&startRange=2025-05-15T09:00:00Z,10.0,965.0,1.0,10.0,<Response [200]>
,,,,,,JFK,,,,,SAV,,,,2025-10-14T23:59:59Z,2025-05-15T09:00:00Z,destination=JFK&origin=SAV&endRange=2025-10-14T23:59:59Z&startRange=2025-05-15T09:00:00Z,10.0,991.0,1.0,10.0,<Response [200]>
,,,,,,KUL,,,,,SIN,,,,2025-10-14T23:59:59Z,2025-05-15T09:00:00Z,destination=KUL&origin=SIN&endRange=2025-10-14T23:59:59Z&startRange=2025-05-15T09:00:00Z,10.0,996.0,1.0,10.0,<Response [200]>
,,,,,,MSN,,,,,DTW,,,,2025-10-14T23:59:59Z,2025-05-15T09:00:00Z,destination=MSN&origin=DTW&endRange=2025-10-14T23:59:59Z&startRange=2025-05-15T09:00:00Z,10.0,990.0,1.0,10.0,<Response [200]>
,,,,,,ATL,,,,,MLB,,,,2025-10-14T23:59:59Z,2025-05-15T09:00:00Z,destination=ATL&origin=MLB&endRange=2025-10-14T23:59:59Z&startRange=2025-05-15T09:00:00Z,10.0,926.0,1.0,10.0,<Response [200]>
,,,,,,JFK,,,,,TPA,,,,2025-10-14T23:59:59Z,2025-05-15T09:00:00Z,destination=JFK&origin=TPA&endRange=2025-10-14T23:59:59Z&startRange=2025-05-15T09:00:00Z,10.0,961.0,1.0,10.0,<Response [200]>
,,,,,,IND,,,,,JFK,,,,2025-10-14T23:59:59Z,2025-05-15T09:00:00Z,destination=IND&origin=JFK&endRange=2025-10-14T23:59:59Z&startRange=2025-05-15T09:00:00Z,10.0,978.0,1.0,10.0,<Response [200]>
,,,,,,OMA,,,,,ATL,,,,2025-10-14T23:59:59Z,2025-05-15T09:00:00Z,destination=OMA&origin=ATL&endRange=2025-10-14T23:59:59Z&startRange=2025-05-15T09:00:00Z,10.0,985.0,1.0,10.0,<Response [200]>
,,,,,,OKC,,,,,ATL,,,,2025-10-14T23:59:59Z,2025-05-15T09:00:00Z,destination=OKC&origin=ATL&endRange=2025-10-14T23:59:59Z&startRange=2025-05-15T09:00:00Z,10.0,940.0,1.0,10.0,<Response [200]>
,,,,,,CLE,,,,,BOS,,,,2025-10-14T23:59:59Z,2025-05-15T09:00:00Z,destination=CLE&origin=BOS&endRange=2025-10-14T23:59:59Z&startRange=2025-05-15T09:00:00Z,10.0,940.0,1.0,10.0,<Response [200]>
,,,,,,DTW,,,,,BDL,,,,2025-10-14T23:59:59Z,2025-05-15T09:00:00Z,destination=DTW&origin=BDL&endRange=2025-10-14T23:59:59Z&startRange=2025-05-15T09:00:00Z,10.0,930.0,1.0,10.0,<Response [200]>
,,,,,,PTY,,,,,SJO,,,,2025-10-14T23:59:59Z,2025-05-15T09:00:00Z,destination=PTY&origin=SJO&endRange=2025-10-14T23:59:59Z&startRange=2025-05-15T09:00:00Z,10.0,965.0,1.0,10.0,<Response [200]>
,,,,,,SJC,,,,,SEA,,,,2025-10-14T23:59:59Z,2025-05-15T09:00:00Z,destination=SJC&origin=SEA&endRange=2025-10-14T23:59:59Z&startRange=2025-05-15T09:00:00Z,10.0,936.0,1.0,10.0,<Response [200]>
,,,,,,MSP,,,,,EWR,,,,2025-10-14T23:59:59Z,2025-05-15T09:00:00Z,destination=MSP&origin=EWR&endRange=2025-10-14T23:59:59Z&startRange=2025-05-15T09:00:00Z,10.0,902.0,1.0,10.0,<Response [200]>
,,,,,,EYW,,,,,ATL,,,,2025-10-14T23:59:59Z,2025-05-15T09:00:00Z,destination=EYW&origin=ATL&endRange=2025-10-14T23:59:59Z&startRange=2025-05-15T09:00:00Z,10.0,967.0,1.0,10.0,<Response [200]>
,,,,,,SEA,,,,,SMF,,,,2025-10-14T23:59:59Z,2025-05-15T09:00:00Z,destination=SEA&origin=SMF&endRange=2025-10-14T23:59:59Z&startRange=2025-05-15T09:00:00Z,10.0,913.0,1.0,10.0,<Response [200]>
,,,,,,BOI,,,,,SEA,,,,2025-10-14T23:59:59Z,2025-05-15T09:00:00Z,destination=BOI&origin=SEA&endRange=2025-10-14T23:59:59Z&startRange=2025-05-15T09:00:00Z,10.0,996.0,1.0,10.0,<Response [200]>
,,,,,,SEA,,,,,GEG,,,,2025-10-14T23:59:59Z,2025-05-15T09:00:00Z,destination=SEA&origin=GEG&endRange=2025-10-14T23:59:59Z&startRange=2025-05-15T09:00:00Z,10.0,977.0,1.0,10.0,<Response [200]>
,,,,,,ATL,,,,,BUF,,,,2025-10-14T23:59:59Z,2025-05-15T09:00:00Z,destination=ATL&origin=BUF&endRange=2025-10-14T23:59:59Z&startRange=2025-05-15T09:00:00Z,10.0,984.0,1.0,10.0,<Response [200]>
,,,,,,SEA,,,,,BOI,,,,2025-10-14T23:59:59Z,2025-05-15T09:00:00Z,destination=SEA&origin=BOI&endRange=2025-10-14T23:59:59Z&startRange=2025-05-15T09:00:00Z,10.0,998.0,1.0,10.0,<Response [200]>
,,,,,,DFW,,,,,MSP,,,,2025-10-14T23:59:59Z,2025-05-15T09:00:00Z,destination=DFW&origin=MSP&endRange=2025-10-14T23:59:59Z&startRange=2025-05-15T09:00:00Z,10.0,972.0,1.0,10.0,<Response [200]>
,,,,,,ATL,,,,,GRR,,,,2025-10-14T23:59:59Z,2025-05-15T09:00:00Z,destination=ATL&origin=GRR&endRange=2025-10-14T23:59:59Z&startRange=2025-05-15T09:00:00Z,10.0,961.0,1.0,10.0,<Response [200]>
,,,,,,BOS,,,,,RIC,,,,2025-10-14T23:59:59Z,2025-05-15T09:00:00Z,destination=BOS&origin=RIC&endRange=2025-10-14T23:59:59Z&startRange=2025-05-15T09:00:00Z,10.0,909.0,1.0,10.0,<Response [200]>
,,,,,,GRR,,,,,MSP,,,,2025-10-14T23:59:59Z,2025-05-15T09:00:00Z,destination=GRR&origin=MSP&endRange=2025-10-14T23:59:59Z&startRange=2025-05-15T09:00:00Z,10.0,985.0,1.0,10.0,<Response [200]>
,,,,,,EWR,,,,,MSP,,,,2025-10-14T23:59:59Z,2025-05-15T09:00:00Z,destination=EWR&origin=MSP&endRange=2025-10-14T23:59:59Z&startRange=2025-05-15T09:00:00Z,10.0,992.0,1.0,10.0,<Response [200]>
,,,,,,ORD,,,,,LGA,,,,2025-10-14T23:59:59Z,2025-05-15T09:00:00Z,destination=ORD&origin=LGA&endRange=2025-10-14T23:59:59Z&startRange=2025-05-15T09:00:00Z,10.0,983.0,1.0,10.0,<Response [200]>
,,,,,,AUS,,,,,DTW,,,,2025-10-14T23:59:59Z,2025-05-15T09:00:00Z,destination=AUS&origin=DTW&endRange=2025-10-14T23:59:59Z&startRange=2025-05-15T09:00:00Z,10.0,944.0,1.0,10.0,<Response [200]>
,,,,,,ALB,,,,,DTW,,,,2025-10-14T23:59:59Z,2025-05-15T09:00:00Z,destination=ALB&origin=DTW&endRange=2025-10-14T23:59:59Z&startRange=2025-05-15T09:00:00Z,10.0,904.0,1.0,10.0,<Response [200]>
,,,,,,CDG,,,,,LAX,,,,2025-10-14T23:59:59Z,2025-05-15T09:00:00Z,destination=CDG&origin=LAX&endRange=2025-10-14T23:59:59Z&startRange=2025-05-15T09:00:00Z,10.0,992.0,1.0,10.0,<Response [200]>
,,,,,,CMN,,,,,CDG,,,,2025-10-14T23:59:59Z,2025-05-15T09:00:00Z,destination=CMN&origin=CDG&endRange=2025-10-14T23:59:59Z&startRange=2025-05-15T09:00:00Z,10.0,979.0,1.0,10.0,<Response [200]>
,,,,,,PHX,,,,,JFK,,,,2025-10-14T23:59:59Z,2025-05-15T09:00:00Z,destination=PHX&origin=JFK&endRange=2025-10-14T23:59:59Z&startRange=2025-05-15T09:00:00Z,10.0,939.0,1.0,10.0,<Response [200]>
,,,,,,PIT,,,,,MSP,,,,2025-10-14T23:59:59Z,2025-05-15T09:00:00Z,destination=PIT&origin=MSP&endRange=2025-10-14T23:59:59Z&startRange=2025-05-15T09:00:00Z,10.0,946.0,1.0,10.0,<Response [200]>
,,,,,,CDG,,,,,CMN,,,,2025-10-14T23:59:59Z,2025-05-15T09:00:00Z,destination=CDG&origin=CMN&endRange=2025-10-14T23:59:59Z&startRange=2025-05-15T09:00:00Z,10.0,981.0,1.0,10.0,<Response [200]>
,,,,,,SMF,,,,,LAX,,,,2025-10-14T23:59:59Z,2025-05-15T09:00:00Z,destination=SMF&origin=LAX&endRange=2025-10-14T23:59:59Z&startRange=2025-05-15T09:00:00Z,9.0,874.0,1.0,11.0,<Response [200]>
,,,,,,GSP,,,,,DTW,,,,2025-10-14T23:59:59Z,2025-05-15T09:00:00Z,destination=GSP&origin=DTW&endRange=2025-10-14T23:59:59Z&startRange=2025-05-15T09:00:00Z,9.0,837.0,1.0,11.0,<Response [200]>
,,,,,,JFK,,,,,AMS,,,,2025-10-14T23:59:59Z,2025-05-15T09:00:00Z,destination=JFK&origin=AMS&endRange=2025-10-14T23:59:59Z&startRange=2025-05-15T09:00:00Z,9.0,853.0,1.0,11.0,<Response [200]>
,,,,,,MEX,,,,,CUU,,,,2025-10-14T23:59:59Z,2025-05-15T09:00:00Z,destination=MEX&origin=CUU&endRange=2025-10-14T23:59:59Z&startRange=2025-05-15T09:00:00Z,9.0,844.0,1.0,11.0,<Response [200]>
,,,,,,ATL,,,,,DSM,,,,2025-10-14T23:59:59Z,2025-05-15T09:00:00Z,destination=ATL&origin=DSM&endRange=2025-10-14T23:59:59Z&startRange=2025-05-15T09:00:00Z,9.0,877.0,1.0,11.0,<Response [200]>
,,,,,,ATL,,,,,EYW,,,,2025-10-14T23:59:59Z,2025-05-15T09:00:00Z,destination=ATL&origin=EYW&endRange=2025-10-14T23:59:59Z&startRange=2025-05-15T09:00:00Z,9.0,852.0,1.0,11.0,<Response [200]>
,,,,,,ATL,,,,,ROC,,,,2025-10-14T23:59:59Z,2025-05-15T09:00:00Z,destination=ATL&origin=ROC&endRange=2025-10-14T23:59:59Z&startRange=2025-05-15T09:00:00Z,9.0,849.0,1.0,11.0,<Response [200]>
,,,,,,DAD,,,,,HAN,,,,2025-10-14T23:59:59Z,2025-05-15T09:00:00Z,destination=DAD&origin=HAN&endRange=2025-10-14T23:59:59Z&startRange=2025-05-15T09:00:00Z,9.0,895.0,1.0,11.0,<Response [200]>
,,,,,,DEN,,,,,DTW,,,,2025-10-14T23:59:59Z,2025-05-15T09:00:00Z,destination=DEN&origin=DTW&endRange=2025-10-14T23:59:59Z&startRange=2025-05-15T09:00:00Z,9.0,807.0,1.0,11.0,<Response [200]>
,,,,,,JFK,,,,,SYR,,,,2025-10-14T23:59:59Z,2025-05-15T09:00:00Z,destination=JFK&origin=SYR&endRange=2025-10-14T23:59:59Z&startRange=2025-05-15T09:00:00Z,9.0,885.0,1.0,11.0,<Response [200]>
,,,,,,GRR,,,,,ATL,,,,2025-10-14T23:59:59Z,2025-05-15T09:00:00Z,destination=GRR&origin=ATL&endRange=2025-10-14T23:59:59Z&startRange=2025-05-15T09:00:00Z,9.0,827.0,1.0,11.0,<Response [200]>
,,,,,,AUS,,,,,JFK,,,,2025-10-14T23:59:59Z,2025-05-15T09:00:00Z,destination=AUS&origin=JFK&endRange=2025-10-14T23:59:59Z&startRange=2025-05-15T09:00:00Z,9.0,868.0,1.0,11.0,<Response [200]>
,,,,,,SLC,,,,,ONT,,,,2025-10-14T23:59:59Z,2025-05-15T09:00:00Z,destination=SLC&origin=ONT&endRange=2025-10-14T23:59:59Z&startRange=2025-05-15T09:00:00Z,9.0,886.0,1.0,11.0,<Response [200]>
,,,,,,CHS,,,,,DTW,,,,2025-10-14T23:59:59Z,2025-05-15T09:00:00Z,destination=CHS&origin=DTW&endRange=2025-10-14T23:59:59Z&startRange=2025-05-15T09:00:00Z,9.0,865.0,1.0,11.0,<Response [200]>
,,,,,,MSP,,,,,GRR,,,,2025-10-14T23:59:59Z,2025-05-15T09:00:00Z,destination=MSP&origin=GRR&endRange=2025-10-14T23:59:59Z&startRange=2025-05-15T09:00:00Z,9.0,856.0,1.0,11.0,<Response [200]>
,,,,,,ATL,,,,,TUS,,,,2025-10-14T23:59:59Z,2025-05-15T09:00:00Z,destination=ATL&origin=TUS&endRange=2025-10-14T23:59:59Z&startRange=2025-05-15T09:00:00Z,9.0,822.0,1.0,11.0,<Response [200]>
,,,,,,IND,,,,,BOS,,,,2025-10-14T23:59:59Z,2025-05-15T09:00:00Z,destination=IND&origin=BOS&endRange=2025-10-14T23:59:59Z&startRange=2025-05-15T09:00:00Z,9.0,815.0,1.0,11.0,<Response [200]>
,,,,,,RIC,,,,,JFK,,,,2025-10-14T23:59:59Z,2025-05-15T09:00:00Z,destination=RIC&origin=JFK&endRange=2025-10-14T23:59:59Z&startRange=2025-05-15T09:00:00Z,9.0,830.0,1.0,11.0,<Response [200]>
,,,,,,BHM,,,,,DTW,,,,2025-10-14T23:59:59Z,2025-05-15T09:00:00Z,destination=BHM&origin=DTW&endRange=2025-10-14T23:59:59Z&startRange=2025-05-15T09:00:00Z,9.0,850.0,1.0,11.0,<Response [200]>
,,,,,,OMA,,,,,DTW,,,,2025-10-14T23:59:59Z,2025-05-15T09:00:00Z,destination=OMA&origin=DTW&endRange=2025-10-14T23:59:59Z&startRange=2025-05-15T09:00:00Z,9.0,894.0,1.0,11.0,<Response [200]>
,,,,,,LAX,,,,,SMF,,,,2025-10-14T23:59:59Z,2025-05-15T09:00:00Z,destination=LAX&origin=SMF&endRange=2025-10-14T23:59:59Z&startRange=2025-05-15T09:00:00Z,9.0,822.0,1.0,11.0,<Response [200]>
,,,,,,LGA,,,,,ORD,,,,2025-10-14T23:59:59Z,2025-05-15T09:00:00Z,destination=LGA&origin=ORD&endRange=2025-10-14T23:59:59Z&startRange=2025-05-15T09:00:00Z,9.0,893.0,1.0,11.0,<Response [200]>
,,,,,,DTW,,,,,ORF,,,,2025-10-14T23:59:59Z,2025-05-15T09:00:00Z,destination=DTW&origin=ORF&endRange=2025-10-14T23:59:59Z&startRange=2025-05-15T09:00:00Z,9.0,824.0,1.0,11.0,<Response [200]>
,,,,,,DEN,,,,,JFK,,,,2025-10-14T23:59:59Z,2025-05-15T09:00:00Z,destination=DEN&origin=JFK&endRange=2025-10-14T23:59:59Z&startRange=2025-05-15T09:00:00Z,9.0,882.0,1.0,11.0,<Response [200]>
,,,,,,ORD,,,,,SEA,,,,2025-10-14T23:59:59Z,2025-05-15T09:00:00Z,destination=ORD&origin=SEA&endRange=2025-10-14T23:59:59Z&startRange=2025-05-15T09:00:00Z,9.0,832.0,1.0,11.0,<Response [200]>
,,,,,,SJO,,,,,PTY,,,,2025-10-14T23:59:59Z,2025-05-15T09:00:00Z,destination=SJO&origin=PTY&endRange=2025-10-14T23:59:59Z&startRange=2025-05-15T09:00:00Z,9.0,894.0,1.0,11.0,<Response [200]>
,,,,,,DJE,,,,,ORY,,,,2025-10-14T23:59:59Z,2025-05-15T09:00:00Z,destination=DJE&origin=ORY&endRange=2025-10-14T23:59:59Z&startRange=2025-05-15T09:00:00Z,9.0,861.0,1.0,11.0,<Response [200]>
,,,,,,CDG,,,,,TLV,,,,2025-10-14T23:59:59Z,2025-05-15T09:00:00Z,destination=CDG&origin=TLV&endRange=2025-10-14T23:59:59Z&startRange=2025-05-15T09:00:00Z,9.0,838.0,1.0,11.0,<Response [200]>
,,,,,,ORY,,,,,DJE,,,,2025-10-14T23:59:59Z,2025-05-15T09:00:00Z,destination=ORY&origin=DJE&endRange=2025-10-14T23:59:59Z&startRange=2025-05-15T09:00:00Z,9.0,883.0,1.0,11.0,<Response [200]>
,,,,,,MSP,,,,,SNA,,,,2025-10-14T23:59:59Z,2025-05-15T09:00:00Z,destination=MSP&origin=SNA&endRange=2025-10-14T23:59:59Z&startRange=2025-05-15T09:00:00Z,9.0,844.0,1.0,11.0,<Response [200]>
,,,,,,TLV,,,,,CDG,,,,2025-10-14T23:59:59Z,2025-05-15T09:00:00Z,destination=TLV&origin=CDG&endRange=2025-10-14T23:59:59Z&startRange=2025-05-15T09:00:00Z,9.0,852.0,1.0,11.0,<Response [200]>
,,,,,,SAN,,,,,DTW,,,,2025-10-14T23:59:59Z,2025-05-15T09:00:00Z,destination=SAN&origin=DTW&endRange=2025-10-14T23:59:59Z&startRange=2025-05-15T09:00:00Z,9.0,895.0,1.0,11.0,<Response [200]>
,,,,,,CGK,,,,,DPS,,,,2025-10-14T23:59:59Z,2025-05-15T09:00:00Z,destination=CGK&origin=DPS&endRange=2025-10-14T23:59:59Z&startRange=2025-05-15T09:00:00Z,9.0,825.0,1.0,11.0,<Response [200]>
,,,,,,DLH,,,,,MSP,,,,2025-10-14T23:59:59Z,2025-05-15T09:00:00Z,destination=DLH&origin=MSP&endRange=2025-10-14T23:59:59Z&startRange=2025-05-15T09:00:00Z,9.0,831.0,1.0,11.0,<Response [200]>
,,,,,,MSP,,,,,FLL,,,,2025-10-14T23:59:59Z,2025-05-15T09:00:00Z,destination=MSP&origin=FLL&endRange=2025-10-14T23:59:59Z&startRange=2025-05-15T09:00:00Z,9.0,884.0,1.0,11.0,<Response [200]>
,,,,,,SIN,,,,,SYD,,,,2025-10-14T23:59:59Z,2025-05-15T09:00:00Z,destination=SIN&origin=SYD&endRange=2025-10-14T23:59:59Z&startRange=2025-05-15T09:00:00Z,9.0,822.0,1.0,11.0,<Response [200]>
,,,,,,MLB,,,,,ATL,,,,2025-10-14T23:59:59Z,2025-05-15T09:00:00Z,destination=MLB&origin=ATL&endRange=2025-10-14T23:59:59Z&startRange=2025-05-15T09:00:00Z,8.0,768.0,1.0,12.0,<Response [200]>
,,,,,,SIN,,,,,CGK,,,,2025-10-14T23:59:59Z,2025-05-15T09:00:00Z,destination=SIN&origin=CGK&endRange=2025-10-14T23:59:59Z&startRange=2025-05-15T09:00:00Z,8.0,770.0,1.0,12.0,<Response [200]>
,,,,,,PWM,,,,,JFK,,,,2025-10-14T23:59:59Z,2025-05-15T09:00:00Z,destination=PWM&origin=JFK&endRange=2025-10-14T23:59:59Z&startRange=2025-05-15T09:00:00Z,8.0,799.0,1.0,12.0,<Response [200]>
,,,,,,JFK,,,,,PBI,,,,2025-10-14T23:59:59Z,2025-05-15T09:00:00Z,destination=JFK&origin=PBI&endRange=2025-10-14T23:59:59Z&startRange=2025-05-15T09:00:00Z,8.0,730.0,1.0,12.0,<Response [200]>
,,,,,,MEX,,,,,VER,,,,2025-10-14T23:59:59Z,2025-05-15T09:00:00Z,destination=MEX&origin=VER&endRange=2025-10-14T23:59:59Z&startRange=2025-05-15T09:00:00Z,8.0,772.0,1.0,12.0,<Response [200]>
,,,,,,PBI,,,,,JFK,,,,2025-10-14T23:59:59Z,2025-05-15T09:00:00Z,destination=PBI&origin=JFK&endRange=2025-10-14T23:59:59Z&startRange=2025-05-15T09:00:00Z,8.0,707.0,1.0,12.0,<Response [200]>
,,,,,,JED,,,,,AUH,,,,2025-10-14T23:59:59Z,2025-05-15T09:00:00Z,destination=JED&origin=AUH&endRange=2025-10-14T23:59:59Z&startRange=2025-05-15T09:00:00Z,8.0,725.0,1.0,12.0,<Response [200]>
,,,,,,JFK,,,,,PWM,,,,2025-10-14T23:59:59Z,2025-05-15T09:00:00Z,destination=JFK&origin=PWM&endRange=2025-10-14T23:59:59Z&startRange=2025-05-15T09:00:00Z,8.0,793.0,1.0,12.0,<Response [200]>
,,,,,,DTW,,,,,MDW,,,,2025-10-14T23:59:59Z,2025-05-15T09:00:00Z,destination=DTW&origin=MDW&endRange=2025-10-14T23:59:59Z&startRange=2025-05-15T09:00:00Z,8.0,737.0,1.0,12.0,<Response [200]>
,,,,,,KWI,,,,,AUH,,,,2025-10-14T23:59:59Z,2025-05-15T09:00:00Z,destination=KWI&origin=AUH&endRange=2025-10-14T23:59:59Z&startRange=2025-05-15T09:00:00Z,8.0,764.0,1.0,12.0,<Response [200]>
,,,,,,DTW,,,,,MEM,,,,2025-10-14T23:59:59Z,2025-05-15T09:00:00Z,destination=DTW&origin=MEM&endRange=2025-10-14T23:59:59Z&startRange=2025-05-15T09:00:00Z,8.0,795.0,1.0,12.0,<Response [200]>
,,,,,,DTW,,,,,DEN,,,,2025-10-14T23:59:59Z,2025-05-15T09:00:00Z,destination=DTW&origin=DEN&endRange=2025-10-14T23:59:59Z&startRange=2025-05-15T09:00:00Z,8.0,771.0,1.0,12.0,<Response [200]>
,,,,,,SAV,,,,,JFK,,,,2025-10-14T23:59:59Z,2025-05-15T09:00:00Z,destination=SAV&origin=JFK&endRange=2025-10-14T23:59:59Z&startRange=2025-05-15T09:00:00Z,8.0,733.0,1.0,12.0,<Response [200]>
,,,,,,ATL,,,,,CUN,,,,2025-10-14T23:59:59Z,2025-05-15T09:00:00Z,destination=ATL&origin=CUN&endRange=2025-10-14T23:59:59Z&startRange=2025-05-15T09:00:00Z,8.0,775.0,1.0,12.0,<Response [200]>
,,,,,,DSM,,,,,MSP,,,,2025-10-14T23:59:59Z,2025-05-15T09:00:00Z,destination=DSM&origin=MSP&endRange=2025-10-14T23:59:59Z&startRange=2025-05-15T09:00:00Z,8.0,772.0,1.0,12.0,<Response [200]>
,,,,,,DSM,,,,,ATL,,,,2025-10-14T23:59:59Z,2025-05-15T09:00:00Z,destination=DSM&origin=ATL&endRange=2025-10-14T23:59:59Z&startRange=2025-05-15T09:00:00Z,8.0,719.0,1.0,12.0,<Response [200]>
,,,,,,TPA,,,,,JFK,,,,2025-10-14T23:59:59Z,2025-05-15T09:00:00Z,destination=TPA&origin=JFK&endRange=2025-10-14T23:59:59Z&startRange=2025-05-15T09:00:00Z,8.0,705.0,1.0,12.0,<Response [200]>
,,,,,,MCT,,,,,AUH,,,,2025-10-14T23:59:59Z,2025-05-15T09:00:00Z,destination=MCT&origin=AUH&endRange=2025-10-14T23:59:59Z&startRange=2025-05-15T09:00:00Z,8.0,742.0,1.0,12.0,<Response [200]>
,,,,,,CDG,,,,,ATL,,,,2025-10-14T23:59:59Z,2025-05-15T09:00:00Z,destination=CDG&origin=ATL&endRange=2025-10-14T23:59:59Z&startRange=2025-05-15T09:00:00Z,8.0,771.0,1.0,12.0,<Response [200]>
,,,,,,SAW,,,,,AMS,,,,2025-10-14T23:59:59Z,2025-05-15T09:00:00Z,destination=SAW&origin=AMS&endRange=2025-10-14T23:59:59Z&startRange=2025-05-15T09:00:00Z,8.0,798.0,1.0,12.0,<Response [200]>
,,,,,,ATL,,,,,NAS,,,,2025-10-14T23:59:59Z,2025-05-15T09:00:00Z,destination=ATL&origin=NAS&endRange=2025-10-14T23:59:59Z&startRange=2025-05-15T09:00:00Z,8.0,772.0,1.0,12.0,<Response [200]>
,,,,,,LAX,,,,,DFW,,,,2025-10-14T23:59:59Z,2025-05-15T09:00:00Z,destination=LAX&origin=DFW&endRange=2025-10-14T23:59:59Z&startRange=2025-05-15T09:00:00Z,8.0,771.0,1.0,12.0,<Response [200]>
,,,,,,AMS,,,,,SAW,,,,2025-10-14T23:59:59Z,2025-05-15T09:00:00Z,destination=AMS&origin=SAW&endRange=2025-10-14T23:59:59Z&startRange=2025-05-15T09:00:00Z,8.0,796.0,1.0,12.0,<Response [200]>
,,,,,,ATL,,,,,CDG,,,,2025-10-14T23:59:59Z,2025-05-15T09:00:00Z,destination=ATL&origin=CDG&endRange=2025-10-14T23:59:59Z&startRange=2025-05-15T09:00:00Z,8.0,779.0,1.0,12.0,<Response [200]>
,,,,,,BAH,,,,,AUH,,,,2025-10-14T23:59:59Z,2025-05-15T09:00:00Z,destination=BAH&origin=AUH&endRange=2025-10-14T23:59:59Z&startRange=2025-05-15T09:00:00Z,8.0,744.0,1.0,12.0,<Response [200]>
,,,,,,MEX,,,,,OAX,,,,2025-10-14T23:59:59Z,2025-05-15T09:00:00Z,destination=MEX&origin=OAX&endRange=2025-10-14T23:59:59Z&startRange=2025-05-15T09:00:00Z,8.0,778.0,1.0,12.0,<Response [200]>
,,,,,,ATW,,,,,MSP,,,,2025-10-14T23:59:59Z,2025-05-15T09:00:00Z,destination=ATW&origin=MSP&endRange=2025-10-14T23:59:59Z&startRange=2025-05-15T09:00:00Z,7.0,648.0,1.0,14.0,<Response [200]>
,,,,,,AGA,,,,,ORY,,,,2025-10-14T23:59:59Z,2025-05-15T09:00:00Z,destination=AGA&origin=ORY&endRange=2025-10-14T23:59:59Z&startRange=2025-05-15T09:00:00Z,7.0,686.0,1.0,14.0,<Response [200]>
,,,,,,YYZ,,,,,CDG,,,,2025-10-14T23:59:59Z,2025-05-15T09:00:00Z,destination=YYZ&origin=CDG&endRange=2025-10-14T23:59:59Z&startRange=2025-05-15T09:00:00Z,7.0,612.0,1.0,14.0,<Response [200]>
,,,,,,ORY,,,,,AGA,,,,2025-10-14T23:59:59Z,2025-05-15T09:00:00Z,destination=ORY&origin=AGA&endRange=2025-10-14T23:59:59Z&startRange=2025-05-15T09:00:00Z,7.0,690.0,1.0,14.0,<Response [200]>
,,,,,,LAX,,,,,MCO,,,,2025-10-14T23:59:59Z,2025-05-15T09:00:00Z,destination=LAX&origin=MCO&endRange=2025-10-14T23:59:59Z&startRange=2025-05-15T09:00:00Z,7.0,686.0,1.0,14.0,<Response [200]>
,,,,,,JFK,,,,,CHS,,,,2025-10-14T23:59:59Z,2025-05-15T09:00:00Z,destination=JFK&origin=CHS&endRange=2025-10-14T23:59:59Z&startRange=2025-05-15T09:00:00Z,7.0,692.0,1.0,14.0,<Response [200]>
,,,,,,MSP,,,,,DSM,,,,2025-10-14T23:59:59Z,2025-05-15T09:00:00Z,destination=MSP&origin=DSM&endRange=2025-10-14T23:59:59Z&startRange=2025-05-15T09:00:00Z,7.0,693.0,1.0,14.0,<Response [200]>
,,,,,,RAK,,,,,CDG,,,,2025-10-14T23:59:59Z,2025-05-15T09:00:00Z,destination=RAK&origin=CDG&endRange=2025-10-14T23:59:59Z&startRange=2025-05-15T09:00:00Z,7.0,639.0,1.0,14.0,<Response [200]>
,,,,,,GRB,,,,,DTW,,,,2025-10-14T23:59:59Z,2025-05-15T09:00:00Z,destination=GRB&origin=DTW&endRange=2025-10-14T23:59:59Z&startRange=2025-05-15T09:00:00Z,7.0,648.0,1.0,14.0,<Response [200]>
,,,,,,SYD,,,,,SIN,,,,2025-10-14T23:59:59Z,2025-05-15T09:00:00Z,destination=SYD&origin=SIN&endRange=2025-10-14T23:59:59Z&startRange=2025-05-15T09:00:00Z,7.0,663.0,1.0,14.0,<Response [200]>
,,,,,,HND,,,,,KMQ,,,,2025-10-14T23:59:59Z,2025-05-15T09:00:00Z,destination=HND&origin=KMQ&endRange=2025-10-14T23:59:59Z&startRange=2025-05-15T09:00:00Z,7.0,608.0,1.0,14.0,<Response [200]>
,,,,,,CDG,,,,,RAK,,,,2025-10-14T23:59:59Z,2025-05-15T09:00:00Z,destination=CDG&origin=RAK&endRange=2025-10-14T23:59:59Z&startRange=2025-05-15T09:00:00Z,7.0,645.0,1.0,14.0,<Response [200]>
,,,,,,DTW,,,,,BWI,,,,2025-10-14T23:59:59Z,2025-05-15T09:00:00Z,destination=DTW&origin=BWI&endRange=2025-10-14T23:59:59Z&startRange=2025-05-15T09:00:00Z,7.0,682.0,1.0,14.0,<Response [200]>
,,,,,,MEX,,,,,BJX,,,,2025-10-14T23:59:59Z,2025-05-15T09:00:00Z,destination=MEX&origin=BJX&endRange=2025-10-14T23:59:59Z&startRange=2025-05-15T09:00:00Z,7.0,669.0,1.0,14.0,<Response [200]>
,,,,,,ATL,,,,,PVD,,,,2025-10-14T23:59:59Z,2025-05-15T09:00:00Z,destination=ATL&origin=PVD&endRange=2025-10-14T23:59:59Z&startRange=2025-05-15T09:00:00Z,7.0,646.0,1.0,14.0,<Response [200]>
,,,,,,TUS,,,,,ATL,,,,2025-10-14T23:59:59Z,2025-05-15T09:00:00Z,destination=TUS&origin=ATL&endRange=2025-10-14T23:59:59Z&startRange=2025-05-15T09:00:00Z,7.0,696.0,1.0,14.0,<Response [200]>
,,,,,,GRB,,,,,MSP,,,,2025-10-14T23:59:59Z,2025-05-15T09:00:00Z,destination=GRB&origin=MSP&endRange=2025-10-14T23:59:59Z&startRange=2025-05-15T09:00:00Z,7.0,654.0,1.0,14.0,<Response [200]>
,,,,,,ATL,,,,,AMS,,,,2025-10-14T23:59:59Z,2025-05-15T09:00:00Z,destination=ATL&origin=AMS&endRange=2025-10-14T23:59:59Z&startRange=2025-05-15T09:00:00Z,7.0,615.0,1.0,14.0,<Response [200]>
,,,,,,CDG,,,,,DXB,,,,2025-10-14T23:59:59Z,2025-05-15T09:00:00Z,destination=CDG&origin=DXB&endRange=2025-10-14T23:59:59Z&startRange=2025-05-15T09:00:00Z,7.0,611.0,1.0,14.0,<Response [200]>
,,,,,,CDG,,,,,BOS,,,,2025-10-14T23:59:59Z,2025-05-15T09:00:00Z,destination=CDG&origin=BOS&endRange=2025-10-14T23:59:59Z&startRange=2025-05-15T09:00:00Z,7.0,612.0,1.0,14.0,<Response [200]>
,,,,,,CDG,,,,,RBA,,,,2025-10-14T23:59:59Z,2025-05-15T09:00:00Z,destination=CDG&origin=RBA&endRange=2025-10-14T23:59:59Z&startRange=2025-05-15T09:00:00Z,7.0,629.0,1.0,14.0,<Response [200]>
,,,,,,RST,,,,,MSP,,,,2025-10-14T23:59:59Z,2025-05-15T09:00:00Z,destination=RST&origin=MSP&endRange=2025-10-14T23:59:59Z&startRange=2025-05-15T09:00:00Z,7.0,683.0,1.0,14.0,<Response [200]>
,,,,,,ATL,,,,,LHR,,,,2025-10-14T23:59:59Z,2025-05-15T09:00:00Z,destination=ATL&origin=LHR&endRange=2025-10-14T23:59:59Z&startRange=2025-05-15T09:00:00Z,7.0,611.0,1.0,14.0,<Response [200]>
,,,,,,IAD,,,,,CDG,,,,2025-10-14T23:59:59Z,2025-05-15T09:00:00Z,destination=IAD&origin=CDG&endRange=2025-10-14T23:59:59Z&startRange=2025-05-15T09:00:00Z,7.0,615.0,1.0,14.0,<Response [200]>
,,,,,,CDG,,,,,HND,,,,2025-10-14T23:59:59Z,2025-05-15T09:00:00Z,destination=CDG&origin=HND&endRange=2025-10-14T23:59:59Z&startRange=2025-05-15T09:00:00Z,7.0,631.0,1.0,14.0,<Response [200]>
,,,,,,RBA,,,,,CDG,,,,2025-10-14T23:59:59Z,2025-05-15T09:00:00Z,destination=RBA&origin=CDG&endRange=2025-10-14T23:59:59Z&startRange=2025-05-15T09:00:00Z,7.0,623.0,1.0,14.0,<Response [200]>
,,,,,,CDG,,,,,IAD,,,,2025-10-14T23:59:59Z,2025-05-15T09:00:00Z,destination=CDG&origin=IAD&endRange=2025-10-14T23:59:59Z&startRange=2025-05-15T09:00:00Z,7.0,612.0,1.0,14.0,<Response [200]>
,,,,,,DTW,,,,,BHM,,,,2025-10-14T23:59:59Z,2025-05-15T09:00:00Z,destination=DTW&origin=BHM&endRange=2025-10-14T23:59:59Z&startRange=2025-05-15T09:00:00Z,7.0,644.0,1.0,14.0,<Response [200]>
,,,,,,BOS,,,,,CDG,,,,2025-10-14T23:59:59Z,2025-05-15T09:00:00Z,destination=BOS&origin=CDG&endRange=2025-10-14T23:59:59Z&startRange=2025-05-15T09:00:00Z,7.0,618.0,1.0,14.0,<Response [200]>
,,,,,,LHR,,,,,ATL,,,,2025-10-14T23:59:59Z,2025-05-15T09:00:00Z,destination=LHR&origin=ATL&endRange=2025-10-14T23:59:59Z&startRange=2025-05-15T09:00:00Z,7.0,610.0,1.0,14.0,<Response [200]>
,,,,,,CDG,,,,,YYZ,,,,2025-10-14T23:59:59Z,2025-05-15T09:00:00Z,destination=CDG&origin=YYZ&endRange=2025-10-14T23:59:59Z&startRange=2025-05-15T09:00:00Z,7.0,604.0,1.0,14.0,<Response [200]>
,,,,,,DXB,,,,,CDG,,,,2025-10-14T23:59:59Z,2025-05-15T09:00:00Z,destination=DXB&origin=CDG&endRange=2025-10-14T23:59:59Z&startRange=2025-05-15T09:00:00Z,7.0,613.0,1.0,14.0,<Response [200]>
,,,,,,YYZ,,,,,JFK,,,,2025-10-14T23:59:59Z,2025-05-15T09:00:00Z,destination=YYZ&origin=JFK&endRange=2025-10-14T23:59:59Z&startRange=2025-05-15T09:00:00Z,7.0,690.0,1.0,14.0,<Response [200]>
,,,,,,PVG,,,,,HRB,,,,2025-10-14T23:59:59Z,2025-05-15T09:00:00Z,destination=PVG&origin=HRB&endRange=2025-10-14T23:59:59Z&startRange=2025-05-15T09:00:00Z,7.0,673.0,1.0,14.0,<Response [200]>
,,,,,,DTW,,,,,SDF,,,,2025-10-14T23:59:59Z,2025-05-15T09:00:00Z,destination=DTW&origin=SDF&endRange=2025-10-14T23:59:59Z&startRange=2025-05-15T09:00:00Z,7.0,665.0,1.0,14.0,<Response [200]>
,,,,,,YYC,,,,,YVR,,,,2025-10-14T23:59:59Z,2025-05-15T09:00:00Z,destination=YYC&origin=YVR&endRange=2025-10-14T23:59:59Z&startRange=2025-05-15T09:00:00Z,7.0,686.0,1.0,14.0,<Response [200]>
,,,,,,HND,,,,,CDG,,,,2025-10-14T23:59:59Z,2025-05-15T09:00:00Z,destination=HND&origin=CDG&endRange=2025-10-14T23:59:59Z&startRange=2025-05-15T09:00:00Z,7.0,638.0,1.0,14.0,<Response [200]>
,,,,,,AMS,,,,,ATL,,,,2025-10-14T23:59:59Z,2025-05-15T09:00:00Z,destination=AMS&origin=ATL&endRange=2025-10-14T23:59:59Z&startRange=2025-05-15T09:00:00Z,7.0,613.0,1.0,14.0,<Response [200]>
,,,,,,BOS,,,,,IND,,,,2025-10-14T23:59:59Z,2025-05-15T09:00:00Z,destination=BOS&origin=IND&endRange=2025-10-14T23:59:59Z&startRange=2025-05-15T09:00:00Z,7.0,697.0,1.0,14.0,<Response [200]>
,,,,,,ORY,,,,,OUD,,,,2025-10-14T23:59:59Z,2025-05-15T09:00:00Z,destination=ORY&origin=OUD&endRange=2025-10-14T23:59:59Z&startRange=2025-05-15T09:00:00Z,6.0,522.0,1.0,17.0,<Response [200]>
,,,,,,GRU,,,,,FLN,,,,2025-10-14T23:59:59Z,2025-05-15T09:00:00Z,destination=GRU&origin=FLN&endRange=2025-10-14T23:59:59Z&startRange=2025-05-15T09:00:00Z,6.0,547.0,1.0,17.0,<Response [200]>
,,,,,,DXB,,,,,AMS,,,,2025-10-14T23:59:59Z,2025-05-15T09:00:00Z,destination=DXB&origin=AMS&endRange=2025-10-14T23:59:59Z&startRange=2025-05-15T09:00:00Z,6.0,568.0,1.0,17.0,<Response [200]>
,,,,,,BOS,,,,,AMS,,,,2025-10-14T23:59:59Z,2025-05-15T09:00:00Z,destination=BOS&origin=AMS&endRange=2025-10-14T23:59:59Z&startRange=2025-05-15T09:00:00Z,6.0,553.0,1.0,17.0,<Response [200]>
,,,,,,SIN,,,,,CDG,,,,2025-10-14T23:59:59Z,2025-05-15T09:00:00Z,destination=SIN&origin=CDG&endRange=2025-10-14T23:59:59Z&startRange=2025-05-15T09:00:00Z,6.0,526.0,1.0,17.0,<Response [200]>
,,,,,,AMS,,,,,YYZ,,,,2025-10-14T23:59:59Z,2025-05-15T09:00:00Z,destination=AMS&origin=YYZ&endRange=2025-10-14T23:59:59Z&startRange=2025-05-15T09:00:00Z,6.0,589.0,1.0,17.0,<Response [200]>
,,,,,,CDG,,,,,ORN,,,,2025-10-14T23:59:59Z,2025-05-15T09:00:00Z,destination=CDG&origin=ORN&endRange=2025-10-14T23:59:59Z&startRange=2025-05-15T09:00:00Z,6.0,512.0,1.0,17.0,<Response [200]>
,,,,,,LAX,,,,,LHR,,,,2025-10-14T23:59:59Z,2025-05-15T09:00:00Z,destination=LAX&origin=LHR&endRange=2025-10-14T23:59:59Z&startRange=2025-05-15T09:00:00Z,6.0,528.0,1.0,17.0,<Response [200]>
,,,,,,LHR,,,,,LAX,,,,2025-10-14T23:59:59Z,2025-05-15T09:00:00Z,destination=LHR&origin=LAX&endRange=2025-10-14T23:59:59Z&startRange=2025-05-15T09:00:00Z,6.0,526.0,1.0,17.0,<Response [200]>
,,,,,,ICN,,,,,CDG,,,,2025-10-14T23:59:59Z,2025-05-15T09:00:00Z,destination=ICN&origin=CDG&endRange=2025-10-14T23:59:59Z&startRange=2025-05-15T09:00:00Z,6.0,528.0,1.0,17.0,<Response [200]>
,,,,,,FDF,,,,,ORY,,,,2025-10-14T23:59:59Z,2025-05-15T09:00:00Z,destination=FDF&origin=ORY&endRange=2025-10-14T23:59:59Z&startRange=2025-05-15T09:00:00Z,6.0,513.0,1.0,17.0,<Response [200]>
,,,,,,DMM,,,,,RUH,,,,2025-10-14T23:59:59Z,2025-05-15T09:00:00Z,destination=DMM&origin=RUH&endRange=2025-10-14T23:59:59Z&startRange=2025-05-15T09:00:00Z,6.0,538.0,1.0,17.0,<Response [200]>
,,,,,,ORY,,,,,FDF,,,,2025-10-14T23:59:59Z,2025-05-15T09:00:00Z,destination=ORY&origin=FDF&endRange=2025-10-14T23:59:59Z&startRange=2025-05-15T09:00:00Z,6.0,515.0,1.0,17.0,<Response [200]>
,,,,,,OUD,,,,,ORY,,,,2025-10-14T23:59:59Z,2025-05-15T09:00:00Z,destination=OUD&origin=ORY&endRange=2025-10-14T23:59:59Z&startRange=2025-05-15T09:00:00Z,6.0,510.0,1.0,17.0,<Response [200]>
,,,,,,DOH,,,,,CDG,,,,2025-10-14T23:59:59Z,2025-05-15T09:00:00Z,destination=DOH&origin=CDG&endRange=2025-10-14T23:59:59Z&startRange=2025-05-15T09:00:00Z,6.0,578.0,1.0,17.0,<Response [200]>
,,,,,,AMS,,,,,BOS,,,,2025-10-14T23:59:59Z,2025-05-15T09:00:00Z,destination=AMS&origin=BOS&endRange=2025-10-14T23:59:59Z&startRange=2025-05-15T09:00:00Z,6.0,551.0,1.0,17.0,<Response [200]>
,,,,,,LAN,,,,,DTW,,,,2025-10-14T23:59:59Z,2025-05-15T09:00:00Z,destination=LAN&origin=DTW&endRange=2025-10-14T23:59:59Z&startRange=2025-05-15T09:00:00Z,6.0,585.0,1.0,17.0,<Response [200]>
,,,,,,CDG,,,,,ICN,,,,2025-10-14T23:59:59Z,2025-05-15T09:00:00Z,destination=CDG&origin=ICN&endRange=2025-10-14T23:59:59Z&startRange=2025-05-15T09:00:00Z,6.0,527.0,1.0,17.0,<Response [200]>
,,,,,,CDG,,,,,SIN,,,,2025-10-14T23:59:59Z,2025-05-15T09:00:00Z,destination=CDG&origin=SIN&endRange=2025-10-14T23:59:59Z&startRange=2025-05-15T09:00:00Z,6.0,526.0,1.0,17.0,<Response [200]>
,,,,,,YYZ,,,,,AMS,,,,2025-10-14T23:59:59Z,2025-05-15T09:00:00Z,destination=YYZ&origin=AMS&endRange=2025-10-14T23:59:59Z&startRange=2025-05-15T09:00:00Z,6.0,595.0,1.0,17.0,<Response [200]>
,,,,,,ORY,,,,,PTP,,,,2025-10-14T23:59:59Z,2025-05-15T09:00:00Z,destination=ORY&origin=PTP&endRange=2025-10-14T23:59:59Z&startRange=2025-05-15T09:00:00Z,6.0,578.0,1.0,17.0,<Response [200]>
,,,,,,MSP,,,,,AMS,,,,2025-10-14T23:59:59Z,2025-05-15T09:00:00Z,destination=MSP&origin=AMS&endRange=2025-10-14T23:59:59Z&startRange=2025-05-15T09:00:00Z,6.0,554.0,1.0,17.0,<Response [200]>
,,,,,,CDG,,,,,DOH,,,,2025-10-14T23:59:59Z,2025-05-15T09:00:00Z,destination=CDG&origin=DOH&endRange=2025-10-14T23:59:59Z&startRange=2025-05-15T09:00:00Z,6.0,575.0,1.0,17.0,<Response [200]>
,,,,,,AMS,,,,,MSP,,,,2025-10-14T23:59:59Z,2025-05-15T09:00:00Z,destination=AMS&origin=MSP&endRange=2025-10-14T23:59:59Z&startRange=2025-05-15T09:00:00Z,6.0,550.0,1.0,17.0,<Response [200]>
,,,,,,PTP,,,,,ORY,,,,2025-10-14T23:59:59Z,2025-05-15T09:00:00Z,destination=PTP&origin=ORY&endRange=2025-10-14T23:59:59Z&startRange=2025-05-15T09:00:00Z,6.0,573.0,1.0,17.0,<Response [200]>
,,,,,,AMS,,,,,DXB,,,,2025-10-14T23:59:59Z,2025-05-15T09:00:00Z,destination=AMS&origin=DXB&endRange=2025-10-14T23:59:59Z&startRange=2025-05-15T09:00:00Z,6.0,568.0,1.0,17.0,<Response [200]>
,,,,,,CDG,,,,,ALG,,,,2025-10-14T23:59:59Z,2025-05-15T09:00:00Z,destination=CDG&origin=ALG&endRange=2025-10-14T23:59:59Z&startRange=2025-05-15T09:00:00Z,21.0,2039.0,4.0,19.0,<Response [200]>
,,,,,,AYT,,,,,AMS,,,,2025-10-14T23:59:59Z,2025-05-15T09:00:00Z,destination=AYT&origin=AMS&endRange=2025-10-14T23:59:59Z&startRange=2025-05-15T09:00:00Z,5.0,462.0,1.0,20.0,<Response [200]>
,,,,,,DTW,,,,,CDG,,,,2025-10-14T23:59:59Z,2025-05-15T09:00:00Z,destination=DTW&origin=CDG&endRange=2025-10-14T23:59:59Z&startRange=2025-05-15T09:00:00Z,5.0,401.0,1.0,20.0,<Response [200]>
,,,,,,CDG,,,,,PEK,,,,2025-10-14T23:59:59Z,2025-05-15T09:00:00Z,destination=CDG&origin=PEK&endRange=2025-10-14T23:59:59Z&startRange=2025-05-15T09:00:00Z,5.0,416.0,1.0,20.0,<Response [200]>
,,,,,,ORN,,,,,ORY,,,,2025-10-14T23:59:59Z,2025-05-15T09:00:00Z,destination=ORN&origin=ORY&endRange=2025-10-14T23:59:59Z&startRange=2025-05-15T09:00:00Z,5.0,438.0,1.0,20.0,<Response [200]>
,,,,,,PEK,,,,,CDG,,,,2025-10-14T23:59:59Z,2025-05-15T09:00:00Z,destination=PEK&origin=CDG&endRange=2025-10-14T23:59:59Z&startRange=2025-05-15T09:00:00Z,5.0,416.0,1.0,20.0,<Response [200]>
,,,,,,ORY,,,,,ORN,,,,2025-10-14T23:59:59Z,2025-05-15T09:00:00Z,destination=ORY&origin=ORN&endRange=2025-10-14T23:59:59Z&startRange=2025-05-15T09:00:00Z,5.0,440.0,1.0,20.0,<Response [200]>
,,,,,,CDG,,,,,DJE,,,,2025-10-14T23:59:59Z,2025-05-15T09:00:00Z,destination=CDG&origin=DJE&endRange=2025-10-14T23:59:59Z&startRange=2025-05-15T09:00:00Z,5.0,411.0,1.0,20.0,<Response [200]>
,,,,,,CDG,,,,,BEY,,,,2025-10-14T23:59:59Z,2025-05-15T09:00:00Z,destination=CDG&origin=BEY&endRange=2025-10-14T23:59:59Z&startRange=2025-05-15T09:00:00Z,5.0,467.0,1.0,20.0,<Response [200]>
,,,,,,GRU,,,,,CDG,,,,2025-10-14T23:59:59Z,2025-05-15T09:00:00Z,destination=GRU&origin=CDG&endRange=2025-10-14T23:59:59Z&startRange=2025-05-15T09:00:00Z,5.0,459.0,1.0,20.0,<Response [200]>
,,,,,,BOS,,,,,LHR,,,,2025-10-14T23:59:59Z,2025-05-15T09:00:00Z,destination=BOS&origin=LHR&endRange=2025-10-14T23:59:59Z&startRange=2025-05-15T09:00:00Z,5.0,460.0,1.0,20.0,<Response [200]>
,,,,,,CDG,,,,,GRU,,,,2025-10-14T23:59:59Z,2025-05-15T09:00:00Z,destination=CDG&origin=GRU&endRange=2025-10-14T23:59:59Z&startRange=2025-05-15T09:00:00Z,5.0,459.0,1.0,20.0,<Response [200]>
,,,,,,CDG,,,,,ORD,,,,2025-10-14T23:59:59Z,2025-05-15T09:00:00Z,destination=CDG&origin=ORD&endRange=2025-10-14T23:59:59Z&startRange=2025-05-15T09:00:00Z,5.0,419.0,1.0,20.0,<Response [200]>
,,,,,,CDG,,,,,CAI,,,,2025-10-14T23:59:59Z,2025-05-15T09:00:00Z,destination=CDG&origin=CAI&endRange=2025-10-14T23:59:59Z&startRange=2025-05-15T09:00:00Z,5.0,434.0,1.0,20.0,<Response [200]>
,,,,,,DTW,,,,,AMS,,,,2025-10-14T23:59:59Z,2025-05-15T09:00:00Z,destination=DTW&origin=AMS&endRange=2025-10-14T23:59:59Z&startRange=2025-05-15T09:00:00Z,5.0,457.0,1.0,20.0,<Response [200]>
,,,,,,CDG,,,,,EWR,,,,2025-10-14T23:59:59Z,2025-05-15T09:00:00Z,destination=CDG&origin=EWR&endRange=2025-10-14T23:59:59Z&startRange=2025-05-15T09:00:00Z,5.0,464.0,1.0,20.0,<Response [200]>
,,,,,,AMS,,,,,TLV,,,,2025-10-14T23:59:59Z,2025-05-15T09:00:00Z,destination=AMS&origin=TLV&endRange=2025-10-14T23:59:59Z&startRange=2025-05-15T09:00:00Z,5.0,480.0,1.0,20.0,<Response [200]>
,,,,,,BEY,,,,,CDG,,,,2025-10-14T23:59:59Z,2025-05-15T09:00:00Z,destination=BEY&origin=CDG&endRange=2025-10-14T23:59:59Z&startRange=2025-05-15T09:00:00Z,5.0,464.0,1.0,20.0,<Response [200]>
,,,,,,SFO,,,,,CDG,,,,2025-10-14T23:59:59Z,2025-05-15T09:00:00Z,destination=SFO&origin=CDG&endRange=2025-10-14T23:59:59Z&startRange=2025-05-15T09:00:00Z,5.0,425.0,1.0,20.0,<Response [200]>
,,,,,,CAI,,,,,CDG,,,,2025-10-14T23:59:59Z,2025-05-15T09:00:00Z,destination=CAI&origin=CDG&endRange=2025-10-14T23:59:59Z&startRange=2025-05-15T09:00:00Z,5.0,435.0,1.0,20.0,<Response [200]>
,,,,,,CDG,,,,,NBO,,,,2025-10-14T23:59:59Z,2025-05-15T09:00:00Z,destination=CDG&origin=NBO&endRange=2025-10-14T23:59:59Z&startRange=2025-05-15T09:00:00Z,5.0,440.0,1.0,20.0,<Response [200]>
,,,,,,MEX,,,,,CDG,,,,2025-10-14T23:59:59Z,2025-05-15T09:00:00Z,destination=MEX&origin=CDG&endRange=2025-10-14T23:59:59Z&startRange=2025-05-15T09:00:00Z,5.0,493.0,1.0,20.0,<Response [200]>
,,,,,,CDG,,,,,MEX,,,,2025-10-14T23:59:59Z,2025-05-15T09:00:00Z,destination=CDG&origin=MEX&endRange=2025-10-14T23:59:59Z&startRange=2025-05-15T09:00:00Z,5.0,490.0,1.0,20.0,<Response [200]>
,,,,,,ORN,,,,,CDG,,,,2025-10-14T23:59:59Z,2025-05-15T09:00:00Z,destination=ORN&origin=CDG&endRange=2025-10-14T23:59:59Z&startRange=2025-05-15T09:00:00Z,5.0,478.0,1.0,20.0,<Response [200]>
,,,,,,CDG,,,,,SFO,,,,2025-10-14T23:59:59Z,2025-05-15T09:00:00Z,destination=CDG&origin=SFO&endRange=2025-10-14T23:59:59Z&startRange=2025-05-15T09:00:00Z,5.0,427.0,1.0,20.0,<Response [200]>
,,,,,,ORD,,,,,CDG,,,,2025-10-14T23:59:59Z,2025-05-15T09:00:00Z,destination=ORD&origin=CDG&endRange=2025-10-14T23:59:59Z&startRange=2025-05-15T09:00:00Z,5.0,420.0,1.0,20.0,<Response [200]>
,,,,,,ORY,,,,,IST,,,,2025-10-14T23:59:59Z,2025-05-15T09:00:00Z,destination=ORY&origin=IST&endRange=2025-10-14T23:59:59Z&startRange=2025-05-15T09:00:00Z,5.0,463.0,1.0,20.0,<Response [200]>
,,,,,,ORY,,,,,RBA,,,,2025-10-14T23:59:59Z,2025-05-15T09:00:00Z,destination=ORY&origin=RBA&endRange=2025-10-14T23:59:59Z&startRange=2025-05-15T09:00:00Z,5.0,438.0,1.0,20.0,<Response [200]>
,,,,,,IST,,,,,ORY,,,,2025-10-14T23:59:59Z,2025-05-15T09:00:00Z,destination=IST&origin=ORY&endRange=2025-10-14T23:59:59Z&startRange=2025-05-15T09:00:00Z,5.0,463.0,1.0,20.0,<Response [200]>
,,,,,,AMS,,,,,DTW,,,,2025-10-14T23:59:59Z,2025-05-15T09:00:00Z,destination=AMS&origin=DTW&endRange=2025-10-14T23:59:59Z&startRange=2025-05-15T09:00:00Z,5.0,463.0,1.0,20.0,<Response [200]>
,,,,,,AMS,,,,,AYT,,,,2025-10-14T23:59:59Z,2025-05-15T09:00:00Z,destination=AMS&origin=AYT&endRange=2025-10-14T23:59:59Z&startRange=2025-05-15T09:00:00Z,5.0,456.0,1.0,20.0,<Response [200]>
,,,,,,PVG,,,,,CDG,,,,2025-10-14T23:59:59Z,2025-05-15T09:00:00Z,destination=PVG&origin=CDG&endRange=2025-10-14T23:59:59Z&startRange=2025-05-15T09:00:00Z,5.0,416.0,1.0,20.0,<Response [200]>
,,,,,,TLV,,,,,AMS,,,,2025-10-14T23:59:59Z,2025-05-15T09:00:00Z,destination=TLV&origin=AMS&endRange=2025-10-14T23:59:59Z&startRange=2025-05-15T09:00:00Z,5.0,481.0,1.0,20.0,<Response [200]>
,,,,,,ORY,,,,,MIR,,,,2025-10-14T23:59:59Z,2025-05-15T09:00:00Z,destination=ORY&origin=MIR&endRange=2025-10-14T23:59:59Z&startRange=2025-05-15T09:00:00Z,5.0,437.0,1.0,20.0,<Response [200]>
,,,,,,MIR,,,,,ORY,,,,2025-10-14T23:59:59Z,2025-05-15T09:00:00Z,destination=MIR&origin=ORY&endRange=2025-10-14T23:59:59Z&startRange=2025-05-15T09:00:00Z,5.0,436.0,1.0,20.0,<Response [200]>
,,,,,,LHR,,,,,BOS,,,,2025-10-14T23:59:59Z,2025-05-15T09:00:00Z,destination=LHR&origin=BOS&endRange=2025-10-14T23:59:59Z&startRange=2025-05-15T09:00:00Z,5.0,458.0,1.0,20.0,<Response [200]>
,,,,,,EWR,,,,,CDG,,,,2025-10-14T23:59:59Z,2025-05-15T09:00:00Z,destination=EWR&origin=CDG&endRange=2025-10-14T23:59:59Z&startRange=2025-05-15T09:00:00Z,5.0,467.0,1.0,20.0,<Response [200]>
,,,,,,CDG,,,,,PVG,,,,2025-10-14T23:59:59Z,2025-05-15T09:00:00Z,destination=CDG&origin=PVG&endRange=2025-10-14T23:59:59Z&startRange=2025-05-15T09:00:00Z,5.0,415.0,1.0,20.0,<Response [200]>
,,,,,,RBA,,,,,ORY,,,,2025-10-14T23:59:59Z,2025-05-15T09:00:00Z,destination=RBA&origin=ORY&endRange=2025-10-14T23:59:59Z&startRange=2025-05-15T09:00:00Z,5.0,435.0,1.0,20.0,<Response [200]>
,,,,,,KUL,,,,,CGK,,,,2025-10-14T23:59:59Z,2025-05-15T09:00:00Z,destination=KUL&origin=CGK&endRange=2025-10-14T23:59:59Z&startRange=2025-05-15T09:00:00Z,5.0,461.0,1.0,20.0,<Response [200]>
,,,,,,IAD,,,,,AMS,,,,2025-10-14T23:59:59Z,2025-05-15T09:00:00Z,destination=IAD&origin=AMS&endRange=2025-10-14T23:59:59Z&startRange=2025-05-15T09:00:00Z,4.0,310.0,1.0,25.0,<Response [200]>
,,,,,,MEX,,,,,AMS,,,,2025-10-14T23:59:59Z,2025-05-15T09:00:00Z,destination=MEX&origin=AMS&endRange=2025-10-14T23:59:59Z&startRange=2025-05-15T09:00:00Z,4.0,307.0,1.0,25.0,<Response [200]>
,,,,,,AMS,,,,,LAX,,,,2025-10-14T23:59:59Z,2025-05-15T09:00:00Z,destination=AMS&origin=LAX&endRange=2025-10-14T23:59:59Z&startRange=2025-05-15T09:00:00Z,4.0,306.0,1.0,25.0,<Response [200]>
,,,,,,CGK,,,,,KUL,,,,2025-10-14T23:59:59Z,2025-05-15T09:00:00Z,destination=CGK&origin=KUL&endRange=2025-10-14T23:59:59Z&startRange=2025-05-15T09:00:00Z,4.0,308.0,1.0,25.0,<Response [200]>
,,,,,,CDG,,,,,DTW,,,,2025-10-14T23:59:59Z,2025-05-15T09:00:00Z,destination=CDG&origin=DTW&endRange=2025-10-14T23:59:59Z&startRange=2025-05-15T09:00:00Z,4.0,399.0,1.0,25.0,<Response [200]>
,,,,,,TNG,,,,,ORY,,,,2025-10-14T23:59:59Z,2025-05-15T09:00:00Z,destination=TNG&origin=ORY&endRange=2025-10-14T23:59:59Z&startRange=2025-05-15T09:00:00Z,4.0,364.0,1.0,25.0,<Response [200]>
,,,,,,ORD,,,,,AMS,,,,2025-10-14T23:59:59Z,2025-05-15T09:00:00Z,destination=ORD&origin=AMS&endRange=2025-10-14T23:59:59Z&startRange=2025-05-15T09:00:00Z,4.0,309.0,1.0,25.0,<Response [200]>
,,,,,,HKG,,,,,CDG,,,,2025-10-14T23:59:59Z,2025-05-15T09:00:00Z,destination=HKG&origin=CDG&endRange=2025-10-14T23:59:59Z&startRange=2025-05-15T09:00:00Z,4.0,306.0,1.0,25.0,<Response [200]>
,,,,,,LHR,,,,,SFO,,,,2025-10-14T23:59:59Z,2025-05-15T09:00:00Z,destination=LHR&origin=SFO&endRange=2025-10-14T23:59:59Z&startRange=2025-05-15T09:00:00Z,4.0,301.0,1.0,25.0,<Response [200]>
,,,,,,YUL,,,,,AMS,,,,2025-10-14T23:59:59Z,2025-05-15T09:00:00Z,destination=YUL&origin=AMS&endRange=2025-10-14T23:59:59Z&startRange=2025-05-15T09:00:00Z,4.0,302.0,1.0,25.0,<Response [200]>
,,,,,,CDG,,,,,DSS,,,,2025-10-14T23:59:59Z,2025-05-15T09:00:00Z,destination=CDG&origin=DSS&endRange=2025-10-14T23:59:59Z&startRange=2025-05-15T09:00:00Z,4.0,347.0,1.0,25.0,<Response [200]>
,,,,,,LAX,,,,,AMS,,,,2025-10-14T23:59:59Z,2025-05-15T09:00:00Z,destination=LAX&origin=AMS&endRange=2025-10-14T23:59:59Z&startRange=2025-05-15T09:00:00Z,4.0,305.0,1.0,25.0,<Response [200]>
,,,,,,SEA,,,,,LHR,,,,2025-10-14T23:59:59Z,2025-05-15T09:00:00Z,destination=SEA&origin=LHR&endRange=2025-10-14T23:59:59Z&startRange=2025-05-15T09:00:00Z,4.0,306.0,1.0,25.0,<Response [200]>
,,,,,,AMS,,,,,SFO,,,,2025-10-14T23:59:59Z,2025-05-15T09:00:00Z,destination=AMS&origin=SFO&endRange=2025-10-14T23:59:59Z&startRange=2025-05-15T09:00:00Z,4.0,363.0,1.0,25.0,<Response [200]>
,,,,,,ORY,,,,,BJA,,,,2025-10-14T23:59:59Z,2025-05-15T09:00:00Z,destination=ORY&origin=BJA&endRange=2025-10-14T23:59:59Z&startRange=2025-05-15T09:00:00Z,4.0,337.0,1.0,25.0,<Response [200]>
,,,,,,BKK,,,,,CDG,,,,2025-10-14T23:59:59Z,2025-05-15T09:00:00Z,destination=BKK&origin=CDG&endRange=2025-10-14T23:59:59Z&startRange=2025-05-15T09:00:00Z,4.0,339.0,1.0,25.0,<Response [200]>
,,,,,,LHR,,,,,MCO,,,,2025-10-14T23:59:59Z,2025-05-15T09:00:00Z,destination=LHR&origin=MCO&endRange=2025-10-14T23:59:59Z&startRange=2025-05-15T09:00:00Z,4.0,332.0,1.0,25.0,<Response [200]>
,,,,,,BJA,,,,,ORY,,,,2025-10-14T23:59:59Z,2025-05-15T09:00:00Z,destination=BJA&origin=ORY&endRange=2025-10-14T23:59:59Z&startRange=2025-05-15T09:00:00Z,4.0,332.0,1.0,25.0,<Response [200]>
,,,,,,MIA,,,,,LHR,,,,2025-10-14T23:59:59Z,2025-05-15T09:00:00Z,destination=MIA&origin=LHR&endRange=2025-10-14T23:59:59Z&startRange=2025-05-15T09:00:00Z,4.0,305.0,1.0,25.0,<Response [200]>
,,,,,,MCO,,,,,LHR,,,,2025-10-14T23:59:59Z,2025-05-15T09:00:00Z,destination=MCO&origin=LHR&endRange=2025-10-14T23:59:59Z&startRange=2025-05-15T09:00:00Z,4.0,331.0,1.0,25.0,<Response [200]>
,,,,,,SFO,,,,,LHR,,,,2025-10-14T23:59:59Z,2025-05-15T09:00:00Z,destination=SFO&origin=LHR&endRange=2025-10-14T23:59:59Z&startRange=2025-05-15T09:00:00Z,4.0,302.0,1.0,25.0,<Response [200]>
,,,,,,EWR,,,,,ORY,,,,2025-10-14T23:59:59Z,2025-05-15T09:00:00Z,destination=EWR&origin=ORY&endRange=2025-10-14T23:59:59Z&startRange=2025-05-15T09:00:00Z,4.0,328.0,1.0,25.0,<Response [200]>
,,,,,,SFO,,,,,AMS,,,,2025-10-14T23:59:59Z,2025-05-15T09:00:00Z,destination=SFO&origin=AMS&endRange=2025-10-14T23:59:59Z&startRange=2025-05-15T09:00:00Z,4.0,365.0,1.0,25.0,<Response [200]>
,,,,,,CDG,,,,,BKK,,,,2025-10-14T23:59:59Z,2025-05-15T09:00:00Z,destination=CDG&origin=BKK&endRange=2025-10-14T23:59:59Z&startRange=2025-05-15T09:00:00Z,4.0,335.0,1.0,25.0,<Response [200]>
,,,,,,ABJ,,,,,CDG,,,,2025-10-14T23:59:59Z,2025-05-15T09:00:00Z,destination=ABJ&origin=CDG&endRange=2025-10-14T23:59:59Z&startRange=2025-05-15T09:00:00Z,4.0,316.0,1.0,25.0,<Response [200]>
,,,,,,NBO,,,,,CDG,,,,2025-10-14T23:59:59Z,2025-05-15T09:00:00Z,destination=NBO&origin=CDG&endRange=2025-10-14T23:59:59Z&startRange=2025-05-15T09:00:00Z,4.0,305.0,1.0,25.0,<Response [200]>
,,,,,,ORY,,,,,SAW,,,,2025-10-14T23:59:59Z,2025-05-15T09:00:00Z,destination=ORY&origin=SAW&endRange=2025-10-14T23:59:59Z&startRange=2025-05-15T09:00:00Z,4.0,306.0,1.0,25.0,<Response [200]>
,,,,,,DEL,,,,,CDG,,,,2025-10-14T23:59:59Z,2025-05-15T09:00:00Z,destination=DEL&origin=CDG&endRange=2025-10-14T23:59:59Z&startRange=2025-05-15T09:00:00Z,4.0,390.0,1.0,25.0,<Response [200]>
,,,,,,DJE,,,,,CDG,,,,2025-10-14T23:59:59Z,2025-05-15T09:00:00Z,destination=DJE&origin=CDG&endRange=2025-10-14T23:59:59Z&startRange=2025-05-15T09:00:00Z,4.0,390.0,1.0,25.0,<Response [200]>
,,,,,,PVG,,,,,AMS,,,,2025-10-14T23:59:59Z,2025-05-15T09:00:00Z,destination=PVG&origin=AMS&endRange=2025-10-14T23:59:59Z&startRange=2025-05-15T09:00:00Z,4.0,306.0,1.0,25.0,<Response [200]>
,,,,,,SIN,,,,,AMS,,,,2025-10-14T23:59:59Z,2025-05-15T09:00:00Z,destination=SIN&origin=AMS&endRange=2025-10-14T23:59:59Z&startRange=2025-05-15T09:00:00Z,4.0,307.0,1.0,25.0,<Response [200]>
,,,,,,AMS,,,,,DEL,,,,2025-10-14T23:59:59Z,2025-05-15T09:00:00Z,destination=AMS&origin=DEL&endRange=2025-10-14T23:59:59Z&startRange=2025-05-15T09:00:00Z,4.0,305.0,1.0,25.0,<Response [200]>
,,,,,,LHR,,,,,MIA,,,,2025-10-14T23:59:59Z,2025-05-15T09:00:00Z,destination=LHR&origin=MIA&endRange=2025-10-14T23:59:59Z&startRange=2025-05-15T09:00:00Z,4.0,304.0,1.0,25.0,<Response [200]>
,,,,,,AMS,,,,,SEA,,,,2025-10-14T23:59:59Z,2025-05-15T09:00:00Z,destination=AMS&origin=SEA&endRange=2025-10-14T23:59:59Z&startRange=2025-05-15T09:00:00Z,4.0,305.0,1.0,25.0,<Response [200]>
,,,,,,IAH,,,,,AMS,,,,2025-10-14T23:59:59Z,2025-05-15T09:00:00Z,destination=IAH&origin=AMS&endRange=2025-10-14T23:59:59Z&startRange=2025-05-15T09:00:00Z,4.0,312.0,1.0,25.0,<Response [200]>
,,,,,,SAW,,,,,ORY,,,,2025-10-14T23:59:59Z,2025-05-15T09:00:00Z,destination=SAW&origin=ORY&endRange=2025-10-14T23:59:59Z&startRange=2025-05-15T09:00:00Z,4.0,306.0,1.0,25.0,<Response [200]>
,,,,,,ORY,,,,,TNG,,,,2025-10-14T23:59:59Z,2025-05-15T09:00:00Z,destination=ORY&origin=TNG&endRange=2025-10-14T23:59:59Z&startRange=2025-05-15T09:00:00Z,4.0,364.0,1.0,25.0,<Response [200]>
,,,,,,CDG,,,,,AUH,,,,2025-10-14T23:59:59Z,2025-05-15T09:00:00Z,destination=CDG&origin=AUH&endRange=2025-10-14T23:59:59Z&startRange=2025-05-15T09:00:00Z,4.0,314.0,1.0,25.0,<Response [200]>
,,,,,,CDG,,,,,HKG,,,,2025-10-14T23:59:59Z,2025-05-15T09:00:00Z,destination=CDG&origin=HKG&endRange=2025-10-14T23:59:59Z&startRange=2025-05-15T09:00:00Z,4.0,305.0,1.0,25.0,<Response [200]>
,,,,,,AMS,,,,,BON,,,,2025-10-14T23:59:59Z,2025-05-15T09:00:00Z,destination=AMS&origin=BON&endRange=2025-10-14T23:59:59Z&startRange=2025-05-15T09:00:00Z,4.0,305.0,1.0,25.0,<Response [200]>
,,,,,,DSS,,,,,CDG,,,,2025-10-14T23:59:59Z,2025-05-15T09:00:00Z,destination=DSS&origin=CDG&endRange=2025-10-14T23:59:59Z&startRange=2025-05-15T09:00:00Z,4.0,352.0,1.0,25.0,<Response [200]>
,,,,,,DEL,,,,,AMS,,,,2025-10-14T23:59:59Z,2025-05-15T09:00:00Z,destination=DEL&origin=AMS&endRange=2025-10-14T23:59:59Z&startRange=2025-05-15T09:00:00Z,4.0,305.0,1.0,25.0,<Response [200]>
,,,,,,AMS,,,,,ADB,,,,2025-10-14T23:59:59Z,2025-05-15T09:00:00Z,destination=AMS&origin=ADB&endRange=2025-10-14T23:59:59Z&startRange=2025-05-15T09:00:00Z,3.0,209.0,1.0,33.0,<Response [200]>
,,,,,,DFW,,,,,CDG,,,,2025-10-14T23:59:59Z,2025-05-15T09:00:00Z,destination=DFW&origin=CDG&endRange=2025-10-14T23:59:59Z&startRange=2025-05-15T09:00:00Z,3.0,292.0,1.0,33.0,<Response [200]>
,,,,,,AMS,,,,,CMN,,,,2025-10-14T23:59:59Z,2025-05-15T09:00:00Z,destination=AMS&origin=CMN&endRange=2025-10-14T23:59:59Z&startRange=2025-05-15T09:00:00Z,3.0,271.0,1.0,33.0,<Response [200]>
,,,,,,CDG,,,,,MSP,,,,2025-10-14T23:59:59Z,2025-05-15T09:00:00Z,destination=CDG&origin=MSP&endRange=2025-10-14T23:59:59Z&startRange=2025-05-15T09:00:00Z,3.0,284.0,1.0,33.0,<Response [200]>
,,,,,,CDG,,,,,MRU,,,,2025-10-14T23:59:59Z,2025-05-15T09:00:00Z,destination=CDG&origin=MRU&endRange=2025-10-14T23:59:59Z&startRange=2025-05-15T09:00:00Z,3.0,267.0,1.0,33.0,<Response [200]>
,,,,,,DOH,,,,,AMS,,,,2025-10-14T23:59:59Z,2025-05-15T09:00:00Z,destination=DOH&origin=AMS&endRange=2025-10-14T23:59:59Z&startRange=2025-05-15T09:00:00Z,3.0,294.0,1.0,33.0,<Response [200]>
,,,,,,MIR,,,,,CDG,,,,2025-10-14T23:59:59Z,2025-05-15T09:00:00Z,destination=MIR&origin=CDG&endRange=2025-10-14T23:59:59Z&startRange=2025-05-15T09:00:00Z,3.0,249.0,1.0,33.0,<Response [200]>
,,,,,,HKG,,,,,AMS,,,,2025-10-14T23:59:59Z,2025-05-15T09:00:00Z,destination=HKG&origin=AMS&endRange=2025-10-14T23:59:59Z&startRange=2025-05-15T09:00:00Z,3.0,284.0,1.0,33.0,<Response [200]>
,,,,,,CDG,,,,,BZV,,,,2025-10-14T23:59:59Z,2025-05-15T09:00:00Z,destination=CDG&origin=BZV&endRange=2025-10-14T23:59:59Z&startRange=2025-05-15T09:00:00Z,3.0,248.0,1.0,33.0,<Response [200]>
,,,,,,BZV,,,,,CDG,,,,2025-10-14T23:59:59Z,2025-05-15T09:00:00Z,destination=BZV&origin=CDG&endRange=2025-10-14T23:59:59Z&startRange=2025-05-15T09:00:00Z,3.0,244.0,1.0,33.0,<Response [200]>
,,,,,,ICN,,,,,AMS,,,,2025-10-14T23:59:59Z,2025-05-15T09:00:00Z,destination=ICN&origin=AMS&endRange=2025-10-14T23:59:59Z&startRange=2025-05-15T09:00:00Z,3.0,282.0,1.0,33.0,<Response [200]>
,,,,,,ORY,,,,,TLM,,,,2025-10-14T23:59:59Z,2025-05-15T09:00:00Z,destination=ORY&origin=TLM&endRange=2025-10-14T23:59:59Z&startRange=2025-05-15T09:00:00Z,3.0,239.0,1.0,33.0,<Response [200]>
,,,,,,LAX,,,,,PPT,,,,2025-10-14T23:59:59Z,2025-05-15T09:00:00Z,destination=LAX&origin=PPT&endRange=2025-10-14T23:59:59Z&startRange=2025-05-15T09:00:00Z,3.0,277.0,1.0,33.0,<Response [200]>
,,,,,,MRU,,,,,CDG,,,,2025-10-14T23:59:59Z,2025-05-15T09:00:00Z,destination=MRU&origin=CDG&endRange=2025-10-14T23:59:59Z&startRange=2025-05-15T09:00:00Z,3.0,267.0,1.0,33.0,<Response [200]>
,,,,,,PPT,,,,,LAX,,,,2025-10-14T23:59:59Z,2025-05-15T09:00:00Z,destination=PPT&origin=LAX&endRange=2025-10-14T23:59:59Z&startRange=2025-05-15T09:00:00Z,3.0,289.0,1.0,33.0,<Response [200]>
,,,,,,TLM,,,,,ORY,,,,2025-10-14T23:59:59Z,2025-05-15T09:00:00Z,destination=TLM&origin=ORY&endRange=2025-10-14T23:59:59Z&startRange=2025-05-15T09:00:00Z,3.0,240.0,1.0,33.0,<Response [200]>
,,,,,,AMS,,,,,DOH,,,,2025-10-14T23:59:59Z,2025-05-15T09:00:00Z,destination=AMS&origin=DOH&endRange=2025-10-14T23:59:59Z&startRange=2025-05-15T09:00:00Z,3.0,292.0,1.0,33.0,<Response [200]>
,,,,,,CDG,,,,,MIA,,,,2025-10-14T23:59:59Z,2025-05-15T09:00:00Z,destination=CDG&origin=MIA&endRange=2025-10-14T23:59:59Z&startRange=2025-05-15T09:00:00Z,3.0,266.0,1.0,33.0,<Response [200]>
,,,,,,ORY,,,,,FEZ,,,,2025-10-14T23:59:59Z,2025-05-15T09:00:00Z,destination=ORY&origin=FEZ&endRange=2025-10-14T23:59:59Z&startRange=2025-05-15T09:00:00Z,3.0,246.0,1.0,33.0,<Response [200]>
,,,,,,NBO,,,,,AMS,,,,2025-10-14T23:59:59Z,2025-05-15T09:00:00Z,destination=NBO&origin=AMS&endRange=2025-10-14T23:59:59Z&startRange=2025-05-15T09:00:00Z,3.0,299.0,1.0,33.0,<Response [200]>
,,,,,,EBB,,,,,KGL,,,,2025-10-14T23:59:59Z,2025-05-15T09:00:00Z,destination=EBB&origin=KGL&endRange=2025-10-14T23:59:59Z&startRange=2025-05-15T09:00:00Z,2.0,167.0,1.0,50.0,<Response [200]>
,,,,,,DAR,,,,,JRO,,,,2025-10-14T23:59:59Z,2025-05-15T09:00:00Z,destination=DAR&origin=JRO&endRange=2025-10-14T23:59:59Z&startRange=2025-05-15T09:00:00Z,2.0,148.0,1.0,50.0,<Response [200]>
,,,,,,AMS,,,,,POS,,,,2025-10-14T23:59:59Z,2025-05-15T09:00:00Z,destination=AMS&origin=POS&endRange=2025-10-14T23:59:59Z&startRange=2025-05-15T09:00:00Z,2.0,111.0,1.0,50.0,<Response [200]>
,,,,,,BZV,,,,,FIH,,,,2025-10-14T23:59:59Z,2025-05-15T09:00:00Z,destination=BZV&origin=FIH&endRange=2025-10-14T23:59:59Z&startRange=2025-05-15T09:00:00Z,2.0,150.0,1.0,50.0,<Response [200]>
,,,,,,UIO,,,,,AMS,,,,2025-10-14T23:59:59Z,2025-05-15T09:00:00Z,destination=UIO&origin=AMS&endRange=2025-10-14T23:59:59Z&startRange=2025-05-15T09:00:00Z,2.0,132.0,1.0,50.0,<Response [200]>
,,,,,,SXM,,,,,AMS,,,,2025-10-14T23:59:59Z,2025-05-15T09:00:00Z,destination=SXM&origin=AMS&endRange=2025-10-14T23:59:59Z&startRange=2025-05-15T09:00:00Z,2.0,147.0,1.0,50.0,<Response [200]>
,,,,,,CDG,,,,,FIH,,,,2025-10-14T23:59:59Z,2025-05-15T09:00:00Z,destination=CDG&origin=FIH&endRange=2025-10-14T23:59:59Z&startRange=2025-05-15T09:00:00Z,2.0,150.0,1.0,50.0,<Response [200]>
,,,,,,BON,,,,,AUA,,,,2025-10-14T23:59:59Z,2025-05-15T09:00:00Z,destination=BON&origin=AUA&endRange=2025-10-14T23:59:59Z&startRange=2025-05-15T09:00:00Z,2.0,153.0,1.0,50.0,<Response [200]>
,,,,,,KGL,,,,,AMS,,,,2025-10-14T23:59:59Z,2025-05-15T09:00:00Z,destination=KGL&origin=AMS&endRange=2025-10-14T23:59:59Z&startRange=2025-05-15T09:00:00Z,2.0,167.0,1.0,50.0,<Response [200]>
,,,,,,AMS,,,,,EBB,,,,2025-10-14T23:59:59Z,2025-05-15T09:00:00Z,destination=AMS&origin=EBB&endRange=2025-10-14T23:59:59Z&startRange=2025-05-15T09:00:00Z,2.0,167.0,1.0,50.0,<Response [200]>
,,,,,,AMS,,,,,CTG,,,,2025-10-14T23:59:59Z,2025-05-15T09:00:00Z,destination=AMS&origin=CTG&endRange=2025-10-14T23:59:59Z&startRange=2025-05-15T09:00:00Z,2.0,153.0,1.0,50.0,<Response [200]>
,,,,,,AMS,,,,,DAR,,,,2025-10-14T23:59:59Z,2025-05-15T09:00:00Z,destination=AMS&origin=DAR&endRange=2025-10-14T23:59:59Z&startRange=2025-05-15T09:00:00Z,2.0,188.0,1.0,50.0,<Response [200]>
,,,,,,CTG,,,,,BOG,,,,2025-10-14T23:59:59Z,2025-05-15T09:00:00Z,destination=CTG&origin=BOG&endRange=2025-10-14T23:59:59Z&startRange=2025-05-15T09:00:00Z,2.0,153.0,1.0,50.0,<Response [200]>
,,,,,,BOG,,,,,AMS,,,,2025-10-14T23:59:59Z,2025-05-15T09:00:00Z,destination=BOG&origin=AMS&endRange=2025-10-14T23:59:59Z&startRange=2025-05-15T09:00:00Z,2.0,152.0,1.0,50.0,<Response [200]>
,,,,,,AUA,,,,,AMS,,,,2025-10-14T23:59:59Z,2025-05-15T09:00:00Z,destination=AUA&origin=AMS&endRange=2025-10-14T23:59:59Z&startRange=2025-05-15T09:00:00Z,2.0,197.0,1.0,50.0,<Response [200]>
,,,,,,POS,,,,,SXM,,,,2025-10-14T23:59:59Z,2025-05-15T09:00:00Z,destination=POS&origin=SXM&endRange=2025-10-14T23:59:59Z&startRange=2025-05-15T09:00:00Z,2.0,110.0,1.0,50.0,<Response [200]>
,,,,,,JRO,,,,,AMS,,,,2025-10-14T23:59:59Z,2025-05-15T09:00:00Z,destination=JRO&origin=AMS&endRange=2025-10-14T23:59:59Z&startRange=2025-05-15T09:00:00Z,2.0,147.0,1.0,50.0,<Response [200]>
,,,,,,GYE,,,,,UIO,,,,2025-10-14T23:59:59Z,2025-05-15T09:00:00Z,destination=GYE&origin=UIO&endRange=2025-10-14T23:59:59Z&startRange=2025-05-15T09:00:00Z,2.0,136.0,1.0,50.0,<Response [200]>
,,,,,,AMS,,,,,GYE,,,,2025-10-14T23:59:59Z,2025-05-15T09:00:00Z,destination=AMS&origin=GYE&endRange=2025-10-14T23:59:59Z&startRange=2025-05-15T09:00:00Z,2.0,133.0,1.0,50.0,<Response [200]>
,,,,,,FIH,,,,,CDG,,,,2025-10-14T23:59:59Z,2025-05-15T09:00:00Z,destination=FIH&origin=CDG&endRange=2025-10-14T23:59:59Z&startRange=2025-05-15T09:00:00Z,2.0,143.0,1.0,50.0,<Response [200]>
,,,,,,FIH,,,,,BZV,,,,2025-10-14T23:59:59Z,2025-05-15T09:00:00Z,destination=FIH&origin=BZV&endRange=2025-10-14T23:59:59Z&startRange=2025-05-15T09:00:00Z,2.0,147.0,1.0,50.0,<Response [200]>
,,,,,,AMS,,,,,DMM,,,,2025-10-14T23:59:59Z,2025-05-15T09:00:00Z,destination=AMS&origin=DMM&endRange=2025-10-14T23:59:59Z&startRange=2025-05-15T09:00:00Z,2.0,146.0,1.0,50.0,<Response [200]>
,,,,,,RUH,,,,,AMS,,,,2025-10-14T23:59:59Z,2025-05-15T09:00:00Z,destination=RUH&origin=AMS&endRange=2025-10-14T23:59:59Z&startRange=2025-05-15T09:00:00Z,2.0,146.0,1.0,50.0,<Response [200]>
,,,,,,TOS,,,,,BOO,,,,2025-10-14T23:59:59Z,2025-05-15T09:00:00Z,destination=TOS&origin=BOO&endRange=2025-10-14T23:59:59Z&startRange=2025-05-15T09:00:00Z,1.0,88.0,1.0,100.0,<Response [200]>
,,,,,,KGL,,,,,CDG,,,,2025-10-14T23:59:59Z,2025-05-15T09:00:00Z,destination=KGL&origin=CDG&endRange=2025-10-14T23:59:59Z&startRange=2025-05-15T09:00:00Z,1.0,69.0,1.0,100.0,<Response [200]>
